Log file: /home/cx/robot_deploy/log/2026-07-22_15-19-25.txt
Loaded ONNX policy: /home/cx/mjlab-recovered/logs/rsl_rl/custom_biped_velocity_nolinvel/2026-07-20_17-02-11/2026-07-20_17-02-11.onnx
  input=obs[1,65] output=actions[1,6]
  velocity_command=[0.1, 0.0, 0.0]
  startup=move 4s + hold 1s
Connected to /dev/ttyACM0 at 921600 baud; loop rate 200 Hz.
joint_pos=[-2.2320001125335693, 0.0, -18.0, 0.035999998450279236, -0.0, -12.959999084472656] joint_vel=[-0.0, 0.0, 0.0, 0.0, 0.18000000715255737, 0.18000000715255737] imu_ang_vel=[0.0, 0.0, 0.0] imu_quat_wxyz=[0.9261605739593506, 0.013989805243909359, 0.04022008925676346, 0.3747175931930542]
ONNX startup: moving from measured joint positions to [10.0, -20.0, 10.0, 10.0, -20.0, 10.0] deg over 4 s.
joint_pos=[-2.2320001125335693, 0.0, -18.0, 0.035999998450279236, -0.0, -12.959999084472656] joint_vel=[-0.0, 0.0, 0.0, 0.18000000715255737, 0.18000000715255737, 0.18000000715255737] imu_ang_vel=[0.0, 0.0, 0.0] imu_quat_wxyz=[0.9261689782142639, 0.014002720825374126, 0.04017985984683037, 0.3747003376483917]
joint_pos=[-2.2320001125335693, 0.0, -18.0, 0.035999998450279236, -0.0, -12.959999084472656] joint_vel=[-0.0, 0.0, 0.0, -0.18000000715255737, -0.0, -0.27000001072883606] imu_ang_vel=[0.0, 0.0, 0.0] imu_quat_wxyz=[0.9261689782142639, 0.014002720825374126, 0.04017985984683037, 0.3747003376483917]
joint_pos=[-2.2320001125335693, 0.0, -18.0, 0.035999998450279236, -0.0, -12.959999084472656] joint_vel=[-0.0, -0.09000000357627869, 0.0, 0.09000000357627869, -0.18000000715255737, 0.09000000357627869] imu_ang_vel=[0.011718266643583775, 0.012783562764525414, 0.0] imu_quat_wxyz=[0.9261749982833862, 0.014088026247918606, 0.04027306288480759, 0.3746722936630249]
joint_pos=[-2.19599986076355, 0.0, -17.963998794555664, 0.035999998450279236, -0.0, -12.959999084472656] joint_vel=[0.36000001430511475, 0.0, 0.0, 0.0, -0.0, -0.0] imu_ang_vel=[0.011718266643583775, 0.012783562764525414, 0.0] imu_quat_wxyz=[0.9261749982833862, 0.014088026247918606, 0.04027306288480759, 0.3746722936630249]
joint_pos=[-2.19599986076355, 0.0, -17.963998794555664, 0.035999998450279236, -0.0, -12.959999084472656] joint_vel=[-0.36000001430511475, 0.0, -0.09000000357627869, 0.0, -0.0, -0.09000000357627869] imu_ang_vel=[0.0, -0.017044750973582268, 0.0] imu_quat_wxyz=[0.9262852072715759, 0.014138211496174335, 0.04046401008963585, 0.374377578496933]
joint_pos=[-2.19599986076355, 0.0, -17.963998794555664, 0.035999998450279236, -0.0, -12.959999084472656] joint_vel=[0.09000000357627869, 0.18000000715255737, 0.0, 0.0, -0.0, -0.0] imu_ang_vel=[0.0, -0.017044750973582268, 0.0] imu_quat_wxyz=[0.9262852072715759, 0.014138211496174335, 0.04046401008963585, 0.374377578496933]
joint_pos=[-2.19599986076355, 0.0, -17.963998794555664, 0.035999998450279236, -0.0, -12.959999084472656] joint_vel=[0.18000000715255737, 0.18000000715255737, -0.09000000357627869, 0.0, -0.09000000357627869, -0.0] imu_ang_vel=[0.0, 0.0, 0.0] imu_quat_wxyz=[0.9264661073684692, 0.013959398493170738, 0.04035390913486481, 0.37394821643829346]
joint_pos=[-2.19599986076355, 0.0, -17.92799949645996, 0.035999998450279236, -0.0, -12.959999084472656] joint_vel=[-0.0, -0.09000000357627869, 0.44999998807907104, 0.0, 0.09000000357627869, -0.0] imu_ang_vel=[0.0, 0.0, 0.0] imu_quat_wxyz=[0.9264661073684692, 0.013959398493170738, 0.04035390913486481, 0.37394821643829346]
joint_pos=[-2.19599986076355, 0.0, -17.92799949645996, 0.035999998450279236, -0.0, -12.959999084472656] joint_vel=[-0.0, 0.0, 0.0, 0.0, -0.09000000357627869, -0.18000000715255737] imu_ang_vel=[0.0, 0.0, 0.0] imu_quat_wxyz=[0.92665034532547, 0.01380571722984314, 0.040137436240911484, 0.37352022528648376]
joint_pos=[-2.19599986076355, 0.0, -17.92799949645996, 0.035999998450279236, -0.0, -12.923999786376953] joint_vel=[0.44999998807907104, 0.0, 0.09000000357627869, 0.0, 0.18000000715255737, 0.09000000357627869] imu_ang_vel=[0.0, 0.0, 0.0] imu_quat_wxyz=[0.92665034532547, 0.01380571722984314, 0.040137436240911484, 0.37352022528648376]
joint_pos=[-2.19599986076355, 0.0, -17.892000198364258, 0.035999998450279236, -0.035999998450279236, -12.923999786376953] joint_vel=[-0.18000000715255737, 0.27000001072883606, 3.509999990463257, -0.09000000357627869, -0.0, -0.0] imu_ang_vel=[0.0, 0.0, 0.0] imu_quat_wxyz=[0.9268453121185303, 0.013836503028869629, 0.04022805020213127, 0.3730253279209137]
joint_pos=[-2.19599986076355, -0.035999998450279236, -17.892000198364258, 0.035999998450279236, -0.035999998450279236, -12.923999786376953] joint_vel=[-0.0, -0.18000000715255737, -2.700000047683716, 0.0, -0.0, -0.09000000357627869] imu_ang_vel=[0.0, 0.0, 0.0] imu_quat_wxyz=[0.9268453121185303, 0.013836503028869629, 0.04022805020213127, 0.3730253279209137]
joint_pos=[-2.1600000858306885, -0.035999998450279236, -17.81999969482422, 0.035999998450279236, -0.035999998450279236, -12.887999534606934] joint_vel=[-8.819999694824219, 0.0, 0.36000001430511475, -0.18000000715255737, 0.09000000357627869, -4.680000305175781] imu_ang_vel=[0.0, 0.0, 0.0] imu_quat_wxyz=[0.927082896232605, 0.013842490501701832, 0.040481727570295334, 0.37240687012672424]
joint_pos=[-2.1600000858306885, -0.07199999690055847, -17.81999969482422, 0.07199999690055847, -0.07199999690055847, -12.85200023651123] joint_vel=[-4.409999847412109, 2.7899999618530273, 0.0, -2.609999895095825, -0.7200000286102295, 0.6299999952316284] imu_ang_vel=[0.0, 0.0, 0.0] imu_quat_wxyz=[0.927082896232605, 0.013842490501701832, 0.040481727570295334, 0.37240687012672424]
joint_pos=[-2.124000072479248, -0.07199999690055847, -17.784000396728516, 0.07199999690055847, -0.07199999690055847, -12.815999984741211] joint_vel=[0.36000001430511475, -0.09000000357627869, 0.0, 0.09000000357627869, 6.659999847412109, 0.09000000357627869] imu_ang_vel=[0.0, 0.0, 0.0] imu_quat_wxyz=[0.9273952841758728, 0.013959678821265697, 0.04077795520424843, 0.3715916574001312]
joint_pos=[-2.0880000591278076, -0.1080000028014183, -17.711999893188477, 0.07199999690055847, -0.1080000028014183, -12.815999984741211] joint_vel=[0.44999998807907104, -0.5400000214576721, 2.069999933242798, -3.06000018119812, -1.350000023841858, -0.0] imu_ang_vel=[0.0, 0.0, 0.0] imu_quat_wxyz=[0.9273952841758728, 0.013959678821265697, 0.04077795520424843, 0.3715916574001312]
joint_pos=[-2.0880000591278076, -0.1080000028014183, -17.676000595092773, 0.07199999690055847, -0.1080000028014183, -12.780000686645508] joint_vel=[-0.0, 0.18000000715255737, 0.0, -0.36000001430511475, -0.0, 0.09000000357627869] imu_ang_vel=[0.0, 0.017044750973582268, 0.013848859816789627] imu_quat_wxyz=[0.927855908870697, 0.013847815804183483, 0.04096986725926399, 0.3704228699207306]
joint_pos=[-2.0880000591278076, -0.14399999380111694, -17.5679988861084, 0.1080000028014183, -0.14399999380111694, -12.708000183105469] joint_vel=[-0.0, 0.0, -0.44999998807907104, 0.27000001072883606, 0.5400000214576721, 0.36000001430511475] imu_ang_vel=[0.0, 0.017044750973582268, 0.013848859816789627] imu_quat_wxyz=[0.927855908870697, 0.013847815804183483, 0.04096986725926399, 0.3704228699207306]
joint_pos=[-2.052000045776367, -0.2160000056028366, -17.531999588012695, 0.14399999380111694, -0.2160000056028366, -12.67199993133545] joint_vel=[0.27000001072883606, -3.239999771118164, 0.9900000095367432, 0.0, 0.27000001072883606, 0.44999998807907104] imu_ang_vel=[0.0, -0.013848859816789627, 0.013848859816789627] imu_quat_wxyz=[0.928476870059967, 0.013540881685912609, 0.04133947938680649, 0.3688338100910187]
joint_pos=[-2.052000045776367, -0.25200000405311584, -17.496000289916992, 0.14399999380111694, -0.25200000405311584, -12.600000381469727] joint_vel=[-0.0, -0.5400000214576721, 0.09000000357627869, -0.6299999952316284, 1.350000023841858, -1.1700000762939453] imu_ang_vel=[0.0, -0.013848859816789627, 0.013848859816789627] imu_quat_wxyz=[0.928476870059967, 0.013540881685912609, 0.04133947938680649, 0.3688338100910187]
joint_pos=[-1.9800000190734863, -0.2879999876022339, -17.423999786376953, 0.18000000715255737, -0.2879999876022339, -12.56399917602539] joint_vel=[-0.809999942779541, -0.27000001072883606, 0.0, 0.44999998807907104, -0.0, 1.2599999904632568] imu_ang_vel=[0.0, 0.0, 0.0] imu_quat_wxyz=[0.9292494654655457, 0.01325217355042696, 0.04174250364303589, 0.3668476641178131]
joint_pos=[-1.9800000190734863, -0.36000001430511475, -17.351999282836914, 0.18000000715255737, -0.36000001430511475, -12.527999877929688] joint_vel=[0.44999998807907104, -3.3299999237060547, 0.18000000715255737, 0.7200000286102295, -0.27000001072883606, 0.09000000357627869] imu_ang_vel=[0.0, 0.0, 0.0] imu_quat_wxyz=[0.9292494654655457, 0.01325217355042696, 0.04174250364303589, 0.3668476641178131]
joint_pos=[-1.944000005722046, -0.4320000112056732, -17.280000686645508, 0.18000000715255737, -0.4320000112056732, -12.456000328063965] joint_vel=[0.7200000286102295, -0.18000000715255737, 0.9900000095367432, 0.0, -0.5400000214576721, 9.720000267028809] imu_ang_vel=[0.010652969591319561, 0.0, -0.01491415686905384] imu_quat_wxyz=[0.9302113056182861, 0.012829937040805817, 0.041868943721055984, 0.3644025921821594]
joint_pos=[-1.944000005722046, -0.46799999475479126, -17.20800018310547, 0.2160000056028366, -0.4320000112056732, -12.456000328063965] joint_vel=[0.27000001072883606, 0.0, 0.7200000286102295, -11.25, 0.18000000715255737, 4.5] imu_ang_vel=[0.010652969591319561, 0.0, -0.01491415686905384] imu_quat_wxyz=[0.9302113056182861, 0.012829937040805817, 0.041868943721055984, 0.3644025921821594]
joint_pos=[-1.9079999923706055, -0.5400000214576721, -17.13599967956543, 0.25200000405311584, -0.5400000214576721, -12.420000076293945] joint_vel=[0.09000000357627869, -0.36000001430511475, 0.36000001430511475, -0.27000001072883606, -8.010000228881836, -0.09000000357627869] imu_ang_vel=[0.012783562764525414, 0.0, 0.0] imu_quat_wxyz=[0.9312471151351929, 0.012518455274403095, 0.042098384350538254, 0.3617316782474518]
joint_pos=[-1.871999979019165, -0.5759999752044678, -17.064001083374023, 0.25200000405311584, -0.5759999752044678, -12.347999572753906] joint_vel=[-6.479999542236328, 0.0, -0.5400000214576721, 0.0, -0.18000000715255737, 1.0800000429153442] imu_ang_vel=[0.012783562764525414, 0.0, 0.0] imu_quat_wxyz=[0.9312471151351929, 0.012518455274403095, 0.042098384350538254, 0.3617316782474518]
joint_pos=[-1.8360000848770142, -0.6480000019073486, -16.95599937438965, 0.2879999876022339, -0.6119999885559082, -12.276000022888184] joint_vel=[0.6299999952316284, -2.430000066757202, 0.809999942779541, -0.36000001430511475, 0.18000000715255737, 2.25] imu_ang_vel=[0.0, 0.015979453921318054, 0.015979453921318054] imu_quat_wxyz=[0.9323028922080994, 0.011990176513791084, 0.0424848273396492, 0.35897406935691833]
joint_pos=[-1.7999999523162842, -0.7200000286102295, -16.884000778198242, 0.3240000009536743, -0.7200000286102295, -12.204000473022461] joint_vel=[0.18000000715255737, -0.27000001072883606, -6.659999847412109, 0.0, -3.3299999237060547, 1.8899999856948853] imu_ang_vel=[0.0, 0.015979453921318054, 0.015979453921318054] imu_quat_wxyz=[0.9323028922080994, 0.011990176513791084, 0.0424848273396492, 0.35897406935691833]
joint_pos=[-1.7640000581741333, -0.828000009059906, -16.775999069213867, 0.36000001430511475, -0.7559999823570251, -12.095999717712402] joint_vel=[0.18000000715255737, -4.320000171661377, 0.0, -10.170000076293945, 0.44999998807907104, 1.1700000762939453] imu_ang_vel=[0.0, 0.0, 0.0] imu_quat_wxyz=[0.9333780407905579, 0.01174186635762453, 0.043122049421072006, 0.3561010956764221]
joint_pos=[-1.6920000314712524, -0.8640000224113464, -16.668001174926758, 0.3959999978542328, -0.8640000224113464, -11.988000869750977] joint_vel=[-0.5400000214576721, 0.0, 0.5400000214576721, 0.36000001430511475, -0.9900000095367432, 14.850000381469727] imu_ang_vel=[0.0, 0.0, 0.0] imu_quat_wxyz=[0.9333780407905579, 0.01174186635762453, 0.043122049421072006, 0.3561010956764221]
joint_pos=[-1.6920000314712524, -0.9359999895095825, -16.59600067138672, 0.4320000112056732, -0.9359999895095825, -11.95199966430664] joint_vel=[-0.0, -1.7999999523162842, -3.690000057220459, 0.6299999952316284, -0.9900000095367432, -0.0] imu_ang_vel=[0.0, 0.027697719633579254, 0.0] imu_quat_wxyz=[0.9346950650215149, 0.011063906364142895, 0.04389680176973343, 0.35255590081214905]
joint_pos=[-1.619999885559082, -1.0080000162124634, -16.488000869750977, 0.46799999475479126, -1.0080000162124634, -11.880000114440918] joint_vel=[0.44999998807907104, 0.27000001072883606, 0.0, 0.27000001072883606, -0.44999998807907104, -1.0800000429153442] imu_ang_vel=[0.0, 0.027697719633579254, 0.0] imu_quat_wxyz=[0.9346950650215149, 0.011063906364142895, 0.04389680176973343, 0.35255590081214905]
joint_pos=[-1.5839999914169312, -1.0800000429153442, -16.3799991607666, 0.46799999475479126, -1.0800000429153442, -11.807999610900879] joint_vel=[-9.989999771118164, 6.03000020980835, 0.5400000214576721, -11.789999961853027, -4.949999809265137, 0.6299999952316284] imu_ang_vel=[0.0, 0.0, 0.013848859816789627] imu_quat_wxyz=[0.9362682700157166, 0.009926934726536274, 0.04469718411564827, 0.3482891619205475]
joint_pos=[-1.5480000972747803, -1.1160000562667847, -16.272001266479492, 0.5400000214576721, -1.1519999504089355, -11.736000061035156] joint_vel=[0.18000000715255737, 0.6299999952316284, 5.309999942779541, 0.7200000286102295, -0.5400000214576721, 3.5999999046325684] imu_ang_vel=[0.0, 0.0, 0.013848859816789627] imu_quat_wxyz=[0.9362682700157166, 0.009926934726536274, 0.04469718411564827, 0.3482891619205475]
joint_pos=[-1.4759999513626099, -1.2239999771118164, -16.128000259399414, 0.5759999752044678, -1.2960000038146973, -11.627999305725098] joint_vel=[-0.0, -1.2599999904632568, 0.9900000095367432, 0.27000001072883606, -5.21999979019165, 0.7200000286102295] imu_ang_vel=[0.01811004802584648, 0.022371236234903336, 0.025567125529050827] imu_quat_wxyz=[0.9379057884216309, 0.008418581448495388, 0.04566556587815285, 0.34376800060272217]
joint_pos=[-1.440000057220459, -1.3320000171661377, -15.983999252319336, 0.6119999885559082, -1.3320000171661377, -11.555999755859375] joint_vel=[-6.659999847412109, -0.18000000715255737, 0.18000000715255737, 0.44999998807907104, -0.0, 0.8999999761581421] imu_ang_vel=[0.01811004802584648, 0.022371236234903336, 0.025567125529050827] imu_quat_wxyz=[0.9379057884216309, 0.008418581448495388, 0.04566556587815285, 0.34376800060272217]
joint_pos=[-1.3680000305175781, -1.403999924659729, -15.84000015258789, 0.6480000019073486, -1.440000057220459, -11.411999702453613] joint_vel=[0.809999942779541, -0.36000001430511475, 3.239999771118164, -2.9700000286102295, -1.1700000762939453, 8.550000190734863] imu_ang_vel=[0.010652969591319561, 0.02024064213037491, 0.02024064213037491] imu_quat_wxyz=[0.9396884441375732, 0.0069529046304523945, 0.04651988670229912, 0.33878201246261597]
joint_pos=[-1.3320000171661377, -1.5119999647140503, -15.84000015258789, 0.7200000286102295, -1.4759999513626099, -11.375999450683594] joint_vel=[-0.0, -12.959999084472656, 0.18000000715255737, 0.8999999761581421, -0.18000000715255737, 0.5400000214576721] imu_ang_vel=[0.010652969591319561, 0.02024064213037491, 0.02024064213037491] imu_quat_wxyz=[0.9396884441375732, 0.0069529046304523945, 0.04651988670229912, 0.33878201246261597]
joint_pos=[-1.3320000171661377, -1.5480000972747803, -15.696000099182129, 0.7559999823570251, -1.5480000972747803, -11.268000602722168] joint_vel=[-0.18000000715255737, -0.8999999761581421, 8.279999732971191, 0.0, -0.0, 1.1700000762939453] imu_ang_vel=[0.021305939182639122, 0.028763016685843468, 0.01811004802584648] imu_quat_wxyz=[0.9415809512138367, 0.005379145499318838, 0.04696940258145332, 0.33345189690589905]
joint_pos=[-1.2599999904632568, -1.656000018119812, -15.552000045776367, 0.7919999957084656, -1.656000018119812, -11.15999984741211] joint_vel=[0.6299999952316284, -8.730000495910645, 5.130000114440918, 0.7200000286102295, -8.100000381469727, 1.7999999523162842] imu_ang_vel=[0.021305939182639122, 0.028763016685843468, 0.01811004802584648] imu_quat_wxyz=[0.9415809512138367, 0.005379145499318838, 0.04696940258145332, 0.33345189690589905]
joint_pos=[-1.2239999771118164, -1.6920000314712524, -15.408000946044922, 0.7919999957084656, -1.7280000448226929, -11.052000045776367] joint_vel=[-0.36000001430511475, 0.44999998807907104, 4.5, -5.490000247955322, -0.44999998807907104, 0.44999998807907104] imu_ang_vel=[0.0, 0.06178722158074379, 0.03195890784263611] imu_quat_wxyz=[0.9434055089950562, 0.0035769790410995483, 0.047763675451278687, 0.32816430926322937]
joint_pos=[-1.1160000562667847, -1.7999999523162842, -15.300000190734863, 0.8999999761581421, -1.8360000848770142, -10.980000495910645] joint_vel=[2.7899999618530273, -1.2599999904632568, 6.750000476837158, 0.27000001072883606, -0.5400000214576721, 0.5400000214576721] imu_ang_vel=[0.0, 0.06178722158074379, 0.03195890784263611] imu_quat_wxyz=[0.9434055089950562, 0.0035769790410995483, 0.047763675451278687, 0.32816430926322937]
joint_pos=[-1.0800000429153442, -1.944000005722046, -15.119999885559082, 0.9359999895095825, -1.9800000190734863, -10.835999488830566] joint_vel=[0.27000001072883606, -4.139999866485596, 3.419999837875366, 0.6299999952316284, -7.829999923706055, 3.870000123977661] imu_ang_vel=[0.0, 0.010652969591319561, 0.019175345078110695] imu_quat_wxyz=[0.9451830983161926, 0.0015303890686482191, 0.049016598612070084, 0.3228375017642975]
joint_pos=[-1.0440000295639038, -2.0880000591278076, -15.012001037597656, 0.972000002861023, -2.052000045776367, -10.727999687194824] joint_vel=[-0.18000000715255737, -5.490000247955322, 3.5999999046325684, -0.18000000715255737, -0.8999999761581421, 5.490000247955322] imu_ang_vel=[0.0, 0.010652969591319561, 0.019175345078110695] imu_quat_wxyz=[0.9451830983161926, 0.0015303890686482191, 0.049016598612070084, 0.3228375017642975]
joint_pos=[-0.972000002861023, -2.124000072479248, -14.832000732421875, 1.0080000162124634, -2.124000072479248, -10.619999885559082] joint_vel=[0.809999942779541, -0.5400000214576721, 8.460000038146973, 0.7200000286102295, 0.6299999952316284, 1.1700000762939453] imu_ang_vel=[0.0, 0.04048128426074982, 0.04474247246980667] imu_quat_wxyz=[0.9469693899154663, -0.000779674737714231, 0.05015146732330322, 0.3173849284648895]
joint_pos=[-0.8999999761581421, -2.2320001125335693, -14.723999977111816, 1.0440000295639038, -2.2679998874664307, -10.54800033569336] joint_vel=[-0.0, -3.239999771118164, 7.740000247955322, 1.53000009059906, -11.430000305175781, 1.619999885559082] imu_ang_vel=[0.0, 0.04048128426074982, 0.04474247246980667] imu_quat_wxyz=[0.9469693899154663, -0.000779674737714231, 0.05015146732330322, 0.3173849284648895]
joint_pos=[-0.828000009059906, -2.3400001525878906, -14.543999671936035, 1.1160000562667847, -2.3400001525878906, -10.403999328613281] joint_vel=[0.5400000214576721, -1.8899999856948853, 3.7799999713897705, 0.0, 0.18000000715255737, 0.9900000095367432] imu_ang_vel=[0.0, 0.019175345078110695, 0.02343653328716755] imu_quat_wxyz=[0.9487274885177612, -0.0034392669331282377, 0.05111243203282356, 0.3119163513183594]
joint_pos=[-0.7919999957084656, -2.447999954223633, -14.435999870300293, 1.1519999504089355, -2.447999954223633, -10.260000228881836] joint_vel=[-0.36000001430511475, -0.5400000214576721, 0.09000000357627869, -0.36000001430511475, -0.27000001072883606, 1.350000023841858] imu_ang_vel=[0.0, 0.019175345078110695, 0.02343653328716755] imu_quat_wxyz=[0.9487274885177612, -0.0034392669331282377, 0.05111243203282356, 0.3119163513183594]
joint_pos=[-0.7200000286102295, -2.555999994277954, -14.292000770568848, 1.2239999771118164, -2.555999994277954, -10.152000427246094] joint_vel=[5.760000228881836, -0.09000000357627869, 7.740000247955322, 3.3299999237060547, -6.390000343322754, 5.849999904632568] imu_ang_vel=[0.0, 0.0, 0.03728539124131203] imu_quat_wxyz=[0.9505254626274109, -0.006462833844125271, 0.052456047385931015, 0.3061174750328064]
joint_pos=[-0.6840000152587891, -2.6640000343322754, -14.07599925994873, 1.2599999904632568, -2.6640000343322754, -10.007999420166016] joint_vel=[0.09000000357627869, -5.760000228881836, 0.6299999952316284, 0.6299999952316284, -2.430000066757202, 2.700000047683716] imu_ang_vel=[0.0, 0.0, 0.03728539124131203] imu_quat_wxyz=[0.9505254626274109, -0.006462833844125271, 0.052456047385931015, 0.3061174750328064]
joint_pos=[-0.6480000019073486, -2.700000047683716, -14.003999710083008, 1.2960000038146973, -2.7360000610351562, -9.935999870300293] joint_vel=[-0.6299999952316284, 0.27000001072883606, 2.700000047683716, -0.27000001072883606, -0.27000001072883606, -0.0] imu_ang_vel=[0.022371236234903336, 0.07137489318847656, 0.02663242258131504] imu_quat_wxyz=[0.952339231967926, -0.009490083903074265, 0.053325455635786057, 0.300193727016449]
joint_pos=[-0.5400000214576721, -2.807999849319458, -13.859999656677246, 1.3320000171661377, -2.8439998626708984, -9.82800006866455] joint_vel=[2.430000066757202, -0.9900000095367432, 7.199999809265137, 1.1700000762939453, -1.350000023841858, 0.809999942779541] imu_ang_vel=[0.022371236234903336, 0.07137489318847656, 0.02663242258131504] imu_quat_wxyz=[0.952339231967926, -0.009490083903074265, 0.053325455635786057, 0.300193727016449]
joint_pos=[-0.5040000081062317, -2.9519999027252197, -13.7160005569458, 1.403999924659729, -2.98799991607666, -9.684000015258789] joint_vel=[-0.0, -2.25, 8.010000228881836, 0.5400000214576721, -3.9600000381469727, 1.7999999523162842] imu_ang_vel=[0.049003660678863525, 0.03195890784263611, 0.04793836176395416] imu_quat_wxyz=[0.9541282057762146, -0.01273913774639368, 0.05421340465545654, 0.294173002243042]
joint_pos=[-0.3959999978542328, -3.0960001945495605, -13.572000503540039, 1.4759999513626099, -3.131999969482422, -9.539999961853027] joint_vel=[1.2599999904632568, 0.0, 1.0800000429153442, 0.5400000214576721, -9.720000267028809, 1.0800000429153442] imu_ang_vel=[0.049003660678863525, 0.03195890784263611, 0.04793836176395416] imu_quat_wxyz=[0.9541282057762146, -0.01273913774639368, 0.05421340465545654, 0.294173002243042]
joint_pos=[-0.36000001430511475, -3.2039999961853027, -13.392000198364258, 1.5480000972747803, -3.2039999961853027, -9.432000160217285] joint_vel=[-0.36000001430511475, -8.369999885559082, 0.27000001072883606, -4.050000190734863, -0.0, 1.619999885559082] imu_ang_vel=[0.015979453921318054, 0.0, 0.04154657945036888] imu_quat_wxyz=[0.9558413624763489, -0.01603263057768345, 0.05506255105137825, 0.28823310136795044]
joint_pos=[-0.2879999876022339, -3.312000036239624, -13.211999893188477, 1.5480000972747803, -3.312000036239624, -9.288000106811523] joint_vel=[-8.100000381469727, -0.18000000715255737, 0.27000001072883606, 0.09000000357627869, -0.5400000214576721, 0.6299999952316284] imu_ang_vel=[0.015979453921318054, 0.0, 0.04154657945036888] imu_quat_wxyz=[0.9558413624763489, -0.01603263057768345, 0.05506255105137825, 0.28823310136795044]
joint_pos=[-0.25200000405311584, -3.4560000896453857, -13.067999839782715, 1.619999885559082, -3.4560000896453857, -9.144000053405762] joint_vel=[-0.0, -0.09000000357627869, -0.6299999952316284, 0.7200000286102295, -0.44999998807907104, 0.809999942779541] imu_ang_vel=[0.0, 0.05326484516263008, 0.06711370497941971] imu_quat_wxyz=[0.957306981086731, -0.020344462245702744, 0.05561649799346924, 0.28294193744659424]
joint_pos=[-0.18000000715255737, -3.5280001163482666, -12.923999786376953, 1.6920000314712524, -3.563999891281128, -9.0] joint_vel=[-0.809999942779541, -0.8999999761581421, 0.18000000715255737, 0.8999999761581421, -0.0, 8.1899995803833] imu_ang_vel=[0.0, 0.05326484516263008, 0.06711370497941971] imu_quat_wxyz=[0.957306981086731, -0.020344462245702744, 0.05561649799346924, 0.28294193744659424]
joint_pos=[-0.1080000028014183, -3.6720001697540283, -12.780000686645508, 1.7280000448226929, -3.7080001831054688, -8.892000198364258] joint_vel=[-0.0, 0.5400000214576721, 1.440000057220459, -0.6299999952316284, -0.6299999952316284, -1.53000009059906] imu_ang_vel=[0.03835069015622139, 0.07670138031244278, 0.039415985345840454] imu_quat_wxyz=[0.957306981086731, -0.020344462245702744, 0.05561649799346924, 0.28294193744659424]
joint_pos=[-0.0, -3.815999984741211, -12.56399917602539, 1.7999999523162842, -3.8520002365112305, -8.748000144958496] joint_vel=[0.809999942779541, -7.740000247955322, 3.5999999046325684, -7.289999961853027, -6.210000038146973, -5.579999923706055] imu_ang_vel=[0.03835069015622139, 0.07670138031244278, 0.039415985345840454] imu_quat_wxyz=[0.9587567448616028, -0.025009334087371826, 0.0557219460606575, 0.2775877118110657]
joint_pos=[-0.0, -3.9600000381469727, -12.384000778198242, 1.871999979019165, -3.995999813079834, -8.567999839782715] joint_vel=[-0.09000000357627869, -0.7200000286102295, 0.44999998807907104, 0.36000001430511475, -1.1700000762939453, -0.7200000286102295] imu_ang_vel=[0.012783562764525414, 0.028763016685843468, 0.0] imu_quat_wxyz=[0.9587567448616028, -0.025009334087371826, 0.0557219460606575, 0.2775877118110657]
joint_pos=[0.035999998450279236, -4.0320000648498535, -12.276000022888184, 1.9079999923706055, -4.068000316619873, -8.496000289916992] joint_vel=[-0.18000000715255737, -0.8999999761581421, 4.409999847412109, -0.7200000286102295, 0.5400000214576721, 0.6299999952316284] imu_ang_vel=[0.012783562764525414, 0.028763016685843468, 0.0] imu_quat_wxyz=[0.9601359963417053, -0.029376503080129623, 0.05619386211037636, 0.272246390581131]
joint_pos=[0.1080000028014183, -4.139999866485596, -12.095999717712402, 1.9800000190734863, -4.139999866485596, -8.387999534606934] joint_vel=[0.18000000715255737, 0.09000000357627869, 0.36000001430511475, 0.8999999761581421, -0.0, 0.7200000286102295] imu_ang_vel=[0.04154657945036888, 0.06285251677036285, 0.0] imu_quat_wxyz=[0.9601359963417053, -0.029376503080129623, 0.05619386211037636, 0.272246390581131]
joint_pos=[0.18000000715255737, -4.248000144958496, -11.916000366210938, 2.052000045776367, -4.283999919891357, -8.244000434875488] joint_vel=[0.18000000715255737, 0.18000000715255737, -0.36000001430511475, 0.0, -0.5400000214576721, 1.1700000762939453] imu_ang_vel=[0.04154657945036888, 0.06285251677036285, 0.0] imu_quat_wxyz=[0.9614882469177246, -0.03387623280286789, 0.05571227893233299, 0.26699963212013245]
joint_pos=[0.25200000405311584, -4.3919997215271, -11.77199935913086, 2.0880000591278076, -4.427999973297119, -8.100000381469727] joint_vel=[0.6299999952316284, -0.09000000357627869, 0.36000001430511475, -4.590000152587891, -0.36000001430511475, 1.53000009059906] imu_ang_vel=[0.05539543926715851, 0.04474247246980667, 0.02343653328716755] imu_quat_wxyz=[0.9614882469177246, -0.03387623280286789, 0.05571227893233299, 0.26699963212013245]
joint_pos=[0.3240000009536743, -4.535999774932861, -11.555999755859375, 2.1600000858306885, -4.572000026702881, -7.955999851226807] joint_vel=[-0.0, 0.09000000357627869, 0.7200000286102295, 0.5400000214576721, 0.09000000357627869, 0.8999999761581421] imu_ang_vel=[0.05539543926715851, 0.04474247246980667, 0.02343653328716755] imu_quat_wxyz=[0.9627150893211365, -0.038194965571165085, 0.05484224110841751, 0.26213201880455017]
joint_pos=[0.4320000112056732, -4.680000305175781, -11.34000015258789, 2.19599986076355, -4.680000305175781, -7.812000274658203] joint_vel=[-0.0, -5.490000247955322, 0.0, -12.24000072479248, -4.230000019073486, 1.709999918937683] imu_ang_vel=[0.034089501947164536, 0.05326484516263008, 0.034089501947164536] imu_quat_wxyz=[0.9627150893211365, -0.038194965571165085, 0.05484224110841751, 0.26213201880455017]
joint_pos=[0.5400000214576721, -4.823999881744385, -11.196000099182129, 2.303999900817871, -4.823999881744385, -7.667999744415283] joint_vel=[0.44999998807907104, -0.44999998807907104, 0.8999999761581421, 0.6299999952316284, -9.720000267028809, 1.2599999904632568] imu_ang_vel=[0.034089501947164536, 0.05326484516263008, 0.034089501947164536] imu_quat_wxyz=[0.963882565498352, -0.04344014823436737, 0.05260854586958885, 0.2574406564235687]
joint_pos=[0.5759999752044678, -4.9679999351501465, -10.980000495910645, 2.375999927520752, -4.9679999351501465, -7.52400016784668] joint_vel=[-0.809999942779541, -0.9900000095367432, 0.44999998807907104, -3.419999837875366, -3.9600000381469727, 1.53000009059906] imu_ang_vel=[0.04793836176395416, 0.045807767659425735, 0.011718266643583775] imu_quat_wxyz=[0.963882565498352, -0.04344014823436737, 0.05260854586958885, 0.2574406564235687]
joint_pos=[0.6480000019073486, -5.111999988555908, -10.763999938964844, 2.447999954223633, -5.111999988555908, -7.344000339508057] joint_vel=[-2.9700000286102295, 0.44999998807907104, -0.09000000357627869, 0.8999999761581421, -9.180000305175781, 1.440000057220459] imu_ang_vel=[0.04793836176395416, 0.045807767659425735, 0.011718266643583775] imu_quat_wxyz=[0.9650058150291443, -0.049167051911354065, 0.04875381290912628, 0.2529217600822449]
joint_pos=[0.7559999823570251, -5.21999979019165, -10.619999885559082, 2.5199999809265137, -5.25600004196167, -7.199999809265137] joint_vel=[-0.6299999952316284, 0.0, 2.7899999618530273, -1.440000057220459, -6.839999675750732, 2.430000066757202] imu_ang_vel=[-0.23330003023147583, 0.0, 0.0] imu_quat_wxyz=[0.9650058150291443, -0.049167051911354065, 0.04875381290912628, 0.2529217600822449]
joint_pos=[0.828000009059906, -5.400000095367432, -10.403999328613281, 2.5920000076293945, -5.400000095367432, -7.019999980926514] joint_vel=[0.44999998807907104, -0.18000000715255737, 0.44999998807907104, 0.7200000286102295, -1.2599999904632568, 13.500000953674316] imu_ang_vel=[-0.23330003023147583, 0.0, 0.0] imu_quat_wxyz=[0.9660162329673767, -0.05806199088692665, 0.04139863699674606, 0.24845001101493835]
joint_pos=[0.9359999895095825, -5.544000148773193, -10.223999977111816, 2.628000020980835, -5.544000148773193, -6.875999927520752] joint_vel=[5.940000057220459, -1.1700000762939453, 0.0, 0.0, 0.7200000286102295, -0.09000000357627869] imu_ang_vel=[-0.012783562764525414, 0.0, 0.021305939182639122] imu_quat_wxyz=[0.9660162329673767, -0.05806199088692665, 0.04139863699674606, 0.24845001101493835]
joint_pos=[0.972000002861023, -5.579999923706055, -10.079999923706055, 2.6640000343322754, -5.615999698638916, -6.73199987411499] joint_vel=[0.09000000357627869, 0.5400000214576721, 0.7200000286102295, 17.90999984741211, 0.6299999952316284, -2.880000114440918] imu_ang_vel=[-0.012783562764525414, 0.0, 0.021305939182639122] imu_quat_wxyz=[0.9669883847236633, -0.06615171581506729, 0.03333570435643196, 0.2438158094882965]
joint_pos=[1.0440000295639038, -5.724000453948975, -9.86400032043457, 2.7360000610351562, -5.760000228881836, -6.588000297546387] joint_vel=[-0.6299999952316284, 0.36000001430511475, 3.870000123977661, 0.8999999761581421, -0.36000001430511475, 2.609999895095825] imu_ang_vel=[0.04474247246980667, 0.0585913322865963, 0.013848859816789627] imu_quat_wxyz=[0.9669883847236633, -0.06615171581506729, 0.03333570435643196, 0.2438158094882965]
joint_pos=[1.1519999504089355, -5.868000030517578, -9.684000015258789, 2.807999849319458, -5.9039998054504395, -6.4079999923706055] joint_vel=[-0.0, -0.44999998807907104, 0.0, -2.25, -0.09000000357627869, 7.199999809265137] imu_ang_vel=[0.04474247246980667, 0.0585913322865963, 0.013848859816789627] imu_quat_wxyz=[0.9681078195571899, -0.07461410760879517, 0.022036179900169373, 0.23814797401428223]
joint_pos=[1.2239999771118164, -6.01200008392334, -9.468000411987305, 2.880000114440918, -6.01200008392334, -6.263999938964844] joint_vel=[-9.899999618530273, 0.36000001430511475, 8.010000228881836, 1.53000009059906, -0.36000001430511475, 1.9800000190734863] imu_ang_vel=[0.03622009605169296, 0.06178722158074379, 0.01491415686905384] imu_quat_wxyz=[0.9681078195571899, -0.07461410760879517, 0.022036179900169373, 0.23814797401428223]
joint_pos=[1.3320000171661377, -6.12000036239624, -9.251999855041504, 2.9519999027252197, -6.156000137329102, -6.12000036239624] joint_vel=[-0.27000001072883606, 0.27000001072883606, 0.0, -1.619999885559082, 0.09000000357627869, 1.619999885559082] imu_ang_vel=[0.03622009605169296, 0.06178722158074379, 0.01491415686905384] imu_quat_wxyz=[0.969195544719696, -0.08320289850234985, 0.008354853838682175, 0.23166248202323914]
joint_pos=[1.403999924659729, -6.263999938964844, -9.071999549865723, 3.0239999294281006, -6.300000190734863, -5.940000057220459] joint_vel=[0.5400000214576721, 0.0, 0.6299999952316284, 1.2599999904632568, -0.7200000286102295, 0.809999942779541] imu_ang_vel=[0.0, 0.0, 0.0] imu_quat_wxyz=[0.969195544719696, -0.08320289850234985, 0.008354853838682175, 0.23166248202323914]
joint_pos=[1.5119999647140503, -6.4079999923706055, -8.855999946594238, 3.06000018119812, -6.443999767303467, -5.796000003814697] joint_vel=[3.509999990463257, -0.36000001430511475, 3.3299999237060547, -12.329999923706055, -0.0, 1.619999885559082] imu_ang_vel=[0.0, 0.0, 0.0] imu_quat_wxyz=[0.9699381589889526, -0.08997885137796402, -0.004185567609965801, 0.22606684267520905]
joint_pos=[1.5480000972747803, -6.552000045776367, -8.640000343322754, 3.131999969482422, -6.588000297546387, -5.579999923706055] joint_vel=[0.09000000357627869, -0.09000000357627869, 0.809999942779541, 0.36000001430511475, -0.18000000715255737, 3.7799999713897705] imu_ang_vel=[0.05539543926715851, 0.06604841351509094, 0.027697719633579254] imu_quat_wxyz=[0.9699381589889526, -0.08997885137796402, -0.004185567609965801, 0.22606684267520905]
joint_pos=[1.6920000314712524, -6.696000099182129, -8.423999786376953, 3.239999771118164, -6.73199987411499, -5.436000347137451] joint_vel=[3.239999771118164, 0.36000001430511475, 6.479999542236328, 1.9800000190734863, 0.18000000715255737, 7.46999979019165] imu_ang_vel=[0.05539543926715851, 0.06604841351509094, 0.027697719633579254] imu_quat_wxyz=[0.9706856608390808, -0.09974133968353271, -0.024679958820343018, 0.21728286147117615]
joint_pos=[1.7640000581741333, -6.839999675750732, -8.208000183105469, 3.2760000228881836, -6.875999927520752, -5.2920002937316895] joint_vel=[-0.09000000357627869, 0.0, 0.44999998807907104, 1.1700000762939453, -0.809999942779541, 0.809999942779541] imu_ang_vel=[0.05219954997301102, 0.05219954997301102, 0.024501830339431763] imu_quat_wxyz=[0.9706856608390808, -0.09974133968353271, -0.024679958820343018, 0.21728286147117615]
joint_pos=[1.871999979019165, -7.019999980926514, -7.991999626159668, 3.3480000495910645, -7.019999980926514, -5.111999988555908] joint_vel=[-0.09000000357627869, 0.7200000286102295, 5.309999942779541, 2.25, -0.09000000357627869, 1.1700000762939453] imu_ang_vel=[0.05219954997301102, 0.05219954997301102, 0.024501830339431763] imu_quat_wxyz=[0.9710419774055481, -0.10893423855304718, -0.045393817126750946, 0.20772616565227509]
joint_pos=[1.871999979019165, -7.0920000076293945, -7.8480000495910645, 3.384000062942505, -7.0920000076293945, -4.9679999351501465] joint_vel=[-0.27000001072883606, -1.619999885559082, 9.09000015258789, -4.139999866485596, 6.300000190734863, 0.7200000286102295] imu_ang_vel=[0.05646073818206787, 0.06391781568527222, 0.011718266643583775] imu_quat_wxyz=[0.9710419774055481, -0.10893423855304718, -0.045393817126750946, 0.20772616565227509]
joint_pos=[1.9800000190734863, -7.235999584197998, -7.667999744415283, 3.4560000896453857, -7.235999584197998, -4.823999881744385] joint_vel=[0.5400000214576721, -1.0800000429153442, 0.36000001430511475, 0.09000000357627869, -3.06000018119812, 0.809999942779541] imu_ang_vel=[0.05646073818206787, 0.06391781568527222, 0.011718266643583775] imu_quat_wxyz=[0.9710977077484131, -0.11748633533716202, -0.06558473408222198, 0.19714145362377167]
joint_pos=[2.052000045776367, -7.380000114440918, -7.4160003662109375, 3.5280001163482666, -7.4160003662109375, -4.680000305175781] joint_vel=[-0.6299999952316284, -0.27000001072883606, 6.750000476837158, 0.18000000715255737, -7.380000114440918, 1.440000057220459] imu_ang_vel=[0.05326484516263008, 0.05326484516263008, 0.0] imu_quat_wxyz=[0.9710977077484131, -0.11748633533716202, -0.06558473408222198, 0.19714145362377167]
joint_pos=[2.1600000858306885, -7.559999942779541, -7.235999584197998, 3.635999917984009, -7.559999942779541, -4.5] joint_vel=[-0.36000001430511475, 1.440000057220459, 0.36000001430511475, 0.7200000286102295, 0.36000001430511475, 2.3400001525878906] imu_ang_vel=[0.05326484516263008, 0.05326484516263008, 0.0] imu_quat_wxyz=[0.9708126187324524, -0.12443049997091293, -0.08248385041952133, 0.1877135932445526]
joint_pos=[2.2679998874664307, -7.704000473022461, -7.019999980926514, 3.7080001831054688, -7.704000473022461, -4.283999919891357] joint_vel=[0.809999942779541, 0.8999999761581421, 9.180000305175781, 0.8999999761581421, -0.44999998807907104, 1.7999999523162842] imu_ang_vel=[0.054330144077539444, 0.060721926391124725, 0.0] imu_quat_wxyz=[0.9708126187324524, -0.12443049997091293, -0.08248385041952133, 0.1877135932445526]
joint_pos=[2.3400001525878906, -7.8480000495910645, -6.803999900817871, 3.7799999713897705, -7.883999824523926, -4.139999866485596] joint_vel=[-0.6299999952316284, -0.18000000715255737, 0.0, 0.809999942779541, -0.7200000286102295, 3.7799999713897705] imu_ang_vel=[0.054330144077539444, 0.060721926391124725, 0.0] imu_quat_wxyz=[0.9699640274047852, -0.1335514932870865, -0.10620982199907303, 0.1733587086200714]
joint_pos=[2.447999954223633, -7.991999626159668, -6.588000297546387, 3.8520002365112305, -7.991999626159668, -3.9600000381469727] joint_vel=[-0.18000000715255737, -0.36000001430511475, 10.980000495910645, 1.53000009059906, -0.8999999761581421, 1.2599999904632568] imu_ang_vel=[0.04793836176395416, 0.057526033371686935, 0.0] imu_quat_wxyz=[0.9699640274047852, -0.1335514932870865, -0.10620982199907303, 0.1733587086200714]
joint_pos=[2.555999994277954, -8.136000633239746, -6.4079999923706055, 3.9240000247955322, -8.17199993133545, -3.815999984741211] joint_vel=[1.619999885559082, 0.7200000286102295, 0.0, 0.18000000715255737, -0.27000001072883606, 1.440000057220459] imu_ang_vel=[0.04793836176395416, 0.057526033371686935, 0.0] imu_quat_wxyz=[0.9684647917747498, -0.1423952728509903, -0.1309344619512558, 0.15702061355113983]
joint_pos=[2.628000020980835, -8.279999732971191, -6.156000137329102, 3.995999813079834, -8.315999984741211, -3.5999999046325684] joint_vel=[-0.44999998807907104, -0.18000000715255737, 8.90999984741211, 1.0800000429153442, -0.7200000286102295, 6.300000190734863] imu_ang_vel=[0.04793836176395416, 0.057526033371686935, 0.0] imu_quat_wxyz=[0.9684647917747498, -0.1423952728509903, -0.1309344619512558, 0.15702061355113983]
joint_pos=[2.700000047683716, -8.423999786376953, -5.940000057220459, 4.104000091552734, -8.460000038146973, -3.419999837875366] joint_vel=[-0.0, -0.5400000214576721, -0.18000000715255737, 7.559999942779541, -0.27000001072883606, 0.44999998807907104] imu_ang_vel=[0.06924430280923843, 0.07350549101829529, 0.024501830339431763] imu_quat_wxyz=[0.9661545157432556, -0.15107649564743042, -0.15693692862987518, 0.13817402720451355]
joint_pos=[2.7360000610351562, -8.532000541687012, -5.832000255584717, 4.104000091552734, -8.567999839782715, -3.2760000228881836] joint_vel=[-0.0, 0.27000001072883606, 0.44999998807907104, -0.18000000715255737, -0.44999998807907104, 11.699999809265137] imu_ang_vel=[0.06924430280923843, 0.07350549101829529, 0.024501830339431763] imu_quat_wxyz=[0.9661545157432556, -0.15107649564743042, -0.15693692862987518, 0.13817402720451355]
joint_pos=[2.8439998626708984, -8.675999641418457, -5.615999698638916, 4.176000118255615, -8.711999893188477, -3.131999969482422] joint_vel=[-0.0, 0.09000000357627869, -0.36000001430511475, 1.2599999904632568, -0.27000001072883606, 1.440000057220459] imu_ang_vel=[0.05539543926715851, 0.05326484516263008, 0.017044750973582268] imu_quat_wxyz=[0.9632697701454163, -0.15900300443172455, -0.1816321164369583, 0.11763986945152283]
joint_pos=[2.9160001277923584, -8.819999694824219, -5.400000095367432, 4.283999919891357, -8.855999946594238, -2.98799991607666] joint_vel=[-0.44999998807907104, -0.09000000357627869, -0.36000001430511475, 0.6299999952316284, -0.9900000095367432, 0.809999942779541] imu_ang_vel=[0.05539543926715851, 0.05326484516263008, 0.017044750973582268] imu_quat_wxyz=[0.9632697701454163, -0.15900300443172455, -0.1816321164369583, 0.11763986945152283]
joint_pos=[3.0239999294281006, -9.0, -5.184000015258789, 4.320000171661377, -9.0, -2.807999849319458] joint_vel=[-0.09000000357627869, -0.5400000214576721, 0.0, 1.2599999904632568, -0.27000001072883606, 1.2599999904632568] imu_ang_vel=[0.0468730665743351, 0.057526033371686935, 0.02343653328716755] imu_quat_wxyz=[0.9607178568840027, -0.1647791862487793, -0.19971232116222382, 0.09992009401321411]
joint_pos=[3.131999969482422, -9.144000053405762, -4.9679999351501465, 4.427999973297119, -9.180000305175781, -2.628000020980835] joint_vel=[0.36000001430511475, 0.27000001072883606, 0.5400000214576721, 2.880000114440918, -0.36000001430511475, 3.5999999046325684] imu_ang_vel=[0.0468730665743351, 0.057526033371686935, 0.02343653328716755] imu_quat_wxyz=[0.9607178568840027, -0.1647791862487793, -0.19971232116222382, 0.09992009401321411]
joint_pos=[3.2039999961853027, -9.288000106811523, -4.788000106811523, 4.464000225067139, -9.324000358581543, -2.447999954223633] joint_vel=[-0.9900000095367432, 0.0, 0.0, 0.6299999952316284, -0.0, -2.25] imu_ang_vel=[0.05006895586848259, 0.05219954997301102, 0.02343653328716755] imu_quat_wxyz=[0.9566256403923035, -0.1725330948829651, -0.2230464369058609, 0.07314261049032211]
joint_pos=[3.312000036239624, -9.432000160217285, -4.535999774932861, 4.535999774932861, -9.468000411987305, -2.2679998874664307] joint_vel=[-0.0, -0.09000000357627869, 0.0, 0.9900000095367432, -0.36000001430511475, 0.27000001072883606] imu_ang_vel=[0.05006895586848259, 0.05219954997301102, 0.02343653328716755] imu_quat_wxyz=[0.9566256403923035, -0.1725330948829651, -0.2230464369058609, 0.07314261049032211]
joint_pos=[3.419999837875366, -9.539999961853027, -4.355999946594238, 4.680000305175781, -9.576000213623047, -2.124000072479248] joint_vel=[1.7999999523162842, 0.36000001430511475, 0.09000000357627869, 5.490000247955322, -0.27000001072883606, 1.709999918937683] imu_ang_vel=[0.06604841351509094, 0.08309315890073776, 0.025567125529050827] imu_quat_wxyz=[0.9516950249671936, -0.1801338791847229, -0.2451237291097641, 0.041745055466890335]
joint_pos=[3.4560000896453857, -9.720000267028809, -4.104000091552734, 4.716000080108643, -9.756000518798828, -1.944000005722046] joint_vel=[-0.18000000715255737, -0.09000000357627869, 0.8999999761581421, 1.709999918937683, -0.0, 1.53000009059906] imu_ang_vel=[0.06604841351509094, 0.08309315890073776, 0.025567125529050827] imu_quat_wxyz=[0.9516950249671936, -0.1801338791847229, -0.2451237291097641, 0.041745055466890335]
joint_pos=[3.563999891281128, -9.86400032043457, -3.9240000247955322, 4.788000106811523, -9.899999618530273, -1.7280000448226929] joint_vel=[-0.0, -0.09000000357627869, -0.27000001072883606, -4.409999847412109, -0.18000000715255737, 12.690000534057617] imu_ang_vel=[0.042611878365278244, 0.05219954997301102, 0.022371236234903336] imu_quat_wxyz=[0.9473884701728821, -0.18513880670070648, -0.26075392961502075, 0.013641857542097569]
joint_pos=[3.6720001697540283, -10.043999671936035, -3.7080001831054688, 4.860000133514404, -10.079999923706055, -1.5480000972747803] joint_vel=[1.8899999856948853, -3.419999837875366, 3.509999990463257, 1.709999918937683, -1.53000009059906, 2.700000047683716] imu_ang_vel=[0.042611878365278244, 0.05219954997301102, 0.022371236234903336] imu_quat_wxyz=[0.9473884701728821, -0.18513880670070648, -0.26075392961502075, 0.013641857542097569]
joint_pos=[3.74399995803833, -10.187999725341797, -3.492000102996826, 4.932000160217285, -10.187999725341797, -1.403999924659729] joint_vel=[-0.27000001072883606, -0.18000000715255737, -0.18000000715255737, 3.3299999237060547, 0.18000000715255737, 1.619999885559082] imu_ang_vel=[0.05219954997301102, 0.06498311460018158, 0.03195890784263611] imu_quat_wxyz=[0.9411388039588928, -0.1906396895647049, -0.2775540053844452, -0.029630277305841446]
joint_pos=[3.8520002365112305, -10.331999778747559, -3.2760000228881836, 5.003999710083008, -10.331999778747559, -1.2239999771118164] joint_vel=[-0.0, -5.579999923706055, 0.9900000095367432, 0.9900000095367432, -0.0, 2.430000066757202] imu_ang_vel=[0.05219954997301102, 0.06498311460018158, 0.03195890784263611] imu_quat_wxyz=[0.9411388039588928, -0.1906396895647049, -0.2775540053844452, -0.029630277305841446]
joint_pos=[3.888000011444092, -10.47599983215332, -3.131999969482422, 5.039999961853027, -10.47599983215332, -1.0800000429153442] joint_vel=[-0.0, -0.27000001072883606, 2.1600000858306885, -0.8999999761581421, -0.09000000357627869, 1.53000009059906] imu_ang_vel=[0.0, 0.0, 0.021305939182639122] imu_quat_wxyz=[0.9338251352310181, -0.19539883732795715, -0.28880757093429565, -0.07987554371356964]
joint_pos=[3.995999813079834, -10.584000587463379, -2.9519999027252197, 5.1479997634887695, -10.584000587463379, -0.9359999895095825] joint_vel=[0.09000000357627869, 0.27000001072883606, 0.5400000214576721, 1.2599999904632568, -0.0, 1.7999999523162842] imu_ang_vel=[0.0, 0.0, 0.021305939182639122] imu_quat_wxyz=[0.9338251352310181, -0.19539883732795715, -0.28880757093429565, -0.07987554371356964]
joint_pos=[4.104000091552734, -10.727999687194824, -2.700000047683716, 5.184000015258789, -10.727999687194824, -0.7200000286102295] joint_vel=[-7.019999980926514, 0.36000001430511475, 0.9900000095367432, 1.53000009059906, -0.36000001430511475, -3.419999837875366] imu_ang_vel=[0.03622009605169296, 0.03622009605169296, 0.0] imu_quat_wxyz=[0.9256485104560852, -0.1971220225095749, -0.29143601655960083, -0.13922226428985596]
joint_pos=[4.176000118255615, -10.907999992370605, -2.4839999675750732, 5.2920002937316895, -10.907999992370605, -0.5400000214576721] joint_vel=[-0.5400000214576721, 8.100000381469727, -0.18000000715255737, 1.350000023841858, -0.18000000715255737, 1.53000009059906] imu_ang_vel=[0.03622009605169296, 0.03622009605169296, 0.0] imu_quat_wxyz=[0.9256485104560852, -0.1971220225095749, -0.29143601655960083, -0.13922226428985596]
joint_pos=[4.283999919891357, -11.052000045776367, -2.2679998874664307, 5.363999843597412, -11.052000045776367, -0.3959999978542328] joint_vel=[0.44999998807907104, -0.36000001430511475, 2.5199999809265137, -3.5999999046325684, 0.27000001072883606, 0.809999942779541] imu_ang_vel=[0.04474247246980667, 0.07137489318847656, 0.01491415686905384] imu_quat_wxyz=[0.9155740737915039, -0.19542698562145233, -0.28281402587890625, -0.2086830884218216]
joint_pos=[4.3919997215271, -11.196000099182129, -2.052000045776367, 5.436000347137451, -11.196000099182129, -0.25200000405311584] joint_vel=[-5.490000247955322, -6.03000020980835, 0.27000001072883606, 0.6299999952316284, 0.18000000715255737, 1.8899999856948853] imu_ang_vel=[0.04474247246980667, 0.07137489318847656, 0.01491415686905384] imu_quat_wxyz=[0.9155740737915039, -0.19542698562145233, -0.28281402587890625, -0.2086830884218216]
joint_pos=[4.464000225067139, -11.375999450683594, -1.871999979019165, 5.507999897003174, -11.375999450683594, -0.07199999690055847] joint_vel=[-1.1700000762939453, -3.9600000381469727, 0.8999999761581421, -3.5999999046325684, -13.410000801086426, 1.7999999523162842] imu_ang_vel=[0.05965662747621536, 0.06498311460018158, 0.0] imu_quat_wxyz=[0.9027628898620605, -0.18824893236160278, -0.2570097744464874, -0.28901103138923645]
joint_pos=[4.572000026702881, -11.520000457763672, -1.619999885559082, 5.579999923706055, -11.520000457763672, 0.07199999690055847] joint_vel=[0.18000000715255737, -1.709999918937683, 0.44999998807907104, 0.6299999952316284, -8.550000190734863, -7.380000114440918] imu_ang_vel=[0.05965662747621536, 0.06498311460018158, 0.0] imu_quat_wxyz=[0.9027628898620605, -0.18824893236160278, -0.2570097744464874, -0.28901103138923645]
joint_pos=[4.644000053405762, -11.664000511169434, -1.403999924659729, 5.6519999504089355, -11.664000511169434, 0.25200000405311584] joint_vel=[-1.0800000429153442, 0.0, 1.440000057220459, 1.1700000762939453, -9.539999961853027, 1.53000009059906] imu_ang_vel=[0.039415985345840454, 0.0468730665743351, -0.010652969591319561] imu_quat_wxyz=[0.8851979374885559, -0.17265169322490692, -0.20895349979400635, -0.3780931234359741]
joint_pos=[4.716000080108643, -11.880000114440918, -1.2239999771118164, 5.724000453948975, -11.844000816345215, 0.4320000112056732] joint_vel=[0.09000000357627869, -0.27000001072883606, 0.18000000715255737, 0.0, -1.8899999856948853, 1.1700000762939453] imu_ang_vel=[0.039415985345840454, 0.0468730665743351, -0.010652969591319561] imu_quat_wxyz=[0.8851979374885559, -0.17265169322490692, -0.20895349979400635, -0.3780931234359741]
joint_pos=[4.788000106811523, -11.95199966430664, -1.0800000429153442, 5.760000228881836, -11.916000366210938, 0.5400000214576721] joint_vel=[0.27000001072883606, -0.7200000286102295, 0.9900000095367432, -0.6299999952316284, 0.44999998807907104, 1.9800000190734863] imu_ang_vel=[0.02343653328716755, 0.0351547971367836, 0.0] imu_quat_wxyz=[0.8601574897766113, -0.14708460867404938, -0.14100904762744904, -0.46755924820899963]
joint_pos=[4.860000133514404, -12.0600004196167, -0.8640000224113464, 5.832000255584717, -12.0600004196167, 0.7200000286102295] joint_vel=[-0.6299999952316284, -1.9800000190734863, 9.720000267028809, 1.2599999904632568, -0.27000001072883606, 2.25] imu_ang_vel=[0.02343653328716755, 0.0351547971367836, 0.0] imu_quat_wxyz=[0.8601574897766113, -0.14708460867404938, -0.14100904762744904, -0.46755924820899963]
joint_pos=[5.003999710083008, -12.24000072479248, -0.6480000019073486, 5.9039998054504395, -12.167999267578125, 0.8999999761581421] joint_vel=[-0.0, -7.289999961853027, 0.7200000286102295, -1.2599999904632568, -0.0, 1.440000057220459] imu_ang_vel=[0.05326484516263008, 0.06711370497941971, 0.0] imu_quat_wxyz=[0.8282018303871155, -0.11113551259040833, -0.06120382621884346, -0.5458797812461853]
joint_pos=[5.039999961853027, -12.384000778198242, -0.4320000112056732, 5.97599983215332, -12.312000274658203, 1.0440000295639038] joint_vel=[-0.9900000095367432, -1.440000057220459, 7.920000076293945, 0.8999999761581421, -0.6299999952316284, 1.53000009059906] imu_ang_vel=[0.05326484516263008, 0.06711370497941971, 0.0] imu_quat_wxyz=[0.8282018303871155, -0.11113551259040833, -0.06120382621884346, -0.5458797812461853]
joint_pos=[5.1479997634887695, -12.56399917602539, -0.25200000405311584, 6.047999858856201, -12.491999626159668, 1.2599999904632568] joint_vel=[-0.0, 0.36000001430511475, 0.44999998807907104, -0.8999999761581421, -0.0, 7.920000076293945] imu_ang_vel=[0.04154657945036888, 0.05219954997301102, 0.0] imu_quat_wxyz=[0.794417142868042, -0.06982205808162689, 0.015255683101713657, -0.6031529307365417]
joint_pos=[5.21999979019165, -12.708000183105469, -0.07199999690055847, 6.12000036239624, -12.636000633239746, 1.403999924659729] joint_vel=[-4.409999847412109, 0.0, 1.2599999904632568, -0.18000000715255737, -0.18000000715255737, 3.5999999046325684] imu_ang_vel=[0.04154657945036888, 0.05219954997301102, 0.0] imu_quat_wxyz=[0.794417142868042, -0.06982205808162689, 0.015255683101713657, -0.6031529307365417]
joint_pos=[5.328000068664551, -12.85200023651123, 0.1080000028014183, 6.228000164031982, -12.780000686645508, 1.5839999914169312] joint_vel=[-0.7200000286102295, 0.09000000357627869, 3.1500000953674316, 0.27000001072883606, 0.18000000715255737, 2.25] imu_ang_vel=[0.054330144077539444, 0.06498311460018158, 0.0] imu_quat_wxyz=[0.7655995488166809, -0.03074413537979126, 0.07518862187862396, -0.6381682753562927]
joint_pos=[5.400000095367432, -12.996000289916992, 0.3240000009536743, 6.263999938964844, -12.923999786376953, 1.7280000448226929] joint_vel=[-0.0, -0.36000001430511475, 1.2599999904632568, 0.0, -0.18000000715255737, 1.619999885559082] imu_ang_vel=[0.054330144077539444, 0.06498311460018158, 0.0] imu_quat_wxyz=[0.7655995488166809, -0.03074413537979126, 0.07518862187862396, -0.6381682753562927]
joint_pos=[5.507999897003174, -13.104000091552734, 0.5400000214576721, 6.335999965667725, -13.067999839782715, 1.9079999923706055] joint_vel=[0.09000000357627869, 0.36000001430511475, 1.709999918937683, -7.110000133514404, 0.36000001430511475, 2.3400001525878906] imu_ang_vel=[0.0468730665743351, 0.06391781568527222, 0.0] imu_quat_wxyz=[0.7456822395324707, 0.0014272099360823631, 0.11353956907987595, -0.6565550565719604]
joint_pos=[5.579999923706055, -13.248000144958496, 0.7559999823570251, 6.4079999923706055, -13.176000595092773, 2.0880000591278076] joint_vel=[-0.27000001072883606, -0.7200000286102295, 0.5400000214576721, -0.6299999952316284, -0.0, 5.849999904632568] imu_ang_vel=[0.0468730665743351, 0.06391781568527222, 0.0] imu_quat_wxyz=[0.7456822395324707, 0.0014272099360823631, 0.11353956907987595, -0.6565550565719604]
joint_pos=[5.687999725341797, -13.428000450134277, 0.9359999895095825, 6.516000270843506, -13.319999694824219, 2.2679998874664307] joint_vel=[0.6299999952316284, -0.36000001430511475, 10.619999885559082, 4.5, -0.09000000357627869, 0.6299999952316284] imu_ang_vel=[0.0468730665743351, 0.060721926391124725, 0.0] imu_quat_wxyz=[0.7336986064910889, 0.02571962960064411, 0.13352660834789276, -0.6657292246818542]
joint_pos=[5.760000228881836, -13.53600025177002, 1.1519999504089355, 6.552000045776367, -13.46399974822998, 2.4119999408721924] joint_vel=[-0.8999999761581421, -0.5400000214576721, 0.6299999952316284, 0.18000000715255737, -0.44999998807907104, 1.619999885559082] imu_ang_vel=[0.0468730665743351, 0.060721926391124725, 0.0] imu_quat_wxyz=[0.7336986064910889, 0.02571962960064411, 0.13352660834789276, -0.6657292246818542]
joint_pos=[5.868000030517578, -13.7160005569458, 1.3680000305175781, 6.624000072479248, -13.644000053405762, 2.5920000076293945] joint_vel=[0.27000001072883606, 0.8999999761581421, 8.460000038146973, -4.050000190734863, 0.09000000357627869, 0.9900000095367432] imu_ang_vel=[0.0351547971367836, 0.051134251058101654, 0.015979453921318054] imu_quat_wxyz=[0.7272189855575562, 0.04287688061594963, 0.14100177586078644, -0.6703974008560181]
joint_pos=[5.9039998054504395, -13.788000106811523, 1.4759999513626099, 6.659999847412109, -13.7160005569458, 2.700000047683716] joint_vel=[-0.18000000715255737, -2.609999895095825, -0.09000000357627869, -6.839999675750732, -0.9900000095367432, 0.8999999761581421] imu_ang_vel=[0.0351547971367836, 0.051134251058101654, 0.015979453921318054] imu_quat_wxyz=[0.7272189855575562, 0.04287688061594963, 0.14100177586078644, -0.6703974008560181]
joint_pos=[5.97599983215332, -13.968000411987305, 1.6920000314712524, 6.76800012588501, -13.896000862121582, 2.880000114440918] joint_vel=[0.09000000357627869, -0.6299999952316284, 7.559999942779541, -0.7200000286102295, -0.0, 1.440000057220459] imu_ang_vel=[0.04367717355489731, 0.051134251058101654, 0.0] imu_quat_wxyz=[0.724459171295166, 0.05334958806633949, 0.14011770486831665, -0.6728147268295288]
joint_pos=[6.047999858856201, -14.07599925994873, 1.871999979019165, 6.839999675750732, -14.003999710083008, 3.0239999294281006] joint_vel=[-1.2599999904632568, -1.619999885559082, 0.7200000286102295, -3.419999837875366, -0.7200000286102295, 0.8999999761581421] imu_ang_vel=[0.04367717355489731, 0.051134251058101654, 0.0] imu_quat_wxyz=[0.724459171295166, 0.05334958806633949, 0.14011770486831665, -0.6728147268295288]
joint_pos=[6.12000036239624, -14.255999565124512, 2.0880000591278076, 6.875999927520752, -14.14799976348877, 3.1679999828338623] joint_vel=[0.27000001072883606, 0.0, 11.15999984741211, -1.619999885559082, -0.44999998807907104, 1.7999999523162842] imu_ang_vel=[0.021305939182639122, 0.04048128426074982, 0.0] imu_quat_wxyz=[0.7238382697105408, 0.059158626943826675, 0.13433514535427094, -0.6741752624511719]
joint_pos=[6.047999858856201, -14.399999618530273, 2.2679998874664307, 6.9120001792907715, -14.292000770568848, 3.384000062942505] joint_vel=[6.569999694824219, -1.0800000429153442, 0.27000001072883606, -10.890000343322754, -0.6299999952316284, 10.4399995803833] imu_ang_vel=[0.021305939182639122, 0.04048128426074982, 0.0] imu_quat_wxyz=[0.7238382697105408, 0.059158626943826675, 0.13433514535427094, -0.6741752624511719]
joint_pos=[6.156000137329102, -14.543999671936035, 2.4839999675750732, 7.056000232696533, -14.471999168395996, 3.5280001163482666] joint_vel=[-0.0, 0.18000000715255737, 0.6299999952316284, 1.440000057220459, -0.36000001430511475, 7.289999961853027] imu_ang_vel=[0.03728539124131203, 0.02343653328716755, -0.04793836176395416] imu_quat_wxyz=[0.7237720489501953, 0.060772452503442764, 0.1261562556028366, -0.6756812930107117]
joint_pos=[6.01200008392334, -14.688000679016113, 2.6640000343322754, 7.056000232696533, -14.61600112915039, 3.6720001697540283] joint_vel=[8.550000190734863, 0.27000001072883606, 5.039999961853027, -16.469999313354492, -0.36000001430511475, 0.09000000357627869] imu_ang_vel=[0.03728539124131203, 0.02343653328716755, -0.04793836176395416] imu_quat_wxyz=[0.7237720489501953, 0.060772452503442764, 0.1261562556028366, -0.6756812930107117]
joint_pos=[6.156000137329102, -14.795999526977539, 2.9160001277923584, 7.164000034332275, -14.723999977111816, 3.815999984741211] joint_vel=[0.36000001430511475, -0.6299999952316284, 0.36000001430511475, 1.8899999856948853, -0.44999998807907104, 2.5199999809265137] imu_ang_vel=[0.030893610790371895, 0.02663242258131504, -0.05965662747621536] imu_quat_wxyz=[0.724144458770752, 0.060714028775691986, 0.11723881214857101, -0.6768925189971924]
joint_pos=[6.12000036239624, -14.9399995803833, 3.06000018119812, 7.199999809265137, -14.868000030517578, 3.995999813079834] joint_vel=[23.1299991607666, -6.210000038146973, 0.9900000095367432, -9.539999961853027, -0.809999942779541, 1.709999918937683] imu_ang_vel=[0.030893610790371895, 0.02663242258131504, -0.05965662747621536] imu_quat_wxyz=[0.724144458770752, 0.060714028775691986, 0.11723881214857101, -0.6768925189971924]
joint_pos=[6.01200008392334, -15.012001037597656, 3.1679999828338623, 7.271999835968018, -14.9399995803833, 4.104000091552734] joint_vel=[0.44999998807907104, 0.09000000357627869, -0.27000001072883606, -1.9800000190734863, -3.3299999237060547, 0.27000001072883606] imu_ang_vel=[0.0, 0.0, -0.025567125529050827] imu_quat_wxyz=[0.7243344187736511, 0.060391321778297424, 0.10968326777219772, -0.6779837608337402]
joint_pos=[5.97599983215332, -15.119999885559082, 3.3480000495910645, 7.308000564575195, -15.084000587463379, 4.283999919891357] joint_vel=[23.760000228881836, 0.18000000715255737, 1.440000057220459, -2.3400001525878906, -0.6299999952316284, 0.7200000286102295] imu_ang_vel=[0.0, 0.0, -0.025567125529050827] imu_quat_wxyz=[0.7243344187736511, 0.060391321778297424, 0.10968326777219772, -0.6779837608337402]
joint_pos=[6.156000137329102, -15.263999938964844, 3.5280001163482666, 7.380000114440918, -15.191999435424805, 4.427999973297119] joint_vel=[1.7999999523162842, -0.36000001430511475, 5.579999923706055, -3.239999771118164, -0.0, 0.809999942779541] imu_ang_vel=[0.049003660678863525, 0.034089501947164536, -0.06604841351509094] imu_quat_wxyz=[0.7238679528236389, 0.05995270237326622, 0.10353227704763412, -0.6794864535331726]
joint_pos=[5.832000255584717, -15.408000946044922, 3.7080001831054688, 7.452000141143799, -15.335999488830566, 4.572000026702881] joint_vel=[19.260000228881836, -0.6299999952316284, 0.44999998807907104, -2.069999933242798, -0.0, 1.7999999523162842] imu_ang_vel=[0.049003660678863525, 0.034089501947164536, -0.06604841351509094] imu_quat_wxyz=[0.7238679528236389, 0.05995270237326622, 0.10353227704763412, -0.6794864535331726]
joint_pos=[6.12000036239624, -15.515999794006348, 3.9240000247955322, 7.559999942779541, -15.480000495910645, 4.716000080108643] joint_vel=[13.049999237060547, -0.44999998807907104, 2.069999933242798, -0.6299999952316284, -0.09000000357627869, 0.7200000286102295] imu_ang_vel=[0.024501830339431763, 0.034089501947164536, -0.06178722158074379] imu_quat_wxyz=[0.7240411639213562, 0.06057017669081688, 0.09763502329587936, -0.6801198124885559]
joint_pos=[5.940000057220459, -15.65999984741211, 4.104000091552734, 7.595999717712402, -15.58799934387207, 4.860000133514404] joint_vel=[17.81999969482422, -10.890000343322754, 0.44999998807907104, -0.809999942779541, -0.36000001430511475, 1.7999999523162842] imu_ang_vel=[0.024501830339431763, 0.034089501947164536, -0.06178722158074379] imu_quat_wxyz=[0.7240411639213562, 0.06057017669081688, 0.09763502329587936, -0.6801198124885559]
joint_pos=[6.192000389099121, -15.804000854492188, 4.320000171661377, 7.704000473022461, -15.731999397277832, 5.003999710083008] joint_vel=[-5.760000228881836, -7.46999979019165, 0.809999942779541, 0.27000001072883606, -0.809999942779541, 1.350000023841858] imu_ang_vel=[0.045807767659425735, 0.045807767659425735, -0.05219954997301102] imu_quat_wxyz=[0.7240286469459534, 0.060988444834947586, 0.09181671589612961, -0.6809057593345642]
joint_pos=[6.443999767303467, -15.947999954223633, 4.464000225067139, 7.704000473022461, -15.87600040435791, 5.1479997634887695] joint_vel=[6.210000038146973, -3.509999990463257, 0.18000000715255737, 0.09000000357627869, -0.09000000357627869, 1.440000057220459] imu_ang_vel=[0.045807767659425735, 0.045807767659425735, -0.05219954997301102] imu_quat_wxyz=[0.7240286469459534, 0.060988444834947586, 0.09181671589612961, -0.6809057593345642]
joint_pos=[6.624000072479248, -16.09200096130371, 4.607999801635742, 7.776000022888184, -15.983999252319336, 5.2920002937316895] joint_vel=[4.949999809265137, -1.7999999523162842, 0.0, 0.809999942779541, -1.0800000429153442, 1.1700000762939453] imu_ang_vel=[0.02343653328716755, 0.07563608139753342, 0.06498311460018158] imu_quat_wxyz=[0.7248544096946716, 0.056618764996528625, 0.08859089016914368, -0.6808319687843323]
joint_pos=[6.839999675750732, -16.163999557495117, 4.788000106811523, 7.8480000495910645, -16.128000259399414, 5.436000347137451] joint_vel=[1.9800000190734863, -0.7200000286102295, 0.09000000357627869, 0.0, -7.740000247955322, 1.2599999904632568] imu_ang_vel=[0.02343653328716755, 0.07563608139753342, 0.06498311460018158] imu_quat_wxyz=[0.7248544096946716, 0.056618764996528625, 0.08859089016914368, -0.6808319687843323]
joint_pos=[6.984000205993652, -16.236000061035156, 4.895999908447266, 7.920000076293945, -16.128000259399414, 5.544000148773193] joint_vel=[-0.36000001430511475, -2.609999895095825, 0.18000000715255737, -0.6299999952316284, 0.09000000357627869, 5.130000114440918] imu_ang_vel=[0.021305939182639122, 0.02663242258131504, 0.0703095942735672] imu_quat_wxyz=[0.7256360054016113, 0.03794034197926521, 0.09157070517539978, -0.6809020638465881]
joint_pos=[7.056000232696533, -16.3799991607666, 5.039999961853027, 7.955999851226807, -16.272001266479492, 5.687999725341797] joint_vel=[2.5199999809265137, -0.5400000214576721, 0.18000000715255737, -3.9600000381469727, -0.44999998807907104, 4.949999809265137] imu_ang_vel=[0.021305939182639122, 0.02663242258131504, 0.0703095942735672] imu_quat_wxyz=[0.7256360054016113, 0.03794034197926521, 0.09157070517539978, -0.6809020638465881]
joint_pos=[7.199999809265137, -16.52400016784668, 5.184000015258789, 8.027999877929688, -16.416000366210938, 5.832000255584717] joint_vel=[1.350000023841858, 5.490000247955322, -0.36000001430511475, -0.809999942779541, -3.06000018119812, 1.0800000429153442] imu_ang_vel=[0.0, 0.04474247246980667, 0.08309315890073776] imu_quat_wxyz=[0.7267944812774658, 0.01199550461024046, 0.09655879437923431, -0.6799280047416687]
joint_pos=[7.308000564575195, -16.668001174926758, 5.400000095367432, 8.064000129699707, -16.559999465942383, 5.97599983215332] joint_vel=[0.27000001072883606, -1.9800000190734863, 1.709999918937683, -13.410000801086426, -0.5400000214576721, 1.440000057220459] imu_ang_vel=[0.0, 0.04474247246980667, 0.08309315890073776] imu_quat_wxyz=[0.7267944812774658, 0.01199550461024046, 0.09655879437923431, -0.6799280047416687]
joint_pos=[7.4160003662109375, -16.739999771118164, 5.544000148773193, 8.100000381469727, -16.631999969482422, 6.12000036239624] joint_vel=[0.809999942779541, 0.44999998807907104, 0.9900000095367432, -1.9800000190734863, -1.7999999523162842, 1.0800000429153442] imu_ang_vel=[-0.02024064213037491, 0.0, 0.07457078248262405] imu_quat_wxyz=[0.7283890843391418, -0.011859351769089699, 0.10057314485311508, -0.6776382923126221]
joint_pos=[7.559999942779541, -16.812000274658203, 5.724000453948975, 8.17199993133545, -16.775999069213867, 6.263999938964844] joint_vel=[1.1700000762939453, -0.27000001072883606, 0.18000000715255737, -1.619999885559082, -0.18000000715255737, 1.0800000429153442] imu_ang_vel=[-0.02024064213037491, 0.0, 0.07457078248262405] imu_quat_wxyz=[0.7283890843391418, -0.011859351769089699, 0.10057314485311508, -0.6776382923126221]
joint_pos=[7.595999717712402, -16.95599937438965, 5.868000030517578, 8.208000183105469, -16.884000778198242, 6.4079999923706055] joint_vel=[0.27000001072883606, -1.1700000762939453, 0.8999999761581421, -1.440000057220459, -0.27000001072883606, 6.390000343322754] imu_ang_vel=[-0.024501830339431763, 0.0, 0.05965662747621536] imu_quat_wxyz=[0.7312958240509033, -0.04357128590345383, 0.10349806398153305, -0.6727525591850281]
joint_pos=[7.704000473022461, -17.064001083374023, 6.047999858856201, 8.279999732971191, -16.992000579833984, 6.552000045776367] joint_vel=[0.18000000715255737, -0.9900000095367432, -0.36000001430511475, -0.809999942779541, -5.849999904632568, 9.989999771118164] imu_ang_vel=[-0.024501830339431763, 0.0, 0.05965662747621536] imu_quat_wxyz=[0.7312958240509033, -0.04357128590345383, 0.10349806398153305, -0.6727525591850281]
joint_pos=[7.776000022888184, -17.13599967956543, 6.156000137329102, 8.315999984741211, -17.100000381469727, 6.696000099182129] joint_vel=[-0.27000001072883606, 1.440000057220459, 0.36000001430511475, -0.36000001430511475, -8.550000190734863, 8.730000495910645] imu_ang_vel=[0.0, 0.03622009605169296, 0.022371236234903336] imu_quat_wxyz=[0.7349995374679565, -0.07313331216573715, 0.10443336516618729, -0.6659736037254333]
joint_pos=[7.8480000495910645, -17.243999481201172, 6.335999965667725, 8.387999534606934, -17.20800018310547, 6.803999900817871] joint_vel=[0.27000001072883606, -0.5400000214576721, 1.2599999904632568, -3.1500000953674316, -0.0, 1.1700000762939453] imu_ang_vel=[0.0, 0.03622009605169296, 0.022371236234903336] imu_quat_wxyz=[0.7349995374679565, -0.07313331216573715, 0.10443336516618729, -0.6659736037254333]
joint_pos=[7.883999824523926, -17.31599998474121, 6.443999767303467, 8.423999786376953, -17.280000686645508, 6.875999927520752] joint_vel=[-0.0, 0.09000000357627869, 1.1700000762939453, -1.1700000762939453, -1.2599999904632568, 1.440000057220459] imu_ang_vel=[0.0, 0.01491415686905384, 0.017044750973582268] imu_quat_wxyz=[0.7397231459617615, -0.10000847280025482, 0.10293623059988022, -0.6574284434318542]
joint_pos=[7.991999626159668, -17.423999786376953, 6.588000297546387, 8.460000038146973, -17.38800048828125, 6.984000205993652] joint_vel=[0.44999998807907104, -0.5400000214576721, 0.18000000715255737, -1.9800000190734863, -2.25, 0.8999999761581421] imu_ang_vel=[0.0, 0.01491415686905384, 0.017044750973582268] imu_quat_wxyz=[0.7397231459617615, -0.10000847280025482, 0.10293623059988022, -0.6574284434318542]
joint_pos=[8.027999877929688, -17.531999588012695, 6.73199987411499, 8.567999839782715, -17.496000289916992, 7.127999782562256] joint_vel=[-0.7200000286102295, -4.050000190734863, 0.5400000214576721, 0.0, -0.0, 7.46999979019165] imu_ang_vel=[0.0, 0.0, -0.02663242258131504] imu_quat_wxyz=[0.7451073527336121, -0.12203704565763474, 0.09984108060598373, -0.648038387298584]
joint_pos=[8.136000633239746, -17.639999389648438, 6.875999927520752, 8.567999839782715, -17.5679988861084, 7.235999584197998] joint_vel=[0.809999942779541, -1.8899999856948853, 0.27000001072883606, -0.7200000286102295, 0.36000001430511475, 3.06000018119812] imu_ang_vel=[0.0, 0.0, -0.02663242258131504] imu_quat_wxyz=[0.7451073527336121, -0.12203704565763474, 0.09984108060598373, -0.648038387298584]
joint_pos=[8.17199993133545, -17.74799919128418, 7.019999980926514, 8.640000343322754, -17.676000595092773, 7.344000339508057] joint_vel=[-0.09000000357627869, -0.09000000357627869, 0.44999998807907104, -0.27000001072883606, -1.709999918937683, 1.440000057220459] imu_ang_vel=[0.02982831373810768, 0.02663242258131504, -0.051134251058101654] imu_quat_wxyz=[0.7516365647315979, -0.14223533868789673, 0.09581192582845688, -0.6368921995162964]
joint_pos=[8.279999732971191, -17.81999969482422, 7.127999782562256, 8.640000343322754, -17.74799919128418, 7.4160003662109375] joint_vel=[0.44999998807907104, -0.7200000286102295, 0.5400000214576721, -7.199999809265137, 0.36000001430511475, 1.2599999904632568] imu_ang_vel=[0.02982831373810768, 0.02663242258131504, -0.051134251058101654] imu_quat_wxyz=[0.7516365647315979, -0.14223533868789673, 0.09581192582845688, -0.6368921995162964]
joint_pos=[8.315999984741211, -17.963998794555664, 7.308000564575195, 8.711999893188477, -17.856000900268555, 7.559999942779541] joint_vel=[0.18000000715255737, -0.36000001430511475, 0.809999942779541, -1.350000023841858, -0.27000001072883606, 0.9900000095367432] imu_ang_vel=[0.012783562764525414, 0.01491415686905384, -0.034089501947164536] imu_quat_wxyz=[0.7598876357078552, -0.16099494695663452, 0.09074948728084564, -0.6232302188873291]
joint_pos=[8.387999534606934, -18.07200050354004, 7.452000141143799, 8.7839994430542, -17.963998794555664, 7.667999744415283] joint_vel=[-3.1500000953674316, -5.579999923706055, 0.5400000214576721, -2.3400001525878906, -3.5999999046325684, 1.440000057220459] imu_ang_vel=[0.012783562764525414, 0.01491415686905384, -0.034089501947164536] imu_quat_wxyz=[0.7598876357078552, -0.16099494695663452, 0.09074948728084564, -0.6232302188873291]
joint_pos=[8.460000038146973, -18.107999801635742, 7.559999942779541, 8.819999694824219, -18.035999298095703, 7.776000022888184] joint_vel=[-0.0, -0.7200000286102295, 0.8999999761581421, -4.949999809265137, 0.18000000715255737, -0.44999998807907104] imu_ang_vel=[0.0, 0.0, -0.049003660678863525] imu_quat_wxyz=[0.7701349854469299, -0.17940300703048706, 0.08552523702383041, -0.6061286926269531]
joint_pos=[8.460000038146973, -18.215999603271484, 7.704000473022461, 8.855999946594238, -18.143999099731445, 7.883999824523926] joint_vel=[-0.09000000357627869, -0.5400000214576721, 0.09000000357627869, -0.09000000357627869, 0.6299999952316284, 0.8999999761581421] imu_ang_vel=[0.0, 0.0, -0.049003660678863525] imu_quat_wxyz=[0.7701349854469299, -0.17940300703048706, 0.08552523702383041, -0.6061286926269531]
joint_pos=[8.532000541687012, -18.25200080871582, 7.776000022888184, 8.892000198364258, -18.143999099731445, 7.991999626159668] joint_vel=[-1.9800000190734863, 0.09000000357627869, 0.44999998807907104, -0.27000001072883606, 0.18000000715255737, 3.5999999046325684] imu_ang_vel=[0.02663242258131504, 0.01491415686905384, -0.05219954997301102] imu_quat_wxyz=[0.7825437188148499, -0.19604139029979706, 0.08005212247371674, -0.5854781866073608]
joint_pos=[8.604000091552734, -18.32400131225586, 7.883999824523926, 8.892000198364258, -18.215999603271484, 8.064000129699707] joint_vel=[-0.0, 0.0, 0.5400000214576721, -2.7899999618530273, -0.809999942779541, 1.9800000190734863] imu_ang_vel=[0.02663242258131504, 0.01491415686905384, -0.05219954997301102] imu_quat_wxyz=[0.7825437188148499, -0.19604139029979706, 0.08005212247371674, -0.5854781866073608]
joint_pos=[8.604000091552734, -18.43199920654297, 7.991999626159668, 8.96399974822998, -18.32400131225586, 8.136000633239746] joint_vel=[-0.09000000357627869, -0.09000000357627869, 0.6299999952316284, -0.09000000357627869, -0.5400000214576721, 0.8999999761581421] imu_ang_vel=[0.0, -0.01491415686905384, -0.054330144077539444] imu_quat_wxyz=[0.796749472618103, -0.20942401885986328, 0.07440982758998871, -0.5619564652442932]
joint_pos=[8.675999641418457, -18.540000915527344, 8.136000633239746, 9.0, -18.43199920654297, 8.244000434875488] joint_vel=[-5.400000095367432, -3.06000018119812, 0.8999999761581421, -0.36000001430511475, 0.9900000095367432, 3.06000018119812] imu_ang_vel=[0.0, -0.01491415686905384, -0.054330144077539444] imu_quat_wxyz=[0.796749472618103, -0.20942401885986328, 0.07440982758998871, -0.5619564652442932]
joint_pos=[8.711999893188477, -18.576000213623047, 8.244000434875488, 9.03600025177002, -18.468000411987305, 8.387999534606934] joint_vel=[-0.0, 0.5400000214576721, 0.0, -1.53000009059906, 0.18000000715255737, 5.130000114440918] imu_ang_vel=[0.0, 0.0, -0.04367717355489731] imu_quat_wxyz=[0.8122537136077881, -0.2204096019268036, 0.06820221990346909, -0.535735011100769]
joint_pos=[8.748000144958496, -18.648000717163086, 8.387999534606934, 9.03600025177002, -18.540000915527344, 8.423999786376953] joint_vel=[0.09000000357627869, -1.8899999856948853, 13.949999809265137, -1.53000009059906, -0.8999999761581421, 0.6299999952316284] imu_ang_vel=[0.0, 0.0, -0.04367717355489731] imu_quat_wxyz=[0.8122537136077881, -0.2204096019268036, 0.06820221990346909, -0.535735011100769]
joint_pos=[8.819999694824219, -18.720001220703125, 8.460000038146973, 9.107999801635742, -18.61199951171875, 8.532000541687012] joint_vel=[-0.18000000715255737, 0.5400000214576721, 0.0, 11.789999961853027, -0.0, 3.419999837875366] imu_ang_vel=[0.0, -0.017044750973582268, -0.03195890784263611] imu_quat_wxyz=[0.8297047019004822, -0.2294451743364334, 0.061496809124946594, -0.5051367878913879]
joint_pos=[8.892000198364258, -18.79199981689453, 8.532000541687012, 9.180000305175781, -18.720001220703125, 8.604000091552734] joint_vel=[-0.27000001072883606, -2.3400001525878906, 0.36000001430511475, -1.709999918937683, -3.5999999046325684, 0.9900000095367432] imu_ang_vel=[0.0, -0.017044750973582268, -0.03195890784263611] imu_quat_wxyz=[0.8297047019004822, -0.2294451743364334, 0.061496809124946594, -0.5051367878913879]
joint_pos=[8.928000450134277, -18.827999114990234, 8.640000343322754, 9.180000305175781, -18.756000518798828, 8.711999893188477] joint_vel=[0.09000000357627869, 0.44999998807907104, 5.579999923706055, 0.0, -0.09000000357627869, 1.1700000762939453] imu_ang_vel=[0.0, 0.0, -0.021305939182639122] imu_quat_wxyz=[0.849289059638977, -0.23498663306236267, 0.054655179381370544, -0.46957653760910034]
joint_pos=[8.928000450134277, -18.86400032043457, 8.675999641418457, 9.180000305175781, -18.79199981689453, 8.748000144958496] joint_vel=[-0.09000000357627869, 0.09000000357627869, 1.53000009059906, 0.0, -0.18000000715255737, 1.8899999856948853] imu_ang_vel=[0.0, 0.0, -0.021305939182639122] imu_quat_wxyz=[0.849289059638977, -0.23498663306236267, 0.054655179381370544, -0.46957653760910034]
joint_pos=[9.0, -18.972000122070312, 8.819999694824219, 9.215999603271484, -18.86400032043457, 8.855999946594238] joint_vel=[0.36000001430511475, -1.7999999523162842, 9.270000457763672, -6.479999542236328, -0.44999998807907104, 2.5199999809265137] imu_ang_vel=[-0.012783562764525414, 0.0, -0.012783562764525414] imu_quat_wxyz=[0.8700481653213501, -0.2373100370168686, 0.04742319509387016, -0.42947766184806824]
joint_pos=[9.03600025177002, -19.007999420166016, 8.892000198364258, 9.288000106811523, -18.93600082397461, 8.892000198364258] joint_vel=[-0.44999998807907104, 0.6299999952316284, -0.18000000715255737, -0.7200000286102295, -1.7999999523162842, 0.6299999952316284] imu_ang_vel=[-0.012783562764525414, 0.0, -0.012783562764525414] imu_quat_wxyz=[0.8700481653213501, -0.2373100370168686, 0.04742319509387016, -0.42947766184806824]
joint_pos=[9.071999549865723, -19.11600112915039, 9.0, 9.324000358581543, -19.007999420166016, 8.96399974822998] joint_vel=[0.09000000357627869, -4.680000305175781, 1.350000023841858, -0.6299999952316284, -0.36000001430511475, 1.0800000429153442] imu_ang_vel=[0.0, 0.0, -0.024501830339431763] imu_quat_wxyz=[0.8914089798927307, -0.23530033230781555, 0.04116639494895935, -0.3851349949836731]
joint_pos=[9.107999801635742, -19.11600112915039, 9.03600025177002, 9.324000358581543, -19.04400062561035, 9.03600025177002] joint_vel=[0.18000000715255737, 0.44999998807907104, -0.18000000715255737, 0.09000000357627869, -0.0, 0.27000001072883606] imu_ang_vel=[0.0, 0.0, -0.024501830339431763] imu_quat_wxyz=[0.8914089798927307, -0.23530033230781555, 0.04116639494895935, -0.3851349949836731]
joint_pos=[9.144000053405762, -19.152000427246094, 9.107999801635742, 9.324000358581543, -19.11600112915039, 9.107999801635742] joint_vel=[-0.36000001430511475, 0.09000000357627869, 2.880000114440918, -0.09000000357627869, -1.9800000190734863, 5.760000228881836] imu_ang_vel=[0.0, 0.0, -0.017044750973582268] imu_quat_wxyz=[0.9123250246047974, -0.22918768227100372, 0.035837844014167786, -0.3374190330505371]
joint_pos=[9.144000053405762, -19.2239990234375, 9.180000305175781, 9.395999908447266, -19.152000427246094, 9.180000305175781] joint_vel=[0.09000000357627869, -1.619999885559082, -0.27000001072883606, -1.709999918937683, -0.0, 0.809999942779541] imu_ang_vel=[0.0, 0.0, -0.017044750973582268] imu_quat_wxyz=[0.9123250246047974, -0.22918768227100372, 0.035837844014167786, -0.3374190330505371]
joint_pos=[9.180000305175781, -19.29599952697754, 9.251999855041504, 9.432000160217285, -19.2239990234375, 9.251999855041504] joint_vel=[-0.0, -0.09000000357627869, 1.0800000429153442, -0.9900000095367432, -1.619999885559082, 8.1899995803833] imu_ang_vel=[0.0, 0.0, 0.0] imu_quat_wxyz=[0.9317752122879028, -0.21907542645931244, 0.032044991850852966, -0.287704735994339]
joint_pos=[9.215999603271484, -19.368000030517578, 9.360000610351562, 9.432000160217285, -19.260000228881836, 9.324000358581543] joint_vel=[0.27000001072883606, -6.569999694824219, 0.09000000357627869, -0.44999998807907104, 4.680000305175781, 0.809999942779541] imu_ang_vel=[0.0, 0.0, 0.0] imu_quat_wxyz=[0.9317752122879028, -0.21907542645931244, 0.032044991850852966, -0.287704735994339]
joint_pos=[9.251999855041504, -19.40399932861328, 9.432000160217285, 9.468000411987305, -19.29599952697754, 9.395999908447266] joint_vel=[-0.0, 0.0, 0.36000001430511475, -0.5400000214576721, 0.09000000357627869, 3.870000123977661] imu_ang_vel=[0.0, 0.0, -0.02024064213037491] imu_quat_wxyz=[0.9491982460021973, -0.2056671380996704, 0.029776373878121376, -0.2362988293170929]
joint_pos=[9.288000106811523, -19.440000534057617, 9.468000411987305, 9.468000411987305, -19.368000030517578, 9.432000160217285] joint_vel=[-0.0, 0.09000000357627869, 0.44999998807907104, -0.18000000715255737, -0.36000001430511475, -0.27000001072883606] imu_ang_vel=[0.0, 0.0, -0.02024064213037491] imu_quat_wxyz=[0.9491982460021973, -0.2056671380996704, 0.029776373878121376, -0.2362988293170929]
joint_pos=[9.288000106811523, -19.47599983215332, 9.468000411987305, 9.468000411987305, -19.40399932861328, 9.432000160217285] joint_vel=[-0.0, 7.920000076293945, -0.18000000715255737, 0.0, -1.1700000762939453, 0.27000001072883606] imu_ang_vel=[0.0, -0.015979453921318054, -0.017044750973582268] imu_quat_wxyz=[0.9641158580780029, -0.18893033266067505, 0.028545282781124115, -0.1843125820159912]
joint_pos=[9.324000358581543, -19.54800033569336, 9.539999961853027, 9.468000411987305, -19.440000534057617, 9.468000411987305] joint_vel=[0.36000001430511475, -1.1700000762939453, 1.0800000429153442, -0.09000000357627869, -0.18000000715255737, 0.09000000357627869] imu_ang_vel=[0.0, -0.015979453921318054, -0.017044750973582268] imu_quat_wxyz=[0.9641158580780029, -0.18893033266067505, 0.028545282781124115, -0.1843125820159912]
joint_pos=[9.288000106811523, -19.54800033569336, 9.576000213623047, 9.539999961853027, -19.47599983215332, 9.539999961853027] joint_vel=[-0.0, 0.7200000286102295, 0.18000000715255737, -0.44999998807907104, -0.18000000715255737, 8.460000038146973] imu_ang_vel=[0.0, -0.02663242258131504, -0.017044750973582268] imu_quat_wxyz=[0.973292887210846, -0.17505554854869843, 0.028299078345298767, -0.145793154835701]
joint_pos=[9.324000358581543, -19.583999633789062, 9.61199951171875, 9.539999961853027, -19.512001037597656, 9.539999961853027] joint_vel=[0.09000000357627869, 1.0800000429153442, -0.09000000357627869, -0.809999942779541, -0.0, 0.36000001430511475] imu_ang_vel=[0.0, -0.02663242258131504, -0.017044750973582268] imu_quat_wxyz=[0.973292887210846, -0.17505554854869843, 0.028299078345298767, -0.145793154835701]
joint_pos=[9.324000358581543, -19.583999633789062, 9.684000015258789, 9.576000213623047, -19.54800033569336, 9.576000213623047] joint_vel=[-0.0, 0.7200000286102295, 2.430000066757202, 0.18000000715255737, 3.690000057220459, 0.18000000715255737] imu_ang_vel=[0.0, -0.010652969591319561, 0.0] imu_quat_wxyz=[0.9826874136924744, -0.15513156354427338, 0.028961988165974617, -0.09706047922372818]
joint_pos=[9.324000358581543, -19.583999633789062, 9.720000267028809, 9.539999961853027, -19.54800033569336, 9.61199951171875] joint_vel=[0.09000000357627869, -0.09000000357627869, -0.18000000715255737, -0.36000001430511475, 0.09000000357627869, 0.8999999761581421] imu_ang_vel=[0.0, -0.010652969591319561, 0.0] imu_quat_wxyz=[0.9826874136924744, -0.15513156354427338, 0.028961988165974617, -0.09706047922372818]
joint_pos=[9.324000358581543, -19.619998931884766, 9.720000267028809, 9.576000213623047, -19.583999633789062, 9.684000015258789] joint_vel=[-0.0, -0.7200000286102295, 0.27000001072883606, 0.44999998807907104, -0.0, 0.6299999952316284] imu_ang_vel=[0.0, 0.0, 0.0] imu_quat_wxyz=[0.9890562295913696, -0.13442660868167877, 0.03112805262207985, -0.052232254296541214]
joint_pos=[9.324000358581543, -19.6560001373291, 9.791999816894531, 9.576000213623047, -19.583999633789062, 9.720000267028809] joint_vel=[-0.0, 7.740000247955322, 5.21999979019165, -0.18000000715255737, -0.27000001072883606, 0.27000001072883606] imu_ang_vel=[0.0, 0.0, 0.0] imu_quat_wxyz=[0.9890562295913696, -0.13442660868167877, 0.03112805262207985, -0.052232254296541214]
joint_pos=[9.395999908447266, -19.6560001373291, 9.82800006866455, 9.61199951171875, -19.583999633789062, 9.720000267028809] joint_vel=[-0.27000001072883606, 1.1700000762939453, 0.36000001430511475, -0.18000000715255737, -0.18000000715255737, 0.27000001072883606] imu_ang_vel=[-0.01811004802584648, 0.0, 0.030893610790371895] imu_quat_wxyz=[0.9928119778633118, -0.11410721391439438, 0.03408995270729065, -0.011914004571735859]
joint_pos=[9.395999908447266, -19.6560001373291, 9.82800006866455, 9.61199951171875, -19.583999633789062, 9.756000518798828] joint_vel=[-0.0, -0.6299999952316284, 0.18000000715255737, 0.27000001072883606, -0.0, 0.7200000286102295] imu_ang_vel=[-0.01811004802584648, 0.0, 0.030893610790371895] imu_quat_wxyz=[0.9928119778633118, -0.11410721391439438, 0.03408995270729065, -0.011914004571735859]
joint_pos=[9.395999908447266, -19.691999435424805, 9.86400032043457, 9.61199951171875, -19.619998931884766, 9.756000518798828] joint_vel=[0.27000001072883606, 0.809999942779541, 0.18000000715255737, 0.0, 0.44999998807907104, 0.27000001072883606] imu_ang_vel=[0.0, 0.0, 0.011718266643583775] imu_quat_wxyz=[0.9944694638252258, -0.09516147524118423, 0.03760997951030731, 0.023666834458708763]
joint_pos=[9.395999908447266, -19.691999435424805, 9.86400032043457, 9.61199951171875, -19.619998931884766, 9.791999816894531] joint_vel=[-0.0, 0.0, 0.0, 0.18000000715255737, -0.0, -0.0] imu_ang_vel=[0.0, 0.0, 0.011718266643583775] imu_quat_wxyz=[0.9944694638252258, -0.09516147524118423, 0.03760997951030731, 0.023666834458708763]
ONNX startup: move command complete; waiting for measured joints to enter +/-2 deg.
ONNX startup: measured joints reached the default pose; holding before inference.
joint_pos=[9.395999908447266, -19.691999435424805, 9.86400032043457, 9.61199951171875, -19.619998931884766, 9.791999816894531] joint_vel=[-0.09000000357627869, 0.0, 0.0, 0.09000000357627869, -0.0, -1.1700000762939453] imu_ang_vel=[0.0, 0.0, 0.011718266643583775] imu_quat_wxyz=[0.9946233630180359, -0.07784798741340637, 0.041147954761981964, 0.054504528641700745]
joint_pos=[9.395999908447266, -19.691999435424805, 9.86400032043457, 9.61199951171875, -19.619998931884766, 9.791999816894531] joint_vel=[0.27000001072883606, 0.0, 0.0, -0.09000000357627869, 0.09000000357627869, 2.609999895095825] imu_ang_vel=[0.0, 0.0, 0.011718266643583775] imu_quat_wxyz=[0.9946233630180359, -0.07784798741340637, 0.041147954761981964, 0.054504528641700745]
joint_pos=[9.395999908447266, -19.691999435424805, 9.86400032043457, 9.61199951171875, -19.619998931884766, 9.791999816894531] joint_vel=[0.27000001072883606, -0.18000000715255737, 0.09000000357627869, 0.18000000715255737, -0.0, -2.069999933242798] imu_ang_vel=[0.0, 0.0, 0.013848859816789627] imu_quat_wxyz=[0.9937623143196106, -0.06238355115056038, 0.04482761770486832, 0.08084116876125336]
joint_pos=[9.395999908447266, -19.691999435424805, 9.86400032043457, 9.61199951171875, -19.619998931884766, 9.791999816894531] joint_vel=[-0.0, -0.09000000357627869, 0.09000000357627869, 0.0, -0.0, 2.430000066757202] imu_ang_vel=[0.0, 0.0, 0.013848859816789627] imu_quat_wxyz=[0.9937623143196106, -0.06238355115056038, 0.04482761770486832, 0.08084116876125336]
joint_pos=[9.395999908447266, -19.691999435424805, 9.86400032043457, 9.61199951171875, -19.619998931884766, 9.791999816894531] joint_vel=[-0.0, 0.0, 0.18000000715255737, 0.0, -0.0, -0.0] imu_ang_vel=[0.0, 0.0, 0.010652969591319561] imu_quat_wxyz=[0.9927061796188354, -0.05193068087100983, 0.047554705291986465, 0.0978582575917244]
joint_pos=[9.395999908447266, -19.691999435424805, 9.86400032043457, 9.61199951171875, -19.619998931884766, 9.791999816894531] joint_vel=[0.18000000715255737, 0.0, -0.27000001072883606, 0.0, -0.0, -0.36000001430511475] imu_ang_vel=[0.0, 0.0, 0.010652969591319561] imu_quat_wxyz=[0.9927061796188354, -0.05193068087100983, 0.047554705291986465, 0.0978582575917244]
joint_pos=[9.395999908447266, -19.691999435424805, 9.86400032043457, 9.61199951171875, -19.619998931884766, 9.82800006866455] joint_vel=[-0.0, 0.0, 0.0, 0.0, -0.0, 0.09000000357627869] imu_ang_vel=[0.0, 0.0, 0.0] imu_quat_wxyz=[0.9910083413124084, -0.039524003863334656, 0.05086297169327736, 0.1172739639878273]
joint_pos=[9.395999908447266, -19.691999435424805, 9.86400032043457, 9.61199951171875, -19.619998931884766, 9.82800006866455] joint_vel=[-0.09000000357627869, 0.0, 0.0, 0.09000000357627869, -0.0, 0.809999942779541] imu_ang_vel=[0.0, 0.0, 0.0] imu_quat_wxyz=[0.9910083413124084, -0.039524003863334656, 0.05086297169327736, 0.1172739639878273]
joint_pos=[9.395999908447266, -19.691999435424805, 9.86400032043457, 9.61199951171875, -19.619998931884766, 9.82800006866455] joint_vel=[-0.0, 0.0, -0.27000001072883606, 0.0, -0.0, -0.6299999952316284] imu_ang_vel=[0.0, 0.0, 0.0] imu_quat_wxyz=[0.989159107208252, -0.028849544003605843, 0.053884368389844894, 0.1335224211215973]
joint_pos=[9.395999908447266, -19.691999435424805, 9.86400032043457, 9.61199951171875, -19.619998931884766, 9.82800006866455] joint_vel=[-0.0, 0.0, 0.0, -0.18000000715255737, 0.09000000357627869, 0.7200000286102295] imu_ang_vel=[0.0, 0.0, 0.0] imu_quat_wxyz=[0.989159107208252, -0.028849544003605843, 0.053884368389844894, 0.1335224211215973]
joint_pos=[9.395999908447266, -19.691999435424805, 9.86400032043457, 9.61199951171875, -19.619998931884766, 9.82800006866455] joint_vel=[-0.09000000357627869, 0.27000001072883606, 0.0, 0.0, -0.0, -1.53000009059906] imu_ang_vel=[0.0, 0.0, 0.0] imu_quat_wxyz=[0.987323522567749, -0.01990300789475441, 0.056388866156339645, 0.14702509343624115]
joint_pos=[9.395999908447266, -19.691999435424805, 9.86400032043457, 9.61199951171875, -19.619998931884766, 9.82800006866455] joint_vel=[0.18000000715255737, 0.0, 0.0, 0.0, -0.0, 0.9900000095367432] imu_ang_vel=[0.0, 0.0, 0.0] imu_quat_wxyz=[0.987323522567749, -0.01990300789475441, 0.056388866156339645, 0.14702509343624115]
joint_pos=[9.395999908447266, -19.691999435424805, 9.86400032043457, 9.61199951171875, -19.619998931884766, 9.82800006866455] joint_vel=[0.18000000715255737, 0.0, 0.0, 0.0, -0.0, -0.27000001072883606] imu_ang_vel=[0.0, 0.0, 0.0] imu_quat_wxyz=[0.9860058426856995, -0.014145023189485073, 0.05804653838276863, 0.1556370109319687]
joint_pos=[9.395999908447266, -19.691999435424805, 9.86400032043457, 9.61199951171875, -19.619998931884766, 9.82800006866455] joint_vel=[0.18000000715255737, 0.09000000357627869, 0.0, 0.09000000357627869, -0.0, -0.5400000214576721] imu_ang_vel=[0.0, 0.0, 0.0] imu_quat_wxyz=[0.9860058426856995, -0.014145023189485073, 0.05804653838276863, 0.1556370109319687]
joint_pos=[9.395999908447266, -19.691999435424805, 9.86400032043457, 9.61199951171875, -19.619998931884766, 9.82800006866455] joint_vel=[-0.0, 0.0, 0.0, 0.0, -0.0, 0.7200000286102295] imu_ang_vel=[0.010652969591319561, 0.0, 0.0] imu_quat_wxyz=[0.9843661785125732, -0.007422150578349829, 0.059984270483255386, 0.16543865203857422]
joint_pos=[9.395999908447266, -19.691999435424805, 9.86400032043457, 9.61199951171875, -19.619998931884766, 9.82800006866455] joint_vel=[-0.0, 0.0, -0.27000001072883606, 0.0, -0.0, 1.0800000429153442] imu_ang_vel=[0.010652969591319561, 0.0, 0.0] imu_quat_wxyz=[0.9843661785125732, -0.007422150578349829, 0.059984270483255386, 0.16543865203857422]
joint_pos=[9.395999908447266, -19.691999435424805, 9.86400032043457, 9.61199951171875, -19.619998931884766, 9.82800006866455] joint_vel=[0.09000000357627869, 0.0, -0.18000000715255737, -0.09000000357627869, -0.0, -1.0800000429153442] imu_ang_vel=[0.012783562764525414, 0.0, 0.0] imu_quat_wxyz=[0.9828751683235168, -0.0015937293646857142, 0.0617486871778965, 0.17361167073249817]
joint_pos=[9.395999908447266, -19.691999435424805, 9.86400032043457, 9.61199951171875, -19.619998931884766, 9.82800006866455] joint_vel=[-0.0, 0.0, 0.0, -0.09000000357627869, -0.0, 1.2599999904632568] imu_ang_vel=[0.012783562764525414, 0.0, 0.0] imu_quat_wxyz=[0.9828751683235168, -0.0015937293646857142, 0.0617486871778965, 0.17361167073249817]
joint_pos=[9.395999908447266, -19.691999435424805, 9.86400032043457, 9.61199951171875, -19.619998931884766, 9.82800006866455] joint_vel=[-0.0, 0.0, 0.0, 0.0, -0.0, -1.619999885559082] imu_ang_vel=[0.010652969591319561, 0.0, 0.0] imu_quat_wxyz=[0.9815546274185181, 0.0034239599481225014, 0.06334462016820908, 0.1803504079580307]
joint_pos=[9.395999908447266, -19.691999435424805, 9.86400032043457, 9.61199951171875, -19.619998931884766, 9.82800006866455] joint_vel=[-0.18000000715255737, 0.0, 0.0, 0.09000000357627869, -0.0, 1.53000009059906] imu_ang_vel=[0.010652969591319561, 0.0, 0.0] imu_quat_wxyz=[0.9815546274185181, 0.0034239599481225014, 0.06334462016820908, 0.1803504079580307]
joint_pos=[9.395999908447266, -19.691999435424805, 9.86400032043457, 9.61199951171875, -19.619998931884766, 9.82800006866455] joint_vel=[0.18000000715255737, 0.0, 0.0, 0.0, -0.0, 0.6299999952316284] imu_ang_vel=[0.011718266643583775, 0.0, 0.0] imu_quat_wxyz=[0.9804107546806335, 0.007606418337672949, 0.06463401019573212, 0.1859014332294464]
joint_pos=[9.395999908447266, -19.691999435424805, 9.86400032043457, 9.61199951171875, -19.619998931884766, 9.82800006866455] joint_vel=[0.09000000357627869, 0.0, 0.0, 0.0, -0.0, 0.6299999952316284] imu_ang_vel=[0.011718266643583775, 0.0, 0.0] imu_quat_wxyz=[0.9804107546806335, 0.007606418337672949, 0.06463401019573212, 0.1859014332294464]
joint_pos=[9.395999908447266, -19.691999435424805, 9.86400032043457, 9.61199951171875, -19.619998931884766, 9.82800006866455] joint_vel=[-0.0, 0.09000000357627869, 0.0, 0.0, 0.09000000357627869, -0.09000000357627869] imu_ang_vel=[0.0, 0.0, 0.0] imu_quat_wxyz=[0.9794169664382935, 0.010927884839475155, 0.06572038680315018, 0.19053512811660767]
joint_pos=[9.395999908447266, -19.691999435424805, 9.86400032043457, 9.61199951171875, -19.619998931884766, 9.82800006866455] joint_vel=[0.27000001072883606, 0.0, 0.0, -0.18000000715255737, -0.0, -0.0] imu_ang_vel=[0.0, 0.0, 0.0] imu_quat_wxyz=[0.9794169664382935, 0.010927884839475155, 0.06572038680315018, 0.19053512811660767]
joint_pos=[9.395999908447266, -19.691999435424805, 9.86400032043457, 9.61199951171875, -19.619998931884766, 9.82800006866455] joint_vel=[0.09000000357627869, 0.0, 0.0, 0.36000001430511475, 0.09000000357627869, -0.809999942779541] imu_ang_vel=[0.0, 0.0, 0.0] imu_quat_wxyz=[0.9785742163658142, 0.013562483713030815, 0.06652050465345383, 0.1943797618150711]
joint_pos=[9.395999908447266, -19.691999435424805, 9.86400032043457, 9.61199951171875, -19.619998931884766, 9.82800006866455] joint_vel=[-0.18000000715255737, 0.0, 0.0, -0.36000001430511475, -0.0, 1.1700000762939453] imu_ang_vel=[0.0, 0.0, 0.0] imu_quat_wxyz=[0.9785742163658142, 0.013562483713030815, 0.06652050465345383, 0.1943797618150711]
joint_pos=[9.395999908447266, -19.691999435424805, 9.86400032043457, 9.61199951171875, -19.619998931884766, 9.82800006866455] joint_vel=[-0.0, 0.27000001072883606, 0.0, 0.0, -0.0, -0.7200000286102295] imu_ang_vel=[0.0, 0.0, 0.0] imu_quat_wxyz=[0.9778571724891663, 0.015798650681972504, 0.0671757385134697, 0.19756805896759033]
joint_pos=[9.395999908447266, -19.691999435424805, 9.86400032043457, 9.61199951171875, -19.619998931884766, 9.82800006866455] joint_vel=[0.09000000357627869, 0.18000000715255737, -0.18000000715255737, 0.09000000357627869, -0.0, 1.350000023841858] imu_ang_vel=[0.0, 0.0, 0.0] imu_quat_wxyz=[0.9778571724891663, 0.015798650681972504, 0.0671757385134697, 0.19756805896759033]
joint_pos=[9.395999908447266, -19.691999435424805, 9.86400032043457, 9.61199951171875, -19.619998931884766, 9.82800006866455] joint_vel=[-0.09000000357627869, 0.0, 0.0, 0.0, -0.0, 1.2599999904632568] imu_ang_vel=[0.0, 0.0, 0.0] imu_quat_wxyz=[0.9772504568099976, 0.01762065291404724, 0.06770723313093185, 0.20021659135818481]
joint_pos=[9.395999908447266, -19.691999435424805, 9.86400032043457, 9.61199951171875, -19.619998931884766, 9.82800006866455] joint_vel=[-0.18000000715255737, 0.0, 0.0, 0.0, -0.0, 0.09000000357627869] imu_ang_vel=[0.0, 0.0, 0.0] imu_quat_wxyz=[0.9772504568099976, 0.01762065291404724, 0.06770723313093185, 0.20021659135818481]
joint_pos=[9.395999908447266, -19.691999435424805, 9.86400032043457, 9.61199951171875, -19.619998931884766, 9.82800006866455] joint_vel=[-0.0, 0.0, 0.0, 0.0, -0.0, 0.27000001072883606] imu_ang_vel=[0.0, 0.0, 0.0] imu_quat_wxyz=[0.9767420291900635, 0.019195253029465675, 0.06813880801200867, 0.20239511132240295]
joint_pos=[9.395999908447266, -19.691999435424805, 9.86400032043457, 9.61199951171875, -19.619998931884766, 9.82800006866455] joint_vel=[-0.27000001072883606, 0.18000000715255737, 0.0, 0.0, -0.0, -2.609999895095825] imu_ang_vel=[0.0, 0.0, 0.0] imu_quat_wxyz=[0.9767420291900635, 0.019195253029465675, 0.06813880801200867, 0.20239511132240295]
joint_pos=[9.395999908447266, -19.691999435424805, 9.86400032043457, 9.61199951171875, -19.619998931884766, 9.82800006866455] joint_vel=[-0.0, 0.0, 0.0, 0.0, -0.0, -0.27000001072883606] imu_ang_vel=[0.0, 0.0, 0.0] imu_quat_wxyz=[0.9763196110725403, 0.020551158115267754, 0.06854986399412155, 0.20415297150611877]
joint_pos=[9.395999908447266, -19.691999435424805, 9.86400032043457, 9.61199951171875, -19.619998931884766, 9.82800006866455] joint_vel=[-0.0, 0.0, 0.0, 0.0, -0.0, -0.27000001072883606] imu_ang_vel=[0.0, 0.0, 0.0] imu_quat_wxyz=[0.9763196110725403, 0.020551158115267754, 0.06854986399412155, 0.20415297150611877]
joint_pos=[9.395999908447266, -19.691999435424805, 9.86400032043457, 9.61199951171875, -19.619998931884766, 9.82800006866455] joint_vel=[-0.0, 0.0, 0.0, 0.09000000357627869, 0.09000000357627869, -0.7200000286102295] imu_ang_vel=[0.0, 0.0, 0.0] imu_quat_wxyz=[0.9759722352027893, 0.02167399413883686, 0.06889472156763077, 0.20557720959186554]
joint_pos=[9.395999908447266, -19.691999435424805, 9.86400032043457, 9.61199951171875, -19.619998931884766, 9.82800006866455] joint_vel=[-0.0, 0.0, 0.0, 0.0, -0.0, -1.0800000429153442] imu_ang_vel=[0.0, 0.0, 0.0] imu_quat_wxyz=[0.9759722352027893, 0.02167399413883686, 0.06889472156763077, 0.20557720959186554]
joint_pos=[9.395999908447266, -19.691999435424805, 9.86400032043457, 9.61199951171875, -19.619998931884766, 9.82800006866455] joint_vel=[-0.18000000715255737, 0.0, 0.0, 0.0, -0.0, 0.18000000715255737] imu_ang_vel=[0.0, 0.0, 0.010652969591319561] imu_quat_wxyz=[0.9756631851196289, 0.022533025592565536, 0.06918175518512726, 0.20685143768787384]
joint_pos=[9.395999908447266, -19.691999435424805, 9.86400032043457, 9.61199951171875, -19.619998931884766, 9.82800006866455] joint_vel=[0.09000000357627869, 0.0, 0.0, -0.09000000357627869, -0.0, 1.1700000762939453] imu_ang_vel=[0.0, 0.0, 0.010652969591319561] imu_quat_wxyz=[0.9756631851196289, 0.022533025592565536, 0.06918175518512726, 0.20685143768787384]
joint_pos=[9.395999908447266, -19.691999435424805, 9.86400032043457, 9.61199951171875, -19.619998931884766, 9.82800006866455] joint_vel=[-0.27000001072883606, 0.0, 0.0, -0.09000000357627869, -0.0, 0.5400000214576721] imu_ang_vel=[0.0, 0.0, 0.010652969591319561] imu_quat_wxyz=[0.9753898978233337, 0.023236144334077835, 0.06938917934894562, 0.20798970758914948]
joint_pos=[9.395999908447266, -19.691999435424805, 9.86400032043457, 9.61199951171875, -19.619998931884766, 9.82800006866455] joint_vel=[0.27000001072883606, 0.0, 0.0, 0.0, -0.0, -0.18000000715255737] imu_ang_vel=[0.0, 0.0, 0.010652969591319561] imu_quat_wxyz=[0.9753898978233337, 0.023236144334077835, 0.06938917934894562, 0.20798970758914948]
joint_pos=[9.395999908447266, -19.691999435424805, 9.86400032043457, 9.61199951171875, -19.619998931884766, 9.82800006866455] joint_vel=[0.18000000715255737, 0.0, 0.0, 0.09000000357627869, -0.27000001072883606, -0.36000001430511475] imu_ang_vel=[0.0, 0.0, 0.0] imu_quat_wxyz=[0.9751537442207336, 0.023760449141263962, 0.06953631341457367, 0.20898611843585968]
joint_pos=[9.395999908447266, -19.691999435424805, 9.86400032043457, 9.61199951171875, -19.619998931884766, 9.82800006866455] joint_vel=[-0.18000000715255737, 0.0, 0.0, 0.0, -0.0, 0.18000000715255737] imu_ang_vel=[0.0, 0.0, 0.0] imu_quat_wxyz=[0.9751537442207336, 0.023760449141263962, 0.06953631341457367, 0.20898611843585968]
joint_pos=[9.395999908447266, -19.691999435424805, 9.86400032043457, 9.61199951171875, -19.619998931884766, 9.82800006866455] joint_vel=[-0.0, 0.0, 0.0, 0.0, -0.0, -0.44999998807907104] imu_ang_vel=[0.0, 0.0, 0.0] imu_quat_wxyz=[0.9750286340713501, 0.02412284165620804, 0.06961198896169662, 0.20950259268283844]
joint_pos=[9.395999908447266, -19.691999435424805, 9.86400032043457, 9.61199951171875, -19.619998931884766, 9.82800006866455] joint_vel=[-0.0, 0.0, 0.0, 0.0, 0.18000000715255737, 0.27000001072883606] imu_ang_vel=[0.0, 0.0, 0.0] imu_quat_wxyz=[0.9750286340713501, 0.02412284165620804, 0.06961198896169662, 0.20950259268283844]
joint_pos=[9.395999908447266, -19.691999435424805, 9.86400032043457, 9.61199951171875, -19.619998931884766, 9.82800006866455] joint_vel=[0.09000000357627869, 0.0, 0.0, -0.09000000357627869, -0.0, 0.27000001072883606] imu_ang_vel=[0.0, 0.0, 0.0] imu_quat_wxyz=[0.9749007225036621, 0.024519022554159164, 0.06967027485370636, 0.21003185212612152]
joint_pos=[9.395999908447266, -19.691999435424805, 9.86400032043457, 9.61199951171875, -19.619998931884766, 9.82800006866455] joint_vel=[-0.09000000357627869, 0.0, 0.0, 0.0, -0.0, 0.809999942779541] imu_ang_vel=[0.0, 0.0, 0.0] imu_quat_wxyz=[0.9749007225036621, 0.024519022554159164, 0.06967027485370636, 0.21003185212612152]
joint_pos=[9.395999908447266, -19.691999435424805, 9.86400032043457, 9.61199951171875, -19.619998931884766, 9.82800006866455] joint_vel=[0.09000000357627869, 0.0, 0.0, 0.0, -0.0, 0.809999942779541] imu_ang_vel=[0.0, 0.0, 0.0] imu_quat_wxyz=[0.9747983813285828, 0.024835923686623573, 0.06968533992767334, 0.2104642540216446]
joint_pos=[9.395999908447266, -19.691999435424805, 9.86400032043457, 9.61199951171875, -19.619998931884766, 9.82800006866455] joint_vel=[-0.09000000357627869, 0.0, 0.0, -0.09000000357627869, -0.0, 0.7200000286102295] imu_ang_vel=[0.0, 0.0, 0.0] imu_quat_wxyz=[0.9747983813285828, 0.024835923686623573, 0.06968533992767334, 0.2104642540216446]
joint_pos=[9.395999908447266, -19.691999435424805, 9.86400032043457, 9.61199951171875, -19.619998931884766, 9.82800006866455] joint_vel=[-0.0, 0.0, 0.0, 0.0, -0.0, 0.5400000214576721] imu_ang_vel=[0.0, 0.0, 0.0] imu_quat_wxyz=[0.9747146964073181, 0.02509687840938568, 0.06970170885324478, 0.21081508696079254]
joint_pos=[9.395999908447266, -19.691999435424805, 9.86400032043457, 9.61199951171875, -19.619998931884766, 9.82800006866455] joint_vel=[-0.09000000357627869, 0.0, 0.0, 0.18000000715255737, -0.0, -0.36000001430511475] imu_ang_vel=[0.0, 0.0, 0.0] imu_quat_wxyz=[0.9747146964073181, 0.02509687840938568, 0.06970170885324478, 0.21081508696079254]
joint_pos=[9.395999908447266, -19.691999435424805, 9.86400032043457, 9.61199951171875, -19.619998931884766, 9.82800006866455] joint_vel=[-0.09000000357627869, 0.0, 0.0, 0.0, -0.0, -0.8999999761581421] imu_ang_vel=[0.0, 0.0, 0.0] imu_quat_wxyz=[0.9746434092521667, 0.025337660685181618, 0.069734588265419, 0.21110492944717407]
ONNX startup complete: history, last_action and gait phase reset; actor inference started.
joint_pos=[9.395999908447266, -19.691999435424805, 9.86400032043457, 9.61199951171875, -19.619998931884766, 9.82800006866455] joint_vel=[-0.0, 0.0, 0.0, -0.27000001072883606, -0.0, 0.6299999952316284] imu_ang_vel=[0.0, 0.0, 0.0] imu_quat_wxyz=[0.9746434092521667, 0.025337660685181618, 0.069734588265419, 0.21110492944717407]
joint_pos=[9.395999908447266, -19.691999435424805, 9.86400032043457, 9.61199951171875, -19.619998931884766, 9.82800006866455] joint_vel=[-0.0, 0.0, 0.0, 0.27000001072883606, -0.0, -0.0] imu_ang_vel=[0.0, -0.011718266643583775, -0.010652969591319561] imu_quat_wxyz=[0.9745678901672363, 0.025622520595788956, 0.07020309567451477, 0.21126405894756317]
joint_pos=[4.716000080108643, -16.09200096130371, 9.86400032043457, 9.61199951171875, -15.804000854492188, 9.82800006866455] joint_vel=[-307.260009765625, 78.66000366210938, 0.0, 0.27000001072883606, 83.5199966430664, -0.0] imu_ang_vel=[0.0, -0.011718266643583775, -0.010652969591319561] imu_quat_wxyz=[0.9745678901672363, 0.025622520595788956, 0.07020309567451477, 0.21126405894756317]
joint_pos=[6.156000137329102, -14.292000770568848, 9.86400032043457, 9.61199951171875, -15.804000854492188, 9.82800006866455] joint_vel=[-0.0, 11.609999656677246, 0.0, 0.27000001072883606, 83.5199966430664, -0.0] imu_ang_vel=[-0.3515479862689972, -2.0965044498443604, -1.3848860263824463] imu_quat_wxyz=[0.9815956354141235, 0.008222799748182297, 0.026526179164648056, 0.18894092738628387]
joint_pos=[-0.0, 0.0, 0.0, 0.0, -0.0, -0.0] joint_vel=[-0.0, 0.0, 0.0, 0.0, -0.0, -0.0] imu_ang_vel=[-0.3515479862689972, -2.0965044498443604, -1.3848860263824463] imu_quat_wxyz=[0.9815956354141235, 0.008222799748182297, 0.026526179164648056, 0.18894092738628387]
joint_pos=[-4.751999855041504, -1.4759999513626099, -2.7360000610351562, 3.8520002365112305, 3.8520002365112305, 1.4759999513626099] joint_vel=[-118.80000305175781, 46.08000183105469, 135.89999389648438, 33.38999938964844, -60.75, 32.57999801635742] imu_ang_vel=[0.47831833362579346, 0.01491415686905384, -0.9907261729240417] imu_quat_wxyz=[0.989396870136261, 0.007545159664005041, -0.0043098656460642815, 0.14497683942317963]
joint_pos=[-0.0, 0.0, -2.7360000610351562, 3.8520002365112305, -0.0, 1.4759999513626099] joint_vel=[-0.0, 0.0, 135.89999389648438, 33.38999938964844, -0.0, 32.57999801635742] imu_ang_vel=[0.47831833362579346, 0.01491415686905384, -0.9907261729240417] imu_quat_wxyz=[0.989396870136261, 0.007545159664005041, -0.0043098656460642815, 0.14497683942317963]
joint_pos=[-2.2320001125335693, 8.567999839782715, -4.932000160217285, 6.875999927520752, -1.619999885559082, 7.452000141143799] joint_vel=[97.0199966430664, -2.069999933242798, 144.08999633789062, 87.84000396728516, -121.86000061035156, 194.40000915527344] imu_ang_vel=[0.1960146427154541, 0.19175344705581665, -0.802168607711792] imu_quat_wxyz=[0.9823698401451111, -0.01746375672519207, 0.05446728691458702, 0.17798258364200592]
joint_pos=[1.9800000190734863, -22.14000129699707, 35.74799728393555, 9.756000518798828, -32.47200012207031, 22.211999893188477] joint_vel=[55.529998779296875, -396.7200012207031, 276.3900146484375, 274.95001220703125, -386.8199768066406, 204.92999267578125] imu_ang_vel=[0.1960146427154541, 0.19175344705581665, -0.802168607711792] imu_quat_wxyz=[0.9823698401451111, -0.01746375672519207, 0.05446728691458702, 0.17798258364200592]
joint_pos=[-0.0, 0.0, 0.0, 0.0, -0.0, -0.0] joint_vel=[-0.0, 0.0, 0.0, 0.0, -0.0, -0.0] imu_ang_vel=[-0.05646073818206787, 0.20347172021865845, 0.9246777296066284] imu_quat_wxyz=[0.9717262387275696, -0.006584234535694122, 0.10825823992490768, 0.20972569286823273]
joint_pos=[-5.97599983215332, 5.25600004196167, -2.98799991607666, 0.2879999876022339, -4.427999973297119, 6.984000205993652] joint_vel=[38.43000030517578, -156.14999389648438, 205.1999969482422, 30.420000076293945, -168.47999572753906, 228.42001342773438] imu_ang_vel=[-0.05646073818206787, 0.20347172021865845, 0.9246777296066284] imu_quat_wxyz=[0.9717262387275696, -0.006584234535694122, 0.10825823992490768, 0.20972569286823273]
joint_pos=[3.888000011444092, -36.43199920654297, -2.98799991607666, 15.552000045776367, -46.90800094604492, 6.984000205993652] joint_vel=[-53.459999084472656, -278.9100036621094, 205.1999969482422, 136.6199951171875, -293.489990234375, 228.42001342773438] imu_ang_vel=[0.012783562764525414, -0.6977695226669312, -0.620002806186676] imu_quat_wxyz=[0.9857118129730225, -0.006390693597495556, 0.08871708065271378, 0.14304037392139435]
joint_pos=[-0.0, -36.43199920654297, -2.98799991607666, 0.0, -0.0, 4.427999973297119] joint_vel=[-0.0, -278.9100036621094, 205.1999969482422, 0.0, -0.0, -0.0] imu_ang_vel=[0.012783562764525414, -0.6977695226669312, -0.620002806186676] imu_quat_wxyz=[0.9857118129730225, -0.006390693597495556, 0.08871708065271378, 0.14304037392139435]
joint_pos=[-11.268000602722168, 0.0, 0.0, 9.503999710083008, 6.875999927520752, 4.427999973297119] joint_vel=[-83.61000061035156, 0.0, 0.0, 105.38999938964844, -106.11000061035156, -0.0] imu_ang_vel=[-0.4133352041244507, 0.0468730665743351, -1.4882198572158813] imu_quat_wxyz=[0.9955024123191833, 0.0026885855477303267, 0.07278752326965332, 0.06057792156934738]
joint_pos=[-11.268000602722168, -0.46799999475479126, 0.0, 9.503999710083008, -59.795997619628906, 4.427999973297119] joint_vel=[-83.61000061035156, -138.8699951171875, 0.0, 105.38999938964844, -343.6199951171875, -0.0] imu_ang_vel=[-0.4133352041244507, 0.0468730665743351, -1.4882198572158813] imu_quat_wxyz=[0.9955024123191833, 0.0026885855477303267, 0.07278752326965332, 0.06057792156934738]
joint_pos=[-5.796000003814697, -42.19200134277344, -2.6640000343322754, 4.211999893188477, -59.795997619628906, -0.0] joint_vel=[-0.0, -173.16000366210938, 0.0, 0.0, -343.6199951171875, -0.0] imu_ang_vel=[0.5582156181335449, -0.3387644290924072, -0.0468730665743351] imu_quat_wxyz=[0.9987155199050903, -0.028591876849532127, 0.03428661823272705, -0.02396283857524395]
joint_pos=[-8.567999839782715, -35.099998474121094, 35.24399948120117, 21.09600067138672, 2.124000072479248, 9.03600025177002] joint_vel=[231.75, 517.8600463867188, 114.29999542236328, -36.810001373291016, -0.0, 2297.969970703125] imu_ang_vel=[0.5582156181335449, -0.3387644290924072, -0.0468730665743351] imu_quat_wxyz=[0.9987155199050903, -0.028591876849532127, 0.03428661823272705, -0.02396283857524395]
joint_pos=[-38.736000061035156, -26.31599998474121, 0.0, 0.0, -63.14400100708008, -0.0] joint_vel=[298.9800109863281, 432.17999267578125, 0.0, 0.0, -159.83999633789062, -0.0] imu_ang_vel=[0.602958083152771, 2.9998762607574463, 2.065610647201538] imu_quat_wxyz=[0.9975562691688538, -0.039090316742658615, 0.012930670753121376, -0.05644645541906357]
joint_pos=[-32.61600112915039, -18.972000122070312, 3.74399995803833, 0.3959999978542328, -59.183998107910156, 8.96399974822998] joint_vel=[349.1099853515625, 377.6400146484375, 120.60000610351562, 131.5800018310547, 381.0600280761719, 108.08999633789062] imu_ang_vel=[0.602958083152771, 2.9998762607574463, 2.065610647201538] imu_quat_wxyz=[0.9975562691688538, -0.039090316742658615, 0.012930670753121376, -0.05644645541906357]
joint_pos=[-25.95599937438965, -12.204000473022461, 3.74399995803833, 29.34000015258789, -51.73200225830078, 8.96399974822998] joint_vel=[367.8299865722656, 317.78997802734375, 120.60000610351562, 295.6499938964844, 399.1499938964844, 108.08999633789062] imu_ang_vel=[2.9039993286132812, 4.061977386474609, 2.1369855403900146] imu_quat_wxyz=[0.9937747120857239, 0.0009611169807612896, 0.09945793449878693, -0.05018899217247963]
joint_pos=[-0.0, 0.0, 0.0, 0.0, -0.0, -0.0] joint_vel=[-0.0, 0.0, 0.0, 0.0, -0.0, -0.0] imu_ang_vel=[2.9039993286132812, 4.061977386474609, 2.1369855403900146] imu_quat_wxyz=[0.9937747120857239, 0.0009611169807612896, 0.09945793449878693, -0.05018899217247963]
joint_pos=[-7.199999809265137, 0.2160000056028366, -1.9079999923706055, 7.667999744415283, 8.711999893188477, -1.2239999771118164] joint_vel=[73.88999938964844, -28.530000686645508, 44.369998931884766, -16.110000610351562, 310.8599853515625, -34.7400016784668] imu_ang_vel=[-0.4591429829597473, 1.8355066776275635, 1.7918294668197632] imu_quat_wxyz=[0.9835348725318909, 0.05837554857134819, 0.16073527932167053, -0.05844347923994064]
joint_pos=[-7.199999809265137, -12.02400016784668, -1.9079999923706055, 7.667999744415283, -0.0, -1.2239999771118164] joint_vel=[73.88999938964844, -0.27000001072883606, 44.369998931884766, -16.110000610351562, -0.0, -34.7400016784668] imu_ang_vel=[-0.4591429829597473, 1.8355066776275635, 1.7918294668197632] imu_quat_wxyz=[0.9835348725318909, 0.05837554857134819, 0.16073527932167053, -0.05844347923994064]
joint_pos=[-10.043999671936035, -3.7799999713897705, 0.18000000715255737, 8.711999893188477, 7.883999824523926, 0.7200000286102295] joint_vel=[-792.989990234375, 514.8900146484375, 335.1600036621094, 265.8599853515625, 263.1600036621094, -539.3699951171875] imu_ang_vel=[0.7787320613861084, -0.5614114999771118, -0.18003518879413605] imu_quat_wxyz=[0.9712800979614258, 0.08152493089437485, 0.18129493296146393, -0.13077004253864288]
joint_pos=[-10.043999671936035, -9.539999961853027, 0.18000000715255737, 8.711999893188477, 7.883999824523926, 0.7200000286102295] joint_vel=[-792.989990234375, -1768.77001953125, 335.1600036621094, 265.8599853515625, 263.1600036621094, -539.3699951171875] imu_ang_vel=[0.7787320613861084, -0.5614114999771118, -0.18003518879413605] imu_quat_wxyz=[0.9712800979614258, 0.08152493089437485, 0.18129493296146393, -0.13077004253864288]
joint_pos=[-0.0, 0.0, 0.0, 0.0, -0.0, -0.0] joint_vel=[-0.0, 0.0, 0.0, 0.0, -0.0, -0.0] imu_ang_vel=[-1.5478764772415161, -2.4619011878967285, -0.3249155580997467] imu_quat_wxyz=[0.9624849557876587, 0.07881355285644531, 0.1744881570339203, -0.1922631561756134]
joint_pos=[-6.12000036239624, 2.5199999809265137, -2.5920000076293945, 4.607999801635742, 2.4839999675750732, 4.5] joint_vel=[-199.97999572753906, -26.190000534057617, 16.3799991607666, -166.77000427246094, -256.67999267578125, -145.97999572753906] imu_ang_vel=[-1.5478764772415161, -2.4619011878967285, -0.3249155580997467] imu_quat_wxyz=[0.9624849557876587, 0.07881355285644531, 0.1744881570339203, -0.1922631561756134]
joint_pos=[-0.0, 0.0, -2.5920000076293945, 0.0, -0.0, -0.0] joint_vel=[-0.0, 0.0, 16.3799991607666, 0.0, -0.0, -0.0] imu_ang_vel=[-1.6821038722991943, -2.9285013675689697, -4.133352279663086] imu_quat_wxyz=[0.9670073390007019, -0.013800469227135181, 0.09569264203310013, -0.2356887012720108]
joint_pos=[-11.268000602722168, 0.46799999475479126, -1.1519999504089355, -0.5759999752044678, -3.492000102996826, 8.748000144958496] joint_vel=[-168.3000030517578, -48.33000183105469, -50.939998626708984, -55.35000228881836, -36.18000030517578, -121.2300033569336] imu_ang_vel=[-1.6821038722991943, -2.9285013675689697, -4.133352279663086] imu_quat_wxyz=[0.9670073390007019, -0.013800469227135181, 0.09569264203310013, -0.2356887012720108]
joint_pos=[-0.0, 0.46799999475479126, 0.0, 0.0, -3.492000102996826, -0.0] joint_vel=[-0.0, -48.33000183105469, 0.0, 0.0, -36.18000030517578, -0.0] imu_ang_vel=[0.9566366672515869, 2.5162312984466553, -7.480515003204346] imu_quat_wxyz=[0.9087303876876831, -0.07479321211576462, 0.008955863304436207, -0.4105299413204193]
joint_pos=[-5.796000003814697, 0.0, -2.6640000343322754, 4.211999893188477, -0.0, 4.427999973297119] joint_vel=[-0.0, 0.0, 0.0, 0.0, -0.0, -0.0] imu_ang_vel=[0.9566366672515869, 2.5162312984466553, -7.480515003204346] imu_quat_wxyz=[0.9087303876876831, -0.07479321211576462, 0.008955863304436207, -0.4105299413204193]
joint_pos=[-1.2960000038146973, 2.2320001125335693, -3.74399995803833, 3.888000011444092, 2.7720000743865967, 5.4720001220703125] joint_vel=[415.79998779296875, -223.74000549316406, 280.44000244140625, -23.040000915527344, -173.0699920654297, 349.20001220703125] imu_ang_vel=[1.0344033241271973, 3.5133492946624756, 0.8575640320777893] imu_quat_wxyz=[0.8888292908668518, -0.050744883716106415, -0.04265693947672844, -0.45341792702674866]
joint_pos=[-0.0, 0.0, 0.0, 0.0, -0.0, -0.0] joint_vel=[-0.0, 0.0, 0.0, 0.0, -0.0, -0.0] imu_ang_vel=[1.0344033241271973, 3.5133492946624756, 0.8575640320777893] imu_quat_wxyz=[0.8888292908668518, -0.050744883716106415, -0.04265693947672844, -0.45341792702674866]
joint_pos=[-7.164000034332275, 6.192000389099121, 0.6840000152587891, 7.271999835968018, 0.1080000028014183, 4.0320000648498535] joint_vel=[129.50999450683594, -160.29000854492188, -78.75, -16.469999313354492, 28.71000099182129, 47.880001068115234] imu_ang_vel=[2.0155417919158936, 3.9234886169433594, 4.506206035614014] imu_quat_wxyz=[0.9120996594429016, -0.01315453089773655, 0.005405633244663477, -0.4097217321395874]
joint_pos=[-0.0, 0.0, 0.0, 0.0, -0.0, 4.0320000648498535] joint_vel=[-0.0, 0.0, 0.0, 0.0, -0.0, 47.880001068115234] imu_ang_vel=[2.0155417919158936, 3.9234886169433594, 4.506206035614014] imu_quat_wxyz=[0.9120996594429016, -0.01315453089773655, 0.005405633244663477, -0.4097217321395874]
joint_pos=[-4.464000225067139, 8.17199993133545, -1.2599999904632568, 4.860000133514404, -1.7999999523162842, 9.288000106811523] joint_vel=[351.989990234375, 743.5800170898438, 100.25999450683594, -44.81999969482422, -866.8800048828125, 445.4999694824219] imu_ang_vel=[-1.758805274963379, -0.504950761795044, 6.678346633911133] imu_quat_wxyz=[0.9087476134300232, 0.04100027680397034, 0.12326744198799133, -0.39661291241645813]
joint_pos=[-0.0, 0.0, 0.0, 0.0, -0.0, -0.0] joint_vel=[-0.0, 0.0, 0.0, 0.0, -0.0, -0.0] imu_ang_vel=[-1.758805274963379, -0.504950761795044, 6.678346633911133] imu_quat_wxyz=[0.9087476134300232, 0.04100027680397034, 0.12326744198799133, -0.39661291241645813]
joint_pos=[-5.796000003814697, 2.98799991607666, -2.6640000343322754, 4.211999893188477, 2.124000072479248, 4.427999973297119] joint_vel=[-0.0, 0.0, 0.0, 0.0, -0.0, -0.0] imu_ang_vel=[-3.7860653400421143, 0.850106954574585, 7.671203136444092] imu_quat_wxyz=[0.9417946934700012, 0.06310997903347015, 0.23933753371238708, -0.22750265896320343]
joint_pos=[-5.796000003814697, 2.98799991607666, -2.6640000343322754, 4.211999893188477, 2.0880000591278076, 4.427999973297119] joint_vel=[33.209999084472656, 0.0, 0.0, 0.0, -43.380001068115234, -0.0] imu_ang_vel=[-3.7860653400421143, 0.850106954574585, 7.671203136444092] imu_quat_wxyz=[0.9417946934700012, 0.06310997903347015, 0.23933753371238708, -0.22750265896320343]
joint_pos=[-0.0, 0.0, 0.0, 0.0, -0.0, -0.0] joint_vel=[-0.0, 0.0, 0.0, 0.0, -0.0, -0.0] imu_ang_vel=[-2.7282254695892334, -4.0555853843688965, -6.602710247039795] imu_quat_wxyz=[0.9325012564659119, -0.02106637880206108, 0.24123366177082062, -0.2679625451564789]
joint_pos=[-0.828000009059906, 6.192000389099121, -1.7999999523162842, 6.01200008392334, 2.052000045776367, 0.035999998450279236] joint_vel=[-112.68000030517578, -154.70999145507812, -84.51000213623047, -155.7899932861328, -8.010000228881836, -37.26000213623047] imu_ang_vel=[-2.7282254695892334, -4.0555853843688965, -6.602710247039795] imu_quat_wxyz=[0.9325012564659119, -0.02106637880206108, 0.24123366177082062, -0.2679625451564789]
joint_pos=[-0.0, 6.192000389099121, -1.7999999523162842, 6.01200008392334, -0.0, 0.035999998450279236] joint_vel=[-0.0, -154.70999145507812, -84.51000213623047, -155.7899932861328, -0.0, -37.26000213623047] imu_ang_vel=[-1.2623769044876099, -2.554582118988037, -5.783496856689453] imu_quat_wxyz=[0.9123806357383728, -0.06957442313432693, 0.1657782346010208, -0.36774778366088867]
joint_pos=[-0.4320000112056732, -3.4560000896453857, -0.6119999885559082, 2.807999849319458, -2.052000045776367, 3.888000011444092] joint_vel=[1150.6500244140625, -1034.550048828125, 429.92999267578125, -172.98001098632812, -523.3499755859375, -81.80999755859375] imu_ang_vel=[-1.2623769044876099, -2.554582118988037, -5.783496856689453] imu_quat_wxyz=[0.9123806357383728, -0.06957442313432693, 0.1657782346010208, -0.36774778366088867]
joint_pos=[-0.4320000112056732, -3.4560000896453857, -0.6119999885559082, 2.807999849319458, -2.052000045776367, 3.888000011444092] joint_vel=[1150.6500244140625, -1034.550048828125, 429.92999267578125, -172.98001098632812, -523.3499755859375, -81.80999755859375] imu_ang_vel=[3.6582295894622803, 1.2218955755233765, -2.565235137939453] imu_quat_wxyz=[0.8941167593002319, -0.015846554189920425, 0.16916652023792267, -0.4143508970737457]
joint_pos=[-0.0, 0.0, 0.0, 0.0, -0.0, -0.0] joint_vel=[-0.0, 0.0, 0.0, 0.0, -0.0, -0.0] imu_ang_vel=[3.6582295894622803, 1.2218955755233765, -2.565235137939453] imu_quat_wxyz=[0.8941167593002319, -0.015846554189920425, 0.16916652023792267, -0.4143508970737457]
joint_pos=[-4.427999973297119, 1.5480000972747803, -1.403999924659729, 3.2760000228881836, 4.248000144958496, 0.3959999978542328] joint_vel=[243.54000854492188, -180.0, -70.29000091552734, -15.569999694824219, -43.290000915527344, 113.94000244140625] imu_ang_vel=[0.8138868808746338, 0.02024064213037491, -0.4484900236129761] imu_quat_wxyz=[0.8901636004447937, 0.0015808353200554848, 0.1395302712917328, -0.4337482154369354]
joint_pos=[-4.427999973297119, 1.5480000972747803, 0.0, 0.0, 4.248000144958496, -0.0] joint_vel=[243.54000854492188, -180.0, 0.0, 0.0, -43.290000915527344, -0.0] imu_ang_vel=[0.8138868808746338, 0.02024064213037491, -0.4484900236129761] imu_quat_wxyz=[0.8901636004447937, 0.0015808353200554848, 0.1395302712917328, -0.4337482154369354]
joint_pos=[-1.2239999771118164, 6.479999542236328, -1.5119999647140503, 5.544000148773193, 0.5040000081062317, 0.6840000152587891] joint_vel=[642.9600219726562, 201.24000549316406, -43.470001220703125, -10.619999885559082, -117.2699966430664, -246.8699951171875] imu_ang_vel=[0.08415845781564713, 0.34409090876579285, 0.9513101577758789] imu_quat_wxyz=[0.8973960876464844, -0.002316398313269019, 0.21410001814365387, -0.3857928216457367]
joint_pos=[36.8280029296875, 6.479999542236328, -1.5119999647140503, 0.0, -0.0, -0.0] joint_vel=[278.9100036621094, 201.24000549316406, -43.470001220703125, 0.0, -0.0, -0.0] imu_ang_vel=[0.08415845781564713, 0.34409090876579285, 0.9513101577758789] imu_quat_wxyz=[0.8973960876464844, -0.002316398313269019, 0.21410001814365387, -0.3857928216457367]
joint_pos=[33.948001861572266, 0.0, 0.0, 0.0, -0.0, -0.0] joint_vel=[-423.80999755859375, 0.0, 0.0, 0.0, -0.0, -0.0] imu_ang_vel=[-0.04154657945036888, -2.4821419715881348, -1.360384225845337] imu_quat_wxyz=[0.9175819754600525, 0.04775163531303406, 0.20110806822776794, -0.3395858407020569]
joint_pos=[25.631999969482422, 0.0, 0.0, 0.0, -0.0, -0.0] joint_vel=[-380.1600036621094, 0.0, 0.0, 0.0, -0.0, -0.0] imu_ang_vel=[-0.04154657945036888, -2.4821419715881348, -1.360384225845337] imu_quat_wxyz=[0.9175819754600525, 0.04775163531303406, 0.20110806822776794, -0.3395858407020569]
joint_pos=[16.200000762939453, 0.0, 0.0, 0.0, -0.0, -0.0] joint_vel=[-493.02001953125, 0.0, 0.0, 0.0, -0.0, -0.0] imu_ang_vel=[-1.1057782173156738, -4.987720489501953, -4.84283971786499] imu_quat_wxyz=[0.9114938974380493, -0.006589563097804785, 0.14002543687820435, -0.3866889476776123]
joint_pos=[4.788000106811523, 0.0, 0.0, 0.0, -4.895999908447266, -0.0] joint_vel=[-415.79998779296875, 0.0, 0.0, 0.0, -217.34999084472656, -0.0] imu_ang_vel=[-1.1057782173156738, -4.987720489501953, -4.84283971786499] imu_quat_wxyz=[0.9114938974380493, -0.006589563097804785, 0.14002543687820435, -0.3866889476776123]
joint_pos=[-4.644000053405762, 0.0, 0.0, 0.0, -109.6919937133789, -0.0] joint_vel=[-545.6700439453125, 0.0, 0.0, 0.0, -499.5000305175781, -0.0] imu_ang_vel=[-0.42931467294692993, 1.083406925201416, -6.454634189605713] imu_quat_wxyz=[0.8699058294296265, -0.04799184203147888, 0.04985593259334564, -0.48833897709846497]
joint_pos=[-4.644000053405762, 2.98799991607666, 0.0, 0.0, -0.0, -0.0] joint_vel=[-545.6700439453125, 0.0, 0.0, 0.0, -0.0, -0.0] imu_ang_vel=[-0.42931467294692993, 1.083406925201416, -6.454634189605713] imu_quat_wxyz=[0.8699058294296265, -0.04799184203147888, 0.04985593259334564, -0.48833897709846497]
joint_pos=[-12.456000328063965, 2.98799991607666, 0.0, 10.872000694274902, -0.3240000009536743, 0.9359999895095825] joint_vel=[-1475.4599609375, 0.0, 0.0, 363.69000244140625, -65.34000396728516, -1839.9599609375] imu_ang_vel=[0.2695201337337494, 3.8968563079833984, -3.5197410583496094] imu_quat_wxyz=[0.8145986199378967, -0.013593136332929134, 0.0456257127225399, -0.5780680179595947]
joint_pos=[-12.636000633239746, 7.776000022888184, 3.74399995803833, 26.31599998474121, -0.3240000009536743, 35.53200149536133] joint_vel=[198.90000915527344, 1029.5999755859375, 964.8899536132812, 289.1700134277344, -65.34000396728516, 114.84000396728516] imu_ang_vel=[0.2695201337337494, 3.8968563079833984, -3.5197410583496094] imu_quat_wxyz=[0.8145986199378967, -0.013593136332929134, 0.0456257127225399, -0.5780680179595947]
joint_pos=[-0.0, -63.14400100708008, 3.74399995803833, 26.31599998474121, -0.0, 35.53200149536133] joint_vel=[-0.0, -146.6999969482422, 964.8899536132812, 289.1700134277344, -0.0, 114.84000396728516] imu_ang_vel=[2.0592188835144043, 3.852113723754883, -2.0475006103515625] imu_quat_wxyz=[0.8291966319084167, 0.04593733698129654, 0.09814148396253586, -0.5483529567718506]
joint_pos=[-7.019999980926514, -57.3120002746582, 3.131999969482422, 10.4399995803833, 5.97599983215332, 1.4759999513626099] joint_vel=[65.79000091552734, 599.219970703125, 145.35000610351562, 203.3100128173828, 91.07999420166016, -122.67000579833984] imu_ang_vel=[2.0592188835144043, 3.852113723754883, -2.0475006103515625] imu_quat_wxyz=[0.8291966319084167, 0.04593733698129654, 0.09814148396253586, -0.5483529567718506]
joint_pos=[-2.3400001525878906, -47.592002868652344, 3.131999969482422, 40.24800109863281, -118.04399871826172, 1.4759999513626099] joint_vel=[247.77000427246094, 375.1200256347656, 145.35000610351562, 44.90999984741211, -206.72999572753906, -122.67000579833984] imu_ang_vel=[2.79960036277771, -1.2389403581619263, -10.065990447998047] imu_quat_wxyz=[0.7695850133895874, 0.07323841750621796, 0.06691621243953705, -0.6307909488677979]
joint_pos=[-0.18000000715255737, -38.01599884033203, 0.0, 0.0, -0.0, -0.0] joint_vel=[43.82999801635742, 667.0800170898438, 0.0, 0.0, -0.0, -0.0] imu_ang_vel=[2.79960036277771, -1.2389403581619263, -10.065990447998047] imu_quat_wxyz=[0.7695850133895874, 0.07323841750621796, 0.06691621243953705, -0.6307909488677979]
joint_pos=[6.228000164031982, -24.73200035095215, -7.991999626159668, 6.9120001792907715, 3.492000102996826, -0.25200000405311584] joint_vel=[284.2200012207031, 535.5900268554688, -85.31999969482422, 305.19000244140625, 107.55000305175781, -61.650001525878906] imu_ang_vel=[1.90688157081604, 3.2001519203186035, 6.838140964508057] imu_quat_wxyz=[0.7813470363616943, 0.14016883075237274, 0.07620436698198318, -0.6033591628074646]
joint_pos=[11.916000366210938, -18.395999908447266, -7.991999626159668, 48.6719970703125, 3.492000102996826, -0.25200000405311584] joint_vel=[316.1700134277344, 277.1099853515625, -85.31999969482422, 236.96998596191406, 107.55000305175781, -61.650001525878906] imu_ang_vel=[1.90688157081604, 3.2001519203186035, 6.838140964508057] imu_quat_wxyz=[0.7813470363616943, 0.14016883075237274, 0.07620436698198318, -0.6033591628074646]
joint_pos=[-0.0, 0.0, 0.0, 0.0, 2.628000020980835, -0.0] joint_vel=[-0.0, 0.0, 0.0, 0.0, 297.6300048828125, -0.0] imu_ang_vel=[1.1696960926055908, 2.427811622619629, 0.5166690349578857] imu_quat_wxyz=[0.7999995946884155, 0.15739846229553223, 0.12141065299510956, -0.5661147236824036]
joint_pos=[-10.079999923706055, -0.6840000152587891, -6.516000270843506, 2.6640000343322754, -117.7560043334961, -1.2239999771118164] joint_vel=[-39.51000213623047, 57.5099983215332, -3.690000057220459, 30.420000076293945, -241.74000549316406, -35.0099983215332] imu_ang_vel=[1.1696960926055908, 2.427811622619629, 0.5166690349578857] imu_quat_wxyz=[0.7999995946884155, 0.15739846229553223, 0.12141065299510956, -0.5661147236824036]
joint_pos=[10.007999420166016, -11.95199966430664, -6.516000270843506, 2.6640000343322754, -0.0, -1.2239999771118164] joint_vel=[-34.380001068115234, -2.069999933242798, -3.690000057220459, 30.420000076293945, -0.0, -35.0099983215332] imu_ang_vel=[0.18216577172279358, 0.010652969591319561, 3.89898681640625] imu_quat_wxyz=[0.8248261213302612, 0.1774129569530487, 0.08331452310085297, -0.5303255319595337]
joint_pos=[3.815999984741211, -4.895999908447266, 0.035999998450279236, 1.9079999923706055, 3.131999969482422, 0.46799999475479126] joint_vel=[-384.3899841308594, 482.5799865722656, 656.4600219726562, -365.2200012207031, 91.79999542236328, -939.9600219726562] imu_ang_vel=[0.18216577172279358, 0.010652969591319561, 3.89898681640625] imu_quat_wxyz=[0.8248261213302612, 0.1774129569530487, 0.08331452310085297, -0.5303255319595337]
joint_pos=[-6.01200008392334, -4.895999908447266, 0.035999998450279236, 1.9079999923706055, -0.0, 0.46799999475479126] joint_vel=[-360.6300048828125, 482.5799865722656, 656.4600219726562, -365.2200012207031, -0.0, -939.9600219726562] imu_ang_vel=[-3.649707317352295, -4.099262714385986, 7.108726501464844] imu_quat_wxyz=[0.8871896862983704, 0.13829511404037476, -0.004059699364006519, -0.4401731491088867]
joint_pos=[-6.01200008392334, 0.0, 0.035999998450279236, 0.0, 2.124000072479248, 0.46799999475479126] joint_vel=[-360.6300048828125, 0.0, 656.4600219726562, 0.0, -0.0, -939.9600219726562] imu_ang_vel=[-3.649707317352295, -4.099262714385986, 7.108726501464844] imu_quat_wxyz=[0.8871896862983704, 0.13829511404037476, -0.004059699364006519, -0.4401731491088867]
joint_pos=[-6.552000045776367, 2.9519999027252197, -3.1679999828338623, 2.5920000076293945, 0.7200000286102295, 10.54800033569336] joint_vel=[-378.27001953125, 126.98999786376953, -144.27000427246094, 175.5, -194.84999084472656, 1690.4700927734375] imu_ang_vel=[-1.6533408164978027, 1.6022065877914429, 5.778170585632324] imu_quat_wxyz=[0.9575200080871582, 0.04321916401386261, 0.0167180597782135, -0.28461953997612]
joint_pos=[-4.139999866485596, -1.403999924659729, -3.1679999828338623, 0.0, -0.0, 10.54800033569336] joint_vel=[257.760009765625, -300.96002197265625, -144.27000427246094, 0.0, -0.0, 1690.4700927734375] imu_ang_vel=[-1.6533408164978027, 1.6022065877914429, 5.778170585632324] imu_quat_wxyz=[0.9575200080871582, 0.04321916401386261, 0.0167180597782135, -0.28461953997612]
joint_pos=[0.46799999475479126, -9.720000267028809, -2.6640000343322754, 4.211999893188477, 2.124000072479248, 4.427999973297119] joint_vel=[72.2699966430664, -531.8999633789062, 0.0, 0.0, -0.0, -0.0] imu_ang_vel=[-0.5678032636642456, 2.0677413940429688, -2.2179481983184814] imu_quat_wxyz=[0.9601724147796631, -0.036239173263311386, 0.08925864845514297, -0.2622756361961365]
joint_pos=[6.839999675750732, -11.375999450683594, -2.628000020980835, 4.211999893188477, -0.0, -0.0] joint_vel=[348.8399963378906, 3.9600000381469727, 74.16000366210938, 0.0, -0.0, -0.0] imu_ang_vel=[-0.5678032636642456, 2.0677413940429688, -2.2179481983184814] imu_quat_wxyz=[0.9601724147796631, -0.036239173263311386, 0.08925864845514297, -0.2622756361961365]
joint_pos=[14.760000228881836, -5.687999725341797, 0.0, 0.0, 2.124000072479248, 4.427999973297119] joint_vel=[516.5999755859375, 463.95001220703125, 0.0, 0.0, -0.0, -0.0] imu_ang_vel=[-0.05219954997301102, 0.6295905113220215, 0.5550196766853333] imu_quat_wxyz=[0.972335159778595, -0.034874990582466125, 0.1189374029636383, -0.19799432158470154]
joint_pos=[23.219999313354492, -7.631999969482422, -1.403999924659729, 0.0, 2.124000072479248, 4.427999973297119] joint_vel=[371.1600036621094, -317.25, 6.569999694824219, 0.0, -0.0, -0.0] imu_ang_vel=[-0.05219954997301102, 0.6295905113220215, 0.5550196766853333] imu_quat_wxyz=[0.972335159778595, -0.034874990582466125, 0.1189374029636383, -0.19799432158470154]
joint_pos=[-0.0, 0.0, 0.0, 4.211999893188477, 2.124000072479248, -0.0] joint_vel=[-0.0, 0.0, 0.0, 0.0, -0.0, -0.0] imu_ang_vel=[0.03728539124131203, -0.5209302306175232, 1.3145763874053955] imu_quat_wxyz=[0.9778954982757568, -0.041548773646354675, 0.1373385190963745, -0.15209300816059113]
joint_pos=[-7.740000247955322, 3.995999813079834, -1.440000057220459, 4.211999893188477, -3.419999837875366, 8.748000144958496] joint_vel=[53.459999084472656, -266.489990234375, -91.52999877929688, 84.32999420166016, -243.4499969482422, 18.26999855041504] imu_ang_vel=[0.03728539124131203, -0.5209302306175232, 1.3145763874053955] imu_quat_wxyz=[0.9778954982757568, -0.041548773646354675, 0.1373385190963745, -0.15209300816059113]
joint_pos=[33.98400115966797, -26.856000900268555, -1.440000057220459, 4.211999893188477, -117.64799499511719, 8.748000144958496] joint_vel=[390.510009765625, -416.25, -91.52999877929688, 84.32999420166016, -100.44000244140625, 18.26999855041504] imu_ang_vel=[2.385199785232544, 1.5553334951400757, -1.0748846530914307] imu_quat_wxyz=[0.9642964601516724, -0.06982805579900742, 0.14287623763084412, -0.21176090836524963]
joint_pos=[33.98400115966797, 0.0, -1.440000057220459, 4.211999893188477, -0.0, 8.748000144958496] joint_vel=[390.510009765625, 0.0, -91.52999877929688, 84.32999420166016, -0.0, 18.26999855041504] imu_ang_vel=[2.385199785232544, 1.5553334951400757, -1.0748846530914307] imu_quat_wxyz=[0.9642964601516724, -0.06982805579900742, 0.14287623763084412, -0.21176090836524963]
joint_pos=[-0.1080000028014183, 1.7280000448226929, -3.131999969482422, 9.03600025177002, 6.984000205993652, 0.6840000152587891] joint_vel=[211.76998901367188, -153.6300048828125, -116.01000213623047, 90.18000030517578, 156.60000610351562, -293.489990234375] imu_ang_vel=[1.1462595462799072, -0.20347172021865845, -0.8650211095809937] imu_quat_wxyz=[0.9518639445304871, -0.0658130794763565, 0.10642500221729279, -0.27981677651405334]
joint_pos=[34.847999572753906, -39.167999267578125, 43.992000579833984, 33.731998443603516, -119.12400817871094, 23.615999221801758] joint_vel=[-10.079999923706055, -31.229999542236328, 181.0800018310547, 202.04998779296875, -426.3299865722656, 108.9000015258789] imu_ang_vel=[1.1462595462799072, -0.20347172021865845, -0.8650211095809937] imu_quat_wxyz=[0.9518639445304871, -0.0658130794763565, 0.10642500221729279, -0.27981677651405334]
joint_pos=[34.847999572753906, -39.167999267578125, 43.992000579833984, 33.731998443603516, -119.12400817871094, 23.615999221801758] joint_vel=[-10.079999923706055, -31.229999542236328, 181.0800018310547, 202.04998779296875, -426.3299865722656, 108.9000015258789] imu_ang_vel=[0.9800731539726257, -0.3536785840988159, 3.871289014816284] imu_quat_wxyz=[0.9632126092910767, 0.0158498827368021, 0.11511870473623276, -0.2423175573348999]
joint_pos=[34.847999572753906, -39.167999267578125, 43.992000579833984, 33.731998443603516, -119.12400817871094, 23.615999221801758] joint_vel=[-10.079999923706055, -31.229999542236328, 181.0800018310547, 202.04998779296875, -426.3299865722656, 108.9000015258789] imu_ang_vel=[0.9800731539726257, -0.3536785840988159, 3.871289014816284] imu_quat_wxyz=[0.9632126092910767, 0.0158498827368021, 0.11511870473623276, -0.2423175573348999]
joint_pos=[34.847999572753906, -39.167999267578125, 43.992000579833984, 33.731998443603516, -119.12400817871094, 23.615999221801758] joint_vel=[-10.079999923706055, -31.229999542236328, 181.0800018310547, 202.04998779296875, -426.3299865722656, 108.9000015258789] imu_ang_vel=[-0.17896988987922668, -1.930317997932434, 4.8364481925964355] imu_quat_wxyz=[0.9924235939979553, 0.04098323732614517, 0.05908519774675369, -0.09962277859449387]
joint_pos=[34.847999572753906, -39.167999267578125, 43.992000579833984, 33.731998443603516, -119.12400817871094, 23.615999221801758] joint_vel=[-10.079999923706055, -31.229999542236328, 181.0800018310547, 202.04998779296875, -426.3299865722656, 108.9000015258789] imu_ang_vel=[-0.17896988987922668, -1.930317997932434, 4.8364481925964355] imu_quat_wxyz=[0.9924235939979553, 0.04098323732614517, 0.05908519774675369, -0.09962277859449387]
joint_pos=[34.847999572753906, -39.167999267578125, 43.992000579833984, 33.731998443603516, -119.12400817871094, 23.615999221801758] joint_vel=[-10.079999923706055, -31.229999542236328, 181.0800018310547, 202.04998779296875, -426.3299865722656, 108.9000015258789] imu_ang_vel=[-0.199210524559021, -0.48151421546936035, -0.039415985345840454] imu_quat_wxyz=[0.9990400671958923, 0.036931443959474564, 0.006462872494012117, -0.02265588380396366]
joint_pos=[34.847999572753906, -39.167999267578125, 43.992000579833984, 33.731998443603516, -119.12400817871094, 23.615999221801758] joint_vel=[-10.079999923706055, -31.229999542236328, 181.0800018310547, 202.04998779296875, -426.3299865722656, 108.9000015258789] imu_ang_vel=[-0.199210524559021, -0.48151421546936035, -0.039415985345840454] imu_quat_wxyz=[0.9990400671958923, 0.036931443959474564, 0.006462872494012117, -0.02265588380396366]
joint_pos=[34.847999572753906, -39.167999267578125, 43.992000579833984, 33.731998443603516, -119.12400817871094, 23.615999221801758] joint_vel=[-10.079999923706055, -31.229999542236328, 181.0800018310547, 202.04998779296875, -426.3299865722656, 108.9000015258789] imu_ang_vel=[-0.25673654675483704, -2.4086363315582275, -2.899738311767578] imu_quat_wxyz=[0.9967424869537354, 0.042267996817827225, -0.021290037781000137, -0.06530220061540604]
joint_pos=[34.847999572753906, -39.167999267578125, 43.992000579833984, 33.731998443603516, -119.12400817871094, 23.615999221801758] joint_vel=[-10.079999923706055, -31.229999542236328, 181.0800018310547, 202.04998779296875, -426.3299865722656, 108.9000015258789] imu_ang_vel=[-0.25673654675483704, -2.4086363315582275, -2.899738311767578] imu_quat_wxyz=[0.9967424869537354, 0.042267996817827225, -0.021290037781000137, -0.06530220061540604]
joint_pos=[34.847999572753906, -39.167999267578125, 43.992000579833984, 33.731998443603516, -119.12400817871094, 23.615999221801758] joint_vel=[-10.079999923706055, -31.229999542236328, 181.0800018310547, 202.04998779296875, -426.3299865722656, 108.9000015258789] imu_ang_vel=[0.5156037211418152, -1.4285632371902466, -3.8105671405792236] imu_quat_wxyz=[0.9899640679359436, 0.02970830537378788, -0.03719356283545494, -0.1330605447292328]
joint_pos=[34.847999572753906, -39.167999267578125, 43.992000579833984, 33.731998443603516, -119.12400817871094, 23.615999221801758] joint_vel=[-10.079999923706055, -31.229999542236328, 181.0800018310547, 202.04998779296875, -426.3299865722656, 108.9000015258789] imu_ang_vel=[0.5156037211418152, -1.4285632371902466, -3.8105671405792236] imu_quat_wxyz=[0.9899640679359436, 0.02970830537378788, -0.03719356283545494, -0.1330605447292328]
joint_pos=[34.847999572753906, -39.167999267578125, 43.992000579833984, 33.731998443603516, -119.12400817871094, 23.615999221801758] joint_vel=[-10.079999923706055, -31.229999542236328, 181.0800018310547, 202.04998779296875, -426.3299865722656, 108.9000015258789] imu_ang_vel=[0.2780424952507019, -0.8032338619232178, -0.5092119574546814] imu_quat_wxyz=[0.9910932779312134, 0.012664798647165298, -0.014208804816007614, -0.13180169463157654]
joint_pos=[34.847999572753906, 0.0, 43.992000579833984, 33.731998443603516, -119.12400817871094, 23.615999221801758] joint_vel=[-10.079999923706055, 0.0, 181.0800018310547, 202.04998779296875, -426.3299865722656, 108.9000015258789] imu_ang_vel=[0.2780424952507019, -0.8032338619232178, -0.5092119574546814] imu_quat_wxyz=[0.9910932779312134, 0.012664798647165298, -0.014208804816007614, -0.13180169463157654]
joint_pos=[34.847999572753906, -2.19599986076355, 43.992000579833984, 33.731998443603516, -119.12400817871094, 23.615999221801758] joint_vel=[-10.079999923706055, -1364.1300048828125, 181.0800018310547, 202.04998779296875, -426.3299865722656, 108.9000015258789] imu_ang_vel=[-0.4591429829597473, 0.8341274857521057, 3.0989487171173096] imu_quat_wxyz=[0.9961064457893372, 0.047318048775196075, -0.0036538729909807444, -0.07429429143667221]
joint_pos=[34.847999572753906, 0.0, 43.992000579833984, 33.731998443603516, -119.12400817871094, 23.615999221801758] joint_vel=[-10.079999923706055, 0.0, 181.0800018310547, 202.04998779296875, -426.3299865722656, 108.9000015258789] imu_ang_vel=[-0.4591429829597473, 0.8341274857521057, 3.0989487171173096] imu_quat_wxyz=[0.9961064457893372, 0.047318048775196075, -0.0036538729909807444, -0.07429429143667221]
joint_pos=[34.847999572753906, 2.98799991607666, 43.992000579833984, 33.731998443603516, -119.12400817871094, 23.615999221801758] joint_vel=[-10.079999923706055, 0.0, 181.0800018310547, 202.04998779296875, -426.3299865722656, 108.9000015258789] imu_ang_vel=[-0.4069434404373169, -0.6839206218719482, -0.4570123851299286] imu_quat_wxyz=[0.997045636177063, 0.0756375715136528, -0.003808717941865325, -0.012822164222598076]
joint_pos=[34.847999572753906, 0.0, 43.992000579833984, 33.731998443603516, -119.12400817871094, 23.615999221801758] joint_vel=[-10.079999923706055, 0.0, 181.0800018310547, 202.04998779296875, -426.3299865722656, 108.9000015258789] imu_ang_vel=[-0.4069434404373169, -0.6839206218719482, -0.4570123851299286] imu_quat_wxyz=[0.997045636177063, 0.0756375715136528, -0.003808717941865325, -0.012822164222598076]
joint_pos=[34.847999572753906, 0.0, 43.992000579833984, 33.731998443603516, -119.12400817871094, 23.615999221801758] joint_vel=[-10.079999923706055, 0.0, 181.0800018310547, 202.04998779296875, -426.3299865722656, 108.9000015258789] imu_ang_vel=[-0.5369096398353577, -2.109287977218628, -0.6338516473770142] imu_quat_wxyz=[0.997083842754364, 0.06348550319671631, -0.029131760820746422, -0.03073287010192871]
joint_pos=[34.847999572753906, 0.0, 43.992000579833984, 33.731998443603516, -119.12400817871094, 23.615999221801758] joint_vel=[-10.079999923706055, 0.0, 181.0800018310547, 202.04998779296875, -426.3299865722656, 108.9000015258789] imu_ang_vel=[-0.5369096398353577, -2.109287977218628, -0.6338516473770142] imu_quat_wxyz=[0.997083842754364, 0.06348550319671631, -0.029131760820746422, -0.03073287010192871]
joint_pos=[34.847999572753906, 0.0, 43.992000579833984, 33.731998443603516, -119.12400817871094, 23.615999221801758] joint_vel=[-10.079999923706055, 0.0, 181.0800018310547, 202.04998779296875, -426.3299865722656, 108.9000015258789] imu_ang_vel=[-0.042611878365278244, 0.05006895586848259, -0.566737949848175] imu_quat_wxyz=[0.9962392449378967, 0.05838955193758011, -0.03490754961967468, -0.05365978553891182]
joint_pos=[34.847999572753906, 0.0, 43.992000579833984, 33.731998443603516, -119.12400817871094, 23.615999221801758] joint_vel=[-10.079999923706055, 0.0, 181.0800018310547, 202.04998779296875, -426.3299865722656, 108.9000015258789] imu_ang_vel=[-0.042611878365278244, 0.05006895586848259, -0.566737949848175] imu_quat_wxyz=[0.9962392449378967, 0.05838955193758011, -0.03490754961967468, -0.05365978553891182]
joint_pos=[34.847999572753906, 0.0, 43.992000579833984, 33.731998443603516, -119.12400817871094, 23.615999221801758] joint_vel=[-10.079999923706055, 0.0, 181.0800018310547, 202.04998779296875, -426.3299865722656, 108.9000015258789] imu_ang_vel=[-0.1438150852918625, 0.11185617744922638, -0.9438530802726746] imu_quat_wxyz=[0.9977737665176392, 0.05756004527211189, -0.02945082075893879, -0.016337959095835686]
joint_pos=[34.847999572753906, 0.0, 43.992000579833984, 33.731998443603516, -119.12400817871094, 23.615999221801758] joint_vel=[-10.079999923706055, 0.0, 181.0800018310547, 202.04998779296875, -426.3299865722656, 108.9000015258789] imu_ang_vel=[-0.1438150852918625, 0.11185617744922638, -0.9438530802726746] imu_quat_wxyz=[0.9977737665176392, 0.05756004527211189, -0.02945082075893879, -0.016337959095835686]
joint_pos=[34.847999572753906, 0.0, 43.992000579833984, 33.731998443603516, -119.12400817871094, 23.615999221801758] joint_vel=[-10.079999923706055, 0.0, 181.0800018310547, 202.04998779296875, -426.3299865722656, 108.9000015258789] imu_ang_vel=[0.3249155580997467, 0.5944356918334961, 0.10333380103111267] imu_quat_wxyz=[0.9973790645599365, 0.030265895649790764, -0.005098589695990086, 0.06551995873451233]
joint_pos=[34.847999572753906, 0.0, 43.992000579833984, 33.731998443603516, -119.12400817871094, 23.615999221801758] joint_vel=[-10.079999923706055, 0.0, 181.0800018310547, 202.04998779296875, -426.3299865722656, 108.9000015258789] imu_ang_vel=[0.3249155580997467, 0.5944356918334961, 0.10333380103111267] imu_quat_wxyz=[0.9973790645599365, 0.030265895649790764, -0.005098589695990086, 0.06551995873451233]
joint_pos=[34.847999572753906, 0.0, 43.992000579833984, 33.731998443603516, -119.12400817871094, 23.615999221801758] joint_vel=[-10.079999923706055, 0.0, 181.0800018310547, 202.04998779296875, -426.3299865722656, 108.9000015258789] imu_ang_vel=[0.192818745970726, 0.8138868808746338, 1.0429257154464722] imu_quat_wxyz=[0.9864344596862793, 0.028684794902801514, 0.02075590007007122, 0.16029183566570282]
joint_pos=[34.847999572753906, 0.0, 43.992000579833984, 33.731998443603516, -119.12400817871094, 23.615999221801758] joint_vel=[-10.079999923706055, 0.0, 181.0800018310547, 202.04998779296875, -426.3299865722656, 108.9000015258789] imu_ang_vel=[0.192818745970726, 0.8138868808746338, 1.0429257154464722] imu_quat_wxyz=[0.9864344596862793, 0.028684794902801514, 0.02075590007007122, 0.16029183566570282]
joint_pos=[34.847999572753906, 0.0, 43.992000579833984, 33.731998443603516, -119.12400817871094, 23.615999221801758] joint_vel=[-10.079999923706055, 0.0, 181.0800018310547, 202.04998779296875, -426.3299865722656, 108.9000015258789] imu_ang_vel=[-0.11292147636413574, 0.3302420377731323, 1.5446805953979492] imu_quat_wxyz=[0.9860416650772095, 0.0065056681632995605, 0.0230751670897007, 0.16476324200630188]
joint_pos=[34.847999572753906, 0.0, 43.992000579833984, 33.731998443603516, -119.12400817871094, 23.615999221801758] joint_vel=[-10.079999923706055, 0.0, 181.0800018310547, 202.04998779296875, -426.3299865722656, 108.9000015258789] imu_ang_vel=[-0.11292147636413574, 0.3302420377731323, 1.5446805953979492] imu_quat_wxyz=[0.9860416650772095, 0.0065056681632995605, 0.0230751670897007, 0.16476324200630188]
joint_pos=[34.847999572753906, 0.0, 43.992000579833984, 33.731998443603516, -119.12400817871094, 23.615999221801758] joint_vel=[-10.079999923706055, 0.0, 181.0800018310547, 202.04998779296875, -426.3299865722656, 108.9000015258789] imu_ang_vel=[-0.2279735505580902, 0.25886714458465576, 1.8014171123504639] imu_quat_wxyz=[0.9920831322669983, -0.03769529610872269, -0.0014103150460869074, 0.11978323757648468]
joint_pos=[34.847999572753906, 0.0, 43.992000579833984, 33.731998443603516, -119.12400817871094, 23.615999221801758] joint_vel=[-10.079999923706055, 0.0, 181.0800018310547, 202.04998779296875, -426.3299865722656, 108.9000015258789] imu_ang_vel=[-0.2279735505580902, 0.25886714458465576, 1.8014171123504639] imu_quat_wxyz=[0.9920831322669983, -0.03769529610872269, -0.0014103150460869074, 0.11978323757648468]
joint_pos=[34.847999572753906, 0.0, 43.992000579833984, 33.731998443603516, -119.12400817871094, 23.615999221801758] joint_vel=[-10.079999923706055, 0.0, 181.0800018310547, 202.04998779296875, -426.3299865722656, 108.9000015258789] imu_ang_vel=[-0.11505206674337387, 0.45807766914367676, 1.851486086845398] imu_quat_wxyz=[0.990987241268158, -0.01248755119740963, 0.06565646082162857, 0.11609233915805817]
joint_pos=[34.847999572753906, 0.0, 43.992000579833984, 33.731998443603516, -119.12400817871094, 23.615999221801758] joint_vel=[-10.079999923706055, 0.0, 181.0800018310547, 202.04998779296875, -426.3299865722656, 108.9000015258789] imu_ang_vel=[-0.11505206674337387, 0.45807766914367676, 1.851486086845398] imu_quat_wxyz=[0.990987241268158, -0.01248755119740963, 0.06565646082162857, 0.11609233915805817]
joint_pos=[34.847999572753906, 0.0, 43.992000579833984, 33.731998443603516, -119.12400817871094, 23.615999221801758] joint_vel=[-10.079999923706055, 0.0, 181.0800018310547, 202.04998779296875, -426.3299865722656, 108.9000015258789] imu_ang_vel=[-0.08522375673055649, 0.7126836776733398, 1.787568211555481] imu_quat_wxyz=[0.9822192192077637, -0.027229968458414078, 0.09347890317440033, 0.1605168581008911]
joint_pos=[34.847999572753906, 0.0, 43.992000579833984, 33.731998443603516, -119.12400817871094, 23.615999221801758] joint_vel=[-10.079999923706055, 0.0, 181.0800018310547, 202.04998779296875, -426.3299865722656, 108.9000015258789] imu_ang_vel=[-0.08522375673055649, 0.7126836776733398, 1.787568211555481] imu_quat_wxyz=[0.9822192192077637, -0.027229968458414078, 0.09347890317440033, 0.1605168581008911]
joint_pos=[34.847999572753906, 0.0, 43.992000579833984, 33.731998443603516, -119.12400817871094, 23.615999221801758] joint_vel=[-10.079999923706055, 0.0, 181.0800018310547, 202.04998779296875, -426.3299865722656, 108.9000015258789] imu_ang_vel=[-0.10333380103111267, 0.7829932570457458, 1.7620011568069458] imu_quat_wxyz=[0.985232412815094, -0.03841738402843475, 0.07765500247478485, 0.14768534898757935]
joint_pos=[34.847999572753906, 0.0, 43.992000579833984, 33.731998443603516, -119.12400817871094, 23.615999221801758] joint_vel=[-10.079999923706055, 0.0, 181.0800018310547, 202.04998779296875, -426.3299865722656, 108.9000015258789] imu_ang_vel=[-0.10333380103111267, 0.7829932570457458, 1.7620011568069458] imu_quat_wxyz=[0.985232412815094, -0.03841738402843475, 0.07765500247478485, 0.14768534898757935]
joint_pos=[34.847999572753906, 0.0, 43.992000579833984, 33.731998443603516, -119.12400817871094, 23.615999221801758] joint_vel=[-10.079999923706055, 0.0, 181.0800018310547, 202.04998779296875, -426.3299865722656, 108.9000015258789] imu_ang_vel=[-0.5507585406303406, 0.8405193090438843, 1.4285632371902466] imu_quat_wxyz=[0.9920904040336609, -0.05767037719488144, 0.04440904036164284, 0.10226664692163467]
joint_pos=[34.847999572753906, 0.0, 43.992000579833984, 33.731998443603516, -119.12400817871094, 23.615999221801758] joint_vel=[-10.079999923706055, 0.0, 181.0800018310547, 202.04998779296875, -426.3299865722656, 108.9000015258789] imu_ang_vel=[-0.5507585406303406, 0.8405193090438843, 1.4285632371902466] imu_quat_wxyz=[0.9920904040336609, -0.05767037719488144, 0.04440904036164284, 0.10226664692163467]
joint_pos=[34.847999572753906, 0.0, 43.992000579833984, 33.731998443603516, -119.12400817871094, 23.615999221801758] joint_vel=[-10.079999923706055, 0.0, 181.0800018310547, 202.04998779296875, -426.3299865722656, 108.9000015258789] imu_ang_vel=[-0.8746087551116943, 0.4921671748161316, 0.5060160160064697] imu_quat_wxyz=[0.9947784543037415, -0.023557452484965324, 0.07929275184869766, 0.059778884053230286]
joint_pos=[34.847999572753906, 0.0, 43.992000579833984, 33.731998443603516, -119.12400817871094, 23.615999221801758] joint_vel=[-10.079999923706055, 0.0, 181.0800018310547, 202.04998779296875, -426.3299865722656, 108.9000015258789] imu_ang_vel=[-0.8746087551116943, 0.4921671748161316, 0.5060160160064697] imu_quat_wxyz=[0.9947784543037415, -0.023557452484965324, 0.07929275184869766, 0.059778884053230286]
joint_pos=[34.847999572753906, 0.0, 43.992000579833984, 33.731998443603516, -119.12400817871094, 23.615999221801758] joint_vel=[-10.079999923706055, 0.0, 181.0800018310547, 202.04998779296875, -426.3299865722656, 108.9000015258789] imu_ang_vel=[-0.5102772116661072, 0.9555713534355164, 0.20453700423240662] imu_quat_wxyz=[0.9842930436134338, -0.02453990839421749, 0.16295985877513885, 0.06331668794155121]
joint_pos=[34.847999572753906, 0.0, 43.992000579833984, 33.731998443603516, -119.12400817871094, 23.615999221801758] joint_vel=[-10.079999923706055, 0.0, 181.0800018310547, 202.04998779296875, -426.3299865722656, 108.9000015258789] imu_ang_vel=[-0.5102772116661072, 0.9555713534355164, 0.20453700423240662] imu_quat_wxyz=[0.9842930436134338, -0.02453990839421749, 0.16295985877513885, 0.06331668794155121]
joint_pos=[34.847999572753906, 0.0, 43.992000579833984, 33.731998443603516, -119.12400817871094, 23.615999221801758] joint_vel=[-10.079999923706055, 0.0, 181.0800018310547, 202.04998779296875, -426.3299865722656, 108.9000015258789] imu_ang_vel=[-0.3803110122680664, 1.104712963104248, -0.051134251058101654] imu_quat_wxyz=[0.9653764963150024, -0.04415479674935341, 0.2450466752052307, 0.07778535783290863]
joint_pos=[34.847999572753906, 0.0, 43.992000579833984, 33.731998443603516, -119.12400817871094, 23.615999221801758] joint_vel=[-10.079999923706055, 0.0, 181.0800018310547, 202.04998779296875, -426.3299865722656, 108.9000015258789] imu_ang_vel=[-0.3803110122680664, 1.104712963104248, -0.051134251058101654] imu_quat_wxyz=[0.9653764963150024, -0.04415479674935341, 0.2450466752052307, 0.07778535783290863]
joint_pos=[34.847999572753906, 0.0, 43.992000579833984, 33.731998443603516, -119.12400817871094, 23.615999221801758] joint_vel=[-10.079999923706055, 0.0, 181.0800018310547, 202.04998779296875, -426.3299865722656, 108.9000015258789] imu_ang_vel=[-0.3078708052635193, 0.6274598836898804, -0.287630170583725] imu_quat_wxyz=[0.9445357918739319, -0.06562148779630661, 0.30903226137161255, 0.08969350904226303]
joint_pos=[34.847999572753906, 0.0, 43.992000579833984, 33.731998443603516, -119.12400817871094, 23.615999221801758] joint_vel=[-10.079999923706055, 0.0, 181.0800018310547, 202.04998779296875, -426.3299865722656, 108.9000015258789] imu_ang_vel=[-0.3078708052635193, 0.6274598836898804, -0.287630170583725] imu_quat_wxyz=[0.9445357918739319, -0.06562148779630661, 0.30903226137161255, 0.08969350904226303]
joint_pos=[34.847999572753906, 0.0, 43.992000579833984, 33.731998443603516, -119.12400817871094, 23.615999221801758] joint_vel=[-10.079999923706055, 0.0, 181.0800018310547, 202.04998779296875, -426.3299865722656, 108.9000015258789] imu_ang_vel=[-0.4793836176395416, 0.3696580231189728, -0.45807766914367676] imu_quat_wxyz=[0.9251781702041626, -0.08603187650442123, 0.3559243679046631, 0.09980867058038712]
joint_pos=[34.847999572753906, 0.0, 43.992000579833984, 33.731998443603516, -119.12400817871094, 23.615999221801758] joint_vel=[-10.079999923706055, 0.0, 181.0800018310547, 202.04998779296875, -426.3299865722656, 108.9000015258789] imu_ang_vel=[-0.4793836176395416, 0.3696580231189728, -0.45807766914367676] imu_quat_wxyz=[0.9251781702041626, -0.08603187650442123, 0.3559243679046631, 0.09980867058038712]
joint_pos=[34.847999572753906, 0.0, 43.992000579833984, 33.731998443603516, -119.12400817871094, 23.615999221801758] joint_vel=[-10.079999923706055, 0.0, 181.0800018310547, 202.04998779296875, -426.3299865722656, 108.9000015258789] imu_ang_vel=[-0.4474247097969055, 0.11824796348810196, -0.6764635443687439] imu_quat_wxyz=[0.9088776707649231, -0.09873884916305542, 0.3896639347076416, 0.1111481711268425]
joint_pos=[34.847999572753906, 0.0, 43.992000579833984, 33.731998443603516, -119.12400817871094, 23.615999221801758] joint_vel=[-10.079999923706055, 0.0, 181.0800018310547, 202.04998779296875, -426.3299865722656, 108.9000015258789] imu_ang_vel=[-0.4474247097969055, 0.11824796348810196, -0.6764635443687439] imu_quat_wxyz=[0.9088776707649231, -0.09873884916305542, 0.3896639347076416, 0.1111481711268425]
joint_pos=[34.847999572753906, 0.0, 43.992000579833984, 33.731998443603516, -119.12400817871094, 23.615999221801758] joint_vel=[-10.079999923706055, 0.0, 181.0800018310547, 202.04998779296875, -426.3299865722656, 108.9000015258789] imu_ang_vel=[-0.15127216279506683, 0.11185617744922638, -0.8458457589149475] imu_quat_wxyz=[0.9407632350921631, -0.10459402948617935, 0.3078090250492096, 0.09632274508476257]
joint_pos=[34.847999572753906, 0.0, 43.992000579833984, 33.731998443603516, -119.12400817871094, 23.615999221801758] joint_vel=[-10.079999923706055, 0.0, 181.0800018310547, 202.04998779296875, -426.3299865722656, 108.9000015258789] imu_ang_vel=[-0.15127216279506683, 0.11185617744922638, -0.8458457589149475] imu_quat_wxyz=[0.9407632350921631, -0.10459402948617935, 0.3078090250492096, 0.09632274508476257]
joint_pos=[34.847999572753906, 0.0, 43.992000579833984, 33.731998443603516, -119.12400817871094, 23.615999221801758] joint_vel=[-10.079999923706055, 0.0, 181.0800018310547, 202.04998779296875, -426.3299865722656, 108.9000015258789] imu_ang_vel=[-0.027697719633579254, 0.22903883457183838, -0.9630284309387207] imu_quat_wxyz=[0.963607907295227, -0.10050461441278458, 0.23636889457702637, 0.07408339530229568]
joint_pos=[34.847999572753906, 0.0, 43.992000579833984, 33.731998443603516, -119.12400817871094, 23.615999221801758] joint_vel=[-10.079999923706055, 0.0, 181.0800018310547, 202.04998779296875, -426.3299865722656, 108.9000015258789] imu_ang_vel=[-0.027697719633579254, 0.22903883457183838, -0.9630284309387207] imu_quat_wxyz=[0.963607907295227, -0.10050461441278458, 0.23636889457702637, 0.07408339530229568]
joint_pos=[34.847999572753906, 0.0, 43.992000579833984, 33.731998443603516, -119.12400817871094, 23.615999221801758] joint_vel=[-10.079999923706055, 0.0, 181.0800018310547, 202.04998779296875, -426.3299865722656, 108.9000015258789] imu_ang_vel=[0.0, 0.12250914424657822, -0.9928567409515381] imu_quat_wxyz=[0.9725075960159302, -0.07575616985559464, 0.20915403962135315, 0.06887983530759811]
joint_pos=[34.847999572753906, 0.0, 43.992000579833984, 33.731998443603516, -119.12400817871094, 23.615999221801758] joint_vel=[-10.079999923706055, 0.0, 181.0800018310547, 202.04998779296875, -426.3299865722656, 108.9000015258789] imu_ang_vel=[0.0, 0.12250914424657822, -0.9928567409515381] imu_quat_wxyz=[0.9725075960159302, -0.07575616985559464, 0.20915403962135315, 0.06887983530759811]
joint_pos=[34.847999572753906, 0.0, 43.992000579833984, 33.731998443603516, -119.12400817871094, 23.615999221801758] joint_vel=[-10.079999923706055, 0.0, 181.0800018310547, 202.04998779296875, -426.3299865722656, 108.9000015258789] imu_ang_vel=[0.0, 0.0, -0.9949873089790344] imu_quat_wxyz=[0.9790369272232056, -0.043113045394420624, 0.1666623055934906, 0.1088651567697525]
joint_pos=[34.847999572753906, 0.0, 43.992000579833984, 33.731998443603516, -119.12400817871094, 23.615999221801758] joint_vel=[-10.079999923706055, 0.0, 181.0800018310547, 202.04998779296875, -426.3299865722656, 108.9000015258789] imu_ang_vel=[0.0, 0.0, -0.9949873089790344] imu_quat_wxyz=[0.9790369272232056, -0.043113045394420624, 0.1666623055934906, 0.1088651567697525]
joint_pos=[34.847999572753906, 0.0, 43.992000579833984, 33.731998443603516, -119.12400817871094, 23.615999221801758] joint_vel=[-10.079999923706055, 0.0, 181.0800018310547, 202.04998779296875, -426.3299865722656, 108.9000015258789] imu_ang_vel=[0.027697719633579254, 0.010652969591319561, -0.7766014933586121] imu_quat_wxyz=[0.9725067615509033, -0.05201687291264534, 0.14613887667655945, 0.17368991672992706]
joint_pos=[34.847999572753906, 0.0, 43.992000579833984, 33.731998443603516, -119.12400817871094, 23.615999221801758] joint_vel=[-10.079999923706055, 0.0, 181.0800018310547, 202.04998779296875, -426.3299865722656, 108.9000015258789] imu_ang_vel=[0.027697719633579254, 0.010652969591319561, -0.7766014933586121] imu_quat_wxyz=[0.9725067615509033, -0.05201687291264534, 0.14613887667655945, 0.17368991672992706]
joint_pos=[34.847999572753906, 0.0, 43.992000579833984, 33.731998443603516, -119.12400817871094, 23.615999221801758] joint_vel=[-10.079999923706055, 0.0, 181.0800018310547, 202.04998779296875, -426.3299865722656, 108.9000015258789] imu_ang_vel=[0.08948494493961334, -0.03728539124131203, -0.5923051238059998] imu_quat_wxyz=[0.9586806893348694, -0.07937990128993988, 0.14739422500133514, 0.23001118004322052]
joint_pos=[34.847999572753906, 0.0, 43.992000579833984, 33.731998443603516, -119.12400817871094, 23.615999221801758] joint_vel=[-10.079999923706055, 0.0, 181.0800018310547, 202.04998779296875, -426.3299865722656, 108.9000015258789] imu_ang_vel=[0.08948494493961334, -0.03728539124131203, -0.5923051238059998] imu_quat_wxyz=[0.9586806893348694, -0.07937990128993988, 0.14739422500133514, 0.23001118004322052]
joint_pos=[34.847999572753906, 0.0, 43.992000579833984, 33.731998443603516, -119.12400817871094, 23.615999221801758] joint_vel=[-10.079999923706055, 0.0, 181.0800018310547, 202.04998779296875, -426.3299865722656, 108.9000015258789] imu_ang_vel=[0.2599324584007263, -0.06391781568527222, -0.31426259875297546] imu_quat_wxyz=[0.94223552942276, -0.10366160422563553, 0.15694431960582733, 0.2771550714969635]
joint_pos=[34.847999572753906, 0.0, 43.992000579833984, 33.731998443603516, -119.12400817871094, 23.615999221801758] joint_vel=[-10.079999923706055, 0.0, 181.0800018310547, 202.04998779296875, -426.3299865722656, 108.9000015258789] imu_ang_vel=[0.2599324584007263, -0.06391781568527222, -0.31426259875297546] imu_quat_wxyz=[0.94223552942276, -0.10366160422563553, 0.15694431960582733, 0.2771550714969635]
joint_pos=[34.847999572753906, 0.0, 43.992000579833984, 33.731998443603516, -119.12400817871094, 23.615999221801758] joint_vel=[-10.079999923706055, 0.0, 181.0800018310547, 202.04998779296875, -426.3299865722656, 108.9000015258789] imu_ang_vel=[0.20879819989204407, -0.13848860561847687, -0.09800732135772705] imu_quat_wxyz=[0.9247414469718933, -0.12405646592378616, 0.16385987401008606, 0.3203326463699341]
joint_pos=[34.847999572753906, 0.0, 43.992000579833984, 33.731998443603516, -119.12400817871094, 23.615999221801758] joint_vel=[-10.079999923706055, 0.0, 181.0800018310547, 202.04998779296875, -426.3299865722656, 108.9000015258789] imu_ang_vel=[0.20879819989204407, -0.13848860561847687, -0.09800732135772705] imu_quat_wxyz=[0.9247414469718933, -0.12405646592378616, 0.16385987401008606, 0.3203326463699341]
joint_pos=[34.847999572753906, 0.0, 43.992000579833984, 33.731998443603516, -119.12400817871094, 23.615999221801758] joint_vel=[-10.079999923706055, 0.0, 181.0800018310547, 202.04998779296875, -426.3299865722656, 108.9000015258789] imu_ang_vel=[0.4218575954437256, -0.19494934380054474, -0.011718266643583775] imu_quat_wxyz=[0.9075047373771667, -0.13703913986682892, 0.1672591269016266, 0.360110878944397]
joint_pos=[34.847999572753906, 0.0, 43.992000579833984, 33.731998443603516, -119.12400817871094, 23.615999221801758] joint_vel=[-10.079999923706055, 0.0, 181.0800018310547, 202.04998779296875, -426.3299865722656, 108.9000015258789] imu_ang_vel=[0.4218575954437256, -0.19494934380054474, -0.011718266643583775] imu_quat_wxyz=[0.9075047373771667, -0.13703913986682892, 0.1672591269016266, 0.360110878944397]
joint_pos=[34.847999572753906, 0.0, 43.992000579833984, 33.731998443603516, -119.12400817871094, 23.615999221801758] joint_vel=[-10.079999923706055, 0.0, 181.0800018310547, 202.04998779296875, -426.3299865722656, 108.9000015258789] imu_ang_vel=[0.4218575954437256, -0.433575838804245, -0.051134251058101654] imu_quat_wxyz=[0.8921831846237183, -0.13938389718532562, 0.16451185941696167, 0.3968842625617981]
joint_pos=[34.847999572753906, 0.0, 43.992000579833984, 33.731998443603516, -119.12400817871094, 23.615999221801758] joint_vel=[-10.079999923706055, 0.0, 181.0800018310547, 202.04998779296875, -426.3299865722656, 108.9000015258789] imu_ang_vel=[0.4218575954437256, -0.433575838804245, -0.051134251058101654] imu_quat_wxyz=[0.8921831846237183, -0.13938389718532562, 0.16451185941696167, 0.3968842625617981]
joint_pos=[34.847999572753906, 0.0, 43.992000579833984, 33.731998443603516, -119.12400817871094, 23.615999221801758] joint_vel=[-10.079999923706055, 0.0, 181.0800018310547, 202.04998779296875, -426.3299865722656, 108.9000015258789] imu_ang_vel=[0.3952251672744751, -0.5795215368270874, -0.1054643988609314] imu_quat_wxyz=[0.8793401718139648, -0.13264282047748566, 0.154704749584198, 0.4303872287273407]
joint_pos=[34.847999572753906, 0.0, 43.992000579833984, 33.731998443603516, -119.12400817871094, 23.615999221801758] joint_vel=[-10.079999923706055, 0.0, 181.0800018310547, 202.04998779296875, -426.3299865722656, 108.9000015258789] imu_ang_vel=[0.3952251672744751, -0.5795215368270874, -0.1054643988609314] imu_quat_wxyz=[0.8793401718139648, -0.13264282047748566, 0.154704749584198, 0.4303872287273407]
joint_pos=[34.847999572753906, 0.0, 43.992000579833984, 33.731998443603516, -119.12400817871094, 23.615999221801758] joint_vel=[-10.079999923706055, 0.0, 181.0800018310547, 202.04998779296875, -426.3299865722656, 108.9000015258789] imu_ang_vel=[0.46446946263313293, -0.580586850643158, -0.17896988987922668] imu_quat_wxyz=[0.8697194457054138, -0.11825443059206009, 0.13798266649246216, 0.45887336134910583]
joint_pos=[34.847999572753906, 0.0, 43.992000579833984, 33.731998443603516, -119.12400817871094, 23.615999221801758] joint_vel=[-10.079999923706055, 0.0, 181.0800018310547, 202.04998779296875, -426.3299865722656, 108.9000015258789] imu_ang_vel=[0.46446946263313293, -0.580586850643158, -0.17896988987922668] imu_quat_wxyz=[0.8697194457054138, -0.11825443059206009, 0.13798266649246216, 0.45887336134910583]
joint_pos=[34.847999572753906, 0.0, 43.992000579833984, 33.731998443603516, -119.12400817871094, 23.615999221801758] joint_vel=[-10.079999923706055, 0.0, 181.0800018310547, 202.04998779296875, -426.3299865722656, 108.9000015258789] imu_ang_vel=[0.5102772116661072, -0.41972699761390686, -0.24501828849315643] imu_quat_wxyz=[0.8630610108375549, -0.09724871814250946, 0.12150172889232635, 0.4805264472961426]
joint_pos=[34.847999572753906, 0.0, 43.992000579833984, 33.731998443603516, -119.12400817871094, 23.615999221801758] joint_vel=[-10.079999923706055, 0.0, 181.0800018310547, 202.04998779296875, -426.3299865722656, 108.9000015258789] imu_ang_vel=[0.5102772116661072, -0.41972699761390686, -0.24501828849315643] imu_quat_wxyz=[0.8630610108375549, -0.09724871814250946, 0.12150172889232635, 0.4805264472961426]
joint_pos=[34.847999572753906, 0.0, 43.992000579833984, 33.731998443603516, -119.12400817871094, 23.615999221801758] joint_vel=[-10.079999923706055, 0.0, 181.0800018310547, 202.04998779296875, -426.3299865722656, 108.9000015258789] imu_ang_vel=[0.4559471011161804, -0.4005516469478607, -0.2780424952507019] imu_quat_wxyz=[0.8597015738487244, -0.07837250083684921, 0.11102430522441864, 0.4923865795135498]
joint_pos=[34.847999572753906, 0.0, 43.992000579833984, 33.731998443603516, -119.12400817871094, 23.615999221801758] joint_vel=[-10.079999923706055, 0.0, 181.0800018310547, 202.04998779296875, -426.3299865722656, 108.9000015258789] imu_ang_vel=[0.4559471011161804, -0.4005516469478607, -0.2780424952507019] imu_quat_wxyz=[0.8597015738487244, -0.07837250083684921, 0.11102430522441864, 0.4923865795135498]
joint_pos=[34.847999572753906, 0.0, 43.992000579833984, 33.731998443603516, -119.12400817871094, 23.615999221801758] joint_vel=[-10.079999923706055, 0.0, 181.0800018310547, 202.04998779296875, -426.3299865722656, 108.9000015258789] imu_ang_vel=[0.3217196762561798, -0.48790600895881653, -0.31213200092315674] imu_quat_wxyz=[0.857736349105835, -0.053694866597652435, 0.09707027673721313, 0.5019786357879639]
joint_pos=[34.847999572753906, 0.0, 43.992000579833984, 33.731998443603516, -119.12400817871094, 23.615999221801758] joint_vel=[-10.079999923706055, 0.0, 181.0800018310547, 202.04998779296875, -426.3299865722656, 108.9000015258789] imu_ang_vel=[0.3217196762561798, -0.48790600895881653, -0.31213200092315674] imu_quat_wxyz=[0.857736349105835, -0.053694866597652435, 0.09707027673721313, 0.5019786357879639]
joint_pos=[34.847999572753906, 0.0, 43.992000579833984, 33.731998443603516, -119.12400817871094, 23.615999221801758] joint_vel=[-10.079999923706055, 0.0, 181.0800018310547, 202.04998779296875, -426.3299865722656, 108.9000015258789] imu_ang_vel=[0.28869548439979553, -0.41759639978408813, -0.32598087191581726] imu_quat_wxyz=[0.8579897284507751, -0.03423177823424339, 0.0820973664522171, 0.5059069395065308]
joint_pos=[34.847999572753906, 0.0, 43.992000579833984, 33.731998443603516, -119.12400817871094, 23.615999221801758] joint_vel=[-10.079999923706055, 0.0, 181.0800018310547, 202.04998779296875, -426.3299865722656, 108.9000015258789] imu_ang_vel=[0.28869548439979553, -0.41759639978408813, -0.32598087191581726] imu_quat_wxyz=[0.8579897284507751, -0.03423177823424339, 0.0820973664522171, 0.5059069395065308]
joint_pos=[34.847999572753906, 0.0, 43.992000579833984, 33.731998443603516, -119.12400817871094, 23.615999221801758] joint_vel=[-10.079999923706055, 0.0, 181.0800018310547, 202.04998779296875, -426.3299865722656, 108.9000015258789] imu_ang_vel=[0.2844342887401581, -0.4570123851299286, -0.2918913662433624] imu_quat_wxyz=[0.8581445813179016, -0.02119576744735241, 0.06990012526512146, 0.508185625076294]
joint_pos=[34.847999572753906, 0.0, 43.992000579833984, 33.731998443603516, -119.12400817871094, 23.615999221801758] joint_vel=[-10.079999923706055, 0.0, 181.0800018310547, 202.04998779296875, -426.3299865722656, 108.9000015258789] imu_ang_vel=[0.2844342887401581, -0.4570123851299286, -0.2918913662433624] imu_quat_wxyz=[0.8581445813179016, -0.02119576744735241, 0.06990012526512146, 0.508185625076294]
joint_pos=[34.847999572753906, 0.0, 43.992000579833984, 33.731998443603516, -119.12400817871094, 23.615999221801758] joint_vel=[-10.079999923706055, 0.0, 181.0800018310547, 202.04998779296875, -426.3299865722656, 108.9000015258789] imu_ang_vel=[0.3068055212497711, -0.4325105547904968, -0.25034478306770325] imu_quat_wxyz=[0.8576192855834961, -0.012235886417329311, 0.05960332602262497, 0.510672926902771]
joint_pos=[34.847999572753906, 0.0, 43.992000579833984, 33.731998443603516, -119.12400817871094, 23.615999221801758] joint_vel=[-10.079999923706055, 0.0, 181.0800018310547, 202.04998779296875, -426.3299865722656, 108.9000015258789] imu_ang_vel=[0.3068055212497711, -0.4325105547904968, -0.25034478306770325] imu_quat_wxyz=[0.8576192855834961, -0.012235886417329311, 0.05960332602262497, 0.510672926902771]
joint_pos=[34.847999572753906, 0.0, 43.992000579833984, 33.731998443603516, -119.12400817871094, 23.615999221801758] joint_vel=[-10.079999923706055, 0.0, 181.0800018310547, 202.04998779296875, -426.3299865722656, 108.9000015258789] imu_ang_vel=[0.31745848059654236, -0.40907400846481323, -0.18642696738243103] imu_quat_wxyz=[0.8561710119247437, -0.004943139851093292, 0.05212237685918808, 0.5140330791473389]
joint_pos=[34.847999572753906, 0.0, 43.992000579833984, 33.731998443603516, -119.12400817871094, 23.615999221801758] joint_vel=[-10.079999923706055, 0.0, 181.0800018310547, 202.04998779296875, -426.3299865722656, 108.9000015258789] imu_ang_vel=[0.31745848059654236, -0.40907400846481323, -0.18642696738243103] imu_quat_wxyz=[0.8561710119247437, -0.004943139851093292, 0.05212237685918808, 0.5140330791473389]
joint_pos=[34.847999572753906, 0.0, 43.992000579833984, 33.731998443603516, -119.12400817871094, 23.615999221801758] joint_vel=[-10.079999923706055, 0.0, 181.0800018310547, 202.04998779296875, -426.3299865722656, 108.9000015258789] imu_ang_vel=[0.3068055212497711, -0.40800872445106506, -0.13316211104393005] imu_quat_wxyz=[0.8540430665016174, 0.002728832419961691, 0.04710189253091812, 0.5180581212043762]
joint_pos=[34.847999572753906, 0.0, 43.992000579833984, 33.731998443603516, -119.12400817871094, 23.615999221801758] joint_vel=[-10.079999923706055, 0.0, 181.0800018310547, 202.04998779296875, -426.3299865722656, 108.9000015258789] imu_ang_vel=[0.3068055212497711, -0.40800872445106506, -0.13316211104393005] imu_quat_wxyz=[0.8540430665016174, 0.002728832419961691, 0.04710189253091812, 0.5180581212043762]
joint_pos=[34.847999572753906, 0.0, 43.992000579833984, 33.731998443603516, -119.12400817871094, 23.615999221801758] joint_vel=[-10.079999923706055, 0.0, 181.0800018310547, 202.04998779296875, -426.3299865722656, 108.9000015258789] imu_ang_vel=[0.2631283402442932, -0.3835068941116333, -0.08841964602470398] imu_quat_wxyz=[0.8514906764030457, 0.01148325763642788, 0.0431414395570755, 0.5224658250808716]
joint_pos=[34.847999572753906, 0.0, 43.992000579833984, 33.731998443603516, -119.12400817871094, 23.615999221801758] joint_vel=[-10.079999923706055, 0.0, 181.0800018310547, 202.04998779296875, -426.3299865722656, 108.9000015258789] imu_ang_vel=[0.2631283402442932, -0.3835068941116333, -0.08841964602470398] imu_quat_wxyz=[0.8514906764030457, 0.01148325763642788, 0.0431414395570755, 0.5224658250808716]
joint_pos=[34.847999572753906, 0.0, 43.992000579833984, 33.731998443603516, -119.12400817871094, 23.615999221801758] joint_vel=[-10.079999923706055, 0.0, 181.0800018310547, 202.04998779296875, -426.3299865722656, 108.9000015258789] imu_ang_vel=[0.19494934380054474, -0.3345032334327698, -0.039415985345840454] imu_quat_wxyz=[0.8485376834869385, 0.02045680209994316, 0.03914276137948036, 0.5272884964942932]
joint_pos=[34.847999572753906, 0.0, 43.992000579833984, 33.731998443603516, -119.12400817871094, 23.615999221801758] joint_vel=[-10.079999923706055, 0.0, 181.0800018310547, 202.04998779296875, -426.3299865722656, 108.9000015258789] imu_ang_vel=[0.19494934380054474, -0.3345032334327698, -0.039415985345840454] imu_quat_wxyz=[0.8485376834869385, 0.02045680209994316, 0.03914276137948036, 0.5272884964942932]
joint_pos=[34.847999572753906, 0.0, 43.992000579833984, 33.731998443603516, -119.12400817871094, 23.615999221801758] joint_vel=[-10.079999923706055, 0.0, 181.0800018310547, 202.04998779296875, -426.3299865722656, 108.9000015258789] imu_ang_vel=[0.10120321065187454, -0.24395300447940826, 0.0] imu_quat_wxyz=[0.8452907800674438, 0.02844666875898838, 0.03460151329636574, 0.5324256420135498]
joint_pos=[34.847999572753906, 0.0, 43.992000579833984, 33.731998443603516, -119.12400817871094, 23.615999221801758] joint_vel=[-10.079999923706055, 0.0, 181.0800018310547, 202.04998779296875, -426.3299865722656, 108.9000015258789] imu_ang_vel=[0.10120321065187454, -0.24395300447940826, 0.0] imu_quat_wxyz=[0.8452907800674438, 0.02844666875898838, 0.03460151329636574, 0.5324256420135498]
joint_pos=[34.847999572753906, 0.0, 43.992000579833984, 33.731998443603516, -119.12400817871094, 23.615999221801758] joint_vel=[-10.079999923706055, 0.0, 181.0800018310547, 202.04998779296875, -426.3299865722656, 108.9000015258789] imu_ang_vel=[0.0, -0.13103152811527252, 0.039415985345840454] imu_quat_wxyz=[0.841926097869873, 0.03411323204636574, 0.030325518921017647, 0.5376588702201843]
joint_pos=[34.847999572753906, 0.0, 43.992000579833984, 33.731998443603516, -119.12400817871094, 23.615999221801758] joint_vel=[-10.079999923706055, 0.0, 181.0800018310547, 202.04998779296875, -426.3299865722656, 108.9000015258789] imu_ang_vel=[0.0, -0.13103152811527252, 0.039415985345840454] imu_quat_wxyz=[0.841926097869873, 0.03411323204636574, 0.030325518921017647, 0.5376588702201843]
joint_pos=[34.847999572753906, 0.0, 43.992000579833984, 33.731998443603516, -119.12400817871094, 23.615999221801758] joint_vel=[-10.079999923706055, 0.0, 181.0800018310547, 202.04998779296875, -426.3299865722656, 108.9000015258789] imu_ang_vel=[-0.1054643988609314, -0.02024064213037491, 0.06817900389432907] imu_quat_wxyz=[0.8386936187744141, 0.03657190874218941, 0.027563221752643585, 0.5426745414733887]
joint_pos=[34.847999572753906, 0.0, 43.992000579833984, 33.731998443603516, -119.12400817871094, 23.615999221801758] joint_vel=[-10.079999923706055, 0.0, 181.0800018310547, 202.04998779296875, -426.3299865722656, 108.9000015258789] imu_ang_vel=[-0.1054643988609314, -0.02024064213037491, 0.06817900389432907] imu_quat_wxyz=[0.8386936187744141, 0.03657190874218941, 0.027563221752643585, 0.5426745414733887]
joint_pos=[34.847999572753906, 0.0, 43.992000579833984, 33.731998443603516, -119.12400817871094, 23.615999221801758] joint_vel=[-10.079999923706055, 0.0, 181.0800018310547, 202.04998779296875, -426.3299865722656, 108.9000015258789] imu_ang_vel=[-0.1960146427154541, 0.06924430280923843, 0.10333380103111267] imu_quat_wxyz=[0.8357152938842773, 0.03489380329847336, 0.027312403544783592, 0.5473721623420715]
joint_pos=[34.847999572753906, 0.0, 43.992000579833984, 33.731998443603516, -119.12400817871094, 23.615999221801758] joint_vel=[-10.079999923706055, 0.0, 181.0800018310547, 202.04998779296875, -426.3299865722656, 108.9000015258789] imu_ang_vel=[-0.1960146427154541, 0.06924430280923843, 0.10333380103111267] imu_quat_wxyz=[0.8357152938842773, 0.03489380329847336, 0.027312403544783592, 0.5473721623420715]
joint_pos=[34.847999572753906, 0.0, 43.992000579833984, 33.731998443603516, -119.12400817871094, 23.615999221801758] joint_vel=[-10.079999923706055, 0.0, 181.0800018310547, 202.04998779296875, -426.3299865722656, 108.9000015258789] imu_ang_vel=[-0.2929566502571106, 0.13848860561847687, 0.1374233067035675] imu_quat_wxyz=[0.833020806312561, 0.029349422082304955, 0.028562240302562714, 0.5517236590385437]
joint_pos=[34.847999572753906, 0.0, 43.992000579833984, 33.731998443603516, -119.12400817871094, 23.615999221801758] joint_vel=[-10.079999923706055, 0.0, 181.0800018310547, 202.04998779296875, -426.3299865722656, 108.9000015258789] imu_ang_vel=[-0.2929566502571106, 0.13848860561847687, 0.1374233067035675] imu_quat_wxyz=[0.833020806312561, 0.029349422082304955, 0.028562240302562714, 0.5517236590385437]
joint_pos=[34.847999572753906, 0.0, 43.992000579833984, 33.731998443603516, -119.12400817871094, 23.615999221801758] joint_vel=[-10.079999923706055, 0.0, 181.0800018310547, 202.04998779296875, -426.3299865722656, 108.9000015258789] imu_ang_vel=[-0.34089502692222595, 0.18323107063770294, 0.1672516167163849] imu_quat_wxyz=[0.8306215405464172, 0.021543530747294426, 0.029520198702812195, 0.5556368231773376]
joint_pos=[34.847999572753906, 0.0, 43.992000579833984, 33.731998443603516, -119.12400817871094, 23.615999221801758] joint_vel=[-10.079999923706055, 0.0, 181.0800018310547, 202.04998779296875, -426.3299865722656, 108.9000015258789] imu_ang_vel=[-0.34089502692222595, 0.18323107063770294, 0.1672516167163849] imu_quat_wxyz=[0.8306215405464172, 0.021543530747294426, 0.029520198702812195, 0.5556368231773376]
joint_pos=[34.847999572753906, 0.0, 43.992000579833984, 33.731998443603516, -119.12400817871094, 23.615999221801758] joint_vel=[-10.079999923706055, 0.0, 181.0800018310547, 202.04998779296875, -426.3299865722656, 108.9000015258789] imu_ang_vel=[-0.35793977975845337, 0.22903883457183838, 0.18855755031108856] imu_quat_wxyz=[0.8285020589828491, 0.013008364476263523, 0.029037464410066605, 0.5590813159942627]
joint_pos=[34.847999572753906, 0.0, 43.992000579833984, 33.731998443603516, -119.12400817871094, 23.615999221801758] joint_vel=[-10.079999923706055, 0.0, 181.0800018310547, 202.04998779296875, -426.3299865722656, 108.9000015258789] imu_ang_vel=[-0.35793977975845337, 0.22903883457183838, 0.18855755031108856] imu_quat_wxyz=[0.8285020589828491, 0.013008364476263523, 0.029037464410066605, 0.5590813159942627]
joint_pos=[34.847999572753906, 0.0, 43.992000579833984, 33.731998443603516, -119.12400817871094, 23.615999221801758] joint_vel=[-10.079999923706055, 0.0, 181.0800018310547, 202.04998779296875, -426.3299865722656, 108.9000015258789] imu_ang_vel=[-0.34728679060935974, 0.3036096394062042, 0.1874922662973404] imu_quat_wxyz=[0.8267666101455688, 0.004679350182414055, 0.02764095738530159, 0.5618460178375244]
joint_pos=[34.847999572753906, 0.0, 43.992000579833984, 33.731998443603516, -119.12400817871094, 23.615999221801758] joint_vel=[-10.079999923706055, 0.0, 181.0800018310547, 202.04998779296875, -426.3299865722656, 108.9000015258789] imu_ang_vel=[-0.34728679060935974, 0.3036096394062042, 0.1874922662973404] imu_quat_wxyz=[0.8267666101455688, 0.004679350182414055, 0.02764095738530159, 0.5618460178375244]
joint_pos=[34.847999572753906, 0.0, 43.992000579833984, 33.731998443603516, -119.12400817871094, 23.615999221801758] joint_vel=[-10.079999923706055, 0.0, 181.0800018310547, 202.04998779296875, -426.3299865722656, 108.9000015258789] imu_ang_vel=[-0.32917675375938416, 0.3771151006221771, 0.164055734872818] imu_quat_wxyz=[0.8256010413169861, -0.0026363139040768147, 0.0270392969250679, 0.5635998845100403]
joint_pos=[34.847999572753906, 0.0, 43.992000579833984, 33.731998443603516, -119.12400817871094, 23.615999221801758] joint_vel=[-10.079999923706055, 0.0, 181.0800018310547, 202.04998779296875, -426.3299865722656, 108.9000015258789] imu_ang_vel=[-0.32917675375938416, 0.3771151006221771, 0.164055734872818] imu_quat_wxyz=[0.8256010413169861, -0.0026363139040768147, 0.0270392969250679, 0.5635998845100403]
joint_pos=[34.847999572753906, 0.0, 43.992000579833984, 33.731998443603516, -119.12400817871094, 23.615999221801758] joint_vel=[-10.079999923706055, 0.0, 181.0800018310547, 202.04998779296875, -426.3299865722656, 108.9000015258789] imu_ang_vel=[-0.33556854724884033, 0.41759639978408813, 0.15979453921318054] imu_quat_wxyz=[0.8256010413169861, -0.0026363139040768147, 0.0270392969250679, 0.5635998845100403]
joint_pos=[34.847999572753906, 0.0, 43.992000579833984, 33.731998443603516, -119.12400817871094, 23.615999221801758] joint_vel=[-10.079999923706055, 0.0, 181.0800018310547, 202.04998779296875, -426.3299865722656, 108.9000015258789] imu_ang_vel=[-0.33556854724884033, 0.41759639978408813, 0.15979453921318054] imu_quat_wxyz=[0.8248729705810547, -0.008122477680444717, 0.02794771082699299, 0.5645684003829956]
joint_pos=[34.847999572753906, 0.0, 43.992000579833984, 33.731998443603516, -119.12400817871094, 23.615999221801758] joint_vel=[-10.079999923706055, 0.0, 181.0800018310547, 202.04998779296875, -426.3299865722656, 108.9000015258789] imu_ang_vel=[-0.33237263560295105, 0.4921671748161316, 0.1842963695526123] imu_quat_wxyz=[0.8248729705810547, -0.008122477680444717, 0.02794771082699299, 0.5645684003829956]
joint_pos=[34.847999572753906, 0.0, 43.992000579833984, 33.731998443603516, -119.12400817871094, 23.615999221801758] joint_vel=[-10.079999923706055, 0.0, 181.0800018310547, 202.04998779296875, -426.3299865722656, 108.9000015258789] imu_ang_vel=[-0.33237263560295105, 0.4921671748161316, 0.1842963695526123] imu_quat_wxyz=[0.8241487145423889, -0.011544118635356426, 0.029568951576948166, 0.5654832124710083]
joint_pos=[34.847999572753906, 0.0, 43.992000579833984, 33.731998443603516, -119.12400817871094, 23.615999221801758] joint_vel=[-10.079999923706055, 0.0, 181.0800018310547, 202.04998779296875, -426.3299865722656, 108.9000015258789] imu_ang_vel=[-0.3345032334327698, 0.5464973449707031, 0.18323107063770294] imu_quat_wxyz=[0.8241487145423889, -0.011544118635356426, 0.029568951576948166, 0.5654832124710083]
joint_pos=[34.847999572753906, 0.0, 43.992000579833984, 33.731998443603516, -119.12400817871094, 23.615999221801758] joint_vel=[-10.079999923706055, 0.0, 181.0800018310547, 202.04998779296875, -426.3299865722656, 108.9000015258789] imu_ang_vel=[-0.3345032334327698, 0.5464973449707031, 0.18323107063770294] imu_quat_wxyz=[0.8231412172317505, -0.016229914501309395, 0.03385740891098976, 0.5665940046310425]
joint_pos=[34.847999572753906, 0.0, 43.992000579833984, 33.731998443603516, -119.12400817871094, 23.615999221801758] joint_vel=[-10.079999923706055, 0.0, 181.0800018310547, 202.04998779296875, -426.3299865722656, 108.9000015258789] imu_ang_vel=[-0.34728679060935974, 0.5507585406303406, 0.1491415649652481] imu_quat_wxyz=[0.8231412172317505, -0.016229914501309395, 0.03385740891098976, 0.5665940046310425]
joint_pos=[34.847999572753906, 0.0, 43.992000579833984, 33.731998443603516, -119.12400817871094, 23.615999221801758] joint_vel=[-10.079999923706055, 0.0, 181.0800018310547, 202.04998779296875, -426.3299865722656, 108.9000015258789] imu_ang_vel=[-0.34728679060935974, 0.5507585406303406, 0.1491415649652481] imu_quat_wxyz=[0.8226774334907532, -0.021688135340809822, 0.03878440335392952, 0.566769003868103]
joint_pos=[34.847999572753906, 0.0, 43.992000579833984, 33.731998443603516, -119.12400817871094, 23.615999221801758] joint_vel=[-10.079999923706055, 0.0, 181.0800018310547, 202.04998779296875, -426.3299865722656, 108.9000015258789] imu_ang_vel=[-0.3366338312625885, 0.566737949848175, 0.12037855386734009] imu_quat_wxyz=[0.8227810263633728, -0.026380397379398346, 0.042431771755218506, 0.5661579966545105]
joint_pos=[34.847999572753906, 0.0, 43.992000579833984, 33.731998443603516, -119.12400817871094, 23.615999221801758] joint_vel=[-10.079999923706055, 0.0, 181.0800018310547, 202.04998779296875, -426.3299865722656, 108.9000015258789] imu_ang_vel=[-0.3366338312625885, 0.566737949848175, 0.12037855386734009] imu_quat_wxyz=[0.8227810263633728, -0.026380397379398346, 0.042431771755218506, 0.5661579966545105]
joint_pos=[34.847999572753906, 0.0, 43.992000579833984, 33.731998443603516, -119.12400817871094, 23.615999221801758] joint_vel=[-10.079999923706055, 0.0, 181.0800018310547, 202.04998779296875, -426.3299865722656, 108.9000015258789] imu_ang_vel=[-0.2993484437465668, 0.5315831899642944, 0.09694202244281769] imu_quat_wxyz=[0.8227810263633728, -0.026380397379398346, 0.042431771755218506, 0.5661579966545105]
joint_pos=[34.847999572753906, 0.0, 43.992000579833984, 33.731998443603516, -119.12400817871094, 23.615999221801758] joint_vel=[-10.079999923706055, 0.0, 181.0800018310547, 202.04998779296875, -426.3299865722656, 108.9000015258789] imu_ang_vel=[-0.2993484437465668, 0.5315831899642944, 0.09694202244281769] imu_quat_wxyz=[0.8233292698860168, -0.03349002078175545, 0.04785364493727684, 0.5645506381988525]
joint_pos=[34.847999572753906, 0.0, 43.992000579833984, 33.731998443603516, -119.12400817871094, 23.615999221801758] joint_vel=[-10.079999923706055, 0.0, 181.0800018310547, 202.04998779296875, -426.3299865722656, 108.9000015258789] imu_ang_vel=[-0.25567126274108887, 0.474057137966156, 0.10333380103111267] imu_quat_wxyz=[0.8233292698860168, -0.03349002078175545, 0.04785364493727684, 0.5645506381988525]
joint_pos=[34.847999572753906, 0.0, 43.992000579833984, 33.731998443603516, -119.12400817871094, 23.615999221801758] joint_vel=[-10.079999923706055, 0.0, 181.0800018310547, 202.04998779296875, -426.3299865722656, 108.9000015258789] imu_ang_vel=[-0.25567126274108887, 0.474057137966156, 0.10333380103111267] imu_quat_wxyz=[0.824004054069519, -0.040573298931121826, 0.05225242301821709, 0.56270831823349]
joint_pos=[34.847999572753906, 0.0, 43.992000579833984, 33.731998443603516, -119.12400817871094, 23.615999221801758] joint_vel=[-10.079999923706055, 0.0, 181.0800018310547, 202.04998779296875, -426.3299865722656, 108.9000015258789] imu_ang_vel=[-0.19175344705581665, 0.40481284260749817, 0.11824796348810196] imu_quat_wxyz=[0.824004054069519, -0.040573298931121826, 0.05225242301821709, 0.56270831823349]
joint_pos=[34.847999572753906, 0.0, 43.992000579833984, 33.731998443603516, -119.12400817871094, 23.615999221801758] joint_vel=[-10.079999923706055, 0.0, 181.0800018310547, 202.04998779296875, -426.3299865722656, 108.9000015258789] imu_ang_vel=[-0.19175344705581665, 0.40481284260749817, 0.11824796348810196] imu_quat_wxyz=[0.8246889710426331, -0.04658007621765137, 0.05559815838932991, 0.5609164237976074]
joint_pos=[34.847999572753906, 0.0, 43.992000579833984, 33.731998443603516, -119.12400817871094, 23.615999221801758] joint_vel=[-10.079999923706055, 0.0, 181.0800018310547, 202.04998779296875, -426.3299865722656, 108.9000015258789] imu_ang_vel=[-0.10226850211620331, 0.3345032334327698, 0.11931325495243073] imu_quat_wxyz=[0.8246889710426331, -0.04658007621765137, 0.05559815838932991, 0.5609164237976074]
joint_pos=[34.847999572753906, 0.0, 43.992000579833984, 33.731998443603516, -119.12400817871094, 23.615999221801758] joint_vel=[-10.079999923706055, 0.0, 181.0800018310547, 202.04998779296875, -426.3299865722656, 108.9000015258789] imu_ang_vel=[-0.10226850211620331, 0.3345032334327698, 0.11931325495243073] imu_quat_wxyz=[0.8254384994506836, -0.050824545323848724, 0.05815204977989197, 0.5591837167739868]
joint_pos=[34.847999572753906, 0.0, 43.992000579833984, 33.731998443603516, -119.12400817871094, 23.615999221801758] joint_vel=[-10.079999923706055, 0.0, 181.0800018310547, 202.04998779296875, -426.3299865722656, 108.9000015258789] imu_ang_vel=[-0.022371236234903336, 0.24395300447940826, 0.10652969032526016] imu_quat_wxyz=[0.8254384994506836, -0.050824545323848724, 0.05815204977989197, 0.5591837167739868]
joint_pos=[34.847999572753906, 0.0, 43.992000579833984, 33.731998443603516, -119.12400817871094, 23.615999221801758] joint_vel=[-10.079999923706055, 0.0, 181.0800018310547, 202.04998779296875, -426.3299865722656, 108.9000015258789] imu_ang_vel=[-0.022371236234903336, 0.24395300447940826, 0.10652969032526016] imu_quat_wxyz=[0.8265120983123779, -0.05251637473702431, 0.06053200736641884, 0.5571853518486023]
joint_pos=[34.847999572753906, 0.0, 43.992000579833984, 33.731998443603516, -119.12400817871094, 23.615999221801758] joint_vel=[-10.079999923706055, 0.0, 181.0800018310547, 202.04998779296875, -426.3299865722656, 108.9000015258789] imu_ang_vel=[0.05539543926715851, 0.15127216279506683, 0.10972558706998825] imu_quat_wxyz=[0.8265120983123779, -0.05251637473702431, 0.06053200736641884, 0.5571853518486023]
joint_pos=[34.847999572753906, 0.0, 43.992000579833984, 33.731998443603516, -119.12400817871094, 23.615999221801758] joint_vel=[-10.079999923706055, 0.0, 181.0800018310547, 202.04998779296875, -426.3299865722656, 108.9000015258789] imu_ang_vel=[0.05539543926715851, 0.15127216279506683, 0.10972558706998825] imu_quat_wxyz=[0.8277024030685425, -0.05143282189965248, 0.061869170516729355, 0.5553696751594543]
joint_pos=[34.847999572753906, 0.0, 43.992000579833984, 33.731998443603516, -119.12400817871094, 23.615999221801758] joint_vel=[-10.079999923706055, 0.0, 181.0800018310547, 202.04998779296875, -426.3299865722656, 108.9000015258789] imu_ang_vel=[0.12037855386734009, 0.06711370497941971, 0.13529270887374878] imu_quat_wxyz=[0.8277024030685425, -0.05143282189965248, 0.061869170516729355, 0.5553696751594543]
joint_pos=[34.847999572753906, 0.0, 43.992000579833984, 33.731998443603516, -119.12400817871094, 23.615999221801758] joint_vel=[-10.079999923706055, 0.0, 181.0800018310547, 202.04998779296875, -426.3299865722656, 108.9000015258789] imu_ang_vel=[0.12037855386734009, 0.06711370497941971, 0.13529270887374878] imu_quat_wxyz=[0.8285478949546814, -0.047698020935058594, 0.06279674172401428, 0.554337203502655]
joint_pos=[34.847999572753906, 0.0, 43.992000579833984, 33.731998443603516, -119.12400817871094, 23.615999221801758] joint_vel=[-10.079999923706055, 0.0, 181.0800018310547, 202.04998779296875, -426.3299865722656, 108.9000015258789] imu_ang_vel=[0.17151281237602234, -0.019175345078110695, 0.14168448746204376] imu_quat_wxyz=[0.8285478949546814, -0.047698020935058594, 0.06279674172401428, 0.554337203502655]
joint_pos=[34.847999572753906, 0.0, 43.992000579833984, 33.731998443603516, -119.12400817871094, 23.615999221801758] joint_vel=[-10.079999923706055, 0.0, 181.0800018310547, 202.04998779296875, -426.3299865722656, 108.9000015258789] imu_ang_vel=[0.17151281237602234, -0.019175345078110695, 0.14168448746204376] imu_quat_wxyz=[0.8289777040481567, -0.04313305765390396, 0.06326287239789963, 0.554015576839447]
joint_pos=[34.847999572753906, 0.0, 43.992000579833984, 33.731998443603516, -119.12400817871094, 23.615999221801758] joint_vel=[-10.079999923706055, 0.0, 181.0800018310547, 202.04998779296875, -426.3299865722656, 108.9000015258789] imu_ang_vel=[0.20134112238883972, -0.10439909994602203, 0.13209682703018188] imu_quat_wxyz=[0.8289777040481567, -0.04313305765390396, 0.06326287239789963, 0.554015576839447]
joint_pos=[34.847999572753906, 0.0, 43.992000579833984, 33.731998443603516, -119.12400817871094, 23.615999221801758] joint_vel=[-10.079999923706055, 0.0, 181.0800018310547, 202.04998779296875, -426.3299865722656, 108.9000015258789] imu_ang_vel=[0.20134112238883972, -0.10439909994602203, 0.13209682703018188] imu_quat_wxyz=[0.8294813632965088, -0.03564181551337242, 0.06336897611618042, 0.5537821054458618]
joint_pos=[34.847999572753906, 0.0, 43.992000579833984, 33.731998443603516, -119.12400817871094, 23.615999221801758] joint_vel=[-10.079999923706055, 0.0, 181.0800018310547, 202.04998779296875, -426.3299865722656, 108.9000015258789] imu_ang_vel=[0.21838587522506714, -0.18323107063770294, 0.12783563137054443] imu_quat_wxyz=[0.8294813632965088, -0.03564181551337242, 0.06336897611618042, 0.5537821054458618]
joint_pos=[34.847999572753906, 0.0, 43.992000579833984, 33.731998443603516, -119.12400817871094, 23.615999221801758] joint_vel=[-10.079999923706055, 0.0, 181.0800018310547, 202.04998779296875, -426.3299865722656, 108.9000015258789] imu_ang_vel=[0.21838587522506714, -0.18323107063770294, 0.12783563137054443] imu_quat_wxyz=[0.8299100399017334, -0.027585797011852264, 0.06243046745657921, 0.5537064671516418]
joint_pos=[34.847999572753906, 0.0, 43.992000579833984, 33.731998443603516, -119.12400817871094, 23.615999221801758] joint_vel=[-10.079999923706055, 0.0, 181.0800018310547, 202.04998779296875, -426.3299865722656, 108.9000015258789] imu_ang_vel=[0.23330003023147583, -0.24927948415279388, 0.13422740995883942] imu_quat_wxyz=[0.8299100399017334, -0.027585797011852264, 0.06243046745657921, 0.5537064671516418]
joint_pos=[34.847999572753906, 0.0, 43.992000579833984, 33.731998443603516, -119.12400817871094, 23.615999221801758] joint_vel=[-10.079999923706055, 0.0, 181.0800018310547, 202.04998779296875, -426.3299865722656, 108.9000015258789] imu_ang_vel=[0.23330003023147583, -0.24927948415279388, 0.13422740995883942] imu_quat_wxyz=[0.8301531672477722, -0.01957942359149456, 0.060151465237140656, 0.5539351105690002]
joint_pos=[34.847999572753906, 0.0, 43.992000579833984, 33.731998443603516, -119.12400817871094, 23.615999221801758] joint_vel=[-10.079999923706055, 0.0, 181.0800018310547, 202.04998779296875, -426.3299865722656, 108.9000015258789] imu_ang_vel=[0.2514100670814514, -0.30574020743370056, 0.15553335845470428] imu_quat_wxyz=[0.8301531672477722, -0.01957942359149456, 0.060151465237140656, 0.5539351105690002]
joint_pos=[34.847999572753906, 0.0, 43.992000579833984, 33.731998443603516, -119.12400817871094, 23.615999221801758] joint_vel=[-10.079999923706055, 0.0, 181.0800018310547, 202.04998779296875, -426.3299865722656, 108.9000015258789] imu_ang_vel=[0.2514100670814514, -0.30574020743370056, 0.15553335845470428] imu_quat_wxyz=[0.8300431370735168, -0.012129302136600018, 0.05698275938630104, 0.5546478033065796]
joint_pos=[34.847999572753906, 0.0, 43.992000579833984, 33.731998443603516, -119.12400817871094, 23.615999221801758] joint_vel=[-10.079999923706055, 0.0, 181.0800018310547, 202.04998779296875, -426.3299865722656, 108.9000015258789] imu_ang_vel=[0.26419365406036377, -0.36433154344558716, 0.1672516167163849] imu_quat_wxyz=[0.8300431370735168, -0.012129302136600018, 0.05698275938630104, 0.5546478033065796]
joint_pos=[34.847999572753906, 0.0, 43.992000579833984, 33.731998443603516, -119.12400817871094, 23.615999221801758] joint_vel=[-10.079999923706055, 0.0, 181.0800018310547, 202.04998779296875, -426.3299865722656, 108.9000015258789] imu_ang_vel=[0.26419365406036377, -0.36433154344558716, 0.1672516167163849] imu_quat_wxyz=[0.8296259641647339, -0.005135898012667894, 0.05351216346025467, 0.5557253956794739]
joint_pos=[34.847999572753906, 0.0, 43.992000579833984, 33.731998443603516, -119.12400817871094, 23.615999221801758] joint_vel=[-10.079999923706055, 0.0, 181.0800018310547, 202.04998779296875, -426.3299865722656, 108.9000015258789] imu_ang_vel=[0.26419365406036377, -0.36433154344558716, 0.1672516167163849] imu_quat_wxyz=[0.8296259641647339, -0.005135898012667894, 0.05351216346025467, 0.5557253956794739]
joint_pos=[34.847999572753906, 0.0, 43.992000579833984, 33.731998443603516, -119.12400817871094, 23.615999221801758] joint_vel=[-10.079999923706055, 0.0, 181.0800018310547, 202.04998779296875, -426.3299865722656, 108.9000015258789] imu_ang_vel=[0.2663242220878601, -0.41759639978408813, 0.17044751346111298] imu_quat_wxyz=[0.8290442228317261, 0.0017847676062956452, 0.05002380162477493, 0.5569381713867188]
joint_pos=[34.847999572753906, 0.0, 43.992000579833984, 33.731998443603516, -119.12400817871094, 23.615999221801758] joint_vel=[-10.079999923706055, 0.0, 181.0800018310547, 202.04998779296875, -426.3299865722656, 108.9000015258789] imu_ang_vel=[0.2663242220878601, -0.41759639978408813, 0.17044751346111298] imu_quat_wxyz=[0.8290442228317261, 0.0017847676062956452, 0.05002380162477493, 0.5569381713867188]
joint_pos=[34.847999572753906, 0.0, 43.992000579833984, 33.731998443603516, -119.12400817871094, 23.615999221801758] joint_vel=[-10.079999923706055, 0.0, 181.0800018310547, 202.04998779296875, -426.3299865722656, 108.9000015258789] imu_ang_vel=[0.25354066491127014, -0.46446946263313293, 0.18110047280788422] imu_quat_wxyz=[0.8282867074012756, 0.008772932924330235, 0.04645059257745743, 0.5583068132400513]
joint_pos=[34.847999572753906, 0.0, 43.992000579833984, 33.731998443603516, -119.12400817871094, 23.615999221801758] joint_vel=[-10.079999923706055, 0.0, 181.0800018310547, 202.04998779296875, -426.3299865722656, 108.9000015258789] imu_ang_vel=[0.25354066491127014, -0.46446946263313293, 0.18110047280788422] imu_quat_wxyz=[0.8282867074012756, 0.008772932924330235, 0.04645059257745743, 0.5583068132400513]
joint_pos=[34.847999572753906, 0.0, 43.992000579833984, 33.731998443603516, -119.12400817871094, 23.615999221801758] joint_vel=[-10.079999923706055, 0.0, 181.0800018310547, 202.04998779296875, -426.3299865722656, 108.9000015258789] imu_ang_vel=[0.2343653291463852, -0.49642837047576904, 0.20134112238883972] imu_quat_wxyz=[0.8272467255592346, 0.015461514703929424, 0.042414162307977676, 0.5600220561027527]
joint_pos=[34.847999572753906, 0.0, 43.992000579833984, 33.731998443603516, -119.12400817871094, 23.615999221801758] joint_vel=[-10.079999923706055, 0.0, 181.0800018310547, 202.04998779296875, -426.3299865722656, 108.9000015258789] imu_ang_vel=[0.2343653291463852, -0.49642837047576904, 0.20134112238883972] imu_quat_wxyz=[0.8272467255592346, 0.015461514703929424, 0.042414162307977676, 0.5600220561027527]
joint_pos=[34.847999572753906, 0.0, 43.992000579833984, 33.731998443603516, -119.12400817871094, 23.615999221801758] joint_vel=[-10.079999923706055, 0.0, 181.0800018310547, 202.04998779296875, -426.3299865722656, 108.9000015258789] imu_ang_vel=[0.2109287977218628, -0.5166690349578857, 0.20986349880695343] imu_quat_wxyz=[0.8260056376457214, 0.02122528664767742, 0.038030024617910385, 0.5619767308235168]
joint_pos=[34.847999572753906, 0.0, 43.992000579833984, 33.731998443603516, -119.12400817871094, 23.615999221801758] joint_vel=[-10.079999923706055, 0.0, 181.0800018310547, 202.04998779296875, -426.3299865722656, 108.9000015258789] imu_ang_vel=[0.2109287977218628, -0.5166690349578857, 0.20986349880695343] imu_quat_wxyz=[0.8260056376457214, 0.02122528664767742, 0.038030024617910385, 0.5619767308235168]
joint_pos=[34.847999572753906, 0.0, 43.992000579833984, 33.731998443603516, -119.12400817871094, 23.615999221801758] joint_vel=[-10.079999923706055, 0.0, 181.0800018310547, 202.04998779296875, -426.3299865722656, 108.9000015258789] imu_ang_vel=[0.18323107063770294, -0.5305178761482239, 0.2077329009771347] imu_quat_wxyz=[0.8247402906417847, 0.026176217943429947, 0.033100973814725876, 0.563934862613678]
joint_pos=[34.847999572753906, 0.0, 43.992000579833984, 33.731998443603516, -119.12400817871094, 23.615999221801758] joint_vel=[-10.079999923706055, 0.0, 181.0800018310547, 202.04998779296875, -426.3299865722656, 108.9000015258789] imu_ang_vel=[0.18323107063770294, -0.5305178761482239, 0.2077329009771347] imu_quat_wxyz=[0.8247402906417847, 0.026176217943429947, 0.033100973814725876, 0.563934862613678]
joint_pos=[34.847999572753906, 0.0, 43.992000579833984, 33.731998443603516, -119.12400817871094, 23.615999221801758] joint_vel=[-10.079999923706055, 0.0, 181.0800018310547, 202.04998779296875, -426.3299865722656, 108.9000015258789] imu_ang_vel=[0.15127216279506683, -0.5134730935096741, 0.20560230314731598] imu_quat_wxyz=[0.8234810829162598, 0.030765052884817123, 0.027802783995866776, 0.5658262968063354]
joint_pos=[34.847999572753906, 0.0, 43.992000579833984, 33.731998443603516, -119.12400817871094, 23.615999221801758] joint_vel=[-10.079999923706055, 0.0, 181.0800018310547, 202.04998779296875, -426.3299865722656, 108.9000015258789] imu_ang_vel=[0.15127216279506683, -0.5134730935096741, 0.20560230314731598] imu_quat_wxyz=[0.8234810829162598, 0.030765052884817123, 0.027802783995866776, 0.5658262968063354]
joint_pos=[34.847999572753906, 0.0, 43.992000579833984, 33.731998443603516, -119.12400817871094, 23.615999221801758] joint_vel=[-10.079999923706055, 0.0, 181.0800018310547, 202.04998779296875, -426.3299865722656, 108.9000015258789] imu_ang_vel=[0.11824796348810196, -0.47831833362579346, 0.192818745970726] imu_quat_wxyz=[0.8222654461860657, 0.03493961691856384, 0.02271384187042713, 0.5675763487815857]
joint_pos=[34.847999572753906, 0.0, 43.992000579833984, 33.731998443603516, -119.12400817871094, 23.615999221801758] joint_vel=[-10.079999923706055, 0.0, 181.0800018310547, 202.04998779296875, -426.3299865722656, 108.9000015258789] imu_ang_vel=[0.11824796348810196, -0.47831833362579346, 0.192818745970726] imu_quat_wxyz=[0.8222654461860657, 0.03493961691856384, 0.02271384187042713, 0.5675763487815857]
joint_pos=[34.847999572753906, 0.0, 43.992000579833984, 33.731998443603516, -119.12400817871094, 23.615999221801758] joint_vel=[-10.079999923706055, 0.0, 181.0800018310547, 202.04998779296875, -426.3299865722656, 108.9000015258789] imu_ang_vel=[0.07350549101829529, -0.4271840751171112, 0.16512101888656616] imu_quat_wxyz=[0.8212289214134216, 0.03809186816215515, 0.018334006890654564, 0.5690306425094604]
joint_pos=[34.847999572753906, 0.0, 43.992000579833984, 33.731998443603516, -119.12400817871094, 23.615999221801758] joint_vel=[-10.079999923706055, 0.0, 181.0800018310547, 202.04998779296875, -426.3299865722656, 108.9000015258789] imu_ang_vel=[0.07350549101829529, -0.4271840751171112, 0.16512101888656616] imu_quat_wxyz=[0.8212289214134216, 0.03809186816215515, 0.018334006890654564, 0.5690306425094604]
joint_pos=[34.847999572753906, 0.0, 43.992000579833984, 33.731998443603516, -119.12400817871094, 23.615999221801758] joint_vel=[-10.079999923706055, 0.0, 181.0800018310547, 202.04998779296875, -426.3299865722656, 108.9000015258789] imu_ang_vel=[0.034089501947164536, -0.3600703775882721, 0.12250914424657822] imu_quat_wxyz=[0.8205733299255371, 0.03988473489880562, 0.014760441146790981, 0.56995689868927]
joint_pos=[34.847999572753906, 0.0, 43.992000579833984, 33.731998443603516, -119.12400817871094, 23.615999221801758] joint_vel=[-10.079999923706055, 0.0, 181.0800018310547, 202.04998779296875, -426.3299865722656, 108.9000015258789] imu_ang_vel=[0.034089501947164536, -0.3600703775882721, 0.12250914424657822] imu_quat_wxyz=[0.8205733299255371, 0.03988473489880562, 0.014760441146790981, 0.56995689868927]
joint_pos=[34.847999572753906, 0.0, 43.992000579833984, 33.731998443603516, -119.12400817871094, 23.615999221801758] joint_vel=[-10.079999923706055, 0.0, 181.0800018310547, 202.04998779296875, -426.3299865722656, 108.9000015258789] imu_ang_vel=[0.0, -0.2897607684135437, 0.08309315890073776] imu_quat_wxyz=[0.8203533291816711, 0.04000791162252426, 0.012066781520843506, 0.5703279972076416]
joint_pos=[34.847999572753906, 0.0, 43.992000579833984, 33.731998443603516, -119.12400817871094, 23.615999221801758] joint_vel=[-10.079999923706055, 0.0, 181.0800018310547, 202.04998779296875, -426.3299865722656, 108.9000015258789] imu_ang_vel=[0.0, -0.2897607684135437, 0.08309315890073776] imu_quat_wxyz=[0.8203533291816711, 0.04000791162252426, 0.012066781520843506, 0.5703279972076416]
joint_pos=[34.847999572753906, 0.0, 43.992000579833984, 33.731998443603516, -119.12400817871094, 23.615999221801758] joint_vel=[-10.079999923706055, 0.0, 181.0800018310547, 202.04998779296875, -426.3299865722656, 108.9000015258789] imu_ang_vel=[-0.06604841351509094, -0.23543062806129456, 0.08841964602470398] imu_quat_wxyz=[0.8202017545700073, 0.03864649683237076, 0.009807225316762924, 0.5706831812858582]
joint_pos=[34.847999572753906, 0.0, 43.992000579833984, 33.731998443603516, -119.12400817871094, 23.615999221801758] joint_vel=[-10.079999923706055, 0.0, 181.0800018310547, 202.04998779296875, -426.3299865722656, 108.9000015258789] imu_ang_vel=[-0.06604841351509094, -0.23543062806129456, 0.08841964602470398] imu_quat_wxyz=[0.8202017545700073, 0.03864649683237076, 0.009807225316762924, 0.5706831812858582]
joint_pos=[34.847999572753906, 0.0, 43.992000579833984, 33.731998443603516, -119.12400817871094, 23.615999221801758] joint_vel=[-10.079999923706055, 0.0, 181.0800018310547, 202.04998779296875, -426.3299865722656, 108.9000015258789] imu_ang_vel=[-0.08841964602470398, -0.14807628095149994, 0.082027867436409] imu_quat_wxyz=[0.8199993968009949, 0.03562137112021446, 0.008173727430403233, 0.5711963772773743]
joint_pos=[34.847999572753906, 0.0, 43.992000579833984, 33.731998443603516, -119.12400817871094, 23.615999221801758] joint_vel=[-10.079999923706055, 0.0, 181.0800018310547, 202.04998779296875, -426.3299865722656, 108.9000015258789] imu_ang_vel=[-0.08841964602470398, -0.14807628095149994, 0.082027867436409] imu_quat_wxyz=[0.8199993968009949, 0.03562137112021446, 0.008173727430403233, 0.5711963772773743]
joint_pos=[34.847999572753906, 0.0, 43.992000579833984, 33.731998443603516, -119.12400817871094, 23.615999221801758] joint_vel=[-10.079999923706055, 0.0, 181.0800018310547, 202.04998779296875, -426.3299865722656, 108.9000015258789] imu_ang_vel=[-0.11079087853431702, -0.07563608139753342, 0.04367717355489731] imu_quat_wxyz=[0.8200613856315613, 0.03128475695848465, 0.007672082167118788, 0.5713683366775513]
joint_pos=[34.847999572753906, 0.0, 43.992000579833984, 33.731998443603516, -119.12400817871094, 23.615999221801758] joint_vel=[-10.079999923706055, 0.0, 181.0800018310547, 202.04998779296875, -426.3299865722656, 108.9000015258789] imu_ang_vel=[-0.11079087853431702, -0.07563608139753342, 0.04367717355489731] imu_quat_wxyz=[0.8200613856315613, 0.03128475695848465, 0.007672082167118788, 0.5713683366775513]
joint_pos=[34.847999572753906, 0.0, 43.992000579833984, 33.731998443603516, -119.12400817871094, 23.615999221801758] joint_vel=[-10.079999923706055, 0.0, 181.0800018310547, 202.04998779296875, -426.3299865722656, 108.9000015258789] imu_ang_vel=[-0.13848860561847687, -0.013848859816789627, -0.027697719633579254] imu_quat_wxyz=[0.8208791613578796, 0.027264930307865143, 0.00834938045591116, 0.5703895688056946]
joint_pos=[34.847999572753906, 0.0, 43.992000579833984, 33.731998443603516, -119.12400817871094, 23.615999221801758] joint_vel=[-10.079999923706055, 0.0, 181.0800018310547, 202.04998779296875, -426.3299865722656, 108.9000015258789] imu_ang_vel=[-0.13848860561847687, -0.013848859816789627, -0.027697719633579254] imu_quat_wxyz=[0.8208791613578796, 0.027264930307865143, 0.00834938045591116, 0.5703895688056946]
joint_pos=[34.847999572753906, 0.0, 43.992000579833984, 33.731998443603516, -119.12400817871094, 23.615999221801758] joint_vel=[-10.079999923706055, 0.0, 181.0800018310547, 202.04998779296875, -426.3299865722656, 108.9000015258789] imu_ang_vel=[-0.15553335845470428, 0.0703095942735672, -0.07989726960659027] imu_quat_wxyz=[0.8222118616104126, 0.023248987272381783, 0.009250239469110966, 0.5686312317848206]
joint_pos=[34.847999572753906, 0.0, 43.992000579833984, 33.731998443603516, -119.12400817871094, 23.615999221801758] joint_vel=[-10.079999923706055, 0.0, 181.0800018310547, 202.04998779296875, -426.3299865722656, 108.9000015258789] imu_ang_vel=[-0.15553335845470428, 0.0703095942735672, -0.07989726960659027] imu_quat_wxyz=[0.8222118616104126, 0.023248987272381783, 0.009250239469110966, 0.5686312317848206]
joint_pos=[34.847999572753906, 0.0, 43.992000579833984, 33.731998443603516, -119.12400817871094, 23.615999221801758] joint_vel=[-10.079999923706055, 0.0, 181.0800018310547, 202.04998779296875, -426.3299865722656, 108.9000015258789] imu_ang_vel=[-0.16831691563129425, 0.15446805953979492, -0.12996622920036316] imu_quat_wxyz=[0.8237703442573547, 0.018981866538524628, 0.010922200046479702, 0.5665003657341003]
joint_pos=[34.847999572753906, 0.0, 43.992000579833984, 33.731998443603516, -119.12400817871094, 23.615999221801758] joint_vel=[-10.079999923706055, 0.0, 181.0800018310547, 202.04998779296875, -426.3299865722656, 108.9000015258789] imu_ang_vel=[-0.16831691563129425, 0.15446805953979492, -0.12996622920036316] imu_quat_wxyz=[0.8237703442573547, 0.018981866538524628, 0.010922200046479702, 0.5665003657341003]
joint_pos=[34.847999572753906, 0.0, 43.992000579833984, 33.731998443603516, -119.12400817871094, 23.615999221801758] joint_vel=[-10.079999923706055, 0.0, 181.0800018310547, 202.04998779296875, -426.3299865722656, 108.9000015258789] imu_ang_vel=[-0.17683929204940796, 0.23649592697620392, -0.20986349880695343] imu_quat_wxyz=[0.825840175151825, 0.01407365407794714, 0.013040374964475632, 0.5635776519775391]
joint_pos=[34.847999572753906, 0.0, 43.992000579833984, 33.731998443603516, -119.12400817871094, 23.615999221801758] joint_vel=[-10.079999923706055, 0.0, 181.0800018310547, 202.04998779296875, -426.3299865722656, 108.9000015258789] imu_ang_vel=[-0.17683929204940796, 0.23649592697620392, -0.20986349880695343] imu_quat_wxyz=[0.825840175151825, 0.01407365407794714, 0.013040374964475632, 0.5635776519775391]
joint_pos=[34.847999572753906, 0.0, 43.992000579833984, 33.731998443603516, -119.12400817871094, 23.615999221801758] joint_vel=[-10.079999923706055, 0.0, 181.0800018310547, 202.04998779296875, -426.3299865722656, 108.9000015258789] imu_ang_vel=[-0.17151281237602234, 0.32065439224243164, -0.2812383770942688] imu_quat_wxyz=[0.8284837007522583, 0.008240411058068275, 0.0154302092269063, 0.5597397685050964]
joint_pos=[34.847999572753906, 0.0, 43.992000579833984, 33.731998443603516, -119.12400817871094, 23.615999221801758] joint_vel=[-10.079999923706055, 0.0, 181.0800018310547, 202.04998779296875, -426.3299865722656, 108.9000015258789] imu_ang_vel=[-0.17151281237602234, 0.32065439224243164, -0.2812383770942688] imu_quat_wxyz=[0.8284837007522583, 0.008240411058068275, 0.0154302092269063, 0.5597397685050964]
joint_pos=[34.847999572753906, 0.0, 43.992000579833984, 33.731998443603516, -119.12400817871094, 23.615999221801758] joint_vel=[-10.079999923706055, 0.0, 181.0800018310547, 202.04998779296875, -426.3299865722656, 108.9000015258789] imu_ang_vel=[-0.1523374617099762, 0.3920292854309082, -0.33556854724884033] imu_quat_wxyz=[0.8314237594604492, 0.0020568480249494314, 0.018733851611614227, 0.5553191304206848]
joint_pos=[34.847999572753906, 0.0, 43.992000579833984, 33.731998443603516, -119.12400817871094, 23.615999221801758] joint_vel=[-10.079999923706055, 0.0, 181.0800018310547, 202.04998779296875, -426.3299865722656, 108.9000015258789] imu_ang_vel=[-0.1523374617099762, 0.3920292854309082, -0.33556854724884033] imu_quat_wxyz=[0.8314237594604492, 0.0020568480249494314, 0.018733851611614227, 0.5553191304206848]
joint_pos=[34.847999572753906, 0.0, 43.992000579833984, 33.731998443603516, -119.12400817871094, 23.615999221801758] joint_vel=[-10.079999923706055, 0.0, 181.0800018310547, 202.04998779296875, -426.3299865722656, 108.9000015258789] imu_ang_vel=[-0.13635800778865814, 0.4474247097969055, -0.38776808977127075] imu_quat_wxyz=[0.8345119953155518, -0.003936551511287689, 0.02379477582871914, 0.5504617094993591]
joint_pos=[34.847999572753906, 0.0, 43.992000579833984, 33.731998443603516, -119.12400817871094, 23.615999221801758] joint_vel=[-10.079999923706055, 0.0, 181.0800018310547, 202.04998779296875, -426.3299865722656, 108.9000015258789] imu_ang_vel=[-0.13635800778865814, 0.4474247097969055, -0.38776808977127075] imu_quat_wxyz=[0.8345119953155518, -0.003936551511287689, 0.02379477582871914, 0.5504617094993591]
joint_pos=[34.847999572753906, 0.0, 43.992000579833984, 33.731998443603516, -119.12400817871094, 23.615999221801758] joint_vel=[-10.079999923706055, 0.0, 181.0800018310547, 202.04998779296875, -426.3299865722656, 108.9000015258789] imu_ang_vel=[-0.12783563137054443, 0.4857754111289978, -0.4282493591308594] imu_quat_wxyz=[0.8375993371009827, -0.0096444645896554, 0.030346117913722992, 0.5453563332557678]
joint_pos=[34.847999572753906, 0.0, 43.992000579833984, 33.731998443603516, -119.12400817871094, 23.615999221801758] joint_vel=[-10.079999923706055, 0.0, 181.0800018310547, 202.04998779296875, -426.3299865722656, 108.9000015258789] imu_ang_vel=[-0.12783563137054443, 0.4857754111289978, -0.4282493591308594] imu_quat_wxyz=[0.8375993371009827, -0.0096444645896554, 0.030346117913722992, 0.5453563332557678]
joint_pos=[34.847999572753906, 0.0, 43.992000579833984, 33.731998443603516, -119.12400817871094, 23.615999221801758] joint_vel=[-10.079999923706055, 0.0, 181.0800018310547, 202.04998779296875, -426.3299865722656, 108.9000015258789] imu_ang_vel=[-0.12463974207639694, 0.49962425231933594, -0.44635942578315735] imu_quat_wxyz=[0.8405119776725769, -0.015007163397967815, 0.037521589547395706, 0.5402837991714478]
joint_pos=[34.847999572753906, 0.0, 43.992000579833984, 33.731998443603516, -119.12400817871094, 23.615999221801758] joint_vel=[-10.079999923706055, 0.0, 181.0800018310547, 202.04998779296875, -426.3299865722656, 108.9000015258789] imu_ang_vel=[-0.12463974207639694, 0.49962425231933594, -0.44635942578315735] imu_quat_wxyz=[0.8405119776725769, -0.015007163397967815, 0.037521589547395706, 0.5402837991714478]
joint_pos=[34.847999572753906, 0.0, 43.992000579833984, 33.731998443603516, -119.12400817871094, 23.615999221801758] joint_vel=[-10.079999923706055, 0.0, 181.0800018310547, 202.04998779296875, -426.3299865722656, 108.9000015258789] imu_ang_vel=[-0.13209682703018188, 0.4804489314556122, -0.44103294610977173] imu_quat_wxyz=[0.8430643677711487, -0.019895708188414574, 0.0444803312420845, 0.5356007814407349]
joint_pos=[34.847999572753906, 0.0, 43.992000579833984, 33.731998443603516, -119.12400817871094, 23.615999221801758] joint_vel=[-10.079999923706055, 0.0, 181.0800018310547, 202.04998779296875, -426.3299865722656, 108.9000015258789] imu_ang_vel=[-0.13209682703018188, 0.4804489314556122, -0.44103294610977173] imu_quat_wxyz=[0.8430643677711487, -0.019895708188414574, 0.0444803312420845, 0.5356007814407349]
joint_pos=[34.847999572753906, 0.0, 43.992000579833984, 33.731998443603516, -119.12400817871094, 23.615999221801758] joint_vel=[-10.079999923706055, 0.0, 181.0800018310547, 202.04998779296875, -426.3299865722656, 108.9000015258789] imu_ang_vel=[-0.14488038420677185, 0.4538165032863617, -0.41759639978408813] imu_quat_wxyz=[0.8450981378555298, -0.023966800421476364, 0.0504106804728508, 0.5316892266273499]
joint_pos=[34.847999572753906, 0.0, 43.992000579833984, 33.731998443603516, -119.12400817871094, 23.615999221801758] joint_vel=[-10.079999923706055, 0.0, 181.0800018310547, 202.04998779296875, -426.3299865722656, 108.9000015258789] imu_ang_vel=[-0.14488038420677185, 0.4538165032863617, -0.41759639978408813] imu_quat_wxyz=[0.8450981378555298, -0.023966800421476364, 0.0504106804728508, 0.5316892266273499]
joint_pos=[34.847999572753906, 0.0, 43.992000579833984, 33.731998443603516, -119.12400817871094, 23.615999221801758] joint_vel=[-10.079999923706055, 0.0, 181.0800018310547, 202.04998779296875, -426.3299865722656, 108.9000015258789] imu_ang_vel=[-0.13635800778865814, 0.44955530762672424, -0.40800872445106506] imu_quat_wxyz=[0.846728503704071, -0.027486527338624, 0.05512746796011925, 0.5284469723701477]
joint_pos=[34.847999572753906, 0.0, 43.992000579833984, 33.731998443603516, -119.12400817871094, 23.615999221801758] joint_vel=[-10.079999923706055, 0.0, 181.0800018310547, 202.04998779296875, -426.3299865722656, 108.9000015258789] imu_ang_vel=[-0.13635800778865814, 0.44955530762672424, -0.40800872445106506] imu_quat_wxyz=[0.846728503704071, -0.027486527338624, 0.05512746796011925, 0.5284469723701477]
joint_pos=[34.847999572753906, 0.0, 43.992000579833984, 33.731998443603516, -119.12400817871094, 23.615999221801758] joint_vel=[-10.079999923706055, 0.0, 181.0800018310547, 202.04998779296875, -426.3299865722656, 108.9000015258789] imu_ang_vel=[-0.12783563137054443, 0.4122699201107025, -0.43464115262031555] imu_quat_wxyz=[0.8484781384468079, -0.030900606885552406, 0.05939628556370735, 0.52497798204422]
joint_pos=[34.847999572753906, 0.0, 43.992000579833984, 33.731998443603516, -119.12400817871094, 23.615999221801758] joint_vel=[-10.079999923706055, 0.0, 181.0800018310547, 202.04998779296875, -426.3299865722656, 108.9000015258789] imu_ang_vel=[-0.12783563137054443, 0.4122699201107025, -0.43464115262031555] imu_quat_wxyz=[0.8484781384468079, -0.030900606885552406, 0.05939628556370735, 0.52497798204422]
joint_pos=[34.847999572753906, 0.0, 43.992000579833984, 33.731998443603516, -119.12400817871094, 23.615999221801758] joint_vel=[-10.079999923706055, 0.0, 181.0800018310547, 202.04998779296875, -426.3299865722656, 108.9000015258789] imu_ang_vel=[-0.1171826645731926, 0.36433154344558716, -0.438902348279953] imu_quat_wxyz=[0.8503567576408386, -0.033982131630182266, 0.061903342604637146, 0.5214465260505676]
joint_pos=[34.847999572753906, 0.0, 43.992000579833984, 33.731998443603516, -119.12400817871094, 23.615999221801758] joint_vel=[-10.079999923706055, 0.0, 181.0800018310547, 202.04998779296875, -426.3299865722656, 108.9000015258789] imu_ang_vel=[-0.1171826645731926, 0.36433154344558716, -0.438902348279953] imu_quat_wxyz=[0.8503567576408386, -0.033982131630182266, 0.061903342604637146, 0.5214465260505676]
joint_pos=[34.847999572753906, 0.0, 43.992000579833984, 33.731998443603516, -119.12400817871094, 23.615999221801758] joint_vel=[-10.079999923706055, 0.0, 181.0800018310547, 202.04998779296875, -426.3299865722656, 108.9000015258789] imu_ang_vel=[-0.08522375673055649, 0.3302420377731323, -0.39309456944465637] imu_quat_wxyz=[0.8518282175064087, -0.03682414069771767, 0.06324835866689682, 0.5186831951141357]
joint_pos=[34.847999572753906, 0.0, 43.992000579833984, 33.731998443603516, -119.12400817871094, 23.615999221801758] joint_vel=[-10.079999923706055, 0.0, 181.0800018310547, 202.04998779296875, -426.3299865722656, 108.9000015258789] imu_ang_vel=[-0.08522375673055649, 0.3302420377731323, -0.39309456944465637] imu_quat_wxyz=[0.8518282175064087, -0.03682414069771767, 0.06324835866689682, 0.5186831951141357]
joint_pos=[34.847999572753906, 0.0, 43.992000579833984, 33.731998443603516, -119.12400817871094, 23.615999221801758] joint_vel=[-10.079999923706055, 0.0, 181.0800018310547, 202.04998779296875, -426.3299865722656, 108.9000015258789] imu_ang_vel=[-0.04048128426074982, 0.274846613407135, -0.33556854724884033] imu_quat_wxyz=[0.8526234030723572, -0.0393889881670475, 0.06408649682998657, 0.517082929611206]
joint_pos=[34.847999572753906, 0.0, 43.992000579833984, 33.731998443603516, -119.12400817871094, 23.615999221801758] joint_vel=[-10.079999923706055, 0.0, 181.0800018310547, 202.04998779296875, -426.3299865722656, 108.9000015258789] imu_ang_vel=[-0.04048128426074982, 0.274846613407135, -0.33556854724884033] imu_quat_wxyz=[0.8526234030723572, -0.0393889881670475, 0.06408649682998657, 0.517082929611206]
joint_pos=[34.847999572753906, 0.0, 43.992000579833984, 33.731998443603516, -119.12400817871094, 23.615999221801758] joint_vel=[-10.079999923706055, 0.0, 181.0800018310547, 202.04998779296875, -426.3299865722656, 108.9000015258789] imu_ang_vel=[0.01491415686905384, 0.21518997848033905, -0.31213200092315674] imu_quat_wxyz=[0.8531091809272766, -0.041213858872652054, 0.06496703624725342, 0.5160285830497742]
joint_pos=[34.847999572753906, 0.0, 43.992000579833984, 33.731998443603516, -119.12400817871094, 23.615999221801758] joint_vel=[-10.079999923706055, 0.0, 181.0800018310547, 202.04998779296875, -426.3299865722656, 108.9000015258789] imu_ang_vel=[0.01491415686905384, 0.21518997848033905, -0.31213200092315674] imu_quat_wxyz=[0.8531091809272766, -0.041213858872652054, 0.06496703624725342, 0.5160285830497742]
joint_pos=[34.847999572753906, 0.0, 43.992000579833984, 33.731998443603516, -119.12400817871094, 23.615999221801758] joint_vel=[-10.079999923706055, 0.0, 181.0800018310547, 202.04998779296875, -426.3299865722656, 108.9000015258789] imu_ang_vel=[0.07244019210338593, 0.1289009302854538, -0.2812383770942688] imu_quat_wxyz=[0.8534496426582336, -0.04179082438349724, 0.06567520648241043, 0.5153290629386902]
joint_pos=[34.847999572753906, 0.0, 43.992000579833984, 33.731998443603516, -119.12400817871094, 23.615999221801758] joint_vel=[-10.079999923706055, 0.0, 181.0800018310547, 202.04998779296875, -426.3299865722656, 108.9000015258789] imu_ang_vel=[0.07244019210338593, 0.1289009302854538, -0.2812383770942688] imu_quat_wxyz=[0.8534496426582336, -0.04179082438349724, 0.06567520648241043, 0.5153290629386902]
joint_pos=[34.847999572753906, 0.0, 43.992000579833984, 33.731998443603516, -119.12400817871094, 23.615999221801758] joint_vel=[-10.079999923706055, 0.0, 181.0800018310547, 202.04998779296875, -426.3299865722656, 108.9000015258789] imu_ang_vel=[0.1257050335407257, 0.04474247246980667, -0.22371235489845276] imu_quat_wxyz=[0.8534114360809326, -0.04052632674574852, 0.0661700889468193, 0.5154299736022949]
joint_pos=[34.847999572753906, 0.0, 43.992000579833984, 33.731998443603516, -119.12400817871094, 23.615999221801758] joint_vel=[-10.079999923706055, 0.0, 181.0800018310547, 202.04998779296875, -426.3299865722656, 108.9000015258789] imu_ang_vel=[0.1257050335407257, 0.04474247246980667, -0.22371235489845276] imu_quat_wxyz=[0.8534114360809326, -0.04052632674574852, 0.0661700889468193, 0.5154299736022949]
joint_pos=[34.847999572753906, 0.0, 43.992000579833984, 33.731998443603516, -119.12400817871094, 23.615999221801758] joint_vel=[-10.079999923706055, 0.0, 181.0800018310547, 202.04998779296875, -426.3299865722656, 108.9000015258789] imu_ang_vel=[0.17364339530467987, -0.039415985345840454, -0.16512101888656616] imu_quat_wxyz=[0.852896511554718, -0.03729894757270813, 0.06635261327028275, 0.5165014266967773]
joint_pos=[34.847999572753906, 0.0, 43.992000579833984, 33.731998443603516, -119.12400817871094, 23.615999221801758] joint_vel=[-10.079999923706055, 0.0, 181.0800018310547, 202.04998779296875, -426.3299865722656, 108.9000015258789] imu_ang_vel=[0.17364339530467987, -0.039415985345840454, -0.16512101888656616] imu_quat_wxyz=[0.852896511554718, -0.03729894757270813, 0.06635261327028275, 0.5165014266967773]
joint_pos=[34.847999572753906, 0.0, 43.992000579833984, 33.731998443603516, -119.12400817871094, 23.615999221801758] joint_vel=[-10.079999923706055, 0.0, 181.0800018310547, 202.04998779296875, -426.3299865722656, 108.9000015258789] imu_ang_vel=[0.20666760206222534, -0.12996622920036316, -0.12037855386734009] imu_quat_wxyz=[0.8520277142524719, -0.032206013798713684, 0.06577714532613754, 0.5183482766151428]
joint_pos=[34.847999572753906, 0.0, 43.992000579833984, 33.731998443603516, -119.12400817871094, 23.615999221801758] joint_vel=[-10.079999923706055, 0.0, 181.0800018310547, 202.04998779296875, -426.3299865722656, 108.9000015258789] imu_ang_vel=[0.20666760206222534, -0.12996622920036316, -0.12037855386734009] imu_quat_wxyz=[0.8520277142524719, -0.032206013798713684, 0.06577714532613754, 0.5183482766151428]
joint_pos=[34.847999572753906, 0.0, 43.992000579833984, 33.731998443603516, -119.12400817871094, 23.615999221801758] joint_vel=[-10.079999923706055, 0.0, 181.0800018310547, 202.04998779296875, -426.3299865722656, 108.9000015258789] imu_ang_vel=[0.2279735505580902, -0.20453700423240662, -0.07350549101829529] imu_quat_wxyz=[0.8508781790733337, -0.0257180817425251, 0.06401132047176361, 0.5208142399787903]
joint_pos=[34.847999572753906, 0.0, 43.992000579833984, 33.731998443603516, -119.12400817871094, 23.615999221801758] joint_vel=[-10.079999923706055, 0.0, 181.0800018310547, 202.04998779296875, -426.3299865722656, 108.9000015258789] imu_ang_vel=[0.2279735505580902, -0.20453700423240662, -0.07350549101829529] imu_quat_wxyz=[0.8508781790733337, -0.0257180817425251, 0.06401132047176361, 0.5208142399787903]
joint_pos=[34.847999572753906, 0.0, 43.992000579833984, 33.731998443603516, -119.12400817871094, 23.615999221801758] joint_vel=[-10.079999923706055, 0.0, 181.0800018310547, 202.04998779296875, -426.3299865722656, 108.9000015258789] imu_ang_vel=[0.24075710773468018, -0.26738953590393066, -0.017044750973582268] imu_quat_wxyz=[0.8493573665618896, -0.018451301380991936, 0.061250798404216766, 0.5239274501800537]
joint_pos=[34.847999572753906, 0.0, 43.992000579833984, 33.731998443603516, -119.12400817871094, 23.615999221801758] joint_vel=[-10.079999923706055, 0.0, 181.0800018310547, 202.04998779296875, -426.3299865722656, 108.9000015258789] imu_ang_vel=[0.24075710773468018, -0.26738953590393066, -0.017044750973582268] imu_quat_wxyz=[0.8493573665618896, -0.018451301380991936, 0.061250798404216766, 0.5239274501800537]
joint_pos=[34.847999572753906, 0.0, 43.992000579833984, 33.731998443603516, -119.12400817871094, 23.615999221801758] joint_vel=[-10.079999923706055, 0.0, 181.0800018310547, 202.04998779296875, -426.3299865722656, 108.9000015258789] imu_ang_vel=[0.24395300447940826, -0.3195890784263611, 0.03195890784263611] imu_quat_wxyz=[0.8474894762039185, -0.010981627739965916, 0.05779736489057541, 0.5275417566299438]
joint_pos=[34.847999572753906, 0.0, 43.992000579833984, 33.731998443603516, -119.12400817871094, 23.615999221801758] joint_vel=[-10.079999923706055, 0.0, 181.0800018310547, 202.04998779296875, -426.3299865722656, 108.9000015258789] imu_ang_vel=[0.24395300447940826, -0.3195890784263611, 0.03195890784263611] imu_quat_wxyz=[0.8474894762039185, -0.010981627739965916, 0.05779736489057541, 0.5275417566299438]
joint_pos=[34.847999572753906, 0.0, 43.992000579833984, 33.731998443603516, -119.12400817871094, 23.615999221801758] joint_vel=[-10.079999923706055, 0.0, 181.0800018310547, 202.04998779296875, -426.3299865722656, 108.9000015258789] imu_ang_vel=[0.24075710773468018, -0.3600703775882721, 0.07457078248262405] imu_quat_wxyz=[0.8453180193901062, -0.00376108312048018, 0.05381808802485466, 0.5315325856208801]
joint_pos=[34.847999572753906, 0.0, 43.992000579833984, 33.731998443603516, -119.12400817871094, 23.615999221801758] joint_vel=[-10.079999923706055, 0.0, 181.0800018310547, 202.04998779296875, -426.3299865722656, 108.9000015258789] imu_ang_vel=[0.24075710773468018, -0.3600703775882721, 0.07457078248262405] imu_quat_wxyz=[0.8453180193901062, -0.00376108312048018, 0.05381808802485466, 0.5315325856208801]
joint_pos=[34.847999572753906, 0.0, 43.992000579833984, 33.731998443603516, -119.12400817871094, 23.615999221801758] joint_vel=[-10.079999923706055, 0.0, 181.0800018310547, 202.04998779296875, -426.3299865722656, 108.9000015258789] imu_ang_vel=[0.2343653291463852, -0.39096397161483765, 0.12250914424657822] imu_quat_wxyz=[0.8428832292556763, 0.0030520122963935137, 0.04947449266910553, 0.5358086228370667]
joint_pos=[34.847999572753906, 0.0, 43.992000579833984, 33.731998443603516, -119.12400817871094, 23.615999221801758] joint_vel=[-10.079999923706055, 0.0, 181.0800018310547, 202.04998779296875, -426.3299865722656, 108.9000015258789] imu_ang_vel=[0.2343653291463852, -0.39096397161483765, 0.12250914424657822] imu_quat_wxyz=[0.8428832292556763, 0.0030520122963935137, 0.04947449266910553, 0.5358086228370667]
joint_pos=[34.847999572753906, 0.0, 43.992000579833984, 33.731998443603516, -119.12400817871094, 23.615999221801758] joint_vel=[-10.079999923706055, 0.0, 181.0800018310547, 202.04998779296875, -426.3299865722656, 108.9000015258789] imu_ang_vel=[0.22477765381336212, -0.4101393222808838, 0.1725780963897705] imu_quat_wxyz=[0.8401820659637451, 0.008946397341787815, 0.04506736621260643, 0.5403546094894409]
joint_pos=[34.847999572753906, 0.0, 43.992000579833984, 33.731998443603516, -119.12400817871094, 23.615999221801758] joint_vel=[-10.079999923706055, 0.0, 181.0800018310547, 202.04998779296875, -426.3299865722656, 108.9000015258789] imu_ang_vel=[0.22477765381336212, -0.4101393222808838, 0.1725780963897705] imu_quat_wxyz=[0.8401820659637451, 0.008946397341787815, 0.04506736621260643, 0.5403546094894409]
joint_pos=[34.847999572753906, 0.0, 43.992000579833984, 33.731998443603516, -119.12400817871094, 23.615999221801758] joint_vel=[-10.079999923706055, 0.0, 181.0800018310547, 202.04998779296875, -426.3299865722656, 108.9000015258789] imu_ang_vel=[0.21518997848033905, -0.4303799569606781, 0.2162552773952484] imu_quat_wxyz=[0.8373023867607117, 0.013893465511500835, 0.040785837918519974, 0.5450395345687866]
joint_pos=[34.847999572753906, 0.0, 43.992000579833984, 33.731998443603516, -119.12400817871094, 23.615999221801758] joint_vel=[-10.079999923706055, 0.0, 181.0800018310547, 202.04998779296875, -426.3299865722656, 108.9000015258789] imu_ang_vel=[0.21518997848033905, -0.4303799569606781, 0.2162552773952484] imu_quat_wxyz=[0.8373023867607117, 0.013893465511500835, 0.040785837918519974, 0.5450395345687866]
joint_pos=[34.847999572753906, 0.0, 43.992000579833984, 33.731998443603516, -119.12400817871094, 23.615999221801758] joint_vel=[-10.079999923706055, 0.0, 181.0800018310547, 202.04998779296875, -426.3299865722656, 108.9000015258789] imu_ang_vel=[0.20453700423240662, -0.4442288279533386, 0.25886714458465576] imu_quat_wxyz=[0.8342828154563904, 0.018235504627227783, 0.036658141762018204, 0.5498144030570984]
joint_pos=[34.847999572753906, 0.0, 43.992000579833984, 33.731998443603516, -119.12400817871094, 23.615999221801758] joint_vel=[-10.079999923706055, 0.0, 181.0800018310547, 202.04998779296875, -426.3299865722656, 108.9000015258789] imu_ang_vel=[0.20453700423240662, -0.4442288279533386, 0.25886714458465576] imu_quat_wxyz=[0.8342828154563904, 0.018235504627227783, 0.036658141762018204, 0.5498144030570984]
joint_pos=[34.847999572753906, 0.0, 43.992000579833984, 33.731998443603516, -119.12400817871094, 23.615999221801758] joint_vel=[-10.079999923706055, 0.0, 181.0800018310547, 202.04998779296875, -426.3299865722656, 108.9000015258789] imu_ang_vel=[0.18642696738243103, -0.4484900236129761, 0.3014790415763855] imu_quat_wxyz=[0.8311139941215515, 0.022357473149895668, 0.03264133259654045, 0.5546928644180298]
joint_pos=[34.847999572753906, 0.0, 43.992000579833984, 33.731998443603516, -119.12400817871094, 23.615999221801758] joint_vel=[-10.079999923706055, 0.0, 181.0800018310547, 202.04998779296875, -426.3299865722656, 108.9000015258789] imu_ang_vel=[0.18642696738243103, -0.4484900236129761, 0.3014790415763855] imu_quat_wxyz=[0.8311139941215515, 0.022357473149895668, 0.03264133259654045, 0.5546928644180298]
joint_pos=[34.847999572753906, 0.0, 43.992000579833984, 33.731998443603516, -119.12400817871094, 23.615999221801758] joint_vel=[-10.079999923706055, 0.0, 181.0800018310547, 202.04998779296875, -426.3299865722656, 108.9000015258789] imu_ang_vel=[0.15766394138336182, -0.438902348279953, 0.33769911527633667] imu_quat_wxyz=[0.8278458118438721, 0.026432659476995468, 0.02872726507484913, 0.5595957636833191]
joint_pos=[34.847999572753906, 0.0, 43.992000579833984, 33.731998443603516, -119.12400817871094, 23.615999221801758] joint_vel=[-10.079999923706055, 0.0, 181.0800018310547, 202.04998779296875, -426.3299865722656, 108.9000015258789] imu_ang_vel=[0.15766394138336182, -0.438902348279953, 0.33769911527633667] imu_quat_wxyz=[0.8278458118438721, 0.026432659476995468, 0.02872726507484913, 0.5595957636833191]
joint_pos=[34.847999572753906, 0.0, 43.992000579833984, 33.731998443603516, -119.12400817871094, 23.615999221801758] joint_vel=[-10.079999923706055, 0.0, 181.0800018310547, 202.04998779296875, -426.3299865722656, 108.9000015258789] imu_ang_vel=[0.11824796348810196, -0.4154658019542694, 0.36752745509147644] imu_quat_wxyz=[0.8245632648468018, 0.0304724108427763, 0.02486022561788559, 0.5644012689590454]
joint_pos=[34.847999572753906, 0.0, 43.992000579833984, 33.731998443603516, -119.12400817871094, 23.615999221801758] joint_vel=[-10.079999923706055, 0.0, 181.0800018310547, 202.04998779296875, -426.3299865722656, 108.9000015258789] imu_ang_vel=[0.11824796348810196, -0.4154658019542694, 0.36752745509147644] imu_quat_wxyz=[0.8245632648468018, 0.0304724108427763, 0.02486022561788559, 0.5644012689590454]
joint_pos=[34.847999572753906, 0.0, 43.992000579833984, 33.731998443603516, -119.12400817871094, 23.615999221801758] joint_vel=[-10.079999923706055, 0.0, 181.0800018310547, 202.04998779296875, -426.3299865722656, 108.9000015258789] imu_ang_vel=[0.06924430280923843, -0.37391921877861023, 0.39096397161483765] imu_quat_wxyz=[0.8213439583778381, 0.03409506008028984, 0.02107192948460579, 0.5690233111381531]
joint_pos=[34.847999572753906, 0.0, 43.992000579833984, 33.731998443603516, -119.12400817871094, 23.615999221801758] joint_vel=[-10.079999923706055, 0.0, 181.0800018310547, 202.04998779296875, -426.3299865722656, 108.9000015258789] imu_ang_vel=[0.06924430280923843, -0.37391921877861023, 0.39096397161483765] imu_quat_wxyz=[0.8213439583778381, 0.03409506008028984, 0.02107192948460579, 0.5690233111381531]
joint_pos=[34.847999572753906, 0.0, 43.992000579833984, 33.731998443603516, -119.12400817871094, 23.615999221801758] joint_vel=[-10.079999923706055, 0.0, 181.0800018310547, 202.04998779296875, -426.3299865722656, 108.9000015258789] imu_ang_vel=[0.010652969591319561, -0.31426259875297546, 0.4069434404373169] imu_quat_wxyz=[0.8182350993156433, 0.036845967173576355, 0.017568377777934074, 0.5734325647354126]
joint_pos=[34.847999572753906, 0.0, 43.992000579833984, 33.731998443603516, -119.12400817871094, 23.615999221801758] joint_vel=[-10.079999923706055, 0.0, 181.0800018310547, 202.04998779296875, -426.3299865722656, 108.9000015258789] imu_ang_vel=[0.010652969591319561, -0.31426259875297546, 0.4069434404373169] imu_quat_wxyz=[0.8182350993156433, 0.036845967173576355, 0.017568377777934074, 0.5734325647354126]
joint_pos=[34.847999572753906, 0.0, 43.992000579833984, 33.731998443603516, -119.12400817871094, 23.615999221801758] joint_vel=[-10.079999923706055, 0.0, 181.0800018310547, 202.04998779296875, -426.3299865722656, 108.9000015258789] imu_ang_vel=[-0.0468730665743351, -0.24182240664958954, 0.4069434404373169] imu_quat_wxyz=[0.8154080510139465, 0.03815247118473053, 0.01461967546492815, 0.5774428844451904]
joint_pos=[34.847999572753906, 0.0, 43.992000579833984, 33.731998443603516, -119.12400817871094, 23.615999221801758] joint_vel=[-10.079999923706055, 0.0, 181.0800018310547, 202.04998779296875, -426.3299865722656, 108.9000015258789] imu_ang_vel=[-0.0468730665743351, -0.24182240664958954, 0.4069434404373169] imu_quat_wxyz=[0.8154080510139465, 0.03815247118473053, 0.01461967546492815, 0.5774428844451904]
joint_pos=[34.847999572753906, 0.0, 43.992000579833984, 33.731998443603516, -119.12400817871094, 23.615999221801758] joint_vel=[-10.079999923706055, 0.0, 181.0800018310547, 202.04998779296875, -426.3299865722656, 108.9000015258789] imu_ang_vel=[-0.09481142461299896, -0.16192513704299927, 0.3888333737850189] imu_quat_wxyz=[0.8131003379821777, 0.03743236884474754, 0.01231926865875721, 0.5807880759239197]
joint_pos=[34.847999572753906, 0.0, 43.992000579833984, 33.731998443603516, -119.12400817871094, 23.615999221801758] joint_vel=[-10.079999923706055, 0.0, 181.0800018310547, 202.04998779296875, -426.3299865722656, 108.9000015258789] imu_ang_vel=[-0.09481142461299896, -0.16192513704299927, 0.3888333737850189] imu_quat_wxyz=[0.8131003379821777, 0.03743236884474754, 0.01231926865875721, 0.5807880759239197]
joint_pos=[34.847999572753906, 0.0, 43.992000579833984, 33.731998443603516, -119.12400817871094, 23.615999221801758] joint_vel=[-10.079999923706055, 0.0, 181.0800018310547, 202.04998779296875, -426.3299865722656, 108.9000015258789] imu_ang_vel=[-0.12996622920036316, -0.08309315890073776, 0.3664621412754059] imu_quat_wxyz=[0.8113977313041687, 0.03453065827488899, 0.010732700116932392, 0.5833747982978821]
joint_pos=[34.847999572753906, 0.0, 43.992000579833984, 33.731998443603516, -119.12400817871094, 23.615999221801758] joint_vel=[-10.079999923706055, 0.0, 181.0800018310547, 202.04998779296875, -426.3299865722656, 108.9000015258789] imu_ang_vel=[-0.12996622920036316, -0.08309315890073776, 0.3664621412754059] imu_quat_wxyz=[0.8113977313041687, 0.03453065827488899, 0.010732700116932392, 0.5833747982978821]
joint_pos=[34.847999572753906, 0.0, 43.992000579833984, 33.731998443603516, -119.12400817871094, 23.615999221801758] joint_vel=[-10.079999923706055, 0.0, 181.0800018310547, 202.04998779296875, -426.3299865722656, 108.9000015258789] imu_ang_vel=[-0.15127216279506683, -0.013848859816789627, 0.34089502692222595] imu_quat_wxyz=[0.8102719783782959, 0.030099282041192055, 0.009956210851669312, 0.5851958394050598]
joint_pos=[34.847999572753906, 0.0, 43.992000579833984, 33.731998443603516, -119.12400817871094, 23.615999221801758] joint_vel=[-10.079999923706055, 0.0, 181.0800018310547, 202.04998779296875, -426.3299865722656, 108.9000015258789] imu_ang_vel=[-0.15127216279506683, -0.013848859816789627, 0.34089502692222595] imu_quat_wxyz=[0.8102719783782959, 0.030099282041192055, 0.009956210851669312, 0.5851958394050598]
joint_pos=[34.847999572753906, 0.0, 43.992000579833984, 33.731998443603516, -119.12400817871094, 23.615999221801758] joint_vel=[-10.079999923706055, 0.0, 181.0800018310547, 202.04998779296875, -426.3299865722656, 108.9000015258789] imu_ang_vel=[-0.1725780963897705, 0.04048128426074982, 0.35793977975845337] imu_quat_wxyz=[0.809258759021759, 0.025274008512496948, 0.00934568140655756, 0.5868340730667114]
joint_pos=[34.847999572753906, 0.0, 43.992000579833984, 33.731998443603516, -119.12400817871094, 23.615999221801758] joint_vel=[-10.079999923706055, 0.0, 181.0800018310547, 202.04998779296875, -426.3299865722656, 108.9000015258789] imu_ang_vel=[-0.1725780963897705, 0.04048128426074982, 0.35793977975845337] imu_quat_wxyz=[0.809258759021759, 0.025274008512496948, 0.00934568140655756, 0.5868340730667114]
joint_pos=[34.847999572753906, 0.0, 43.992000579833984, 33.731998443603516, -119.12400817871094, 23.615999221801758] joint_vel=[-10.079999923706055, 0.0, 181.0800018310547, 202.04998779296875, -426.3299865722656, 108.9000015258789] imu_ang_vel=[-0.16512101888656616, 0.13316211104393005, 0.34941738843917847] imu_quat_wxyz=[0.8082914352416992, 0.020205287262797356, 0.009284150786697865, 0.5883625149726868]
joint_pos=[34.847999572753906, 0.0, 43.992000579833984, 33.731998443603516, -119.12400817871094, 23.615999221801758] joint_vel=[-10.079999923706055, 0.0, 181.0800018310547, 202.04998779296875, -426.3299865722656, 108.9000015258789] imu_ang_vel=[-0.16512101888656616, 0.13316211104393005, 0.34941738843917847] imu_quat_wxyz=[0.8082914352416992, 0.020205287262797356, 0.009284150786697865, 0.5883625149726868]
joint_pos=[34.847999572753906, 0.0, 43.992000579833984, 33.731998443603516, -119.12400817871094, 23.615999221801758] joint_vel=[-10.079999923706055, 0.0, 181.0800018310547, 202.04998779296875, -426.3299865722656, 108.9000015258789] imu_ang_vel=[-0.16299043595790863, 0.19707992672920227, 0.27378129959106445] imu_quat_wxyz=[0.8080602288246155, 0.015710189938545227, 0.010692457668483257, 0.5887932181358337]
joint_pos=[34.847999572753906, 0.0, 43.992000579833984, 33.731998443603516, -119.12400817871094, 23.615999221801758] joint_vel=[-10.079999923706055, 0.0, 181.0800018310547, 202.04998779296875, -426.3299865722656, 108.9000015258789] imu_ang_vel=[-0.16299043595790863, 0.19707992672920227, 0.27378129959106445] imu_quat_wxyz=[0.8080602288246155, 0.015710189938545227, 0.010692457668483257, 0.5887932181358337]
joint_pos=[34.847999572753906, 0.0, 43.992000579833984, 33.731998443603516, -119.12400817871094, 23.615999221801758] joint_vel=[-10.079999923706055, 0.0, 181.0800018310547, 202.04998779296875, -426.3299865722656, 108.9000015258789] imu_ang_vel=[-0.16192513704299927, 0.2663242220878601, 0.1757739931344986] imu_quat_wxyz=[0.8089926838874817, 0.011888045817613602, 0.013035796582698822, 0.587553858757019]
joint_pos=[34.847999572753906, 0.0, 43.992000579833984, 33.731998443603516, -119.12400817871094, 23.615999221801758] joint_vel=[-10.079999923706055, 0.0, 181.0800018310547, 202.04998779296875, -426.3299865722656, 108.9000015258789] imu_ang_vel=[-0.16192513704299927, 0.2663242220878601, 0.1757739931344986] imu_quat_wxyz=[0.8089926838874817, 0.011888045817613602, 0.013035796582698822, 0.587553858757019]
joint_pos=[34.847999572753906, 0.0, 43.992000579833984, 33.731998443603516, -119.12400817871094, 23.615999221801758] joint_vel=[-10.079999923706055, 0.0, 181.0800018310547, 202.04998779296875, -426.3299865722656, 108.9000015258789] imu_ang_vel=[-0.15553335845470428, 0.35261330008506775, 0.09481142461299896] imu_quat_wxyz=[0.8107549548149109, 0.007674260064959526, 0.015957757830619812, 0.5851176977157593]
joint_pos=[34.847999572753906, 0.0, 43.992000579833984, 33.731998443603516, -119.12400817871094, 23.615999221801758] joint_vel=[-10.079999923706055, 0.0, 181.0800018310547, 202.04998779296875, -426.3299865722656, 108.9000015258789] imu_ang_vel=[-0.15553335845470428, 0.35261330008506775, 0.09481142461299896] imu_quat_wxyz=[0.8107549548149109, 0.007674260064959526, 0.015957757830619812, 0.5851176977157593]
joint_pos=[34.847999572753906, 0.0, 43.992000579833984, 33.731998443603516, -119.12400817871094, 23.615999221801758] joint_vel=[-10.079999923706055, 0.0, 181.0800018310547, 202.04998779296875, -426.3299865722656, 108.9000015258789] imu_ang_vel=[-0.13422740995883942, 0.4282493591308594, 0.04048128426074982] imu_quat_wxyz=[0.8129515051841736, 0.0025621464010328054, 0.019749503582715988, 0.581990659236908]
joint_pos=[34.847999572753906, 0.0, 43.992000579833984, 33.731998443603516, -119.12400817871094, 23.615999221801758] joint_vel=[-10.079999923706055, 0.0, 181.0800018310547, 202.04998779296875, -426.3299865722656, 108.9000015258789] imu_ang_vel=[-0.13422740995883942, 0.4282493591308594, 0.04048128426074982] imu_quat_wxyz=[0.8129515051841736, 0.0025621464010328054, 0.019749503582715988, 0.581990659236908]
joint_pos=[34.847999572753906, 0.0, 43.992000579833984, 33.731998443603516, -119.12400817871094, 23.615999221801758] joint_vel=[-10.079999923706055, 0.0, 181.0800018310547, 202.04998779296875, -426.3299865722656, 108.9000015258789] imu_ang_vel=[-0.10120321065187454, 0.4889712929725647, -0.017044750973582268] imu_quat_wxyz=[0.8154187798500061, -0.0034676985815167427, 0.02438998781144619, 0.5783469080924988]
joint_pos=[34.847999572753906, 0.0, 43.992000579833984, 33.731998443603516, -119.12400817871094, 23.615999221801758] joint_vel=[-10.079999923706055, 0.0, 181.0800018310547, 202.04998779296875, -426.3299865722656, 108.9000015258789] imu_ang_vel=[-0.10120321065187454, 0.4889712929725647, -0.017044750973582268] imu_quat_wxyz=[0.8154187798500061, -0.0034676985815167427, 0.02438998781144619, 0.5783469080924988]
joint_pos=[34.847999572753906, 0.0, 43.992000579833984, 33.731998443603516, -119.12400817871094, 23.615999221801758] joint_vel=[-10.079999923706055, 0.0, 181.0800018310547, 202.04998779296875, -426.3299865722656, 108.9000015258789] imu_ang_vel=[-0.06924430280923843, 0.5102772116661072, -0.08735434710979462] imu_quat_wxyz=[0.8183506727218628, -0.009611682966351509, 0.030782928690314293, 0.573813796043396]
joint_pos=[34.847999572753906, 0.0, 43.992000579833984, 33.731998443603516, -119.12400817871094, 23.615999221801758] joint_vel=[-10.079999923706055, 0.0, 181.0800018310547, 202.04998779296875, -426.3299865722656, 108.9000015258789] imu_ang_vel=[-0.06924430280923843, 0.5102772116661072, -0.08735434710979462] imu_quat_wxyz=[0.8183506727218628, -0.009611682966351509, 0.030782928690314293, 0.573813796043396]
joint_pos=[34.847999572753906, 0.0, 43.992000579833984, 33.731998443603516, -119.12400817871094, 23.615999221801758] joint_vel=[-10.079999923706055, 0.0, 181.0800018310547, 202.04998779296875, -426.3299865722656, 108.9000015258789] imu_ang_vel=[-0.03622009605169296, 0.5124078392982483, -0.1438150852918625] imu_quat_wxyz=[0.8216140270233154, -0.015091969631612301, 0.038037125021219254, 0.5685734152793884]
joint_pos=[34.847999572753906, 0.0, 43.992000579833984, 33.731998443603516, -119.12400817871094, 23.615999221801758] joint_vel=[-10.079999923706055, 0.0, 181.0800018310547, 202.04998779296875, -426.3299865722656, 108.9000015258789] imu_ang_vel=[-0.03622009605169296, 0.5124078392982483, -0.1438150852918625] imu_quat_wxyz=[0.8216140270233154, -0.015091969631612301, 0.038037125021219254, 0.5685734152793884]
joint_pos=[34.847999572753906, 0.0, 43.992000579833984, 33.731998443603516, -119.12400817871094, 23.615999221801758] joint_vel=[-10.079999923706055, 0.0, 181.0800018310547, 202.04998779296875, -426.3299865722656, 108.9000015258789] imu_ang_vel=[-0.012783562764525414, 0.49323248863220215, -0.15872924029827118] imu_quat_wxyz=[0.8246909379959106, -0.01938985101878643, 0.04570883885025978, 0.5634000897407532]
joint_pos=[34.847999572753906, 0.0, 43.992000579833984, 33.731998443603516, -119.12400817871094, 23.615999221801758] joint_vel=[-10.079999923706055, 0.0, 181.0800018310547, 202.04998779296875, -426.3299865722656, 108.9000015258789] imu_ang_vel=[-0.012783562764525414, 0.49323248863220215, -0.15872924029827118] imu_quat_wxyz=[0.8246909379959106, -0.01938985101878643, 0.04570883885025978, 0.5634000897407532]
joint_pos=[34.847999572753906, 0.0, 43.992000579833984, 33.731998443603516, -119.12400817871094, 23.615999221801758] joint_vel=[-10.079999923706055, 0.0, 181.0800018310547, 202.04998779296875, -426.3299865722656, 108.9000015258789] imu_ang_vel=[-0.01491415686905384, 0.4367717504501343, -0.15553335845470428] imu_quat_wxyz=[0.8267221450805664, -0.021597180515527725, 0.0511438250541687, 0.5598646402359009]
joint_pos=[34.847999572753906, 0.0, 43.992000579833984, 33.731998443603516, -119.12400817871094, 23.615999221801758] joint_vel=[-10.079999923706055, 0.0, 181.0800018310547, 202.04998779296875, -426.3299865722656, 108.9000015258789] imu_ang_vel=[-0.01491415686905384, 0.4367717504501343, -0.15553335845470428] imu_quat_wxyz=[0.8267221450805664, -0.021597180515527725, 0.0511438250541687, 0.5598646402359009]
joint_pos=[34.847999572753906, 0.0, 43.992000579833984, 33.731998443603516, -119.12400817871094, 23.615999221801758] joint_vel=[-10.079999923706055, 0.0, 181.0800018310547, 202.04998779296875, -426.3299865722656, 108.9000015258789] imu_ang_vel=[-0.012783562764525414, 0.398421049118042, -0.13529270887374878] imu_quat_wxyz=[0.8284419775009155, -0.02290041372179985, 0.055538102984428406, 0.556843638420105]
joint_pos=[34.847999572753906, 0.0, 43.992000579833984, 33.731998443603516, -119.12400817871094, 23.615999221801758] joint_vel=[-10.079999923706055, 0.0, 181.0800018310547, 202.04998779296875, -426.3299865722656, 108.9000015258789] imu_ang_vel=[-0.012783562764525414, 0.398421049118042, -0.13529270887374878] imu_quat_wxyz=[0.8284419775009155, -0.02290041372179985, 0.055538102984428406, 0.556843638420105]
joint_pos=[34.847999572753906, 0.0, 43.992000579833984, 33.731998443603516, -119.12400817871094, 23.615999221801758] joint_vel=[-10.079999923706055, 0.0, 181.0800018310547, 202.04998779296875, -426.3299865722656, 108.9000015258789] imu_ang_vel=[0.01491415686905384, 0.39309456944465637, -0.12783563137054443] imu_quat_wxyz=[0.8303085565567017, -0.02379145286977291, 0.061043161898851395, 0.5534395575523376]
joint_pos=[34.847999572753906, 0.0, 43.992000579833984, 33.731998443603516, -119.12400817871094, 23.615999221801758] joint_vel=[-10.079999923706055, 0.0, 181.0800018310547, 202.04998779296875, -426.3299865722656, 108.9000015258789] imu_ang_vel=[0.01491415686905384, 0.39309456944465637, -0.12783563137054443] imu_quat_wxyz=[0.8303085565567017, -0.02379145286977291, 0.061043161898851395, 0.5534395575523376]
joint_pos=[34.847999572753906, 0.0, 43.992000579833984, 33.731998443603516, -119.12400817871094, 23.615999221801758] joint_vel=[-10.079999923706055, 0.0, 181.0800018310547, 202.04998779296875, -426.3299865722656, 108.9000015258789] imu_ang_vel=[0.010652969591319561, 0.32917675375938416, -0.1672516167163849] imu_quat_wxyz=[0.8323277831077576, -0.024173183366656303, 0.06514401733875275, 0.5499111413955688]
joint_pos=[34.847999572753906, 0.0, 43.992000579833984, 33.731998443603516, -119.12400817871094, 23.615999221801758] joint_vel=[-10.079999923706055, 0.0, 181.0800018310547, 202.04998779296875, -426.3299865722656, 108.9000015258789] imu_ang_vel=[0.010652969591319561, 0.32917675375938416, -0.1672516167163849] imu_quat_wxyz=[0.8323277831077576, -0.024173183366656303, 0.06514401733875275, 0.5499111413955688]
joint_pos=[34.847999572753906, 0.0, 43.992000579833984, 33.731998443603516, -119.12400817871094, 23.615999221801758] joint_vel=[-10.079999923706055, 0.0, 181.0800018310547, 202.04998779296875, -426.3299865722656, 108.9000015258789] imu_ang_vel=[0.0, 0.27378129959106445, -0.1842963695526123] imu_quat_wxyz=[0.834468424320221, -0.024548949673771858, 0.06759481877088547, 0.5463429689407349]
joint_pos=[34.847999572753906, 0.0, 43.992000579833984, 33.731998443603516, -119.12400817871094, 23.615999221801758] joint_vel=[-10.079999923706055, 0.0, 181.0800018310547, 202.04998779296875, -426.3299865722656, 108.9000015258789] imu_ang_vel=[0.0, 0.27378129959106445, -0.1842963695526123] imu_quat_wxyz=[0.834468424320221, -0.024548949673771858, 0.06759481877088547, 0.5463429689407349]
joint_pos=[34.847999572753906, 0.0, 43.992000579833984, 33.731998443603516, -119.12400817871094, 23.615999221801758] joint_vel=[-10.079999923706055, 0.0, 181.0800018310547, 202.04998779296875, -426.3299865722656, 108.9000015258789] imu_ang_vel=[0.02024064213037491, 0.2226470559835434, -0.15446805953979492] imu_quat_wxyz=[0.836249053478241, -0.024748487398028374, 0.0686633288860321, 0.5434706807136536]
joint_pos=[34.847999572753906, 0.0, 43.992000579833984, 33.731998443603516, -119.12400817871094, 23.615999221801758] joint_vel=[-10.079999923706055, 0.0, 181.0800018310547, 202.04998779296875, -426.3299865722656, 108.9000015258789] imu_ang_vel=[0.02024064213037491, 0.2226470559835434, -0.15446805953979492] imu_quat_wxyz=[0.836249053478241, -0.024748487398028374, 0.0686633288860321, 0.5434706807136536]
joint_pos=[34.847999572753906, 0.0, 43.992000579833984, 33.731998443603516, -119.12400817871094, 23.615999221801758] joint_vel=[-10.079999923706055, 0.0, 181.0800018310547, 202.04998779296875, -426.3299865722656, 108.9000015258789] imu_ang_vel=[0.04474247246980667, 0.16831691563129425, -0.10439909994602203] imu_quat_wxyz=[0.837331235408783, -0.02493060752749443, 0.06924412399530411, 0.5417196154594421]
joint_pos=[34.847999572753906, 0.0, 43.992000579833984, 33.731998443603516, -119.12400817871094, 23.615999221801758] joint_vel=[-10.079999923706055, 0.0, 181.0800018310547, 202.04998779296875, -426.3299865722656, 108.9000015258789] imu_ang_vel=[0.04474247246980667, 0.16831691563129425, -0.10439909994602203] imu_quat_wxyz=[0.837331235408783, -0.02493060752749443, 0.06924412399530411, 0.5417196154594421]
joint_pos=[34.847999572753906, 0.0, 43.992000579833984, 33.731998443603516, -119.12400817871094, 23.615999221801758] joint_vel=[-10.079999923706055, 0.0, 181.0800018310547, 202.04998779296875, -426.3299865722656, 108.9000015258789] imu_ang_vel=[0.07137489318847656, 0.0937461331486702, -0.08415845781564713] imu_quat_wxyz=[0.8379947543144226, -0.024904334917664528, 0.06946907192468643, 0.540664792060852]
joint_pos=[34.847999572753906, 0.0, 43.992000579833984, 33.731998443603516, -119.12400817871094, 23.615999221801758] joint_vel=[-10.079999923706055, 0.0, 181.0800018310547, 202.04998779296875, -426.3299865722656, 108.9000015258789] imu_ang_vel=[0.07137489318847656, 0.0937461331486702, -0.08415845781564713] imu_quat_wxyz=[0.8379947543144226, -0.024904334917664528, 0.06946907192468643, 0.540664792060852]
joint_pos=[34.847999572753906, 0.0, 43.992000579833984, 33.731998443603516, -119.12400817871094, 23.615999221801758] joint_vel=[-10.079999923706055, 0.0, 181.0800018310547, 202.04998779296875, -426.3299865722656, 108.9000015258789] imu_ang_vel=[0.09268083423376083, 0.0, -0.06817900389432907] imu_quat_wxyz=[0.8385037779808044, -0.02422403357923031, 0.06938133388757706, 0.5399174094200134]
joint_pos=[34.847999572753906, 0.0, 43.992000579833984, 33.731998443603516, -119.12400817871094, 23.615999221801758] joint_vel=[-10.079999923706055, 0.0, 181.0800018310547, 202.04998779296875, -426.3299865722656, 108.9000015258789] imu_ang_vel=[0.09268083423376083, 0.0, -0.06817900389432907] imu_quat_wxyz=[0.8385037779808044, -0.02422403357923031, 0.06938133388757706, 0.5399174094200134]
joint_pos=[34.847999572753906, 0.0, 43.992000579833984, 33.731998443603516, -119.12400817871094, 23.615999221801758] joint_vel=[-10.079999923706055, 0.0, 181.0800018310547, 202.04998779296875, -426.3299865722656, 108.9000015258789] imu_ang_vel=[0.11505206674337387, -0.09055023640394211, -0.034089501947164536] imu_quat_wxyz=[0.838748574256897, -0.022369299083948135, 0.06863340735435486, 0.5397127270698547]
joint_pos=[34.847999572753906, 0.0, 43.992000579833984, 33.731998443603516, -119.12400817871094, 23.615999221801758] joint_vel=[-10.079999923706055, 0.0, 181.0800018310547, 202.04998779296875, -426.3299865722656, 108.9000015258789] imu_ang_vel=[0.11505206674337387, -0.09055023640394211, -0.034089501947164536] imu_quat_wxyz=[0.838748574256897, -0.022369299083948135, 0.06863340735435486, 0.5397127270698547]
joint_pos=[34.847999572753906, 0.0, 43.992000579833984, 33.731998443603516, -119.12400817871094, 23.615999221801758] joint_vel=[-10.079999923706055, 0.0, 181.0800018310547, 202.04998779296875, -426.3299865722656, 108.9000015258789] imu_ang_vel=[0.13103152811527252, -0.18003518879413605, 0.0] imu_quat_wxyz=[0.8385967016220093, -0.019220050424337387, 0.06711386889219284, 0.5402607917785645]
joint_pos=[34.847999572753906, 0.0, 43.992000579833984, 33.731998443603516, -119.12400817871094, 23.615999221801758] joint_vel=[-10.079999923706055, 0.0, 181.0800018310547, 202.04998779296875, -426.3299865722656, 108.9000015258789] imu_ang_vel=[0.13103152811527252, -0.18003518879413605, 0.0] imu_quat_wxyz=[0.8385967016220093, -0.019220050424337387, 0.06711386889219284, 0.5402607917785645]
joint_pos=[34.847999572753906, 0.0, 43.992000579833984, 33.731998443603516, -119.12400817871094, 23.615999221801758] joint_vel=[-10.079999923706055, 0.0, 181.0800018310547, 202.04998779296875, -426.3299865722656, 108.9000015258789] imu_ang_vel=[0.13529270887374878, -0.2695201337337494, 0.04048128426074982] imu_quat_wxyz=[0.8380911946296692, -0.014865001663565636, 0.06445267796516418, 0.5415052175521851]
joint_pos=[34.847999572753906, 0.0, 43.992000579833984, 33.731998443603516, -119.12400817871094, 23.615999221801758] joint_vel=[-10.079999923706055, 0.0, 181.0800018310547, 202.04998779296875, -426.3299865722656, 108.9000015258789] imu_ang_vel=[0.13529270887374878, -0.2695201337337494, 0.04048128426074982] imu_quat_wxyz=[0.8380911946296692, -0.014865001663565636, 0.06445267796516418, 0.5415052175521851]
joint_pos=[34.847999572753906, 0.0, 43.992000579833984, 33.731998443603516, -119.12400817871094, 23.615999221801758] joint_vel=[-10.079999923706055, 0.0, 181.0800018310547, 202.04998779296875, -426.3299865722656, 108.9000015258789] imu_ang_vel=[0.1289009302854538, -0.34409090876579285, 0.06285251677036285] imu_quat_wxyz=[0.837398886680603, -0.00943381804972887, 0.060546863824129105, 0.5431466102600098]
joint_pos=[34.847999572753906, 0.0, 43.992000579833984, 33.731998443603516, -119.12400817871094, 23.615999221801758] joint_vel=[-10.079999923706055, 0.0, 181.0800018310547, 202.04998779296875, -426.3299865722656, 108.9000015258789] imu_ang_vel=[0.1289009302854538, -0.34409090876579285, 0.06285251677036285] imu_quat_wxyz=[0.837398886680603, -0.00943381804972887, 0.060546863824129105, 0.5431466102600098]
joint_pos=[34.847999572753906, 0.0, 43.992000579833984, 33.731998443603516, -119.12400817871094, 23.615999221801758] joint_vel=[-10.079999923706055, 0.0, 181.0800018310547, 202.04998779296875, -426.3299865722656, 108.9000015258789] imu_ang_vel=[0.1171826645731926, -0.398421049118042, 0.08522375673055649] imu_quat_wxyz=[0.836510956287384, -0.0032842434011399746, 0.05535101145505905, 0.5451375246047974]
joint_pos=[34.847999572753906, 0.0, 43.992000579833984, 33.731998443603516, -119.12400817871094, 23.615999221801758] joint_vel=[-10.079999923706055, 0.0, 181.0800018310547, 202.04998779296875, -426.3299865722656, 108.9000015258789] imu_ang_vel=[0.1171826645731926, -0.398421049118042, 0.08522375673055649] imu_quat_wxyz=[0.836510956287384, -0.0032842434011399746, 0.05535101145505905, 0.5451375246047974]
joint_pos=[34.847999572753906, 0.0, 43.992000579833984, 33.731998443603516, -119.12400817871094, 23.615999221801758] joint_vel=[-10.079999923706055, 0.0, 181.0800018310547, 202.04998779296875, -426.3299865722656, 108.9000015258789] imu_ang_vel=[0.10013791173696518, -0.4271840751171112, 0.10333380103111267] imu_quat_wxyz=[0.8353765606880188, 0.0028147080447524786, 0.04929850995540619, 0.5474557280540466]
joint_pos=[34.847999572753906, 0.0, 43.992000579833984, 33.731998443603516, -119.12400817871094, 23.615999221801758] joint_vel=[-10.079999923706055, 0.0, 181.0800018310547, 202.04998779296875, -426.3299865722656, 108.9000015258789] imu_ang_vel=[0.10013791173696518, -0.4271840751171112, 0.10333380103111267] imu_quat_wxyz=[0.8353765606880188, 0.0028147080447524786, 0.04929850995540619, 0.5474557280540466]
joint_pos=[34.847999572753906, 0.0, 43.992000579833984, 33.731998443603516, -119.12400817871094, 23.615999221801758] joint_vel=[-10.079999923706055, 0.0, 181.0800018310547, 202.04998779296875, -426.3299865722656, 108.9000015258789] imu_ang_vel=[0.08096256852149963, -0.44635942578315735, 0.11611736565828323] imu_quat_wxyz=[0.8340785503387451, 0.008305984549224377, 0.04303012415766716, 0.5499021410942078]
joint_pos=[34.847999572753906, 0.0, 43.992000579833984, 33.731998443603516, -119.12400817871094, 23.615999221801758] joint_vel=[-10.079999923706055, 0.0, 181.0800018310547, 202.04998779296875, -426.3299865722656, 108.9000015258789] imu_ang_vel=[0.08096256852149963, -0.44635942578315735, 0.11611736565828323] imu_quat_wxyz=[0.8340785503387451, 0.008305984549224377, 0.04303012415766716, 0.5499021410942078]
joint_pos=[34.847999572753906, 0.0, 43.992000579833984, 33.731998443603516, -119.12400817871094, 23.615999221801758] joint_vel=[-10.079999923706055, 0.0, 181.0800018310547, 202.04998779296875, -426.3299865722656, 108.9000015258789] imu_ang_vel=[0.06285251677036285, -0.45275118947029114, 0.11931325495243073] imu_quat_wxyz=[0.8327439427375793, 0.012895851396024227, 0.03700533136725426, 0.5522696375846863]
joint_pos=[34.847999572753906, 0.0, 43.992000579833984, 33.731998443603516, -119.12400817871094, 23.615999221801758] joint_vel=[-10.079999923706055, 0.0, 181.0800018310547, 202.04998779296875, -426.3299865722656, 108.9000015258789] imu_ang_vel=[0.06285251677036285, -0.45275118947029114, 0.11931325495243073] imu_quat_wxyz=[0.8327439427375793, 0.012895851396024227, 0.03700533136725426, 0.5522696375846863]
joint_pos=[34.847999572753906, 0.0, 43.992000579833984, 33.731998443603516, -119.12400817871094, 23.615999221801758] joint_vel=[-10.079999923706055, 0.0, 181.0800018310547, 202.04998779296875, -426.3299865722656, 108.9000015258789] imu_ang_vel=[0.04367717355489731, -0.4538165032863617, 0.1257050335407257] imu_quat_wxyz=[0.8314024209976196, 0.016299746930599213, 0.03153831884264946, 0.5545355677604675]
joint_pos=[34.847999572753906, 0.0, 43.992000579833984, 33.731998443603516, -119.12400817871094, 23.615999221801758] joint_vel=[-10.079999923706055, 0.0, 181.0800018310547, 202.04998779296875, -426.3299865722656, 108.9000015258789] imu_ang_vel=[0.04367717355489731, -0.4538165032863617, 0.1257050335407257] imu_quat_wxyz=[0.8314024209976196, 0.016299746930599213, 0.03153831884264946, 0.5545355677604675]
joint_pos=[34.847999572753906, 0.0, 43.992000579833984, 33.731998443603516, -119.12400817871094, 23.615999221801758] joint_vel=[-10.079999923706055, 0.0, 181.0800018310547, 202.04998779296875, -426.3299865722656, 108.9000015258789] imu_ang_vel=[0.02663242258131504, -0.4506205916404724, 0.1257050335407257] imu_quat_wxyz=[0.8300724029541016, 0.018809454515576363, 0.026691053062677383, 0.5566987991333008]
joint_pos=[34.847999572753906, 0.0, 43.992000579833984, 33.731998443603516, -119.12400817871094, 23.615999221801758] joint_vel=[-10.079999923706055, 0.0, 181.0800018310547, 202.04998779296875, -426.3299865722656, 108.9000015258789] imu_ang_vel=[0.02663242258131504, -0.4506205916404724, 0.1257050335407257] imu_quat_wxyz=[0.8300724029541016, 0.018809454515576363, 0.026691053062677383, 0.5566987991333008]
joint_pos=[34.847999572753906, 0.0, 43.992000579833984, 33.731998443603516, -119.12400817871094, 23.615999221801758] joint_vel=[-10.079999923706055, 0.0, 181.0800018310547, 202.04998779296875, -426.3299865722656, 108.9000015258789] imu_ang_vel=[0.012783562764525414, -0.44103294610977173, 0.1139867752790451] imu_quat_wxyz=[0.828882098197937, 0.02058294601738453, 0.02233423851430416, 0.5585981011390686]
joint_pos=[34.847999572753906, 0.0, 43.992000579833984, 33.731998443603516, -119.12400817871094, 23.615999221801758] joint_vel=[-10.079999923706055, 0.0, 181.0800018310547, 202.04998779296875, -426.3299865722656, 108.9000015258789] imu_ang_vel=[0.012783562764525414, -0.44103294610977173, 0.1139867752790451] imu_quat_wxyz=[0.828882098197937, 0.02058294601738453, 0.02233423851430416, 0.5585981011390686]
joint_pos=[34.847999572753906, 0.0, 43.992000579833984, 33.731998443603516, -119.12400817871094, 23.615999221801758] joint_vel=[-10.079999923706055, 0.0, 181.0800018310547, 202.04998779296875, -426.3299865722656, 108.9000015258789] imu_ang_vel=[0.0, -0.4186616837978363, 0.09907261282205582] imu_quat_wxyz=[0.8281456828117371, 0.02129356935620308, 0.019021542742848396, 0.5597852468490601]
joint_pos=[34.847999572753906, 0.0, 43.992000579833984, 33.731998443603516, -119.12400817871094, 23.615999221801758] joint_vel=[-10.079999923706055, 0.0, 181.0800018310547, 202.04998779296875, -426.3299865722656, 108.9000015258789] imu_ang_vel=[0.0, -0.4186616837978363, 0.09907261282205582] imu_quat_wxyz=[0.8281456828117371, 0.02129356935620308, 0.019021542742848396, 0.5597852468490601]
joint_pos=[34.847999572753906, 0.0, 43.992000579833984, 33.731998443603516, -119.12400817871094, 23.615999221801758] joint_vel=[-10.079999923706055, 0.0, 181.0800018310547, 202.04998779296875, -426.3299865722656, 108.9000015258789] imu_ang_vel=[0.0, -0.38776808977127075, 0.07670138031244278] imu_quat_wxyz=[0.8273480534553528, 0.022261586040258408, 0.015125518664717674, 0.5610443949699402]
joint_pos=[34.847999572753906, 0.0, 43.992000579833984, 33.731998443603516, -119.12400817871094, 23.615999221801758] joint_vel=[-10.079999923706055, 0.0, 181.0800018310547, 202.04998779296875, -426.3299865722656, 108.9000015258789] imu_ang_vel=[0.0, -0.38776808977127075, 0.07670138031244278] imu_quat_wxyz=[0.8273480534553528, 0.022261586040258408, 0.015125518664717674, 0.5610443949699402]
joint_pos=[34.847999572753906, 0.0, 43.992000579833984, 33.731998443603516, -119.12400817871094, 23.615999221801758] joint_vel=[-10.079999923706055, 0.0, 181.0800018310547, 202.04998779296875, -426.3299865722656, 108.9000015258789] imu_ang_vel=[0.0, -0.33769911527633667, 0.04474247246980667] imu_quat_wxyz=[0.8268328309059143, 0.02329232357442379, 0.011838738806545734, 0.5618404746055603]
joint_pos=[34.847999572753906, 0.0, 43.992000579833984, 33.731998443603516, -119.12400817871094, 23.615999221801758] joint_vel=[-10.079999923706055, 0.0, 181.0800018310547, 202.04998779296875, -426.3299865722656, 108.9000015258789] imu_ang_vel=[0.0, -0.33769911527633667, 0.04474247246980667] imu_quat_wxyz=[0.8268328309059143, 0.02329232357442379, 0.011838738806545734, 0.5618404746055603]
joint_pos=[34.847999572753906, 0.0, 43.992000579833984, 33.731998443603516, -119.12400817871094, 23.615999221801758] joint_vel=[-10.079999923706055, 0.0, 181.0800018310547, 202.04998779296875, -426.3299865722656, 108.9000015258789] imu_ang_vel=[-0.028763016685843468, -0.287630170583725, 0.02663242258131504] imu_quat_wxyz=[0.8266362547874451, 0.023993350565433502, 0.009707069024443626, 0.562140941619873]
joint_pos=[34.847999572753906, 0.0, 43.992000579833984, 33.731998443603516, -119.12400817871094, 23.615999221801758] joint_vel=[-10.079999923706055, 0.0, 181.0800018310547, 202.04998779296875, -426.3299865722656, 108.9000015258789] imu_ang_vel=[-0.028763016685843468, -0.287630170583725, 0.02663242258131504] imu_quat_wxyz=[0.8266362547874451, 0.023993350565433502, 0.009707069024443626, 0.562140941619873]
joint_pos=[34.847999572753906, 0.0, 43.992000579833984, 33.731998443603516, -119.12400817871094, 23.615999221801758] joint_vel=[-10.079999923706055, 0.0, 181.0800018310547, 202.04998779296875, -426.3299865722656, 108.9000015258789] imu_ang_vel=[-0.05539543926715851, -0.21732057631015778, 0.02024064213037491] imu_quat_wxyz=[0.8262239098548889, 0.025034325197339058, 0.007286126725375652, 0.5627380013465881]
joint_pos=[34.847999572753906, 0.0, 43.992000579833984, 33.731998443603516, -119.12400817871094, 23.615999221801758] joint_vel=[-10.079999923706055, 0.0, 181.0800018310547, 202.04998779296875, -426.3299865722656, 108.9000015258789] imu_ang_vel=[-0.05539543926715851, -0.21732057631015778, 0.02024064213037491] imu_quat_wxyz=[0.8262239098548889, 0.025034325197339058, 0.007286126725375652, 0.5627380013465881]
joint_pos=[34.847999572753906, 0.0, 43.992000579833984, 33.731998443603516, -119.12400817871094, 23.615999221801758] joint_vel=[-10.079999923706055, 0.0, 181.0800018310547, 202.04998779296875, -426.3299865722656, 108.9000015258789] imu_ang_vel=[-0.0703095942735672, -0.12250914424657822, 0.0] imu_quat_wxyz=[0.8259410858154297, 0.0249932873994112, 0.005788263399153948, 0.563172459602356]
joint_pos=[34.847999572753906, 0.0, 43.992000579833984, 33.731998443603516, -119.12400817871094, 23.615999221801758] joint_vel=[-10.079999923706055, 0.0, 181.0800018310547, 202.04998779296875, -426.3299865722656, 108.9000015258789] imu_ang_vel=[-0.0703095942735672, -0.12250914424657822, 0.0] imu_quat_wxyz=[0.8259410858154297, 0.0249932873994112, 0.005788263399153948, 0.563172459602356]
joint_pos=[34.847999572753906, 0.0, 43.992000579833984, 33.731998443603516, -119.12400817871094, 23.615999221801758] joint_vel=[-10.079999923706055, 0.0, 181.0800018310547, 202.04998779296875, -426.3299865722656, 108.9000015258789] imu_ang_vel=[-0.082027867436409, -0.03622009605169296, -0.06391781568527222] imu_quat_wxyz=[0.8261867761611938, 0.023077568039298058, 0.005379857029765844, 0.5628977417945862]
joint_pos=[34.847999572753906, 0.0, 43.992000579833984, 33.731998443603516, -119.12400817871094, 23.615999221801758] joint_vel=[-10.079999923706055, 0.0, 181.0800018310547, 202.04998779296875, -426.3299865722656, 108.9000015258789] imu_ang_vel=[-0.082027867436409, -0.03622009605169296, -0.06391781568527222] imu_quat_wxyz=[0.8261867761611938, 0.023077568039298058, 0.005379857029765844, 0.5628977417945862]
joint_pos=[34.847999572753906, 0.0, 43.992000579833984, 33.731998443603516, -119.12400817871094, 23.615999221801758] joint_vel=[-10.079999923706055, 0.0, 181.0800018310547, 202.04998779296875, -426.3299865722656, 108.9000015258789] imu_ang_vel=[-0.07563608139753342, 0.04793836176395416, -0.11079087853431702] imu_quat_wxyz=[0.827024519443512, 0.019523533061146736, 0.005807623267173767, 0.5617967844009399]
joint_pos=[34.847999572753906, 0.0, 43.992000579833984, 33.731998443603516, -119.12400817871094, 23.615999221801758] joint_vel=[-10.079999923706055, 0.0, 181.0800018310547, 202.04998779296875, -426.3299865722656, 108.9000015258789] imu_ang_vel=[-0.07563608139753342, 0.04793836176395416, -0.11079087853431702] imu_quat_wxyz=[0.827024519443512, 0.019523533061146736, 0.005807623267173767, 0.5617967844009399]
joint_pos=[34.847999572753906, 0.0, 43.992000579833984, 33.731998443603516, -119.12400817871094, 23.615999221801758] joint_vel=[-10.079999923706055, 0.0, 181.0800018310547, 202.04998779296875, -426.3299865722656, 108.9000015258789] imu_ang_vel=[-0.0585913322865963, 0.12357444316148758, -0.13955390453338623] imu_quat_wxyz=[0.8281335234642029, 0.015325493179261684, 0.00789637677371502, 0.5602657198905945]
joint_pos=[34.847999572753906, 0.0, 43.992000579833984, 33.731998443603516, -119.12400817871094, 23.615999221801758] joint_vel=[-10.079999923706055, 0.0, 181.0800018310547, 202.04998779296875, -426.3299865722656, 108.9000015258789] imu_ang_vel=[-0.0585913322865963, 0.12357444316148758, -0.13955390453338623] imu_quat_wxyz=[0.8281335234642029, 0.015325493179261684, 0.00789637677371502, 0.5602657198905945]
joint_pos=[34.847999572753906, 0.0, 43.992000579833984, 33.731998443603516, -119.12400817871094, 23.615999221801758] joint_vel=[-10.079999923706055, 0.0, 181.0800018310547, 202.04998779296875, -426.3299865722656, 108.9000015258789] imu_ang_vel=[-0.04154657945036888, 0.18536166846752167, -0.16831691563129425] imu_quat_wxyz=[0.8294231295585632, 0.011069475673139095, 0.011524366214871407, 0.5583921670913696]
joint_pos=[34.847999572753906, 0.0, 43.992000579833984, 33.731998443603516, -119.12400817871094, 23.615999221801758] joint_vel=[-10.079999923706055, 0.0, 181.0800018310547, 202.04998779296875, -426.3299865722656, 108.9000015258789] imu_ang_vel=[-0.04154657945036888, 0.18536166846752167, -0.16831691563129425] imu_quat_wxyz=[0.8294231295585632, 0.011069475673139095, 0.011524366214871407, 0.5583921670913696]
joint_pos=[34.847999572753906, 0.0, 43.992000579833984, 33.731998443603516, -119.12400817871094, 23.615999221801758] joint_vel=[-10.079999923706055, 0.0, 181.0800018310547, 202.04998779296875, -426.3299865722656, 108.9000015258789] imu_ang_vel=[-0.030893610790371895, 0.2375612109899521, -0.20986349880695343] imu_quat_wxyz=[0.8309975266456604, 0.0073894476518034935, 0.016262009739875793, 0.555989146232605]
joint_pos=[34.847999572753906, 0.0, 43.992000579833984, 33.731998443603516, -119.12400817871094, 23.615999221801758] joint_vel=[-10.079999923706055, 0.0, 181.0800018310547, 202.04998779296875, -426.3299865722656, 108.9000015258789] imu_ang_vel=[-0.030893610790371895, 0.2375612109899521, -0.20986349880695343] imu_quat_wxyz=[0.8309975266456604, 0.0073894476518034935, 0.016262009739875793, 0.555989146232605]
joint_pos=[34.847999572753906, 0.0, 43.992000579833984, 33.731998443603516, -119.12400817871094, 23.615999221801758] joint_vel=[-10.079999923706055, 0.0, 181.0800018310547, 202.04998779296875, -426.3299865722656, 108.9000015258789] imu_ang_vel=[-0.022371236234903336, 0.29402196407318115, -0.23010413348674774] imu_quat_wxyz=[0.8326870799064636, 0.00423907907679677, 0.021187029778957367, 0.5533221364021301]
joint_pos=[34.847999572753906, 0.0, 43.992000579833984, 33.731998443603516, -119.12400817871094, 23.615999221801758] joint_vel=[-10.079999923706055, 0.0, 181.0800018310547, 202.04998779296875, -426.3299865722656, 108.9000015258789] imu_ang_vel=[-0.022371236234903336, 0.29402196407318115, -0.23010413348674774] imu_quat_wxyz=[0.8326870799064636, 0.00423907907679677, 0.021187029778957367, 0.5533221364021301]
joint_pos=[34.847999572753906, 0.0, 43.992000579833984, 33.731998443603516, -119.12400817871094, 23.615999221801758] joint_vel=[-10.079999923706055, 0.0, 181.0800018310547, 202.04998779296875, -426.3299865722656, 108.9000015258789] imu_ang_vel=[-0.021305939182639122, 0.34409090876579285, -0.2428877055644989] imu_quat_wxyz=[0.8342971801757812, 0.0015545961214229465, 0.026446321979165077, 0.5506781339645386]
joint_pos=[34.847999572753906, 0.0, 43.992000579833984, 33.731998443603516, -119.12400817871094, 23.615999221801758] joint_vel=[-10.079999923706055, 0.0, 181.0800018310547, 202.04998779296875, -426.3299865722656, 108.9000015258789] imu_ang_vel=[-0.021305939182639122, 0.34409090876579285, -0.2428877055644989] imu_quat_wxyz=[0.8342971801757812, 0.0015545961214229465, 0.026446321979165077, 0.5506781339645386]
joint_pos=[34.847999572753906, 0.0, 43.992000579833984, 33.731998443603516, -119.12400817871094, 23.615999221801758] joint_vel=[-10.079999923706055, 0.0, 181.0800018310547, 202.04998779296875, -426.3299865722656, 108.9000015258789] imu_ang_vel=[-0.028763016685843468, 0.385637491941452, -0.252475380897522] imu_quat_wxyz=[0.8358254432678223, -0.0009562205523252487, 0.03186701610684395, 0.5480687618255615]
joint_pos=[34.847999572753906, 0.0, 43.992000579833984, 33.731998443603516, -119.12400817871094, 23.615999221801758] joint_vel=[-10.079999923706055, 0.0, 181.0800018310547, 202.04998779296875, -426.3299865722656, 108.9000015258789] imu_ang_vel=[-0.028763016685843468, 0.385637491941452, -0.252475380897522] imu_quat_wxyz=[0.8358254432678223, -0.0009562205523252487, 0.03186701610684395, 0.5480687618255615]
joint_pos=[34.847999572753906, 0.0, 43.992000579833984, 33.731998443603516, -119.12400817871094, 23.615999221801758] joint_vel=[-10.079999923706055, 0.0, 181.0800018310547, 202.04998779296875, -426.3299865722656, 108.9000015258789] imu_ang_vel=[-0.042611878365278244, 0.42079228162765503, -0.25034478306770325] imu_quat_wxyz=[0.8368636965751648, -0.0028421496972441673, 0.03630322590470314, 0.5461986660957336]
joint_pos=[34.847999572753906, 0.0, 43.992000579833984, 33.731998443603516, -119.12400817871094, 23.615999221801758] joint_vel=[-10.079999923706055, 0.0, 181.0800018310547, 202.04998779296875, -426.3299865722656, 108.9000015258789] imu_ang_vel=[-0.042611878365278244, 0.42079228162765503, -0.25034478306770325] imu_quat_wxyz=[0.8368636965751648, -0.0028421496972441673, 0.03630322590470314, 0.5461986660957336]
joint_pos=[34.847999572753906, 0.0, 43.992000579833984, 33.731998443603516, -119.12400817871094, 23.615999221801758] joint_vel=[-10.079999923706055, 0.0, 181.0800018310547, 202.04998779296875, -426.3299865722656, 108.9000015258789] imu_ang_vel=[-0.06178722158074379, 0.44316351413726807, -0.2343653291463852] imu_quat_wxyz=[0.8379833698272705, -0.005678361747413874, 0.04223787412047386, 0.5440289378166199]
joint_pos=[34.847999572753906, 0.0, 43.992000579833984, 33.731998443603516, -119.12400817871094, 23.615999221801758] joint_vel=[-10.079999923706055, 0.0, 181.0800018310547, 202.04998779296875, -426.3299865722656, 108.9000015258789] imu_ang_vel=[-0.06178722158074379, 0.44316351413726807, -0.2343653291463852] imu_quat_wxyz=[0.8379833698272705, -0.005678361747413874, 0.04223787412047386, 0.5440289378166199]
joint_pos=[34.847999572753906, 0.0, 43.992000579833984, 33.731998443603516, -119.12400817871094, 23.615999221801758] joint_vel=[-10.079999923706055, 0.0, 181.0800018310547, 202.04998779296875, -426.3299865722656, 108.9000015258789] imu_ang_vel=[-0.07989726960659027, 0.4452941119670868, -0.2077329009771347] imu_quat_wxyz=[0.838749885559082, -0.009184570051729679, 0.04768862947821617, 0.5423468351364136]
joint_pos=[34.847999572753906, 0.0, 43.992000579833984, 33.731998443603516, -119.12400817871094, 23.615999221801758] joint_vel=[-10.079999923706055, 0.0, 181.0800018310547, 202.04998779296875, -426.3299865722656, 108.9000015258789] imu_ang_vel=[-0.07989726960659027, 0.4452941119670868, -0.2077329009771347] imu_quat_wxyz=[0.838749885559082, -0.009184570051729679, 0.04768862947821617, 0.5423468351364136]
joint_pos=[34.847999572753906, 0.0, 43.992000579833984, 33.731998443603516, -119.12400817871094, 23.615999221801758] joint_vel=[-10.079999923706055, 0.0, 181.0800018310547, 202.04998779296875, -426.3299865722656, 108.9000015258789] imu_ang_vel=[-0.06711370497941971, 0.4655347466468811, -0.20453700423240662] imu_quat_wxyz=[0.8393494486808777, -0.013495001941919327, 0.05258085951209068, 0.5408748388290405]
joint_pos=[34.847999572753906, 0.0, 43.992000579833984, 33.731998443603516, -119.12400817871094, 23.615999221801758] joint_vel=[-10.079999923706055, 0.0, 181.0800018310547, 202.04998779296875, -426.3299865722656, 108.9000015258789] imu_ang_vel=[-0.06711370497941971, 0.4655347466468811, -0.20453700423240662] imu_quat_wxyz=[0.8393494486808777, -0.013495001941919327, 0.05258085951209068, 0.5408748388290405]
joint_pos=[34.847999572753906, 0.0, 43.992000579833984, 33.731998443603516, -119.12400817871094, 23.615999221801758] joint_vel=[-10.079999923706055, 0.0, 181.0800018310547, 202.04998779296875, -426.3299865722656, 108.9000015258789] imu_ang_vel=[-0.06178722158074379, 0.4250534772872925, -0.21732057631015778] imu_quat_wxyz=[0.8401911854743958, -0.01799168810248375, 0.05768183618783951, 0.5389135479927063]
joint_pos=[34.847999572753906, 0.0, 43.992000579833984, 33.731998443603516, -119.12400817871094, 23.615999221801758] joint_vel=[-10.079999923706055, 0.0, 181.0800018310547, 202.04998779296875, -426.3299865722656, 108.9000015258789] imu_ang_vel=[-0.06178722158074379, 0.4250534772872925, -0.21732057631015778] imu_quat_wxyz=[0.8401911854743958, -0.01799168810248375, 0.05768183618783951, 0.5389135479927063]
joint_pos=[34.847999572753906, 0.0, 43.992000579833984, 33.731998443603516, -119.12400817871094, 23.615999221801758] joint_vel=[-10.079999923706055, 0.0, 181.0800018310547, 202.04998779296875, -426.3299865722656, 108.9000015258789] imu_ang_vel=[-0.0468730665743351, 0.3867027759552002, -0.199210524559021] imu_quat_wxyz=[0.8410471081733704, -0.022210003808140755, 0.061561424285173416, 0.5369884967803955]
joint_pos=[34.847999572753906, 0.0, 43.992000579833984, 33.731998443603516, -119.12400817871094, 23.615999221801758] joint_vel=[-10.079999923706055, 0.0, 181.0800018310547, 202.04998779296875, -426.3299865722656, 108.9000015258789] imu_ang_vel=[-0.0468730665743351, 0.3867027759552002, -0.199210524559021] imu_quat_wxyz=[0.8410471081733704, -0.022210003808140755, 0.061561424285173416, 0.5369884967803955]
joint_pos=[34.847999572753906, 0.0, 43.992000579833984, 33.731998443603516, -119.12400817871094, 23.615999221801758] joint_vel=[-10.079999923706055, 0.0, 181.0800018310547, 202.04998779296875, -426.3299865722656, 108.9000015258789] imu_ang_vel=[-0.022371236234903336, 0.3430256247520447, -0.14274978637695312] imu_quat_wxyz=[0.8414052128791809, -0.0255831740796566, 0.06477191299200058, 0.5358985662460327]
joint_pos=[34.847999572753906, 0.0, 43.992000579833984, 33.731998443603516, -119.12400817871094, 23.615999221801758] joint_vel=[-10.079999923706055, 0.0, 181.0800018310547, 202.04998779296875, -426.3299865722656, 108.9000015258789] imu_ang_vel=[-0.022371236234903336, 0.3430256247520447, -0.14274978637695312] imu_quat_wxyz=[0.8414052128791809, -0.0255831740796566, 0.06477191299200058, 0.5358985662460327]
joint_pos=[34.847999572753906, 0.0, 43.992000579833984, 33.731998443603516, -119.12400817871094, 23.615999221801758] joint_vel=[-10.079999923706055, 0.0, 181.0800018310547, 202.04998779296875, -426.3299865722656, 108.9000015258789] imu_ang_vel=[0.0, 0.28017309308052063, -0.09587672352790833] imu_quat_wxyz=[0.8413287997245789, -0.027850616723299026, 0.06737124174833298, 0.5355851054191589]
joint_pos=[34.847999572753906, 0.0, 43.992000579833984, 33.731998443603516, -119.12400817871094, 23.615999221801758] joint_vel=[-10.079999923706055, 0.0, 181.0800018310547, 202.04998779296875, -426.3299865722656, 108.9000015258789] imu_ang_vel=[0.0, 0.28017309308052063, -0.09587672352790833] imu_quat_wxyz=[0.8413287997245789, -0.027850616723299026, 0.06737124174833298, 0.5355851054191589]
joint_pos=[34.847999572753906, 0.0, 43.992000579833984, 33.731998443603516, -119.12400817871094, 23.615999221801758] joint_vel=[-10.079999923706055, 0.0, 181.0800018310547, 202.04998779296875, -426.3299865722656, 108.9000015258789] imu_ang_vel=[0.027697719633579254, 0.20986349880695343, -0.07137489318847656] imu_quat_wxyz=[0.8411503434181213, -0.028756970539689064, 0.06898183375597, 0.5356124639511108]
joint_pos=[34.847999572753906, 0.0, 43.992000579833984, 33.731998443603516, -119.12400817871094, 23.615999221801758] joint_vel=[-10.079999923706055, 0.0, 181.0800018310547, 202.04998779296875, -426.3299865722656, 108.9000015258789] imu_ang_vel=[0.027697719633579254, 0.20986349880695343, -0.07137489318847656] imu_quat_wxyz=[0.8411503434181213, -0.028756970539689064, 0.06898183375597, 0.5356124639511108]
joint_pos=[34.847999572753906, 0.0, 43.992000579833984, 33.731998443603516, -119.12400817871094, 23.615999221801758] joint_vel=[-10.079999923706055, 0.0, 181.0800018310547, 202.04998779296875, -426.3299865722656, 108.9000015258789] imu_ang_vel=[0.04793836176395416, 0.14274978637695312, -0.0351547971367836] imu_quat_wxyz=[0.8408560752868652, -0.02816637046635151, 0.06952197849750519, 0.5360358357429504]
joint_pos=[34.847999572753906, 0.0, 43.992000579833984, 33.731998443603516, -119.12400817871094, 23.615999221801758] joint_vel=[-10.079999923706055, 0.0, 181.0800018310547, 202.04998779296875, -426.3299865722656, 108.9000015258789] imu_ang_vel=[0.04793836176395416, 0.14274978637695312, -0.0351547971367836] imu_quat_wxyz=[0.8408560752868652, -0.02816637046635151, 0.06952197849750519, 0.5360358357429504]
joint_pos=[34.847999572753906, 0.0, 43.992000579833984, 33.731998443603516, -119.12400817871094, 23.615999221801758] joint_vel=[-10.079999923706055, 0.0, 181.0800018310547, 202.04998779296875, -426.3299865722656, 108.9000015258789] imu_ang_vel=[0.06604841351509094, 0.07989726960659027, 0.017044750973582268] imu_quat_wxyz=[0.8401983976364136, -0.026248056441545486, 0.06935349106788635, 0.5371849536895752]
joint_pos=[34.847999572753906, 0.0, 43.992000579833984, 33.731998443603516, -119.12400817871094, 23.615999221801758] joint_vel=[-10.079999923706055, 0.0, 181.0800018310547, 202.04998779296875, -426.3299865722656, 108.9000015258789] imu_ang_vel=[0.06604841351509094, 0.07989726960659027, 0.017044750973582268] imu_quat_wxyz=[0.8401983976364136, -0.026248056441545486, 0.06935349106788635, 0.5371849536895752]
joint_pos=[34.847999572753906, 0.0, 43.992000579833984, 33.731998443603516, -119.12400817871094, 23.615999221801758] joint_vel=[-10.079999923706055, 0.0, 181.0800018310547, 202.04998779296875, -426.3299865722656, 108.9000015258789] imu_ang_vel=[0.07457078248262405, 0.01491415686905384, 0.057526033371686935] imu_quat_wxyz=[0.8394294381141663, -0.02383936382830143, 0.06875531375408173, 0.5385745167732239]
joint_pos=[34.847999572753906, 0.0, 43.992000579833984, 33.731998443603516, -119.12400817871094, 23.615999221801758] joint_vel=[-10.079999923706055, 0.0, 181.0800018310547, 202.04998779296875, -426.3299865722656, 108.9000015258789] imu_ang_vel=[0.07457078248262405, 0.01491415686905384, 0.057526033371686935] imu_quat_wxyz=[0.8394294381141663, -0.02383936382830143, 0.06875531375408173, 0.5385745167732239]
joint_pos=[34.847999572753906, 0.0, 43.992000579833984, 33.731998443603516, -119.12400817871094, 23.615999221801758] joint_vel=[-10.079999923706055, 0.0, 181.0800018310547, 202.04998779296875, -426.3299865722656, 108.9000015258789] imu_ang_vel=[0.07350549101829529, -0.05326484516263008, 0.08841964602470398] imu_quat_wxyz=[0.8382928967475891, -0.020329060032963753, 0.06748694181442261, 0.5406452417373657]
joint_pos=[34.847999572753906, 0.0, 43.992000579833984, 33.731998443603516, -119.12400817871094, 23.615999221801758] joint_vel=[-10.079999923706055, 0.0, 181.0800018310547, 202.04998779296875, -426.3299865722656, 108.9000015258789] imu_ang_vel=[0.07350549101829529, -0.05326484516263008, 0.08841964602470398] imu_quat_wxyz=[0.8382928967475891, -0.020329060032963753, 0.06748694181442261, 0.5406452417373657]
joint_pos=[34.847999572753906, 0.0, 43.992000579833984, 33.731998443603516, -119.12400817871094, 23.615999221801758] joint_vel=[-10.079999923706055, 0.0, 181.0800018310547, 202.04998779296875, -426.3299865722656, 108.9000015258789] imu_ang_vel=[0.0703095942735672, -0.12357444316148758, 0.13103152811527252] imu_quat_wxyz=[0.8369721174240112, -0.016678180545568466, 0.0656256303191185, 0.5430402755737305]
joint_pos=[34.847999572753906, 0.0, 43.992000579833984, 33.731998443603516, -119.12400817871094, 23.615999221801758] joint_vel=[-10.079999923706055, 0.0, 181.0800018310547, 202.04998779296875, -426.3299865722656, 108.9000015258789] imu_ang_vel=[0.0703095942735672, -0.12357444316148758, 0.13103152811527252] imu_quat_wxyz=[0.8369721174240112, -0.016678180545568466, 0.0656256303191185, 0.5430402755737305]
joint_pos=[34.847999572753906, 0.0, 43.992000579833984, 33.731998443603516, -119.12400817871094, 23.615999221801758] joint_vel=[-10.079999923706055, 0.0, 181.0800018310547, 202.04998779296875, -426.3299865722656, 108.9000015258789] imu_ang_vel=[0.06604841351509094, -0.192818745970726, 0.17364339530467987] imu_quat_wxyz=[0.8353949189186096, -0.013170607388019562, 0.0631432756781578, 0.5458523035049438]
joint_pos=[34.847999572753906, 0.0, 43.992000579833984, 33.731998443603516, -119.12400817871094, 23.615999221801758] joint_vel=[-10.079999923706055, 0.0, 181.0800018310547, 202.04998779296875, -426.3299865722656, 108.9000015258789] imu_ang_vel=[0.06604841351509094, -0.192818745970726, 0.17364339530467987] imu_quat_wxyz=[0.8353949189186096, -0.013170607388019562, 0.0631432756781578, 0.5458523035049438]
joint_pos=[34.847999572753906, 0.0, 43.992000579833984, 33.731998443603516, -119.12400817871094, 23.615999221801758] joint_vel=[-10.079999923706055, 0.0, 181.0800018310547, 202.04998779296875, -426.3299865722656, 108.9000015258789] imu_ang_vel=[0.060721926391124725, -0.26419365406036377, 0.20879819989204407] imu_quat_wxyz=[0.8336871862411499, -0.009735675528645515, 0.059818390756845474, 0.548901379108429]
joint_pos=[34.847999572753906, 0.0, 43.992000579833984, 33.731998443603516, -119.12400817871094, 23.615999221801758] joint_vel=[-10.079999923706055, 0.0, 181.0800018310547, 202.04998779296875, -426.3299865722656, 108.9000015258789] imu_ang_vel=[0.060721926391124725, -0.26419365406036377, 0.20879819989204407] imu_quat_wxyz=[0.8336871862411499, -0.009735675528645515, 0.059818390756845474, 0.548901379108429]
joint_pos=[34.847999572753906, 0.0, 43.992000579833984, 33.731998443603516, -119.12400817871094, 23.615999221801758] joint_vel=[-10.079999923706055, 0.0, 181.0800018310547, 202.04998779296875, -426.3299865722656, 108.9000015258789] imu_ang_vel=[0.05646073818206787, -0.3302420377731323, 0.24075710773468018] imu_quat_wxyz=[0.8319459557533264, -0.006215405184775591, 0.05532379075884819, 0.552056610584259]
joint_pos=[34.847999572753906, 0.0, 43.992000579833984, 33.731998443603516, -119.12400817871094, 23.615999221801758] joint_vel=[-10.079999923706055, 0.0, 181.0800018310547, 202.04998779296875, -426.3299865722656, 108.9000015258789] imu_ang_vel=[0.05646073818206787, -0.3302420377731323, 0.24075710773468018] imu_quat_wxyz=[0.8319459557533264, -0.006215405184775591, 0.05532379075884819, 0.552056610584259]
joint_pos=[34.847999572753906, 0.0, 43.992000579833984, 33.731998443603516, -119.12400817871094, 23.615999221801758] joint_vel=[-10.079999923706055, 0.0, 181.0800018310547, 202.04998779296875, -426.3299865722656, 108.9000015258789] imu_ang_vel=[0.05539543926715851, -0.3803110122680664, 0.2716507315635681] imu_quat_wxyz=[0.8300970196723938, -0.0023673928808420897, 0.049971286207437515, 0.5553703308105469]
joint_pos=[34.847999572753906, 0.0, 43.992000579833984, 33.731998443603516, -119.12400817871094, 23.615999221801758] joint_vel=[-10.079999923706055, 0.0, 181.0800018310547, 202.04998779296875, -426.3299865722656, 108.9000015258789] imu_ang_vel=[0.05539543926715851, -0.3803110122680664, 0.2716507315635681] imu_quat_wxyz=[0.8300970196723938, -0.0023673928808420897, 0.049971286207437515, 0.5553703308105469]
joint_pos=[34.847999572753906, 0.0, 43.992000579833984, 33.731998443603516, -119.12400817871094, 23.615999221801758] joint_vel=[-10.079999923706055, 0.0, 181.0800018310547, 202.04998779296875, -426.3299865722656, 108.9000015258789] imu_ang_vel=[0.05219954997301102, -0.41653111577033997, 0.29402196407318115] imu_quat_wxyz=[0.8281304240226746, 0.0017804517410695553, 0.04403410851955414, 0.558800458908081]
joint_pos=[34.847999572753906, 0.0, 43.992000579833984, 33.731998443603516, -119.12400817871094, 23.615999221801758] joint_vel=[-10.079999923706055, 0.0, 181.0800018310547, 202.04998779296875, -426.3299865722656, 108.9000015258789] imu_ang_vel=[0.05219954997301102, -0.41653111577033997, 0.29402196407318115] imu_quat_wxyz=[0.8281304240226746, 0.0017804517410695553, 0.04403410851955414, 0.558800458908081]
joint_pos=[34.847999572753906, 0.0, 43.992000579833984, 33.731998443603516, -119.12400817871094, 23.615999221801758] joint_vel=[-10.079999923706055, 0.0, 181.0800018310547, 202.04998779296875, -426.3299865722656, 108.9000015258789] imu_ang_vel=[0.0468730665743351, -0.433575838804245, 0.3046749234199524] imu_quat_wxyz=[0.8266157507896423, 0.0050867353565990925, 0.0394277349114418, 0.5613606572151184]
joint_pos=[34.847999572753906, 0.0, 43.992000579833984, 33.731998443603516, -119.12400817871094, 23.615999221801758] joint_vel=[-10.079999923706055, 0.0, 181.0800018310547, 202.04998779296875, -426.3299865722656, 108.9000015258789] imu_ang_vel=[0.0468730665743351, -0.433575838804245, 0.3046749234199524] imu_quat_wxyz=[0.8266157507896423, 0.0050867353565990925, 0.0394277349114418, 0.5613606572151184]
joint_pos=[34.847999572753906, 0.0, 43.992000579833984, 33.731998443603516, -119.12400817871094, 23.615999221801758] joint_vel=[-10.079999923706055, 0.0, 181.0800018310547, 202.04998779296875, -426.3299865722656, 108.9000015258789] imu_ang_vel=[0.030893610790371895, -0.44103294610977173, 0.310001403093338] imu_quat_wxyz=[0.8245687484741211, 0.009859088808298111, 0.03328040614724159, 0.5646958947181702]
joint_pos=[34.847999572753906, 0.0, 43.992000579833984, 33.731998443603516, -119.12400817871094, 23.615999221801758] joint_vel=[-10.079999923706055, 0.0, 181.0800018310547, 202.04998779296875, -426.3299865722656, 108.9000015258789] imu_ang_vel=[0.030893610790371895, -0.44103294610977173, 0.310001403093338] imu_quat_wxyz=[0.8245687484741211, 0.009859088808298111, 0.03328040614724159, 0.5646958947181702]
joint_pos=[34.847999572753906, 0.0, 43.992000579833984, 33.731998443603516, -119.12400817871094, 23.615999221801758] joint_vel=[-10.079999923706055, 0.0, 181.0800018310547, 202.04998779296875, -426.3299865722656, 108.9000015258789] imu_ang_vel=[0.010652969591319561, -0.4325105547904968, 0.3036096394062042] imu_quat_wxyz=[0.8226429224014282, 0.014279646798968315, 0.027673667296767235, 0.5677049160003662]
joint_pos=[34.847999572753906, 0.0, 43.992000579833984, 33.731998443603516, -119.12400817871094, 23.615999221801758] joint_vel=[-10.079999923706055, 0.0, 181.0800018310547, 202.04998779296875, -426.3299865722656, 108.9000015258789] imu_ang_vel=[0.010652969591319561, -0.4325105547904968, 0.3036096394062042] imu_quat_wxyz=[0.8226429224014282, 0.014279646798968315, 0.027673667296767235, 0.5677049160003662]
joint_pos=[34.847999572753906, 0.0, 43.992000579833984, 33.731998443603516, -119.12400817871094, 23.615999221801758] joint_vel=[-10.079999923706055, 0.0, 181.0800018310547, 202.04998779296875, -426.3299865722656, 108.9000015258789] imu_ang_vel=[-0.012783562764525414, -0.41120460629463196, 0.2844342887401581] imu_quat_wxyz=[0.8209893107414246, 0.01793750561773777, 0.0226927250623703, 0.5702103972434998]
joint_pos=[34.847999572753906, 0.0, 43.992000579833984, 33.731998443603516, -119.12400817871094, 23.615999221801758] joint_vel=[-10.079999923706055, 0.0, 181.0800018310547, 202.04998779296875, -426.3299865722656, 108.9000015258789] imu_ang_vel=[-0.012783562764525414, -0.41120460629463196, 0.2844342887401581] imu_quat_wxyz=[0.8209893107414246, 0.01793750561773777, 0.0226927250623703, 0.5702103972434998]
joint_pos=[34.847999572753906, 0.0, 43.992000579833984, 33.731998443603516, -119.12400817871094, 23.615999221801758] joint_vel=[-10.079999923706055, 0.0, 181.0800018310547, 202.04998779296875, -426.3299865722656, 108.9000015258789] imu_ang_vel=[-0.03302420675754547, -0.38244161009788513, 0.25567126274108887] imu_quat_wxyz=[0.8197051286697388, 0.020454350858926773, 0.01834583654999733, 0.5721262693405151]
joint_pos=[34.847999572753906, 0.0, 43.992000579833984, 33.731998443603516, -119.12400817871094, 23.615999221801758] joint_vel=[-10.079999923706055, 0.0, 181.0800018310547, 202.04998779296875, -426.3299865722656, 108.9000015258789] imu_ang_vel=[-0.03302420675754547, -0.38244161009788513, 0.25567126274108887] imu_quat_wxyz=[0.8197051286697388, 0.020454350858926773, 0.01834583654999733, 0.5721262693405151]
joint_pos=[34.847999572753906, 0.0, 43.992000579833984, 33.731998443603516, -119.12400817871094, 23.615999221801758] joint_vel=[-10.079999923706055, 0.0, 181.0800018310547, 202.04998779296875, -426.3299865722656, 108.9000015258789] imu_ang_vel=[-0.05006895586848259, -0.3462215065956116, 0.2194511741399765] imu_quat_wxyz=[0.8188266754150391, 0.021821744740009308, 0.01475642528384924, 0.5734360218048096]
joint_pos=[34.847999572753906, 0.0, 43.992000579833984, 33.731998443603516, -119.12400817871094, 23.615999221801758] joint_vel=[-10.079999923706055, 0.0, 181.0800018310547, 202.04998779296875, -426.3299865722656, 108.9000015258789] imu_ang_vel=[-0.05006895586848259, -0.3462215065956116, 0.2194511741399765] imu_quat_wxyz=[0.8188266754150391, 0.021821744740009308, 0.01475642528384924, 0.5734360218048096]
joint_pos=[34.847999572753906, 0.0, 43.992000579833984, 33.731998443603516, -119.12400817871094, 23.615999221801758] joint_vel=[-10.079999923706055, 0.0, 181.0800018310547, 202.04998779296875, -426.3299865722656, 108.9000015258789] imu_ang_vel=[-0.07244019210338593, -0.31426259875297546, 0.17044751346111298] imu_quat_wxyz=[0.8184149861335754, 0.022432701662182808, 0.011907466687262058, 0.5740661025047302]
joint_pos=[34.847999572753906, 0.0, 43.992000579833984, 33.731998443603516, -119.12400817871094, 23.615999221801758] joint_vel=[-10.079999923706055, 0.0, 181.0800018310547, 202.04998779296875, -426.3299865722656, 108.9000015258789] imu_ang_vel=[-0.07244019210338593, -0.31426259875297546, 0.17044751346111298] imu_quat_wxyz=[0.8184149861335754, 0.022432701662182808, 0.011907466687262058, 0.5740661025047302]
joint_pos=[34.847999572753906, 0.0, 43.992000579833984, 33.731998443603516, -119.12400817871094, 23.615999221801758] joint_vel=[-10.079999923706055, 0.0, 181.0800018310547, 202.04998779296875, -426.3299865722656, 108.9000015258789] imu_ang_vel=[-0.09161553531885147, -0.2780424952507019, 0.14274978637695312] imu_quat_wxyz=[0.8182796835899353, 0.022379634901881218, 0.008669396862387657, 0.574319064617157]
joint_pos=[34.847999572753906, 0.0, 43.992000579833984, 33.731998443603516, -119.12400817871094, 23.615999221801758] joint_vel=[-10.079999923706055, 0.0, 181.0800018310547, 202.04998779296875, -426.3299865722656, 108.9000015258789] imu_ang_vel=[-0.09161553531885147, -0.2780424952507019, 0.14274978637695312] imu_quat_wxyz=[0.8182796835899353, 0.022379634901881218, 0.008669396862387657, 0.574319064617157]
joint_pos=[34.847999572753906, 0.0, 43.992000579833984, 33.731998443603516, -119.12400817871094, 23.615999221801758] joint_vel=[-10.079999923706055, 0.0, 181.0800018310547, 202.04998779296875, -426.3299865722656, 108.9000015258789] imu_ang_vel=[-0.07989726960659027, -0.19814522564411163, 0.12996622920036316] imu_quat_wxyz=[0.8181906342506409, 0.021329917013645172, 0.005745041649788618, 0.5745225548744202]
joint_pos=[34.847999572753906, 0.0, 43.992000579833984, 33.731998443603516, -119.12400817871094, 23.615999221801758] joint_vel=[-10.079999923706055, 0.0, 181.0800018310547, 202.04998779296875, -426.3299865722656, 108.9000015258789] imu_ang_vel=[-0.07989726960659027, -0.19814522564411163, 0.12996622920036316] imu_quat_wxyz=[0.8181906342506409, 0.021329917013645172, 0.005745041649788618, 0.5745225548744202]
joint_pos=[34.847999572753906, 0.0, 43.992000579833984, 33.731998443603516, -119.12400817871094, 23.615999221801758] joint_vel=[-10.079999923706055, 0.0, 181.0800018310547, 202.04998779296875, -426.3299865722656, 108.9000015258789] imu_ang_vel=[-0.06391781568527222, -0.12783563137054443, 0.06391781568527222] imu_quat_wxyz=[0.8184263110160828, 0.019524240866303444, 0.003509851638227701, 0.5742688775062561]
joint_pos=[34.847999572753906, 0.0, 43.992000579833984, 33.731998443603516, -119.12400817871094, 23.615999221801758] joint_vel=[-10.079999923706055, 0.0, 181.0800018310547, 202.04998779296875, -426.3299865722656, 108.9000015258789] imu_ang_vel=[-0.06391781568527222, -0.12783563137054443, 0.06391781568527222] imu_quat_wxyz=[0.8184263110160828, 0.019524240866303444, 0.003509851638227701, 0.5742688775062561]
joint_pos=[34.847999572753906, 0.0, 43.992000579833984, 33.731998443603516, -119.12400817871094, 23.615999221801758] joint_vel=[-10.079999923706055, 0.0, 181.0800018310547, 202.04998779296875, -426.3299865722656, 108.9000015258789] imu_ang_vel=[-0.045807767659425735, -0.060721926391124725, -0.011718266643583775] imu_quat_wxyz=[0.8195086121559143, 0.017339233309030533, 0.002828998491168022, 0.572797417640686]
joint_pos=[34.847999572753906, 0.0, 43.992000579833984, 33.731998443603516, -119.12400817871094, 23.615999221801758] joint_vel=[-10.079999923706055, 0.0, 181.0800018310547, 202.04998779296875, -426.3299865722656, 108.9000015258789] imu_ang_vel=[-0.045807767659425735, -0.060721926391124725, -0.011718266643583775] imu_quat_wxyz=[0.8195086121559143, 0.017339233309030533, 0.002828998491168022, 0.572797417640686]
joint_pos=[34.847999572753906, 0.0, 43.992000579833984, 33.731998443603516, -119.12400817871094, 23.615999221801758] joint_vel=[-10.079999923706055, 0.0, 181.0800018310547, 202.04998779296875, -426.3299865722656, 108.9000015258789] imu_ang_vel=[-0.022371236234903336, 0.017044750973582268, -0.08628904819488525] imu_quat_wxyz=[0.8212367296218872, 0.015072958543896675, 0.0033777488861232996, 0.5703784823417664]
joint_pos=[34.847999572753906, 0.0, 43.992000579833984, 33.731998443603516, -119.12400817871094, 23.615999221801758] joint_vel=[-10.079999923706055, 0.0, 181.0800018310547, 202.04998779296875, -426.3299865722656, 108.9000015258789] imu_ang_vel=[-0.022371236234903336, 0.017044750973582268, -0.08628904819488525] imu_quat_wxyz=[0.8212367296218872, 0.015072958543896675, 0.0033777488861232996, 0.5703784823417664]
joint_pos=[34.847999572753906, 0.0, 43.992000579833984, 33.731998443603516, -119.12400817871094, 23.615999221801758] joint_vel=[-10.079999923706055, 0.0, 181.0800018310547, 202.04998779296875, -426.3299865722656, 108.9000015258789] imu_ang_vel=[0.0, 0.09800732135772705, -0.14274978637695312] imu_quat_wxyz=[0.8232797980308533, 0.013081415556371212, 0.005736630409955978, 0.5674559473991394]
joint_pos=[34.847999572753906, 0.0, 43.992000579833984, 33.731998443603516, -119.12400817871094, 23.615999221801758] joint_vel=[-10.079999923706055, 0.0, 181.0800018310547, 202.04998779296875, -426.3299865722656, 108.9000015258789] imu_ang_vel=[0.0, 0.09800732135772705, -0.14274978637695312] imu_quat_wxyz=[0.8232797980308533, 0.013081415556371212, 0.005736630409955978, 0.5674559473991394]
joint_pos=[34.847999572753906, 0.0, 43.992000579833984, 33.731998443603516, -119.12400817871094, 23.615999221801758] joint_vel=[-10.079999923706055, 0.0, 181.0800018310547, 202.04998779296875, -426.3299865722656, 108.9000015258789] imu_ang_vel=[0.01811004802584648, 0.17151281237602234, -0.19707992672920227] imu_quat_wxyz=[0.8255480527877808, 0.010822075419127941, 0.009690899401903152, 0.5641447901725769]
joint_pos=[34.847999572753906, 0.0, 43.992000579833984, 33.731998443603516, -119.12400817871094, 23.615999221801758] joint_vel=[-10.079999923706055, 0.0, 181.0800018310547, 202.04998779296875, -426.3299865722656, 108.9000015258789] imu_ang_vel=[0.01811004802584648, 0.17151281237602234, -0.19707992672920227] imu_quat_wxyz=[0.8255480527877808, 0.010822075419127941, 0.009690899401903152, 0.5641447901725769]
joint_pos=[34.847999572753906, 0.0, 43.992000579833984, 33.731998443603516, -119.12400817871094, 23.615999221801758] joint_vel=[-10.079999923706055, 0.0, 181.0800018310547, 202.04998779296875, -426.3299865722656, 108.9000015258789] imu_ang_vel=[0.03195890784263611, 0.23223473131656647, -0.2514100670814514] imu_quat_wxyz=[0.8280820250511169, 0.008153853006660938, 0.014623071067035198, 0.560356855392456]
joint_pos=[34.847999572753906, 0.0, 43.992000579833984, 33.731998443603516, -119.12400817871094, 23.615999221801758] joint_vel=[-10.079999923706055, 0.0, 181.0800018310547, 202.04998779296875, -426.3299865722656, 108.9000015258789] imu_ang_vel=[0.03195890784263611, 0.23223473131656647, -0.2514100670814514] imu_quat_wxyz=[0.8280820250511169, 0.008153853006660938, 0.014623071067035198, 0.560356855392456]
joint_pos=[34.847999572753906, 0.0, 43.992000579833984, 33.731998443603516, -119.12400817871094, 23.615999221801758] joint_vel=[-10.079999923706055, 0.0, 181.0800018310547, 202.04998779296875, -426.3299865722656, 108.9000015258789] imu_ang_vel=[0.04474247246980667, 0.2812383770942688, -0.28549957275390625] imu_quat_wxyz=[0.8307302594184875, 0.005434383172541857, 0.02022293582558632, 0.5562809705734253]
joint_pos=[34.847999572753906, 0.0, 43.992000579833984, 33.731998443603516, -119.12400817871094, 23.615999221801758] joint_vel=[-10.079999923706055, 0.0, 181.0800018310547, 202.04998779296875, -426.3299865722656, 108.9000015258789] imu_ang_vel=[0.04474247246980667, 0.2812383770942688, -0.28549957275390625] imu_quat_wxyz=[0.8307302594184875, 0.005434383172541857, 0.02022293582558632, 0.5562809705734253]
joint_pos=[34.847999572753906, 0.0, 43.992000579833984, 33.731998443603516, -119.12400817871094, 23.615999221801758] joint_vel=[-10.079999923706055, 0.0, 181.0800018310547, 202.04998779296875, -426.3299865722656, 108.9000015258789] imu_ang_vel=[0.04793836176395416, 0.32704615592956543, -0.30041372776031494] imu_quat_wxyz=[0.8332293629646301, 0.0030427167657762766, 0.026393381878733635, 0.5522887706756592]
joint_pos=[34.847999572753906, 0.0, 43.992000579833984, 33.731998443603516, -119.12400817871094, 23.615999221801758] joint_vel=[-10.079999923706055, 0.0, 181.0800018310547, 202.04998779296875, -426.3299865722656, 108.9000015258789] imu_ang_vel=[0.04793836176395416, 0.32704615592956543, -0.30041372776031494] imu_quat_wxyz=[0.8332293629646301, 0.0030427167657762766, 0.026393381878733635, 0.5522887706756592]
joint_pos=[34.847999572753906, 0.0, 43.992000579833984, 33.731998443603516, -119.12400817871094, 23.615999221801758] joint_vel=[-10.079999923706055, 0.0, 181.0800018310547, 202.04998779296875, -426.3299865722656, 108.9000015258789] imu_ang_vel=[0.03728539124131203, 0.35793977975845337, -0.30041372776031494] imu_quat_wxyz=[0.8354058861732483, 0.0010259717237204313, 0.033006057143211365, 0.5486405491828918]
joint_pos=[34.847999572753906, 0.0, 43.992000579833984, 33.731998443603516, -119.12400817871094, 23.615999221801758] joint_vel=[-10.079999923706055, 0.0, 181.0800018310547, 202.04998779296875, -426.3299865722656, 108.9000015258789] imu_ang_vel=[0.03728539124131203, 0.35793977975845337, -0.30041372776031494] imu_quat_wxyz=[0.8354058861732483, 0.0010259717237204313, 0.033006057143211365, 0.5486405491828918]
joint_pos=[34.847999572753906, 0.0, 43.992000579833984, 33.731998443603516, -119.12400817871094, 23.615999221801758] joint_vel=[-10.079999923706055, 0.0, 181.0800018310547, 202.04998779296875, -426.3299865722656, 108.9000015258789] imu_ang_vel=[0.011718266643583775, 0.3771151006221771, -0.2844342887401581] imu_quat_wxyz=[0.837131142616272, -0.0006955858552828431, 0.039381470531225204, 0.5455823540687561]
joint_pos=[34.847999572753906, 0.0, 43.992000579833984, 33.731998443603516, -119.12400817871094, 23.615999221801758] joint_vel=[-10.079999923706055, 0.0, 181.0800018310547, 202.04998779296875, -426.3299865722656, 108.9000015258789] imu_ang_vel=[0.011718266643583775, 0.3771151006221771, -0.2844342887401581] imu_quat_wxyz=[0.837131142616272, -0.0006955858552828431, 0.039381470531225204, 0.5455823540687561]
joint_pos=[34.847999572753906, 0.0, 43.992000579833984, 33.731998443603516, -119.12400817871094, 23.615999221801758] joint_vel=[-10.079999923706055, 0.0, 181.0800018310547, 202.04998779296875, -426.3299865722656, 108.9000015258789] imu_ang_vel=[-0.015979453921318054, 0.3920292854309082, -0.2631283402442932] imu_quat_wxyz=[0.8383681774139404, -0.0027712639421224594, 0.04518504440784454, 0.5432212948799133]
joint_pos=[34.847999572753906, 0.0, 43.992000579833984, 33.731998443603516, -119.12400817871094, 23.615999221801758] joint_vel=[-10.079999923706055, 0.0, 181.0800018310547, 202.04998779296875, -426.3299865722656, 108.9000015258789] imu_ang_vel=[-0.015979453921318054, 0.3920292854309082, -0.2631283402442932] imu_quat_wxyz=[0.8383681774139404, -0.0027712639421224594, 0.04518504440784454, 0.5432212948799133]
joint_pos=[34.847999572753906, 0.0, 43.992000579833984, 33.731998443603516, -119.12400817871094, 23.615999221801758] joint_vel=[-10.079999923706055, 0.0, 181.0800018310547, 202.04998779296875, -426.3299865722656, 108.9000015258789] imu_ang_vel=[-0.024501830339431763, 0.42079228162765503, -0.26419365406036377] imu_quat_wxyz=[0.8393670916557312, -0.005592535715550184, 0.050300709903240204, 0.5412036776542664]
joint_pos=[34.847999572753906, 0.0, 43.992000579833984, 33.731998443603516, -119.12400817871094, 23.615999221801758] joint_vel=[-10.079999923706055, 0.0, 181.0800018310547, 202.04998779296875, -426.3299865722656, 108.9000015258789] imu_ang_vel=[-0.024501830339431763, 0.42079228162765503, -0.26419365406036377] imu_quat_wxyz=[0.8393670916557312, -0.005592535715550184, 0.050300709903240204, 0.5412036776542664]
joint_pos=[34.847999572753906, 0.0, 43.992000579833984, 33.731998443603516, -119.12400817871094, 23.615999221801758] joint_vel=[-10.079999923706055, 0.0, 181.0800018310547, 202.04998779296875, -426.3299865722656, 108.9000015258789] imu_ang_vel=[-0.039415985345840454, 0.40800872445106506, -0.2844342887401581] imu_quat_wxyz=[0.8403519988059998, -0.008261017501354218, 0.05425801873207092, 0.5392554998397827]
joint_pos=[34.847999572753906, 0.0, 43.992000579833984, 33.731998443603516, -119.12400817871094, 23.615999221801758] joint_vel=[-10.079999923706055, 0.0, 181.0800018310547, 202.04998779296875, -426.3299865722656, 108.9000015258789] imu_ang_vel=[-0.039415985345840454, 0.40800872445106506, -0.2844342887401581] imu_quat_wxyz=[0.8403519988059998, -0.008261017501354218, 0.05425801873207092, 0.5392554998397827]
joint_pos=[34.847999572753906, 0.0, 43.992000579833984, 33.731998443603516, -119.12400817871094, 23.615999221801758] joint_vel=[-10.079999923706055, 0.0, 181.0800018310547, 202.04998779296875, -426.3299865722656, 108.9000015258789] imu_ang_vel=[-0.04474247246980667, 0.39096397161483765, -0.2727160155773163] imu_quat_wxyz=[0.841659665107727, -0.012145966291427612, 0.058228444308042526, 0.5367223620414734]
joint_pos=[34.847999572753906, 0.0, 43.992000579833984, 33.731998443603516, -119.12400817871094, 23.615999221801758] joint_vel=[-10.079999923706055, 0.0, 181.0800018310547, 202.04998779296875, -426.3299865722656, 108.9000015258789] imu_ang_vel=[-0.04474247246980667, 0.39096397161483765, -0.2727160155773163] imu_quat_wxyz=[0.841659665107727, -0.012145966291427612, 0.058228444308042526, 0.5367223620414734]
joint_pos=[34.847999572753906, 0.0, 43.992000579833984, 33.731998443603516, -119.12400817871094, 23.615999221801758] joint_vel=[-10.079999923706055, 0.0, 181.0800018310547, 202.04998779296875, -426.3299865722656, 108.9000015258789] imu_ang_vel=[-0.03728539124131203, 0.3685927391052246, -0.21732057631015778] imu_quat_wxyz=[0.8424184918403625, -0.016108160838484764, 0.06144087016582489, 0.5350669026374817]
joint_pos=[34.847999572753906, 0.0, 43.992000579833984, 33.731998443603516, -119.12400817871094, 23.615999221801758] joint_vel=[-10.079999923706055, 0.0, 181.0800018310547, 202.04998779296875, -426.3299865722656, 108.9000015258789] imu_ang_vel=[-0.03728539124131203, 0.3685927391052246, -0.21732057631015778] imu_quat_wxyz=[0.8424184918403625, -0.016108160838484764, 0.06144087016582489, 0.5350669026374817]
joint_pos=[34.847999572753906, 0.0, 43.992000579833984, 33.731998443603516, -119.12400817871094, 23.615999221801758] joint_vel=[-10.079999923706055, 0.0, 181.0800018310547, 202.04998779296875, -426.3299865722656, 108.9000015258789] imu_ang_vel=[-0.021305939182639122, 0.32598087191581726, -0.18003518879413605] imu_quat_wxyz=[0.8426735401153564, -0.019718298688530922, 0.06425397098064423, 0.5342134237289429]
joint_pos=[34.847999572753906, 0.0, 43.992000579833984, 33.731998443603516, -119.12400817871094, 23.615999221801758] joint_vel=[-10.079999923706055, 0.0, 181.0800018310547, 202.04998779296875, -426.3299865722656, 108.9000015258789] imu_ang_vel=[-0.021305939182639122, 0.32598087191581726, -0.18003518879413605] imu_quat_wxyz=[0.8426735401153564, -0.019718298688530922, 0.06425397098064423, 0.5342134237289429]
joint_pos=[34.847999572753906, 0.0, 43.992000579833984, 33.731998443603516, -119.12400817871094, 23.615999221801758] joint_vel=[-10.079999923706055, 0.0, 181.0800018310547, 202.04998779296875, -426.3299865722656, 108.9000015258789] imu_ang_vel=[0.0, 0.27058541774749756, -0.15979453921318054] imu_quat_wxyz=[0.8428043723106384, -0.022544365376234055, 0.0663892924785614, 0.5336337685585022]
joint_pos=[34.847999572753906, 0.0, 43.992000579833984, 33.731998443603516, -119.12400817871094, 23.615999221801758] joint_vel=[-10.079999923706055, 0.0, 181.0800018310547, 202.04998779296875, -426.3299865722656, 108.9000015258789] imu_ang_vel=[0.0, 0.27058541774749756, -0.15979453921318054] imu_quat_wxyz=[0.8428043723106384, -0.022544365376234055, 0.0663892924785614, 0.5336337685585022]
joint_pos=[34.847999572753906, 0.0, 43.992000579833984, 33.731998443603516, -119.12400817871094, 23.615999221801758] joint_vel=[-10.079999923706055, 0.0, 181.0800018310547, 202.04998779296875, -426.3299865722656, 108.9000015258789] imu_ang_vel=[0.012783562764525414, 0.2109287977218628, -0.12357444316148758] imu_quat_wxyz=[0.8427954316139221, -0.024229951202869415, 0.06782978028059006, 0.5333927869796753]
joint_pos=[34.847999572753906, 0.0, 43.992000579833984, 33.731998443603516, -119.12400817871094, 23.615999221801758] joint_vel=[-10.079999923706055, 0.0, 181.0800018310547, 202.04998779296875, -426.3299865722656, 108.9000015258789] imu_ang_vel=[0.012783562764525414, 0.2109287977218628, -0.12357444316148758] imu_quat_wxyz=[0.8427954316139221, -0.024229951202869415, 0.06782978028059006, 0.5333927869796753]
joint_pos=[34.847999572753906, 0.0, 43.992000579833984, 33.731998443603516, -119.12400817871094, 23.615999221801758] joint_vel=[-10.079999923706055, 0.0, 181.0800018310547, 202.04998779296875, -426.3299865722656, 108.9000015258789] imu_ang_vel=[0.030893610790371895, 0.14701098203659058, -0.07244019210338593] imu_quat_wxyz=[0.8424615859985352, -0.02448873221874237, 0.06871113926172256, 0.5337954163551331]
joint_pos=[34.847999572753906, 0.0, 43.992000579833984, 33.731998443603516, -119.12400817871094, 23.615999221801758] joint_vel=[-10.079999923706055, 0.0, 181.0800018310547, 202.04998779296875, -426.3299865722656, 108.9000015258789] imu_ang_vel=[0.030893610790371895, 0.14701098203659058, -0.07244019210338593] imu_quat_wxyz=[0.8424615859985352, -0.02448873221874237, 0.06871113926172256, 0.5337954163551331]
joint_pos=[34.847999572753906, 0.0, 43.992000579833984, 33.731998443603516, -119.12400817871094, 23.615999221801758] joint_vel=[-10.079999923706055, 0.0, 181.0800018310547, 202.04998779296875, -426.3299865722656, 108.9000015258789] imu_ang_vel=[0.039415985345840454, 0.07776667922735214, -0.03195890784263611] imu_quat_wxyz=[0.8418155312538147, -0.023481372743844986, 0.06904179602861404, 0.534816324710846]
joint_pos=[34.847999572753906, 0.0, 43.992000579833984, 33.731998443603516, -119.12400817871094, 23.615999221801758] joint_vel=[-10.079999923706055, 0.0, 181.0800018310547, 202.04998779296875, -426.3299865722656, 108.9000015258789] imu_ang_vel=[0.039415985345840454, 0.07776667922735214, -0.03195890784263611] imu_quat_wxyz=[0.8418155312538147, -0.023481372743844986, 0.06904179602861404, 0.534816324710846]
joint_pos=[34.847999572753906, 0.0, 43.992000579833984, 33.731998443603516, -119.12400817871094, 23.615999221801758] joint_vel=[-10.079999923706055, 0.0, 181.0800018310547, 202.04998779296875, -426.3299865722656, 108.9000015258789] imu_ang_vel=[0.04048128426074982, 0.0, 0.0] imu_quat_wxyz=[0.840989887714386, -0.021406371146440506, 0.06843066215515137, 0.5362787842750549]
joint_pos=[34.847999572753906, 0.0, 43.992000579833984, 33.731998443603516, -119.12400817871094, 23.615999221801758] joint_vel=[-10.079999923706055, 0.0, 181.0800018310547, 202.04998779296875, -426.3299865722656, 108.9000015258789] imu_ang_vel=[0.04048128426074982, 0.0, 0.0] imu_quat_wxyz=[0.840989887714386, -0.021406371146440506, 0.06843066215515137, 0.5362787842750549]
joint_pos=[34.847999572753906, 0.0, 43.992000579833984, 33.731998443603516, -119.12400817871094, 23.615999221801758] joint_vel=[-10.079999923706055, 0.0, 181.0800018310547, 202.04998779296875, -426.3299865722656, 108.9000015258789] imu_ang_vel=[0.03728539124131203, -0.057526033371686935, 0.04367717355489731] imu_quat_wxyz=[0.839968740940094, -0.018615707755088806, 0.06688432395458221, 0.5381752252578735]
joint_pos=[34.847999572753906, 0.0, 43.992000579833984, 33.731998443603516, -119.12400817871094, 23.615999221801758] joint_vel=[-10.079999923706055, 0.0, 181.0800018310547, 202.04998779296875, -426.3299865722656, 108.9000015258789] imu_ang_vel=[0.03728539124131203, -0.057526033371686935, 0.04367717355489731] imu_quat_wxyz=[0.839968740940094, -0.018615707755088806, 0.06688432395458221, 0.5381752252578735]
joint_pos=[34.847999572753906, 0.0, 43.992000579833984, 33.731998443603516, -119.12400817871094, 23.615999221801758] joint_vel=[-10.079999923706055, 0.0, 181.0800018310547, 202.04998779296875, -426.3299865722656, 108.9000015258789] imu_ang_vel=[0.03302420675754547, -0.12037855386734009, 0.08735434710979462] imu_quat_wxyz=[0.8387080430984497, -0.015554518438875675, 0.0645047277212143, 0.5405238270759583]
joint_pos=[34.847999572753906, 0.0, 43.992000579833984, 33.731998443603516, -119.12400817871094, 23.615999221801758] joint_vel=[-10.079999923706055, 0.0, 181.0800018310547, 202.04998779296875, -426.3299865722656, 108.9000015258789] imu_ang_vel=[0.03302420675754547, -0.12037855386734009, 0.08735434710979462] imu_quat_wxyz=[0.8387080430984497, -0.015554518438875675, 0.0645047277212143, 0.5405238270759583]
joint_pos=[34.847999572753906, 0.0, 43.992000579833984, 33.731998443603516, -119.12400817871094, 23.615999221801758] joint_vel=[-10.079999923706055, 0.0, 181.0800018310547, 202.04998779296875, -426.3299865722656, 108.9000015258789] imu_ang_vel=[0.027697719633579254, -0.18323107063770294, 0.12037855386734009] imu_quat_wxyz=[0.8373239636421204, -0.012536940164864063, 0.06134112551808357, 0.5431101322174072]
joint_pos=[34.847999572753906, 0.0, 43.992000579833984, 33.731998443603516, -119.12400817871094, 23.615999221801758] joint_vel=[-10.079999923706055, 0.0, 181.0800018310547, 202.04998779296875, -426.3299865722656, 108.9000015258789] imu_ang_vel=[0.027697719633579254, -0.18323107063770294, 0.12037855386734009] imu_quat_wxyz=[0.8373239636421204, -0.012536940164864063, 0.06134112551808357, 0.5431101322174072]
joint_pos=[34.847999572753906, 0.0, 43.992000579833984, 33.731998443603516, -119.12400817871094, 23.615999221801758] joint_vel=[-10.079999923706055, 0.0, 181.0800018310547, 202.04998779296875, -426.3299865722656, 108.9000015258789] imu_ang_vel=[0.024501830339431763, -0.24395300447940826, 0.15659864246845245] imu_quat_wxyz=[0.8361902832984924, -0.010305958800017834, 0.05842135101556778, 0.5452214479446411]
joint_pos=[34.847999572753906, 0.0, 43.992000579833984, 33.731998443603516, -119.12400817871094, 23.615999221801758] joint_vel=[-10.079999923706055, 0.0, 181.0800018310547, 202.04998779296875, -426.3299865722656, 108.9000015258789] imu_ang_vel=[0.024501830339431763, -0.24395300447940826, 0.15659864246845245] imu_quat_wxyz=[0.8361902832984924, -0.010305958800017834, 0.05842135101556778, 0.5452214479446411]
joint_pos=[34.847999572753906, 0.0, 43.992000579833984, 33.731998443603516, -119.12400817871094, 23.615999221801758] joint_vel=[-10.079999923706055, 0.0, 181.0800018310547, 202.04998779296875, -426.3299865722656, 108.9000015258789] imu_ang_vel=[0.025567125529050827, -0.2961525619029999, 0.19494934380054474] imu_quat_wxyz=[0.83448326587677, -0.007290973793715239, 0.05374456197023392, 0.5483575463294983]
joint_pos=[34.847999572753906, 0.0, 43.992000579833984, 33.731998443603516, -119.12400817871094, 23.615999221801758] joint_vel=[-10.079999923706055, 0.0, 181.0800018310547, 202.04998779296875, -426.3299865722656, 108.9000015258789] imu_ang_vel=[0.025567125529050827, -0.2961525619029999, 0.19494934380054474] imu_quat_wxyz=[0.83448326587677, -0.007290973793715239, 0.05374456197023392, 0.5483575463294983]
joint_pos=[34.847999572753906, 0.0, 43.992000579833984, 33.731998443603516, -119.12400817871094, 23.615999221801758] joint_vel=[-10.079999923706055, 0.0, 181.0800018310547, 202.04998779296875, -426.3299865722656, 108.9000015258789] imu_ang_vel=[0.027697719633579254, -0.345156192779541, 0.22477765381336212] imu_quat_wxyz=[0.8326520323753357, -0.004181856755167246, 0.04861479625105858, 0.5516427159309387]
joint_pos=[34.847999572753906, 0.0, 43.992000579833984, 33.731998443603516, -119.12400817871094, 23.615999221801758] joint_vel=[-10.079999923706055, 0.0, 181.0800018310547, 202.04998779296875, -426.3299865722656, 108.9000015258789] imu_ang_vel=[0.027697719633579254, -0.345156192779541, 0.22477765381336212] imu_quat_wxyz=[0.8326520323753357, -0.004181856755167246, 0.04861479625105858, 0.5516427159309387]
joint_pos=[34.847999572753906, 0.0, 43.992000579833984, 33.731998443603516, -119.12400817871094, 23.615999221801758] joint_vel=[-10.079999923706055, 0.0, 181.0800018310547, 202.04998779296875, -426.3299865722656, 108.9000015258789] imu_ang_vel=[0.028763016685843468, -0.3813762962818146, 0.24821418523788452] imu_quat_wxyz=[0.8307791948318481, -0.0008250166429206729, 0.043214380741119385, 0.5549212694168091]
joint_pos=[34.847999572753906, 0.0, 43.992000579833984, 33.731998443603516, -119.12400817871094, 23.615999221801758] joint_vel=[-10.079999923706055, 0.0, 181.0800018310547, 202.04998779296875, -426.3299865722656, 108.9000015258789] imu_ang_vel=[0.028763016685843468, -0.3813762962818146, 0.24821418523788452] imu_quat_wxyz=[0.8307791948318481, -0.0008250166429206729, 0.043214380741119385, 0.5549212694168091]
joint_pos=[34.847999572753906, 0.0, 43.992000579833984, 33.731998443603516, -119.12400817871094, 23.615999221801758] joint_vel=[-10.079999923706055, 0.0, 181.0800018310547, 202.04998779296875, -426.3299865722656, 108.9000015258789] imu_ang_vel=[0.027697719633579254, -0.4069434404373169, 0.2695201337337494] imu_quat_wxyz=[0.8288447260856628, 0.0029444913379848003, 0.03769499808549881, 0.5581995248794556]
joint_pos=[34.847999572753906, 0.0, 43.992000579833984, 33.731998443603516, -119.12400817871094, 23.615999221801758] joint_vel=[-10.079999923706055, 0.0, 181.0800018310547, 202.04998779296875, -426.3299865722656, 108.9000015258789] imu_ang_vel=[0.027697719633579254, -0.4069434404373169, 0.2695201337337494] imu_quat_wxyz=[0.8288447260856628, 0.0029444913379848003, 0.03769499808549881, 0.5581995248794556]
joint_pos=[34.847999572753906, 0.0, 43.992000579833984, 33.731998443603516, -119.12400817871094, 23.615999221801758] joint_vel=[-10.079999923706055, 0.0, 181.0800018310547, 202.04998779296875, -426.3299865722656, 108.9000015258789] imu_ang_vel=[0.019175345078110695, -0.41759639978408813, 0.27910780906677246] imu_quat_wxyz=[0.8268613815307617, 0.0070576295256614685, 0.03236060217022896, 0.5614295601844788]
joint_pos=[34.847999572753906, 0.0, 43.992000579833984, 33.731998443603516, -119.12400817871094, 23.615999221801758] joint_vel=[-10.079999923706055, 0.0, 181.0800018310547, 202.04998779296875, -426.3299865722656, 108.9000015258789] imu_ang_vel=[0.019175345078110695, -0.41759639978408813, 0.27910780906677246] imu_quat_wxyz=[0.8268613815307617, 0.0070576295256614685, 0.03236060217022896, 0.5614295601844788]
joint_pos=[34.847999572753906, 0.0, 43.992000579833984, 33.731998443603516, -119.12400817871094, 23.615999221801758] joint_vel=[-10.079999923706055, 0.0, 181.0800018310547, 202.04998779296875, -426.3299865722656, 108.9000015258789] imu_ang_vel=[0.0, -0.4154658019542694, 0.2759118974208832] imu_quat_wxyz=[0.8249573707580566, 0.011205004528164864, 0.02734587900340557, 0.5644217729568481]
joint_pos=[34.847999572753906, 0.0, 43.992000579833984, 33.731998443603516, -119.12400817871094, 23.615999221801758] joint_vel=[-10.079999923706055, 0.0, 181.0800018310547, 202.04998779296875, -426.3299865722656, 108.9000015258789] imu_ang_vel=[0.0, -0.4154658019542694, 0.2759118974208832] imu_quat_wxyz=[0.8249573707580566, 0.011205004528164864, 0.02734587900340557, 0.5644217729568481]
joint_pos=[34.847999572753906, 0.0, 43.992000579833984, 33.731998443603516, -119.12400817871094, 23.615999221801758] joint_vel=[-10.079999923706055, 0.0, 181.0800018310547, 202.04998779296875, -426.3299865722656, 108.9000015258789] imu_ang_vel=[-0.011718266643583775, -0.3952251672744751, 0.26206305623054504] imu_quat_wxyz=[0.8232451677322388, 0.014940121211111546, 0.02270718663930893, 0.5670349597930908]
joint_pos=[34.847999572753906, 0.0, 43.992000579833984, 33.731998443603516, -119.12400817871094, 23.615999221801758] joint_vel=[-10.079999923706055, 0.0, 181.0800018310547, 202.04998779296875, -426.3299865722656, 108.9000015258789] imu_ang_vel=[-0.011718266643583775, -0.3952251672744751, 0.26206305623054504] imu_quat_wxyz=[0.8232451677322388, 0.014940121211111546, 0.02270718663930893, 0.5670349597930908]
joint_pos=[34.847999572753906, 0.0, 43.992000579833984, 33.731998443603516, -119.12400817871094, 23.615999221801758] joint_vel=[-10.079999923706055, 0.0, 181.0800018310547, 202.04998779296875, -426.3299865722656, 108.9000015258789] imu_ang_vel=[-0.027697719633579254, -0.36752745509147644, 0.23862650990486145] imu_quat_wxyz=[0.8218606114387512, 0.017558341845870018, 0.018430037423968315, 0.5691196918487549]
joint_pos=[34.847999572753906, 0.0, 43.992000579833984, 33.731998443603516, -119.12400817871094, 23.615999221801758] joint_vel=[-10.079999923706055, 0.0, 181.0800018310547, 202.04998779296875, -426.3299865722656, 108.9000015258789] imu_ang_vel=[-0.027697719633579254, -0.36752745509147644, 0.23862650990486145] imu_quat_wxyz=[0.8218606114387512, 0.017558341845870018, 0.018430037423968315, 0.5691196918487549]
joint_pos=[34.847999572753906, 0.0, 43.992000579833984, 33.731998443603516, -119.12400817871094, 23.615999221801758] joint_vel=[-10.079999923706055, 0.0, 181.0800018310547, 202.04998779296875, -426.3299865722656, 108.9000015258789] imu_ang_vel=[-0.034089501947164536, -0.328111469745636, 0.20453700423240662] imu_quat_wxyz=[0.820884108543396, 0.01912635937333107, 0.014747423119843006, 0.5705839395523071]
joint_pos=[34.847999572753906, 0.0, 43.992000579833984, 33.731998443603516, -119.12400817871094, 23.615999221801758] joint_vel=[-10.079999923706055, 0.0, 181.0800018310547, 202.04998779296875, -426.3299865722656, 108.9000015258789] imu_ang_vel=[-0.034089501947164536, -0.328111469745636, 0.20453700423240662] imu_quat_wxyz=[0.820884108543396, 0.01912635937333107, 0.014747423119843006, 0.5705839395523071]
joint_pos=[34.847999572753906, 0.0, 43.992000579833984, 33.731998443603516, -119.12400817871094, 23.615999221801758] joint_vel=[-10.079999923706055, 0.0, 181.0800018310547, 202.04998779296875, -426.3299865722656, 108.9000015258789] imu_ang_vel=[-0.04367717355489731, -0.2929566502571106, 0.1725780963897705] imu_quat_wxyz=[0.8202967047691345, 0.019869772717356682, 0.011763671413064003, 0.5714718699455261]
joint_pos=[34.847999572753906, 0.0, 43.992000579833984, 33.731998443603516, -119.12400817871094, 23.615999221801758] joint_vel=[-10.079999923706055, 0.0, 181.0800018310547, 202.04998779296875, -426.3299865722656, 108.9000015258789] imu_ang_vel=[-0.04367717355489731, -0.2929566502571106, 0.1725780963897705] imu_quat_wxyz=[0.8202967047691345, 0.019869772717356682, 0.011763671413064003, 0.5714718699455261]
joint_pos=[34.847999572753906, 0.0, 43.992000579833984, 33.731998443603516, -119.12400817871094, 23.615999221801758] joint_vel=[-10.079999923706055, 0.0, 181.0800018310547, 202.04998779296875, -426.3299865722656, 108.9000015258789] imu_ang_vel=[-0.05965662747621536, -0.25673654675483704, 0.16512101888656616] imu_quat_wxyz=[0.8197962641716003, 0.020229123532772064, 0.009158898144960403, 0.572224497795105]
joint_pos=[34.847999572753906, 0.0, 43.992000579833984, 33.731998443603516, -119.12400817871094, 23.615999221801758] joint_vel=[-10.079999923706055, 0.0, 181.0800018310547, 202.04998779296875, -426.3299865722656, 108.9000015258789] imu_ang_vel=[-0.05965662747621536, -0.25673654675483704, 0.16512101888656616] imu_quat_wxyz=[0.8197962641716003, 0.020229123532772064, 0.009158898144960403, 0.572224497795105]
joint_pos=[34.847999572753906, 0.0, 43.992000579833984, 33.731998443603516, -119.12400817871094, 23.615999221801758] joint_vel=[-10.079999923706055, 0.0, 181.0800018310547, 202.04998779296875, -426.3299865722656, 108.9000015258789] imu_ang_vel=[-0.049003660678863525, -0.18536166846752167, 0.14807628095149994] imu_quat_wxyz=[0.8193821310997009, 0.019885914400219917, 0.007136564701795578, 0.5728580951690674]
joint_pos=[34.847999572753906, 0.0, 43.992000579833984, 33.731998443603516, -119.12400817871094, 23.615999221801758] joint_vel=[-10.079999923706055, 0.0, 181.0800018310547, 202.04998779296875, -426.3299865722656, 108.9000015258789] imu_ang_vel=[-0.049003660678863525, -0.18536166846752167, 0.14807628095149994] imu_quat_wxyz=[0.8193821310997009, 0.019885914400219917, 0.007136564701795578, 0.5728580951690674]
joint_pos=[34.847999572753906, 0.0, 43.992000579833984, 33.731998443603516, -119.12400817871094, 23.615999221801758] joint_vel=[-10.079999923706055, 0.0, 181.0800018310547, 202.04998779296875, -426.3299865722656, 108.9000015258789] imu_ang_vel=[-0.03622009605169296, -0.12144385278224945, 0.08522375673055649] imu_quat_wxyz=[0.8194018602371216, 0.018588051199913025, 0.005796595476567745, 0.5728887915611267]
joint_pos=[34.847999572753906, 0.0, 43.992000579833984, 33.731998443603516, -119.12400817871094, 23.615999221801758] joint_vel=[-10.079999923706055, 0.0, 181.0800018310547, 202.04998779296875, -426.3299865722656, 108.9000015258789] imu_ang_vel=[-0.03622009605169296, -0.12144385278224945, 0.08522375673055649] imu_quat_wxyz=[0.8194018602371216, 0.018588051199913025, 0.005796595476567745, 0.5728887915611267]
joint_pos=[34.847999572753906, 0.0, 43.992000579833984, 33.731998443603516, -119.12400817871094, 23.615999221801758] joint_vel=[-10.079999923706055, 0.0, 181.0800018310547, 202.04998779296875, -426.3299865722656, 108.9000015258789] imu_ang_vel=[-0.02343653328716755, -0.06285251677036285, 0.013848859816789627] imu_quat_wxyz=[0.8201935291290283, 0.01707475818693638, 0.00541699631139636, 0.571805477142334]
joint_pos=[34.847999572753906, 0.0, 43.992000579833984, 33.731998443603516, -119.12400817871094, 23.615999221801758] joint_vel=[-10.079999923706055, 0.0, 181.0800018310547, 202.04998779296875, -426.3299865722656, 108.9000015258789] imu_ang_vel=[-0.02343653328716755, -0.06285251677036285, 0.013848859816789627] imu_quat_wxyz=[0.8201935291290283, 0.01707475818693638, 0.00541699631139636, 0.571805477142334]
joint_pos=[34.847999572753906, 0.0, 43.992000579833984, 33.731998443603516, -119.12400817871094, 23.615999221801758] joint_vel=[-10.079999923706055, 0.0, 181.0800018310547, 202.04998779296875, -426.3299865722656, 108.9000015258789] imu_ang_vel=[0.0, 0.012783562764525414, -0.034089501947164536] imu_quat_wxyz=[0.8214691281318665, 0.015432503074407578, 0.006219362840056419, 0.5700101256370544]
joint_pos=[34.847999572753906, 0.0, 43.992000579833984, 33.731998443603516, -119.12400817871094, 23.615999221801758] joint_vel=[-10.079999923706055, 0.0, 181.0800018310547, 202.04998779296875, -426.3299865722656, 108.9000015258789] imu_ang_vel=[0.0, 0.012783562764525414, -0.034089501947164536] imu_quat_wxyz=[0.8214691281318665, 0.015432503074407578, 0.006219362840056419, 0.5700101256370544]
joint_pos=[34.847999572753906, 0.0, 43.992000579833984, 33.731998443603516, -119.12400817871094, 23.615999221801758] joint_vel=[-10.079999923706055, 0.0, 181.0800018310547, 202.04998779296875, -426.3299865722656, 108.9000015258789] imu_ang_vel=[0.019175345078110695, 0.08415845781564713, -0.07350549101829529] imu_quat_wxyz=[0.8226059675216675, 0.013946162536740303, 0.007970361970365047, 0.5683848261833191]
joint_pos=[34.847999572753906, 0.0, 43.992000579833984, 33.731998443603516, -119.12400817871094, 23.615999221801758] joint_vel=[-10.079999923706055, 0.0, 181.0800018310547, 202.04998779296875, -426.3299865722656, 108.9000015258789] imu_ang_vel=[0.019175345078110695, 0.08415845781564713, -0.07350549101829529] imu_quat_wxyz=[0.8226059675216675, 0.013946162536740303, 0.007970361970365047, 0.5683848261833191]
joint_pos=[34.847999572753906, 0.0, 43.992000579833984, 33.731998443603516, -119.12400817871094, 23.615999221801758] joint_vel=[-10.079999923706055, 0.0, 181.0800018310547, 202.04998779296875, -426.3299865722656, 108.9000015258789] imu_ang_vel=[0.0351547971367836, 0.14701098203659058, -0.13103152811527252] imu_quat_wxyz=[0.8244239687919617, 0.011898653581738472, 0.011502260342240334, 0.565730631351471]
joint_pos=[34.847999572753906, 0.0, 43.992000579833984, 33.731998443603516, -119.12400817871094, 23.615999221801758] joint_vel=[-10.079999923706055, 0.0, 181.0800018310547, 202.04998779296875, -426.3299865722656, 108.9000015258789] imu_ang_vel=[0.0351547971367836, 0.14701098203659058, -0.13103152811527252] imu_quat_wxyz=[0.8244239687919617, 0.011898653581738472, 0.011502260342240334, 0.565730631351471]
joint_pos=[34.847999572753906, 0.0, 43.992000579833984, 33.731998443603516, -119.12400817871094, 23.615999221801758] joint_vel=[-10.079999923706055, 0.0, 181.0800018310547, 202.04998779296875, -426.3299865722656, 108.9000015258789] imu_ang_vel=[0.049003660678863525, 0.2109287977218628, -0.17151281237602234] imu_quat_wxyz=[0.8265168070793152, 0.009621841832995415, 0.015842994675040245, 0.562606692314148]
joint_pos=[34.847999572753906, 0.0, 43.992000579833984, 33.731998443603516, -119.12400817871094, 23.615999221801758] joint_vel=[-10.079999923706055, 0.0, 181.0800018310547, 202.04998779296875, -426.3299865722656, 108.9000015258789] imu_ang_vel=[0.049003660678863525, 0.2109287977218628, -0.17151281237602234] imu_quat_wxyz=[0.8265168070793152, 0.009621841832995415, 0.015842994675040245, 0.562606692314148]
joint_pos=[34.847999572753906, 0.0, 43.992000579833984, 33.731998443603516, -119.12400817871094, 23.615999221801758] joint_vel=[-10.079999923706055, 0.0, 181.0800018310547, 202.04998779296875, -426.3299865722656, 108.9000015258789] imu_ang_vel=[0.0585913322865963, 0.26525893807411194, -0.1874922662973404] imu_quat_wxyz=[0.8285449743270874, 0.007331011351197958, 0.021082064136862755, 0.5594772696495056]
joint_pos=[34.847999572753906, 0.0, 43.992000579833984, 33.731998443603516, -119.12400817871094, 23.615999221801758] joint_vel=[-10.079999923706055, 0.0, 181.0800018310547, 202.04998779296875, -426.3299865722656, 108.9000015258789] imu_ang_vel=[0.0585913322865963, 0.26525893807411194, -0.1874922662973404] imu_quat_wxyz=[0.8285449743270874, 0.007331011351197958, 0.021082064136862755, 0.5594772696495056]
joint_pos=[34.847999572753906, 0.0, 43.992000579833984, 33.731998443603516, -119.12400817871094, 23.615999221801758] joint_vel=[-10.079999923706055, 0.0, 181.0800018310547, 202.04998779296875, -426.3299865722656, 108.9000015258789] imu_ang_vel=[0.05539543926715851, 0.30254432559013367, -0.199210524559021] imu_quat_wxyz=[0.8304193615913391, 0.005196001380681992, 0.027016570791602135, 0.5564591884613037]
joint_pos=[34.847999572753906, 0.0, 43.992000579833984, 33.731998443603516, -119.12400817871094, 23.615999221801758] joint_vel=[-10.079999923706055, 0.0, 181.0800018310547, 202.04998779296875, -426.3299865722656, 108.9000015258789] imu_ang_vel=[0.05539543926715851, 0.30254432559013367, -0.199210524559021] imu_quat_wxyz=[0.8304193615913391, 0.005196001380681992, 0.027016570791602135, 0.5564591884613037]
joint_pos=[34.847999572753906, 0.0, 43.992000579833984, 33.731998443603516, -119.12400817871094, 23.615999221801758] joint_vel=[-10.079999923706055, 0.0, 181.0800018310547, 202.04998779296875, -426.3299865722656, 108.9000015258789] imu_ang_vel=[0.04048128426074982, 0.3334379494190216, -0.1960146427154541] imu_quat_wxyz=[0.8320642709732056, 0.0032120984978973866, 0.03319212421774864, 0.5536759495735168]
joint_pos=[34.847999572753906, 0.0, 43.992000579833984, 33.731998443603516, -119.12400817871094, 23.615999221801758] joint_vel=[-10.079999923706055, 0.0, 181.0800018310547, 202.04998779296875, -426.3299865722656, 108.9000015258789] imu_ang_vel=[0.04048128426074982, 0.3334379494190216, -0.1960146427154541] imu_quat_wxyz=[0.8320642709732056, 0.0032120984978973866, 0.03319212421774864, 0.5536759495735168]
joint_pos=[34.847999572753906, 0.0, 43.992000579833984, 33.731998443603516, -119.12400817871094, 23.615999221801758] joint_vel=[-10.079999923706055, 0.0, 181.0800018310547, 202.04998779296875, -426.3299865722656, 108.9000015258789] imu_ang_vel=[0.019175345078110695, 0.35580918192863464, -0.18110047280788422] imu_quat_wxyz=[0.8333498239517212, 0.0014116282109171152, 0.03931381180882454, 0.5513442158699036]
joint_pos=[34.847999572753906, 0.0, 43.992000579833984, 33.731998443603516, -119.12400817871094, 23.615999221801758] joint_vel=[-10.079999923706055, 0.0, 181.0800018310547, 202.04998779296875, -426.3299865722656, 108.9000015258789] imu_ang_vel=[0.019175345078110695, 0.35580918192863464, -0.18110047280788422] imu_quat_wxyz=[0.8333498239517212, 0.0014116282109171152, 0.03931381180882454, 0.5513442158699036]
joint_pos=[34.847999572753906, 0.0, 43.992000579833984, 33.731998443603516, -119.12400817871094, 23.615999221801758] joint_vel=[-10.079999923706055, 0.0, 181.0800018310547, 202.04998779296875, -426.3299865722656, 108.9000015258789] imu_ang_vel=[0.0, 0.36752745509147644, -0.16192513704299927] imu_quat_wxyz=[0.8342792987823486, -0.0006339304381981492, 0.04471337050199509, 0.5495255589485168]
joint_pos=[34.847999572753906, 0.0, 43.992000579833984, 33.731998443603516, -119.12400817871094, 23.615999221801758] joint_vel=[-10.079999923706055, 0.0, 181.0800018310547, 202.04998779296875, -426.3299865722656, 108.9000015258789] imu_ang_vel=[0.0, 0.36752745509147644, -0.16192513704299927] imu_quat_wxyz=[0.8342792987823486, -0.0006339304381981492, 0.04471337050199509, 0.5495255589485168]
joint_pos=[34.847999572753906, 0.0, 43.992000579833984, 33.731998443603516, -119.12400817871094, 23.615999221801758] joint_vel=[-10.079999923706055, 0.0, 181.0800018310547, 202.04998779296875, -426.3299865722656, 108.9000015258789] imu_ang_vel=[0.0, 0.4016169309616089, -0.17896988987922668] imu_quat_wxyz=[0.8351566791534424, -0.0033603967167437077, 0.04968554154038429, 0.5477529168128967]
joint_pos=[34.847999572753906, 0.0, 43.992000579833984, 33.731998443603516, -119.12400817871094, 23.615999221801758] joint_vel=[-10.079999923706055, 0.0, 181.0800018310547, 202.04998779296875, -426.3299865722656, 108.9000015258789] imu_ang_vel=[0.0, 0.4016169309616089, -0.17896988987922668] imu_quat_wxyz=[0.8351566791534424, -0.0033603967167437077, 0.04968554154038429, 0.5477529168128967]
joint_pos=[34.847999572753906, 0.0, 43.992000579833984, 33.731998443603516, -119.12400817871094, 23.615999221801758] joint_vel=[-10.079999923706055, 0.0, 181.0800018310547, 202.04998779296875, -426.3299865722656, 108.9000015258789] imu_ang_vel=[-0.024501830339431763, 0.3771151006221771, -0.1906881481409073] imu_quat_wxyz=[0.8362232446670532, -0.006695438642054796, 0.054248906672000885, 0.5456581115722656]
joint_pos=[34.847999572753906, 0.0, 43.992000579833984, 33.731998443603516, -119.12400817871094, 23.615999221801758] joint_vel=[-10.079999923706055, 0.0, 181.0800018310547, 202.04998779296875, -426.3299865722656, 108.9000015258789] imu_ang_vel=[-0.024501830339431763, 0.3771151006221771, -0.1906881481409073] imu_quat_wxyz=[0.8362232446670532, -0.006695438642054796, 0.054248906672000885, 0.5456581115722656]
joint_pos=[34.847999572753906, 0.0, 43.992000579833984, 33.731998443603516, -119.12400817871094, 23.615999221801758] joint_vel=[-10.079999923706055, 0.0, 181.0800018310547, 202.04998779296875, -426.3299865722656, 108.9000015258789] imu_ang_vel=[-0.025567125529050827, 0.3685927391052246, -0.16831691563129425] imu_quat_wxyz=[0.8372160792350769, -0.01014172937721014, 0.05773347243666649, 0.5437214970588684]
joint_pos=[34.847999572753906, 0.0, 43.992000579833984, 33.731998443603516, -119.12400817871094, 23.615999221801758] joint_vel=[-10.079999923706055, 0.0, 181.0800018310547, 202.04998779296875, -426.3299865722656, 108.9000015258789] imu_ang_vel=[-0.025567125529050827, 0.3685927391052246, -0.16831691563129425] imu_quat_wxyz=[0.8372160792350769, -0.01014172937721014, 0.05773347243666649, 0.5437214970588684]
joint_pos=[34.847999572753906, 0.0, 43.992000579833984, 33.731998443603516, -119.12400817871094, 23.615999221801758] joint_vel=[-10.079999923706055, 0.0, 181.0800018310547, 202.04998779296875, -426.3299865722656, 108.9000015258789] imu_ang_vel=[-0.019175345078110695, 0.3515479862689972, -0.12037855386734009] imu_quat_wxyz=[0.8376724720001221, -0.01342078484594822, 0.06076110899448395, 0.5426165461540222]
joint_pos=[34.847999572753906, 0.0, 43.992000579833984, 33.731998443603516, -119.12400817871094, 23.615999221801758] joint_vel=[-10.079999923706055, 0.0, 181.0800018310547, 202.04998779296875, -426.3299865722656, 108.9000015258789] imu_ang_vel=[-0.019175345078110695, 0.3515479862689972, -0.12037855386734009] imu_quat_wxyz=[0.8376724720001221, -0.01342078484594822, 0.06076110899448395, 0.5426165461540222]
joint_pos=[34.847999572753906, 0.0, 43.992000579833984, 33.731998443603516, -119.12400817871094, 23.615999221801758] joint_vel=[-10.079999923706055, 0.0, 181.0800018310547, 202.04998779296875, -426.3299865722656, 108.9000015258789] imu_ang_vel=[-0.011718266643583775, 0.30893611907958984, -0.09481142461299896] imu_quat_wxyz=[0.8378083109855652, -0.016341904178261757, 0.06343670189380646, 0.5420201420783997]
joint_pos=[34.847999572753906, 0.0, 43.992000579833984, 33.731998443603516, -119.12400817871094, 23.615999221801758] joint_vel=[-10.079999923706055, 0.0, 181.0800018310547, 202.04998779296875, -426.3299865722656, 108.9000015258789] imu_ang_vel=[-0.011718266643583775, 0.30893611907958984, -0.09481142461299896] imu_quat_wxyz=[0.8378083109855652, -0.016341904178261757, 0.06343670189380646, 0.5420201420783997]
joint_pos=[34.847999572753906, 0.0, 43.992000579833984, 33.731998443603516, -119.12400817871094, 23.615999221801758] joint_vel=[-10.079999923706055, 0.0, 181.0800018310547, 202.04998779296875, -426.3299865722656, 108.9000015258789] imu_ang_vel=[0.0, 0.26206305623054504, -0.07883197069168091] imu_quat_wxyz=[0.8379234671592712, -0.01840728148818016, 0.06557631492614746, 0.5415211319923401]
joint_pos=[34.847999572753906, 0.0, 43.992000579833984, 33.731998443603516, -119.12400817871094, 23.615999221801758] joint_vel=[-10.079999923706055, 0.0, 181.0800018310547, 202.04998779296875, -426.3299865722656, 108.9000015258789] imu_ang_vel=[0.0, 0.26206305623054504, -0.07883197069168091] imu_quat_wxyz=[0.8379234671592712, -0.01840728148818016, 0.06557631492614746, 0.5415211319923401]
joint_pos=[34.847999572753906, 0.0, 43.992000579833984, 33.731998443603516, -119.12400817871094, 23.615999221801758] joint_vel=[-10.079999923706055, 0.0, 181.0800018310547, 202.04998779296875, -426.3299865722656, 108.9000015258789] imu_ang_vel=[0.0, 0.20879819989204407, -0.04154657945036888] imu_quat_wxyz=[0.8379234671592712, -0.01840728148818016, 0.06557631492614746, 0.5415211319923401]
joint_pos=[34.847999572753906, 0.0, 43.992000579833984, 33.731998443603516, -119.12400817871094, 23.615999221801758] joint_vel=[-10.079999923706055, 0.0, 181.0800018310547, 202.04998779296875, -426.3299865722656, 108.9000015258789] imu_ang_vel=[0.0, 0.20879819989204407, -0.04154657945036888] imu_quat_wxyz=[0.8378164768218994, -0.019642764702439308, 0.0670647844672203, 0.5414610505104065]
joint_pos=[34.847999572753906, 0.0, 43.992000579833984, 33.731998443603516, -119.12400817871094, 23.615999221801758] joint_vel=[-10.079999923706055, 0.0, 181.0800018310547, 202.04998779296875, -426.3299865722656, 108.9000015258789] imu_ang_vel=[0.0, 0.14701098203659058, 0.0] imu_quat_wxyz=[0.8378164768218994, -0.019642764702439308, 0.0670647844672203, 0.5414610505104065]
joint_pos=[34.847999572753906, 0.0, 43.992000579833984, 33.731998443603516, -119.12400817871094, 23.615999221801758] joint_vel=[-10.079999923706055, 0.0, 181.0800018310547, 202.04998779296875, -426.3299865722656, 108.9000015258789] imu_ang_vel=[0.0, 0.14701098203659058, 0.0] imu_quat_wxyz=[0.8373493552207947, -0.0199894942343235, 0.06796807795763016, 0.5420579314231873]
joint_pos=[34.847999572753906, 0.0, 43.992000579833984, 33.731998443603516, -119.12400817871094, 23.615999221801758] joint_vel=[-10.079999923706055, 0.0, 181.0800018310547, 202.04998779296875, -426.3299865722656, 108.9000015258789] imu_ang_vel=[0.0, 0.08096256852149963, 0.02982831373810768] imu_quat_wxyz=[0.8373493552207947, -0.0199894942343235, 0.06796807795763016, 0.5420579314231873]
joint_pos=[34.847999572753906, 0.0, 43.992000579833984, 33.731998443603516, -119.12400817871094, 23.615999221801758] joint_vel=[-10.079999923706055, 0.0, 181.0800018310547, 202.04998779296875, -426.3299865722656, 108.9000015258789] imu_ang_vel=[0.0, 0.08096256852149963, 0.02982831373810768] imu_quat_wxyz=[0.8367341756820679, -0.019341344013810158, 0.06822292506694794, 0.5429985523223877]
joint_pos=[34.847999572753906, 0.0, 43.992000579833984, 33.731998443603516, -119.12400817871094, 23.615999221801758] joint_vel=[-10.079999923706055, 0.0, 181.0800018310547, 202.04998779296875, -426.3299865722656, 108.9000015258789] imu_ang_vel=[0.0, 0.013848859816789627, 0.0585913322865963] imu_quat_wxyz=[0.8367341756820679, -0.019341344013810158, 0.06822292506694794, 0.5429985523223877]
joint_pos=[34.847999572753906, 0.0, 43.992000579833984, 33.731998443603516, -119.12400817871094, 23.615999221801758] joint_vel=[-10.079999923706055, 0.0, 181.0800018310547, 202.04998779296875, -426.3299865722656, 108.9000015258789] imu_ang_vel=[0.0, 0.013848859816789627, 0.0585913322865963] imu_quat_wxyz=[0.8360373973846436, -0.017973560839891434, 0.06740114092826843, 0.5442200303077698]
joint_pos=[34.847999572753906, 0.0, 43.992000579833984, 33.731998443603516, -119.12400817871094, 23.615999221801758] joint_vel=[-10.079999923706055, 0.0, 181.0800018310547, 202.04998779296875, -426.3299865722656, 108.9000015258789] imu_ang_vel=[0.0, -0.04793836176395416, 0.09587672352790833] imu_quat_wxyz=[0.8360373973846436, -0.017973560839891434, 0.06740114092826843, 0.5442200303077698]
joint_pos=[34.847999572753906, 0.0, 43.992000579833984, 33.731998443603516, -119.12400817871094, 23.615999221801758] joint_vel=[-10.079999923706055, 0.0, 181.0800018310547, 202.04998779296875, -426.3299865722656, 108.9000015258789] imu_ang_vel=[0.0, -0.04793836176395416, 0.09587672352790833] imu_quat_wxyz=[0.8351600170135498, -0.016065051779150963, 0.06559492647647858, 0.545845091342926]
joint_pos=[34.847999572753906, 0.0, 43.992000579833984, 33.731998443603516, -119.12400817871094, 23.615999221801758] joint_vel=[-10.079999923706055, 0.0, 181.0800018310547, 202.04998779296875, -426.3299865722656, 108.9000015258789] imu_ang_vel=[0.0, -0.10972558706998825, 0.1257050335407257] imu_quat_wxyz=[0.8351600170135498, -0.016065051779150963, 0.06559492647647858, 0.545845091342926]
joint_pos=[34.847999572753906, 0.0, 43.992000579833984, 33.731998443603516, -119.12400817871094, 23.615999221801758] joint_vel=[-10.079999923706055, 0.0, 181.0800018310547, 202.04998779296875, -426.3299865722656, 108.9000015258789] imu_ang_vel=[0.0, -0.10972558706998825, 0.1257050335407257] imu_quat_wxyz=[0.8341330885887146, -0.013807876966893673, 0.06300944089889526, 0.547778308391571]
joint_pos=[34.847999572753906, 0.0, 43.992000579833984, 33.731998443603516, -119.12400817871094, 23.615999221801758] joint_vel=[-10.079999923706055, 0.0, 181.0800018310547, 202.04998779296875, -426.3299865722656, 108.9000015258789] imu_ang_vel=[0.0, -0.17151281237602234, 0.1491415649652481] imu_quat_wxyz=[0.8341330885887146, -0.013807876966893673, 0.06300944089889526, 0.547778308391571]
joint_pos=[34.847999572753906, 0.0, 43.992000579833984, 33.731998443603516, -119.12400817871094, 23.615999221801758] joint_vel=[-10.079999923706055, 0.0, 181.0800018310547, 202.04998779296875, -426.3299865722656, 108.9000015258789] imu_ang_vel=[0.0, -0.17151281237602234, 0.1491415649652481] imu_quat_wxyz=[0.8330572843551636, -0.011409688740968704, 0.059649139642715454, 0.5498429536819458]
joint_pos=[34.847999572753906, 0.0, 43.992000579833984, 33.731998443603516, -119.12400817871094, 23.615999221801758] joint_vel=[-10.079999923706055, 0.0, 181.0800018310547, 202.04998779296875, -426.3299865722656, 108.9000015258789] imu_ang_vel=[0.0, -0.22690825164318085, 0.17364339530467987] imu_quat_wxyz=[0.8330572843551636, -0.011409688740968704, 0.059649139642715454, 0.5498429536819458]
joint_pos=[34.847999572753906, 0.0, 43.992000579833984, 33.731998443603516, -119.12400817871094, 23.615999221801758] joint_vel=[-10.079999923706055, 0.0, 181.0800018310547, 202.04998779296875, -426.3299865722656, 108.9000015258789] imu_ang_vel=[0.0, -0.22690825164318085, 0.17364339530467987] imu_quat_wxyz=[0.8319314122200012, -0.008913146331906319, 0.055708859115839005, 0.5520028471946716]
joint_pos=[34.847999572753906, 0.0, 43.992000579833984, 33.731998443603516, -119.12400817871094, 23.615999221801758] joint_vel=[-10.079999923706055, 0.0, 181.0800018310547, 202.04998779296875, -426.3299865722656, 108.9000015258789] imu_ang_vel=[0.0, -0.27697721123695374, 0.19494934380054474] imu_quat_wxyz=[0.8319314122200012, -0.008913146331906319, 0.055708859115839005, 0.5520028471946716]
joint_pos=[34.847999572753906, 0.0, 43.992000579833984, 33.731998443603516, -119.12400817871094, 23.615999221801758] joint_vel=[-10.079999923706055, 0.0, 181.0800018310547, 202.04998779296875, -426.3299865722656, 108.9000015258789] imu_ang_vel=[0.0, -0.27697721123695374, 0.19494934380054474] imu_quat_wxyz=[0.8307018876075745, -0.006266708020120859, 0.051326751708984375, 0.5543110966682434]
joint_pos=[34.847999572753906, 0.0, 43.992000579833984, 33.731998443603516, -119.12400817871094, 23.615999221801758] joint_vel=[-10.079999923706055, 0.0, 181.0800018310547, 202.04998779296875, -426.3299865722656, 108.9000015258789] imu_ang_vel=[0.0, -0.3217196762561798, 0.20666760206222534] imu_quat_wxyz=[0.8307018876075745, -0.006266708020120859, 0.051326751708984375, 0.5543110966682434]
joint_pos=[34.847999572753906, 0.0, 43.992000579833984, 33.731998443603516, -119.12400817871094, 23.615999221801758] joint_vel=[-10.079999923706055, 0.0, 181.0800018310547, 202.04998779296875, -426.3299865722656, 108.9000015258789] imu_ang_vel=[0.0, -0.3217196762561798, 0.20666760206222534] imu_quat_wxyz=[0.8294285535812378, -0.003342512995004654, 0.046664685010910034, 0.5566501617431641]
joint_pos=[34.847999572753906, 0.0, 43.992000579833984, 33.731998443603516, -119.12400817871094, 23.615999221801758] joint_vel=[-10.079999923706055, 0.0, 181.0800018310547, 202.04998779296875, -426.3299865722656, 108.9000015258789] imu_ang_vel=[0.0, -0.3568744659423828, 0.20986349880695343] imu_quat_wxyz=[0.8294285535812378, -0.003342512995004654, 0.046664685010910034, 0.5566501617431641]
joint_pos=[34.847999572753906, 0.0, 43.992000579833984, 33.731998443603516, -119.12400817871094, 23.615999221801758] joint_vel=[-10.079999923706055, 0.0, 181.0800018310547, 202.04998779296875, -426.3299865722656, 108.9000015258789] imu_ang_vel=[0.0, -0.3568744659423828, 0.20986349880695343] imu_quat_wxyz=[0.8282005786895752, -0.00018966123752761632, 0.041701540350914, 0.5588780641555786]
joint_pos=[34.847999572753906, 0.0, 43.992000579833984, 33.731998443603516, -119.12400817871094, 23.615999221801758] joint_vel=[-10.079999923706055, 0.0, 181.0800018310547, 202.04998779296875, -426.3299865722656, 108.9000015258789] imu_ang_vel=[-0.012783562764525414, -0.3803110122680664, 0.20666760206222534] imu_quat_wxyz=[0.8282005786895752, -0.00018966123752761632, 0.041701540350914, 0.5588780641555786]
joint_pos=[34.847999572753906, 0.0, 43.992000579833984, 33.731998443603516, -119.12400817871094, 23.615999221801758] joint_vel=[-10.079999923706055, 0.0, 181.0800018310547, 202.04998779296875, -426.3299865722656, 108.9000015258789] imu_ang_vel=[-0.012783562764525414, -0.3803110122680664, 0.20666760206222534] imu_quat_wxyz=[0.8270429372787476, 0.003064383752644062, 0.036647979170084, 0.5609343647956848]
joint_pos=[34.847999572753906, 0.0, 43.992000579833984, 33.731998443603516, -119.12400817871094, 23.615999221801758] joint_vel=[-10.079999923706055, 0.0, 181.0800018310547, 202.04998779296875, -426.3299865722656, 108.9000015258789] imu_ang_vel=[-0.01491415686905384, -0.38776808977127075, 0.19707992672920227] imu_quat_wxyz=[0.8270429372787476, 0.003064383752644062, 0.036647979170084, 0.5609343647956848]
joint_pos=[34.847999572753906, 0.0, 43.992000579833984, 33.731998443603516, -119.12400817871094, 23.615999221801758] joint_vel=[-10.079999923706055, 0.0, 181.0800018310547, 202.04998779296875, -426.3299865722656, 108.9000015258789] imu_ang_vel=[-0.01491415686905384, -0.38776808977127075, 0.19707992672920227] imu_quat_wxyz=[0.826012134552002, 0.006171651650220156, 0.031403351575136185, 0.5627429485321045]
joint_pos=[34.847999572753906, 0.0, 43.992000579833984, 33.731998443603516, -119.12400817871094, 23.615999221801758] joint_vel=[-10.079999923706055, 0.0, 181.0800018310547, 202.04998779296875, -426.3299865722656, 108.9000015258789] imu_ang_vel=[-0.01491415686905384, -0.385637491941452, 0.17470869421958923] imu_quat_wxyz=[0.826012134552002, 0.006171651650220156, 0.031403351575136185, 0.5627429485321045]
joint_pos=[34.847999572753906, 0.0, 43.992000579833984, 33.731998443603516, -119.12400817871094, 23.615999221801758] joint_vel=[-10.079999923706055, 0.0, 181.0800018310547, 202.04998779296875, -426.3299865722656, 108.9000015258789] imu_ang_vel=[-0.01491415686905384, -0.385637491941452, 0.17470869421958923] imu_quat_wxyz=[0.8253883123397827, 0.008377316407859325, 0.027523715049028397, 0.5638319253921509]
joint_pos=[34.847999572753906, 0.0, 43.992000579833984, 33.731998443603516, -119.12400817871094, 23.615999221801758] joint_vel=[-10.079999923706055, 0.0, 181.0800018310547, 202.04998779296875, -426.3299865722656, 108.9000015258789] imu_ang_vel=[-0.011718266643583775, -0.3696580231189728, 0.1438150852918625] imu_quat_wxyz=[0.8253883123397827, 0.008377316407859325, 0.027523715049028397, 0.5638319253921509]
joint_pos=[34.847999572753906, 0.0, 43.992000579833984, 33.731998443603516, -119.12400817871094, 23.615999221801758] joint_vel=[-10.079999923706055, 0.0, 181.0800018310547, 202.04998779296875, -426.3299865722656, 108.9000015258789] imu_ang_vel=[-0.011718266643583775, -0.3696580231189728, 0.1438150852918625] imu_quat_wxyz=[0.8247653841972351, 0.010932913050055504, 0.022843293845653534, 0.5649076700210571]
joint_pos=[34.847999572753906, 0.0, 43.992000579833984, 33.731998443603516, -119.12400817871094, 23.615999221801758] joint_vel=[-10.079999923706055, 0.0, 181.0800018310547, 202.04998779296875, -426.3299865722656, 108.9000015258789] imu_ang_vel=[0.0, -0.345156192779541, 0.10759498924016953] imu_quat_wxyz=[0.8247653841972351, 0.010932913050055504, 0.022843293845653534, 0.5649076700210571]
joint_pos=[34.847999572753906, 0.0, 43.992000579833984, 33.731998443603516, -119.12400817871094, 23.615999221801758] joint_vel=[-10.079999923706055, 0.0, 181.0800018310547, 202.04998779296875, -426.3299865722656, 108.9000015258789] imu_ang_vel=[0.0, -0.345156192779541, 0.10759498924016953] imu_quat_wxyz=[0.8244154453277588, 0.013314347714185715, 0.01901438646018505, 0.565509021282196]
joint_pos=[34.847999572753906, 0.0, 43.992000579833984, 33.731998443603516, -119.12400817871094, 23.615999221801758] joint_vel=[-10.079999923706055, 0.0, 181.0800018310547, 202.04998779296875, -426.3299865722656, 108.9000015258789] imu_ang_vel=[-0.02663242258131504, -0.33237263560295105, 0.06924430280923843] imu_quat_wxyz=[0.8244154453277588, 0.013314347714185715, 0.01901438646018505, 0.565509021282196]
joint_pos=[34.847999572753906, 0.0, 43.992000579833984, 33.731998443603516, -119.12400817871094, 23.615999221801758] joint_vel=[-10.079999923706055, 0.0, 181.0800018310547, 202.04998779296875, -426.3299865722656, 108.9000015258789] imu_ang_vel=[-0.02663242258131504, -0.33237263560295105, 0.06924430280923843] imu_quat_wxyz=[0.8243693709373474, 0.01544895302504301, 0.016121050342917442, 0.5656116008758545]
joint_pos=[34.847999572753906, 0.0, 43.992000579833984, 33.731998443603516, -119.12400817871094, 23.615999221801758] joint_vel=[-10.079999923706055, 0.0, 181.0800018310547, 202.04998779296875, -426.3299865722656, 108.9000015258789] imu_ang_vel=[-0.02663242258131504, -0.33237263560295105, 0.06924430280923843] imu_quat_wxyz=[0.8243693709373474, 0.01544895302504301, 0.016121050342917442, 0.5656116008758545]
joint_pos=[34.847999572753906, 0.0, 43.992000579833984, 33.731998443603516, -119.12400817871094, 23.615999221801758] joint_vel=[-10.079999923706055, 0.0, 181.0800018310547, 202.04998779296875, -426.3299865722656, 108.9000015258789] imu_ang_vel=[-0.0351547971367836, -0.2950872480869293, 0.04474247246980667] imu_quat_wxyz=[0.8244690895080566, 0.01698872447013855, 0.012979458086192608, 0.5655028820037842]
joint_pos=[34.847999572753906, 0.0, 43.992000579833984, 33.731998443603516, -119.12400817871094, 23.615999221801758] joint_vel=[-10.079999923706055, 0.0, 181.0800018310547, 202.04998779296875, -426.3299865722656, 108.9000015258789] imu_ang_vel=[-0.0351547971367836, -0.2950872480869293, 0.04474247246980667] imu_quat_wxyz=[0.8244690895080566, 0.01698872447013855, 0.012979458086192608, 0.5655028820037842]
joint_pos=[34.847999572753906, 0.0, 43.992000579833984, 33.731998443603516, -119.12400817871094, 23.615999221801758] joint_vel=[-10.079999923706055, 0.0, 181.0800018310547, 202.04998779296875, -426.3299865722656, 108.9000015258789] imu_ang_vel=[-0.021305939182639122, -0.22690825164318085, 0.045807767659425735] imu_quat_wxyz=[0.8244696855545044, 0.017415758222341537, 0.010446794331073761, 0.5655415654182434]
joint_pos=[34.847999572753906, 0.0, 43.992000579833984, 33.731998443603516, -119.12400817871094, 23.615999221801758] joint_vel=[-10.079999923706055, 0.0, 181.0800018310547, 202.04998779296875, -426.3299865722656, 108.9000015258789] imu_ang_vel=[-0.021305939182639122, -0.22690825164318085, 0.045807767659425735] imu_quat_wxyz=[0.8244696855545044, 0.017415758222341537, 0.010446794331073761, 0.5655415654182434]
joint_pos=[34.847999572753906, 0.0, 43.992000579833984, 33.731998443603516, -119.12400817871094, 23.615999221801758] joint_vel=[-10.079999923706055, 0.0, 181.0800018310547, 202.04998779296875, -426.3299865722656, 108.9000015258789] imu_ang_vel=[0.0, -0.1757739931344986, -0.022371236234903336] imu_quat_wxyz=[0.8247668743133545, 0.017048710957169533, 0.008548104204237461, 0.5651512145996094]
joint_pos=[34.847999572753906, 0.0, 43.992000579833984, 33.731998443603516, -119.12400817871094, 23.615999221801758] joint_vel=[-10.079999923706055, 0.0, 181.0800018310547, 202.04998779296875, -426.3299865722656, 108.9000015258789] imu_ang_vel=[0.0, -0.1757739931344986, -0.022371236234903336] imu_quat_wxyz=[0.8247668743133545, 0.017048710957169533, 0.008548104204237461, 0.5651512145996094]
joint_pos=[34.847999572753906, 0.0, 43.992000579833984, 33.731998443603516, -119.12400817871094, 23.615999221801758] joint_vel=[-10.079999923706055, 0.0, 181.0800018310547, 202.04998779296875, -426.3299865722656, 108.9000015258789] imu_ang_vel=[0.0, -0.12677033245563507, -0.08841964602470398] imu_quat_wxyz=[0.8257333040237427, 0.016297027468681335, 0.00783661287277937, 0.5637707710266113]
joint_pos=[34.847999572753906, 0.0, 43.992000579833984, 33.731998443603516, -119.12400817871094, 23.615999221801758] joint_vel=[-10.079999923706055, 0.0, 181.0800018310547, 202.04998779296875, -426.3299865722656, 108.9000015258789] imu_ang_vel=[0.0, -0.12677033245563507, -0.08841964602470398] imu_quat_wxyz=[0.8257333040237427, 0.016297027468681335, 0.00783661287277937, 0.5637707710266113]
joint_pos=[34.847999572753906, 0.0, 43.992000579833984, 33.731998443603516, -119.12400817871094, 23.615999221801758] joint_vel=[-10.079999923706055, 0.0, 181.0800018310547, 202.04998779296875, -426.3299865722656, 108.9000015258789] imu_ang_vel=[0.025567125529050827, -0.05965662747621536, -0.12463974207639694] imu_quat_wxyz=[0.8270933032035828, 0.015042906627058983, 0.00785850826650858, 0.5618082284927368]
joint_pos=[34.847999572753906, 0.0, 43.992000579833984, 33.731998443603516, -119.12400817871094, 23.615999221801758] joint_vel=[-10.079999923706055, 0.0, 181.0800018310547, 202.04998779296875, -426.3299865722656, 108.9000015258789] imu_ang_vel=[0.025567125529050827, -0.05965662747621536, -0.12463974207639694] imu_quat_wxyz=[0.8270933032035828, 0.015042906627058983, 0.00785850826650858, 0.5618082284927368]
joint_pos=[34.847999572753906, 0.0, 43.992000579833984, 33.731998443603516, -119.12400817871094, 23.615999221801758] joint_vel=[-10.079999923706055, 0.0, 181.0800018310547, 202.04998779296875, -426.3299865722656, 108.9000015258789] imu_ang_vel=[0.04793836176395416, 0.010652969591319561, -0.1491415649652481] imu_quat_wxyz=[0.8284335732460022, 0.013874783180654049, 0.009496471844613552, 0.5598348379135132]
joint_pos=[34.847999572753906, 0.0, 43.992000579833984, 33.731998443603516, -119.12400817871094, 23.615999221801758] joint_vel=[-10.079999923706055, 0.0, 181.0800018310547, 202.04998779296875, -426.3299865722656, 108.9000015258789] imu_ang_vel=[0.04793836176395416, 0.010652969591319561, -0.1491415649652481] imu_quat_wxyz=[0.8284335732460022, 0.013874783180654049, 0.009496471844613552, 0.5598348379135132]
joint_pos=[34.847999572753906, 0.0, 43.992000579833984, 33.731998443603516, -119.12400817871094, 23.615999221801758] joint_vel=[-10.079999923706055, 0.0, 181.0800018310547, 202.04998779296875, -426.3299865722656, 108.9000015258789] imu_ang_vel=[0.057526033371686935, 0.06817900389432907, -0.19175344705581665] imu_quat_wxyz=[0.829899251461029, 0.012822030112147331, 0.01262926310300827, 0.5576227903366089]
joint_pos=[34.847999572753906, 0.0, 43.992000579833984, 33.731998443603516, -119.12400817871094, 23.615999221801758] joint_vel=[-10.079999923706055, 0.0, 181.0800018310547, 202.04998779296875, -426.3299865722656, 108.9000015258789] imu_ang_vel=[0.057526033371686935, 0.06817900389432907, -0.19175344705581665] imu_quat_wxyz=[0.829899251461029, 0.012822030112147331, 0.01262926310300827, 0.5576227903366089]
joint_pos=[34.847999572753906, 0.0, 43.992000579833984, 33.731998443603516, -119.12400817871094, 23.615999221801758] joint_vel=[-10.079999923706055, 0.0, 181.0800018310547, 202.04998779296875, -426.3299865722656, 108.9000015258789] imu_ang_vel=[0.057526033371686935, 0.12677033245563507, -0.22158175706863403] imu_quat_wxyz=[0.8315368294715881, 0.011720615439116955, 0.01651107147336006, 0.5551003813743591]
joint_pos=[34.847999572753906, 0.0, 43.992000579833984, 33.731998443603516, -119.12400817871094, 23.615999221801758] joint_vel=[-10.079999923706055, 0.0, 181.0800018310547, 202.04998779296875, -426.3299865722656, 108.9000015258789] imu_ang_vel=[0.057526033371686935, 0.12677033245563507, -0.22158175706863403] imu_quat_wxyz=[0.8315368294715881, 0.011720615439116955, 0.01651107147336006, 0.5551003813743591]
joint_pos=[34.847999572753906, 0.0, 43.992000579833984, 33.731998443603516, -119.12400817871094, 23.615999221801758] joint_vel=[-10.079999923706055, 0.0, 181.0800018310547, 202.04998779296875, -426.3299865722656, 108.9000015258789] imu_ang_vel=[0.054330144077539444, 0.18536166846752167, -0.22371235489845276] imu_quat_wxyz=[0.8330682516098022, 0.010315408930182457, 0.021000249311327934, 0.552675187587738]
joint_pos=[34.847999572753906, 0.0, 43.992000579833984, 33.731998443603516, -119.12400817871094, 23.615999221801758] joint_vel=[-10.079999923706055, 0.0, 181.0800018310547, 202.04998779296875, -426.3299865722656, 108.9000015258789] imu_ang_vel=[0.054330144077539444, 0.18536166846752167, -0.22371235489845276] imu_quat_wxyz=[0.8330682516098022, 0.010315408930182457, 0.021000249311327934, 0.552675187587738]
joint_pos=[34.847999572753906, 0.0, 43.992000579833984, 33.731998443603516, -119.12400817871094, 23.615999221801758] joint_vel=[-10.079999923706055, 0.0, 181.0800018310547, 202.04998779296875, -426.3299865722656, 108.9000015258789] imu_ang_vel=[0.039415985345840454, 0.22371235489845276, -0.21838587522506714] imu_quat_wxyz=[0.8343566060066223, 0.008679701946675777, 0.02592439390718937, 0.5505465269088745]
joint_pos=[34.847999572753906, 0.0, 43.992000579833984, 33.731998443603516, -119.12400817871094, 23.615999221801758] joint_vel=[-10.079999923706055, 0.0, 181.0800018310547, 202.04998779296875, -426.3299865722656, 108.9000015258789] imu_ang_vel=[0.039415985345840454, 0.22371235489845276, -0.21838587522506714] imu_quat_wxyz=[0.8343566060066223, 0.008679701946675777, 0.02592439390718937, 0.5505465269088745]
joint_pos=[34.847999572753906, 0.0, 43.992000579833984, 33.731998443603516, -119.12400817871094, 23.615999221801758] joint_vel=[-10.079999923706055, 0.0, 181.0800018310547, 202.04998779296875, -426.3299865722656, 108.9000015258789] imu_ang_vel=[0.02024064213037491, 0.26525893807411194, -0.2077329009771347] imu_quat_wxyz=[0.8353878259658813, 0.006921480409801006, 0.030795423313975334, 0.5487539172172546]
joint_pos=[34.847999572753906, 0.0, 43.992000579833984, 33.731998443603516, -119.12400817871094, 23.615999221801758] joint_vel=[-10.079999923706055, 0.0, 181.0800018310547, 202.04998779296875, -426.3299865722656, 108.9000015258789] imu_ang_vel=[0.02024064213037491, 0.26525893807411194, -0.2077329009771347] imu_quat_wxyz=[0.8353878259658813, 0.006921480409801006, 0.030795423313975334, 0.5487539172172546]
joint_pos=[34.847999572753906, 0.0, 43.992000579833984, 33.731998443603516, -119.12400817871094, 23.615999221801758] joint_vel=[-10.079999923706055, 0.0, 181.0800018310547, 202.04998779296875, -426.3299865722656, 108.9000015258789] imu_ang_vel=[0.0, 0.30041372776031494, -0.192818745970726] imu_quat_wxyz=[0.8359857797622681, 0.005320594646036625, 0.03448973968625069, 0.5476403832435608]
joint_pos=[34.847999572753906, 0.0, 43.992000579833984, 33.731998443603516, -119.12400817871094, 23.615999221801758] joint_vel=[-10.079999923706055, 0.0, 181.0800018310547, 202.04998779296875, -426.3299865722656, 108.9000015258789] imu_ang_vel=[0.0, 0.30041372776031494, -0.192818745970726] imu_quat_wxyz=[0.8359857797622681, 0.005320594646036625, 0.03448973968625069, 0.5476403832435608]
joint_pos=[34.847999572753906, 0.0, 43.992000579833984, 33.731998443603516, -119.12400817871094, 23.615999221801758] joint_vel=[-10.079999923706055, 0.0, 181.0800018310547, 202.04998779296875, -426.3299865722656, 108.9000015258789] imu_ang_vel=[-0.017044750973582268, 0.3249155580997467, -0.17790459096431732] imu_quat_wxyz=[0.836570143699646, 0.0024657605681568384, 0.039160680025815964, 0.5464528203010559]
joint_pos=[34.847999572753906, 0.0, 43.992000579833984, 33.731998443603516, -119.12400817871094, 23.615999221801758] joint_vel=[-10.079999923706055, 0.0, 181.0800018310547, 202.04998779296875, -426.3299865722656, 108.9000015258789] imu_ang_vel=[-0.017044750973582268, 0.3249155580997467, -0.17790459096431732] imu_quat_wxyz=[0.836570143699646, 0.0024657605681568384, 0.039160680025815964, 0.5464528203010559]
joint_pos=[34.847999572753906, 0.0, 43.992000579833984, 33.731998443603516, -119.12400817871094, 23.615999221801758] joint_vel=[-10.079999923706055, 0.0, 181.0800018310547, 202.04998779296875, -426.3299865722656, 108.9000015258789] imu_ang_vel=[-0.013848859816789627, 0.3600703775882721, -0.192818745970726] imu_quat_wxyz=[0.8371977806091309, -0.0010195638751611114, 0.043839383870363235, 0.5451393723487854]
joint_pos=[34.847999572753906, 0.0, 43.992000579833984, 33.731998443603516, -119.12400817871094, 23.615999221801758] joint_vel=[-10.079999923706055, 0.0, 181.0800018310547, 202.04998779296875, -426.3299865722656, 108.9000015258789] imu_ang_vel=[-0.013848859816789627, 0.3600703775882721, -0.192818745970726] imu_quat_wxyz=[0.8371977806091309, -0.0010195638751611114, 0.043839383870363235, 0.5451393723487854]
joint_pos=[34.847999572753906, 0.0, 43.992000579833984, 33.731998443603516, -119.12400817871094, 23.615999221801758] joint_vel=[-10.079999923706055, 0.0, 181.0800018310547, 202.04998779296875, -426.3299865722656, 108.9000015258789] imu_ang_vel=[-0.025567125529050827, 0.35580918192863464, -0.19175344705581665] imu_quat_wxyz=[0.8379298448562622, -0.00465138116851449, 0.048216380178928375, 0.5436241030693054]
joint_pos=[34.847999572753906, 0.0, 43.992000579833984, 33.731998443603516, -119.12400817871094, 23.615999221801758] joint_vel=[-10.079999923706055, 0.0, 181.0800018310547, 202.04998779296875, -426.3299865722656, 108.9000015258789] imu_ang_vel=[-0.025567125529050827, 0.35580918192863464, -0.19175344705581665] imu_quat_wxyz=[0.8379298448562622, -0.00465138116851449, 0.048216380178928375, 0.5436241030693054]
joint_pos=[34.847999572753906, 0.0, 43.992000579833984, 33.731998443603516, -119.12400817871094, 23.615999221801758] joint_vel=[-10.079999923706055, 0.0, 181.0800018310547, 202.04998779296875, -426.3299865722656, 108.9000015258789] imu_ang_vel=[-0.027697719633579254, 0.3536785840988159, -0.15553335845470428] imu_quat_wxyz=[0.8384360671043396, -0.00815084483474493, 0.0520600862801075, 0.5424464344978333]
joint_pos=[34.847999572753906, 0.0, 43.992000579833984, 33.731998443603516, -119.12400817871094, 23.615999221801758] joint_vel=[-10.079999923706055, 0.0, 181.0800018310547, 202.04998779296875, -426.3299865722656, 108.9000015258789] imu_ang_vel=[-0.027697719633579254, 0.3536785840988159, -0.15553335845470428] imu_quat_wxyz=[0.8384360671043396, -0.00815084483474493, 0.0520600862801075, 0.5424464344978333]
joint_pos=[34.847999572753906, 0.0, 43.992000579833984, 33.731998443603516, -119.12400817871094, 23.615999221801758] joint_vel=[-10.079999923706055, 0.0, 181.0800018310547, 202.04998779296875, -426.3299865722656, 108.9000015258789] imu_ang_vel=[-0.02343653328716755, 0.345156192779541, -0.1171826645731926] imu_quat_wxyz=[0.8384956121444702, -0.01134229451417923, 0.05553072318434715, 0.5419527292251587]
joint_pos=[34.847999572753906, 0.0, 43.992000579833984, 33.731998443603516, -119.12400817871094, 23.615999221801758] joint_vel=[-10.079999923706055, 0.0, 181.0800018310547, 202.04998779296875, -426.3299865722656, 108.9000015258789] imu_ang_vel=[-0.02343653328716755, 0.345156192779541, -0.1171826645731926] imu_quat_wxyz=[0.8384956121444702, -0.01134229451417923, 0.05553072318434715, 0.5419527292251587]
joint_pos=[34.847999572753906, 0.0, 43.992000579833984, 33.731998443603516, -119.12400817871094, 23.615999221801758] joint_vel=[-10.079999923706055, 0.0, 181.0800018310547, 202.04998779296875, -426.3299865722656, 108.9000015258789] imu_ang_vel=[-0.022371236234903336, 0.31532788276672363, -0.09694202244281769] imu_quat_wxyz=[0.8384014368057251, -0.014018912799656391, 0.05869835242629051, 0.5417018532752991]
joint_pos=[34.847999572753906, 0.0, 43.992000579833984, 33.731998443603516, -119.12400817871094, 23.615999221801758] joint_vel=[-10.079999923706055, 0.0, 181.0800018310547, 202.04998779296875, -426.3299865722656, 108.9000015258789] imu_ang_vel=[-0.022371236234903336, 0.31532788276672363, -0.09694202244281769] imu_quat_wxyz=[0.8384014368057251, -0.014018912799656391, 0.05869835242629051, 0.5417018532752991]
joint_pos=[34.847999572753906, 0.0, 43.992000579833984, 33.731998443603516, -119.12400817871094, 23.615999221801758] joint_vel=[-10.079999923706055, 0.0, 181.0800018310547, 202.04998779296875, -426.3299865722656, 108.9000015258789] imu_ang_vel=[-0.021305939182639122, 0.28230369091033936, -0.07244019210338593] imu_quat_wxyz=[0.8382605910301208, -0.015971729531884193, 0.06123169884085655, 0.541585385799408]
joint_pos=[34.847999572753906, 0.0, 43.992000579833984, 33.731998443603516, -119.12400817871094, 23.615999221801758] joint_vel=[-10.079999923706055, 0.0, 181.0800018310547, 202.04998779296875, -426.3299865722656, 108.9000015258789] imu_ang_vel=[-0.021305939182639122, 0.28230369091033936, -0.07244019210338593] imu_quat_wxyz=[0.8382605910301208, -0.015971729531884193, 0.06123169884085655, 0.541585385799408]
joint_pos=[34.847999572753906, 0.0, 43.992000579833984, 33.731998443603516, -119.12400817871094, 23.615999221801758] joint_vel=[-10.079999923706055, 0.0, 181.0800018310547, 202.04998779296875, -426.3299865722656, 108.9000015258789] imu_ang_vel=[-0.019175345078110695, 0.24714888632297516, -0.03195890784263611] imu_quat_wxyz=[0.8378788828849792, -0.017240002751350403, 0.06319466233253479, 0.5419116616249084]
joint_pos=[34.847999572753906, 0.0, 43.992000579833984, 33.731998443603516, -119.12400817871094, 23.615999221801758] joint_vel=[-10.079999923706055, 0.0, 181.0800018310547, 202.04998779296875, -426.3299865722656, 108.9000015258789] imu_ang_vel=[-0.019175345078110695, 0.24714888632297516, -0.03195890784263611] imu_quat_wxyz=[0.8378788828849792, -0.017240002751350403, 0.06319466233253479, 0.5419116616249084]
joint_pos=[34.847999572753906, 0.0, 43.992000579833984, 33.731998443603516, -119.12400817871094, 23.615999221801758] joint_vel=[-10.079999923706055, 0.0, 181.0800018310547, 202.04998779296875, -426.3299865722656, 108.9000015258789] imu_ang_vel=[-0.019175345078110695, 0.19707992672920227, 0.0] imu_quat_wxyz=[0.837235689163208, -0.01802200637757778, 0.06464576721191406, 0.5427084565162659]
joint_pos=[34.847999572753906, 0.0, 43.992000579833984, 33.731998443603516, -119.12400817871094, 23.615999221801758] joint_vel=[-10.079999923706055, 0.0, 181.0800018310547, 202.04998779296875, -426.3299865722656, 108.9000015258789] imu_ang_vel=[-0.019175345078110695, 0.19707992672920227, 0.0] imu_quat_wxyz=[0.837235689163208, -0.01802200637757778, 0.06464576721191406, 0.5427084565162659]
joint_pos=[34.847999572753906, 0.0, 43.992000579833984, 33.731998443603516, -119.12400817871094, 23.615999221801758] joint_vel=[-10.079999923706055, 0.0, 181.0800018310547, 202.04998779296875, -426.3299865722656, 108.9000015258789] imu_ang_vel=[-0.02024064213037491, 0.14168448746204376, 0.03195890784263611] imu_quat_wxyz=[0.836503267288208, -0.01830236427485943, 0.06531523913145065, 0.5437474250793457]
joint_pos=[34.847999572753906, 0.0, 43.992000579833984, 33.731998443603516, -119.12400817871094, 23.615999221801758] joint_vel=[-10.079999923706055, 0.0, 181.0800018310547, 202.04998779296875, -426.3299865722656, 108.9000015258789] imu_ang_vel=[-0.02024064213037491, 0.14168448746204376, 0.03195890784263611] imu_quat_wxyz=[0.836503267288208, -0.01830236427485943, 0.06531523913145065, 0.5437474250793457]
joint_pos=[34.847999572753906, 0.0, 43.992000579833984, 33.731998443603516, -119.12400817871094, 23.615999221801758] joint_vel=[-10.079999923706055, 0.0, 181.0800018310547, 202.04998779296875, -426.3299865722656, 108.9000015258789] imu_ang_vel=[-0.01811004802584648, 0.08522375673055649, 0.06817900389432907] imu_quat_wxyz=[0.8356575965881348, -0.018067967146635056, 0.06517361104488373, 0.5450708866119385]
joint_pos=[34.847999572753906, 0.0, 43.992000579833984, 33.731998443603516, -119.12400817871094, 23.615999221801758] joint_vel=[-10.079999923706055, 0.0, 181.0800018310547, 202.04998779296875, -426.3299865722656, 108.9000015258789] imu_ang_vel=[-0.01811004802584648, 0.08522375673055649, 0.06817900389432907] imu_quat_wxyz=[0.8356575965881348, -0.018067967146635056, 0.06517361104488373, 0.5450708866119385]
joint_pos=[34.847999572753906, 0.0, 43.992000579833984, 33.731998443603516, -119.12400817871094, 23.615999221801758] joint_vel=[-10.079999923706055, 0.0, 181.0800018310547, 202.04998779296875, -426.3299865722656, 108.9000015258789] imu_ang_vel=[-0.013848859816789627, 0.027697719633579254, 0.10439909994602203] imu_quat_wxyz=[0.8346818685531616, -0.017396260052919388, 0.06421785801649094, 0.5466987490653992]
joint_pos=[34.847999572753906, 0.0, 43.992000579833984, 33.731998443603516, -119.12400817871094, 23.615999221801758] joint_vel=[-10.079999923706055, 0.0, 181.0800018310547, 202.04998779296875, -426.3299865722656, 108.9000015258789] imu_ang_vel=[-0.013848859816789627, 0.027697719633579254, 0.10439909994602203] imu_quat_wxyz=[0.8346818685531616, -0.017396260052919388, 0.06421785801649094, 0.5466987490653992]
joint_pos=[34.847999572753906, 0.0, 43.992000579833984, 33.731998443603516, -119.12400817871094, 23.615999221801758] joint_vel=[-10.079999923706055, 0.0, 181.0800018310547, 202.04998779296875, -426.3299865722656, 108.9000015258789] imu_ang_vel=[0.0, -0.03302420675754547, 0.13422740995883942] imu_quat_wxyz=[0.8336105942726135, -0.016211682930588722, 0.06258485466241837, 0.5485560894012451]
joint_pos=[34.847999572753906, 0.0, 43.992000579833984, 33.731998443603516, -119.12400817871094, 23.615999221801758] joint_vel=[-10.079999923706055, 0.0, 181.0800018310547, 202.04998779296875, -426.3299865722656, 108.9000015258789] imu_ang_vel=[0.0, -0.03302420675754547, 0.13422740995883942] imu_quat_wxyz=[0.8336105942726135, -0.016211682930588722, 0.06258485466241837, 0.5485560894012451]
joint_pos=[34.847999572753906, 0.0, 43.992000579833984, 33.731998443603516, -119.12400817871094, 23.615999221801758] joint_vel=[-10.079999923706055, 0.0, 181.0800018310547, 202.04998779296875, -426.3299865722656, 108.9000015258789] imu_ang_vel=[0.0, -0.0937461331486702, 0.164055734872818] imu_quat_wxyz=[0.832451581954956, -0.014554333873093128, 0.06025349721312523, 0.5506196618080139]
joint_pos=[34.847999572753906, 0.0, 43.992000579833984, 33.731998443603516, -119.12400817871094, 23.615999221801758] joint_vel=[-10.079999923706055, 0.0, 181.0800018310547, 202.04998779296875, -426.3299865722656, 108.9000015258789] imu_ang_vel=[0.0, -0.0937461331486702, 0.164055734872818] imu_quat_wxyz=[0.832451581954956, -0.014554333873093128, 0.06025349721312523, 0.5506196618080139]
joint_pos=[34.847999572753906, 0.0, 43.992000579833984, 33.731998443603516, -119.12400817871094, 23.615999221801758] joint_vel=[-10.079999923706055, 0.0, 181.0800018310547, 202.04998779296875, -426.3299865722656, 108.9000015258789] imu_ang_vel=[0.0, -0.15127216279506683, 0.192818745970726] imu_quat_wxyz=[0.8311932682991028, -0.012416037730872631, 0.05730718374252319, 0.552882969379425]
joint_pos=[34.847999572753906, 0.0, 43.992000579833984, 33.731998443603516, -119.12400817871094, 23.615999221801758] joint_vel=[-10.079999923706055, 0.0, 181.0800018310547, 202.04998779296875, -426.3299865722656, 108.9000015258789] imu_ang_vel=[0.0, -0.15127216279506683, 0.192818745970726] imu_quat_wxyz=[0.8311932682991028, -0.012416037730872631, 0.05730718374252319, 0.552882969379425]
joint_pos=[34.847999572753906, 0.0, 43.992000579833984, 33.731998443603516, -119.12400817871094, 23.615999221801758] joint_vel=[-10.079999923706055, 0.0, 181.0800018310547, 202.04998779296875, -426.3299865722656, 108.9000015258789] imu_ang_vel=[0.0, -0.20560230314731598, 0.21518997848033905] imu_quat_wxyz=[0.8298556208610535, -0.009866765700280666, 0.053934477269649506, 0.5552778244018555]
joint_pos=[34.847999572753906, 0.0, 43.992000579833984, 33.731998443603516, -119.12400817871094, 23.615999221801758] joint_vel=[-10.079999923706055, 0.0, 181.0800018310547, 202.04998779296875, -426.3299865722656, 108.9000015258789] imu_ang_vel=[0.0, -0.20560230314731598, 0.21518997848033905] imu_quat_wxyz=[0.8298556208610535, -0.009866765700280666, 0.053934477269649506, 0.5552778244018555]
joint_pos=[34.847999572753906, 0.0, 43.992000579833984, 33.731998443603516, -119.12400817871094, 23.615999221801758] joint_vel=[-10.079999923706055, 0.0, 181.0800018310547, 202.04998779296875, -426.3299865722656, 108.9000015258789] imu_ang_vel=[0.0, -0.25354066491127014, 0.23010413348674774] imu_quat_wxyz=[0.8285204768180847, -0.006816391367465258, 0.05012679100036621, 0.5576688647270203]
joint_pos=[34.847999572753906, 0.0, 43.992000579833984, 33.731998443603516, -119.12400817871094, 23.615999221801758] joint_vel=[-10.079999923706055, 0.0, 181.0800018310547, 202.04998779296875, -426.3299865722656, 108.9000015258789] imu_ang_vel=[0.0, -0.25354066491127014, 0.23010413348674774] imu_quat_wxyz=[0.8285204768180847, -0.006816391367465258, 0.05012679100036621, 0.5576688647270203]
joint_pos=[34.847999572753906, 0.0, 43.992000579833984, 33.731998443603516, -119.12400817871094, 23.615999221801758] joint_vel=[-10.079999923706055, 0.0, 181.0800018310547, 202.04998779296875, -426.3299865722656, 108.9000015258789] imu_ang_vel=[0.0, -0.29402196407318115, 0.23862650990486145] imu_quat_wxyz=[0.8272225260734558, -0.003349518869072199, 0.04599539190530777, 0.5599784851074219]
joint_pos=[34.847999572753906, 0.0, 43.992000579833984, 33.731998443603516, -119.12400817871094, 23.615999221801758] joint_vel=[-10.079999923706055, 0.0, 181.0800018310547, 202.04998779296875, -426.3299865722656, 108.9000015258789] imu_ang_vel=[0.0, -0.29402196407318115, 0.23862650990486145] imu_quat_wxyz=[0.8272225260734558, -0.003349518869072199, 0.04599539190530777, 0.5599784851074219]
joint_pos=[34.847999572753906, 0.0, 43.992000579833984, 33.731998443603516, -119.12400817871094, 23.615999221801758] joint_vel=[-10.079999923706055, 0.0, 181.0800018310547, 202.04998779296875, -426.3299865722656, 108.9000015258789] imu_ang_vel=[-0.011718266643583775, -0.322784960269928, 0.2396918088197708] imu_quat_wxyz=[0.8259744644165039, 0.00021926079352851957, 0.041562967002391815, 0.5621730089187622]
joint_pos=[34.847999572753906, 0.0, 43.992000579833984, 33.731998443603516, -119.12400817871094, 23.615999221801758] joint_vel=[-10.079999923706055, 0.0, 181.0800018310547, 202.04998779296875, -426.3299865722656, 108.9000015258789] imu_ang_vel=[-0.011718266643583775, -0.322784960269928, 0.2396918088197708] imu_quat_wxyz=[0.8259744644165039, 0.00021926079352851957, 0.041562967002391815, 0.5621730089187622]
joint_pos=[34.847999572753906, 0.0, 43.992000579833984, 33.731998443603516, -119.12400817871094, 23.615999221801758] joint_vel=[-10.079999923706055, 0.0, 181.0800018310547, 202.04998779296875, -426.3299865722656, 108.9000015258789] imu_ang_vel=[-0.017044750973582268, -0.3419603109359741, 0.2311694324016571] imu_quat_wxyz=[0.8248597979545593, 0.0034271487966179848, 0.03677482157945633, 0.564129650592804]
joint_pos=[34.847999572753906, 0.0, 43.992000579833984, 33.731998443603516, -119.12400817871094, 23.615999221801758] joint_vel=[-10.079999923706055, 0.0, 181.0800018310547, 202.04998779296875, -426.3299865722656, 108.9000015258789] imu_ang_vel=[-0.017044750973582268, -0.3419603109359741, 0.2311694324016571] imu_quat_wxyz=[0.8248597979545593, 0.0034271487966179848, 0.03677482157945633, 0.564129650592804]
joint_pos=[34.847999572753906, 0.0, 43.992000579833984, 33.731998443603516, -119.12400817871094, 23.615999221801758] joint_vel=[-10.079999923706055, 0.0, 181.0800018310547, 202.04998779296875, -426.3299865722656, 108.9000015258789] imu_ang_vel=[-0.017044750973582268, -0.3483521044254303, 0.2162552773952484] imu_quat_wxyz=[0.8239054083824158, 0.006105151493102312, 0.0318603552877903, 0.5657980442047119]
joint_pos=[34.847999572753906, 0.0, 43.992000579833984, 33.731998443603516, -119.12400817871094, 23.615999221801758] joint_vel=[-10.079999923706055, 0.0, 181.0800018310547, 202.04998779296875, -426.3299865722656, 108.9000015258789] imu_ang_vel=[-0.017044750973582268, -0.3483521044254303, 0.2162552773952484] imu_quat_wxyz=[0.8239054083824158, 0.006105151493102312, 0.0318603552877903, 0.5657980442047119]
joint_pos=[34.847999572753906, 0.0, 43.992000579833984, 33.731998443603516, -119.12400817871094, 23.615999221801758] joint_vel=[-10.079999923706055, 0.0, 181.0800018310547, 202.04998779296875, -426.3299865722656, 108.9000015258789] imu_ang_vel=[-0.010652969591319561, -0.34728679060935974, 0.192818745970726] imu_quat_wxyz=[0.8231915235519409, 0.008313341997563839, 0.02719852142035961, 0.5670508742332458]
joint_pos=[34.847999572753906, 0.0, 43.992000579833984, 33.731998443603516, -119.12400817871094, 23.615999221801758] joint_vel=[-10.079999923706055, 0.0, 181.0800018310547, 202.04998779296875, -426.3299865722656, 108.9000015258789] imu_ang_vel=[-0.010652969591319561, -0.34728679060935974, 0.192818745970726] imu_quat_wxyz=[0.8231915235519409, 0.008313341997563839, 0.02719852142035961, 0.5670508742332458]
joint_pos=[34.847999572753906, 0.0, 43.992000579833984, 33.731998443603516, -119.12400817871094, 23.615999221801758] joint_vel=[-10.079999923706055, 0.0, 181.0800018310547, 202.04998779296875, -426.3299865722656, 108.9000015258789] imu_ang_vel=[0.0, -0.33769911527633667, 0.1608598381280899] imu_quat_wxyz=[0.8227713108062744, 0.010288593359291553, 0.023189602419734, 0.5678059458732605]
joint_pos=[34.847999572753906, 0.0, 43.992000579833984, 33.731998443603516, -119.12400817871094, 23.615999221801758] joint_vel=[-10.079999923706055, 0.0, 181.0800018310547, 202.04998779296875, -426.3299865722656, 108.9000015258789] imu_ang_vel=[0.0, -0.33769911527633667, 0.1608598381280899] imu_quat_wxyz=[0.8227713108062744, 0.010288593359291553, 0.023189602419734, 0.5678059458732605]
joint_pos=[34.847999572753906, 0.0, 43.992000579833984, 33.731998443603516, -119.12400817871094, 23.615999221801758] joint_vel=[-10.079999923706055, 0.0, 181.0800018310547, 202.04998779296875, -426.3299865722656, 108.9000015258789] imu_ang_vel=[0.0, -0.32065439224243164, 0.1289009302854538] imu_quat_wxyz=[0.8226279020309448, 0.012020674534142017, 0.019936932250857353, 0.5681031346321106]
joint_pos=[34.847999572753906, 0.0, 43.992000579833984, 33.731998443603516, -119.12400817871094, 23.615999221801758] joint_vel=[-10.079999923706055, 0.0, 181.0800018310547, 202.04998779296875, -426.3299865722656, 108.9000015258789] imu_ang_vel=[0.0, -0.32065439224243164, 0.1289009302854538] imu_quat_wxyz=[0.8226279020309448, 0.012020674534142017, 0.019936932250857353, 0.5681031346321106]
joint_pos=[34.847999572753906, 0.0, 43.992000579833984, 33.731998443603516, -119.12400817871094, 23.615999221801758] joint_vel=[-10.079999923706055, 0.0, 181.0800018310547, 202.04998779296875, -426.3299865722656, 108.9000015258789] imu_ang_vel=[-0.012783562764525414, -0.32065439224243164, 0.09587672352790833] imu_quat_wxyz=[0.8226951360702515, 0.014181666076183319, 0.017510762438178062, 0.5680359601974487]
joint_pos=[34.847999572753906, 0.0, 43.992000579833984, 33.731998443603516, -119.12400817871094, 23.615999221801758] joint_vel=[-10.079999923706055, 0.0, 181.0800018310547, 202.04998779296875, -426.3299865722656, 108.9000015258789] imu_ang_vel=[-0.012783562764525414, -0.32065439224243164, 0.09587672352790833] imu_quat_wxyz=[0.8226951360702515, 0.014181666076183319, 0.017510762438178062, 0.5680359601974487]
joint_pos=[34.847999572753906, 0.0, 43.992000579833984, 33.731998443603516, -119.12400817871094, 23.615999221801758] joint_vel=[-10.079999923706055, 0.0, 181.0800018310547, 202.04998779296875, -426.3299865722656, 108.9000015258789] imu_ang_vel=[-0.01491415686905384, -0.27910780906677246, 0.07244019210338593] imu_quat_wxyz=[0.8228266835212708, 0.015920143574476242, 0.01466701366007328, 0.5678799152374268]
joint_pos=[34.847999572753906, 0.0, 43.992000579833984, 33.731998443603516, -119.12400817871094, 23.615999221801758] joint_vel=[-10.079999923706055, 0.0, 181.0800018310547, 202.04998779296875, -426.3299865722656, 108.9000015258789] imu_ang_vel=[-0.01491415686905384, -0.27910780906677246, 0.07244019210338593] imu_quat_wxyz=[0.8228266835212708, 0.015920143574476242, 0.01466701366007328, 0.5678799152374268]
joint_pos=[34.847999572753906, 0.0, 43.992000579833984, 33.731998443603516, -119.12400817871094, 23.615999221801758] joint_vel=[-10.079999923706055, 0.0, 181.0800018310547, 202.04998779296875, -426.3299865722656, 108.9000015258789] imu_ang_vel=[-0.011718266643583775, -0.2226470559835434, 0.05646073818206787] imu_quat_wxyz=[0.8229497075080872, 0.017065025866031647, 0.01255451887845993, 0.5677191615104675]
joint_pos=[34.847999572753906, 0.0, 43.992000579833984, 33.731998443603516, -119.12400817871094, 23.615999221801758] joint_vel=[-10.079999923706055, 0.0, 181.0800018310547, 202.04998779296875, -426.3299865722656, 108.9000015258789] imu_ang_vel=[-0.011718266643583775, -0.2226470559835434, 0.05646073818206787] imu_quat_wxyz=[0.8229497075080872, 0.017065025866031647, 0.01255451887845993, 0.5677191615104675]
joint_pos=[34.847999572753906, 0.0, 43.992000579833984, 33.731998443603516, -119.12400817871094, 23.615999221801758] joint_vel=[-10.079999923706055, 0.0, 181.0800018310547, 202.04998779296875, -426.3299865722656, 108.9000015258789] imu_ang_vel=[0.0, -0.16831691563129425, -0.010652969591319561] imu_quat_wxyz=[0.8234909176826477, 0.01728580892086029, 0.010728370398283005, 0.5669644474983215]
joint_pos=[34.847999572753906, 0.0, 43.992000579833984, 33.731998443603516, -119.12400817871094, 23.615999221801758] joint_vel=[-10.079999923706055, 0.0, 181.0800018310547, 202.04998779296875, -426.3299865722656, 108.9000015258789] imu_ang_vel=[0.0, -0.16831691563129425, -0.010652969591319561] imu_quat_wxyz=[0.8234909176826477, 0.01728580892086029, 0.010728370398283005, 0.5669644474983215]
joint_pos=[34.847999572753906, 0.0, 43.992000579833984, 33.731998443603516, -119.12400817871094, 23.615999221801758] joint_vel=[-10.079999923706055, 0.0, 181.0800018310547, 202.04998779296875, -426.3299865722656, 108.9000015258789] imu_ang_vel=[0.0, -0.1171826645731926, -0.07350549101829529] imu_quat_wxyz=[0.8245946764945984, 0.016649138182401657, 0.009771541692316532, 0.5653945803642273]
joint_pos=[34.847999572753906, 0.0, 43.992000579833984, 33.731998443603516, -119.12400817871094, 23.615999221801758] joint_vel=[-10.079999923706055, 0.0, 181.0800018310547, 202.04998779296875, -426.3299865722656, 108.9000015258789] imu_ang_vel=[0.0, -0.1171826645731926, -0.07350549101829529] imu_quat_wxyz=[0.8245946764945984, 0.016649138182401657, 0.009771541692316532, 0.5653945803642273]
joint_pos=[34.847999572753906, 0.0, 43.992000579833984, 33.731998443603516, -119.12400817871094, 23.615999221801758] joint_vel=[-10.079999923706055, 0.0, 181.0800018310547, 202.04998779296875, -426.3299865722656, 108.9000015258789] imu_ang_vel=[0.02663242258131504, -0.051134251058101654, -0.1054643988609314] imu_quat_wxyz=[0.8256762623786926, 0.015444697812199593, 0.009634880349040031, 0.5638504028320312]
joint_pos=[34.847999572753906, 0.0, 43.992000579833984, 33.731998443603516, -119.12400817871094, 23.615999221801758] joint_vel=[-10.079999923706055, 0.0, 181.0800018310547, 202.04998779296875, -426.3299865722656, 108.9000015258789] imu_ang_vel=[0.02663242258131504, -0.051134251058101654, -0.1054643988609314] imu_quat_wxyz=[0.8256762623786926, 0.015444697812199593, 0.009634880349040031, 0.5638504028320312]
joint_pos=[34.847999572753906, 0.0, 43.992000579833984, 33.731998443603516, -119.12400817871094, 23.615999221801758] joint_vel=[-10.079999923706055, 0.0, 181.0800018310547, 202.04998779296875, -426.3299865722656, 108.9000015258789] imu_ang_vel=[0.0468730665743351, 0.0, -0.13316211104393005] imu_quat_wxyz=[0.8271483182907104, 0.014045367948710918, 0.011125544086098671, 0.5616978406906128]
joint_pos=[34.847999572753906, 0.0, 43.992000579833984, 33.731998443603516, -119.12400817871094, 23.615999221801758] joint_vel=[-10.079999923706055, 0.0, 181.0800018310547, 202.04998779296875, -426.3299865722656, 108.9000015258789] imu_ang_vel=[0.0468730665743351, 0.0, -0.13316211104393005] imu_quat_wxyz=[0.8271483182907104, 0.014045367948710918, 0.011125544086098671, 0.5616978406906128]
joint_pos=[34.847999572753906, 0.0, 43.992000579833984, 33.731998443603516, -119.12400817871094, 23.615999221801758] joint_vel=[-10.079999923706055, 0.0, 181.0800018310547, 202.04998779296875, -426.3299865722656, 108.9000015258789] imu_ang_vel=[0.054330144077539444, 0.0585913322865963, -0.17470869421958923] imu_quat_wxyz=[0.8287538290023804, 0.012857843190431595, 0.014215313829481602, 0.559285044670105]
joint_pos=[34.847999572753906, 0.0, 43.992000579833984, 33.731998443603516, -119.12400817871094, 23.615999221801758] joint_vel=[-10.079999923706055, 0.0, 181.0800018310547, 202.04998779296875, -426.3299865722656, 108.9000015258789] imu_ang_vel=[0.054330144077539444, 0.0585913322865963, -0.17470869421958923] imu_quat_wxyz=[0.8287538290023804, 0.012857843190431595, 0.014215313829481602, 0.559285044670105]
joint_pos=[34.847999572753906, 0.0, 43.992000579833984, 33.731998443603516, -119.12400817871094, 23.615999221801758] joint_vel=[-10.079999923706055, 0.0, 181.0800018310547, 202.04998779296875, -426.3299865722656, 108.9000015258789] imu_ang_vel=[0.054330144077539444, 0.11185617744922638, -0.20240642130374908] imu_quat_wxyz=[0.8304681777954102, 0.0117139657959342, 0.018087521195411682, 0.5566490292549133]
joint_pos=[34.847999572753906, 0.0, 43.992000579833984, 33.731998443603516, -119.12400817871094, 23.615999221801758] joint_vel=[-10.079999923706055, 0.0, 181.0800018310547, 202.04998779296875, -426.3299865722656, 108.9000015258789] imu_ang_vel=[0.054330144077539444, 0.11185617744922638, -0.20240642130374908] imu_quat_wxyz=[0.8304681777954102, 0.0117139657959342, 0.018087521195411682, 0.5566490292549133]
joint_pos=[34.847999572753906, 0.0, 43.992000579833984, 33.731998443603516, -119.12400817871094, 23.615999221801758] joint_vel=[-10.079999923706055, 0.0, 181.0800018310547, 202.04998779296875, -426.3299865722656, 108.9000015258789] imu_ang_vel=[0.04793836176395416, 0.15979453921318054, -0.2077329009771347] imu_quat_wxyz=[0.8320515155792236, 0.01032150536775589, 0.022321024909615517, 0.5541529059410095]
joint_pos=[34.847999572753906, 0.0, 43.992000579833984, 33.731998443603516, -119.12400817871094, 23.615999221801758] joint_vel=[-10.079999923706055, 0.0, 181.0800018310547, 202.04998779296875, -426.3299865722656, 108.9000015258789] imu_ang_vel=[0.04793836176395416, 0.15979453921318054, -0.2077329009771347] imu_quat_wxyz=[0.8320515155792236, 0.01032150536775589, 0.022321024909615517, 0.5541529059410095]
joint_pos=[34.847999572753906, 0.0, 43.992000579833984, 33.731998443603516, -119.12400817871094, 23.615999221801758] joint_vel=[-10.079999923706055, 0.0, 181.0800018310547, 202.04998779296875, -426.3299865722656, 108.9000015258789] imu_ang_vel=[0.03302420675754547, 0.19707992672920227, -0.20879819989204407] imu_quat_wxyz=[0.8334434628486633, 0.008778045885264874, 0.026667825877666473, 0.5518910884857178]
joint_pos=[34.847999572753906, 0.0, 43.992000579833984, 33.731998443603516, -119.12400817871094, 23.615999221801758] joint_vel=[-10.079999923706055, 0.0, 181.0800018310547, 202.04998779296875, -426.3299865722656, 108.9000015258789] imu_ang_vel=[0.03302420675754547, 0.19707992672920227, -0.20879819989204407] imu_quat_wxyz=[0.8334434628486633, 0.008778045885264874, 0.026667825877666473, 0.5518910884857178]
joint_pos=[34.847999572753906, 0.0, 43.992000579833984, 33.731998443603516, -119.12400817871094, 23.615999221801758] joint_vel=[-10.079999923706055, 0.0, 181.0800018310547, 202.04998779296875, -426.3299865722656, 108.9000015258789] imu_ang_vel=[0.01811004802584648, 0.24075710773468018, -0.20027582347393036] imu_quat_wxyz=[0.8345901966094971, 0.0070212893187999725, 0.030838564038276672, 0.5499625205993652]
joint_pos=[34.847999572753906, 0.0, 43.992000579833984, 33.731998443603516, -119.12400817871094, 23.615999221801758] joint_vel=[-10.079999923706055, 0.0, 181.0800018310547, 202.04998779296875, -426.3299865722656, 108.9000015258789] imu_ang_vel=[0.01811004802584648, 0.24075710773468018, -0.20027582347393036] imu_quat_wxyz=[0.8345901966094971, 0.0070212893187999725, 0.030838564038276672, 0.5499625205993652]
joint_pos=[34.847999572753906, 0.0, 43.992000579833984, 33.731998443603516, -119.12400817871094, 23.615999221801758] joint_vel=[-10.079999923706055, 0.0, 181.0800018310547, 202.04998779296875, -426.3299865722656, 108.9000015258789] imu_ang_vel=[0.0, 0.2716507315635681, -0.18855755031108856] imu_quat_wxyz=[0.835482120513916, 0.0049666427075862885, 0.03507533669471741, 0.5483744740486145]
joint_pos=[34.847999572753906, 0.0, 43.992000579833984, 33.731998443603516, -119.12400817871094, 23.615999221801758] joint_vel=[-10.079999923706055, 0.0, 181.0800018310547, 202.04998779296875, -426.3299865722656, 108.9000015258789] imu_ang_vel=[0.0, 0.2716507315635681, -0.18855755031108856] imu_quat_wxyz=[0.835482120513916, 0.0049666427075862885, 0.03507533669471741, 0.5483744740486145]
joint_pos=[34.847999572753906, 0.0, 43.992000579833984, 33.731998443603516, -119.12400817871094, 23.615999221801758] joint_vel=[-10.079999923706055, 0.0, 181.0800018310547, 202.04998779296875, -426.3299865722656, 108.9000015258789] imu_ang_vel=[-0.017044750973582268, 0.30041372776031494, -0.17896988987922668] imu_quat_wxyz=[0.8361730575561523, 0.002489950740709901, 0.03908725082874298, 0.5470654368400574]
joint_pos=[34.847999572753906, 0.0, 43.992000579833984, 33.731998443603516, -119.12400817871094, 23.615999221801758] joint_vel=[-10.079999923706055, 0.0, 181.0800018310547, 202.04998779296875, -426.3299865722656, 108.9000015258789] imu_ang_vel=[-0.017044750973582268, 0.30041372776031494, -0.17896988987922668] imu_quat_wxyz=[0.8361730575561523, 0.002489950740709901, 0.03908725082874298, 0.5470654368400574]
joint_pos=[34.847999572753906, 0.0, 43.992000579833984, 33.731998443603516, -119.12400817871094, 23.615999221801758] joint_vel=[-10.079999923706055, 0.0, 181.0800018310547, 202.04998779296875, -426.3299865722656, 108.9000015258789] imu_ang_vel=[-0.019175345078110695, 0.3345032334327698, -0.17683929204940796] imu_quat_wxyz=[0.83675616979599, -0.0006864770548418164, 0.04299560934305191, 0.5458846688270569]
joint_pos=[34.847999572753906, 0.0, 43.992000579833984, 33.731998443603516, -119.12400817871094, 23.615999221801758] joint_vel=[-10.079999923706055, 0.0, 181.0800018310547, 202.04998779296875, -426.3299865722656, 108.9000015258789] imu_ang_vel=[-0.019175345078110695, 0.3345032334327698, -0.17683929204940796] imu_quat_wxyz=[0.83675616979599, -0.0006864770548418164, 0.04299560934305191, 0.5458846688270569]
joint_pos=[34.847999572753906, 0.0, 43.992000579833984, 33.731998443603516, -119.12400817871094, 23.615999221801758] joint_vel=[-10.079999923706055, 0.0, 181.0800018310547, 202.04998779296875, -426.3299865722656, 108.9000015258789] imu_ang_vel=[-0.02663242258131504, 0.32917675375938416, -0.18323107063770294] imu_quat_wxyz=[0.8374640345573425, -0.004058459773659706, 0.047308266162872314, 0.5444257259368896]
joint_pos=[34.847999572753906, 0.0, 43.992000579833984, 33.731998443603516, -119.12400817871094, 23.615999221801758] joint_vel=[-10.079999923706055, 0.0, 181.0800018310547, 202.04998779296875, -426.3299865722656, 108.9000015258789] imu_ang_vel=[-0.02663242258131504, 0.32917675375938416, -0.18323107063770294] imu_quat_wxyz=[0.8374640345573425, -0.004058459773659706, 0.047308266162872314, 0.5444257259368896]
joint_pos=[34.847999572753906, 0.0, 43.992000579833984, 33.731998443603516, -119.12400817871094, 23.615999221801758] joint_vel=[-10.079999923706055, 0.0, 181.0800018310547, 202.04998779296875, -426.3299865722656, 108.9000015258789] imu_ang_vel=[-0.02663242258131504, 0.328111469745636, -0.16618631780147552] imu_quat_wxyz=[0.8380998969078064, -0.0073383161798119545, 0.05094071477651596, 0.5430834889411926]
joint_pos=[34.847999572753906, 0.0, 43.992000579833984, 33.731998443603516, -119.12400817871094, 23.615999221801758] joint_vel=[-10.079999923706055, 0.0, 181.0800018310547, 202.04998779296875, -426.3299865722656, 108.9000015258789] imu_ang_vel=[-0.02663242258131504, 0.328111469745636, -0.16618631780147552] imu_quat_wxyz=[0.8380998969078064, -0.0073383161798119545, 0.05094071477651596, 0.5430834889411926]
joint_pos=[34.847999572753906, 0.0, 43.992000579833984, 33.731998443603516, -119.12400817871094, 23.615999221801758] joint_vel=[-10.079999923706055, 0.0, 181.0800018310547, 202.04998779296875, -426.3299865722656, 108.9000015258789] imu_ang_vel=[-0.027697719633579254, 0.31532788276672363, -0.1257050335407257] imu_quat_wxyz=[0.8383241891860962, -0.010312858037650585, 0.054259222000837326, 0.5423672199249268]
joint_pos=[34.847999572753906, 0.0, 43.992000579833984, 33.731998443603516, -119.12400817871094, 23.615999221801758] joint_vel=[-10.079999923706055, 0.0, 181.0800018310547, 202.04998779296875, -426.3299865722656, 108.9000015258789] imu_ang_vel=[-0.027697719633579254, 0.31532788276672363, -0.1257050335407257] imu_quat_wxyz=[0.8383241891860962, -0.010312858037650585, 0.054259222000837326, 0.5423672199249268]
joint_pos=[34.847999572753906, 0.0, 43.992000579833984, 33.731998443603516, -119.12400817871094, 23.615999221801758] joint_vel=[-10.079999923706055, 0.0, 181.0800018310547, 202.04998779296875, -426.3299865722656, 108.9000015258789] imu_ang_vel=[-0.02663242258131504, 0.28869548439979553, -0.10013791173696518] imu_quat_wxyz=[0.8383005857467651, -0.012796753086149693, 0.0571678951382637, 0.5420517921447754]
joint_pos=[34.847999572753906, 0.0, 43.992000579833984, 33.731998443603516, -119.12400817871094, 23.615999221801758] joint_vel=[-10.079999923706055, 0.0, 181.0800018310547, 202.04998779296875, -426.3299865722656, 108.9000015258789] imu_ang_vel=[-0.02663242258131504, 0.28869548439979553, -0.10013791173696518] imu_quat_wxyz=[0.8383005857467651, -0.012796753086149693, 0.0571678951382637, 0.5420517921447754]
joint_pos=[34.847999572753906, 0.0, 43.992000579833984, 33.731998443603516, -119.12400817871094, 23.615999221801758] joint_vel=[-10.079999923706055, 0.0, 181.0800018310547, 202.04998779296875, -426.3299865722656, 108.9000015258789] imu_ang_vel=[-0.02663242258131504, 0.25673654675483704, -0.08522375673055649] imu_quat_wxyz=[0.8382248878479004, -0.014706759713590145, 0.05936558544635773, 0.5418842434883118]
joint_pos=[34.847999572753906, 0.0, 43.992000579833984, 33.731998443603516, -119.12400817871094, 23.615999221801758] joint_vel=[-10.079999923706055, 0.0, 181.0800018310547, 202.04998779296875, -426.3299865722656, 108.9000015258789] imu_ang_vel=[-0.02663242258131504, 0.25673654675483704, -0.08522375673055649] imu_quat_wxyz=[0.8382248878479004, -0.014706759713590145, 0.05936558544635773, 0.5418842434883118]
joint_pos=[34.847999572753906, 0.0, 43.992000579833984, 33.731998443603516, -119.12400817871094, 23.615999221801758] joint_vel=[-10.079999923706055, 0.0, 181.0800018310547, 202.04998779296875, -426.3299865722656, 108.9000015258789] imu_ang_vel=[-0.02343653328716755, 0.22477765381336212, -0.051134251058101654] imu_quat_wxyz=[0.8380031585693359, -0.015948543325066566, 0.060906339436769485, 0.5420209765434265]
joint_pos=[34.847999572753906, 0.0, 43.992000579833984, 33.731998443603516, -119.12400817871094, 23.615999221801758] joint_vel=[-10.079999923706055, 0.0, 181.0800018310547, 202.04998779296875, -426.3299865722656, 108.9000015258789] imu_ang_vel=[-0.02343653328716755, 0.22477765381336212, -0.051134251058101654] imu_quat_wxyz=[0.8380031585693359, -0.015948543325066566, 0.060906339436769485, 0.5420209765434265]
joint_pos=[34.847999572753906, 0.0, 43.992000579833984, 33.731998443603516, -119.12400817871094, 23.615999221801758] joint_vel=[-10.079999923706055, 0.0, 181.0800018310547, 202.04998779296875, -426.3299865722656, 108.9000015258789] imu_ang_vel=[-0.021305939182639122, 0.1842963695526123, -0.015979453921318054] imu_quat_wxyz=[0.8375269770622253, -0.01667247712612152, 0.0619964525103569, 0.5426112413406372]
joint_pos=[34.847999572753906, 0.0, 43.992000579833984, 33.731998443603516, -119.12400817871094, 23.615999221801758] joint_vel=[-10.079999923706055, 0.0, 181.0800018310547, 202.04998779296875, -426.3299865722656, 108.9000015258789] imu_ang_vel=[-0.021305939182639122, 0.1842963695526123, -0.015979453921318054] imu_quat_wxyz=[0.8375269770622253, -0.01667247712612152, 0.0619964525103569, 0.5426112413406372]
joint_pos=[34.847999572753906, 0.0, 43.992000579833984, 33.731998443603516, -119.12400817871094, 23.615999221801758] joint_vel=[-10.079999923706055, 0.0, 181.0800018310547, 202.04998779296875, -426.3299865722656, 108.9000015258789] imu_ang_vel=[-0.021305939182639122, 0.13422740995883942, 0.010652969591319561] imu_quat_wxyz=[0.836914598941803, -0.017045479267835617, 0.06260011345148087, 0.5434746742248535]
joint_pos=[34.847999572753906, 0.0, 43.992000579833984, 33.731998443603516, -119.12400817871094, 23.615999221801758] joint_vel=[-10.079999923706055, 0.0, 181.0800018310547, 202.04998779296875, -426.3299865722656, 108.9000015258789] imu_ang_vel=[-0.021305939182639122, 0.13422740995883942, 0.010652969591319561] imu_quat_wxyz=[0.836914598941803, -0.017045479267835617, 0.06260011345148087, 0.5434746742248535]
joint_pos=[34.847999572753906, 0.0, 43.992000579833984, 33.731998443603516, -119.12400817871094, 23.615999221801758] joint_vel=[-10.079999923706055, 0.0, 181.0800018310547, 202.04998779296875, -426.3299865722656, 108.9000015258789] imu_ang_vel=[-0.017044750973582268, 0.08309315890073776, 0.04048128426074982] imu_quat_wxyz=[0.8362288475036621, -0.016979383304715157, 0.06250748038291931, 0.5445417165756226]
joint_pos=[34.847999572753906, 0.0, 43.992000579833984, 33.731998443603516, -119.12400817871094, 23.615999221801758] joint_vel=[-10.079999923706055, 0.0, 181.0800018310547, 202.04998779296875, -426.3299865722656, 108.9000015258789] imu_ang_vel=[-0.017044750973582268, 0.08309315890073776, 0.04048128426074982] imu_quat_wxyz=[0.8362288475036621, -0.016979383304715157, 0.06250748038291931, 0.5445417165756226]
joint_pos=[34.847999572753906, 0.0, 43.992000579833984, 33.731998443603516, -119.12400817871094, 23.615999221801758] joint_vel=[-10.079999923706055, 0.0, 181.0800018310547, 202.04998779296875, -426.3299865722656, 108.9000015258789] imu_ang_vel=[-0.011718266643583775, 0.02982831373810768, 0.07670138031244278] imu_quat_wxyz=[0.8353645205497742, -0.01644768752157688, 0.06179533898830414, 0.5459643006324768]
joint_pos=[34.847999572753906, 0.0, 43.992000579833984, 33.731998443603516, -119.12400817871094, 23.615999221801758] joint_vel=[-10.079999923706055, 0.0, 181.0800018310547, 202.04998779296875, -426.3299865722656, 108.9000015258789] imu_ang_vel=[-0.011718266643583775, 0.02982831373810768, 0.07670138031244278] imu_quat_wxyz=[0.8353645205497742, -0.01644768752157688, 0.06179533898830414, 0.5459643006324768]
joint_pos=[34.847999572753906, 0.0, 43.992000579833984, 33.731998443603516, -119.12400817871094, 23.615999221801758] joint_vel=[-10.079999923706055, 0.0, 181.0800018310547, 202.04998779296875, -426.3299865722656, 108.9000015258789] imu_ang_vel=[0.0, -0.027697719633579254, 0.10652969032526016] imu_quat_wxyz=[0.8343932628631592, -0.015454203821718693, 0.06049935147166252, 0.5476210713386536]
joint_pos=[34.847999572753906, 0.0, 43.992000579833984, 33.731998443603516, -119.12400817871094, 23.615999221801758] joint_vel=[-10.079999923706055, 0.0, 181.0800018310547, 202.04998779296875, -426.3299865722656, 108.9000015258789] imu_ang_vel=[0.0, -0.027697719633579254, 0.10652969032526016] imu_quat_wxyz=[0.8343932628631592, -0.015454203821718693, 0.06049935147166252, 0.5476210713386536]
joint_pos=[34.847999572753906, 0.0, 43.992000579833984, 33.731998443603516, -119.12400817871094, 23.615999221801758] joint_vel=[-10.079999923706055, 0.0, 181.0800018310547, 202.04998779296875, -426.3299865722656, 108.9000015258789] imu_ang_vel=[0.0, -0.08628904819488525, 0.13316211104393005] imu_quat_wxyz=[0.8333548307418823, -0.013889146037399769, 0.058511894196271896, 0.5494571924209595]
joint_pos=[34.847999572753906, 0.0, 43.992000579833984, 33.731998443603516, -119.12400817871094, 23.615999221801758] joint_vel=[-10.079999923706055, 0.0, 181.0800018310547, 202.04998779296875, -426.3299865722656, 108.9000015258789] imu_ang_vel=[0.0, -0.08628904819488525, 0.13316211104393005] imu_quat_wxyz=[0.8333548307418823, -0.013889146037399769, 0.058511894196271896, 0.5494571924209595]
joint_pos=[34.847999572753906, 0.0, 43.992000579833984, 33.731998443603516, -119.12400817871094, 23.615999221801758] joint_vel=[-10.079999923706055, 0.0, 181.0800018310547, 202.04998779296875, -426.3299865722656, 108.9000015258789] imu_ang_vel=[0.0, -0.1406191885471344, 0.15979453921318054] imu_quat_wxyz=[0.8322235941886902, -0.011936238035559654, 0.05582191422581673, 0.5514937043190002]
joint_pos=[34.847999572753906, 0.0, 43.992000579833984, 33.731998443603516, -119.12400817871094, 23.615999221801758] joint_vel=[-10.079999923706055, 0.0, 181.0800018310547, 202.04998779296875, -426.3299865722656, 108.9000015258789] imu_ang_vel=[0.0, -0.1406191885471344, 0.15979453921318054] imu_quat_wxyz=[0.8322235941886902, -0.011936238035559654, 0.05582191422581673, 0.5514937043190002]
joint_pos=[34.847999572753906, 0.0, 43.992000579833984, 33.731998443603516, -119.12400817871094, 23.615999221801758] joint_vel=[-10.079999923706055, 0.0, 181.0800018310547, 202.04998779296875, -426.3299865722656, 108.9000015258789] imu_ang_vel=[0.0, -0.18962284922599792, 0.18323107063770294] imu_quat_wxyz=[0.8309953808784485, -0.009567140601575375, 0.052650757133960724, 0.5536993145942688]
joint_pos=[34.847999572753906, 0.0, 43.992000579833984, 33.731998443603516, -119.12400817871094, 23.615999221801758] joint_vel=[-10.079999923706055, 0.0, 181.0800018310547, 202.04998779296875, -426.3299865722656, 108.9000015258789] imu_ang_vel=[0.0, -0.18962284922599792, 0.18323107063770294] imu_quat_wxyz=[0.8309953808784485, -0.009567140601575375, 0.052650757133960724, 0.5536993145942688]
joint_pos=[34.847999572753906, 0.0, 43.992000579833984, 33.731998443603516, -119.12400817871094, 23.615999221801758] joint_vel=[-10.079999923706055, 0.0, 181.0800018310547, 202.04998779296875, -426.3299865722656, 108.9000015258789] imu_ang_vel=[0.0, -0.23223473131656647, 0.1960146427154541] imu_quat_wxyz=[0.8297463655471802, -0.006775972433388233, 0.04898415133357048, 0.555945634841919]
joint_pos=[34.847999572753906, 0.0, 43.992000579833984, 33.731998443603516, -119.12400817871094, 23.615999221801758] joint_vel=[-10.079999923706055, 0.0, 181.0800018310547, 202.04998779296875, -426.3299865722656, 108.9000015258789] imu_ang_vel=[0.0, -0.23223473131656647, 0.1960146427154541] imu_quat_wxyz=[0.8297463655471802, -0.006775972433388233, 0.04898415133357048, 0.555945634841919]
joint_pos=[34.847999572753906, 0.0, 43.992000579833984, 33.731998443603516, -119.12400817871094, 23.615999221801758] joint_vel=[-10.079999923706055, 0.0, 181.0800018310547, 202.04998779296875, -426.3299865722656, 108.9000015258789] imu_ang_vel=[0.0, -0.26845481991767883, 0.20560230314731598] imu_quat_wxyz=[0.8285094499588013, -0.0036366265267133713, 0.04503626003861427, 0.5581492185592651]
joint_pos=[34.847999572753906, 0.0, 43.992000579833984, 33.731998443603516, -119.12400817871094, 23.615999221801758] joint_vel=[-10.079999923706055, 0.0, 181.0800018310547, 202.04998779296875, -426.3299865722656, 108.9000015258789] imu_ang_vel=[0.0, -0.26845481991767883, 0.20560230314731598] imu_quat_wxyz=[0.8285094499588013, -0.0036366265267133713, 0.04503626003861427, 0.5581492185592651]
joint_pos=[34.847999572753906, 0.0, 43.992000579833984, 33.731998443603516, -119.12400817871094, 23.615999221801758] joint_vel=[-10.079999923706055, 0.0, 181.0800018310547, 202.04998779296875, -426.3299865722656, 108.9000015258789] imu_ang_vel=[0.0, -0.2961525619029999, 0.20666760206222534] imu_quat_wxyz=[0.8276187181472778, -0.0011469685705378652, 0.04193317890167236, 0.559721052646637]
joint_pos=[34.847999572753906, 0.0, 43.992000579833984, 33.731998443603516, -119.12400817871094, 23.615999221801758] joint_vel=[-10.079999923706055, 0.0, 181.0800018310547, 202.04998779296875, -426.3299865722656, 108.9000015258789] imu_ang_vel=[0.0, -0.2961525619029999, 0.20666760206222534] imu_quat_wxyz=[0.8276187181472778, -0.0011469685705378652, 0.04193317890167236, 0.559721052646637]
joint_pos=[34.847999572753906, 0.0, 43.992000579833984, 33.731998443603516, -119.12400817871094, 23.615999221801758] joint_vel=[-10.079999923706055, 0.0, 181.0800018310547, 202.04998779296875, -426.3299865722656, 108.9000015258789] imu_ang_vel=[0.0, -0.3131972849369049, 0.1960146427154541] imu_quat_wxyz=[0.826555073261261, 0.0021912131924182177, 0.037664562463760376, 0.5615899562835693]
joint_pos=[34.847999572753906, 0.0, 43.992000579833984, 33.731998443603516, -119.12400817871094, 23.615999221801758] joint_vel=[-10.079999923706055, 0.0, 181.0800018310547, 202.04998779296875, -426.3299865722656, 108.9000015258789] imu_ang_vel=[0.0, -0.3131972849369049, 0.1960146427154541] imu_quat_wxyz=[0.826555073261261, 0.0021912131924182177, 0.037664562463760376, 0.5615899562835693]
joint_pos=[34.847999572753906, 0.0, 43.992000579833984, 33.731998443603516, -119.12400817871094, 23.615999221801758] joint_vel=[-10.079999923706055, 0.0, 181.0800018310547, 202.04998779296875, -426.3299865722656, 108.9000015258789] imu_ang_vel=[0.0, -0.3185237944126129, 0.1842963695526123] imu_quat_wxyz=[0.8256730437278748, 0.004793183878064156, 0.0332745686173439, 0.5631463527679443]
joint_pos=[34.847999572753906, 0.0, 43.992000579833984, 33.731998443603516, -119.12400817871094, 23.615999221801758] joint_vel=[-10.079999923706055, 0.0, 181.0800018310547, 202.04998779296875, -426.3299865722656, 108.9000015258789] imu_ang_vel=[0.0, -0.3185237944126129, 0.1842963695526123] imu_quat_wxyz=[0.8256730437278748, 0.004793183878064156, 0.0332745686173439, 0.5631463527679443]
joint_pos=[34.847999572753906, 0.0, 43.992000579833984, 33.731998443603516, -119.12400817871094, 23.615999221801758] joint_vel=[-10.079999923706055, 0.0, 181.0800018310547, 202.04998779296875, -426.3299865722656, 108.9000015258789] imu_ang_vel=[0.0, -0.3217196762561798, 0.16512101888656616] imu_quat_wxyz=[0.8249916434288025, 0.006939405109733343, 0.02911326475441456, 0.5643518567085266]
joint_pos=[34.847999572753906, 0.0, 43.992000579833984, 33.731998443603516, -119.12400817871094, 23.615999221801758] joint_vel=[-10.079999923706055, 0.0, 181.0800018310547, 202.04998779296875, -426.3299865722656, 108.9000015258789] imu_ang_vel=[0.0, -0.3217196762561798, 0.16512101888656616] imu_quat_wxyz=[0.8249916434288025, 0.006939405109733343, 0.02911326475441456, 0.5643518567085266]
joint_pos=[34.847999572753906, 0.0, 43.992000579833984, 33.731998443603516, -119.12400817871094, 23.615999221801758] joint_vel=[-10.079999923706055, 0.0, 181.0800018310547, 202.04998779296875, -426.3299865722656, 108.9000015258789] imu_ang_vel=[0.012783562764525414, -0.31213200092315674, 0.1406191885471344] imu_quat_wxyz=[0.8245177268981934, 0.008786671794950962, 0.02540096826851368, 0.5651973485946655]
joint_pos=[34.847999572753906, 0.0, 43.992000579833984, 33.731998443603516, -119.12400817871094, 23.615999221801758] joint_vel=[-10.079999923706055, 0.0, 181.0800018310547, 202.04998779296875, -426.3299865722656, 108.9000015258789] imu_ang_vel=[0.012783562764525414, -0.31213200092315674, 0.1406191885471344] imu_quat_wxyz=[0.8245177268981934, 0.008786671794950962, 0.02540096826851368, 0.5651973485946655]
joint_pos=[34.847999572753906, 0.0, 43.992000579833984, 33.731998443603516, -119.12400817871094, 23.615999221801758] joint_vel=[-10.079999923706055, 0.0, 181.0800018310547, 202.04998779296875, -426.3299865722656, 108.9000015258789] imu_ang_vel=[0.019175345078110695, -0.30041372776031494, 0.11505206674337387] imu_quat_wxyz=[0.8242668509483337, 0.0106210233643651, 0.022412333637475967, 0.5656580328941345]
joint_pos=[34.847999572753906, 0.0, 43.992000579833984, 33.731998443603516, -119.12400817871094, 23.615999221801758] joint_vel=[-10.079999923706055, 0.0, 181.0800018310547, 202.04998779296875, -426.3299865722656, 108.9000015258789] imu_ang_vel=[0.019175345078110695, -0.30041372776031494, 0.11505206674337387] imu_quat_wxyz=[0.8242668509483337, 0.0106210233643651, 0.022412333637475967, 0.5656580328941345]
joint_pos=[34.847999572753906, 0.0, 43.992000579833984, 33.731998443603516, -119.12400817871094, 23.615999221801758] joint_vel=[-10.079999923706055, 0.0, 181.0800018310547, 202.04998779296875, -426.3299865722656, 108.9000015258789] imu_ang_vel=[0.01811004802584648, -0.2844342887401581, 0.08841964602470398] imu_quat_wxyz=[0.8241985440254211, 0.012607596814632416, 0.02008465677499771, 0.565804123878479]
joint_pos=[34.847999572753906, 0.0, 43.992000579833984, 33.731998443603516, -119.12400817871094, 23.615999221801758] joint_vel=[-10.079999923706055, 0.0, 181.0800018310547, 202.04998779296875, -426.3299865722656, 108.9000015258789] imu_ang_vel=[0.01811004802584648, -0.2844342887401581, 0.08841964602470398] imu_quat_wxyz=[0.8241985440254211, 0.012607596814632416, 0.02008465677499771, 0.565804123878479]
joint_pos=[34.847999572753906, 0.0, 43.992000579833984, 33.731998443603516, -119.12400817871094, 23.615999221801758] joint_vel=[-10.079999923706055, 0.0, 181.0800018310547, 202.04998779296875, -426.3299865722656, 108.9000015258789] imu_ang_vel=[0.0, -0.2631283402442932, 0.06924430280923843] imu_quat_wxyz=[0.8242132663726807, 0.014794722199440002, 0.017994079738855362, 0.5658000111579895]
joint_pos=[34.847999572753906, 0.0, 43.992000579833984, 33.731998443603516, -119.12400817871094, 23.615999221801758] joint_vel=[-10.079999923706055, 0.0, 181.0800018310547, 202.04998779296875, -426.3299865722656, 108.9000015258789] imu_ang_vel=[0.0, -0.2631283402442932, 0.06924430280923843] imu_quat_wxyz=[0.8242132663726807, 0.014794722199440002, 0.017994079738855362, 0.5658000111579895]
joint_pos=[34.847999572753906, 0.0, 43.992000579833984, 33.731998443603516, -119.12400817871094, 23.615999221801758] joint_vel=[-10.079999923706055, 0.0, 181.0800018310547, 202.04998779296875, -426.3299865722656, 108.9000015258789] imu_ang_vel=[0.0, -0.21199409663677216, 0.05006895586848259] imu_quat_wxyz=[0.8242833018302917, 0.016368849202990532, 0.0160348080098629, 0.56571364402771]
joint_pos=[34.847999572753906, 0.0, 43.992000579833984, 33.731998443603516, -119.12400817871094, 23.615999221801758] joint_vel=[-10.079999923706055, 0.0, 181.0800018310547, 202.04998779296875, -426.3299865722656, 108.9000015258789] imu_ang_vel=[0.0, -0.21199409663677216, 0.05006895586848259] imu_quat_wxyz=[0.8242833018302917, 0.016368849202990532, 0.0160348080098629, 0.56571364402771]
joint_pos=[34.847999572753906, 0.0, 43.992000579833984, 33.731998443603516, -119.12400817871094, 23.615999221801758] joint_vel=[-10.079999923706055, 0.0, 181.0800018310547, 202.04998779296875, -426.3299865722656, 108.9000015258789] imu_ang_vel=[0.0, -0.1608598381280899, 0.0] imu_quat_wxyz=[0.8246055245399475, 0.01682303100824356, 0.014330891892313957, 0.5652763843536377]
