Log file: /home/cx/robot_deploy/log/2026-07-24_13-29-17.txt
Loaded ONNX policy: /home/cx/mjlab-recovered/logs/rsl_rl/custom_biped_velocity_nolinvel/2026-07-20_17-02-11/2026-07-20_17-02-11.onnx
  input=obs[1,65] output=actions[1,6]
  velocity_command=[0.1, 0.0, 0.0]
  startup=move 4s + hold 1s
Connected to /dev/ttyACM0 at 921600 baud; loop rate 200 Hz.
joint_pos=[9.215999603271484, -26.964000701904297, 17.027999877929688, 10.47599983215332, -50.832000732421875, 27.25200080871582] joint_vel=[-0.0, 0.18000000715255737, -0.18000000715255737, 0.0, -0.0, -0.0] imu_ang_vel=[0.0017221756279468536, 0.0014310022816061974, -0.006175869610160589] imu_quat_wxyz=[0.749755322933197, 0.01017142366617918, -0.018598269671201706, -0.6613755822181702] status=0x8103
ONNX startup: moving from measured joint positions to [10.0, -20.0, 10.0, 10.0, -20.0, 10.0] deg over 4 s.
joint_pos=[9.215999603271484, -26.964000701904297, 17.027999877929688, 10.47599983215332, -50.832000732421875, 27.25200080871582] joint_vel=[-0.0, 0.18000000715255737, 0.0, 0.09000000357627869, -0.0, -0.0] imu_ang_vel=[0.0006569121032953262, 0.0008983700536191463, -0.006175869610160589] imu_quat_wxyz=[0.7497140765190125, 0.010172865353524685, -0.01859910972416401, -0.6614222526550293] status=0x8103
joint_pos=[9.215999603271484, -26.964000701904297, 17.027999877929688, 10.47599983215332, -50.832000732421875, 27.25200080871582] joint_vel=[-1.7999999523162842, 0.0, -0.18000000715255737, 0.0, -0.18000000715255737, -0.0] imu_ang_vel=[0.002254808321595192, -0.00016689440235495567, -0.007241133600473404] imu_quat_wxyz=[0.7496668100357056, 0.010176275856792927, -0.01859818398952484, -0.6614758968353271] status=0x8103
joint_pos=[9.215999603271484, -26.964000701904297, 17.027999877929688, 10.47599983215332, -50.832000732421875, 27.25200080871582] joint_vel=[0.18000000715255737, 0.0, -0.09000000357627869, 0.0, 0.18000000715255737, 0.18000000715255737] imu_ang_vel=[0.0011895429342985153, -0.0028300550766289234, -0.006175869610160589] imu_quat_wxyz=[0.7496239542961121, 0.010174643248319626, -0.018609248101711273, -0.6615240573883057] status=0x8103
joint_pos=[9.215999603271484, -26.964000701904297, 16.992000579833984, 10.47599983215332, -50.832000732421875, 27.25200080871582] joint_vel=[0.9900000095367432, 0.18000000715255737, -0.36000001430511475, -0.09000000357627869, 0.27000001072883606, -0.44999998807907104] imu_ang_vel=[-0.0014736177399754524, -0.0054932162165641785, -0.005643237382173538] imu_quat_wxyz=[0.7495843172073364, 0.010138784535229206, -0.01863747648894787, -0.661568820476532] status=0x8103
joint_pos=[9.215999603271484, -26.964000701904297, 16.992000579833984, 10.4399995803833, -50.832000732421875, 27.25200080871582] joint_vel=[-0.0, 0.0, -0.09000000357627869, 0.0, 0.27000001072883606, -0.5400000214576721] imu_ang_vel=[0.0017221756279468536, -0.00016689440235495567, -0.003512708470225334] imu_quat_wxyz=[0.7495620250701904, 0.010097572579979897, -0.01863839291036129, -0.6615946292877197] status=0x8103
joint_pos=[9.215999603271484, -26.964000701904297, 16.992000579833984, 10.4399995803833, -50.832000732421875, 27.215999603271484] joint_vel=[-0.09000000357627869, 0.0, 0.27000001072883606, 0.09000000357627869, 0.5400000214576721, -0.27000001072883606] imu_ang_vel=[0.0011895429342985153, 0.00036573782563209534, -0.006708501372486353] imu_quat_wxyz=[0.7495290040969849, 0.0100977448746562, -0.01864258199930191, -0.6616319417953491] status=0x8103
joint_pos=[9.215999603271484, -26.964000701904297, 16.992000579833984, 10.4399995803833, -50.79600143432617, 27.215999603271484] joint_vel=[-0.0, 0.27000001072883606, 0.0, 0.36000001430511475, 3.690000057220459, -0.809999942779541] imu_ang_vel=[-0.0004083532840013504, 0.0024962665047496557, -0.005110605154186487] imu_quat_wxyz=[0.7494941353797913, 0.01010038610547781, -0.01864531822502613, -0.6616713404655457] status=0x8103
joint_pos=[9.215999603271484, -26.964000701904297, 16.992000579833984, 10.4399995803833, -50.79600143432617, 27.215999603271484] joint_vel=[0.09000000357627869, -0.09000000357627869, 0.0, 0.18000000715255737, 0.44999998807907104, 0.27000001072883606] imu_ang_vel=[0.0011895429342985153, 0.00036573782563209534, -0.008306398056447506] imu_quat_wxyz=[0.7494564652442932, 0.01009299885481596, -0.018644683063030243, -0.6617141366004944] status=0x8103
joint_pos=[9.215999603271484, -26.964000701904297, 16.992000579833984, 10.4399995803833, -50.76000213623047, 27.215999603271484] joint_vel=[-0.0, -0.18000000715255737, 0.0, 0.0, 0.18000000715255737, -0.6299999952316284] imu_ang_vel=[-0.0009409859776496887, 0.0014310022816061974, -0.008306398056447506] imu_quat_wxyz=[0.7494025826454163, 0.010089600458741188, -0.018652189522981644, -0.6617749929428101] status=0x8103
joint_pos=[9.215999603271484, -26.964000701904297, 16.992000579833984, 10.4399995803833, -50.76000213623047, 27.215999603271484] joint_vel=[-0.18000000715255737, -0.18000000715255737, 0.0, -0.18000000715255737, 0.6299999952316284, -0.27000001072883606] imu_ang_vel=[-0.0014736177399754524, 0.0019636342767626047, -0.006708501372486353] imu_quat_wxyz=[0.7493565678596497, 0.010078758001327515, -0.01863991469144821, -0.6618276238441467] status=0x8103
joint_pos=[9.215999603271484, -26.964000701904297, 16.992000579833984, 10.4399995803833, -50.7239990234375, 27.17999839782715] joint_vel=[0.27000001072883606, 0.18000000715255737, -0.18000000715255737, 0.0, 0.809999942779541, -1.53000009059906] imu_ang_vel=[-0.0004083532840013504, 0.0024962665047496557, -0.007241133600473404] imu_quat_wxyz=[0.7493039965629578, 0.010078668594360352, -0.01862325146794319, -0.6618875861167908] status=0x8103
joint_pos=[9.215999603271484, -26.964000701904297, 16.992000579833984, 10.4399995803833, -50.7239990234375, 27.144001007080078] joint_vel=[0.09000000357627869, 0.27000001072883606, -0.27000001072883606, 0.09000000357627869, 1.2599999904632568, -3.239999771118164] imu_ang_vel=[-0.0004083532840013504, -0.00016689440235495567, -0.005110605154186487] imu_quat_wxyz=[0.7492554187774658, 0.010077661834657192, -0.018603874370455742, -0.6619431376457214] status=0x8103
joint_pos=[9.215999603271484, -26.964000701904297, 16.992000579833984, 10.4399995803833, -50.652000427246094, 27.107999801635742] joint_vel=[-0.09000000357627869, 0.44999998807907104, -1.2599999904632568, -0.09000000357627869, 3.1500000953674316, -0.18000000715255737] imu_ang_vel=[0.00012427940964698792, -0.00016689440235495567, -0.007773765828460455] imu_quat_wxyz=[0.7492380142211914, 0.010073057375848293, -0.018601059913635254, -0.6619629859924316] status=0x8103
joint_pos=[9.215999603271484, -26.964000701904297, 16.95599937438965, 10.4399995803833, -50.615997314453125, 27.107999801635742] joint_vel=[-0.0, -0.27000001072883606, -0.44999998807907104, 0.0, 1.8899999856948853, -1.0800000429153442] imu_ang_vel=[0.0006569121032953262, -0.0017647910863161087, -0.004577972926199436] imu_quat_wxyz=[0.749172031879425, 0.010076015256345272, -0.018605563789606094, -0.6620375514030457] status=0x8103
joint_pos=[9.215999603271484, -26.964000701904297, 16.95599937438965, 10.4399995803833, -50.57999801635742, 27.07200050354004] joint_vel=[-0.0, -0.18000000715255737, 0.0, 0.0, 2.069999933242798, -0.6299999952316284] imu_ang_vel=[-0.0004083532840013504, -0.0022974228486418724, -0.006175869610160589] imu_quat_wxyz=[0.7491384148597717, 0.010044840164482594, -0.0186187494546175, -0.6620756387710571] status=0x8103
joint_pos=[9.215999603271484, -26.964000701904297, 16.95599937438965, 10.4399995803833, -50.50800323486328, 27.07200050354004] joint_vel=[0.09000000357627869, 0.5400000214576721, -0.6299999952316284, -0.09000000357627869, -7.650000095367432, -0.27000001072883606] imu_ang_vel=[-0.0004083532840013504, -0.0028300550766289234, -0.007241133600473404] imu_quat_wxyz=[0.7490962743759155, 0.010022442787885666, -0.018647953867912292, -0.6621227860450745] status=0x8103
joint_pos=[9.215999603271484, -26.92799949645996, 16.920000076293945, 10.4399995803833, -50.47200012207031, 27.035999298095703] joint_vel=[-0.27000001072883606, 2.880000114440918, 0.7200000286102295, 0.0, 1.0800000429153442, -0.36000001430511475] imu_ang_vel=[-0.0025388821959495544, -0.0038953199982643127, -0.005110605154186487] imu_quat_wxyz=[0.7490547895431519, 0.009980940259993076, -0.018673311918973923, -0.6621697545051575] status=0x8103
joint_pos=[9.215999603271484, -26.891998291015625, 16.920000076293945, 10.4399995803833, -50.43600082397461, 27.000001907348633] joint_vel=[0.09000000357627869, 0.36000001430511475, -0.7200000286102295, -0.09000000357627869, 1.8899999856948853, -4.409999847412109] imu_ang_vel=[-0.0014736177399754524, -0.00496058352291584, -0.01043692696839571] imu_quat_wxyz=[0.7490044236183167, 0.009924682788550854, -0.018689997494220734, -0.6622269153594971] status=0x8103
joint_pos=[9.215999603271484, -26.891998291015625, 16.920000076293945, 10.4399995803833, -50.36399841308594, 26.964000701904297] joint_vel=[-0.0, 0.6299999952316284, -1.0800000429153442, 0.09000000357627869, 0.9900000095367432, -6.03000020980835] imu_ang_vel=[-0.0009409859776496887, -0.0028300550766289234, -0.004577972926199436] imu_quat_wxyz=[0.7489569187164307, 0.00989224947988987, -0.01873735710978508, -0.6622799038887024] status=0x8103
joint_pos=[9.215999603271484, -26.891998291015625, 16.884000778198242, 10.4399995803833, -50.327999114990234, 26.92799949645996] joint_vel=[0.18000000715255737, 0.0, -0.18000000715255737, 0.0, 1.619999885559082, 1.53000009059906] imu_ang_vel=[0.0038527045398950577, -0.0006995266303420067, -0.003512708470225334] imu_quat_wxyz=[0.7489209175109863, 0.009853040799498558, -0.018756665289402008, -0.662320613861084] status=0x8103
joint_pos=[9.215999603271484, -26.891998291015625, 16.884000778198242, 10.4399995803833, -50.29199981689453, 26.891998291015625] joint_vel=[0.18000000715255737, 1.1700000762939453, -0.27000001072883606, 0.0, 3.509999990463257, -1.619999885559082] imu_ang_vel=[-0.0014736177399754524, -0.0012321588583290577, -0.005643237382173538] imu_quat_wxyz=[0.7488918304443359, 0.009824004955589771, -0.01878344640135765, -0.6623532772064209] status=0x8103
joint_pos=[9.215999603271484, -26.891998291015625, 16.884000778198242, 10.4399995803833, -50.18400192260742, 26.856000900268555] joint_vel=[-0.18000000715255737, 0.8999999761581421, -0.9900000095367432, 0.0, 1.9800000190734863, -2.1600000858306885] imu_ang_vel=[0.0011895429342985153, 0.0008983700536191463, -0.009371661581099033] imu_quat_wxyz=[0.7488531470298767, 0.009816927835345268, -0.018794609233736992, -0.6623966693878174] status=0x8103
joint_pos=[9.215999603271484, -26.82000160217285, 16.884000778198242, 10.4399995803833, -50.14800262451172, 26.856000900268555] joint_vel=[-0.0, 4.230000019073486, -0.36000001430511475, -0.09000000357627869, 2.430000066757202, -0.0] imu_ang_vel=[0.00012427940964698792, -0.0012321588583290577, -0.007241133600473404] imu_quat_wxyz=[0.748795211315155, 0.009806467220187187, -0.018800538033246994, -0.6624621748924255] status=0x8103
joint_pos=[9.215999603271484, -26.74799919128418, 16.847999572753906, 10.4399995803833, -50.003997802734375, 26.784000396728516] joint_vel=[-0.09000000357627869, 0.18000000715255737, -1.619999885559082, 0.0, 1.2599999904632568, -6.929999828338623] imu_ang_vel=[0.0006569121032953262, 0.0008983700536191463, -0.010969558730721474] imu_quat_wxyz=[0.7487431168556213, 0.009775744751095772, -0.01882544532418251, -0.6625207662582397] status=0x8103
joint_pos=[9.215999603271484, -26.74799919128418, 16.775999069213867, 10.4399995803833, -49.96799850463867, 26.784000396728516] joint_vel=[-0.0, -0.09000000357627869, 0.7200000286102295, 0.0, 2.700000047683716, -1.0800000429153442] imu_ang_vel=[0.0033200718462467194, 0.00036573782563209534, -0.006708501372486353] imu_quat_wxyz=[0.7486769556999207, 0.009771517477929592, -0.01883687637746334, -0.6625953316688538] status=0x8103
joint_pos=[9.215999603271484, -26.74799919128418, 16.775999069213867, 10.4399995803833, -49.89600372314453, 26.711997985839844] joint_vel=[-0.0, 1.440000057220459, -0.36000001430511475, 0.0, 1.619999885559082, -3.7799999713897705] imu_ang_vel=[0.00012427940964698792, 0.004626795183867216, -0.005643237382173538] imu_quat_wxyz=[0.7486300468444824, 0.009771773591637611, -0.01883826218545437, -0.6626482605934143] status=0x8103
joint_pos=[9.215999603271484, -26.676000595092773, 16.739999771118164, 10.4399995803833, -49.86000061035156, 26.604000091552734] joint_vel=[-0.18000000715255737, 3.06000018119812, -0.6299999952316284, -0.09000000357627869, 2.1600000858306885, -0.809999942779541] imu_ang_vel=[0.0011895429342985153, 0.004626795183867216, -0.007773765828460455] imu_quat_wxyz=[0.7485893964767456, 0.009793628938496113, -0.01880709081888199, -0.6626948118209839] status=0x8103
joint_pos=[9.215999603271484, -26.676000595092773, 16.739999771118164, 10.4399995803833, -49.715999603271484, 26.604000091552734] joint_vel=[0.09000000357627869, 0.27000001072883606, -0.36000001430511475, 0.0, 3.7799999713897705, -1.440000057220459] imu_ang_vel=[-0.0009409859776496887, 0.0024962665047496557, -0.00883902981877327] imu_quat_wxyz=[0.7485358119010925, 0.009815724566578865, -0.018784232437610626, -0.6627556681632996] status=0x8103
joint_pos=[9.215999603271484, -26.639999389648438, 16.739999771118164, 10.4399995803833, -49.60799789428711, 26.532001495361328] joint_vel=[-0.18000000715255737, 0.27000001072883606, -0.5400000214576721, 0.0, 2.700000047683716, -2.9700000286102295] imu_ang_vel=[0.0011895429342985153, -0.0006995266303420067, -0.01043692696839571] imu_quat_wxyz=[0.7484734058380127, 0.00981090683490038, -0.01876242272555828, -0.6628268361091614] status=0x8103
joint_pos=[9.215999603271484, -26.639999389648438, 16.70400047302246, 10.4399995803833, -49.57200241088867, 26.496000289916992] joint_vel=[-0.0, 1.1700000762939453, -0.7200000286102295, -0.09000000357627869, 1.9800000190734863, -1.0800000429153442] imu_ang_vel=[0.0017221756279468536, -0.0012321588583290577, -0.009194117970764637] imu_quat_wxyz=[0.7484048008918762, 0.009801719337701797, -0.01877918280661106, -0.662903904914856] status=0x8103
joint_pos=[9.215999603271484, -26.604000091552734, 16.70400047302246, 10.4399995803833, -49.4640007019043, 26.459999084472656] joint_vel=[0.27000001072883606, 1.709999918937683, -1.709999918937683, 0.0, 1.709999918937683, -1.2599999904632568] imu_ang_vel=[-0.0009409859776496887, -0.00016689440235495567, -0.0013821797911077738] imu_quat_wxyz=[0.7483580112457275, 0.009798983111977577, -0.018788272514939308, -0.6629564762115479] status=0x8103
joint_pos=[9.215999603271484, -26.604000091552734, 16.631999969482422, 10.4399995803833, -49.391998291015625, 26.387998580932617] joint_vel=[-0.7200000286102295, 1.1700000762939453, 4.590000152587891, 0.0, 9.989999771118164, -4.230000019073486] imu_ang_vel=[0.00012427940964698792, -0.00016689440235495567, -0.004045340698212385] imu_quat_wxyz=[0.7483479380607605, 0.009779435582458973, -0.0187839362770319, -0.6629682183265686] status=0x8103
joint_pos=[9.215999603271484, -26.5679988861084, 16.631999969482422, 10.4399995803833, -49.31999969482422, 26.352001190185547] joint_vel=[-0.0, 1.7999999523162842, 1.2599999904632568, 0.0, 2.25, -0.8999999761581421] imu_ang_vel=[-0.0004083532840013504, -0.0022974228486418724, -0.012034823186695576] imu_quat_wxyz=[0.7483331561088562, 0.009775896556675434, -0.018786603584885597, -0.6629849076271057] status=0x8103
joint_pos=[9.215999603271484, -26.532001495361328, 16.631999969482422, 10.4399995803833, -49.13999938964844, 26.279998779296875] joint_vel=[-0.8999999761581421, 0.5400000214576721, -0.27000001072883606, 0.0, 6.390000343322754, -3.870000123977661] imu_ang_vel=[-0.003071513958275318, -0.009221641346812248, -0.014697982929646969] imu_quat_wxyz=[0.7482163310050964, 0.009748333133757114, -0.01881127431988716, -0.6631165742874146] status=0x8103
joint_pos=[9.215999603271484, -26.496000289916992, 16.59600067138672, 10.4399995803833, -49.03199768066406, 26.172000885009766] joint_vel=[-0.809999942779541, 1.1700000762939453, -1.2599999904632568, 0.18000000715255737, 0.809999942779541, 0.18000000715255737] imu_ang_vel=[0.0033200718462467194, -0.0044279517605900764, -0.012034823186695576] imu_quat_wxyz=[0.7481265068054199, 0.009671160019934177, -0.01888936012983322, -0.6632168292999268] status=0x8103
joint_pos=[9.215999603271484, -26.496000289916992, 16.559999465942383, 10.4399995803833, -48.99599838256836, 26.172000885009766] joint_vel=[-0.27000001072883606, 1.350000023841858, -1.0800000429153442, 0.09000000357627869, 3.5999999046325684, -1.2599999904632568] imu_ang_vel=[0.0017221756279468536, -0.0038953199982643127, -0.002447444247081876] imu_quat_wxyz=[0.7480616569519043, 0.00964109692722559, -0.01893424615263939, -0.6632890105247498] status=0x8103
joint_pos=[9.215999603271484, -26.459999084472656, 16.559999465942383, 10.4399995803833, -48.85200119018555, 26.027999877929688] joint_vel=[1.350000023841858, 0.809999942779541, -1.7999999523162842, -0.18000000715255737, 2.25, -14.220000267028809] imu_ang_vel=[0.0033200718462467194, -0.007091112434864044, 0.006074670236557722] imu_quat_wxyz=[0.748056173324585, 0.009598633274435997, -0.018992755562067032, -0.6632941961288452] status=0x8103
joint_pos=[9.215999603271484, -26.459999084472656, 16.488000869750977, 10.4399995803833, -48.74399948120117, 26.027999877929688] joint_vel=[-0.0, 0.5400000214576721, -2.25, -0.9900000095367432, 4.949999809265137, -0.6299999952316284] imu_ang_vel=[0.0011895429342985153, -0.009754273109138012, -0.002980076242238283] imu_quat_wxyz=[0.7480619549751282, 0.00956492405384779, -0.019050883129239082, -0.6632864475250244] status=0x8103
joint_pos=[9.215999603271484, -26.423999786376953, 16.488000869750977, 10.4399995803833, -48.60000228881836, 25.95599937438965] joint_vel=[1.53000009059906, 1.619999885559082, -0.7200000286102295, -0.809999942779541, 5.039999961853027, -6.210000038146973] imu_ang_vel=[0.0017221756279468536, -0.01987428404390812, -0.007773765828460455] imu_quat_wxyz=[0.7480270266532898, 0.00949695985764265, -0.019131433218717575, -0.6633244752883911] status=0x8103
joint_pos=[9.215999603271484, -26.387998580932617, 16.45199966430664, 10.403999328613281, -48.492000579833984, 25.919998168945312] joint_vel=[-0.0, 2.609999895095825, -0.6299999952316284, -0.09000000357627869, 0.5400000214576721, -2.430000066757202] imu_ang_vel=[0.0017221756279468536, -0.011352170258760452, -0.014165351167321205] imu_quat_wxyz=[0.747944176197052, 0.009372908622026443, -0.01927761174738407, -0.6634154319763184] status=0x8103
joint_pos=[9.215999603271484, -26.352001190185547, 16.45199966430664, 10.403999328613281, -48.38399887084961, 25.847999572753906] joint_vel=[-1.0800000429153442, 0.8999999761581421, -1.1700000762939453, -0.09000000357627869, 16.920000076293945, -5.130000114440918] imu_ang_vel=[-0.002006249502301216, -0.0038953199982643127, -0.01043692696839571] imu_quat_wxyz=[0.7478543519973755, 0.009295322000980377, -0.019342472776770592, -0.6635158658027649] status=0x8103
joint_pos=[9.251999855041504, -26.31599998474121, 16.416000366210938, 10.403999328613281, -48.204002380371094, 25.775999069213867] joint_vel=[1.350000023841858, 0.6299999952316284, -0.9900000095367432, 0.0, 4.680000305175781, -0.27000001072883606] imu_ang_vel=[0.005450600758194923, -0.0006995266303420067, -0.013100086711347103] imu_quat_wxyz=[0.7477839589118958, 0.009260408580303192, -0.019373254850506783, -0.6635949015617371] status=0x8103
joint_pos=[9.251999855041504, -26.31599998474121, 16.3799991607666, 10.403999328613281, -48.167999267578125, 25.70400047302246] joint_vel=[0.27000001072883606, 0.27000001072883606, -1.7999999523162842, 0.0, 3.509999990463257, -4.5] imu_ang_vel=[-0.0004083532840013504, -0.0028300550766289234, -0.003512708470225334] imu_quat_wxyz=[0.7477244734764099, 0.009286144748330116, -0.019422421231865883, -0.6636601090431213] status=0x8103
joint_pos=[9.251999855041504, -26.279998779296875, 16.3439998626709, 10.403999328613281, -47.98800277709961, 25.631999969482422] joint_vel=[-1.2599999904632568, 2.069999933242798, -1.8899999856948853, 0.0, 8.010000228881836, -0.8999999761581421] imu_ang_vel=[-0.0004083532840013504, -0.011352170258760452, -0.006175869610160589] imu_quat_wxyz=[0.7477155923843384, 0.009267368353903294, -0.019438140094280243, -0.6636698842048645] status=0x8103
joint_pos=[9.251999855041504, -26.243999481201172, 16.308000564575195, 10.403999328613281, -47.880001068115234, 25.560001373291016] joint_vel=[0.27000001072883606, 2.880000114440918, -0.9900000095367432, 0.0, 2.880000114440918, -4.409999847412109] imu_ang_vel=[-0.0004083532840013504, -0.010819537565112114, -0.007773765828460455] imu_quat_wxyz=[0.7476744651794434, 0.00912740733474493, -0.019567247480154037, -0.6637143492698669] status=0x8103
joint_pos=[9.251999855041504, -26.172000885009766, 16.308000564575195, 10.403999328613281, -47.73599624633789, 25.487998962402344] joint_vel=[0.36000001430511475, 0.7200000286102295, -1.0800000429153442, 0.09000000357627869, 7.46999979019165, -0.27000001072883606] imu_ang_vel=[0.0033200718462467194, -0.0044279517605900764, -0.007241133600473404] imu_quat_wxyz=[0.7476303577423096, 0.009048786014318466, -0.019632719457149506, -0.6637631058692932] status=0x8103
joint_pos=[9.251999855041504, -26.13599967956543, 16.272001266479492, 10.403999328613281, -47.592002868652344, 25.416000366210938] joint_vel=[0.9900000095367432, 2.25, -1.350000023841858, 0.09000000357627869, 4.680000305175781, -5.309999942779541] imu_ang_vel=[-0.003071513958275318, 0.0014310022816061974, 0.010335728526115417] imu_quat_wxyz=[0.7476250529289246, 0.009034448303282261, -0.01966981217265129, -0.6637682914733887] status=0x8103
joint_pos=[9.251999855041504, -26.099998474121094, 16.200000762939453, 10.403999328613281, -47.447998046875, 25.3439998626709] joint_vel=[-0.0, 1.8899999856948853, -0.7200000286102295, 0.0, 3.5999999046325684, -0.809999942779541] imu_ang_vel=[-0.009463099762797356, 0.009953116998076439, 0.010868360288441181] imu_quat_wxyz=[0.7476964592933655, 0.008992022834718227, -0.019573992118239403, -0.6636912822723389] status=0x8103
joint_pos=[9.251999855041504, -26.064001083374023, 16.163999557495117, 10.403999328613281, -47.340003967285156, 25.272001266479492] joint_vel=[0.7200000286102295, 0.09000000357627869, -1.2599999904632568, 0.09000000357627869, 1.619999885559082, -4.139999866485596] imu_ang_vel=[-0.012658893130719662, 0.0094204843044281, 0.01725994609296322] imu_quat_wxyz=[0.7478047609329224, 0.00899453368037939, -0.01944379135966301, -0.6635730266571045] status=0x8103
joint_pos=[9.251999855041504, -26.027999877929688, 16.163999557495117, 10.403999328613281, -47.15999984741211, 25.200000762939453] joint_vel=[0.8999999761581421, 1.9800000190734863, -0.8999999761581421, 0.0, 10.260000228881836, -2.430000066757202] imu_ang_vel=[-0.009463099762797356, 0.0019636342767626047, 0.00021571668912656605] imu_quat_wxyz=[0.747904896736145, 0.00895632803440094, -0.019332045689225197, -0.6634639501571655] status=0x8103
joint_pos=[9.251999855041504, -25.992000579833984, 16.128000259399414, 10.403999328613281, -46.97999954223633, 25.09200096130371] joint_vel=[0.44999998807907104, 3.06000018119812, -1.709999918937683, 0.27000001072883606, 2.9700000286102295, -7.650000095367432] imu_ang_vel=[0.00012427940964698792, -0.00496058352291584, -0.009904294274747372] imu_quat_wxyz=[0.7478876709938049, 0.00886677484959364, -0.01927073486149311, -0.6634863615036011] status=0x8103
joint_pos=[9.288000106811523, -25.95599937438965, 16.055999755859375, 10.403999328613281, -46.87199783325195, 25.055999755859375] joint_vel=[0.09000000357627869, 3.9600000381469727, 0.18000000715255737, 0.0, 2.609999895095825, -1.8899999856948853] imu_ang_vel=[-0.010528364218771458, -0.028396399691700935, -0.02322009950876236] imu_quat_wxyz=[0.747786819934845, 0.008792348206043243, -0.019372453913092613, -0.6635980606079102] status=0x8103
joint_pos=[9.288000106811523, -25.919998168945312, 16.055999755859375, 10.403999328613281, -46.72800064086914, 24.948001861572266] joint_vel=[-0.0, 0.7200000286102295, -0.6299999952316284, -0.809999942779541, 7.650000095367432, -11.25] imu_ang_vel=[-0.012658893130719662, -0.02626587077975273, -0.017361145466566086] imu_quat_wxyz=[0.7476353645324707, 0.008487032726407051, -0.01952102780342102, -0.6637683510780334] status=0x8103
joint_pos=[9.288000106811523, -25.884000778198242, 16.020000457763672, 10.403999328613281, -46.47599792480469, 24.875999450683594] joint_vel=[-0.0, 1.9800000190734863, -1.440000057220459, 0.09000000357627869, 11.15999984741211, -3.690000057220459] imu_ang_vel=[-0.006799939088523388, -0.01987428404390812, -0.03014431707561016] imu_quat_wxyz=[0.7474833130836487, 0.00835335347801447, -0.019607318565249443, -0.6639387011528015] status=0x8103
joint_pos=[9.288000106811523, -25.884000778198242, 15.983999252319336, 10.403999328613281, -46.439998626708984, 24.803998947143555] joint_vel=[-0.0, 2.069999933242798, -1.350000023841858, 0.0, 3.509999990463257, -4.680000305175781] imu_ang_vel=[-0.0025388821959495544, -0.015080595389008522, -0.03387274220585823] imu_quat_wxyz=[0.7472923994064331, 0.0081755006685853, -0.019727589562535286, -0.664152204990387] status=0x8103
joint_pos=[9.288000106811523, -25.775999069213867, 15.911999702453613, 10.403999328613281, -46.2599983215332, 24.73200035095215] joint_vel=[-0.0, 14.309999465942383, -3.690000057220459, 0.09000000357627869, 6.390000343322754, -1.8899999856948853] imu_ang_vel=[-0.017452582716941833, -0.007091112434864044, -0.029611686244606972] imu_quat_wxyz=[0.7470676898956299, 0.008020954206585884, -0.019776955246925354, -0.664405345916748] status=0x8103
joint_pos=[9.288000106811523, -25.740001678466797, 15.911999702453613, 10.403999328613281, -46.044002532958984, 24.624000549316406] joint_vel=[-0.0, 0.36000001430511475, -1.619999885559082, 0.0, 9.539999961853027, -4.860000133514404] imu_ang_vel=[-0.008397836238145828, 0.0019636342767626047, -0.01895904168486595] imu_quat_wxyz=[0.7468905448913574, 0.007867660373449326, -0.019718432798981667, -0.6646080613136292] status=0x8103
joint_pos=[9.288000106811523, -25.740001678466797, 15.87600040435791, 10.403999328613281, -45.93600082397461, 24.552000045776367] joint_vel=[0.18000000715255737, 0.27000001072883606, -1.619999885559082, 0.0, 20.610000610351562, -5.309999942779541] imu_ang_vel=[-0.016919950023293495, 0.007822588086128235, -0.021622201427817345] imu_quat_wxyz=[0.7467333078384399, 0.007780104409903288, -0.0195563193410635, -0.6647905111312866] status=0x8103
joint_pos=[9.288000106811523, -25.70400047302246, 15.84000015258789, 10.403999328613281, -45.75600051879883, 24.48000144958496] joint_vel=[1.2599999904632568, 3.3299999237060547, -1.619999885559082, -0.09000000357627869, 20.34000015258789, -1.709999918937683] imu_ang_vel=[-0.003071513958275318, -0.007091112434864044, -0.028013788163661957] imu_quat_wxyz=[0.7466373443603516, 0.007730592507869005, -0.019481603056192398, -0.664901077747345] status=0x8103
joint_pos=[9.288000106811523, -25.595998764038086, 15.767999649047852, 10.403999328613281, -45.57600021362305, 24.30000114440918] joint_vel=[-0.0, 0.09000000357627869, -9.720000267028809, -0.09000000357627869, 6.750000476837158, -6.03000020980835] imu_ang_vel=[0.019831670448184013, -0.024135341867804527, -0.021089570596814156] imu_quat_wxyz=[0.7464926838874817, 0.0077103315852582455, -0.0196505319327116, -0.6650587916374207] status=0x8103
joint_pos=[9.288000106811523, -25.595998764038086, 15.767999649047852, 10.403999328613281, -45.432003021240234, 24.191999435424805] joint_vel=[-0.0, 1.709999918937683, -0.7200000286102295, 0.0, 2.880000114440918, 0.6299999952316284] imu_ang_vel=[0.011842185631394386, -0.01934165321290493, 0.02365153096616268] imu_quat_wxyz=[0.7464272975921631, 0.0076936897821724415, -0.019799185916781425, -0.6651279330253601] status=0x8103
joint_pos=[9.288000106811523, -25.52400016784668, 15.731999397277832, 10.403999328613281, -45.28799819946289, 24.156002044677734] joint_vel=[0.18000000715255737, 1.8899999856948853, -2.700000047683716, 0.0, 5.670000076293945, -4.680000305175781] imu_ang_vel=[-0.024909432977437973, -0.0076237451285123825, 0.03749996796250343] imu_quat_wxyz=[0.7466226816177368, 0.007514054886996746, -0.02008560672402382, -0.6649020910263062] status=0x8103
joint_pos=[9.288000106811523, -25.52400016784668, 15.696000099182129, 10.403999328613281, -45.0359992980957, 24.04800033569336] joint_vel=[-0.0, 0.809999942779541, -1.619999885559082, 0.0, 23.1299991607666, -2.609999895095825] imu_ang_vel=[-0.005734674632549286, 0.03924788534641266, 0.009803096763789654] imu_quat_wxyz=[0.7468618750572205, 0.007464774418622255, -0.019941451027989388, -0.6646382808685303] status=0x8103
joint_pos=[9.288000106811523, -25.487998962402344, 15.624000549316406, 10.403999328613281, -44.89200210571289, 23.90399932861328] joint_vel=[-0.0, -0.09000000357627869, -1.1700000762939453, 0.18000000715255737, 8.279999732971191, -4.409999847412109] imu_ang_vel=[0.01770113967359066, -0.0033626873046159744, -0.0013821797911077738] imu_quat_wxyz=[0.7469059228897095, 0.0074679371900856495, -0.019783558323979378, -0.6645933985710144] status=0x8103
joint_pos=[9.288000106811523, -25.45199966430664, 15.58799934387207, 10.403999328613281, -44.74800109863281, 23.867998123168945] joint_vel=[-0.0, 0.5400000214576721, -1.53000009059906, 0.0, 4.139999866485596, -4.5] imu_ang_vel=[-0.009995732456445694, -0.020406916737556458, -0.017361145466566086] imu_quat_wxyz=[0.7468055486679077, 0.00742030143737793, -0.019893977791070938, -0.6647034883499146] status=0x8103
joint_pos=[9.288000106811523, -25.416000366210938, 15.552000045776367, 10.368000030517578, -44.56800079345703, 23.760000228881836] joint_vel=[0.27000001072883606, 2.5199999809265137, -1.53000009059906, -1.619999885559082, 9.09000015258789, -0.6299999952316284] imu_ang_vel=[-0.006799939088523388, -0.0012321588583290577, -0.007241134066134691] imu_quat_wxyz=[0.7467439770698547, 0.007267744746059179, -0.01998823508620262, -0.664771556854248] status=0x8103
joint_pos=[9.324000358581543, -25.3439998626709, 15.515999794006348, 10.368000030517578, -44.35200119018555, 23.68800163269043] joint_vel=[1.0800000429153442, 11.609999656677246, -5.21999979019165, 0.36000001430511475, 8.460000038146973, -5.579999923706055] imu_ang_vel=[-0.01851784624159336, 0.021138392388820648, -0.021622201427817345] imu_quat_wxyz=[0.7466444969177246, 0.0071756914258003235, -0.019851328805088997, -0.664888322353363] status=0x8103
joint_pos=[9.324000358581543, -25.307998657226562, 15.480000495910645, 10.368000030517578, -44.24399948120117, 23.579999923706055] joint_vel=[0.27000001072883606, 0.44999998807907104, -1.1700000762939453, -1.0800000429153442, 8.730000495910645, -3.5999999046325684] imu_ang_vel=[-0.006799939088523388, 0.017942599952220917, -0.028013790026307106] imu_quat_wxyz=[0.746540367603302, 0.00725974328815937, -0.0197020061314106, -0.6650087833404541] status=0x8103
joint_pos=[9.360000610351562, -25.272001266479492, 15.444000244140625, 10.368000030517578, -43.95600128173828, 23.472000122070312] joint_vel=[1.350000023841858, 3.419999837875366, -1.53000009059906, 0.9900000095367432, 13.139999389648438, -1.350000023841858] imu_ang_vel=[0.023027462884783745, 0.0019636342767626047, -0.014165351167321205] imu_quat_wxyz=[0.7463075518608093, 0.0074998848140239716, -0.019404534250497818, -0.6652761697769165] status=0x8103
joint_pos=[9.360000610351562, -25.163999557495117, 15.408000946044922, 10.368000030517578, -43.847999572753906, 23.36400032043457] joint_vel=[-0.09000000357627869, -0.27000001072883606, -1.619999885559082, -1.440000057220459, 1.8899999856948853, -10.170000076293945] imu_ang_vel=[0.0065158661454916, -0.028929030522704124, -0.03387274220585823] imu_quat_wxyz=[0.746134340763092, 0.007546029984951019, -0.01950356736779213, -0.6654670238494873] status=0x8103
joint_pos=[9.360000610351562, -25.163999557495117, 15.371999740600586, 10.368000030517578, -43.59600067138672, 23.29199981689453] joint_vel=[-0.18000000715255737, 0.27000001072883606, -1.709999918937683, 0.0, 15.300000190734863, -3.870000123977661] imu_ang_vel=[-0.024376800283789635, -0.016678491607308388, -0.02641589194536209] imu_quat_wxyz=[0.7459673285484314, 0.007410733960568905, -0.01980545185506344, -0.6656467318534851] status=0x8103
joint_pos=[9.360000610351562, -25.12799835205078, 15.335999488830566, 10.368000030517578, -43.41600036621094, 23.18400001525879] joint_vel=[0.09000000357627869, 3.9600000381469727, -1.1700000762939453, -0.5400000214576721, 3.870000123977661, -2.069999933242798] imu_ang_vel=[0.008646393194794655, -0.04117957502603531, -0.023752732202410698] imu_quat_wxyz=[0.7457700371742249, 0.007097073830664158, -0.019809775054454803, -0.6658710241317749] status=0x8103
joint_pos=[9.360000610351562, -25.020000457763672, 15.300000190734863, 10.368000030517578, -43.30800247192383, 23.075998306274414] joint_vel=[2.069999933242798, -0.809999942779541, -1.8899999856948853, 0.0, 4.769999980926514, -13.589999198913574] imu_ang_vel=[-0.010528364218771458, -0.028396399691700935, -0.02748115547001362] imu_quat_wxyz=[0.7455635666847229, 0.006821268238127232, -0.020035363733768463, -0.6660982966423035] status=0x8103
joint_pos=[9.395999908447266, -25.020000457763672, 15.263999938964844, 10.368000030517578, -43.02000045776367, 23.003999710083008] joint_vel=[1.0800000429153442, 0.7200000286102295, -2.7899999618530273, 0.809999942779541, 10.800000190734863, -5.309999942779541] imu_ang_vel=[-0.013191524893045425, -0.0006995266303420067, -0.03387274220585823] imu_quat_wxyz=[0.7453976273536682, 0.0067122201435267925, -0.020178524777293205, -0.6662808656692505] status=0x8103
joint_pos=[9.395999908447266, -24.983999252319336, 15.191999435424805, 10.368000030517578, -42.875999450683594, 22.8960018157959] joint_vel=[0.27000001072883606, 2.609999895095825, -0.5400000214576721, 0.09000000357627869, 2.069999933242798, -2.609999895095825] imu_ang_vel=[0.008646393194794655, -0.03319008648395538, -0.01949167437851429] imu_quat_wxyz=[0.7451781034469604, 0.006571536418050528, -0.020189041271805763, -0.6665274500846863] status=0x8103
joint_pos=[9.395999908447266, -24.948001861572266, 15.156000137329102, 10.368000030517578, -42.69600296020508, 22.788000106811523] joint_vel=[-0.0, 0.8999999761581421, -2.1600000858306885, 0.09000000357627869, 8.640000343322754, -2.700000047683716] imu_ang_vel=[-0.006799939088523388, -0.0555606409907341, -0.02322009950876236] imu_quat_wxyz=[0.7449923753738403, 0.006233676336705685, -0.020401818677783012, -0.6667318344116211] status=0x8103
joint_pos=[9.395999908447266, -24.91200065612793, 15.04800033569336, 10.368000030517578, -42.444000244140625, 22.716001510620117] joint_vel=[-1.1700000762939453, 2.880000114440918, -12.15000057220459, 0.0, 6.300000190734863, -5.760000228881836] imu_ang_vel=[-0.04461682587862015, -0.05183221399784088, -0.040264327079057693] imu_quat_wxyz=[0.7449184060096741, 0.006029166281223297, -0.020591331645846367, -0.6668105125427246] status=0x8103
joint_pos=[9.395999908447266, -24.875999450683594, 15.04800033569336, 10.368000030517578, -42.29999923706055, 22.607999801635742] joint_vel=[-0.44999998807907104, 0.5400000214576721, -1.7999999523162842, 0.44999998807907104, 4.949999809265137, -4.949999809265137] imu_ang_vel=[-0.013191524893045425, -0.05502800643444061, -0.02002430520951748] imu_quat_wxyz=[0.7447130084037781, 0.005506207700818777, -0.020787790417671204, -0.6670383214950562] status=0x8103
joint_pos=[9.395999908447266, -24.84000015258789, 14.97599983215332, 10.331999778747559, -42.08399963378906, 22.5] joint_vel=[0.809999942779541, 5.309999942779541, -2.430000066757202, -0.8999999761581421, 18.540000915527344, -2.3400001525878906] imu_ang_vel=[0.0017221756279468536, -0.0507669523358345, -0.014697982929646969] imu_quat_wxyz=[0.7445738911628723, 0.005012329667806625, -0.02132122591137886, -0.6671807169914246] status=0x8103
joint_pos=[9.395999908447266, -24.73200035095215, 14.9399995803833, 10.331999778747559, -41.86800003051758, 22.392000198364258] joint_vel=[0.8999999761581421, 0.6299999952316284, -2.3400001525878906, 0.809999942779541, 5.130000114440918, -7.019999980926514] imu_ang_vel=[-0.04621472209692001, -0.06674591451883316, -0.02002430520951748] imu_quat_wxyz=[0.7444355487823486, 0.004587908275425434, -0.021530617028474808, -0.6673314571380615] status=0x8103
joint_pos=[9.432000160217285, -24.695999145507812, 14.904000282287598, 10.331999778747559, -41.7239990234375, 22.284000396728516] joint_vel=[-0.0, 1.8899999856948853, -1.0800000429153442, 0.6299999952316284, 7.380000114440918, -5.940000057220459] imu_ang_vel=[-0.03236628323793411, -0.04384273290634155, -0.023752732202410698] imu_quat_wxyz=[0.7443230152130127, 0.003959559835493565, -0.021752238273620605, -0.6674537658691406] status=0x8103
joint_pos=[9.432000160217285, -24.588001251220703, 14.868000030517578, 10.331999778747559, -41.435997009277344, 22.176000595092773] joint_vel=[0.36000001430511475, 3.06000018119812, -2.069999933242798, -1.1700000762939453, 11.34000015258789, -1.709999918937683] imu_ang_vel=[-0.00786520354449749, -0.035853251814842224, -0.02694852463901043] imu_quat_wxyz=[0.74415522813797, 0.003406766802072525, -0.022000612691044807, -0.6676356792449951] status=0x8103
joint_pos=[9.432000160217285, -24.588001251220703, 14.760000228881836, 10.368000030517578, -41.327999114990234, 22.0679988861084] joint_vel=[-0.09000000357627869, 0.18000000715255737, -15.119999885559082, 0.18000000715255737, 2.609999895095825, -1.53000009059906] imu_ang_vel=[-0.031833648681640625, -0.07153960317373276, -0.03440537303686142] imu_quat_wxyz=[0.7439226508140564, 0.0028392651583999395, -0.02226870507001877, -0.6678886413574219] status=0x8103
joint_pos=[9.432000160217285, -24.552000045776367, 14.760000228881836, 10.368000030517578, -41.040000915527344, 21.88800048828125] joint_vel=[-0.0, 4.230000019073486, -2.1600000858306885, 2.1600000858306885, 19.260000228881836, -10.260000228881836] imu_ang_vel=[-0.0190504789352417, -0.08006172627210617, -0.0445253811776638] imu_quat_wxyz=[0.7441765666007996, 0.002315193647518754, -0.02275944873690605, -0.6675911545753479] status=0x8103
joint_pos=[9.432000160217285, -24.48000144958496, 14.688000679016113, 10.368000030517578, -40.86000061035156, 21.81599998474121] joint_vel=[-0.0, -2.700000047683716, -1.8899999856948853, 0.0, 2.25, -5.400000095367432] imu_ang_vel=[-0.030768387019634247, -0.08272487670183182, -0.04292748495936394] imu_quat_wxyz=[0.743842601776123, 0.0017480481183156371, -0.023149464279413223, -0.6679515242576599] status=0x8103
joint_pos=[9.432000160217285, -24.48000144958496, 14.651999473571777, 10.368000030517578, -40.715999603271484, 21.70800018310547] joint_vel=[-0.6299999952316284, 1.709999918937683, -0.5400000214576721, 1.53000009059906, 7.650000095367432, -5.849999904632568] imu_ang_vel=[-0.03662733733654022, -0.04810378700494766, -0.03014431707561016] imu_quat_wxyz=[0.7435964345932007, 0.0011257934384047985, -0.023471787571907043, -0.6682156920433044] status=0x8103
joint_pos=[9.432000160217285, -24.444000244140625, 14.61600112915039, 10.368000030517578, -40.391998291015625, 21.600000381469727] joint_vel=[0.44999998807907104, 2.069999933242798, -1.709999918937683, -1.1700000762939453, 7.559999942779541, -1.619999885559082] imu_ang_vel=[-0.01851784624159336, -0.03052692674100399, -0.015230615623295307] imu_quat_wxyz=[0.7434147596359253, 0.00048701249761506915, -0.02361992374062538, -0.6684132814407349] status=0x8103
joint_pos=[9.432000160217285, -24.371999740600586, 14.543999671936035, 10.331999778747559, -40.284000396728516, 21.45599937438965] joint_vel=[0.09000000357627869, 3.7799999713897705, -2.069999933242798, -1.53000009059906, 5.940000057220459, -1.1700000762939453] imu_ang_vel=[-0.035562075674533844, -0.04916905611753464, -0.009371661581099033] imu_quat_wxyz=[0.7432847023010254, -9.617453906685114e-05, -0.023702653124928474, -0.6685552000999451] status=0x8103
joint_pos=[9.432000160217285, -24.30000114440918, 14.471999168395996, 10.331999778747559, -39.996002197265625, 21.312000274658203] joint_vel=[-0.0, -0.18000000715255737, -1.53000009059906, 0.0, 10.800000190734863, -7.46999979019165] imu_ang_vel=[-0.02277890406548977, -0.05928906798362732, -0.00031691548065282404] imu_quat_wxyz=[0.7434749007225037, -0.0006879832944832742, -0.023929644376039505, -0.6683352589607239] status=0x8103
joint_pos=[9.432000160217285, -24.30000114440918, 14.471999168395996, 10.331999778747559, -39.85199737548828, 21.275999069213867] joint_vel=[-0.0, 2.25, -1.440000057220459, 0.0, 3.3299999237060547, -5.760000228881836] imu_ang_vel=[-0.035562075674533844, -0.060886964201927185, 0.0023462451063096523] imu_quat_wxyz=[0.7434741258621216, -0.0011300395708531141, -0.02417207509279251, -0.6683267951011658] status=0x8103
joint_pos=[9.432000160217285, -24.156002044677734, 14.435999870300293, 10.331999778747559, -39.56399917602539, 21.168001174926758] joint_vel=[-0.0, 11.699999809265137, -1.2599999904632568, 0.0, 8.730000495910645, -5.490000247955322] imu_ang_vel=[-0.038225237280130386, -0.05822380632162094, -0.002980076242238283] imu_quat_wxyz=[0.7434967756271362, -0.0017440407536923885, -0.02441949024796486, -0.6682912707328796] status=0x8103
joint_pos=[9.432000160217285, -24.1200008392334, 14.399999618530273, 10.331999778747559, -39.347999572753906, 21.02400016784668] joint_vel=[0.18000000715255737, 1.709999918937683, -2.1600000858306885, 0.809999942779541, 8.1899995803833, -4.230000019073486] imu_ang_vel=[-0.02650732919573784, -0.06355012208223343, -0.0008495476795360446] imu_quat_wxyz=[0.7434677481651306, -0.0024915391113609076, -0.024672482162714005, -0.6683119535446167] status=0x8103
joint_pos=[9.468000411987305, -24.083999633789062, 14.32800006866455, 10.331999778747559, -39.167999267578125, 20.8799991607666] joint_vel=[0.9900000095367432, 2.9700000286102295, -1.350000023841858, 0.0, 13.679999351501465, -3.870000123977661] imu_ang_vel=[-0.005202041938900948, -0.06674591451883316, -0.0013821797911077738] imu_quat_wxyz=[0.7434310913085938, -0.0031988515984266996, -0.025056585669517517, -0.6683353781700134] status=0x8103
joint_pos=[9.468000411987305, -24.04800033569336, 14.292000770568848, 10.331999778747559, -38.880001068115234, 20.77199935913086] joint_vel=[0.18000000715255737, 0.27000001072883606, -2.430000066757202, 0.0, 13.139999389648438, -0.9900000095367432] imu_ang_vel=[0.018766405060887337, -0.039049044251441956, 0.02098837122321129] imu_quat_wxyz=[0.7435478568077087, -0.003744565648958087, -0.025598231703042984, -0.6681821346282959] status=0x8103
joint_pos=[9.468000411987305, -24.011999130249023, 14.220000267028809, 10.331999778747559, -38.736000061035156, 20.628000259399414] joint_vel=[-0.0, 1.440000057220459, -11.699999809265137, -1.1700000762939453, 4.590000152587891, -16.469999313354492] imu_ang_vel=[-0.03929050266742706, -0.05982170253992081, 0.023118900135159492] imu_quat_wxyz=[0.7436151504516602, -0.0038373705465346575, -0.025795072317123413, -0.6680991649627686] status=0x8103
joint_pos=[9.468000411987305, -23.976001739501953, 14.184000015258789, 10.331999778747559, -38.48400115966797, 20.520000457763672] joint_vel=[-0.0, 1.440000057220459, -1.7999999523162842, -0.09000000357627869, 25.200000762939453, -14.579999923706055] imu_ang_vel=[-0.02970312163233757, -0.060886964201927185, 0.013531520962715149] imu_quat_wxyz=[0.7438244223594666, -0.0046519204042851925, -0.026085015386343002, -0.6678496599197388] status=0x8103
joint_pos=[9.468000411987305, -23.940000534057617, 14.14799976348877, 10.331999778747559, -38.30400085449219, 20.411998748779297] joint_vel=[-0.0, 2.9700000286102295, -1.7999999523162842, 0.0, 2.430000066757202, -6.03000020980835] imu_ang_vel=[-0.019583111628890038, -0.06621328741312027, 0.0273799579590559] imu_quat_wxyz=[0.743914783000946, -0.005209669470787048, -0.026336807757616043, -0.6677350401878357] status=0x8103
joint_pos=[9.468000411987305, -23.90399932861328, 14.07599925994873, 10.331999778747559, -38.124000549316406, 20.26799964904785] joint_vel=[-0.0, 1.53000009059906, -4.5, -0.36000001430511475, 10.079999923706055, -7.46999979019165] imu_ang_vel=[-0.023311536759138107, -0.06994170695543289, 0.028445221483707428] imu_quat_wxyz=[0.744105875492096, -0.005762407090514898, -0.026705866679549217, -0.6675028800964355] status=0x8103
joint_pos=[9.503999710083008, -23.832000732421875, 14.039999961853027, 10.331999778747559, -37.83599853515625, 20.15999984741211] joint_vel=[1.53000009059906, 5.039999961853027, -1.350000023841858, -0.09000000357627869, 4.320000171661377, -5.760000228881836] imu_ang_vel=[0.002254808321595192, -0.07153960317373276, 0.022053634747862816] imu_quat_wxyz=[0.744283139705658, -0.006419493816792965, -0.027136851102113724, -0.6672818660736084] status=0x8103
joint_pos=[9.503999710083008, -23.7239990234375, 14.003999710083008, 10.331999778747559, -37.62000274658203, 20.01599884033203] joint_vel=[0.5400000214576721, 0.0, -2.069999933242798, 0.0, 28.440000534057617, -5.309999942779541] imu_ang_vel=[-0.016919950023293495, -0.07952908426523209, 0.04975051060318947] imu_quat_wxyz=[0.7444349527359009, -0.007048065774142742, -0.027689743787050247, -0.6670833826065063] status=0x8103
joint_pos=[9.503999710083008, -23.7239990234375, 13.932000160217285, 10.331999778747559, -37.332000732421875, 19.871999740600586] joint_vel=[-0.0, 2.3400001525878906, -9.720000267028809, 0.0, 20.790000915527344, -4.230000019073486] imu_ang_vel=[-0.005734674632549286, -0.04437536746263504, 0.08810002356767654] imu_quat_wxyz=[0.744865894317627, -0.007609834428876638, -0.028186753392219543, -0.6665751338005066] status=0x8103
joint_pos=[9.503999710083008, -23.615999221801758, 13.896000862121582, 10.331999778747559, -37.1879997253418, 19.763999938964844] joint_vel=[0.8999999761581421, 6.210000038146973, -1.9800000190734863, 0.0, 19.529998779296875, -2.25] imu_ang_vel=[0.011309554800391197, -0.02307007648050785, 0.13443902134895325] imu_quat_wxyz=[0.7455385327339172, -0.007977315224707127, -0.02845599129796028, -0.6658070087432861] status=0x8103
joint_pos=[9.503999710083008, -23.579999923706055, 13.859999656677246, 10.331999778747559, -36.900001525878906, 19.619998931884766] joint_vel=[-0.0, 0.9900000095367432, -2.1600000858306885, 0.0, 12.15000057220459, -2.069999933242798] imu_ang_vel=[-0.016387317329645157, -0.025200607255101204, 0.15254852175712585] imu_quat_wxyz=[0.7464110851287842, -0.00827973335981369, -0.028608331456780434, -0.6648184657096863] status=0x8103
joint_pos=[9.503999710083008, -23.54399871826172, 13.824000358581543, 10.331999778747559, -36.75600051879883, 19.47599983215332] joint_vel=[1.619999885559082, 4.230000019073486, -2.5199999809265137, 0.0, 6.750000476837158, -17.90999984741211] imu_ang_vel=[-0.02171364054083824, -0.03745114803314209, 0.1695927381515503] imu_quat_wxyz=[0.7475335001945496, -0.008736072108149529, -0.028676040470600128, -0.6635473370552063] status=0x8103
joint_pos=[9.503999710083008, -23.50800132751465, 13.751999855041504, 10.331999778747559, -36.46800231933594, 19.368000030517578] joint_vel=[-0.44999998807907104, 3.419999837875366, -0.9900000095367432, 0.0, 12.15000057220459, -18.09000015258789] imu_ang_vel=[0.002254808321595192, -0.042777471244335175, 0.21326857805252075] imu_quat_wxyz=[0.7487139105796814, -0.009165429510176182, -0.02879556640982628, -0.6622042655944824] status=0x8103
joint_pos=[9.539999961853027, -23.472000122070312, 13.7160005569458, 10.331999778747559, -36.28799819946289, 19.260000228881836] joint_vel=[-0.27000001072883606, 1.619999885559082, -3.06000018119812, 0.0, 5.039999961853027, -6.03000020980835] imu_ang_vel=[0.002787439152598381, -0.052897483110427856, 0.2335086166858673] imu_quat_wxyz=[0.7501569986343384, -0.00940734799951315, -0.02914021722972393, -0.6605504751205444] status=0x8103
joint_pos=[9.539999961853027, -23.435998916625977, 13.644000053405762, 10.331999778747559, -36.0359992980957, 19.11600112915039] joint_vel=[0.9900000095367432, 2.069999933242798, -2.430000066757202, 0.0, 17.639999389648438, -7.650000095367432] imu_ang_vel=[-0.008397836238145828, -0.053962744772434235, 0.2612054944038391] imu_quat_wxyz=[0.7517899870872498, -0.009804058820009232, -0.029526887461543083, -0.6586682200431824] status=0x8103
joint_pos=[9.539999961853027, -23.328001022338867, 13.572000503540039, 10.331999778747559, -35.85599899291992, 19.007999420166016] joint_vel=[0.44999998807907104, 19.350000381469727, -1.53000009059906, 0.0, 3.3299999237060547, -6.03000020980835] imu_ang_vel=[0.002787439152598381, -0.03265745937824249, 0.2942286729812622] imu_quat_wxyz=[0.7535925507545471, -0.010146692395210266, -0.029852187260985374, -0.6565853953361511] status=0x8103
joint_pos=[9.539999961853027, -23.29199981689453, 13.53600025177002, 10.331999778747559, -35.604000091552734, 18.86400032043457] joint_vel=[0.8999999761581421, 1.2599999904632568, -3.06000018119812, -0.09000000357627869, 20.43000030517578, -3.9600000381469727] imu_ang_vel=[0.009711658582091331, -0.03478798270225525, 0.3320455551147461] imu_quat_wxyz=[0.755662202835083, -0.010503431782126427, -0.03016960620880127, -0.6541820764541626] status=0x8103
joint_pos=[9.539999961853027, -23.255998611450195, 13.46399974822998, 10.295999526977539, -35.38800048828125, 18.756000518798828] joint_vel=[0.36000001430511475, 3.509999990463257, -1.350000023841858, -0.9900000095367432, 20.25, -0.8999999761581421] imu_ang_vel=[0.013440083712339401, -0.0044279517605900764, 0.35707926750183105] imu_quat_wxyz=[0.7578537464141846, -0.010759202763438225, -0.030412353575229645, -0.6516265273094177] status=0x8103
joint_pos=[9.539999961853027, -23.18400001525879, 13.428000450134277, 10.295999526977539, -35.20800018310547, 18.61199951171875] joint_vel=[0.18000000715255737, 0.18000000715255737, -1.7999999523162842, 0.0, 25.649999618530273, -2.7899999618530273] imu_ang_vel=[-0.0025388821959495544, -0.02253744564950466, 0.36986243724823] imu_quat_wxyz=[0.7601849436759949, -0.010929292999207973, -0.03048727661371231, -0.6488990187644958] status=0x8103
joint_pos=[9.576000213623047, -23.148000717163086, 13.392000198364258, 10.295999526977539, -34.955997467041016, 18.468000411987305] joint_vel=[1.1700000762939453, 4.5, -1.709999918937683, -0.27000001072883606, 10.710000038146973, -10.4399995803833] imu_ang_vel=[0.007048496976494789, -0.02733113430440426, 0.3794498145580292] imu_quat_wxyz=[0.7625818252563477, -0.011242805048823357, -0.0306223277002573, -0.646068811416626] status=0x8103
joint_pos=[9.576000213623047, -23.040000915527344, 13.319999694824219, 10.295999526977539, -34.7760009765625, 18.32400131225586] joint_vel=[-0.0, -0.44999998807907104, -2.069999933242798, -0.27000001072883606, 6.300000190734863, -13.229999542236328] imu_ang_vel=[0.01024428941309452, -0.03638588637113571, 0.4018203616142273] imu_quat_wxyz=[0.7638083100318909, -0.01137582492083311, -0.03072313405573368, -0.6446112990379333] status=0x8103
joint_pos=[9.576000213623047, -23.040000915527344, 13.2839994430542, 10.295999526977539, -34.487998962402344, 18.215999603271484] joint_vel=[0.18000000715255737, 0.8999999761581421, -2.700000047683716, -0.9900000095367432, 27.53999900817871, -17.81999969482422] imu_ang_vel=[0.021962197497487068, -0.01987428404390812, 0.40821194648742676] imu_quat_wxyz=[0.7675917744636536, -0.01174011081457138, -0.031092869117856026, -0.6400768756866455] status=0x8103
joint_pos=[9.576000213623047, -22.968000411987305, 13.211999893188477, 10.260000228881836, -34.30799865722656, 18.107999801635742] joint_vel=[0.18000000715255737, 2.5199999809265137, -2.1600000858306885, -0.09000000357627869, 5.400000095367432, -7.650000095367432] imu_ang_vel=[-0.031833648681640625, -0.0076237451285123825, 0.40874457359313965] imu_quat_wxyz=[0.7702189683914185, -0.011774169281125069, -0.031200777739286423, -0.636907160282135] status=0x8103
joint_pos=[9.576000213623047, -22.968000411987305, 13.139999389648438, 10.260000228881836, -34.12800216674805, 18.0] joint_vel=[-0.0, 0.7200000286102295, -2.25, 0.0, 11.789999961853027, -6.929999828338623] imu_ang_vel=[-0.01851784624159336, 0.003028898499906063, 0.405016154050827] imu_quat_wxyz=[0.772825300693512, -0.012120604515075684, -0.03102010115981102, -0.633744478225708] status=0x8103
joint_pos=[9.576000213623047, -22.93199920654297, 13.067999839782715, 10.260000228881836, -33.875999450683594, 17.856000900268555] joint_vel=[0.36000001430511475, -1.53000009059906, -12.780000686645508, 0.0, 5.309999942779541, -5.670000076293945] imu_ang_vel=[-0.01851784624159336, 0.02007312886416912, 0.40927720069885254] imu_quat_wxyz=[0.7753877639770508, -0.012318803928792477, -0.030808789655566216, -0.6306130290031433] status=0x8103
joint_pos=[9.61199951171875, -22.8960018157959, 13.032000541687012, 10.260000228881836, -33.624000549316406, 17.74799919128418] joint_vel=[1.350000023841858, 0.8999999761581421, -1.9800000190734863, -0.27000001072883606, 27.719999313354492, -3.509999990463257] imu_ang_vel=[-0.003604145720601082, 0.018475230783224106, 0.41833198070526123] imu_quat_wxyz=[0.7780108451843262, -0.012470917776226997, -0.030512984842061996, -0.6273856163024902] status=0x8103
joint_pos=[9.61199951171875, -22.823999404907227, 12.996000289916992, 10.260000228881836, -33.40800094604492, 17.604000091552734] joint_vel=[2.25, 4.5, -3.239999771118164, -1.9800000190734863, 7.46999979019165, -0.9900000095367432] imu_ang_vel=[-0.00413677841424942, 0.011551013216376305, 0.3975593149662018] imu_quat_wxyz=[0.7805171608924866, -0.01258935034275055, -0.03043201006948948, -0.6242662072181702] status=0x8103
joint_pos=[9.64799976348877, -22.751998901367188, 12.923999786376953, 10.223999977111816, -33.19200134277344, 17.46000099182129] joint_vel=[-2.7899999618530273, 0.6299999952316284, -7.019999980926514, 0.36000001430511475, 24.48000144958496, -3.1500000953674316] imu_ang_vel=[-0.031301021575927734, -0.0028300555422902107, 0.3970266878604889] imu_quat_wxyz=[0.7829921841621399, -0.012848813086748123, -0.030221642926335335, -0.6211640238761902] status=0x8103
joint_pos=[9.64799976348877, -22.68000030517578, 12.887999534606934, 10.223999977111816, -32.97600173950195, 17.351999282836914] joint_vel=[-0.7200000286102295, 4.680000305175781, -2.430000066757202, 0.0, 7.380000114440918, -2.5199999809265137] imu_ang_vel=[0.009179025888442993, 0.02060575969517231, 0.39063510298728943] imu_quat_wxyz=[0.7854426503181458, -0.013092712499201298, -0.03002738021314144, -0.6180669069290161] status=0x8103
joint_pos=[9.64799976348877, -22.607999801635742, 12.85200023651123, 10.223999977111816, -32.7599983215332, 17.243999481201172] joint_vel=[1.8899999856948853, -0.36000001430511475, -1.350000023841858, 0.36000001430511475, 5.309999942779541, -4.050000190734863] imu_ang_vel=[-0.03715997189283371, 0.0014310022816061974, 0.3815803527832031] imu_quat_wxyz=[0.7878315448760986, -0.013112487271428108, -0.029774639755487442, -0.6150310039520264] status=0x8103
joint_pos=[9.684000015258789, -22.607999801635742, 12.780000686645508, 10.223999977111816, -32.544002532958984, 17.13599967956543] joint_vel=[0.809999942779541, 1.53000009059906, -2.9700000286102295, -0.6299999952316284, 10.260000228881836, -8.010000228881836] imu_ang_vel=[-0.04727998375892639, 0.021138392388820648, 0.36986243724823] imu_quat_wxyz=[0.7901620268821716, -0.013385954312980175, -0.02934500016272068, -0.6120488047599792] status=0x8103
joint_pos=[9.684000015258789, -22.536001205444336, 12.743999481201172, 10.223999977111816, -32.29199981689453, 16.992000579833984] joint_vel=[0.27000001072883606, 4.050000190734863, -2.880000114440918, -1.440000057220459, 6.03000020980835, -6.569999694824219] imu_ang_vel=[-0.046747349202632904, 0.024866817519068718, 0.3496224284172058] imu_quat_wxyz=[0.7923239469528198, -0.01361054740846157, -0.02891491912305355, -0.6092631220817566] status=0x8103
joint_pos=[9.684000015258789, -22.5, 12.67199993133545, 10.223999977111816, -32.14799880981445, 16.847999572753906] joint_vel=[-0.09000000357627869, -0.09000000357627869, -2.3400001525878906, -1.8899999856948853, 6.479999542236328, -6.03000020980835] imu_ang_vel=[-0.03982313349843025, 0.03338893502950668, 0.3458939790725708] imu_quat_wxyz=[0.7944584488868713, -0.013930847868323326, -0.028430521488189697, -0.606492817401886] status=0x8103
joint_pos=[9.684000015258789, -22.463998794555664, 12.636000633239746, 10.223999977111816, -31.860000610351562, 16.739999771118164] joint_vel=[-0.18000000715255737, 0.36000001430511475, -3.9600000381469727, -0.36000001430511475, 6.03000020980835, -2.5199999809265137] imu_ang_vel=[-0.027572594583034515, 0.04723736643791199, 0.3277845084667206] imu_quat_wxyz=[0.7965384721755981, -0.014080218970775604, -0.027941184118390083, -0.6037778854370117] status=0x8103
joint_pos=[9.684000015258789, -22.42799949645996, 12.56399917602539, 10.223999977111816, -31.715999603271484, 16.631999969482422] joint_vel=[-0.18000000715255737, 2.700000047683716, -3.239999771118164, 0.0, 8.369999885559082, -0.6299999952316284] imu_ang_vel=[-0.03929050266742706, 0.032856300473213196, 0.32405608892440796] imu_quat_wxyz=[0.798492431640625, -0.014358598738908768, -0.02747456729412079, -0.6012062430381775] status=0x8103
joint_pos=[9.684000015258789, -22.356000900268555, 12.491999626159668, 10.223999977111816, -31.428001403808594, 16.45199966430664] joint_vel=[-0.09000000357627869, 2.9700000286102295, -10.079999923706055, 0.09000000357627869, 7.559999942779541, -12.15000057220459] imu_ang_vel=[-0.05207367241382599, 0.03232366591691971, 0.34003502130508423] imu_quat_wxyz=[0.8004783391952515, -0.01461923960596323, -0.026878759264945984, -0.5985801815986633] status=0x8103
joint_pos=[9.684000015258789, -22.31999969482422, 12.456000328063965, 10.187999725341797, -31.284000396728516, 16.3799991607666] joint_vel=[0.7200000286102295, 1.2599999904632568, -1.9800000190734863, -0.6299999952316284, 5.849999904632568, -10.710000038146973] imu_ang_vel=[-0.06485684216022491, 0.030193138867616653, 0.34269818663597107] imu_quat_wxyz=[0.8019348382949829, -0.014481200836598873, -0.026292836293578148, -0.5966570377349854] status=0x8103
joint_pos=[9.720000267028809, -22.284000396728516, 12.420000076293945, 10.187999725341797, -31.031999588012695, 16.272001266479492] joint_vel=[0.7200000286102295, 4.230000019073486, -2.25, -0.27000001072883606, 7.740000247955322, -7.110000133514404] imu_ang_vel=[-0.0749768540263176, 0.04297631233930588, 0.3368392586708069] imu_quat_wxyz=[0.8039650917053223, -0.014843877404928207, -0.02550707384943962, -0.5939437747001648] status=0x8103
joint_pos=[9.720000267028809, -22.176000595092773, 12.347999572753906, 10.187999725341797, -30.816001892089844, 16.163999557495117] joint_vel=[0.18000000715255737, 0.18000000715255737, -1.7999999523162842, -0.09000000357627869, 10.710000038146973, -4.050000190734863] imu_ang_vel=[-0.07817264646291733, 0.05362895131111145, 0.3176645040512085] imu_quat_wxyz=[0.8049593567848206, -0.015064187347888947, -0.02508125640451908, -0.5926080942153931] status=0x8103
joint_pos=[9.720000267028809, -22.14000129699707, 12.312000274658203, 10.187999725341797, -30.56399917602539, 16.020000457763672] joint_vel=[-0.0, 2.9700000286102295, -0.9900000095367432, 0.0, 8.819999694824219, -4.050000190734863] imu_ang_vel=[-0.07764001935720444, 0.05309632420539856, 0.29742446541786194] imu_quat_wxyz=[0.8077705502510071, -0.015724865719676018, -0.023739203810691833, -0.5888088941574097] status=0x8103
joint_pos=[9.720000267028809, -22.0679988861084, 12.276000022888184, 10.187999725341797, -30.347999572753906, 15.87600040435791] joint_vel=[-0.09000000357627869, 0.9900000095367432, -2.5199999809265137, 0.0, 20.969999313354492, -2.069999933242798] imu_ang_vel=[-0.05846525728702545, 0.05735737830400467, 0.272390753030777] imu_quat_wxyz=[0.8094807863235474, -0.016113964840769768, -0.02293287217617035, -0.5864771604537964] status=0x8103
joint_pos=[9.720000267028809, -22.0679988861084, 12.204000473022461, 10.187999725341797, -30.168001174926758, 15.767999649047852] joint_vel=[-0.0, 1.8899999856948853, -2.069999933242798, 0.0, 6.659999847412109, -0.8999999761581421] imu_ang_vel=[-0.06112842261791229, 0.05789001286029816, 0.26067283749580383] imu_quat_wxyz=[0.8110482096672058, -0.016436604782938957, -0.022216705605387688, -0.5843262672424316] status=0x8103
joint_pos=[9.720000267028809, -22.031999588012695, 12.131999969482422, 10.187999725341797, -29.8799991607666, 15.624000549316406] joint_vel=[0.18000000715255737, 1.53000009059906, -2.5199999809265137, 0.0, 10.890000343322754, -14.579999923706055] imu_ang_vel=[-0.0657445639371872, 0.04954543709754944, 0.23723703622817993] imu_quat_wxyz=[0.8125191330909729, -0.016750695183873177, -0.02135145477950573, -0.5823025107383728] status=0x8103
joint_pos=[9.720000267028809, -21.96000099182129, 12.0600004196167, 10.152000427246094, -29.700000762939453, 15.552000045776367] joint_vel=[0.8999999761581421, 1.709999918937683, -9.0, -0.36000001430511475, 7.740000247955322, -6.210000038146973] imu_ang_vel=[-0.0936189815402031, 0.022736288607120514, 0.25534653663635254] imu_quat_wxyz=[0.8139389157295227, -0.017053447663784027, -0.02052547037601471, -0.5803372859954834] status=0x8103
joint_pos=[9.756000518798828, -21.96000099182129, 12.02400016784668, 10.152000427246094, -29.447999954223633, 15.444000244140625] joint_vel=[1.619999885559082, 1.440000057220459, -1.350000023841858, -1.1700000762939453, 11.609999656677246, -7.380000114440918] imu_ang_vel=[-0.07817264646291733, 0.012616277672350407, 0.23563914000988007] imu_quat_wxyz=[0.815424919128418, -0.017649298533797264, -0.019779708236455917, -0.5782554745674133] status=0x8103
joint_pos=[9.791999816894531, -21.88800048828125, 11.988000869750977, 10.116000175476074, -29.303998947143555, 15.300000190734863] joint_vel=[-0.09000000357627869, 0.0, -1.440000057220459, -1.440000057220459, 6.12000036239624, -4.230000019073486] imu_ang_vel=[-0.05953052639961243, -0.02307007648050785, 0.20740962028503418] imu_quat_wxyz=[0.8167202472686768, -0.018295610323548317, -0.019422875717282295, -0.5764166712760925] status=0x8103
joint_pos=[9.791999816894531, -21.851999282836914, 11.95199966430664, 10.116000175476074, -29.016000747680664, 15.156000137329102] joint_vel=[1.53000009059906, 2.9700000286102295, -5.130000114440918, 2.7899999618530273, 8.819999694824219, -4.230000019073486] imu_ang_vel=[-0.08935791999101639, -0.03265745937824249, 0.13870006799697876] imu_quat_wxyz=[0.8174377083778381, -0.019106825813651085, -0.019095178693532944, -0.5753833055496216] status=0x8103
joint_pos=[9.791999816894531, -21.744001388549805, 11.916000366210938, 10.079999923706055, -28.836000442504883, 15.012001037597656] joint_vel=[3.419999837875366, 0.9900000095367432, -1.1700000762939453, -0.8999999761581421, 6.839999675750732, -5.21999979019165] imu_ang_vel=[-0.08829265832901001, -0.05236484855413437, 0.04069576412439346] imu_quat_wxyz=[0.8180258870124817, -0.0201464481651783, -0.01890399493277073, -0.5745174884796143] status=0x8103
joint_pos=[9.791999816894531, -21.744001388549805, 11.880000114440918, 10.079999923706055, -28.619998931884766, 14.868000030517578] joint_vel=[2.430000066757202, 0.44999998807907104, -1.350000023841858, -0.44999998807907104, 15.84000015258789, -4.5] imu_ang_vel=[-0.042486295104026794, -0.0076237451285123825, -0.03387274220585823] imu_quat_wxyz=[0.8181185722351074, -0.020986337214708328, -0.01880575716495514, -0.5743586421012878] status=0x8103
joint_pos=[9.791999816894531, -21.70800018310547, 11.844000816345215, 10.079999923706055, -28.404001235961914, 14.795999526977539] joint_vel=[2.1600000858306885, 4.050000190734863, -1.440000057220459, 0.27000001072883606, 5.940000057220459, -2.430000066757202] imu_ang_vel=[-0.012126261368393898, 0.0094204843044281, -0.08713595569133759] imu_quat_wxyz=[0.8177872896194458, -0.02126672863960266, -0.018642762675881386, -0.5748253464698792] status=0x8103
joint_pos=[9.82800006866455, -21.600000381469727, 11.807999610900879, 10.079999923706055, -28.187999725341797, 14.723999977111816] joint_vel=[2.069999933242798, 0.0, -2.25, 0.36000001430511475, 24.84000015258789, -4.680000305175781] imu_ang_vel=[-0.060595788061618805, 0.009953116998076439, -0.14252969622612] imu_quat_wxyz=[0.8171966075897217, -0.02140442281961441, -0.018452096730470657, -0.5756658315658569] status=0x8103
joint_pos=[9.82800006866455, -21.564001083374023, 11.77199935913086, 10.079999923706055, -28.007999420166016, 14.61600112915039] joint_vel=[2.3400001525878906, 2.3400001525878906, -1.9800000190734863, 0.09000000357627869, 7.380000114440918, -3.1500000953674316] imu_ang_vel=[-0.019583111628890038, 0.009953116998076439, -0.16276973485946655] imu_quat_wxyz=[0.8159300684928894, -0.022059304639697075, -0.01777784712612629, -0.5774561166763306] status=0x8103
joint_pos=[9.82800006866455, -21.527999877929688, 11.736000061035156, 10.079999923706055, -27.827999114990234, 14.508000373840332] joint_vel=[0.09000000357627869, 0.7200000286102295, -2.700000047683716, 1.8899999856948853, 5.400000095367432, -4.680000305175781] imu_ang_vel=[-0.006267307326197624, -0.009221641346812248, -0.15531288087368011] imu_quat_wxyz=[0.8149633407592773, -0.022162044420838356, -0.017656831070780754, -0.5788193941116333] status=0x8103
joint_pos=[9.82800006866455, -21.527999877929688, 11.699999809265137, 10.079999923706055, -27.612001419067383, 14.399999618530273] joint_vel=[-0.0, 1.7999999523162842, -1.440000057220459, 2.1600000858306885, 5.490000247955322, -5.940000057220459] imu_ang_vel=[-0.04035576432943344, -0.07526803761720657, -0.14039917290210724] imu_quat_wxyz=[0.8140822052955627, -0.02239927649497986, -0.01788298599421978, -0.5800419449806213] status=0x8103
joint_pos=[9.82800006866455, -21.45599937438965, 11.627999305725098, 10.079999923706055, -27.4320011138916, 14.32800006866455] joint_vel=[-0.0, 1.7999999523162842, -0.7200000286102295, -0.7200000286102295, 6.390000343322754, -4.050000190734863] imu_ang_vel=[-0.03715997189283371, -0.051299579441547394, -0.07754857838153839] imu_quat_wxyz=[0.8133748173713684, -0.023102043196558952, -0.018236981704831123, -0.5809949636459351] status=0x8103
joint_pos=[9.82800006866455, -21.45599937438965, 11.592000007629395, 10.116000175476074, -27.288000106811523, 14.184000015258789] joint_vel=[-0.27000001072883606, 1.619999885559082, -2.5199999809265137, -0.18000000715255737, 5.309999942779541, -0.9900000095367432] imu_ang_vel=[-0.013724157586693764, -0.057158537209033966, -0.03813379630446434] imu_quat_wxyz=[0.8129304051399231, -0.023799695074558258, -0.01858077012002468, -0.5815776586532593] status=0x8103
joint_pos=[9.82800006866455, -21.384000778198242, 11.484000205993652, 10.116000175476074, -27.035999298095703, 14.112000465393066] joint_vel=[-0.09000000357627869, 2.1600000858306885, -10.170000076293945, 3.3299999237060547, 6.12000036239624, -3.7799999713897705] imu_ang_vel=[-0.0259746965020895, -0.08592067658901215, -0.009371661581099033] imu_quat_wxyz=[0.812315046787262, -0.02417563833296299, -0.018635869026184082, -0.5824195742607117] status=0x8103
joint_pos=[9.82800006866455, -21.34800148010254, 11.44800090789795, 10.079999923706055, -26.856000900268555, 14.003999710083008] joint_vel=[-0.0, 0.8999999761581421, -3.419999837875366, -0.36000001430511475, 7.920000076293945, -6.210000038146973] imu_ang_vel=[-0.014256789349019527, -0.08165962249040604, 0.0023462451063096523] imu_quat_wxyz=[0.8122936487197876, -0.02468802221119404, -0.019136643037199974, -0.5824117064476013] status=0x8103
joint_pos=[9.82800006866455, -21.312000274658203, 11.375999450683594, 10.079999923706055, -26.604000091552734, 13.896000862121582] joint_vel=[-0.0, 2.25, -2.880000114440918, -0.8999999761581421, 17.190000534057617, -3.7799999713897705] imu_ang_vel=[-0.0004083532840013504, -0.057158537209033966, 0.008737831376492977] imu_quat_wxyz=[0.8122943639755249, -0.02499694935977459, -0.01944325678050518, -0.5823873281478882] status=0x8103
joint_pos=[9.82800006866455, -21.239999771118164, 11.34000015258789, 10.116000175476074, -26.459999084472656, 13.824000358581543] joint_vel=[-0.18000000715255737, 2.430000066757202, -1.709999918937683, 0.36000001430511475, 6.12000036239624, -1.8899999856948853] imu_ang_vel=[-0.017452582716941833, -0.08165961503982544, -0.007773765828460455] imu_quat_wxyz=[0.8123331069946289, -0.025452103465795517, -0.019974350929260254, -0.5822956562042236] status=0x8103
joint_pos=[9.82800006866455, -21.203998565673828, 11.268000602722168, 10.079999923706055, -26.31599998474121, 13.7160005569458] joint_vel=[-0.0, 1.9800000190734863, -2.609999895095825, 0.0, 4.680000305175781, -6.750000476837158] imu_ang_vel=[-0.023311536759138107, -0.06781118363142014, -0.02322009950876236] imu_quat_wxyz=[0.8122166395187378, -0.02622736617922783, -0.020746048539876938, -0.5823967456817627] status=0x8103
joint_pos=[9.82800006866455, -21.168001174926758, 11.196000099182129, 10.079999923706055, -26.13599967956543, 13.607999801635742] joint_vel=[-0.0, 1.9800000190734863, 0.27000001072883606, -1.1700000762939453, 6.750000476837158, -2.069999933242798] imu_ang_vel=[-0.02970312163233757, -0.018276387825608253, -0.021089570596814156] imu_quat_wxyz=[0.8127705454826355, -0.026628533378243446, -0.021431120112538338, -0.5815802812576294] status=0x8103
joint_pos=[9.82800006866455, -21.09600067138672, 11.15999984741211, 10.079999923706055, -25.847999572753906, 13.500000953674316] joint_vel=[-0.18000000715255737, 1.619999885559082, -2.1600000858306885, 0.44999998807907104, 6.750000476837158, -9.360000610351562] imu_ang_vel=[-0.030768387019634247, -0.02253744564950466, -0.04985170438885689] imu_quat_wxyz=[0.812541663646698, -0.02711648680269718, -0.021467676386237144, -0.5818761587142944] status=0x8103
joint_pos=[9.82800006866455, -21.059999465942383, 11.12399959564209, 10.079999923706055, -25.667999267578125, 13.392000198364258] joint_vel=[-0.0, 0.809999942779541, -1.7999999523162842, 1.350000023841858, 13.229999542236328, -6.03000020980835] imu_ang_vel=[-0.05313893407583237, -0.029461665078997612, -0.07115699350833893] imu_quat_wxyz=[0.8121954798698425, -0.02751734107732773, -0.02141951024532318, -0.582342267036438] status=0x8103
joint_pos=[9.82800006866455, -21.059999465942383, 11.052000045776367, 10.079999923706055, -25.45199966430664, 13.2839994430542] joint_vel=[-0.0, 0.36000001430511475, -1.709999918937683, -0.09000000357627869, 5.039999961853027, -5.579999923706055] imu_ang_vel=[-0.05313893407583237, -0.02733113430440426, -0.11376756429672241] imu_quat_wxyz=[0.8117222189903259, -0.027947742491960526, -0.021260255947709084, -0.5829870700836182] status=0x8103
joint_pos=[9.82800006866455, -21.02400016784668, 11.052000045776367, 10.079999923706055, -25.3439998626709, 13.211999893188477] joint_vel=[-0.0, 1.440000057220459, -1.0800000429153442, -0.09000000357627869, 3.3299999237060547, -2.9700000286102295] imu_ang_vel=[-0.005734674632549286, -0.022004812955856323, -0.1601065695285797] imu_quat_wxyz=[0.8109453916549683, -0.028493117541074753, -0.02136189304292202, -0.5840371251106262] status=0x8103
joint_pos=[9.82800006866455, -20.987998962402344, 11.015999794006348, 10.079999923706055, -25.12799835205078, 13.067999839782715] joint_vel=[0.5400000214576721, 1.440000057220459, -1.53000009059906, 0.0, 9.270000457763672, -8.90999984741211] imu_ang_vel=[-0.04088839888572693, -0.00868900865316391, -0.18514028191566467] imu_quat_wxyz=[0.8102086186408997, -0.028783323243260384, -0.021615251898765564, -0.5850352048873901] status=0x8103
joint_pos=[9.86400032043457, -20.95199966430664, 10.980000495910645, 10.079999923706055, -24.875999450683594, 12.996000289916992] joint_vel=[0.9900000095367432, 0.5400000214576721, -1.1700000762939453, 0.9900000095367432, 6.659999847412109, -6.210000038146973] imu_ang_vel=[-0.07870528101921082, -0.025200607255101204, -0.23201191425323486] imu_quat_wxyz=[0.809055507183075, -0.02908429130911827, -0.021377723664045334, -0.5866227746009827] status=0x8103
joint_pos=[9.86400032043457, -20.95199966430664, 10.944000244140625, 10.079999923706055, -24.73200035095215, 12.887999534606934] joint_vel=[-0.0, 0.7200000286102295, -0.9900000095367432, -1.7999999523162842, 6.929999828338623, -2.700000047683716] imu_ang_vel=[-0.04834524542093277, 0.02060575969517231, -0.21816347539424896] imu_quat_wxyz=[0.8076733350753784, -0.029708635061979294, -0.021143240854144096, -0.588501513004303] status=0x8103
joint_pos=[9.86400032043457, -20.916000366210938, 10.907999992370605, 10.079999923706055, -24.51599884033203, 12.815999984741211] joint_vel=[-0.0, 2.25, -1.9800000190734863, 1.1700000762939453, 22.229999542236328, -2.069999933242798] imu_ang_vel=[-0.0515410378575325, 0.010485748760402203, -0.22029399871826172] imu_quat_wxyz=[0.8063511848449707, -0.030099593102931976, -0.020745692774653435, -0.5903061628341675] status=0x8103
joint_pos=[9.86400032043457, -20.8799991607666, 10.907999992370605, 10.079999923706055, -24.33599853515625, 12.743999481201172] joint_vel=[-0.0, 1.1700000762939453, -0.44999998807907104, -0.18000000715255737, 10.079999923706055, -4.230000019073486] imu_ang_vel=[-0.04035576432943344, -0.00496058352291584, -0.23147928714752197] imu_quat_wxyz=[0.8050607442855835, -0.03028315305709839, -0.02052110992372036, -0.5920633673667908] status=0x8103
joint_pos=[9.86400032043457, -20.807998657226562, 10.872000694274902, 10.079999923706055, -24.191999435424805, 12.67199993133545] joint_vel=[-0.09000000357627869, 2.700000047683716, -0.8999999761581421, -0.09000000357627869, 3.690000057220459, -7.740000247955322] imu_ang_vel=[-0.034496814012527466, -0.0017647910863161087, -0.19046659767627716] imu_quat_wxyz=[0.8036433458328247, -0.030673326924443245, -0.020434388890862465, -0.5939688682556152] status=0x8103
joint_pos=[9.86400032043457, -20.77199935913086, 10.872000694274902, 10.079999923706055, -24.011999130249023, 12.491999626159668] joint_vel=[-0.0, 0.0, -0.36000001430511475, -1.0800000429153442, 5.309999942779541, -21.600000381469727] imu_ang_vel=[-0.08030317723751068, -0.007091112434864044, -0.16703078150749207] imu_quat_wxyz=[0.8025161027908325, -0.03105391561985016, -0.020131791010499, -0.5954816341400146] status=0x8103
joint_pos=[9.86400032043457, -20.736000061035156, 10.835999488830566, 10.079999923706055, -23.832000732421875, 12.420000076293945] joint_vel=[-0.0, 0.809999942779541, -0.9900000095367432, -0.36000001430511475, 6.300000190734863, -5.940000057220459] imu_ang_vel=[-0.06911790370941162, -0.015080595389008522, -0.15850867331027985] imu_quat_wxyz=[0.8015545606613159, -0.031504057347774506, -0.019719889387488365, -0.5967655181884766] status=0x8103
joint_pos=[9.86400032043457, -20.700000762939453, 10.835999488830566, 10.079999923706055, -23.652000427246094, 12.347999572753906] joint_vel=[0.27000001072883606, 2.25, -1.53000009059906, -0.44999998807907104, 16.469999313354492, -2.1600000858306885] imu_ang_vel=[-0.016919950023293495, 0.025932082906365395, -0.11962652206420898] imu_quat_wxyz=[0.8006451725959778, -0.03195695951581001, -0.01951109617948532, -0.5979676842689514] status=0x8103
joint_pos=[9.86400032043457, -20.663999557495117, 10.763999938964844, 10.043999671936035, -23.472000122070312, 12.276000022888184] joint_vel=[-0.0, 1.8899999856948853, -1.1700000762939453, -0.5400000214576721, 8.100000381469727, -0.8999999761581421] imu_ang_vel=[-0.04142102971673012, 0.014214174821972847, -0.1095065176486969] imu_quat_wxyz=[0.7999224662780762, -0.032090868800878525, -0.01922151818871498, -0.5989363789558411] status=0x8103
joint_pos=[9.86400032043457, -20.628000259399414, 10.727999687194824, 10.043999671936035, -23.328001022338867, 12.204000473022461] joint_vel=[0.27000001072883606, 1.350000023841858, -2.3400001525878906, 0.18000000715255737, 1.9800000190734863, -0.7200000286102295] imu_ang_vel=[-0.017985215410590172, -0.0022974228486418724, -0.1185612604022026] imu_quat_wxyz=[0.7991805076599121, -0.03229501470923424, -0.01894707791507244, -0.599923849105835] status=0x8103
joint_pos=[9.899999618530273, -20.591999053955078, 10.692000389099121, 10.043999671936035, -23.18400001525879, 12.131999969482422] joint_vel=[1.0800000429153442, 0.9900000095367432, -0.809999942779541, -0.09000000357627869, 6.479999542236328, -4.139999866485596] imu_ang_vel=[-0.08722739666700363, -0.02253744564950466, -0.09938649833202362] imu_quat_wxyz=[0.798464834690094, -0.03270512446761131, -0.01877688243985176, -0.6008592247962952] status=0x8103
joint_pos=[9.899999618530273, -20.520000457763672, 10.656000137329102, 10.043999671936035, -23.003999710083008, 12.02400016784668] joint_vel=[0.27000001072883606, 1.53000009059906, -2.069999933242798, -0.9900000095367432, 5.21999979019165, -5.039999961853027] imu_ang_vel=[-0.03023575432598591, 0.011551013216376305, -0.13134443759918213] imu_quat_wxyz=[0.7978153228759766, -0.033198148012161255, -0.01846136339008808, -0.6017040014266968] status=0x8103
joint_pos=[9.899999618530273, -20.520000457763672, 10.619999885559082, 10.079999923706055, -22.860000610351562, 11.916000366210938] joint_vel=[0.36000001430511475, 0.27000001072883606, -0.9900000095367432, -1.0800000429153442, 5.039999961853027, -2.430000066757202] imu_ang_vel=[-0.013724157586693764, 0.0024962665047496557, -0.13507285714149475] imu_quat_wxyz=[0.7969921231269836, -0.03344014286994934, -0.018338827416300774, -0.6027843356132507] status=0x8103
joint_pos=[9.899999618530273, -20.520000457763672, 10.584000587463379, 10.079999923706055, -22.716001510620117, 11.880000114440918] joint_vel=[-0.0, -0.6299999952316284, -1.440000057220459, 0.8999999761581421, 6.300000190734863, -3.7799999713897705] imu_ang_vel=[-0.060595788061618805, -0.0076237451285123825, -0.16223710775375366] imu_quat_wxyz=[0.7965728640556335, -0.03348772972822189, -0.01830696314573288, -0.6033368110656738] status=0x8103
joint_pos=[9.899999618530273, -20.483999252319336, 10.54800033569336, 10.043999671936035, -22.536001205444336, 11.844000816345215] joint_vel=[-0.09000000357627869, -0.27000001072883606, -1.1700000762939453, 0.09000000357627869, 8.100000381469727, -2.3400001525878906] imu_ang_vel=[-0.028637858107686043, 0.01740996725857258, -0.15904131531715393] imu_quat_wxyz=[0.7955631613731384, -0.034511372447013855, -0.018028104677796364, -0.6046183705329895] status=0x8103
joint_pos=[9.899999618530273, -20.447999954223633, 10.51200008392334, 10.043999671936035, -22.42799949645996, 11.736000061035156] joint_vel=[-0.0, 1.709999918937683, -0.18000000715255737, 0.09000000357627869, 5.039999961853027, -2.7899999618530273] imu_ang_vel=[-0.034496814012527466, 0.0024962665047496557, -0.14785602688789368] imu_quat_wxyz=[0.794569730758667, -0.03456389904022217, -0.017837919294834137, -0.605925977230072] status=0x8103
joint_pos=[9.899999618530273, -20.447999954223633, 10.51200008392334, 10.079999923706055, -22.284000396728516, 11.699999809265137] joint_vel=[-0.27000001072883606, 1.0800000429153442, -1.2599999904632568, -0.36000001430511475, 4.680000305175781, -2.430000066757202] imu_ang_vel=[-0.03929050266742706, -0.025200607255101204, -0.16649815440177917] imu_quat_wxyz=[0.7936357259750366, -0.03502453491091728, -0.017745785415172577, -0.6071250438690186] status=0x8103
joint_pos=[9.899999618530273, -20.411998748779297, 10.47599983215332, 10.079999923706055, -22.14000129699707, 11.592000007629395] joint_vel=[-0.18000000715255737, 1.619999885559082, -1.2599999904632568, 0.0, 4.680000305175781, -3.419999837875366] imu_ang_vel=[-0.02650732919573784, 0.004094162955880165, -0.17288973927497864] imu_quat_wxyz=[0.7926111221313477, -0.035199981182813644, -0.01777784153819084, -0.6084510087966919] status=0x8103
joint_pos=[9.899999618530273, -20.375999450683594, 10.4399995803833, 10.079999923706055, -22.031999588012695, 11.555999755859375] joint_vel=[-0.0, 6.210000038146973, -0.36000001430511475, 0.09000000357627869, 3.7799999713897705, -1.8899999856948853] imu_ang_vel=[-0.035029441118240356, -0.0065584806725382805, -0.17235711216926575] imu_quat_wxyz=[0.7915443778038025, -0.03555567190051079, -0.017601659521460533, -0.6098225712776184] status=0x8103
joint_pos=[9.899999618530273, -20.34000015258789, 10.4399995803833, 10.043999671936035, -21.88800048828125, 11.44800090789795] joint_vel=[0.36000001430511475, 0.27000001072883606, -0.5400000214576721, -0.809999942779541, 2.880000114440918, -3.239999771118164] imu_ang_vel=[-0.023844167590141296, -0.016678491607308388, -0.18620553612709045] imu_quat_wxyz=[0.7905120253562927, -0.03575293719768524, -0.017572402954101562, -0.6111494302749634] status=0x8103
joint_pos=[9.899999618530273, -20.34000015258789, 10.4399995803833, 10.079999923706055, -21.744001388549805, 11.411999702453613] joint_vel=[-0.0, 0.809999942779541, -0.809999942779541, 1.2599999904632568, 4.409999847412109, -0.809999942779541] imu_ang_vel=[-0.020648375153541565, 0.003028898499906063, -0.1611718386411667] imu_quat_wxyz=[0.7894200086593628, -0.03607562556862831, -0.017556024715304375, -0.6125409007072449] status=0x8103
joint_pos=[9.899999618530273, -20.304000854492188, 10.403999328613281, 10.043999671936035, -21.63599967956543, 11.34000015258789] joint_vel=[0.27000001072883606, 0.809999942779541, -0.6299999952316284, -0.36000001430511475, 3.1500000953674316, -2.700000047683716] imu_ang_vel=[0.005983233451843262, 0.017942599952220917, -0.15850867331027985] imu_quat_wxyz=[0.7884078025817871, -0.03609522432088852, -0.017504535615444183, -0.613843560218811] status=0x8103
joint_pos=[9.935999870300293, -20.304000854492188, 10.403999328613281, 10.043999671936035, -21.492000579833984, 11.34000015258789] joint_vel=[2.069999933242798, 0.7200000286102295, -1.0800000429153442, -0.7200000286102295, 11.070000648498535, -0.09000000357627869] imu_ang_vel=[-0.02970312163233757, -0.00016689440235495567, -0.13880127668380737] imu_quat_wxyz=[0.7875142097473145, -0.036013077944517136, -0.017427876591682434, -0.6149964928627014] status=0x8103
joint_pos=[9.935999870300293, -20.26799964904785, 10.368000030517578, 10.079999923706055, -21.420000076293945, 11.303999900817871] joint_vel=[-0.5400000214576721, 1.7999999523162842, -0.8999999761581421, -0.27000001072883606, 4.860000133514404, -3.3299999237060547] imu_ang_vel=[-0.03236628323793411, -0.03638588637113571, -0.15051919221878052] imu_quat_wxyz=[0.7865998148918152, -0.036350104957818985, -0.017403554171323776, -0.6161465644836426] status=0x8103
joint_pos=[9.935999870300293, -20.23200035095215, 10.331999778747559, 10.079999923706055, -21.312000274658203, 11.196000099182129] joint_vel=[-1.440000057220459, 0.8999999761581421, 0.44999998807907104, 0.0, 3.509999990463257, -0.8999999761581421] imu_ang_vel=[0.018766405060887337, -0.018276387825608253, -0.1473233997821808] imu_quat_wxyz=[0.7856126427650452, -0.036632321774959564, -0.017624828964471817, -0.6173816919326782] status=0x8103
joint_pos=[9.935999870300293, -20.195999145507812, 10.331999778747559, 10.079999923706055, -21.203998565673828, 11.12399959564209] joint_vel=[-0.44999998807907104, 1.0800000429153442, -0.6299999952316284, 0.0, 2.3400001525878906, -3.06000018119812] imu_ang_vel=[-0.04621472209692001, -0.016678491607308388, -0.14998656511306763] imu_quat_wxyz=[0.7846916913986206, -0.036709144711494446, -0.01773563213646412, -0.618544340133667] status=0x8103
joint_pos=[9.935999870300293, -20.195999145507812, 10.295999526977539, 10.079999923706055, -21.059999465942383, 11.12399959564209] joint_vel=[0.27000001072883606, 0.6299999952316284, -0.36000001430511475, 1.440000057220459, 22.40999984741211, -2.25] imu_ang_vel=[-0.007332570850849152, 0.005692059174180031, -0.18460765480995178] imu_quat_wxyz=[0.7837207317352295, -0.037017688155174255, -0.01765689067542553, -0.6197578310966492] status=0x8103
joint_pos=[9.935999870300293, -20.195999145507812, 10.295999526977539, 10.079999923706055, -20.987998962402344, 11.052000045776367] joint_vel=[-0.36000001430511475, 0.6299999952316284, -0.5400000214576721, -0.09000000357627869, 4.320000171661377, -2.700000047683716] imu_ang_vel=[0.007048496976494789, 0.012083645910024643, -0.16703078150749207] imu_quat_wxyz=[0.7825866937637329, -0.03696155920624733, -0.017679788172245026, -0.6211918592453003] status=0x8103
joint_pos=[9.935999870300293, -20.15999984741211, 10.295999526977539, 10.079999923706055, -20.8799991607666, 11.052000045776367] joint_vel=[-0.27000001072883606, 1.350000023841858, -1.0800000429153442, 1.2599999904632568, 3.3299999237060547, -0.0] imu_ang_vel=[-0.008397836238145828, -0.017211124300956726, -0.19153186678886414] imu_quat_wxyz=[0.7815086245536804, -0.036932673305273056, -0.017713747918605804, -0.622548520565033] status=0x8103
joint_pos=[9.935999870300293, -20.124000549316406, 10.260000228881836, 10.043999671936035, -20.77199935913086, 11.015999794006348] joint_vel=[0.9900000095367432, 2.5199999809265137, -0.36000001430511475, -1.350000023841858, 12.600000381469727, -3.1500000953674316] imu_ang_vel=[-0.017985213547945023, -0.04810378700494766, -0.1973908245563507] imu_quat_wxyz=[0.7803177833557129, -0.03715008869767189, -0.017843201756477356, -0.6240238547325134] status=0x8103
joint_pos=[9.935999870300293, -20.124000549316406, 10.260000228881836, 10.043999671936035, -20.736000061035156, 10.944000244140625] joint_vel=[-0.0, 0.44999998807907104, -0.7200000286102295, -0.9900000095367432, 4.230000019073486, -11.15999984741211] imu_ang_vel=[0.004917969927191734, -0.01934165321290493, -0.18141186237335205] imu_quat_wxyz=[0.779059112071991, -0.0375385582447052, -0.01818813383579254, -0.6255612969398499] status=0x8103
joint_pos=[9.935999870300293, -20.08799934387207, 10.223999977111816, 10.043999671936035, -20.628000259399414, 10.907999992370605] joint_vel=[1.2599999904632568, 0.36000001430511475, -0.9900000095367432, -0.44999998807907104, 1.2599999904632568, -1.8899999856948853] imu_ang_vel=[-0.02544206567108631, 0.0014310020487755537, -0.18194448947906494] imu_quat_wxyz=[0.7784957885742188, -0.03755040839314461, -0.01829574815928936, -0.626258373260498] status=0x8103
joint_pos=[9.935999870300293, -20.08799934387207, 10.187999725341797, 10.043999671936035, -20.555999755859375, 10.872000694274902] joint_vel=[1.2599999904632568, -0.18000000715255737, -0.8999999761581421, -1.619999885559082, 4.320000171661377, -0.7200000286102295] imu_ang_vel=[-0.015854686498641968, -0.0006995266303420067, -0.19419503211975098] imu_quat_wxyz=[0.7773779034614563, -0.03760388866066933, -0.01821642369031906, -0.6276445984840393] status=0x8103
joint_pos=[9.935999870300293, -20.08799934387207, 10.187999725341797, 10.043999671936035, -20.483999252319336, 10.835999488830566] joint_vel=[1.619999885559082, 0.44999998807907104, -0.18000000715255737, -1.0800000429153442, 0.5400000214576721, -0.809999942779541] imu_ang_vel=[-0.003604145720601082, -0.0033626873046159744, -0.2117718905210495] imu_quat_wxyz=[0.7754824161529541, -0.0378069169819355, -0.018226945772767067, -0.6299725770950317] status=0x8103
joint_pos=[9.935999870300293, -20.08799934387207, 10.187999725341797, 10.043999671936035, -20.447999954223633, 10.835999488830566] joint_vel=[1.2599999904632568, 0.09000000357627869, 0.0, -0.7200000286102295, 2.3400001525878906, -0.6299999952316284] imu_ang_vel=[-0.012126261368393898, -0.0033626873046159744, -0.2112392634153366] imu_quat_wxyz=[0.7741816639900208, -0.03790474310517311, -0.018352225422859192, -0.6315610408782959] status=0x8103
joint_pos=[9.935999870300293, -20.052000045776367, 10.187999725341797, 10.043999671936035, -20.34000015258789, 10.835999488830566] joint_vel=[0.8999999761581421, 0.0, -0.27000001072883606, -1.619999885559082, 0.18000000715255737, -0.809999942779541] imu_ang_vel=[-0.0004083532840013504, -0.0012321583926677704, -0.20964136719703674] imu_quat_wxyz=[0.7728267908096313, -0.03797778859734535, -0.018396535888314247, -0.6332125663757324] status=0x8103
joint_pos=[9.935999870300293, -20.052000045776367, 10.187999725341797, 10.043999671936035, -20.34000015258789, 10.800000190734863] joint_vel=[-0.0, 0.0, 0.0, -0.36000001430511475, 1.7999999523162842, -1.8899999856948853] imu_ang_vel=[0.0011895429342985153, -0.0076237451285123825, -0.2117718905210495] imu_quat_wxyz=[0.7715031504631042, -0.03795153275132179, -0.018506839871406555, -0.6348229646682739] status=0x8103
joint_pos=[9.935999870300293, -20.052000045776367, 10.187999725341797, 10.043999671936035, -20.304000854492188, 10.800000190734863] joint_vel=[0.27000001072883606, 0.0, 0.0, 0.0, 2.25, -1.2599999904632568] imu_ang_vel=[0.0033200718462467194, -0.015080595389008522, -0.2027171403169632] imu_quat_wxyz=[0.7701730132102966, -0.03799052536487579, -0.01868363469839096, -0.6364285349845886] status=0x8103
joint_pos=[9.935999870300293, -20.052000045776367, 10.187999725341797, 10.043999671936035, -20.23200035095215, 10.763999938964844] joint_vel=[1.440000057220459, 1.2599999904632568, 0.0, -0.36000001430511475, -0.5400000214576721, -2.1600000858306885] imu_ang_vel=[0.005983233451843262, -0.017743756994605064, -0.20804347097873688] imu_quat_wxyz=[0.7688692808151245, -0.03803607448935509, -0.01889256201684475, -0.637994110584259] status=0x8103
joint_pos=[9.935999870300293, -20.052000045776367, 10.187999725341797, 10.043999671936035, -20.195999145507812, 10.763999938964844] joint_vel=[1.8899999856948853, 0.27000001072883606, -0.27000001072883606, -0.18000000715255737, 0.809999942779541, -0.44999998807907104] imu_ang_vel=[0.009711658582091331, -0.021472180262207985, -0.19526028633117676] imu_quat_wxyz=[0.7676329612731934, -0.03816851228475571, -0.019177990034222603, -0.6394646167755127] status=0x8103
joint_pos=[9.935999870300293, -20.01599884033203, 10.152000427246094, 10.043999671936035, -20.15999984741211, 10.763999938964844] joint_vel=[0.9900000095367432, 0.27000001072883606, -0.6299999952316284, 1.350000023841858, 1.0800000429153442, -0.36000001430511475] imu_ang_vel=[0.0065158661454916, -0.017743756994605064, -0.18034659326076508] imu_quat_wxyz=[0.766412615776062, -0.038194525986909866, -0.019456980749964714, -0.6409168243408203] status=0x8103
joint_pos=[9.935999870300293, -20.01599884033203, 10.152000427246094, 10.043999671936035, -20.15999984741211, 10.763999938964844] joint_vel=[1.2599999904632568, -0.09000000357627869, 0.0, -0.36000001430511475, 0.7200000286102295, -0.5400000214576721] imu_ang_vel=[-0.011060995981097221, -0.02626587077975273, -0.1702265739440918] imu_quat_wxyz=[0.7652789354324341, -0.038292158395051956, -0.01971258409321308, -0.6422563791275024] status=0x8103
ONNX startup: move command complete; waiting for measured joints to enter +/-2 deg.
ONNX startup: measured joints reached the default pose; holding before inference.
joint_pos=[9.935999870300293, -20.01599884033203, 10.152000427246094, 10.043999671936035, -20.124000549316406, 10.727999687194824] joint_vel=[0.8999999761581421, -0.09000000357627869, 0.0, -1.0800000429153442, 1.53000009059906, -2.1600000858306885] imu_ang_vel=[-0.02917049080133438, -0.024667974561452866, -0.15051919221878052] imu_quat_wxyz=[0.7642205953598022, -0.038625963032245636, -0.019852448254823685, -0.6434912085533142] status=0x8103
joint_pos=[9.935999870300293, -20.01599884033203, 10.152000427246094, 10.043999671936035, -20.08799934387207, 10.692000389099121] joint_vel=[0.36000001430511475, 0.0, 0.09000000357627869, 0.5400000214576721, -0.09000000357627869, -1.440000057220459] imu_ang_vel=[0.021962197497487068, -0.02253744564950466, -0.13880127668380737] imu_quat_wxyz=[0.7632572054862976, -0.03884993493556976, -0.020009050145745277, -0.6446153521537781] status=0x8103
joint_pos=[9.935999870300293, -20.01599884033203, 10.152000427246094, 10.043999671936035, -20.08799934387207, 10.656000137329102] joint_vel=[0.809999942779541, 0.0, 0.0, -0.44999998807907104, -0.0, -1.440000057220459] imu_ang_vel=[0.014505347236990929, -0.025200607255101204, -0.11643072962760925] imu_quat_wxyz=[0.7624551653862, -0.0388304628431797, -0.02035200409591198, -0.6455541849136353] status=0x8103
joint_pos=[9.935999870300293, -20.01599884033203, 10.152000427246094, 10.043999671936035, -20.08799934387207, 10.656000137329102] joint_vel=[0.18000000715255737, 0.0, 0.0, -0.6299999952316284, -1.350000023841858, -0.18000000715255737] imu_ang_vel=[0.015570612624287605, -0.025733238086104393, -0.11057177186012268] imu_quat_wxyz=[0.7617219686508179, -0.03893449157476425, -0.020700138062238693, -0.6464018821716309] status=0x8103
joint_pos=[9.935999870300293, -20.01599884033203, 10.152000427246094, 10.043999671936035, -20.08799934387207, 10.656000137329102] joint_vel=[0.44999998807907104, 0.0, -0.36000001430511475, 0.809999942779541, -0.809999942779541, 0.809999942779541] imu_ang_vel=[0.01397271640598774, -0.0076237451285123825, -0.09938649833202362] imu_quat_wxyz=[0.7610312700271606, -0.038909003138542175, -0.021001936867833138, -0.6472066044807434] status=0x8103
joint_pos=[9.935999870300293, -20.01599884033203, 10.152000427246094, 10.043999671936035, -20.08799934387207, 10.656000137329102] joint_vel=[-0.09000000357627869, -0.09000000357627869, -0.18000000715255737, -0.5400000214576721, 0.18000000715255737, -0.18000000715255737] imu_ang_vel=[-0.009995732456445694, -0.01614585891366005, -0.08074437081813812] imu_quat_wxyz=[0.7607144713401794, -0.03888888657093048, -0.021084338426589966, -0.6475775837898254] status=0x8103
joint_pos=[9.935999870300293, -20.01599884033203, 10.152000427246094, 10.043999671936035, -20.08799934387207, 10.656000137329102] joint_vel=[-0.09000000357627869, 0.0, 0.09000000357627869, -0.27000001072883606, -0.5400000214576721, -0.27000001072883606] imu_ang_vel=[0.0075811296701431274, -0.007091112434864044, -0.0679612010717392] imu_quat_wxyz=[0.759914219379425, -0.039065632969141006, -0.021253079175949097, -0.6485002636909485] status=0x8103
joint_pos=[9.935999870300293, -20.01599884033203, 10.152000427246094, 10.043999671936035, -20.08799934387207, 10.656000137329102] joint_vel=[-0.09000000357627869, 0.0, -0.36000001430511475, 0.0, -0.09000000357627869, 0.809999942779541] imu_ang_vel=[0.0017221756279468536, -0.0044279517605900764, -0.04079696163535118] imu_quat_wxyz=[0.7595508694648743, -0.039117999374866486, -0.021375464275479317, -0.6489185690879822] status=0x8103
joint_pos=[9.935999870300293, -20.01599884033203, 10.152000427246094, 10.079999923706055, -20.08799934387207, 10.656000137329102] joint_vel=[-0.0, 0.0, 0.0, -0.8999999761581421, 0.18000000715255737, 1.1700000762939453] imu_ang_vel=[0.005450600758194923, -0.009221641346812248, -0.024285363033413887] imu_quat_wxyz=[0.759314239025116, -0.03916078433394432, -0.02145344391465187, -0.6491903066635132] status=0x8103
joint_pos=[9.935999870300293, -20.01599884033203, 10.152000427246094, 10.043999671936035, -20.08799934387207, 10.656000137329102] joint_vel=[0.36000001430511475, 0.0, 0.0, -0.6299999952316284, 0.09000000357627869, -0.0] imu_ang_vel=[0.0033200718462467194, -0.0012321588583290577, -0.006175869610160589] imu_quat_wxyz=[0.7591988444328308, -0.03916655108332634, -0.021541180089116096, -0.6493220329284668] status=0x8103
joint_pos=[9.935999870300293, -20.01599884033203, 10.152000427246094, 10.043999671936035, -20.08799934387207, 10.656000137329102] joint_vel=[-0.09000000357627869, 0.0, 0.09000000357627869, -0.09000000357627869, -0.27000001072883606, 0.5400000214576721] imu_ang_vel=[0.0017221756279468536, -0.0044279517605900764, 0.00021571668912656605] imu_quat_wxyz=[0.7591811418533325, -0.03919171541929245, -0.02156979963183403, -0.6493403315544128] status=0x8103
joint_pos=[9.935999870300293, -20.01599884033203, 10.152000427246094, 10.079999923706055, -20.08799934387207, 10.656000137329102] joint_vel=[-0.27000001072883606, 0.0, -0.09000000357627869, 0.27000001072883606, -0.0, 1.350000023841858] imu_ang_vel=[0.0038527045398950577, 0.0008983700536191463, 0.007672567386180162] imu_quat_wxyz=[0.7592021822929382, -0.039200976490974426, -0.02161194384098053, -0.6493138074874878] status=0x8103
joint_pos=[9.935999870300293, -20.01599884033203, 10.152000427246094, 10.079999923706055, -20.08799934387207, 10.656000137329102] joint_vel=[0.36000001430511475, 0.0, -0.27000001072883606, 0.44999998807907104, 0.09000000357627869, -1.440000057220459] imu_ang_vel=[0.002787439152598381, -0.00016689440235495567, 0.0007483488880097866] imu_quat_wxyz=[0.7591145634651184, -0.03917568176984787, -0.021685540676116943, -0.649415135383606] status=0x8103
joint_pos=[9.935999870300293, -20.01599884033203, 10.152000427246094, 10.043999671936035, -20.08799934387207, 10.656000137329102] joint_vel=[-0.0, 0.0, -0.09000000357627869, 0.0, -0.0, 0.9900000095367432] imu_ang_vel=[0.002254808321595192, 0.005159427411854267, -0.006175869610160589] imu_quat_wxyz=[0.75910484790802, -0.03917788341641426, -0.021704768761992455, -0.649425745010376] status=0x8103
joint_pos=[9.935999870300293, -20.01599884033203, 10.152000427246094, 10.079999923706055, -20.08799934387207, 10.656000137329102] joint_vel=[-1.1700000762939453, 0.0, 0.36000001430511475, 0.44999998807907104, -0.09000000357627869, -0.7200000286102295] imu_ang_vel=[0.0011895429342985153, 0.004094162955880165, -0.011502190493047237] imu_quat_wxyz=[0.759061336517334, -0.03914804384112358, -0.021682852879166603, -0.6494791507720947] status=0x8103
joint_pos=[9.935999870300293, -20.01599884033203, 10.152000427246094, 10.043999671936035, -20.08799934387207, 10.656000137329102] joint_vel=[0.09000000357627869, 0.18000000715255737, 0.0, 0.36000001430511475, -0.0, -0.6299999952316284] imu_ang_vel=[0.0017221756279468536, 0.004094162955880165, -0.013100086711347103] imu_quat_wxyz=[0.7589849829673767, -0.03914434835314751, -0.0216728076338768, -0.6495689153671265] status=0x8103
joint_pos=[9.935999870300293, -20.01599884033203, 10.152000427246094, 10.043999671936035, -20.08799934387207, 10.656000137329102] joint_vel=[0.6299999952316284, 0.0, 0.09000000357627869, 0.44999998807907104, 0.5400000214576721, 0.9900000095367432] imu_ang_vel=[0.0017221756279468536, 0.005159427411854267, -0.006708501372486353] imu_quat_wxyz=[0.7589218616485596, -0.03912195563316345, -0.0216465275734663, -0.6496450304985046] status=0x8103
joint_pos=[9.935999870300293, -20.01599884033203, 10.152000427246094, 10.043999671936035, -20.08799934387207, 10.656000137329102] joint_vel=[-0.44999998807907104, 0.0, 0.18000000715255737, 0.8999999761581421, -0.0, -0.09000000357627869] imu_ang_vel=[0.0011895429342985153, 0.004094162955880165, 0.0007483488880097866] imu_quat_wxyz=[0.7588790655136108, -0.039114199578762054, -0.021631835028529167, -0.649695873260498] status=0x8103
joint_pos=[9.935999870300293, -20.01599884033203, 10.152000427246094, 10.043999671936035, -20.08799934387207, 10.656000137329102] joint_vel=[0.5400000214576721, 0.0, 0.18000000715255737, 0.0, -0.0, 0.18000000715255737] imu_ang_vel=[0.0017221756279468536, 0.0024962665047496557, 0.005542038474231958] imu_quat_wxyz=[0.7588916420936584, -0.039101049304008484, -0.02161392569541931, -0.6496825218200684] status=0x8103
joint_pos=[9.935999870300293, -20.01599884033203, 10.152000427246094, 10.043999671936035, -20.08799934387207, 10.656000137329102] joint_vel=[-0.36000001430511475, 0.0, 0.0, 0.36000001430511475, -0.0, -0.9900000095367432] imu_ang_vel=[0.0033200718462467194, 0.003561530727893114, 0.006074670236557722] imu_quat_wxyz=[0.7589319944381714, -0.03906726837158203, -0.021608814597129822, -0.6496376395225525] status=0x8103
joint_pos=[9.935999870300293, -20.01599884033203, 10.152000427246094, 10.043999671936035, -20.08799934387207, 10.656000137329102] joint_vel=[-0.0, 0.0, 0.0, 0.6299999952316284, -0.09000000357627869, 0.5400000214576721] imu_ang_vel=[0.0033200718462467194, 0.004626795183867216, 0.0028788773342967033] imu_quat_wxyz=[0.758967936038971, -0.039041440933942795, -0.021601099520921707, -0.6495975255966187] status=0x8103
joint_pos=[9.935999870300293, -20.01599884033203, 10.152000427246094, 10.043999671936035, -20.08799934387207, 10.656000137329102] joint_vel=[-0.8999999761581421, 0.0, 0.0, -1.1700000762939453, -0.0, 0.7200000286102295] imu_ang_vel=[0.002254808321595192, 0.0024962665047496557, 0.0007483488880097866] imu_quat_wxyz=[0.7589820623397827, -0.039008960127830505, -0.021587159484624863, -0.6495833992958069] status=0x8103
joint_pos=[9.935999870300293, -20.01599884033203, 10.152000427246094, 10.043999671936035, -20.08799934387207, 10.656000137329102] joint_vel=[-1.709999918937683, 0.0, 0.09000000357627869, -0.6299999952316284, 0.6299999952316284, -0.27000001072883606] imu_ang_vel=[0.0006569121032953262, 0.00036573782563209534, -0.005643237382173538] imu_quat_wxyz=[0.7590683698654175, -0.039040882140398026, -0.021540561690926552, -0.6494821906089783] status=0x8103
joint_pos=[9.935999870300293, -20.01599884033203, 10.152000427246094, 10.043999671936035, -20.08799934387207, 10.656000137329102] joint_vel=[-1.440000057220459, 0.0, 0.18000000715255737, -0.09000000357627869, -0.09000000357627869, -0.7200000286102295] imu_ang_vel=[0.0017221756279468536, 0.003028898499906063, -0.009371661581099033] imu_quat_wxyz=[0.759020209312439, -0.0390343964099884, -0.02153286151587963, -0.6495391726493835] status=0x8103
joint_pos=[9.935999870300293, -20.01599884033203, 10.152000427246094, 10.043999671936035, -20.08799934387207, 10.656000137329102] joint_vel=[-0.809999942779541, 0.0, 0.27000001072883606, 0.8999999761581421, 0.09000000357627869, -0.0] imu_ang_vel=[-0.0009409859776496887, -0.00016689440235495567, -0.009904294274747372] imu_quat_wxyz=[0.758958101272583, -0.039021074771881104, -0.02152911201119423, -0.649612545967102] status=0x8103
joint_pos=[9.935999870300293, -20.01599884033203, 10.152000427246094, 10.043999671936035, -20.08799934387207, 10.656000137329102] joint_vel=[-1.2599999904632568, 0.0, 0.18000000715255737, 0.09000000357627869, 0.6299999952316284, 0.9900000095367432] imu_ang_vel=[-0.0004083532840013504, 0.00036573782563209534, -0.008306398056447506] imu_quat_wxyz=[0.7588964104652405, -0.03903651982545853, -0.021532872691750526, -0.6496837139129639] status=0x8103
joint_pos=[9.935999870300293, -20.01599884033203, 10.152000427246094, 10.043999671936035, -20.08799934387207, 10.656000137329102] joint_vel=[1.0800000429153442, 0.0, 0.09000000357627869, -0.36000001430511475, -0.0, -0.0] imu_ang_vel=[0.0006569121032953262, -0.00016689440235495567, -0.005643237382173538] imu_quat_wxyz=[0.7588485479354858, -0.03903672471642494, -0.02154044806957245, -0.6497393250465393] status=0x8103
joint_pos=[9.935999870300293, -20.01599884033203, 10.152000427246094, 10.043999671936035, -20.08799934387207, 10.656000137329102] joint_vel=[0.809999942779541, 0.0, 0.0, -0.8999999761581421, -0.0, -0.0] imu_ang_vel=[0.0006569121032953262, -0.0012321588583290577, -0.005110605154186487] imu_quat_wxyz=[0.7589595317840576, -0.03910042345523834, -0.02149396389722824, -0.6496073007583618] status=0x8103
joint_pos=[9.935999870300293, -20.01599884033203, 10.152000427246094, 10.043999671936035, -20.08799934387207, 10.656000137329102] joint_vel=[1.0800000429153442, 0.0, 0.0, 0.0, -0.0, 0.6299999952316284] imu_ang_vel=[0.0011895429342985153, -0.00016689440235495567, -0.007773765828460455] imu_quat_wxyz=[0.7589194774627686, -0.03911403939127922, -0.021509340032935143, -0.6496527194976807] status=0x8103
joint_pos=[9.935999870300293, -20.01599884033203, 10.152000427246094, 10.043999671936035, -20.08799934387207, 10.656000137329102] joint_vel=[2.1600000858306885, 0.0, -0.5400000214576721, 0.09000000357627869, -0.0, -0.0] imu_ang_vel=[0.0006569121032953262, -0.0038953199982643127, -0.009904294274747372] imu_quat_wxyz=[0.7588649392127991, -0.03913050889968872, -0.021529745310544968, -0.6497147083282471] status=0x8103
joint_pos=[9.935999870300293, -20.01599884033203, 10.152000427246094, 10.043999671936035, -20.08799934387207, 10.656000137329102] joint_vel=[1.350000023841858, 0.0, 0.0, 0.0, -0.0, 0.809999942779541] imu_ang_vel=[-0.0004083532840013504, -0.00016689440235495567, -0.013100086711347103] imu_quat_wxyz=[0.7587903738021851, -0.039153534919023514, -0.021555382758378983, -0.6497997045516968] status=0x8103
joint_pos=[9.935999870300293, -20.01599884033203, 10.152000427246094, 10.043999671936035, -20.08799934387207, 10.656000137329102] joint_vel=[0.809999942779541, 0.0, 0.09000000357627869, 0.7200000286102295, -0.0, 0.27000001072883606] imu_ang_vel=[0.0006569121032953262, -0.0022974228486418724, -0.013632719404995441] imu_quat_wxyz=[0.7587045431137085, -0.039171237498521805, -0.02157077006995678, -0.6498982906341553] status=0x8103
joint_pos=[9.935999870300293, -20.01599884033203, 10.152000427246094, 10.079999923706055, -20.08799934387207, 10.656000137329102] joint_vel=[-1.0800000429153442, 0.0, -0.27000001072883606, -0.27000001072883606, -0.09000000357627869, -0.0] imu_ang_vel=[0.0011895429342985153, -0.0012321588583290577, -0.012034823186695576] imu_quat_wxyz=[0.7586584091186523, -0.03917995095252991, -0.021584082394838333, -0.6499512791633606] status=0x8103
joint_pos=[9.935999870300293, -20.01599884033203, 10.152000427246094, 10.043999671936035, -20.08799934387207, 10.656000137329102] joint_vel=[-1.1700000762939453, 0.0, 0.0, -0.27000001072883606, 0.18000000715255737, -1.53000009059906] imu_ang_vel=[0.0017221756279468536, -0.0012321588583290577, -0.010969558730721474] imu_quat_wxyz=[0.758560836315155, -0.03920625522732735, -0.021598760038614273, -0.6500630378723145] status=0x8103
joint_pos=[9.935999870300293, -20.01599884033203, 10.152000427246094, 10.043999671936035, -20.08799934387207, 10.656000137329102] joint_vel=[0.27000001072883606, 0.0, 0.27000001072883606, 0.27000001072883606, -0.0, 0.27000001072883606] imu_ang_vel=[0.0017221756279468536, -0.0006995266303420067, -0.009371661581099033] imu_quat_wxyz=[0.7584927082061768, -0.03921952843666077, -0.021621979773044586, -0.6501408219337463] status=0x8103
joint_pos=[9.935999870300293, -20.01599884033203, 10.152000427246094, 10.043999671936035, -20.08799934387207, 10.656000137329102] joint_vel=[1.8899999856948853, 0.0, 0.09000000357627869, -0.7200000286102295, 0.09000000357627869, -1.1700000762939453] imu_ang_vel=[0.0017221756279468536, -0.00016689440235495567, -0.005643237382173538] imu_quat_wxyz=[0.7584447264671326, -0.03922712057828903, -0.021638913080096245, -0.6501957774162292] status=0x8103
joint_pos=[9.935999870300293, -20.01599884033203, 10.152000427246094, 10.079999923706055, -20.08799934387207, 10.656000137329102] joint_vel=[0.809999942779541, 0.0, 0.0, 1.53000009059906, 0.27000001072883606, -0.8999999761581421] imu_ang_vel=[0.0011895429342985153, 0.00036573782563209534, -0.005643237382173538] imu_quat_wxyz=[0.7584073543548584, -0.03923247754573822, -0.021648447960615158, -0.6502387523651123] status=0x8103
joint_pos=[9.935999870300293, -20.01599884033203, 10.152000427246094, 10.043999671936035, -20.08799934387207, 10.656000137329102] joint_vel=[1.0800000429153442, 0.0, 0.0, 0.0, 0.09000000357627869, -0.27000001072883606] imu_ang_vel=[-5.326513200998306e-05, 0.0023187226615846157, -0.005643237382173538] imu_quat_wxyz=[0.7582988739013672, -0.03926952928304672, -0.021677454933524132, -0.6503620743751526] status=0x8103
joint_pos=[9.935999870300293, -20.01599884033203, 10.152000427246094, 10.043999671936035, -20.08799934387207, 10.656000137329102] joint_vel=[-1.1700000762939453, 0.0, 0.09000000357627869, -0.36000001430511475, -0.0, -0.6299999952316284] imu_ang_vel=[-0.0004083532840013504, 0.0019636342767626047, -0.005110605154186487] imu_quat_wxyz=[0.7582670450210571, -0.039263468235731125, -0.021674813702702522, -0.6503995656967163] status=0x8103
joint_pos=[9.935999870300293, -20.01599884033203, 10.152000427246094, 10.043999671936035, -20.08799934387207, 10.656000137329102] joint_vel=[-1.350000023841858, 0.27000001072883606, 0.0, 0.0, -0.0, -0.27000001072883606] imu_ang_vel=[0.002254808321595192, 0.0019636342767626047, -0.004045340698212385] imu_quat_wxyz=[0.7582306265830994, -0.039250366389751434, -0.02167336456477642, -0.6504429578781128] status=0x8103
joint_pos=[9.935999870300293, -20.01599884033203, 10.152000427246094, 10.043999671936035, -20.08799934387207, 10.656000137329102] joint_vel=[-0.09000000357627869, 0.0, 0.0, 0.09000000357627869, -0.6299999952316284, 0.09000000357627869] imu_ang_vel=[0.0011895429342985153, 0.0024962665047496557, -0.004577972926199436] imu_quat_wxyz=[0.7582046389579773, -0.03924364224076271, -0.02166195586323738, -0.650473952293396] status=0x8103
joint_pos=[9.935999870300293, -20.01599884033203, 10.152000427246094, 10.043999671936035, -20.08799934387207, 10.656000137329102] joint_vel=[-0.5400000214576721, 0.0, 0.18000000715255737, -1.7999999523162842, 0.18000000715255737, 1.440000057220459] imu_ang_vel=[0.0017221756279468536, 0.0024962665047496557, -0.002980076242238283] imu_quat_wxyz=[0.758179247379303, -0.03922585770487785, -0.02164985053241253, -0.650505006313324] status=0x8103
joint_pos=[9.935999870300293, -20.01599884033203, 10.152000427246094, 10.043999671936035, -20.08799934387207, 10.656000137329102] joint_vel=[0.809999942779541, 0.44999998807907104, 0.0, 0.0, -0.0, -0.809999942779541] imu_ang_vel=[0.00012427940964698792, 0.0024962665047496557, -0.002447444247081876] imu_quat_wxyz=[0.758185863494873, -0.03921548277139664, -0.021626153960824013, -0.6504988670349121] status=0x8103
joint_pos=[9.935999870300293, -20.01599884033203, 10.152000427246094, 10.043999671936035, -20.08799934387207, 10.656000137329102] joint_vel=[0.5400000214576721, 0.09000000357627869, 0.09000000357627869, 0.0, -0.18000000715255737, -0.18000000715255737] imu_ang_vel=[0.00012427940964698792, 0.0014310022816061974, -0.002447444247081876] imu_quat_wxyz=[0.7581730484962463, -0.03920213133096695, -0.021618934348225594, -0.6505147814750671] status=0x8103
joint_pos=[9.935999870300293, -20.01599884033203, 10.152000427246094, 10.043999671936035, -20.08799934387207, 10.656000137329102] joint_vel=[0.44999998807907104, -0.27000001072883606, 0.0, -1.2599999904632568, -0.09000000357627869, -0.809999942779541] imu_ang_vel=[0.0011895429342985153, 0.003561530727893114, -0.002447444247081876] imu_quat_wxyz=[0.7581533193588257, -0.039190564304590225, -0.021617941558361053, -0.650538444519043] status=0x8103
joint_pos=[9.935999870300293, -20.01599884033203, 10.152000427246094, 10.043999671936035, -20.08799934387207, 10.656000137329102] joint_vel=[0.6299999952316284, -0.27000001072883606, 0.0, 0.0, 0.27000001072883606, -0.36000001430511475] imu_ang_vel=[0.0011895429342985153, 0.0014310022816061974, -0.006708501372486353] imu_quat_wxyz=[0.7581274509429932, -0.03918188810348511, -0.021612031385302544, -0.650569498538971] status=0x8103
joint_pos=[9.935999870300293, -20.01599884033203, 10.152000427246094, 10.043999671936035, -20.08799934387207, 10.656000137329102] joint_vel=[-0.09000000357627869, 0.27000001072883606, 0.0, 0.18000000715255737, -0.09000000357627869, -0.0] imu_ang_vel=[0.00012427940964698792, 0.0024962665047496557, -0.005643237382173538] imu_quat_wxyz=[0.7580873370170593, -0.0391739197075367, -0.0216097179800272, -0.6506166458129883] status=0x8103
joint_pos=[9.935999870300293, -20.01599884033203, 10.152000427246094, 10.043999671936035, -20.08799934387207, 10.656000137329102] joint_vel=[0.09000000357627869, 0.09000000357627869, 0.09000000357627869, 0.0, 0.18000000715255737, 0.809999942779541] imu_ang_vel=[0.0006569121032953262, -0.0012321588583290577, -0.006708501372486353] imu_quat_wxyz=[0.7581571936607361, -0.03921375051140785, -0.021570278331637383, -0.6505342125892639] status=0x8103
joint_pos=[9.935999870300293, -20.01599884033203, 10.152000427246094, 10.043999671936035, -20.08799934387207, 10.656000137329102] joint_vel=[1.0800000429153442, 0.09000000357627869, 0.18000000715255737, 0.36000001430511475, -0.0, -1.2599999904632568] imu_ang_vel=[-0.0009409859776496887, 0.0019636342767626047, -0.007241133600473404] imu_quat_wxyz=[0.7581116557121277, -0.039216041564941406, -0.02157955802977085, -0.6505867838859558] status=0x8103
joint_pos=[9.935999870300293, -20.01599884033203, 10.152000427246094, 10.043999671936035, -20.08799934387207, 10.656000137329102] joint_vel=[-0.0, 0.0, 0.0, 0.0, 0.44999998807907104, 0.27000001072883606] imu_ang_vel=[0.00012427940964698792, -0.00016689440235495567, -0.006175869610160589] imu_quat_wxyz=[0.7580675482749939, -0.03922685235738754, -0.02158229611814022, -0.6506375074386597] status=0x8103
joint_pos=[9.935999870300293, -20.01599884033203, 10.152000427246094, 10.043999671936035, -20.08799934387207, 10.656000137329102] joint_vel=[-0.6299999952316284, 0.09000000357627869, 0.0, 0.18000000715255737, -0.18000000715255737, 0.6299999952316284] imu_ang_vel=[0.00012427940964698792, 0.0024962665047496557, -0.005110605154186487] imu_quat_wxyz=[0.7580246329307556, -0.039232704788446426, -0.021588966250419617, -0.6506869196891785] status=0x8103
ONNX startup complete: history, last_action and gait phase reset; actor inference started.
joint_pos=[9.935999870300293, -20.01599884033203, 10.152000427246094, 10.043999671936035, -20.08799934387207, 10.656000137329102] joint_vel=[-1.8899999856948853, 0.0, 0.0, 0.27000001072883606, -0.0, -0.0] imu_ang_vel=[0.0017221756279468536, 0.00036573782563209534, -0.006708501372486353] imu_quat_wxyz=[0.7579827904701233, -0.03923693671822548, -0.021592028439044952, -0.6507353186607361] status=0x8103
joint_pos=[9.935999870300293, -20.01599884033203, 10.152000427246094, 10.043999671936035, -20.08799934387207, 10.656000137329102] joint_vel=[0.9900000095367432, 0.0, -0.27000001072883606, -0.18000000715255737, 0.09000000357627869, -0.18000000715255737] imu_ang_vel=[0.3287583291530609, -1.3530526161193848, 0.009270464070141315] imu_quat_wxyz=[0.7583832144737244, -0.0399947315454483, -0.02263454720377922, -0.650187075138092] status=0x8103
joint_pos=[5.184000015258789, -15.04800033569336, 10.152000427246094, 9.503999710083008, -24.875999450683594, 10.656000137329102] joint_vel=[-284.03997802734375, 360.45001220703125, -0.27000001072883606, -8.100000381469727, -233.82000732421875, -0.18000000715255737] imu_ang_vel=[1.9421011209487915, -1.110705018043518, -3.100236177444458] imu_quat_wxyz=[0.7570415139198303, -0.04734882712364197, -0.04169386252760887, -0.650313675403595] status=0x8103
joint_pos=[1.5480000972747803, -9.972000122070312, -0.8999999761581421, 9.503999710083008, -30.70800018310547, 10.656000137329102] joint_vel=[-105.83999633789062, 51.480003356933594, 482.94000244140625, -8.100000381469727, -410.30999755859375, -0.18000000715255737] imu_ang_vel=[-0.1543390452861786, -0.9839385151863098, -0.5068501234054565] imu_quat_wxyz=[0.7408974170684814, -0.046867236495018005, -0.06471765786409378, -0.6668480038642883] status=0x8103
joint_pos=[1.5480000972747803, -9.972000122070312, -0.8999999761581421, 9.503999710083008, -30.70800018310547, 10.656000137329102] joint_vel=[-105.83999633789062, 51.480003356933594, 482.94000244140625, -8.100000381469727, -410.30999755859375, -0.18000000715255737] imu_ang_vel=[-0.3157266080379486, 0.899448812007904, 0.17545169591903687] imu_quat_wxyz=[0.7394425868988037, -0.04963189736008644, -0.06649157404899597, -0.6680870652198792] status=0x8203
joint_pos=[-5.796000003814697, 4.9679999351501465, -2.6640000343322754, 4.211999893188477, -30.70800018310547, 4.427999973297119] joint_vel=[-0.0, 1202.580078125, 0.0, 0.0, -410.30999755859375, -0.0] imu_ang_vel=[1.1532728672027588, -0.10722596198320389, 0.0992852970957756] imu_quat_wxyz=[0.7399710416793823, -0.04653450846672058, -0.061341799795627594, -0.6682175993919373] status=0x8303
joint_pos=[-5.796000003814697, -6.839999675750732, -2.6640000343322754, 4.211999893188477, -32.7239990234375, 4.427999973297119] joint_vel=[-0.0, -344.6999816894531, 0.0, 0.0, -339.0299987792969, -0.0] imu_ang_vel=[0.44274160265922546, 2.821718215942383, 0.1179274246096611] imu_quat_wxyz=[0.740696370601654, -0.035058535635471344, -0.0616474375128746, -0.6680863499641418] status=0x8303
joint_pos=[-0.0, -12.636000633239746, 0.0, 4.211999893188477, -32.7239990234375, 4.427999973297119] joint_vel=[-0.0, -119.5199966430664, 0.0, 0.0, -339.0299987792969, -0.0] imu_ang_vel=[0.45286163687705994, 3.078446865081787, 0.45881199836730957] imu_quat_wxyz=[0.7436902523040771, -0.012289362028241158, -0.0418110117316246, -0.6671023964881897] status=0x8303
joint_pos=[-3.6720001697540283, -6.803999900817871, -7.019999980926514, 0.0, -32.7239990234375, -0.0] joint_vel=[272.3399963378906, 468.72003173828125, 211.13999938964844, 0.0, -339.0299987792969, -0.0] imu_ang_vel=[0.6211734414100647, 2.8179898262023926, 0.4886394143104553] imu_quat_wxyz=[0.747603178024292, 0.011627822183072567, -0.024185845628380775, -0.6636033654212952] status=0x8303
joint_pos=[-0.0, 0.0, 0.0, 0.0, -32.7239990234375, -0.0] joint_vel=[-0.0, 0.0, 0.0, 0.0, -339.0299987792969, -0.0] imu_ang_vel=[0.11357492953538895, 3.4097442626953125, 0.5296520590782166] imu_quat_wxyz=[0.7514933347702026, 0.036512669175863266, -0.002090659225359559, -0.6587262153625488] status=0x8203
joint_pos=[-6.948000431060791, -2.8439998626708984, -0.2160000056028366, 5.039999961853027, 1.403999924659729, 7.019999980926514] joint_vel=[113.76000213623047, -37.79999923706055, 98.90999603271484, 117.98999786376953, -1.9800000190734863, 13.229999542236328] imu_ang_vel=[0.6776323914527893, 3.0326404571533203, 0.28251075744628906] imu_quat_wxyz=[0.7548972368240356, 0.059111759066581726, 0.018891626968979836, -0.6529005169868469] status=0x8303
joint_pos=[-6.948000431060791, -6.76800012588501, -0.2160000056028366, 5.039999961853027, 1.403999924659729, 7.019999980926514] joint_vel=[113.76000213623047, -91.07999420166016, 98.90999603271484, 117.98999786376953, -1.9800000190734863, 13.229999542236328] imu_ang_vel=[1.3828374147415161, -1.6587834358215332, -2.5324501991271973] imu_quat_wxyz=[0.7455981969833374, 0.07218080759048462, 0.01800295151770115, -0.6622305512428284] status=0x8303
joint_pos=[-0.0, 0.0, 0.0, 0.0, -0.0, -0.0] joint_vel=[-0.0, 0.0, 0.0, 0.0, -0.0, -0.0] imu_ang_vel=[-0.5287794470787048, -1.5229623317718506, -1.0938106775283813] imu_quat_wxyz=[0.7327271699905396, 0.0661967396736145, 0.000732043816242367, -0.677294909954071] status=0x8303
joint_pos=[-6.948000431060791, -0.6119999885559082, -3.815999984741211, 2.4119999408721924, 2.9160001277923584, -0.0] joint_vel=[-211.13999938964844, -155.42999267578125, 81.09000396728516, -121.40999603271484, -104.57999420166016, -0.0] imu_ang_vel=[-0.17777487635612488, 2.8787100315093994, -1.9177926778793335] imu_quat_wxyz=[0.7247951626777649, 0.054927483201026917, -0.0028580918442457914, -0.6867654919624329] status=0x8303
joint_pos=[-6.948000431060791, -0.6119999885559082, 0.0, 2.4119999408721924, 2.9160001277923584, -0.0] joint_vel=[-211.13999938964844, -155.42999267578125, 0.0, -121.40999603271484, -104.57999420166016, -0.0] imu_ang_vel=[-0.31945502758026123, 0.8754804134368896, -1.3601267337799072] imu_quat_wxyz=[0.7131339907646179, 0.06327597796916962, 0.009407361038029194, -0.6981028914451599] status=0x8303
joint_pos=[-6.73199987411499, 6.371999740600586, -7.812000274658203, 4.607999801635742, 6.01200008392334, -0.828000009059906] joint_vel=[-233.63999938964844, 523.5299682617188, 53.369998931884766, 30.239999771118164, 664.739990234375, -497.0699768066406] imu_ang_vel=[0.1391412615776062, -1.0867365598678589, -1.6429544687271118] imu_quat_wxyz=[0.7081661820411682, 0.06395227462053299, 0.012523158453404903, -0.7030319571495056] status=0x8303
joint_pos=[6.0839996337890625, 6.371999740600586, -7.812000274658203, 4.607999801635742, 6.01200008392334, -0.828000009059906] joint_vel=[869.0400390625, 523.5299682617188, 53.369998931884766, 30.239999771118164, 664.739990234375, -497.0699768066406] imu_ang_vel=[-0.24435389041900635, 0.0014310050755739212, -1.6413565874099731] imu_quat_wxyz=[0.6904124021530151, 0.05983773618936539, 0.011254948563873768, -0.7208491563796997] status=0x8303
joint_pos=[-0.0, 0.0, 0.0, 0.0, 6.01200008392334, -0.0] joint_vel=[-0.0, 0.0, 0.0, 0.0, 664.739990234375, -0.0] imu_ang_vel=[-0.4190572500228882, -1.2017850875854492, -1.201935052871704] imu_quat_wxyz=[0.6808844804763794, 0.05514489486813545, 0.011307504028081894, -0.7302243113517761] status=0x8303
joint_pos=[-6.659999847412109, 6.335999965667725, -1.5839999914169312, 8.640000343322754, -0.3240000009536743, 3.815999984741211] joint_vel=[53.369998931884766, -235.1699981689453, -142.55999755859375, 103.41000366210938, -69.12000274658203, -65.61000061035156] imu_ang_vel=[-0.825988233089447, 1.6515253782272339, -0.5846144556999207] imu_quat_wxyz=[0.6736322045326233, 0.04768078774213791, 0.012454207986593246, -0.7374219298362732] status=0x8303
joint_pos=[-6.659999847412109, 6.335999965667725, 0.0, 8.640000343322754, -0.3240000009536743, -0.0] joint_vel=[53.369998931884766, -235.1699981689453, 0.0, 103.41000366210938, -69.12000274658203, -0.0] imu_ang_vel=[-0.9239925146102905, -0.622813880443573, -0.10364755988121033] imu_quat_wxyz=[0.6714121103286743, 0.043208811432123184, 0.02144826389849186, -0.73951256275177] status=0x8303
joint_pos=[-1.7640000581741333, 6.01200008392334, -0.18000000715255737, -1.619999885559082, -0.3959999978542328, 2.9519999027252197] joint_vel=[748.1699829101562, 138.8699951171875, 90.72000122070312, -140.85000610351562, -379.44000244140625, -199.07998657226562] imu_ang_vel=[-0.5740532279014587, -1.687545657157898, -0.0679612010717392] imu_quat_wxyz=[0.6706686615943909, 0.030753973871469498, 0.020637206733226776, -0.7408319115638733] status=0x8303
joint_pos=[10.152000427246094, 6.01200008392334, -0.18000000715255737, -1.619999885559082, -0.3959999978542328, 2.9519999027252197] joint_vel=[15.119999885559082, 138.8699951171875, 90.72000122070312, -140.85000610351562, -379.44000244140625, -199.07998657226562] imu_ang_vel=[-0.02970312349498272, 1.4043841361999512, -0.99900221824646] imu_quat_wxyz=[0.6688245534896851, 0.028746670112013817, 0.022980591282248497, -0.7425087690353394] status=0x8303
joint_pos=[10.152000427246094, 0.0, 0.0, 0.0, -0.0, -0.0] joint_vel=[15.119999885559082, 0.0, 0.0, 0.0, -0.0, -0.0] imu_ang_vel=[-0.2747139036655426, -0.2606240212917328, -1.1561286449432373] imu_quat_wxyz=[0.6630590558052063, 0.02751660905778408, 0.024009035900235176, -0.7476757764816284] status=0x8303
joint_pos=[10.152000427246094, 2.98799991607666, -5.832000255584717, 1.4759999513626099, 6.552000045776367, 1.619999885559082] joint_vel=[15.119999885559082, -192.8699951171875, -814.3200073242188, 0.9900000095367432, -31.139999389648438, -113.30999755859375] imu_ang_vel=[-0.27205076813697815, 2.2027997970581055, -0.9888822436332703] imu_quat_wxyz=[0.6562867164611816, 0.021926600486040115, 0.023714445531368256, -0.7538201212882996] status=0x8303
joint_pos=[16.95599937438965, 2.98799991607666, -5.832000255584717, 0.0, 6.552000045776367, 1.619999885559082] joint_vel=[336.6000061035156, -192.8699951171875, -814.3200073242188, 0.0, -31.139999389648438, -113.30999755859375] imu_ang_vel=[-0.4408951699733734, 2.2283661365509033, -0.2953951358795166] imu_quat_wxyz=[0.6491243243217468, 0.03872612491250038, 0.04112645611166954, -0.7585819959640503] status=0x8303
joint_pos=[21.312000274658203, 2.98799991607666, -5.832000255584717, 4.211999893188477, -0.0, -0.0] joint_vel=[74.52000427246094, -192.8699951171875, -814.3200073242188, 0.0, -0.0, -0.0] imu_ang_vel=[-0.05739998817443848, -0.48592743277549744, -0.31989622116088867] imu_quat_wxyz=[0.6492002606391907, 0.04710423946380615, 0.05444806441664696, -0.7572025060653687] status=0x8303
joint_pos=[21.312000274658203, 0.0, -5.832000255584717, 0.0, -0.0, -0.0] joint_vel=[74.52000427246094, 0.0, -814.3200073242188, 0.0, -0.0, -0.0] imu_ang_vel=[2.2467668056488037, -2.0353546142578125, -2.7188713550567627] imu_quat_wxyz=[0.6440845131874084, 0.048140767961740494, 0.05030164495110512, -0.7617791295051575] status=0x8203
joint_pos=[21.312000274658203, 0.0, 0.0, 0.0, -0.0, -0.0] joint_vel=[74.52000427246094, 0.0, 0.0, 0.0, -0.0, -0.0] imu_ang_vel=[-1.427862524986267, -1.5655728578567505, -1.4133899211883545] imu_quat_wxyz=[0.6089068651199341, 0.04330345615744591, 0.022232186049222946, -0.7917468547821045] status=0x8303
joint_pos=[21.312000274658203, -2.700000047683716, 0.0, 1.2960000038146973, 3.74399995803833, -0.0] joint_vel=[74.52000427246094, -231.29998779296875, 0.0, 16.200000762939453, -247.13999938964844, -0.0] imu_ang_vel=[0.46671006083488464, 0.8733498454093933, -0.004045342560857534] imu_quat_wxyz=[0.5989512205123901, 0.039147138595581055, 0.03060268610715866, -0.7992424368858337] status=0x8203
joint_pos=[21.312000274658203, 0.0, 0.0, 0.0, -0.0, -0.0] joint_vel=[74.52000427246094, 0.0, 0.0, 0.0, -0.0, -0.0] imu_ang_vel=[0.1663055121898651, 0.6954507231712341, -1.033623218536377] imu_quat_wxyz=[0.597727358341217, 0.0510503426194191, 0.03270384669303894, -0.7994036674499512] status=0x8203
joint_pos=[21.312000274658203, 5.039999961853027, -5.724000453948975, 4.535999774932861, -0.9359999895095825, 1.2960000038146973] joint_vel=[74.52000427246094, -39.959999084472656, 237.0600128173828, 127.07999420166016, -20.8799991607666, 103.22999572753906] imu_ang_vel=[0.349530965089798, 3.4353103637695312, -0.36197417974472046] imu_quat_wxyz=[0.5905107259750366, 0.05874461308121681, 0.03573209419846535, -0.8040955066680908] status=0x8203
joint_pos=[21.312000274658203, 0.0, -5.724000453948975, 4.535999774932861, -0.0, 1.2960000038146973] joint_vel=[74.52000427246094, 0.0, 237.0600128173828, 127.07999420166016, -0.0, 103.22999572753906] imu_ang_vel=[0.015570612624287605, 1.0704237222671509, -0.8876821398735046] imu_quat_wxyz=[0.5854179859161377, 0.07803643494844437, 0.043471526354551315, -0.805795431137085] status=0x8203
joint_pos=[-0.6840000152587891, 0.3959999978542328, 2.1600000858306885, 7.631999969482422, 3.2039999961853027, 0.7559999823570251] joint_vel=[761.1300048828125, -38.34000015258789, 186.5699920654297, 54.27000045776367, 135.89999389648438, -235.88999938964844] imu_ang_vel=[-0.9293188452720642, 0.683732807636261, -0.5324164628982544] imu_quat_wxyz=[0.579162061214447, 0.08131308853626251, 0.05210855230689049, -0.809471607208252] status=0x8303
joint_pos=[-0.6840000152587891, 0.3959999978542328, 2.1600000858306885, 7.631999969482422, 3.2039999961853027, 0.7559999823570251] joint_vel=[761.1300048828125, -38.34000015258789, 186.5699920654297, 54.27000045776367, 135.89999389648438, -235.88999938964844] imu_ang_vel=[-1.1732643842697144, -1.3637052774429321, 0.5573489665985107] imu_quat_wxyz=[0.5790225267410278, 0.08279505372047424, 0.06527286767959595, -0.8084661364555359] status=0x8303
joint_pos=[-0.0, 0.0, 0.0, 0.0, -0.0, -0.0] joint_vel=[-0.0, 0.0, 0.0, 0.0, -0.0, -0.0] imu_ang_vel=[0.328225702047348, -2.2926158905029297, -0.0029800771735608578] imu_quat_wxyz=[0.583396852016449, 0.06724364310503006, 0.06391150504350662, -0.8068717122077942] status=0x8303
joint_pos=[-0.0, -2.375999927520752, -0.5040000081062317, 2.700000047683716, 5.97599983215332, 6.624000072479248] joint_vel=[-0.0, -126.09000396728516, 143.45999145507812, 21.329999923706055, 18.26999855041504, -17.729999542236328] imu_ang_vel=[0.4933416545391083, 2.327968120574951, 0.344828724861145] imu_quat_wxyz=[0.5845403075218201, 0.06154688447713852, 0.05355498939752579, -0.8072524666786194] status=0x8303
joint_pos=[-0.0, -2.375999927520752, -0.5040000081062317, 2.700000047683716, -0.0, 6.624000072479248] joint_vel=[-0.0, -126.09000396728516, 143.45999145507812, 21.329999923706055, -0.0, -17.729999542236328] imu_ang_vel=[-1.5077574253082275, 0.17560173571109772, 1.0851874351501465] imu_quat_wxyz=[0.5902355313301086, 0.08251793682575226, 0.07155779004096985, -0.799807608127594] status=0x8303
joint_pos=[-0.0, 0.0, 0.0, 2.700000047683716, 4.535999774932861, 6.624000072479248] joint_vel=[-0.0, 0.0, 0.0, 21.329999923706055, 35.099998474121094, -17.729999542236328] imu_ang_vel=[-0.3146613538265228, 0.6038380265235901, 0.5983616709709167] imu_quat_wxyz=[0.5988250970840454, 0.07771779596805573, 0.08274766057729721, -0.7927933931350708] status=0x8203
joint_pos=[-3.239999771118164, 0.972000002861023, -3.9600000381469727, 1.7999999523162842, 4.535999774932861, 9.071999549865723] joint_vel=[173.0699920654297, -11.25, -167.39999389648438, -93.8699951171875, 35.099998474121094, 118.5300064086914] imu_ang_vel=[0.6696429252624512, -2.599411964416504, -0.2671656310558319] imu_quat_wxyz=[0.6039886474609375, 0.07347624748945236, 0.07600801438093185, -0.789950430393219] status=0x8303
joint_pos=[-3.239999771118164, 0.972000002861023, 0.0, 0.0, 4.535999774932861, 9.071999549865723] joint_vel=[173.0699920654297, -11.25, 0.0, 0.0, 35.099998474121094, 118.5300064086914] imu_ang_vel=[-0.5548784136772156, -1.679556131362915, 0.17545169591903687] imu_quat_wxyz=[0.6021589040756226, 0.056490037590265274, 0.06112847104668617, -0.7940258383750916] status=0x8303
joint_pos=[-3.492000102996826, 0.972000002861023, -0.2879999876022339, 0.0, -0.972000002861023, 9.071999549865723] joint_vel=[1028.7900390625, -11.25, 263.7900085449219, 0.0, -1201.1400146484375, 118.5300064086914] imu_ang_vel=[-0.31306344270706177, -1.749863624572754, 0.8561555743217468] imu_quat_wxyz=[0.6090936660766602, 0.04217495024204254, 0.05533742159605026, -0.7900405526161194] status=0x8303
joint_pos=[-3.492000102996826, 0.972000002861023, -0.2879999876022339, 0.0, -0.972000002861023, 9.071999549865723] joint_vel=[1028.7900390625, -11.25, 263.7900085449219, 0.0, -1201.1400146484375, 118.5300064086914] imu_ang_vel=[-0.03023575432598591, -0.8087025284767151, 1.8862662315368652] imu_quat_wxyz=[0.6183249950408936, 0.029729081317782402, 0.0517369769513607, -0.7836540341377258] status=0x8203
joint_pos=[-0.0, 0.0, 0.0, 0.0, -0.0, -0.0] joint_vel=[-0.0, 0.0, 0.0, 0.0, -0.0, -0.0] imu_ang_vel=[0.5226364731788635, -0.12267229706048965, 0.6361785531044006] imu_quat_wxyz=[0.6302884817123413, 0.03233907371759415, 0.04631190747022629, -0.7743034362792969] status=0x8303
joint_pos=[-6.335999965667725, 3.888000011444092, -5.003999710083008, -1.1519999504089355, -2.5920000076293945, 1.440000057220459] joint_vel=[6.300000190734863, -3.509999990463257, -365.30999755859375, -194.40000915527344, -24.209999084472656, 33.75] imu_ang_vel=[-0.2006780505180359, 2.8488824367523193, 0.8311218619346619] imu_quat_wxyz=[0.6324292421340942, 0.03330327570438385, 0.044366586953401566, -0.7726292014122009] status=0x8303
joint_pos=[-6.335999965667725, 3.888000011444092, -5.003999710083008, -1.1519999504089355, -0.0, -0.0] joint_vel=[6.300000190734863, -3.509999990463257, -365.30999755859375, -194.40000915527344, -0.0, -0.0] imu_ang_vel=[-0.5500847697257996, 2.7189202308654785, 1.9800095558166504] imu_quat_wxyz=[0.6437941193580627, 0.057805631309747696, 0.06842920184135437, -0.759937584400177] status=0x8303
joint_pos=[-0.0, 0.0, 0.0, -1.1519999504089355, 2.124000072479248, -0.0] joint_vel=[-0.0, 0.0, 0.0, -194.40000915527344, -0.0, -0.0] imu_ang_vel=[0.9753738045692444, 0.7646929621696472, 0.5664036870002747] imu_quat_wxyz=[0.6538228392601013, 0.06476486474275589, 0.073350690305233, -0.7502938508987427] status=0x8303
joint_pos=[-0.0, 8.892000198364258, 1.871999979019165, -1.1519999504089355, 2.124000072479248, -0.0] joint_vel=[-0.0, 994.4099731445312, 449.54998779296875, -194.40000915527344, -0.0, -0.0] imu_ang_vel=[0.3793583810329437, -0.7133613228797913, 0.8534924387931824] imu_quat_wxyz=[0.6578657031059265, 0.07205357402563095, 0.06553154438734055, -0.746811032295227] status=0x8203
joint_pos=[-0.0, 8.892000198364258, 0.0, 0.0, 2.124000072479248, -0.0] joint_vel=[-0.0, 994.4099731445312, 0.0, 0.0, -0.0, -0.0] imu_ang_vel=[-0.8568808436393738, -1.0451912879943848, 0.6984965205192566] imu_quat_wxyz=[0.664069414138794, 0.07091620564460754, 0.06634521484375, -0.7413374185562134] status=0x8303
joint_pos=[-5.796000003814697, 2.98799991607666, -2.6640000343322754, 3.384000062942505, 2.124000072479248, 4.427999973297119] joint_vel=[-0.0, 0.0, 0.0, -482.219970703125, -0.0, -0.0] imu_ang_vel=[0.16044655442237854, -0.8065719604492188, 0.743770182132721] imu_quat_wxyz=[0.6713045835494995, 0.05910196155309677, 0.06395997107028961, -0.7360477447509766] status=0x8303
joint_pos=[-5.796000003814697, 2.98799991607666, -2.6640000343322754, 3.384000062942505, 2.124000072479248, 4.427999973297119] joint_vel=[-0.0, 0.0, 0.0, -482.219970703125, -0.0, -0.0] imu_ang_vel=[2.2180047035217285, -1.1240208148956299, -1.9417610168457031] imu_quat_wxyz=[0.6685164570808411, 0.07206271588802338, 0.06559104472398758, -0.7372859716415405] status=0x8303
joint_pos=[-0.0, 0.0, 0.0, 0.0, -0.0, -0.0] joint_vel=[-0.0, 0.0, 0.0, 0.0, -0.0, -0.0] imu_ang_vel=[-0.9990936517715454, -0.09870384633541107, 0.3032834231853485] imu_quat_wxyz=[0.6590598821640015, 0.07241210341453552, 0.05075923353433609, -0.7468736171722412] status=0x8303
joint_pos=[-1.5839999914169312, 7.199999809265137, -1.2239999771118164, 2.5920000076293945, -0.828000009059906, 7.0920000076293945] joint_vel=[-134.27999877929688, 194.40000915527344, -194.49000549316406, 239.84999084472656, -192.69000244140625, -33.93000030517578] imu_ang_vel=[-0.5458236336708069, 1.25577974319458, -1.0069916248321533] imu_quat_wxyz=[0.6610817313194275, 0.06463126093149185, 0.058271829038858414, -0.7452504634857178] status=0x8303
joint_pos=[-0.0, 0.0, 0.0, 0.0, -0.0, -0.0] joint_vel=[-0.0, 0.0, 0.0, 0.0, -0.0, -0.0] imu_ang_vel=[0.8688473701477051, -2.3522706031799316, -1.8986179828643799] imu_quat_wxyz=[0.651390552520752, 0.060748372226953506, 0.05423517897725105, -0.754359781742096] status=0x8303
joint_pos=[-5.796000003814697, -0.4320000112056732, -2.9160001277923584, 5.363999843597412, 6.552000045776367, 8.315999984741211] joint_vel=[-150.48001098632812, 137.87998962402344, -44.72999954223633, 28.89000129699707, -42.21000289916992, 33.29999923706055] imu_ang_vel=[0.009711658582091331, 1.107175350189209, -1.4586637020111084] imu_quat_wxyz=[0.6376171708106995, 0.05478087067604065, 0.042145129293203354, -0.7672465443611145] status=0x8303
joint_pos=[-5.796000003814697, -0.4320000112056732, 0.0, 5.363999843597412, 6.552000045776367, -0.0] joint_vel=[-150.48001098632812, 137.87998962402344, 0.0, 28.89000129699707, -42.21000289916992, -0.0] imu_ang_vel=[-0.0978800430893898, -0.5280053615570068, -1.1662486791610718] imu_quat_wxyz=[0.6266032457351685, 0.05818874016404152, 0.04667133092880249, -0.7757604718208313] status=0x8303
joint_pos=[-6.263999938964844, -0.14399999380111694, -0.6480000019073486, -0.3959999978542328, 1.9800000190734863, 0.4320000112056732] joint_vel=[-39.05999755859375, 28.079999923706055, -19.260000228881836, 85.86000061035156, -4.590000152587891, 57.78000259399414] imu_ang_vel=[0.2408740222454071, -0.3634220361709595, -0.995273768901825] imu_quat_wxyz=[0.6183976531028748, 0.05556243285536766, 0.044514961540699005, -0.7826337814331055] status=0x8303
joint_pos=[-6.263999938964844, -0.14399999380111694, -0.6480000019073486, -0.3959999978542328, 1.9800000190734863, 0.4320000112056732] joint_vel=[-39.05999755859375, 28.079999923706055, -19.260000228881836, 85.86000061035156, -4.590000152587891, 57.78000259399414] imu_ang_vel=[-0.1303706020116806, 2.1367533206939697, -1.3920847177505493] imu_quat_wxyz=[0.6089659333229065, 0.06266270577907562, 0.05068591982126236, -0.7890912294387817] status=0x8303
joint_pos=[-0.0, 0.0, 0.0, 0.0, -0.0, -0.0] joint_vel=[-0.0, 0.0, 0.0, 0.0, -0.0, -0.0] imu_ang_vel=[0.33195412158966064, 0.8781436085700989, -1.3675836324691772] imu_quat_wxyz=[0.5981218814849854, 0.07342305034399033, 0.05864682048559189, -0.7958767414093018] status=0x8303
joint_pos=[-2.8439998626708984, 2.052000045776367, -5.039999961853027, 9.86400032043457, -0.035999998450279236, 7.704000473022461] joint_vel=[57.959999084472656, -151.47000122070312, -288.27001953125, 212.0399932861328, -64.08000183105469, 50.040000915527344] imu_ang_vel=[-0.06272631883621216, 1.857121467590332, -1.7111313343048096] imu_quat_wxyz=[0.5857086777687073, 0.0807558223605156, 0.06440766155719757, -0.8039127588272095] status=0x8303
joint_pos=[-0.0, 0.0, -5.039999961853027, 9.86400032043457, -0.0, 7.704000473022461] joint_vel=[-0.0, 0.0, -288.27001953125, 212.0399932861328, -0.0, 50.040000915527344] imu_ang_vel=[0.2137097716331482, -0.950382649898529, -2.0184600353240967] imu_quat_wxyz=[0.5709041357040405, 0.08543208986520767, 0.06784267723560333, -0.813736617565155] status=0x8303
joint_pos=[-3.6720001697540283, -0.8640000224113464, -5.760000228881836, 3.888000011444092, -2.5199999809265137, 1.7999999523162842] joint_vel=[25.560001373291016, 29.249998092651367, -97.92000579833984, 46.97999954223633, 22.05000114440918, -307.0799865722656] imu_ang_vel=[-0.13889272511005402, 2.607600212097168, -1.5311017036437988] imu_quat_wxyz=[0.5545297861099243, 0.07648444920778275, 0.06327612698078156, -0.8262221217155457] status=0x8303
joint_pos=[-3.6720001697540283, -0.8640000224113464, -5.760000228881836, 3.888000011444092, -2.5199999809265137, 1.7999999523162842] joint_vel=[25.560001373291016, 29.249998092651367, -97.92000579833984, 46.97999954223633, 22.05000114440918, -307.0799865722656] imu_ang_vel=[0.3894783854484558, -1.3871411085128784, -1.1721076965332031] imu_quat_wxyz=[0.5455626845359802, 0.08471596986055374, 0.07442241907119751, -0.8304492235183716] status=0x8303
joint_pos=[-3.6720001697540283, -0.8640000224113464, -5.760000228881836, 0.0, -0.0, 1.7999999523162842] joint_vel=[25.560001373291016, 29.249998092651367, -97.92000579833984, 0.0, -0.0, -307.0799865722656] imu_ang_vel=[0.6808282732963562, 0.102631114423275, -1.090614914894104] imu_quat_wxyz=[0.5345368981361389, 0.08663646876811981, 0.0706169381737709, -0.8377217650413513] status=0x8303
joint_pos=[-3.6720001697540283, 2.98799991607666, -5.760000228881836, 0.0, -0.0, 1.7999999523162842] joint_vel=[25.560001373291016, 0.0, -97.92000579833984, 0.0, -0.0, -307.0799865722656] imu_ang_vel=[-0.10107582807540894, -0.16954392194747925, -0.8669094443321228] imu_quat_wxyz=[0.5299453139305115, 0.08838453888893127, 0.06871838122606277, -0.8406093716621399] status=0x8203
joint_pos=[-0.0, 2.98799991607666, 0.0, 0.0, -0.0, -0.0] joint_vel=[-0.0, 0.0, 0.0, 0.0, -0.0, -0.0] imu_ang_vel=[-0.2827034294605255, -0.043310098350048065, -1.1177791357040405] imu_quat_wxyz=[0.5185492038726807, 0.08365720510482788, 0.06821853667497635, -0.8482065200805664] status=0x8303
joint_pos=[-0.0, 0.0, 0.0, 0.0, 5.184000015258789, -0.0] joint_vel=[-0.0, 0.0, 0.0, 0.0, -213.29998779296875, -0.0] imu_ang_vel=[0.7916156649589539, -0.2648850977420807, -0.9270969033241272] imu_quat_wxyz=[0.5095599889755249, 0.08255010843276978, 0.06975293904542923, -0.8536208868026733] status=0x8303
joint_pos=[-3.635999917984009, 3.3480000495910645, -6.228000164031982, -1.9800000190734863, 5.184000015258789, 2.0160000324249268] joint_vel=[1252.7099609375, 153.90000915527344, -1196.4599609375, -1063.3499755859375, -213.29998779296875, -1039.1400146484375] imu_ang_vel=[1.9671348333358765, -1.248124122619629, -0.8301578164100647] imu_quat_wxyz=[0.5012277364730835, 0.08561280369758606, 0.05543246120214462, -0.8592836260795593] status=0x8303
joint_pos=[-3.635999917984009, 0.0, -6.228000164031982, -1.9800000190734863, -0.0, 2.0160000324249268] joint_vel=[1252.7099609375, 0.0, -1196.4599609375, -1063.3499755859375, -0.0, -1039.1400146484375] imu_ang_vel=[-0.7684639096260071, -1.8015289306640625, -0.931890606880188] imu_quat_wxyz=[0.4921472370624542, 0.07570383697748184, 0.040816955268383026, -0.8662528395652771] status=0x8303
joint_pos=[-5.796000003814697, 2.5199999809265137, -2.6640000343322754, 4.211999893188477, 2.124000072479248, 4.427999973297119] joint_vel=[-0.0, -289.79998779296875, 0.0, 0.0, -0.0, -0.0] imu_ang_vel=[0.5354196429252625, -0.40603262186050415, 0.3741235136985779] imu_quat_wxyz=[0.4883421063423157, 0.0658852681517601, 0.0404861643910408, -0.8692192435264587] status=0x8303
joint_pos=[-5.796000003814697, 2.5199999809265137, -2.6640000343322754, 4.211999893188477, 2.124000072479248, 4.427999973297119] joint_vel=[-0.0, -289.79998779296875, 0.0, 0.0, -0.0, -0.0] imu_ang_vel=[0.8890873789787292, 1.6765592098236084, -1.5060679912567139] imu_quat_wxyz=[0.48515668511390686, 0.0742902010679245, 0.03519255667924881, -0.8705547451972961] status=0x8303
joint_pos=[-0.0, 0.0, 0.0, 0.0, 2.124000072479248, -0.0] joint_vel=[-0.0, 0.0, 0.0, 0.0, -0.0, -0.0] imu_ang_vel=[0.23501506447792053, 0.5447158217430115, 0.5951658487319946] imu_quat_wxyz=[0.4764193594455719, 0.08695617318153381, 0.036582328379154205, -0.8741424679756165] status=0x8303
joint_pos=[-0.8640000224113464, 5.832000255584717, 0.14399999380111694, -1.3320000171661377, 2.124000072479248, 5.25600004196167] joint_vel=[-195.8400115966797, -216.17999267578125, 105.74999237060547, -131.85000610351562, -0.0, 111.23999786376953] imu_ang_vel=[-0.16073063015937805, -0.5461148619651794, -0.5260248780250549] imu_quat_wxyz=[0.48036128282546997, 0.09097176790237427, 0.037667497992515564, -0.8715264797210693] status=0x8203
joint_pos=[-0.8640000224113464, 0.0, 0.0, 0.0, 2.124000072479248, -0.0] joint_vel=[-195.8400115966797, 0.0, 0.0, 0.0, -0.0, -0.0] imu_ang_vel=[0.08268227428197861, -4.758170127868652, -0.5712985992431641] imu_quat_wxyz=[0.467844694852829, 0.06813246756792068, 0.02218739315867424, -0.8809013366699219] status=0x8203
joint_pos=[8.17199993133545, 4.535999774932861, -1.187999963760376, 0.1080000028014183, 2.124000072479248, -0.0] joint_vel=[-563.489990234375, 81.80999755859375, -117.08999633789062, -381.9599914550781, -0.0, -0.0] imu_ang_vel=[-0.9335798621177673, -1.8302910327911377, -1.3425499200820923] imu_quat_wxyz=[0.46389779448509216, 0.024611879140138626, 0.002253502607345581, -0.885543942451477] status=0x8203
joint_pos=[3.1679999828338623, 0.0, -1.187999963760376, 0.1080000028014183, -0.0, -0.0] joint_vel=[-71.27999877929688, 0.0, -117.08999633789062, -381.9599914550781, -0.0, -0.0] imu_ang_vel=[-0.694428026676178, 6.045207977294922, 0.9493662714958191] imu_quat_wxyz=[0.45848357677459717, 0.013078130781650543, 0.002335925353690982, -0.8886035680770874] status=0x8303
joint_pos=[7.559999942779541, 5.6519999504089355, -1.1160000562667847, 4.283999919891357, 2.7360000610351562, 0.8640000224113464] joint_vel=[313.3800048828125, 96.20999908447266, 111.77999877929688, 164.61000061035156, 218.70001220703125, -322.55999755859375] imu_ang_vel=[0.013440083712339401, 5.559447288513184, 1.2732067108154297] imu_quat_wxyz=[0.47127339243888855, 0.037503115832805634, 0.034870583564043045, -0.8804993033409119] status=0x8303
joint_pos=[-0.0, 5.6519999504089355, -1.1160000562667847, 4.283999919891357, -0.0, 0.8640000224113464] joint_vel=[-0.0, 96.20999908447266, 111.77999877929688, 164.61000061035156, -0.0, -322.55999755859375] imu_ang_vel=[1.102672815322876, 3.3346431255340576, 2.4327468872070312] imu_quat_wxyz=[0.4821953773498535, 0.08520471304655075, 0.05180628225207329, -0.870370090007782] status=0x8303
joint_pos=[-3.7080001831054688, 1.3320000171661377, -3.419999837875366, 6.156000137329102, 4.5, 0.46799999475479126] joint_vel=[420.7500305175781, -172.260009765625, -106.55999755859375, -34.20000076293945, 70.29000091552734, -416.9700012207031] imu_ang_vel=[-1.518410086631775, 1.1646995544433594, 1.5325984954833984] imu_quat_wxyz=[0.5014495849609375, 0.1108313798904419, 0.06246567517518997, -0.8557820320129395] status=0x8303
joint_pos=[-3.7080001831054688, 1.3320000171661377, -3.419999837875366, 6.156000137329102, 4.5, 0.46799999475479126] joint_vel=[420.7500305175781, -172.260009765625, -106.55999755859375, -34.20000076293945, 70.29000091552734, -416.9700012207031] imu_ang_vel=[1.239026665687561, -2.4087295532226562, 0.150950625538826] imu_quat_wxyz=[0.5136153697967529, 0.11314305663108826, 0.07342251390218735, -0.8473529815673828] status=0x8303
joint_pos=[18.143999099731445, 0.0, -3.419999837875366, 0.0, -0.0, 0.46799999475479126] joint_vel=[-0.0, 0.0, -106.55999755859375, 0.0, -0.0, -416.9700012207031] imu_ang_vel=[-0.8606092929840088, -3.6236634254455566, 0.5205973386764526] imu_quat_wxyz=[0.5121096968650818, 0.09082036465406418, 0.05341828987002373, -0.852432906627655] status=0x8303
joint_pos=[18.143999099731445, 0.0, -3.419999837875366, 0.0, -0.0, 0.46799999475479126] joint_vel=[-0.0, 0.0, -106.55999755859375, 0.0, -0.0, -416.9700012207031] imu_ang_vel=[-0.8739250898361206, -2.648414134979248, 2.124885320663452] imu_quat_wxyz=[0.5250309109687805, 0.0635216236114502, 0.04752718657255173, -0.8473776578903198] status=0x8203
joint_pos=[18.143999099731445, 2.98799991607666, -3.419999837875366, 4.211999893188477, 2.124000072479248, 4.427999973297119] joint_vel=[-0.0, 0.0, -106.55999755859375, 0.0, -0.0, -0.0] imu_ang_vel=[0.5407459139823914, -2.012984037399292, 0.3725256025791168] imu_quat_wxyz=[0.5413893461227417, 0.040511440485715866, 0.03460792452096939, -0.8390821814537048] status=0x8203
joint_pos=[18.143999099731445, 2.98799991607666, -3.419999837875366, 4.211999893188477, 2.124000072479248, 4.427999973297119] joint_vel=[-0.0, 0.0, -106.55999755859375, 0.0, -0.0, -0.0] imu_ang_vel=[0.2232971489429474, -2.569584369659424, 0.9365830421447754] imu_quat_wxyz=[0.5422276258468628, 0.029186056926846504, 0.02296835370361805, -0.8394104838371277] status=0x8203
joint_pos=[18.143999099731445, 0.0, 0.0, 0.0, -0.0, -0.0] joint_vel=[-0.0, 0.0, 0.0, 0.0, -0.0, -0.0] imu_ang_vel=[0.19666555523872375, -1.866510033607483, 0.9813241958618164] imu_quat_wxyz=[0.5501991510391235, 0.011152144521474838, 0.007084304001182318, -0.8349289894104004] status=0x8303
joint_pos=[0.5759999752044678, 8.387999534606934, 0.0, 0.0, 0.8999999761581421, -0.0] joint_vel=[236.52000427246094, -179.5500030517578, 0.0, 0.0, 166.86000061035156, -0.0] imu_ang_vel=[-0.3396950662136078, 1.6360790729522705, 1.7541735172271729] imu_quat_wxyz=[0.5542106032371521, 0.004931032657623291, 0.002053556265309453, -0.8323594331741333] status=0x8303
joint_pos=[0.5759999752044678, 0.0, 0.0, 0.0, -0.0, -0.0] joint_vel=[236.52000427246094, 0.0, 0.0, 0.0, -0.0, -0.0] imu_ang_vel=[0.353259414434433, -1.0670292377471924, 0.9419093728065491] imu_quat_wxyz=[0.5736833810806274, 0.013569020666182041, 0.012166227214038372, -0.8188744187355042] status=0x8303
joint_pos=[0.5759999752044678, 3.5999999046325684, 0.0, 0.0, -0.0, -0.0] joint_vel=[236.52000427246094, -1130.669921875, 0.0, 0.0, -0.0, -0.0] imu_ang_vel=[-0.11066321283578873, -1.272625207901001, -0.2575782537460327] imu_quat_wxyz=[0.5777963399887085, 0.0034616587217897177, 0.0017148199258372188, -0.8161719441413879] status=0x8303
joint_pos=[-0.0, 0.0, 0.0, 0.0, -0.0, -0.0] joint_vel=[-0.0, 0.0, 0.0, 0.0, -0.0, -0.0] imu_ang_vel=[-0.3918929994106293, -0.7213508486747742, 0.8071534633636475] imu_quat_wxyz=[0.5786808133125305, -0.008093875832855701, -0.00306139444001019, -0.815508246421814] status=0x8303
joint_pos=[-0.9359999895095825, 9.144000053405762, -6.263999938964844, 4.535999774932861, 7.056000232696533, -0.0] joint_vel=[16.829999923706055, 175.76998901367188, 1.619999885559082, -43.82999801635742, -28.530000686645508, -0.0] imu_ang_vel=[-0.0653894767165184, 1.7266265153884888, 0.24149808287620544] imu_quat_wxyz=[0.5848290920257568, -0.011567167937755585, -0.0014325528172776103, -0.8110727667808533] status=0x8303
joint_pos=[-0.9359999895095825, 9.144000053405762, 0.0, 0.0, 7.056000232696533, -0.0] joint_vel=[16.829999923706055, 175.76998901367188, 0.0, 0.0, -28.530000686645508, -0.0] imu_ang_vel=[0.35006359219551086, 2.9926931858062744, 0.5637405514717102] imu_quat_wxyz=[0.5864771008491516, 0.01033793855458498, 0.013620576821267605, -0.8097854256629944] status=0x8303
joint_pos=[-7.48799991607666, 0.1080000028014183, -0.972000002861023, 8.136000633239746, 7.056000232696533, 0.5040000081062317] joint_vel=[-337.4100036621094, -282.510009765625, 215.3699951171875, 93.7800064086914, -28.530000686645508, 63.630001068115234] imu_ang_vel=[-0.297617107629776, 2.939429998397827, 0.32458871603012085] imu_quat_wxyz=[0.5910000205039978, 0.0308232419192791, 0.026318758726119995, -0.8056527972221375] status=0x8303
joint_pos=[-7.48799991607666, 0.1080000028014183, -0.972000002861023, 0.0, 7.056000232696533, 0.5040000081062317] joint_vel=[-337.4100036621094, -282.510009765625, 215.3699951171875, 0.0, -28.530000686645508, 63.630001068115234] imu_ang_vel=[-0.3807077407836914, 1.3395805358886719, 0.3054139316082001] imu_quat_wxyz=[0.5895705223083496, 0.06136811524629593, 0.05304735526442528, -0.803633451461792] status=0x8203
joint_pos=[-0.0, 0.0, 0.0, 0.0, -0.0, -0.0] joint_vel=[-0.0, 0.0, 0.0, 0.0, -0.0, -0.0] imu_ang_vel=[-0.08491932600736618, 0.25833725929260254, -0.0539352148771286] imu_quat_wxyz=[0.5896179676055908, 0.0722682923078537, 0.06442458182573318, -0.8018587827682495] status=0x8303
joint_pos=[-5.003999710083008, 0.0, 0.0, 0.0, -0.0, -0.0] joint_vel=[-122.22000122070312, 0.0, 0.0, 0.0, -0.0, -0.0] imu_ang_vel=[1.1048033237457275, -0.20576290786266327, -1.6914238929748535] imu_quat_wxyz=[0.5841870903968811, 0.08417359739542007, 0.0722094401717186, -0.8040062189102173] status=0x8303
joint_pos=[-0.0, 0.0, 0.0, 0.0, -0.0, -0.0] joint_vel=[-0.0, 0.0, 0.0, 0.0, -0.0, -0.0] imu_ang_vel=[-0.24541914463043213, 0.04990053176879883, -0.6538565754890442] imu_quat_wxyz=[0.5728890895843506, 0.08219850808382034, 0.06555705517530441, -0.8128615021705627] status=0x8303
joint_pos=[-6.696000099182129, 3.4560000896453857, -3.492000102996826, 3.3480000495910645, -3.888000011444092, 2.700000047683716] joint_vel=[-78.75, 41.7599983215332, 16.739999771118164, -17.010000228881836, -117.36000061035156, -88.6500015258789] imu_ang_vel=[-0.7844429016113281, 0.7652255296707153, -0.6123113036155701] imu_quat_wxyz=[0.5681759119033813, 0.07819577306509018, 0.06848084926605225, -0.8163160681724548] status=0x8303
joint_pos=[-0.0, 0.0, -3.492000102996826, 3.3480000495910645, -3.888000011444092, 2.700000047683716] joint_vel=[-0.0, 0.0, 16.739999771118164, -17.010000228881836, -117.36000061035156, -88.6500015258789] imu_ang_vel=[0.5322238802909851, -1.9048595428466797, -0.43654265999794006] imu_quat_wxyz=[0.565693736076355, 0.07672218233346939, 0.0719580128788948, -0.817879319190979] status=0x8303
joint_pos=[-8.35200023651123, 2.6640000343322754, -0.14399999380111694, 5.832000255584717, -3.888000011444092, 1.619999885559082] joint_vel=[-134.63999938964844, 52.28999710083008, 16.3799991607666, 31.68000030517578, -117.36000061035156, -126.0] imu_ang_vel=[-0.6720575094223022, 1.5673694610595703, 0.10780741274356842] imu_quat_wxyz=[0.5607107877731323, 0.057691462337970734, 0.05500189960002899, -0.8241662383079529] status=0x8303
joint_pos=[-8.35200023651123, 2.6640000343322754, 0.0, 5.832000255584717, -3.888000011444092, 1.619999885559082] joint_vel=[-134.63999938964844, 52.28999710083008, 0.0, 31.68000030517578, -117.36000061035156, -126.0] imu_ang_vel=[-0.4366340935230255, -0.817757248878479, 0.9728020429611206] imu_quat_wxyz=[0.5660169124603271, 0.05761874094605446, 0.062629334628582, -0.8199893832206726] status=0x8203
joint_pos=[-5.796000003814697, 2.98799991607666, -2.6640000343322754, 4.3919997215271, -3.888000011444092, 1.619999885559082] joint_vel=[-0.0, 0.0, 0.0, 111.77999877929688, -117.36000061035156, -126.0] imu_ang_vel=[-0.3029434382915497, -0.408695787191391, 0.8907766938209534] imu_quat_wxyz=[0.5734091401100159, 0.04917498677968979, 0.060240790247917175, -0.8155701756477356] status=0x8203
joint_pos=[-0.0, 0.0, -2.6640000343322754, 4.3919997215271, -0.0, 1.619999885559082] joint_vel=[-0.0, 0.0, 0.0, 111.77999877929688, -0.0, -126.0] imu_ang_vel=[-0.39828458428382874, -0.13225966691970825, 0.5317826271057129] imu_quat_wxyz=[0.5800250768661499, 0.045896902680397034, 0.06103859841823578, -0.8110108971595764] status=0x8203
joint_pos=[-0.0, 0.0, 0.0, 0.0, -0.0, -0.0] joint_vel=[-0.0, 0.0, 0.0, 0.0, -0.0, -0.0] imu_ang_vel=[-0.2699202299118042, -0.4550347626209259, 0.6004921793937683] imu_quat_wxyz=[0.5845760703086853, 0.04166226461529732, 0.0623755156993866, -0.8078640699386597] status=0x8303
joint_pos=[-7.0920000076293945, -1.0800000429153442, 0.0, 0.0, -0.0, -0.0] joint_vel=[-167.39999389648438, -174.3300018310547, 0.0, 0.0, -0.0, -0.0] imu_ang_vel=[0.26803824305534363, -1.2087093591690063, -1.1859560012817383] imu_quat_wxyz=[0.5867348313331604, 0.0376288965344429, 0.05957881733775139, -0.8067072629928589] status=0x8303
joint_pos=[-0.0, 0.0, 0.0, 0.0, -0.0, -0.0] joint_vel=[-0.0, 0.0, 0.0, 0.0, -0.0, -0.0] imu_ang_vel=[-0.34502139687538147, 0.6555033326148987, -0.02375273033976555] imu_quat_wxyz=[0.5823045969009399, 0.02666194550693035, 0.05190613865852356, -0.8108737468719482] status=0x8303
joint_pos=[-8.279999732971191, 0.0, -0.6480000019073486, 2.375999927520752, 2.7360000610351562, 10.368000030517578] joint_vel=[-91.3499984741211, 90.9000015258789, 363.05999755859375, 255.0600128173828, -131.75999450683594, 221.1300048828125] imu_ang_vel=[0.01397271640598774, 4.689659118652344, -0.42375949025154114] imu_quat_wxyz=[0.5828040242195129, 0.031119665130972862, 0.05910996347665787, -0.809862494468689] status=0x8303
joint_pos=[-8.279999732971191, 0.0, -0.6480000019073486, 2.375999927520752, -0.0, 10.368000030517578] joint_vel=[-91.3499984741211, 0.0, 363.05999755859375, 255.0600128173828, -0.0, 221.1300048828125] imu_ang_vel=[0.5466049313545227, 0.8355329632759094, -0.3545173108577728] imu_quat_wxyz=[0.57713782787323, 0.06254016607999802, 0.07796862721443176, -0.8105069994926453] status=0x8303
joint_pos=[-5.4720001220703125, 2.0160000324249268, -0.2879999876022339, 10.54800033569336, 6.01200008392334, 4.716000080108643] joint_vel=[47.15999984741211, 110.52000427246094, 200.42999267578125, 442.1700134277344, -7.110000133514404, 36.900001525878906] imu_ang_vel=[0.5892154574394226, 0.5777390599250793, -0.7225661277770996] imu_quat_wxyz=[0.5751963257789612, 0.06729461997747421, 0.0781533345580101, -0.8114879727363586] status=0x8303
joint_pos=[-5.4720001220703125, 2.0160000324249268, -0.2879999876022339, 10.54800033569336, 6.01200008392334, 4.716000080108643] joint_vel=[47.15999984741211, 110.52000427246094, 200.42999267578125, 442.1700134277344, -7.110000133514404, 36.900001525878906] imu_ang_vel=[0.43315422534942627, -0.3485083281993866, -0.5420038104057312] imu_quat_wxyz=[0.5659092664718628, 0.08398837596178055, 0.08063016086816788, -0.8162055015563965] status=0x8303
joint_pos=[-0.0, 0.0, 0.0, 0.0, -0.0, -0.0] joint_vel=[-0.0, 0.0, 0.0, 0.0, -0.0, -0.0] imu_ang_vel=[0.29946354031562805, -1.7205688953399658, -0.5622438788414001] imu_quat_wxyz=[0.5620255470275879, 0.07950402051210403, 0.07312162220478058, -0.8200364112854004] status=0x8303
joint_pos=[-0.0, 0.5040000081062317, -4.104000091552734, 1.440000057220459, -0.8640000224113464, 2.447999954223633] joint_vel=[-0.0, 240.57000732421875, 130.0500030517578, 157.5900115966797, -253.97999572753906, 115.82999420166016] imu_ang_vel=[0.41078367829322815, 0.4754736125469208, -0.45571744441986084] imu_quat_wxyz=[0.558314859867096, 0.07553485035896301, 0.06768877804279327, -0.823405921459198] status=0x8303
joint_pos=[-0.0, 0.0, -4.104000091552734, 0.0, -0.0, -0.0] joint_vel=[-0.0, 0.0, 130.0500030517578, 0.0, -0.0, -0.0] imu_ang_vel=[-0.15167589485645294, -0.27074405550956726, -0.002980076242238283] imu_quat_wxyz=[0.5568016767501831, 0.07927112281322479, 0.06912785023450851, -0.8239595293998718] status=0x8303
joint_pos=[-0.0, 0.0, 0.0, 0.0, -0.0, -0.0] joint_vel=[-0.0, 0.0, 0.0, 0.0, -0.0, -0.0] imu_ang_vel=[0.5295606255531311, -0.6137591004371643, -0.07808122038841248] imu_quat_wxyz=[0.555184006690979, 0.07822386175394058, 0.06683854013681412, -0.8253389000892639] status=0x8303
joint_pos=[-5.796000003814697, 2.98799991607666, -2.6640000343322754, 3.995999813079834, 2.124000072479248, 4.427999973297119] joint_vel=[-0.0, 0.0, 0.0, -93.69000244140625, -0.0, -0.0] imu_ang_vel=[-0.024909432977437973, 0.15536169707775116, 0.2532159984111786] imu_quat_wxyz=[0.5558586716651917, 0.0761774331331253, 0.0614139623939991, -0.8254978060722351] status=0x8303
joint_pos=[-5.796000003814697, 2.98799991607666, -2.6640000343322754, 0.0, 2.124000072479248, 4.427999973297119] joint_vel=[-0.0, 0.0, 0.0, 0.0, -0.0, -0.0] imu_ang_vel=[-0.10959794372320175, 0.35989245772361755, 0.35761189460754395] imu_quat_wxyz=[0.5576397776603699, 0.08525858074426651, 0.06822675466537476, -0.8228693008422852] status=0x8303
joint_pos=[-5.796000003814697, 2.98799991607666, -2.6640000343322754, 4.211999893188477, -0.0, -0.0] joint_vel=[-0.0, 0.0, 0.0, 0.0, -0.0, -0.0] imu_ang_vel=[-0.334901362657547, 0.5324652791023254, 0.6905069947242737] imu_quat_wxyz=[0.5612340569496155, 0.08998460322618484, 0.07179450243711472, -0.8196125030517578] status=0x8303
joint_pos=[-5.796000003814697, 2.98799991607666, -2.6640000343322754, 4.211999893188477, -0.0, -0.0] joint_vel=[-0.0, 0.0, 0.0, 0.0, -0.0, -0.0] imu_ang_vel=[-0.3620655834674835, -0.2963103950023651, 0.6500269770622253] imu_quat_wxyz=[0.5678460597991943, 0.08763187378644943, 0.07394008338451385, -0.8151100873947144] status=0x8203
joint_pos=[-5.796000003814697, 0.0, -2.6640000343322754, 4.211999893188477, -0.0, -0.0] joint_vel=[-0.0, 0.0, 0.0, 0.0, -0.0, -0.0] imu_ang_vel=[-0.5378342270851135, -0.5248095393180847, 1.0180758237838745] imu_quat_wxyz=[0.5709694623947144, 0.08473784476518631, 0.07379692792892456, -0.8132450580596924] status=0x8203
joint_pos=[-1.944000005722046, 8.027999877929688, -3.312000036239624, 1.7640000581741333, 0.972000002861023, 0.36000001430511475] joint_vel=[527.760009765625, 402.57000732421875, -51.29999923706055, -144.08999633789062, -299.42999267578125, -216.80999755859375] imu_ang_vel=[-0.01159362867474556, -1.3663684129714966, 0.8167408108711243] imu_quat_wxyz=[0.5834876894950867, 0.07181582599878311, 0.07059681415557861, -0.8058540225028992] status=0x8303
joint_pos=[-1.944000005722046, 8.027999877929688, -3.312000036239624, 1.7640000581741333, 0.972000002861023, 0.36000001430511475] joint_vel=[527.760009765625, 402.57000732421875, -51.29999923706055, -144.08999633789062, -299.42999267578125, -216.80999755859375] imu_ang_vel=[0.6850892901420593, -1.2955284118652344, 0.5621426701545715] imu_quat_wxyz=[0.590100884437561, 0.06574178487062454, 0.06155535951256752, -0.8022903800010681] status=0x8303
joint_pos=[-0.0, 0.0, 0.0, 0.0, -0.0, -0.0] joint_vel=[-0.0, 0.0, 0.0, 0.0, -0.0, -0.0] imu_ang_vel=[-0.5261163115501404, -1.530419111251831, 0.5956984758377075] imu_quat_wxyz=[0.5954725742340088, 0.05318596959114075, 0.04814281314611435, -0.8001662492752075] status=0x8303
joint_pos=[-7.271999835968018, 2.5920000076293945, -2.447999954223633, -0.8999999761581421, 3.635999917984009, 0.8640000224113464] joint_vel=[-57.23999786376953, 30.420000076293945, 6.659999847412109, 210.0600128173828, -3.1500000953674316, -23.309999465942383] imu_ang_vel=[0.5055922269821167, 3.0672616958618164, 0.05188104137778282] imu_quat_wxyz=[0.5998068451881409, 0.05608796328306198, 0.054269224405288696, -0.7963295578956604] status=0x8303
joint_pos=[-0.0, 0.0, -2.447999954223633, -0.8999999761581421, -0.0, 0.8640000224113464] joint_vel=[-0.0, 0.0, 6.659999847412109, 210.0600128173828, -0.0, -23.309999465942383] imu_ang_vel=[-0.286964476108551, 1.2499208450317383, 0.4199298620223999] imu_quat_wxyz=[0.600808322429657, 0.07424824684858322, 0.06487813591957092, -0.7932890057563782] status=0x8303
joint_pos=[0.5040000081062317, 2.4119999408721924, -0.5400000214576721, 5.4720001220703125, -1.871999979019165, 2.2679998874664307] joint_vel=[251.82000732421875, 61.560001373291016, 34.82999801635742, 102.77999877929688, -154.25999450683594, -102.51000213623047] imu_ang_vel=[-0.06752000749111176, -0.08432278037071228, 0.4018203616142273] imu_quat_wxyz=[0.6037567257881165, 0.08448390662670135, 0.07620449364185333, -0.7890077829360962] status=0x8303
joint_pos=[0.5040000081062317, 2.4119999408721924, -0.5400000214576721, 5.4720001220703125, -1.871999979019165, 2.2679998874664307] joint_vel=[251.82000732421875, 61.560001373291016, 34.82999801635742, 102.77999877929688, -154.25999450683594, -102.51000213623047] imu_ang_vel=[0.7932136058807373, -3.5309855937957764, -1.093278169631958] imu_quat_wxyz=[0.6020654439926147, 0.07570614665746689, 0.06103276461362839, -0.7925028800964355] status=0x8303
joint_pos=[-0.0, 0.0, -2.6640000343322754, 0.0, -0.0, -0.0] joint_vel=[-0.0, 0.0, 0.0, 0.0, -0.0, -0.0] imu_ang_vel=[-1.5785974264144897, -3.3919687271118164, 0.6036879420280457] imu_quat_wxyz=[0.6009418964385986, 0.04530037194490433, 0.040314413607120514, -0.7969890236854553] status=0x8303
joint_pos=[-8.819999694824219, -2.2679998874664307, -2.5199999809265137, 2.8439998626708984, 1.656000018119812, 1.7999999523162842] joint_vel=[-145.8000030517578, 46.709999084472656, 249.02999877929688, 183.8699951171875, -17.639999389648438, 201.24000549316406] imu_ang_vel=[0.9290348291397095, 1.4778873920440674, -1.073570728302002] imu_quat_wxyz=[0.6042879819869995, 0.028894323855638504, 0.036896925419569016, -0.7953866124153137] status=0x8303
joint_pos=[-0.0, 0.0, -2.5199999809265137, 2.8439998626708984, -0.0, 1.7999999523162842] joint_vel=[-0.0, 0.0, 249.02999877929688, 183.8699951171875, -0.0, 201.24000549316406] imu_ang_vel=[-0.10107583552598953, 1.5647063255310059, -0.4610437750816345] imu_quat_wxyz=[0.5956258773803711, 0.04640810564160347, 0.04727789759635925, -0.8005253672599792] status=0x8303
joint_pos=[-4.9679999351501465, -2.1600000858306885, 0.9359999895095825, 8.496000289916992, -2.303999900817871, 4.427999973297119] joint_vel=[47.790000915527344, 22.229999542236328, 636.6599731445312, 426.3299865722656, -34.20000076293945, -48.5099983215332] imu_ang_vel=[-0.4275793731212616, 4.512292861938477, 0.8561556339263916] imu_quat_wxyz=[0.5942412614822388, 0.05784837529063225, 0.05951102077960968, -0.7999933362007141] status=0x8303
joint_pos=[-4.9679999351501465, -2.1600000858306885, 0.9359999895095825, 8.496000289916992, -2.303999900817871, -0.0] joint_vel=[47.790000915527344, 22.229999542236328, 636.6599731445312, 426.3299865722656, -34.20000076293945, -0.0] imu_ang_vel=[-0.260332852602005, 0.43925467133522034, 0.9408441185951233] imu_quat_wxyz=[0.6000863909721375, 0.07827558368444443, 0.08008379489183426, -0.7920581102371216] status=0x8303
joint_pos=[-0.0, 0.0, -2.6640000343322754, 0.0, -0.0, -0.0] joint_vel=[-0.0, 0.0, 0.0, 0.0, -0.0, -0.0] imu_ang_vel=[0.26217928528785706, 0.927145779132843, 0.6191343069076538] imu_quat_wxyz=[0.6055490374565125, 0.0808362066745758, 0.0813152939081192, -0.7875047922134399] status=0x8303
joint_pos=[-0.0, 5.97599983215332, -7.380000114440918, 1.9079999923706055, 7.199999809265137, 8.711999893188477] joint_vel=[-0.0, 57.959999084472656, -38.43000030517578, 134.9099884033203, -154.62001037597656, 49.59000015258789] imu_ang_vel=[0.31277936697006226, 0.5159537196159363, 1.172539234161377] imu_quat_wxyz=[0.6117501854896545, 0.08940919488668442, 0.08357731997966766, -0.7815258502960205] status=0x8303
joint_pos=[-0.0, 0.0, 0.0, 0.0, -0.0, -0.0] joint_vel=[-0.0, 0.0, 0.0, 0.0, -0.0, -0.0] imu_ang_vel=[0.06137698143720627, -0.9727532267570496, 0.08224106580018997] imu_quat_wxyz=[0.6190384030342102, 0.08843905478715897, 0.07836845517158508, -0.7764202356338501] status=0x8303
joint_pos=[-0.0, 7.127999782562256, -4.355999946594238, 1.2960000038146973, 5.363999843597412, 0.1080000028014183] joint_vel=[-0.0, 32.220001220703125, 38.70000076293945, -76.05000305175781, 32.67000198364258, 29.15999984741211] imu_ang_vel=[0.0059832315891981125, 1.7495297193527222, 1.2955772876739502] imu_quat_wxyz=[0.6208915114402771, 0.08453220874071121, 0.07406706362962723, -0.7757978439331055] status=0x8303
joint_pos=[-0.0, 7.127999782562256, 0.0, 1.2960000038146973, 5.363999843597412, -0.0] joint_vel=[-0.0, 32.220001220703125, 0.0, -76.05000305175781, 32.67000198364258, -0.0] imu_ang_vel=[0.94394850730896, -0.14291231334209442, 0.6926375031471252] imu_quat_wxyz=[0.629006028175354, 0.09660939127206802, 0.07645681500434875, -0.767575740814209] status=0x8303
joint_pos=[-6.01200008392334, 2.628000020980835, -2.6640000343322754, 3.312000036239624, 3.7080001831054688, 3.0239999294281006] joint_vel=[6.210000038146973, -58.04999923706055, 0.0, -22.229999542236328, 301.32000732421875, -126.62999725341797] imu_ang_vel=[0.6909481883049011, -0.7703530192375183, 0.6324501037597656] imu_quat_wxyz=[0.6328621506690979, 0.09979885816574097, 0.06729919463396072, -0.7648507356643677] status=0x8303
joint_pos=[-6.01200008392334, 2.628000020980835, -2.6640000343322754, 3.312000036239624, 3.7080001831054688, 3.0239999294281006] joint_vel=[6.210000038146973, -58.04999923706055, 0.0, -22.229999542236328, 301.32000732421875, -126.62999725341797] imu_ang_vel=[0.2701687812805176, -0.19617553055286407, 0.8614819645881653] imu_quat_wxyz=[0.6377940773963928, 0.10555567592382431, 0.06238216906785965, -0.7603849768638611] status=0x8303
joint_pos=[-0.0, 0.0, 0.0, 0.0, -0.0, -0.0] joint_vel=[-0.0, 0.0, 0.0, 0.0, -0.0, -0.0] imu_ang_vel=[-0.23476651310920715, -0.6164222955703735, 0.9323219656944275] imu_quat_wxyz=[0.6447840929031372, 0.10465621203184128, 0.060490116477012634, -0.7547460198402405] status=0x8303
joint_pos=[-0.0, 1.944000005722046, 0.0, 0.0, -0.0, -0.0] joint_vel=[-0.0, 1369.6199951171875, 0.0, 0.0, -0.0, -0.0] imu_ang_vel=[-0.17990539968013763, -3.5267245769500732, 0.9227346181869507] imu_quat_wxyz=[0.6530406475067139, 0.0947577953338623, 0.05271926522254944, -0.7495195269584656] status=0x8303
joint_pos=[-0.0, 0.0, 0.0, 0.0, -0.0, -0.0] joint_vel=[-0.0, 0.0, 0.0, 0.0, -0.0, -0.0] imu_ang_vel=[-0.3104002773761749, -3.1767852306365967, 0.921136736869812] imu_quat_wxyz=[0.6608851552009583, 0.06549855321645737, 0.02839493751525879, -0.7470840811729431] status=0x8303
joint_pos=[-10.656000137329102, -2.0160000324249268, -0.6119999885559082, 5.21999979019165, 7.52400016784668, 3.6720001697540283] joint_vel=[-199.25999450683594, 19.260000228881836, 8.010000228881836, -264.7799987792969, 112.05000305175781, -41.040000915527344] imu_ang_vel=[-0.29495394229888916, 0.2943786680698395, 0.8343177437782288] imu_quat_wxyz=[0.6691790223121643, 0.04168606549501419, 0.012291363440454006, -0.7418292760848999] status=0x8303
joint_pos=[-0.0, 0.0, 0.0, 0.0, -0.0, -0.0] joint_vel=[-0.0, 0.0, 0.0, 0.0, -0.0, -0.0] imu_ang_vel=[-0.45740675926208496, -0.7474498152732849, 1.0617517232894897] imu_quat_wxyz=[0.6753726601600647, 0.03993610292673111, 0.014351156540215015, -0.7362546324729919] status=0x8303
joint_pos=[-0.6119999885559082, 9.03600025177002, -0.7200000286102295, 1.1160000562667847, -2.555999994277954, 7.199999809265137] joint_vel=[-0.09000000357627869, 86.76000213623047, -100.70999908447266, -87.20999908447266, 105.4800033569336, 77.8499984741211] imu_ang_vel=[-0.2507454752922058, 1.6547211408615112, 0.34269821643829346] imu_quat_wxyz=[0.6840551495552063, 0.032742466777563095, 0.013686561025679111, -0.728566586971283] status=0x8303
joint_pos=[-0.6119999885559082, 9.03600025177002, -0.7200000286102295, 0.0, -2.555999994277954, -0.0] joint_vel=[-0.09000000357627869, 86.76000213623047, -100.70999908447266, 0.0, 105.4800033569336, -0.0] imu_ang_vel=[-0.4089372456073761, -0.01028690580278635, 0.6697343587875366] imu_quat_wxyz=[0.6849737763404846, 0.03680843487381935, 0.019168714061379433, -0.7273848056793213] status=0x8303
joint_pos=[22.607999801635742, -2.700000047683716, -0.7200000286102295, -0.2160000056028366, 1.7640000581741333, 5.4720001220703125] joint_vel=[656.8200073242188, -434.97003173828125, -100.70999908447266, -94.86000061035156, 71.81999969482422, -39.69000244140625] imu_ang_vel=[-0.5692594647407532, 0.41209039092063904, 0.5120752453804016] imu_quat_wxyz=[0.6912224292755127, 0.034638941287994385, 0.024026256054639816, -0.721411406993866] status=0x8303
joint_pos=[-0.0, 0.0, 0.0, 0.0, -0.0, -0.0] joint_vel=[-0.0, 0.0, 0.0, 0.0, -0.0, -0.0] imu_ang_vel=[-0.260332852602005, 0.18252594769001007, 0.25055283308029175] imu_quat_wxyz=[0.693939745426178, 0.033000003546476364, 0.029147978872060776, -0.7186857461929321] status=0x8303
joint_pos=[-2.0880000591278076, 2.8439998626708984, -2.8439998626708984, 8.748000144958496, 8.244000434875488, 5.436000347137451] joint_vel=[50.400001525878906, 147.05999755859375, 147.3300018310547, -75.24000549316406, 193.23001098632812, 6.569999694824219] imu_ang_vel=[-0.0888252928853035, 2.9761815071105957, 0.8321871161460876] imu_quat_wxyz=[0.6970342397689819, 0.036299776285886765, 0.03421000763773918, -0.7153007984161377] status=0x8303
joint_pos=[-0.0, 2.8439998626708984, -2.8439998626708984, 8.748000144958496, -0.0, 5.436000347137451] joint_vel=[-0.0, 147.05999755859375, 147.3300018310547, -75.24000549316406, -0.0, 6.569999694824219] imu_ang_vel=[0.09440017491579056, 0.7130276560783386, 0.48384571075439453] imu_quat_wxyz=[0.7013003826141357, 0.050841182470321655, 0.048005569726228714, -0.7094282507896423] status=0x8303
joint_pos=[-0.6480000019073486, 2.7720000743865967, 1.2239999771118164, 9.64799976348877, -2.052000045776367, -1.1160000562667847] joint_vel=[357.1199951171875, 55.88999938964844, 672.6599731445312, 426.0600280761719, 7.380000114440918, -1009.97998046875] imu_ang_vel=[0.08055174350738525, -0.8337362408638, 0.6186016201972961] imu_quat_wxyz=[0.7055224180221558, 0.05284330993890762, 0.048862162977457047, -0.7050235867500305] status=0x8303
joint_pos=[-0.6480000019073486, 2.7720000743865967, 1.2239999771118164, 9.64799976348877, -2.052000045776367, -1.1160000562667847] joint_vel=[357.1199951171875, 55.88999938964844, 672.6599731445312, 426.0600280761719, 7.380000114440918, -1009.97998046875] imu_ang_vel=[0.9961465001106262, -2.966395378112793, -1.1113876104354858] imu_quat_wxyz=[0.7038474678993225, 0.04502834007143974, 0.03255436196923256, -0.7081747651100159] status=0x8303
joint_pos=[-0.0, 0.0, 0.0, 0.0, -0.0, -0.0] joint_vel=[-0.0, 0.0, 0.0, 0.0, -0.0, -0.0] imu_ang_vel=[-1.3117488622665405, -2.5871615409851074, 0.6612122654914856] imu_quat_wxyz=[0.7021244168281555, 0.02437877655029297, 0.011532791890203953, -0.7115434408187866] status=0x8303
joint_pos=[-11.592000007629395, 5.9039998054504395, -3.7080001831054688, 2.8439998626708984, 5.724000453948975, 0.46799999475479126] joint_vel=[-318.4200134277344, -92.42999267578125, -11.070000648498535, -58.68000030517578, -153.0, -6.659999847412109] imu_ang_vel=[1.0579317808151245, -1.3333451747894287, -0.5313511490821838] imu_quat_wxyz=[0.7046254873275757, 0.002074126387014985, -0.0023492262698709965, -0.7095724940299988] status=0x8303
joint_pos=[-0.0, 0.0, 0.0, 0.0, -0.0, -0.0] joint_vel=[-0.0, 0.0, 0.0, 0.0, -0.0, -0.0] imu_ang_vel=[0.0033200737088918686, -1.680088758468628, -0.5116438269615173] imu_quat_wxyz=[0.7003462314605713, -0.001990280579775572, -0.018068158999085426, -0.7135719060897827] status=0x8303
joint_pos=[-7.0920000076293945, 6.12000036239624, -1.944000005722046, 2.98799991607666, 2.3400001525878906, 1.8360000848770142] joint_vel=[-91.16999816894531, 90.9000015258789, 17.100000381469727, -41.939998626708984, -4.5, -1.7999999523162842] imu_ang_vel=[-0.47125518321990967, 1.1391332149505615, 0.7826523780822754] imu_quat_wxyz=[0.7004150748252869, -0.010914037004113197, -0.02265086956322193, -0.7132928371429443] status=0x8303
joint_pos=[-0.0, 0.0, 0.0, 0.0, -0.0, -0.0] joint_vel=[-0.0, 0.0, 0.0, 0.0, -0.0, -0.0] imu_ang_vel=[-0.2880297303199768, 1.2568449974060059, 0.0811758041381836] imu_quat_wxyz=[0.7046952843666077, -0.0009456537081860006, -0.009384495206177235, -0.7094473838806152] status=0x8303
joint_pos=[-1.3320000171661377, 5.436000347137451, -1.2960000038146973, 5.724000453948975, 0.8640000224113464, 4.464000225067139] joint_vel=[158.1300048828125, 63.27000045776367, -43.82999801635742, 119.43000030517578, 32.400001525878906, 54.9900016784668] imu_ang_vel=[-0.3215855658054352, 2.368980884552002, 0.9403114914894104] imu_quat_wxyz=[0.7072962522506714, 0.007746848277747631, 0.004084298852831125, -0.7068630456924438] status=0x8303
joint_pos=[-1.3320000171661377, 5.436000347137451, -1.2960000038146973, 5.724000453948975, 0.8640000224113464, 4.464000225067139] joint_vel=[158.1300048828125, 63.27000045776367, -43.82999801635742, 119.43000030517578, 32.400001525878906, 54.9900016784668] imu_ang_vel=[-0.10853268206119537, -1.808985710144043, 1.1736044883728027] imu_quat_wxyz=[0.7145554423332214, 0.015793459489941597, 0.015578359365463257, -0.699226975440979] status=0x8303
joint_pos=[-0.0, 0.0, 0.0, 0.0, -0.0, -0.0] joint_vel=[-0.0, 0.0, 0.0, 0.0, -0.0, -0.0] imu_ang_vel=[-0.11545690149068832, -0.42520737648010254, 0.738443911075592] imu_quat_wxyz=[0.7227751016616821, 0.0019062665523961186, 0.0017748014070093632, -0.6910784840583801] status=0x8303
joint_pos=[-1.656000018119812, -0.6480000019073486, -2.700000047683716, 7.019999980926514, -1.9079999923706055, 1.0080000162124634] joint_vel=[11.789999961853027, 16.920000076293945, -94.2300033569336, -56.52000045776367, 62.63999938964844, 100.52999877929688] imu_ang_vel=[-0.16073063015937805, -2.6100645065307617, 0.5541531443595886] imu_quat_wxyz=[0.7275510430335999, -0.003085693810135126, -0.0001232997892657295, -0.6860466003417969] status=0x8303
joint_pos=[-1.656000018119812, -0.6480000019073486, -2.700000047683716, 7.019999980926514, -1.9079999923706055, 1.0080000162124634] joint_vel=[11.789999961853027, 16.920000076293945, -94.2300033569336, -56.52000045776367, 62.63999938964844, 100.52999877929688] imu_ang_vel=[0.6094555258750916, -1.4856780767440796, 0.34269821643829346] imu_quat_wxyz=[0.73163902759552, -0.018142610788345337, -0.017635514959692955, -0.6812226176261902] status=0x8303
joint_pos=[-1.656000018119812, 0.0, -2.700000047683716, 7.019999980926514, -0.0, 1.0080000162124634] joint_vel=[11.789999961853027, 0.0, -94.2300033569336, -56.52000045776367, -0.0, 100.52999877929688] imu_ang_vel=[0.03474537283182144, -0.49924322962760925, 0.0023462451063096523] imu_quat_wxyz=[0.7325738072395325, -0.020911691710352898, -0.02465473860502243, -0.6799195408821106] status=0x8303
joint_pos=[-7.452000141143799, 5.363999843597412, -1.5839999914169312, -0.8999999761581421, 5.184000015258789, 1.3680000305175781] joint_vel=[-245.16000366210938, 162.6300048828125, 225.1800079345703, -535.4099731445312, 116.01000213623047, -691.6500244140625] imu_ang_vel=[0.12742336094379425, -0.032124824821949005, 0.4151361584663391] imu_quat_wxyz=[0.7331535816192627, -0.025433767586946487, -0.0316242054104805, -0.6788512468338013] status=0x8303
joint_pos=[-7.452000141143799, 5.363999843597412, 0.0, -0.8999999761581421, 5.184000015258789, -0.0] joint_vel=[-245.16000366210938, 162.6300048828125, 0.0, -535.4099731445312, 116.01000213623047, -0.0] imu_ang_vel=[0.22968873381614685, 1.8587193489074707, 0.4769214987754822] imu_quat_wxyz=[0.7365906238555908, -0.019406523555517197, -0.029352059587836266, -0.6754229068756104] status=0x8303
joint_pos=[-0.0, 0.0, 0.0, 0.0, -0.0, -0.0] joint_vel=[-0.0, 0.0, 0.0, 0.0, -0.0, -0.0] imu_ang_vel=[-0.5042783617973328, 1.3644366264343262, 1.1831917762756348] imu_quat_wxyz=[0.7413429021835327, -0.009709340520203114, -0.0169671718031168, -0.6708416938781738] status=0x8303
joint_pos=[-0.0, -2.0880000591278076, 0.0, 0.0, -0.0, -0.0] joint_vel=[-0.0, -10.980000495910645, 0.0, 0.0, -0.0, -0.0] imu_ang_vel=[0.2360803186893463, 1.219028115272522, -0.94893479347229] imu_quat_wxyz=[0.745288610458374, -0.0037595313042402267, -0.007534937001764774, -0.6666887998580933] status=0x8303
joint_pos=[-0.0, -2.0880000591278076, 0.0, 0.0, -0.0, -0.0] joint_vel=[-0.0, -10.980000495910645, 0.0, 0.0, -0.0, -0.0] imu_ang_vel=[-1.7948461771011353, 0.09251110255718231, 1.972020149230957] imu_quat_wxyz=[0.746429979801178, -0.0019502281211316586, 0.0027728909626603127, -0.6654553413391113] status=0x8303
joint_pos=[-0.0, -2.0880000591278076, 0.0, 0.0, -0.0, -0.0] joint_vel=[-0.0, -10.980000495910645, 0.0, 0.0, -0.0, -0.0] imu_ang_vel=[-0.14581693708896637, 0.5862611532211304, -0.01576324738562107] imu_quat_wxyz=[0.7558387517929077, -0.010637731291353703, 0.010367006063461304, -0.6545892953872681] status=0x8303
joint_pos=[-0.0, -2.0880000591278076, 0.0, 0.0, -0.0, -0.0] joint_vel=[-0.0, -10.980000495910645, 0.0, 0.0, -0.0, -0.0] imu_ang_vel=[-0.14315378665924072, 0.05682475119829178, 0.2665317952632904] imu_quat_wxyz=[0.7542458772659302, -0.0096658393740654, 0.011707399040460587, -0.6564165353775024] status=0x8203
joint_pos=[-4.572000026702881, -72.93600463867188, -2.5199999809265137, -0.1080000028014183, 3.7799999713897705, -0.0] joint_vel=[89.3699951171875, 806.4000244140625, 98.37000274658203, 53.0099983215332, -124.82999420166016, -0.0] imu_ang_vel=[-0.4456888437271118, 1.3149018287658691, 0.5046183466911316] imu_quat_wxyz=[0.7589197158813477, -0.009471472352743149, 0.018777307122945786, -0.6508445143699646] status=0x8303
joint_pos=[-4.572000026702881, -62.02799987792969, 0.0, 0.0, 3.7799999713897705, -0.0] joint_vel=[89.3699951171875, 404.19000244140625, 0.0, 0.0, -124.82999420166016, -0.0] imu_ang_vel=[0.03154958039522171, -1.5634424686431885, -0.6165723204612732] imu_quat_wxyz=[0.7588446736335754, -0.007802729960530996, 0.02581479772925377, -0.6507131457328796] status=0x8303
joint_pos=[3.4560000896453857, -54.3599967956543, -0.14399999380111694, 0.828000009059906, 3.7799999713897705, -0.0] joint_vel=[-334.97998046875, 433.0799865722656, -98.01000213623047, -96.75000762939453, -124.82999420166016, -0.0] imu_ang_vel=[0.4906785190105438, -1.977830171585083, -1.3324298858642578] imu_quat_wxyz=[0.7506358623504639, -0.018815085291862488, 0.007795681245625019, -0.660402238368988] status=0x8203
joint_pos=[-0.0, -54.3599967956543, 0.0, 0.0, -0.0, -0.0] joint_vel=[-0.0, 433.0799865722656, 0.0, 0.0, -0.0, -0.0] imu_ang_vel=[-0.6310448050498962, -0.908304750919342, 0.05933788791298866] imu_quat_wxyz=[0.7461052536964417, -0.025659717619419098, -0.0019805319607257843, -0.6653305292129517] status=0x8303
joint_pos=[-3.0960001945495605, -54.3599967956543, -1.944000005722046, 0.0, 7.883999824523926, 2.3400001525878906] joint_vel=[-133.8300018310547, 433.0799865722656, -68.30999755859375, 0.0, 210.15000915527344, 12.15000057220459] imu_ang_vel=[0.3814888894557953, 0.7322023510932922, -0.06050434708595276] imu_quat_wxyz=[0.7459821105003357, -0.03195194527506828, -0.001542133977636695, -0.6651972532272339] status=0x8303
joint_pos=[-3.0960001945495605, -54.3599967956543, 0.0, 0.0, 7.883999824523926, -0.0] joint_vel=[-133.8300018310547, 433.0799865722656, 0.0, 0.0, 210.15000915527344, -0.0] imu_ang_vel=[1.1980139017105103, 1.405449390411377, -0.5270901322364807] imu_quat_wxyz=[0.7463203072547913, -0.02783023752272129, -0.0007387138903141022, -0.6650044918060303] status=0x8203
joint_pos=[-9.64799976348877, -54.3599967956543, -0.6840000152587891, -0.7200000286102295, -3.312000036239624, 7.0920000076293945] joint_vel=[-923.760009765625, 433.0799865722656, 169.11000061035156, -90.27000427246094, -778.3200073242188, 136.88999938964844] imu_ang_vel=[0.13807600736618042, 1.4959968328475952, 1.057490587234497] imu_quat_wxyz=[0.7444210648536682, -0.0038135473150759935, 0.003787571331486106, -0.6676889061927795] status=0x8203
joint_pos=[-9.64799976348877, -54.3599967956543, -0.6840000152587891, -0.7200000286102295, -3.312000036239624, 7.0920000076293945] joint_vel=[-923.760009765625, 433.0799865722656, 169.11000061035156, -90.27000427246094, -778.3200073242188, 136.88999938964844] imu_ang_vel=[0.4731016457080841, 0.8334024548530579, 2.12648344039917] imu_quat_wxyz=[0.7545927166938782, 0.010186301544308662, 0.0162943247705698, -0.6559120416641235] status=0x8203
joint_pos=[-0.0, 0.0, 0.0, 0.0, -0.0, -0.0] joint_vel=[-0.0, 0.0, 0.0, 0.0, -0.0, -0.0] imu_ang_vel=[-0.03609471023082733, 0.7646929025650024, 1.848449468612671] imu_quat_wxyz=[0.7629534602165222, 0.019234051927924156, 0.024075128138065338, -0.645718514919281] status=0x8303
joint_pos=[-3.563999891281128, -3.06000018119812, 0.0, 0.5759999752044678, 3.131999969482422, -0.0] joint_vel=[195.3000030517578, -199.6199951171875, 0.0, 199.34999084472656, -4.860000133514404, -0.0] imu_ang_vel=[0.6861545443534851, 3.044891119003296, 1.6348638534545898] imu_quat_wxyz=[0.7753039598464966, 0.029624544084072113, 0.030177198350429535, -0.6301711201667786] status=0x8303
joint_pos=[3.06000018119812, -3.06000018119812, 0.0, 0.0, -0.0, -0.0] joint_vel=[478.8900146484375, -199.6199951171875, 0.0, 0.0, -0.0, -0.0] imu_ang_vel=[-0.8206618428230286, 2.721583366394043, 3.42290997505188] imu_quat_wxyz=[0.7859764099121094, 0.056789275258779526, 0.057237591594457626, -0.6129762530326843] status=0x8303
joint_pos=[11.807999610900879, -3.06000018119812, -6.552000045776367, 6.192000389099121, -0.0, 3.0960001945495605] joint_vel=[417.4200134277344, -199.6199951171875, 53.55000305175781, 209.25, -0.0, -60.029998779296875] imu_ang_vel=[-0.260332852602005, 1.2840092182159424, 2.5424692630767822] imu_quat_wxyz=[0.8049229979515076, 0.06976722925901413, 0.08052249252796173, -0.583736002445221] status=0x8303
joint_pos=[19.260000228881836, -3.06000018119812, -6.552000045776367, 6.192000389099121, -0.0, 3.0960001945495605] joint_vel=[393.92999267578125, -199.6199951171875, 53.55000305175781, 209.25, -0.0, -60.029998779296875] imu_ang_vel=[-0.11545690149068832, 0.05789000540971756, 2.8982675075531006] imu_quat_wxyz=[0.8189477920532227, 0.08118113875389099, 0.09486331790685654, -0.5601207613945007] status=0x8203
joint_pos=[19.260000228881836, -3.06000018119812, -6.552000045776367, 0.0, -0.0, 3.0960001945495605] joint_vel=[393.92999267578125, -199.6199951171875, 53.55000305175781, 0.0, -0.0, -60.029998779296875] imu_ang_vel=[0.15991392731666565, -1.5368107557296753, 1.301436185836792] imu_quat_wxyz=[0.8316134214401245, 0.08028978109359741, 0.08824320137500763, -0.5423890948295593] status=0x8203
joint_pos=[-0.0, 0.0, 0.0, 4.211999893188477, -0.0, -0.0] joint_vel=[-0.0, 0.0, 0.0, 0.0, -0.0, -0.0] imu_ang_vel=[-0.7540828585624695, 0.5553684830665588, 1.426072120666504] imu_quat_wxyz=[0.8424391746520996, 0.07092002034187317, 0.07188423722982407, -0.5292442440986633] status=0x8303
joint_pos=[-0.0, 0.7200000286102295, 0.0, 4.211999893188477, 6.624000072479248, -0.0] joint_vel=[-0.0, 220.86000061035156, 0.0, 0.0, -51.29999923706055, -0.0] imu_ang_vel=[-1.0965653657913208, -3.6236634254455566, 1.4740090370178223] imu_quat_wxyz=[0.8499286770820618, 0.06299049407243729, 0.07343567907810211, -0.5179388523101807] status=0x8303
joint_pos=[-0.0, 0.0, 0.0, 0.0, -0.0, -0.0] joint_vel=[-0.0, 0.0, 0.0, 0.0, -0.0, -0.0] imu_ang_vel=[0.38361942768096924, -0.801778256893158, 1.5224785804748535] imu_quat_wxyz=[0.8597407937049866, 0.04539979249238968, 0.054965924471616745, -0.5057306289672852] status=0x8303
joint_pos=[-5.544000148773193, 5.579999923706055, -2.2320001125335693, -0.972000002861023, 8.855999946594238, 2.700000047683716] joint_vel=[-191.61000061035156, 58.22999954223633, -15.480000495910645, -98.45999908447266, 165.239990234375, -13.679999351501465] imu_ang_vel=[0.12369493395090103, -0.8763467669487, -0.08394017070531845] imu_quat_wxyz=[0.8657681345939636, 0.044702187180519104, 0.04145628586411476, -0.4967178404331207] status=0x8303
joint_pos=[-0.0, 0.0, -2.2320001125335693, 0.0, -0.0, 2.700000047683716] joint_vel=[-0.0, 0.0, -15.480000495910645, 0.0, -0.0, -13.679999351501465] imu_ang_vel=[0.21211189031600952, 0.571880042552948, 0.751227080821991] imu_quat_wxyz=[0.8658205270767212, 0.04477459937334061, 0.03967679291963577, -0.49676552414894104] status=0x8303
joint_pos=[-5.076000213623047, -0.6119999885559082, -0.828000009059906, -1.1160000562667847, -1.1160000562667847, 2.5920000076293945] joint_vel=[47.43000030517578, -178.02000427246094, -30.869998931884766, -15.029999732971191, 90.54000091552734, -88.56000518798828] imu_ang_vel=[0.2179708331823349, 1.911449909210205, 0.007139934692531824] imu_quat_wxyz=[0.8697277307510376, 0.051707860082387924, 0.04853891208767891, -0.4884098470211029] status=0x8303
joint_pos=[-5.076000213623047, -0.6119999885559082, -0.828000009059906, -1.1160000562667847, -1.1160000562667847, 2.5920000076293945] joint_vel=[47.43000030517578, -178.02000427246094, -30.869998931884766, -15.029999732971191, 90.54000091552734, -88.56000518798828] imu_ang_vel=[0.49920061230659485, 0.7061033844947815, 0.9514967799186707] imu_quat_wxyz=[0.8666518926620483, 0.07665292173624039, 0.08229301869869232, -0.4860728979110718] status=0x8303
joint_pos=[-0.0, 0.0, -0.828000009059906, 0.0, -0.0, 2.5920000076293945] joint_vel=[-0.0, 0.0, -30.869998931884766, 0.0, -0.0, -88.56000518798828] imu_ang_vel=[-0.10001056641340256, 1.5460642576217651, 0.9829220175743103] imu_quat_wxyz=[0.8705370426177979, 0.08186230063438416, 0.08907400816679001, -0.47700077295303345] status=0x8303
joint_pos=[-0.0, -3.5999999046325684, -1.7999999523162842, 7.199999809265137, 1.9800000190734863, 1.3680000305175781] joint_vel=[-0.0, -184.95001220703125, -14.489999771118164, 27.270000457763672, 125.19000244140625, -98.18999481201172] imu_ang_vel=[0.7713756561279297, 0.2464417964220047, 0.27292338013648987] imu_quat_wxyz=[0.872503399848938, 0.08904263377189636, 0.09865492582321167, -0.47018781304359436] status=0x8303
joint_pos=[-0.0, -3.5999999046325684, -1.7999999523162842, 7.199999809265137, 1.9800000190734863, 1.3680000305175781] joint_vel=[-0.0, -184.95001220703125, -14.489999771118164, 27.270000457763672, 125.19000244140625, -98.18999481201172] imu_ang_vel=[-0.014256792142987251, 0.5457810759544373, 2.5211637020111084] imu_quat_wxyz=[0.8808204531669617, 0.0885390117764473, 0.10343077033758163, -0.45345157384872437] status=0x8303
joint_pos=[-0.0, 0.0, 0.0, 0.0, -0.0, -0.0] joint_vel=[-0.0, 0.0, 0.0, 0.0, -0.0, -0.0] imu_ang_vel=[0.5790954232215881, -0.16794602572917938, 1.1752023696899414] imu_quat_wxyz=[0.8887937068939209, 0.09655937552452087, 0.10645594447851181, -0.43518874049186707] status=0x8303
joint_pos=[-6.552000045776367, 5.687999725341797, -2.1600000858306885, 3.312000036239624, 6.839999675750732, 0.3959999978542328] joint_vel=[23.040000915527344, -162.4499969482422, 250.2899932861328, -129.05999755859375, 203.75999450683594, -14.489999771118164] imu_ang_vel=[-0.37857720255851746, -2.3938159942626953, 1.3301982879638672] imu_quat_wxyz=[0.894426703453064, 0.09736582636833191, 0.09792763739824295, -0.42535993456840515] status=0x8303
joint_pos=[-6.552000045776367, 5.687999725341797, -2.1600000858306885, 0.0, 6.839999675750732, -0.0] joint_vel=[23.040000915527344, -162.4499969482422, 250.2899932861328, 0.0, 203.75999450683594, -0.0] imu_ang_vel=[-0.3333034813404083, -3.478787660598755, 0.626591145992279] imu_quat_wxyz=[0.9020448327064514, 0.08209673315286636, 0.07309158146381378, -0.4174124002456665] status=0x8303
joint_pos=[-11.916000366210938, 5.687999725341797, 0.4320000112056732, 5.436000347137451, 8.027999877929688, 7.559999942779541] joint_vel=[-457.8299865722656, -162.4499969482422, -32.310001373291016, -195.3000030517578, 481.4100036621094, 77.76000213623047] imu_ang_vel=[0.24247190356254578, -2.0886175632476807, 0.7570860385894775] imu_quat_wxyz=[0.9065632224082947, 0.07084030658006668, 0.04938622936606407, -0.41314125061035156] status=0x8303
joint_pos=[-11.916000366210938, -37.47599792480469, 0.4320000112056732, 5.436000347137451, 8.027999877929688, 7.559999942779541] joint_vel=[-457.8299865722656, 670.22998046875, -32.310001373291016, -195.3000030517578, 481.4100036621094, 77.76000213623047] imu_ang_vel=[-0.01993820071220398, -1.1449710130691528, 2.624849557876587] imu_quat_wxyz=[0.9152970314025879, 0.06253445148468018, 0.026473717764019966, -0.3970140814781189] status=0x8303
joint_pos=[-11.916000366210938, -27.86400032043457, 0.0, 0.0, -0.0, -0.0] joint_vel=[-457.8299865722656, 487.8900146484375, 0.0, 0.0, -0.0, -0.0] imu_ang_vel=[1.7689956426620483, -4.609033107757568, -2.0685274600982666] imu_quat_wxyz=[0.9206717014312744, 0.05675402656197548, -0.005901783239096403, -0.3861450254917145] status=0x8303
joint_pos=[7.740000247955322, -17.20800018310547, -1.9079999923706055, 0.0, -0.0, -0.0] joint_vel=[-438.6600036621094, 501.2099914550781, 132.02999877929688, 0.0, -0.0, -0.0] imu_ang_vel=[0.0736275240778923, -2.553605556488037, -0.6714334487915039] imu_quat_wxyz=[0.9142434000968933, 0.051779020577669144, -0.04785574600100517, -0.3989834785461426] status=0x8303
joint_pos=[3.419999837875366, -8.748000144958496, -1.9079999923706055, 0.0, -0.0, -0.0] joint_vel=[-35.369998931884766, 479.34002685546875, 132.02999877929688, 0.0, -0.0, -0.0] imu_ang_vel=[-1.3335866928100586, 2.462724208831787, 0.26440125703811646] imu_quat_wxyz=[0.9098132848739624, 0.03894723579287529, -0.06310819089412689, -0.4083384871482849] status=0x8303
joint_pos=[5.760000228881836, -1.619999885559082, -1.9079999923706055, 0.0, -0.0, -0.0] joint_vel=[159.38999938964844, 286.7400207519531, 132.02999877929688, 0.0, -0.0, -0.0] imu_ang_vel=[0.9444811344146729, 3.7373130321502686, 0.3038160502910614] imu_quat_wxyz=[0.9128172993659973, 0.03707272931933403, -0.05309133976697922, -0.4032015800476074] status=0x8303
joint_pos=[5.760000228881836, -1.619999885559082, 0.0, 0.0, -0.0, -0.0] joint_vel=[159.38999938964844, 286.7400207519531, 0.0, 0.0, -0.0, -0.0] imu_ang_vel=[1.5857702493667603, 2.9037437438964844, -0.6639766097068787] imu_quat_wxyz=[0.9169952869415283, 0.06860338896512985, -0.006565127056092024, -0.39289963245391846] status=0x8303
joint_pos=[-0.4320000112056732, -2.375999927520752, -0.5040000081062317, 2.124000072479248, 1.6920000314712524, 1.6920000314712524] joint_vel=[509.0400085449219, -283.4100036621094, -222.2100067138672, 133.3800048828125, -258.2099914550781, -64.08000183105469] imu_ang_vel=[-0.5080068111419678, 2.1490039825439453, -0.011502190493047237] imu_quat_wxyz=[0.9151660203933716, 0.0898895114660263, 0.00971241295337677, -0.3928063213825226] status=0x8303
joint_pos=[-0.4320000112056732, -2.375999927520752, -0.5040000081062317, 2.124000072479248, 1.6920000314712524, 1.6920000314712524] joint_vel=[509.0400085449219, -283.4100036621094, -222.2100067138672, 133.3800048828125, -258.2099914550781, -64.08000183105469] imu_ang_vel=[-0.9713967442512512, -1.2055134773254395, 0.33843713998794556] imu_quat_wxyz=[0.9143640398979187, 0.09163613617420197, 0.025905033573508263, -0.39353546500205994] status=0x8303
joint_pos=[-0.0, 0.0, 0.0, 0.0, -0.0, -0.0] joint_vel=[-0.0, 0.0, 0.0, 0.0, -0.0, -0.0] imu_ang_vel=[-0.42118778824806213, -0.44917580485343933, -0.22668558359146118] imu_quat_wxyz=[0.9166473746299744, 0.0759177953004837, 0.01634734869003296, -0.3920802175998688] status=0x8303
joint_pos=[-0.0, 3.1679999828338623, 1.7640000581741333, 7.127999782562256, 2.0160000324249268, 5.6519999504089355] joint_vel=[-0.0, -239.30999755859375, 159.02999877929688, 114.12000274658203, -163.35000610351562, 92.69999694824219] imu_ang_vel=[-0.08190107345581055, 1.1918638944625854, -1.327103614807129] imu_quat_wxyz=[0.9131442308425903, 0.07708548754453659, 0.016881901770830154, -0.39992573857307434] status=0x8303
joint_pos=[-0.0, -17.856000900268555, 1.7640000581741333, 7.127999782562256, -0.0, 5.6519999504089355] joint_vel=[-0.0, -685.8899536132812, 159.02999877929688, 114.12000274658203, -0.0, 92.69999694824219] imu_ang_vel=[-0.818531334400177, -0.5711485743522644, -0.6314859986305237] imu_quat_wxyz=[0.9107557535171509, 0.07500413805246353, 0.021257149055600166, -0.4055202007293701] status=0x8303
joint_pos=[-0.0, -19.836000442504883, -2.2679998874664307, 0.18000000715255737, 5.436000347137451, 0.5400000214576721] joint_vel=[-0.0, 306.6300048828125, -222.74998474121094, 93.5999984741211, -139.6800079345703, 74.69999694824219] imu_ang_vel=[-0.18682962656021118, 2.422244071960449, 0.10141582787036896] imu_quat_wxyz=[0.9099422693252563, 0.068988136947155, 0.020139168947935104, -0.40846067667007446] status=0x8303
joint_pos=[-0.0, -19.836000442504883, -2.2679998874664307, 0.18000000715255737, -0.0, 0.5400000214576721] joint_vel=[-0.0, 306.6300048828125, -222.74998474121094, 93.5999984741211, -0.0, 74.69999694824219] imu_ang_vel=[-0.7492891550064087, -0.08006172627210617, -0.19099923968315125] imu_quat_wxyz=[0.9097694158554077, 0.07066194713115692, 0.0324062742292881, -0.407770037651062] status=0x8303
joint_pos=[-8.567999839782715, -19.836000442504883, -2.6640000343322754, 4.211999893188477, 2.124000072479248, 4.427999973297119] joint_vel=[-1173.4200439453125, 306.6300048828125, 0.0, 0.0, -0.0, -0.0] imu_ang_vel=[-0.7285165190696716, -1.0792796611785889, 0.3741235136985779] imu_quat_wxyz=[0.910293698310852, 0.06130801513791084, 0.03292849287390709, -0.40807169675827026] status=0x8303
joint_pos=[-8.567999839782715, -19.836000442504883, -2.6640000343322754, 4.211999893188477, -6.73199987411499, 4.427999973297119] joint_vel=[-1173.4200439453125, 306.6300048828125, 0.0, 0.0, -333.5400085449219, -0.0] imu_ang_vel=[-0.1586001217365265, 0.391317754983902, -0.08287490904331207] imu_quat_wxyz=[0.911811888217926, 0.0561700165271759, 0.035086363554000854, -0.4052320718765259] status=0x8203
joint_pos=[-0.0, 0.0, 0.0, 0.0, -6.73199987411499, -0.0] joint_vel=[-0.0, 0.0, 0.0, 0.0, -333.5400085449219, -0.0] imu_ang_vel=[0.1013244017958641, -0.8566394448280334, -0.8296251893043518] imu_quat_wxyz=[0.9095064997673035, 0.0566963329911232, 0.03501557931303978, -0.41031375527381897] status=0x8303
joint_pos=[-0.0, 0.0, 0.0, 0.0, -6.73199987411499, -0.0] joint_vel=[-0.0, 0.0, 0.0, 0.0, -333.5400085449219, -0.0] imu_ang_vel=[-1.635056495666504, -2.180763006210327, 1.3131541013717651] imu_quat_wxyz=[0.9085426330566406, 0.049849461764097214, 0.029631294310092926, -0.4137478172779083] status=0x8303
joint_pos=[-0.0, 0.0, 0.0, 0.0, -0.0, -0.0] joint_vel=[-0.0, 0.0, 0.0, 0.0, -0.0, -0.0] imu_ang_vel=[-0.30986765027046204, -0.3335946500301361, 0.37678664922714233] imu_quat_wxyz=[0.9138103127479553, 0.03191709145903587, 0.01852847822010517, -0.4044610857963562] status=0x8303
joint_pos=[-7.991999626159668, 6.76800012588501, 1.0440000295639038, 2.052000045776367, 7.271999835968018, 1.619999885559082] joint_vel=[182.8800048828125, -239.84999084472656, 53.369998931884766, 42.93000030517578, -21.690000534057617, -37.709999084472656] imu_ang_vel=[-0.2326359748840332, 2.8488826751708984, 0.1179274246096611] imu_quat_wxyz=[0.9140393733978271, 0.03136962279677391, 0.018690157681703568, -0.4039786458015442] status=0x8303
joint_pos=[-0.0, 0.0, 0.0, 0.0, -0.0, -0.0] joint_vel=[-0.0, 0.0, 0.0, 0.0, -0.0, -0.0] imu_ang_vel=[-0.6773838400840759, 0.4738757312297821, 0.7672060132026672] imu_quat_wxyz=[0.9150939583778381, 0.032832175493240356, 0.03095080703496933, -0.4007084369659424] status=0x8303
joint_pos=[-4.211999893188477, -1.7280000448226929, -7.235999584197998, 6.659999847412109, 4.644000053405762, 1.656000018119812] joint_vel=[47.249996185302734, -200.42999267578125, 116.81999969482422, 117.18000793457031, -43.02000045776367, 36.0] imu_ang_vel=[-0.6432953476905823, 3.716007709503174, 0.23617178201675415] imu_quat_wxyz=[0.918451189994812, 0.03093341365456581, 0.04043920710682869, -0.3922436833381653] status=0x8303
joint_pos=[-0.0, 0.0, 0.0, 0.0, 4.644000053405762, 1.656000018119812] joint_vel=[-0.0, 0.0, 0.0, 0.0, -43.02000045776367, 36.0] imu_ang_vel=[-0.06485684216022491, 0.67521071434021, -0.463706910610199] imu_quat_wxyz=[0.9168515205383301, 0.03642817214131355, 0.05710257217288017, -0.39344048500061035] status=0x8303
joint_pos=[-2.98799991607666, 2.2320001125335693, 1.7640000581741333, -1.0440000295639038, 4.644000053405762, 3.5280001163482666] joint_vel=[1214.2799072265625, -250.74000549316406, 958.4100341796875, -478.1700134277344, -43.02000045776367, -218.3400115966797] imu_ang_vel=[0.06297487765550613, 4.253433704376221, 0.00021571535035036504] imu_quat_wxyz=[0.9163802266120911, 0.036211661994457245, 0.059458695352077484, -0.39420902729034424] status=0x8303
joint_pos=[-2.98799991607666, 2.2320001125335693, 0.0, 0.0, 4.644000053405762, 3.5280001163482666] joint_vel=[1214.2799072265625, -250.74000549316406, 0.0, 0.0, -43.02000045776367, -218.3400115966797] imu_ang_vel=[0.7655166983604431, -0.8012456297874451, -1.7484157085418701] imu_quat_wxyz=[0.91042560338974, 0.04846861958503723, 0.06857186555862427, -0.4050605595111847] status=0x8203
joint_pos=[-0.0, 0.0, -2.6640000343322754, 4.211999893188477, -0.0, -0.0] joint_vel=[-0.0, 0.0, 0.0, 0.0, -0.0, -0.0] imu_ang_vel=[-0.3636634945869446, -0.0789964571595192, -0.5329490900039673] imu_quat_wxyz=[0.9060969352722168, 0.04999300464987755, 0.06885063648223877, -0.414425790309906] status=0x8303
joint_pos=[-5.9039998054504395, -2.3400001525878906, -2.6640000343322754, 4.211999893188477, -0.0, -0.0] joint_vel=[-870.2099609375, -306.27001953125, 0.0, 0.0, -0.0, -0.0] imu_ang_vel=[1.3657931089401245, 1.8949382305145264, -1.555070161819458] imu_quat_wxyz=[0.9024274945259094, 0.04874759539961815, 0.06809399276971817, -0.42262452840805054] status=0x8303
joint_pos=[-0.0, 0.0, 0.0, 0.0, -0.0, -0.0] joint_vel=[-0.0, 0.0, 0.0, 0.0, -0.0, -0.0] imu_ang_vel=[0.8161167502403259, -0.6771423816680908, -1.197674036026001] imu_quat_wxyz=[0.8950150609016418, 0.0614834688603878, 0.06593240052461624, -0.4368303418159485] status=0x8303
joint_pos=[-6.948000431060791, 1.8360000848770142, -0.828000009059906, -0.2160000056028366, -1.403999924659729, 1.9079999923706055] joint_vel=[-64.52999877929688, -101.25, -9.270000457763672, 165.15000915527344, -2.880000114440918, -166.32000732421875] imu_ang_vel=[-0.14315377175807953, 3.1317100524902344, -1.0666464567184448] imu_quat_wxyz=[0.8901557922363281, 0.06471696496009827, 0.06679058820009232, -0.4460642337799072] status=0x8303
joint_pos=[-0.0, 0.0, -0.828000009059906, 0.0, -1.403999924659729, 1.9079999923706055] joint_vel=[-0.0, 0.0, -9.270000457763672, 0.0, -2.880000114440918, -166.32000732421875] imu_ang_vel=[0.11730336397886276, 0.35190296173095703, -1.0996696949005127] imu_quat_wxyz=[0.8850453495979309, 0.06893090158700943, 0.08342650532722473, -0.45275095105171204] status=0x8303
joint_pos=[-2.0880000591278076, -1.2239999771118164, -1.0800000429153442, 6.552000045776367, 0.3240000009536743, 1.3680000305175781] joint_vel=[200.24998474121094, -111.23999786376953, -17.549999237060547, 109.26000213623047, 41.66999816894531, -484.1100158691406] imu_ang_vel=[-0.4968215525150299, 4.36635160446167, -0.26077404618263245] imu_quat_wxyz=[0.8797909617424011, 0.07124518603086472, 0.09003818035125732, -0.4612864553928375] status=0x8303
joint_pos=[-2.0880000591278076, -1.2239999771118164, -1.0800000429153442, 6.552000045776367, 0.3240000009536743, 1.3680000305175781] joint_vel=[200.24998474121094, -111.23999786376953, -17.549999237060547, 109.26000213623047, 41.66999816894531, -484.1100158691406] imu_ang_vel=[-1.1231969594955444, 0.6469811797142029, 0.17278853058815002] imu_quat_wxyz=[0.8763625025749207, 0.08028329908847809, 0.12599119544029236, -0.45789703726768494] status=0x8303
joint_pos=[-0.0, 0.0, 0.0, 0.0, -0.0, -0.0] joint_vel=[-0.0, 0.0, 0.0, 0.0, -0.0, -0.0] imu_ang_vel=[-0.7402344346046448, -0.43426212668418884, -0.19206449389457703] imu_quat_wxyz=[0.8765791654586792, 0.07722131162881851, 0.13163529336452484, -0.45641854405403137] status=0x8303
joint_pos=[-4.355999946594238, -0.14399999380111694, -3.131999969482422, 2.8439998626708984, -1.440000057220459, 4.283999919891357] joint_vel=[58.22999954223633, -88.47000122070312, -1.709999918937683, 4.139999866485596, 217.70999145507812, 48.5099983215332] imu_ang_vel=[-0.793497622013092, -1.1511850357055664, 0.09395897388458252] imu_quat_wxyz=[0.8769824504852295, 0.06510967761278152, 0.13240119814872742, -0.4573099911212921] status=0x8303
joint_pos=[-0.0, 0.0, 0.0, 0.0, -0.0, -0.0] joint_vel=[-0.0, 0.0, 0.0, 0.0, -0.0, -0.0] imu_ang_vel=[-0.6763185858726501, -2.1892852783203125, -0.24159929156303406] imu_quat_wxyz=[0.8800929188728333, 0.05078541487455368, 0.12102210521697998, -0.4563015401363373] status=0x8303
joint_pos=[-4.5, 5.003999710083008, -0.4320000112056732, 0.035999998450279236, 1.871999979019165, 6.371999740600586] joint_vel=[266.6700134277344, 177.57000732421875, 163.6199951171875, -113.94000244140625, 151.55999755859375, 191.33999633789062] imu_ang_vel=[-0.3567392826080322, 1.2802808284759521, -0.6112459897994995] imu_quat_wxyz=[0.8812268376350403, 0.03495725244283676, 0.10654182732105255, -0.4592016339302063] status=0x8303
joint_pos=[-4.5, 0.0, -0.4320000112056732, 0.035999998450279236, -0.0, 6.371999740600586] joint_vel=[266.6700134277344, 0.0, 163.6199951171875, -113.94000244140625, -0.0, 191.33999633789062] imu_ang_vel=[-0.05793263018131256, -0.941860556602478, 0.2814455032348633] imu_quat_wxyz=[0.879562497138977, 0.036254387348890305, 0.11373742669820786, -0.4605640172958374] status=0x8303
joint_pos=[-5.796000003814697, 2.98799991607666, -2.6640000343322754, 4.211999893188477, 2.124000072479248, 4.427999973297119] joint_vel=[-0.0, 0.0, 0.0, 0.0, -0.0, -0.0] imu_ang_vel=[-0.11492426693439484, -1.455850601196289, -0.3699636459350586] imu_quat_wxyz=[0.8808128833770752, 0.030637841671705246, 0.10428009927272797, -0.46082091331481934] status=0x8303
joint_pos=[-5.796000003814697, 2.98799991607666, -2.6640000343322754, 4.211999893188477, 2.124000072479248, 4.427999973297119] joint_vel=[-0.0, 0.0, 0.0, 0.0, -0.0, -0.0] imu_ang_vel=[0.26217931509017944, 0.6352632641792297, 0.49183523654937744] imu_quat_wxyz=[0.8802093267440796, 0.030706144869327545, 0.10397646576166153, -0.4620363414287567] status=0x8303
joint_pos=[-0.0, 0.0, 0.0, 0.0, -0.0, -0.0] joint_vel=[-0.0, 0.0, 0.0, 0.0, -0.0, -0.0] imu_ang_vel=[-0.685905933380127, -0.0928448960185051, 0.20900753140449524] imu_quat_wxyz=[0.8818304538726807, 0.030881429091095924, 0.1064823791384697, -0.45834803581237793] status=0x8303
joint_pos=[0.2879999876022339, 2.2320001125335693, -1.0080000162124634, 2.052000045776367, -0.8999999761581421, 9.576000213623047] joint_vel=[142.8300018310547, -65.43000030517578, 111.77999877929688, 94.94999694824219, 157.22999572753906, 102.77999877929688] imu_ang_vel=[0.48481956124305725, 2.0579237937927246, 0.9413767457008362] imu_quat_wxyz=[0.8834938406944275, 0.03212358057498932, 0.11234480142593384, -0.4536357522010803] status=0x8303
joint_pos=[-0.0, 2.2320001125335693, -1.0080000162124634, 0.0, -0.0, -0.0] joint_vel=[-0.0, -65.43000030517578, 111.77999877929688, 0.0, -0.0, -0.0] imu_ang_vel=[-0.5570089221000671, 1.0246174335479736, 0.676658570766449] imu_quat_wxyz=[0.8853140473365784, 0.041724540293216705, 0.12584739923477173, -0.44569119811058044] status=0x8303
joint_pos=[-6.335999965667725, 2.2320001125335693, -1.0080000162124634, 3.888000011444092, 2.124000072479248, -0.0] joint_vel=[69.38999938964844, -65.43000030517578, 111.77999877929688, -55.97999954223633, 80.81999969482422, -0.0] imu_ang_vel=[-0.49895206093788147, 1.2238218784332275, 1.190116047859192] imu_quat_wxyz=[0.8885223269462585, 0.04188275709748268, 0.13656510412693024, -0.4360319674015045] status=0x8303
joint_pos=[-0.0, 0.0, 0.0, 0.0, -0.0, -0.0] joint_vel=[-0.0, 0.0, 0.0, 0.0, -0.0, -0.0] imu_ang_vel=[-0.2779097259044647, 0.33698925375938416, 0.9099514484405518] imu_quat_wxyz=[0.8903943300247192, 0.04281685873866081, 0.14213256537914276, -0.43030574917793274] status=0x8303
joint_pos=[-3.5999999046325684, 0.972000002861023, -4.860000133514404, 1.9800000190734863, 3.419999837875366, 1.9079999923706055] joint_vel=[-26.099998474121094, -134.82000732421875, -88.20000457763672, -66.41999816894531, 14.579999923706055, -77.76000213623047] imu_ang_vel=[0.17908868193626404, 1.7415401935577393, 0.4534856677055359] imu_quat_wxyz=[0.8949152827262878, 0.04633226618170738, 0.15224026143550873, -0.4168969690799713] status=0x8303
joint_pos=[-0.0, 0.0, 0.0, 0.0, -0.0, 1.9079999923706055] joint_vel=[-0.0, 0.0, 0.0, 0.0, -0.0, -77.76000213623047] imu_ang_vel=[-0.19854751229286194, -2.2675821781158447, 0.564805805683136] imu_quat_wxyz=[0.8968707323074341, 0.049249108880758286, 0.15321548283100128, -0.411973774433136] status=0x8303
joint_pos=[-5.184000015258789, 9.432000160217285, -2.124000072479248, -1.0080000162124634, 0.972000002861023, 8.675999641418457] joint_vel=[161.5500030517578, 1021.949951171875, 96.4800033569336, -398.9700012207031, -239.760009765625, 400.59002685546875] imu_ang_vel=[0.06883382797241211, 2.3561978340148926, -0.48767536878585815] imu_quat_wxyz=[0.9007041454315186, 0.039645954966545105, 0.13599565625190735, -0.4106890559196472] status=0x8303
joint_pos=[-0.0, 9.432000160217285, -2.124000072479248, -1.0080000162124634, -0.0, 8.675999641418457] joint_vel=[-0.0, 1021.949951171875, 96.4800033569336, -398.9700012207031, -0.0, 400.59002685546875] imu_ang_vel=[0.1987960785627365, -2.082226037979126, -0.05571066215634346] imu_quat_wxyz=[0.8989118337631226, 0.04214707016944885, 0.1371166855096817, -0.4139809310436249] status=0x8303
joint_pos=[-8.136000633239746, 2.98799991607666, -2.6640000343322754, 4.211999893188477, 2.124000072479248, 4.427999973297119] joint_vel=[-1266.929931640625, 0.0, 0.0, 0.0, -0.0, -0.0] imu_ang_vel=[-0.23423388600349426, -0.37141153216362, -0.5542543530464172] imu_quat_wxyz=[0.9009132385253906, 0.03255167230963707, 0.11494386196136475, -0.41723334789276123] status=0x8303
joint_pos=[-8.136000633239746, 2.98799991607666, -2.6640000343322754, 4.211999893188477, 2.124000072479248, 4.427999973297119] joint_vel=[-1266.929931640625, 0.0, 0.0, 0.0, -0.0, -0.0] imu_ang_vel=[-0.1820359230041504, 0.6523075699806213, 0.6729301810264587] imu_quat_wxyz=[0.8994211554527283, 0.03427169844508171, 0.1332908421754837, -0.4148503839969635] status=0x8303
joint_pos=[-0.0, 0.0, 0.0, 0.0, -0.0, -0.0] joint_vel=[-0.0, 0.0, 0.0, 0.0, -0.0, -0.0] imu_ang_vel=[0.49866798520088196, -0.06940907984972, -0.1601065695285797] imu_quat_wxyz=[0.9004865884780884, 0.04002944007515907, 0.13467007875442505, -0.4115649163722992] status=0x8303
joint_pos=[-5.760000228881836, -2.6640000343322754, -1.6920000314712524, -1.944000005722046, 1.656000018119812, -2.375999927520752] joint_vel=[508.4100036621094, -195.8400115966797, -11.070000648498535, -55.529998779296875, -105.66000366210938, -95.04000091552734] imu_ang_vel=[-0.9346451759338379, -0.0784638300538063, 0.8710693120956421] imu_quat_wxyz=[0.9013000130653381, 0.039205800741910934, 0.13408178091049194, -0.41005292534828186] status=0x8303
joint_pos=[-0.0, 0.0, 0.0, 0.0, -0.0, -0.0] joint_vel=[-0.0, 0.0, 0.0, 0.0, -0.0, -0.0] imu_ang_vel=[-0.60760897397995, -1.9469375610351562, 0.07265368849039078] imu_quat_wxyz=[0.9054505228996277, 0.028284940868616104, 0.1309758424758911, -0.40274643898010254] status=0x8303
joint_pos=[-6.9120001792907715, 6.552000045776367, -1.0080000162124634, 6.73199987411499, -1.1519999504089355, -0.0] joint_vel=[-10.4399995803833, 30.150001525878906, -12.15000057220459, -129.69000244140625, -15.119999885559082, -0.0] imu_ang_vel=[-0.45261308550834656, 2.4456801414489746, 0.8779935240745544] imu_quat_wxyz=[0.9079764485359192, 0.019723715260624886, 0.1185060665011406, -0.40143001079559326] status=0x8303
joint_pos=[-6.9120001792907715, 0.0, 0.0, 0.0, -1.1519999504089355, -0.0] joint_vel=[-10.4399995803833, 0.0, 0.0, 0.0, -15.119999885559082, -0.0] imu_ang_vel=[-0.9836472868919373, -1.7163078784942627, 1.1688107252120972] imu_quat_wxyz=[0.9083839654922485, 0.02340429648756981, 0.12885764241218567, -0.39709773659706116] status=0x8303
joint_pos=[-6.9120001792907715, 5.796000003814697, -1.2239999771118164, 6.371999740600586, -1.1519999504089355, 2.0160000324249268] joint_vel=[-10.4399995803833, 62.730003356933594, -102.69000244140625, -187.65000915527344, -15.119999885559082, 89.91000366210938] imu_ang_vel=[1.8563474416732788, -3.30355167388916, -0.5840818285942078] imu_quat_wxyz=[0.9127347469329834, 0.021641286090016365, 0.12140624970197678, -0.38949644565582275] status=0x8303
joint_pos=[-0.0, 0.0, -1.2239999771118164, 6.371999740600586, -1.1519999504089355, 2.0160000324249268] joint_vel=[-0.0, 0.0, -102.69000244140625, -187.65000915527344, -15.119999885559082, 89.91000366210938] imu_ang_vel=[-1.0630096197128296, -3.846836566925049, 0.21806228160858154] imu_quat_wxyz=[0.9176605343818665, 0.013038389384746552, 0.08706286549568176, -0.3874911069869995] status=0x8203
joint_pos=[-0.0, 8.279999732971191, -3.3480000495910645, 0.0, -0.0, 2.0160000324249268] joint_vel=[-0.0, 93.41999816894531, -59.040000915527344, 0.0, -0.0, 89.91000366210938] imu_ang_vel=[-1.1375781297683716, 2.3961453437805176, 0.2484222948551178] imu_quat_wxyz=[0.9189912676811218, -0.005614854395389557, 0.06907384097576141, -0.3881397545337677] status=0x8303
joint_pos=[-0.0, 8.279999732971191, -3.3480000495910645, 0.0, 7.559999942779541, 2.0160000324249268] joint_vel=[-0.0, 93.41999816894531, -59.040000915527344, 0.0, 237.0600128173828, 89.91000366210938] imu_ang_vel=[0.968449592590332, 0.8483161926269531, 1.3056972026824951] imu_quat_wxyz=[0.9226032495498657, -0.002123927464708686, 0.08123458176851273, -0.3770935833454132] status=0x8203
joint_pos=[-0.0, 8.279999732971191, -3.3480000495910645, 6.984000205993652, -0.0, 2.0160000324249268] joint_vel=[-0.0, 93.41999816894531, -59.040000915527344, 804.4199829101562, -0.0, 89.91000366210938] imu_ang_vel=[0.7069271802902222, 0.36575138568878174, -0.36730048060417175] imu_quat_wxyz=[0.9249717593193054, 0.010105502791702747, 0.08603033423423767, -0.37003225088119507] status=0x8203
joint_pos=[-0.0, 4.895999908447266, -3.3480000495910645, 6.984000205993652, -0.0, 2.0160000324249268] joint_vel=[-0.0, 655.5599975585938, -59.040000915527344, 804.4199829101562, -0.0, 89.91000366210938] imu_ang_vel=[0.2781582772731781, -2.03855037689209, 0.1829085499048233] imu_quat_wxyz=[0.9221793413162231, 0.017419930547475815, 0.07425101846456528, -0.3791685700416565] status=0x8203
joint_pos=[-0.0, 4.895999908447266, 0.0, 0.0, -0.0, -0.0] joint_vel=[-0.0, 655.5599975585938, 0.0, 0.0, -0.0, -0.0] imu_ang_vel=[-0.8478261232376099, -0.22227449715137482, -0.039731696248054504] imu_quat_wxyz=[0.9249035120010376, 0.008584428578615189, 0.057438790798187256, -0.3757402300834656] status=0x8303
joint_pos=[-0.0, 4.895999908447266, 0.0, 0.0, -0.0, -0.0] joint_vel=[-0.0, 655.5599975585938, 0.0, 0.0, -0.0, -0.0] imu_ang_vel=[2.0049519538879395, -0.25369980931282043, -1.115648627281189] imu_quat_wxyz=[0.9216189980506897, 0.004989790264517069, 0.051014989614486694, -0.3846958875656128] status=0x8303
joint_pos=[-0.0, 0.0, 0.0, 0.0, -0.0, -0.0] joint_vel=[-0.0, 0.0, 0.0, 0.0, -0.0, -0.0] imu_ang_vel=[0.5343543887138367, -0.3208114802837372, -0.4860774576663971] imu_quat_wxyz=[0.9184027314186096, 0.022597726434469223, 0.041073959320783615, -0.39285996556282043] status=0x8303
joint_pos=[-1.619999885559082, 4.176000118255615, -1.403999924659729, 5.9039998054504395, 2.2679998874664307, 5.687999725341797] joint_vel=[-100.70999908447266, 242.6400146484375, 94.2300033569336, -127.9800033569336, -108.08999633789062, 37.349998474121094] imu_ang_vel=[-0.9389062523841858, 1.599327564239502, -0.426422655582428] imu_quat_wxyz=[0.9155108332633972, 0.018608389422297478, 0.04042075201869011, -0.39982497692108154] status=0x8303
joint_pos=[-0.0, 0.0, 0.0, 0.0, -0.0, -0.0] joint_vel=[-0.0, 0.0, 0.0, 0.0, -0.0, -0.0] imu_ang_vel=[1.2123950719833374, 0.5170189738273621, -0.8216357231140137] imu_quat_wxyz=[0.9135635495185852, 0.021853357553482056, 0.04796928912401199, -0.4032655954360962] status=0x8303
joint_pos=[-6.0839996337890625, 6.659999847412109, -0.4320000112056732, 3.888000011444092, 3.0960001945495605, 9.360000610351562] joint_vel=[-163.7100067138672, 92.16000366210938, -73.44000244140625, -23.849998474121094, 157.22999572753906, 92.87999725341797] imu_ang_vel=[0.5865523219108582, 1.40971040725708, -1.3334951400756836] imu_quat_wxyz=[0.9088600873947144, 0.029889091849327087, 0.04530246928334236, -0.4135550856590271] status=0x8303
joint_pos=[-0.0, 0.0, 0.0, 0.0, 3.0960001945495605, -0.0] joint_vel=[-0.0, 0.0, 0.0, 0.0, 157.22999572753906, -0.0] imu_ang_vel=[-0.08989055454730988, -0.9051089286804199, -0.3316141366958618] imu_quat_wxyz=[0.9040106534957886, 0.03463036194443703, 0.05134947970509529, -0.42299985885620117] status=0x8303
joint_pos=[-1.871999979019165, 6.803999900817871, -0.7559999823570251, 3.9600000381469727, 3.0960001945495605, -0.0] joint_vel=[-80.7300033569336, 147.69000244140625, -101.43000030517578, -72.54000091552734, 157.22999572753906, -0.0] imu_ang_vel=[-0.24382126331329346, -0.7080350518226624, -0.9468042850494385] imu_quat_wxyz=[0.9019919037818909, 0.028901908546686172, 0.04298175126314163, -0.4286351501941681] status=0x8303
joint_pos=[-0.0, 0.0, 0.0, 0.0, -0.0, -0.0] joint_vel=[-0.0, 0.0, 0.0, 0.0, -0.0, -0.0] imu_ang_vel=[0.32130149006843567, -1.481416940689087, -1.534830093383789] imu_quat_wxyz=[0.8975387215614319, 0.02366551384329796, 0.0329475998878479, -0.43906569480895996] status=0x8303
joint_pos=[-5.687999725341797, 1.2239999771118164, -2.375999927520752, 1.871999979019165, 0.5040000081062317, 1.656000018119812] joint_vel=[-74.8800048828125, 196.37998962402344, -41.939998626708984, -74.16000366210938, 225.71998596191406, -100.62000274658203] imu_ang_vel=[-0.04088839888572693, 2.0739028453826904, -1.058124303817749] imu_quat_wxyz=[0.8918042778968811, 0.019656427204608917, 0.021764639765024185, -0.45146995782852173] status=0x8303
joint_pos=[-5.687999725341797, 1.2239999771118164, 0.0, 1.871999979019165, 0.5040000081062317, -0.0] joint_vel=[-74.8800048828125, 196.37998962402344, 0.0, -74.16000366210938, 225.71998596191406, -0.0] imu_ang_vel=[-0.3519456088542938, 0.08665215224027634, -0.40032368898391724] imu_quat_wxyz=[0.8879028558731079, 0.024269258603453636, 0.036176782101392746, -0.45796385407447815] status=0x8303
joint_pos=[-5.507999897003174, 2.0880000591278076, -0.46799999475479126, 3.9600000381469727, 1.403999924659729, 1.8360000848770142] joint_vel=[24.48000144958496, 22.860000610351562, -36.0, 39.150001525878906, 16.829999923706055, -89.3699951171875] imu_ang_vel=[0.08374752849340439, -0.07473539561033249, -0.720435619354248] imu_quat_wxyz=[0.8857212662696838, 0.02310057543218136, 0.037637244910001755, -0.46211230754852295] status=0x8303
joint_pos=[-5.507999897003174, 2.0880000591278076, -0.46799999475479126, 3.9600000381469727, 1.403999924659729, 1.8360000848770142] joint_vel=[24.48000144958496, 22.860000610351562, -36.0, 39.150001525878906, 16.829999923706055, -89.3699951171875] imu_ang_vel=[0.5593881011009216, -0.6585002541542053, -1.5886259078979492] imu_quat_wxyz=[0.8811265826225281, 0.02594410814344883, 0.039942480623722076, -0.4704759120941162] status=0x8303
joint_pos=[-0.0, 0.0, 0.0, 0.0, -0.0, -0.0] joint_vel=[-0.0, 0.0, 0.0, 0.0, -0.0, -0.0] imu_ang_vel=[-0.3162592351436615, -0.48432955145835876, -0.6043217778205872] imu_quat_wxyz=[0.8761301040649414, 0.025114037096500397, 0.035462647676467896, -0.48011237382888794] status=0x8303
joint_pos=[-6.156000137329102, 3.1679999828338623, -5.436000347137451, 4.860000133514404, 3.3480000495910645, 4.716000080108643] joint_vel=[-101.87999725341797, -154.44000244140625, -364.0500183105469, 4.949999809265137, -130.58999633789062, -261.45001220703125] imu_ang_vel=[0.17536026239395142, -0.4827316403388977, -0.7310882210731506] imu_quat_wxyz=[0.8730547428131104, 0.019912848249077797, 0.03180242329835892, -0.4861765205860138] status=0x8303
joint_pos=[-0.0, 0.0, 0.0, 0.0, -0.0, -0.0] joint_vel=[-0.0, 0.0, 0.0, 0.0, -0.0, -0.0] imu_ang_vel=[0.44806793332099915, -0.2877882719039917, -0.935619056224823] imu_quat_wxyz=[0.867487370967865, 0.021275555714964867, 0.02506275475025177, -0.496371865272522] status=0x8303
joint_pos=[-7.48799991607666, 1.7280000448226929, -0.9359999895095825, 5.579999923706055, 2.2679998874664307, -1.5119999647140503] joint_vel=[22.40999984741211, 13.500000953674316, -159.02999877929688, 3.870000123977661, 44.63999938964844, -180.71998596191406] imu_ang_vel=[-0.17617696523666382, 1.0144973993301392, -0.26876354217529297] imu_quat_wxyz=[0.8638927340507507, 0.022117268294095993, 0.023432090878486633, -0.5026441216468811] status=0x8303
joint_pos=[-7.48799991607666, 0.0, -0.9359999895095825, 5.579999923706055, -0.0, -1.5119999647140503] joint_vel=[22.40999984741211, 0.0, -159.02999877929688, 3.870000123977661, -0.0, -180.71998596191406] imu_ang_vel=[0.7143840193748474, 2.428102970123291, -0.20378240942955017] imu_quat_wxyz=[0.8618434071540833, 0.032675955444574356, 0.03844933956861496, -0.5046583414077759] status=0x8303
joint_pos=[-11.375999450683594, -1.4759999513626099, -1.440000057220459, 10.763999938964844, 1.2239999771118164, 10.295999526977539] joint_vel=[-170.27999877929688, -108.08999633789062, 58.04999923706055, 242.10000610351562, 50.67000198364258, 280.5299987792969] imu_ang_vel=[0.31810566782951355, 1.6057190895080566, -0.031209582462906837] imu_quat_wxyz=[0.8599405288696289, 0.04777906835079193, 0.05338433384895325, -0.5053410530090332] status=0x8303
joint_pos=[-11.375999450683594, -1.4759999513626099, -1.440000057220459, 10.763999938964844, 1.2239999771118164, 10.295999526977539] joint_vel=[-170.27999877929688, -108.08999633789062, 58.04999923706055, 242.10000610351562, 50.67000198364258, 280.5299987792969] imu_ang_vel=[0.21637293696403503, -0.5674201846122742, 0.763477623462677] imu_quat_wxyz=[0.8594141006469727, 0.056682661175727844, 0.06065668910741806, -0.5044952630996704] status=0x8303
joint_pos=[-0.0, -1.4759999513626099, 0.0, 0.0, -0.0, -0.0] joint_vel=[-0.0, -108.08999633789062, 0.0, 0.0, -0.0, -0.0] imu_ang_vel=[0.02089693211019039, -0.979144811630249, 0.5557510852813721] imu_quat_wxyz=[0.8633661270141602, 0.05351480841636658, 0.052685827016830444, -0.4989584684371948] status=0x8303
joint_pos=[-6.0839996337890625, -1.4759999513626099, 5.363999843597412, 2.2679998874664307, 8.17199993133545, 0.4320000112056732] joint_vel=[-44.369998931884766, -108.08999633789062, 329.5799865722656, 161.4600067138672, 17.010000228881836, 209.61000061035156] imu_ang_vel=[0.29839828610420227, 0.6278064846992493, 0.444430947303772] imu_quat_wxyz=[0.8658955097198486, 0.05547448620200157, 0.05250180512666702, -0.4943595230579376] status=0x8203
joint_pos=[-0.0, 0.0, 5.363999843597412, 2.2679998874664307, -0.0, 0.4320000112056732] joint_vel=[-0.0, 0.0, 329.5799865722656, 161.4600067138672, -0.0, 209.61000061035156] imu_ang_vel=[-0.04727998375892639, -0.5594306588172913, 0.5376415848731995] imu_quat_wxyz=[0.8681074976921082, 0.056133121252059937, 0.05016547814011574, -0.49063432216644287] status=0x8303
joint_pos=[-3.74399995803833, -1.9079999923706055, 2.6640000343322754, 0.7200000286102295, 5.832000255584717, 3.995999813079834] joint_vel=[61.20000076293945, 30.869998931884766, 25.649999618530273, -82.6199951171875, 39.23999786376953, -55.16999816894531] imu_ang_vel=[-0.14102324843406677, 0.7572360634803772, 0.4289846122264862] imu_quat_wxyz=[0.8703379034996033, 0.05614082142710686, 0.05038577318191528, -0.4866430163383484] status=0x8303
joint_pos=[-3.74399995803833, -1.9079999923706055, 2.6640000343322754, 0.7200000286102295, 5.832000255584717, 3.995999813079834] joint_vel=[61.20000076293945, 30.869998931884766, 25.649999618530273, -82.6199951171875, 39.23999786376953, -55.16999816894531] imu_ang_vel=[0.15192443132400513, -0.09870384633541107, 0.8497640490531921] imu_quat_wxyz=[0.8723254203796387, 0.06792685389518738, 0.07302374392747879, -0.4786459803581238] status=0x8303
joint_pos=[-0.0, 0.0, 0.0, 0.0, -0.0, -0.0] joint_vel=[-0.0, 0.0, 0.0, 0.0, -0.0, -0.0] imu_ang_vel=[-0.08136843889951706, 1.1652321815490723, 0.5530878901481628] imu_quat_wxyz=[0.8753019571304321, 0.07321733236312866, 0.07777047902345657, -0.47163286805152893] status=0x8303
joint_pos=[-4.716000080108643, 1.3680000305175781, -4.068000316619873, 3.74399995803833, 1.656000018119812, -1.9800000190734863] joint_vel=[97.3800048828125, -5.579999923706055, 242.10000610351562, 211.13999938964844, 78.83999633789062, 126.81000518798828] imu_ang_vel=[-0.1767096072435379, 2.5953495502471924, 0.5008899569511414] imu_quat_wxyz=[0.875693678855896, 0.08387085050344467, 0.1011320948600769, -0.46464893221855164] status=0x8303
joint_pos=[-0.0, 0.0, -4.068000316619873, 3.74399995803833, -0.0, -1.9800000190734863] joint_vel=[-0.0, 0.0, 242.10000610351562, 211.13999938964844, -0.0, 126.81000518798828] imu_ang_vel=[-0.5245184302330017, 0.2656165659427643, 0.10514424741268158] imu_quat_wxyz=[0.8757655620574951, 0.09123466908931732, 0.1196368932723999, -0.45869162678718567] status=0x8303
joint_pos=[-0.0, -0.07199999690055847, 2.19599986076355, 6.047999858856201, -0.5759999752044678, 4.716000080108643] joint_vel=[-0.0, -38.25, 1193.93994140625, 188.09999084472656, -27.989999771118164, 89.0999984741211] imu_ang_vel=[-0.540497362613678, 3.7378456592559814, 0.6436353921890259] imu_quat_wxyz=[0.8759220838546753, 0.08925926685333252, 0.12726038694381714, -0.4567255973815918] status=0x8303
joint_pos=[-0.0, -0.07199999690055847, 2.19599986076355, 6.047999858856201, -0.5759999752044678, 4.716000080108643] joint_vel=[-0.0, -38.25, 1193.93994140625, 188.09999084472656, -27.989999771118164, 89.0999984741211] imu_ang_vel=[-0.25447389483451843, -1.0345386266708374, 0.4721277952194214] imu_quat_wxyz=[0.8781508207321167, 0.09249797463417053, 0.14589260518550873, -0.4461061358451843] status=0x8303
joint_pos=[-0.0, 0.0, 0.0, 0.0, -0.0, -0.0] joint_vel=[-0.0, 0.0, 0.0, 0.0, -0.0, -0.0] imu_ang_vel=[-0.20227594673633575, -1.3908696174621582, 0.10461162030696869] imu_quat_wxyz=[0.880988597869873, 0.08849426358938217, 0.1392938643693924, -0.4434243142604828] status=0x8303
joint_pos=[-3.1679999828338623, 6.73199987411499, -5.760000228881836, 6.371999740600586, -3.131999969482422, -0.0] joint_vel=[-182.61000061035156, 41.939998626708984, 256.8600158691406, 118.16999816894531, 62.01000213623047, 76.13999938964844] imu_ang_vel=[-0.09628213942050934, -2.5903573036193848, -0.7662419676780701] imu_quat_wxyz=[0.88232421875, 0.08488234877586365, 0.1340552717447281, -0.44308945536613464] status=0x8303
joint_pos=[-0.0, 0.0, -5.760000228881836, 6.371999740600586, -0.0, -0.0] joint_vel=[-0.0, 0.0, 256.8600158691406, 118.16999816894531, -0.0, 76.13999938964844] imu_ang_vel=[-0.9559504389762878, -1.7115139961242676, -0.0189590435475111] imu_quat_wxyz=[0.8834493160247803, 0.06854340434074402, 0.11471691727638245, -0.4490646719932556] status=0x8303
joint_pos=[-4.3919997215271, 7.8480000495910645, 2.4839999675750732, 2.1600000858306885, 3.384000062942505, 1.9800000190734863] joint_vel=[-71.63999938964844, 82.80000305175781, 359.19000244140625, -167.30999755859375, 158.6699981689453, -186.47999572753906] imu_ang_vel=[-0.8781861662864685, 2.154330253601074, -0.4732942581176758] imu_quat_wxyz=[0.8842845559120178, 0.05367371439933777, 0.10524983704090118, -0.45175495743751526] status=0x8303
joint_pos=[-4.3919997215271, 7.8480000495910645, 2.4839999675750732, 2.1600000858306885, 3.384000062942505, 1.9800000190734863] joint_vel=[-71.63999938964844, 82.80000305175781, 359.19000244140625, -167.30999755859375, 158.6699981689453, -186.47999572753906] imu_ang_vel=[0.35538992285728455, -1.0595723390579224, 0.44070252776145935] imu_quat_wxyz=[0.8848418593406677, 0.05164584890007973, 0.10985066741704941, -0.4498005509376526] status=0x8303
joint_pos=[-4.3919997215271, 7.8480000495910645, 2.4839999675750732, 2.1600000858306885, -0.0, 1.9800000190734863] joint_vel=[-71.63999938964844, 82.80000305175781, 359.19000244140625, -167.30999755859375, -0.0, -186.47999572753906] imu_ang_vel=[0.06670329719781876, -1.0611701011657715, -0.34919098019599915] imu_quat_wxyz=[0.8849619030952454, 0.054044172167778015, 0.10525250434875488, -0.45038172602653503] status=0x8303
joint_pos=[-4.3919997215271, 7.8480000495910645, 2.4839999675750732, 2.1600000858306885, -0.0, 1.9800000190734863] joint_vel=[-71.63999938964844, 82.80000305175781, 359.19000244140625, -167.30999755859375, -0.0, -186.47999572753906] imu_ang_vel=[-0.5479542016983032, -1.2918000221252441, 0.12165585160255432] imu_quat_wxyz=[0.8854971528053284, 0.0477156899869442, 0.09698870778083801, -0.4518975615501404] status=0x8203
joint_pos=[-0.0, 0.0, 0.0, 0.0, -0.0, -0.0] joint_vel=[-0.0, 0.0, 0.0, 0.0, -0.0, -0.0] imu_ang_vel=[-0.33809715509414673, -0.2867230176925659, -0.1977459043264389] imu_quat_wxyz=[0.8866716027259827, 0.03720543161034584, 0.08819657564163208, -0.4523831307888031] status=0x8303
joint_pos=[-4.572000026702881, 0.0, 0.0, 0.0, -0.0, -0.0] joint_vel=[-194.9399871826172, 0.0, 0.0, 0.0, -0.0, -0.0] imu_ang_vel=[0.7069271802902222, 1.8498420715332031, -0.4846571087837219] imu_quat_wxyz=[0.8858250379562378, 0.03620437905192375, 0.08771079778671265, -0.4542138874530792] status=0x8303
joint_pos=[-4.572000026702881, 0.0, 0.0, 0.0, -0.0, -0.0] joint_vel=[-194.9399871826172, 0.0, 0.0, 0.0, -0.0, -0.0] imu_ang_vel=[0.19187185168266296, 0.02433418296277523, -0.4493258595466614] imu_quat_wxyz=[0.8831422328948975, 0.045157626271247864, 0.09312739223241806, -0.4575454890727997] status=0x8303
joint_pos=[-4.572000026702881, 0.0, 0.0, 0.0, -0.0, -0.0] joint_vel=[-194.9399871826172, 0.0, 0.0, 0.0, -0.0, -0.0] imu_ang_vel=[-0.020648375153541565, 0.6017075181007385, -0.5521238446235657] imu_quat_wxyz=[0.8800047636032104, 0.04684847593307495, 0.09739634394645691, -0.46250519156455994] status=0x8203
joint_pos=[-4.572000026702881, 2.98799991607666, 0.0, 9.215999603271484, -0.0, 4.427999973297119] joint_vel=[-194.9399871826172, 0.0, 0.0, 1073.25, -0.0, -0.0] imu_ang_vel=[0.19293712079524994, 0.9548426270484924, -0.30604779720306396] imu_quat_wxyz=[0.8771970272064209, 0.051503974944353104, 0.10472162812948227, -0.46573203802108765] status=0x8203
joint_pos=[-0.0, 2.98799991607666, 0.0, 0.0, -0.0, 4.427999973297119] joint_vel=[-0.0, 0.0, 0.0, 0.0, -0.0, -0.0] imu_ang_vel=[0.41184893250465393, 0.24058285355567932, -0.761448323726654] imu_quat_wxyz=[0.8740609884262085, 0.05538921803236008, 0.10947533696889877, -0.47006872296333313] status=0x8203
joint_pos=[-6.01200008392334, 0.0, 0.0, 4.211999893188477, -0.0, -0.0] joint_vel=[-65.61000061035156, 0.0, 0.0, 0.0, -0.0, -0.0] imu_ang_vel=[0.18761080503463745, 3.3740577697753906, -0.6581176519393921] imu_quat_wxyz=[0.8700753450393677, 0.05890838801860809, 0.10740727186203003, -0.47745418548583984] status=0x8303
joint_pos=[-6.01200008392334, 0.0, 0.0, 4.211999893188477, -0.0, -0.0] joint_vel=[-65.61000061035156, 0.0, 0.0, 0.0, -0.0, -0.0] imu_ang_vel=[-1.1189359426498413, -0.13279229402542114, 0.6633427739143372] imu_quat_wxyz=[0.8649550676345825, 0.07199592888355255, 0.1376720517873764, -0.4771957993507385] status=0x8303
joint_pos=[-0.0, 0.0, 0.0, 0.0, -0.0, -0.0] joint_vel=[-0.0, 0.0, 0.0, 0.0, -0.0, -0.0] imu_ang_vel=[0.8922832012176514, -0.004427948966622353, -0.6687703132629395] imu_quat_wxyz=[0.8661257028579712, 0.06928794085979462, 0.13798879086971283, -0.47537848353385925] status=0x8303
joint_pos=[-4.211999893188477, 7.199999809265137, -0.36000001430511475, 0.0, 6.263999938964844, -0.8640000224113464] joint_vel=[-226.1699981689453, -43.290000915527344, 63.089996337890625, 0.0, -71.3699951171875, 38.06999969482422] imu_ang_vel=[0.4310236871242523, -1.5394738912582397, -1.0591895580291748] imu_quat_wxyz=[0.8630629181861877, 0.0728270411491394, 0.13115759193897247, -0.4823032319545746] status=0x8303
joint_pos=[-0.0, 0.0, 0.0, 0.0, -0.0, -0.0] joint_vel=[-0.0, 0.0, 0.0, 0.0, -0.0, -0.0] imu_ang_vel=[-0.5942931771278381, -3.3909034729003906, -1.0266990661621094] imu_quat_wxyz=[0.8608497381210327, 0.0625949427485466, 0.11259093880653381, -0.49228334426879883] status=0x8303
joint_pos=[-0.0, 7.740000247955322, -7.199999809265137, 6.01200008392334, 6.659999847412109, 1.187999963760376] joint_vel=[-0.0, 94.2300033569336, 107.55000305175781, -133.1999969482422, 97.3800048828125, 16.469999313354492] imu_ang_vel=[0.07256225496530533, -1.1016502380371094, -1.795819878578186] imu_quat_wxyz=[0.8582850098609924, 0.040377385914325714, 0.0883660763502121, -0.5038928389549255] status=0x8303
joint_pos=[-0.0, 0.0, -7.199999809265137, 0.0, 6.659999847412109, 1.187999963760376] joint_vel=[-0.0, 0.0, 107.55000305175781, 0.0, 97.3800048828125, 16.469999313354492] imu_ang_vel=[0.39160892367362976, -1.5426697731018066, -1.3595941066741943] imu_quat_wxyz=[0.8507149815559387, 0.035579729825258255, 0.07861270755529404, -0.5184960961341858] status=0x8303
joint_pos=[-12.420000076293945, 8.17199993133545, 0.1080000028014183, 5.687999725341797, 6.01200008392334, 2.700000047683716] joint_vel=[-924.4800415039062, 432.17999267578125, 226.8000030517578, 2.069999933242798, 429.75, -121.5] imu_ang_vel=[0.23927611112594604, -0.7628961205482483, -1.664259672164917] imu_quat_wxyz=[0.8474692106246948, 0.03284178674221039, 0.07133591920137405, -0.5250035524368286] status=0x8303
joint_pos=[-12.420000076293945, 8.17199993133545, 0.1080000028014183, 5.687999725341797, 6.01200008392334, 2.700000047683716] joint_vel=[-924.4800415039062, 432.17999267578125, 226.8000030517578, 2.069999933242798, 429.75, -121.5] imu_ang_vel=[-0.48670151829719543, 1.1354048252105713, -0.6416060328483582] imu_quat_wxyz=[0.8358839750289917, 0.028225185349583626, 0.06338503211736679, -0.5445032715797424] status=0x8303
joint_pos=[-0.0, 0.0, 0.0, 0.0, -0.0, -0.0] joint_vel=[-0.0, 0.0, 0.0, 0.0, -0.0, -0.0] imu_ang_vel=[0.08960648626089096, -1.0723555088043213, -1.2408171892166138] imu_quat_wxyz=[0.8316424489021301, 0.025637982413172722, 0.06458844989538193, -0.5509462952613831] status=0x8303
joint_pos=[-0.0, -1.0800000429153442, -1.3680000305175781, 7.308000564575195, 6.588000297546387, 2.8439998626708984] joint_vel=[-0.0, 95.1300048828125, 24.209999084472656, 150.83999633789062, 4.680000305175781, 39.23999786376953] imu_ang_vel=[0.562583863735199, 1.7516603469848633, -1.9145967960357666] imu_quat_wxyz=[0.8245043754577637, 0.022284841164946556, 0.05837316811084747, -0.5623952746391296] status=0x8303
joint_pos=[-0.0, 0.0, 0.0, 0.0, -0.0, -0.0] joint_vel=[-0.0, 0.0, 0.0, 0.0, -0.0, -0.0] imu_ang_vel=[0.07256225496530533, -0.4683505594730377, -1.9060747623443604] imu_quat_wxyz=[0.8130787014961243, 0.02712026797235012, 0.0551871582865715, -0.5788971781730652] status=0x8303
joint_pos=[-0.7919999957084656, 3.419999837875366, -0.4320000112056732, 0.0, 5.832000255584717, 2.375999927520752] joint_vel=[7.740000247955322, 111.42000579833984, -26.459999084472656, 0.0, 33.38999938964844, -47.6099967956543] imu_ang_vel=[-0.5543457865715027, 2.2368881702423096, -1.3494741916656494] imu_quat_wxyz=[0.8029113411903381, 0.02094414457678795, 0.053438276052474976, -0.5933289527893066] status=0x8303
joint_pos=[-0.0, 3.419999837875366, -0.4320000112056732, 0.0, -0.0, 2.375999927520752] joint_vel=[-0.0, 111.42000579833984, -26.459999084472656, 0.0, -0.0, -47.6099967956543] imu_ang_vel=[0.48162373900413513, 0.7540403008460999, -1.3659857511520386] imu_quat_wxyz=[0.7953004240989685, 0.026764992624521255, 0.06560718268156052, -0.6020602583885193] status=0x8303
joint_pos=[-11.34000015258789, -0.7200000286102295, -0.2160000056028366, -0.3240000009536743, 4.211999893188477, 3.4560000896453857] joint_vel=[-420.3000183105469, -259.1099853515625, 210.59999084472656, -177.66000366210938, 294.29998779296875, -172.98001098632812] imu_ang_vel=[0.4320889413356781, 3.8800582885742188, -1.0810275077819824] imu_quat_wxyz=[0.7853623628616333, 0.03197431191802025, 0.06537985056638718, -0.6147430539131165] status=0x8303
joint_pos=[-11.34000015258789, -0.7200000286102295, -0.2160000056028366, -0.3240000009536743, 4.211999893188477, 3.4560000896453857] joint_vel=[-420.3000183105469, -259.1099853515625, 210.59999084472656, -177.66000366210938, 294.29998779296875, -172.98001098632812] imu_ang_vel=[0.6211734414100647, 1.440070390701294, 0.06040314957499504] imu_quat_wxyz=[0.781443178653717, 0.05398400127887726, 0.09430266171693802, -0.6144422888755798] status=0x8303
joint_pos=[-0.0, 0.0, 0.0, 0.0, -0.0, -0.0] joint_vel=[-0.0, 0.0, 0.0, 0.0, -0.0, -0.0] imu_ang_vel=[0.6797629594802856, 0.35190296173095703, -0.6107134222984314] imu_quat_wxyz=[0.7757461667060852, 0.07174243032932281, 0.10285697132349014, -0.6184588670730591] status=0x8303
joint_pos=[-4.9679999351501465, 7.595999717712402, -2.124000072479248, 8.855999946594238, -0.8640000224113464, 1.656000018119812] joint_vel=[-178.11000061035156, -193.67999267578125, 37.709999084472656, 84.95999908447266, 1.53000009059906, 30.059999465942383] imu_ang_vel=[0.5434091091156006, -1.5202991962432861, -0.9430758357048035] imu_quat_wxyz=[0.7731523513793945, 0.07666884362697601, 0.1037890762090683, -0.6209550499916077] status=0x8303
joint_pos=[-0.0, 7.595999717712402, 0.0, 0.0, -0.0, -0.0] joint_vel=[-0.0, -193.67999267578125, 0.0, 0.0, -0.0, -0.0] imu_ang_vel=[0.3431393802165985, -2.5323002338409424, -1.32177734375] imu_quat_wxyz=[0.7653587460517883, 0.0707230195403099, 0.09151921421289444, -0.6331261396408081] status=0x8303
joint_pos=[-0.0, 7.595999717712402, -0.8640000224113464, 8.100000381469727, 7.056000232696533, 1.656000018119812] joint_vel=[-0.0, -193.67999267578125, -25.919998168945312, -59.94000244140625, -18.360000610351562, -29.970001220703125] imu_ang_vel=[0.36497732996940613, -1.0553112030029297, -0.5105785131454468] imu_quat_wxyz=[0.7600002288818359, 0.05824856832623482, 0.0739918053150177, -0.6430644989013672] status=0x8303
joint_pos=[-0.0, 0.0, 0.0, 8.100000381469727, -0.0, -0.0] joint_vel=[-0.0, 0.0, 0.0, -59.94000244140625, -0.0, -0.0] imu_ang_vel=[0.8832284808158875, -0.16155444085597992, -1.2211098670959473] imu_quat_wxyz=[0.7563380002975464, 0.05278615653514862, 0.06165632605552673, -0.6491262912750244] status=0x8303
joint_pos=[-0.0, 0.0, 0.0, 8.100000381469727, -0.0, -0.0] joint_vel=[-0.0, 0.0, 0.0, -59.94000244140625, -0.0, -0.0] imu_ang_vel=[0.5466049313545227, -2.1088576316833496, -1.3595941066741943] imu_quat_wxyz=[0.7477476000785828, 0.052970755845308304, 0.05085846781730652, -0.6599099040031433] status=0x8303
joint_pos=[-0.0, 0.0, 0.0, 0.0, -0.0, -0.0] joint_vel=[-0.0, 0.0, 0.0, 0.0, -0.0, -0.0] imu_ang_vel=[-0.016919950023293495, -1.6928719282150269, -0.6751618981361389] imu_quat_wxyz=[0.7418331503868103, 0.04452429339289665, 0.03840780258178711, -0.6680015325546265] status=0x8303
joint_pos=[-8.640000343322754, 4.895999908447266, -3.2760000228881836, 4.5, 5.97599983215332, 0.8999999761581421] joint_vel=[-131.1300048828125, 35.189998626708984, 54.09000015258789, -54.540000915527344, -99.45000457763672, 21.780000686645508] imu_ang_vel=[0.3447372615337372, 1.9838879108428955, -1.222175121307373] imu_quat_wxyz=[0.7367514371871948, 0.040407102555036545, 0.03339837118983269, -0.6741284728050232] status=0x8303
joint_pos=[-0.0, 0.0, 0.0, 0.0, -0.0, -0.0] joint_vel=[-0.0, 0.0, 0.0, 0.0, -0.0, -0.0] imu_ang_vel=[0.04699591547250748, 0.4286019802093506, -0.5483954548835754] imu_quat_wxyz=[0.7292587161064148, 0.05106482282280922, 0.042280085384845734, -0.6810187697410583] status=0x8303
joint_pos=[-0.0, 5.724000453948975, -0.5040000081062317, 4.788000106811523, 2.7720000743865967, 2.700000047683716] joint_vel=[-0.0, 84.23999786376953, 0.0, 41.66999816894531, 5.21999979019165, 18.18000030517578] imu_ang_vel=[-0.29495397210121155, 3.631319284439087, -0.3135046362876892] imu_quat_wxyz=[0.7256510853767395, 0.055151257663965225, 0.0482819601893425, -0.6841474175453186] status=0x8303
joint_pos=[-0.0, 5.724000453948975, 0.0, 0.0, -0.0, -0.0] joint_vel=[-0.0, 84.23999786376953, 0.0, 0.0, -0.0, -0.0] imu_ang_vel=[-0.47072258591651917, 0.40623143315315247, 0.763477623462677] imu_quat_wxyz=[0.7250253558158875, 0.08015209436416626, 0.08097216486930847, -0.6792329549789429] status=0x8303
joint_pos=[-0.0, 5.724000453948975, -1.403999924659729, 0.0, 3.131999969482422, 2.447999954223633] joint_vel=[-0.0, 254.52000427246094, 1.8899999856948853, 0.0, 101.06999969482422, -51.29999923706055] imu_ang_vel=[2.2888448238372803, -2.5610623359680176, -2.697033643722534] imu_quat_wxyz=[0.7247162461280823, 0.0767868235707283, 0.07397626340389252, -0.680747926235199] status=0x8203
joint_pos=[-0.0, 5.724000453948975, 0.0, 0.0, -0.0, -0.0] joint_vel=[-0.0, 254.52000427246094, 0.0, 0.0, -0.0, -0.0] imu_ang_vel=[-1.5732711553573608, -2.538691997528076, 0.3501550555229187] imu_quat_wxyz=[0.7158432602882385, 0.06633291393518448, 0.05360405892133713, -0.6930331587791443] status=0x8303
joint_pos=[-9.144000053405762, 5.724000453948975, 0.0, 2.5199999809265137, 4.104000091552734, 1.5119999647140503] joint_vel=[-143.00999450683594, 254.52000427246094, 0.0, -113.12999725341797, 15.119999885559082, -53.6400032043457] imu_ang_vel=[-0.5580742359161377, 0.3764040172100067, -0.6426712870597839] imu_quat_wxyz=[0.7170295715332031, 0.038650959730148315, 0.046812754124403, -0.6943942904472351] status=0x8303
joint_pos=[-0.0, 2.98799991607666, 0.0, 2.5199999809265137, -0.0, 1.5119999647140503] joint_vel=[-0.0, 0.0, 0.0, -113.12999725341797, -0.0, -53.6400032043457] imu_ang_vel=[1.1974812746047974, -0.739460289478302, -0.22881612181663513] imu_quat_wxyz=[0.7131392359733582, 0.040472403168678284, 0.044371310621500015, -0.6984451413154602] status=0x8303
joint_pos=[-0.0, 2.98799991607666, -2.628000020980835, 2.052000045776367, 2.700000047683716, 1.3680000305175781] joint_vel=[-0.0, 0.0, -2.700000047683716, -195.1199951171875, 58.1400032043457, -627.9299926757812] imu_ang_vel=[-0.6214574575424194, 2.0179762840270996, -0.17768342792987823] imu_quat_wxyz=[0.7109221816062927, 0.03887401893734932, 0.03571012616157532, -0.7012869119644165] status=0x8303
joint_pos=[-0.0, 2.98799991607666, -2.628000020980835, 0.0, 2.700000047683716, 1.3680000305175781] joint_vel=[-0.0, 0.0, -2.700000047683716, 0.0, 58.1400032043457, -627.9299926757812] imu_ang_vel=[-0.297617107629776, -0.009754273109138012, 0.27878233790397644] imu_quat_wxyz=[0.7112832069396973, 0.046433404088020325, 0.05180082097649574, -0.6994547247886658] status=0x8303
joint_pos=[-7.380000114440918, 0.0, 0.0, 1.9079999923706055, 1.8360000848770142, 0.6119999885559082] joint_vel=[-713.0700073242188, 0.0, 0.0, -246.24000549316406, -114.84000396728516, -1063.080078125] imu_ang_vel=[0.41930580139160156, 0.7561708092689514, 0.26812970638275146] imu_quat_wxyz=[0.7133617997169495, 0.04863613098859787, 0.05515064671635628, -0.696927547454834] status=0x8303
joint_pos=[-7.380000114440918, 0.0, 0.0, 1.9079999923706055, 1.8360000848770142, 0.6119999885559082] joint_vel=[-713.0700073242188, 0.0, 0.0, -246.24000549316406, -114.84000396728516, -1063.080078125] imu_ang_vel=[1.6347724199295044, 2.2624545097351074, -0.8205704092979431] imu_quat_wxyz=[0.7097082138061523, 0.08112923800945282, 0.07827881723642349, -0.6954169869422913] status=0x8303
joint_pos=[-0.0, 0.0, 0.0, 0.0, -0.0, -0.0] joint_vel=[-0.0, 0.0, 0.0, 0.0, -0.0, -0.0] imu_ang_vel=[-0.9373083114624023, 1.2882702350616455, -0.31723305583000183] imu_quat_wxyz=[0.7035780549049377, 0.09628792852163315, 0.08275868743658066, -0.6991835832595825] status=0x8303
joint_pos=[-1.5480000972747803, 2.0880000591278076, -0.2160000056028366, 0.0, 2.303999900817871, 2.9160001277923584] joint_vel=[-57.33000183105469, -52.380001068115234, -29.07000160217285, 0.0, -132.83999633789062, -47.790000915527344] imu_ang_vel=[0.5279627442359924, 0.2965092360973358, -0.47968584299087524] imu_quat_wxyz=[0.7021185159683228, 0.09723510593175888, 0.09099007397890091, -0.699496865272522] status=0x8303
joint_pos=[-0.0, 0.0, 0.0, 0.0, -0.0, -0.0] joint_vel=[-0.0, 0.0, 0.0, 0.0, -0.0, -0.0] imu_ang_vel=[1.288561463356018, -2.1253693103790283, -1.0139158964157104] imu_quat_wxyz=[0.6952762007713318, 0.09705959260463715, 0.07911300659179688, -0.7077511548995972] status=0x8303
joint_pos=[-6.659999847412109, 1.4759999513626099, -1.440000057220459, 0.0, -0.4320000112056732, 1.871999979019165] joint_vel=[-112.85999298095703, 52.02000045776367, -94.58999633789062, 0.0, -4.139999866485596, -73.07999420166016] imu_ang_vel=[-0.9719294309616089, -2.5807697772979736, -0.5606459975242615] imu_quat_wxyz=[0.6882940530776978, 0.08537178486585617, 0.0608394481241703, -0.7178171873092651] status=0x8303
joint_pos=[-0.0, 1.4759999513626099, -1.440000057220459, 0.0, -0.0, 1.871999979019165] joint_vel=[-0.0, 52.02000045776367, -94.58999633789062, 0.0, -0.0, -73.07999420166016] imu_ang_vel=[-0.6305121779441833, -1.6822192668914795, 0.5120752453804016] imu_quat_wxyz=[0.6925289034843445, 0.0670592337846756, 0.058425065129995346, -0.7158864140510559] status=0x8303
joint_pos=[-6.73199987411499, 1.4759999513626099, 0.0, 3.419999837875366, 1.619999885559082, 3.419999837875366] joint_vel=[-296.6400146484375, 52.02000045776367, 1136.070068359375, -211.49998474121094, -232.82998657226562, -434.6099853515625] imu_ang_vel=[0.9386221766471863, 0.6363285779953003, -0.2756877541542053] imu_quat_wxyz=[0.6922205090522766, 0.056746840476989746, 0.04862654581665993, -0.7178063988685608] status=0x8303
joint_pos=[-6.73199987411499, 1.4759999513626099, 0.0, 3.419999837875366, 1.619999885559082, 3.419999837875366] joint_vel=[-296.6400146484375, 52.02000045776367, 1136.070068359375, -211.49998474121094, -232.82998657226562, -434.6099853515625] imu_ang_vel=[-0.29601922631263733, 2.2219743728637695, 1.1118190288543701] imu_quat_wxyz=[0.6930451393127441, 0.07956372201442719, 0.06418347358703613, -0.7136095762252808] status=0x8203
joint_pos=[-0.0, 0.0, 0.0, 0.0, -0.0, -0.0] joint_vel=[-0.0, 0.0, 0.0, 0.0, -0.0, -0.0] imu_ang_vel=[-0.5729879140853882, 1.8592519760131836, 0.01672731339931488] imu_quat_wxyz=[0.6978005766868591, 0.092948317527771, 0.08125879615545273, -0.7055721879005432] status=0x8303
joint_pos=[-9.64799976348877, 7.595999717712402, -1.2960000038146973, 6.9120001792907715, 0.6480000019073486, 2.19599986076355] joint_vel=[-107.7300033569336, -120.68999481201172, -38.06999969482422, 4.230000019073486, 273.05999755859375, -56.34000015258789] imu_ang_vel=[0.1812192052602768, -1.0260164737701416, 0.0343041755259037] imu_quat_wxyz=[0.6978791952133179, 0.09985390305519104, 0.09549389779567719, -0.7027621865272522] status=0x8303
joint_pos=[-0.0, 7.595999717712402, 0.0, 0.0, -0.0, -0.0] joint_vel=[-0.0, -120.68999481201172, 0.0, 0.0, -0.0, -0.0] imu_ang_vel=[-0.1399579793214798, -2.287289619445801, -0.08287490904331207] imu_quat_wxyz=[0.6972705125808716, 0.0976492315530777, 0.08883947134017944, -0.7045467495918274] status=0x8303
joint_pos=[-0.0, 7.595999717712402, -1.0080000162124634, 3.635999917984009, 9.395999908447266, 1.1519999504089355] joint_vel=[-0.0, -120.68999481201172, -51.29999923706055, -139.5, 221.84999084472656, -43.92000198364258] imu_ang_vel=[-0.6837753653526306, 0.21767966449260712, -0.32948359847068787] imu_quat_wxyz=[0.6968622803688049, 0.08545202016830444, 0.08208465576171875, -0.7073493599891663] status=0x8303
joint_pos=[-0.0, 0.0, 0.0, 0.0, -0.0, -0.0] joint_vel=[-0.0, 0.0, 0.0, 0.0, -0.0, -0.0] imu_ang_vel=[0.444872111082077, -0.06834381073713303, -0.07914647459983826] imu_quat_wxyz=[0.6959758400917053, 0.08303733170032501, 0.08438106626272202, -0.7082388997077942] status=0x8303
joint_pos=[-0.36000001430511475, 4.355999946594238, -1.8360000848770142, 1.871999979019165, -2.19599986076355, 1.0800000429153442] joint_vel=[-10.260000228881836, 366.84002685546875, -18.899999618530273, -72.72000122070312, 12.0600004196167, 7.559999942779541] imu_ang_vel=[0.15405496954917908, 2.454202175140381, -0.6788902878761292] imu_quat_wxyz=[0.693153440952301, 0.08708511292934418, 0.08283232152462006, -0.7106992602348328] status=0x8303
joint_pos=[-0.36000001430511475, 0.0, -1.8360000848770142, 0.0, -0.0, -0.0] joint_vel=[-10.260000228881836, 0.0, -18.899999618530273, 0.0, -0.0, -0.0] imu_ang_vel=[0.2222318947315216, 0.41635146737098694, -0.14412760734558105] imu_quat_wxyz=[0.6875495314598083, 0.09833234548568726, 0.09202863276004791, -0.7135385274887085] status=0x8303
joint_pos=[0.14399999380111694, 5.615999698638916, -0.46799999475479126, 1.9079999923706055, -3.0960001945495605, 3.239999771118164] joint_vel=[1268.72998046875, 172.52999877929688, 130.86000061035156, -58.590003967285156, 23.309999465942383, -130.86000061035156] imu_ang_vel=[0.1860128939151764, 4.91176700592041, -1.0607874393463135] imu_quat_wxyz=[0.6856104135513306, 0.10256430506706238, 0.0962161272764206, -0.7142558097839355] status=0x8303
joint_pos=[0.14399999380111694, 5.615999698638916, -0.46799999475479126, 1.9079999923706055, -3.0960001945495605, 3.239999771118164] joint_vel=[1268.72998046875, 172.52999877929688, 130.86000061035156, -58.590003967285156, 23.309999465942383, -130.86000061035156] imu_ang_vel=[1.0675190687179565, -0.7836688160896301, -1.6131269931793213] imu_quat_wxyz=[0.6734595894813538, 0.12424026429653168, 0.11174151301383972, -0.7200905084609985] status=0x8303
joint_pos=[-0.0, 5.615999698638916, -0.46799999475479126, 0.0, -0.0, -0.0] joint_vel=[-0.0, 172.52999877929688, 130.86000061035156, 0.0, -0.0, -0.0] imu_ang_vel=[-0.7876386642456055, 0.06960791349411011, -1.2727751731872559] imu_quat_wxyz=[0.6628353595733643, 0.11754518002271652, 0.10136713087558746, -0.7325006723403931] status=0x8303
joint_pos=[-5.796000003814697, 5.615999698638916, -0.46799999475479126, 0.0, 2.124000072479248, -0.0] joint_vel=[-0.0, 172.52999877929688, 130.86000061035156, 0.0, -0.5400000214576721, -0.0] imu_ang_vel=[0.35592254996299744, 0.16548173129558563, -0.580353319644928] imu_quat_wxyz=[0.6566030383110046, 0.10321881622076035, 0.09810560196638107, -0.7406710982322693] status=0x8203
joint_pos=[-5.796000003814697, 2.98799991607666, 0.0, 0.0, -0.0, -0.0] joint_vel=[-0.0, 0.0, 0.0, 0.0, -0.0, -0.0] imu_ang_vel=[0.3330194056034088, -1.829225778579712, -0.9265642762184143] imu_quat_wxyz=[0.6504842638969421, 0.09887266904115677, 0.08891017735004425, -0.747789740562439] status=0x8303
joint_pos=[-9.288000106811523, 2.303999900817871, -7.595999717712402, 5.111999988555908, 4.823999881744385, 4.823999881744385] joint_vel=[-256.1399841308594, -232.3800048828125, -106.29000091552734, 366.3900146484375, 102.5999984741211, 255.69000244140625] imu_ang_vel=[-0.5197246670722961, -1.8004636764526367, -0.18460765480995178] imu_quat_wxyz=[0.645576000213623, 0.0880267545580864, 0.07861671596765518, -0.7545214295387268] status=0x8303
joint_pos=[-0.0, 0.0, -7.595999717712402, 5.111999988555908, -0.0, 4.823999881744385] joint_vel=[-0.0, 0.0, -106.29000091552734, 366.3900146484375, -0.0, 255.69000244140625] imu_ang_vel=[-0.611337423324585, -1.5288212299346924, -0.5414711833000183] imu_quat_wxyz=[0.6451174020767212, 0.07357478141784668, 0.07464396953582764, -0.75686115026474] status=0x8303
joint_pos=[-0.0, 0.0, 0.0, 0.0, -0.0, -0.0] joint_vel=[-0.0, 0.0, 0.0, 0.0, -0.0, -0.0] imu_ang_vel=[-0.12877270579338074, -1.442002296447754, -0.3736920654773712] imu_quat_wxyz=[0.6422938704490662, 0.058683980256319046, 0.0683232843875885, -0.7611483335494995] status=0x8303
joint_pos=[-9.972000122070312, 2.303999900817871, 0.0, 0.0, 1.187999963760376, -0.0] joint_vel=[181.35000610351562, -186.2100067138672, 0.0, 0.0, -130.5, -0.0] imu_ang_vel=[-0.16925275325775146, 2.702941417694092, -0.18034659326076508] imu_quat_wxyz=[0.6398851871490479, 0.060343869030475616, 0.07146091759204865, -0.7627575397491455] status=0x8303
joint_pos=[-9.972000122070312, 2.303999900817871, 0.0, 0.0, 1.187999963760376, -0.0] joint_vel=[181.35000610351562, -186.2100067138672, 0.0, 0.0, -130.5, -0.0] imu_ang_vel=[-0.36472877860069275, -0.7277424335479736, 0.149885356426239] imu_quat_wxyz=[0.638602614402771, 0.07605458796024323, 0.08822058141231537, -0.7606704235076904] status=0x8303
joint_pos=[-9.972000122070312, 0.0, 0.0, 0.0, -0.0, -0.0] joint_vel=[181.35000610351562, 0.0, 0.0, 0.0, -0.0, -0.0] imu_ang_vel=[-0.009463099762797356, 0.15536169707775116, -0.20378240942955017] imu_quat_wxyz=[0.6396045684814453, 0.07049339264631271, 0.08630605041980743, -0.7605839967727661] status=0x8203
joint_pos=[-9.972000122070312, 2.7720000743865967, 0.0, 0.0, -0.0, -0.0] joint_vel=[181.35000610351562, -906.3900146484375, 0.0, 0.0, -0.0, -0.0] imu_ang_vel=[-0.16605696082115173, -0.6734139323234558, 0.0577399916946888] imu_quat_wxyz=[0.6398879885673523, 0.06501009315252304, 0.08298935741186142, -0.7612028121948242] status=0x8203
joint_pos=[-9.972000122070312, 0.0, 0.0, 0.0, -0.0, -0.0] joint_vel=[181.35000610351562, 0.0, 0.0, 0.0, -0.0, -0.0] imu_ang_vel=[-0.33809715509414673, -0.7202855944633484, 0.03483681008219719] imu_quat_wxyz=[0.6413189172744751, 0.057080481201410294, 0.07993578165769577, -0.7609612941741943] status=0x8203
joint_pos=[-5.796000003814697, 5.2920002937316895, 0.0, 5.687999725341797, -1.3320000171661377, 0.8640000224113464] joint_vel=[-0.0, -41.400001525878906, 0.0, 99.62999725341797, -92.16000366210938, -1340.72998046875] imu_ang_vel=[0.5599207282066345, 3.679255962371826, -0.5585154294967651] imu_quat_wxyz=[0.641032338142395, 0.060176748782396317, 0.08357880264520645, -0.7605728507041931] status=0x8203
joint_pos=[-5.796000003814697, 0.0, 0.0, 5.687999725341797, -0.0, 0.8640000224113464] joint_vel=[-0.0, 0.0, 0.0, 99.62999725341797, -0.0, -1340.72998046875] imu_ang_vel=[0.5673775672912598, 0.2283323109149933, -0.5265575051307678] imu_quat_wxyz=[0.6334090232849121, 0.08207910507917404, 0.09250424802303314, -0.7638710737228394] status=0x8203
joint_pos=[-5.796000003814697, 0.0, -2.3400001525878906, 5.687999725341797, 3.0239999294281006, 3.1679999828338623] joint_vel=[-0.0, 0.0, 175.9499969482422, 99.62999725341797, 438.75, -640.7100219726562] imu_ang_vel=[-0.48563626408576965, -0.702176034450531, -0.3087109327316284] imu_quat_wxyz=[0.6313179135322571, 0.08378756046295166, 0.09138675779104233, -0.76554936170578] status=0x8303
joint_pos=[-5.796000003814697, 0.0, -2.3400001525878906, 5.687999725341797, 3.0239999294281006, 3.1679999828338623] joint_vel=[-0.0, 0.0, 175.9499969482422, 99.62999725341797, 438.75, -640.7100219726562] imu_ang_vel=[0.7021334767341614, -0.7655593156814575, -0.600060760974884] imu_quat_wxyz=[0.6278637051582336, 0.08169704675674438, 0.09341108053922653, -0.7683666348457336] status=0x8203
joint_pos=[-0.0, 0.0, 0.0, 0.0, -0.0, -0.0] joint_vel=[-0.0, 0.0, 0.0, 0.0, -0.0, -0.0] imu_ang_vel=[0.43315422534942627, -1.87343430519104, -0.7460019588470459] imu_quat_wxyz=[0.6225205063819885, 0.07737275213003159, 0.08119236677885056, -0.7745253443717957] status=0x8303
joint_pos=[-7.883999824523926, 2.9519999027252197, 2.5920000076293945, -2.19599986076355, 5.25600004196167, 2.0160000324249268] joint_vel=[-196.55999755859375, -80.90999603271484, 123.65999603271484, -82.52999877929688, -115.56000518798828, -60.38999938964844] imu_ang_vel=[0.3106488287448883, -1.3413347005844116, -0.8370820879936218] imu_quat_wxyz=[0.6183152198791504, 0.06510458886623383, 0.06926015019416809, -0.7801607251167297] status=0x8303
joint_pos=[-0.0, 2.9519999027252197, 0.0, 0.0, 5.25600004196167, -0.0] joint_vel=[-0.0, -80.90999603271484, 0.0, 0.0, -115.56000518798828, -0.0] imu_ang_vel=[0.24673298001289368, -2.702742576599121, -0.9121832251548767] imu_quat_wxyz=[0.6116882562637329, 0.05081941932439804, 0.05589472874999046, -0.7874836921691895] status=0x8303
joint_pos=[-2.447999954223633, 2.9519999027252197, -2.5199999809265137, 6.696000099182129, 4.427999973297119, 1.5839999914169312] joint_vel=[-91.88999938964844, -80.90999603271484, 156.4199981689453, -113.8499984741211, 890.6400146484375, -618.2999877929688] imu_ang_vel=[-0.06698737293481827, 2.339686155319214, -0.8519957661628723] imu_quat_wxyz=[0.6052221059799194, 0.03413813188672066, 0.041500937193632126, -0.7942407727241516] status=0x8303
joint_pos=[-2.447999954223633, 2.9519999027252197, -2.5199999809265137, 6.696000099182129, 4.427999973297119, 1.5839999914169312] joint_vel=[-91.88999938964844, -80.90999603271484, 156.4199981689453, -113.8499984741211, 890.6400146484375, -618.2999877929688] imu_ang_vel=[0.13807600736618042, -0.814028799533844, -0.5409385561943054] imu_quat_wxyz=[0.5986455082893372, 0.047016412019729614, 0.05126667022705078, -0.7979880571365356] status=0x8203
joint_pos=[16.200000762939453, 2.9519999027252197, 0.0, 0.0, -0.0, -0.0] joint_vel=[-421.8299865722656, -80.90999603271484, 0.0, 0.0, -0.0, -0.0] imu_ang_vel=[0.9327632188796997, -3.681187868118286, -2.612877607345581] imu_quat_wxyz=[0.5939984917640686, 0.033811625093221664, 0.04007161408662796, -0.8027558922767639] status=0x8203
joint_pos=[6.624000072479248, 2.9519999027252197, -5.544000148773193, 2.880000114440918, 4.535999774932861, 4.355999946594238] joint_vel=[-568.1700439453125, -80.90999603271484, -353.8800048828125, -309.05999755859375, 88.20000457763672, -228.510009765625] imu_ang_vel=[-0.176176980137825, -4.607967853546143, -0.9574569463729858] imu_quat_wxyz=[0.5727893114089966, -0.0002377587225055322, 0.008664237335324287, -0.8196568489074707] status=0x8203
joint_pos=[-0.6840000152587891, -66.45600128173828, -5.544000148773193, 2.880000114440918, 4.535999774932861, 4.355999946594238] joint_vel=[-121.05000305175781, 393.75, -353.8800048828125, -309.05999755859375, 88.20000457763672, -228.510009765625] imu_ang_vel=[-1.436384677886963, -1.3083115816116333, -1.4890236854553223] imu_quat_wxyz=[0.5645173192024231, -0.03444073721766472, -0.01010174211114645, -0.8246405124664307] status=0x8303
joint_pos=[-0.0, -66.45600128173828, 0.0, 0.0, -0.0, 4.355999946594238] joint_vel=[-0.0, 393.75, 0.0, 0.0, -0.0, -228.510009765625] imu_ang_vel=[0.22702556848526, 0.7971834540367126, -0.8072546124458313] imu_quat_wxyz=[0.5592962503433228, -0.045178644359111786, -0.005637739785015583, -0.8277166485786438] status=0x8303
joint_pos=[-5.796000003814697, -66.45600128173828, -2.6640000343322754, 5.544000148773193, 5.2920002937316895, 4.427999973297119] joint_vel=[-0.0, 393.75, 0.0, -37.79999923706055, 220.4099884033203, -0.0] imu_ang_vel=[0.12742336094379425, -0.11255228519439697, -0.15531288087368011] imu_quat_wxyz=[0.5530691742897034, -0.04244406521320343, -0.009807447902858257, -0.8319957256317139] status=0x8303
joint_pos=[-5.796000003814697, -66.45600128173828, 0.0, 0.0, -0.0, 4.427999973297119] joint_vel=[-0.0, 393.75, 0.0, 0.0, -0.0, -0.0] imu_ang_vel=[-0.6821774840354919, 0.28638920187950134, 1.9832053184509277] imu_quat_wxyz=[0.558155357837677, -0.05112128332257271, -0.009586133994162083, -0.8281046748161316] status=0x8203
joint_pos=[-5.796000003814697, -66.45600128173828, -2.6640000343322754, 4.211999893188477, 2.124000072479248, 4.427999973297119] joint_vel=[-0.0, 393.75, 0.0, 0.0, -0.0, -0.0] imu_ang_vel=[0.3197035789489746, 1.405449390411377, 0.949898898601532] imu_quat_wxyz=[0.5701825618743896, -0.04757973179221153, -0.001509875408373773, -0.8201375603675842] status=0x8203
joint_pos=[-5.796000003814697, -66.45600128173828, -2.6640000343322754, 4.211999893188477, 2.124000072479248, 4.427999973297119] joint_vel=[-0.0, 393.75, 0.0, 0.0, -0.0, -0.0] imu_ang_vel=[1.1985466480255127, 1.5721633434295654, 1.932072639465332] imu_quat_wxyz=[0.579093873500824, -0.04373637214303017, -0.003740850603207946, -0.8140782713890076] status=0x8203
joint_pos=[-0.0, 0.0, 0.0, 0.0, -0.0, -0.0] joint_vel=[-0.0, 0.0, 0.0, 0.0, -0.0, -0.0] imu_ang_vel=[0.45765531063079834, 0.546846330165863, 2.5664374828338623] imu_quat_wxyz=[0.5974129438400269, -0.03156282380223274, -0.005312579218298197, -0.8012949228286743] status=0x8303
joint_pos=[-7.667999744415283, 2.555999994277954, 0.7919999957084656, 3.312000036239624, 7.52400016784668, 2.9160001277923584] joint_vel=[198.8100128173828, -269.9100036621094, -212.0399932861328, -85.5, -104.76000213623047, 37.08000183105469] imu_ang_vel=[0.5529964566230774, 0.5692169070243835, 2.056175947189331] imu_quat_wxyz=[0.6187729835510254, -0.02175580896437168, -0.00679426547139883, -0.7852392196655273] status=0x8303
joint_pos=[0.5759999752044678, 2.555999994277954, 0.0, 0.0, -0.0, -0.0] joint_vel=[593.1000366210938, -269.9100036621094, 0.0, 0.0, -0.0, -0.0] imu_ang_vel=[-0.10800004750490189, 1.276019811630249, 5.4517059326171875] imu_quat_wxyz=[0.6423685550689697, -0.006471826229244471, 0.0002767130499705672, -0.7663685083389282] status=0x8303
joint_pos=[8.244000434875488, 2.555999994277954, -3.0960001945495605, 1.7640000581741333, 8.423999786376953, 2.5920000076293945] joint_vel=[180.54000854492188, -269.9100036621094, -113.22000122070312, 36.720001220703125, 157.0500030517578, -73.80000305175781] imu_ang_vel=[0.7953441739082336, -1.371694803237915, 0.5307173132896423] imu_quat_wxyz=[0.6725153923034668, 0.012204714119434357, 0.010565199889242649, -0.7399071455001831] status=0x8303
joint_pos=[6.156000137329102, 2.555999994277954, 0.0, 0.0, -0.0, -0.0] joint_vel=[-0.0, -269.9100036621094, 0.0, 0.0, -0.0, -0.0] imu_ang_vel=[-0.09415161609649658, -3.364804267883301, 1.4393879175186157] imu_quat_wxyz=[0.6721033453941345, 0.008794888854026794, -0.004546117968857288, -0.740391194820404] status=0x8203
joint_pos=[10.403999328613281, 2.555999994277954, -4.104000091552734, -2.9160001277923584, -2.2320001125335693, 2.2679998874664307] joint_vel=[14.130000114440918, -269.9100036621094, -13.500000953674316, -220.77000427246094, 35.72999954223633, -52.02000045776367] imu_ang_vel=[-1.9322651624679565, -0.17007654905319214, 0.850296676158905] imu_quat_wxyz=[0.6859395503997803, -0.016921037808060646, -0.016237270087003708, -0.7272805571556091] status=0x8203
joint_pos=[10.403999328613281, 2.555999994277954, -4.104000091552734, -2.9160001277923584, -0.0, 2.2679998874664307] joint_vel=[14.130000114440918, -269.9100036621094, -13.500000953674316, -220.77000427246094, -0.0, -52.02000045776367] imu_ang_vel=[-0.34076032042503357, -1.1107048988342285, -0.20058661699295044] imu_quat_wxyz=[0.6879962086677551, -0.03110911138355732, -0.010752459987998009, -0.7249675393104553] status=0x8203
joint_pos=[10.403999328613281, -47.66400146484375, -0.2160000056028366, 6.335999965667725, -1.871999979019165, 2.700000047683716] joint_vel=[14.130000114440918, 76.31999969482422, 757.7099609375, 298.44000244140625, -13.679999351501465, -546.47998046875] imu_ang_vel=[-0.006267307326197624, -0.6968497633934021, -0.022154834121465683] imu_quat_wxyz=[0.6857357025146484, -0.033670391887426376, -0.009406927041709423, -0.7270106077194214] status=0x8303
joint_pos=[10.403999328613281, -45.215999603271484, -0.2160000056028366, 6.335999965667725, -1.871999979019165, 2.700000047683716] joint_vel=[14.130000114440918, 69.4800033569336, 757.7099609375, 298.44000244140625, -13.679999351501465, -546.47998046875] imu_ang_vel=[0.07309488952159882, 2.4765725135803223, -0.8919431567192078] imu_quat_wxyz=[0.6829907894134521, -0.032971933484077454, -0.008645351976156235, -0.729631245136261] status=0x8203
joint_pos=[10.403999328613281, -45.0, 0.0, 0.0, -1.871999979019165, -0.0] joint_vel=[14.130000114440918, -28.89000129699707, 0.0, 0.0, -13.679999351501465, -0.0] imu_ang_vel=[-0.3056066036224365, 1.8752310276031494, 0.270260214805603] imu_quat_wxyz=[0.6806671619415283, -0.01525559276342392, 0.00788059365004301, -0.7323915362358093] status=0x8203
joint_pos=[-3.3480000495910645, -45.827999114990234, 0.0, 0.0, -1.871999979019165, -0.0] joint_vel=[176.75999450683594, -57.689998626708984, 0.0, 0.0, -13.679999351501465, -0.0] imu_ang_vel=[0.13541284203529358, 5.290468215942383, -0.05517802760004997] imu_quat_wxyz=[0.6812697649002075, -0.003245205618441105, 0.02205922082066536, -0.7316927909851074] status=0x8203
joint_pos=[-3.3480000495910645, -47.19599914550781, 0.0, 0.0, -0.0, -0.0] joint_vel=[176.75999450683594, -76.5, 0.0, 0.0, -0.0, -0.0] imu_ang_vel=[0.1252928376197815, 3.914679527282715, 1.733400821685791] imu_quat_wxyz=[0.6870648264884949, 0.033687278628349304, 0.059905044734478, -0.7233384251594543] status=0x8303
joint_pos=[-0.0, -47.19599914550781, 0.0, 0.0, -1.2960000038146973, -0.0] joint_vel=[-0.0, -76.5, 0.0, 0.0, 121.2300033569336, -0.0] imu_ang_vel=[2.2872469425201416, 1.273356556892395, -1.5326995849609375] imu_quat_wxyz=[0.6849557757377625, 0.06270626187324524, 0.06907550245523453, -0.7225871086120605] status=0x8303
joint_pos=[-0.0, -47.19599914550781, -4.283999919891357, 5.507999897003174, -1.2960000038146973, -0.0] joint_vel=[-0.0, -76.5, -522.8099975585938, 167.22000122070312, 121.2300033569336, -0.0] imu_ang_vel=[-0.8877735137939453, 0.46783924102783203, 1.6916779279708862] imu_quat_wxyz=[0.6815617680549622, 0.07684662193059921, 0.06644591689109802, -0.7246745228767395] status=0x8303
joint_pos=[-0.0, -47.19599914550781, -4.283999919891357, 5.507999897003174, -0.0, -0.0] joint_vel=[-0.0, -76.5, -522.8099975585938, 167.22000122070312, -0.0, -0.0] imu_ang_vel=[-0.4968215525150299, -0.01934165321290493, -0.16596552729606628] imu_quat_wxyz=[0.6901749968528748, 0.07021810859441757, 0.07384773343801498, -0.716431736946106] status=0x8203
joint_pos=[-0.0, -47.19599914550781, -2.6640000343322754, 5.507999897003174, -0.0, 4.427999973297119] joint_vel=[-0.0, -76.5, 0.0, 167.22000122070312, -0.0, -0.0] imu_ang_vel=[1.4936248064041138, -0.5003084540367126, -0.6245618462562561] imu_quat_wxyz=[0.6879556775093079, 0.07455682009458542, 0.06719646602869034, -0.7187788486480713] status=0x8203
joint_pos=[-0.0, -47.19599914550781, -2.6640000343322754, 5.507999897003174, -0.0, 4.427999973297119] joint_vel=[-0.0, -76.5, 0.0, 167.22000122070312, -0.0, -0.0] imu_ang_vel=[-1.319205641746521, -1.86597740650177, 0.9360504746437073] imu_quat_wxyz=[0.6838518381118774, 0.0773157924413681, 0.06053715571761131, -0.7229828834533691] status=0x8203
joint_pos=[-0.0, 0.0, 0.0, 0.0, -0.0, -0.0] joint_vel=[-0.0, 0.0, 0.0, 0.0, -0.0, -0.0] imu_ang_vel=[0.4235668480396271, -0.9684921503067017, -0.14306233823299408] imu_quat_wxyz=[0.6910886168479919, 0.05960148572921753, 0.05251443013548851, -0.7183915972709656] status=0x8303
joint_pos=[-0.1080000028014183, 0.0, 0.0, 4.572000026702881, -0.0, -0.0] joint_vel=[97.92000579833984, 0.0, 0.0, -1207.800048828125, -0.0, -0.0] imu_ang_vel=[-0.4600699245929718, 1.2339417934417725, 0.6399069428443909] imu_quat_wxyz=[0.6887227296829224, 0.06064392626285553, 0.04811828210949898, -0.7208799719810486] status=0x8303
joint_pos=[-0.1080000028014183, 0.0, 0.0, 0.0, -0.0, -0.0] joint_vel=[97.92000579833984, 0.0, 0.0, 0.0, -0.0, -0.0] imu_ang_vel=[-0.1538064181804657, 2.2416820526123047, 1.3232741355895996] imu_quat_wxyz=[0.6968919634819031, 0.07639775425195694, 0.07085873931646347, -0.7095661759376526] status=0x8303
joint_pos=[-0.1080000028014183, 0.0, 0.0, 0.0, -0.0, -0.0] joint_vel=[97.92000579833984, 0.0, 0.0, 0.0, -0.0, -0.0] imu_ang_vel=[2.2435710430145264, 0.48186519742012024, -1.6413565874099731] imu_quat_wxyz=[0.6980609893798828, 0.08458790928125381, 0.0653623566031456, -0.7080137729644775] status=0x8303
joint_pos=[-0.0, 0.0, 0.0, 0.0, -0.0, -0.0] joint_vel=[-0.0, 0.0, 0.0, 0.0, -0.0, -0.0] imu_ang_vel=[-1.4331889152526855, -0.03798377513885498, 1.1826591491699219] imu_quat_wxyz=[0.6944720149040222, 0.0822034552693367, 0.049810294061899185, -0.7130709886550903] status=0x8303
joint_pos=[-1.2239999771118164, 4.104000091552734, -1.0080000162124634, 4.823999881744385, 6.875999927520752, 1.656000018119812] joint_vel=[-174.4199981689453, -97.20000457763672, 94.13999938964844, -167.489990234375, 46.79999923706055, -160.29000854492188] imu_ang_vel=[-0.6592742800712585, -2.350672721862793, 0.1829085499048233] imu_quat_wxyz=[0.7035983800888062, 0.06766325980424881, 0.05126326158642769, -0.7055091857910156] status=0x8303
joint_pos=[-1.2239999771118164, 4.104000091552734, -1.0080000162124634, 4.823999881744385, 6.875999927520752, 1.656000018119812] joint_vel=[-174.4199981689453, -97.20000457763672, 94.13999938964844, -167.489990234375, 46.79999923706055, -160.29000854492188] imu_ang_vel=[2.538116693496704, -0.8577046990394592, 1.1496360301971436] imu_quat_wxyz=[0.7081788182258606, 0.06268040835857391, 0.03634221851825714, -0.7023056745529175] status=0x8303
joint_pos=[-1.2239999771118164, 4.104000091552734, -1.0080000162124634, 4.823999881744385, 6.875999927520752, 1.656000018119812] joint_vel=[-174.4199981689453, -97.20000457763672, 94.13999938964844, -167.489990234375, 46.79999923706055, -160.29000854492188] imu_ang_vel=[-0.42598146200180054, -0.6696855425834656, 0.04921787604689598] imu_quat_wxyz=[0.7108333706855774, 0.06684745103120804, 0.019622856751084328, -0.6999017000198364] status=0x8303
joint_pos=[-1.2239999771118164, 4.104000091552734, -1.0080000162124634, 4.823999881744385, 6.875999927520752, 1.656000018119812] joint_vel=[-174.4199981689453, -97.20000457763672, 94.13999938964844, -167.489990234375, 46.79999923706055, -160.29000854492188] imu_ang_vel=[0.17216446995735168, -0.3809988796710968, 0.43697410821914673] imu_quat_wxyz=[0.7150236964225769, 0.06078987568616867, 0.016774263232946396, -0.6962502002716064] status=0x8203
joint_pos=[-1.2239999771118164, 4.104000091552734, -1.0080000162124634, 4.823999881744385, 6.875999927520752, 1.656000018119812] joint_vel=[-174.4199981689453, -97.20000457763672, 94.13999938964844, -167.489990234375, 46.79999923706055, -160.29000854492188] imu_ang_vel=[0.22915610671043396, 0.4610925614833832, -0.687412440776825] imu_quat_wxyz=[0.7149152755737305, 0.061813995242118835, 0.01535992231220007, -0.6963040232658386] status=0x8203
joint_pos=[-1.2239999771118164, 4.104000091552734, -1.0080000162124634, 4.823999881744385, 6.875999927520752, 1.656000018119812] joint_vel=[-174.4199981689453, -97.20000457763672, 94.13999938964844, -167.489990234375, 46.79999923706055, -160.29000854492188] imu_ang_vel=[0.8182473182678223, 0.47227784991264343, -0.7609156966209412] imu_quat_wxyz=[0.7095364332199097, 0.0681101530790329, 0.015377090312540531, -0.7012009024620056] status=0x8203
joint_pos=[-1.2239999771118164, 4.104000091552734, -1.0080000162124634, 4.823999881744385, 6.875999927520752, 1.656000018119812] joint_vel=[-174.4199981689453, -97.20000457763672, 94.13999938964844, -167.489990234375, 46.79999923706055, -160.29000854492188] imu_ang_vel=[0.6004007458686829, 0.517551600933075, -1.0645158290863037] imu_quat_wxyz=[0.7027779817581177, 0.07707902789115906, 0.014635270461440086, -0.7070698142051697] status=0x8203
joint_pos=[-1.2239999771118164, 4.104000091552734, -1.0080000162124634, 4.823999881744385, 6.875999927520752, 1.656000018119812] joint_vel=[-174.4199981689453, -97.20000457763672, 94.13999938964844, -167.489990234375, 46.79999923706055, -160.29000854492188] imu_ang_vel=[0.5790954828262329, 0.7487139105796814, -0.8855515718460083] imu_quat_wxyz=[0.6946821808815002, 0.08556725829839706, 0.01545371487736702, -0.7140421867370605] status=0x8203
joint_pos=[-1.2239999771118164, 4.104000091552734, -1.0080000162124634, 4.823999881744385, 6.875999927520752, 1.656000018119812] joint_vel=[-174.4199981689453, -97.20000457763672, 94.13999938964844, -167.489990234375, 46.79999923706055, -160.29000854492188] imu_ang_vel=[0.22382977604866028, 0.5111600160598755, -1.0181769132614136] imu_quat_wxyz=[0.687678337097168, 0.09360572695732117, 0.017814205959439278, -0.7197355628013611] status=0x8203
joint_pos=[-1.2239999771118164, 4.104000091552734, -1.0080000162124634, 4.823999881744385, 6.875999927520752, 1.656000018119812] joint_vel=[-174.4199981689453, -97.20000457763672, 94.13999938964844, -167.489990234375, 46.79999923706055, -160.29000854492188] imu_ang_vel=[0.09440017491579056, -0.07526803761720657, -1.1417475938796997] imu_quat_wxyz=[0.6797655820846558, 0.09727372974157333, 0.019657334312796593, -0.7266843914985657] status=0x8203
joint_pos=[-1.2239999771118164, 4.104000091552734, -1.0080000162124634, 4.823999881744385, 6.875999927520752, 1.656000018119812] joint_vel=[-174.4199981689453, -97.20000457763672, 94.13999938964844, -167.489990234375, 46.79999923706055, -160.29000854492188] imu_ang_vel=[-0.48616889119148254, 0.2890523672103882, -1.1630527973175049] imu_quat_wxyz=[0.6711126565933228, 0.0929536446928978, 0.020226869732141495, -0.7352266907691956] status=0x8203
joint_pos=[-1.2239999771118164, 4.104000091552734, -1.0080000162124634, 4.823999881744385, 6.875999927520752, 1.656000018119812] joint_vel=[-174.4199981689453, -97.20000457763672, 94.13999938964844, -167.489990234375, 46.79999923706055, -160.29000854492188] imu_ang_vel=[0.1157054677605629, -0.2931146025657654, -1.567853331565857] imu_quat_wxyz=[0.6669371128082275, 0.09239857643842697, 0.023128220811486244, -0.7390010356903076] status=0x8203
joint_pos=[-1.2239999771118164, 4.104000091552734, -1.0080000162124634, 4.823999881744385, 6.875999927520752, 1.656000018119812] joint_vel=[-174.4199981689453, -97.20000457763672, 94.13999938964844, -167.489990234375, 46.79999923706055, -160.29000854492188] imu_ang_vel=[0.37776049971580505, -1.0004501342773438, -1.5247101783752441] imu_quat_wxyz=[0.650068998336792, 0.08745864778757095, 0.0187746062874794, -0.7545919418334961] status=0x8203
joint_pos=[-1.2239999771118164, 4.104000091552734, -1.0080000162124634, 4.823999881744385, 6.875999927520752, 1.656000018119812] joint_vel=[-174.4199981689453, -97.20000457763672, 94.13999938964844, -167.489990234375, 46.79999923706055, -160.29000854492188] imu_ang_vel=[-0.008397835306823254, -0.7655593156814575, -1.5758428573608398] imu_quat_wxyz=[0.6380379796028137, 0.08363810181617737, 0.01243229303508997, -0.7653480768203735] status=0x8203
joint_pos=[-1.2239999771118164, 4.104000091552734, -1.0080000162124634, 4.823999881744385, 6.875999927520752, 1.656000018119812] joint_vel=[-174.4199981689453, -97.20000457763672, 94.13999938964844, -167.489990234375, 46.79999923706055, -160.29000854492188] imu_ang_vel=[-0.7173312306404114, -1.160772442817688, -1.4485437870025635] imu_quat_wxyz=[0.6265164613723755, 0.07505727559328079, 0.010155598632991314, -0.7757192850112915] status=0x8203
joint_pos=[-1.2239999771118164, 4.104000091552734, -1.0080000162124634, 4.823999881744385, 6.875999927520752, 1.656000018119812] joint_vel=[-174.4199981689453, -97.20000457763672, 94.13999938964844, -167.489990234375, 46.79999923706055, -160.29000854492188] imu_ang_vel=[-0.5250510573387146, -1.3658359050750732, -1.5582659244537354] imu_quat_wxyz=[0.6158488988876343, 0.06075200438499451, 0.008866880089044571, -0.7854684591293335] status=0x8203
joint_pos=[-1.2239999771118164, 4.104000091552734, -1.0080000162124634, 4.823999881744385, 6.875999927520752, 1.656000018119812] joint_vel=[-174.4199981689453, -97.20000457763672, 94.13999938964844, -167.489990234375, 46.79999923706055, -160.29000854492188] imu_ang_vel=[-0.6582090258598328, -0.880075216293335, -1.7936893701553345] imu_quat_wxyz=[0.6032810807228088, 0.048124998807907104, 0.005336790345609188, -0.7960574626922607] status=0x8203
joint_pos=[-1.2239999771118164, 4.104000091552734, -1.0080000162124634, 4.823999881744385, 6.875999927520752, 1.656000018119812] joint_vel=[-174.4199981689453, -97.20000457763672, 94.13999938964844, -167.489990234375, 46.79999923706055, -160.29000854492188] imu_ang_vel=[-0.1490127444267273, -1.282745122909546, -1.9811758995056152] imu_quat_wxyz=[0.5871344208717346, 0.0362861305475235, 0.004852744285017252, -0.8086612820625305] status=0x8203
joint_pos=[-1.2239999771118164, 4.104000091552734, -1.0080000162124634, 4.823999881744385, 6.875999927520752, 1.656000018119812] joint_vel=[-174.4199981689453, -97.20000457763672, 94.13999938964844, -167.489990234375, 46.79999923706055, -160.29000854492188] imu_ang_vel=[-0.2331686168909073, -1.3136379718780518, -2.13244366645813] imu_quat_wxyz=[0.5706369876861572, 0.02564927749335766, -0.0002560624270699918, -0.820801854133606] status=0x8203
joint_pos=[-1.2239999771118164, 4.104000091552734, -1.0080000162124634, 4.823999881744385, 6.875999927520752, 1.656000018119812] joint_vel=[-174.4199981689453, -97.20000457763672, 94.13999938964844, -167.489990234375, 46.79999923706055, -160.29000854492188] imu_ang_vel=[-0.4009477496147156, -1.0419955253601074, -1.88743257522583] imu_quat_wxyz=[0.5527530908584595, 0.013667394407093525, -0.004336895886808634, -0.8332217931747437] status=0x8203
joint_pos=[-1.2239999771118164, 4.104000091552734, -1.0080000162124634, 4.823999881744385, 6.875999927520752, 1.656000018119812] joint_vel=[-174.4199981689453, -97.20000457763672, 94.13999938964844, -167.489990234375, 46.79999923706055, -160.29000854492188] imu_ang_vel=[-0.6699269413948059, -0.47048109769821167, -1.783036708831787] imu_quat_wxyz=[0.5379817485809326, 0.0035541162360459566, -0.004998885095119476, -0.8429341912269592] status=0x8203
joint_pos=[-1.2239999771118164, 4.104000091552734, -1.0080000162124634, 4.823999881744385, 6.875999927520752, 1.656000018119812] joint_vel=[-174.4199981689453, -97.20000457763672, 94.13999938964844, -167.489990234375, 46.79999923706055, -160.29000854492188] imu_ang_vel=[-0.3711203634738922, -0.16528286039829254, -1.5630595684051514] imu_quat_wxyz=[0.5304991602897644, -7.424814975820482e-05, -0.003292673034593463, -0.8476791977882385] status=0x8203
joint_pos=[-1.2239999771118164, 4.104000091552734, -1.0080000162124634, 4.823999881744385, 6.875999927520752, 1.656000018119812] joint_vel=[-174.4199981689453, -97.20000457763672, 94.13999938964844, -167.489990234375, 46.79999923706055, -160.29000854492188] imu_ang_vel=[-0.25447389483451843, -0.22919870913028717, -1.8011462688446045] imu_quat_wxyz=[0.5095052719116211, -0.005970260594040155, 0.00019186710414942354, -0.8604468107223511] status=0x8203
joint_pos=[-1.2239999771118164, 4.104000091552734, -1.0080000162124634, 4.823999881744385, 6.875999927520752, 1.656000018119812] joint_vel=[-174.4199981689453, -97.20000457763672, 94.13999938964844, -167.489990234375, 46.79999923706055, -160.29000854492188] imu_ang_vel=[-0.11439163237810135, -0.01987428404390812, -1.67970609664917] imu_quat_wxyz=[0.49409592151641846, -0.00830961111932993, 0.0011989767663180828, -0.8693668246269226] status=0x8203
joint_pos=[-1.2239999771118164, 4.104000091552734, -1.0080000162124634, 4.823999881744385, 6.875999927520752, 1.656000018119812] joint_vel=[-174.4199981689453, -97.20000457763672, 94.13999938964844, -167.489990234375, 46.79999923706055, -160.29000854492188] imu_ang_vel=[-0.053671568632125854, 0.0467047318816185, -1.4336299896240234] imu_quat_wxyz=[0.48010775446891785, -0.008761859498918056, 0.001947415410540998, -0.8771635890007019] status=0x8203
joint_pos=[-1.2239999771118164, 4.104000091552734, -1.0080000162124634, 4.823999881744385, 6.875999927520752, 1.656000018119812] joint_vel=[-174.4199981689453, -97.20000457763672, 94.13999938964844, -167.489990234375, 46.79999923706055, -160.29000854492188] imu_ang_vel=[0.013440083712339401, -0.029461665078997612, -1.137486457824707] imu_quat_wxyz=[0.46820011734962463, -0.008715650998055935, 0.0022857298608869314, -0.883576512336731] status=0x8203
joint_pos=[-1.2239999771118164, 4.104000091552734, -1.0080000162124634, 4.823999881744385, 6.875999927520752, 1.656000018119812] joint_vel=[-174.4199981689453, -97.20000457763672, 94.13999938964844, -167.489990234375, 46.79999923706055, -160.29000854492188] imu_ang_vel=[-0.006799939088523388, 0.12819746136665344, -0.9574568867683411] imu_quat_wxyz=[0.4586593210697174, -0.008416752330958843, 0.002254166640341282, -0.8885695338249207] status=0x8203
joint_pos=[-1.2239999771118164, 4.104000091552734, -1.0080000162124634, 4.823999881744385, 6.875999927520752, 1.656000018119812] joint_vel=[-174.4199981689453, -97.20000457763672, 94.13999938964844, -167.489990234375, 46.79999923706055, -160.29000854492188] imu_ang_vel=[0.06830119341611862, 0.21022282540798187, -0.7747641205787659] imu_quat_wxyz=[0.450695276260376, -0.0070068128407001495, 0.0027225217781960964, -0.8926461935043335] status=0x8203
joint_pos=[-1.2239999771118164, 4.104000091552734, -1.0080000162124634, 4.823999881744385, 6.875999927520752, 1.656000018119812] joint_vel=[-174.4199981689453, -97.20000457763672, 94.13999938964844, -167.489990234375, 46.79999923706055, -160.29000854492188] imu_ang_vel=[0.08534542471170425, 0.19690701365470886, -0.6554544568061829] imu_quat_wxyz=[0.44412004947662354, -0.004684852436184883, 0.002854607766494155, -0.8959506154060364] status=0x8a03
joint_pos=[-1.2239999771118164, 4.104000091552734, -1.0080000162124634, 4.823999881744385, 6.875999927520752, 1.656000018119812] joint_vel=[-174.4199981689453, -97.20000457763672, 94.13999938964844, -167.489990234375, 46.79999923706055, -160.29000854492188] imu_ang_vel=[0.06617067009210587, 0.09570688754320145, -0.5467975735664368] imu_quat_wxyz=[0.4386046230792999, -0.002856314182281494, 0.00290940934792161, -0.8986708521842957] status=0x8a03
joint_pos=[-1.2239999771118164, 4.104000091552734, -1.0080000162124634, 4.823999881744385, 6.875999927520752, 1.656000018119812] joint_vel=[-174.4199981689453, -97.20000457763672, 94.13999938964844, -167.489990234375, 46.79999923706055, -160.29000854492188] imu_ang_vel=[0.13701073825359344, -0.04064694046974182, -0.5526564717292786] imu_quat_wxyz=[0.43355831503868103, -0.0021473716478794813, 0.002462934236973524, -0.9011197090148926] status=0x8a03
joint_pos=[-1.2239999771118164, 4.104000091552734, -1.0080000162124634, 4.823999881744385, 6.875999927520752, 1.656000018119812] joint_vel=[-174.4199981689453, -97.20000457763672, 94.13999938964844, -167.489990234375, 46.79999923706055, -160.29000854492188] imu_ang_vel=[0.10345492511987686, -0.12000913918018341, -0.621366024017334] imu_quat_wxyz=[0.4284668266773224, -0.0020913921762257814, 0.0009775079088285565, -0.9035545587539673] status=0x8a03
joint_pos=[-1.2239999771118164, 4.104000091552734, -1.0080000162124634, 4.823999881744385, 6.875999927520752, 1.656000018119812] joint_vel=[-174.4199981689453, -97.20000457763672, 94.13999938964844, -167.489990234375, 46.79999923706055, -160.29000854492188] imu_ang_vel=[0.09280227869749069, -0.16581548750400543, -0.6639766097068787] imu_quat_wxyz=[0.4227302372455597, -0.0029555559158325195, -0.0004771237727254629, -0.9062506556510925] status=0x8a03
joint_pos=[-1.2239999771118164, 4.104000091552734, -1.0080000162124634, 4.823999881744385, 6.875999927520752, 1.656000018119812] joint_vel=[-174.4199981689453, -97.20000457763672, 94.13999938964844, -167.489990234375, 46.79999923706055, -160.29000854492188] imu_ang_vel=[0.04273485392332077, -0.13225966691970825, -0.6820860505104065] imu_quat_wxyz=[0.4165268540382385, -0.004054167773574591, -0.001870349165983498, -0.9091123938560486] status=0x8a03
joint_pos=[-1.2239999771118164, 4.104000091552734, -1.0080000162124634, 4.823999881744385, 6.875999927520752, 1.656000018119812] joint_vel=[-174.4199981689453, -97.20000457763672, 94.13999938964844, -167.489990234375, 46.79999923706055, -160.29000854492188] imu_ang_vel=[-0.0376926064491272, -0.09018173068761826, -0.6772924065589905] imu_quat_wxyz=[0.4134402871131897, -0.0045484937727451324, -0.002318743383511901, -0.9105170369148254] status=0x8a03
joint_pos=[-1.2239999771118164, 4.104000091552734, -1.0080000162124634, 4.823999881744385, 6.875999927520752, 1.656000018119812] joint_vel=[-174.4199981689453, -97.20000457763672, 94.13999938964844, -167.489990234375, 46.79999923706055, -160.29000854492188] imu_ang_vel=[-0.11492426693439484, -0.10775858908891678, -0.8077872395515442] imu_quat_wxyz=[0.4039108455181122, -0.006130132358521223, -0.0022770422510802746, -0.9147749543190002] status=0x8a03
joint_pos=[-1.2239999771118164, 4.104000091552734, -1.0080000162124634, 4.823999881744385, 6.875999927520752, 1.656000018119812] joint_vel=[-174.4199981689453, -97.20000457763672, 94.13999938964844, -167.489990234375, 46.79999923706055, -160.29000854492188] imu_ang_vel=[-0.15487168729305267, -0.08219224959611893, -0.9350864291191101] imu_quat_wxyz=[0.3961184620857239, -0.0075473058968782425, -0.001635602442547679, -0.9181670546531677] status=0x8a03
joint_pos=[-1.2239999771118164, 4.104000091552734, -1.0080000162124634, 4.823999881744385, 6.875999927520752, 1.656000018119812] joint_vel=[-174.4199981689453, -97.20000457763672, 94.13999938964844, -167.489990234375, 46.79999923706055, -160.29000854492188] imu_ang_vel=[-0.23103809356689453, -0.015080595389008522, -1.008589506149292] imu_quat_wxyz=[0.4045107364654541, -0.005112163256853819, -0.005955890286713839, -0.9144996404647827] status=0x8a03
joint_pos=[-1.2239999771118164, 4.104000091552734, -1.0080000162124634, 4.823999881744385, 6.875999927520752, 1.656000018119812] joint_vel=[-174.4199981689453, -97.20000457763672, 94.13999938964844, -167.489990234375, 46.79999923706055, -160.29000854492188] imu_ang_vel=[-0.27737709879875183, 0.03764998912811279, -1.0815601348876953] imu_quat_wxyz=[0.3950672447681427, -0.006024866830557585, -0.0037550274282693863, -0.918624758720398] status=0x8a03
joint_pos=[-1.2239999771118164, 4.104000091552734, -1.0080000162124634, 4.823999881744385, 6.875999927520752, 1.656000018119812] joint_vel=[-174.4199981689453, -97.20000457763672, 94.13999938964844, -167.489990234375, 46.79999923706055, -160.29000854492188] imu_ang_vel=[-0.306139200925827, 0.05362895131111145, -1.127366542816162] imu_quat_wxyz=[0.3849470615386963, -0.006789115257561207, -0.0010359809966757894, -0.922913134098053] status=0x8a03
joint_pos=[-1.2239999771118164, 4.104000091552734, -1.0080000162124634, 4.823999881744385, 6.875999927520752, 1.656000018119812] joint_vel=[-174.4199981689453, -97.20000457763672, 94.13999938964844, -167.489990234375, 46.79999923706055, -160.29000854492188] imu_ang_vel=[-0.32318344712257385, 0.051498427987098694, -1.140149712562561] imu_quat_wxyz=[0.3744335174560547, -0.007560241036117077, 0.0019608133006840944, -0.92722088098526] status=0x8a03
joint_pos=[-1.2239999771118164, 4.104000091552734, -1.0080000162124634, 4.823999881744385, 6.875999927520752, 1.656000018119812] joint_vel=[-174.4199981689453, -97.20000457763672, 94.13999938964844, -167.489990234375, 46.79999923706055, -160.29000854492188] imu_ang_vel=[-0.32265082001686096, 0.03179103508591652, -1.1087243556976318] imu_quat_wxyz=[0.36388564109802246, -0.008337271399796009, 0.005034994799643755, -0.9313926696777344] status=0x8a03
joint_pos=[-1.2239999771118164, 4.104000091552734, -1.0080000162124634, 4.823999881744385, 6.875999927520752, 1.656000018119812] joint_vel=[-174.4199981689453, -97.20000457763672, 94.13999938964844, -167.489990234375, 46.79999923706055, -160.29000854492188] imu_ang_vel=[-0.3157266080379486, 0.026464713737368584, -0.9878169894218445] imu_quat_wxyz=[0.35630953311920166, -0.0077521540224552155, 0.00650459248572588, -0.934313178062439] status=0x8a03
joint_pos=[-1.2239999771118164, 4.104000091552734, -1.0080000162124634, 4.823999881744385, 6.875999927520752, 1.656000018119812] joint_vel=[-174.4199981689453, -97.20000457763672, 94.13999938964844, -167.489990234375, 46.79999923706055, -160.29000854492188] imu_ang_vel=[-0.3119981586933136, 0.00036573782563209534, -0.910585343837738] imu_quat_wxyz=[0.34724539518356323, -0.008825286291539669, 0.00948360562324524, -0.9376848936080933] status=0x8a03
joint_pos=[-1.2239999771118164, 4.104000091552734, -1.0080000162124634, 4.823999881744385, 6.875999927520752, 1.656000018119812] joint_vel=[-174.4199981689453, -97.20000457763672, 94.13999938964844, -167.489990234375, 46.79999923706055, -160.29000854492188] imu_ang_vel=[-0.26778972148895264, -0.031059561297297478, -0.7609156966209412] imu_quat_wxyz=[0.3390696942806244, -0.010080281645059586, 0.01208472065627575, -0.9406297206878662] status=0x8a03
joint_pos=[-1.2239999771118164, 4.104000091552734, -1.0080000162124634, 4.823999881744385, 6.875999927520752, 1.656000018119812] joint_vel=[-174.4199981689453, -97.20000457763672, 94.13999938964844, -167.489990234375, 46.79999923706055, -160.29000854492188] imu_ang_vel=[-0.2368970513343811, -0.015080595389008522, -0.5989955067634583] imu_quat_wxyz=[0.33240222930908203, -0.011372343637049198, 0.014360091648995876, -0.9429599046707153] status=0x8a03
joint_pos=[-1.2239999771118164, 4.104000091552734, -1.0080000162124634, 4.823999881744385, 6.875999927520752, 1.656000018119812] joint_vel=[-174.4199981689453, -97.20000457763672, 94.13999938964844, -167.489990234375, 46.79999923706055, -160.29000854492188] imu_ang_vel=[-0.18256855010986328, -0.03372272104024887, -0.4535868763923645] imu_quat_wxyz=[0.32961368560791016, -0.011907076463103294, 0.01539965532720089, -0.9439152479171753] status=0x8a03
joint_pos=[-1.2239999771118164, 4.104000091552734, -1.0080000162124634, 4.823999881744385, 6.875999927520752, 1.656000018119812] joint_vel=[-174.4199981689453, -97.20000457763672, 94.13999938964844, -167.489990234375, 46.79999923706055, -160.29000854492188] imu_ang_vel=[-0.11492426693439484, -0.014547962695360184, -0.3049825131893158] imu_quat_wxyz=[0.3066975772380829, -0.0142802894115448, 0.02097727544605732, -0.9514687061309814] status=0x8a03
joint_pos=[-1.2239999771118164, 4.104000091552734, -1.0080000162124634, 4.823999881744385, 6.875999927520752, 1.656000018119812] joint_vel=[-174.4199981689453, -97.20000457763672, 94.13999938964844, -167.489990234375, 46.79999923706055, -160.29000854492188] imu_ang_vel=[-0.043018925935029984, -0.0299942959100008, -0.16596552729606628] imu_quat_wxyz=[0.3042399287223816, -0.014709755778312683, 0.021800339221954346, -0.9522324204444885] status=0x8a03
joint_pos=[-1.2239999771118164, 4.104000091552734, -1.0080000162124634, 4.823999881744385, 6.875999927520752, 1.656000018119812] joint_vel=[-174.4199981689453, -97.20000457763672, 94.13999938964844, -167.489990234375, 46.79999923706055, -160.29000854492188] imu_ang_vel=[0.018233774229884148, -0.0299942959100008, -0.03174221143126488] imu_quat_wxyz=[0.30303463339805603, -0.015109602361917496, 0.021865785121917725, -0.9526088833808899] status=0x8a03
joint_pos=[-1.2239999771118164, 4.104000091552734, -1.0080000162124634, 4.823999881744385, 6.875999927520752, 1.656000018119812] joint_vel=[-174.4199981689453, -97.20000457763672, 94.13999938964844, -167.489990234375, 46.79999923706055, -160.29000854492188] imu_ang_vel=[0.064572773873806, -0.0299942959100008, 0.11952532082796097] imu_quat_wxyz=[0.30322328209877014, -0.01542442012578249, 0.021434644237160683, -0.9525536298751831] status=0x8a03
joint_pos=[-1.2239999771118164, 4.104000091552734, -1.0080000162124634, 4.823999881744385, 6.875999927520752, 1.656000018119812] joint_vel=[-174.4199981689453, -97.20000457763672, 94.13999938964844, -167.489990234375, 46.79999923706055, -160.29000854492188] imu_ang_vel=[0.11037913709878922, -0.018809020519256592, 0.2430959939956665] imu_quat_wxyz=[0.30476611852645874, -0.015391575172543526, 0.020611770451068878, -0.9520798325538635] status=0x8a03
joint_pos=[-1.2239999771118164, 4.104000091552734, -1.0080000162124634, 4.823999881744385, 6.875999927520752, 1.656000018119812] joint_vel=[-174.4199981689453, -97.20000457763672, 94.13999938964844, -167.489990234375, 46.79999923706055, -160.29000854492188] imu_ang_vel=[0.12103178352117538, 0.05043315887451172, 0.3879719376564026] imu_quat_wxyz=[0.29306820034980774, -0.01913212053477764, 0.021114226430654526, -0.9556669592857361] status=0x8a03
joint_pos=[-1.2239999771118164, 4.104000091552734, -1.0080000162124634, 4.823999881744385, 6.875999927520752, 1.656000018119812] joint_vel=[-174.4199981689453, -97.20000457763672, 94.13999938964844, -167.489990234375, 46.79999923706055, -160.29000854492188] imu_ang_vel=[0.16044655442237854, 0.10902269929647446, 0.4747909903526306] imu_quat_wxyz=[0.29709798097610474, -0.018012644723057747, 0.02013447694480419, -0.9544647336006165] status=0x8a03
joint_pos=[-1.2239999771118164, 4.104000091552734, -1.0080000162124634, 4.823999881744385, 6.875999927520752, 1.656000018119812] joint_vel=[-174.4199981689453, -97.20000457763672, 94.13999938964844, -167.489990234375, 46.79999923706055, -160.29000854492188] imu_ang_vel=[0.18920868635177612, 0.16388382017612457, 0.5291194319725037] imu_quat_wxyz=[0.30172470211982727, -0.01623562164604664, 0.018980251625180244, -0.9530678391456604] status=0x8a03
joint_pos=[-1.2239999771118164, 4.104000091552734, -1.0080000162124634, 4.823999881744385, 6.875999927520752, 1.656000018119812] joint_vel=[-174.4199981689453, -97.20000457763672, 94.13999938964844, -167.489990234375, 46.79999923706055, -160.29000854492188] imu_ang_vel=[0.20518766343593597, 0.17986278235912323, 0.6010248064994812] imu_quat_wxyz=[0.3070266842842102, -0.013931624591350555, 0.017728067934513092, -0.9514337778091431] status=0x8a03
joint_pos=[-1.2239999771118164, 4.104000091552734, -1.0080000162124634, 4.823999881744385, 6.875999927520752, 1.656000018119812] joint_vel=[-174.4199981689453, -97.20000457763672, 94.13999938964844, -167.489990234375, 46.79999923706055, -160.29000854492188] imu_ang_vel=[0.21584029495716095, 0.1995701640844345, 0.6292542815208435] imu_quat_wxyz=[0.3128194510936737, -0.011495859362185001, 0.016356321051716805, -0.9496022462844849] status=0x8a03
joint_pos=[-1.2239999771118164, 4.104000091552734, -1.0080000162124634, 4.823999881744385, 6.875999927520752, 1.656000018119812] joint_vel=[-174.4199981689453, -97.20000457763672, 94.13999938964844, -167.489990234375, 46.79999923706055, -160.29000854492188] imu_ang_vel=[0.2083834409713745, 0.19797228276729584, 0.6654732823371887] imu_quat_wxyz=[0.30685117840766907, -0.010889384895563126, 0.01308516226708889, -0.9516053199768066] status=0x8a03
joint_pos=[-1.2239999771118164, 4.104000091552734, -1.0080000162124634, 4.823999881744385, 6.875999927520752, 1.656000018119812] joint_vel=[-174.4199981689453, -97.20000457763672, 94.13999938964844, -167.489990234375, 46.79999923706055, -160.29000854492188] imu_ang_vel=[0.18175184726715088, 0.1297953575849533, 0.7022249102592468] imu_quat_wxyz=[0.31330981850624084, -0.008494733832776546, 0.011806306429207325, -0.9495396614074707] status=0x8a03
joint_pos=[-1.2239999771118164, 4.104000091552734, -1.0080000162124634, 4.823999881744385, 6.875999927520752, 1.656000018119812] joint_vel=[-174.4199981689453, -97.20000457763672, 94.13999938964844, -167.489990234375, 46.79999923706055, -160.29000854492188] imu_ang_vel=[0.1343475878238678, 0.007822588086128235, 0.7229975461959839] imu_quat_wxyz=[0.31666290760040283, -0.007580780889838934, 0.011188174597918987, -0.9484418630599976] status=0x8a03
joint_pos=[-1.2239999771118164, 4.104000091552734, -1.0080000162124634, 4.823999881744385, 6.875999927520752, 1.656000018119812] joint_vel=[-174.4199981689453, -97.20000457763672, 94.13999938964844, -167.489990234375, 46.79999923706055, -160.29000854492188] imu_ang_vel=[0.16151182353496552, 0.04031314700841904, 0.671864926815033] imu_quat_wxyz=[0.3268531560897827, -0.00637306971475482, 0.009392700158059597, -0.9450070261955261] status=0x8a03
joint_pos=[-1.2239999771118164, 4.104000091552734, -1.0080000162124634, 4.823999881744385, 6.875999927520752, 1.656000018119812] joint_vel=[-174.4199981689453, -97.20000457763672, 94.13999938964844, -167.489990234375, 46.79999923706055, -160.29000854492188] imu_ang_vel=[0.13967390358448029, 0.03338893502950668, 0.5701321363449097] imu_quat_wxyz=[0.3328312933444977, -0.00534424465149641, 0.008036601357161999, -0.9429370164871216] status=0x8a03
joint_pos=[-1.2239999771118164, 4.104000091552734, -1.0080000162124634, 4.823999881744385, 6.875999927520752, 1.656000018119812] joint_vel=[-174.4199981689453, -97.20000457763672, 94.13999938964844, -167.489990234375, 46.79999923706055, -160.29000854492188] imu_ang_vel=[0.064572773873806, -0.0033626873046159744, 0.5850458741188049] imu_quat_wxyz=[0.338460236787796, -0.0031528484541922808, 0.006674088072031736, -0.9409517645835876] status=0x8a03
joint_pos=[-1.2239999771118164, 4.104000091552734, -1.0080000162124634, 4.823999881744385, 6.875999927520752, 1.656000018119812] joint_vel=[-174.4199981689453, -97.20000457763672, 94.13999938964844, -167.489990234375, 46.79999923706055, -160.29000854492188] imu_ang_vel=[0.03847379982471466, -0.0651480183005333, 0.5280541777610779] imu_quat_wxyz=[0.3437662720680237, -0.003125108079984784, 0.006110912188887596, -0.9390301704406738] status=0x8a03
joint_pos=[-1.2239999771118164, 4.104000091552734, -1.0080000162124634, 4.823999881744385, 6.875999927520752, 1.656000018119812] joint_vel=[-174.4199981689453, -97.20000457763672, 94.13999938964844, -167.489990234375, 46.79999923706055, -160.29000854492188] imu_ang_vel=[0.025157993659377098, -0.11468281596899033, 0.4470940828323364] imu_quat_wxyz=[0.3484545648097992, -0.003735477803274989, 0.0055208527483046055, -0.9373020529747009] status=0x8a03
joint_pos=[-1.2239999771118164, 4.104000091552734, -1.0080000162124634, 4.823999881744385, 6.875999927520752, 1.656000018119812] joint_vel=[-174.4199981689453, -97.20000457763672, 94.13999938964844, -167.489990234375, 46.79999923706055, -160.29000854492188] imu_ang_vel=[-0.0014736177399754524, -0.1535649448633194, 0.4151361584663391] imu_quat_wxyz=[0.3525792062282562, -0.004851493053138256, 0.004958522506058216, -0.9357563257217407] status=0x8a03
joint_pos=[-1.2239999771118164, 4.104000091552734, -1.0080000162124634, 4.823999881744385, 6.875999927520752, 1.656000018119812] joint_vel=[-174.4199981689453, -97.20000457763672, 94.13999938964844, -167.489990234375, 46.79999923706055, -160.29000854492188] imu_ang_vel=[-0.010528364218771458, -0.17273971438407898, 0.38424351811408997] imu_quat_wxyz=[0.35634997487068176, -0.006351645104587078, 0.004456630442291498, -0.9343203902244568] status=0x8a03
joint_pos=[-1.2239999771118164, 4.104000091552734, -1.0080000162124634, 4.823999881744385, 6.875999927520752, 1.656000018119812] joint_vel=[-174.4199981689453, -97.20000457763672, 94.13999938964844, -167.489990234375, 46.79999923706055, -160.29000854492188] imu_ang_vel=[-0.016387317329645157, -0.14504283666610718, 0.34216558933258057] imu_quat_wxyz=[0.36055782437324524, -0.006934679578989744, 0.00405195401981473, -0.9327023029327393] status=0x8a03
joint_pos=[-1.2239999771118164, 4.104000091552734, -1.0080000162124634, 4.823999881744385, 6.875999927520752, 1.656000018119812] joint_vel=[-174.4199981689453, -97.20000457763672, 94.13999938964844, -167.489990234375, 46.79999923706055, -160.29000854492188] imu_ang_vel=[0.0011895429342985153, -0.0971059501171112, 0.2803802490234375] imu_quat_wxyz=[0.36359676718711853, -0.00823778286576271, 0.0037167652044445276, -0.9315125942230225] status=0x8a03
joint_pos=[-1.2239999771118164, 4.104000091552734, -1.0080000162124634, 4.823999881744385, 6.875999927520752, 1.656000018119812] joint_vel=[-174.4199981689453, -97.20000457763672, 94.13999938964844, -167.489990234375, 46.79999923706055, -160.29000854492188] imu_ang_vel=[-0.028105225414037704, -0.057158537209033966, 0.2766517996788025] imu_quat_wxyz=[0.3661311864852905, -0.009059006348252296, 0.003418529639020562, -0.9305129647254944] status=0x8a03
joint_pos=[-1.2239999771118164, 4.104000091552734, -1.0080000162124634, 4.823999881744385, 6.875999927520752, 1.656000018119812] joint_vel=[-174.4199981689453, -97.20000457763672, 94.13999938964844, -167.489990234375, 46.79999923706055, -160.29000854492188] imu_ang_vel=[-0.02277890406548977, -0.022004812955856323, 0.32139289379119873] imu_quat_wxyz=[0.36883437633514404, -0.009678333066403866, 0.0035701042506843805, -0.9294379949569702] status=0x8a03
joint_pos=[-1.2239999771118164, 4.104000091552734, -1.0080000162124634, 4.823999881744385, 6.875999927520752, 1.656000018119812] joint_vel=[-174.4199981689453, -97.20000457763672, 94.13999938964844, -167.489990234375, 46.79999923706055, -160.29000854492188] imu_ang_vel=[0.0065158661454916, 0.011551013216376305, 0.33417609333992004] imu_quat_wxyz=[0.37188172340393066, -0.009877242147922516, 0.0036291382275521755, -0.9282205104827881] status=0x8a03
joint_pos=[-1.2239999771118164, 4.104000091552734, -1.0080000162124634, 4.823999881744385, 6.875999927520752, 1.656000018119812] joint_vel=[-174.4199981689453, -97.20000457763672, 94.13999938964844, -167.489990234375, 46.79999923706055, -160.29000854492188] imu_ang_vel=[0.029419047757983208, 0.03818262368440628, 0.34908977150917053] imu_quat_wxyz=[0.37657487392425537, -0.01008357759565115, 0.004171054344624281, -0.9263219237327576] status=0x8a03
joint_pos=[-1.2239999771118164, 4.104000091552734, -1.0080000162124634, 4.823999881744385, 6.875999927520752, 1.656000018119812] joint_vel=[-174.4199981689453, -97.20000457763672, 94.13999938964844, -167.489990234375, 46.79999923706055, -160.29000854492188] imu_ang_vel=[0.03794116526842117, 0.08878267556428909, 0.3778519034385681] imu_quat_wxyz=[0.3798774182796478, -0.009411969222128391, 0.004131760913878679, -0.9249797463417053] status=0x8a03
joint_pos=[-1.2239999771118164, 4.104000091552734, -1.0080000162124634, 4.823999881744385, 6.875999927520752, 1.656000018119812] joint_vel=[-174.4199981689453, -97.20000457763672, 94.13999938964844, -167.489990234375, 46.79999923706055, -160.29000854492188] imu_ang_vel=[0.05338750034570694, 0.11008796840906143, 0.3741235136985779] imu_quat_wxyz=[0.38340529799461365, -0.008379774168133736, 0.004144979175180197, -0.9235329627990723] status=0x8a03
joint_pos=[-1.2239999771118164, 4.104000091552734, -1.0080000162124634, 4.823999881744385, 6.875999927520752, 1.656000018119812] joint_vel=[-174.4199981689453, -97.20000457763672, 94.13999938964844, -167.489990234375, 46.79999923706055, -160.29000854492188] imu_ang_vel=[0.07469278573989868, 0.09677215665578842, 0.36986243724823] imu_quat_wxyz=[0.3868245780467987, -0.007101190742105246, 0.004053917713463306, -0.9221171736717224] status=0x8a03
joint_pos=[-1.2239999771118164, 4.104000091552734, -1.0080000162124634, 4.823999881744385, 6.875999927520752, 1.656000018119812] joint_vel=[-174.4199981689453, -97.20000457763672, 94.13999938964844, -167.489990234375, 46.79999923706055, -160.29000854492188] imu_ang_vel=[0.08854121714830399, 0.08079319447278976, 0.3634708523750305] imu_quat_wxyz=[0.3902352750301361, -0.00594682339578867, 0.0037236055359244347, -0.9206884503364563] status=0x8a03
joint_pos=[-1.2239999771118164, 4.104000091552734, -1.0080000162124634, 4.823999881744385, 6.875999927520752, 1.656000018119812] joint_vel=[-174.4199981689453, -97.20000457763672, 94.13999938964844, -167.489990234375, 46.79999923706055, -160.29000854492188] imu_ang_vel=[0.09972649067640305, 0.07173844426870346, 0.32884976267814636] imu_quat_wxyz=[0.39570268988609314, -0.005334680899977684, 0.003978471737354994, -0.9183545708656311] status=0x8a03
joint_pos=[-1.2239999771118164, 4.104000091552734, -1.0080000162124634, 4.823999881744385, 6.875999927520752, 1.656000018119812] joint_vel=[-174.4199981689453, -97.20000457763672, 94.13999938964844, -167.489990234375, 46.79999923706055, -160.29000854492188] imu_ang_vel=[0.07948647439479828, 0.06374896317720413, 0.32352346181869507] imu_quat_wxyz=[0.39874762296676636, -0.004361442755907774, 0.003410486737266183, -0.9170439839363098] status=0x8a03
joint_pos=[-1.2239999771118164, 4.104000091552734, -1.0080000162124634, 4.823999881744385, 6.875999927520752, 1.656000018119812] joint_vel=[-174.4199981689453, -97.20000457763672, 94.13999938964844, -167.489990234375, 46.79999923706055, -160.29000854492188] imu_ang_vel=[0.09013911336660385, 0.06694475561380386, 0.2814455032348633] imu_quat_wxyz=[0.4015861749649048, -0.0034900670871138573, 0.0029394561424851418, -0.9158098697662354] status=0x8a03
joint_pos=[-1.2239999771118164, 4.104000091552734, -1.0080000162124634, 4.823999881744385, 6.875999927520752, 1.656000018119812] joint_vel=[-174.4199981689453, -97.20000457763672, 94.13999938964844, -167.489990234375, 46.79999923706055, -160.29000854492188] imu_ang_vel=[0.0784212127327919, 0.05629211664199829, 0.23563912510871887] imu_quat_wxyz=[0.4040842652320862, -0.0025258606765419245, 0.0024147634394466877, -0.914715051651001] status=0x8a03
joint_pos=[-1.2239999771118164, 4.104000091552734, -1.0080000162124634, 4.823999881744385, 6.875999927520752, 1.656000018119812] joint_vel=[-174.4199981689453, -97.20000457763672, 94.13999938964844, -167.489990234375, 46.79999923706055, -160.29000854492188] imu_ang_vel=[0.07735594362020493, 0.048302628099918365, 0.16799485683441162] imu_quat_wxyz=[0.40603071451187134, -0.0017337157623842359, 0.0019131044391542673, -0.9138558506965637] status=0x8a03
joint_pos=[-1.2239999771118164, 4.104000091552734, -1.0080000162124634, 4.823999881744385, 6.875999927520752, 1.656000018119812] joint_vel=[-174.4199981689453, -97.20000457763672, 94.13999938964844, -167.489990234375, 46.79999923706055, -160.29000854492188] imu_ang_vel=[0.04166959226131439, 0.03871525079011917, 0.14402639865875244] imu_quat_wxyz=[0.40968289971351624, -0.0007839727913960814, 0.0020178663544356823, -0.9122254848480225] status=0x8a03
joint_pos=[-1.2239999771118164, 4.104000091552734, -1.0080000162124634, 4.823999881744385, 6.875999927520752, 1.656000018119812] joint_vel=[-174.4199981689453, -97.20000457763672, 94.13999938964844, -167.489990234375, 46.79999923706055, -160.29000854492188] imu_ang_vel=[0.03900642693042755, 0.019007863476872444, 0.06466420739889145] imu_quat_wxyz=[0.41079357266426086, -0.0003377120883669704, 0.0017882371321320534, -0.9117265343666077] status=0x8a03
joint_pos=[-1.2239999771118164, 4.104000091552734, -1.0080000162124634, 4.823999881744385, 6.875999927520752, 1.656000018119812] joint_vel=[-174.4199981689453, -97.20000457763672, 94.13999938964844, -167.489990234375, 46.79999923706055, -160.29000854492188] imu_ang_vel=[0.011842185631394386, 0.007822588086128235, -0.0013821797911077738] imu_quat_wxyz=[0.41119566559791565, -9.563183994032443e-05, 0.0015373164787888527, -0.9115458726882935] status=0x8a03
joint_pos=[-1.2239999771118164, 4.104000091552734, -1.0080000162124634, 4.823999881744385, 6.875999927520752, 1.656000018119812] joint_vel=[-174.4199981689453, -97.20000457763672, 94.13999938964844, -167.489990234375, 46.79999923706055, -160.29000854492188] imu_ang_vel=[-0.002006249502301216, 0.008887852542102337, -0.04612328112125397] imu_quat_wxyz=[0.4110538363456726, -1.8378690583631396e-05, 0.0015228220727294683, -0.9116098880767822] status=0x8a03
joint_pos=[-1.2239999771118164, 4.104000091552734, -1.0080000162124634, 4.823999881744385, 6.875999927520752, 1.656000018119812] joint_vel=[-174.4199981689453, -97.20000457763672, 94.13999938964844, -167.489990234375, 46.79999923706055, -160.29000854492188] imu_ang_vel=[-0.02544206567108631, 0.010485748760402203, -0.09033175557851791] imu_quat_wxyz=[0.4105227291584015, 1.9044968212256208e-05, 0.0016583907417953014, -0.9118489623069763] status=0x8a03
joint_pos=[-1.2239999771118164, 4.104000091552734, -1.0080000162124634, 4.823999881744385, 6.875999927520752, 1.656000018119812] joint_vel=[-174.4199981689453, -97.20000457763672, 94.13999938964844, -167.489990234375, 46.79999923706055, -160.29000854492188] imu_ang_vel=[-0.046747349202632904, -0.0065584806725382805, -0.1414644420146942] imu_quat_wxyz=[0.4123744070529938, 0.0010570319136604667, 0.001515940180979669, -0.9110126495361328] status=0x8a03
joint_pos=[-1.2239999771118164, 4.104000091552734, -1.0080000162124634, 4.823999881744385, 6.875999927520752, 1.656000018119812] joint_vel=[-174.4199981689453, -97.20000457763672, 94.13999938964844, -167.489990234375, 46.79999923706055, -160.29000854492188] imu_ang_vel=[-0.04142102971673012, -0.010286904871463776, -0.1787486970424652] imu_quat_wxyz=[0.41101858019828796, 0.0007566771819256246, 0.001853519817814231, -0.9116247892379761] status=0x8a03
joint_pos=[-1.2239999771118164, 4.104000091552734, -1.0080000162124634, 4.823999881744385, 6.875999927520752, 1.656000018119812] joint_vel=[-174.4199981689453, -97.20000457763672, 94.13999938964844, -167.489990234375, 46.79999923706055, -160.29000854492188] imu_ang_vel=[-0.031833648681640625, 0.011018380522727966, -0.206445574760437] imu_quat_wxyz=[0.40929633378982544, 0.000563460576813668, 0.0022004833444952965, -0.9123986959457397] status=0x8a03
joint_pos=[-1.2239999771118164, 4.104000091552734, -1.0080000162124634, 4.823999881744385, 6.875999927520752, 1.656000018119812] joint_vel=[-174.4199981689453, -97.20000457763672, 94.13999938964844, -167.489990234375, 46.79999923706055, -160.29000854492188] imu_ang_vel=[-0.05313893407583237, 0.0014310022816061974, -0.23201191425323486] imu_quat_wxyz=[0.4073290526866913, 0.00046127906534820795, 0.002589775715023279, -0.9132777452468872] status=0x8a03
joint_pos=[-1.2239999771118164, 4.104000091552734, -1.0080000162124634, 4.823999881744385, 6.875999927520752, 1.656000018119812] joint_vel=[-174.4199981689453, -97.20000457763672, 94.13999938964844, -167.489990234375, 46.79999923706055, -160.29000854492188] imu_ang_vel=[-0.05189613252878189, -0.054850466549396515, -0.2208266258239746] imu_quat_wxyz=[0.4052470922470093, 0.0001477221812820062, 0.003021182958036661, -0.9142021536827087] status=0x8a03
joint_pos=[-1.2239999771118164, 4.104000091552734, -1.0080000162124634, 4.823999881744385, 6.875999927520752, 1.656000018119812] joint_vel=[-174.4199981689453, -97.20000457763672, 94.13999938964844, -167.489990234375, 46.79999923706055, -160.29000854492188] imu_ang_vel=[-0.06272631883621216, -0.04810378700494766, -0.22189190983772278] imu_quat_wxyz=[0.4040261209011078, -0.0002747788676060736, 0.0032844804227352142, -0.9147415161132812] status=0x8a03
joint_pos=[-1.2239999771118164, 4.104000091552734, -1.0080000162124634, 4.823999881744385, 6.875999927520752, 1.656000018119812] joint_vel=[-174.4199981689453, -97.20000457763672, 94.13999938964844, -167.489990234375, 46.79999923706055, -160.29000854492188] imu_ang_vel=[-0.057399995625019073, -0.04437536746263504, -0.2117718905210495] imu_quat_wxyz=[0.4020249545574188, -0.0009703285177238286, 0.0036473406944423914, -0.9156209826469421] status=0x8a03
joint_pos=[-1.2239999771118164, 4.104000091552734, -1.0080000162124634, 4.823999881744385, 6.875999927520752, 1.656000018119812] joint_vel=[-174.4199981689453, -97.20000457763672, 94.13999938964844, -167.489990234375, 46.79999923706055, -160.29000854492188] imu_ang_vel=[-0.052606306970119476, -0.042777471244335175, -0.19099923968315125] imu_quat_wxyz=[0.4001390039920807, -0.0016141838859766722, 0.003988676704466343, -0.9164444208145142] status=0x8a03
joint_pos=[-1.2239999771118164, 4.104000091552734, -1.0080000162124634, 4.823999881744385, 6.875999927520752, 1.656000018119812] joint_vel=[-174.4199981689453, -97.20000457763672, 94.13999938964844, -167.489990234375, 46.79999923706055, -160.29000854492188] imu_ang_vel=[-0.04461682587862015, -0.039049044251441956, -0.17129184305667877] imu_quat_wxyz=[0.3984466791152954, -0.0022204513661563396, 0.004263326525688171, -0.9171789884567261] status=0x8a03
joint_pos=[-1.2239999771118164, 4.104000091552734, -1.0080000162124634, 4.823999881744385, 6.875999927520752, 1.656000018119812] joint_vel=[-174.4199981689453, -97.20000457763672, 94.13999938964844, -167.489990234375, 46.79999923706055, -160.29000854492188] imu_ang_vel=[-0.03236628323793411, -0.023602711036801338, -0.14519286155700684] imu_quat_wxyz=[0.39695388078689575, -0.0027091919910162687, 0.004490101709961891, -0.9178235530853271] status=0x8a03
joint_pos=[-1.2239999771118164, 4.104000091552734, -1.0080000162124634, 4.823999881744385, 6.875999927520752, 1.656000018119812] joint_vel=[-174.4199981689453, -97.20000457763672, 94.13999938964844, -167.489990234375, 46.79999923706055, -160.29000854492188] imu_ang_vel=[-0.019583111628890038, -0.01241743378341198, -0.11216966807842255] imu_quat_wxyz=[0.3952709138393402, -0.003215247765183449, 0.005074202083051205, -0.9185449481010437] status=0x8a03
joint_pos=[-1.2239999771118164, 4.104000091552734, -1.0080000162124634, 4.823999881744385, 6.875999927520752, 1.656000018119812] joint_vel=[-174.4199981689453, -97.20000457763672, 94.13999938964844, -167.489990234375, 46.79999923706055, -160.29000854492188] imu_ang_vel=[-0.010528364218771458, 0.0019636342767626047, -0.07808122038841248] imu_quat_wxyz=[0.3943338394165039, -0.003353884443640709, 0.005195226054638624, -0.9189465641975403] status=0x8a03
joint_pos=[-1.2239999771118164, 4.104000091552734, -1.0080000162124634, 4.823999881744385, 6.875999927520752, 1.656000018119812] joint_vel=[-174.4199981689453, -97.20000457763672, 94.13999938964844, -167.489990234375, 46.79999923706055, -160.29000854492188] imu_ang_vel=[0.0011895429342985153, 0.008355220779776573, -0.04399275407195091] imu_quat_wxyz=[0.39371323585510254, -0.003358884248882532, 0.005276908632367849, -0.9192121028900146] status=0x8a03
joint_pos=[-1.2239999771118164, 4.104000091552734, -1.0080000162124634, 4.823999881744385, 6.875999927520752, 1.656000018119812] joint_vel=[-174.4199981689453, -97.20000457763672, 94.13999938964844, -167.489990234375, 46.79999923706055, -160.29000854492188] imu_ang_vel=[0.010776922106742859, 0.007289955858141184, -0.014697982929646969] imu_quat_wxyz=[0.3934013247489929, -0.0032859817147254944, 0.005273308139294386, -0.9193459749221802] status=0x8a03
joint_pos=[-1.2239999771118164, 4.104000091552734, -1.0080000162124634, 4.823999881744385, 6.875999927520752, 1.656000018119812] joint_vel=[-174.4199981689453, -97.20000457763672, 94.13999938964844, -167.489990234375, 46.79999923706055, -160.29000854492188] imu_ang_vel=[0.018233774229884148, 0.010485748760402203, 0.014596785418689251] imu_quat_wxyz=[0.39336097240448, -0.0031775685492902994, 0.0051845526322722435, -0.9193639755249023] status=0x8a03
joint_pos=[-1.2239999771118164, 4.104000091552734, -1.0080000162124634, 4.823999881744385, 6.875999927520752, 1.656000018119812] joint_vel=[-174.4199981689453, -97.20000457763672, 94.13999938964844, -167.489990234375, 46.79999923706055, -160.29000854492188] imu_ang_vel=[0.02462535910308361, 0.01687733456492424, 0.03483681008219719] imu_quat_wxyz=[0.39351093769073486, -0.003052954562008381, 0.005123875569552183, -0.9193006157875061] status=0x8a03
joint_pos=[-1.2239999771118164, 4.104000091552734, -1.0080000162124634, 4.823999881744385, 6.875999927520752, 1.656000018119812] joint_vel=[-174.4199981689453, -97.20000457763672, 94.13999938964844, -167.489990234375, 46.79999923706055, -160.29000854492188] imu_ang_vel=[0.027821151539683342, 0.022736288607120514, 0.05028314143419266] imu_quat_wxyz=[0.3938821852207184, -0.0027877497486770153, 0.004962234292179346, -0.9191433787345886] status=0x8a03
joint_pos=[-1.2239999771118164, 4.104000091552734, -1.0080000162124634, 4.823999881744385, 6.875999927520752, 1.656000018119812] joint_vel=[-174.4199981689453, -97.20000457763672, 94.13999938964844, -167.489990234375, 46.79999923706055, -160.29000854492188] imu_ang_vel=[0.037408530712127686, 0.026464713737368584, 0.05241366848349571] imu_quat_wxyz=[0.3943518400192261, -0.0024487474001944065, 0.004773617256432772, -0.9189438819885254] status=0x8a03
joint_pos=[-1.2239999771118164, 4.104000091552734, -1.0080000162124634, 4.823999881744385, 6.875999927520752, 1.656000018119812] joint_vel=[-174.4199981689453, -97.20000457763672, 94.13999938964844, -167.489990234375, 46.79999923706055, -160.29000854492188] imu_ang_vel=[0.029419047757983208, 0.025399450212717056, 0.04548945277929306] imu_quat_wxyz=[0.39481475949287415, -0.0020750148687511683, 0.004575997591018677, -0.918747067451477] status=0x8a03
joint_pos=[-1.2239999771118164, 4.104000091552734, -1.0080000162124634, 4.823999881744385, 6.875999927520752, 1.656000018119812] joint_vel=[-174.4199981689453, -97.20000457763672, 94.13999938964844, -167.489990234375, 46.79999923706055, -160.29000854492188] imu_ang_vel=[0.0251579899340868, 0.021138392388820648, 0.03749996796250343] imu_quat_wxyz=[0.39521145820617676, -0.0017596330726519227, 0.004413193557411432, -0.9185779690742493] status=0x8a03
joint_pos=[-1.2239999771118164, 4.104000091552734, -1.0080000162124634, 4.823999881744385, 6.875999927520752, 1.656000018119812] joint_vel=[-174.4199981689453, -97.20000457763672, 94.13999938964844, -167.489990234375, 46.79999923706055, -160.29000854492188] imu_ang_vel=[0.015037979930639267, 0.012083645910024643, 0.02418416365981102] imu_quat_wxyz=[0.3972267806529999, -0.0009952762629836798, 0.004201933741569519, -0.9177104234695435] status=0x8a03
joint_pos=[-1.2239999771118164, 4.104000091552734, -1.0080000162124634, 4.823999881744385, 6.875999927520752, 1.656000018119812] joint_vel=[-174.4199981689453, -97.20000457763672, 94.13999938964844, -167.489990234375, 46.79999923706055, -160.29000854492188] imu_ang_vel=[0.0038527045398950577, 0.003028898499906063, 0.005542038474231958] imu_quat_wxyz=[0.39740097522735596, -0.0008805978577584028, 0.004140866454690695, -0.9176352620124817] status=0x8a03
joint_pos=[-1.2239999771118164, 4.104000091552734, -1.0080000162124634, 4.823999881744385, 6.875999927520752, 1.656000018119812] joint_vel=[-174.4199981689453, -97.20000457763672, 94.13999938964844, -167.489990234375, 46.79999923706055, -160.29000854492188] imu_ang_vel=[-0.003604145720601082, -0.0038953199982643127, -0.02002430520951748] imu_quat_wxyz=[0.3973747789859772, -0.0008811932057142258, 0.0041381847113370895, -0.9176467657089233] status=0x8a03
joint_pos=[-1.2239999771118164, 4.104000091552734, -1.0080000162124634, 4.823999881744385, 6.875999927520752, 1.656000018119812] joint_vel=[-174.4199981689453, -97.20000457763672, 94.13999938964844, -167.489990234375, 46.79999923706055, -160.29000854492188] imu_ang_vel=[-0.013724157586693764, -0.011352170258760452, -0.03387274220585823] imu_quat_wxyz=[0.39715200662612915, -0.0009881205623969436, 0.004186142235994339, -0.9177428483963013] status=0x8a03
joint_pos=[-1.2239999771118164, 4.104000091552734, -1.0080000162124634, 4.823999881744385, 6.875999927520752, 1.656000018119812] joint_vel=[-174.4199981689453, -97.20000457763672, 94.13999938964844, -167.489990234375, 46.79999923706055, -160.29000854492188] imu_ang_vel=[-0.016919950023293495, -0.015080595389008522, -0.036003269255161285] imu_quat_wxyz=[0.39684170484542847, -0.0011801758082583547, 0.004280042368918657, -0.9178764224052429] status=0x8a03
joint_pos=[-1.2239999771118164, 4.104000091552734, -1.0080000162124634, 4.823999881744385, 6.875999927520752, 1.656000018119812] joint_vel=[-174.4199981689453, -97.20000457763672, 94.13999938964844, -167.489990234375, 46.79999923706055, -160.29000854492188] imu_ang_vel=[-0.01851784624159336, -0.018276387825608253, -0.03760116547346115] imu_quat_wxyz=[0.39810723066329956, -0.0008972618961706758, 0.004315787460654974, -0.9173283576965332] status=0x8a03
joint_pos=[-1.2239999771118164, 4.104000091552734, -1.0080000162124634, 4.823999881744385, 6.875999927520752, 1.656000018119812] joint_vel=[-174.4199981689453, -97.20000457763672, 94.13999938964844, -167.489990234375, 46.79999923706055, -160.29000854492188] imu_ang_vel=[-0.016919950023293495, -0.018809020519256592, -0.03706853464245796] imu_quat_wxyz=[0.3979358375072479, -0.0010251967469230294, 0.004366186447441578, -0.9174022674560547] status=0x8a03
joint_pos=[-1.2239999771118164, 4.104000091552734, -1.0080000162124634, 4.823999881744385, 6.875999927520752, 1.656000018119812] joint_vel=[-174.4199981689453, -97.20000457763672, 94.13999938964844, -167.489990234375, 46.79999923706055, -160.29000854492188] imu_ang_vel=[-0.014789422042667866, -0.01934165321290493, -0.02748115547001362] imu_quat_wxyz=[0.3974630534648895, -0.0014050932368263602, 0.004488798324018717, -0.9176061749458313] status=0x8a03
joint_pos=[-1.2239999771118164, 4.104000091552734, -1.0080000162124634, 4.823999881744385, 6.875999927520752, 1.656000018119812] joint_vel=[-174.4199981689453, -97.20000457763672, 94.13999938964844, -167.489990234375, 46.79999923706055, -160.29000854492188] imu_ang_vel=[-0.009995732456445694, -0.014015330001711845, -0.020556937903165817] imu_quat_wxyz=[0.39724376797676086, -0.0016342385206371546, 0.004551258869469166, -0.917700469493866] status=0x8a03
joint_pos=[-1.2239999771118164, 4.104000091552734, -1.0080000162124634, 4.823999881744385, 6.875999927520752, 1.656000018119812] joint_vel=[-174.4199981689453, -97.20000457763672, 94.13999938964844, -167.489990234375, 46.79999923706055, -160.29000854492188] imu_ang_vel=[-0.006267307326197624, -0.009221641346812248, -0.013632719404995441] imu_quat_wxyz=[0.39707863330841064, -0.0018026698380708694, 0.00458871154114604, -0.9177713990211487] status=0x8a03
joint_pos=[-1.2239999771118164, 4.104000091552734, -1.0080000162124634, 4.823999881744385, 6.875999927520752, 1.656000018119812] joint_vel=[-174.4199981689453, -97.20000457763672, 94.13999938964844, -167.489990234375, 46.79999923706055, -160.29000854492188] imu_ang_vel=[-0.002006249502301216, -0.0038953199982643127, -0.005110605154186487] imu_quat_wxyz=[0.3966067433357239, -0.0019787533674389124, 0.004737271461635828, -0.9179742932319641] status=0x8a03
joint_pos=[-1.2239999771118164, 4.104000091552734, -1.0080000162124634, 4.823999881744385, 6.875999927520752, 1.656000018119812] joint_vel=[-174.4199981689453, -97.20000457763672, 94.13999938964844, -167.489990234375, 46.79999923706055, -160.29000854492188] imu_ang_vel=[0.005450600758194923, -0.0012321588583290577, 0.0034115095622837543] imu_quat_wxyz=[0.3965934216976166, -0.002022077329456806, 0.004719236399978399, -0.9179799556732178] status=0x8a03
joint_pos=[-1.2239999771118164, 4.104000091552734, -1.0080000162124634, 4.823999881744385, 6.875999927520752, 1.656000018119812] joint_vel=[-174.4199981689453, -97.20000457763672, 94.13999938964844, -167.489990234375, 46.79999923706055, -160.29000854492188] imu_ang_vel=[0.008646393194794655, 0.004094162955880165, 0.012998889200389385] imu_quat_wxyz=[0.39666175842285156, -0.0020036499481648207, 0.004674690775573254, -0.9179508090019226] status=0x8a03
joint_pos=[-1.2239999771118164, 4.104000091552734, -1.0080000162124634, 4.823999881744385, 6.875999927520752, 1.656000018119812] joint_vel=[-174.4199981689453, -97.20000457763672, 94.13999938964844, -167.489990234375, 46.79999923706055, -160.29000854492188] imu_ang_vel=[0.007048496976494789, 0.009953116998076439, 0.022053634747862816] imu_quat_wxyz=[0.3968091607093811, -0.0019321098225191236, 0.0046235984191298485, -0.9178875684738159] status=0x8a03
joint_pos=[-1.2239999771118164, 4.104000091552734, -1.0080000162124634, 4.823999881744385, 6.875999927520752, 1.656000018119812] joint_vel=[-174.4199981689453, -97.20000457763672, 94.13999938964844, -167.489990234375, 46.79999923706055, -160.29000854492188] imu_ang_vel=[0.009179025888442993, 0.01634470373392105, 0.026314692571759224] imu_quat_wxyz=[0.39703431725502014, -0.0017983646830543876, 0.004590205382555723, -0.9177905321121216] status=0x8a03
joint_pos=[-1.2239999771118164, 4.104000091552734, -1.0080000162124634, 4.823999881744385, 6.875999927520752, 1.656000018119812] joint_vel=[-174.4199981689453, -97.20000457763672, 94.13999938964844, -167.489990234375, 46.79999923706055, -160.29000854492188] imu_ang_vel=[0.01024428941309452, 0.019540496170520782, 0.029510485008358955] imu_quat_wxyz=[0.3968102037906647, -0.0016781699378043413, 0.004770275205373764, -0.9178867340087891] status=0x8a03
