Log file: /home/cx/robot_deploy/log/2026-07-24_14-05-20.txt
Connected to /dev/ttyACM0 at 921600 baud; loop rate 200 Hz.
joint_pos=[1.0440000295639038, -51.98400115966797, 38.880001068115234, -3.8520002365112305, -18.79199981689453, 29.84400177001953] joint_vel=[-0.0, 0.0, 0.0, 0.0, 0.09000000357627869, -0.0] imu_ang_vel=[0.0017221756279468536, -0.0012321588583290577, -0.005643237382173538] imu_quat_wxyz=[-0.4828663468360901, 0.004670323338359594, 0.00200293748639524, -0.8756793141365051] status=0x8103
motion_test: initial joint positions=[1.044, -51.984, 38.88, -3.852, -18.792, 29.844]
motion_test: holding initial positions
joint_pos=[1.0440000295639038, -51.98400115966797, 38.880001068115234, -3.8520002365112305, -18.79199981689453, 29.84400177001953] joint_vel=[-0.0, 0.0, -0.18000000715255737, 0.0, -0.18000000715255737, -0.0] imu_ang_vel=[0.0006569121032953262, 0.0019636342767626047, -0.006708501372486353] imu_quat_wxyz=[-0.4829407036304474, 0.004670210648328066, 0.0019980682991445065, -0.8756383061408997] status=0x8103
joint_pos=[1.0440000295639038, -51.98400115966797, 38.880001068115234, -3.8520002365112305, -18.756000518798828, 29.84400177001953] joint_vel=[-0.0, 0.0, 0.27000001072883606, 0.0, -0.0, 0.09000000357627869] imu_ang_vel=[0.0017221756279468536, 0.00036573782563209534, -0.005110605154186487] imu_quat_wxyz=[-0.48301494121551514, 0.0046796114183962345, 0.001997583545744419, -0.875597357749939] status=0x8103
joint_pos=[1.0440000295639038, -51.98400115966797, 38.880001068115234, -3.8520002365112305, -18.79199981689453, 29.84400177001953] joint_vel=[-0.0, -0.18000000715255737, 0.09000000357627869, 0.09000000357627869, -0.0, -0.18000000715255737] imu_ang_vel=[0.00012427940964698792, 0.0014310022816061974, -0.005643237382173538] imu_quat_wxyz=[-0.48308664560317993, 0.004675314296036959, 0.0019976540934294462, -0.8755577802658081] status=0x8103
joint_pos=[1.0440000295639038, -51.98400115966797, 38.880001068115234, -3.8520002365112305, -18.79199981689453, 29.84400177001953] joint_vel=[-0.0, -0.09000000357627869, 0.0, -0.09000000357627869, -0.0, 0.09000000357627869] imu_ang_vel=[0.0006569121032953262, 0.0019636342767626047, -0.005643237382173538] imu_quat_wxyz=[-0.48316600918769836, 0.00467693479731679, 0.0019941339269280434, -0.875514030456543] status=0x8103
joint_pos=[1.0440000295639038, -51.98400115966797, 38.880001068115234, -3.8520002365112305, -18.756000518798828, 29.84400177001953] joint_vel=[-0.0, 0.18000000715255737, 0.0, -0.18000000715255737, -0.0, -0.0] imu_ang_vel=[-0.0004083532840013504, 0.0008983700536191463, -0.005643237382173538] imu_quat_wxyz=[-0.4832386374473572, 0.004683032166212797, 0.0019977460615336895, -0.8754739761352539] status=0x8103
joint_pos=[1.0440000295639038, -51.98400115966797, 38.880001068115234, -3.8520002365112305, -18.79199981689453, 29.84400177001953] joint_vel=[-0.0, -0.18000000715255737, 0.0, 0.27000001072883606, -0.27000001072883606, 0.09000000357627869] imu_ang_vel=[0.0006569121032953262, 0.0008983700536191463, -0.006175869610160589] imu_quat_wxyz=[-0.48331472277641296, 0.004683408886194229, 0.0020025030244141817, -0.8754319548606873] status=0x8103
joint_pos=[1.0440000295639038, -51.98400115966797, 38.880001068115234, -3.8520002365112305, -18.756000518798828, 29.84400177001953] joint_vel=[-0.0, -0.27000001072883606, 0.0, -0.09000000357627869, -0.0, -0.09000000357627869] imu_ang_vel=[0.0017221756279468536, 0.0008983700536191463, -0.006708501372486353] imu_quat_wxyz=[-0.4833918511867523, 0.004690232686698437, 0.002004718640819192, -0.8753893375396729] status=0x8103
joint_pos=[1.0440000295639038, -51.98400115966797, 38.880001068115234, -3.8520002365112305, -18.79199981689453, 29.84400177001953] joint_vel=[-0.0, 0.09000000357627869, 0.0, 0.09000000357627869, -0.0, -0.18000000715255737] imu_ang_vel=[0.002254808321595192, 0.0019636342767626047, -0.006175869610160589] imu_quat_wxyz=[-0.48346760869026184, 0.004687871318310499, 0.0020043840631842613, -0.8753474354743958] status=0x8103
joint_pos=[1.0440000295639038, -51.98400115966797, 38.880001068115234, -3.8520002365112305, -18.79199981689453, 29.84400177001953] joint_vel=[-0.0, 0.09000000357627869, 0.0, 0.0, 0.09000000357627869, -0.0] imu_ang_vel=[0.0006569121032953262, 0.0008983700536191463, -0.006708501372486353] imu_quat_wxyz=[-0.4835444688796997, 0.004688600078225136, 0.002005654852837324, -0.8753050565719604] status=0x8103
joint_pos=[1.0440000295639038, -51.98400115966797, 38.880001068115234, -3.8520002365112305, -18.79199981689453, 29.84400177001953] joint_vel=[-0.0, 0.0, 0.0, 0.18000000715255737, -0.18000000715255737, -0.0] imu_ang_vel=[0.0011895429342985153, 0.0014310022816061974, -0.006708501372486353] imu_quat_wxyz=[-0.4836176633834839, 0.004692237824201584, 0.002009864430874586, -0.8752645254135132] status=0x8103
joint_pos=[1.0440000295639038, -51.98400115966797, 38.880001068115234, -3.8520002365112305, -18.79199981689453, 29.84400177001953] joint_vel=[-0.0, -0.27000001072883606, -0.09000000357627869, -0.18000000715255737, -0.09000000357627869, -0.18000000715255737] imu_ang_vel=[0.00012427940964698792, 0.0014310022816061974, -0.005110605154186487] imu_quat_wxyz=[-0.48369070887565613, 0.004692054353654385, 0.002008073963224888, -0.8752240538597107] status=0x8103
joint_pos=[1.0440000295639038, -51.98400115966797, 38.880001068115234, -3.8520002365112305, -18.79199981689453, 29.84400177001953] joint_vel=[-0.0, 0.0, 0.36000001430511475, 0.18000000715255737, 0.18000000715255737, -0.0] imu_ang_vel=[0.002254808321595192, 0.0014310022816061974, -0.005643237382173538] imu_quat_wxyz=[-0.4837692379951477, 0.004697153810411692, 0.0020094693172723055, -0.8751806616783142] status=0x8103
joint_pos=[1.0440000295639038, -51.98400115966797, 38.880001068115234, -3.8520002365112305, -18.79199981689453, 29.84400177001953] joint_vel=[-0.0, -0.18000000715255737, 0.0, 0.27000001072883606, -0.0, -0.0] imu_ang_vel=[0.0006569121032953262, 0.0014310022816061974, -0.005643237382173538] imu_quat_wxyz=[-0.48380663990974426, 0.004693657625466585, 0.002007924485951662, -0.8751600980758667] status=0x8103
joint_pos=[1.0440000295639038, -51.98400115966797, 38.880001068115234, -3.8520002365112305, -18.79199981689453, 29.84400177001953] joint_vel=[-0.0, -0.09000000357627869, -0.18000000715255737, 0.0, -0.0, -0.0] imu_ang_vel=[0.0011895429342985153, 0.0019636342767626047, -0.006708501372486353] imu_quat_wxyz=[-0.48387524485588074, 0.004692846443504095, 0.002012939192354679, -0.8751221299171448] status=0x8103
joint_pos=[1.0440000295639038, -51.98400115966797, 38.880001068115234, -3.8520002365112305, -18.79199981689453, 29.84400177001953] joint_vel=[-0.0, 0.0, 0.0, -0.09000000357627869, -0.09000000357627869, 0.27000001072883606] imu_ang_vel=[0.002787439152598381, 0.0024962665047496557, -0.007241133600473404] imu_quat_wxyz=[-0.4839855432510376, 0.004695133306086063, 0.002009863266721368, -0.87506103515625] status=0x8103
joint_pos=[1.0440000295639038, -51.98400115966797, 38.880001068115234, -3.8520002365112305, -18.79199981689453, 29.84400177001953] joint_vel=[-0.0, 0.0, -0.18000000715255737, -0.09000000357627869, 0.18000000715255737, -0.09000000357627869] imu_ang_vel=[0.0017221756279468536, 0.00036573782563209534, -0.007241133600473404] imu_quat_wxyz=[-0.4840663969516754, 0.004691445734351873, 0.002005483489483595, -0.875016450881958] status=0x8103
joint_pos=[1.0440000295639038, -51.98400115966797, 38.880001068115234, -3.8520002365112305, -18.79199981689453, 29.84400177001953] joint_vel=[-0.0, 0.0, 0.0, 0.18000000715255737, -0.18000000715255737, 0.18000000715255737] imu_ang_vel=[0.0006569121032953262, 0.0014310022816061974, -0.006708501372486353] imu_quat_wxyz=[-0.4841380715370178, 0.0046874163672327995, 0.0020091163460165262, -0.8749768137931824] status=0x8103
joint_pos=[1.0440000295639038, -51.98400115966797, 38.880001068115234, -3.8520002365112305, -18.79199981689453, 29.84400177001953] joint_vel=[-0.0, 0.0, 0.0, 0.09000000357627869, -0.0, -0.18000000715255737] imu_ang_vel=[0.0017221756279468536, 0.00036573782563209534, -0.006175869610160589] imu_quat_wxyz=[-0.48421216011047363, 0.004689015448093414, 0.002017088932916522, -0.8749358057975769] status=0x8103
joint_pos=[1.0440000295639038, -51.98400115966797, 38.880001068115234, -3.8520002365112305, -18.79199981689453, 29.84400177001953] joint_vel=[-0.0, 0.0, 0.09000000357627869, 0.0, -0.0, -0.0] imu_ang_vel=[0.002254808321595192, 0.0014310022816061974, -0.006708501372486353] imu_quat_wxyz=[-0.48428425192832947, 0.004687274806201458, 0.0020161629654467106, -0.8748958706855774] status=0x8103
joint_pos=[1.0440000295639038, -51.98400115966797, 38.880001068115234, -3.8520002365112305, -18.79199981689453, 29.84400177001953] joint_vel=[-0.0, 0.0, 0.27000001072883606, 0.0, -0.0, -0.0] imu_ang_vel=[0.0017221756279468536, 0.0019636342767626047, -0.006708501372486353] imu_quat_wxyz=[-0.4843633770942688, 0.00469166086986661, 0.002017200691625476, -0.8748520016670227] status=0x8103
joint_pos=[1.0440000295639038, -51.98400115966797, 38.880001068115234, -3.8520002365112305, -18.79199981689453, 29.84400177001953] joint_vel=[-0.0, 0.0, 0.0, 0.27000001072883606, -0.0, -0.0] imu_ang_vel=[0.0017221756279468536, -0.00016689440235495567, -0.007241133600473404] imu_quat_wxyz=[-0.48444265127182007, 0.0046900371089577675, 0.002014717785641551, -0.8748081922531128] status=0x8103
joint_pos=[1.0440000295639038, -51.98400115966797, 38.880001068115234, -3.8520002365112305, -18.79199981689453, 29.84400177001953] joint_vel=[-0.0, 0.0, 0.0, 0.0, -0.18000000715255737, -0.0] imu_ang_vel=[0.002787439152598381, 0.0008983700536191463, -0.006708501372486353] imu_quat_wxyz=[-0.4845215380191803, 0.004691961221396923, 0.002018639352172613, -0.8747645020484924] status=0x8103
joint_pos=[1.0440000295639038, -51.98400115966797, 38.880001068115234, -3.8520002365112305, -18.79199981689453, 29.84400177001953] joint_vel=[-0.0, 0.0, -0.18000000715255737, 0.0, -0.18000000715255737, -0.09000000357627869] imu_ang_vel=[0.002876211889088154, 0.0008095978992059827, -0.006886045448482037] imu_quat_wxyz=[-0.48460474610328674, 0.004680170677602291, 0.002004713751375675, -0.8747184872627258] status=0x8103
joint_pos=[1.0440000295639038, -51.98400115966797, 38.880001068115234, -3.8520002365112305, -18.756000518798828, 29.84400177001953] joint_vel=[-0.0, -0.18000000715255737, 0.0, 0.0, 0.18000000715255737, 0.27000001072883606] imu_ang_vel=[0.00012427940964698792, 0.0014310022816061974, -0.006708501372486353] imu_quat_wxyz=[-0.4846852421760559, 0.004681222606450319, 0.0020025114063173532, -0.8746738433837891] status=0x8103
joint_pos=[1.0440000295639038, -51.98400115966797, 38.880001068115234, -3.8520002365112305, -18.79199981689453, 29.84400177001953] joint_vel=[-0.0, 0.0, 0.0, -0.27000001072883606, -0.0, -0.09000000357627869] imu_ang_vel=[0.002254808321595192, 0.0008983700536191463, -0.006708501372486353] imu_quat_wxyz=[-0.48476314544677734, 0.004681907594203949, 0.0020078623201698065, -0.8746306896209717] status=0x8103
joint_pos=[1.0440000295639038, -51.98400115966797, 38.880001068115234, -3.8520002365112305, -18.79199981689453, 29.84400177001953] joint_vel=[-0.0, 0.0, -0.09000000357627869, 0.09000000357627869, 0.09000000357627869, 0.27000001072883606] imu_ang_vel=[0.002254808321595192, 0.0014310022816061974, -0.006708501372486353] imu_quat_wxyz=[-0.4848375916481018, 0.00468443613499403, 0.0020073542837053537, -0.8745894432067871] status=0x8103
joint_pos=[1.0440000295639038, -51.98400115966797, 38.880001068115234, -3.8520002365112305, -18.79199981689453, 29.84400177001953] joint_vel=[-0.0, 0.0, 0.18000000715255737, 0.0, -0.0, -0.0] imu_ang_vel=[0.0006569121032953262, -0.0006995266303420067, -0.006708501372486353] imu_quat_wxyz=[-0.48491373658180237, 0.0046827783808112144, 0.0020134916994720697, -0.8745471835136414] status=0x8103
joint_pos=[1.0440000295639038, -51.98400115966797, 38.880001068115234, -3.8520002365112305, -18.79199981689453, 29.84400177001953] joint_vel=[-0.0, 0.27000001072883606, 0.0, -0.09000000357627869, 0.27000001072883606, -0.0] imu_ang_vel=[0.0017221756279468536, 0.0024962665047496557, -0.006708501372486353] imu_quat_wxyz=[-0.48498666286468506, 0.004684446379542351, 0.002009426476433873, -0.8745067119598389] status=0x8103
joint_pos=[1.0440000295639038, -51.98400115966797, 38.880001068115234, -3.8520002365112305, -18.79199981689453, 29.84400177001953] joint_vel=[-0.0, 0.0, -0.09000000357627869, 0.0, -0.18000000715255737, 0.18000000715255737] imu_ang_vel=[0.002787439152598381, -0.00016689440235495567, -0.005643237382173538] imu_quat_wxyz=[-0.4850634038448334, 0.004691112786531448, 0.002008153358474374, -0.8744640946388245] status=0x8103
joint_pos=[1.0440000295639038, -51.98400115966797, 38.880001068115234, -3.8520002365112305, -18.79199981689453, 29.84400177001953] joint_vel=[-0.0, 0.18000000715255737, 0.0, -0.09000000357627869, 0.27000001072883606, -0.0] imu_ang_vel=[0.002254808321595192, -0.00016689440235495567, -0.006708501372486353] imu_quat_wxyz=[-0.48514029383659363, 0.0046848454512655735, 0.002013291697949171, -0.8744215369224548] status=0x8103
joint_pos=[1.0440000295639038, -51.98400115966797, 38.880001068115234, -3.8520002365112305, -18.79199981689453, 29.84400177001953] joint_vel=[-0.0, 0.0, 0.09000000357627869, -0.18000000715255737, -0.0, -0.18000000715255737] imu_ang_vel=[0.0011895429342985153, 0.0008983700536191463, -0.006708501372486353] imu_quat_wxyz=[-0.48521891236305237, 0.004685624502599239, 0.002011483535170555, -0.874377965927124] status=0x8103
joint_pos=[1.0440000295639038, -51.98400115966797, 38.880001068115234, -3.8520002365112305, -18.756000518798828, 29.84400177001953] joint_vel=[-0.0, -0.27000001072883606, -0.18000000715255737, 0.0, 0.09000000357627869, 0.09000000357627869] imu_ang_vel=[0.0011895429342985153, 0.00036573782563209534, -0.007241133600473404] imu_quat_wxyz=[-0.48530060052871704, 0.0046781818382442, 0.002010442316532135, -0.87433260679245] status=0x8103
joint_pos=[1.0440000295639038, -51.98400115966797, 38.880001068115234, -3.8520002365112305, -18.79199981689453, 29.84400177001953] joint_vel=[-0.0, 0.09000000357627869, 0.0, -0.18000000715255737, -0.0, -0.0] imu_ang_vel=[0.0017221756279468536, 0.0019636342767626047, -0.006175869610160589] imu_quat_wxyz=[-0.4853401482105255, 0.004677858669310808, 0.0020091733895242214, -0.8743106126785278] status=0x8103
joint_pos=[1.0440000295639038, -51.98400115966797, 38.880001068115234, -3.8520002365112305, -18.79199981689453, 29.84400177001953] joint_vel=[-0.0, 0.0, 0.0, 0.0, -0.0, -0.0] imu_ang_vel=[0.0014558592811226845, 0.0013422303600236773, -0.007507449947297573] imu_quat_wxyz=[-0.485458105802536, 0.004673834890127182, 0.002007358707487583, -0.8742452263832092] status=0x8103
joint_pos=[1.0440000295639038, -51.98400115966797, 38.880001068115234, -3.8520002365112305, -18.79199981689453, 29.84400177001953] joint_vel=[-0.0, 0.0, -0.09000000357627869, 0.0, -0.18000000715255737, -0.0] imu_ang_vel=[0.002787439152598381, -0.00016689440235495567, -0.006175869610160589] imu_quat_wxyz=[-0.48553189635276794, 0.004670409951359034, 0.0020048217847943306, -0.8742042183876038] status=0x8103
joint_pos=[1.0440000295639038, -51.98400115966797, 38.880001068115234, -3.8520002365112305, -18.756000518798828, 29.84400177001953] joint_vel=[-0.0, 0.0, -0.09000000357627869, 0.27000001072883606, -0.0, -0.0] imu_ang_vel=[0.0017221756279468536, 0.0024962665047496557, -0.007773765828460455] imu_quat_wxyz=[-0.485602468252182, 0.004669080954045057, 0.0019978052005171776, -0.8741650581359863] status=0x8103
joint_pos=[1.0440000295639038, -51.98400115966797, 38.880001068115234, -3.8520002365112305, -18.79199981689453, 29.84400177001953] joint_vel=[-0.0, 0.0, 0.0, -0.09000000357627869, 0.18000000715255737, -0.18000000715255737] imu_ang_vel=[0.0011895429342985153, -0.00016689440235495567, -0.007241133600473404] imu_quat_wxyz=[-0.48568329215049744, 0.004669241141527891, 0.0019981288351118565, -0.8741201758384705] status=0x8103
joint_pos=[1.0440000295639038, -51.98400115966797, 38.880001068115234, -3.8520002365112305, -18.79199981689453, 29.84400177001953] joint_vel=[-0.0, -0.09000000357627869, 0.0, 0.0, -0.09000000357627869, 0.18000000715255737] imu_ang_vel=[0.002254808321595192, 0.0008983700536191463, -0.006708501372486353] imu_quat_wxyz=[-0.4857616722583771, 0.004661336075514555, 0.0019983414094895124, -0.8740766048431396] status=0x8103
joint_pos=[1.0440000295639038, -51.98400115966797, 38.880001068115234, -3.8520002365112305, -18.79199981689453, 29.84400177001953] joint_vel=[-0.0, 0.09000000357627869, 0.0, 0.0, -0.09000000357627869, -0.27000001072883606] imu_ang_vel=[0.0006569121032953262, 0.0014310022816061974, -0.006175869610160589] imu_quat_wxyz=[-0.4858397841453552, 0.004664747044444084, 0.00200039055198431, -0.8740332126617432] status=0x8103
joint_pos=[1.0440000295639038, -51.98400115966797, 38.880001068115234, -3.8520002365112305, -18.79199981689453, 29.84400177001953] joint_vel=[-0.0, 0.0, 0.0, 0.18000000715255737, -0.27000001072883606, -0.09000000357627869] imu_ang_vel=[0.00012427940964698792, 0.00036573782563209534, -0.007241133600473404] imu_quat_wxyz=[-0.48591673374176025, 0.004664998035877943, 0.0020003861282020807, -0.8739904165267944] status=0x8103
joint_pos=[1.0440000295639038, -51.98400115966797, 38.880001068115234, -3.8520002365112305, -18.79199981689453, 29.84400177001953] joint_vel=[-0.0, 0.18000000715255737, 0.18000000715255737, 0.0, -0.0, -0.0] imu_ang_vel=[0.002787439152598381, 0.0014310022816061974, -0.006175869610160589] imu_quat_wxyz=[-0.48599177598953247, 0.004663566593080759, 0.002000541891902685, -0.8739486336708069] status=0x8103
joint_pos=[1.0440000295639038, -51.98400115966797, 38.880001068115234, -3.8520002365112305, -18.756000518798828, 29.84400177001953] joint_vel=[-0.0, 0.27000001072883606, 0.0, 0.36000001430511475, 0.27000001072883606, -0.0] imu_ang_vel=[0.0017221756279468536, -0.00016689440235495567, -0.006175869610160589] imu_quat_wxyz=[-0.48606908321380615, 0.004666856490075588, 0.0020018962677568197, -0.8739056587219238] status=0x8103
joint_pos=[1.0440000295639038, -51.98400115966797, 38.880001068115234, -3.8520002365112305, -18.79199981689453, 29.84400177001953] joint_vel=[-0.0, -0.18000000715255737, 0.09000000357627869, -0.09000000357627869, -0.0, -0.18000000715255737] imu_ang_vel=[0.0006569121032953262, -0.00016689440235495567, -0.006175869610160589] imu_quat_wxyz=[-0.486106812953949, 0.004662801045924425, 0.002003961708396673, -0.8738846778869629] status=0x8103
joint_pos=[1.0440000295639038, -51.98400115966797, 38.880001068115234, -3.8520002365112305, -18.756000518798828, 29.84400177001953] joint_vel=[-0.0, 0.0, -0.18000000715255737, -0.09000000357627869, -0.0, -0.0] imu_ang_vel=[0.002254808321595192, 0.0019636342767626047, -0.007241133600473404] imu_quat_wxyz=[-0.48622068762779236, 0.004653873387724161, 0.0020037409849464893, -0.8738213777542114] status=0x8103
joint_pos=[1.0440000295639038, -51.98400115966797, 38.880001068115234, -3.8520002365112305, -18.756000518798828, 29.84400177001953] joint_vel=[-0.0, 0.09000000357627869, 0.0, -0.09000000357627869, 0.18000000715255737, -0.0] imu_ang_vel=[0.0006569121032953262, 0.00036573782563209534, -0.004577972926199436] imu_quat_wxyz=[-0.4863012135028839, 0.004654864314943552, 0.0020028233993798494, -0.8737765550613403] status=0x8103
joint_pos=[1.0440000295639038, -51.98400115966797, 38.880001068115234, -3.8520002365112305, -18.79199981689453, 29.84400177001953] joint_vel=[-0.0, 0.0, -0.18000000715255737, 0.0, -0.18000000715255737, 0.09000000357627869] imu_ang_vel=[0.002787439152598381, 0.0008983700536191463, -0.005643237382173538] imu_quat_wxyz=[-0.48637014627456665, 0.004658315796405077, 0.0020030266605317593, -0.8737382888793945] status=0x8103
joint_pos=[1.0440000295639038, -51.98400115966797, 38.880001068115234, -3.8520002365112305, -18.79199981689453, 29.84400177001953] joint_vel=[-0.0, 0.09000000357627869, 0.18000000715255737, -0.09000000357627869, -0.0, -0.09000000357627869] imu_ang_vel=[0.002254808321595192, -0.00016689440235495567, -0.007241133600473404] imu_quat_wxyz=[-0.486450731754303, 0.004659885540604591, 0.002004071371629834, -0.8736932873725891] status=0x8103
joint_pos=[1.0440000295639038, -51.98400115966797, 38.880001068115234, -3.8520002365112305, -18.79199981689453, 29.84400177001953] joint_vel=[-0.0, 0.0, 0.09000000357627869, 0.0, -0.0, 0.09000000357627869] imu_ang_vel=[0.0011895429342985153, 0.0019636342767626047, -0.005110605154186487] imu_quat_wxyz=[-0.48652276396751404, 0.004661887884140015, 0.0020052699837833643, -0.8736532330513] status=0x8103
joint_pos=[1.0440000295639038, -51.98400115966797, 38.880001068115234, -3.8520002365112305, -18.79199981689453, 29.84400177001953] joint_vel=[-0.0, 0.0, 0.0, 0.27000001072883606, 0.27000001072883606, 0.09000000357627869] imu_ang_vel=[0.0006569121032953262, 0.00036573782563209534, -0.007241133600473404] imu_quat_wxyz=[-0.48659464716911316, 0.0046679251827299595, 0.0020032934844493866, -0.8736130595207214] status=0x8103
joint_pos=[1.0440000295639038, -51.98400115966797, 38.880001068115234, -3.8520002365112305, -18.79199981689453, 29.84400177001953] joint_vel=[-0.0, 0.0, 0.0, 0.0, -0.18000000715255737, 0.18000000715255737] imu_ang_vel=[0.0017221756279468536, 0.00036573782563209534, -0.006175869610160589] imu_quat_wxyz=[-0.4866762161254883, 0.004667588043957949, 0.0020082066766917706, -0.8735676407814026] status=0x8103
joint_pos=[1.0440000295639038, -51.98400115966797, 38.880001068115234, -3.8520002365112305, -18.79199981689453, 29.84400177001953] joint_vel=[-0.0, 0.0, -0.36000001430511475, -0.09000000357627869, 0.18000000715255737, -0.0] imu_ang_vel=[-0.0014736177399754524, 0.0024962665047496557, -0.005643237382173538] imu_quat_wxyz=[-0.48675116896629333, 0.004663512576371431, 0.0020090783946216106, -0.8735259175300598] status=0x8103
joint_pos=[1.0440000295639038, -51.98400115966797, 38.880001068115234, -3.8520002365112305, -18.79199981689453, 29.84400177001953] joint_vel=[-0.0, 0.0, 0.0, 0.18000000715255737, 0.27000001072883606, -0.0] imu_ang_vel=[0.0017221756279468536, 0.0014310022816061974, -0.006175869610160589] imu_quat_wxyz=[-0.4868355691432953, 0.004672445356845856, 0.002014685422182083, -0.8734789490699768] status=0x8103
joint_pos=[1.0440000295639038, -51.98400115966797, 38.880001068115234, -3.8520002365112305, -18.79199981689453, 29.84400177001953] joint_vel=[-0.0, -0.09000000357627869, 0.0, 0.0, -1.2599999904632568, -0.0] imu_ang_vel=[0.0033200718462467194, 0.00036573782563209534, -0.005643237382173538] imu_quat_wxyz=[-0.486909419298172, 0.004668888635933399, 0.0020104614086449146, -0.8734377026557922] status=0x8103
joint_pos=[1.0440000295639038, -51.98400115966797, 38.880001068115234, -3.8520002365112305, -18.79199981689453, 29.84400177001953] joint_vel=[-0.0, 0.0, 0.0, 0.0, -0.0, -0.0] imu_ang_vel=[0.0011895429342985153, -0.0006995266303420067, -0.005643237382173538] imu_quat_wxyz=[-0.48694413900375366, 0.004667615983635187, 0.0020079193636775017, -0.8734182715415955] status=0x8103
joint_pos=[1.0440000295639038, -51.98400115966797, 38.880001068115234, -3.8520002365112305, -18.756000518798828, 29.84400177001953] joint_vel=[-0.0, 0.0, 0.0, 0.0, -0.0, -0.0] imu_ang_vel=[0.0011007720604538918, 0.00116468605119735, -0.005909553728997707] imu_quat_wxyz=[-0.4870574474334717, 0.0046631284058094025, 0.002021038206294179, -0.8733551502227783] status=0x8103
joint_pos=[1.0440000295639038, -51.98400115966797, 38.880001068115234, -3.8520002365112305, -18.79199981689453, 29.84400177001953] joint_vel=[-0.0, 0.0, 0.0, 0.0, -0.0, 0.18000000715255737] imu_ang_vel=[0.00012427940964698792, 0.0019636342767626047, -0.006708501372486353] imu_quat_wxyz=[-0.48712873458862305, 0.004666267894208431, 0.002016601851209998, -0.8733155131340027] status=0x8103
joint_pos=[1.0440000295639038, -51.98400115966797, 38.880001068115234, -3.8520002365112305, -18.79199981689453, 29.84400177001953] joint_vel=[-0.0, 0.09000000357627869, 0.27000001072883606, 0.18000000715255737, -0.0, -0.0] imu_ang_vel=[0.002254808321595192, 0.0008983700536191463, -0.007773765828460455] imu_quat_wxyz=[-0.4872041344642639, 0.00466784555464983, 0.002021696651354432, -0.8732734322547913] status=0x8103
joint_pos=[1.0440000295639038, -51.98400115966797, 38.880001068115234, -3.8520002365112305, -18.79199981689453, 29.84400177001953] joint_vel=[-0.0, 0.0, -0.18000000715255737, -0.18000000715255737, -0.09000000357627869, -0.0] imu_ang_vel=[0.002254808321595192, 0.0019636342767626047, -0.006175869610160589] imu_quat_wxyz=[-0.4872845709323883, 0.004666738677769899, 0.002023571403697133, -0.8732285499572754] status=0x8103
joint_pos=[1.0440000295639038, -51.98400115966797, 38.880001068115234, -3.8520002365112305, -18.79199981689453, 29.84400177001953] joint_vel=[-0.0, 0.09000000357627869, -0.27000001072883606, 0.09000000357627869, -0.0, 0.09000000357627869] imu_ang_vel=[0.0017221756279468536, 0.0024962665047496557, -0.006708501372486353] imu_quat_wxyz=[-0.487359881401062, 0.004665592685341835, 0.002023325301706791, -0.8731863498687744] status=0x8103
joint_pos=[1.0440000295639038, -51.98400115966797, 38.880001068115234, -3.8520002365112305, -18.79199981689453, 29.84400177001953] joint_vel=[-0.0, 0.0, 0.09000000357627869, -0.18000000715255737, -0.0, -0.09000000357627869] imu_ang_vel=[0.002254808321595192, 0.0019636342767626047, -0.006175869610160589] imu_quat_wxyz=[-0.48743975162506104, 0.004668741021305323, 0.0020194321405142546, -0.873141884803772] status=0x8103
joint_pos=[1.0440000295639038, -51.98400115966797, 38.880001068115234, -3.8520002365112305, -18.79199981689453, 29.84400177001953] joint_vel=[-0.0, -0.09000000357627869, -0.09000000357627869, 0.0, -0.0, 0.09000000357627869] imu_ang_vel=[0.0017221756279468536, 0.00036573782563209534, -0.005110605154186487] imu_quat_wxyz=[-0.4875142276287079, 0.004666714463382959, 0.002019421197474003, -0.873100221157074] status=0x8103
joint_pos=[1.0440000295639038, -51.98400115966797, 38.880001068115234, -3.8520002365112305, -18.756000518798828, 29.84400177001953] joint_vel=[-0.0, 0.09000000357627869, 0.09000000357627869, 0.09000000357627869, 0.09000000357627869, -0.09000000357627869] imu_ang_vel=[0.002787439152598381, 0.0008983700536191463, -0.005643237382173538] imu_quat_wxyz=[-0.4875876009464264, 0.0046680159866809845, 0.0020226293709129095, -0.8730593323707581] status=0x8103
joint_pos=[1.0440000295639038, -51.98400115966797, 38.880001068115234, -3.8520002365112305, -18.79199981689453, 29.84400177001953] joint_vel=[-0.0, -0.18000000715255737, 0.09000000357627869, 0.0, -0.27000001072883606, -0.0] imu_ang_vel=[0.002254808321595192, 0.0008983700536191463, -0.006708501372486353] imu_quat_wxyz=[-0.487668514251709, 0.004661184269934893, 0.00202089361846447, -0.8730141520500183] status=0x8103
joint_pos=[1.0440000295639038, -51.98400115966797, 38.880001068115234, -3.8520002365112305, -18.79199981689453, 29.84400177001953] joint_vel=[-0.0, 0.0, 0.09000000357627869, 0.0, -0.18000000715255737, 0.18000000715255737] imu_ang_vel=[0.002787439152598381, 0.0008983700536191463, -0.008306398056447506] imu_quat_wxyz=[-0.48770591616630554, 0.0046639516949653625, 0.002017881954088807, -0.8729932904243469] status=0x8103
joint_pos=[1.0440000295639038, -51.98400115966797, 38.880001068115234, -3.8520002365112305, -18.756000518798828, 29.84400177001953] joint_vel=[-0.0, 0.18000000715255737, 0.0, 0.18000000715255737, 0.09000000357627869, 0.09000000357627869] imu_ang_vel=[0.00118954386562109, 0.0005432820180431008, -0.006619729567319155] imu_quat_wxyz=[-0.48782050609588623, 0.00466090627014637, 0.0020126565359532833, -0.8729292750358582] status=0x8103
joint_pos=[1.0440000295639038, -51.98400115966797, 38.880001068115234, -3.8520002365112305, -18.79199981689453, 29.84400177001953] joint_vel=[-0.0, 0.0, 0.0, 0.0, 0.09000000357627869, -0.27000001072883606] imu_ang_vel=[0.00012427940964698792, 0.0024962665047496557, -0.006175869610160589] imu_quat_wxyz=[-0.487895667552948, 0.004657765384763479, 0.002018854022026062, -0.8728871941566467] status=0x8103
joint_pos=[1.0440000295639038, -51.98400115966797, 38.880001068115234, -3.8520002365112305, -18.79199981689453, 29.84400177001953] joint_vel=[-0.0, 0.18000000715255737, -0.18000000715255737, 0.0, 0.09000000357627869, -0.0] imu_ang_vel=[0.0006569121032953262, 0.0019636342767626047, -0.006708501372486353] imu_quat_wxyz=[-0.487972617149353, 0.004656930919736624, 0.002016908023506403, -0.8728442192077637] status=0x8103
joint_pos=[1.0440000295639038, -51.98400115966797, 38.880001068115234, -3.8520002365112305, -18.79199981689453, 29.84400177001953] joint_vel=[-0.0, 0.0, 0.0, 0.27000001072883606, 0.18000000715255737, 0.18000000715255737] imu_ang_vel=[-0.0004083532840013504, 0.0008983700536191463, -0.006175869610160589] imu_quat_wxyz=[-0.4880470633506775, 0.004664312582463026, 0.0020152218639850616, -0.8728025555610657] status=0x8103
joint_pos=[1.0440000295639038, -51.98400115966797, 38.880001068115234, -3.8520002365112305, -18.756000518798828, 29.84400177001953] joint_vel=[-0.0, 0.09000000357627869, 0.0, 0.09000000357627869, 0.09000000357627869, 0.18000000715255737] imu_ang_vel=[0.0006569121032953262, -0.00016689440235495567, -0.006175869610160589] imu_quat_wxyz=[-0.4881170094013214, 0.004667964763939381, 0.0020153215155005455, -0.8727633357048035] status=0x8103
joint_pos=[1.0440000295639038, -51.98400115966797, 38.880001068115234, -3.8520002365112305, -18.756000518798828, 29.84400177001953] joint_vel=[-0.0, 0.09000000357627869, 0.0, -0.18000000715255737, -0.0, -0.0] imu_ang_vel=[0.0006569121032953262, 0.00036573782563209534, -0.005643237382173538] imu_quat_wxyz=[-0.4881901443004608, 0.004662139341235161, 0.0020171692594885826, -0.8727225661277771] status=0x8103
joint_pos=[1.0440000295639038, -51.98400115966797, 38.880001068115234, -3.8520002365112305, -18.79199981689453, 29.84400177001953] joint_vel=[-0.0, 0.0, 0.0, -0.18000000715255737, -0.0, -0.09000000357627869] imu_ang_vel=[0.002787439152598381, 0.0008983700536191463, -0.007241133600473404] imu_quat_wxyz=[-0.48826560378074646, 0.00466284342110157, 0.002018427010625601, -0.8726803660392761] status=0x8103
joint_pos=[1.0440000295639038, -51.98400115966797, 38.880001068115234, -3.8520002365112305, -18.756000518798828, 29.84400177001953] joint_vel=[-0.0, 0.0, 0.09000000357627869, 0.0, 0.09000000357627869, -0.0] imu_ang_vel=[0.0006569121032953262, 0.0019636342767626047, -0.005643237382173538] imu_quat_wxyz=[-0.48834237456321716, 0.004668248817324638, 0.0020140083506703377, -0.8726373314857483] status=0x8103
joint_pos=[1.0440000295639038, -51.98400115966797, 38.880001068115234, -3.8520002365112305, -18.79199981689453, 29.84400177001953] joint_vel=[-0.0, 0.0, 0.0, 0.0, -0.0, -0.0] imu_ang_vel=[0.0011895429342985153, 0.0014310022816061974, -0.006175869610160589] imu_quat_wxyz=[-0.48841753602027893, 0.004674691706895828, 0.002014044439420104, -0.8725953102111816] status=0x8103
joint_pos=[1.0440000295639038, -51.98400115966797, 38.880001068115234, -3.8520002365112305, -18.79199981689453, 29.84400177001953] joint_vel=[0.27000001072883606, 0.09000000357627869, 0.0, 0.0, -0.0, -0.0] imu_ang_vel=[0.002077263779938221, 9.9421595223248e-05, -0.005998325068503618] imu_quat_wxyz=[-0.48849692940711975, 0.004670712165534496, 0.002015151083469391, -0.8725508451461792] status=0x8103
joint_pos=[1.0440000295639038, -51.98400115966797, 38.880001068115234, -3.8520002365112305, -18.756000518798828, 29.84400177001953] joint_vel=[-0.0, 0.0, 0.0, 0.0, 0.09000000357627869, -0.0] imu_ang_vel=[0.0017221756279468536, 0.0014310022816061974, -0.005643237382173538] imu_quat_wxyz=[-0.48857155442237854, 0.004664464853703976, 0.0020121620036661625, -0.8725090622901917] status=0x8103
joint_pos=[1.0440000295639038, -51.98400115966797, 38.880001068115234, -3.8520002365112305, -18.79199981689453, 29.84400177001953] joint_vel=[-0.0, 0.0, 0.0, 0.0, -0.18000000715255737, -0.0] imu_ang_vel=[0.0017221756279468536, 0.0014310022816061974, -0.007241133600473404] imu_quat_wxyz=[-0.48864689469337463, 0.004667987115681171, 0.0020098125096410513, -0.8724669218063354] status=0x8103
joint_pos=[1.0440000295639038, -51.98400115966797, 38.880001068115234, -3.8520002365112305, -18.79199981689453, 29.84400177001953] joint_vel=[-0.0, 0.0, -0.27000001072883606, 0.0, -0.18000000715255737, -0.18000000715255737] imu_ang_vel=[0.0011895429342985153, 0.0014310022816061974, -0.005643237382173538] imu_quat_wxyz=[-0.4887268841266632, 0.004672554321587086, 0.0020089303143322468, -0.8724220395088196] status=0x8103
joint_pos=[1.0440000295639038, -51.98400115966797, 38.880001068115234, -3.8520002365112305, -18.79199981689453, 29.84400177001953] joint_vel=[-0.0, 0.0, 0.09000000357627869, -0.09000000357627869, -0.0, 0.09000000357627869] imu_ang_vel=[0.0006569121032953262, 0.0008983700536191463, -0.006708501372486353] imu_quat_wxyz=[-0.488799124956131, 0.004676461219787598, 0.0020057011861354113, -0.8723815679550171] status=0x8103
joint_pos=[1.0440000295639038, -51.98400115966797, 38.880001068115234, -3.8520002365112305, -18.79199981689453, 29.84400177001953] joint_vel=[-0.0, -0.18000000715255737, 0.0, -0.09000000357627869, -0.27000001072883606, -0.0] imu_ang_vel=[0.0011895429342985153, 0.0014310022816061974, -0.007241133600473404] imu_quat_wxyz=[-0.4888843595981598, 0.004673326853662729, 0.002010170603170991, -0.8723337650299072] status=0x8103
joint_pos=[1.0440000295639038, -51.98400115966797, 38.880001068115234, -3.8520002365112305, -18.79199981689453, 29.84400177001953] joint_vel=[-0.0, 0.0, 0.0, 0.0, -0.0, -0.18000000715255737] imu_ang_vel=[0.002787439152598381, 0.0008983700536191463, -0.005110605154186487] imu_quat_wxyz=[-0.48895981907844543, 0.0046720500104129314, 0.0020115235820412636, -0.8722915053367615] status=0x8103
joint_pos=[1.0440000295639038, -51.98400115966797, 38.880001068115234, -3.8520002365112305, -18.79199981689453, 29.84400177001953] joint_vel=[-0.0, 0.0, 0.0, 0.09000000357627869, -0.09000000357627869, -0.0] imu_ang_vel=[0.0017221756279468536, 0.0008983700536191463, -0.006708501372486353] imu_quat_wxyz=[-0.48903539776802063, 0.004668528214097023, 0.002011588541790843, -0.872249186038971] status=0x8103
joint_pos=[1.0440000295639038, -51.98400115966797, 38.880001068115234, -3.8520002365112305, -18.756000518798828, 29.84400177001953] joint_vel=[-0.0, 0.0, 0.0, 0.27000001072883606, 0.18000000715255737, 0.09000000357627869] imu_ang_vel=[0.002254808321595192, 0.0024962665047496557, -0.007241133600473404] imu_quat_wxyz=[-0.4891112148761749, 0.0046667857095599174, 0.0020134607329964638, -0.8722066879272461] status=0x8103
joint_pos=[1.0440000295639038, -51.98400115966797, 38.880001068115234, -3.8520002365112305, -18.79199981689453, 29.84400177001953] joint_vel=[-0.0, 0.0, -0.18000000715255737, 0.0, -0.0, -0.18000000715255737] imu_ang_vel=[0.0006569121032953262, -0.00016689440235495567, -0.006708501372486353] imu_quat_wxyz=[-0.489147812128067, 0.004670394584536552, 0.0020114947110414505, -0.8721861243247986] status=0x8103
joint_pos=[1.0440000295639038, -51.98400115966797, 38.880001068115234, -3.8520002365112305, -18.79199981689453, 29.84400177001953] joint_vel=[-0.0, 0.0, 0.0, 0.09000000357627869, -0.0, -0.0] imu_ang_vel=[0.0017221756279468536, -0.00016689440235495567, -0.006442185491323471] imu_quat_wxyz=[-0.48926448822021484, 0.004664369858801365, 0.0020185683388262987, -0.8721206784248352] status=0x8103
joint_pos=[1.0440000295639038, -51.98400115966797, 38.880001068115234, -3.8520002365112305, -18.756000518798828, 29.84400177001953] joint_vel=[-0.0, 0.09000000357627869, 0.09000000357627869, -0.18000000715255737, 0.09000000357627869, 0.09000000357627869] imu_ang_vel=[0.0006569121032953262, 0.003028898499906063, -0.005643237382173538] imu_quat_wxyz=[-0.4893379509449005, 0.00466880202293396, 0.0020123845897614956, -0.8720794320106506] status=0x8103
joint_pos=[1.0440000295639038, -51.98400115966797, 38.880001068115234, -3.8520002365112305, -18.79199981689453, 29.84400177001953] joint_vel=[-0.0, 0.0, 0.0, 0.0, -0.0, 0.09000000357627869] imu_ang_vel=[0.0017221756279468536, 0.0008983700536191463, -0.007241133600473404] imu_quat_wxyz=[-0.4894172251224518, 0.00467643141746521, 0.002013330813497305, -0.8720349669456482] status=0x8103
joint_pos=[1.0440000295639038, -51.98400115966797, 38.880001068115234, -3.8520002365112305, -18.79199981689453, 29.84400177001953] joint_vel=[-0.0, 0.18000000715255737, 0.0, 0.27000001072883606, -0.0, -0.0] imu_ang_vel=[0.0011895429342985153, 0.0014310022816061974, -0.003512708470225334] imu_quat_wxyz=[-0.48949429392814636, 0.004675871692597866, 0.002013267483562231, -0.8719916343688965] status=0x8103
joint_pos=[1.0440000295639038, -51.98400115966797, 38.880001068115234, -3.8520002365112305, -18.79199981689453, 29.84400177001953] joint_vel=[-0.0, -0.27000001072883606, 0.0, 0.0, -0.09000000357627869, -0.27000001072883606] imu_ang_vel=[0.0006569121032953262, 0.0008983700536191463, -0.007773765828460455] imu_quat_wxyz=[-0.4895581603050232, 0.004679136443883181, 0.0020108241587877274, -0.8719558715820312] status=0x8103
joint_pos=[1.0440000295639038, -51.98400115966797, 38.880001068115234, -3.8520002365112305, -18.756000518798828, 29.84400177001953] joint_vel=[-0.0, 0.0, -0.09000000357627869, 0.0, -0.0, -0.0] imu_ang_vel=[0.002787439152598381, 0.0008983700536191463, -0.007773765828460455] imu_quat_wxyz=[-0.4896371066570282, 0.004680688492953777, 0.002011369913816452, -0.8719114661216736] status=0x8103
joint_pos=[1.0440000295639038, -51.98400115966797, 38.880001068115234, -3.8520002365112305, -18.79199981689453, 29.84400177001953] joint_vel=[-0.0, 0.0, 0.0, 0.0, -0.0, -0.09000000357627869] imu_ang_vel=[0.0011895429342985153, 0.0019636342767626047, -0.006175869610160589] imu_quat_wxyz=[-0.4897138476371765, 0.004684345331043005, 0.0020079275127500296, -0.8718682527542114] status=0x8103
joint_pos=[1.0440000295639038, -51.98400115966797, 38.880001068115234, -3.8520002365112305, -18.756000518798828, 29.84400177001953] joint_vel=[-0.0, 0.0, 0.27000001072883606, -0.09000000357627869, -0.0, -0.18000000715255737] imu_ang_vel=[0.0017221756279468536, 0.00036573782563209534, -0.008306398056447506] imu_quat_wxyz=[-0.48979097604751587, 0.004687741864472628, 0.002009466290473938, -0.8718249797821045] status=0x8103
joint_pos=[1.0440000295639038, -51.98400115966797, 38.880001068115234, -3.8520002365112305, -18.79199981689453, 29.84400177001953] joint_vel=[-0.0, 0.0, 0.36000001430511475, -0.18000000715255737, 0.09000000357627869, -0.0] imu_ang_vel=[0.002254808321595192, 0.0014310022816061974, -0.006175869610160589] imu_quat_wxyz=[-0.4898710548877716, 0.004681124817579985, 0.0020095170475542545, -0.8717801570892334] status=0x8103
joint_pos=[1.0440000295639038, -51.98400115966797, 38.880001068115234, -3.8520002365112305, -18.79199981689453, 29.84400177001953] joint_vel=[-0.0, 0.0, 0.0, -0.18000000715255737, -0.27000001072883606, -0.0] imu_ang_vel=[0.0006569121032953262, 0.0019636342767626047, -0.006175869610160589] imu_quat_wxyz=[-0.48994553089141846, 0.004677831660956144, 0.002006145194172859, -0.8717382550239563] status=0x8103
joint_pos=[1.0440000295639038, -51.98400115966797, 38.880001068115234, -3.8520002365112305, -18.79199981689453, 29.84400177001953] joint_vel=[-0.0, 0.18000000715255737, 0.0, -0.18000000715255737, -0.18000000715255737, -0.09000000357627869] imu_ang_vel=[0.0017221756279468536, 0.0019636342767626047, -0.007773765828460455] imu_quat_wxyz=[-0.4899861812591553, 0.004681114573031664, 0.0020059021189808846, -0.8717153668403625] status=0x8103
joint_pos=[1.0440000295639038, -51.98400115966797, 38.880001068115234, -3.8520002365112305, -18.756000518798828, 29.84400177001953] joint_vel=[-0.0, 0.09000000357627869, 0.18000000715255737, 0.09000000357627869, -0.0, -0.0] imu_ang_vel=[0.0025211237370967865, 0.0019636342767626047, -0.006974817719310522] imu_quat_wxyz=[-0.490109384059906, 0.004678830038756132, 0.0020007994025945663, -0.8716461658477783] status=0x8103
joint_pos=[1.0440000295639038, -51.98400115966797, 38.880001068115234, -3.8520002365112305, -18.79199981689453, 29.84400177001953] joint_vel=[-0.0, 0.0, 0.0, -0.18000000715255737, -0.0, -0.0] imu_ang_vel=[0.0011895429342985153, -0.0012321583926677704, -0.006175869610160589] imu_quat_wxyz=[-0.490183025598526, 0.004677579738199711, 0.002002640161663294, -0.8716046810150146] status=0x8103
joint_pos=[1.0440000295639038, -51.98400115966797, 38.880001068115234, -3.8520002365112305, -18.79199981689453, 29.84400177001953] joint_vel=[-0.0, 0.0, 0.0, 0.0, -0.0, -0.0] imu_ang_vel=[0.002254808321595192, 0.0019636342767626047, -0.006175869610160589] imu_quat_wxyz=[-0.4902632534503937, 0.004673883784562349, 0.0020056283101439476, -0.8715595006942749] status=0x8103
joint_pos=[1.0440000295639038, -51.98400115966797, 38.880001068115234, -3.8520002365112305, -18.756000518798828, 29.84400177001953] joint_vel=[-0.0, -0.09000000357627869, 0.0, -0.09000000357627869, -0.0, -0.0] imu_ang_vel=[0.0006569121032953262, 0.0024962665047496557, -0.006708501372486353] imu_quat_wxyz=[-0.4903404712677002, 0.004671471659094095, 0.0019972925074398518, -0.8715161681175232] status=0x8103
joint_pos=[1.0440000295639038, -51.98400115966797, 38.880001068115234, -3.8520002365112305, -18.79199981689453, 29.84400177001953] joint_vel=[-0.0, -0.18000000715255737, 0.0, 0.27000001072883606, 0.09000000357627869, 0.09000000357627869] imu_ang_vel=[0.0006569121032953262, 0.00036573782563209534, -0.006708501372486353] imu_quat_wxyz=[-0.4904192388057709, 0.004677330143749714, 0.001994628692045808, -0.8714718222618103] status=0x8103
joint_pos=[1.0440000295639038, -51.98400115966797, 38.880001068115234, -3.8520002365112305, -18.756000518798828, 29.84400177001953] joint_vel=[-0.0, -0.09000000357627869, 0.0, 0.0, -0.0, -0.0] imu_ang_vel=[0.0011895429342985153, 0.00036573782563209534, -0.006175869610160589] imu_quat_wxyz=[-0.49049314856529236, 0.004674629308283329, 0.0019934512674808502, -0.8714302182197571] status=0x8103
motion_test: joint 1 -> 21.044 deg
joint_pos=[1.0440000295639038, -51.98400115966797, 38.880001068115234, -3.8520002365112305, -18.79199981689453, 29.84400177001953] joint_vel=[-0.0, 0.0, 0.0, -0.09000000357627869, -0.0, -0.0] imu_ang_vel=[0.0011895429342985153, -0.0006995266303420067, -0.008306398056447506] imu_quat_wxyz=[-0.490568608045578, 0.004676310811191797, 0.0019987255800515413, -0.8713877201080322] status=0x8103
joint_pos=[1.0440000295639038, -51.98400115966797, 38.880001068115234, -3.8520002365112305, -18.756000518798828, 29.84400177001953] joint_vel=[-0.0, 0.0, 0.0, 0.0, 0.18000000715255737, 0.18000000715255737] imu_ang_vel=[-0.14049062132835388, 0.3311302959918976, 0.04495682194828987] imu_quat_wxyz=[-0.49064987897872925, 0.004689121153205633, 0.0019921534694731236, -0.8713419437408447] status=0x8103
joint_pos=[8.279999732971191, -51.98400115966797, 38.880001068115234, -2.628000020980835, -18.756000518798828, 29.84400177001953] joint_vel=[479.8799743652344, -1.1700000762939453, -0.8999999761581421, 127.07999420166016, 1.2599999904632568, -0.36000001430511475] imu_ang_vel=[-1.1221317052841187, 3.3436977863311768, 5.23705530166626] imu_quat_wxyz=[-0.4745892882347107, 0.032217130064964294, -0.0072396015748381615, -0.8795877695083618] status=0x8103
joint_pos=[17.711999893188477, -51.98400115966797, 38.880001068115234, -2.124000072479248, -18.756000518798828, 29.808000564575195] joint_vel=[454.1400146484375, -0.27000001072883606, -0.7200000286102295, 10.710000038146973, 0.09000000357627869, 0.18000000715255737] imu_ang_vel=[1.6235870122909546, 2.3806989192962646, 3.869788408279419] imu_quat_wxyz=[-0.43374907970428467, 0.058282896876335144, -0.02556224726140499, -0.8987833857536316] status=0x8103
joint_pos=[21.851999282836914, -51.98400115966797, 38.880001068115234, -2.375999927520752, -18.756000518798828, 29.84400177001953] joint_vel=[16.020000457763672, -0.809999942779541, -0.09000000357627869, -21.690000534057617, -0.44999998807907104, -0.0] imu_ang_vel=[-0.3167918622493744, -1.4127074480056763, 3.1704423427581787] imu_quat_wxyz=[-0.40163639187812805, 0.06228233501315117, -0.04136635735630989, -0.912742018699646] status=0x8103
joint_pos=[22.8960018157959, -51.98400115966797, 38.880001068115234, -3.9600000381469727, -18.756000518798828, 29.84400177001953] joint_vel=[23.1299991607666, -0.809999942779541, 2.3400001525878906, -42.65999984741211, 0.09000000357627869, -0.36000001430511475] imu_ang_vel=[-0.9911041855812073, -1.1543807983398438, 0.7650755047798157] imu_quat_wxyz=[-0.3854743242263794, 0.05145137757062912, -0.03649868071079254, -0.9205597639083862] status=0x8103
joint_pos=[22.751998901367188, -51.98400115966797, 38.880001068115234, -4.211999893188477, -18.756000518798828, 29.84400177001953] joint_vel=[-21.329999923706055, 0.27000001072883606, -0.7200000286102295, -0.18000000715255737, -0.0, -0.18000000715255737] imu_ang_vel=[-0.6853733062744141, -1.6326844692230225, -0.7348167300224304] imu_quat_wxyz=[-0.3831939399242401, 0.044453978538513184, -0.021141691133379936, -0.9223552346229553] status=0x8103
joint_pos=[22.392000198364258, -51.98400115966797, 38.880001068115234, -4.139999866485596, -18.756000518798828, 29.84400177001953] joint_vel=[-15.930000305175781, 0.36000001430511475, 0.6299999952316284, 2.609999895095825, -0.0, 0.18000000715255737] imu_ang_vel=[-0.16401520371437073, -1.9566137790679932, -1.6765103340148926] imu_quat_wxyz=[-0.3939613699913025, 0.029443826526403427, -0.010003157891333103, -0.9186007976531982] status=0x8103
joint_pos=[21.851999282836914, -51.98400115966797, 38.880001068115234, -4.068000316619873, -18.79199981689453, 29.84400177001953] joint_vel=[-8.730000495910645, 0.27000001072883606, -0.18000000715255737, 7.46999979019165, -1.709999918937683, -0.36000001430511475] imu_ang_vel=[-0.07071579992771149, -0.26115667819976807, -0.9223031401634216] imu_quat_wxyz=[-0.4081810712814331, 0.02952287532389164, -0.009932197630405426, -0.9123694896697998] status=0x8103
joint_pos=[21.420000076293945, -51.98400115966797, 38.736000061035156, -3.7799999713897705, -18.79199981689453, 29.84400177001953] joint_vel=[-8.460000038146973, -0.6299999952316284, 3.1500000953674316, -7.289999961853027, 1.2599999904632568, 0.36000001430511475] imu_ang_vel=[-0.05100841075181961, -0.6238791346549988, 0.15361377596855164] imu_quat_wxyz=[-0.40941277146339417, 0.026031402871012688, -0.007321534212678671, -0.9119484424591064] status=0x8103
joint_pos=[21.34800148010254, -51.98400115966797, 38.77199935913086, -3.7799999713897705, -18.79199981689453, 29.84400177001953] joint_vel=[-1.53000009059906, 0.0, 0.27000001072883606, -0.9900000095367432, -1.1700000762939453, 0.6299999952316284] imu_ang_vel=[-0.6017500758171082, 0.10795743018388748, 0.3411003053188324] imu_quat_wxyz=[-0.407632440328598, 0.024027979001402855, -0.002604492474347353, -0.9128262996673584] status=0x8103
joint_pos=[21.275999069213867, -51.98400115966797, 38.70000076293945, -3.815999984741211, -18.79199981689453, 29.84400177001953] joint_vel=[-2.3400001525878906, -0.36000001430511475, -8.640000343322754, -1.0800000429153442, -0.27000001072883606, 0.09000000357627869] imu_ang_vel=[0.38841313123703003, 0.5489768981933594, 0.21167069673538208] imu_quat_wxyz=[-0.40349921584129333, 0.028627051040530205, -0.0011206455528736115, -0.914531409740448] status=0x8103
joint_pos=[21.275999069213867, -51.98400115966797, 38.70000076293945, -3.8520002365112305, -18.79199981689453, 29.700000762939453] joint_vel=[-0.44999998807907104, 0.27000001072883606, 0.809999942779541, -0.09000000357627869, 3.239999771118164, -11.699999809265137] imu_ang_vel=[-0.24541915953159332, 0.3220755457878113, -0.364104688167572] imu_quat_wxyz=[-0.4035928249359131, 0.03280944377183914, -0.00561804324388504, -0.9143330454826355] status=0x8103
joint_pos=[21.275999069213867, -51.98400115966797, 38.736000061035156, -3.815999984741211, -18.79199981689453, 29.77199935913086] joint_vel=[-0.5400000214576721, 0.0, 0.9900000095367432, 0.0, -0.0, 0.18000000715255737] imu_ang_vel=[0.4049247205257416, -0.4790032207965851, -0.08553805947303772] imu_quat_wxyz=[-0.40525081753730774, 0.03319662809371948, -0.0049775163643062115, -0.9135890603065491] status=0x8103
joint_pos=[21.239999771118164, -51.98400115966797, 38.736000061035156, -3.815999984741211, -18.79199981689453, 29.77199935913086] joint_vel=[-3.5999999046325684, 0.09000000357627869, 0.18000000715255737, -0.6299999952316284, -0.36000001430511475, 0.18000000715255737] imu_ang_vel=[0.45712268352508545, -0.5173527002334595, -0.26503509283065796] imu_quat_wxyz=[-0.40639668703079224, 0.025949198752641678, -0.007155519910156727, -0.9133002161979675] status=0x8103
joint_pos=[21.239999771118164, -51.98400115966797, 38.736000061035156, -3.8520002365112305, -18.756000518798828, 29.77199935913086] joint_vel=[-0.0, 0.0, 0.09000000357627869, -1.440000057220459, 0.09000000357627869, 0.6299999952316284] imu_ang_vel=[0.2456677258014679, 0.21608176827430725, -0.21336978673934937] imu_quat_wxyz=[-0.40908440947532654, 0.02151559293270111, -0.009712811559438705, -0.9121911525726318] status=0x8103
joint_pos=[21.203998565673828, -51.98400115966797, 38.736000061035156, -3.8520002365112305, -18.79199981689453, 29.77199935913086] joint_vel=[-0.7200000286102295, -0.27000001072883606, 0.0, 0.0, 0.09000000357627869, 0.09000000357627869] imu_ang_vel=[0.12902125716209412, 0.20596176385879517, -0.1558455228805542] imu_quat_wxyz=[-0.4108053147792816, 0.023245707154273987, -0.012696544639766216, -0.911338210105896] status=0x8103
joint_pos=[21.168001174926758, -51.98400115966797, 38.736000061035156, -3.815999984741211, -18.79199981689453, 29.77199935913086] joint_vel=[-1.8899999856948853, 0.0, 0.0, -0.36000001430511475, -0.18000000715255737, 0.7200000286102295] imu_ang_vel=[0.1300865113735199, 0.06907528638839722, -0.4434668719768524] imu_quat_wxyz=[-0.4130224883556366, 0.023896386846899986, -0.014071482233703136, -0.9102984666824341] status=0x8103
joint_pos=[21.131999969482422, -51.98400115966797, 38.736000061035156, -3.815999984741211, -18.756000518798828, 29.77199935913086] joint_vel=[-1.7999999523162842, 0.0, -0.09000000357627869, -0.18000000715255737, 0.18000000715255737, 0.27000001072883606] imu_ang_vel=[0.3394109904766083, 0.03232366591691971, -0.4067152738571167] imu_quat_wxyz=[-0.4150172770023346, 0.02390480600297451, -0.014818004332482815, -0.9093788266181946] status=0x8103
joint_pos=[21.059999465942383, -51.98400115966797, 38.736000061035156, -3.815999984741211, -18.79199981689453, 29.808000564575195] joint_vel=[-10.800000190734863, -0.36000001430511475, 0.0, 0.6299999952316284, -0.0, 0.18000000715255737] imu_ang_vel=[0.24779823422431946, 0.31834712624549866, -0.45039111375808716] imu_quat_wxyz=[-0.42137035727500916, 0.022157544270157814, -0.020909633487462997, -0.9063767790794373] status=0x8103
joint_pos=[21.02400016784668, -51.98400115966797, 38.736000061035156, -3.815999984741211, -18.79199981689453, 29.808000564575195] joint_vel=[-3.06000018119812, -0.09000000357627869, 0.0, 0.44999998807907104, -0.18000000715255737, -0.5400000214576721] imu_ang_vel=[-0.07391159236431122, 0.05416158586740494, -0.26077404618263245] imu_quat_wxyz=[-0.4250071346759796, 0.023742659017443657, -0.022838903591036797, -0.9045903086662292] status=0x8103
joint_pos=[20.916000366210938, -51.98400115966797, 38.736000061035156, -3.815999984741211, -18.756000518798828, 29.808000564575195] joint_vel=[-1.9800000190734863, 0.0, 0.18000000715255737, 0.0, 0.18000000715255737, -0.6299999952316284] imu_ang_vel=[-0.12717480957508087, 0.20596174895763397, -0.266633003950119] imu_quat_wxyz=[-0.42717936635017395, 0.02511368691921234, -0.02225659042596817, -0.9035439491271973] status=0x8103
joint_pos=[20.8439998626709, -51.98400115966797, 38.736000061035156, -3.815999984741211, -18.79199981689453, 29.808000564575195] joint_vel=[-5.21999979019165, 0.0, 0.0, 0.18000000715255737, 0.44999998807907104, 1.53000009059906] imu_ang_vel=[0.02462535910308361, 0.171340674161911, -0.4104436933994293] imu_quat_wxyz=[-0.42981043457984924, 0.027176672592759132, -0.022372771054506302, -0.9022327661514282] status=0x8103
joint_pos=[20.736000061035156, -51.98400115966797, 38.736000061035156, -3.815999984741211, -18.79199981689453, 29.808000564575195] joint_vel=[-2.609999895095825, 0.0, 0.0, 0.8999999761581421, -0.0, -0.809999942779541] imu_ang_vel=[0.005450600758194923, 0.1574922353029251, -0.44186899065971375] imu_quat_wxyz=[-0.4336817264556885, 0.02928789146244526, -0.023303817957639694, -0.900288462638855] status=0x8103
joint_pos=[20.628000259399414, -51.98400115966797, 38.736000061035156, -3.7799999713897705, -18.79199981689453, 29.808000564575195] joint_vel=[-1.709999918937683, 0.0, -0.09000000357627869, 0.27000001072883606, -0.18000000715255737, -2.7899999618530273] imu_ang_vel=[-0.028637858107686043, 0.12393640726804733, -0.36623522639274597] imu_quat_wxyz=[-0.4374592900276184, 0.03081071935594082, -0.023817431181669235, -0.8983945846557617] status=0x8103
joint_pos=[20.555999755859375, -51.98400115966797, 38.736000061035156, -3.7799999713897705, -18.79199981689453, 29.808000564575195] joint_vel=[-3.870000123977661, 0.09000000357627869, 0.0, 0.09000000357627869, 0.18000000715255737, 2.069999933242798] imu_ang_vel=[-0.02970312163233757, -0.01188480295240879, -0.32149410247802734] imu_quat_wxyz=[-0.4407182037830353, 0.03165740892291069, -0.02373809926211834, -0.896773099899292] status=0x8103
joint_pos=[20.483999252319336, -51.98400115966797, 38.736000061035156, -3.7799999713897705, -18.79199981689453, 29.808000564575195] joint_vel=[-1.8899999856948853, 0.0, 0.0, 0.0, -0.27000001072883606, 1.350000023841858] imu_ang_vel=[-0.12877270579338074, -0.06887644529342651, -0.2442624568939209] imu_quat_wxyz=[-0.4433774948120117, 0.03189300745725632, -0.02303108386695385, -0.8954712748527527] status=0x8103
joint_pos=[20.447999954223633, -51.98400115966797, 38.736000061035156, -3.7799999713897705, -18.79199981689453, 29.808000564575195] joint_vel=[-2.430000066757202, 0.36000001430511475, -0.18000000715255737, -0.27000001072883606, -0.27000001072883606, -2.25] imu_ang_vel=[-0.107467420399189, -0.1482386440038681, -0.21869611740112305] imu_quat_wxyz=[-0.44528070092201233, 0.033083416521549225, -0.02214936539530754, -0.894505500793457] status=0x8103
joint_pos=[20.411998748779297, -51.98400115966797, 38.736000061035156, -3.7799999713897705, -18.79199981689453, 29.808000564575195] joint_vel=[-1.1700000762939453, 0.0, 0.0, 0.18000000715255737, -0.0, 1.1700000762939453] imu_ang_vel=[-0.09095581620931625, -0.18925130367279053, -0.18460765480995178] imu_quat_wxyz=[-0.4472598135471344, 0.032168179750442505, -0.020525092259049416, -0.8935897946357727] status=0x8103
joint_pos=[20.411998748779297, -51.98400115966797, 38.736000061035156, -3.7799999713897705, -18.79199981689453, 29.808000564575195] joint_vel=[-0.36000001430511475, -0.27000001072883606, -0.09000000357627869, 0.0, -0.09000000357627869, 0.809999942779541] imu_ang_vel=[-0.10586952418088913, -0.2174808233976364, -0.14093181490898132] imu_quat_wxyz=[-0.4480731189250946, 0.031529027968645096, -0.019640270620584488, -0.8932248950004578] status=0x8103
joint_pos=[20.411998748779297, -51.98400115966797, 38.736000061035156, -3.7799999713897705, -18.79199981689453, 29.808000564575195] joint_vel=[0.09000000357627869, -0.18000000715255737, 0.0, 0.09000000357627869, -0.18000000715255737, -1.0800000429153442] imu_ang_vel=[-0.06911790370941162, -0.23452503979206085, -0.10684335231781006] imu_quat_wxyz=[-0.4497199058532715, 0.029255250468850136, -0.016671916469931602, -0.8925347328186035] status=0x8103
joint_pos=[20.411998748779297, -51.98400115966797, 38.736000061035156, -3.7799999713897705, -18.79199981689453, 29.808000564575195] joint_vel=[-0.0, 0.27000001072883606, 0.0, 0.27000001072883606, -0.09000000357627869, 0.18000000715255737] imu_ang_vel=[-0.014789422042667866, -0.22973136603832245, -0.08287490159273148] imu_quat_wxyz=[-0.45065930485725403, 0.02744898945093155, -0.015153671614825726, -0.8921453356742859] status=0x8103
joint_pos=[20.411998748779297, -51.98400115966797, 38.736000061035156, -3.7799999713897705, -18.79199981689453, 29.808000564575195] joint_vel=[0.09000000357627869, 0.0, 0.0, 1.53000009059906, -0.09000000357627869, 0.09000000357627869] imu_ang_vel=[-0.03609471023082733, -0.2547650635242462, 0.025782061740756035] imu_quat_wxyz=[-0.45376038551330566, 0.025931553915143013, -0.013877344317734241, -0.8906382918357849] status=0x8103
joint_pos=[20.411998748779297, -51.98400115966797, 38.736000061035156, -3.7080001831054688, -18.756000518798828, 29.808000564575195] joint_vel=[-1.9800000190734863, 0.09000000357627869, 0.0, 0.09000000357627869, 0.18000000715255737, 2.25] imu_ang_vel=[-0.08669476211071014, -0.19138182699680328, 0.1685274839401245] imu_quat_wxyz=[-0.45303893089294434, 0.024015167728066444, -0.012224552221596241, -0.8910834193229675] status=0x8103
joint_pos=[20.411998748779297, -51.98400115966797, 38.736000061035156, -3.6720001697540283, -18.79199981689453, 29.808000564575195] joint_vel=[0.9900000095367432, 0.18000000715255737, 0.0, 0.27000001072883606, -0.27000001072883606, -3.239999771118164] imu_ang_vel=[0.029951682314276695, -0.13598808646202087, 0.18024539947509766] imu_quat_wxyz=[-0.4515458345413208, 0.022697189822793007, -0.011012258939445019, -0.8918912410736084] status=0x8103
joint_pos=[20.411998748779297, -51.98400115966797, 38.736000061035156, -3.6720001697540283, -18.79199981689453, 29.808000564575195] joint_vel=[0.6299999952316284, 0.0, -0.18000000715255737, 0.9900000095367432, -0.09000000357627869, 2.609999895095825] imu_ang_vel=[0.033147476613521576, -0.08592067658901215, 0.22818228602409363] imu_quat_wxyz=[-0.4498625695705414, 0.02148684486746788, -0.010860185138881207, -0.8927733302116394] status=0x8103
joint_pos=[20.411998748779297, -51.98400115966797, 38.736000061035156, -3.6720001697540283, -18.79199981689453, 29.808000564575195] joint_vel=[0.5400000214576721, -0.36000001430511475, -0.18000000715255737, 0.09000000357627869, -0.0, -3.1500000953674316] imu_ang_vel=[0.064572773873806, -0.0555606409907341, 0.27771705389022827] imu_quat_wxyz=[-0.4477255642414093, 0.020634649321436882, -0.010914595797657967, -0.8938663005828857] status=0x8103
joint_pos=[20.411998748779297, -51.98400115966797, 38.736000061035156, -3.6720001697540283, -18.756000518798828, 29.808000564575195] joint_vel=[0.18000000715255737, -0.09000000357627869, 0.0, 0.0, 0.09000000357627869, -1.350000023841858] imu_ang_vel=[0.07522542029619217, -0.025733238086104393, 0.309675008058548] imu_quat_wxyz=[-0.44590047001838684, 0.01917412132024765, -0.011032179929316044, -0.8948091268539429] status=0x8103
joint_pos=[20.447999954223633, -51.98400115966797, 38.736000061035156, -3.6720001697540283, -18.79199981689453, 29.84400177001953] joint_vel=[0.7200000286102295, 0.0, 0.0, 0.0, -0.0, 3.5999999046325684] imu_ang_vel=[0.07948647439479828, 0.021138392388820648, 0.30221816897392273] imu_quat_wxyz=[-0.4431765377521515, 0.018739601597189903, -0.011636430397629738, -0.8961629867553711] status=0x8103
joint_pos=[20.447999954223633, -51.98400115966797, 38.736000061035156, -3.6720001697540283, -18.756000518798828, 29.808000564575195] joint_vel=[0.809999942779541, 0.0, 0.0, -0.18000000715255737, -0.0, -3.3299999237060547] imu_ang_vel=[0.12848863005638123, 0.102631114423275, 0.2526833713054657] imu_quat_wxyz=[-0.44066092371940613, 0.018654825165867805, -0.01276898942887783, -0.8973889350891113] status=0x8103
joint_pos=[20.483999252319336, -51.98400115966797, 38.736000061035156, -3.6720001697540283, -18.79199981689453, 29.84400177001953] joint_vel=[1.1700000762939453, -0.18000000715255737, 0.0, 0.0, -0.0, 1.9800000190734863] imu_ang_vel=[0.1276896744966507, 0.1185213029384613, 0.24797844886779785] imu_quat_wxyz=[-0.43954944610595703, 0.018837817013263702, -0.013595937751233578, -0.8979179263114929] status=0x8103
joint_pos=[20.520000457763672, -51.98400115966797, 38.736000061035156, -3.6720001697540283, -18.79199981689453, 29.84400177001953] joint_vel=[2.430000066757202, 0.18000000715255737, 0.0, -0.36000001430511475, -0.0, 0.09000000357627869] imu_ang_vel=[0.041136957705020905, 0.12180586904287338, 0.27345600724220276] imu_quat_wxyz=[-0.43605804443359375, 0.02033444680273533, -0.01609412580728531, -0.8995448350906372] status=0x8103
joint_pos=[20.520000457763672, -51.98400115966797, 38.736000061035156, -3.6720001697540283, -18.79199981689453, 29.84400177001953] joint_vel=[-0.44999998807907104, -0.09000000357627869, 0.09000000357627869, -0.09000000357627869, -0.0, 0.18000000715255737] imu_ang_vel=[-0.009995732456445694, 0.08239109069108963, 0.3187297582626343] imu_quat_wxyz=[-0.433511883020401, 0.020625626668334007, -0.016479654237627983, -0.9007611274719238] status=0x8103
joint_pos=[20.555999755859375, -51.98400115966797, 38.736000061035156, -3.6720001697540283, -18.79199981689453, 29.84400177001953] joint_vel=[0.8999999761581421, -0.09000000357627869, 0.0, -1.350000023841858, -0.0, -0.09000000357627869] imu_ang_vel=[0.033147476613521576, 0.10476163774728775, 0.20954015851020813] imu_quat_wxyz=[-0.43084365129470825, 0.02141806110739708, -0.01693839021027088, -0.9020134210586548] status=0x8103
joint_pos=[20.555999755859375, -51.98400115966797, 38.736000061035156, -3.7080001831054688, -18.79199981689453, 29.84400177001953] joint_vel=[-0.18000000715255737, -0.09000000357627869, 0.0, 4.230000019073486, -0.0, 0.09000000357627869] imu_ang_vel=[0.06031171977519989, 0.12606693804264069, 0.12911270558834076] imu_quat_wxyz=[-0.42922261357307434, 0.02220594510436058, -0.017873436212539673, -0.9027488827705383] status=0x8103
joint_pos=[20.555999755859375, -51.98400115966797, 38.736000061035156, -3.74399995803833, -18.79199981689453, 29.84400177001953] joint_vel=[-0.0, -0.09000000357627869, 0.0, -2.5199999809265137, -0.0, 0.27000001072883606] imu_ang_vel=[0.04326748847961426, 0.13086062669754028, 0.06732736527919769] imu_quat_wxyz=[-0.4282444715499878, 0.023109199479222298, -0.018919793888926506, -0.9031692147254944] status=0x8103
joint_pos=[20.520000457763672, -51.98400115966797, 38.736000061035156, -3.74399995803833, -18.79199981689453, 29.84400177001953] joint_vel=[-1.619999885559082, 0.0, 0.0, -3.1500000953674316, -0.0, -0.0] imu_ang_vel=[0.023560097441077232, 0.11062059551477432, 0.006074670236557722] imu_quat_wxyz=[-0.4278077781200409, 0.02404862828552723, -0.019792607054114342, -0.9033329486846924] status=0x8103
joint_pos=[20.520000457763672, -51.98400115966797, 38.736000061035156, -3.7799999713897705, -18.79199981689453, 29.84400177001953] joint_vel=[0.36000001430511475, 0.0, 0.0, -0.18000000715255737, -0.09000000357627869, 0.09000000357627869] imu_ang_vel=[-0.0004083532840013504, 0.07493423670530319, -0.04239485785365105] imu_quat_wxyz=[-0.42803698778152466, 0.02533014304935932, -0.02045883983373642, -0.9031744599342346] status=0x8103
joint_pos=[20.520000457763672, -51.98400115966797, 38.736000061035156, -3.7799999713897705, -18.79199981689453, 29.84400177001953] joint_vel=[-0.6299999952316284, -0.09000000357627869, 0.0, 0.0, -0.0, -0.0] imu_ang_vel=[0.0065158661454916, 0.03871525079011917, -0.09352754801511765] imu_quat_wxyz=[-0.42855021357536316, 0.025888651609420776, -0.02069055289030075, -0.9029099345207214] status=0x8103
joint_pos=[20.520000457763672, -51.98400115966797, 38.736000061035156, -3.7799999713897705, -18.79199981689453, 29.84400177001953] joint_vel=[-0.0, 0.0, 0.0, 0.0, 0.09000000357627869, -0.0] imu_ang_vel=[0.022494828328490257, 0.019540496170520782, -0.1696939468383789] imu_quat_wxyz=[-0.4296363592147827, 0.026155345141887665, -0.020871929824352264, -0.9023818969726562] status=0x8103
joint_pos=[20.520000457763672, -51.98400115966797, 38.736000061035156, -3.74399995803833, -18.79199981689453, 29.84400177001953] joint_vel=[-0.09000000357627869, 0.0, 0.0, 0.5400000214576721, -0.0, -0.0] imu_ang_vel=[0.004385335370898247, -0.07153960317373276, -0.18141186237335205] imu_quat_wxyz=[-0.43126869201660156, 0.02612655609846115, -0.021027546375989914, -0.9016000628471375] status=0x8103
joint_pos=[20.483999252319336, -51.98400115966797, 38.736000061035156, -3.74399995803833, -18.79199981689453, 29.84400177001953] joint_vel=[-0.18000000715255737, 0.0, -0.09000000357627869, 0.27000001072883606, -0.0, -0.27000001072883606] imu_ang_vel=[-0.045238226652145386, -0.07233855128288269, -0.1626809537410736] imu_quat_wxyz=[-0.43285953998565674, 0.025583630427718163, -0.020476657897233963, -0.9008656144142151] status=0x8103
joint_pos=[20.483999252319336, -51.98400115966797, 38.736000061035156, -3.74399995803833, -18.79199981689453, 29.84400177001953] joint_vel=[-0.18000000715255737, 0.09000000357627869, -0.09000000357627869, -1.1700000762939453, -0.0, -0.0] imu_ang_vel=[-0.06752000749111176, -0.09337752312421799, -0.1611718386411667] imu_quat_wxyz=[-0.4327365756034851, 0.025652745738625526, -0.01993698440492153, -0.9009348750114441] status=0x8103
joint_pos=[20.483999252319336, -51.98400115966797, 38.736000061035156, -3.74399995803833, -18.79199981689453, 29.84400177001953] joint_vel=[-0.0, -0.18000000715255737, 0.09000000357627869, 0.6299999952316284, -0.0, -0.0] imu_ang_vel=[-0.04053330793976784, -0.08467786759138107, -0.19241958856582642] imu_quat_wxyz=[-0.43429896235466003, 0.025151439011096954, -0.018894953653216362, -0.9002192616462708] status=0x8103
joint_pos=[20.483999252319336, -51.98400115966797, 38.736000061035156, -3.74399995803833, -18.756000518798828, 29.84400177001953] joint_vel=[-0.44999998807907104, 0.18000000715255737, 0.18000000715255737, 1.9800000190734863, -0.0, 0.09000000357627869] imu_ang_vel=[-0.008930468000471592, -0.06621328741312027, -0.22295716404914856] imu_quat_wxyz=[-0.43609505891799927, 0.024617278948426247, -0.018271703273057938, -0.89937824010849] status=0x8103
joint_pos=[20.483999252319336, -51.98400115966797, 38.736000061035156, -3.74399995803833, -18.79199981689453, 29.84400177001953] joint_vel=[-0.0, 0.0, 0.0, 1.0800000429153442, -0.0, -0.0] imu_ang_vel=[-0.013724157586693764, -0.07313749939203262, -0.1984560787677765] imu_quat_wxyz=[-0.43808647990226746, 0.024072231724858284, -0.017816634848713875, -0.8984338045120239] status=0x8103
joint_pos=[20.483999252319336, -51.98400115966797, 38.736000061035156, -3.7080001831054688, -18.79199981689453, 29.84400177001953] joint_vel=[-0.6299999952316284, 0.0, 0.0, 2.069999933242798, -0.27000001072883606, -0.0] imu_ang_vel=[-0.013724157586693764, -0.08272487670183182, -0.13134443759918213] imu_quat_wxyz=[-0.43973633646965027, 0.02351112850010395, -0.017320666462183, -0.8976520895957947] status=0x8103
joint_pos=[20.483999252319336, -51.98400115966797, 38.736000061035156, -3.6720001697540283, -18.79199981689453, 29.84400177001953] joint_vel=[-0.27000001072883606, 0.0, 0.0, 0.7200000286102295, -0.0, -0.0] imu_ang_vel=[-0.04195366054773331, -0.05982170253992081, -0.09885387122631073] imu_quat_wxyz=[-0.43911606073379517, 0.02251075580716133, -0.016688046976923943, -0.8979932069778442] status=0x8103
joint_pos=[20.483999252319336, -51.98400115966797, 38.736000061035156, -3.6720001697540283, -18.79199981689453, 29.84400177001953] joint_vel=[-0.18000000715255737, 0.18000000715255737, 0.0, 0.809999942779541, -0.0, -0.0] imu_ang_vel=[-0.014256789349019527, -0.018809020519256592, -0.06583067774772644] imu_quat_wxyz=[-0.43994951248168945, 0.022228747606277466, -0.016141602769494057, -0.8976022005081177] status=0x8103
joint_pos=[20.483999252319336, -51.98400115966797, 38.736000061035156, -3.6720001697540283, -18.79199981689453, 29.84400177001953] joint_vel=[-0.0, 0.27000001072883606, 0.0, 0.7200000286102295, -0.0, -0.0] imu_ang_vel=[-0.03982313349843025, -0.006025848910212517, -0.02268746681511402] imu_quat_wxyz=[-0.44037821888923645, 0.022185780107975006, -0.015886614099144936, -0.8973976373672485] status=0x8103
joint_pos=[20.483999252319336, -51.98400115966797, 38.736000061035156, -3.6720001697540283, -18.756000518798828, 29.84400177001953] joint_vel=[0.09000000357627869, 0.0, 0.0, -0.09000000357627869, 0.09000000357627869, -0.0] imu_ang_vel=[0.009179025888442993, 0.013681542128324509, -0.001914811902679503] imu_quat_wxyz=[-0.4405142068862915, 0.022351324558258057, -0.015625929459929466, -0.8973312973976135] status=0x8103
joint_pos=[20.483999252319336, -51.98400115966797, 38.736000061035156, -3.6720001697540283, -18.79199981689453, 29.84400177001953] joint_vel=[-0.0, -0.18000000715255737, 0.0, 0.0, -0.27000001072883606, -0.0] imu_ang_vel=[0.02231728471815586, 0.026464711874723434, -0.00883902981877327] imu_quat_wxyz=[-0.4405357241630554, 0.022392144426703453, -0.015698077157139778, -0.8973184823989868] status=0x8103
joint_pos=[20.483999252319336, -51.98400115966797, 38.736000061035156, -3.6720001697540283, -18.79199981689453, 29.84400177001953] joint_vel=[-0.09000000357627869, 0.18000000715255737, 0.0, -0.09000000357627869, -0.27000001072883606, -0.0] imu_ang_vel=[0.04326748847961426, 0.07067318260669708, 0.010335728526115417] imu_quat_wxyz=[-0.4403114914894104, 0.02216382697224617, -0.01595517247915268, -0.8974297046661377] status=0x8103
joint_pos=[20.483999252319336, -51.98400115966797, 38.736000061035156, -3.6720001697540283, -18.79199981689453, 29.84400177001953] joint_vel=[-0.0, 0.0, -0.09000000357627869, -0.09000000357627869, -0.0, -0.0] imu_ang_vel=[0.00012427940964698792, 0.05735737830400467, 0.03110838122665882] imu_quat_wxyz=[-0.4401284456253052, 0.022577926516532898, -0.016598334535956383, -0.8974974751472473] status=0x8103
joint_pos=[20.483999252319336, -51.98400115966797, 38.736000061035156, -3.6720001697540283, -18.756000518798828, 29.84400177001953] joint_vel=[-0.0, 0.0, 0.09000000357627869, -0.44999998807907104, -0.0, -0.0] imu_ang_vel=[0.0011895429342985153, 0.05043315887451172, 0.06040315330028534] imu_quat_wxyz=[-0.4398218095302582, 0.023103194311261177, -0.016724199056625366, -0.8976320624351501] status=0x8103
joint_pos=[20.483999252319336, -51.98400115966797, 38.736000061035156, -3.6720001697540283, -18.79199981689453, 29.84400177001953] joint_vel=[-0.0, -0.27000001072883606, 0.0, 0.0, -0.18000000715255737, -0.0] imu_ang_vel=[-0.0004083532840013504, 0.04137841612100601, 0.062001053243875504] imu_quat_wxyz=[-0.43924567103385925, 0.02352442592382431, -0.017017152160406113, -0.8978977203369141] status=0x8103
joint_pos=[20.483999252319336, -51.98400115966797, 38.736000061035156, -3.6720001697540283, -18.79199981689453, 29.84400177001953] joint_vel=[-0.0, 0.09000000357627869, 0.18000000715255737, 0.0, -0.0, -0.0] imu_ang_vel=[0.005450600758194923, 0.03871525079011917, 0.054544199258089066] imu_quat_wxyz=[-0.438763290643692, 0.02389644645154476, -0.01719076745212078, -0.8981204032897949] status=0x8103
joint_pos=[20.483999252319336, -51.98400115966797, 38.736000061035156, -3.6720001697540283, -18.756000518798828, 29.84400177001953] joint_vel=[-0.0, 0.09000000357627869, 0.0, -0.09000000357627869, -0.0, -0.0] imu_ang_vel=[-0.003604145720601082, 0.01687733456492424, 0.047619979828596115] imu_quat_wxyz=[-0.4393942952156067, 0.024379931390285492, -0.017261957749724388, -0.8977975845336914] status=0x8103
joint_pos=[20.483999252319336, -51.98400115966797, 38.736000061035156, -3.6720001697540283, -18.756000518798828, 29.84400177001953] joint_vel=[-0.0, 0.0, 0.09000000357627869, 0.09000000357627869, 0.18000000715255737, -0.0] imu_ang_vel=[0.018766405060887337, 0.013681542128324509, 0.05028314143419266] imu_quat_wxyz=[-0.43896976113319397, 0.024498216807842255, -0.017337314784526825, -0.8980004191398621] status=0x8103
joint_pos=[20.483999252319336, -51.98400115966797, 38.736000061035156, -3.6720001697540283, -18.79199981689453, 29.84400177001953] joint_vel=[-0.0, -0.18000000715255737, -0.27000001072883606, 0.09000000357627869, -0.18000000715255737, -0.0] imu_ang_vel=[0.01716850884258747, 0.011551013216376305, 0.017792576923966408] imu_quat_wxyz=[-0.4386363923549652, 0.024539049714803696, -0.017571616917848587, -0.8981577157974243] status=0x8103
joint_pos=[20.483999252319336, -51.98400115966797, 38.736000061035156, -3.6720001697540283, -18.756000518798828, 29.84400177001953] joint_vel=[-0.0, 0.0, 0.0, 0.0, 0.09000000357627869, -0.09000000357627869] imu_ang_vel=[0.01024428941309452, -0.00016689440235495567, 0.021521003916859627] imu_quat_wxyz=[-0.43857190012931824, 0.02454543486237526, -0.01767049729824066, -0.8981871008872986] status=0x8103
joint_pos=[20.483999252319336, -51.98400115966797, 38.736000061035156, -3.6720001697540283, -18.79199981689453, 29.84400177001953] joint_vel=[-0.0, 0.0, -0.18000000715255737, 0.0, -0.0, -0.0] imu_ang_vel=[0.005983233451843262, -0.009754273109138012, 0.023118900135159492] imu_quat_wxyz=[-0.43841493129730225, 0.024492885917425156, -0.017791282385587692, -0.8982627391815186] status=0x8103
joint_pos=[20.483999252319336, -51.98400115966797, 38.736000061035156, -3.6720001697540283, -18.79199981689453, 29.84400177001953] joint_vel=[-0.0, 0.0, 0.0, 0.0, -0.0, -0.09000000357627869] imu_ang_vel=[0.010776922106742859, -0.028929030522704124, 0.0018136132275685668] imu_quat_wxyz=[-0.43826279044151306, 0.024349480867385864, -0.017745843157172203, -0.8983418345451355] status=0x8103
joint_pos=[20.483999252319336, -51.98400115966797, 38.736000061035156, -3.6720001697540283, -18.756000518798828, 29.84400177001953] joint_vel=[-0.0, -0.18000000715255737, 0.18000000715255737, 0.18000000715255737, 0.18000000715255737, -0.0] imu_ang_vel=[0.013440083712339401, -0.02626587077975273, -0.007773765828460455] imu_quat_wxyz=[-0.4389045238494873, 0.0244542695581913, -0.017746638506650925, -0.8980255722999573] status=0x8103
joint_pos=[20.483999252319336, -51.98400115966797, 38.736000061035156, -3.6720001697540283, -18.756000518798828, 29.84400177001953] joint_vel=[-0.0, 0.0, 0.0, 0.0, 0.27000001072883606, 0.09000000357627869] imu_ang_vel=[0.01397271640598774, -0.024667972698807716, -0.015230615623295307] imu_quat_wxyz=[-0.43906471133232117, 0.024004057049751282, -0.017724767327308655, -0.8979598879814148] status=0x8103
motion_test: joint 1 returning to start
joint_pos=[20.483999252319336, -51.98400115966797, 38.736000061035156, -3.6720001697540283, -18.79199981689453, 29.84400177001953] joint_vel=[-0.0, 0.09000000357627869, 0.0, 0.27000001072883606, -0.0, -0.0] imu_ang_vel=[0.0075811296701431274, -0.02253744564950466, -0.01949167437851429] imu_quat_wxyz=[-0.4392549693584442, 0.0237378291785717, -0.017714155837893486, -0.8978740572929382] status=0x8103
joint_pos=[20.483999252319336, -51.98400115966797, 38.736000061035156, -3.6720001697540283, -18.79199981689453, 29.84400177001953] joint_vel=[0.18000000715255737, -0.27000001072883606, 0.0, 0.0, -0.0, 0.09000000357627869] imu_ang_vel=[0.10771597176790237, -0.379933625459671, -0.0445253849029541] imu_quat_wxyz=[-0.4394637644290924, 0.02351437509059906, -0.017645692452788353, -0.8977791666984558] status=0x8103
joint_pos=[12.959999084472656, -51.98400115966797, 38.736000061035156, -3.9600000381469727, -18.756000518798828, 29.84400177001953] joint_vel=[-493.1100158691406, 0.6299999952316284, -0.8999999761581421, -77.4000015258789, -0.18000000715255737, 0.6299999952316284] imu_ang_vel=[1.4387637376785278, -4.284660339355469, -4.944741725921631] imu_quat_wxyz=[-0.44514307379722595, -0.0031955887097865343, -0.006811507977545261, -0.8954278230667114] status=0x8103
joint_pos=[4.716000080108643, -51.98400115966797, 38.84400177001953, -5.400000095367432, -18.827999114990234, 29.84400177001953] joint_vel=[-364.9499816894531, -0.09000000357627869, -0.5400000214576721, -13.500000953674316, -0.8999999761581421, 0.09000000357627869] imu_ang_vel=[-1.4156121015548706, -4.284660339355469, -2.920206308364868] imu_quat_wxyz=[-0.48631471395492554, -0.04771830141544342, 0.00410650996491313, -0.8724702000617981] status=0x8103
joint_pos=[1.0440000295639038, -51.98400115966797, 38.77199935913086, -5.363999843597412, -18.93600082397461, 29.808000564575195] joint_vel=[-4.590000152587891, 0.0, 5.130000114440918, 10.890000343322754, -7.199999809265137, 1.8899999856948853] imu_ang_vel=[-1.5072247982025146, -1.133608102798462, -2.269862413406372] imu_quat_wxyz=[-0.5108674764633179, -0.0652998685836792, 0.03202131390571594, -0.8565775156021118] status=0x8103
joint_pos=[0.5400000214576721, -51.98400115966797, 38.77199935913086, -4.464000225067139, -19.007999420166016, 29.808000564575195] joint_vel=[-57.42000198364258, -0.7200000286102295, 5.309999942779541, 76.5, -2.5199999809265137, 0.9900000095367432] imu_ang_vel=[0.40119630098342896, -0.0065584806725382805, -2.2496225833892822] imu_quat_wxyz=[-0.5293888449668884, -0.06243150681257248, 0.03917336463928223, -0.8451717495918274] status=0x8103
joint_pos=[0.1080000028014183, -51.98400115966797, 38.80799865722656, -3.6720001697540283, -19.007999420166016, 29.84400177001953] joint_vel=[18.09000015258789, -0.27000001072883606, 3.419999837875366, 34.7400016784668, -0.0, 0.18000000715255737] imu_ang_vel=[1.3197203874588013, 0.6449394822120667, -2.3741698265075684] imu_quat_wxyz=[-0.5489992499351501, -0.06534489244222641, 0.028081713244318962, -0.8327913284301758] status=0x8103
joint_pos=[0.18000000715255737, -51.98400115966797, 38.77199935913086, -3.492000102996826, -19.007999420166016, 29.77199935913086] joint_vel=[1.9800000190734863, 0.44999998807907104, 0.5400000214576721, 10.350000381469727, 0.809999942779541, 3.419999837875366] imu_ang_vel=[-0.47658154368400574, 1.0858700275421143, -0.022154832258820534] imu_quat_wxyz=[-0.5602923035621643, -0.06058461219072342, 0.021357228979468346, -0.8258002996444702] status=0x8103
joint_pos=[0.2879999876022339, -51.98400115966797, 38.77199935913086, -3.492000102996826, -19.007999420166016, 29.808000564575195] joint_vel=[3.870000123977661, 0.27000001072883606, -6.659999847412109, -3.509999990463257, 0.809999942779541, -2.880000114440918] imu_ang_vel=[-0.5138657689094543, 1.5615105628967285, 0.3139360547065735] imu_quat_wxyz=[-0.5588539242744446, -0.04761674627661705, 0.019723108038306236, -0.8276629447937012] status=0x8103
joint_pos=[0.46799999475479126, -51.98400115966797, 38.80799865722656, -3.5280001163482666, -19.007999420166016, 29.808000564575195] joint_vel=[6.03000020980835, 0.0, -0.9900000095367432, -2.9700000286102295, -0.0, 5.400000095367432] imu_ang_vel=[-0.07071579992771149, 1.604121208190918, -0.6884776949882507] imu_quat_wxyz=[-0.5611997842788696, -0.031621601432561874, 0.014476312324404716, -0.8269494771957397] status=0x8103
joint_pos=[0.5400000214576721, -51.98400115966797, 38.80799865722656, -3.563999891281128, -19.007999420166016, 29.84400177001953] joint_vel=[1.350000023841858, 0.0, 1.709999918937683, -2.609999895095825, -0.0, 2.069999933242798] imu_ang_vel=[-0.7072111964225769, 1.276552438735962, -0.9894148707389832] imu_quat_wxyz=[-0.5671689510345459, -0.01837139204144478, 0.007176651619374752, -0.8233652114868164] status=0x8103
joint_pos=[0.46799999475479126, -51.98400115966797, 38.80799865722656, -3.563999891281128, -18.972000122070312, 29.84400177001953] joint_vel=[-4.409999847412109, 1.1700000762939453, 4.320000171661377, 3.239999771118164, -5.490000247955322, 0.5400000214576721] imu_ang_vel=[0.38841310143470764, 1.4709631204605103, -0.09725597500801086] imu_quat_wxyz=[-0.5742416977882385, -0.004169870167970657, 0.0016902164788916707, -0.8186734914779663] status=0x8103
joint_pos=[0.46799999475479126, -51.947998046875, 38.736000061035156, -3.5999999046325684, -18.93600082397461, 29.84400177001953] joint_vel=[-0.0, 0.27000001072883606, 3.3299999237060547, -4.409999847412109, 1.53000009059906, 1.53000009059906] imu_ang_vel=[-0.4510151743888855, 0.05735737830400467, -0.09832123667001724] imu_quat_wxyz=[-0.5745037198066711, 0.0018194966251030564, -0.005251990631222725, -0.8184831142425537] status=0x8103
joint_pos=[0.5400000214576721, -51.947998046875, 38.736000061035156, -3.7799999713897705, -18.93600082397461, 29.84400177001953] joint_vel=[2.700000047683716, 0.09000000357627869, 0.0, -33.93000030517578, 0.27000001072883606, -0.6299999952316284] imu_ang_vel=[-0.10001056641340256, 0.7151581645011902, -0.028546420857310295] imu_quat_wxyz=[-0.5742735862731934, 0.006426823791116476, -0.003954805433750153, -0.8186286687850952] status=0x8103
joint_pos=[0.5759999752044678, -51.947998046875, 38.736000061035156, -3.7799999713897705, -18.899999618530273, 29.808000564575195] joint_vel=[2.609999895095825, 0.5400000214576721, -0.09000000357627869, -2.3400001525878906, 0.5400000214576721, -0.0] imu_ang_vel=[0.030484313145279884, -0.26701560616493225, -0.20910872519016266] imu_quat_wxyz=[-0.5752400755882263, 0.009973810985684395, -0.006095021031796932, -0.8179011940956116] status=0x8103
joint_pos=[0.6480000019073486, -51.947998046875, 38.70000076293945, -3.888000011444092, -18.899999618530273, 29.808000564575195] joint_vel=[7.110000133514404, 0.0, -2.3400001525878906, 2.069999933242798, -0.0, -2.609999895095825] imu_ang_vel=[-0.09521687775850296, -0.7122960686683655, -0.3965952396392822] imu_quat_wxyz=[-0.577592134475708, 0.007128173019737005, -0.0040919180028140545, -0.8162841796875] status=0x8103
joint_pos=[0.6480000019073486, -51.947998046875, 38.736000061035156, -3.9240000247955322, -18.899999618530273, 29.84400177001953] joint_vel=[-0.27000001072883606, 0.0, -1.0800000429153442, -1.2599999904632568, -0.18000000715255737, 0.44999998807907104] imu_ang_vel=[-0.10134214907884598, -0.8301854133605957, -0.43112754821777344] imu_quat_wxyz=[-0.5792654752731323, 0.004386355634778738, -0.0015401637647300959, -0.8151256442070007] status=0x8103
joint_pos=[0.6480000019073486, -51.947998046875, 38.736000061035156, -3.9240000247955322, -18.899999618530273, 29.84400177001953] joint_vel=[0.18000000715255737, 0.0, 0.0, 0.5400000214576721, -0.0, -0.0] imu_ang_vel=[-0.013724157586693764, -0.9897974729537964, -0.3001888394355774] imu_quat_wxyz=[-0.5822999477386475, -0.0034397272393107414, 0.004447003826498985, -0.8129547238349915] status=0x8103
joint_pos=[0.6840000152587891, -51.98400115966797, 38.736000061035156, -3.9240000247955322, -18.899999618530273, 29.84400177001953] joint_vel=[3.9600000381469727, 0.0, 0.0, 0.0, -0.18000000715255737, -0.0] imu_ang_vel=[-0.007332570850849152, -0.697382390499115, -0.15904130041599274] imu_quat_wxyz=[-0.5856974124908447, -0.015069686807692051, 0.013044800609350204, -0.8102846741676331] status=0x8103
joint_pos=[0.6840000152587891, -51.98400115966797, 38.736000061035156, -3.9240000247955322, -18.899999618530273, 29.84400177001953] joint_vel=[1.440000057220459, -0.18000000715255737, 0.0, 1.440000057220459, -0.18000000715255737, -0.0] imu_ang_vel=[-0.056867361068725586, -0.5530390739440918, -0.09406018257141113] imu_quat_wxyz=[-0.5867494940757751, -0.019919080659747124, 0.01691492646932602, -0.8093468546867371] status=0x8103
joint_pos=[0.7559999823570251, -51.98400115966797, 38.736000061035156, -3.8520002365112305, -18.899999618530273, 29.84400177001953] joint_vel=[3.06000018119812, 0.0, -0.27000001072883606, 1.1700000762939453, -0.0, -0.27000001072883606] imu_ang_vel=[-0.07284632325172424, -0.404967337846756, -0.057308558374643326] imu_quat_wxyz=[-0.5872572660446167, -0.023815041407942772, 0.020461853593587875, -0.8087911009788513] status=0x8103
joint_pos=[0.828000009059906, -51.98400115966797, 38.736000061035156, -3.815999984741211, -18.899999618530273, 29.84400177001953] joint_vel=[1.709999918937683, -0.09000000357627869, 0.0, 1.9800000190734863, -0.18000000715255737, 0.09000000357627869] imu_ang_vel=[-0.03662734106183052, -0.26222193241119385, -0.10524545609951019] imu_quat_wxyz=[-0.5877290964126587, -0.026241593062877655, 0.02308010309934616, -0.8083027601242065] status=0x8103
joint_pos=[0.8640000224113464, -51.98400115966797, 38.736000061035156, -3.7799999713897705, -18.899999618530273, 29.84400177001953] joint_vel=[0.8999999761581421, -0.27000001072883606, -0.09000000357627869, 2.430000066757202, -0.09000000357627869, -0.09000000357627869] imu_ang_vel=[0.041136957705020905, -0.21641553938388824, -0.21816347539424896] imu_quat_wxyz=[-0.588963508605957, -0.028182657435536385, 0.02463492937386036, -0.8072922825813293] status=0x8103
joint_pos=[0.8640000224113464, -51.98400115966797, 38.736000061035156, -3.74399995803833, -18.899999618530273, 29.84400177001953] joint_vel=[0.6299999952316284, 0.0, -0.18000000715255737, 1.8899999856948853, -0.6299999952316284, 0.18000000715255737] imu_ang_vel=[0.06137698143720627, 0.003028898499906063, -0.21017399430274963] imu_quat_wxyz=[-0.5906534790992737, -0.03002544306218624, 0.02514246664941311, -0.8059744834899902] status=0x8103
joint_pos=[0.8640000224113464, -51.98400115966797, 38.736000061035156, -3.7080001831054688, -18.899999618530273, 29.84400177001953] joint_vel=[0.7200000286102295, -0.09000000357627869, -0.18000000715255737, 2.430000066757202, -0.18000000715255737, -0.0] imu_ang_vel=[-0.031301021575927734, -0.0054932162165641785, -0.11376757174730301] imu_quat_wxyz=[-0.5922114849090576, -0.029644502326846123, 0.02439478039741516, -0.8048675656318665] status=0x8103
joint_pos=[0.8999999761581421, -51.98400115966797, 38.736000061035156, -3.6720001697540283, -18.899999618530273, 29.84400177001953] joint_vel=[0.7200000286102295, 0.0, 0.18000000715255737, 1.0800000429153442, 0.09000000357627869, -0.18000000715255737] imu_ang_vel=[-0.006267307326197624, 0.11115322262048721, -0.04399275407195091] imu_quat_wxyz=[-0.592646598815918, -0.02952699363231659, 0.024461455643177032, -0.804549515247345] status=0x8103
joint_pos=[0.8999999761581421, -51.98400115966797, 38.736000061035156, -3.635999917984009, -18.899999618530273, 29.84400177001953] joint_vel=[1.7999999523162842, -0.18000000715255737, 0.0, 0.7200000286102295, 0.36000001430511475, -0.0] imu_ang_vel=[-0.019583111628890038, 0.28638920187950134, -0.03760116547346115] imu_quat_wxyz=[-0.5928505659103394, -0.027320776134729385, 0.022709187120199203, -0.8045285940170288] status=0x8103
joint_pos=[0.972000002861023, -51.98400115966797, 38.736000061035156, -3.635999917984009, -18.899999618530273, 29.84400177001953] joint_vel=[-1.1700000762939453, 0.18000000715255737, 0.0, 0.27000001072883606, -0.27000001072883606, -0.0] imu_ang_vel=[-0.005734674632549286, 0.34231558442115784, -0.14785602688789368] imu_quat_wxyz=[-0.5944415926933289, -0.026124650612473488, 0.021781792864203453, -0.8034191727638245] status=0x8103
joint_pos=[0.972000002861023, -51.98400115966797, 38.736000061035156, -3.6720001697540283, -18.899999618530273, 29.84400177001953] joint_vel=[1.0800000429153442, 0.0, 0.0, -0.27000001072883606, -0.0, -0.0] imu_ang_vel=[0.029419047757983208, 0.34657663106918335, -0.1888687014579773] imu_quat_wxyz=[-0.5958276391029358, -0.02350277453660965, 0.01955721527338028, -0.8025301694869995] status=0x8103
joint_pos=[1.0080000162124634, -51.98400115966797, 38.736000061035156, -3.6720001697540283, -18.899999618530273, 29.84400177001953] joint_vel=[0.44999998807907104, 0.0, -0.09000000357627869, -0.09000000357627869, -0.0, -0.0] imu_ang_vel=[-0.03236628323793411, 0.3391197919845581, -0.21070662140846252] imu_quat_wxyz=[-0.5974979400634766, -0.020810380578041077, 0.017411215230822563, -0.8014112710952759] status=0x8103
joint_pos=[1.0080000162124634, -51.98400115966797, 38.736000061035156, -3.6720001697540283, -18.899999618530273, 29.84400177001953] joint_vel=[-0.27000001072883606, 0.27000001072883606, 0.0, 0.0, -0.0, -0.0] imu_ang_vel=[-0.011060995981097221, 0.32367345690727234, -0.21336978673934937] imu_quat_wxyz=[-0.5992874503135681, -0.01795697584748268, 0.015657885000109673, -0.8001793622970581] status=0x8103
joint_pos=[1.0080000162124634, -51.98400115966797, 38.736000061035156, -3.6720001697540283, -18.899999618530273, 29.84400177001953] joint_vel=[-0.27000001072883606, 0.0, -0.18000000715255737, 0.0, 0.27000001072883606, -0.27000001072883606] imu_ang_vel=[-0.027039961889386177, 0.3258039951324463, -0.16862867772579193] imu_quat_wxyz=[-0.6009203195571899, -0.015324033796787262, 0.013736781664192677, -0.7990440130233765] status=0x8103
joint_pos=[1.0080000162124634, -51.98400115966797, 38.736000061035156, -3.6720001697540283, -18.899999618530273, 29.84400177001953] joint_vel=[-0.27000001072883606, -0.09000000357627869, -0.09000000357627869, -0.27000001072883606, -0.27000001072883606, -0.27000001072883606] imu_ang_vel=[-0.020648375153541565, 0.20223332941532135, -0.13826864957809448] imu_quat_wxyz=[-0.6024438738822937, -0.012942842207849026, 0.012509165331721306, -0.7979583740234375] status=0x8103
joint_pos=[1.0080000162124634, -51.98400115966797, 38.736000061035156, -3.6720001697540283, -18.899999618530273, 29.84400177001953] joint_vel=[-0.36000001430511475, 0.0, 0.0, -0.27000001072883606, 0.6299999952316284, -0.0] imu_ang_vel=[0.01716850884258747, 0.010485749691724777, -0.08979912102222443] imu_quat_wxyz=[-0.6034656167030334, -0.011826432310044765, 0.011705586686730385, -0.7972154021263123] status=0x8103
joint_pos=[0.972000002861023, -51.98400115966797, 38.736000061035156, -3.7080001831054688, -18.899999618530273, 29.84400177001953] joint_vel=[-0.09000000357627869, 0.0, 0.0, -7.380000114440918, 0.18000000715255737, 0.27000001072883606] imu_ang_vel=[0.00012427940964698792, 0.04457420855760574, -0.04186222329735756] imu_quat_wxyz=[-0.6040734648704529, -0.011902187950909138, 0.01158834807574749, -0.7967555522918701] status=0x8103
joint_pos=[0.972000002861023, -51.98400115966797, 38.736000061035156, -3.74399995803833, -18.899999618530273, 29.84400177001953] joint_vel=[0.18000000715255737, 0.27000001072883606, 0.0, -1.2599999904632568, 0.18000000715255737, -0.09000000357627869] imu_ang_vel=[0.04380011558532715, 0.27573657035827637, -0.024285363033413887] imu_quat_wxyz=[-0.6042466163635254, -0.011662677861750126, 0.011391636915504932, -0.7966305613517761] status=0x8103
joint_pos=[0.972000002861023, -51.98400115966797, 38.736000061035156, -3.7799999713897705, -18.899999618530273, 29.84400177001953] joint_vel=[-0.0, 0.0, 0.0, -0.809999942779541, -0.18000000715255737, 0.09000000357627869] imu_ang_vel=[0.05125696584582329, 0.2342800498008728, -0.01762746088206768] imu_quat_wxyz=[-0.6044808626174927, -0.010012679733335972, 0.009702383540570736, -0.796497642993927] status=0x8103
joint_pos=[0.972000002861023, -51.98400115966797, 38.736000061035156, -3.7799999713897705, -18.899999618530273, 29.84400177001953] joint_vel=[-0.0, 0.0, -0.09000000357627869, -0.27000001072883606, -0.09000000357627869, 0.09000000357627869] imu_ang_vel=[0.05658329278230667, -0.014547964558005333, 0.0577399916946888] imu_quat_wxyz=[-0.6043487191200256, -0.009208668023347855, 0.008540501818060875, -0.7966210246086121] status=0x8103
joint_pos=[0.972000002861023, -51.98400115966797, 38.736000061035156, -3.7799999713897705, -18.899999618530273, 29.84400177001953] joint_vel=[-0.0, 0.09000000357627869, 0.0, 0.0, 0.09000000357627869, -0.0] imu_ang_vel=[0.05392012745141983, -0.1439775675535202, 0.06785999983549118] imu_quat_wxyz=[-0.5966702699661255, -0.006911239121109247, 0.006680912338197231, -0.8024289608001709] status=0x8103
joint_pos=[0.972000002861023, -51.98400115966797, 38.736000061035156, -3.7799999713897705, -18.899999618530273, 29.84400177001953] joint_vel=[-0.0, -0.09000000357627869, 0.0, 0.27000001072883606, -0.09000000357627869, -0.0] imu_ang_vel=[0.0368758961558342, -0.23079662024974823, 0.05614209547638893] imu_quat_wxyz=[-0.5961471199989319, -0.00857083685696125, 0.00735037587583065, -0.8027958869934082] status=0x8103
joint_pos=[0.972000002861023, -51.98400115966797, 38.736000061035156, -3.7799999713897705, -18.899999618530273, 29.84400177001953] joint_vel=[-0.0, 0.0, 0.18000000715255737, 0.27000001072883606, -0.0, 0.09000000357627869] imu_ang_vel=[0.033147476613521576, -0.25689560174942017, 0.040695760399103165] imu_quat_wxyz=[-0.5957338809967041, -0.010716450400650501, 0.008524157106876373, -0.8030652403831482] status=0x8103
joint_pos=[0.972000002861023, -51.98400115966797, 38.736000061035156, -3.7799999713897705, -18.899999618530273, 29.84400177001953] joint_vel=[0.09000000357627869, -0.09000000357627869, -0.09000000357627869, 0.09000000357627869, 0.18000000715255737, -0.0] imu_ang_vel=[-0.0025388821959495544, -0.2457103282213211, 0.0007483488880097866] imu_quat_wxyz=[-0.5954774022102356, -0.01287060882896185, 0.009944222867488861, -0.8032074570655823] status=0x8103
joint_pos=[0.972000002861023, -51.98400115966797, 38.736000061035156, -3.7799999713897705, -18.899999618530273, 29.84400177001953] joint_vel=[-0.0, 0.0, 0.09000000357627869, 0.0, 0.18000000715255737, -0.0] imu_ang_vel=[0.0033200718462467194, -0.1349228173494339, -0.061036981642246246] imu_quat_wxyz=[-0.589936375617981, -0.014192690141499043, 0.010113897733390331, -0.8072616457939148] status=0x8103
joint_pos=[0.972000002861023, -51.98400115966797, 38.736000061035156, -3.7799999713897705, -18.899999618530273, 29.84400177001953] joint_vel=[-0.0, 0.0, 0.18000000715255737, 0.6299999952316284, -0.0, -0.0] imu_ang_vel=[-0.0190504789352417, -0.22973136603832245, -0.08873385190963745] imu_quat_wxyz=[-0.5905269384384155, -0.015359553508460522, 0.011028897948563099, -0.8067963719367981] status=0x8103
joint_pos=[0.972000002861023, -51.98400115966797, 38.736000061035156, -3.7799999713897705, -18.899999618530273, 29.84400177001953] joint_vel=[-0.09000000357627869, 0.0, 0.27000001072883606, 0.18000000715255737, -0.0, -0.0] imu_ang_vel=[-0.05100841075181961, -0.22174187004566193, -0.11163704097270966] imu_quat_wxyz=[-0.591317355632782, -0.01716557890176773, 0.012703091837465763, -0.8061561584472656] status=0x8103
joint_pos=[0.972000002861023, -51.98400115966797, 38.736000061035156, -3.74399995803833, -18.899999618530273, 29.84400177001953] joint_vel=[-0.0, 0.0, -0.09000000357627869, 0.5400000214576721, 0.18000000715255737, -0.0] imu_ang_vel=[-0.08989056199789047, -0.13865125179290771, -0.12921389937400818] imu_quat_wxyz=[-0.5922834277153015, -0.018377894535660744, 0.014346911571919918, -0.805392324924469] status=0x8103
joint_pos=[1.0080000162124634, -51.98400115966797, 38.736000061035156, -3.74399995803833, -18.899999618530273, 29.84400177001953] joint_vel=[0.18000000715255737, 0.0, -0.09000000357627869, 0.18000000715255737, -0.0, -0.0] imu_ang_vel=[-0.0977024957537651, -0.09657332301139832, -0.14110934734344482] imu_quat_wxyz=[-0.5933849215507507, -0.018787192180752754, 0.015801602974534035, -0.8045443892478943] status=0x8103
joint_pos=[1.0080000162124634, -51.98400115966797, 38.736000061035156, -3.74399995803833, -18.899999618530273, 29.84400177001953] joint_vel=[-0.0, -0.09000000357627869, -0.09000000357627869, 3.7799999713897705, -0.0, -0.0] imu_ang_vel=[-0.09042318910360336, -0.0076237451285123825, -0.19952134788036346] imu_quat_wxyz=[-0.5932427644729614, -0.01996125839650631, 0.016981033608317375, -0.8045969009399414] status=0x8103
joint_pos=[1.0080000162124634, -51.98400115966797, 38.736000061035156, -3.74399995803833, -18.899999618530273, 29.84400177001953] joint_vel=[-0.0, 0.09000000357627869, 0.0, 0.0, 0.36000001430511475, 0.09000000357627869] imu_ang_vel=[-0.07355650514364243, 0.024689272046089172, -0.2346750646829605] imu_quat_wxyz=[-0.5940685868263245, -0.019739296287298203, 0.01732984371483326, -0.8039855360984802] status=0x8103
joint_pos=[1.0080000162124634, -51.98400115966797, 38.736000061035156, -3.74399995803833, -18.899999618530273, 29.84400177001953] joint_vel=[-0.09000000357627869, 0.18000000715255737, -0.09000000357627869, 2.5199999809265137, 0.09000000357627869, -0.0] imu_ang_vel=[-0.07124842703342438, 0.07173844426870346, -0.22828349471092224] imu_quat_wxyz=[-0.5968800187110901, -0.018786119297146797, 0.017909932881593704, -0.8019106388092041] status=0x8103
joint_pos=[1.0080000162124634, -51.98400115966797, 38.736000061035156, -3.74399995803833, -18.899999618530273, 29.84400177001953] joint_vel=[0.18000000715255737, 0.27000001072883606, 0.09000000357627869, 0.44999998807907104, 0.09000000357627869, -0.18000000715255737] imu_ang_vel=[-0.06166104972362518, 0.11701218038797379, -0.17715080082416534] imu_quat_wxyz=[-0.598659098148346, -0.017702531069517136, 0.0178952906280756, -0.8006083369255066] status=0x8103
joint_pos=[0.972000002861023, -51.98400115966797, 38.736000061035156, -3.74399995803833, -18.899999618530273, 29.84400177001953] joint_vel=[-0.0, 0.0, 0.09000000357627869, 0.44999998807907104, 0.18000000715255737, -0.0] imu_ang_vel=[-0.0563347265124321, 0.17027540504932404, -0.12122441828250885] imu_quat_wxyz=[-0.5999746322631836, -0.016298038884997368, 0.0175800584256649, -0.799659788608551] status=0x8103
joint_pos=[1.0080000162124634, -51.98400115966797, 38.736000061035156, -3.74399995803833, -18.899999618530273, 29.84400177001953] joint_vel=[-0.0, 0.0, -0.18000000715255737, 2.7899999618530273, -0.0, -0.09000000357627869] imu_ang_vel=[-0.0376926064491272, 0.16974277794361115, -0.06210224702954292] imu_quat_wxyz=[-0.6004712581634521, -0.015456683933734894, 0.017278462648391724, -0.7993102669715881] status=0x8103
joint_pos=[0.972000002861023, -51.98400115966797, 38.736000061035156, -3.74399995803833, -18.899999618530273, 29.84400177001953] joint_vel=[-0.0, 0.0, 0.0, 0.18000000715255737, -0.0, -0.09000000357627869] imu_ang_vel=[-0.019583111628890038, 0.14683958888053894, 0.00021571668912656605] imu_quat_wxyz=[-0.6022608876228333, -0.013461652211844921, 0.016562769189476967, -0.7980140447616577] status=0x8103
joint_pos=[0.972000002861023, -51.98400115966797, 38.736000061035156, -3.74399995803833, -18.899999618530273, 29.84400177001953] joint_vel=[-0.0, -0.09000000357627869, 0.0, -0.18000000715255737, 0.09000000357627869, -0.0] imu_ang_vel=[0.020364301279187202, 0.13086062669754028, 0.06413157284259796] imu_quat_wxyz=[-0.6021381616592407, -0.01228742953389883, 0.015824228525161743, -0.7981405854225159] status=0x8103
joint_pos=[0.972000002861023, -51.98400115966797, 38.736000061035156, -3.7799999713897705, -18.899999618530273, 29.84400177001953] joint_vel=[-0.0, 0.0, -0.09000000357627869, -0.09000000357627869, -0.0, -0.0] imu_ang_vel=[0.04699591547250748, 0.10316374152898788, 0.12804743647575378] imu_quat_wxyz=[-0.6018787026405334, -0.011827695183455944, 0.015353437513113022, -0.7983523011207581] status=0x8103
joint_pos=[0.972000002861023, -51.98400115966797, 38.736000061035156, -3.7799999713897705, -18.899999618530273, 29.84400177001953] joint_vel=[-0.0, 0.0, -0.09000000357627869, 0.0, -0.0, -0.0] imu_ang_vel=[0.07096435874700546, 0.05948790907859802, 0.19089803099632263] imu_quat_wxyz=[-0.6003499031066895, -0.011028069071471691, 0.013912572525441647, -0.7995404005050659] status=0x8103
joint_pos=[0.972000002861023, -51.98400115966797, 38.736000061035156, -3.7799999713897705, -18.899999618530273, 29.84400177001953] joint_vel=[-0.0, 0.0, 0.27000001072883606, -0.09000000357627869, -0.0, -0.0] imu_ang_vel=[0.07948647439479828, 0.00036573782563209534, 0.2478896677494049] imu_quat_wxyz=[-0.5995732545852661, -0.011010059155523777, 0.013476941734552383, -0.8001306653022766] status=0x8103
joint_pos=[1.0080000162124634, -51.98400115966797, 38.736000061035156, -3.7799999713897705, -18.899999618530273, 29.84400177001953] joint_vel=[-0.0, -0.09000000357627869, 0.0, -0.44999998807907104, -0.09000000357627869, 0.18000000715255737] imu_ang_vel=[0.08472402393817902, -0.02635464072227478, 0.26404619216918945] imu_quat_wxyz=[-0.602310836315155, -0.010204382240772247, 0.013053715229034424, -0.7980896830558777] status=0x8103
joint_pos=[0.972000002861023, -51.98400115966797, 38.736000061035156, -3.7799999713897705, -18.899999618530273, 29.84400177001953] joint_vel=[-0.0, 0.0, 0.0, -0.27000001072883606, -0.0, -0.0] imu_ang_vel=[0.12582546472549438, 0.012616277672350407, 0.270260214805603] imu_quat_wxyz=[-0.600142240524292, -0.010950292460620403, 0.012325732037425041, -0.7997235059738159] status=0x8103
joint_pos=[1.0080000162124634, -51.98400115966797, 38.736000061035156, -3.7799999713897705, -18.899999618530273, 29.84400177001953] joint_vel=[0.27000001072883606, 0.09000000357627869, 0.0, -0.09000000357627869, -0.0, -0.0] imu_ang_vel=[0.11623809486627579, -0.05183221399784088, 0.2803802490234375] imu_quat_wxyz=[-0.5979279279708862, -0.011645014397799969, 0.011372278444468975, -0.8013845682144165] status=0x8103
joint_pos=[1.0080000162124634, -51.98400115966797, 38.736000061035156, -3.7799999713897705, -18.899999618530273, 29.84400177001953] joint_vel=[-0.0, 0.0, 0.0, -0.27000001072883606, -0.0, 0.18000000715255737] imu_ang_vel=[0.10238965600728989, -0.032124824821949005, 0.26812970638275146] imu_quat_wxyz=[-0.595717191696167, -0.012741532176733017, 0.010870063677430153, -0.8030197024345398] status=0x8103
joint_pos=[1.0080000162124634, -51.98400115966797, 38.736000061035156, -3.7799999713897705, -18.899999618530273, 29.84400177001953] joint_vel=[-0.0, -0.18000000715255737, -0.09000000357627869, 0.0, -0.0, -0.0] imu_ang_vel=[0.07522542029619217, 0.022736288607120514, 0.2654665410518646] imu_quat_wxyz=[-0.5922048091888428, -0.013110008090734482, 0.00989504624158144, -0.8056201934814453] status=0x8103
joint_pos=[1.0080000162124634, -51.98400115966797, 38.736000061035156, -3.7799999713897705, -18.899999618530273, 29.84400177001953] joint_vel=[-0.09000000357627869, 0.0, 0.0, 0.0, -0.0, -0.0] imu_ang_vel=[0.04273485392332077, 0.07972792536020279, 0.2436286211013794] imu_quat_wxyz=[-0.5901501774787903, -0.013114512898027897, 0.00919834803789854, -0.8071346282958984] status=0x8103
joint_pos=[1.0080000162124634, -51.98400115966797, 38.736000061035156, -3.7799999713897705, -18.899999618530273, 29.84400177001953] joint_vel=[-0.18000000715255737, -0.09000000357627869, 0.0, 0.44999998807907104, -0.09000000357627869, -0.0] imu_ang_vel=[0.016635878011584282, -0.07153960317373276, 0.21752963960170746] imu_quat_wxyz=[-0.5882350206375122, -0.012884953059256077, 0.00864696130156517, -0.8085411787033081] status=0x8103
joint_pos=[1.0080000162124634, -51.98400115966797, 38.736000061035156, -3.7799999713897705, -18.899999618530273, 29.84400177001953] joint_vel=[-0.0, 0.0, 0.0, 0.0, 0.09000000357627869, -0.18000000715255737] imu_ang_vel=[0.0065158661454916, -0.03478798270225525, 0.09395897388458252] imu_quat_wxyz=[-0.5867685079574585, -0.013338902965188026, 0.008903187699615955, -0.8095959424972534] status=0x8103
joint_pos=[1.0080000162124634, -51.98400115966797, 38.736000061035156, -3.7799999713897705, -18.899999618530273, 29.84400177001953] joint_vel=[-0.09000000357627869, 0.0, 0.0, 0.0, -0.09000000357627869, -0.0] imu_ang_vel=[0.02569062076508999, -0.05343011021614075, -0.004577972926199436] imu_quat_wxyz=[-0.5862641334533691, -0.013866483233869076, 0.00909907091408968, -0.8099502325057983] status=0x8103
joint_pos=[0.972000002861023, -51.98400115966797, 38.736000061035156, -3.7799999713897705, -18.899999618530273, 29.84400177001953] joint_vel=[-0.0, 0.0, 0.0, -0.09000000357627869, -0.0, -0.0] imu_ang_vel=[-0.014256789349019527, -0.04970168322324753, -0.057841189205646515] imu_quat_wxyz=[-0.5839274525642395, -0.015062414109706879, 0.009021123871207237, -0.8116158843040466] status=0x8103
joint_pos=[0.972000002861023, -51.98400115966797, 38.736000061035156, -3.7799999713897705, -18.899999618530273, 29.84400177001953] joint_vel=[-0.0, 0.0, -0.09000000357627869, -0.18000000715255737, -0.0, -0.0] imu_ang_vel=[-0.031833648681640625, -0.0054932162165641785, -0.07062436640262604] imu_quat_wxyz=[-0.5844611525535583, -0.015214058570563793, 0.009389976970851421, -0.8112246990203857] status=0x8103
joint_pos=[1.0080000162124634, -51.98400115966797, 38.736000061035156, -3.7799999713897705, -18.899999618530273, 29.84400177001953] joint_vel=[-0.0, 0.0, 0.0, -0.27000001072883606, -0.0, -0.0] imu_ang_vel=[-0.042486295104026794, 0.009953116998076439, -0.07754857838153839] imu_quat_wxyz=[-0.5847674608230591, -0.015129487961530685, 0.009538423269987106, -0.8110038042068481] status=0x8103
joint_pos=[1.0080000162124634, -51.98400115966797, 38.736000061035156, -3.7799999713897705, -18.899999618530273, 29.84400177001953] joint_vel=[-0.0, 0.0, 0.0, -0.27000001072883606, -0.0, -0.0] imu_ang_vel=[-0.06965053826570511, 0.017942599952220917, -0.11110441386699677] imu_quat_wxyz=[-0.5854552984237671, -0.01473443303257227, 0.00983238872140646, -0.8105111122131348] status=0x8103
joint_pos=[1.0080000162124634, -51.98400115966797, 38.736000061035156, -3.7799999713897705, -18.899999618530273, 29.84400177001953] joint_vel=[-0.0, 0.0, 0.0, -0.18000000715255737, -0.18000000715255737, -0.0] imu_ang_vel=[-0.057399995625019073, 0.015812071040272713, -0.14359498023986816] imu_quat_wxyz=[-0.586882472038269, -0.013953101821243763, 0.010464021936058998, -0.8094842433929443] status=0x8103
joint_pos=[1.0080000162124634, -51.98400115966797, 38.736000061035156, -3.7799999713897705, -18.899999618530273, 29.84400177001953] joint_vel=[0.18000000715255737, 0.0, 0.0, 0.18000000715255737, -0.0, 0.18000000715255737] imu_ang_vel=[-0.053671568632125854, 0.022736288607120514, -0.13933390378952026] imu_quat_wxyz=[-0.5875405073165894, -0.013798913918435574, 0.01078147254884243, -0.8090052008628845] status=0x8103
joint_pos=[1.0080000162124634, -51.98400115966797, 38.736000061035156, -3.7799999713897705, -18.899999618530273, 29.84400177001953] joint_vel=[0.27000001072883606, 0.0, -0.27000001072883606, -0.09000000357627869, -0.18000000715255737, -0.0] imu_ang_vel=[-0.05207367241382599, 0.039780519902706146, -0.12175705283880234] imu_quat_wxyz=[-0.5881137251853943, -0.013544664718210697, 0.010924205183982849, -0.8085910081863403] status=0x8103
joint_pos=[1.0080000162124634, -51.98400115966797, 38.736000061035156, -3.7799999713897705, -18.899999618530273, 29.84400177001953] joint_vel=[0.09000000357627869, 0.0, 0.09000000357627869, 0.0, -0.0, -0.0] imu_ang_vel=[-0.04142102971673012, 0.03232366591691971, -0.10577809065580368] imu_quat_wxyz=[-0.5891522765159607, -0.01294641476124525, 0.011132153682410717, -0.8078415989875793] status=0x8103
motion_test: joint 2 -> -31.984 deg
joint_pos=[1.0080000162124634, -51.98400115966797, 38.736000061035156, -3.7799999713897705, -18.899999618530273, 29.84400177001953] joint_vel=[-0.0, 0.0, -0.09000000357627869, 0.0, -0.18000000715255737, -0.18000000715255737] imu_ang_vel=[-0.024376800283789635, 0.004626795183867216, -0.0727548897266388] imu_quat_wxyz=[-0.5900523066520691, -0.01242675818502903, 0.011286500841379166, -0.807190477848053] status=0x8103
joint_pos=[0.972000002861023, -51.98400115966797, 38.736000061035156, -3.7799999713897705, -18.899999618530273, 29.84400177001953] joint_vel=[-0.0, 0.18000000715255737, 0.0, 0.0, 0.18000000715255737, -0.0] imu_ang_vel=[0.0006569121032953262, -0.028396399691700935, -0.06529804319143295] imu_quat_wxyz=[-0.5907298922538757, -0.012193658389151096, 0.01147363893687725, -0.8066956400871277] status=0x8103
joint_pos=[0.972000002861023, -42.948001861572266, 38.736000061035156, -3.7799999713897705, -18.899999618530273, 29.84400177001953] joint_vel=[-0.0, 660.239990234375, 0.09000000357627869, -0.27000001072883606, -0.0, -0.0] imu_ang_vel=[0.008113762363791466, 0.015812071040272713, -0.0493190735578537] imu_quat_wxyz=[-0.5912196636199951, -0.012294426560401917, 0.011628580279648304, -0.806333065032959] status=0x8103
joint_pos=[0.972000002861023, -32.86800003051758, 38.736000061035156, -3.7799999713897705, -18.899999618530273, 29.84400177001953] joint_vel=[-0.0, 488.6999816894531, 0.44999998807907104, -0.27000001072883606, -0.18000000715255737, 0.09000000357627869] imu_ang_vel=[-0.011060995981097221, 0.005692059174180031, 0.076382115483284] imu_quat_wxyz=[-0.5949172377586365, -0.012022104114294052, 0.012314151972532272, -0.8036026954650879] status=0x8103
joint_pos=[1.0080000162124634, -29.052000045776367, 38.736000061035156, -3.7799999713897705, -18.899999618530273, 29.84400177001953] joint_vel=[0.18000000715255737, -22.229999542236328, -0.44999998807907104, -0.18000000715255737, -0.09000000357627869, -0.0] imu_ang_vel=[-0.021181007847189903, -0.03052692674100399, 0.20314857363700867] imu_quat_wxyz=[-0.5938742160797119, -0.011786104179918766, 0.012461687438189983, -0.8043749928474426] status=0x8103
joint_pos=[1.0080000162124634, -29.700000762939453, 38.736000061035156, -3.7799999713897705, -18.899999618530273, 29.84400177001953] joint_vel=[-0.0, -27.270000457763672, -0.5400000214576721, 0.18000000715255737, -0.18000000715255737, -0.0] imu_ang_vel=[0.04326748847961426, 0.007822588086128235, 0.1924959272146225] imu_quat_wxyz=[-0.5930631160736084, -0.01182488352060318, 0.012599052861332893, -0.8049705028533936] status=0x8103
joint_pos=[1.0080000162124634, -30.168001174926758, 38.736000061035156, -3.7799999713897705, -18.899999618530273, 29.84400177001953] joint_vel=[-0.0, -16.469999313354492, 0.0, -0.18000000715255737, -0.0, 0.09000000357627869] imu_ang_vel=[0.0158369280397892, -0.029372891411185265, 0.09582318365573883] imu_quat_wxyz=[-0.5913527011871338, -0.012283430434763432, 0.01252713706344366, -0.8062222599983215] status=0x8103
joint_pos=[1.0080000162124634, -30.56399917602539, 38.736000061035156, -3.7799999713897705, -18.899999618530273, 29.84400177001953] joint_vel=[-0.0, -23.849998474121094, 0.09000000357627869, 0.27000001072883606, -0.0, -0.0] imu_ang_vel=[0.09919386357069016, -0.02307007648050785, 0.03856523707509041] imu_quat_wxyz=[-0.592797577381134, -0.012582691386342049, 0.012577313929796219, -0.8051550388336182] status=0x8103
joint_pos=[1.0080000162124634, -30.816001892089844, 38.736000061035156, -3.7799999713897705, -18.899999618530273, 29.84400177001953] joint_vel=[-0.0, -28.71000099182129, 0.0, -0.09000000357627869, 0.18000000715255737, 0.27000001072883606] imu_ang_vel=[0.04060432314872742, -0.014015330001711845, 0.0715884268283844] imu_quat_wxyz=[-0.5924150943756104, -0.013170724734663963, 0.01205910462886095, -0.8054350018501282] status=0x8103
joint_pos=[1.0080000162124634, -31.031999588012695, 38.736000061035156, -3.7799999713897705, -18.899999618530273, 29.84400177001953] joint_vel=[-0.0, -7.380000114440918, 0.0, 0.0, -0.0, -0.0] imu_ang_vel=[0.06031171977519989, 0.0024962665047496557, 0.11899268627166748] imu_quat_wxyz=[-0.591701090335846, -0.01347116008400917, 0.011755898594856262, -0.805959165096283] status=0x8103
joint_pos=[1.0080000162124634, -31.139999389648438, 38.736000061035156, -3.7799999713897705, -18.899999618530273, 29.84400177001953] joint_vel=[-0.0, -4.949999809265137, 0.0, 0.0, -0.0, -0.0] imu_ang_vel=[0.021962197497487068, 0.0024962665047496557, 0.11100320518016815] imu_quat_wxyz=[-0.5907670855522156, -0.013728317804634571, 0.011357269249856472, -0.8066453337669373] status=0x8103
joint_pos=[1.0080000162124634, -31.284000396728516, 38.736000061035156, -3.7799999713897705, -18.899999618530273, 29.84400177001953] joint_vel=[0.27000001072883606, -3.5999999046325684, 0.0, 0.0, -0.0, -0.0] imu_ang_vel=[0.01397271640598774, 0.015279438346624374, 0.06040315330028534] imu_quat_wxyz=[-0.5900106430053711, -0.013776811771094799, 0.011205127462744713, -0.8072000741958618] status=0x8103
joint_pos=[1.0080000162124634, -31.428001403808594, 38.736000061035156, -3.7799999713897705, -18.899999618530273, 29.84400177001953] joint_vel=[-0.0, -3.870000123977661, 0.09000000357627869, 0.0, -0.0, -0.0] imu_ang_vel=[0.010776922106742859, 0.04457420855760574, 0.014064152725040913] imu_quat_wxyz=[-0.5902718305587769, -0.01427256129682064, 0.011047815904021263, -0.8070028424263] status=0x8103
joint_pos=[1.0080000162124634, -31.535999298095703, 38.736000061035156, -3.7799999713897705, -18.899999618530273, 29.84400177001953] joint_vel=[-0.0, -0.27000001072883606, -0.18000000715255737, 0.0, -0.09000000357627869, 0.18000000715255737] imu_ang_vel=[0.016103243455290794, 0.06428159773349762, -0.028013790026307106] imu_quat_wxyz=[-0.5902802348136902, -0.013906690292060375, 0.010617424733936787, -0.8070088624954224] status=0x8103
joint_pos=[1.0080000162124634, -31.57200050354004, 38.736000061035156, -3.7799999713897705, -18.899999618530273, 29.84400177001953] joint_vel=[-0.09000000357627869, -1.8899999856948853, 0.0, 0.0, -0.18000000715255737, -0.0] imu_ang_vel=[0.013440083712339401, 0.06641212850809097, -0.050384338945150375] imu_quat_wxyz=[-0.590591549873352, -0.013446608558297157, 0.010106693021953106, -0.8067952990531921] status=0x8103
joint_pos=[1.0080000162124634, -31.608001708984375, 38.736000061035156, -3.7799999713897705, -18.899999618530273, 29.84400177001953] joint_vel=[-0.0, -1.619999885559082, 0.0, 0.0, -0.0, -0.0] imu_ang_vel=[-0.00413677841424942, 0.05256368964910507, -0.06370014697313309] imu_quat_wxyz=[-0.5910458564758301, -0.01298532634973526, 0.00970470067113638, -0.8064751029014587] status=0x8103
joint_pos=[1.0080000162124634, -31.643999099731445, 38.736000061035156, -3.7799999713897705, -18.899999618530273, 29.84400177001953] joint_vel=[-0.0, -2.700000047683716, -0.09000000357627869, 0.0, -0.0, -0.09000000357627869] imu_ang_vel=[-0.005734674632549286, 0.028595242649316788, -0.0770159512758255] imu_quat_wxyz=[-0.5916196703910828, -0.01260866317898035, 0.009470690973103046, -0.8060629367828369] status=0x8103
joint_pos=[1.0080000162124634, -31.68000030517578, 38.736000061035156, -3.7799999713897705, -18.899999618530273, 29.84400177001953] joint_vel=[-0.0, -0.44999998807907104, -0.18000000715255737, 0.0, -0.0, -0.0] imu_ang_vel=[-0.010262047871947289, 0.013947857543826103, -0.0838513970375061] imu_quat_wxyz=[-0.5917230844497681, -0.012377829290926456, 0.009188731200993061, -0.805993914604187] status=0x8103
joint_pos=[1.0080000162124634, -31.68000030517578, 38.736000061035156, -3.7799999713897705, -18.899999618530273, 29.84400177001953] joint_vel=[-0.0, -0.27000001072883606, 0.0, -0.09000000357627869, -0.18000000715255737, -0.0] imu_ang_vel=[-0.023311536759138107, 0.004626795183867216, -0.0866033285856247] imu_quat_wxyz=[-0.592432975769043, -0.012209893204271793, 0.009314551949501038, -0.8054733872413635] status=0x8103
joint_pos=[1.0080000162124634, -31.68000030517578, 38.736000061035156, -3.7799999713897705, -18.899999618530273, 29.84400177001953] joint_vel=[-0.0, -0.09000000357627869, 0.18000000715255737, -0.27000001072883606, -0.0, 0.09000000357627869] imu_ang_vel=[-0.024909432977437973, -0.006025848910212517, -0.09352754801511765] imu_quat_wxyz=[-0.5931695103645325, -0.012042596936225891, 0.009484839625656605, -0.804931640625] status=0x8103
joint_pos=[1.0080000162124634, -31.68000030517578, 38.736000061035156, -3.7799999713897705, -18.899999618530273, 29.84400177001953] joint_vel=[-0.0, -0.09000000357627869, 0.27000001072883606, 0.0, 0.09000000357627869, 0.09000000357627869] imu_ang_vel=[-0.02917049080133438, -0.02733113430440426, -0.09885387122631073] imu_quat_wxyz=[-0.5935579538345337, -0.01199264731258154, 0.009607688523828983, -0.8046445846557617] status=0x8103
joint_pos=[1.0080000162124634, -31.68000030517578, 38.736000061035156, -3.7799999713897705, -18.899999618530273, 29.84400177001953] joint_vel=[-0.0, 0.09000000357627869, 0.0, 0.0, 0.09000000357627869, -0.0] imu_ang_vel=[-0.027572594583034515, -0.050234317779541016, -0.09778860211372375] imu_quat_wxyz=[-0.5947641134262085, -0.012097388505935669, 0.010198182426393032, -0.8037446141242981] status=0x8103
joint_pos=[1.0080000162124634, -31.68000030517578, 38.736000061035156, -3.7799999713897705, -18.899999618530273, 29.84400177001953] joint_vel=[-0.0, 0.0, 0.0, 0.0, -0.09000000357627869, 0.09000000357627869] imu_ang_vel=[-0.031301021575927734, -0.05449537932872772, -0.08287490904331207] imu_quat_wxyz=[-0.5950907468795776, -0.012140132486820221, 0.010568493977189064, -0.8034974336624146] status=0x8103
joint_pos=[0.972000002861023, -31.68000030517578, 38.736000061035156, -3.7799999713897705, -18.899999618530273, 29.84400177001953] joint_vel=[-0.0, 0.0, -0.09000000357627869, 0.09000000357627869, -0.0, -0.18000000715255737] imu_ang_vel=[-0.02970312163233757, -0.05449537932872772, -0.06849383562803268] imu_quat_wxyz=[-0.5957306623458862, -0.012397690676152706, 0.011155673302710056, -0.8030111193656921] status=0x8103
joint_pos=[0.972000002861023, -31.68000030517578, 38.736000061035156, -3.7799999713897705, -18.899999618530273, 29.84400177001953] joint_vel=[-0.0, 0.0, -0.09000000357627869, 0.0, -0.0, -0.0] imu_ang_vel=[-0.02650732919573784, -0.05343011021614075, -0.0631675124168396] imu_quat_wxyz=[-0.5962788462638855, -0.012654319405555725, 0.011721840128302574, -0.8025920987129211] status=0x8103
joint_pos=[0.972000002861023, -31.68000030517578, 38.736000061035156, -3.7799999713897705, -18.899999618530273, 29.84400177001953] joint_vel=[-0.0, 0.0, 0.0, 0.0, -0.09000000357627869, -0.0] imu_ang_vel=[-0.020115744322538376, -0.049701690673828125, -0.05198223516345024] imu_quat_wxyz=[-0.5967804789543152, -0.012941892258822918, 0.01224391721189022, -0.8022067546844482] status=0x8103
joint_pos=[0.972000002861023, -31.68000030517578, 38.736000061035156, -3.7799999713897705, -18.899999618530273, 29.84400177001953] joint_vel=[-0.0, 0.0, 0.09000000357627869, 0.0, -0.18000000715255737, -0.0] imu_ang_vel=[-0.0190504789352417, -0.03265745937824249, -0.03866643086075783] imu_quat_wxyz=[-0.5971820950508118, -0.013178679160773754, 0.01267952099442482, -0.8018972277641296] status=0x8103
joint_pos=[0.972000002861023, -31.68000030517578, 38.736000061035156, -3.7799999713897705, -18.899999618530273, 29.84400177001953] joint_vel=[-0.0, 0.0, 0.0, 0.0, 0.18000000715255737, -0.0] imu_ang_vel=[-0.017452582716941833, -0.028396399691700935, -0.03334010764956474] imu_quat_wxyz=[-0.597343921661377, -0.01325387042015791, 0.012854646891355515, -0.8017725944519043] status=0x8103
joint_pos=[0.972000002861023, -31.68000030517578, 38.736000061035156, -3.7799999713897705, -18.899999618530273, 29.84400177001953] joint_vel=[-0.0, 0.0, 0.09000000357627869, 0.09000000357627869, -0.0, -0.0] imu_ang_vel=[-0.00786520354449749, -0.015346910804510117, -0.022509921342134476] imu_quat_wxyz=[-0.5981932282447815, -0.013680205680429935, 0.01339787058532238, -0.8011230230331421] status=0x8103
joint_pos=[0.972000002861023, -31.68000030517578, 38.736000061035156, -3.7799999713897705, -18.899999618530273, 29.84400177001953] joint_vel=[-0.0, 0.0, 0.27000001072883606, 0.27000001072883606, 0.18000000715255737, 0.09000000357627869] imu_ang_vel=[0.0011895429342985153, 0.005692059174180031, -0.006175869610160589] imu_quat_wxyz=[-0.5981932282447815, -0.013680205680429935, 0.01339787058532238, -0.8011230230331421] status=0x8103
joint_pos=[0.972000002861023, -31.68000030517578, 38.736000061035156, -3.7799999713897705, -18.899999618530273, 29.84400177001953] joint_vel=[-0.0, 0.0, 0.0, 0.18000000715255737, -0.09000000357627869, 0.09000000357627869] imu_ang_vel=[0.007048496976494789, 0.022736288607120514, 0.00021571668912656605] imu_quat_wxyz=[-0.5983794927597046, -0.013625547289848328, 0.013404497876763344, -0.800984799861908] status=0x8103
joint_pos=[0.972000002861023, -31.68000030517578, 38.736000061035156, -3.7799999713897705, -18.899999618530273, 29.84400177001953] joint_vel=[0.09000000357627869, 0.0, 0.0, 0.18000000715255737, -0.7200000286102295, -0.27000001072883606] imu_ang_vel=[0.013440083712339401, 0.02806260995566845, 0.004476774018257856] imu_quat_wxyz=[-0.5983873009681702, -0.013489828445017338, 0.01319783553481102, -0.8009846806526184] status=0x8103
joint_pos=[0.972000002861023, -31.68000030517578, 38.736000061035156, -3.7799999713897705, -18.899999618530273, 29.84400177001953] joint_vel=[-0.27000001072883606, 0.0, 0.0, 0.0, -0.0, -0.0] imu_ang_vel=[0.019299035891890526, 0.033921562135219574, 0.018857842311263084] imu_quat_wxyz=[-0.5989521741867065, -0.013568602502346039, 0.013160957023501396, -0.8005617260932922] status=0x8103
joint_pos=[1.0080000162124634, -31.68000030517578, 38.736000061035156, -3.7799999713897705, -18.899999618530273, 29.84400177001953] joint_vel=[-0.0, 0.0, 0.18000000715255737, 0.0, 0.09000000357627869, -0.0] imu_ang_vel=[0.02409272827208042, 0.039780519902706146, 0.033238913863897324] imu_quat_wxyz=[-0.5987871289253235, -0.013398552313446999, 0.012798743322491646, -0.800693929195404] status=0x8103
joint_pos=[0.972000002861023, -31.68000030517578, 38.736000061035156, -3.7799999713897705, -18.899999618530273, 29.84400177001953] joint_vel=[-0.0, 0.0, -0.09000000357627869, -0.18000000715255737, -0.0, -0.0] imu_ang_vel=[0.02462535910308361, 0.04563947021961212, 0.04602208361029625] imu_quat_wxyz=[-0.5985026955604553, -0.013199247419834137, 0.012374313548207283, -0.8009164929389954] status=0x8103
joint_pos=[0.972000002861023, -31.68000030517578, 38.736000061035156, -3.7799999713897705, -18.899999618530273, 29.84400177001953] joint_vel=[-0.0, 0.0, -0.18000000715255737, 0.09000000357627869, 0.27000001072883606, -0.0] imu_ang_vel=[0.02569062076508999, 0.0419110432267189, 0.05241366848349571] imu_quat_wxyz=[-0.5983255505561829, -0.013088490813970566, 0.012149367481470108, -0.801054060459137] status=0x8103
joint_pos=[0.972000002861023, -31.68000030517578, 38.736000061035156, -3.7799999713897705, -18.899999618530273, 29.84400177001953] joint_vel=[-0.0, 0.0, -0.09000000357627869, 0.0, -0.09000000357627869, -0.0] imu_ang_vel=[0.031016943976283073, 0.02806260995566845, 0.05614209547638893] imu_quat_wxyz=[-0.5977246165275574, -0.012840157374739647, 0.01150611974298954, -0.8015161156654358] status=0x8103
joint_pos=[0.972000002861023, -31.68000030517578, 38.736000061035156, -3.7799999713897705, -18.899999618530273, 29.84400177001953] joint_vel=[-0.0, 0.0, -0.09000000357627869, 0.0, 0.09000000357627869, -0.0] imu_ang_vel=[0.0251579899340868, 0.021138392388820648, 0.061468418687582016] imu_quat_wxyz=[-0.5975079536437988, -0.012813850305974483, 0.011311440728604794, -0.801680862903595] status=0x8103
joint_pos=[0.972000002861023, -31.68000030517578, 38.736000061035156, -3.7799999713897705, -18.899999618530273, 29.84400177001953] joint_vel=[-0.0, -0.27000001072883606, -0.09000000357627869, 0.0, -0.0, -0.0] imu_ang_vel=[0.018766405060887337, 0.01634470373392105, 0.06466420739889145] imu_quat_wxyz=[-0.5969138145446777, -0.012541263364255428, 0.011004718951880932, -0.8021318316459656] status=0x8103
joint_pos=[0.972000002861023, -31.68000030517578, 38.736000061035156, -3.7799999713897705, -18.899999618530273, 29.84400177001953] joint_vel=[-0.0, -0.27000001072883606, 0.0, 0.0, -0.09000000357627869, -0.0] imu_ang_vel=[0.015570612624287605, 0.004626795183867216, 0.061468418687582016] imu_quat_wxyz=[-0.5961639881134033, -0.01251684408634901, 0.010693421587347984, -0.8026938438415527] status=0x8103
joint_pos=[0.972000002861023, -31.68000030517578, 38.736000061035156, -3.7799999713897705, -18.899999618530273, 29.84400177001953] joint_vel=[-0.0, 0.0, 0.0, 0.0, 0.09000000357627869, -0.0] imu_ang_vel=[0.015570612624287605, -0.0012321588583290577, 0.04548945277929306] imu_quat_wxyz=[-0.5957203507423401, -0.012568970210850239, 0.010572394356131554, -0.8030239939689636] status=0x8103
joint_pos=[0.972000002861023, -31.68000030517578, 38.736000061035156, -3.7799999713897705, -18.899999618530273, 29.84400177001953] joint_vel=[-0.0, -0.09000000357627869, 0.18000000715255737, 0.0, 0.27000001072883606, -0.09000000357627869] imu_ang_vel=[0.01024428941309452, -0.007091112434864044, 0.022586267441511154] imu_quat_wxyz=[-0.5954254269599915, -0.012657235376536846, 0.01050725020468235, -0.8032422065734863] status=0x8103
joint_pos=[0.972000002861023, -31.68000030517578, 38.736000061035156, -3.7799999713897705, -18.899999618530273, 29.84400177001953] joint_vel=[-0.0, 0.0, -0.18000000715255737, 0.0, 0.18000000715255737, -0.09000000357627869] imu_ang_vel=[0.0038527045398950577, -0.016678491607308388, 0.00021571668912656605] imu_quat_wxyz=[-0.59507817029953, -0.012810913845896721, 0.0103326216340065, -0.8034992814064026] status=0x8103
joint_pos=[0.972000002861023, -31.68000030517578, 38.736000061035156, -3.7799999713897705, -18.899999618530273, 29.84400177001953] joint_vel=[-0.0, 0.18000000715255737, 0.0, 0.0, -0.0, -0.0] imu_ang_vel=[-0.003249058499932289, -0.017211124300956726, -0.01629588194191456] imu_quat_wxyz=[-0.5951399803161621, -0.012962093576788902, 0.010443534702062607, -0.8034496307373047] status=0x8103
joint_pos=[0.972000002861023, -31.68000030517578, 38.736000061035156, -3.7799999713897705, -18.899999618530273, 29.84400177001953] joint_vel=[-0.0, 0.0, -0.09000000357627869, 0.0, 0.27000001072883606, -0.0] imu_ang_vel=[-0.011060995981097221, -0.010819537565112114, -0.028013788163661957] imu_quat_wxyz=[-0.5953121781349182, -0.013054365292191505, 0.010594991035759449, -0.8033186793327332] status=0x8103
joint_pos=[0.972000002861023, -31.68000030517578, 38.736000061035156, -3.7799999713897705, -18.899999618530273, 29.84400177001953] joint_vel=[-0.0, 0.18000000715255737, 0.0, 0.0, -0.0, -0.0] imu_ang_vel=[-0.017452582716941833, -0.010819537565112114, -0.04079695791006088] imu_quat_wxyz=[-0.5955781936645508, -0.01306153554469347, 0.010768246836960316, -0.8031190037727356] status=0x8103
joint_pos=[0.972000002861023, -31.68000030517578, 38.736000061035156, -3.7799999713897705, -18.899999618530273, 29.84400177001953] joint_vel=[-0.0, -0.27000001072883606, 0.27000001072883606, -0.09000000357627869, -0.18000000715255737, -0.0] imu_ang_vel=[-0.021181007847189903, -0.010819537565112114, -0.05304749682545662] imu_quat_wxyz=[-0.595956027507782, -0.01302850991487503, 0.01098806131631136, -0.8028361797332764] status=0x8103
joint_pos=[1.0080000162124634, -31.68000030517578, 38.736000061035156, -3.7799999713897705, -18.899999618530273, 29.84400177001953] joint_vel=[-0.0, -0.18000000715255737, 0.27000001072883606, -0.09000000357627869, -0.0, -0.0] imu_ang_vel=[-0.0190504789352417, -0.009754273109138012, -0.05890645459294319] imu_quat_wxyz=[-0.5964986681938171, -0.013178368099033833, 0.011169805191457272, -0.8024281859397888] status=0x8103
joint_pos=[0.972000002861023, -31.68000030517578, 38.736000061035156, -3.7799999713897705, -18.899999618530273, 29.84400177001953] joint_vel=[-0.0, 0.09000000357627869, -0.27000001072883606, 0.0, 0.09000000357627869, -0.0] imu_ang_vel=[-0.019583111628890038, -0.0033626873046159744, -0.058373820036649704] imu_quat_wxyz=[-0.5967410206794739, -0.013153324835002422, 0.011275820434093475, -0.8022469282150269] status=0x8103
joint_pos=[0.972000002861023, -31.68000030517578, 38.736000061035156, -3.7799999713897705, -18.899999618530273, 29.84400177001953] joint_vel=[-0.0, 0.0, 0.18000000715255737, 0.0, 0.27000001072883606, -0.0] imu_ang_vel=[-0.02082591876387596, -0.0036290036514401436, -0.05482294037938118] imu_quat_wxyz=[-0.5974449515342712, -0.01301476638764143, 0.011565250344574451, -0.801720917224884] status=0x8103
joint_pos=[1.0080000162124634, -31.68000030517578, 38.736000061035156, -3.7799999713897705, -18.899999618530273, 29.84400177001953] joint_vel=[-0.0, -0.27000001072883606, -0.09000000357627869, 0.0, 0.27000001072883606, -0.0] imu_ang_vel=[-0.013191524893045425, -0.0076237451285123825, -0.04559065029025078] imu_quat_wxyz=[-0.5978706479072571, -0.01295496430248022, 0.01174146682024002, -0.8014019727706909] status=0x8103
joint_pos=[0.972000002861023, -31.68000030517578, 38.736000061035156, -3.7799999713897705, -18.899999618530273, 29.84400177001953] joint_vel=[-0.0, 0.27000001072883606, 0.27000001072883606, 0.0, -0.0, -0.18000000715255737] imu_ang_vel=[-0.008397836238145828, -0.006025848910212517, -0.03334010764956474] imu_quat_wxyz=[-0.5982300639152527, -0.012942162342369556, 0.011882267892360687, -0.8011317849159241] status=0x8103
joint_pos=[0.972000002861023, -31.68000030517578, 38.736000061035156, -3.7799999713897705, -18.899999618530273, 29.84400177001953] joint_vel=[-0.0, 0.0, 0.0, 0.0, -0.09000000357627869, 0.09000000357627869] imu_ang_vel=[-0.004669410176575184, -0.0044279517605900764, -0.01895904168486595] imu_quat_wxyz=[-0.5986142158508301, -0.012867712415754795, 0.012130136601626873, -0.8008422255516052] status=0x8103
joint_pos=[0.972000002861023, -31.68000030517578, 38.736000061035156, -3.7799999713897705, -18.899999618530273, 29.84400177001953] joint_vel=[-0.0, 0.0, 0.0, 0.0, -0.0, 0.09000000357627869] imu_ang_vel=[0.0033200718462467194, -0.007091112434864044, -0.005643237382173538] imu_quat_wxyz=[-0.5987464189529419, -0.012893812730908394, 0.012188765220344067, -0.8007421493530273] status=0x8103
joint_pos=[0.972000002861023, -31.68000030517578, 38.736000061035156, -3.7799999713897705, -18.899999618530273, 29.84400177001953] joint_vel=[-0.0, 0.0, -0.18000000715255737, 0.0, -0.0, -0.0] imu_ang_vel=[0.0075811296701431274, -0.0054932162165641785, 0.01140099298208952] imu_quat_wxyz=[-0.5987611413002014, -0.012968535535037518, 0.01220633927732706, -0.8007295727729797] status=0x8103
joint_pos=[0.972000002861023, -31.68000030517578, 38.736000061035156, -3.7799999713897705, -18.899999618530273, 29.84400177001953] joint_vel=[-0.0, 0.0, 0.0, 0.0, -0.0, -0.0] imu_ang_vel=[0.01024428941309452, 0.00036573782563209534, 0.026314692571759224] imu_quat_wxyz=[-0.5986473560333252, -0.013038081116974354, 0.012176203541457653, -0.8008140921592712] status=0x8103
joint_pos=[0.972000002861023, -31.68000030517578, 38.736000061035156, -3.7799999713897705, -18.899999618530273, 29.84400177001953] joint_vel=[-0.0, 0.0, -0.09000000357627869, 0.0, 0.09000000357627869, -0.0] imu_ang_vel=[0.015037979930639267, 0.004094162955880165, 0.03483681008219719] imu_quat_wxyz=[-0.5984311699867249, -0.01308428030461073, 0.01209460198879242, -0.8009760975837708] status=0x8103
joint_pos=[0.972000002861023, -31.68000030517578, 38.736000061035156, -3.7799999713897705, -18.899999618530273, 29.84400177001953] joint_vel=[-0.09000000357627869, 0.0, 0.0, 0.09000000357627869, 0.09000000357627869, -0.0] imu_ang_vel=[0.01716850884258747, 0.006224691867828369, 0.03803260251879692] imu_quat_wxyz=[-0.5982998609542847, -0.01310756802558899, 0.01203435380011797, -0.801074743270874] status=0x8103
joint_pos=[0.972000002861023, -31.68000030517578, 38.736000061035156, -3.7799999713897705, -18.899999618530273, 29.84400177001953] joint_vel=[-0.0, 0.0, -0.27000001072883606, -0.27000001072883606, -0.0, -0.0] imu_ang_vel=[0.018766405060887337, 0.012083645910024643, 0.04176102951169014] imu_quat_wxyz=[-0.5980849862098694, -0.013204398564994335, 0.011991739273071289, -0.8012341856956482] status=0x8103
joint_pos=[1.0080000162124634, -31.68000030517578, 38.736000061035156, -3.7799999713897705, -18.899999618530273, 29.84400177001953] joint_vel=[-0.09000000357627869, 0.0, 0.0, 0.09000000357627869, -0.09000000357627869, -0.0] imu_ang_vel=[0.01770113967359066, 0.015279438346624374, 0.04229366034269333] imu_quat_wxyz=[-0.5979292988777161, -0.013204380869865417, 0.01189638301730156, -0.80135178565979] status=0x8103
joint_pos=[0.972000002861023, -31.68000030517578, 38.736000061035156, -3.7799999713897705, -18.899999618530273, 29.84400177001953] joint_vel=[-0.0, 0.0, 0.0, 0.0, -0.0, -0.0] imu_ang_vel=[0.014505348168313503, 0.018564002588391304, 0.036523476243019104] imu_quat_wxyz=[-0.5974811911582947, -0.013132465071976185, 0.01158611848950386, -0.8016916513442993] status=0x8103
joint_pos=[0.972000002861023, -31.68000030517578, 38.736000061035156, -3.7799999713897705, -18.899999618530273, 29.84400177001953] joint_vel=[-0.0, 0.09000000357627869, 0.0, 0.18000000715255737, -0.0, -0.0] imu_ang_vel=[0.012907451018691063, 0.02007312886416912, 0.02365153096616268] imu_quat_wxyz=[-0.5972453951835632, -0.013048752211034298, 0.011381630785763264, -0.8018717169761658] status=0x8103
joint_pos=[1.0080000162124634, -31.68000030517578, 38.736000061035156, -3.7799999713897705, -18.899999618530273, 29.84400177001953] joint_vel=[0.09000000357627869, 0.0, 0.0, 0.0, 0.09000000357627869, -0.0] imu_ang_vel=[0.016635878011584282, 0.02007312886416912, 0.006607302464544773] imu_quat_wxyz=[-0.597421407699585, -0.0131144467741251, 0.011192314326763153, -0.8017421364784241] status=0x8103
joint_pos=[0.972000002861023, -31.68000030517578, 38.736000061035156, -3.7799999713897705, -18.899999618530273, 29.84400177001953] joint_vel=[-0.0, 0.0, 0.0, 0.0, -0.0, -0.0] imu_ang_vel=[0.010776922106742859, 0.01687733456492424, -0.004577972926199436] imu_quat_wxyz=[-0.5974203944206238, -0.013062291778624058, 0.010986312292516232, -0.801746666431427] status=0x8103
joint_pos=[0.972000002861023, -31.68000030517578, 38.736000061035156, -3.7799999713897705, -18.899999618530273, 29.84400177001953] joint_vel=[-0.0, 0.0, 0.0, 0.0, -0.0, -0.0] imu_ang_vel=[0.0006569121032953262, 0.015279438346624374, -0.01043692696839571] imu_quat_wxyz=[-0.5974911451339722, -0.012981807813048363, 0.010847799479961395, -0.8016970157623291] status=0x8103
joint_pos=[0.972000002861023, -31.68000030517578, 38.736000061035156, -3.7799999713897705, -18.899999618530273, 29.84400177001953] joint_vel=[-0.0, 0.0, 0.0, 0.18000000715255737, -0.0, -0.0] imu_ang_vel=[-0.0004083532840013504, 0.010485748760402203, -0.017361145466566086] imu_quat_wxyz=[-0.5976142883300781, -0.012875271029770374, 0.01076738815754652, -0.801608145236969] status=0x8103
joint_pos=[0.972000002861023, -31.68000030517578, 38.736000061035156, -3.7799999713897705, -18.899999618530273, 29.84400177001953] joint_vel=[-0.0, 0.0, 0.0, 0.27000001072883606, -0.0, -0.09000000357627869] imu_ang_vel=[-0.0025388821959495544, 0.003561530727893114, -0.025350628420710564] imu_quat_wxyz=[-0.5977940559387207, -0.012799160555005074, 0.01074055302888155, -0.8014756441116333] status=0x8103
joint_pos=[0.972000002861023, -31.68000030517578, 38.736000061035156, -3.7799999713897705, -18.899999618530273, 29.84400177001953] joint_vel=[-0.0, 0.0, 0.0, 0.09000000357627869, -0.27000001072883606, -0.0] imu_ang_vel=[-0.005202041938900948, -0.0044279517605900764, -0.03493800386786461] imu_quat_wxyz=[-0.5980095863342285, -0.012701100669801235, 0.010612884536385536, -0.8013181090354919] status=0x8103
joint_pos=[0.972000002861023, -31.68000030517578, 38.736000061035156, -3.7799999713897705, -18.899999618530273, 29.84400177001953] joint_vel=[-0.0, 0.0, 0.0, 0.0, -0.0, -0.0] imu_ang_vel=[-0.008930468000471592, -0.009754273109138012, -0.036535900086164474] imu_quat_wxyz=[-0.5983102321624756, -0.012712343595921993, 0.010714071802794933, -0.8010921478271484] status=0x8103
joint_pos=[0.972000002861023, -31.68000030517578, 38.736000061035156, -3.7799999713897705, -18.899999618530273, 29.84400177001953] joint_vel=[-0.0, 0.0, 0.0, 0.0, -0.0, -0.0] imu_ang_vel=[-0.012658893130719662, -0.012950066477060318, -0.036003269255161285] imu_quat_wxyz=[-0.5984629392623901, -0.012729980982840061, 0.010787703096866608, -0.8009766936302185] status=0x8103
joint_pos=[0.972000002861023, -31.68000030517578, 38.736000061035156, -3.7799999713897705, -18.899999618530273, 29.84400177001953] joint_vel=[-0.0, 0.0, 0.27000001072883606, 0.0, -0.0, -0.0] imu_ang_vel=[-0.013724157586693764, -0.018276387825608253, -0.039199065417051315] imu_quat_wxyz=[-0.5987733006477356, -0.012768793851137161, 0.010962131433188915, -0.8007417321205139] status=0x8103
joint_pos=[0.972000002861023, -31.68000030517578, 38.736000061035156, -3.7799999713897705, -18.899999618530273, 29.84400177001953] joint_vel=[-0.0, 0.0, -0.09000000357627869, 0.0, -0.0, -0.0] imu_ang_vel=[-0.012215033173561096, -0.019696740433573723, -0.03919906169176102] imu_quat_wxyz=[-0.5990992188453674, -0.01283003855496645, 0.011183672584593296, -0.8004938960075378] status=0x8103
joint_pos=[0.972000002861023, -31.68000030517578, 38.736000061035156, -3.7799999713897705, -18.899999618530273, 29.84400177001953] joint_vel=[-0.0, -0.09000000357627869, 0.18000000715255737, 0.0, -0.0, -0.0] imu_ang_vel=[-0.01159362867474556, -0.01987428404390812, -0.03760116547346115] imu_quat_wxyz=[-0.599622368812561, -0.012972727417945862, 0.01152040809392929, -0.8000951409339905] status=0x8103
joint_pos=[1.0080000162124634, -31.68000030517578, 38.736000061035156, -3.7799999713897705, -18.899999618530273, 29.84400177001953] joint_vel=[-0.0, -0.09000000357627869, 0.0, 0.27000001072883606, -0.0, -0.0] imu_ang_vel=[-0.008397836238145828, -0.018276387825608253, -0.03760116547346115] imu_quat_wxyz=[-0.5997817516326904, -0.01302109844982624, 0.011630397289991379, -0.79997318983078] status=0x8103
joint_pos=[0.972000002861023, -31.68000030517578, 38.736000061035156, -3.7799999713897705, -18.899999618530273, 29.84400177001953] joint_vel=[-0.0, 0.0, 0.0, -0.36000001430511475, -0.0, -0.0] imu_ang_vel=[-0.007332570850849152, -0.014015330001711845, -0.03493800386786461] imu_quat_wxyz=[-0.600250244140625, -0.01315256766974926, 0.011918211355805397, -0.7996153235435486] status=0x8103
motion_test: joint 2 returning to start
joint_pos=[0.972000002861023, -31.68000030517578, 38.736000061035156, -3.7799999713897705, -18.899999618530273, 29.84400177001953] joint_vel=[-0.0, 0.18000000715255737, 0.27000001072883606, 0.0, 0.09000000357627869, 0.09000000357627869] imu_ang_vel=[-0.005734674632549286, -0.010819537565112114, -0.032274845987558365] imu_quat_wxyz=[-0.6003974676132202, -0.013189797289669514, 0.011993818916380405, -0.7995030283927917] status=0x8103
joint_pos=[0.972000002861023, -31.68000030517578, 38.736000061035156, -3.7799999713897705, -18.899999618530273, 29.84400177001953] joint_vel=[-0.0, 0.0, 0.0, -0.09000000357627869, -0.0, -0.0] imu_ang_vel=[-0.02277890406548977, 0.01474680658429861, 0.00980309583246708] imu_quat_wxyz=[-0.6006761789321899, -0.013251247815787792, 0.012115738354623318, -0.7992908954620361] status=0x8103
joint_pos=[1.0080000162124634, -40.68000030517578, 38.736000061035156, -3.7799999713897705, -18.899999618530273, 29.84400177001953] joint_vel=[-0.0, -662.6699829101562, 0.27000001072883606, 0.18000000715255737, -0.27000001072883606, 0.18000000715255737] imu_ang_vel=[-0.016387317329645157, -0.02360270917415619, 0.03749996796250343] imu_quat_wxyz=[-0.6007517576217651, -0.0131189851090312, 0.012243841774761677, -0.7992342114448547] status=0x8103
joint_pos=[0.972000002861023, -50.79600143432617, 38.736000061035156, -3.7799999713897705, -18.899999618530273, 29.84400177001953] joint_vel=[-0.0, -499.40997314453125, -0.809999942779541, -0.18000000715255737, 0.27000001072883606, -0.0] imu_ang_vel=[0.02089693211019039, -0.02360270917415619, -0.04186222329735756] imu_quat_wxyz=[-0.6004111766815186, -0.012984635308384895, 0.012591407634317875, -0.7994869351387024] status=0x8103
joint_pos=[1.0080000162124634, -54.612003326416016, 38.736000061035156, -3.7799999713897705, -18.899999618530273, 29.84400177001953] joint_vel=[-0.0, 36.27000045776367, 0.5400000214576721, 0.0, -0.27000001072883606, -0.09000000357627869] imu_ang_vel=[0.025157993659377098, 0.015812071040272713, -0.09619070589542389] imu_quat_wxyz=[-0.6006156206130981, -0.013258107006549835, 0.012399510480463505, -0.7993319034576416] status=0x8103
joint_pos=[1.0080000162124634, -54.000003814697266, 38.736000061035156, -3.7799999713897705, -18.899999618530273, 29.84400177001953] joint_vel=[0.09000000357627869, 33.47999954223633, 0.0, -0.27000001072883606, 0.09000000357627869, -0.0] imu_ang_vel=[0.018766405060887337, 0.010485748760402203, -0.03866643086075783] imu_quat_wxyz=[-0.6016121506690979, -0.013311339542269707, 0.012132859788835049, -0.7985853552818298] status=0x8103
joint_pos=[0.972000002861023, -53.56800079345703, 38.736000061035156, -3.7799999713897705, -18.899999618530273, 29.84400177001953] joint_vel=[-0.0, 23.849998474121094, 0.0, 0.0, 0.18000000715255737, -0.0] imu_ang_vel=[0.020364301279187202, -0.01188480295240879, 0.0018136132275685668] imu_quat_wxyz=[-0.6017497181892395, -0.013349093496799469, 0.012039152905344963, -0.7984824776649475] status=0x8103
joint_pos=[0.972000002861023, -53.24399948120117, 38.736000061035156, -3.7799999713897705, -18.899999618530273, 29.84400177001953] joint_vel=[0.09000000357627869, 12.690000534057617, 0.0, 0.0, -0.0, -0.0] imu_ang_vel=[0.0063383206725120544, 0.01962926797568798, 0.06555192917585373] imu_quat_wxyz=[-0.601585865020752, -0.01346516888588667, 0.011783243156969547, -0.7986077666282654] status=0x8103
joint_pos=[1.0080000162124634, -52.992000579833984, 38.736000061035156, -3.7799999713897705, -18.899999618530273, 29.84400177001953] joint_vel=[0.18000000715255737, 8.460000038146973, 0.0, 0.0, -0.0, -0.0] imu_ang_vel=[-0.017985213547945023, 0.015812071040272713, 0.03590207174420357] imu_quat_wxyz=[-0.6010882258415222, -0.013169603422284126, 0.011747317388653755, -0.798987865447998] status=0x8103
joint_pos=[0.972000002861023, -52.847999572753906, 38.736000061035156, -3.7799999713897705, -18.899999618530273, 29.84400177001953] joint_vel=[-0.0, 7.740000247955322, 0.0, -0.18000000715255737, 0.09000000357627869, 0.09000000357627869] imu_ang_vel=[0.03634326905012131, 0.011018380522727966, 0.00660730293020606] imu_quat_wxyz=[-0.6009030938148499, -0.0130381491035223, 0.0117181446403265, -0.7991296052932739] status=0x8103
joint_pos=[1.0080000162124634, -52.63199996948242, 38.736000061035156, -3.7799999713897705, -18.899999618530273, 29.84400177001953] joint_vel=[0.18000000715255737, 15.029999732971191, 0.0, -0.09000000357627869, -0.0, -0.0] imu_ang_vel=[0.009179025888442993, 0.01634470373392105, 0.006607302464544773] imu_quat_wxyz=[-0.6008680462837219, -0.013094041496515274, 0.011420037597417831, -0.7991594672203064] status=0x8103
joint_pos=[0.972000002861023, -52.52399826049805, 38.736000061035156, -3.7799999713897705, -18.899999618530273, 29.84400177001953] joint_vel=[-0.0, 5.490000247955322, 0.09000000357627869, 0.0, -0.0, -0.0] imu_ang_vel=[0.027288516983389854, 0.010485748760402203, 0.022586267441511154] imu_quat_wxyz=[-0.6008128523826599, -0.013030567206442356, 0.011245155707001686, -0.7992044687271118] status=0x8103
joint_pos=[1.0080000162124634, -52.451995849609375, 38.736000061035156, -3.7799999713897705, -18.899999618530273, 29.84400177001953] joint_vel=[0.09000000357627869, 2.5199999809265137, 0.0, 0.0, 0.09000000357627869, -0.18000000715255737] imu_ang_vel=[0.0251579899340868, -0.007091112434864044, 0.025249427184462547] imu_quat_wxyz=[-0.6005438566207886, -0.013144233264029026, 0.011023489758372307, -0.7994078993797302] status=0x8103
joint_pos=[0.972000002861023, -52.380001068115234, 38.736000061035156, -3.7799999713897705, -18.899999618530273, 29.84400177001953] joint_vel=[-0.0, 3.509999990463257, 0.0, 0.0, -0.0, -0.0] imu_ang_vel=[0.011842185631394386, 0.005159427411854267, 0.036967337131500244] imu_quat_wxyz=[-0.6003041863441467, -0.013316065073013306, 0.01092773862183094, -0.7995863556861877] status=0x8103
joint_pos=[0.972000002861023, -52.30799865722656, 38.736000061035156, -3.7799999713897705, -18.899999618530273, 29.84400177001953] joint_vel=[-0.18000000715255737, 1.1700000762939453, 0.09000000357627869, -0.18000000715255737, -0.0, -0.0] imu_ang_vel=[0.002787439152598381, 0.011551013216376305, 0.036967337131500244] imu_quat_wxyz=[-0.6000159978866577, -0.013303132727742195, 0.010808154009282589, -0.7998043894767761] status=0x8103
joint_pos=[1.0080000162124634, -52.27199935913086, 38.736000061035156, -3.7799999713897705, -18.899999618530273, 29.84400177001953] joint_vel=[0.09000000357627869, 2.9700000286102295, -0.27000001072883606, 0.18000000715255737, 0.27000001072883606, -0.0] imu_ang_vel=[-0.0009409859776496887, 0.012616277672350407, 0.02791258879005909] imu_quat_wxyz=[-0.5997757315635681, -0.013194701634347439, 0.010783789679408073, -0.7999866604804993] status=0x8103
joint_pos=[1.0080000162124634, -52.236000061035156, 38.736000061035156, -3.7799999713897705, -18.899999618530273, 29.84400177001953] joint_vel=[0.09000000357627869, -0.27000001072883606, 0.0, 0.0, 0.18000000715255737, -0.0] imu_ang_vel=[0.0011895429342985153, 0.02380155213177204, 0.02418416365981102] imu_quat_wxyz=[-0.5996698141098022, -0.01313583180308342, 0.010745829902589321, -0.8000675439834595] status=0x8103
joint_pos=[0.972000002861023, -52.19999694824219, 38.736000061035156, -3.7799999713897705, -18.899999618530273, 29.84400177001953] joint_vel=[-0.0, 0.27000001072883606, 0.0, -0.27000001072883606, -0.0, -0.0] imu_ang_vel=[-0.006799939088523388, 0.01687733456492424, 0.013531520962715149] imu_quat_wxyz=[-0.5994846820831299, -0.012958119623363018, 0.010603471659123898, -0.8002111315727234] status=0x8103
joint_pos=[1.0080000162124634, -52.163997650146484, 38.736000061035156, -3.7799999713897705, -18.899999618530273, 29.84400177001953] joint_vel=[-0.09000000357627869, 1.1700000762939453, -0.18000000715255737, 0.27000001072883606, -0.0, -0.09000000357627869] imu_ang_vel=[0.016103243455290794, -0.01987428404390812, -0.015230615623295307] imu_quat_wxyz=[-0.5996288061141968, -0.013001829385757446, 0.010586596094071865, -0.800102710723877] status=0x8103
joint_pos=[0.972000002861023, -52.12800216674805, 38.736000061035156, -3.7799999713897705, -18.899999618530273, 29.84400177001953] joint_vel=[-0.09000000357627869, 1.1700000762939453, 0.0, 0.0, 0.18000000715255737, -0.0] imu_ang_vel=[-0.0025388821959495544, -0.011352170258760452, -0.018426408991217613] imu_quat_wxyz=[-0.5997902154922485, -0.013207752257585526, 0.01063009724020958, -0.7999776601791382] status=0x8103
joint_pos=[0.972000002861023, -52.12800216674805, 38.736000061035156, -3.7799999713897705, -18.899999618530273, 29.84400177001953] joint_vel=[-0.0, 0.7200000286102295, 0.0, 0.27000001072883606, -0.0, -0.0] imu_ang_vel=[-0.0004083532840013504, 0.011551013216376305, -0.017893778160214424] imu_quat_wxyz=[-0.5999574065208435, -0.013211781159043312, 0.010675814934074879, -0.799851655960083] status=0x8103
joint_pos=[1.0080000162124634, -52.092002868652344, 38.736000061035156, -3.7799999713897705, -18.899999618530273, 29.84400177001953] joint_vel=[-0.0, 0.36000001430511475, 0.0, 0.0, 0.09000000357627869, -0.0] imu_ang_vel=[-0.007332570850849152, 0.003561530727893114, -0.02694852463901043] imu_quat_wxyz=[-0.60014408826828, -0.013123566284775734, 0.010647399351000786, -0.7997134327888489] status=0x8103
joint_pos=[0.972000002861023, -52.092002868652344, 38.736000061035156, -3.7799999713897705, -18.899999618530273, 29.84400177001953] joint_vel=[-0.09000000357627869, 0.09000000357627869, -0.27000001072883606, -0.09000000357627869, -0.0, -0.09000000357627869] imu_ang_vel=[-0.006267307326197624, -0.00496058352291584, -0.02641589194536209] imu_quat_wxyz=[-0.6002641916275024, -0.013086631894111633, 0.010677828453481197, -0.7996233701705933] status=0x8103
joint_pos=[0.972000002861023, -52.092002868652344, 38.736000061035156, -3.7799999713897705, -18.899999618530273, 29.84400177001953] joint_vel=[-0.18000000715255737, -0.09000000357627869, 0.0, -0.09000000357627869, -0.0, -0.0] imu_ang_vel=[-0.012658893130719662, -0.0076237451285123825, -0.021622203290462494] imu_quat_wxyz=[-0.600968062877655, -0.013219709508121014, 0.010781621560454369, -0.799091100692749] status=0x8103
joint_pos=[1.0080000162124634, -52.092002868652344, 38.736000061035156, -3.7799999713897705, -18.899999618530273, 29.84400177001953] joint_vel=[-0.09000000357627869, 0.0, 0.0, -0.6299999952316284, -0.09000000357627869, 0.18000000715255737] imu_ang_vel=[-0.005734674632549286, -0.0038953199982643127, -0.02002430520951748] imu_quat_wxyz=[-0.6011589169502258, -0.013211043551564217, 0.010934940539300442, -0.798945426940918] status=0x8103
joint_pos=[1.0080000162124634, -52.092002868652344, 38.736000061035156, -3.7799999713897705, -18.899999618530273, 29.84400177001953] joint_vel=[-0.0, 0.18000000715255737, 0.0, 0.18000000715255737, -0.0, -0.0] imu_ang_vel=[-0.003604145720601082, -0.0065584806725382805, -0.02748115547001362] imu_quat_wxyz=[-0.6013568043708801, -0.013218360021710396, 0.011006495915353298, -0.7987954616546631] status=0x8103
joint_pos=[1.0080000162124634, -52.092002868652344, 38.736000061035156, -3.7799999713897705, -18.899999618530273, 29.84400177001953] joint_vel=[-0.09000000357627869, 0.0, 0.18000000715255737, 0.09000000357627869, -0.09000000357627869, -0.0] imu_ang_vel=[0.00012427940964698792, -0.009221641346812248, -0.03387274220585823] imu_quat_wxyz=[-0.6016203761100769, -0.01325073093175888, 0.011103182099759579, -0.7985950708389282] status=0x8103
joint_pos=[0.972000002861023, -52.092002868652344, 38.736000061035156, -3.7799999713897705, -18.899999618530273, 29.84400177001953] joint_vel=[-0.09000000357627869, -0.27000001072883606, 0.09000000357627869, 0.0, -0.0, -0.0] imu_ang_vel=[0.002787439152598381, -0.0012321588583290577, -0.025883259251713753] imu_quat_wxyz=[-0.6017006635665894, -0.013347542844712734, 0.011274278163909912, -0.798530638217926] status=0x8103
joint_pos=[1.0080000162124634, -52.092002868652344, 38.736000061035156, -3.7799999713897705, -18.899999618530273, 29.84400177001953] joint_vel=[0.18000000715255737, -0.18000000715255737, -0.09000000357627869, 0.0, -0.27000001072883606, 0.27000001072883606] imu_ang_vel=[-0.0050244987942278385, -0.003007599152624607, -0.019846763461828232] imu_quat_wxyz=[-0.6019046306610107, -0.01335819624364376, 0.01131220068782568, -0.7983761429786682] status=0x8103
joint_pos=[1.0080000162124634, -52.092002868652344, 38.736000061035156, -3.7799999713897705, -18.899999618530273, 29.84400177001953] joint_vel=[0.18000000715255737, 0.0, -0.18000000715255737, 0.27000001072883606, -0.0, -0.0] imu_ang_vel=[0.002254808321595192, -0.006025848910212517, -0.007773765828460455] imu_quat_wxyz=[-0.6020301580429077, -0.0133786890655756, 0.011373025365173817, -0.7982802987098694] status=0x8103
joint_pos=[0.972000002861023, -52.092002868652344, 38.736000061035156, -3.7799999713897705, -18.899999618530273, 29.84400177001953] joint_vel=[-0.18000000715255737, 0.09000000357627869, -0.18000000715255737, 0.0, 0.09000000357627869, -0.0] imu_ang_vel=[0.0006569121032953262, -0.0033626873046159744, -0.002447444247081876] imu_quat_wxyz=[-0.6020956635475159, -0.013436323031783104, 0.011417653411626816, -0.7982292771339417] status=0x8103
joint_pos=[0.972000002861023, -52.092002868652344, 38.736000061035156, -3.7799999713897705, -18.899999618530273, 29.84400177001953] joint_vel=[-0.18000000715255737, 0.0, 0.09000000357627869, 0.09000000357627869, -0.0, -0.0] imu_ang_vel=[0.004385335370898247, 0.006224691867828369, -0.0008495476795360446] imu_quat_wxyz=[-0.6021284461021423, -0.013438697904348373, 0.011422339826822281, -0.7982043623924255] status=0x8103
joint_pos=[0.972000002861023, -52.092002868652344, 38.736000061035156, -3.7799999713897705, -18.899999618530273, 29.84400177001953] joint_vel=[-0.09000000357627869, 0.0, 0.0, 0.0, -0.0, -0.0] imu_ang_vel=[0.0033200718462467194, 0.004094162955880165, -0.004045340698212385] imu_quat_wxyz=[-0.6020643711090088, -0.01350534800440073, 0.011500797234475613, -0.7982505559921265] status=0x8103
joint_pos=[1.0080000162124634, -52.092002868652344, 38.736000061035156, -3.7799999713897705, -18.899999618530273, 29.84400177001953] joint_vel=[0.27000001072883606, 0.18000000715255737, 0.0, 0.09000000357627869, 0.18000000715255737, -0.0] imu_ang_vel=[0.008113762363791466, 0.003561530727893114, -0.0013821797911077738] imu_quat_wxyz=[-0.6021125316619873, -0.013500437140464783, 0.011455509811639786, -0.798214852809906] status=0x8103
joint_pos=[0.972000002861023, -52.092002868652344, 38.736000061035156, -3.7799999713897705, -18.899999618530273, 29.84400177001953] joint_vel=[-0.0, -0.18000000715255737, 0.0, 0.09000000357627869, -0.09000000357627869, -0.0] imu_ang_vel=[0.002787439152598381, 0.006757323630154133, 0.004476774018257856] imu_quat_wxyz=[-0.6021190881729126, -0.013487296178936958, 0.011376810260117054, -0.7982112765312195] status=0x8103
joint_pos=[0.972000002861023, -52.092002868652344, 38.736000061035156, -3.7799999713897705, -18.899999618530273, 29.84400177001953] joint_vel=[-0.27000001072883606, 0.0, 0.0, 0.0, -0.0, -0.0] imu_ang_vel=[0.0075811296701431274, 0.008355220779776573, 0.0034115095622837543] imu_quat_wxyz=[-0.6021060347557068, -0.013441030867397785, 0.011316223070025444, -0.7982227802276611] status=0x8103
joint_pos=[0.972000002861023, -52.092002868652344, 38.736000061035156, -3.7799999713897705, -18.899999618530273, 29.84400177001953] joint_vel=[-0.0, 0.0, 0.0, 0.0, -0.0, -0.0] imu_ang_vel=[0.0065158661454916, 0.006224691867828369, -0.00031691548065282404] imu_quat_wxyz=[-0.60211181640625, -0.013421476818621159, 0.011224674060940742, -0.7982200980186462] status=0x8103
joint_pos=[0.972000002861023, -52.092002868652344, 38.736000061035156, -3.7799999713897705, -18.899999618530273, 29.84400177001953] joint_vel=[-0.0, -0.27000001072883606, 0.0, 0.18000000715255737, -0.0, -0.0] imu_ang_vel=[0.004562880843877792, 0.0094204843044281, -0.002447444247081876] imu_quat_wxyz=[-0.6021919846534729, -0.013440931215882301, 0.011189475655555725, -0.7981597781181335] status=0x8103
joint_pos=[0.972000002861023, -52.092002868652344, 38.736000061035156, -3.7799999713897705, -18.899999618530273, 29.84400177001953] joint_vel=[-0.0, 0.09000000357627869, 0.09000000357627869, 0.09000000357627869, -0.09000000357627869, -0.0] imu_ang_vel=[0.004917968064546585, 0.012083645910024643, -0.002980076242238283] imu_quat_wxyz=[-0.602232038974762, -0.013385264202952385, 0.011101420037448406, -0.7981316447257996] status=0x8103
joint_pos=[0.972000002861023, -52.092002868652344, 38.736000061035156, -3.7799999713897705, -18.899999618530273, 29.84400177001953] joint_vel=[-0.09000000357627869, -0.18000000715255737, 0.09000000357627869, 0.0, -0.0, -0.0] imu_ang_vel=[0.002787439152598381, 0.0094204843044281, -0.005643237382173538] imu_quat_wxyz=[-0.6022573113441467, -0.013355706818401814, 0.011061528697609901, -0.7981137037277222] status=0x8103
joint_pos=[0.972000002861023, -52.092002868652344, 38.736000061035156, -3.7799999713897705, -18.899999618530273, 29.84400177001953] joint_vel=[-0.0, 0.0, 0.0, 0.0, -0.0, -0.0] imu_ang_vel=[0.0034976163879036903, 0.00098714220803231, -0.008483942598104477] imu_quat_wxyz=[-0.60238116979599, -0.013321660459041595, 0.011012855917215347, -0.7980214357376099] status=0x8103
joint_pos=[0.972000002861023, -52.092002868652344, 38.736000061035156, -3.7799999713897705, -18.899999618530273, 29.84400177001953] joint_vel=[-0.0, 0.0, 0.0, -0.27000001072883606, -0.0, -0.0] imu_ang_vel=[-0.0009409859776496887, -0.0017647910863161087, -0.01043692696839571] imu_quat_wxyz=[-0.602478563785553, -0.01334392186254263, 0.011013171635568142, -0.7979475855827332] status=0x8103
joint_pos=[0.972000002861023, -52.092002868652344, 38.736000061035156, -3.7799999713897705, -18.899999618530273, 29.84400177001953] joint_vel=[-0.0, 0.0, 0.0, 0.0, -0.0, -0.0] imu_ang_vel=[0.0011895429342985153, 0.0008983700536191463, -0.013100086711347103] imu_quat_wxyz=[-0.6026475429534912, -0.013340821489691734, 0.011016491800546646, -0.797819972038269] status=0x8103
joint_pos=[0.972000002861023, -52.092002868652344, 38.736000061035156, -3.7799999713897705, -18.899999618530273, 29.84400177001953] joint_vel=[-0.09000000357627869, 0.0, 0.0, 0.18000000715255737, -0.0, -0.0] imu_ang_vel=[-0.0025388821959495544, -0.0044279517605900764, -0.01895904168486595] imu_quat_wxyz=[-0.6027912497520447, -0.013344255276024342, 0.011037751100957394, -0.7977109551429749] status=0x8103
joint_pos=[0.972000002861023, -52.092002868652344, 38.736000061035156, -3.7799999713897705, -18.899999618530273, 29.84400177001953] joint_vel=[-0.0, 0.0, 0.0, -0.09000000357627869, -0.0, -0.0] imu_ang_vel=[-0.0025388821959495544, -0.00496058352291584, -0.018426408991217613] imu_quat_wxyz=[-0.6028748750686646, -0.013354385271668434, 0.011065413244068623, -0.79764723777771] status=0x8103
joint_pos=[1.0080000162124634, -52.092002868652344, 38.736000061035156, -3.7799999713897705, -18.899999618530273, 29.84400177001953] joint_vel=[0.09000000357627869, 0.0, -0.18000000715255737, 0.09000000357627869, -0.0, -0.0] imu_ang_vel=[-0.005202041938900948, -0.00496058352291584, -0.01629588194191456] imu_quat_wxyz=[-0.6031081080436707, -0.013387275859713554, 0.011155737563967705, -0.7974691390991211] status=0x8103
joint_pos=[1.0080000162124634, -52.092002868652344, 38.736000061035156, -3.7799999713897705, -18.899999618530273, 29.84400177001953] joint_vel=[-0.0, 0.0, -0.18000000715255737, 0.0, -0.18000000715255737, -0.0] imu_ang_vel=[-0.0025388821959495544, -0.0044279517605900764, -0.01949167437851429] imu_quat_wxyz=[-0.6032648682594299, -0.01339019276201725, 0.011238021776080132, -0.7973492741584778] status=0x8103
joint_pos=[0.972000002861023, -52.092002868652344, 38.736000061035156, -3.7799999713897705, -18.899999618530273, 29.84400177001953] joint_vel=[-0.0, 0.09000000357627869, 0.0, -0.09000000357627869, -0.0, -0.0] imu_ang_vel=[-0.004669410176575184, -0.0054932162165641785, -0.022154835984110832] imu_quat_wxyz=[-0.603568971157074, -0.013466386124491692, 0.011307685635983944, -0.7971168756484985] status=0x8103
joint_pos=[1.0080000162124634, -52.092002868652344, 38.736000061035156, -3.7799999713897705, -18.899999618530273, 29.84400177001953] joint_vel=[0.09000000357627869, 0.0, 0.09000000357627869, 0.09000000357627869, -0.0, -0.0] imu_ang_vel=[-0.003071513958275318, -0.0022974228486418724, -0.020556937903165817] imu_quat_wxyz=[-0.6037595868110657, -0.013484019786119461, 0.0113783935084939, -0.7969712615013123] status=0x8103
joint_pos=[0.972000002861023, -52.092002868652344, 38.736000061035156, -3.7799999713897705, -18.899999618530273, 29.84400177001953] joint_vel=[-0.0, 0.09000000357627869, -0.27000001072883606, -0.18000000715255737, -0.0, -0.0] imu_ang_vel=[-0.002006249502301216, -0.0017647910863161087, -0.017361145466566086] imu_quat_wxyz=[-0.603931188583374, -0.01348274014890194, 0.011414133943617344, -0.7968407273292542] status=0x8103
joint_pos=[0.972000002861023, -52.092002868652344, 38.736000061035156, -3.7799999713897705, -18.899999618530273, 29.84400177001953] joint_vel=[-0.09000000357627869, 0.0, 0.18000000715255737, 0.0, -0.0, -0.0] imu_ang_vel=[-0.0014736177399754524, -0.0012321588583290577, -0.01576324924826622] imu_quat_wxyz=[-0.6040870547294617, -0.013475288636982441, 0.011457632295787334, -0.7967221140861511] status=0x8103
joint_pos=[0.972000002861023, -52.092002868652344, 38.736000061035156, -3.7799999713897705, -18.899999618530273, 29.84400177001953] joint_vel=[-0.0, 0.18000000715255737, 0.0, -0.27000001072883606, 0.36000001430511475, -0.0] imu_ang_vel=[-0.0004083532840013504, -0.0022974228486418724, -0.013100086711347103] imu_quat_wxyz=[-0.6041536927223206, -0.013478451408445835, 0.011472092941403389, -0.7966712713241577] status=0x8103
joint_pos=[0.972000002861023, -52.092002868652344, 38.736000061035156, -3.7799999713897705, -18.899999618530273, 29.84400177001953] joint_vel=[-0.0, 0.0, 0.09000000357627869, 0.18000000715255737, -0.0, -0.0] imu_ang_vel=[-0.00023080920800566673, 0.0017860903171822429, -0.005021832883358002] imu_quat_wxyz=[-0.6042286157608032, -0.013515924103558064, 0.011545482091605663, -0.7966127395629883] status=0x8103
joint_pos=[1.0080000162124634, -52.092002868652344, 38.736000061035156, -3.7799999713897705, -18.899999618530273, 29.84400177001953] joint_vel=[0.18000000715255737, 0.27000001072883606, -0.18000000715255737, 0.0, -0.0, 0.09000000357627869] imu_ang_vel=[0.002787439152598381, 0.003028898499906063, -0.002980076242238283] imu_quat_wxyz=[-0.6042286157608032, -0.013515924103558064, 0.011545482091605663, -0.7966127395629883] status=0x8103
joint_pos=[1.0080000162124634, -52.092002868652344, 38.736000061035156, -3.7799999713897705, -18.899999618530273, 29.84400177001953] joint_vel=[-0.09000000357627869, -0.09000000357627869, 0.0, 0.0, -0.27000001072883606, -0.0] imu_ang_vel=[0.005450600758194923, 0.0024962665047496557, 0.00021571668912656605] imu_quat_wxyz=[-0.6043151021003723, -0.0134855005890131, 0.011495593935251236, -0.7965484261512756] status=0x8103
joint_pos=[0.972000002861023, -52.092002868652344, 38.736000061035156, -3.7799999713897705, -18.899999618530273, 29.84400177001953] joint_vel=[-0.0, 0.09000000357627869, 0.0, 0.0, -0.0, -0.09000000357627869] imu_ang_vel=[0.005450600758194923, 0.003561530727893114, 0.006074670236557722] imu_quat_wxyz=[-0.6043184995651245, -0.013486281968653202, 0.011448762379586697, -0.796546459197998] status=0x8103
joint_pos=[0.972000002861023, -52.092002868652344, 38.736000061035156, -3.7799999713897705, -18.899999618530273, 29.84400177001953] joint_vel=[-0.0, -0.27000001072883606, 0.0, 0.0, -0.0, -0.0] imu_ang_vel=[0.004917968064546585, 0.005159427411854267, 0.008205199614167213] imu_quat_wxyz=[-0.6042820811271667, -0.013480862602591515, 0.011396436020731926, -0.7965749502182007] status=0x8103
joint_pos=[0.972000002861023, -52.092002868652344, 38.736000061035156, -3.7799999713897705, -18.899999618530273, 29.84400177001953] joint_vel=[-0.0, 0.0, -0.09000000357627869, 0.0, -0.0, -0.0] imu_ang_vel=[0.005983233451843262, 0.005159427411854267, 0.008737831376492977] imu_quat_wxyz=[-0.6041604280471802, -0.013502788729965687, 0.01139182411134243, -0.7966669797897339] status=0x8103
joint_pos=[0.972000002861023, -52.092002868652344, 38.736000061035156, -3.7799999713897705, -18.899999618530273, 29.84400177001953] joint_vel=[-0.0, 0.09000000357627869, 0.0, 0.0, -0.0, -0.0] imu_ang_vel=[0.005450600758194923, 0.004626795183867216, 0.008737831376492977] imu_quat_wxyz=[-0.604110598564148, -0.013506262563169003, 0.011331879533827305, -0.796705424785614] status=0x8103
joint_pos=[1.0080000162124634, -52.092002868652344, 38.736000061035156, -3.7799999713897705, -18.899999618530273, 29.84400177001953] joint_vel=[-0.18000000715255737, 0.0, 0.0, 0.0, -0.09000000357627869, 0.18000000715255737] imu_ang_vel=[0.007048496976494789, 0.005692059174180031, 0.007139934692531824] imu_quat_wxyz=[-0.604064404964447, -0.01349860243499279, 0.011274538934230804, -0.7967414855957031] status=0x8103
joint_pos=[0.972000002861023, -52.092002868652344, 38.736000061035156, -3.7799999713897705, -18.899999618530273, 29.84400177001953] joint_vel=[-0.0, 0.18000000715255737, 0.0, 0.0, -0.0, -0.0] imu_ang_vel=[0.005450600758194923, 0.004094162955880165, 0.005542038474231958] imu_quat_wxyz=[-0.6040260791778564, -0.013496775180101395, 0.011209150776267052, -0.7967714667320251] status=0x8103
joint_pos=[0.972000002861023, -52.092002868652344, 38.736000061035156, -3.7799999713897705, -18.899999618530273, 29.84400177001953] joint_vel=[-0.0, 0.0, 0.0, 0.0, -0.0, -0.0] imu_ang_vel=[0.004917968064546585, 0.0019636342767626047, 0.0018136132275685668] imu_quat_wxyz=[-0.604011058807373, -0.013498968444764614, 0.01116565614938736, -0.7967833876609802] status=0x8103
joint_pos=[1.0080000162124634, -52.092002868652344, 38.736000061035156, -3.7799999713897705, -18.899999618530273, 29.84400177001953] joint_vel=[0.18000000715255737, 0.09000000357627869, -0.09000000357627869, -0.09000000357627869, -0.0, -0.0] imu_ang_vel=[0.005983233451843262, 0.003561530727893114, 0.0028788773342967033] imu_quat_wxyz=[-0.604010820388794, -0.013503510504961014, 0.011148558929562569, -0.7967836856842041] status=0x8103
joint_pos=[0.972000002861023, -52.092002868652344, 38.736000061035156, -3.7799999713897705, -18.899999618530273, 29.84400177001953] joint_vel=[-0.0, 0.0, 0.0, 0.27000001072883606, -0.0, -0.0] imu_ang_vel=[0.0014558592811226845, 0.002940126694738865, -0.0021811281330883503] imu_quat_wxyz=[-0.6040973663330078, -0.013519830070436, 0.011119913309812546, -0.7967182397842407] status=0x8103
joint_pos=[0.972000002861023, -52.092002868652344, 38.736000061035156, -3.7799999713897705, -18.899999618530273, 29.84400177001953] joint_vel=[-0.0, -0.18000000715255737, -0.36000001430511475, 0.09000000357627869, -0.0, -0.0] imu_ang_vel=[0.0017221756279468536, 0.0024962665047496557, -0.006708501372486353] imu_quat_wxyz=[-0.6041504740715027, -0.013507376424968243, 0.011103281751275063, -0.7966784834861755] status=0x8103
joint_pos=[0.972000002861023, -52.092002868652344, 38.736000061035156, -3.7799999713897705, -18.899999618530273, 29.84400177001953] joint_vel=[-0.0, 0.09000000357627869, 0.09000000357627869, -0.27000001072883606, -0.0, 0.09000000357627869] imu_ang_vel=[-0.0004083532840013504, 0.0019636342767626047, -0.009904294274747372] imu_quat_wxyz=[-0.6042270660400391, -0.013495150953531265, 0.011105109006166458, -0.7966204881668091] status=0x8103
joint_pos=[0.972000002861023, -52.092002868652344, 38.736000061035156, -3.7799999713897705, -18.899999618530273, 29.84400177001953] joint_vel=[-0.0, 0.09000000357627869, -0.27000001072883606, 0.0, -0.0, -0.0] imu_ang_vel=[0.00012427940964698792, 0.0008983700536191463, -0.011502190493047237] imu_quat_wxyz=[-0.6043251156806946, -0.01348379347473383, 0.011117585003376007, -0.7965461611747742] status=0x8103
joint_pos=[0.972000002861023, -52.092002868652344, 38.736000061035156, -3.7799999713897705, -18.899999618530273, 29.84400177001953] joint_vel=[-0.0, 0.18000000715255737, 0.0, -0.09000000357627869, -0.0, -0.0] imu_ang_vel=[-0.0025388821959495544, 0.00036573782563209534, -0.015230615623295307] imu_quat_wxyz=[-0.6045295000076294, -0.01350258570164442, 0.011146467179059982, -0.7963903546333313] status=0x8103
joint_pos=[1.0080000162124634, -52.092002868652344, 38.736000061035156, -3.7799999713897705, -18.899999618530273, 29.84400177001953] joint_vel=[-0.0, -0.27000001072883606, 0.0, -0.09000000357627869, -0.0, 0.09000000357627869] imu_ang_vel=[-0.002006249502301216, -0.0028300550766289234, -0.017361145466566086] imu_quat_wxyz=[-0.6046752333641052, -0.013492146506905556, 0.011182823218405247, -0.7962793707847595] status=0x8103
joint_pos=[0.972000002861023, -52.092002868652344, 38.736000061035156, -3.7799999713897705, -18.899999618530273, 29.84400177001953] joint_vel=[-0.0, -0.09000000357627869, 0.0, 0.0, -0.0, -0.0] imu_ang_vel=[-0.002006249502301216, -0.0012321588583290577, -0.017361145466566086] imu_quat_wxyz=[-0.604828953742981, -0.013497595675289631, 0.011225427500903606, -0.7961620092391968] status=0x8103
joint_pos=[0.972000002861023, -52.092002868652344, 38.736000061035156, -3.7799999713897705, -18.899999618530273, 29.84400177001953] joint_vel=[-0.0, 0.18000000715255737, -0.09000000357627869, -0.27000001072883606, -0.0, -0.0] imu_ang_vel=[-0.0025388821959495544, -0.0022974228486418724, -0.015230615623295307] imu_quat_wxyz=[-0.6049781441688538, -0.01350066252052784, 0.01126858126372099, -0.7960478067398071] status=0x8103
joint_pos=[0.972000002861023, -52.092002868652344, 38.736000061035156, -3.7799999713897705, -18.899999618530273, 29.84400177001953] joint_vel=[-0.09000000357627869, 0.18000000715255737, 0.0, 0.0, -0.0, -0.0] imu_ang_vel=[-0.0014736177399754524, -0.0044279517605900764, -0.014697982929646969] imu_quat_wxyz=[-0.6051225662231445, -0.013507706113159657, 0.011306509375572205, -0.7959374785423279] status=0x8103
joint_pos=[0.972000002861023, -52.092002868652344, 38.736000061035156, -3.7799999713897705, -18.899999618530273, 29.84400177001953] joint_vel=[-0.0, -0.36000001430511475, 0.0, 0.0, -0.0, -0.0] imu_ang_vel=[-0.0004083532840013504, -0.0022974228486418724, -0.013100086711347103] imu_quat_wxyz=[-0.6051532626152039, -0.013539189472794533, 0.011385932564735413, -0.7959124445915222] status=0x8103
joint_pos=[0.972000002861023, -52.092002868652344, 38.736000061035156, -3.7799999713897705, -18.899999618530273, 29.84400177001953] joint_vel=[-0.0, 0.0, 0.0, 0.0, -0.0, -0.09000000357627869] imu_ang_vel=[-0.0009409859776496887, -0.0006995266303420067, -0.008306398056447506] imu_quat_wxyz=[-0.6052628755569458, -0.013553186319768429, 0.011414007283747196, -0.7958284616470337] status=0x8103
joint_pos=[0.972000002861023, -52.092002868652344, 38.736000061035156, -3.7799999713897705, -18.899999618530273, 29.84400177001953] joint_vel=[-0.0, -0.6299999952316284, 0.27000001072883606, -0.18000000715255737, -0.0, -0.0] imu_ang_vel=[0.0018109483644366264, 0.0002769656712189317, -0.009105345234274864] imu_quat_wxyz=[-0.6053540110588074, -0.013558749109506607, 0.011428930796682835, -0.795758843421936] status=0x8103
joint_pos=[0.972000002861023, -52.092002868652344, 38.736000061035156, -3.7799999713897705, -18.899999618530273, 29.84400177001953] joint_vel=[-0.0, 0.27000001072883606, 0.0, 0.0, -0.0, -0.0] imu_ang_vel=[0.002254808321595192, -0.00016689440235495567, -0.005110605154186487] imu_quat_wxyz=[-0.6054372191429138, -0.0135661531239748, 0.0114293172955513, -0.7956953644752502] status=0x8103
motion_test: joint 3 -> 18.880 deg
joint_pos=[1.0080000162124634, -52.092002868652344, 38.736000061035156, -3.7799999713897705, -18.899999618530273, 29.84400177001953] joint_vel=[0.18000000715255737, 2.1600000858306885, 0.0, 0.0, -0.6299999952316284, -0.0] imu_ang_vel=[0.002787439152598381, 0.003028898499906063, -0.003512708470225334] imu_quat_wxyz=[-0.6055000424385071, -0.013573423027992249, 0.011428747326135635, -0.795647382736206] status=0x8103
joint_pos=[1.0080000162124634, -52.092002868652344, 38.736000061035156, -3.7799999713897705, -18.899999618530273, 29.84400177001953] joint_vel=[0.18000000715255737, -0.7200000286102295, 0.0, 0.09000000357627869, -0.0, -0.0] imu_ang_vel=[0.0059832315891981125, -0.0017647910863161087, -0.006708501372486353] imu_quat_wxyz=[-0.6054779291152954, -0.013613078743219376, 0.011456668376922607, -0.7956632971763611] status=0x8103
joint_pos=[0.972000002861023, -52.055999755859375, 29.628000259399414, -3.7799999713897705, -18.899999618530273, 29.84400177001953] joint_vel=[-0.0, 4.230000019073486, -679.5, -0.18000000715255737, -0.0, -0.0] imu_ang_vel=[-0.07870528101921082, 0.03338893502950668, 0.008737831376492977] imu_quat_wxyz=[-0.6055306196212769, -0.013971864245831966, 0.010899758897721767, -0.7956247329711914] status=0x8103
joint_pos=[0.972000002861023, -52.02000045776367, 19.6560001373291, -3.74399995803833, -18.899999618530273, 29.84400177001953] joint_vel=[-0.0, 3.5999999046325684, -450.17999267578125, 0.0, -0.0, -0.0] imu_ang_vel=[0.3479330837726593, -0.023070078343153, 0.14509166777133942] imu_quat_wxyz=[-0.6047940850257874, -0.012482845224440098, 0.012045394629240036, -0.79619300365448] status=0x8103
joint_pos=[1.0080000162124634, -52.02000045776367, 17.711999893188477, -3.7799999713897705, -18.899999618530273, 29.84400177001953] joint_vel=[0.6299999952316284, 0.36000001430511475, 12.870000839233398, -0.7200000286102295, -0.0, 0.09000000357627869] imu_ang_vel=[0.6083902716636658, -0.4774053394794464, 0.2622707486152649] imu_quat_wxyz=[-0.6028074622154236, -0.021368348971009254, 0.00198752130381763, -0.797598123550415] status=0x8103
joint_pos=[1.0440000295639038, -52.02000045776367, 17.963998794555664, -3.815999984741211, -18.899999618530273, 29.808000564575195] joint_vel=[1.7999999523162842, -0.27000001072883606, 21.690000534057617, -4.5, 0.09000000357627869, -1.53000009059906] imu_ang_vel=[-0.2938886880874634, -0.06248486042022705, 1.833003044128418] imu_quat_wxyz=[-0.5967322587966919, -0.02528785914182663, 0.003783897729590535, -0.8020330667495728] status=0x8103
joint_pos=[1.2599999904632568, -52.02000045776367, 18.107999801635742, -3.9600000381469727, -18.899999618530273, 29.84400177001953] joint_vel=[0.809999942779541, 0.09000000357627869, 7.559999942779541, -6.300000190734863, 0.09000000357627869, 0.18000000715255737] imu_ang_vel=[0.08481279760599136, -0.15569548308849335, 0.4907699525356293] imu_quat_wxyz=[-0.58600914478302, -0.026976274326443672, 0.007255862932652235, -0.8098228573799133] status=0x8103
joint_pos=[1.2599999904632568, -52.02000045776367, 18.288000106811523, -3.9600000381469727, -18.899999618530273, 29.84400177001953] joint_vel=[-1.709999918937683, 0.9900000095367432, 8.550000190734863, 0.6299999952316284, 0.18000000715255737, 0.18000000715255737] imu_ang_vel=[0.1300865262746811, 0.36575138568878174, -0.10844124853610992] imu_quat_wxyz=[-0.5837624073028564, -0.02688790298998356, 0.007136672269552946, -0.8114478588104248] status=0x8103
joint_pos=[1.2239999771118164, -51.98400115966797, 18.61199951171875, -3.888000011444092, -18.899999618530273, 29.84400177001953] joint_vel=[5.760000228881836, 0.7200000286102295, 10.800000190734863, 13.319999694824219, -0.0, -0.0] imu_ang_vel=[0.47097110748291016, 0.313020795583725, -0.1925971359014511] imu_quat_wxyz=[-0.5855150818824768, -0.025758344680070877, 0.003016812028363347, -0.8102465271949768] status=0x8103
joint_pos=[1.187999963760376, -51.947998046875, 18.79199981689453, -3.8520002365112305, -18.899999618530273, 29.84400177001953] joint_vel=[-0.36000001430511475, 0.8999999761581421, -3.06000018119812, 0.6299999952316284, 0.6299999952316284, 0.27000001072883606] imu_ang_vel=[0.2085610032081604, 0.09180092811584473, -0.07914647459983826] imu_quat_wxyz=[-0.5866074562072754, -0.026516340672969818, -0.0014912168262526393, -0.8094357848167419] status=0x8103
joint_pos=[1.187999963760376, -51.947998046875, 18.827999114990234, -3.8520002365112305, -18.899999618530273, 29.84400177001953] joint_vel=[0.09000000357627869, 1.53000009059906, -0.18000000715255737, -0.18000000715255737, 0.09000000357627869, 0.27000001072883606] imu_ang_vel=[-0.11812006682157516, 0.41209039092063904, 0.4300498962402344] imu_quat_wxyz=[-0.5851851105690002, -0.023592298850417137, -0.0020945915021002293, -0.810553789138794] status=0x8103
joint_pos=[1.187999963760376, -51.947998046875, 18.827999114990234, -3.8520002365112305, -18.899999618530273, 29.84400177001953] joint_vel=[-0.27000001072883606, -0.7200000286102295, 0.09000000357627869, 0.0, 0.27000001072883606, -0.0] imu_ang_vel=[-0.030768387019634247, 0.24058283865451813, 0.4284519851207733] imu_quat_wxyz=[-0.5817118287086487, -0.019822439178824425, -0.0033673106227070093, -0.8131464123725891] status=0x8103
joint_pos=[1.187999963760376, -51.947998046875, 18.972000122070312, -3.8520002365112305, -18.899999618530273, 29.84400177001953] joint_vel=[-0.0, -0.8999999761581421, 22.40999984741211, -0.36000001430511475, -0.27000001072883606, -0.0] imu_ang_vel=[0.04220221936702728, -0.10509543865919113, 0.392765611410141] imu_quat_wxyz=[-0.5785949230194092, -0.018613023683428764, -0.004008953925222158, -0.815392792224884] status=0x8103
joint_pos=[1.187999963760376, -51.947998046875, 19.007999420166016, -3.8520002365112305, -18.899999618530273, 29.84400177001953] joint_vel=[-0.7200000286102295, 1.0800000429153442, 3.06000018119812, 0.44999998807907104, 0.44999998807907104, -0.09000000357627869] imu_ang_vel=[-0.03236628323793411, -0.3149525225162506, 0.45028990507125854] imu_quat_wxyz=[-0.575589120388031, -0.020106209442019463, -0.0026369665283709764, -0.8174876570701599] status=0x8103
joint_pos=[1.187999963760376, -51.947998046875, 19.04400062561035, -3.8520002365112305, -18.899999618530273, 29.84400177001953] joint_vel=[-0.0, -0.18000000715255737, 0.44999998807907104, -0.27000001072883606, 0.27000001072883606, -0.0] imu_ang_vel=[0.07149698585271835, -0.09071436524391174, 0.5078142285346985] imu_quat_wxyz=[-0.5716022253036499, -0.02216973528265953, -0.0013440105831250548, -0.8202301859855652] status=0x8103
joint_pos=[1.2239999771118164, -51.947998046875, 19.04400062561035, -3.888000011444092, -18.899999618530273, 29.84400177001953] joint_vel=[1.2599999904632568, 0.0, 0.0, -4.320000171661377, -0.0, -0.0] imu_ang_vel=[-0.060595788061618805, 0.025932082906365395, 0.3352413475513458] imu_quat_wxyz=[-0.5678982138633728, -0.022606706246733665, -0.0010023979702964425, -0.8227877616882324] status=0x8103
joint_pos=[1.2599999904632568, -51.947998046875, 19.04400062561035, -3.888000011444092, -18.899999618530273, 29.84400177001953] joint_vel=[1.709999918937683, 0.0, 0.18000000715255737, -0.18000000715255737, -0.0, -0.09000000357627869] imu_ang_vel=[0.004385335370898247, 0.07706476747989655, 0.2201928049325943] imu_quat_wxyz=[-0.5654497146606445, -0.021919352933764458, -0.0010349497897550464, -0.8244909048080444] status=0x8103
joint_pos=[1.2599999904632568, -51.947998046875, 19.04400062561035, -3.888000011444092, -18.899999618530273, 29.84400177001953] joint_vel=[0.27000001072883606, 1.350000023841858, 0.18000000715255737, -0.6299999952316284, -0.0, 0.18000000715255737] imu_ang_vel=[-0.05580209940671921, 0.005159427411854267, 0.26919496059417725] imu_quat_wxyz=[-0.563636302947998, -0.021241305395960808, -0.0011831067968159914, -0.8257490396499634] status=0x8103
joint_pos=[1.2599999904632568, -51.947998046875, 19.04400062561035, -3.9240000247955322, -18.899999618530273, 29.84400177001953] joint_vel=[0.36000001430511475, 0.0, 0.0, -1.0800000429153442, -0.0, -0.0] imu_ang_vel=[-0.04195366054773331, -0.05129958689212799, 0.2564117908477783] imu_quat_wxyz=[-0.5613426566123962, -0.02123391628265381, -0.0004572710895445198, -0.8273110389709473] status=0x8103
joint_pos=[1.2960000038146973, -51.947998046875, 19.04400062561035, -3.9600000381469727, -18.899999618530273, 29.84400177001953] joint_vel=[1.0800000429153442, -0.27000001072883606, 0.18000000715255737, -1.350000023841858, 0.27000001072883606, -0.0] imu_ang_vel=[-0.06485684216022491, -0.0646153911948204, 0.12112321704626083] imu_quat_wxyz=[-0.5603456497192383, -0.0212895255535841, -0.00013318407582119107, -0.8279852271080017] status=0x8103
joint_pos=[1.2960000038146973, -51.947998046875, 19.04400062561035, -3.9600000381469727, -18.899999618530273, 29.84400177001953] joint_vel=[0.18000000715255737, 0.0, 0.0, -0.5400000214576721, 0.09000000357627869, -0.0] imu_ang_vel=[-0.04790138825774193, -0.08671963214874268, 0.10194845497608185] imu_quat_wxyz=[-0.5588509440422058, -0.02156105637550354, 0.0008676734287291765, -0.8289874196052551] status=0x8103
joint_pos=[1.2960000038146973, -51.947998046875, 19.04400062561035, -3.995999813079834, -18.899999618530273, 29.84400177001953] joint_vel=[0.5400000214576721, 0.0, 0.09000000357627869, -2.25, -0.09000000357627869, -0.0] imu_ang_vel=[-0.045682087540626526, -0.08964910358190536, 0.0390978679060936] imu_quat_wxyz=[-0.5533568263053894, -0.02102324739098549, 0.0023344040382653475, -0.8326757550239563] status=0x8103
joint_pos=[1.3320000171661377, -51.947998046875, 19.04400062561035, -3.995999813079834, -18.899999618530273, 29.84400177001953] joint_vel=[0.44999998807907104, 0.18000000715255737, 0.27000001072883606, 0.0, -0.0, -0.09000000357627869] imu_ang_vel=[-0.06166104972362518, -0.08698593825101852, -0.013632719404995441] imu_quat_wxyz=[-0.5531732439994812, -0.02148168720304966, 0.003209550864994526, -0.8327831029891968] status=0x8103
joint_pos=[1.3320000171661377, -51.947998046875, 19.04400062561035, -3.995999813079834, -18.899999618530273, 29.84400177001953] joint_vel=[-0.0, 0.18000000715255737, -0.09000000357627869, -0.18000000715255737, -0.0, -0.0] imu_ang_vel=[-0.02917049080133438, -0.07047434896230698, -0.01895904168486595] imu_quat_wxyz=[-0.553309440612793, -0.021835463121533394, 0.004118381999433041, -0.8326794505119324] status=0x8103
joint_pos=[1.3320000171661377, -51.947998046875, 19.04400062561035, -3.995999813079834, -18.899999618530273, 29.84400177001953] joint_vel=[0.27000001072883606, 0.0, -0.09000000357627869, 0.09000000357627869, -0.0, -0.0] imu_ang_vel=[-0.030768387019634247, -0.058223798871040344, -0.04239485785365105] imu_quat_wxyz=[-0.553616464138031, -0.02221381850540638, 0.004792431369423866, -0.8324617147445679] status=0x8103
joint_pos=[1.3320000171661377, -51.947998046875, 19.04400062561035, -3.995999813079834, -18.899999618530273, 29.84400177001953] joint_vel=[-0.0, 0.0, 0.0, 0.27000001072883606, -0.0, -0.0] imu_ang_vel=[-0.014256789349019527, -0.049701690673828125, -0.03866643086075783] imu_quat_wxyz=[-0.5539586544036865, -0.022562922909855843, 0.005286618135869503, -0.8322216272354126] status=0x8103
joint_pos=[1.3320000171661377, -51.947998046875, 19.04400062561035, -3.9600000381469727, -18.899999618530273, 29.84400177001953] joint_vel=[-0.0, 0.0, 0.0, 0.0, -0.09000000357627869, 0.18000000715255737] imu_ang_vel=[0.016103243455290794, -0.022004812955856323, -0.024285363033413887] imu_quat_wxyz=[-0.5527085065841675, -0.022791609168052673, 0.006389928516000509, -0.8330385088920593] status=0x8103
joint_pos=[1.3320000171661377, -51.947998046875, 19.04400062561035, -3.9600000381469727, -18.899999618530273, 29.84400177001953] joint_vel=[0.09000000357627869, 0.0, 0.09000000357627869, 0.36000001430511475, -0.0, -0.0] imu_ang_vel=[0.016103243455290794, 0.005692059174180031, -0.012034823186695576] imu_quat_wxyz=[-0.552868664264679, -0.023005004972219467, 0.006344485562294722, -0.8329265713691711] status=0x8103
joint_pos=[1.3320000171661377, -51.947998046875, 19.04400062561035, -3.9600000381469727, -18.899999618530273, 29.84400177001953] joint_vel=[0.18000000715255737, 0.0, 0.0, 0.27000001072883606, -0.0, -0.0] imu_ang_vel=[0.04166959226131439, 0.029660506173968315, 0.0023462451063096523] imu_quat_wxyz=[-0.5529576539993286, -0.023024633526802063, 0.00608542887493968, -0.8328689336776733] status=0x8103
joint_pos=[1.3320000171661377, -51.947998046875, 19.04400062561035, -3.9600000381469727, -18.899999618530273, 29.84400177001953] joint_vel=[-0.0, 0.0, 0.09000000357627869, 0.27000001072883606, -0.0, -0.0] imu_ang_vel=[0.03794116526842117, 0.04936789721250534, 0.003944141790270805] imu_quat_wxyz=[-0.5529325604438782, -0.022938281297683716, 0.0055566695518791676, -0.8328917026519775] status=0x8103
joint_pos=[1.3320000171661377, -51.947998046875, 19.04400062561035, -3.9600000381469727, -18.899999618530273, 29.84400177001953] joint_vel=[-0.0, 0.0, -0.09000000357627869, 0.36000001430511475, -0.0, 0.09000000357627869] imu_ang_vel=[0.03953906148672104, 0.05948790907859802, 0.005009406246244907] imu_quat_wxyz=[-0.5529184937477112, -0.022834133356809616, 0.0052680037915706635, -0.8329057097434998] status=0x8103
joint_pos=[1.3320000171661377, -51.947998046875, 19.04400062561035, -3.9600000381469727, -18.899999618530273, 29.84400177001953] joint_vel=[-0.0, 0.0, 0.0, 0.0, -0.0, -0.09000000357627869] imu_ang_vel=[0.05747101083397865, 0.07413528859615326, -0.01345517486333847] imu_quat_wxyz=[-0.5548076033592224, -0.022734101861715317, 0.004529213532805443, -0.831655740737915] status=0x8103
joint_pos=[1.3320000171661377, -51.947998046875, 19.04400062561035, -3.9600000381469727, -18.899999618530273, 29.84400177001953] joint_vel=[-0.0, 0.18000000715255737, 0.0, 0.09000000357627869, -0.0, -0.09000000357627869] imu_ang_vel=[0.044332750141620636, 0.09197846800088882, -0.01256745494902134] imu_quat_wxyz=[-0.5549319386482239, -0.022319214418530464, 0.0036649389658123255, -0.8315883278846741] status=0x8103
joint_pos=[1.3320000171661377, -51.947998046875, 19.04400062561035, -3.9600000381469727, -18.899999618530273, 29.84400177001953] joint_vel=[-0.0, 0.0, 0.0, 0.0, 0.27000001072883606, -0.0] imu_ang_vel=[0.03900642693042755, 0.11221849173307419, -0.032274845987558365] imu_quat_wxyz=[-0.5550872087478638, -0.021733609959483147, 0.002789681311696768, -0.8315035104751587] status=0x8103
joint_pos=[1.3320000171661377, -51.947998046875, 19.04400062561035, -3.9600000381469727, -18.899999618530273, 29.84400177001953] joint_vel=[-0.0, -0.5400000214576721, 0.0, 0.0, 0.18000000715255737, -0.0] imu_ang_vel=[0.04859381169080734, 0.12127324193716049, -0.04612328112125397] imu_quat_wxyz=[-0.5554262399673462, -0.020973049104213715, 0.0017945559229701757, -0.831299364566803] status=0x8103
joint_pos=[1.3320000171661377, -51.947998046875, 19.04400062561035, -3.9240000247955322, -18.899999618530273, 29.84400177001953] joint_vel=[-0.18000000715255737, 1.8899999856948853, 0.0, 0.0, -0.0, -0.0] imu_ang_vel=[0.044332750141620636, 0.10955532640218735, -0.040264327079057693] imu_quat_wxyz=[-0.5558135509490967, -0.020244009792804718, 0.0007446888484992087, -0.8310601115226746] status=0x8103
joint_pos=[1.3320000171661377, -51.947998046875, 19.04400062561035, -3.9240000247955322, -18.899999618530273, 29.84400177001953] joint_vel=[-0.18000000715255737, -0.7200000286102295, 0.0, 0.0, -0.0, -0.0] imu_ang_vel=[0.041136957705020905, 0.08132582157850266, -0.035470638424158096] imu_quat_wxyz=[-0.5613890886306763, -0.019790951162576675, -0.0011792847653850913, -0.827314555644989] status=0x8103
joint_pos=[1.2960000038146973, -51.947998046875, 19.04400062561035, -3.9240000247955322, -18.899999618530273, 29.84400177001953] joint_vel=[-0.18000000715255737, 1.2599999904632568, 0.0, 0.09000000357627869, -0.0, -0.0] imu_ang_vel=[0.0251579899340868, 0.051498427987098694, -0.0306769497692585] imu_quat_wxyz=[-0.5616888999938965, -0.019400296732783318, -0.0018637956818565726, -0.8271190524101257] status=0x8103
joint_pos=[1.2960000038146973, -51.947998046875, 19.04400062561035, -3.9240000247955322, -18.899999618530273, 29.84400177001953] joint_vel=[-0.09000000357627869, -0.809999942779541, 0.0, 0.09000000357627869, -0.0, -0.0] imu_ang_vel=[0.014505347236990929, 0.026997346431016922, -0.040264327079057693] imu_quat_wxyz=[-0.5619767308235168, -0.019160015508532524, -0.0022677527740597725, -0.8269280195236206] status=0x8103
joint_pos=[1.2960000038146973, -51.947998046875, 19.04400062561035, -3.9240000247955322, -18.899999618530273, 29.84400177001953] joint_vel=[-0.36000001430511475, 1.350000023841858, 0.0, 0.09000000357627869, -0.09000000357627869, -0.0] imu_ang_vel=[0.0011895429342985153, -0.0028300550766289234, -0.0445253811776638] imu_quat_wxyz=[-0.5623461604118347, -0.019066255539655685, -0.002455242909491062, -0.826678454875946] status=0x8103
joint_pos=[1.2960000038146973, -51.947998046875, 19.04400062561035, -3.9240000247955322, -18.899999618530273, 29.84400177001953] joint_vel=[-0.5400000214576721, -0.5400000214576721, 0.0, -0.09000000357627869, -0.0, -0.09000000357627869] imu_ang_vel=[-0.01159362867474556, -0.031059561297297478, -0.04559065029025078] imu_quat_wxyz=[-0.5627373456954956, -0.019150622189044952, -0.0023563681170344353, -0.8264105319976807] status=0x8103
joint_pos=[1.2960000038146973, -51.947998046875, 19.04400062561035, -3.9240000247955322, -18.899999618530273, 29.84400177001953] joint_vel=[-0.36000001430511475, 0.9900000095367432, 0.0, 0.09000000357627869, -0.0, -0.0] imu_ang_vel=[-0.015854686498641968, -0.04117957502603531, -0.043460119515657425] imu_quat_wxyz=[-0.5629351735115051, -0.019252266734838486, -0.002215072512626648, -0.8262738585472107] status=0x8103
joint_pos=[1.2599999904632568, -51.947998046875, 19.04400062561035, -3.9240000247955322, -18.899999618530273, 29.84400177001953] joint_vel=[-0.18000000715255737, -0.809999942779541, 0.09000000357627869, 0.36000001430511475, -0.0, -0.0] imu_ang_vel=[-0.016919950023293495, -0.06568065285682678, -0.03334010764956474] imu_quat_wxyz=[-0.5671023726463318, -0.01942306011915207, -0.0026634447276592255, -0.8234140276908875] status=0x8103
joint_pos=[1.2599999904632568, -51.947998046875, 19.04400062561035, -3.9240000247955322, -18.899999618530273, 29.84400177001953] joint_vel=[-0.0, -0.09000000357627869, -0.09000000357627869, 0.09000000357627869, 0.09000000357627869, 0.09000000357627869] imu_ang_vel=[-0.023844167590141296, -0.06887644529342651, -0.01895904168486595] imu_quat_wxyz=[-0.5673677921295166, -0.019854849204421043, -0.002111830748617649, -0.8232223987579346] status=0x8103
joint_pos=[1.2599999904632568, -51.947998046875, 19.04400062561035, -3.9240000247955322, -18.899999618530273, 29.84400177001953] joint_vel=[0.09000000357627869, 0.18000000715255737, 0.0, 0.0, -0.0, -0.0] imu_ang_vel=[-0.027572594583034515, -0.0789964571595192, -0.00883902981877327] imu_quat_wxyz=[-0.5675246119499207, -0.02030697651207447, -0.0014917292864993215, -0.8231045603752136] status=0x8103
joint_pos=[1.2599999904632568, -51.947998046875, 19.04400062561035, -3.9240000247955322, -18.899999618530273, 29.84400177001953] joint_vel=[-0.0, -0.5400000214576721, 0.0, 0.0, -0.0, -0.0] imu_ang_vel=[-0.04461682587862015, -0.09124699980020523, 0.0034115095622837543] imu_quat_wxyz=[-0.567599356174469, -0.020784836262464523, -0.000729575112927705, -0.8230421543121338] status=0x8103
joint_pos=[1.2599999904632568, -51.947998046875, 19.04400062561035, -3.9240000247955322, -18.899999618530273, 29.84400177001953] joint_vel=[-0.0, 0.27000001072883606, 0.0, 0.0, -0.0, -0.0] imu_ang_vel=[-0.04461682587862015, -0.0880512073636055, -0.002980076242238283] imu_quat_wxyz=[-0.567947268486023, -0.021439358592033386, 5.607880302704871e-05, -0.8227857351303101] status=0x8103
joint_pos=[1.2599999904632568, -51.947998046875, 19.04400062561035, -3.9240000247955322, -18.899999618530273, 29.84400177001953] joint_vel=[-0.0, 0.0, 0.0, 0.0, -0.0, -0.0] imu_ang_vel=[-0.030768387019634247, -0.06994170695543289, -0.03014431707561016] imu_quat_wxyz=[-0.5680750012397766, -0.021873461082577705, 0.0008668960072100163, -0.8226855993270874] status=0x8103
joint_pos=[1.2599999904632568, -51.947998046875, 19.04400062561035, -3.9240000247955322, -18.899999618530273, 29.84400177001953] joint_vel=[-0.0, 0.0, 0.0, 0.0, -0.0, -0.0] imu_ang_vel=[-0.03023575432598591, -0.043310098350048065, -0.0306769497692585] imu_quat_wxyz=[-0.5683475732803345, -0.02220032922923565, 0.00148132280446589, -0.8224877715110779] status=0x8103
joint_pos=[1.2599999904632568, -51.947998046875, 19.04400062561035, -3.9240000247955322, -18.899999618530273, 29.84400177001953] joint_vel=[-0.0, 0.0, 0.0, 0.0, -0.0, -0.0] imu_ang_vel=[-0.021181007847189903, -0.029461665078997612, -0.03440537303686142] imu_quat_wxyz=[-0.5686386823654175, -0.022356467321515083, 0.0019192510517314076, -0.8222813606262207] status=0x8103
joint_pos=[1.2599999904632568, -51.947998046875, 19.04400062561035, -3.9240000247955322, -18.899999618530273, 29.84400177001953] joint_vel=[-0.0, 0.0, 0.0, 0.0, -0.0, -0.0] imu_ang_vel=[-0.03023575432598591, -0.017211122438311577, -0.011502190493047237] imu_quat_wxyz=[-0.5688879489898682, -0.022427111864089966, 0.0022617774084210396, -0.822106122970581] status=0x8103
joint_pos=[1.2599999904632568, -51.947998046875, 19.04400062561035, -3.9240000247955322, -18.899999618530273, 29.84400177001953] joint_vel=[0.18000000715255737, 0.0, 0.0, -0.09000000357627869, -0.0, -0.18000000715255737] imu_ang_vel=[-0.027039961889386177, -0.011352170258760452, -0.005643237382173538] imu_quat_wxyz=[-0.5689444541931152, -0.022414248436689377, 0.0024356888607144356, -0.8220669031143188] status=0x8103
joint_pos=[1.2599999904632568, -51.947998046875, 19.04400062561035, -3.9240000247955322, -18.899999618530273, 29.84400177001953] joint_vel=[-0.0, 0.0, 0.0, -0.09000000357627869, -0.0, -0.0] imu_ang_vel=[-0.008664151653647423, 0.004715566989034414, -0.015141843818128109] imu_quat_wxyz=[-0.5675346851348877, -0.022533338516950607, 0.0030098184943199158, -0.8230355978012085] status=0x8103
joint_pos=[1.2599999904632568, -51.947998046875, 19.04400062561035, -3.9240000247955322, -18.899999618530273, 29.84400177001953] joint_vel=[-0.09000000357627869, 0.0, 0.0, 0.0, -0.0, -0.09000000357627869] imu_ang_vel=[-0.0004083532840013504, 0.02060575969517231, -0.010969558730721474] imu_quat_wxyz=[-0.5676712393760681, -0.022412965074181557, 0.0029917724896222353, -0.8229448199272156] status=0x8103
joint_pos=[1.2599999904632568, -51.947998046875, 19.04400062561035, -3.9240000247955322, -18.899999618530273, 29.84400177001953] joint_vel=[-0.0, 0.0, 0.0, -0.09000000357627869, -0.0, -0.09000000357627869] imu_ang_vel=[0.009711658582091331, 0.026997346431016922, -0.006175869610160589] imu_quat_wxyz=[-0.5677703022956848, -0.022246606647968292, 0.0028352513909339905, -0.8228815197944641] status=0x8103
joint_pos=[1.2599999904632568, -51.947998046875, 19.04400062561035, -3.9240000247955322, -18.899999618530273, 29.84400177001953] joint_vel=[-0.0, 0.0, 0.0, 0.09000000357627869, 0.18000000715255737, -0.0] imu_ang_vel=[0.012374818325042725, 0.03179103508591652, -0.002447444247081876] imu_quat_wxyz=[-0.567816436290741, -0.022062931209802628, 0.002607662696391344, -0.8228554129600525] status=0x8103
joint_pos=[1.2599999904632568, -51.947998046875, 19.04400062561035, -3.9240000247955322, -18.899999618530273, 29.84400177001953] joint_vel=[-0.0, 0.0, 0.0, 0.0, -0.0, 0.18000000715255737] imu_ang_vel=[0.02142956666648388, 0.033921562135219574, -0.009904294274747372] imu_quat_wxyz=[-0.5657452940940857, -0.021788548678159714, 0.002699929988011718, -0.8242876529693604] status=0x8103
joint_pos=[1.2599999904632568, -51.947998046875, 19.04400062561035, -3.9240000247955322, -18.899999618530273, 29.84400177001953] joint_vel=[-0.0, -0.27000001072883606, 0.0, 0.0, -0.0, -0.0] imu_ang_vel=[0.023027462884783745, 0.03445419669151306, -0.002980076242238283] imu_quat_wxyz=[-0.5658169984817505, -0.021623987704515457, 0.002344820648431778, -0.82424396276474] status=0x8103
joint_pos=[1.2599999904632568, -51.947998046875, 19.04400062561035, -3.9240000247955322, -18.899999618530273, 29.84400177001953] joint_vel=[-0.0, 2.430000066757202, -0.27000001072883606, -0.18000000715255737, -0.0, -0.0] imu_ang_vel=[0.026223255321383476, 0.030725771561264992, -0.00031691548065282404] imu_quat_wxyz=[-0.565847635269165, -0.021480444818735123, 0.0019729668274521828, -0.8242275714874268] status=0x8103
joint_pos=[1.2599999904632568, -51.947998046875, 19.04400062561035, -3.9240000247955322, -18.899999618530273, 29.84400177001953] joint_vel=[-0.18000000715255737, -0.9900000095367432, 0.0, 0.0, 0.09000000357627869, -0.0] imu_ang_vel=[0.027821151539683342, 0.028595242649316788, 0.006074670236557722] imu_quat_wxyz=[-0.5658461451530457, -0.021378587931394577, 0.0015932025853544474, -0.8242321610450745] status=0x8103
joint_pos=[1.2599999904632568, -51.947998046875, 19.04400062561035, -3.9240000247955322, -18.899999618530273, 29.84400177001953] joint_vel=[-0.0, 0.0, 0.0, -0.27000001072883606, -0.09000000357627869, -0.0] imu_ang_vel=[0.02409272827208042, 0.02752997912466526, 0.010868360288441181] imu_quat_wxyz=[-0.5657991170883179, -0.021290460601449013, 0.0012246541446074843, -0.8242672681808472] status=0x8103
joint_pos=[1.2599999904632568, -51.947998046875, 19.04400062561035, -3.9240000247955322, -18.899999618530273, 29.84400177001953] joint_vel=[-0.0, 0.18000000715255737, 0.0, 0.0, -0.09000000357627869, -0.18000000715255737] imu_ang_vel=[0.020364301279187202, 0.024866817519068718, 0.012466256506741047] imu_quat_wxyz=[-0.5657641291618347, -0.02124827913939953, 0.0010581230744719505, -0.8242927193641663] status=0x8103
joint_pos=[1.2599999904632568, -51.947998046875, 19.04400062561035, -3.9240000247955322, -18.899999618530273, 29.84400177001953] joint_vel=[-0.0, -1.1700000762939453, 0.0, 0.09000000357627869, -0.27000001072883606, -0.0] imu_ang_vel=[0.014505347236990929, 0.01687733456492424, -0.00031691548065282404] imu_quat_wxyz=[-0.5653602480888367, -0.021028850227594376, 0.0007423641509376466, -0.8245756030082703] status=0x8103
joint_pos=[1.2599999904632568, -51.947998046875, 19.04400062561035, -3.9240000247955322, -18.899999618530273, 29.84400177001953] joint_vel=[-0.0, 0.0, 0.0, 0.0, -0.0, -0.0] imu_ang_vel=[0.019299035891890526, 0.011551013216376305, -0.009371661581099033] imu_quat_wxyz=[-0.565406084060669, -0.020988283678889275, 0.0005585248582065105, -0.8245453834533691] status=0x8103
joint_pos=[1.2599999904632568, -51.947998046875, 19.04400062561035, -3.9240000247955322, -18.899999618530273, 29.84400177001953] joint_vel=[-0.0, 1.7999999523162842, 0.0, 0.18000000715255737, -0.27000001072883606, -0.0] imu_ang_vel=[0.023560097441077232, 0.008887852542102337, -0.014697982929646969] imu_quat_wxyz=[-0.565513551235199, -0.021046387031674385, 0.0003233865718357265, -0.8244703412055969] status=0x8103
joint_pos=[1.2599999904632568, -51.947998046875, 19.04400062561035, -3.9240000247955322, -18.899999618530273, 29.84400177001953] joint_vel=[-0.0, -1.709999918937683, 0.09000000357627869, 0.18000000715255737, 0.18000000715255737, -0.0] imu_ang_vel=[0.018233774229884148, 0.012616277672350407, -0.007241133600473404] imu_quat_wxyz=[-0.5656353235244751, -0.021085433661937714, 8.583938324591145e-05, -0.824385941028595] status=0x8103
joint_pos=[1.2599999904632568, -51.947998046875, 19.04400062561035, -3.9240000247955322, -18.899999618530273, 29.84400177001953] joint_vel=[-0.0, -1.0800000429153442, 0.0, -0.27000001072883606, -0.0, -0.0] imu_ang_vel=[0.0065158661454916, 0.008355220779776573, 0.0034115095622837543] imu_quat_wxyz=[-0.5675569772720337, -0.02133423648774624, -0.00032726561767049134, -0.8230575919151306] status=0x8103
joint_pos=[1.2599999904632568, -51.947998046875, 19.04400062561035, -3.9240000247955322, -18.899999618530273, 29.84400177001953] joint_vel=[-0.0, 0.27000001072883606, 0.0, 0.0, 0.09000000357627869, -0.0] imu_ang_vel=[0.0033200718462467194, 0.008887852542102337, -0.00031691548065282404] imu_quat_wxyz=[-0.5675447583198547, -0.021288326010107994, -0.0004042256623506546, -0.8230672478675842] status=0x8103
joint_pos=[1.2599999904632568, -51.947998046875, 19.04400062561035, -3.9240000247955322, -18.899999618530273, 29.84400177001953] joint_vel=[-0.0, 0.0, 0.0, 0.09000000357627869, -0.0, -0.0] imu_ang_vel=[-0.0004083532840013504, 0.0008983700536191463, -0.006175869610160589] imu_quat_wxyz=[-0.567582368850708, -0.02123444899916649, -0.0004485984973143786, -0.8230425715446472] status=0x8103
joint_pos=[1.2599999904632568, -51.947998046875, 19.04400062561035, -3.9240000247955322, -18.899999618530273, 29.84400177001953] joint_vel=[-0.0, -1.8899999856948853, 0.0, -0.09000000357627869, -0.0, -0.0] imu_ang_vel=[-0.006799939088523388, -0.0022974228486418724, -0.005643237382173538] imu_quat_wxyz=[-0.5676454305648804, -0.021236587315797806, -0.000405629922170192, -0.8229991793632507] status=0x8103
joint_pos=[1.2599999904632568, -51.947998046875, 19.04400062561035, -3.9240000247955322, -18.899999618530273, 29.84400177001953] joint_vel=[-0.0, -0.809999942779541, -0.18000000715255737, -0.18000000715255737, -0.0, -0.0] imu_ang_vel=[-0.010528364218771458, -0.0012321588583290577, -0.01256745494902134] imu_quat_wxyz=[-0.5677376985549927, -0.021212290972471237, -0.00031961462809704244, -0.8229361772537231] status=0x8103
joint_pos=[1.2599999904632568, -51.947998046875, 19.04400062561035, -3.9240000247955322, -18.899999618530273, 29.84400177001953] joint_vel=[-0.09000000357627869, 2.069999933242798, 0.0, 0.0, 0.09000000357627869, -0.18000000715255737] imu_ang_vel=[-0.009995732456445694, -0.0022974228486418724, -0.01629588194191456] imu_quat_wxyz=[-0.5678034424781799, -0.021185070276260376, -0.0002687622036319226, -0.8228915929794312] status=0x8103
joint_pos=[1.2599999904632568, -51.947998046875, 19.04400062561035, -3.9240000247955322, -18.899999618530273, 29.84400177001953] joint_vel=[-0.0, 0.9900000095367432, 0.0, 0.0, -0.0, 0.27000001072883606] imu_ang_vel=[-0.0189617071300745, -0.011796029284596443, -0.01531938835978508] imu_quat_wxyz=[-0.5718004107475281, -0.02155209705233574, -0.0005525029846467078, -0.820109486579895] status=0x8103
joint_pos=[1.2599999904632568, -51.947998046875, 19.04400062561035, -3.9240000247955322, -18.899999618530273, 29.84400177001953] joint_vel=[-0.0, -1.2599999904632568, 0.0, 0.0, -0.0, -0.0] imu_ang_vel=[-0.012126261368393898, -0.018809020519256592, -0.01576324924826622] imu_quat_wxyz=[-0.5719636082649231, -0.021574245765805244, -0.00032063137041404843, -0.8199952840805054] status=0x8103
motion_test: joint 3 returning to start
joint_pos=[1.2599999904632568, -51.947998046875, 19.04400062561035, -3.9240000247955322, -18.899999618530273, 29.84400177001953] joint_vel=[0.18000000715255737, -0.6299999952316284, 0.0, -0.18000000715255737, -0.0, 0.27000001072883606] imu_ang_vel=[-0.008930468000471592, -0.02360270917415619, -0.010969558730721474] imu_quat_wxyz=[-0.5721023678779602, -0.021667566150426865, -0.00010560151713434607, -0.8198960423469543] status=0x8103
joint_pos=[1.2599999904632568, -51.947998046875, 19.04400062561035, -3.9240000247955322, -18.899999618530273, 29.84400177001953] joint_vel=[-0.0, 0.7200000286102295, 0.09000000357627869, 0.09000000357627869, -0.0, -0.0] imu_ang_vel=[0.0011895429342985153, -0.04437536746263504, -0.002447444247081876] imu_quat_wxyz=[-0.5722033381462097, -0.021824652329087257, 9.618148033041507e-05, -0.8198214173316956] status=0x8103
joint_pos=[1.2960000038146973, -51.947998046875, 28.04400062561035, -3.9240000247955322, -18.899999618530273, 29.84400177001953] joint_vel=[1.9800000190734863, -0.5400000214576721, 600.3900146484375, 0.09000000357627869, -0.09000000357627869, -0.0] imu_ang_vel=[0.07788857072591782, -0.4044347107410431, -0.17555290460586548] imu_quat_wxyz=[-0.5724404454231262, -0.021721694618463516, 0.001229217741638422, -0.819657564163208] status=0x8103
joint_pos=[1.3680000305175781, -51.98400115966797, 37.90800094604492, -3.995999813079834, -18.899999618530273, 29.84400177001953] joint_vel=[-6.03000020980835, 0.5400000214576721, 447.9300231933594, -5.309999942779541, 0.18000000715255737, -0.09000000357627869] imu_ang_vel=[-0.4089372456073761, 0.054694220423698425, -0.30604779720306396] imu_quat_wxyz=[-0.5766902565956116, -0.024807095527648926, 0.003869005711749196, -0.816577136516571] status=0x8103
joint_pos=[1.3320000171661377, -51.98400115966797, 41.86800003051758, -3.9600000381469727, -18.899999618530273, 29.84400177001953] joint_vel=[-1.0800000429153442, -0.44999998807907104, -28.979999542236328, 0.18000000715255737, 0.09000000357627869, -0.0] imu_ang_vel=[-0.0515410378575325, 0.31887975335121155, -0.5334817171096802] imu_quat_wxyz=[-0.5802575945854187, -0.022125398740172386, 0.006033597979694605, -0.8141101002693176] status=0x8103
joint_pos=[1.2960000038146973, -51.98400115966797, 41.183998107910156, -3.9600000381469727, -18.899999618530273, 29.84400177001953] joint_vel=[-2.609999895095825, 0.0, -41.30999755859375, 1.2599999904632568, -0.27000001072883606, -0.0] imu_ang_vel=[-0.32318344712257385, 0.4499072730541229, -0.5787554383277893] imu_quat_wxyz=[-0.5852858424186707, -0.017988916486501694, 0.005078635178506374, -0.8106116056442261] status=0x8103
joint_pos=[1.2239999771118164, -51.98400115966797, 40.715999603271484, -3.9240000247955322, -18.899999618530273, 29.84400177001953] joint_vel=[-6.210000038146973, -0.18000000715255737, -20.520000457763672, 2.1600000858306885, -0.0, -0.0] imu_ang_vel=[-0.21772228181362152, 0.1676122397184372, -0.6069849133491516] imu_quat_wxyz=[-0.5900793075561523, -0.013370947912335396, 0.005397776607424021, -0.8072165250778198] status=0x8103
joint_pos=[1.1160000562667847, -51.98400115966797, 40.284000396728516, -3.8520002365112305, -18.899999618530273, 29.84400177001953] joint_vel=[-15.210000038146973, -0.36000001430511475, -11.520000457763672, 0.809999942779541, -0.0, -0.09000000357627869] imu_ang_vel=[-0.19801488518714905, 1.3820135593414307, -0.3886057734489441] imu_quat_wxyz=[-0.5894064903259277, -0.00961547251790762, 0.005535556934773922, -0.8077604174613953] status=0x8103
joint_pos=[0.7559999823570251, -51.98400115966797, 39.996002197265625, -3.563999891281128, -18.899999618530273, 29.84400177001953] joint_vel=[-25.380001068115234, 0.36000001430511475, -9.270000457763672, 32.400001525878906, 0.09000000357627869, -0.09000000357627869] imu_ang_vel=[-0.32850977778434753, 0.7061033844947815, 0.09768740087747574] imu_quat_wxyz=[-0.5908617973327637, -0.004634141456335783, 0.003266704035922885, -0.8067528605461121] status=0x8103
joint_pos=[0.6119999885559082, -51.98400115966797, 39.74399948120117, -3.419999837875366, -18.899999618530273, 29.84400177001953] joint_vel=[-3.9600000381469727, 0.18000000715255737, -3.9600000381469727, 0.9900000095367432, 0.36000001430511475, -0.0] imu_ang_vel=[0.21157924830913544, 0.48426204919815063, 0.5076366066932678] imu_quat_wxyz=[-0.5865353941917419, 0.0030118138529360294, -0.0013581274542957544, -0.8099169135093689] status=0x8103
joint_pos=[0.5759999752044678, -51.947998046875, 39.52799987792969, -3.4560000896453857, -18.899999618530273, 29.84400177001953] joint_vel=[1.619999885559082, 0.27000001072883606, -15.029999732971191, -7.559999942779541, 0.36000001430511475, -0.0] imu_ang_vel=[0.34580257534980774, 0.05629211664199829, 0.7831850051879883] imu_quat_wxyz=[-0.5807142853736877, 0.00429614819586277, -0.005258048418909311, -0.814079225063324] status=0x8103
joint_pos=[0.6480000019073486, -51.947998046875, 39.347999572753906, -3.492000102996826, -18.899999618530273, 29.84400177001953] joint_vel=[6.479999542236328, 0.0, -16.739999771118164, -2.3400001525878906, -0.36000001430511475, -0.0] imu_ang_vel=[0.06190960854291916, -0.4028368294239044, 0.7901092171669006] imu_quat_wxyz=[-0.5752350091934204, 0.0019529822748154402, -0.006352149415761232, -0.8179613351821899] status=0x8103
joint_pos=[0.6840000152587891, -51.947998046875, 39.2760009765625, -3.563999891281128, -18.899999618530273, 29.84400177001953] joint_vel=[0.09000000357627869, 0.0, -4.409999847412109, -4.050000190734863, -0.36000001430511475, 0.44999998807907104] imu_ang_vel=[0.1663055121898651, -0.25316718220710754, 0.8273934721946716] imu_quat_wxyz=[-0.5718249678611755, -0.0006634469609707594, -0.005555905867367983, -0.8203566670417786] status=0x8103
joint_pos=[0.7559999823570251, -51.98400115966797, 39.167999267578125, -3.635999917984009, -18.899999618530273, 29.84400177001953] joint_vel=[3.7799999713897705, 0.18000000715255737, -3.7799999713897705, 0.0, -0.09000000357627869, 0.09000000357627869] imu_ang_vel=[0.05019170790910721, -0.024667974561452866, 0.6148732304573059] imu_quat_wxyz=[-0.5659134387969971, -0.002224486554041505, -0.005776122212409973, -0.8244414329528809] status=0x8103
joint_pos=[0.828000009059906, -51.98400115966797, 39.05999755859375, -3.635999917984009, -18.899999618530273, 29.84400177001953] joint_vel=[6.750000476837158, -0.09000000357627869, -14.579999923706055, -1.2599999904632568, -0.09000000357627869, -0.0] imu_ang_vel=[0.08854121714830399, -0.1817944496870041, 0.34749189019203186] imu_quat_wxyz=[-0.5612884163856506, -0.0030236050952225924, -0.005921732634305954, -0.8275936245918274] status=0x8103
joint_pos=[0.828000009059906, -51.98400115966797, 39.02400207519531, -3.635999917984009, -18.899999618530273, 29.84400177001953] joint_vel=[0.809999942779541, 0.0, -1.8899999856948853, -0.36000001430511475, -0.0, -0.0] imu_ang_vel=[0.14979392290115356, -0.2648850977420807, 0.20527909696102142] imu_quat_wxyz=[-0.5590664148330688, -0.005663254298269749, -0.005449921358376741, -0.8290857076644897] status=0x8103
joint_pos=[0.8640000224113464, -51.98400115966797, 38.987998962402344, -3.635999917984009, -18.899999618530273, 29.84400177001953] joint_vel=[0.7200000286102295, 0.0, -1.350000023841858, 0.0, -0.0, -0.0] imu_ang_vel=[0.023560097441077232, -0.2046976387500763, 0.1371021866798401] imu_quat_wxyz=[-0.5576056838035583, -0.008377867750823498, -0.004909418988972902, -0.8300491571426392] status=0x8103
joint_pos=[0.8640000224113464, -51.98400115966797, 38.987998962402344, -3.635999917984009, -18.899999618530273, 29.84400177001953] joint_vel=[0.8999999761581421, 0.0, -0.809999942779541, 0.27000001072883606, -0.09000000357627869, -0.0] imu_ang_vel=[-0.008397835306823254, -0.10935649275779724, 0.20421382784843445] imu_quat_wxyz=[-0.5554217100143433, -0.010458412580192089, -0.00408443808555603, -0.831493079662323] status=0x8103
joint_pos=[0.8999999761581421, -51.98400115966797, 38.95199966430664, -3.635999917984009, -18.899999618530273, 29.84400177001953] joint_vel=[1.0800000429153442, 0.0, -0.6299999952316284, 0.0, -0.18000000715255737, -0.27000001072883606] imu_ang_vel=[-0.023311536759138107, -0.017743756994605064, 0.15627694129943848] imu_quat_wxyz=[-0.5539617538452148, -0.011027836240828037, -0.0034548467956483364, -0.832461953163147] status=0x8103
joint_pos=[0.8999999761581421, -51.98400115966797, 38.95199966430664, -3.635999917984009, -18.899999618530273, 29.84400177001953] joint_vel=[0.5400000214576721, 0.09000000357627869, -1.350000023841858, -0.18000000715255737, -0.0, -0.18000000715255737] imu_ang_vel=[-0.05420420318841934, 0.04137841612100601, 0.05720736086368561] imu_quat_wxyz=[-0.5527958273887634, -0.010882356204092503, -0.003209758084267378, -0.8332395553588867] status=0x8103
joint_pos=[0.9359999895095825, -51.98400115966797, 38.91600036621094, -3.635999917984009, -18.899999618530273, 29.84400177001953] joint_vel=[0.8999999761581421, -0.18000000715255737, -1.619999885559082, 0.0, 0.18000000715255737, -0.0] imu_ang_vel=[-0.06325894594192505, 0.05789001286029816, -0.008306398056447506] imu_quat_wxyz=[-0.5526062250137329, -0.010544843971729279, -0.0030852919444441795, -0.8333700895309448] status=0x8103
joint_pos=[0.9359999895095825, -51.98400115966797, 38.91600036621094, -3.635999917984009, -18.899999618530273, 29.84400177001953] joint_vel=[-0.7200000286102295, 0.0, 2.430000066757202, 0.0, -0.0, 0.18000000715255737] imu_ang_vel=[-0.03609471023082733, 0.12659956514835358, -0.13400760293006897] imu_quat_wxyz=[-0.5534680485725403, -0.009175059385597706, -0.003058172995224595, -0.8328143358230591] status=0x8103
joint_pos=[0.9359999895095825, -51.98400115966797, 38.91600036621094, -3.635999917984009, -18.899999618530273, 29.84400177001953] joint_vel=[-0.36000001430511475, 0.0, 0.7200000286102295, 0.0, 0.18000000715255737, 0.18000000715255737] imu_ang_vel=[-0.0515410378575325, 0.18252594769001007, -0.09459280967712402] imu_quat_wxyz=[-0.5472059845924377, -0.009852158837020397, -0.0024567211512476206, -0.8369364142417908] status=0x8103
joint_pos=[0.9359999895095825, -51.98400115966797, 38.91600036621094, -3.635999917984009, -18.899999618530273, 29.84400177001953] joint_vel=[-2.1600000858306885, 0.0, 0.0, -0.18000000715255737, -0.18000000715255737, -0.0] imu_ang_vel=[-0.07666352391242981, 0.2163480967283249, -0.0790577083826065] imu_quat_wxyz=[-0.5483130812644958, -0.0068262252025306225, -0.0032143001444637775, -0.8362390398979187] status=0x8103
joint_pos=[0.972000002861023, -51.98400115966797, 38.91600036621094, -3.635999917984009, -18.899999618530273, 29.84400177001953] joint_vel=[2.1600000858306885, 0.27000001072883606, 0.0, -0.7200000286102295, -0.0, 0.09000000357627869] imu_ang_vel=[-0.06583333760499954, 0.17675575613975525, -0.08900018036365509] imu_quat_wxyz=[-0.5490284562110901, -0.004810683894902468, -0.0036998004652559757, -0.8357815742492676] status=0x8103
joint_pos=[0.972000002861023, -51.98400115966797, 38.880001068115234, -3.6720001697540283, -18.899999618530273, 29.84400177001953] joint_vel=[-0.09000000357627869, 0.09000000357627869, 0.0, -0.809999942779541, 0.5400000214576721, -0.0] imu_ang_vel=[-0.05846525728702545, 0.1628185659646988, -0.08766859024763107] imu_quat_wxyz=[-0.5494080781936646, -0.0039052010979503393, -0.003899910720065236, -0.835536003112793] status=0x8103
joint_pos=[0.972000002861023, -51.98400115966797, 38.880001068115234, -3.6720001697540283, -18.899999618530273, 29.84400177001953] joint_vel=[1.2599999904632568, -0.18000000715255737, -0.09000000357627869, -1.1700000762939453, -0.0, -0.0] imu_ang_vel=[-0.0190504789352417, 0.037561215460300446, -0.09920895099639893] imu_quat_wxyz=[-0.5505824089050293, -0.0021828929893672466, -0.0043080030009150505, -0.8347668647766113] status=0x8103
joint_pos=[0.972000002861023, -51.98400115966797, 38.880001068115234, -3.7080001831054688, -18.899999618530273, 29.84400177001953] joint_vel=[-0.09000000357627869, 0.0, 0.0, -4.320000171661377, -0.0, -0.0] imu_ang_vel=[-0.0011185286566615105, 0.1020984798669815, -0.09796614199876785] imu_quat_wxyz=[-0.5472190976142883, -0.0015010967617854476, -0.0040568094700574875, -0.8369782567024231] status=0x8103
joint_pos=[0.9359999895095825, -51.98400115966797, 38.880001068115234, -3.7080001831054688, -18.899999618530273, 29.84400177001953] joint_vel=[0.36000001430511475, 0.0, -0.18000000715255737, 5.670000076293945, -0.5400000214576721, -0.0] imu_ang_vel=[0.009267797693610191, 0.03924788534641266, -0.05331381410360336] imu_quat_wxyz=[-0.5482437014579773, -0.0004941838560625911, -0.004808999598026276, -0.8363046646118164] status=0x8103
joint_pos=[0.9359999895095825, -51.98400115966797, 38.880001068115234, -3.74399995803833, -18.899999618530273, 29.84400177001953] joint_vel=[-1.0800000429153442, -0.09000000357627869, 0.0, 1.8899999856948853, 0.18000000715255737, -0.0] imu_ang_vel=[0.018233772367239, -0.023780252784490585, -0.027658700942993164] imu_quat_wxyz=[-0.5485614538192749, -0.00047531980089843273, -0.004916119389235973, -0.8360956907272339] status=0x8103
joint_pos=[0.9359999895095825, -51.98400115966797, 38.880001068115234, -3.74399995803833, -18.899999618530273, 29.84400177001953] joint_vel=[-0.27000001072883606, 0.0, 0.0, 0.0, -0.0, -0.0] imu_ang_vel=[0.04140327125787735, -0.08831751346588135, -0.03405028581619263] imu_quat_wxyz=[-0.5488129258155823, -0.0012430488131940365, -0.004803115036338568, -0.8359304666519165] status=0x8103
joint_pos=[0.9359999895095825, -51.98400115966797, 38.880001068115234, -3.74399995803833, -18.899999618530273, 29.84400177001953] joint_vel=[0.9900000095367432, 0.0, 0.0, -0.18000000715255737, 0.09000000357627869, -0.0] imu_ang_vel=[0.06483909487724304, -0.0950641930103302, -0.043371349573135376] imu_quat_wxyz=[-0.5491829514503479, -0.0023894882760941982, -0.004714144393801689, -0.8356854915618896] status=0x8103
joint_pos=[0.9359999895095825, -51.98400115966797, 38.880001068115234, -3.74399995803833, -18.899999618530273, 29.84400177001953] joint_vel=[-0.6299999952316284, -0.09000000357627869, 0.0, 0.0, 0.18000000715255737, -0.0] imu_ang_vel=[0.05569557100534439, -0.07739856094121933, -0.07772612571716309] imu_quat_wxyz=[-0.5454496741294861, 1.5673820598749444e-05, -0.005110919009894133, -0.8381280899047852] status=0x8103
joint_pos=[0.9359999895095825, -51.98400115966797, 38.880001068115234, -3.74399995803833, -18.899999618530273, 29.84400177001953] joint_vel=[-2.5199999809265137, 0.0, 0.0, 0.0, -0.0, -0.0] imu_ang_vel=[0.04264608398079872, -0.15028038620948792, -0.07790367305278778] imu_quat_wxyz=[-0.546174168586731, -0.0011585804168134928, -0.004969132598489523, -0.8376561403274536] status=0x8103
joint_pos=[0.9359999895095825, -51.98400115966797, 38.880001068115234, -3.74399995803833, -18.899999618530273, 29.84400177001953] joint_vel=[-0.0, 0.0, 0.0, -2.069999933242798, -0.0, -0.0] imu_ang_vel=[0.012286046519875526, -0.15471899509429932, -0.07586191594600677] imu_quat_wxyz=[-0.546812891960144, -0.002617948455736041, -0.004171896260231733, -0.8372403383255005] status=0x8103
joint_pos=[0.9359999895095825, -51.98400115966797, 38.880001068115234, -3.74399995803833, -18.899999618530273, 29.84400177001953] joint_vel=[-0.36000001430511475, 0.09000000357627869, 0.0, -0.9900000095367432, -0.0, -0.0] imu_ang_vel=[0.012818679213523865, -0.1340351104736328, -0.11385634541511536] imu_quat_wxyz=[-0.5476484298706055, -0.003909665625542402, -0.003501200582832098, -0.8366921544075012] status=0x8103
joint_pos=[0.9359999895095825, -51.98400115966797, 38.880001068115234, -3.7080001831054688, -18.899999618530273, 29.84400177001953] joint_vel=[0.809999942779541, 0.09000000357627869, 0.0, 2.069999933242798, -0.0, -0.0] imu_ang_vel=[-0.005823446903377771, -0.10997790098190308, -0.15167322754859924] imu_quat_wxyz=[-0.5488306283950806, -0.0049147289246320724, -0.0028434349223971367, -0.8359143137931824] status=0x8103
joint_pos=[0.9359999895095825, -51.98400115966797, 38.880001068115234, -3.7080001831054688, -18.899999618530273, 29.84400177001953] joint_vel=[-0.6299999952316284, -0.18000000715255737, 0.0, 0.44999998807907104, -0.09000000357627869, -0.0] imu_ang_vel=[-0.02313399128615856, -0.05245361849665642, -0.19668065011501312] imu_quat_wxyz=[-0.5522431135177612, -0.005933171138167381, -0.002283277688547969, -0.8336588740348816] status=0x8103
joint_pos=[0.9359999895095825, -51.98400115966797, 38.880001068115234, -3.7080001831054688, -18.899999618530273, 29.84400177001953] joint_vel=[-0.36000001430511475, 0.0, 0.0, 0.09000000357627869, -0.0, -0.09000000357627869] imu_ang_vel=[-0.03671611100435257, 0.008621536195278168, -0.217098206281662] imu_quat_wxyz=[-0.5540072917938232, -0.005877386778593063, -0.0019575206097215414, -0.8324888348579407] status=0x8103
joint_pos=[0.9359999895095825, -51.98400115966797, 38.880001068115234, -3.7080001831054688, -18.899999618530273, 29.84400177001953] joint_vel=[-0.09000000357627869, 0.0, 0.0, 0.09000000357627869, -0.0, -0.0] imu_ang_vel=[-0.05668981745839119, 0.05274123325943947, -0.2326333224773407] imu_quat_wxyz=[-0.5559161901473999, -0.005255360156297684, -0.0017466910649091005, -0.8312199711799622] status=0x8103
joint_pos=[0.8999999761581421, -51.98400115966797, 38.880001068115234, -3.6720001697540283, -18.899999618530273, 29.84400177001953] joint_vel=[0.09000000357627869, 0.0, 0.0, 0.09000000357627869, -0.0, -0.18000000715255737] imu_ang_vel=[-0.06902913004159927, 0.06472545862197876, -0.2439073622226715] imu_quat_wxyz=[-0.5579298138618469, -0.004375454969704151, -0.0015477094566449523, -0.8298751711845398] status=0x8103
joint_pos=[0.8999999761581421, -51.98400115966797, 38.880001068115234, -3.6720001697540283, -18.899999618530273, 29.84400177001953] joint_vel=[-0.0, 0.0, 0.0, 0.18000000715255737, -0.0, 0.18000000715255737] imu_ang_vel=[-0.06902913749217987, 0.06348264962434769, -0.24470630288124084] imu_quat_wxyz=[-0.558955192565918, -0.003909963183104992, -0.0014368228148669004, -0.8291875123977661] status=0x8103
joint_pos=[0.8999999761581421, -51.98400115966797, 38.880001068115234, -3.6720001697540283, -18.899999618530273, 29.84400177001953] joint_vel=[0.18000000715255737, 0.0, 0.0, 0.0, -0.0, -0.0] imu_ang_vel=[-0.07133720070123672, 0.07724231481552124, -0.23121295869350433] imu_quat_wxyz=[-0.5636562705039978, -0.002964041428640485, -0.0011976747773587704, -0.82600337266922] status=0x8103
joint_pos=[0.8999999761581421, -51.98400115966797, 38.880001068115234, -3.6720001697540283, -18.899999618530273, 29.84400177001953] joint_vel=[-0.27000001072883606, -0.18000000715255737, 0.0, -0.18000000715255737, -0.0, -0.0] imu_ang_vel=[-0.06938421726226807, 0.09162338078022003, -0.19579292833805084] imu_quat_wxyz=[-0.5654212832450867, -0.0018493954557925463, -0.0010951760923489928, -0.8247995376586914] status=0x8103
joint_pos=[0.8999999761581421, -51.98400115966797, 38.880001068115234, -3.6720001697540283, -18.899999618530273, 29.84400177001953] joint_vel=[0.09000000357627869, 0.0, 0.0, 0.0, -0.44999998807907104, -0.0] imu_ang_vel=[-0.0629926323890686, 0.08780618011951447, -0.14989778399467468] imu_quat_wxyz=[-0.5668109059333801, -0.0007067514234222472, -0.0010621409164741635, -0.8238468766212463] status=0x8103
joint_pos=[0.8999999761581421, -51.98400115966797, 38.880001068115234, -3.6720001697540283, -18.899999618530273, 29.84400177001953] joint_vel=[-0.0, 0.0, 0.0, -0.18000000715255737, 0.09000000357627869, -0.0] imu_ang_vel=[-0.048078931868076324, 0.05646966025233269, -0.11660827696323395] imu_quat_wxyz=[-0.5678824186325073, 0.00018131145043298602, -0.0009917739080265164, -0.8231090903282166] status=0x8103
joint_pos=[0.8999999761581421, -51.98400115966797, 38.880001068115234, -3.6720001697540283, -18.899999618530273, 29.84400177001953] joint_vel=[-0.18000000715255737, 0.0, 0.0, 0.0, 0.36000001430511475, -0.0] imu_ang_vel=[-0.03165610879659653, 0.017143651843070984, -0.08030051738023758] imu_quat_wxyz=[-0.5686806440353394, 0.0006614984595216811, -0.0008419649675488472, -0.8225576877593994] status=0x8103
joint_pos=[0.8999999761581421, -51.98400115966797, 38.880001068115234, -3.6720001697540283, -18.899999618530273, 29.84400177001953] joint_vel=[-0.0, 0.0, 0.0, 0.0, 0.36000001430511475, -0.0] imu_ang_vel=[-0.016121001914143562, -0.018276389688253403, -0.030765719711780548] imu_quat_wxyz=[-0.5689989924430847, 0.0011373524321243167, -0.000698039832059294, -0.8223371505737305] status=0x8103
joint_pos=[0.8999999761581421, -51.98400115966797, 38.880001068115234, -3.6720001697540283, -18.899999618530273, 29.84400177001953] joint_vel=[0.27000001072883606, 0.0, 0.27000001072883606, -0.09000000357627869, -0.27000001072883606, -0.0] imu_ang_vel=[0.0018997201696038246, -0.041978515684604645, 0.011933624744415283] imu_quat_wxyz=[-0.5690529346466064, 0.0008909804164431989, -0.0004453680303413421, -0.8223003149032593] status=0x8103
joint_pos=[0.8999999761581421, -51.98400115966797, 38.880001068115234, -3.6720001697540283, -18.899999618530273, 29.84400177001953] joint_vel=[-0.0, 0.0, -0.18000000715255737, 0.0, 0.18000000715255737, -0.0] imu_ang_vel=[0.016458334401249886, -0.05476168915629387, 0.047619983553886414] imu_quat_wxyz=[-0.5687832832336426, 0.0004121407400816679, -0.00024011345522012562, -0.8224872946739197] status=0x8103
joint_pos=[0.8999999761581421, -51.98400115966797, 38.880001068115234, -3.6720001697540283, -18.899999618530273, 29.84400177001953] joint_vel=[-0.0, -0.09000000357627869, 0.0, 0.0, 0.36000001430511475, -0.0] imu_ang_vel=[0.03119448944926262, -0.06514802575111389, 0.0809982568025589] imu_quat_wxyz=[-0.5682335495948792, -0.0002301745698787272, -8.984107989817858e-05, -0.8228672742843628] status=0x8103
joint_pos=[0.8999999761581421, -51.98400115966797, 38.880001068115234, -3.6720001697540283, -18.899999618530273, 29.84400177001953] joint_vel=[-0.0, 0.0, 0.0, 0.0, -0.18000000715255737, -0.0] imu_ang_vel=[0.03501168638467789, -0.06905399262905121, 0.0924498438835144] imu_quat_wxyz=[-0.567873477935791, -0.0006034689722582698, -2.8455984647735022e-05, -0.8231156468391418] status=0x8103
joint_pos=[0.8999999761581421, -51.98400115966797, 38.880001068115234, -3.6720001697540283, -18.899999618530273, 29.84400177001953] joint_vel=[0.27000001072883606, 0.09000000357627869, 0.0, 0.0, -0.0, -0.0] imu_ang_vel=[0.043445032089948654, -0.07375890016555786, 0.11038179695606232] imu_quat_wxyz=[-0.5665990114212036, -0.0017229111399501562, 0.0002553048252593726, -0.8239918351173401] status=0x8103
joint_pos=[0.8999999761581421, -51.98400115966797, 38.880001068115234, -3.6720001697540283, -18.899999618530273, 29.84400177001953] joint_vel=[0.09000000357627869, 0.0, 0.0, 0.0, -0.44999998807907104, -0.0] imu_ang_vel=[0.044332750141620636, -0.05591572821140289, 0.11082565784454346] imu_quat_wxyz=[-0.565701425075531, -0.0024955319240689278, 0.0002684186911210418, -0.8246064186096191] status=0x8103
joint_pos=[0.8999999761581421, -51.98400115966797, 38.880001068115234, -3.6720001697540283, -18.899999618530273, 29.84400177001953] joint_vel=[-0.0, 0.09000000357627869, 0.0, 0.0, -0.0, 0.18000000715255737] imu_ang_vel=[0.039361514151096344, -0.02404657006263733, 0.10301372408866882] imu_quat_wxyz=[-0.5648360252380371, -0.0030192879494279623, 0.00015108393563423306, -0.825197696685791] status=0x8103
joint_pos=[0.8999999761581421, -51.98400115966797, 38.880001068115234, -3.6720001697540283, -18.899999618530273, 29.84400177001953] joint_vel=[-0.0, 0.09000000357627869, 0.0, 0.18000000715255737, -0.0, -0.0] imu_ang_vel=[0.035189226269721985, 0.00675732409581542, 0.08517054468393326] imu_quat_wxyz=[-0.5640829801559448, -0.0032493157777935266, -0.00010292253136867657, -0.8257117867469788] status=0x8103
joint_pos=[0.8999999761581421, -51.98400115966797, 38.880001068115234, -3.6720001697540283, -18.899999618530273, 29.84400177001953] joint_vel=[-0.0, 0.0, 0.0, 0.0, -0.0, -0.09000000357627869] imu_ang_vel=[0.029507819563150406, 0.023624008521437645, 0.06333263218402863] imu_quat_wxyz=[-0.5635021924972534, -0.0032729103695601225, -0.0004481121723074466, -0.8261079788208008] status=0x8103
joint_pos=[0.8999999761581421, -51.98400115966797, 38.880001068115234, -3.6720001697540283, -18.899999618530273, 29.84400177001953] joint_vel=[0.27000001072883606, 0.18000000715255737, 0.0, 0.0, -0.0, 0.18000000715255737] imu_ang_vel=[0.01903272047638893, 0.03560823202133179, 0.042559973895549774] imu_quat_wxyz=[-0.5646126866340637, -0.0037086033262312412, -0.000617459649220109, -0.8253474235534668] status=0x8103
joint_pos=[0.8999999761581421, -51.98400115966797, 38.880001068115234, -3.6720001697540283, -18.899999618530273, 29.84400177001953] joint_vel=[-0.0, 0.0, -0.09000000357627869, 0.0, -0.0, -0.0] imu_ang_vel=[0.010244290344417095, 0.0465271919965744, 0.016638541594147682] imu_quat_wxyz=[-0.5644087195396423, -0.0034377749543637037, -0.0009489583899267018, -0.8254877924919128] status=0x8103
joint_pos=[0.8999999761581421, -51.98400115966797, 38.880001068115234, -3.6720001697540283, -18.899999618530273, 29.84400177001953] joint_vel=[0.09000000357627869, 0.0, 0.0, 0.0, -0.09000000357627869, -0.0] imu_ang_vel=[0.0014558592811226845, 0.05469421669840813, -0.008040081709623337] imu_quat_wxyz=[-0.5644161105155945, -0.0030298875644803047, -0.001272722496651113, -0.8254839777946472] status=0x8103
joint_pos=[0.8999999761581421, -51.98400115966797, 38.880001068115234, -3.7080001831054688, -18.899999618530273, 29.84400177001953] joint_vel=[-0.0, 0.0, 0.0, 0.0, -0.0, -0.0] imu_ang_vel=[-0.007510115392506123, 0.0629500150680542, -0.025350626558065414] imu_quat_wxyz=[-0.5645946264266968, -0.0025053981225937605, -0.0015551510732620955, -0.8253631591796875] status=0x8103
joint_pos=[0.8999999761581421, -51.98400115966797, 38.880001068115234, -3.7080001831054688, -18.899999618530273, 29.84400177001953] joint_vel=[-0.0, -0.09000000357627869, 0.0, 0.0, -0.18000000715255737, 0.18000000715255737] imu_ang_vel=[-0.01132731232792139, 0.06010931357741356, -0.03857766091823578] imu_quat_wxyz=[-0.5648953914642334, -0.001929552759975195, -0.0017989740008488297, -0.8251582384109497] status=0x8103
joint_pos=[0.8999999761581421, -51.98400115966797, 38.880001068115234, -3.7080001831054688, -18.899999618530273, 29.84400177001953] joint_vel=[-0.0, 0.0, 0.0, 0.18000000715255737, 0.6299999952316284, -0.09000000357627869] imu_ang_vel=[-0.012392576783895493, 0.04563947394490242, -0.040264327079057693] imu_quat_wxyz=[-0.565686047077179, -0.001544827944599092, -0.002040688879787922, -0.8246168494224548] status=0x8103
joint_pos=[0.8999999761581421, -51.98400115966797, 38.880001068115234, -3.7080001831054688, -18.899999618530273, 29.84400177001953] joint_vel=[0.18000000715255737, 0.0, -0.09000000357627869, 0.0, -0.0, -0.0] imu_ang_vel=[-0.013191524893045425, 0.02238120138645172, -0.037334851920604706] imu_quat_wxyz=[-0.56602543592453, -0.001197941368445754, -0.002087312750518322, -0.8243842720985413] status=0x8103
joint_pos=[0.8999999761581421, -51.98400115966797, 38.880001068115234, -3.7080001831054688, -18.899999618530273, 29.84400177001953] joint_vel=[-0.0, 0.0, 0.0, 0.27000001072883606, 0.36000001430511475, -0.0] imu_ang_vel=[-0.009729416109621525, 0.00107591412961483, -0.03058817982673645] imu_quat_wxyz=[-0.5663146376609802, -0.0010590528836473823, -0.0020382539369165897, -0.8241860270500183] status=0x8103
joint_pos=[0.8999999761581421, -51.98400115966797, 38.880001068115234, -3.7080001831054688, -18.899999618530273, 29.84400177001953] joint_vel=[-0.0, 0.0, 0.0, -0.09000000357627869, -0.5400000214576721, -0.0] imu_ang_vel=[-0.006000991445034742, -0.014192874543368816, -0.024019047617912292] imu_quat_wxyz=[-0.5665498375892639, -0.001078244298696518, -0.001909408369101584, -0.8240245580673218] status=0x8103
joint_pos=[0.8999999761581421, -51.98400115966797, 38.880001068115234, -3.7080001831054688, -18.899999618530273, 29.84400177001953] joint_vel=[0.18000000715255737, 0.0, 0.0, 0.0, 0.09000000357627869, -0.0] imu_ang_vel=[-0.002716426271945238, -0.026976048946380615, -0.01345517486333847] imu_quat_wxyz=[-0.5667078495025635, -0.0012283849064260721, -0.0017258357256650925, -0.8239161372184753] status=0x8103
joint_pos=[0.8999999761581421, -51.98400115966797, 38.880001068115234, -3.7080001831054688, -18.899999618530273, 29.84400177001953] joint_vel=[-0.0, 0.0, 0.0, 0.0, -0.36000001430511475, -0.09000000357627869] imu_ang_vel=[0.002077263779938221, -0.03745114430785179, -0.0010270917555317283] imu_quat_wxyz=[-0.566541314125061, -0.0011145143071189523, -0.0016161765670403838, -0.8240309953689575] status=0x8103
joint_pos=[0.8999999761581421, -51.98400115966797, 38.880001068115234, -3.7080001831054688, -18.899999618530273, 29.84400177001953] joint_vel=[-0.0, -0.09000000357627869, 0.0, 0.0, -0.18000000715255737, 0.18000000715255737] imu_ang_vel=[0.004385336302220821, -0.04712729901075363, 0.008471515029668808] imu_quat_wxyz=[-0.5665138363838196, -0.001493346644565463, -0.0013745286269113421, -0.824049711227417] status=0x8103
joint_pos=[0.8999999761581421, -51.98400115966797, 38.880001068115234, -3.7080001831054688, -18.899999618530273, 29.84400177001953] joint_vel=[-0.0, 0.0, 0.0, 0.18000000715255737, 0.27000001072883606, 0.27000001072883606] imu_ang_vel=[0.007581130601465702, -0.048813965171575546, 0.013265205547213554] imu_quat_wxyz=[-0.5664389729499817, -0.0019327251939103007, -0.0011423991527408361, -0.8241006731987] status=0x8103
joint_pos=[0.8999999761581421, -51.98400115966797, 38.880001068115234, -3.7080001831054688, -18.899999618530273, 29.84400177001953] joint_vel=[-0.0, 0.0, 0.0, 0.0, 0.5400000214576721, -0.09000000357627869] imu_ang_vel=[0.005539372563362122, -0.04322132468223572, 0.013797837309539318] imu_quat_wxyz=[-0.5663396120071411, -0.002336271107196808, -0.0009203258669003844, -0.8241681456565857] status=0x8103
joint_pos=[0.8999999761581421, -51.98400115966797, 38.880001068115234, -3.7080001831054688, -18.899999618530273, 29.84400177001953] joint_vel=[-0.18000000715255737, 0.0, 0.0, 0.0, 0.6299999952316284, 0.27000001072883606] imu_ang_vel=[0.006072004325687885, -0.03594202548265457, 0.009181691333651543] imu_quat_wxyz=[-0.5663046836853027, -0.00250463979318738, -0.0008275608997792006, -0.8241918683052063] status=0x8103
joint_pos=[0.8999999761581421, -51.98400115966797, 38.880001068115234, -3.7080001831054688, -18.899999618530273, 29.84400177001953] joint_vel=[-0.0, 0.0, 0.0, 0.0, -0.27000001072883606, -0.0] imu_ang_vel=[0.003231300041079521, -0.006203392054885626, -0.0022698999382555485] imu_quat_wxyz=[-0.5667958855628967, -0.003075643442571163, -0.0005612215027213097, -0.8238523006439209] status=0x8103
joint_pos=[0.8999999761581421, -51.98400115966797, 38.880001068115234, -3.7080001831054688, -18.899999618530273, 29.84400177001953] joint_vel=[-0.0, 0.0, 0.0, 0.0, 0.09000000357627869, 0.18000000715255737] imu_ang_vel=[0.0009232275187969208, 0.009154168888926506, -0.009016573429107666] imu_quat_wxyz=[-0.5668637752532959, -0.0030517198611050844, -0.0005766332033090293, -0.8238057494163513] status=0x8103
joint_pos=[0.8999999761581421, -51.98400115966797, 38.880001068115234, -3.7080001831054688, -18.899999618530273, 29.84400177001953] joint_vel=[-0.0, -0.09000000357627869, 0.0, 0.0, -0.0, -0.18000000715255737] imu_ang_vel=[-5.3264666348695755e-05, 0.01785382628440857, -0.01372149121016264] imu_quat_wxyz=[-0.5669817924499512, -0.0029252662789076567, -0.000646861968562007, -0.8237249255180359] status=0x8103
motion_test: joint 4 -> 16.148 deg
joint_pos=[0.8999999761581421, -51.98400115966797, 38.880001068115234, -3.7080001831054688, -18.899999618530273, 29.84400177001953] joint_vel=[-0.0, 0.27000001072883606, -0.09000000357627869, 0.0, 0.44999998807907104, -0.0] imu_ang_vel=[0.0003018234856426716, 0.025310678407549858, -0.01629588194191456] imu_quat_wxyz=[-0.5671241879463196, -0.0027355304919183254, -0.0007599131786264479, -0.8236274719238281] status=0x8103
joint_pos=[0.8999999761581421, -51.98400115966797, 38.880001068115234, -3.7080001831054688, -18.899999618530273, 29.84400177001953] joint_vel=[-0.0, 0.18000000715255737, 0.0, 0.0, -0.0, -0.0] imu_ang_vel=[0.06395135819911957, 1.4869420528411865, -0.10240475088357925] imu_quat_wxyz=[-0.5674431324005127, 0.0009693818283267319, -0.0034841271117329597, -0.8234046697616577] status=0x8103
joint_pos=[1.871999979019165, -51.947998046875, 38.880001068115234, 4.248000144958496, -18.93600082397461, 29.84400177001953] joint_vel=[190.4399871826172, 8.819999694824219, -1.709999918937683, 481.95001220703125, -2.7899999618530273, -0.6299999952316284] imu_ang_vel=[1.8374388217926025, 3.408590316772461, -4.8625383377075195] imu_quat_wxyz=[-0.5966640114784241, 0.03243110701441765, -0.0393093042075634, -0.8008715510368347] status=0x8103
joint_pos=[2.4839999675750732, -51.9119987487793, 38.880001068115234, 13.500000953674316, -19.007999420166016, 29.808000564575195] joint_vel=[6.12000036239624, 4.860000133514404, 1.0800000429153442, 435.9599914550781, -2.25, -1.9800000190734863] imu_ang_vel=[-1.1020692586898804, 1.811670184135437, -3.7965641021728516] imu_quat_wxyz=[-0.6273326277732849, 0.05233171582221985, -0.05333544313907623, -0.7751583456993103] status=0x8103
joint_pos=[2.3400001525878906, -51.875999450683594, 38.880001068115234, 17.13599967956543, -19.11600112915039, 29.808000564575195] joint_vel=[-35.63999938964844, 2.25, 0.18000000715255737, -0.36000001430511475, -10.170000076293945, -0.8999999761581421] imu_ang_vel=[-0.6992217302322388, -2.714904308319092, -1.9635990858078003] imu_quat_wxyz=[-0.649336576461792, 0.0521555133163929, -0.033329304307699203, -0.7579782605171204] status=0x8103
joint_pos=[1.4759999513626099, -51.80400085449219, 38.880001068115234, 17.351999282836914, -19.11600112915039, 29.84400177001953] joint_vel=[-52.55999755859375, 1.709999918937683, 0.44999998807907104, 33.03000259399414, 0.09000000357627869, 1.350000023841858] imu_ang_vel=[0.8952126502990723, -0.9400851726531982, -1.6547610759735107] imu_quat_wxyz=[-0.6615442037582397, 0.042510759085416794, -0.03194041550159454, -0.748018741607666] status=0x8103
joint_pos=[0.972000002861023, -51.839996337890625, 38.880001068115234, 17.423999786376953, -19.11600112915039, 29.84400177001953] joint_vel=[-6.12000036239624, -0.5400000214576721, 0.0, -9.989999771118164, 0.36000001430511475, -0.0] imu_ang_vel=[0.49254274368286133, -1.3280189037322998, -0.389138400554657] imu_quat_wxyz=[-0.6654804944992065, 0.030291074886918068, -0.030425965785980225, -0.7451795339584351] status=0x8103
joint_pos=[0.8999999761581421, -51.839996337890625, 38.880001068115234, 17.20800018310547, -19.152000427246094, 29.48400115966797] joint_vel=[-6.659999847412109, -1.0800000429153442, 0.0, -16.28999900817871, -2.609999895095825, 9.989999771118164] imu_ang_vel=[-0.5045446753501892, -1.547552227973938, 0.26129424571990967] imu_quat_wxyz=[-0.6655571460723877, 0.02463250234723091, -0.0234471894800663, -0.7455717921257019] status=0x8103
joint_pos=[0.8640000224113464, -51.839996337890625, 38.880001068115234, 16.992000579833984, -19.152000427246094, 29.520000457763672] joint_vel=[-0.0, 0.0, -0.6299999952316284, -11.699999809265137, -0.0, -0.44999998807907104] imu_ang_vel=[-0.027128733694553375, 0.1980610340833664, 1.4003281593322754] imu_quat_wxyz=[-0.6564114689826965, 0.021415064111351967, -0.011696485802531242, -0.7540084719657898] status=0x8103
joint_pos=[0.8999999761581421, -51.839996337890625, 38.880001068115234, 16.70400047302246, -19.152000427246094, 29.520000457763672] joint_vel=[4.860000133514404, 0.0, 0.44999998807907104, -5.400000095367432, -0.18000000715255737, -8.90999984741211] imu_ang_vel=[-0.6331753730773926, 0.1624634563922882, -0.27719688415527344] imu_quat_wxyz=[-0.6531252264976501, 0.028122149407863617, -0.010945702902972698, -0.7566483616828918] status=0x8103
joint_pos=[0.9359999895095825, -51.839996337890625, 38.880001068115234, 16.631999969482422, -19.152000427246094, 29.447999954223633] joint_vel=[-7.559999942779541, 0.0, 0.9900000095367432, -2.5199999809265137, -0.0, 4.050000190734863] imu_ang_vel=[0.46209388971328735, 0.05362895503640175, -0.07284366339445114] imu_quat_wxyz=[-0.6532483696937561, 0.027317950502038002, -0.011412261985242367, -0.756564736366272] status=0x8103
joint_pos=[0.972000002861023, -51.839996337890625, 38.880001068115234, 16.45199966430664, -19.152000427246094, 29.447999954223633] joint_vel=[-3.3299999237060547, 0.0, 0.09000000357627869, -2.7899999618530273, -0.0, -1.7999999523162842] imu_ang_vel=[0.29058635234832764, 0.12242727726697922, -0.21310347318649292] imu_quat_wxyz=[-0.6554284691810608, 0.025917761027812958, -0.015667658299207687, -0.7546497583389282] status=0x8103
joint_pos=[0.9359999895095825, -51.839996337890625, 38.880001068115234, 16.3439998626709, -19.152000427246094, 29.48400115966797] joint_vel=[-3.7799999713897705, 1.0800000429153442, 0.09000000357627869, -15.480000495910645, 0.6299999952316284, -0.5400000214576721] imu_ang_vel=[-0.19925770163536072, 0.4766276478767395, 0.1360369175672531] imu_quat_wxyz=[-0.6555689573287964, 0.02859649993479252, -0.017536096274852753, -0.7543900012969971] status=0x8103
joint_pos=[0.9359999895095825, -51.80400085449219, 38.880001068115234, 16.308000564575195, -19.11600112915039, 29.48400115966797] joint_vel=[1.2599999904632568, 0.9900000095367432, 2.880000114440918, -2.25, 0.18000000715255737, -0.0] imu_ang_vel=[0.07797734439373016, 0.5750758647918701, 0.8211794495582581] imu_quat_wxyz=[-0.6510674953460693, 0.03334307670593262, -0.019844312220811844, -0.7580275535583496] status=0x8103
joint_pos=[0.9359999895095825, -51.80400085449219, 38.77199935913086, 16.272001266479492, -19.11600112915039, 29.48400115966797] joint_vel=[-0.09000000357627869, 0.36000001430511475, 1.1700000762939453, -2.5199999809265137, 0.809999942779541, -0.09000000357627869] imu_ang_vel=[0.014505349099636078, 0.17418137192726135, 0.22116929292678833] imu_quat_wxyz=[-0.6501215696334839, 0.03416748344898224, -0.022126145660877228, -0.758739173412323] status=0x8103
joint_pos=[0.972000002861023, -51.80400085449219, 38.77199935913086, 16.163999557495117, -19.11600112915039, 29.48400115966797] joint_vel=[0.5400000214576721, 0.0, 0.7200000286102295, -6.03000020980835, 0.9900000095367432, -0.0] imu_ang_vel=[0.020808164030313492, 0.16095435619354248, 0.3355964422225952] imu_quat_wxyz=[-0.6479453444480896, 0.03568648174405098, -0.02305709570646286, -0.7605010271072388] status=0x8103
joint_pos=[1.0080000162124634, -51.80400085449219, 38.77199935913086, 16.020000457763672, -19.11600112915039, 29.48400115966797] joint_vel=[1.9800000190734863, 0.6299999952316284, 0.8999999761581421, -5.21999979019165, -1.350000023841858, -0.0] imu_ang_vel=[0.10398755222558975, 0.0060471477918326855, 0.10691969096660614] imu_quat_wxyz=[-0.6464601159095764, 0.03563129901885986, -0.024324115365743637, -0.7617270946502686] status=0x8103
joint_pos=[1.0440000295639038, -51.80400085449219, 38.70000076293945, 15.911999702453613, -19.079999923706055, 29.48400115966797] joint_vel=[3.509999990463257, -0.7200000286102295, -1.709999918937683, -4.590000152587891, 1.53000009059906, -0.0] imu_ang_vel=[-0.13472044467926025, -0.19883868098258972, 0.007406251505017281] imu_quat_wxyz=[-0.6461259722709656, 0.034839775413274765, -0.02329639345407486, -0.7620791792869568] status=0x8103
joint_pos=[1.1160000562667847, -51.80400085449219, 38.736000061035156, 15.767999649047852, -19.079999923706055, 29.48400115966797] joint_vel=[-0.18000000715255737, -0.09000000357627869, -0.6299999952316284, -1.53000009059906, -0.09000000357627869, -0.0] imu_ang_vel=[-0.04026699438691139, 0.05860018730163574, 0.012288713827729225] imu_quat_wxyz=[-0.6454528570175171, 0.03543556481599808, -0.022814495489001274, -0.7626364827156067] status=0x8103
joint_pos=[1.1160000562667847, -51.80400085449219, 38.736000061035156, 15.731999397277832, -19.079999923706055, 29.48400115966797] joint_vel=[-0.0, 0.0, 0.7200000286102295, -1.440000057220459, 0.27000001072883606, -0.0] imu_ang_vel=[-0.03804769366979599, -0.01836515963077545, -0.05304750055074692] imu_quat_wxyz=[-0.645635724067688, 0.03562247008085251, -0.022685859352350235, -0.7624768018722534] status=0x8103
joint_pos=[1.1160000562667847, -51.80400085449219, 38.736000061035156, 15.65999984741211, -19.079999923706055, 29.48400115966797] joint_vel=[0.27000001072883606, 0.36000001430511475, 0.0, 3.9600000381469727, -0.6299999952316284, -0.0] imu_ang_vel=[0.04468783736228943, -0.0054932162165641785, -0.0628124251961708] imu_quat_wxyz=[-0.6463326811790466, 0.034762293100357056, -0.023350678384304047, -0.7619057893753052] status=0x8103
joint_pos=[1.1160000562667847, -51.80400085449219, 38.736000061035156, 15.624000549316406, -19.079999923706055, 29.48400115966797] joint_vel=[0.09000000357627869, 0.18000000715255737, 0.0, -0.5400000214576721, -0.44999998807907104, -0.0] imu_ang_vel=[0.03563309088349342, -0.003984091803431511, 0.04140593856573105] imu_quat_wxyz=[-0.646446168422699, 0.03465661406517029, -0.023578621447086334, -0.761807382106781] status=0x8103
joint_pos=[1.1160000562667847, -51.80400085449219, 38.736000061035156, 15.624000549316406, -19.079999923706055, 29.48400115966797] joint_vel=[-0.0, 0.0, -0.18000000715255737, -0.5400000214576721, 1.440000057220459, -0.0] imu_ang_vel=[-0.015854686498641968, -0.0033626873046159744, 0.061468418687582016] imu_quat_wxyz=[-0.6464046239852905, 0.03519601747393608, -0.023662284016609192, -0.7618151903152466] status=0x8103
joint_pos=[1.1160000562667847, -51.80400085449219, 38.736000061035156, 15.624000549316406, -19.079999923706055, 29.48400115966797] joint_vel=[0.18000000715255737, 0.0, 0.18000000715255737, -0.36000001430511475, -0.9900000095367432, 0.18000000715255737] imu_ang_vel=[0.039272744208574295, -0.0206732340157032, 0.022053636610507965] imu_quat_wxyz=[-0.645976722240448, 0.0351257361471653, -0.02360687591135502, -0.7621831297874451] status=0x8103
joint_pos=[1.1160000562667847, -51.80400085449219, 38.736000061035156, 15.624000549316406, -19.079999923706055, 29.48400115966797] joint_vel=[-0.0, 0.0, 0.0, 0.0, -0.5400000214576721, -0.09000000357627869] imu_ang_vel=[0.020275529474020004, -0.05138835310935974, 0.039186641573905945] imu_quat_wxyz=[-0.6457275152206421, 0.0345316119492054, -0.02352967858314514, -0.7624238133430481] status=0x8103
joint_pos=[1.1160000562667847, -51.80400085449219, 38.736000061035156, 15.624000549316406, -19.079999923706055, 29.48400115966797] joint_vel=[-0.36000001430511475, -0.18000000715255737, 0.09000000357627869, 0.0, -0.09000000357627869, -0.0] imu_ang_vel=[0.021962197497487068, -0.03975921496748924, 0.016105910763144493] imu_quat_wxyz=[-0.6455332636833191, 0.03409234806895256, -0.023396462202072144, -0.7626121044158936] status=0x8103
joint_pos=[1.1160000562667847, -51.80400085449219, 38.736000061035156, 15.624000549316406, -19.079999923706055, 29.48400115966797] joint_vel=[-0.0, -0.44999998807907104, 0.18000000715255737, 0.0, -0.809999942779541, -0.0] imu_ang_vel=[0.03581063449382782, -0.0557381846010685, -0.009815522469580173] imu_quat_wxyz=[-0.6455681324005127, 0.03352901712059975, -0.02329290099442005, -0.762610673904419] status=0x8103
joint_pos=[1.1160000562667847, -51.80400085449219, 38.736000061035156, 15.624000549316406, -19.079999923706055, 29.48400115966797] joint_vel=[-0.0, 0.0, -0.18000000715255737, 0.0, -1.53000009059906, -0.0] imu_ang_vel=[0.030484315007925034, -0.050234317779541016, -0.03147589787840843] imu_quat_wxyz=[-0.6455613374710083, 0.032586973160505295, -0.023428015410900116, -0.762653112411499] status=0x8103
joint_pos=[1.1160000562667847, -51.80400085449219, 38.736000061035156, 15.624000549316406, -19.079999923706055, 29.48400115966797] joint_vel=[-0.0, -0.09000000357627869, -0.09000000357627869, 0.0, -0.0, -0.0] imu_ang_vel=[-5.3264666348695755e-05, -0.03745114803314209, -0.0515383742749691] imu_quat_wxyz=[-0.6459287405014038, 0.03223368152976036, -0.023212088271975517, -0.7623635530471802] status=0x8103
joint_pos=[1.1160000562667847, -51.80400085449219, 38.736000061035156, 15.624000549316406, -19.079999923706055, 29.48400115966797] joint_vel=[0.18000000715255737, -0.18000000715255737, -0.09000000357627869, 0.09000000357627869, -0.0, -0.0] imu_ang_vel=[-0.011859945021569729, -0.01756621152162552, -0.0679612010717392] imu_quat_wxyz=[-0.6464023590087891, 0.03207198530435562, -0.022972021251916885, -0.7619763016700745] status=0x8103
joint_pos=[1.1160000562667847, -51.80400085449219, 38.736000061035156, 15.624000549316406, -19.079999923706055, 29.48400115966797] joint_vel=[-0.0, -0.09000000357627869, -0.18000000715255737, 0.0, 0.36000001430511475, -0.0] imu_ang_vel=[-0.028371542692184448, -0.0013209304306656122, -0.08305244147777557] imu_quat_wxyz=[-0.6467095017433167, 0.032146893441677094, -0.02284575253725052, -0.7617161273956299] status=0x8103
joint_pos=[1.1160000562667847, -51.80400085449219, 38.736000061035156, 15.624000549316406, -19.079999923706055, 29.48400115966797] joint_vel=[-0.0, 0.0, 0.0, 0.09000000357627869, -0.09000000357627869, -0.0] imu_ang_vel=[-0.026329785585403442, 0.015190666541457176, -0.13471776247024536] imu_quat_wxyz=[-0.6479796767234802, 0.03258109837770462, -0.022527290508151054, -0.7606269121170044] status=0x8103
joint_pos=[1.1160000562667847, -51.80400085449219, 38.736000061035156, 15.624000549316406, -19.079999923706055, 29.48400115966797] joint_vel=[0.18000000715255737, -0.27000001072883606, 0.0, 0.18000000715255737, 0.7200000286102295, -0.18000000715255737] imu_ang_vel=[-0.03662734106183052, 0.028772786259651184, -0.14377251267433167] imu_quat_wxyz=[-0.6490542888641357, 0.03217093273997307, -0.022514507174491882, -0.7597280144691467] status=0x8103
joint_pos=[1.1160000562667847, -51.80400085449219, 38.736000061035156, 15.624000549316406, -19.079999923706055, 29.48400115966797] joint_vel=[-0.18000000715255737, -0.18000000715255737, 0.0, -0.09000000357627869, 1.53000009059906, -0.09000000357627869] imu_ang_vel=[-0.04719121381640434, 0.028240155428647995, -0.12681704759597778] imu_quat_wxyz=[-0.6500520706176758, 0.03270607814192772, -0.0223127081990242, -0.7588575482368469] status=0x8103
joint_pos=[1.1160000562667847, -51.80400085449219, 38.736000061035156, 15.624000549316406, -19.079999923706055, 29.48400115966797] joint_vel=[-1.619999885559082, -0.27000001072883606, -0.18000000715255737, 0.0, 1.2599999904632568, -0.09000000357627869] imu_ang_vel=[-0.0354733020067215, 0.025133132934570312, -0.11323493719100952] imu_quat_wxyz=[-0.6509374380111694, 0.033219918608665466, -0.022109951823949814, -0.7580817937850952] status=0x8103
joint_pos=[1.0800000429153442, -51.80400085449219, 38.736000061035156, 15.624000549316406, -19.079999923706055, 29.48400115966797] joint_vel=[1.8899999856948853, 0.0, 0.0, 0.0, -0.6299999952316284, -0.09000000357627869] imu_ang_vel=[-0.022068727761507034, 0.015723299235105515, -0.09157456457614899] imu_quat_wxyz=[-0.6517053246498108, 0.03357373923063278, -0.021984079852700233, -0.7574098706245422] status=0x8103
joint_pos=[1.0800000429153442, -51.80400085449219, 38.736000061035156, 15.624000549316406, -19.079999923706055, 29.48400115966797] joint_vel=[-1.2599999904632568, 0.27000001072883606, 0.0, 0.0, 0.9900000095367432, -0.18000000715255737] imu_ang_vel=[-0.015233281999826431, 0.008000131696462631, -0.057397328317165375] imu_quat_wxyz=[-0.6522447466850281, 0.03379422798752785, -0.021872760728001595, -0.7569387555122375] status=0x8103
joint_pos=[1.0800000429153442, -51.80400085449219, 38.736000061035156, 15.624000549316406, -19.079999923706055, 29.48400115966797] joint_vel=[2.880000114440918, 0.0, 0.27000001072883606, -0.09000000357627869, 0.09000000357627869, -0.18000000715255737] imu_ang_vel=[-0.003249058034271002, -0.010908309370279312, -0.028901509940624237] imu_quat_wxyz=[-0.6531786918640137, 0.03418605774641037, -0.021864112466573715, -0.7561157941818237] status=0x8103
joint_pos=[1.0800000429153442, -51.80400085449219, 38.736000061035156, 15.624000549316406, -19.079999923706055, 29.48400115966797] joint_vel=[-1.440000057220459, 0.0, 0.0, -0.09000000357627869, -0.5400000214576721, -0.18000000715255737] imu_ang_vel=[0.020719388499855995, -0.03381149470806122, -0.0015597239835187793] imu_quat_wxyz=[-0.6532930135726929, 0.03390902653336525, -0.021768419072031975, -0.7560322284698486] status=0x8103
joint_pos=[1.0800000429153442, -51.80400085449219, 38.736000061035156, 15.624000549316406, -19.079999923706055, 29.48400115966797] joint_vel=[-0.9900000095367432, -0.09000000357627869, 0.27000001072883606, 0.18000000715255737, 0.44999998807907104, -0.0] imu_ang_vel=[0.02604570798575878, -0.03665219619870186, 0.03164101392030716] imu_quat_wxyz=[-0.6531855463981628, 0.03346019610762596, -0.02170930802822113, -0.7561467885971069] status=0x8103
joint_pos=[1.1160000562667847, -51.80400085449219, 38.736000061035156, 15.624000549316406, -19.079999923706055, 29.48400115966797] joint_vel=[-0.0, 0.0, 0.0, 0.18000000715255737, 0.9900000095367432, -0.18000000715255737] imu_ang_vel=[0.02036430314183235, -0.03327886387705803, 0.09431406855583191] imu_quat_wxyz=[-0.6526661515235901, 0.033020731061697006, -0.021663138642907143, -0.7566156387329102] status=0x8103
joint_pos=[1.1160000562667847, -51.80400085449219, 38.736000061035156, 15.624000549316406, -19.079999923706055, 29.48400115966797] joint_vel=[0.27000001072883606, 0.27000001072883606, 0.27000001072883606, 0.0, 0.27000001072883606, 0.18000000715255737] imu_ang_vel=[0.013972715474665165, -0.029461663216352463, 0.09440283477306366] imu_quat_wxyz=[-0.6523184180259705, 0.03285137563943863, -0.02163024991750717, -0.7569237351417542] status=0x8103
joint_pos=[1.1160000562667847, -51.80400085449219, 38.736000061035156, 15.624000549316406, -19.079999923706055, 29.48400115966797] joint_vel=[0.09000000357627869, -0.18000000715255737, 0.0, 0.0, -0.7200000286102295, -0.0] imu_ang_vel=[0.03217098116874695, -0.02679850347340107, 0.07922282814979553] imu_quat_wxyz=[-0.6516452431678772, 0.032242510467767715, -0.021472282707691193, -0.7575340270996094] status=0x8103
joint_pos=[1.1160000562667847, -51.80400085449219, 38.736000061035156, 15.624000549316406, -19.079999923706055, 29.48400115966797] joint_vel=[-0.0, 0.0, -0.09000000357627869, 0.09000000357627869, 1.440000057220459, -0.09000000357627869] imu_ang_vel=[0.012019730173051357, -0.0014984747394919395, 0.0828624740242958] imu_quat_wxyz=[-0.6510443091392517, 0.03201891854405403, -0.021546361967921257, -0.7580580115318298] status=0x8103
joint_pos=[1.1160000562667847, -51.80400085449219, 38.736000061035156, 15.624000549316406, -19.079999923706055, 29.48400115966797] joint_vel=[-0.0, 0.0, -0.09000000357627869, 0.0, -1.1700000762939453, 0.18000000715255737] imu_ang_vel=[0.01557061169296503, 0.01226118952035904, 0.0505494587123394] imu_quat_wxyz=[-0.6505626440048218, 0.032004546374082565, -0.021703774109482765, -0.758467435836792] status=0x8103
joint_pos=[1.1160000562667847, -51.80400085449219, 38.736000061035156, 15.624000549316406, -19.079999923706055, 29.48400115966797] joint_vel=[-0.0, 0.0, -0.09000000357627869, 0.0, -0.27000001072883606, -0.36000001430511475] imu_ang_vel=[0.016547104343771935, 0.020960848778486252, 0.028178904205560684] imu_quat_wxyz=[-0.6503180861473083, 0.03200937435030937, -0.021943671628832817, -0.7586700916290283] status=0x8103
joint_pos=[1.1160000562667847, -51.80400085449219, 38.736000061035156, 15.624000549316406, -19.079999923706055, 29.48400115966797] joint_vel=[-0.09000000357627869, -0.09000000357627869, 0.0, 0.09000000357627869, 0.5400000214576721, -0.09000000357627869] imu_ang_vel=[0.0032312991097569466, 0.0350755974650383, 0.010513272136449814] imu_quat_wxyz=[-0.6501832008361816, 0.032207489013671875, -0.02218371070921421, -0.7587704062461853] status=0x8103
joint_pos=[1.1160000562667847, -51.80400085449219, 38.736000061035156, 15.624000549316406, -19.079999923706055, 29.48400115966797] joint_vel=[-0.0, 0.0, 0.0, 0.0, -0.8999999761581421, 0.09000000357627869] imu_ang_vel=[0.001011999323964119, 0.0396917462348938, -0.005110605154186487] imu_quat_wxyz=[-0.6501299738883972, 0.03215714171528816, -0.02227652445435524, -0.7588152885437012] status=0x8103
joint_pos=[1.1160000562667847, -51.80400085449219, 38.736000061035156, 15.624000549316406, -19.079999923706055, 29.48400115966797] joint_vel=[-0.09000000357627869, 0.0, -0.09000000357627869, 0.0, -0.9900000095367432, 0.09000000357627869] imu_ang_vel=[-0.0048469542525708675, 0.04199981689453125, -0.013366403058171272] imu_quat_wxyz=[-0.6502096652984619, 0.03250572085380554, -0.022496353834867477, -0.7587257027626038] status=0x8103
joint_pos=[1.1160000562667847, -51.80400085449219, 38.736000061035156, 15.624000549316406, -19.079999923706055, 29.48400115966797] joint_vel=[-0.0, -0.18000000715255737, 0.0, 0.0, 0.18000000715255737, -0.0] imu_ang_vel=[-0.00023080920800566673, 0.030193138867616653, -0.022421151399612427] imu_quat_wxyz=[-0.6503605246543884, 0.032800883054733276, -0.02268315479159355, -0.7585781812667847] status=0x8103
joint_pos=[1.1160000562667847, -51.80400085449219, 38.736000061035156, 15.624000549316406, -19.079999923706055, 29.48400115966797] joint_vel=[0.09000000357627869, 0.0, 0.09000000357627869, 0.0, -0.18000000715255737, 0.18000000715255737] imu_ang_vel=[0.0034088436514139175, 0.023091375827789307, -0.029789229854941368] imu_quat_wxyz=[-0.6505925059318542, 0.032981425523757935, -0.02284933067858219, -0.7583663463592529] status=0x8103
joint_pos=[1.1160000562667847, -51.80400085449219, 38.736000061035156, 15.624000549316406, -19.079999923706055, 29.48400115966797] joint_vel=[-0.18000000715255737, 0.0, -0.09000000357627869, -0.09000000357627869, -0.09000000357627869, 0.27000001072883606] imu_ang_vel=[-0.0017399336211383343, 0.013237682171165943, -0.01531938835978508] imu_quat_wxyz=[-0.6507726311683655, 0.03312607854604721, -0.02294544130563736, -0.7582026124000549] status=0x8103
joint_pos=[1.1160000562667847, -51.80400085449219, 38.736000061035156, 15.624000549316406, -19.079999923706055, 29.48400115966797] joint_vel=[-0.0, 0.18000000715255737, 0.18000000715255737, -0.27000001072883606, -0.0, -0.0] imu_ang_vel=[0.0025211237370967865, -0.01010936126112938, -0.009371662512421608] imu_quat_wxyz=[-0.6512191891670227, 0.033377956598997116, -0.023197907954454422, -0.7578004002571106] status=0x8103
joint_pos=[1.1160000562667847, -51.80400085449219, 38.736000061035156, 15.624000549316406, -19.079999923706055, 29.48400115966797] joint_vel=[-0.0, 0.18000000715255737, 0.18000000715255737, 0.0, -0.0, 0.09000000357627869] imu_ang_vel=[0.004562880843877792, -0.017654985189437866, -0.01017061062157154] imu_quat_wxyz=[-0.6512672305107117, 0.03331013768911362, -0.023152148351073265, -0.7577634453773499] status=0x8103
joint_pos=[1.1160000562667847, -51.80400085449219, 38.736000061035156, 15.624000549316406, -19.079999923706055, 29.48400115966797] joint_vel=[-0.0, -0.18000000715255737, 0.09000000357627869, 0.0, -0.18000000715255737, -0.09000000357627869] imu_ang_vel=[0.0034976163879036903, -0.024312887340784073, -0.007241133600473404] imu_quat_wxyz=[-0.6513903141021729, 0.03302215784788132, -0.02295115403831005, -0.757676362991333] status=0x8103
joint_pos=[1.1160000562667847, -51.80400085449219, 38.736000061035156, 15.624000549316406, -19.079999923706055, 29.48400115966797] joint_vel=[-0.0, 0.09000000357627869, 0.0, 0.09000000357627869, -0.09000000357627869, 0.36000001430511475] imu_ang_vel=[0.003586387261748314, -0.025733238086104393, -0.014165351167321205] imu_quat_wxyz=[-0.6514949202537537, 0.03281506523489952, -0.022790703922510147, -0.7576002478599548] status=0x8103
joint_pos=[1.1160000562667847, -51.80400085449219, 38.736000061035156, 15.624000549316406, -19.079999923706055, 29.48400115966797] joint_vel=[-0.0, -0.27000001072883606, 0.0, -0.27000001072883606, 1.53000009059906, -0.27000001072883606] imu_ang_vel=[-5.3264666348695755e-05, -0.029284119606018066, -0.018781498074531555] imu_quat_wxyz=[-0.6516405344009399, 0.03260435536503792, -0.02258981578052044, -0.7574900984764099] status=0x8103
joint_pos=[1.1160000562667847, -51.80400085449219, 38.736000061035156, 15.624000549316406, -19.079999923706055, 29.48400115966797] joint_vel=[-0.0, -0.09000000357627869, -0.09000000357627869, 0.0, -0.7200000286102295, 0.18000000715255737] imu_ang_vel=[-0.0048469542525708675, -0.022981304675340652, -0.030499406158924103] imu_quat_wxyz=[-0.6517434120178223, 0.03234249725937843, -0.02237306721508503, -0.7574193477630615] status=0x8103
joint_pos=[1.1160000562667847, -51.80400085449219, 38.736000061035156, 15.624000549316406, -19.079999923706055, 29.48400115966797] joint_vel=[-0.0, 0.0, 0.0, 0.0, -0.0, 0.18000000715255737] imu_ang_vel=[-0.010350819677114487, -0.010730765759944916, -0.04044187068939209] imu_quat_wxyz=[-0.6520354747772217, 0.03229818865656853, -0.022190170362591743, -0.757175087928772] status=0x8103
joint_pos=[1.1160000562667847, -51.80400085449219, 38.736000061035156, 15.624000549316406, -19.079999923706055, 29.48400115966797] joint_vel=[-0.0, -0.18000000715255737, 0.09000000357627869, 0.0, -0.09000000357627869, 0.09000000357627869] imu_ang_vel=[-0.012925209477543831, -0.0011433868203312159, -0.04523555934429169] imu_quat_wxyz=[-0.6523725390434265, 0.03236246854066849, -0.022036027163267136, -0.7568864226341248] status=0x8103
joint_pos=[1.1160000562667847, -51.80400085449219, 38.736000061035156, 15.624000549316406, -19.079999923706055, 29.48400115966797] joint_vel=[-0.0, 0.0, 0.09000000357627869, 0.0, -1.2599999904632568, -0.0] imu_ang_vel=[-0.012392576783895493, 0.007378728128969669, -0.047099772840738297] imu_quat_wxyz=[-0.6527392864227295, 0.03249584138393402, -0.021934272721409798, -0.7565675377845764] status=0x8103
joint_pos=[1.1160000562667847, -51.80400085449219, 38.736000061035156, 15.624000549316406, -19.079999923706055, 29.48400115966797] joint_vel=[-0.27000001072883606, 0.0, 0.0, 0.0, -0.8999999761581421, -0.0] imu_ang_vel=[-0.009196783415973186, 0.01128469780087471, -0.03919906169176102] imu_quat_wxyz=[-0.6530695557594299, 0.032656021416187286, -0.021883895620703697, -0.7562770843505859] status=0x8103
joint_pos=[1.1160000562667847, -51.80400085449219, 38.736000061035156, 15.624000549316406, -19.079999923706055, 29.48400115966797] joint_vel=[0.09000000357627869, 0.0, 0.36000001430511475, 0.0, -0.7200000286102295, -0.0] imu_ang_vel=[-0.005202042870223522, 0.01643347553908825, -0.02730361372232437] imu_quat_wxyz=[-0.6531542539596558, 0.032617054879665375, -0.021762842312455177, -0.7562090754508972] status=0x8103
joint_pos=[1.1160000562667847, -51.80400085449219, 38.736000061035156, 15.624000549316406, -19.079999923706055, 29.48400115966797] joint_vel=[-0.0, 0.09000000357627869, 0.27000001072883606, 0.0, 1.440000057220459, -0.09000000357627869] imu_ang_vel=[-0.0023613381199538708, 0.01643347553908825, -0.008572714403271675] imu_quat_wxyz=[-0.6532837152481079, 0.03277669474482536, -0.02182738296687603, -0.756088376045227] status=0x8103
joint_pos=[1.1160000562667847, -51.80400085449219, 38.736000061035156, 15.624000549316406, -19.079999923706055, 29.48400115966797] joint_vel=[-0.0, 0.0, 0.0, -0.18000000715255737, 0.8999999761581421, -0.0] imu_ang_vel=[0.001367088407278061, 0.013770313933491707, 0.0003932607942260802] imu_quat_wxyz=[-0.6532976627349854, 0.032835058867931366, -0.02186768129467964, -0.7560727596282959] status=0x8103
joint_pos=[1.1160000562667847, -51.80400085449219, 38.736000061035156, 15.624000549316406, -19.079999923706055, 29.48400115966797] joint_vel=[-0.18000000715255737, 0.0, 0.09000000357627869, 0.0, 0.44999998807907104, -0.0] imu_ang_vel=[0.011842187494039536, 0.006934868171811104, 0.023562759160995483] imu_quat_wxyz=[-0.6531595587730408, 0.032893501222133636, -0.022041629999876022, -0.7561843395233154] status=0x8103
joint_pos=[1.1160000562667847, -51.80400085449219, 38.736000061035156, 15.624000549316406, -19.079999923706055, 29.48400115966797] joint_vel=[-0.0, 0.0, -0.18000000715255737, 0.0, 0.5400000214576721, -0.0] imu_ang_vel=[0.013972715474665165, 0.003561530727893114, 0.03350523114204407] imu_quat_wxyz=[-0.6529463529586792, 0.03284354507923126, -0.022163985297083855, -0.7563671469688416] status=0x8103
joint_pos=[1.1160000562667847, -51.80400085449219, 38.736000061035156, 15.624000549316406, -19.079999923706055, 29.48400115966797] joint_vel=[-0.09000000357627869, -0.09000000357627869, -0.09000000357627869, 0.0, 0.44999998807907104, -0.0] imu_ang_vel=[0.016369560733437538, 9.9421595223248e-05, 0.036079615354537964] imu_quat_wxyz=[-0.6529942750930786, 0.032871685922145844, -0.022288354113698006, -0.7563208341598511] status=0x8103
joint_pos=[1.1160000562667847, -51.80400085449219, 38.736000061035156, 15.624000549316406, -19.079999923706055, 29.48400115966797] joint_vel=[-0.0, 0.0, 0.18000000715255737, 0.0, 0.18000000715255737, -0.0] imu_ang_vel=[0.015215525403618813, -0.003984090872108936, 0.029510483145713806] imu_quat_wxyz=[-0.6527653932571411, 0.03275197744369507, -0.022380568087100983, -0.7565208673477173] status=0x8103
joint_pos=[1.1160000562667847, -51.80400085449219, 38.736000061035156, 15.624000549316406, -19.079999923706055, 29.48400115966797] joint_vel=[-0.09000000357627869, 0.0, 0.0, 0.0, -0.09000000357627869, -0.27000001072883606] imu_ang_vel=[0.013262540102005005, -0.0065584806725382805, 0.019212929531931877] imu_quat_wxyz=[-0.6526092290878296, 0.03262718394398689, -0.02243965119123459, -0.7566591501235962] status=0x8103
joint_pos=[1.1160000562667847, -51.80400085449219, 38.736000061035156, 15.624000549316406, -19.079999923706055, 29.48400115966797] joint_vel=[-0.09000000357627869, 0.27000001072883606, 0.0, 0.18000000715255737, -0.7200000286102295, -0.18000000715255737] imu_ang_vel=[0.00820253323763609, -0.0070911129005253315, 0.004121685866266489] imu_quat_wxyz=[-0.6525490880012512, 0.03251875936985016, -0.022447366267442703, -0.7567154765129089] status=0x8103
joint_pos=[1.1160000562667847, -51.80400085449219, 38.736000061035156, 15.624000549316406, -19.079999923706055, 29.48400115966797] joint_vel=[-0.0, 0.0, 0.0, -0.09000000357627869, -0.0, 0.09000000357627869] imu_ang_vel=[0.0003905957564711571, -0.0023861948866397142, -0.012034822255373001] imu_quat_wxyz=[-0.6526108384132385, 0.03246895223855972, -0.02242473140358925, -0.7566651701927185] status=0x8103
joint_pos=[1.1160000562667847, -51.80400085449219, 38.736000061035156, 15.624000549316406, -19.079999923706055, 29.48400115966797] joint_vel=[-0.0, 0.0, 0.18000000715255737, 0.0, -1.8899999856948853, 0.36000001430511475] imu_ang_vel=[-0.002805197611451149, 0.0003657377092167735, -0.023930275812745094] imu_quat_wxyz=[-0.6525380611419678, 0.03229863941669464, -0.0223778635263443, -0.7567364573478699] status=0x8103
joint_pos=[1.1160000562667847, -51.80400085449219, 38.736000061035156, 15.624000549316406, -19.079999923706055, 29.48400115966797] joint_vel=[-0.0, 0.0, 0.09000000357627869, -0.5400000214576721, -0.36000001430511475, -0.27000001072883606] imu_ang_vel=[-0.006711166817694902, -0.0007882986683398485, -0.03396151214838028] imu_quat_wxyz=[-0.6527806520462036, 0.03234593942761421, -0.022302759811282158, -0.7565274238586426] status=0x8103
joint_pos=[1.1160000562667847, -51.80400085449219, 38.736000061035156, 15.624000549316406, -19.079999923706055, 29.48400115966797] joint_vel=[-0.09000000357627869, -0.18000000715255737, -0.18000000715255737, 0.18000000715255737, -0.7200000286102295, 0.36000001430511475] imu_ang_vel=[-0.00786520354449749, -0.0008770707063376904, -0.03635835647583008] imu_quat_wxyz=[-0.6529206037521362, 0.03237534686923027, -0.022261103615164757, -0.7564065456390381] status=0x8103
joint_pos=[1.1160000562667847, -51.80400085449219, 38.736000061035156, 15.624000549316406, -19.079999923706055, 29.48400115966797] joint_vel=[-0.0, 0.0, 0.0, -0.09000000357627869, 1.350000023841858, -0.0] imu_ang_vel=[-0.007953975349664688, 0.004094162955880165, -0.03573695197701454] imu_quat_wxyz=[-0.6533499956130981, 0.03250189125537872, -0.022143566980957985, -0.7560338377952576] status=0x8103
motion_test: joint 4 returning to start
joint_pos=[1.1160000562667847, -51.80400085449219, 38.736000061035156, 15.624000549316406, -19.079999923706055, 29.48400115966797] joint_vel=[-0.0, 0.09000000357627869, 0.0, 0.27000001072883606, 1.350000023841858, 0.09000000357627869] imu_ang_vel=[-0.006622394546866417, 0.0048043392598629, -0.02925659716129303] imu_quat_wxyz=[-0.6535979509353638, 0.03260606899857521, -0.022090716287493706, -0.7558165788650513] status=0x8103
joint_pos=[1.1160000562667847, -51.80400085449219, 38.736000061035156, 15.624000549316406, -19.079999923706055, 29.48400115966797] joint_vel=[-0.27000001072883606, 0.0, 0.18000000715255737, -0.09000000357627869, 0.09000000357627869, 0.09000000357627869] imu_ang_vel=[0.005539373494684696, -1.0697810649871826, 0.0367010235786438] imu_quat_wxyz=[-0.6535966992378235, 0.03001747466623783, -0.01980549842119217, -0.7559881806373596] status=0x8103
joint_pos=[0.5759999752044678, -51.839996337890625, 38.736000061035156, 7.883999824523926, -19.04400062561035, 29.447999954223633] joint_vel=[-153.6300048828125, -3.9600000381469727, 1.0800000429153442, -540.6300048828125, 1.619999885559082, -6.300000190734863] imu_ang_vel=[-1.176548957824707, -4.518308162689209, 4.6477861404418945] imu_quat_wxyz=[-0.6331521272659302, -0.002632262883707881, 0.02442946657538414, -0.7736372947692871] status=0x8103
joint_pos=[-0.5400000214576721, -51.839996337890625, 38.736000061035156, -0.7919999957084656, -19.04400062561035, 29.411998748779297] joint_vel=[-8.279999732971191, 0.0, 1.8899999856948853, -438.6600036621094, 0.6299999952316284, 0.809999942779541] imu_ang_vel=[1.7944732904434204, -3.0893449783325195, 3.7978830337524414] imu_quat_wxyz=[-0.6001752614974976, -0.036848895251750946, 0.040756940841674805, -0.7979792356491089] status=0x8103
joint_pos=[-0.36000001430511475, -51.839996337890625, 38.736000061035156, -4.644000053405762, -19.007999420166016, 29.447999954223633] joint_vel=[19.979999542236328, 0.0, 2.7899999618530273, -8.550000190734863, 0.44999998807907104, 2.7899999618530273] imu_ang_vel=[1.0280156135559082, 0.13281360268592834, 2.153825283050537] imu_quat_wxyz=[-0.5747417211532593, -0.042609233409166336, 0.02765677496790886, -0.8167567253112793] status=0x8103
joint_pos=[1.1160000562667847, -51.839996337890625, 38.736000061035156, -5.400000095367432, -19.007999420166016, 29.48400115966797] joint_vel=[57.78000259399414, -1.8899999856948853, 2.5199999809265137, -13.049999237060547, -0.0, 2.5199999809265137] imu_ang_vel=[-0.17884013056755066, 0.8107656240463257, 1.0751562118530273] imu_quat_wxyz=[-0.5691395998001099, -0.04009251669049263, 0.019661851227283478, -0.8210274577140808] status=0x8103
joint_pos=[1.5839999914169312, -51.839996337890625, 38.77199935913086, -5.436000347137451, -19.007999420166016, 29.520000457763672] joint_vel=[4.860000133514404, -0.27000001072883606, 0.36000001430511475, 12.870000839233398, -0.27000001072883606, 0.809999942779541] imu_ang_vel=[-1.0433021783828735, 1.262970209121704, 0.9889585971832275] imu_quat_wxyz=[-0.563988447189331, -0.024941423907876015, 0.023365018889307976, -0.8250752687454224] status=0x8103
joint_pos=[1.5839999914169312, -51.839996337890625, 38.736000061035156, -5.25600004196167, -19.007999420166016, 29.520000457763672] joint_vel=[-2.5199999809265137, 0.0, -1.2599999904632568, 15.480000495910645, -0.0, 2.5199999809265137] imu_ang_vel=[0.7894852161407471, 1.1773052215576172, 0.291210412979126] imu_quat_wxyz=[-0.5599698424339294, -0.014899710193276405, 0.015280082821846008, -0.8282380700111389] status=0x8103
joint_pos=[1.5480000972747803, -51.839996337890625, 38.59199905395508, -4.9679999351501465, -19.007999420166016, 29.555997848510742] joint_vel=[-0.7200000286102295, -1.709999918937683, 2.7899999618530273, 9.449999809265137, 0.44999998807907104, 0.36000001430511475] imu_ang_vel=[0.3493534326553345, 0.5263400077819824, -1.2172926664352417] imu_quat_wxyz=[-0.563297688961029, -0.013520466163754463, 0.011453535407781601, -0.8260640501976013] status=0x8103
joint_pos=[1.4759999513626099, -51.875999450683594, 38.66400146484375, -4.895999908447266, -19.007999420166016, 29.555997848510742] joint_vel=[-1.619999885559082, -1.1700000762939453, 3.419999837875366, -1.709999918937683, 1.0800000429153442, 4.139999866485596] imu_ang_vel=[0.04912643879652023, 1.0639433860778809, 0.44159024953842163] imu_quat_wxyz=[-0.5660458207130432, -0.006165425758808851, -0.0003649066493380815, -0.8243507742881775] status=0x8103
joint_pos=[1.4759999513626099, -51.875999450683594, 38.59199905395508, -4.823999881744385, -18.972000122070312, 29.555997848510742] joint_vel=[1.9800000190734863, 0.0, -2.430000066757202, 0.44999998807907104, 2.7899999618530273, 1.1700000762939453] imu_ang_vel=[-0.3544312119483948, 0.5574990510940552, 0.029865577816963196] imu_quat_wxyz=[-0.564538836479187, 0.0018956487765535712, -0.0025865226052701473, -0.8254002928733826] status=0x8103
joint_pos=[1.4759999513626099, -51.875999450683594, 38.62799835205078, -4.823999881744385, -18.93600082397461, 29.555997848510742] joint_vel=[-0.7200000286102295, 0.0, -9.180000305175781, 0.809999942779541, 1.7999999523162842, 1.619999885559082] imu_ang_vel=[0.32769304513931274, 0.23729828000068665, -0.4164801836013794] imu_quat_wxyz=[-0.5696008801460266, 0.006023339461535215, -0.006217021495103836, -0.8218758702278137] status=0x8103
joint_pos=[1.3680000305175781, -51.839996337890625, 38.62799835205078, -4.788000106811523, -18.93600082397461, 29.555997848510742] joint_vel=[-12.870000839233398, 0.0, -0.809999942779541, 2.700000047683716, 0.27000001072883606, -0.36000001430511475] imu_ang_vel=[-0.27515777945518494, -0.17762216925621033, -0.4993932545185089] imu_quat_wxyz=[-0.5736345648765564, 0.005865101702511311, -0.007353905122727156, -0.8190573453903198] status=0x8103
joint_pos=[1.3320000171661377, -51.839996337890625, 38.62799835205078, -4.644000053405762, -18.899999618530273, 29.591999053955078] joint_vel=[-2.1600000858306885, 0.09000000357627869, 1.1700000762939453, 5.760000228881836, 0.809999942779541, 0.8999999761581421] imu_ang_vel=[0.21184557676315308, -0.7006669640541077, -0.3921566605567932] imu_quat_wxyz=[-0.5784103274345398, 0.0014845950063318014, -0.002825968200340867, -0.8157398104667664] status=0x8103
joint_pos=[1.187999963760376, -51.839996337890625, 38.62799835205078, -4.535999774932861, -18.899999618530273, 29.591999053955078] joint_vel=[-5.400000095367432, -0.18000000715255737, -0.9900000095367432, 0.8999999761581421, 0.44999998807907104, 0.27000001072883606] imu_ang_vel=[0.03199344128370285, -0.6257433891296387, -0.31412604451179504] imu_quat_wxyz=[-0.5811846852302551, -0.005273326765745878, -0.00036119305877946317, -0.8137546181678772] status=0x8103
joint_pos=[1.1519999504089355, -51.839996337890625, 38.62799835205078, -4.3919997215271, -18.899999618530273, 29.628000259399414] joint_vel=[-2.609999895095825, -0.18000000715255737, -1.350000023841858, 1.9800000190734863, -0.0, 1.9800000190734863] imu_ang_vel=[-0.23396757245063782, -0.6096756458282471, -0.3196299076080322] imu_quat_wxyz=[-0.5839555263519287, -0.00808723084628582, 0.005132077261805534, -0.8117291331291199] status=0x8103
joint_pos=[1.0800000429153442, -51.839996337890625, 38.62799835205078, -4.248000144958496, -18.899999618530273, 29.628000259399414] joint_vel=[-11.070000648498535, -0.18000000715255737, -1.440000057220459, 11.15999984741211, -0.18000000715255737, -3.7799999713897705] imu_ang_vel=[-0.023400308564305305, -0.522856593132019, -0.312173068523407] imu_quat_wxyz=[-0.5868248343467712, -0.012575707398355007, 0.008028923533856869, -0.8095765113830566] status=0x8103
joint_pos=[1.0440000295639038, -51.839996337890625, 38.62799835205078, -4.104000091552734, -18.899999618530273, 29.66400146484375] joint_vel=[-0.27000001072883606, 0.0, 0.18000000715255737, 3.690000057220459, -0.0, -0.18000000715255737] imu_ang_vel=[-0.1447516679763794, -0.3884557783603668, -0.3310815095901489] imu_quat_wxyz=[-0.5884060263633728, -0.013785370625555515, 0.009753054939210415, -0.8083892464637756] status=0x8103
joint_pos=[1.0440000295639038, -51.839996337890625, 38.62799835205078, -3.995999813079834, -18.899999618530273, 29.700000762939453] joint_vel=[-0.6299999952316284, -0.18000000715255737, 0.09000000357627869, 18.450000762939453, -0.09000000357627869, 0.27000001072883606] imu_ang_vel=[-0.10613583773374557, -0.307495653629303, -0.2868730425834656] imu_quat_wxyz=[-0.5908432602882385, -0.015969086438417435, 0.012775817885994911, -0.8065271973609924] status=0x8103
joint_pos=[1.0440000295639038, -51.839996337890625, 38.62799835205078, -3.9600000381469727, -18.899999618530273, 29.700000762939453] joint_vel=[-0.36000001430511475, -0.27000001072883606, 0.0, 3.06000018119812, -0.0, 0.27000001072883606] imu_ang_vel=[-0.05109718441963196, -0.07801996171474457, -0.3901149034500122] imu_quat_wxyz=[-0.5953171849250793, -0.016897819936275482, 0.01554420217871666, -0.8031628131866455] status=0x8103
joint_pos=[1.0440000295639038, -51.839996337890625, 38.62799835205078, -3.8520002365112305, -18.899999618530273, 29.700000762939453] joint_vel=[0.09000000357627869, 0.0, -1.0800000429153442, 0.44999998807907104, -0.0, 0.44999998807907104] imu_ang_vel=[-0.11820883303880692, -0.21970012784004211, -0.37839698791503906] imu_quat_wxyz=[-0.598301887512207, -0.018058976158499718, 0.017110824584960938, -0.8008844256401062] status=0x8103
joint_pos=[1.0440000295639038, -51.839996337890625, 38.62799835205078, -3.815999984741211, -18.899999618530273, 29.700000762939453] joint_vel=[-0.09000000357627869, 0.0, -0.09000000357627869, 3.3299999237060547, -0.0, 0.09000000357627869] imu_ang_vel=[-0.14359763264656067, -0.14610809087753296, -0.31616777181625366] imu_quat_wxyz=[-0.599166989326477, -0.01931794546544552, 0.01924613118171692, -0.8001596927642822] status=0x8103
joint_pos=[1.0440000295639038, -51.839996337890625, 38.62799835205078, -3.74399995803833, -18.899999618530273, 29.700000762939453] joint_vel=[-0.09000000357627869, 0.0, 0.0, 6.390000343322754, 0.09000000357627869, -0.0] imu_ang_vel=[-0.1536288857460022, -0.11903264373540878, -0.32868462800979614] imu_quat_wxyz=[-0.6018189191818237, -0.019580520689487457, 0.021196050569415092, -0.7981111407279968] status=0x8103
joint_pos=[1.0080000162124634, -51.839996337890625, 38.62799835205078, -3.7080001831054688, -18.899999618530273, 29.700000762939453] joint_vel=[-0.36000001430511475, 0.0, 0.7200000286102295, 0.809999942779541, -0.0, -0.0] imu_ang_vel=[-0.13161341845989227, -0.004072864074259996, -0.2931758463382721] imu_quat_wxyz=[-0.6042607426643372, -0.019190078601241112, 0.02255196124315262, -0.7962362766265869] status=0x8103
joint_pos=[1.0080000162124634, -51.839996337890625, 38.62799835205078, -3.6720001697540283, -18.899999618530273, 29.700000762939453] joint_vel=[0.09000000357627869, 0.0, 0.5400000214576721, 1.709999918937683, -0.0, -0.27000001072883606] imu_ang_vel=[-0.11998426914215088, 0.08523179590702057, -0.2989460229873657] imu_quat_wxyz=[-0.6067131757736206, -0.01805465668439865, 0.023215772584080696, -0.7943766713142395] status=0x8103
joint_pos=[1.0080000162124634, -51.839996337890625, 38.62799835205078, -3.635999917984009, -18.899999618530273, 29.700000762939453] joint_vel=[-0.0, 0.0, 0.18000000715255737, 1.2599999904632568, -0.0, -0.09000000357627869] imu_ang_vel=[-0.09663722664117813, 0.15926766395568848, -0.24710315465927124] imu_quat_wxyz=[-0.6088836789131165, -0.016449427232146263, 0.02316606603562832, -0.7927505970001221] status=0x8103
joint_pos=[1.0080000162124634, -51.839996337890625, 38.62799835205078, -3.635999917984009, -18.899999618530273, 29.700000762939453] joint_vel=[-0.0, -0.27000001072883606, 0.0, 0.36000001430511475, -0.0, -0.09000000357627869] imu_ang_vel=[-0.08651721477508545, 0.19246840476989746, -0.191088005900383] imu_quat_wxyz=[-0.6073315143585205, -0.01620490476489067, 0.023751359432935715, -0.7939281463623047] status=0x8103
joint_pos=[1.0080000162124634, -51.839996337890625, 38.62799835205078, -3.635999917984009, -18.899999618530273, 29.700000762939453] joint_vel=[-0.0, 0.09000000357627869, -1.1700000762939453, 0.0, 0.09000000357627869, -0.0] imu_ang_vel=[-0.06166105344891548, 0.23046283423900604, -0.1238875761628151] imu_quat_wxyz=[-0.6086027026176453, -0.014077912084758282, 0.022996557876467705, -0.7930168509483337] status=0x8103
joint_pos=[1.0080000162124634, -51.839996337890625, 38.62799835205078, -3.635999917984009, -18.899999618530273, 29.700000762939453] joint_vel=[-0.0, 0.09000000357627869, 0.809999942779541, 0.0, -0.0, -0.0] imu_ang_vel=[-0.022423816844820976, 0.23800846934318542, -0.05801873281598091] imu_quat_wxyz=[-0.6093374490737915, -0.011955924332141876, 0.021872350946068764, -0.792519211769104] status=0x8103
joint_pos=[1.0080000162124634, -51.839996337890625, 38.62799835205078, -3.635999917984009, -18.899999618530273, 29.700000762939453] joint_vel=[-0.0, 0.09000000357627869, 0.7200000286102295, 0.0, -0.0, -0.0] imu_ang_vel=[0.017789913341403008, 0.22513651847839355, -0.024906765669584274] imu_quat_wxyz=[-0.6095056533813477, -0.011042529717087746, 0.021157609298825264, -0.7924224734306335] status=0x8103
joint_pos=[1.0080000162124634, -51.839996337890625, 38.62799835205078, -3.635999917984009, -18.899999618530273, 29.700000762939453] joint_vel=[-0.09000000357627869, -0.09000000357627869, 0.09000000357627869, -0.18000000715255737, -0.09000000357627869, -0.0] imu_ang_vel=[0.06386259198188782, 0.21475020051002502, 0.08161966502666473] imu_quat_wxyz=[-0.6091896295547485, -0.00865043792873621, 0.018702900037169456, -0.7927568554878235] status=0x8103
joint_pos=[1.0080000162124634, -51.839996337890625, 38.62799835205078, -3.635999917984009, -18.899999618530273, 29.700000762939453] joint_vel=[-0.0, 0.18000000715255737, -0.27000001072883606, 0.0, -0.0, 0.09000000357627869] imu_ang_vel=[0.0998152643442154, 0.18367999792099, 0.16914889216423035] imu_quat_wxyz=[-0.6052758097648621, -0.00692926999181509, 0.017663544043898582, -0.7957895994186401] status=0x8103
joint_pos=[1.0080000162124634, -51.839996337890625, 38.62799835205078, -3.635999917984009, -18.899999618530273, 29.700000762939453] joint_vel=[-0.0, -0.27000001072883606, 0.0, 0.0, -0.0, -0.5400000214576721] imu_ang_vel=[0.11357493698596954, 0.12216095626354218, 0.26351356506347656] imu_quat_wxyz=[-0.6034746766090393, -0.006352339405566454, 0.015960751101374626, -0.7971971035003662] status=0x8103
joint_pos=[1.0080000162124634, -51.839996337890625, 38.62799835205078, -3.635999917984009, -18.899999618530273, 29.700000762939453] joint_vel=[-0.18000000715255737, 0.0, 0.09000000357627869, -0.44999998807907104, -0.27000001072883606, -0.0] imu_ang_vel=[0.1410054862499237, 0.05220859870314598, 0.319883793592453] imu_quat_wxyz=[-0.6010897755622864, -0.006420078221708536, 0.014516344293951988, -0.7990238666534424] status=0x8103
joint_pos=[1.0080000162124634, -51.839996337890625, 38.62799835205078, -3.6720001697540283, -18.899999618530273, 29.700000762939453] joint_vel=[-0.27000001072883606, -0.09000000357627869, -0.18000000715255737, -0.27000001072883606, -0.0, -0.0] imu_ang_vel=[0.1394963562488556, -0.011529713869094849, 0.3634708523750305] imu_quat_wxyz=[-0.5983079671859741, -0.007094959728419781, 0.013344685547053814, -0.8011237382888794] status=0x8103
joint_pos=[1.0080000162124634, -51.839996337890625, 38.62799835205078, -3.6720001697540283, -18.899999618530273, 29.700000762939453] joint_vel=[-0.27000001072883606, 0.09000000357627869, 0.7200000286102295, -0.27000001072883606, -0.0, 0.09000000357627869] imu_ang_vel=[0.13994023203849792, -0.07766488194465637, 0.37980490922927856] imu_quat_wxyz=[-0.5952752232551575, -0.008290681056678295, 0.01263281051069498, -0.8033798336982727] status=0x8103
joint_pos=[1.0080000162124634, -51.839996337890625, 38.62799835205078, -3.6720001697540283, -18.899999618530273, 29.700000762939453] joint_vel=[-0.0, 0.0, -0.809999942779541, -0.09000000357627869, -0.0, 0.09000000357627869] imu_ang_vel=[0.145976722240448, -0.1042964830994606, 0.3807814121246338] imu_quat_wxyz=[-0.5916993618011475, -0.008190357126295567, 0.01126155536621809, -0.806038498878479] status=0x8103
joint_pos=[1.0080000162124634, -51.839996337890625, 38.62799835205078, -3.6720001697540283, -18.899999618530273, 29.700000762939453] joint_vel=[-0.0, 0.09000000357627869, -0.27000001072883606, -0.27000001072883606, -0.0, -0.18000000715255737] imu_ang_vel=[0.11002404987812042, -0.10260981321334839, 0.31162798404693604] imu_quat_wxyz=[-0.5889164209365845, -0.009775076992809772, 0.010939275845885277, -0.8080609440803528] status=0x8103
joint_pos=[1.0080000162124634, -51.839996337890625, 38.62799835205078, -3.6720001697540283, -18.899999618530273, 29.700000762939453] joint_vel=[-0.0, 0.0, 0.44999998807907104, -0.44999998807907104, -0.0, -0.0] imu_ang_vel=[0.1230735331773758, -0.10056805610656738, 0.24762336909770966] imu_quat_wxyz=[-0.5867334008216858, -0.011191343888640404, 0.010533289052546024, -0.809634268283844] status=0x8103
joint_pos=[1.0080000162124634, -51.839996337890625, 38.62799835205078, -3.6720001697540283, -18.899999618530273, 29.700000762939453] joint_vel=[-0.0, -0.27000001072883606, 0.44999998807907104, 0.0, -0.0, 0.18000000715255737] imu_ang_vel=[0.07646822929382324, -0.1181449145078659, 0.1555667668581009] imu_quat_wxyz=[-0.585212230682373, -0.012645933777093887, 0.01052918005734682, -0.8107132315635681] status=0x8103
joint_pos=[1.0080000162124634, -51.839996337890625, 38.62799835205078, -3.6720001697540283, -18.899999618530273, 29.700000762939453] joint_vel=[-0.0, 0.0, -0.44999998807907104, 0.0, -0.0, -0.0] imu_ang_vel=[0.06670330464839935, -0.11548176407814026, 0.13967657089233398] imu_quat_wxyz=[-0.5846270322799683, -0.013303322717547417, 0.010607476346194744, -0.8111238479614258] status=0x8103
joint_pos=[1.0080000162124634, -51.839996337890625, 38.62799835205078, -3.6720001697540283, -18.899999618530273, 29.700000762939453] joint_vel=[-0.0, 0.09000000357627869, 0.0, 0.0, -0.0, 0.18000000715255737] imu_ang_vel=[-0.009551871567964554, -0.10465157777070999, 0.04566699266433716] imu_quat_wxyz=[-0.5832808613777161, -0.015216534025967121, 0.010991743765771389, -0.8120537400245667] status=0x8103
joint_pos=[1.0080000162124634, -51.839996337890625, 38.62799835205078, -3.6720001697540283, -18.899999618530273, 29.700000762939453] joint_vel=[-0.0, 0.0, -0.7200000286102295, 0.0, 0.27000001072883606, -0.0] imu_ang_vel=[-0.04017822444438934, -0.07100696861743927, -0.01940290257334709] imu_quat_wxyz=[-0.5832408666610718, -0.015737339854240417, 0.011699825525283813, -0.8120626211166382] status=0x8103
joint_pos=[1.0080000162124634, -51.839996337890625, 38.62799835205078, -3.6720001697540283, -18.899999618530273, 29.700000762939453] joint_vel=[-0.0, -0.18000000715255737, 0.44999998807907104, 0.0, -0.0, -0.0] imu_ang_vel=[-0.06894035637378693, -0.032036054879426956, -0.07781489938497543] imu_quat_wxyz=[-0.5837273597717285, -0.01578904315829277, 0.012464560568332672, -0.8117005228996277] status=0x8103
joint_pos=[1.0080000162124634, -51.839996337890625, 38.62799835205078, -3.6720001697540283, -18.899999618530273, 29.700000762939453] joint_vel=[0.27000001072883606, -0.27000001072883606, -1.350000023841858, 0.0, 0.09000000357627869, -0.09000000357627869] imu_ang_vel=[-0.0906895101070404, -0.004072863608598709, -0.12486407160758972] imu_quat_wxyz=[-0.5846241116523743, -0.015410133637487888, 0.013198727741837502, -0.8110505938529968] status=0x8103
joint_pos=[1.0080000162124634, -51.839996337890625, 38.62799835205078, -3.6720001697540283, -18.899999618530273, 29.700000762939453] joint_vel=[0.27000001072883606, -0.09000000357627869, 0.27000001072883606, 0.0, 0.09000000357627869, -0.0] imu_ang_vel=[-0.09113337099552155, 0.007911359891295433, -0.15318235754966736] imu_quat_wxyz=[-0.5858268737792969, -0.014866553246974945, 0.013919471763074398, -0.8101803660392761] status=0x8103
joint_pos=[1.0080000162124634, -51.839996337890625, 38.62799835205078, -3.6720001697540283, -18.899999618530273, 29.700000762939453] joint_vel=[-0.0, -0.18000000715255737, 0.18000000715255737, 0.0, -0.0, -0.0] imu_ang_vel=[-0.10054320096969604, 0.028595242649316788, -0.15318235754966736] imu_quat_wxyz=[-0.5873358845710754, -0.014856601133942604, 0.014531259424984455, -0.8090764284133911] status=0x8103
joint_pos=[1.0080000162124634, -51.839996337890625, 38.62799835205078, -3.6720001697540283, -18.899999618530273, 29.700000762939453] joint_vel=[0.27000001072883606, 0.09000000357627869, -0.09000000357627869, 0.0, 0.18000000715255737, -0.09000000357627869] imu_ang_vel=[-0.10800004005432129, 0.05700228735804558, -0.13853496313095093] imu_quat_wxyz=[-0.5885334014892578, -0.013878737576305866, 0.015106446109712124, -0.8082126379013062] status=0x8103
joint_pos=[1.0080000162124634, -51.839996337890625, 38.62799835205078, -3.6720001697540283, -18.899999618530273, 29.700000762939453] joint_vel=[-0.18000000715255737, 0.0, 0.0, 0.09000000357627869, -0.0, -0.0] imu_ang_vel=[-0.09912284463644028, 0.06845388561487198, -0.12752723693847656] imu_quat_wxyz=[-0.5896296501159668, -0.012739364989101887, 0.015544446185231209, -0.8074237108230591] status=0x8103
joint_pos=[1.0080000162124634, -51.839996337890625, 38.62799835205078, -3.6720001697540283, -18.899999618530273, 29.700000762939453] joint_vel=[-0.18000000715255737, -0.27000001072883606, -0.36000001430511475, -0.27000001072883606, -0.0, -0.18000000715255737] imu_ang_vel=[-0.07550948858261108, 0.06801002472639084, -0.11492159962654114] imu_quat_wxyz=[-0.5906354188919067, -0.011718545109033585, 0.01584133878350258, -0.8066979050636292] status=0x8103
joint_pos=[1.0080000162124634, -51.839996337890625, 38.62799835205078, -3.6720001697540283, -18.899999618530273, 29.700000762939453] joint_vel=[0.09000000357627869, 0.0, 0.7200000286102295, 0.0, -0.0, 0.18000000715255737] imu_ang_vel=[-0.060595788061618805, 0.06543563306331635, -0.10639949142932892] imu_quat_wxyz=[-0.591087818145752, -0.011265925131738186, 0.01590852253139019, -0.8063716292381287] status=0x8103
joint_pos=[1.0080000162124634, -51.839996337890625, 38.62799835205078, -3.6720001697540283, -18.899999618530273, 29.700000762939453] joint_vel=[-0.0, 0.0, -0.18000000715255737, 0.0, -0.0, -0.0] imu_ang_vel=[-0.020115744322538376, 0.04199982061982155, -0.06920401006937027] imu_quat_wxyz=[-0.5922658443450928, -0.009849895723164082, 0.016538573428988457, -0.8055127263069153] status=0x8103
joint_pos=[1.0080000162124634, -51.839996337890625, 38.62799835205078, -3.6720001697540283, -18.899999618530273, 29.700000762939453] joint_vel=[-0.0, 0.0, 0.0, 0.0, -0.0, 0.18000000715255737] imu_ang_vel=[0.002521122805774212, 0.0016973181627690792, -0.021267114207148552] imu_quat_wxyz=[-0.592612087726593, -0.009666894562542439, 0.016504231840372086, -0.8052608966827393] status=0x8103
joint_pos=[1.0080000162124634, -51.839996337890625, 38.62799835205078, -3.6720001697540283, -18.899999618530273, 29.700000762939453] joint_vel=[-0.09000000357627869, 0.0, 0.18000000715255737, 0.0, 0.18000000715255737, -0.0] imu_ang_vel=[0.033768877387046814, -0.01303883921355009, 0.029332943260669708] imu_quat_wxyz=[-0.5925709009170532, -0.009881863370537758, 0.01640002243220806, -0.805290699005127] status=0x8103
joint_pos=[1.0080000162124634, -51.839996337890625, 38.62799835205078, -3.6720001697540283, -18.899999618530273, 29.700000762939453] joint_vel=[-0.0, 0.0, 0.5400000214576721, 0.0, 0.27000001072883606, -0.0] imu_ang_vel=[0.03456782549619675, -0.01170725841075182, 0.0830400139093399] imu_quat_wxyz=[-0.5920581817626953, -0.010188981890678406, 0.016227390617132187, -0.8056674599647522] status=0x8103
joint_pos=[1.0080000162124634, -51.839996337890625, 38.62799835205078, -3.6720001697540283, -18.899999618530273, 29.700000762939453] joint_vel=[0.09000000357627869, 0.0, -0.7200000286102295, 0.0, -0.0, -0.18000000715255737] imu_ang_vel=[0.05631697550415993, -0.0054932162165641785, 0.13790112733840942] imu_quat_wxyz=[-0.5910940766334534, -0.010496118105947971, 0.01590932533144951, -0.8063774108886719] status=0x8103
joint_pos=[1.0080000162124634, -51.839996337890625, 38.62799835205078, -3.6720001697540283, -18.899999618530273, 29.700000762939453] joint_vel=[-0.0, 0.0, 0.0, 0.18000000715255737, -0.0, -0.0] imu_ang_vel=[0.06466154754161835, -0.015790771692991257, 0.14624568819999695] imu_quat_wxyz=[-0.5898319482803345, -0.010516805574297905, 0.015835346654057503, -0.8073022961616516] status=0x8103
joint_pos=[1.0080000162124634, -51.839996337890625, 38.62799835205078, -3.6720001697540283, -18.899999618530273, 29.700000762939453] joint_vel=[-0.0, 0.0, 0.36000001430511475, -0.09000000357627869, 0.18000000715255737, 0.09000000357627869] imu_ang_vel=[0.08312612771987915, -0.014903050847351551, 0.15254852175712585] imu_quat_wxyz=[-0.5886469483375549, -0.011064930818974972, 0.01535792276263237, -0.8081687092781067] status=0x8103
joint_pos=[1.0080000162124634, -51.839996337890625, 38.62799835205078, -3.6720001697540283, -18.899999618530273, 29.700000762939453] joint_vel=[-0.0, 0.0, 0.09000000357627869, -0.09000000357627869, -0.0, 0.09000000357627869] imu_ang_vel=[0.07105313241481781, -0.02360270917415619, 0.15627694129943848] imu_quat_wxyz=[-0.5873939394950867, -0.01165830809623003, 0.014880870468914509, -0.8090803027153015] status=0x8103
joint_pos=[1.0080000162124634, -51.839996337890625, 38.62799835205078, -3.6720001697540283, -18.899999618530273, 29.700000762939453] joint_vel=[-0.0, 0.0, 0.6299999952316284, 0.09000000357627869, 0.18000000715255737, -0.18000000715255737] imu_ang_vel=[0.06874506175518036, -0.020495686680078506, 0.14313867688179016] imu_quat_wxyz=[-0.5862005949020386, -0.012203947640955448, 0.014524074271321297, -0.8099437952041626] status=0x8103
joint_pos=[1.0080000162124634, -51.839996337890625, 38.62799835205078, -3.6720001697540283, -18.899999618530273, 29.700000762939453] joint_vel=[-0.0, 0.0, 0.09000000357627869, 0.0, 0.09000000357627869, -0.0] imu_ang_vel=[0.0695440024137497, -0.017388667911291122, 0.1362144649028778] imu_quat_wxyz=[-0.5856431722640991, -0.012468967586755753, 0.014310845173895359, -0.810346782207489] status=0x8103
joint_pos=[1.0080000162124634, -51.839996337890625, 38.62799835205078, -3.6720001697540283, -18.899999618530273, 29.700000762939453] joint_vel=[-0.0, 0.0, 0.809999942779541, 0.0, -0.18000000715255737, -0.0] imu_ang_vel=[0.053209953010082245, 0.02060575969517231, 0.06643964350223541] imu_quat_wxyz=[-0.5854978561401367, -0.013346314430236816, 0.013785498216748238, -0.8104468584060669] status=0x8103
joint_pos=[1.0080000162124634, -51.839996337890625, 38.62799835205078, -3.6720001697540283, -18.899999618530273, 29.700000762939453] joint_vel=[-0.0, 0.0, 0.8999999761581421, 0.27000001072883606, 0.18000000715255737, -0.0] imu_ang_vel=[0.042024679481983185, 0.023535236716270447, 0.03066452220082283] imu_quat_wxyz=[-0.5851432085037231, -0.013435999862849712, 0.013251694850623608, -0.8107104897499084] status=0x8103
joint_pos=[1.0080000162124634, -51.839996337890625, 38.62799835205078, -3.6720001697540283, -18.899999618530273, 29.700000762939453] joint_vel=[-0.09000000357627869, 0.0, 0.0, 0.0, -0.18000000715255737, -0.0] imu_ang_vel=[0.015215524472296238, 0.029660508036613464, -0.02135588601231575] imu_quat_wxyz=[-0.5851783156394958, -0.013344720005989075, 0.01293948758393526, -0.8106916546821594] status=0x8103
joint_pos=[1.0080000162124634, -51.839996337890625, 38.62799835205078, -3.6720001697540283, -18.899999618530273, 29.700000762939453] joint_vel=[-0.0, 0.27000001072883606, 0.809999942779541, 0.0, 0.18000000715255737, -0.0] imu_ang_vel=[0.010865694843232632, 0.021138392388820648, -0.06130329519510269] imu_quat_wxyz=[-0.5855750441551208, -0.013226903975009918, 0.012676285579800606, -0.810411274433136] status=0x8103
joint_pos=[1.0080000162124634, -51.839996337890625, 38.62799835205078, -3.6720001697540283, -18.899999618530273, 29.700000762939453] joint_vel=[-0.27000001072883606, -0.18000000715255737, -1.0800000429153442, 0.0, 0.18000000715255737, -0.0] imu_ang_vel=[-0.014434333890676498, 0.028595242649316788, -0.09006543457508087] imu_quat_wxyz=[-0.5862540602684021, -0.012998822145164013, 0.012592550367116928, -0.8099251985549927] status=0x8103
joint_pos=[1.0080000162124634, -51.839996337890625, 38.62799835205078, -3.6720001697540283, -18.899999618530273, 29.700000762939453] joint_vel=[0.09000000357627869, -0.09000000357627869, -0.27000001072883606, 0.0, 0.09000000357627869, -0.18000000715255737] imu_ang_vel=[-0.030235756188631058, 0.03187980502843857, -0.11927144229412079] imu_quat_wxyz=[-0.5887160897254944, -0.013112831860780716, 0.012348250485956669, -0.8081392645835876] status=0x8103
joint_pos=[1.0080000162124634, -51.839996337890625, 38.62799835205078, -3.6720001697540283, -18.899999618530273, 29.700000762939453] joint_vel=[-0.18000000715255737, 0.0, 0.09000000357627869, 0.0, 0.09000000357627869, 0.18000000715255737] imu_ang_vel=[-0.038225237280130386, 0.0256657674908638, -0.139067605137825] imu_quat_wxyz=[-0.5898193120956421, -0.012658343650400639, 0.01246638409793377, -0.8073397874832153] status=0x8103
joint_pos=[1.0080000162124634, -51.839996337890625, 38.62799835205078, -3.6720001697540283, -18.899999618530273, 29.700000762939453] joint_vel=[-0.09000000357627869, 0.27000001072883606, 0.5400000214576721, 0.0, -0.18000000715255737, -0.18000000715255737] imu_ang_vel=[-0.05260630324482918, 0.019895583391189575, -0.15726587176322937] imu_quat_wxyz=[-0.5910652875900269, -0.012216280214488506, 0.012719398364424706, -0.8064309358596802] status=0x8103
joint_pos=[1.0080000162124634, -51.839996337890625, 38.62799835205078, -3.6720001697540283, -18.899999618530273, 29.700000762939453] joint_vel=[-0.0, -0.27000001072883606, -0.09000000357627869, 0.0, -0.0, -0.0] imu_ang_vel=[-0.05802140012383461, 0.008088904432952404, -0.16472271084785461] imu_quat_wxyz=[-0.5923994779586792, -0.011779488064348698, 0.013093014247715473, -0.8054518103599548] status=0x8103
joint_pos=[1.0080000162124634, -51.839996337890625, 38.62799835205078, -3.6720001697540283, -18.899999618530273, 29.700000762939453] joint_vel=[-0.27000001072883606, -0.09000000357627869, 0.0, 0.0, -0.0, -0.0] imu_ang_vel=[-0.06237122789025307, 0.007911359891295433, -0.16223709285259247] imu_quat_wxyz=[-0.5930692553520203, -0.011575407348573208, 0.013315018266439438, -0.8049581050872803] status=0x8103
joint_pos=[1.0080000162124634, -51.839996337890625, 38.62799835205078, -3.6720001697540283, -18.899999618530273, 29.700000762939453] joint_vel=[-0.0, 0.18000000715255737, -0.18000000715255737, 0.09000000357627869, 0.09000000357627869, -0.0] imu_ang_vel=[-0.06485684216022491, -0.012506207451224327, -0.1351616382598877] imu_quat_wxyz=[-0.5951724648475647, -0.010950432159006596, 0.013873276300728321, -0.8034036755561829] status=0x8103
joint_pos=[1.0080000162124634, -51.839996337890625, 38.62799835205078, -3.6720001697540283, -18.899999618530273, 29.700000762939453] joint_vel=[0.09000000357627869, 0.0, -0.809999942779541, 0.0, -0.0, -0.0] imu_ang_vel=[-0.048611562699079514, -0.024224113672971725, -0.12743845582008362] imu_quat_wxyz=[-0.596239447593689, -0.010796060785651207, 0.014445568434894085, -0.8026041388511658] status=0x8103
joint_pos=[1.0080000162124634, -51.839996337890625, 38.62799835205078, -3.6720001697540283, -18.899999618530273, 29.700000762939453] joint_vel=[-0.0, 0.0, 0.36000001430511475, 0.0, -0.0, -0.0] imu_ang_vel=[-0.03840278089046478, -0.03638588264584541, -0.10444650799036026] imu_quat_wxyz=[-0.5971731543540955, -0.01079986896365881, 0.01498126145452261, -0.8018996715545654] status=0x8103
motion_test: joint 5 -> -38.792 deg
joint_pos=[1.0080000162124634, -51.839996337890625, 38.62799835205078, -3.6720001697540283, -18.899999618530273, 29.700000762939453] joint_vel=[-0.0, 0.0, -0.44999998807907104, 0.0, -0.0, -0.0] imu_ang_vel=[-0.030324526131153107, -0.05103326588869095, -0.06858260929584503] imu_quat_wxyz=[-0.5978425741195679, -0.010962259024381638, 0.015527937561273575, -0.801388144493103] status=0x8103
joint_pos=[1.0080000162124634, -51.839996337890625, 38.62799835205078, -3.6720001697540283, -18.899999618530273, 29.700000762939453] joint_vel=[-0.0, 0.0, -0.44999998807907104, 0.0, -0.0, -0.0] imu_ang_vel=[0.006959725171327591, -0.05032309144735336, -0.11705213785171509] imu_quat_wxyz=[-0.5984524488449097, -0.01129499264061451, 0.015967799350619316, -0.8009196519851685] status=0x8103
joint_pos=[1.0080000162124634, -51.839996337890625, 38.62799835205078, -3.6720001697540283, -28.04400062561035, 29.700000762939453] joint_vel=[-0.0, 0.0, -0.36000001430511475, -0.09000000357627869, -708.1199951171875, -0.0] imu_ang_vel=[0.006782181560993195, -0.06763363629579544, -0.037423621863126755] imu_quat_wxyz=[-0.5991925001144409, -0.011848194524645805, 0.016225779429078102, -0.8003528714179993] status=0x8103
joint_pos=[1.0080000162124634, -51.839996337890625, 38.62799835205078, -3.6720001697540283, -37.90800094604492, 29.700000762939453] joint_vel=[0.27000001072883606, 0.0, -0.8999999761581421, 0.18000000715255737, -441.2699890136719, -0.0] imu_ang_vel=[-0.008309063501656055, -0.08041681349277496, 0.042027343064546585] imu_quat_wxyz=[-0.5992076396942139, -0.012293589301407337, 0.016765184700489044, -0.8003237247467041] status=0x8103
joint_pos=[1.0080000162124634, -51.839996337890625, 38.62799835205078, -3.6720001697540283, -41.7239990234375, 29.700000762939453] joint_vel=[0.09000000357627869, 0.0, 0.0, -0.18000000715255737, 18.540000915527344, -0.0] imu_ang_vel=[0.015215524472296238, 0.0788402110338211, 0.041494712233543396] imu_quat_wxyz=[-0.5986871719360352, -0.012103038839995861, 0.016677647829055786, -0.800717830657959] status=0x8103
joint_pos=[1.0080000162124634, -51.839996337890625, 38.62799835205078, -3.6720001697540283, -41.040000915527344, 29.700000762939453] joint_vel=[-0.0, 0.0, -0.27000001072883606, 0.5400000214576721, 43.380001068115234, -0.0] imu_ang_vel=[0.014949208125472069, -0.022004812955856323, 0.009004147723317146] imu_quat_wxyz=[-0.5985380411148071, -0.012009592726826668, 0.016342036426067352, -0.8008376359939575] status=0x8103
joint_pos=[1.0080000162124634, -51.839996337890625, 38.62799835205078, -3.6720001697540283, -40.571998596191406, 29.700000762939453] joint_vel=[0.27000001072883606, 0.0, 0.09000000357627869, 0.18000000715255737, 24.209999084472656, -0.0] imu_ang_vel=[0.01956535317003727, -0.05893397703766823, 0.013709064573049545] imu_quat_wxyz=[-0.598496675491333, -0.012273559346795082, 0.016435440629720688, -0.8008626103401184] status=0x8103
joint_pos=[1.0080000162124634, -51.839996337890625, 38.62799835205078, -3.6720001697540283, -40.17599868774414, 29.700000762939453] joint_vel=[-0.09000000357627869, 0.0, 0.18000000715255737, 0.18000000715255737, 30.780000686645508, -0.18000000715255737] imu_ang_vel=[0.041580814868211746, -0.024312887340784073, 0.04735366627573967] imu_quat_wxyz=[-0.5983836650848389, -0.013147998601198196, 0.01661039888858795, -0.8009295463562012] status=0x8103
joint_pos=[1.0080000162124634, -51.839996337890625, 38.62799835205078, -3.6720001697540283, -39.88800048828125, 29.700000762939453] joint_vel=[-0.18000000715255737, 0.0, -0.09000000357627869, 0.09000000357627869, 10.260000228881836, -0.18000000715255737] imu_ang_vel=[-0.0037816897965967655, 0.024156641215085983, 0.0717659741640091] imu_quat_wxyz=[-0.5978871583938599, -0.013155410997569561, 0.016510602086782455, -0.8013023138046265] status=0x8103
joint_pos=[1.0080000162124634, -51.839996337890625, 38.62799835205078, -3.6720001697540283, -39.70800018310547, 29.700000762939453] joint_vel=[-0.09000000357627869, 0.0, 0.36000001430511475, -0.09000000357627869, 8.010000228881836, -0.0] imu_ang_vel=[0.02427027001976967, 0.06490300595760345, 0.05161472409963608] imu_quat_wxyz=[-0.5973771810531616, -0.012795197777450085, 0.016116127371788025, -0.8016964197158813] status=0x8103
joint_pos=[1.0080000162124634, -51.839996337890625, 38.62799835205078, -3.6720001697540283, -39.492000579833984, 29.700000762939453] joint_vel=[-0.0, 0.0, 0.0, 0.0, 25.560001373291016, -0.0] imu_ang_vel=[0.035544317215681076, 0.08336758613586426, 0.009004147723317146] imu_quat_wxyz=[-0.5972453355789185, -0.012337248772382736, 0.015442914329469204, -0.8018150925636292] status=0x8103
joint_pos=[1.0080000162124634, -51.839996337890625, 38.62799835205078, -3.6720001697540283, -39.347999572753906, 29.700000762939453] joint_vel=[-0.09000000357627869, 0.0, -0.27000001072883606, 0.0, 12.600000381469727, -0.0] imu_ang_vel=[0.022228514775633812, 0.06747739017009735, 0.013176432810723782] imu_quat_wxyz=[-0.5971781611442566, -0.011910254135727882, 0.01474892906844616, -0.8018845915794373] status=0x8103
joint_pos=[1.0080000162124634, -51.839996337890625, 38.62799835205078, -3.6720001697540283, -39.2760009765625, 29.700000762939453] joint_vel=[-0.18000000715255737, 0.0, 0.0, 0.09000000357627869, 3.5999999046325684, 0.27000001072883606] imu_ang_vel=[0.022583603858947754, 0.0419110506772995, 0.02409539185464382] imu_quat_wxyz=[-0.5973333120346069, -0.011844505555927753, 0.01442309282720089, -0.8017759919166565] status=0x8103
joint_pos=[1.0080000162124634, -51.839996337890625, 38.62799835205078, -3.6720001697540283, -39.204002380371094, 29.700000762939453] joint_vel=[0.09000000357627869, 0.0, 0.6299999952316284, 0.09000000357627869, 1.7999999523162842, 0.18000000715255737] imu_ang_vel=[0.012729907408356667, 0.0280626118183136, 0.03377154469490051] imu_quat_wxyz=[-0.5971067547798157, -0.011688831262290478, 0.01409186888486147, -0.8019528388977051] status=0x8103
joint_pos=[1.0080000162124634, -51.839996337890625, 38.62799835205078, -3.6720001697540283, -39.13199996948242, 29.700000762939453] joint_vel=[-0.09000000357627869, 0.0, 0.36000001430511475, -0.27000001072883606, 3.509999990463257, -0.0] imu_ang_vel=[0.010244290344417095, 0.03418787941336632, 0.029155397787690163] imu_quat_wxyz=[-0.5968638062477112, -0.011472932063043118, 0.013869570568203926, -0.8021406531333923] status=0x8103
joint_pos=[1.0080000162124634, -51.839996337890625, 38.62799835205078, -3.6720001697540283, -39.05999755859375, 29.700000762939453] joint_vel=[-0.0, 0.0, 0.27000001072883606, 0.0, 1.53000009059906, -0.0] imu_ang_vel=[0.014239031821489334, 0.026464715600013733, 0.006873618811368942] imu_quat_wxyz=[-0.5967536568641663, -0.01127743162214756, 0.013583875261247158, -0.8022302389144897] status=0x8103
joint_pos=[1.0080000162124634, -51.839996337890625, 38.62799835205078, -3.6720001697540283, -39.02400207519531, 29.700000762939453] joint_vel=[-0.27000001072883606, 0.0, -0.27000001072883606, 0.0, 1.350000023841858, -0.0] imu_ang_vel=[0.01281867828220129, 0.02193734049797058, 0.006518530659377575] imu_quat_wxyz=[-0.5967551469802856, -0.011193384416401386, 0.013349003158509731, -0.8022342324256897] status=0x8103
joint_pos=[1.0080000162124634, -51.839996337890625, 38.62799835205078, -3.6720001697540283, -38.987998962402344, 29.700000762939453] joint_vel=[0.27000001072883606, -0.09000000357627869, -0.36000001430511475, 0.0, 1.2599999904632568, -0.0] imu_ang_vel=[0.00491796899586916, -0.0013209310127422214, 0.012377484701573849] imu_quat_wxyz=[-0.5968288779258728, -0.010910439305007458, 0.013081680051982403, -0.8021877408027649] status=0x8103
joint_pos=[1.0080000162124634, -51.839996337890625, 38.62799835205078, -3.6720001697540283, -38.95199966430664, 29.700000762939453] joint_vel=[0.09000000357627869, 0.0, 0.09000000357627869, -0.36000001430511475, 10.4399995803833, 0.09000000357627869] imu_ang_vel=[0.003231300041079521, -0.06062064692378044, -0.012301139533519745] imu_quat_wxyz=[-0.5968515276908875, -0.011358260177075863, 0.013434632681310177, -0.8021588325500488] status=0x8103
joint_pos=[1.0080000162124634, -51.839996337890625, 38.62799835205078, -3.6720001697540283, -38.91600036621094, 29.700000762939453] joint_vel=[-0.0, 0.0, 0.0, 0.0, 0.5400000214576721, -0.0] imu_ang_vel=[-0.0050244987942278385, -0.0908031314611435, -0.021089570596814156] imu_quat_wxyz=[-0.5970108509063721, -0.011992035433650017, 0.013946074061095715, -0.8020222187042236] status=0x8103
joint_pos=[1.0080000162124634, -51.839996337890625, 38.62799835205078, -3.6720001697540283, -38.91600036621094, 29.700000762939453] joint_vel=[-0.09000000357627869, 0.09000000357627869, -1.0800000429153442, 0.09000000357627869, 0.809999942779541, -0.0] imu_ang_vel=[-0.012570120394229889, -0.09586313366889954, -0.024019047617912292] imu_quat_wxyz=[-0.5971857309341431, -0.01269084494560957, 0.014617770910263062, -0.8018693923950195] status=0x8103
joint_pos=[1.0080000162124634, -51.839996337890625, 38.62799835205078, -3.6720001697540283, -38.880001068115234, 29.700000762939453] joint_vel=[-0.0, 0.0, 0.36000001430511475, 0.0, 0.36000001430511475, 0.18000000715255737] imu_ang_vel=[-0.016032230108976364, -0.08680839836597443, -0.03635835647583008] imu_quat_wxyz=[-0.5974436402320862, -0.013333884999155998, 0.015304137021303177, -0.8016539216041565] status=0x8103
joint_pos=[1.0080000162124634, -51.839996337890625, 38.62799835205078, -3.6720001697540283, -38.880001068115234, 29.700000762939453] joint_vel=[-0.0, 0.0, -0.9900000095367432, 0.0, -0.0, 0.09000000357627869] imu_ang_vel=[-0.022601358592510223, -0.07260486483573914, -0.04967416077852249] imu_quat_wxyz=[-0.5981721878051758, -0.013854136690497398, 0.015723817050457, -0.801093578338623] status=0x8103
joint_pos=[1.0080000162124634, -51.839996337890625, 38.62799835205078, -3.6720001697540283, -38.880001068115234, 29.700000762939453] joint_vel=[-0.0, 0.0, 0.09000000357627869, 0.0, 0.18000000715255737, -0.0] imu_ang_vel=[-0.025619609281420708, -0.057691168040037155, -0.05269240960478783] imu_quat_wxyz=[-0.5985944271087646, -0.014223412610590458, 0.016317348927259445, -0.8007597327232361] status=0x8103
joint_pos=[1.0080000162124634, -51.839996337890625, 38.62799835205078, -3.6720001697540283, -38.880001068115234, 29.700000762939453] joint_vel=[-0.0, 0.0, 0.27000001072883606, 0.0, -0.09000000357627869, -0.0] imu_ang_vel=[-0.030413299798965454, -0.032124824821949005, -0.05358013138175011] imu_quat_wxyz=[-0.5990381240844727, -0.014389773830771446, 0.01681705005466938, -0.800414502620697] status=0x8103
joint_pos=[1.0080000162124634, -51.839996337890625, 38.62799835205078, -3.6720001697540283, -38.880001068115234, 29.700000762939453] joint_vel=[0.09000000357627869, 0.0, -0.6299999952316284, 0.0, -0.0, 0.18000000715255737] imu_ang_vel=[-0.034496814012527466, -0.00575953209772706, -0.05304750055074692] imu_quat_wxyz=[-0.5994836091995239, -0.01430836133658886, 0.017180470749735832, -0.8000746965408325] status=0x8103
joint_pos=[1.0080000162124634, -51.839996337890625, 38.62799835205078, -3.6720001697540283, -38.880001068115234, 29.700000762939453] joint_vel=[-0.18000000715255737, 0.0, -0.27000001072883606, 0.0, 0.09000000357627869, -0.0] imu_ang_vel=[-0.021624866873025894, 0.0032952148467302322, -0.06263488531112671] imu_quat_wxyz=[-0.5999698042869568, -0.014144403859972954, 0.017405889928340912, -0.7997082471847534] status=0x8103
joint_pos=[1.0080000162124634, -51.839996337890625, 38.62799835205078, -3.6720001697540283, -38.880001068115234, 29.700000762939453] joint_vel=[-0.27000001072883606, 0.0, 0.09000000357627869, -0.09000000357627869, -0.0, -0.0] imu_ang_vel=[-0.015499597415328026, 0.006313463672995567, -0.0631675124168396] imu_quat_wxyz=[-0.6007341742515564, -0.014588911086320877, 0.017829496413469315, -0.799116849899292] status=0x8103
joint_pos=[1.0080000162124634, -51.839996337890625, 38.62799835205078, -3.6720001697540283, -38.880001068115234, 29.700000762939453] joint_vel=[-0.09000000357627869, 0.0, 0.0, 0.0, -0.18000000715255737, 0.18000000715255737] imu_ang_vel=[-0.015410825610160828, 0.021404709666967392, -0.04363766312599182] imu_quat_wxyz=[-0.6011695265769958, -0.014455141499638557, 0.017910679802298546, -0.7987900376319885] status=0x8103
joint_pos=[1.0080000162124634, -51.839996337890625, 38.62799835205078, -3.6720001697540283, -38.880001068115234, 29.700000762939453] joint_vel=[0.18000000715255737, 0.0, -0.5400000214576721, 0.18000000715255737, -0.18000000715255737, -0.0] imu_ang_vel=[-0.011682400479912758, 0.026020854711532593, -0.01895904168486595] imu_quat_wxyz=[-0.601409375667572, -0.014137604273855686, 0.017864728346467018, -0.7986161112785339] status=0x8103
joint_pos=[1.0080000162124634, -51.839996337890625, 38.62799835205078, -3.6720001697540283, -38.880001068115234, 29.700000762939453] joint_vel=[-0.0, 0.0, -0.09000000357627869, 0.0, -0.0, 0.18000000715255737] imu_ang_vel=[0.003320072777569294, 0.03374401852488518, -0.015585703775286674] imu_quat_wxyz=[-0.6015607118606567, -0.013870314694941044, 0.017704926431179047, -0.7985103726387024] status=0x8103
joint_pos=[1.0080000162124634, -51.839996337890625, 38.62799835205078, -3.6720001697540283, -38.880001068115234, 29.700000762939453] joint_vel=[-0.0, 0.0, 0.7200000286102295, 0.0, -0.0, -0.09000000357627869] imu_ang_vel=[0.019387809559702873, 0.03693981096148491, -0.00111586379352957] imu_quat_wxyz=[-0.6016463041305542, -0.013695592992007732, 0.017400061711668968, -0.7984557151794434] status=0x8103
joint_pos=[1.0080000162124634, -51.839996337890625, 38.62799835205078, -3.6720001697540283, -38.880001068115234, 29.700000762939453] joint_vel=[-0.0, 0.0, 0.44999998807907104, 0.09000000357627869, -0.0, -0.0] imu_ang_vel=[0.02737729251384735, 0.03551945835351944, 0.02791258879005909] imu_quat_wxyz=[-0.6000902652740479, -0.013479799963533878, 0.01746063493192196, -0.7996281981468201] status=0x8103
joint_pos=[1.0080000162124634, -51.839996337890625, 38.62799835205078, -3.6720001697540283, -38.880001068115234, 29.700000762939453] joint_vel=[-0.0, 0.0, 0.44999998807907104, -0.18000000715255737, -0.0, -0.0] imu_ang_vel=[0.038296252489089966, 0.03374401852488518, 0.04655471444129944] imu_quat_wxyz=[-0.5997786521911621, -0.01340874470770359, 0.017016224563121796, -0.7998725771903992] status=0x8103
joint_pos=[1.0080000162124634, -51.839996337890625, 38.62799835205078, -3.6720001697540283, -38.880001068115234, 29.700000762939453] joint_vel=[-0.09000000357627869, 0.0, 0.0, 0.0, -0.0, 0.09000000357627869] imu_ang_vel=[0.04841626435518265, 0.03827139735221863, 0.04646594449877739] imu_quat_wxyz=[-0.5994166135787964, -0.013377567753195763, 0.016476605087518692, -0.8001558780670166] status=0x8103
joint_pos=[1.0080000162124634, -51.839996337890625, 38.62799835205078, -3.6720001697540283, -38.880001068115234, 29.700000762939453] joint_vel=[-0.0, 0.0, -0.6299999952316284, 0.18000000715255737, -0.0, -0.0] imu_ang_vel=[0.055518027395009995, 0.04484052211046219, 0.050815775990486145] imu_quat_wxyz=[-0.5990433096885681, -0.013343478552997112, 0.015818994492292404, -0.8004491329193115] status=0x8103
joint_pos=[1.0080000162124634, -51.839996337890625, 38.62799835205078, -3.6720001697540283, -38.880001068115234, 29.700000762939453] joint_vel=[-0.18000000715255737, 0.0, -0.27000001072883606, 0.0, -0.18000000715255737, -0.0] imu_ang_vel=[0.048505038022994995, 0.04386403039097786, 0.05569823086261749] imu_quat_wxyz=[-0.5986265540122986, -0.013272902928292751, 0.015162310563027859, -0.8007747530937195] status=0x8103
joint_pos=[1.0080000162124634, -51.839996337890625, 38.62799835205078, -3.6720001697540283, -38.880001068115234, 29.700000762939453] joint_vel=[-0.18000000715255737, 0.0, -0.18000000715255737, 0.0, 0.09000000357627869, -0.18000000715255737] imu_ang_vel=[0.04237976670265198, 0.03587454929947853, 0.045223135501146317] imu_quat_wxyz=[-0.5985238552093506, -0.0133388452231884, 0.01467136386781931, -0.8008596301078796] status=0x8103
joint_pos=[1.0080000162124634, -51.839996337890625, 38.62799835205078, -3.6720001697540283, -38.880001068115234, 29.700000762939453] joint_vel=[-0.09000000357627869, 0.0, 0.27000001072883606, 0.0, -0.09000000357627869, -0.0] imu_ang_vel=[0.04051554948091507, 0.026819802820682526, 0.03714488074183464] imu_quat_wxyz=[-0.5983729958534241, -0.01334160752594471, 0.014432071708142757, -0.800976574420929] status=0x8103
joint_pos=[1.0080000162124634, -51.839996337890625, 38.62799835205078, -3.6720001697540283, -38.880001068115234, 29.700000762939453] joint_vel=[-0.09000000357627869, 0.0, 0.0, 0.0, -0.0, 0.18000000715255737] imu_ang_vel=[0.02595693990588188, 0.004182934761047363, 0.013265205547213554] imu_quat_wxyz=[-0.598115086555481, -0.01347704790532589, 0.013943977653980255, -0.801175594329834] status=0x8103
joint_pos=[1.0080000162124634, -51.839996337890625, 38.62799835205078, -3.6720001697540283, -38.880001068115234, 29.700000762939453] joint_vel=[-0.0, 0.0, 0.8999999761581421, 0.0, -0.0, -0.09000000357627869] imu_ang_vel=[0.014505347236990929, -0.01010936126112938, -0.010792015120387077] imu_quat_wxyz=[-0.5981346964836121, -0.013627344742417336, 0.013844097033143044, -0.8011600971221924] status=0x8103
joint_pos=[1.0080000162124634, -51.839996337890625, 38.62799835205078, -3.6720001697540283, -38.880001068115234, 29.700000762939453] joint_vel=[-0.27000001072883606, 0.0, -0.09000000357627869, 0.0, -0.0, -0.18000000715255737] imu_ang_vel=[0.008468849584460258, -0.023247621953487396, -0.0330737940967083] imu_quat_wxyz=[-0.5983569622039795, -0.013841252774000168, 0.013886128552258015, -0.8009898066520691] status=0x8103
joint_pos=[1.0080000162124634, -51.839996337890625, 38.62799835205078, -3.6720001697540283, -38.880001068115234, 29.700000762939453] joint_vel=[-0.09000000357627869, -0.18000000715255737, 1.0800000429153442, 0.0, -0.0, -0.09000000357627869] imu_ang_vel=[0.0031425273045897484, -0.020584460347890854, -0.04798749461770058] imu_quat_wxyz=[-0.6027219891548157, -0.013831403106451035, 0.012719828635454178, -0.797730028629303] status=0x8103
joint_pos=[0.972000002861023, -51.839996337890625, 38.62799835205078, -3.6720001697540283, -38.880001068115234, 29.700000762939453] joint_vel=[-0.27000001072883606, 0.18000000715255737, 0.0, 0.0, -0.0, 0.18000000715255737] imu_ang_vel=[0.0034976163879036903, 0.002407494466751814, -0.061480842530727386] imu_quat_wxyz=[-0.6031937003135681, -0.013924648985266685, 0.012761378660798073, -0.7973710894584656] status=0x8103
joint_pos=[0.972000002861023, -51.839996337890625, 38.62799835205078, -3.6720001697540283, -38.880001068115234, 29.700000762939453] joint_vel=[-0.18000000715255737, 0.09000000357627869, 0.18000000715255737, 0.18000000715255737, -0.0, 0.09000000357627869] imu_ang_vel=[0.00491796899586916, 0.014036630280315876, -0.06352260708808899] imu_quat_wxyz=[-0.6037258505821228, -0.013917457312345505, 0.01267510186880827, -0.7969697117805481] status=0x8103
joint_pos=[0.972000002861023, -51.839996337890625, 38.62799835205078, -3.6720001697540283, -38.880001068115234, 29.700000762939453] joint_vel=[-0.0, -0.18000000715255737, -0.5400000214576721, 0.09000000357627869, -0.0, -0.09000000357627869] imu_ang_vel=[-0.004136777948588133, 0.0065797800198197365, -0.05997171625494957] imu_quat_wxyz=[-0.6042216420173645, -0.013812683522701263, 0.012607645243406296, -0.7965968251228333] status=0x8103
joint_pos=[0.972000002861023, -51.839996337890625, 38.62799835205078, -3.6720001697540283, -38.880001068115234, 29.700000762939453] joint_vel=[-0.27000001072883606, -0.27000001072883606, 0.5400000214576721, -0.18000000715255737, -0.0, -0.0] imu_ang_vel=[-0.015943458303809166, -0.010553221218287945, -0.07382015883922577] imu_quat_wxyz=[-0.6047773361206055, -0.013765253126621246, 0.01274123415350914, -0.7961738109588623] status=0x8103
joint_pos=[0.972000002861023, -51.839996337890625, 38.62799835205078, -3.6720001697540283, -38.880001068115234, 29.700000762939453] joint_vel=[-0.0, 0.0, -0.18000000715255737, 0.0, -0.0, -0.09000000357627869] imu_ang_vel=[-0.021092236042022705, 0.009864344261586666, -0.08891139924526215] imu_quat_wxyz=[-0.6052402853965759, -0.01378867868334055, 0.012925414368510246, -0.7958185076713562] status=0x8103
joint_pos=[0.972000002861023, -51.839996337890625, 38.62799835205078, -3.6720001697540283, -38.880001068115234, 29.700000762939453] joint_vel=[-0.0, 0.18000000715255737, 0.9900000095367432, 0.0, -0.09000000357627869, -0.0] imu_ang_vel=[-0.03005821257829666, 0.02380155399441719, -0.1048903688788414] imu_quat_wxyz=[-0.6060559749603271, -0.013483315706253052, 0.01303595770150423, -0.7952009439468384] status=0x8103
joint_pos=[0.972000002861023, -51.839996337890625, 38.62799835205078, -3.6720001697540283, -38.880001068115234, 29.700000762939453] joint_vel=[-0.0, 0.0, 0.0, 0.0, 0.18000000715255737, -0.0] imu_ang_vel=[-0.042486295104026794, 0.03818261995911598, -0.12619565427303314] imu_quat_wxyz=[-0.6070187091827393, -0.013003645464777946, 0.01313968189060688, -0.7944725155830383] status=0x8103
joint_pos=[0.972000002861023, -51.839996337890625, 38.62799835205078, -3.6720001697540283, -38.880001068115234, 29.700000762939453] joint_vel=[-0.0, -0.09000000357627869, -0.7200000286102295, 0.0, -0.0, -0.0] imu_ang_vel=[-0.04532700031995773, 0.05487176403403282, -0.1375584751367569] imu_quat_wxyz=[-0.6081095933914185, -0.012365613132715225, 0.013182656839489937, -0.7936473488807678] status=0x8103
joint_pos=[0.972000002861023, -51.839996337890625, 38.62799835205078, -3.6720001697540283, -38.880001068115234, 29.700000762939453] joint_vel=[-0.0, 0.27000001072883606, 0.0, 0.0, 0.27000001072883606, -0.0] imu_ang_vel=[-0.049499284476041794, 0.05646966025233269, -0.13906759023666382] imu_quat_wxyz=[-0.6092473268508911, -0.011630022898316383, 0.01322145015001297, -0.7927847504615784] status=0x8103
joint_pos=[0.972000002861023, -51.839996337890625, 38.62799835205078, -3.6720001697540283, -38.880001068115234, 29.700000762939453] joint_vel=[-0.0, 0.18000000715255737, 0.7200000286102295, 0.0, 0.18000000715255737, 0.27000001072883606] imu_ang_vel=[-0.05420420318841934, 0.055670708417892456, -0.12788231670856476] imu_quat_wxyz=[-0.6102586388587952, -0.011278104968369007, 0.0132655780762434, -0.7920109033584595] status=0x8103
joint_pos=[0.972000002861023, -51.839996337890625, 38.62799835205078, -3.6720001697540283, -38.880001068115234, 29.700000762939453] joint_vel=[0.36000001430511475, 0.09000000357627869, -0.5400000214576721, 0.0, -0.0, -0.44999998807907104] imu_ang_vel=[-0.04878911003470421, 0.05682474747300148, -0.11225844919681549] imu_quat_wxyz=[-0.6112290024757385, -0.010536757297813892, 0.013319622725248337, -0.7912715673446655] status=0x8103
joint_pos=[0.972000002861023, -51.839996337890625, 38.62799835205078, -3.6720001697540283, -38.880001068115234, 29.700000762939453] joint_vel=[0.36000001430511475, 0.09000000357627869, -0.44999998807907104, 0.0, -0.0, -0.09000000357627869] imu_ang_vel=[-0.037870146334171295, 0.05682474747300148, -0.09317246079444885] imu_quat_wxyz=[-0.6120469570159912, -0.00982419028878212, 0.013310423120856285, -0.7906485199928284] status=0x8103
joint_pos=[0.972000002861023, -51.839996337890625, 38.62799835205078, -3.6720001697540283, -38.880001068115234, 29.700000762939453] joint_vel=[-0.0, 0.0, 0.0, 0.0, 0.18000000715255737, 0.27000001072883606] imu_ang_vel=[-0.027927681803703308, 0.04990053176879883, -0.07177840173244476] imu_quat_wxyz=[-0.6127131581306458, -0.009216503240168095, 0.01325093861669302, -0.7901405096054077] status=0x8103
joint_pos=[0.972000002861023, -51.839996337890625, 38.62799835205078, -3.6720001697540283, -38.880001068115234, 29.700000762939453] joint_vel=[-1.53000009059906, 0.0, 0.8999999761581421, 0.18000000715255737, -0.09000000357627869, 0.09000000357627869] imu_ang_vel=[-0.021092236042022705, 0.032856300473213196, -0.04408152401447296] imu_quat_wxyz=[-0.6131628751754761, -0.00876626931130886, 0.013209323398768902, -0.7897974848747253] status=0x8103
joint_pos=[0.972000002861023, -51.839996337890625, 38.62799835205078, -3.6720001697540283, -38.880001068115234, 29.700000762939453] joint_vel=[0.5400000214576721, 0.0, 1.0800000429153442, 0.0, -0.0, -0.0] imu_ang_vel=[-0.012126260437071323, 0.012971365824341774, -0.02179974690079689] imu_quat_wxyz=[-0.6134576797485352, -0.008172782137989998, 0.013260792940855026, -0.7895740270614624] status=0x8103
joint_pos=[0.972000002861023, -51.839996337890625, 38.62799835205078, -3.6720001697540283, -38.880001068115234, 29.700000762939453] joint_vel=[1.0800000429153442, 0.0, 0.809999942779541, -0.18000000715255737, -0.0, -0.0] imu_ang_vel=[-0.005113270599395037, -0.007890060544013977, -0.005199376959353685] imu_quat_wxyz=[-0.613567590713501, -0.008133608847856522, 0.013338728807866573, -0.7894876599311829] status=0x8103
joint_pos=[0.972000002861023, -51.839996337890625, 38.62799835205078, -3.6720001697540283, -38.880001068115234, 29.700000762939453] joint_vel=[-0.809999942779541, 0.0, -0.7200000286102295, 0.0, -0.18000000715255737, -0.27000001072883606] imu_ang_vel=[-0.003249058034271002, -0.02351393550634384, 0.0037665977142751217] imu_quat_wxyz=[-0.6135750412940979, -0.00825477298349142, 0.01350791472941637, -0.7894777655601501] status=0x8103
joint_pos=[0.972000002861023, -51.839996337890625, 38.62799835205078, -3.6720001697540283, -38.880001068115234, 29.700000762939453] joint_vel=[0.44999998807907104, 0.0, 1.1700000762939453, 0.0, -0.09000000357627869, -0.0] imu_ang_vel=[-0.0003195810131728649, -0.03097078949213028, 0.0005708048120141029] imu_quat_wxyz=[-0.613568127155304, -0.0084629375487566, 0.013715801760554314, -0.7894774079322815] status=0x8103
joint_pos=[0.972000002861023, -51.839996337890625, 38.62799835205078, -3.6720001697540283, -38.880001068115234, 29.700000762939453] joint_vel=[-0.0, -0.18000000715255737, 1.2599999904632568, -0.09000000357627869, 0.09000000357627869, -0.0] imu_ang_vel=[0.0010120002552866936, -0.03274622932076454, 0.0009258929640054703] imu_quat_wxyz=[-0.6135819554328918, -0.008711996488273144, 0.013918682001531124, -0.789460301399231] status=0x8103
joint_pos=[0.972000002861023, -51.839996337890625, 38.62799835205078, -3.6720001697540283, -38.880001068115234, 29.700000762939453] joint_vel=[0.9900000095367432, 0.09000000357627869, 0.0, 0.0, -0.09000000357627869, -0.0] imu_ang_vel=[0.0015446320176124573, -0.03896027058362961, 0.0011922090779989958] imu_quat_wxyz=[-0.6140313744544983, -0.008877942338585854, 0.014026219956576824, -0.789107084274292] status=0x8103
joint_pos=[0.972000002861023, -51.839996337890625, 38.62799835205078, -3.6720001697540283, -38.880001068115234, 29.700000762939453] joint_vel=[-3.7799999713897705, 0.0, 0.6299999952316284, 0.0, 0.09000000357627869, -0.0] imu_ang_vel=[0.004207792691886425, -0.05236484482884407, 0.005275722127407789] imu_quat_wxyz=[-0.6140196323394775, -0.009263167157769203, 0.014305978082120419, -0.7891067266464233] status=0x8103
joint_pos=[0.972000002861023, -51.839996337890625, 38.62799835205078, -3.6720001697540283, -38.880001068115234, 29.700000762939453] joint_vel=[1.7999999523162842, -0.18000000715255737, 0.8999999761581421, -0.09000000357627869, -0.18000000715255737, -0.0] imu_ang_vel=[0.004740424454212189, -0.0579574853181839, 0.0158395953476429] imu_quat_wxyz=[-0.6139413118362427, -0.00972822867333889, 0.014632683247327805, -0.7891560196876526] status=0x8103
joint_pos=[0.972000002861023, -51.839996337890625, 38.62799835205078, -3.6720001697540283, -38.880001068115234, 29.700000762939453] joint_vel=[-0.36000001430511475, 0.0, -0.09000000357627869, 0.0, -0.0, -0.0] imu_ang_vel=[0.008468849584460258, -0.04970168322324753, 0.021698547527194023] imu_quat_wxyz=[-0.6137872338294983, -0.010193352587521076, 0.014932782389223576, -0.7892645001411438] status=0x8103
joint_pos=[0.972000002861023, -51.839996337890625, 38.62799835205078, -3.6720001697540283, -38.880001068115234, 29.700000762939453] joint_vel=[1.0800000429153442, 0.0, -0.6299999952316284, -0.18000000715255737, -0.0, -0.0] imu_ang_vel=[0.015215524472296238, -0.029461663216352463, 0.020722053945064545] imu_quat_wxyz=[-0.6136338114738464, -0.010552262887358665, 0.015076642856001854, -0.7893762588500977] status=0x8103
joint_pos=[0.972000002861023, -51.839996337890625, 38.62799835205078, -3.6720001697540283, -38.880001068115234, 29.700000762939453] joint_vel=[0.44999998807907104, -0.09000000357627869, -0.36000001430511475, 0.0, -0.0, -0.0] imu_ang_vel=[0.016635878011584282, -0.013482698239386082, 0.02658100798726082] imu_quat_wxyz=[-0.6125125885009766, -0.011076752096414566, 0.015363579615950584, -0.7902339100837708] status=0x8103
joint_pos=[0.972000002861023, -51.839996337890625, 38.62799835205078, -3.6720001697540283, -38.880001068115234, 29.700000762939453] joint_vel=[-0.0, 0.0, -0.44999998807907104, 0.0, 0.27000001072883606, -0.0] imu_ang_vel=[0.01770114153623581, 0.0012534580891951919, 0.031019609421491623] imu_quat_wxyz=[-0.6122899055480957, -0.011202656663954258, 0.015265453606843948, -0.7904067039489746] status=0x8103
joint_pos=[0.972000002861023, -51.839996337890625, 38.62799835205078, -3.6720001697540283, -38.880001068115234, 29.700000762939453] joint_vel=[-0.0, 0.0, 0.09000000357627869, -0.09000000357627869, -0.0, -0.0] imu_ang_vel=[0.017878685146570206, 0.0055145155638456345, 0.03022066131234169] imu_quat_wxyz=[-0.6121794581413269, -0.011233980767428875, 0.0151914581656456, -0.7904931306838989] status=0x8103
joint_pos=[0.972000002861023, -51.839996337890625, 38.62799835205078, -3.6720001697540283, -38.880001068115234, 29.700000762939453] joint_vel=[-0.0, 0.09000000357627869, -0.809999942779541, 0.0, 0.18000000715255737, -0.0] imu_ang_vel=[0.017434824258089066, 0.017054878175258636, 0.025249429047107697] imu_quat_wxyz=[-0.6118770837783813, -0.011247453279793262, 0.014904103241860867, -0.7907324433326721] status=0x8103
joint_pos=[0.972000002861023, -51.839996337890625, 38.62799835205078, -3.6720001697540283, -38.880001068115234, 29.700000762939453] joint_vel=[-0.09000000357627869, 0.0, -0.5400000214576721, 0.0, -0.27000001072883606, -0.27000001072883606] imu_ang_vel=[0.012641134671866894, 0.024067867547273636, 0.024450480937957764] imu_quat_wxyz=[-0.6117072105407715, -0.011154593899846077, 0.014666063711047173, -0.7908697128295898] status=0x8103
joint_pos=[0.972000002861023, -51.839996337890625, 38.62799835205078, -3.6720001697540283, -38.880001068115234, 29.700000762939453] joint_vel=[-0.0, 0.0, 0.8999999761581421, 0.0, 0.09000000357627869, 0.09000000357627869] imu_ang_vel=[0.009800429455935955, 0.03125840425491333, 0.01770380511879921] imu_quat_wxyz=[-0.6112769842147827, -0.011243646964430809, 0.014539246447384357, -0.7912033796310425] status=0x8103
joint_pos=[0.972000002861023, -51.839996337890625, 38.62799835205078, -3.6720001697540283, -38.880001068115234, 29.700000762939453] joint_vel=[-0.0, 0.18000000715255737, -0.7200000286102295, -0.09000000357627869, -0.0, -0.0] imu_ang_vel=[0.0099779749289155, 0.03853771090507507, 0.012466257438063622] imu_quat_wxyz=[-0.6111820340156555, -0.011017082259058952, 0.014260376803576946, -0.79128497838974] status=0x8103
joint_pos=[0.972000002861023, -51.839996337890625, 38.62799835205078, -3.6720001697540283, -38.880001068115234, 29.700000762939453] joint_vel=[0.09000000357627869, 0.0, 0.6299999952316284, -0.27000001072883606, 0.18000000715255737, -0.18000000715255737] imu_ang_vel=[0.005805688910186291, 0.03347770497202873, 0.01024695672094822] imu_quat_wxyz=[-0.6111199259757996, -0.010781969875097275, 0.01400959212332964, -0.7913406491279602] status=0x8103
motion_test: joint 5 returning to start
joint_pos=[0.972000002861023, -51.839996337890625, 38.62799835205078, -3.6720001697540283, -38.880001068115234, 29.700000762939453] joint_vel=[-0.0, 0.09000000357627869, -0.44999998807907104, 0.09000000357627869, 0.18000000715255737, -0.0] imu_ang_vel=[0.003763931803405285, 0.029660508036613464, 0.010868361219763756] imu_quat_wxyz=[-0.6110576391220093, -0.010546430014073849, 0.0138010885566473, -0.7913955450057983] status=0x8103
joint_pos=[0.972000002861023, -51.839996337890625, 38.62799835205078, -3.6720001697540283, -38.880001068115234, 29.700000762939453] joint_vel=[-0.09000000357627869, 0.09000000357627869, -0.18000000715255737, -0.09000000357627869, -0.0, 0.18000000715255737] imu_ang_vel=[-0.0260634683072567, 0.008976624347269535, 0.08792248368263245] imu_quat_wxyz=[-0.6107892394065857, -0.010349621996283531, 0.01377289928495884, -0.7916058301925659] status=0x8103
joint_pos=[0.972000002861023, -51.839996337890625, 38.62799835205078, -3.6720001697540283, -29.700000762939453, 29.700000762939453] joint_vel=[0.18000000715255737, -0.18000000715255737, -0.27000001072883606, -0.8999999761581421, 645.0299682617188, -0.0] imu_ang_vel=[0.03110571578145027, 0.0677437037229538, 0.011489763855934143] imu_quat_wxyz=[-0.6103072166442871, -0.009972795844078064, 0.01341737899929285, -0.7919883728027344] status=0x8103
joint_pos=[0.972000002861023, -51.839996337890625, 38.62799835205078, -3.6720001697540283, -19.332000732421875, 29.700000762939453] joint_vel=[-0.09000000357627869, 0.0, 0.36000001430511475, 0.0, 481.8600158691406, -0.0] imu_ang_vel=[0.0158369280397892, 0.011551013216376305, -0.0003169154515489936] imu_quat_wxyz=[-0.6103556156158447, -0.010013656690716743, 0.013189328834414482, -0.7919543981552124] status=0x8103
joint_pos=[0.972000002861023, -51.839996337890625, 38.62799835205078, -3.6720001697540283, -15.911999702453613, 29.700000762939453] joint_vel=[-0.0, 0.27000001072883606, -0.18000000715255737, 0.18000000715255737, -17.100000381469727, -0.09000000357627869] imu_ang_vel=[0.013795171864330769, -0.02404657006263733, -0.015053072944283485] imu_quat_wxyz=[-0.6104318499565125, -0.010118259117007256, 0.013161242939531803, -0.791894793510437] status=0x8103
joint_pos=[0.972000002861023, -51.839996337890625, 38.62799835205078, -3.6720001697540283, -16.52400016784668, 29.700000762939453] joint_vel=[-0.0, 0.0, 0.7200000286102295, -0.18000000715255737, -33.209999084472656, -0.0] imu_ang_vel=[0.010155517607927322, -0.015435682609677315, 0.09173967689275742] imu_quat_wxyz=[-0.6095262765884399, -0.010439799167215824, 0.013207852840423584, -0.7925871014595032] status=0x8103
joint_pos=[0.972000002861023, -51.839996337890625, 38.62799835205078, -3.6720001697540283, -17.027999877929688, 29.700000762939453] joint_vel=[-0.0, 0.09000000357627869, -0.809999942779541, -0.18000000715255737, -18.450000762939453, -0.0] imu_ang_vel=[0.026755886152386665, 0.006668551824986935, 0.048152610659599304] imu_quat_wxyz=[-0.6090126037597656, -0.01051011960953474, 0.013098658062517643, -0.7929827570915222] status=0x8103
joint_pos=[0.972000002861023, -51.839996337890625, 38.62799835205078, -3.6720001697540283, -17.351999282836914, 29.700000762939453] joint_vel=[-0.0, -0.27000001072883606, 0.0, 0.09000000357627869, -13.859999656677246, -0.0] imu_ang_vel=[0.02888641692698002, -0.012328661978244781, 0.07815755903720856] imu_quat_wxyz=[-0.6086652874946594, -0.010729477740824223, 0.012842572294175625, -0.793250560760498] status=0x8103
joint_pos=[0.972000002861023, -51.839996337890625, 38.62799835205078, -3.6720001697540283, -17.639999389648438, 29.700000762939453] joint_vel=[0.18000000715255737, 0.18000000715255737, -0.809999942779541, 0.0, -7.740000247955322, -0.0] imu_ang_vel=[0.01770113967359066, -0.004161636345088482, 0.10319126397371292] imu_quat_wxyz=[-0.607892632484436, -0.010920590721070766, 0.01278632041066885, -0.7938411831855774] status=0x8103
joint_pos=[0.972000002861023, -51.839996337890625, 38.62799835205078, -3.6720001697540283, -17.856000900268555, 29.700000762939453] joint_vel=[0.18000000715255737, 0.27000001072883606, 0.0, 0.0, -5.400000095367432, -0.0] imu_ang_vel=[0.02790992520749569, -0.01703358069062233, 0.10106073319911957] imu_quat_wxyz=[-0.6070692539215088, -0.011118738912045956, 0.012670419178903103, -0.7944701910018921] status=0x8103
joint_pos=[0.972000002861023, -51.839996337890625, 38.62799835205078, -3.6720001697540283, -18.035999298095703, 29.700000762939453] joint_vel=[-0.0, 0.0, -0.36000001430511475, -0.09000000357627869, -4.860000133514404, -0.0] imu_ang_vel=[0.036432038992643356, -0.02493428997695446, 0.08428282290697098] imu_quat_wxyz=[-0.6063553690910339, -0.011493788100779057, 0.012613589875400066, -0.7950106859207153] status=0x8103
joint_pos=[0.972000002861023, -51.839996337890625, 38.62799835205078, -3.6720001697540283, -18.143999099731445, 29.700000762939453] joint_vel=[-0.0, 0.18000000715255737, 0.18000000715255737, 0.0, -2.069999933242798, -0.0] imu_ang_vel=[0.03154957666993141, -0.007890060544013977, 0.08517054468393326] imu_quat_wxyz=[-0.6057121753692627, -0.0118152666836977, 0.012468310073018074, -0.7954984307289124] status=0x8103
joint_pos=[0.972000002861023, -51.839996337890625, 38.62799835205078, -3.6720001697540283, -18.288000106811523, 29.700000762939453] joint_vel=[0.27000001072883606, 0.0, 0.18000000715255737, 0.0, -0.5400000214576721, -0.18000000715255737] imu_ang_vel=[0.02462535910308361, 0.013681542128324509, 0.10132705420255661] imu_quat_wxyz=[-0.6046748161315918, -0.012037467211484909, 0.012356364168226719, -0.7962856292724609] status=0x8103
joint_pos=[0.972000002861023, -51.839996337890625, 38.62799835205078, -3.6720001697540283, -18.32400131225586, 29.700000762939453] joint_vel=[0.18000000715255737, 0.09000000357627869, -0.18000000715255737, 0.0, -4.050000190734863, -0.0] imu_ang_vel=[0.023382551968097687, 0.0188303180038929, 0.08836633712053299] imu_quat_wxyz=[-0.6039315462112427, -0.012014408595860004, 0.012087753042578697, -0.7968539595603943] status=0x8103
joint_pos=[0.972000002861023, -51.839996337890625, 38.62799835205078, -3.6720001697540283, -18.395999908447266, 29.700000762939453] joint_vel=[0.18000000715255737, 0.0, -1.0800000429153442, 0.18000000715255737, -3.7799999713897705, -0.0] imu_ang_vel=[0.03172712028026581, 0.007733815815299749, 0.07975545525550842] imu_quat_wxyz=[-0.6036151051521301, -0.012054254300892353, 0.011950386688113213, -0.7970952391624451] status=0x8103
joint_pos=[0.972000002861023, -51.839996337890625, 38.62799835205078, -3.6720001697540283, -18.43199920654297, 29.700000762939453] joint_vel=[-0.0, 0.0, 0.27000001072883606, -0.27000001072883606, -0.809999942779541, -0.0] imu_ang_vel=[0.031372033059597015, 0.0059583755210042, 0.05951543152332306] imu_quat_wxyz=[-0.6028665900230408, -0.012325318530201912, 0.011561889201402664, -0.7976630330085754] status=0x8103
joint_pos=[0.972000002861023, -51.839996337890625, 38.62799835205078, -3.6720001697540283, -18.468000411987305, 29.700000762939453] joint_vel=[0.18000000715255737, -0.18000000715255737, 0.0, -0.27000001072883606, -2.700000047683716, -0.0] imu_ang_vel=[0.01867763325572014, 0.022203657776117325, 0.051348406821489334] imu_quat_wxyz=[-0.6024327278137207, -0.012316270731389523, 0.01130286231637001, -0.7979946136474609] status=0x8103
joint_pos=[0.972000002861023, -51.839996337890625, 38.62799835205078, -3.6720001697540283, -18.503999710083008, 29.700000762939453] joint_vel=[0.18000000715255737, 0.09000000357627869, 0.27000001072883606, 0.0, -1.709999918937683, -0.09000000357627869] imu_ang_vel=[0.018855176866054535, 0.033300161361694336, 0.02178731933236122] imu_quat_wxyz=[-0.6015430688858032, -0.012506667524576187, 0.011209147050976753, -0.798663854598999] status=0x8103
joint_pos=[0.972000002861023, -51.839996337890625, 38.62799835205078, -3.6720001697540283, -18.540000915527344, 29.700000762939453] joint_vel=[0.09000000357627869, 0.0, -0.44999998807907104, 0.0, 2.7899999618530273, -0.0] imu_ang_vel=[0.015659386292099953, 0.0326787531375885, 0.002967649605125189] imu_quat_wxyz=[-0.6014852523803711, -0.012355988845229149, 0.010884149000048637, -0.7987142205238342] status=0x8103
joint_pos=[0.972000002861023, -51.839996337890625, 38.62799835205078, -3.6720001697540283, -18.540000915527344, 29.700000762939453] joint_vel=[-0.0, -0.09000000357627869, -0.18000000715255737, 0.0, 0.09000000357627869, -0.09000000357627869] imu_ang_vel=[0.009179025888442993, 0.031080856919288635, -0.008661486208438873] imu_quat_wxyz=[-0.601543128490448, -0.012153972871601582, 0.010625025257468224, -0.7986771464347839] status=0x8103
joint_pos=[0.972000002861023, -51.839996337890625, 38.62799835205078, -3.6720001697540283, -18.540000915527344, 29.700000762939453] joint_vel=[-0.0, -0.09000000357627869, 0.0, 0.0, -0.18000000715255737, 0.27000001072883606] imu_ang_vel=[0.0075811296701431274, 0.027263663709163666, -0.015230616554617882] imu_quat_wxyz=[-0.6016678214073181, -0.011977394111454487, 0.010400884784758091, -0.7985888719558716] status=0x8103
joint_pos=[0.972000002861023, -51.839996337890625, 38.62799835205078, -3.6720001697540283, -18.576000213623047, 29.700000762939453] joint_vel=[-0.0, -0.27000001072883606, -1.440000057220459, 0.0, -0.09000000357627869, -0.0] imu_ang_vel=[0.00491796899586916, 0.02300260402262211, -0.021444659680128098] imu_quat_wxyz=[-0.6018358469009399, -0.011814971454441547, 0.01021520234644413, -0.7984671592712402] status=0x8103
joint_pos=[0.972000002861023, -51.839996337890625, 38.62799835205078, -3.6720001697540283, -18.576000213623047, 29.700000762939453] joint_vel=[-0.0, -0.18000000715255737, -1.0800000429153442, 0.0, 0.09000000357627869, -0.0] imu_ang_vel=[0.009800429455935955, 0.021227166056632996, -0.027747470885515213] imu_quat_wxyz=[-0.6018418669700623, -0.011717195622622967, 0.010084954090416431, -0.7984656095504761] status=0x8103
joint_pos=[0.972000002861023, -51.839996337890625, 38.62799835205078, -3.6720001697540283, -18.576000213623047, 29.700000762939453] joint_vel=[0.18000000715255737, -0.27000001072883606, 0.44999998807907104, 0.0, -0.0, -0.0] imu_ang_vel=[0.007492357864975929, 0.021315935999155045, -0.021977290511131287] imu_quat_wxyz=[-0.6020557880401611, -0.01160234771668911, 0.009895741939544678, -0.7983084321022034] status=0x8103
joint_pos=[0.972000002861023, -51.839996337890625, 38.62799835205078, -3.6720001697540283, -18.576000213623047, 29.700000762939453] joint_vel=[-0.18000000715255737, 0.0, 0.09000000357627869, -0.09000000357627869, 0.18000000715255737, -0.18000000715255737] imu_ang_vel=[0.006249549798667431, 0.017232421785593033, -0.01576324924826622] imu_quat_wxyz=[-0.6022100448608398, -0.011479532346129417, 0.009738361462950706, -0.7981958389282227] status=0x8103
joint_pos=[0.972000002861023, -51.839996337890625, 38.62799835205078, -3.6720001697540283, -18.576000213623047, 29.700000762939453] joint_vel=[-0.0, 0.0, 0.27000001072883606, 0.0, -0.0, -0.0] imu_ang_vel=[0.009534113109111786, 0.01243873406201601, -0.013100087642669678] imu_quat_wxyz=[-0.6023335456848145, -0.011412128806114197, 0.009609886445105076, -0.7981051802635193] status=0x8103
joint_pos=[0.972000002861023, -51.839996337890625, 38.62799835205078, -3.6720001697540283, -18.576000213623047, 29.700000762939453] joint_vel=[-0.0, 0.0, 1.53000009059906, 0.0, -0.0, -0.09000000357627869] imu_ang_vel=[0.01068815030157566, 0.0076450444757938385, -0.012389911338686943] imu_quat_wxyz=[-0.6024538278579712, -0.011396801099181175, 0.009480174630880356, -0.7980160713195801] status=0x8103
joint_pos=[0.972000002861023, -51.839996337890625, 38.62799835205078, -3.6720001697540283, -18.576000213623047, 29.700000762939453] joint_vel=[-0.0, 0.0, 0.0, 0.0, -0.0, -0.0] imu_ang_vel=[0.009889202192425728, 0.009331712499260902, -0.011768506839871407] imu_quat_wxyz=[-0.6027634143829346, -0.011453958228230476, 0.009401564486324787, -0.7977823615074158] status=0x8103
joint_pos=[0.972000002861023, -51.839996337890625, 38.62799835205078, -3.6720001697540283, -18.576000213623047, 29.700000762939453] joint_vel=[-0.0, 0.0, 0.09000000357627869, 0.0, -0.0, -0.09000000357627869] imu_ang_vel=[0.007137269712984562, 0.011195925995707512, 0.0015472969971597195] imu_quat_wxyz=[-0.602834165096283, -0.011399070732295513, 0.009220954030752182, -0.7977319359779358] status=0x8103
joint_pos=[0.972000002861023, -51.839996337890625, 38.62799835205078, -3.6720001697540283, -18.576000213623047, 29.700000762939453] joint_vel=[-0.0, -0.18000000715255737, 0.0, 0.0, -0.18000000715255737, -0.0] imu_ang_vel=[0.009534113109111786, 0.009331712499260902, 0.003056421410292387] imu_quat_wxyz=[-0.602824866771698, -0.011374815367162228, 0.009109314531087875, -0.7977404594421387] status=0x8103
joint_pos=[0.972000002861023, -51.839996337890625, 38.62799835205078, -3.6720001697540283, -18.576000213623047, 29.700000762939453] joint_vel=[-0.0, 0.09000000357627869, 1.0800000429153442, 0.09000000357627869, -0.09000000357627869, 0.09000000357627869] imu_ang_vel=[0.011842186562716961, 0.005780831445008516, 0.0028788773342967033] imu_quat_wxyz=[-0.6028203368186951, -0.011379601433873177, 0.008996418677270412, -0.7977450489997864] status=0x8103
joint_pos=[0.972000002861023, -51.839996337890625, 38.62799835205078, -3.6720001697540283, -18.576000213623047, 29.700000762939453] joint_vel=[-0.0, 0.0, 0.0, 0.0, -0.09000000357627869, 0.18000000715255737] imu_ang_vel=[0.008912709541618824, 0.004626795183867216, 0.006784846540540457] imu_quat_wxyz=[-0.6027953624725342, -0.011393426917493343, 0.008901376277208328, -0.797764778137207] status=0x8103
joint_pos=[0.972000002861023, -51.839996337890625, 38.62799835205078, -3.6720001697540283, -18.576000213623047, 29.700000762939453] joint_vel=[-0.0, 0.0, 0.44999998807907104, 0.0, -0.0, -0.0] imu_ang_vel=[0.007581130601465702, 0.003561530727893114, 0.006696074269711971] imu_quat_wxyz=[-0.6028715968132019, -0.011440039612352848, 0.008824706077575684, -0.7977074384689331] status=0x8103
joint_pos=[0.972000002861023, -51.839996337890625, 38.62799835205078, -3.6720001697540283, -18.576000213623047, 29.700000762939453] joint_vel=[-0.0, 0.0, -0.8999999761581421, 0.0, -0.0, -0.0] imu_ang_vel=[0.007137268781661987, -0.0004332105163484812, 0.0012809811159968376] imu_quat_wxyz=[-0.6028633713722229, -0.01147967018187046, 0.008772115223109722, -0.797713577747345] status=0x8103
joint_pos=[0.972000002861023, -51.839996337890625, 38.62799835205078, -3.6720001697540283, -18.576000213623047, 29.700000762939453] joint_vel=[-0.0, 0.09000000357627869, 0.0, 0.0, -0.0, -0.0] imu_ang_vel=[0.003231300041079521, -0.002031107200309634, -0.0004944595275446773] imu_quat_wxyz=[-0.6028777360916138, -0.01152038387954235, 0.008759315125644207, -0.7977023720741272] status=0x8103
joint_pos=[0.972000002861023, -51.839996337890625, 38.62799835205078, -3.6720001697540283, -18.576000213623047, 29.700000762939453] joint_vel=[-0.0, 0.0, -0.8999999761581421, 0.0, -0.27000001072883606, -0.0] imu_ang_vel=[-0.0010297582484781742, -0.008422693237662315, -0.005199377425014973] imu_quat_wxyz=[-0.602923572063446, -0.01156303845345974, 0.00880763866007328, -0.7976665496826172] status=0x8103
joint_pos=[0.972000002861023, -51.839996337890625, 38.62799835205078, -3.6720001697540283, -18.576000213623047, 29.700000762939453] joint_vel=[-0.0, -0.18000000715255737, -0.36000001430511475, 0.0, -0.0, -0.0] imu_ang_vel=[-0.0044918665662407875, -0.017388667911291122, -0.011502191424369812] imu_quat_wxyz=[-0.6030123233795166, -0.011657766066491604, 0.008929110132157803, -0.7975966930389404] status=0x8103
joint_pos=[0.972000002861023, -51.839996337890625, 38.62799835205078, -3.6720001697540283, -18.576000213623047, 29.700000762939453] joint_vel=[-0.0, 0.0, -0.09000000357627869, 0.0, 0.09000000357627869, -0.0] imu_ang_vel=[-0.008486608043313026, -0.021560952067375183, -0.011413417756557465] imu_quat_wxyz=[-0.6037956476211548, -0.011769436299800873, 0.008927683345973492, -0.797002375125885] status=0x8103
joint_pos=[0.972000002861023, -51.839996337890625, 38.62799835205078, -3.6720001697540283, -18.576000213623047, 29.700000762939453] joint_vel=[0.09000000357627869, 0.0, 0.6299999952316284, 0.09000000357627869, -0.18000000715255737, -0.0] imu_ang_vel=[-0.013635385781526566, -0.02821885608136654, -0.011857278645038605] imu_quat_wxyz=[-0.6039597988128662, -0.011957339011132717, 0.00933624804019928, -0.7968703508377075] status=0x8103
joint_pos=[0.972000002861023, -51.839996337890625, 38.62799835205078, -3.6720001697540283, -18.576000213623047, 29.700000762939453] joint_vel=[-0.0, 0.0, 0.6299999952316284, 0.0, -0.0, -0.0] imu_ang_vel=[-0.014966965653002262, -0.035409390926361084, -0.00883902981877327] imu_quat_wxyz=[-0.6040542125701904, -0.012129191309213638, 0.009668507613241673, -0.7967922687530518] status=0x8103
joint_pos=[0.972000002861023, -51.839996337890625, 38.62799835205078, -3.6720001697540283, -18.576000213623047, 29.700000762939453] joint_vel=[-0.18000000715255737, 0.0, -1.0800000429153442, 0.0, -0.0, -0.0] imu_ang_vel=[-0.01993819884955883, -0.03842763975262642, -0.0003169154515489936] imu_quat_wxyz=[-0.604097843170166, -0.012313295155763626, 0.010051403194665909, -0.7967517375946045] status=0x8103
joint_pos=[0.972000002861023, -51.839996337890625, 38.62799835205078, -3.6720001697540283, -18.576000213623047, 29.700000762939453] joint_vel=[-0.0, 0.09000000357627869, 0.09000000357627869, 0.0, -0.27000001072883606, -0.09000000357627869] imu_ang_vel=[-0.02082591876387596, -0.035853248089551926, 0.010602043941617012] imu_quat_wxyz=[-0.6040508151054382, -0.012482117861509323, 0.01044334378093481, -0.7967796325683594] status=0x8103
joint_pos=[0.972000002861023, -51.839996337890625, 38.62799835205078, -3.6720001697540283, -18.576000213623047, 29.700000762939453] joint_vel=[-0.0, 0.0, -0.27000001072883606, 0.0, 0.09000000357627869, -0.0] imu_ang_vel=[-0.022512588649988174, -0.03842763975262642, 0.010335728526115417] imu_quat_wxyz=[-0.6053423285484314, -0.01268727332353592, 0.010663677006959915, -0.7957926988601685] status=0x8103
joint_pos=[0.972000002861023, -51.839996337890625, 38.62799835205078, -3.6720001697540283, -18.576000213623047, 29.700000762939453] joint_vel=[-0.0, 0.09000000357627869, -1.2599999904632568, 0.0, -0.0, -0.27000001072883606] imu_ang_vel=[-0.02038205973803997, -0.0533413402736187, 0.007317478768527508] imu_quat_wxyz=[-0.6052878499031067, -0.01291579008102417, 0.01113500539213419, -0.7958241105079651] status=0x8103
joint_pos=[0.972000002861023, -51.839996337890625, 38.62799835205078, -3.7080001831054688, -18.576000213623047, 29.700000762939453] joint_vel=[-0.0, 0.0, 0.36000001430511475, -0.27000001072883606, -0.0, -0.0] imu_ang_vel=[-0.02597469836473465, -0.06168591231107712, 0.00722870696336031] imu_quat_wxyz=[-0.6052513122558594, -0.013254867866635323, 0.01170328352600336, -0.7958381175994873] status=0x8103
joint_pos=[0.972000002861023, -51.839996337890625, 38.62799835205078, -3.7080001831054688, -18.576000213623047, 29.700000762939453] joint_vel=[-0.0, 0.0, 0.18000000715255737, -0.27000001072883606, -0.0, -0.09000000357627869] imu_ang_vel=[-0.02730627730488777, -0.06008801609277725, 0.004032914061099291] imu_quat_wxyz=[-0.6052220463752747, -0.013579280115664005, 0.012309561483561993, -0.7958458065986633] status=0x8103
joint_pos=[0.972000002861023, -51.839996337890625, 38.62799835205078, -3.7080001831054688, -18.576000213623047, 29.700000762939453] joint_vel=[-0.0, -0.18000000715255737, -1.1700000762939453, -0.809999942779541, -0.36000001430511475, 0.09000000357627869] imu_ang_vel=[-0.024288028478622437, -0.051210809499025345, -0.0004944595275446773] imu_quat_wxyz=[-0.6052331924438477, -0.013860009610652924, 0.012865263968706131, -0.7958235740661621] status=0x8103
joint_pos=[0.972000002861023, -51.839996337890625, 38.62799835205078, -3.7080001831054688, -18.576000213623047, 29.700000762939453] joint_vel=[-0.0, 0.0, -0.8999999761581421, -0.44999998807907104, 0.27000001072883606, -0.09000000357627869] imu_ang_vel=[-0.025619609281420708, -0.04251115396618843, -0.011857278645038605] imu_quat_wxyz=[-0.6049046516418457, -0.014117090962827206, 0.013446712866425514, -0.7960591912269592] status=0x8103
joint_pos=[0.972000002861023, -51.839996337890625, 38.62799835205078, -3.7080001831054688, -18.576000213623047, 29.700000762939453] joint_vel=[0.09000000357627869, 0.0, 0.0, 1.0800000429153442, -0.0, -0.0] imu_ang_vel=[-0.022512588649988174, -0.03780623525381088, -0.016828512772917747] imu_quat_wxyz=[-0.6049732565879822, -0.01420290395617485, 0.013666069135069847, -0.7960018515586853] status=0x8103
joint_pos=[0.972000002861023, -51.839996337890625, 38.62799835205078, -3.7080001831054688, -18.61199951171875, 29.700000762939453] joint_vel=[0.27000001072883606, 0.0, 0.9900000095367432, 4.230000019073486, -0.0, -0.0] imu_ang_vel=[-0.024021711200475693, -0.027064818888902664, -0.02082325518131256] imu_quat_wxyz=[-0.6052318215370178, -0.014355819672346115, 0.014237798750400543, -0.7957924604415894] status=0x8103
joint_pos=[0.972000002861023, -51.839996337890625, 38.62799835205078, -3.7080001831054688, -18.61199951171875, 29.700000762939453] joint_vel=[-0.0, 0.0, -0.27000001072883606, 2.3400001525878906, -0.27000001072883606, 0.09000000357627869] imu_ang_vel=[-0.018695391714572906, -0.01978551223874092, -0.02322009950876236] imu_quat_wxyz=[-0.6054231524467468, -0.014418591745197773, 0.014549723826348782, -0.7956401705741882] status=0x8103
joint_pos=[0.972000002861023, -51.839996337890625, 38.62799835205078, -3.7080001831054688, -18.61199951171875, 29.700000762939453] joint_vel=[-0.0, 0.0, 0.8999999761581421, -0.36000001430511475, -0.0, -0.09000000357627869] imu_ang_vel=[-0.013013981282711029, -0.011529713869094849, -0.025616943836212158] imu_quat_wxyz=[-0.6056408286094666, -0.014446106739342213, 0.014785772189497948, -0.7954697012901306] status=0x8103
joint_pos=[0.972000002861023, -51.839996337890625, 38.62799835205078, -3.7080001831054688, -18.61199951171875, 29.700000762939453] joint_vel=[-0.09000000357627869, 0.0, -0.09000000357627869, 0.9900000095367432, -0.0, -0.0] imu_ang_vel=[-0.007332571316510439, 0.001786090200766921, -0.027126068249344826] imu_quat_wxyz=[-0.6042363047599792, -0.014599145390093327, 0.015178694389760494, -0.7965267896652222] status=0x8103
joint_pos=[0.972000002861023, -51.839996337890625, 38.62799835205078, -3.7080001831054688, -18.61199951171875, 29.700000762939453] joint_vel=[-0.0, 0.0, -0.18000000715255737, -1.0800000429153442, -0.0, 0.27000001072883606] imu_ang_vel=[-0.0013848459348082542, 0.01590084284543991, -0.019757989794015884] imu_quat_wxyz=[-0.6044400930404663, -0.014497918076813221, 0.01516176201403141, -0.7963744401931763] status=0x8103
joint_pos=[0.972000002861023, -51.839996337890625, 38.62799835205078, -3.7080001831054688, -18.61199951171875, 29.700000762939453] joint_vel=[-0.18000000715255737, 0.0, 0.0, 0.27000001072883606, -0.0, 0.27000001072883606] imu_ang_vel=[0.005450600758194923, 0.029749277979135513, -0.013277631253004074] imu_quat_wxyz=[-0.6045887470245361, -0.014323607087135315, 0.01501319371163845, -0.796267569065094] status=0x8103
joint_pos=[0.972000002861023, -51.839996337890625, 38.62799835205078, -3.7080001831054688, -18.61199951171875, 29.700000762939453] joint_vel=[0.18000000715255737, 0.0, 0.8999999761581421, -1.9800000190734863, -0.27000001072883606, 0.18000000715255737] imu_ang_vel=[0.013617626391351223, 0.04333140328526497, -0.007063589058816433] imu_quat_wxyz=[-0.6046857833862305, -0.014081008732318878, 0.014717526733875275, -0.7962036728858948] status=0x8103
joint_pos=[0.972000002861023, -51.839996337890625, 38.62799835205078, -3.7080001831054688, -18.61199951171875, 29.700000762939453] joint_vel=[-0.0, 0.0, -0.6299999952316284, 0.36000001430511475, -0.09000000357627869, -0.09000000357627869] imu_ang_vel=[0.021695882081985474, 0.05416158586740494, 0.0015472969971597195] imu_quat_wxyz=[-0.6047197580337524, -0.013795017264783382, 0.014279743656516075, -0.7961909174919128] status=0x8103
joint_pos=[0.972000002861023, -51.839996337890625, 38.62799835205078, -3.7080001831054688, -18.61199951171875, 29.700000762939453] joint_vel=[-0.0, 0.0, 0.0, 0.8999999761581421, 0.18000000715255737, -0.09000000357627869] imu_ang_vel=[0.02737729251384735, 0.05362895503640175, 0.011045904830098152] imu_quat_wxyz=[-0.6027018427848816, -0.013677030801773071, 0.014112120494246483, -0.7977244257926941] status=0x8103
joint_pos=[0.972000002861023, -51.839996337890625, 38.62799835205078, -3.7080001831054688, -18.61199951171875, 29.700000762939453] joint_vel=[-0.18000000715255737, 0.0, -1.53000009059906, 0.0, 0.09000000357627869, -0.18000000715255737] imu_ang_vel=[0.02737729251384735, 0.05362895503640175, 0.011045904830098152] imu_quat_wxyz=[-0.6027018427848816, -0.013677030801773071, 0.014112120494246483, -0.7977244257926941] status=0x8103
joint_pos=[0.972000002861023, -51.839996337890625, 38.62799835205078, -3.7080001831054688, -18.61199951171875, 29.700000762939453] joint_vel=[-0.0, 0.0, 1.1700000762939453, 0.9900000095367432, -0.0, 0.18000000715255737] imu_ang_vel=[0.03660958260297775, 0.03871525451540947, 0.009181691333651543] imu_quat_wxyz=[-0.6025344133377075, -0.01333110872656107, 0.013040267862379551, -0.7978749871253967] status=0x8103
joint_pos=[0.972000002861023, -51.839996337890625, 38.62799835205078, -3.7080001831054688, -18.61199951171875, 29.700000762939453] joint_vel=[-0.0, 0.09000000357627869, 1.0800000429153442, 1.350000023841858, -0.0, -0.0] imu_ang_vel=[0.036875899881124496, 0.028240155428647995, 0.0022574730683118105] imu_quat_wxyz=[-0.6025121808052063, -0.01330817025154829, 0.012572393752634525, -0.7978997826576233] status=0x8103
joint_pos=[0.972000002861023, -51.839996337890625, 38.62799835205078, -3.7080001831054688, -18.61199951171875, 29.700000762939453] joint_vel=[-0.0, 0.0, 0.09000000357627869, -1.440000057220459, -0.09000000357627869, -0.0] imu_ang_vel=[0.025690624490380287, 0.026997346431016922, -0.0085727134719491] imu_quat_wxyz=[-0.6025654673576355, -0.013239951804280281, 0.012180264107882977, -0.7978667616844177] status=0x8103
joint_pos=[0.972000002861023, -51.839996337890625, 38.62799835205078, -3.7080001831054688, -18.61199951171875, 29.700000762939453] joint_vel=[-0.0, 0.18000000715255737, -0.09000000357627869, 0.8999999761581421, -0.0, 0.18000000715255737] imu_ang_vel=[0.015659384429454803, 0.013326453045010567, -0.024019047617912292] imu_quat_wxyz=[-0.6038271188735962, -0.012964067049324512, 0.011679841205477715, -0.7969242930412292] status=0x8103
joint_pos=[0.972000002861023, -51.839996337890625, 38.62799835205078, -3.7080001831054688, -18.61199951171875, 29.700000762939453] joint_vel=[-0.0, 0.0, 0.0, 0.6299999952316284, -0.0, -0.09000000357627869] imu_ang_vel=[0.00864639412611723, -0.009931817650794983, -0.040264323353767395] imu_quat_wxyz=[-0.6041122674942017, -0.013050687499344349, 0.011612876318395138, -0.796707808971405] status=0x8103
joint_pos=[0.972000002861023, -51.839996337890625, 38.62799835205078, -3.7080001831054688, -18.61199951171875, 29.700000762939453] joint_vel=[-0.0, 0.18000000715255737, 0.18000000715255737, 1.619999885559082, -0.0, -0.09000000357627869] imu_ang_vel=[-0.0037816897965967655, -0.03159219026565552, -0.05402398854494095] imu_quat_wxyz=[-0.6045141220092773, -0.013247037306427956, 0.011765096336603165, -0.79639732837677] status=0x8103
joint_pos=[0.972000002861023, -51.839996337890625, 38.62799835205078, -3.7080001831054688, -18.61199951171875, 29.700000762939453] joint_vel=[-0.0, 0.0, -0.09000000357627869, -0.9900000095367432, -0.18000000715255737, -0.27000001072883606] imu_ang_vel=[-0.013457841239869595, -0.03682974353432655, -0.07364261150360107] imu_quat_wxyz=[-0.6050578355789185, -0.013475018553435802, 0.01206690352410078, -0.7959760427474976] status=0x8103
joint_pos=[0.972000002861023, -51.839996337890625, 38.62799835205078, -3.7080001831054688, -18.61199951171875, 29.700000762939453] joint_vel=[0.09000000357627869, 0.18000000715255737, -0.18000000715255737, -0.18000000715255737, -0.0, 0.09000000357627869] imu_ang_vel=[-0.023400306701660156, -0.030349384993314743, -0.08243104815483093] imu_quat_wxyz=[-0.6057044267654419, -0.013651055283844471, 0.012442804872989655, -0.7954753637313843] status=0x8103
joint_pos=[0.972000002861023, -51.839996337890625, 38.62799835205078, -3.7080001831054688, -18.61199951171875, 29.700000762939453] joint_vel=[-0.0, 0.0, 0.8999999761581421, -0.27000001072883606, -0.0, -0.09000000357627869] imu_ang_vel=[-0.03627225011587143, -0.03132587671279907, -0.08944403380155563] imu_quat_wxyz=[-0.6118369698524475, -0.013816816732287407, 0.0121068200096488, -0.7907705307006836] status=0x8103
joint_pos=[0.972000002861023, -51.839996337890625, 38.62799835205078, -3.7080001831054688, -18.61199951171875, 29.700000762939453] joint_vel=[-0.0, 0.0, -0.09000000357627869, -0.44999998807907104, -0.0, -0.0] imu_ang_vel=[-0.03902418538928032, -0.0324799120426178, -0.09432649612426758] imu_quat_wxyz=[-0.6125875115394592, -0.013849199749529362, 0.012613477185368538, -0.7901806831359863] status=0x8103
joint_pos=[0.972000002861023, -51.839996337890625, 38.62799835205078, -3.7080001831054688, -18.61199951171875, 29.700000762939453] joint_vel=[-0.0, 0.0, 0.5400000214576721, -0.09000000357627869, -0.0, -0.27000001072883606] imu_ang_vel=[-0.04142102971673012, -0.03363394737243652, -0.09521421790122986] imu_quat_wxyz=[-0.6133597493171692, -0.013873840682208538, 0.013139563612639904, -0.7895724773406982] status=0x8103
joint_pos=[0.972000002861023, -51.839996337890625, 38.62799835205078, -3.7080001831054688, -18.61199951171875, 29.700000762939453] joint_vel=[-0.0, 0.0, -0.18000000715255737, 0.0, -0.09000000357627869, -0.36000001430511475] imu_ang_vel=[-0.04266383498907089, -0.03194728121161461, -0.09237350523471832] imu_quat_wxyz=[-0.6137387156486511, -0.013879728503525257, 0.013405410572886467, -0.7892735004425049] status=0x8103
joint_pos=[0.972000002861023, -51.839996337890625, 38.62799835205078, -3.7080001831054688, -18.61199951171875, 29.700000762939453] joint_vel=[-0.27000001072883606, 0.0, -0.18000000715255737, 0.09000000357627869, -0.0, -0.0] imu_ang_vel=[-0.040089450776576996, -0.02262621745467186, -0.0747966468334198] imu_quat_wxyz=[-0.6147565245628357, -0.013835903257131577, 0.014159615151584148, -0.7884685397148132] status=0x8103
joint_pos=[0.972000002861023, -51.839996337890625, 38.62799835205078, -3.7080001831054688, -18.61199951171875, 29.700000762939453] joint_vel=[-0.0, 0.0, 0.09000000357627869, 0.0, -0.09000000357627869, 0.18000000715255737] imu_ang_vel=[-0.035029444843530655, -0.01792129874229431, -0.05997171998023987] imu_quat_wxyz=[-0.6151160597801208, -0.014005312696099281, 0.014595982618629932, -0.7881770133972168] status=0x8103
joint_pos=[0.972000002861023, -51.839996337890625, 38.62799835205078, -3.7080001831054688, -18.61199951171875, 29.700000762939453] joint_vel=[-0.09000000357627869, 0.0, -0.7200000286102295, 0.0, -0.0, -0.0] imu_ang_vel=[-0.02597469836473465, -0.012506206519901752, -0.04417029768228531] imu_quat_wxyz=[-0.6155328750610352, -0.013943182304501534, 0.014920578338205814, -0.7878466248512268] status=0x8103
joint_pos=[0.972000002861023, -51.839996337890625, 38.62799835205078, -3.7080001831054688, -18.61199951171875, 29.700000762939453] joint_vel=[-0.0, 0.0, 0.18000000715255737, 0.0, -0.09000000357627869, -0.0] imu_ang_vel=[-0.017896443605422974, -0.010020589455962181, -0.022953784093260765] imu_quat_wxyz=[-0.6157945394515991, -0.013900881633162498, 0.01516937930136919, -0.7876381278038025] status=0x8103
motion_test: joint 6 -> 9.844 deg
joint_pos=[0.972000002861023, -51.839996337890625, 38.62799835205078, -3.7080001831054688, -18.61199951171875, 29.700000762939453] joint_vel=[-0.0, 0.0, 0.0, 0.0, -0.09000000357627869, -0.0] imu_ang_vel=[-0.007953975349664688, -0.005848304368555546, -0.0032463923562318087] imu_quat_wxyz=[-0.615900456905365, -0.013886061497032642, 0.015322492457926273, -0.7875525951385498] status=0x8103
joint_pos=[0.972000002861023, -51.839996337890625, 38.62799835205078, -3.7080001831054688, -18.61199951171875, 29.700000762939453] joint_vel=[0.18000000715255737, 0.0, -1.1700000762939453, -0.27000001072883606, -0.09000000357627869, -0.0] imu_ang_vel=[-0.05047577619552612, 0.003916618879884481, 0.025426972657442093] imu_quat_wxyz=[-0.6158257722854614, -0.013798609375953674, 0.015465617179870605, -0.7876096963882446] status=0x8103
joint_pos=[0.972000002861023, -51.839996337890625, 38.62799835205078, -3.7080001831054688, -18.61199951171875, 22.68000030517578] joint_vel=[-0.27000001072883606, 0.0, -1.0800000429153442, 4.050000190734863, -0.27000001072883606, -492.4800109863281] imu_ang_vel=[-3.037299156188965, -1.036669135093689, -0.31465867161750793] imu_quat_wxyz=[-0.6174642443656921, -0.006464300211519003, 0.030295873060822487, -0.7859887480735779] status=0x8103
joint_pos=[0.6119999885559082, -51.839996337890625, 38.62799835205078, -3.384000062942505, -18.61199951171875, 15.515999794006348] joint_vel=[-61.82999801635742, 0.09000000357627869, 0.36000001430511475, 34.64999771118164, -0.9900000095367432, -362.25] imu_ang_vel=[-0.5630454421043396, -0.6595655083656311, -0.43982723355293274] imu_quat_wxyz=[-0.619107723236084, -0.0028118088375777006, 0.04582502320408821, -0.7839629650115967] status=0x8103
joint_pos=[-0.07199999690055847, -51.839996337890625, 38.62799835205078, -2.6640000343322754, -18.648000717163086, 11.627999305725098] joint_vel=[-8.730000495910645, -0.27000001072883606, 1.350000023841858, 11.880000114440918, -0.8999999761581421, -40.86000061035156] imu_ang_vel=[0.5640042424201965, -1.010481357574463, 0.5379967093467712] imu_quat_wxyz=[-0.6187185645103455, -0.012994627468287945, 0.04868951067328453, -0.7839948534965515] status=0x8103
joint_pos=[-0.0, -51.839996337890625, 38.66400146484375, -2.7720000743865967, -18.648000717163086, 11.231999397277832] joint_vel=[8.460000038146973, -0.5400000214576721, 2.700000047683716, -3.239999771118164, 2.880000114440918, -16.739999771118164] imu_ang_vel=[-0.41657158732414246, -1.1146998405456543, 1.0641485452651978] imu_quat_wxyz=[-0.6145887970924377, -0.016719568520784378, 0.05248464271426201, -0.7869221568107605] status=0x8103
joint_pos=[0.18000000715255737, -51.875999450683594, 38.70000076293945, -3.06000018119812, -18.648000717163086, 10.944000244140625] joint_vel=[7.559999942779541, 0.0, 0.27000001072883606, -5.21999979019165, 0.36000001430511475, -23.040000915527344] imu_ang_vel=[-2.165114164352417, -0.8385298848152161, 2.570876121520996] imu_quat_wxyz=[-0.5889787077903748, -0.004166304599493742, 0.08220691978931427, -0.8039458394050598] status=0x8103
joint_pos=[0.6119999885559082, -51.839996337890625, 38.70000076293945, -3.384000062942505, -18.648000717163086, 10.727999687194824] joint_vel=[10.260000228881836, -0.18000000715255737, 0.36000001430511475, -22.589998245239258, -0.44999998807907104, -4.590000152587891] imu_ang_vel=[-0.9858666658401489, -0.7367971539497375, 0.6168261766433716] imu_quat_wxyz=[-0.5760124921798706, -0.003678307170048356, 0.09917017817497253, -0.8113946914672852] status=0x8103
joint_pos=[0.8640000224113464, -51.839996337890625, 38.70000076293945, -3.6720001697540283, -18.648000717163086, 10.54800033569336] joint_vel=[1.53000009059906, 0.0, 0.27000001072883606, -1.2599999904632568, -0.0, -7.380000114440918] imu_ang_vel=[0.8219757080078125, -1.6337497234344482, 0.0854368656873703] imu_quat_wxyz=[-0.5731858015060425, -0.007510465569794178, 0.10592339932918549, -0.8125157952308655] status=0x8103
joint_pos=[1.2960000038146973, -51.875999450683594, 38.62799835205078, -3.888000011444092, -18.648000717163086, 10.4399995803833] joint_vel=[21.96000099182129, 0.27000001072883606, 3.690000057220459, -23.399999618530273, 2.609999895095825, 3.239999771118164] imu_ang_vel=[-0.30729326605796814, -0.3773592412471771, 0.25161808729171753] imu_quat_wxyz=[-0.5737527012825012, -0.01581166498363018, 0.10730823129415512, -0.811814546585083] status=0x8103
joint_pos=[1.4759999513626099, -51.875999450683594, 38.62799835205078, -3.9240000247955322, -18.648000717163086, 10.692000389099121] joint_vel=[3.9600000381469727, 0.0, 5.940000057220459, 0.5400000214576721, -0.0, 0.5400000214576721] imu_ang_vel=[-0.6851957440376282, 0.1210957020521164, 0.7143867015838623] imu_quat_wxyz=[-0.5677556991577148, -0.011446601711213589, 0.1147371307015419, -0.8150815367698669] status=0x8103
joint_pos=[1.4759999513626099, -51.875999450683594, 38.66400146484375, -3.9240000247955322, -18.648000717163086, 10.54800033569336] joint_vel=[-1.619999885559082, -0.18000000715255737, 2.700000047683716, 0.36000001430511475, 0.9900000095367432, -7.110000133514404] imu_ang_vel=[1.1104847192764282, 0.7361971139907837, 0.6978750824928284] imu_quat_wxyz=[-0.5628432631492615, -0.008909841068089008, 0.10813957452774048, -0.8194108009338379] status=0x8103
joint_pos=[1.440000057220459, -51.875999450683594, 38.555999755859375, -3.888000011444092, -18.648000717163086, 10.4399995803833] joint_vel=[-2.700000047683716, 0.09000000357627869, 3.3299999237060547, 1.350000023841858, -0.18000000715255737, -1.0800000429153442] imu_ang_vel=[0.929478645324707, 0.5022827982902527, 0.11011547595262527] imu_quat_wxyz=[-0.5598554015159607, -0.010229595936834812, 0.0944305881857872, -0.8231282830238342] status=0x8103
joint_pos=[1.3680000305175781, -51.875999450683594, 38.62799835205078, -3.888000011444092, -18.648000717163086, 10.584000587463379] joint_vel=[4.769999980926514, 0.0, 0.809999942779541, 1.0800000429153442, -0.0, 8.010000228881836] imu_ang_vel=[0.3074530363082886, -0.02724236249923706, 0.34527260065078735] imu_quat_wxyz=[-0.5592371821403503, -0.009776606224477291, 0.08910099416971207, -0.8241475820541382] status=0x8103
joint_pos=[1.3320000171661377, -51.875999450683594, 38.62799835205078, -3.8520002365112305, -18.648000717163086, 10.872000694274902] joint_vel=[-2.880000114440918, -0.18000000715255737, 1.7999999523162842, -0.18000000715255737, -2.430000066757202, 6.479999542236328] imu_ang_vel=[-0.1936650574207306, -0.2521906793117523, 0.3814028203487396] imu_quat_wxyz=[-0.5556420087814331, -0.012243668548762798, 0.09068745374679565, -0.826370358467102] status=0x8103
joint_pos=[1.187999963760376, -51.875999450683594, 38.62799835205078, -3.815999984741211, -18.68400001525879, 11.015999794006348] joint_vel=[-7.559999942779541, -0.36000001430511475, 0.36000001430511475, 0.6299999952316284, -1.0800000429153442, 2.1600000858306885] imu_ang_vel=[-0.2348552942276001, -0.13554422557353973, 0.36116278171539307] imu_quat_wxyz=[-0.5541086792945862, -0.012080315500497818, 0.09213867038488388, -0.8272412419319153] status=0x8103
joint_pos=[1.187999963760376, -51.9119987487793, 38.62799835205078, -3.815999984741211, -18.720001220703125, 11.015999794006348] joint_vel=[-2.069999933242798, -0.809999942779541, 0.0, -0.5400000214576721, -1.2599999904632568, 0.18000000715255737] imu_ang_vel=[0.610076904296875, -0.10331998765468597, 1.0631721019744873] imu_quat_wxyz=[-0.5431604385375977, -0.014419336803257465, 0.08997420966625214, -0.8346697092056274] status=0x8103
joint_pos=[1.1519999504089355, -51.9119987487793, 38.62799835205078, -3.815999984741211, -18.756000518798828, 11.052000045776367] joint_vel=[-4.949999809265137, 2.5199999809265137, -0.18000000715255737, 1.709999918937683, -2.3400001525878906, 2.1600000858306885] imu_ang_vel=[0.5142918825149536, 0.10529427230358124, 0.565871000289917] imu_quat_wxyz=[-0.5368286371231079, -0.01684044674038887, 0.08481945097446442, -0.8392478823661804] status=0x8103
joint_pos=[0.972000002861023, -51.947998046875, 38.62799835205078, -3.6720001697540283, -18.827999114990234, 11.088000297546387] joint_vel=[-9.989999771118164, -4.949999809265137, 0.18000000715255737, 1.350000023841858, -2.3400001525878906, 0.18000000715255737] imu_ang_vel=[0.6590790748596191, 0.040845781564712524, 0.9253977537155151] imu_quat_wxyz=[-0.5307113528251648, -0.019485969096422195, 0.08007561415433884, -0.8435364365577698] status=0x8103
joint_pos=[0.8999999761581421, -51.947998046875, 38.62799835205078, -3.7080001831054688, -18.899999618530273, 11.088000297546387] joint_vel=[-0.0, -0.44999998807907104, 0.0, -0.809999942779541, -4.050000190734863, -0.09000000357627869] imu_ang_vel=[0.3455362319946289, 0.07484546303749084, 0.9761754274368286] imu_quat_wxyz=[-0.5221329927444458, -0.020619580522179604, 0.07614126801490784, -0.8492081761360168] status=0x8103
joint_pos=[0.8999999761581421, -51.947998046875, 38.62799835205078, -3.7080001831054688, -18.93600082397461, 11.088000297546387] joint_vel=[-0.09000000357627869, 0.0, -0.09000000357627869, 4.050000190734863, -3.7799999713897705, 0.09000000357627869] imu_ang_vel=[0.6984050273895264, 0.052386146038770676, 1.0104414224624634] imu_quat_wxyz=[-0.5136368274688721, -0.022181328386068344, 0.0713644027709961, -0.8547469973564148] status=0x8103
joint_pos=[0.8999999761581421, -51.98400115966797, 38.62799835205078, -3.7080001831054688, -18.972000122070312, 11.12399959564209] joint_vel=[-1.9800000190734863, -0.18000000715255737, 0.27000001072883606, 5.670000076293945, -0.18000000715255737, 1.0800000429153442] imu_ang_vel=[0.28543758392333984, 0.010041888803243637, 0.9484785199165344] imu_quat_wxyz=[-0.5053068399429321, -0.023530077189207077, 0.06726185232400894, -0.8599925637245178] status=0x8103
joint_pos=[0.8640000224113464, -51.98400115966797, 38.62799835205078, -3.7080001831054688, -19.007999420166016, 11.12399959564209] joint_vel=[-0.27000001072883606, 0.0, 0.09000000357627869, -8.90999984741211, -0.8999999761581421, -0.0] imu_ang_vel=[0.5411897897720337, 0.024689272046089172, 1.0135483741760254] imu_quat_wxyz=[-0.4965676963329315, -0.025042595341801643, 0.06377309560775757, -0.8652898669242859] status=0x8103
joint_pos=[0.8640000224113464, -51.98400115966797, 38.62799835205078, -3.7080001831054688, -19.04400062561035, 11.12399959564209] joint_vel=[-0.5400000214576721, 0.0, 0.0, -2.7899999618530273, -1.7999999523162842, 0.09000000357627869] imu_ang_vel=[0.45268404483795166, 0.0048043392598629, 0.7925060987472534] imu_quat_wxyz=[-0.4891345798969269, -0.02679334208369255, 0.060138095170259476, -0.8697199821472168] status=0x8103
joint_pos=[0.828000009059906, -51.98400115966797, 38.62799835205078, -3.7080001831054688, -19.04400062561035, 11.12399959564209] joint_vel=[-0.8999999761581421, 0.0, 0.0, -0.809999942779541, -0.9900000095367432, -0.0] imu_ang_vel=[0.390898734331131, 0.03587454929947853, 0.7672947645187378] imu_quat_wxyz=[-0.4821445941925049, -0.02840593084692955, 0.05617862194776535, -0.8738270401954651] status=0x8103
joint_pos=[0.828000009059906, -51.98400115966797, 38.62799835205078, -3.7080001831054688, -19.079999923706055, 11.12399959564209] joint_vel=[0.5400000214576721, -0.09000000357627869, 0.0, -1.0800000429153442, -0.0, -0.0] imu_ang_vel=[0.2841947674751282, 0.024866817519068718, 0.8029811382293701] imu_quat_wxyz=[-0.478687584400177, -0.0287946704775095, 0.05488769710063934, -0.8757947683334351] status=0x8103
joint_pos=[0.828000009059906, -51.98400115966797, 38.62799835205078, -3.74399995803833, -19.079999923706055, 11.12399959564209] joint_vel=[0.18000000715255737, 0.0, -0.09000000357627869, -5.760000228881836, 0.809999942779541, -0.0] imu_ang_vel=[0.18876484036445618, -0.0860094502568245, 0.662543773651123] imu_quat_wxyz=[-0.46844223141670227, -0.0303444042801857, 0.05254804342985153, -0.8814079165458679] status=0x8103
joint_pos=[0.8640000224113464, -51.98400115966797, 38.62799835205078, -3.7799999713897705, -19.079999923706055, 11.12399959564209] joint_vel=[0.27000001072883606, 0.0, -0.09000000357627869, -0.9900000095367432, -0.809999942779541, -0.0] imu_ang_vel=[0.12369494140148163, -0.027153588831424713, 0.5927690267562866] imu_quat_wxyz=[-0.46295827627182007, -0.03110317699611187, 0.05144397169351578, -0.8843391537666321] status=0x8103
joint_pos=[0.8640000224113464, -51.98400115966797, 38.62799835205078, -3.7799999713897705, -19.079999923706055, 11.12399959564209] joint_vel=[0.18000000715255737, -0.09000000357627869, 0.0, -0.09000000357627869, 0.27000001072883606, -0.0] imu_ang_vel=[-0.03520698845386505, -0.023158850148320198, 0.5072815418243408] imu_quat_wxyz=[-0.45819205045700073, -0.031167469918727875, 0.051625169813632965, -0.8868052363395691] status=0x8103
joint_pos=[0.8640000224113464, -51.98400115966797, 38.62799835205078, -3.7799999713897705, -19.079999923706055, 11.12399959564209] joint_vel=[0.36000001430511475, 0.0, -0.09000000357627869, -0.44999998807907104, -0.0, -0.0] imu_ang_vel=[-0.11794251948595047, -0.07446908205747604, 0.4635169506072998] imu_quat_wxyz=[-0.45398852229118347, -0.0309863593429327, 0.052740518003702164, -0.88890540599823] status=0x8103
joint_pos=[0.8999999761581421, -51.98400115966797, 38.62799835205078, -3.7799999713897705, -19.079999923706055, 11.12399959564209] joint_vel=[0.7200000286102295, 0.0, 0.0, -0.5400000214576721, 0.5400000214576721, -0.0] imu_ang_vel=[-0.24541914463043213, -0.11468282341957092, 0.3236122131347656] imu_quat_wxyz=[-0.4505593478679657, -0.030820447951555252, 0.055220719426870346, -0.8905038237571716] status=0x8103
joint_pos=[0.8999999761581421, -51.98400115966797, 38.62799835205078, -3.815999984741211, -19.079999923706055, 11.12399959564209] joint_vel=[0.44999998807907104, -0.09000000357627869, 0.0, -0.44999998807907104, -1.0800000429153442, -0.09000000357627869] imu_ang_vel=[-0.20174331963062286, -0.11059930175542831, 0.1529923677444458] imu_quat_wxyz=[-0.44863978028297424, -0.03071332722902298, 0.057657625526189804, -0.8913218379020691] status=0x8103
joint_pos=[0.8999999761581421, -51.98400115966797, 38.62799835205078, -3.815999984741211, -19.079999923706055, 11.12399959564209] joint_vel=[1.1700000762939453, 0.0, 0.0, -0.27000001072883606, 0.7200000286102295, 0.27000001072883606] imu_ang_vel=[-0.25083422660827637, -0.19191446900367737, 0.09529055655002594] imu_quat_wxyz=[-0.45446518063545227, -0.03070933371782303, 0.0597490519285202, -0.8882277607917786] status=0x8103
joint_pos=[0.9359999895095825, -51.98400115966797, 38.62799835205078, -3.815999984741211, -19.079999923706055, 11.12399959564209] joint_vel=[1.619999885559082, 0.0, 0.0, -0.27000001072883606, -1.53000009059906, -0.0] imu_ang_vel=[-0.30933502316474915, -0.39662277698516846, 0.030398206785321236] imu_quat_wxyz=[-0.4538972079753876, -0.03225246071815491, 0.0638813003897667, -0.888175904750824] status=0x8103
joint_pos=[0.972000002861023, -51.98400115966797, 38.62799835205078, -3.815999984741211, -19.079999923706055, 11.12399959564209] joint_vel=[-1.8899999856948853, 0.0, 0.0, 0.18000000715255737, 0.09000000357627869, -0.27000001072883606] imu_ang_vel=[-0.26947635412216187, -0.28086405992507935, -0.012656227685511112] imu_quat_wxyz=[-0.4537530243396759, -0.03403782099485397, 0.06807243078947067, -0.8878715634346008] status=0x8103
joint_pos=[0.972000002861023, -51.98400115966797, 38.62799835205078, -3.815999984741211, -19.079999923706055, 11.088000297546387] joint_vel=[0.5400000214576721, 0.0, 0.0, -0.7200000286102295, -0.0, -0.27000001072883606] imu_ang_vel=[-0.24968022108078003, -0.2002590298652649, -0.03866642713546753] imu_quat_wxyz=[-0.4538742005825043, -0.03443831577897072, 0.06968729197978973, -0.8876689076423645] status=0x8103
joint_pos=[1.0080000162124634, -51.98400115966797, 38.62799835205078, -3.815999984741211, -19.079999923706055, 11.088000297546387] joint_vel=[1.8899999856948853, 0.0, 0.0, -0.44999998807907104, 0.27000001072883606, -0.6299999952316284] imu_ang_vel=[-0.2143489420413971, -0.13705334067344666, -0.046300821006298065] imu_quat_wxyz=[-0.45475077629089355, -0.034996096044778824, 0.07416453957557678, -0.8868352174758911] status=0x8103
joint_pos=[1.0440000295639038, -51.98400115966797, 38.62799835205078, -3.8520002365112305, -19.079999923706055, 11.052000045776367] joint_vel=[2.069999933242798, -0.18000000715255737, 0.0, -0.9900000095367432, 0.7200000286102295, -0.7200000286102295] imu_ang_vel=[-0.19544050097465515, 0.0048043392598629, -0.027214840054512024] imu_quat_wxyz=[-0.4545222818851471, -0.034689322113990784, 0.07622312009334564, -0.8867897987365723] status=0x8103
joint_pos=[1.1160000562667847, -51.98400115966797, 38.62799835205078, -3.888000011444092, -19.04400062561035, 10.980000495910645] joint_vel=[6.390000343322754, 0.0, 0.0, -1.53000009059906, 1.1700000762939453, -2.3400001525878906] imu_ang_vel=[-0.19428646564483643, -0.05520555377006531, -0.051893457770347595] imu_quat_wxyz=[-0.4549035131931305, -0.033742040395736694, 0.07806622982025146, -0.8864704966545105] status=0x8103
joint_pos=[1.187999963760376, -51.98400115966797, 38.62799835205078, -3.9240000247955322, -19.04400062561035, 10.980000495910645] joint_vel=[3.1500000953674316, 0.09000000357627869, -0.09000000357627869, -1.619999885559082, 0.44999998807907104, -0.27000001072883606] imu_ang_vel=[-0.10782250761985779, -0.04730484262108803, -0.09601317346096039] imu_quat_wxyz=[-0.455832302570343, -0.03338445723056793, 0.07934144884347916, -0.8858936429023743] status=0x8103
joint_pos=[1.2599999904632568, -51.98400115966797, 38.62799835205078, -3.9600000381469727, -19.04400062561035, 10.944000244140625] joint_vel=[1.7999999523162842, 0.09000000357627869, 0.0, -1.8899999856948853, -0.0, 0.44999998807907104] imu_ang_vel=[-0.12602077424526215, -0.07224978506565094, -0.1329423189163208] imu_quat_wxyz=[-0.4568907618522644, -0.03365219011902809, 0.08066283166408539, -0.8852185606956482] status=0x8103
joint_pos=[1.2960000038146973, -51.98400115966797, 38.62799835205078, -3.995999813079834, -19.04400062561035, 10.907999992370605] joint_vel=[2.25, -0.27000001072883606, 0.9900000095367432, -3.690000057220459, 0.09000000357627869, -1.53000009059906] imu_ang_vel=[-0.13827131688594818, -0.051122039556503296, -0.05864013731479645] imu_quat_wxyz=[-0.4576839208602905, -0.03375905379652977, 0.08213198184967041, -0.8846695423126221] status=0x8103
joint_pos=[1.403999924659729, -51.98400115966797, 38.62799835205078, -4.0320000648498535, -19.04400062561035, 10.872000694274902] joint_vel=[3.9600000381469727, 0.27000001072883606, 1.350000023841858, -3.509999990463257, 0.09000000357627869, -2.700000047683716] imu_ang_vel=[-0.14741483330726624, -0.09053681790828705, -0.1189163476228714] imu_quat_wxyz=[-0.44937047362327576, -0.03444327786564827, 0.08439674973487854, -0.8886828422546387] status=0x8103
joint_pos=[1.4759999513626099, -51.98400115966797, 38.62799835205078, -4.068000316619873, -19.04400062561035, 10.800000190734863] joint_vel=[1.7999999523162842, 0.0, 0.809999942779541, 0.0, 0.36000001430511475, -4.860000133514404] imu_ang_vel=[-0.0984126627445221, -0.05458414927124977, -0.0773710384964943] imu_quat_wxyz=[-0.45025932788848877, -0.03458854928612709, 0.08575669676065445, -0.8880968689918518] status=0x8103
joint_pos=[1.5119999647140503, -51.98400115966797, 38.62799835205078, -4.068000316619873, -19.04400062561035, 10.763999938964844] joint_vel=[6.839999675750732, 0.0, 1.440000057220459, 0.0, -0.0, -0.809999942779541] imu_ang_vel=[-0.025619609281420708, -0.054495375603437424, -0.10293738543987274] imu_quat_wxyz=[-0.4509974420070648, -0.03480841591954231, 0.08645126223564148, -0.8876463174819946] status=0x8103
joint_pos=[1.5480000972747803, -51.98400115966797, 38.62799835205078, -4.068000316619873, -19.04400062561035, 10.727999687194824] joint_vel=[0.9900000095367432, 0.0, 1.53000009059906, 0.0, -0.0, -0.0] imu_ang_vel=[0.0053618298843503, -0.04961291700601578, -0.12424266338348389] imu_quat_wxyz=[-0.45152023434638977, -0.03509050980210304, 0.08655299246311188, -0.8873594999313354] status=0x8103
joint_pos=[1.5480000972747803, -51.98400115966797, 38.62799835205078, -4.068000316619873, -19.04400062561035, 10.763999938964844] joint_vel=[-0.0, 0.0, -0.09000000357627869, 0.18000000715255737, 0.09000000357627869, 0.09000000357627869] imu_ang_vel=[-0.02269013226032257, -0.0393153578042984, -0.12308863550424576] imu_quat_wxyz=[-0.45327460765838623, -0.03583493083715439, 0.08697116374969482, -0.8863939046859741] status=0x8103
joint_pos=[1.5480000972747803, -51.98400115966797, 38.62799835205078, -4.068000316619873, -19.04400062561035, 10.763999938964844] joint_vel=[-0.0, 0.0, -0.36000001430511475, 0.09000000357627869, 0.09000000357627869, -0.0] imu_ang_vel=[-0.03476312756538391, -0.044109050184488297, -0.10533422231674194] imu_quat_wxyz=[-0.4460080564022064, -0.03686868026852608, 0.088375985622406, -0.8898916840553284] status=0x8103
joint_pos=[1.5480000972747803, -51.98400115966797, 38.62799835205078, -4.0320000648498535, -19.04400062561035, 10.763999938964844] joint_vel=[-0.0, 0.0, 0.09000000357627869, 0.36000001430511475, -0.09000000357627869, 0.36000001430511475] imu_ang_vel=[0.011220782995223999, 0.004182935226708651, -0.10391387343406677] imu_quat_wxyz=[-0.4469159245491028, -0.037089474499225616, 0.08852043002843857, -0.8894126415252686] status=0x8103
joint_pos=[1.5480000972747803, -51.98400115966797, 38.62799835205078, -4.0320000648498535, -19.04400062561035, 10.763999938964844] joint_vel=[-0.809999942779541, 0.0, -0.7200000286102295, 0.8999999761581421, -0.0, 1.2599999904632568] imu_ang_vel=[0.005539372563362122, 0.058866504579782486, -0.15220585465431213] imu_quat_wxyz=[-0.4481351375579834, -0.03695237636566162, 0.08819744735956192, -0.888836681842804] status=0x8103
joint_pos=[1.5119999647140503, -51.98400115966797, 38.62799835205078, -3.995999813079834, -19.04400062561035, 10.800000190734863] joint_vel=[-2.069999933242798, 0.0, 0.09000000357627869, -0.36000001430511475, -0.0, 3.06000018119812] imu_ang_vel=[0.023826410993933678, 0.12233850359916687, -0.12548547983169556] imu_quat_wxyz=[-0.4494996666908264, -0.03614366054534912, 0.08759371936321259, -0.8882405161857605] status=0x8103
joint_pos=[1.4759999513626099, -51.98400115966797, 38.62799835205078, -3.995999813079834, -19.04400062561035, 10.872000694274902] joint_vel=[-0.809999942779541, -0.27000001072883606, 0.0, 0.7200000286102295, -0.0, 1.440000057220459] imu_ang_vel=[0.03119448944926262, 0.15403011441230774, -0.1608167290687561] imu_quat_wxyz=[-0.4508504867553711, -0.03514663875102997, 0.08663157373666763, -0.8876900672912598] status=0x8103
joint_pos=[1.4759999513626099, -51.98400115966797, 38.62799835205078, -3.995999813079834, -19.04400062561035, 10.907999992370605] joint_vel=[-0.9900000095367432, 0.09000000357627869, -0.27000001072883606, 0.09000000357627869, 0.09000000357627869, 1.709999918937683] imu_ang_vel=[0.0274660661816597, 0.15713714063167572, -0.21052907407283783] imu_quat_wxyz=[-0.4559285640716553, -0.03437695652246475, 0.08628083020448685, -0.8851569890975952] status=0x8103
joint_pos=[1.440000057220459, -51.98400115966797, 38.62799835205078, -3.9600000381469727, -19.04400062561035, 10.944000244140625] joint_vel=[-1.9800000190734863, 0.0, 0.0, 0.5400000214576721, -0.0, 0.7200000286102295] imu_ang_vel=[0.08578929305076599, 0.12730973958969116, -0.2551814317703247] imu_quat_wxyz=[-0.45826777815818787, -0.03364803269505501, 0.0850018560886383, -0.8841001987457275] status=0x8103
joint_pos=[1.403999924659729, -51.98400115966797, 38.62799835205078, -3.9600000381469727, -19.04400062561035, 10.980000495910645] joint_vel=[7.650000095367432, -0.09000000357627869, 0.0, 1.0800000429153442, -0.18000000715255737, 1.709999918937683] imu_ang_vel=[0.0880085900425911, 0.12198340892791748, -0.2734684348106384] imu_quat_wxyz=[-0.46073994040489197, -0.03312024101614952, 0.08358364552259445, -0.8829697370529175] status=0x8103
joint_pos=[1.3320000171661377, -51.98400115966797, 38.62799835205078, -3.9240000247955322, -19.04400062561035, 10.980000495910645] joint_vel=[-1.2599999904632568, 0.0, 0.0, 1.2599999904632568, -0.18000000715255737, 0.6299999952316284] imu_ang_vel=[0.11384125053882599, 0.11283989250659943, -0.2808365225791931] imu_quat_wxyz=[-0.4620012640953064, -0.032991502434015274, 0.08281997591257095, -0.8823872804641724] status=0x8103
joint_pos=[1.2960000038146973, -51.98400115966797, 38.62799835205078, -3.9240000247955322, -19.04400062561035, 10.980000495910645] joint_vel=[-1.8899999856948853, -0.18000000715255737, 0.0, 0.27000001072883606, -0.0, 0.6299999952316284] imu_ang_vel=[0.10096929967403412, 0.18945015966892242, -0.2738235294818878] imu_quat_wxyz=[-0.4658639430999756, -0.03198568522930145, 0.07997673004865646, -0.8806539177894592] status=0x8103
joint_pos=[1.2599999904632568, -51.98400115966797, 38.62799835205078, -3.9240000247955322, -19.04400062561035, 11.015999794006348] joint_vel=[-3.5999999046325684, 0.18000000715255737, 0.0, 0.0, -0.0, 0.09000000357627869] imu_ang_vel=[0.103898786008358, 0.1831473410129547, -0.2896249294281006] imu_quat_wxyz=[-0.47209101915359497, -0.03105791099369526, 0.07827509194612503, -0.877518355846405] status=0x8103
joint_pos=[1.2239999771118164, -51.98400115966797, 38.62799835205078, -3.9240000247955322, -19.04400062561035, 11.015999794006348] joint_vel=[1.440000057220459, 0.0, 0.0, 0.0, -0.0, -0.0] imu_ang_vel=[0.09919386357069016, 0.15012416243553162, -0.31909728050231934] imu_quat_wxyz=[-0.4749275743961334, -0.030370203778147697, 0.07653295993804932, -0.8761644959449768] status=0x8103
joint_pos=[1.187999963760376, -51.98400115966797, 38.62799835205078, -3.9240000247955322, -19.04400062561035, 11.015999794006348] joint_vel=[-0.6299999952316284, -0.09000000357627869, -0.18000000715255737, 0.0, -0.0, -0.09000000357627869] imu_ang_vel=[0.07993033528327942, 0.21705827116966248, -0.273202121257782] imu_quat_wxyz=[-0.4776281714439392, -0.029434839263558388, 0.07486733049154282, -0.8748713731765747] status=0x8103
joint_pos=[1.1519999504089355, -51.98400115966797, 38.62799835205078, -3.9240000247955322, -19.04400062561035, 11.015999794006348] joint_vel=[-1.619999885559082, -0.27000001072883606, 0.0, 0.18000000715255737, -0.0, -0.09000000357627869] imu_ang_vel=[0.07522541284561157, 0.2052515745162964, -0.25207439064979553] imu_quat_wxyz=[-0.48004579544067383, -0.028145892545580864, 0.07310672104358673, -0.8737386465072632] status=0x8103
joint_pos=[1.1160000562667847, -51.98400115966797, 38.62799835205078, -3.9240000247955322, -19.04400062561035, 11.015999794006348] joint_vel=[-3.1500000953674316, 0.0, 0.0, 0.27000001072883606, 0.27000001072883606, -0.0] imu_ang_vel=[0.06812365353107452, 0.15039047598838806, -0.2391136735677719] imu_quat_wxyz=[-0.4822903573513031, -0.02708827145397663, 0.0715852901339531, -0.8726614117622375] status=0x8103
joint_pos=[1.0800000429153442, -51.98400115966797, 38.62799835205078, -3.9240000247955322, -19.04400062561035, 11.015999794006348] joint_vel=[-0.0, -0.09000000357627869, 0.0, 0.27000001072883606, -0.0, -0.09000000357627869] imu_ang_vel=[0.08143945783376694, 0.12375885248184204, -0.20573538541793823] imu_quat_wxyz=[-0.4856964647769928, -0.025862431153655052, 0.06951627135276794, -0.870975136756897] status=0x8103
joint_pos=[1.0440000295639038, -51.98400115966797, 38.62799835205078, -3.888000011444092, -19.04400062561035, 11.015999794006348] joint_vel=[-2.430000066757202, 0.27000001072883606, -0.18000000715255737, 0.27000001072883606, -0.0, -0.0] imu_ang_vel=[0.06625944375991821, 0.08718478679656982, -0.1004517674446106] imu_quat_wxyz=[-0.48698708415031433, -0.025404363870620728, 0.06830072402954102, -0.8703638911247253] status=0x8103
joint_pos=[0.972000002861023, -51.98400115966797, 38.62799835205078, -3.888000011444092, -19.04400062561035, 11.015999794006348] joint_vel=[-3.06000018119812, 0.27000001072883606, 0.0, 1.619999885559082, -0.0, 0.09000000357627869] imu_ang_vel=[0.017346052452921867, 0.024156641215085983, -0.019047811627388] imu_quat_wxyz=[-0.4874630272388458, -0.025317439809441566, 0.0678272545337677, -0.8701369762420654] status=0x8103
joint_pos=[0.9359999895095825, -51.98400115966797, 38.62799835205078, -3.888000011444092, -19.04400062561035, 11.015999794006348] joint_vel=[-3.9600000381469727, -0.09000000357627869, 0.09000000357627869, -1.440000057220459, -0.0, 0.36000001430511475] imu_ang_vel=[0.0007456834428012371, -0.07304872572422028, 0.0320848748087883] imu_quat_wxyz=[-0.48729467391967773, -0.025671087205410004, 0.06802187114953995, -0.8702057003974915] status=0x8103
joint_pos=[0.9359999895095825, -51.98400115966797, 38.62799835205078, -3.888000011444092, -19.04400062561035, 11.015999794006348] joint_vel=[-0.0, 0.09000000357627869, 0.09000000357627869, -0.36000001430511475, -0.0, -0.18000000715255737] imu_ang_vel=[-0.003781690262258053, -0.1532098650932312, 0.05436665564775467] imu_quat_wxyz=[-0.4868427515029907, -0.026703467592597008, 0.06865715235471725, -0.8703776597976685] status=0x8103
joint_pos=[0.9359999895095825, -51.98400115966797, 38.62799835205078, -3.888000011444092, -19.04400062561035, 11.015999794006348] joint_vel=[2.3400001525878906, 0.09000000357627869, 0.09000000357627869, -1.440000057220459, -0.0, -0.0] imu_ang_vel=[-0.04266383498907089, -0.17504778504371643, 0.06617332994937897] imu_quat_wxyz=[-0.48804518580436707, -0.02718580886721611, 0.06874781847000122, -0.8696818351745605] status=0x8103
joint_pos=[0.9359999895095825, -51.98400115966797, 38.62799835205078, -3.888000011444092, -19.04400062561035, 11.015999794006348] joint_vel=[-0.6299999952316284, 0.0, -0.18000000715255737, 1.1700000762939453, -0.0, -0.0] imu_ang_vel=[-0.07897159457206726, -0.16661444306373596, 0.07869018614292145] imu_quat_wxyz=[-0.48729851841926575, -0.028317539021372795, 0.07015585899353027, -0.8699520826339722] status=0x8103
joint_pos=[0.9359999895095825, -51.98400115966797, 38.62799835205078, -3.888000011444092, -19.04400062561035, 11.015999794006348] joint_vel=[-0.0, -0.18000000715255737, 0.0, 3.7799999713897705, -0.0, -0.0] imu_ang_vel=[-0.1024961769580841, -0.11051052808761597, 0.07469544559717178] imu_quat_wxyz=[-0.48658546805381775, -0.028969254344701767, 0.07169686257839203, -0.8702039122581482] status=0x8103
joint_pos=[0.9359999895095825, -51.98400115966797, 38.62799835205078, -3.888000011444092, -19.04400062561035, 11.015999794006348] joint_vel=[-0.7200000286102295, 0.18000000715255737, -0.44999998807907104, 3.870000123977661, -0.0, 0.09000000357627869] imu_ang_vel=[-0.11350391805171967, -0.18818604946136475, 0.03217364847660065] imu_quat_wxyz=[-0.4860621392726898, -0.029640808701515198, 0.07336875796318054, -0.8703345060348511] status=0x8103
joint_pos=[0.972000002861023, -51.98400115966797, 38.62799835205078, -3.888000011444092, -19.04400062561035, 11.015999794006348] joint_vel=[0.8999999761581421, -0.09000000357627869, 0.09000000357627869, -3.419999837875366, -0.0, 0.44999998807907104] imu_ang_vel=[-0.09468424320220947, -0.18232709169387817, -0.03209730237722397] imu_quat_wxyz=[-0.4860791563987732, -0.030786534771323204, 0.07518189400434494, -0.8701304197311401] status=0x8103
joint_pos=[0.972000002861023, -51.98400115966797, 38.62799835205078, -3.888000011444092, -19.079999923706055, 11.015999794006348] joint_vel=[-1.440000057220459, 0.0, 0.27000001072883606, -0.44999998807907104, 1.1700000762939453, 0.18000000715255737] imu_ang_vel=[-0.10862144827842712, -0.13598808646202087, -0.034139059484004974] imu_quat_wxyz=[-0.4954453408718109, -0.03146829456090927, 0.07615841925144196, -0.8647217154502869] status=0x8103
joint_pos=[0.972000002861023, -51.98400115966797, 38.62799835205078, -3.888000011444092, -19.079999923706055, 11.015999794006348] joint_vel=[0.09000000357627869, 0.0, 0.0, -0.9900000095367432, -0.0, 0.18000000715255737] imu_ang_vel=[-0.14768114686012268, -0.1044740304350853, -0.029079053550958633] imu_quat_wxyz=[-0.4956662356853485, -0.03185397386550903, 0.07789498567581177, -0.8644262552261353] status=0x8103
joint_pos=[0.972000002861023, -51.98400115966797, 38.62799835205078, -3.888000011444092, -19.079999923706055, 11.015999794006348] joint_vel=[-0.0, 0.18000000715255737, 0.09000000357627869, -0.18000000715255737, 0.18000000715255737, -0.0] imu_ang_vel=[-0.15762361884117126, -0.07446907460689545, -0.031742215156555176] imu_quat_wxyz=[-0.4959533214569092, -0.03180792182683945, 0.0796673521399498, -0.8641017079353333] status=0x8103
motion_test: joint 6 returning to start
joint_pos=[0.972000002861023, -51.98400115966797, 38.62799835205078, -3.888000011444092, -19.079999923706055, 11.015999794006348] joint_vel=[0.18000000715255737, 0.0, 0.18000000715255737, 2.5199999809265137, 0.18000000715255737, 0.09000000357627869] imu_ang_vel=[-0.1286839246749878, -0.06585820019245148, -0.03857766091823578] imu_quat_wxyz=[-0.4962533712387085, -0.031743429601192474, 0.08121529966592789, -0.8637876510620117] status=0x8103
joint_pos=[0.972000002861023, -51.98400115966797, 38.62799835205078, -3.888000011444092, -19.079999923706055, 11.015999794006348] joint_vel=[-0.0, 0.0, 0.09000000357627869, 2.069999933242798, 1.8899999856948853, -0.0] imu_ang_vel=[0.02187342941761017, -0.05529432371258736, -0.06671839207410812] imu_quat_wxyz=[-0.4967605173587799, -0.03193332627415657, 0.08217305690050125, -0.8633984923362732] status=0x8103
joint_pos=[0.972000002861023, -51.98400115966797, 38.62799835205078, -3.888000011444092, -19.079999923706055, 18.61199951171875] joint_vel=[0.5400000214576721, 0.09000000357627869, 0.09000000357627869, -0.44999998807907104, -0.36000001430511475, 567.7200317382812] imu_ang_vel=[0.3379906117916107, 0.007911359891295433, -0.04754363000392914] imu_quat_wxyz=[-0.4962288439273834, -0.03289531543850899, 0.08116981387138367, -0.8637628555297852] status=0x8103
joint_pos=[1.0080000162124634, -51.98400115966797, 38.62799835205078, -3.888000011444092, -19.04400062561035, 28.799999237060547] joint_vel=[2.609999895095825, 0.0, 0.36000001430511475, 2.700000047683716, 0.8999999761581421, 470.6100158691406] imu_ang_vel=[0.4248984456062317, 0.6215924024581909, -0.0653868168592453] imu_quat_wxyz=[-0.49726271629333496, -0.03229379281401634, 0.0734434649348259, -0.8638824224472046] status=0x8103
joint_pos=[1.1519999504089355, -51.98400115966797, 38.62799835205078, -3.9600000381469727, -19.04400062561035, 33.012001037597656] joint_vel=[12.15000057220459, 0.09000000357627869, -0.6299999952316284, -5.760000228881836, 0.5400000214576721, -29.700000762939453] imu_ang_vel=[0.5438529253005981, 0.5661098957061768, -0.20786592364311218] imu_quat_wxyz=[-0.4977547526359558, -0.02997628040611744, 0.06661304831504822, -0.8642362952232361] status=0x8103
joint_pos=[1.440000057220459, -51.98400115966797, 38.62799835205078, -4.211999893188477, -19.007999420166016, 32.327999114990234] joint_vel=[7.740000247955322, -0.18000000715255737, 2.430000066757202, -5.940000057220459, 1.350000023841858, -45.45000076293945] imu_ang_vel=[0.13372617959976196, 0.3432920575141907, -0.5448445677757263] imu_quat_wxyz=[-0.5027455687522888, -0.028025494888424873, 0.060435302555561066, -0.8618637919425964] status=0x8103
joint_pos=[1.5480000972747803, -51.98400115966797, 38.62799835205078, -4.248000144958496, -19.007999420166016, 31.57200050354004] joint_vel=[-2.1600000858306885, -0.27000001072883606, -0.44999998807907104, -0.44999998807907104, 0.18000000715255737, -26.3700008392334] imu_ang_vel=[-0.031833648681640625, -0.27846720814704895, 0.5821163654327393] imu_quat_wxyz=[-0.4995323419570923, -0.027917055413126945, 0.06182030588388443, -0.8636355400085449] status=0x8103
joint_pos=[1.5119999647140503, -51.98400115966797, 38.62799835205078, -4.211999893188477, -18.972000122070312, 31.248001098632812] joint_vel=[-1.53000009059906, -0.18000000715255737, -0.9900000095367432, 3.9600000381469727, -6.750000476837158, -9.0] imu_ang_vel=[0.0623534731566906, -0.05289747938513756, 0.14020919799804688] imu_quat_wxyz=[-0.4986186623573303, -0.028808334842324257, 0.06324782967567444, -0.8640307784080505] status=0x8103
joint_pos=[1.4759999513626099, -51.98400115966797, 38.62799835205078, -4.104000091552734, -18.93600082397461, 30.923999786376953] joint_vel=[-1.9800000190734863, 0.0, 1.619999885559082, 3.239999771118164, 1.709999918937683, -29.700000762939453] imu_ang_vel=[0.5607196092605591, -0.09382139146327972, -0.3627731204032898] imu_quat_wxyz=[-0.49992862343788147, -0.03232566639780998, 0.05876067653298378, -0.8634660840034485] status=0x8103
joint_pos=[1.403999924659729, -51.98400115966797, 38.62799835205078, -3.995999813079834, -18.93600082397461, 30.600000381469727] joint_vel=[-9.899999618530273, 0.0, -1.1700000762939453, 2.880000114440918, 0.09000000357627869, -7.920000076293945] imu_ang_vel=[0.4612949788570404, -0.10145577788352966, -0.03848888725042343] imu_quat_wxyz=[-0.5006461143493652, -0.03560100868344307, 0.05528094619512558, -0.8631513118743896] status=0x8103
joint_pos=[1.3320000171661377, -51.98400115966797, 38.62799835205078, -3.9600000381469727, -18.93600082397461, 30.45600128173828] joint_vel=[-0.6299999952316284, 0.09000000357627869, 0.8999999761581421, 3.06000018119812, -0.0, -5.490000247955322] imu_ang_vel=[0.1457991749048233, 0.23507899045944214, 0.6084816455841064] imu_quat_wxyz=[-0.49724259972572327, -0.03593027591705322, 0.05232846364378929, -0.8652864694595337] status=0x8103
joint_pos=[1.2960000038146973, -51.98400115966797, 38.62799835205078, -3.888000011444092, -18.93600082397461, 30.2760009765625] joint_vel=[-1.2599999904632568, -0.09000000357627869, 0.0, -5.130000114440918, 0.27000001072883606, -6.659999847412109] imu_ang_vel=[0.08214963972568512, 0.044929295778274536, 0.6752382516860962] imu_quat_wxyz=[-0.4913363754749298, -0.03464965894818306, 0.05137146636843681, -0.8687629103660583] status=0x8103
joint_pos=[1.2960000038146973, -51.98400115966797, 38.62799835205078, -3.888000011444092, -18.93600082397461, 30.168001174926758] joint_vel=[-0.0, 0.0, 0.0, -2.700000047683716, -0.0, -1.53000009059906] imu_ang_vel=[0.17855605483055115, 0.043065086007118225, 0.6154058575630188] imu_quat_wxyz=[-0.4886265993118286, -0.034702789038419724, 0.050714630633592606, -0.8703263998031616] status=0x8103
joint_pos=[1.2960000038146973, -51.98400115966797, 38.62799835205078, -3.888000011444092, -18.93600082397461, 30.059999465942383] joint_vel=[-0.18000000715255737, 0.0, -0.09000000357627869, 1.0800000429153442, 0.09000000357627869, -18.810001373291016] imu_ang_vel=[0.23244066536426544, 0.05158719792962074, 0.4520653486251831] imu_quat_wxyz=[-0.4821271598339081, -0.03508315235376358, 0.04745454713702202, -0.8741114139556885] status=0x8103
joint_pos=[1.2960000038146973, -51.98400115966797, 38.62799835205078, -3.888000011444092, -18.93600082397461, 30.024002075195312] joint_vel=[-0.8999999761581421, 0.0, 0.44999998807907104, -0.8999999761581421, 0.09000000357627869, -2.25] imu_ang_vel=[0.18947499990463257, 0.019007865339517593, 0.4476267397403717] imu_quat_wxyz=[-0.47801294922828674, -0.0357707217335701, 0.04566309601068497, -0.8764354586601257] status=0x8103
joint_pos=[1.2960000038146973, -51.98400115966797, 38.62799835205078, -3.888000011444092, -18.93600082397461, 29.95199966430664] joint_vel=[-0.44999998807907104, 0.0, 0.09000000357627869, -1.7999999523162842, 0.18000000715255737, -2.069999933242798] imu_ang_vel=[0.16080164909362793, 0.05256368964910507, 0.4322691559791565] imu_quat_wxyz=[-0.4741377830505371, -0.03596450388431549, 0.04413902387022972, -0.8786079287528992] status=0x8103
joint_pos=[1.2599999904632568, -51.98400115966797, 38.62799835205078, -3.8520002365112305, -18.93600082397461, 29.916000366210938] joint_vel=[-0.36000001430511475, 0.0, -1.2599999904632568, 1.350000023841858, 0.27000001072883606, -1.2599999904632568] imu_ang_vel=[0.12378370761871338, 0.06543563306331635, 0.42685407400131226] imu_quat_wxyz=[-0.4703684449195862, -0.03591250628232956, 0.04275744408369064, -0.8807017803192139] status=0x8103
joint_pos=[1.2599999904632568, -51.98400115966797, 38.62799835205078, -3.888000011444092, -18.93600082397461, 29.8799991607666] joint_vel=[-0.0, 0.0, 0.18000000715255737, -2.430000066757202, 0.27000001072883606, -0.9900000095367432] imu_ang_vel=[0.11011283099651337, 0.08452162146568298, 0.3246774673461914] imu_quat_wxyz=[-0.46713635325431824, -0.035606499761343, 0.04159121215343475, -0.8824885487556458] status=0x8103
joint_pos=[1.2599999904632568, -51.98400115966797, 38.62799835205078, -3.888000011444092, -18.93600082397461, 29.8799991607666] joint_vel=[-0.0, 0.0, 0.7200000286102295, -0.27000001072883606, 0.18000000715255737, -1.350000023841858] imu_ang_vel=[0.08135068416595459, 0.028151381760835648, 0.2622707486152649] imu_quat_wxyz=[-0.4646430015563965, -0.03551157936453819, 0.040585000067949295, -0.8838545083999634] status=0x8103
joint_pos=[1.2599999904632568, -51.98400115966797, 38.62799835205078, -3.888000011444092, -18.93600082397461, 29.84400177001953] joint_vel=[-0.0, 0.0, 1.0800000429153442, -0.9900000095367432, -0.0, -0.6299999952316284] imu_ang_vel=[0.01814500242471695, -0.006913568824529648, 0.22427630424499512] imu_quat_wxyz=[-0.4625473618507385, -0.03557209298014641, 0.04033719375729561, -0.8849619030952454] status=0x8103
joint_pos=[1.2599999904632568, -51.98400115966797, 38.62799835205078, -3.888000011444092, -18.93600082397461, 29.84400177001953] joint_vel=[-0.0, 0.0, 1.350000023841858, 4.050000190734863, 0.09000000357627869, -0.36000001430511475] imu_ang_vel=[-0.01416801754385233, -0.007357429247349501, 0.15583306550979614] imu_quat_wxyz=[-0.4609370827674866, -0.03552669659256935, 0.04048917070031166, -0.8857965469360352] status=0x8103
joint_pos=[1.2599999904632568, -51.98400115966797, 38.62799835205078, -3.888000011444092, -18.93600082397461, 29.84400177001953] joint_vel=[-0.0, 0.0, 0.7200000286102295, -1.9800000190734863, -0.0, -0.0] imu_ang_vel=[-0.01807398721575737, -0.003806547960266471, 0.09253862500190735] imu_quat_wxyz=[-0.45996299386024475, -0.035415735095739365, 0.04075703024864197, -0.8862950205802917] status=0x8103
joint_pos=[1.2599999904632568, -51.98400115966797, 38.62799835205078, -3.888000011444092, -18.899999618530273, 29.84400177001953] joint_vel=[-0.0, 0.0, 0.0, -0.44999998807907104, -0.0, 0.27000001072883606] imu_ang_vel=[-0.015144510194659233, -0.02404657006263733, 0.02826767787337303] imu_quat_wxyz=[-0.4595264792442322, -0.03541434556245804, 0.040937744081020355, -0.8865130543708801] status=0x8103
joint_pos=[1.2599999904632568, -51.98400115966797, 38.62799835205078, -3.888000011444092, -18.899999618530273, 29.84400177001953] joint_vel=[0.09000000357627869, 0.0, -0.8999999761581421, 3.870000123977661, -0.0, -0.0] imu_ang_vel=[-0.027572594583034515, -0.03647465631365776, 0.017792578786611557] imu_quat_wxyz=[-0.4593425989151001, -0.03552230820059776, 0.041257135570049286, -0.8865892291069031] status=0x8103
joint_pos=[1.2599999904632568, -51.98400115966797, 38.62799835205078, -3.888000011444092, -18.899999618530273, 29.84400177001953] joint_vel=[-0.0, 0.0, -1.350000023841858, 4.320000171661377, 0.18000000715255737, -0.0] imu_ang_vel=[-0.025175750255584717, -0.046150803565979004, 0.030486978590488434] imu_quat_wxyz=[-0.4592318534851074, -0.03564948961138725, 0.04148804396390915, -0.886630654335022] status=0x8103
joint_pos=[1.2599999904632568, -51.98400115966797, 38.62799835205078, -3.888000011444092, -18.899999618530273, 29.84400177001953] joint_vel=[-0.18000000715255737, 0.0, 0.36000001430511475, -0.44999998807907104, -0.27000001072883606, 0.09000000357627869] imu_ang_vel=[-0.022512588649988174, -0.05564941465854645, 0.03865400701761246] imu_quat_wxyz=[-0.4587591588497162, -0.03616924583911896, 0.042154114693403244, -0.8868229389190674] status=0x8103
joint_pos=[1.2599999904632568, -51.98400115966797, 38.62799835205078, -3.888000011444092, -18.899999618530273, 29.84400177001953] joint_vel=[-0.0, 0.0, 0.36000001430511475, -4.320000171661377, 0.09000000357627869, -0.0] imu_ang_vel=[0.00793621689081192, -0.030349384993314743, 0.04069576412439346] imu_quat_wxyz=[-0.4584103226661682, -0.036498431116342545, 0.04241855442523956, -0.8869771957397461] status=0x8103
joint_pos=[1.2599999904632568, -51.98400115966797, 38.62799835205078, -3.888000011444092, -18.899999618530273, 29.84400177001953] joint_vel=[-0.0, 0.0, 0.0, -0.7200000286102295, 0.5400000214576721, -0.09000000357627869] imu_ang_vel=[0.020364299416542053, -0.01614585891366005, 0.04726489260792732] imu_quat_wxyz=[-0.45009884238243103, -0.03680500015616417, 0.042906370013952255, -0.8911877274513245] status=0x8103
joint_pos=[1.2599999904632568, -51.98400115966797, 38.62799835205078, -3.888000011444092, -18.899999618530273, 29.84400177001953] joint_vel=[-0.0, 0.0, 0.27000001072883606, 3.690000057220459, -0.0, -0.0] imu_ang_vel=[0.02595693990588188, -0.014015330001711845, 0.06972421705722809] imu_quat_wxyz=[-0.44958531856536865, -0.03702324628829956, 0.042789261788129807, -0.8914434909820557] status=0x8103
joint_pos=[1.2599999904632568, -51.98400115966797, 38.62799835205078, -3.888000011444092, -18.899999618530273, 29.84400177001953] joint_vel=[-0.0, 0.0, 0.0, -1.9800000190734863, -0.44999998807907104, -0.0] imu_ang_vel=[0.00864639412611723, -0.01499182265251875, 0.08055440336465836] imu_quat_wxyz=[-0.4488793611526489, -0.037219878286123276, 0.042741455137729645, -0.8917933106422424] status=0x8103
joint_pos=[1.2599999904632568, -51.98400115966797, 38.62799835205078, -3.888000011444092, -18.899999618530273, 29.84400177001953] joint_vel=[-0.0, 0.18000000715255737, 0.27000001072883606, 0.18000000715255737, -0.0, -0.0] imu_ang_vel=[0.010510607622563839, -0.001587247010320425, 0.042826294898986816] imu_quat_wxyz=[-0.4483674466609955, -0.03730287030339241, 0.04272880777716637, -0.8920479416847229] status=0x8103
joint_pos=[1.2599999904632568, -51.98400115966797, 38.62799835205078, -3.888000011444092, -18.899999618530273, 29.84400177001953] joint_vel=[-0.0, 0.0, -0.44999998807907104, 3.419999837875366, -0.0, -0.0] imu_ang_vel=[-0.009906959719955921, 0.007911359891295433, -0.005554465111345053] imu_quat_wxyz=[-0.44829973578453064, -0.03728095069527626, 0.04273361712694168, -0.8920826315879822] status=0x8103
joint_pos=[1.2599999904632568, -51.98400115966797, 38.62799835205078, -3.888000011444092, -18.899999618530273, 29.84400177001953] joint_vel=[-0.0, 0.0, -0.6299999952316284, 0.8999999761581421, -0.5400000214576721, -0.0] imu_ang_vel=[-0.025797152891755104, 0.012527505867183208, -0.05038433521986008] imu_quat_wxyz=[-0.4474802315235138, -0.03721132129430771, 0.043038997799158096, -0.8924821615219116] status=0x8103
joint_pos=[1.2599999904632568, -51.98400115966797, 38.62799835205078, -3.888000011444092, -18.899999618530273, 29.84400177001953] joint_vel=[-0.0, 0.0, 1.0800000429153442, -2.3400001525878906, -0.0, -0.0] imu_ang_vel=[-0.006888710893690586, 0.05691351741552353, -0.12939144670963287] imu_quat_wxyz=[-0.44841134548187256, -0.03684854134917259, 0.04296876862645149, -0.8920332193374634] status=0x8103
joint_pos=[1.2599999904632568, -51.98400115966797, 38.62799835205078, -3.888000011444092, -18.899999618530273, 29.84400177001953] joint_vel=[-0.0, 0.0, -0.5400000214576721, 3.7799999713897705, -0.0, -0.0] imu_ang_vel=[-0.004136777948588133, 0.07138335704803467, -0.15904131531715393] imu_quat_wxyz=[-0.44911572337150574, -0.03656943887472153, 0.04281556233763695, -0.8916977047920227] status=0x8103
joint_pos=[1.2599999904632568, -51.98400115966797, 38.62799835205078, -3.888000011444092, -18.899999618530273, 29.84400177001953] joint_vel=[-0.0, 0.0, -0.18000000715255737, -0.18000000715255737, 0.09000000357627869, -0.0] imu_ang_vel=[-0.017452582716941833, 0.10511673241853714, -0.18895748257637024] imu_quat_wxyz=[-0.45165789127349854, -0.03534447029232979, 0.04229002073407173, -0.8904871940612793] status=0x8103
joint_pos=[1.2599999904632568, -51.98400115966797, 38.62799835205078, -3.888000011444092, -18.899999618530273, 29.84400177001953] joint_vel=[-0.18000000715255737, 0.0, -0.18000000715255737, 1.2599999904632568, -0.0, -0.0] imu_ang_vel=[-0.04417296126484871, 0.10254234075546265, -0.15149569511413574] imu_quat_wxyz=[-0.4532143473625183, -0.03437257558107376, 0.04213279113173485, -0.8897416591644287] status=0x8103
joint_pos=[1.2599999904632568, -51.98400115966797, 38.62799835205078, -3.888000011444092, -18.899999618530273, 29.84400177001953] joint_vel=[-0.18000000715255737, 0.18000000715255737, 0.36000001430511475, -3.3299999237060547, 0.18000000715255737, -0.0] imu_ang_vel=[0.363823264837265, -0.015169366262853146, -0.32247060537338257] imu_quat_wxyz=[-0.45780086517333984, -0.035732097923755646, 0.040652524679899216, -0.8874057531356812] status=0x8103
joint_pos=[1.2239999771118164, -51.98400115966797, 38.62799835205078, -3.8520002365112305, -18.899999618530273, 29.84400177001953] joint_vel=[-5.309999942779541, 0.0, -0.6299999952316284, 1.350000023841858, -0.0, -0.0] imu_ang_vel=[0.17243078351020813, 0.3409839868545532, -0.09849877655506134] imu_quat_wxyz=[-0.45972922444343567, -0.03491319715976715, 0.03675692901015282, -0.8866111040115356] status=0x8103
joint_pos=[1.2599999904632568, -51.98400115966797, 38.62799835205078, -3.8520002365112305, -18.899999618530273, 29.84400177001953] joint_vel=[-0.18000000715255737, 0.0, 0.0, -0.44999998807907104, 0.27000001072883606, -0.0] imu_ang_vel=[0.13789847493171692, 0.015545753762125969, 0.22631807625293732] imu_quat_wxyz=[-0.4589272439479828, -0.035371337085962296, 0.03544071316719055, -0.8870617747306824] status=0x8103
joint_pos=[1.2599999904632568, -51.98400115966797, 38.62799835205078, -3.8520002365112305, -18.899999618530273, 29.84400177001953] joint_vel=[0.36000001430511475, 0.0, 0.0, -0.36000001430511475, 0.09000000357627869, -0.0] imu_ang_vel=[0.13887494802474976, 0.04759245365858078, 0.37385720014572144] imu_quat_wxyz=[-0.4558831751346588, -0.035562559962272644, 0.03409787267446518, -0.8886749744415283] status=0x8103
joint_pos=[1.2599999904632568, -51.98400115966797, 38.62799835205078, -3.888000011444092, -18.899999618530273, 29.84400177001953] joint_vel=[0.36000001430511475, 0.0, 0.18000000715255737, -2.9700000286102295, -0.18000000715255737, -0.0] imu_ang_vel=[0.12902125716209412, 0.12180586159229279, 0.4900597631931305] imu_quat_wxyz=[-0.4519878029823303, -0.03502677381038666, 0.0326106883585453, -0.8907395005226135] status=0x8103
joint_pos=[1.2599999904632568, -51.98400115966797, 38.62799835205078, -3.888000011444092, -18.899999618530273, 29.84400177001953] joint_vel=[-0.0, 0.0, 0.09000000357627869, -2.5199999809265137, -0.0, -0.0] imu_ang_vel=[0.078598752617836, 0.0788402110338211, 0.6869561672210693] imu_quat_wxyz=[-0.44651761651039124, -0.03442344814538956, 0.031517986208200455, -0.8935567140579224] status=0x8103
joint_pos=[1.2599999904632568, -51.98400115966797, 38.62799835205078, -3.9240000247955322, -18.899999618530273, 29.84400177001953] joint_vel=[1.0800000429153442, 0.18000000715255737, 0.0, -1.9800000190734863, -0.09000000357627869, 0.09000000357627869] imu_ang_vel=[0.16355356574058533, 0.07848512381315231, 0.6644080281257629] imu_quat_wxyz=[-0.4402483403682709, -0.03412935510277748, 0.03046894259750843, -0.8967097997665405] status=0x8103
joint_pos=[1.2960000038146973, -51.98400115966797, 38.62799835205078, -3.9600000381469727, -18.899999618530273, 29.84400177001953] joint_vel=[1.7999999523162842, 0.0, 0.0, -2.700000047683716, -0.0, -0.0] imu_ang_vel=[0.2482421100139618, -0.022892534732818604, 0.5007123947143555] imu_quat_wxyz=[-0.4352033734321594, -0.03474322706460953, 0.028432656079530716, -0.8992121815681458] status=0x8103
joint_pos=[1.2960000038146973, -51.98400115966797, 38.62799835205078, -3.995999813079834, -18.899999618530273, 29.84400177001953] joint_vel=[0.18000000715255737, 0.0, 0.0, -0.09000000357627869, -0.09000000357627869, -0.0] imu_ang_vel=[0.22631539404392242, -0.03656342625617981, 0.49733906984329224] imu_quat_wxyz=[-0.4329456090927124, -0.03535512462258339, 0.027568621560931206, -0.9003044962882996] status=0x8103
joint_pos=[1.2960000038146973, -51.98400115966797, 38.62799835205078, -3.995999813079834, -18.899999618530273, 29.84400177001953] joint_vel=[-0.0, 0.0, 0.0, 0.09000000357627869, -0.09000000357627869, 0.27000001072883606] imu_ang_vel=[0.14686444401741028, -0.042777467519044876, 0.4601435959339142] imu_quat_wxyz=[-0.42649728059768677, -0.03679043799638748, 0.025948945432901382, -0.903367817401886] status=0x8103
joint_pos=[1.2960000038146973, -51.98400115966797, 38.62799835205078, -3.995999813079834, -18.899999618530273, 29.84400177001953] joint_vel=[-0.5400000214576721, 0.0, 0.0, 0.6299999952316284, 0.09000000357627869, -0.0] imu_ang_vel=[0.1533447802066803, -0.04694975167512894, 0.4524204134941101] imu_quat_wxyz=[-0.4222879707813263, -0.0378061942756176, 0.024949952960014343, -0.9053292870521545] status=0x8103
joint_pos=[1.2960000038146973, -51.98400115966797, 38.62799835205078, -3.995999813079834, -18.899999618530273, 29.84400177001953] joint_vel=[-0.0, 0.0, 0.0, 0.27000001072883606, -0.18000000715255737, 0.09000000357627869] imu_ang_vel=[0.0739826112985611, -0.01934165135025978, 0.4577467441558838] imu_quat_wxyz=[-0.4181866943836212, -0.03849966824054718, 0.02411101572215557, -0.9072246551513672] status=0x8103
joint_pos=[1.2960000038146973, -51.98400115966797, 38.62799835205078, -3.995999813079834, -18.899999618530273, 29.84400177001953] joint_vel=[-0.0, 0.0, 0.0, 0.27000001072883606, -0.18000000715255737, 0.09000000357627869] imu_ang_vel=[0.25019508600234985, -0.1089126318693161, 0.3460715413093567] imu_quat_wxyz=[-0.41440051794052124, -0.03957997262477875, 0.023030497133731842, -0.9089418649673462] status=0x8103
joint_pos=[1.2960000038146973, -51.98400115966797, 38.62799835205078, -3.995999813079834, -18.899999618530273, 29.84400177001953] joint_vel=[-0.0, 0.0, 0.0, 0.27000001072883606, -0.18000000715255737, 0.09000000357627869] imu_ang_vel=[0.15600796043872833, -0.12853124737739563, 0.43510985374450684] imu_quat_wxyz=[-0.4108351767063141, -0.04139811918139458, 0.021762212738394737, -0.9105093479156494] status=0x8103
joint_pos=[1.2960000038146973, -51.98400115966797, 38.62799835205078, -3.995999813079834, -18.899999618530273, 29.84400177001953] joint_vel=[-0.0, 0.0, 0.0, 0.27000001072883606, -0.18000000715255737, 0.09000000357627869] imu_ang_vel=[0.058358728885650635, -0.26959002017974854, 0.47701025009155273] imu_quat_wxyz=[-0.4065077602863312, -0.043750230222940445, 0.022198595106601715, -0.9123292565345764] status=0x8003
joint_pos=[1.2960000038146973, -51.98400115966797, 38.62799835205078, -3.995999813079834, -18.899999618530273, 29.84400177001953] joint_vel=[-0.0, 0.0, 0.0, 0.27000001072883606, -0.18000000715255737, 0.09000000357627869] imu_ang_vel=[0.10043667256832123, -0.21685940027236938, 0.4452298879623413] imu_quat_wxyz=[-0.40219947695732117, -0.04626067355275154, 0.02261842042207718, -0.9141027927398682] status=0x8003
joint_pos=[1.2960000038146973, -51.98400115966797, 38.62799835205078, -3.995999813079834, -18.899999618530273, 29.84400177001953] joint_vel=[-0.0, 0.0, 0.0, 0.27000001072883606, -0.18000000715255737, 0.09000000357627869] imu_ang_vel=[0.11890125274658203, -0.07127329707145691, 0.49680644273757935] imu_quat_wxyz=[-0.39787977933883667, -0.04776521027088165, 0.022244395688176155, -0.9159232378005981] status=0x8003
joint_pos=[1.2960000038146973, -51.98400115966797, 38.62799835205078, -3.995999813079834, -18.899999618530273, 29.84400177001953] joint_vel=[-0.0, 0.0, 0.0, 0.27000001072883606, -0.18000000715255737, 0.09000000357627869] imu_ang_vel=[0.0970633327960968, 0.09535180777311325, 0.6905070543289185] imu_quat_wxyz=[-0.39224153757095337, -0.04776524752378464, 0.02150944247841835, -0.9183694124221802] status=0x8003
joint_pos=[1.2960000038146973, -51.98400115966797, 38.62799835205078, -3.995999813079834, -18.899999618530273, 29.84400177001953] joint_vel=[-0.0, 0.0, 0.0, 0.27000001072883606, -0.18000000715255737, 0.09000000357627869] imu_ang_vel=[0.08862999081611633, 0.16308486461639404, 0.7701355218887329] imu_quat_wxyz=[-0.38879650831222534, -0.04721010476350784, 0.02099584974348545, -0.9198737144470215] status=0x8003
joint_pos=[1.2960000038146973, -51.98400115966797, 38.62799835205078, -3.995999813079834, -18.899999618530273, 29.84400177001953] joint_vel=[-0.0, 0.0, 0.0, 0.27000001072883606, -0.18000000715255737, 0.09000000357627869] imu_ang_vel=[0.1687023639678955, 0.26739197969436646, 1.0174543857574463] imu_quat_wxyz=[-0.37609225511550903, -0.04461554437875748, 0.018554361537098885, -0.9253214597702026] status=0x8003
joint_pos=[1.2960000038146973, -51.98400115966797, 38.62799835205078, -3.995999813079834, -18.899999618530273, 29.84400177001953] joint_vel=[-0.0, 0.0, 0.0, 0.27000001072883606, -0.18000000715255737, 0.09000000357627869] imu_ang_vel=[0.21175679564476013, 0.35749560594558716, 1.1575367450714111] imu_quat_wxyz=[-0.36463016271591187, -0.04273747280240059, 0.01680666022002697, -0.9300193190574646] status=0x8003
joint_pos=[1.2960000038146973, -51.98400115966797, 38.62799835205078, -3.995999813079834, -18.899999618530273, 29.84400177001953] joint_vel=[-0.0, 0.0, 0.0, 0.27000001072883606, -0.18000000715255737, 0.09000000357627869] imu_ang_vel=[0.2131771445274353, 0.4598497450351715, 1.3052533864974976] imu_quat_wxyz=[-0.3529774248600006, -0.039465516805648804, 0.013842704705893993, -0.9346967339515686] status=0x8003
joint_pos=[1.2960000038146973, -51.98400115966797, 38.62799835205078, -3.995999813079834, -18.899999618530273, 29.84400177001953] joint_vel=[-0.0, 0.0, 0.0, 0.27000001072883606, -0.18000000715255737, 0.09000000357627869] imu_ang_vel=[0.23155292868614197, 0.4895883798599243, 1.3934040069580078] imu_quat_wxyz=[-0.3401130735874176, -0.03543837368488312, 0.010643662884831429, -0.9396563172340393] status=0x8003
joint_pos=[1.2960000038146973, -51.98400115966797, 38.62799835205078, -3.995999813079834, -18.899999618530273, 29.84400177001953] joint_vel=[-0.0, 0.0, 0.0, 0.27000001072883606, -0.18000000715255737, 0.09000000357627869] imu_ang_vel=[0.23838838934898376, 0.4192809462547302, 1.404855489730835] imu_quat_wxyz=[-0.32697105407714844, -0.03184215724468231, 0.0071981558576226234, -0.9444703459739685] status=0x8003
joint_pos=[1.2960000038146973, -51.98400115966797, 38.62799835205078, -3.995999813079834, -18.899999618530273, 29.84400177001953] joint_vel=[-0.0, 0.0, 0.0, 0.27000001072883606, -0.18000000715255737, 0.09000000357627869] imu_ang_vel=[0.1673707813024521, 0.31506258249282837, 1.44480299949646] imu_quat_wxyz=[-0.3132821321487427, -0.02909671701490879, 0.00464635668322444, -0.9492029547691345] status=0x8003
joint_pos=[1.2960000038146973, -51.98400115966797, 38.62799835205078, -3.995999813079834, -18.899999618530273, 29.84400177001953] joint_vel=[-0.0, 0.0, 0.0, 0.27000001072883606, -0.18000000715255737, 0.09000000357627869] imu_ang_vel=[0.14970514178276062, 0.29491132497787476, 1.3500832319259644] imu_quat_wxyz=[-0.2974788546562195, -0.02690478228032589, 0.003166589420288801, -0.9543440341949463] status=0x8003
joint_pos=[1.2960000038146973, -51.98400115966797, 38.62799835205078, -3.995999813079834, -18.899999618530273, 29.84400177001953] joint_vel=[-0.0, 0.0, 0.0, 0.27000001072883606, -0.18000000715255737, 0.09000000357627869] imu_ang_vel=[0.0967082530260086, 0.33308327198028564, 1.1946433782577515] imu_quat_wxyz=[-0.2854166626930237, -0.024139266461133957, 0.001310931402258575, -0.9580985903739929] status=0x8003
joint_pos=[1.2960000038146973, -51.98400115966797, 38.62799835205078, -3.995999813079834, -18.899999618530273, 29.84400177001953] joint_vel=[-0.0, 0.0, 0.0, 0.27000001072883606, -0.18000000715255737, 0.09000000357627869] imu_ang_vel=[0.03758607804775238, 0.2681909203529358, 1.0153238773345947] imu_quat_wxyz=[-0.2749439477920532, -0.021464336663484573, 0.0003655342443380505, -0.9612206220626831] status=0x8003
joint_pos=[1.2960000038146973, -51.98400115966797, 38.62799835205078, -3.995999813079834, -18.899999618530273, 29.84400177001953] joint_vel=[-0.0, 0.0, 0.0, 0.27000001072883606, -0.18000000715255737, 0.09000000357627869] imu_ang_vel=[0.044421520084142685, 0.19095927476882935, 0.8665419816970825] imu_quat_wxyz=[-0.2661190629005432, -0.019358394667506218, -0.0004502839292399585, -0.963745653629303] status=0x8003
joint_pos=[1.2960000038146973, -51.98400115966797, 38.62799835205078, -3.995999813079834, -18.899999618530273, 29.84400177001953] joint_vel=[-0.0, 0.0, 0.0, 0.27000001072883606, -0.18000000715255737, 0.09000000357627869] imu_ang_vel=[-0.008486608043313026, 0.09979040920734406, 0.6383090019226074] imu_quat_wxyz=[-0.25921234488487244, -0.01815507374703884, -0.0007333896937780082, -0.965649425983429] status=0x8003
joint_pos=[1.2960000038146973, -51.98400115966797, 38.62799835205078, -3.995999813079834, -18.899999618530273, 29.84400177001953] joint_vel=[-0.0, 0.0, 0.0, 0.27000001072883606, -0.18000000715255737, 0.09000000357627869] imu_ang_vel=[-0.04541577026247978, -0.04899151250720024, 0.5135843753814697] imu_quat_wxyz=[-0.25163960456848145, -0.01754429005086422, -0.0008724015206098557, -0.9676616191864014] status=0x8003
joint_pos=[1.2960000038146973, -51.98400115966797, 38.62799835205078, -3.995999813079834, -18.899999618530273, 29.84400177001953] joint_vel=[-0.0, 0.0, 0.0, 0.27000001072883606, -0.18000000715255737, 0.09000000357627869] imu_ang_vel=[-0.048078931868076324, -0.17291724681854248, 0.3242335915565491] imu_quat_wxyz=[-0.24784810841083527, -0.018583765253424644, 2.0590230633388273e-05, -0.9686207175254822] status=0x8003
joint_pos=[1.2960000038146973, -51.98400115966797, 38.62799835205078, -3.995999813079834, -18.899999618530273, 29.84400177001953] joint_vel=[-0.0, 0.0, 0.0, 0.27000001072883606, -0.18000000715255737, 0.09000000357627869] imu_ang_vel=[-0.08216738700866699, -0.21694818139076233, 0.20101803541183472] imu_quat_wxyz=[-0.24556447565555573, -0.020377660170197487, 0.0013088199775665998, -0.9691651463508606] status=0x8003
joint_pos=[1.2960000038146973, -51.98400115966797, 38.62799835205078, -3.995999813079834, -18.899999618530273, 29.84400177001953] joint_vel=[-0.0, 0.0, 0.0, 0.27000001072883606, -0.18000000715255737, 0.09000000357627869] imu_ang_vel=[-0.09255371987819672, -0.15187829732894897, 0.09830880165100098] imu_quat_wxyz=[-0.24428999423980713, -0.02177499793469906, 0.002616728423163295, -0.9694541692733765] status=0x8003
joint_pos=[1.2960000038146973, -51.98400115966797, 38.62799835205078, -3.995999813079834, -18.899999618530273, 29.84400177001953] joint_vel=[-0.0, 0.0, 0.0, 0.27000001072883606, -0.18000000715255737, 0.09000000357627869] imu_ang_vel=[-0.09184354543685913, -0.152854785323143, -0.006886044982820749] imu_quat_wxyz=[-0.24403701722621918, -0.022948648780584335, 0.0038946764543652534, -0.9694865345954895] status=0x8003
joint_pos=[1.2960000038146973, -51.98400115966797, 38.62799835205078, -3.995999813079834, -18.899999618530273, 29.84400177001953] joint_vel=[-0.0, 0.0, 0.0, 0.27000001072883606, -0.18000000715255737, 0.09000000357627869] imu_ang_vel=[-0.0818122997879982, -0.11308492720127106, -0.08243104815483093] imu_quat_wxyz=[-0.22613146901130676, -0.022792166098952293, 0.005202724598348141, -0.9738162755966187] status=0x8003
joint_pos=[1.2960000038146973, -51.98400115966797, 38.62799835205078, -3.995999813079834, -18.899999618530273, 29.84400177001953] joint_vel=[-0.0, 0.0, 0.0, 0.27000001072883606, -0.18000000715255737, 0.09000000357627869] imu_ang_vel=[-0.08243370056152344, -0.030793245881795883, -0.1493651568889618] imu_quat_wxyz=[-0.227403461933136, -0.023229220882058144, 0.006177624687552452, -0.9735040068626404] status=0x8003
joint_pos=[1.2960000038146973, -51.98400115966797, 38.62799835205078, -3.995999813079834, -18.899999618530273, 29.84400177001953] joint_vel=[-0.0, 0.0, 0.0, 0.27000001072883606, -0.18000000715255737, 0.09000000357627869] imu_ang_vel=[-0.0701831728219986, -0.08112698793411255, -0.21683189272880554] imu_quat_wxyz=[-0.22924043238162994, -0.023538531735539436, 0.006968419533222914, -0.9730602502822876] status=0x8003
motion_test: complete; holding initial positions (press Ctrl+C to stop)
joint_pos=[1.2960000038146973, -51.98400115966797, 38.62799835205078, -3.995999813079834, -18.899999618530273, 29.84400177001953] joint_vel=[-0.0, 0.0, 0.0, 0.27000001072883606, -0.18000000715255737, 0.09000000357627869] imu_ang_vel=[-0.07142597436904907, -0.08379014581441879, -0.23343226313591003] imu_quat_wxyz=[-0.23152416944503784, -0.024273373186588287, 0.007816070690751076, -0.972494900226593] status=0x8003
joint_pos=[1.2960000038146973, -51.98400115966797, 38.62799835205078, -3.995999813079834, -18.899999618530273, 29.84400177001953] joint_vel=[-0.0, 0.0, 0.0, 0.27000001072883606, -0.18000000715255737, 0.09000000357627869] imu_ang_vel=[-0.06991685181856155, -0.06319503486156464, -0.24106666445732117] imu_quat_wxyz=[-0.23270204663276672, -0.024532847106456757, 0.008217323571443558, -0.9722039103507996] status=0x8803
joint_pos=[1.2960000038146973, -51.98400115966797, 38.62799835205078, -3.995999813079834, -18.899999618530273, 29.84400177001953] joint_vel=[-0.0, 0.0, 0.0, 0.27000001072883606, -0.18000000715255737, 0.09000000357627869] imu_ang_vel=[-0.04559331759810448, -0.07855260372161865, -0.2935309410095215] imu_quat_wxyz=[-0.23902654647827148, -0.025649627670645714, 0.010026516392827034, -0.9706224799156189] status=0x8803
joint_pos=[1.2960000038146973, -51.98400115966797, 38.62799835205078, -3.995999813079834, -18.899999618530273, 29.84400177001953] joint_vel=[-0.0, 0.0, 0.0, 0.27000001072883606, -0.18000000715255737, 0.09000000357627869] imu_ang_vel=[-0.03298768773674965, -0.009843045845627785, -0.3055151700973511] imu_quat_wxyz=[-0.2419854998588562, -0.026021094992756844, 0.010421865619719028, -0.969874918460846] status=0x8803
joint_pos=[1.2960000038146973, -51.98400115966797, 38.62799835205078, -3.995999813079834, -18.899999618530273, 29.84400177001953] joint_vel=[-0.0, 0.0, 0.0, 0.27000001072883606, -0.18000000715255737, 0.09000000357627869] imu_ang_vel=[-0.022512588649988174, 0.05389527231454849, -0.3016091585159302] imu_quat_wxyz=[-0.24495212733745575, -0.025639358907938004, 0.010542421601712704, -0.9691387414932251] status=0x8803
joint_pos=[1.2960000038146973, -51.98400115966797, 38.62799835205078, -3.995999813079834, -18.899999618530273, 29.84400177001953] joint_vel=[-0.0, 0.0, 0.0, 0.27000001072883606, -0.18000000715255737, 0.09000000357627869] imu_ang_vel=[-0.006000990513712168, 0.02717489004135132, -0.3095986843109131] imu_quat_wxyz=[-0.24793741106987, -0.025230491533875465, 0.010495459660887718, -0.9683906435966492] status=0x8803
joint_pos=[1.2960000038146973, -51.98400115966797, 38.62799835205078, -3.995999813079834, -18.899999618530273, 29.84400177001953] joint_vel=[-0.0, 0.0, 0.0, 0.27000001072883606, -0.18000000715255737, 0.09000000357627869] imu_ang_vel=[0.0022548073902726173, -0.007268656510859728, -0.3468829095363617] imu_quat_wxyz=[-0.25116974115371704, -0.025286303833127022, 0.010442460887134075, -0.967556357383728] status=0x8803
joint_pos=[1.2960000038146973, -51.98400115966797, 38.62799835205078, -3.995999813079834, -18.899999618530273, 29.84400177001953] joint_vel=[-0.0, 0.0, 0.0, 0.27000001072883606, -0.18000000715255737, 0.09000000357627869] imu_ang_vel=[0.013883944600820541, 0.011817329563200474, -0.37981733679771423] imu_quat_wxyz=[-0.2610887587070465, -0.025843113660812378, 0.01107270922511816, -0.9649052619934082] status=0x8803
joint_pos=[1.2960000038146973, -51.98400115966797, 38.62799835205078, -3.995999813079834, -18.899999618530273, 29.84400177001953] joint_vel=[-0.0, 0.0, 0.0, 0.27000001072883606, -0.18000000715255737, 0.09000000357627869] imu_ang_vel=[0.02000921405851841, 0.03924788534641266, -0.4009450674057007] imu_quat_wxyz=[-0.2648962140083313, -0.02565494179725647, 0.010725538246333599, -0.963875949382782] status=0x8803
joint_pos=[1.2960000038146973, -51.98400115966797, 38.62799835205078, -3.995999813079834, -18.899999618530273, 29.84400177001953] joint_vel=[-0.0, 0.0, 0.0, 0.27000001072883606, -0.18000000715255737, 0.09000000357627869] imu_ang_vel=[0.014771663583815098, 0.050078075379133224, -0.4375191330909729] imu_quat_wxyz=[-0.2689833641052246, -0.025290971621870995, 0.010355140082538128, -0.9627570509910583] status=0x8803
joint_pos=[1.2960000038146973, -51.98400115966797, 38.62799835205078, -3.995999813079834, -18.899999618530273, 29.84400177001953] joint_vel=[-0.0, 0.0, 0.0, 0.27000001072883606, -0.18000000715255737, 0.09000000357627869] imu_ang_vel=[0.008912710472941399, 0.06383773684501648, -0.4663700461387634] imu_quat_wxyz=[-0.2734241485595703, -0.024822689592838287, 0.010015043430030346, -0.9615211486816406] status=0x8803
joint_pos=[1.2960000038146973, -51.98400115966797, 38.62799835205078, -3.995999813079834, -18.899999618530273, 29.84400177001953] joint_vel=[-0.0, 0.0, 0.0, 0.27000001072883606, -0.18000000715255737, 0.09000000357627869] imu_ang_vel=[-0.014789421111345291, 0.07635459303855896, -0.4788869023323059] imu_quat_wxyz=[-0.27798253297805786, -0.024144582450389862, 0.009707094170153141, -0.9602336287498474] status=0x8803
joint_pos=[1.2960000038146973, -51.98400115966797, 38.62799835205078, -3.995999813079834, -18.899999618530273, 29.84400177001953] joint_vel=[-0.0, 0.0, 0.0, 0.27000001072883606, -0.18000000715255737, 0.09000000357627869] imu_ang_vel=[-0.05420420318841934, 0.0742240622639656, -0.4888293743133545] imu_quat_wxyz=[-0.2827039957046509, -0.02333267778158188, 0.00983617827296257, -0.95887291431427] status=0x8803
joint_pos=[1.2960000038146973, -51.98400115966797, 38.62799835205078, -3.995999813079834, -18.899999618530273, 29.84400177001953] joint_vel=[-0.0, 0.0, 0.0, 0.27000001072883606, -0.18000000715255737, 0.09000000357627869] imu_ang_vel=[-0.05846526101231575, 0.03631841018795967, -0.5465312004089355] imu_quat_wxyz=[-0.2877556383609772, -0.022714365273714066, 0.01011888962239027, -0.9573809504508972] status=0x8803
joint_pos=[1.2960000038146973, -51.98400115966797, 38.62799835205078, -3.995999813079834, -18.899999618530273, 29.84400177001953] joint_vel=[-0.0, 0.0, 0.0, 0.27000001072883606, -0.18000000715255737, 0.09000000357627869] imu_ang_vel=[-0.058287717401981354, -0.009399184957146645, -0.6287341117858887] imu_quat_wxyz=[-0.2934914529323578, -0.022505443543195724, 0.01059990655630827, -0.9556379914283752] status=0x8803
joint_pos=[1.2960000038146973, -51.98400115966797, 38.62799835205078, -3.995999813079834, -18.899999618530273, 29.84400177001953] joint_vel=[-0.0, 0.0, 0.0, 0.27000001072883606, -0.18000000715255737, 0.09000000357627869] imu_ang_vel=[-0.043018925935029984, -0.06426030397415161, -0.7130675315856934] imu_quat_wxyz=[-0.3000616729259491, -0.02289634756743908, 0.011037026531994343, -0.9535812139511108] status=0x8803
joint_pos=[1.2960000038146973, -51.98400115966797, 38.62799835205078, -3.995999813079834, -18.899999618530273, 29.84400177001953] joint_vel=[-0.0, 0.0, 0.0, 0.27000001072883606, -0.18000000715255737, 0.09000000357627869] imu_ang_vel=[-0.0537603422999382, -0.11565931141376495, -0.7767170667648315] imu_quat_wxyz=[-0.30725058913230896, -0.023749344050884247, 0.011641960591077805, -0.951261043548584] status=0x8803
joint_pos=[1.2960000038146973, -51.98400115966797, 38.62799835205078, -3.995999813079834, -18.899999618530273, 29.84400177001953] joint_vel=[-0.0, 0.0, 0.0, 0.27000001072883606, -0.18000000715255737, 0.09000000357627869] imu_ang_vel=[-0.05704490467905998, -0.16838988661766052, -0.8191501498222351] imu_quat_wxyz=[-0.3050537705421448, -0.0241085197776556, 0.011673253029584885, -0.951958417892456] status=0x8803
joint_pos=[1.2960000038146973, -51.98400115966797, 38.62799835205078, -3.995999813079834, -18.899999618530273, 29.84400177001953] joint_vel=[-0.0, 0.0, 0.0, 0.27000001072883606, -0.18000000715255737, 0.09000000357627869] imu_ang_vel=[-0.10853268206119537, -0.2015906274318695, -0.822434663772583] imu_quat_wxyz=[-0.31299006938934326, -0.025702539831399918, 0.012890378944575787, -0.9493210315704346] status=0x8803
joint_pos=[1.2960000038146973, -51.98400115966797, 38.62799835205078, -3.995999813079834, -18.899999618530273, 29.84400177001953] joint_vel=[-0.0, 0.0, 0.0, 0.27000001072883606, -0.18000000715255737, 0.09000000357627869] imu_ang_vel=[-0.16703344881534576, -0.1944001019001007, -0.8124922513961792] imu_quat_wxyz=[-0.3206714987754822, -0.027285339310765266, 0.014713927172124386, -0.9466830492019653] status=0x8803
joint_pos=[1.2960000038146973, -51.98400115966797, 38.62799835205078, -3.995999813079834, -18.899999618530273, 29.84400177001953] joint_vel=[-0.0, 0.0, 0.0, 0.27000001072883606, -0.18000000715255737, 0.09000000357627869] imu_ang_vel=[-0.17067310214042664, -0.1795751452445984, -0.8237662315368652] imu_quat_wxyz=[-0.32849323749542236, -0.028571808710694313, 0.016753826290369034, -0.9439254403114319] status=0x8803
joint_pos=[1.2960000038146973, -51.98400115966797, 38.62799835205078, -3.995999813079834, -18.899999618530273, 29.84400177001953] joint_vel=[-0.0, 0.0, 0.0, 0.27000001072883606, -0.18000000715255737, 0.09000000357627869] imu_ang_vel=[-0.1840776801109314, -0.1397165209054947, -0.8029048442840576] imu_quat_wxyz=[-0.3361998200416565, -0.029671426862478256, 0.01872200146317482, -0.9411369562149048] status=0x8803
joint_pos=[1.2960000038146973, -51.98400115966797, 38.62799835205078, -3.995999813079834, -18.899999618530273, 29.84400177001953] joint_vel=[-0.0, 0.0, 0.0, 0.27000001072883606, -0.18000000715255737, 0.09000000357627869] imu_ang_vel=[-0.19375383853912354, -0.10997790098190308, -0.7906543016433716] imu_quat_wxyz=[-0.3432777523994446, -0.030060185119509697, 0.020214572548866272, -0.9385351538658142] status=0x8803
joint_pos=[1.2960000038146973, -51.98400115966797, 38.62799835205078, -3.995999813079834, -18.899999618530273, 29.84400177001953] joint_vel=[-0.0, 0.0, 0.0, 0.27000001072883606, -0.18000000715255737, 0.09000000357627869] imu_ang_vel=[-0.1696966290473938, -0.0603543296456337, -0.7760069370269775] imu_quat_wxyz=[-0.35070130228996277, -0.030337341129779816, 0.021963469684123993, -0.935738205909729] status=0x8803
joint_pos=[1.2960000038146973, -51.98400115966797, 38.62799835205078, -3.995999813079834, -18.899999618530273, 29.84400177001953] joint_vel=[-0.0, 0.0, 0.0, 0.27000001072883606, -0.18000000715255737, 0.09000000357627869] imu_ang_vel=[-0.17981663346290588, -0.05742485448718071, -0.7280700206756592] imu_quat_wxyz=[-0.3577452003955841, -0.03042633645236492, 0.023575784638524055, -0.9330256581306458] status=0x8803
joint_pos=[1.2960000038146973, -51.98400115966797, 38.62799835205078, -3.995999813079834, -18.899999618530273, 29.84400177001953] joint_vel=[-0.0, 0.0, 0.0, 0.27000001072883606, -0.18000000715255737, 0.09000000357627869] imu_ang_vel=[-0.19677209854125977, -0.021472182124853134, -0.6464885473251343] imu_quat_wxyz=[-0.3641226887702942, -0.030244214460253716, 0.02531745843589306, -0.9305155277252197] status=0x8803
joint_pos=[1.2960000038146973, -51.98400115966797, 38.62799835205078, -3.995999813079834, -18.899999618530273, 29.84400177001953] joint_vel=[-0.0, 0.0, 0.0, 0.27000001072883606, -0.18000000715255737, 0.09000000357627869] imu_ang_vel=[-0.16756609082221985, 0.065346859395504, -0.5918049812316895] imu_quat_wxyz=[-0.36985328793525696, -0.029403334483504295, 0.02669655904173851, -0.9282410144805908] status=0x8803
joint_pos=[1.2960000038146973, -51.98400115966797, 38.62799835205078, -3.995999813079834, -18.899999618530273, 29.84400177001953] joint_vel=[-0.0, 0.0, 0.0, 0.27000001072883606, -0.18000000715255737, 0.09000000357627869] imu_ang_vel=[-0.13152463734149933, 0.1137276142835617, -0.5653508901596069] imu_quat_wxyz=[-0.38150420784950256, -0.028583524748682976, 0.027888847514986992, -0.923504114151001] status=0x8803
joint_pos=[1.2960000038146973, -51.98400115966797, 38.62799835205078, -3.995999813079834, -18.899999618530273, 29.84400177001953] joint_vel=[-0.0, 0.0, 0.0, 0.27000001072883606, -0.18000000715255737, 0.09000000357627869] imu_ang_vel=[-0.08926914632320404, 0.12633323669433594, -0.5390743613243103] imu_quat_wxyz=[-0.38665512204170227, -0.02722199261188507, 0.028253300115466118, -0.9213894605636597] status=0x8803
joint_pos=[1.2960000038146973, -51.98400115966797, 38.62799835205078, -3.995999813079834, -18.899999618530273, 29.84400177001953] joint_vel=[-0.0, 0.0, 0.0, 0.27000001072883606, -0.18000000715255737, 0.09000000357627869] imu_ang_vel=[-0.06467929482460022, 0.11141954362392426, -0.4947770833969116] imu_quat_wxyz=[-0.3914596140384674, -0.026009192690253258, 0.028337512165308, -0.9193911552429199] status=0x8803
joint_pos=[1.2960000038146973, -51.98400115966797, 38.62799835205078, -3.995999813079834, -18.899999618530273, 29.84400177001953] joint_vel=[-0.0, 0.0, 0.0, 0.27000001072883606, -0.18000000715255737, 0.09000000357627869] imu_ang_vel=[-0.059708066284656525, 0.10795743763446808, -0.42988473176956177] imu_quat_wxyz=[-0.3956891894340515, -0.02487294189631939, 0.02836216427385807, -0.9176095128059387] status=0x8803
joint_pos=[1.2960000038146973, -51.98400115966797, 38.62799835205078, -3.995999813079834, -18.899999618530273, 29.84400177001953] joint_vel=[-0.0, 0.0, 0.0, 0.27000001072883606, -0.18000000715255737, 0.09000000357627869] imu_ang_vel=[-0.05216244235634804, 0.08576443046331406, -0.35789060592651367] imu_quat_wxyz=[-0.3992948532104492, -0.023911843076348305, 0.028416212648153305, -0.9160701036453247] status=0x8803
joint_pos=[1.2960000038146973, -51.98400115966797, 38.62799835205078, -3.995999813079834, -18.899999618530273, 29.84400177001953] joint_vel=[-0.0, 0.0, 0.0, 0.27000001072883606, -0.18000000715255737, 0.09000000357627869] imu_ang_vel=[-0.04887787997722626, 0.0745791494846344, -0.28625160455703735] imu_quat_wxyz=[-0.40229561924934387, -0.023104142397642136, 0.028599010780453682, -0.914771318435669] status=0x8803
joint_pos=[1.2960000038146973, -51.98400115966797, 38.62799835205078, -3.995999813079834, -18.899999618530273, 29.84400177001953] joint_vel=[-0.0, 0.0, 0.0, 0.27000001072883606, -0.18000000715255737, 0.09000000357627869] imu_ang_vel=[-0.03476312756538391, 0.032412439584732056, -0.22828347980976105] imu_quat_wxyz=[-0.40462252497673035, -0.02263708785176277, 0.02878318727016449, -0.9137503504753113] status=0x8803
joint_pos=[1.2960000038146973, -51.98400115966797, 38.62799835205078, -3.995999813079834, -18.899999618530273, 29.84400177001953] joint_vel=[-0.0, 0.0, 0.0, 0.27000001072883606, -0.18000000715255737, 0.09000000357627869] imu_ang_vel=[-0.02970312163233757, 0.010219432413578033, -0.19818976521492004] imu_quat_wxyz=[-0.40557435154914856, -0.022537630051374435, 0.02888045273721218, -0.913327693939209] status=0x8803
joint_pos=[1.2960000038146973, -51.98400115966797, 38.62799835205078, -3.995999813079834, -18.899999618530273, 29.84400177001953] joint_vel=[-0.0, 0.0, 0.0, 0.27000001072883606, -0.18000000715255737, 0.09000000357627869] imu_ang_vel=[-0.004758182447403669, 0.01634470373392105, -0.11509914696216583] imu_quat_wxyz=[-0.4076281189918518, -0.02226163074374199, 0.028992902487516403, -0.9124161005020142] status=0x8803
joint_pos=[1.2960000038146973, -51.98400115966797, 38.62799835205078, -3.995999813079834, -18.899999618530273, 29.84400177001953] joint_vel=[-0.0, 0.0, 0.0, 0.27000001072883606, -0.18000000715255737, 0.09000000357627869] imu_ang_vel=[0.009889201261103153, 0.02575453743338585, -0.07763735949993134] imu_quat_wxyz=[-0.40848448872566223, -0.0221689622849226, 0.02890695258975029, -0.9120380878448486] status=0x8803
joint_pos=[1.2960000038146973, -51.98400115966797, 38.62799835205078, -3.995999813079834, -18.899999618530273, 29.84400177001953] joint_vel=[-0.0, 0.0, 0.0, 0.27000001072883606, -0.18000000715255737, 0.09000000357627869] imu_ang_vel=[0.037408530712127686, 0.038005080074071884, -0.05917276814579964] imu_quat_wxyz=[-0.4126727879047394, -0.021941881626844406, 0.02812078222632408, -0.9101808071136475] status=0x8803
joint_pos=[1.2960000038146973, -51.98400115966797, 38.62799835205078, -3.995999813079834, -18.899999618530273, 29.84400177001953] joint_vel=[-0.0, 0.0, 0.0, 0.27000001072883606, -0.18000000715255737, 0.09000000357627869] imu_ang_vel=[0.036076948046684265, 0.025488220155239105, -0.02375273033976555] imu_quat_wxyz=[-0.4130661189556122, -0.02188839390873909, 0.027678953483700752, -0.9100171327590942] status=0x8803
joint_pos=[1.2960000038146973, -51.98400115966797, 38.62799835205078, -3.995999813079834, -18.899999618530273, 29.84400177001953] joint_vel=[-0.0, 0.0, 0.0, 0.27000001072883606, -0.18000000715255737, 0.09000000357627869] imu_ang_vel=[0.020630620419979095, -0.013216381892561913, 0.028711536899209023] imu_quat_wxyz=[-0.412986159324646, -0.021970417350530624, 0.02742430567741394, -0.9100592136383057] status=0x8803
joint_pos=[1.2960000038146973, -51.98400115966797, 38.62799835205078, -3.995999813079834, -18.899999618530273, 29.84400177001953] joint_vel=[-0.0, 0.0, 0.0, 0.27000001072883606, -0.18000000715255737, 0.09000000357627869] imu_ang_vel=[0.016192017123103142, -0.00984304491430521, 0.058716483414173126] imu_quat_wxyz=[-0.4125426411628723, -0.02208547666668892, 0.027351394295692444, -0.9102597236633301] status=0x8803
joint_pos=[1.2960000038146973, -51.98400115966797, 38.62799835205078, -3.995999813079834, -18.899999618530273, 29.84400177001953] joint_vel=[-0.0, 0.0, 0.0, 0.27000001072883606, -0.18000000715255737, 0.09000000357627869] imu_ang_vel=[0.019654126837849617, -0.01516936719417572, 0.06279999017715454] imu_quat_wxyz=[-0.4119916558265686, -0.022301936522126198, 0.027275534346699715, -0.9105062484741211] status=0x8803
joint_pos=[1.2960000038146973, -51.98400115966797, 38.62799835205078, -3.995999813079834, -18.899999618530273, 29.84400177001953] joint_vel=[-0.0, 0.0, 0.0, 0.27000001072883606, -0.18000000715255737, 0.09000000357627869] imu_ang_vel=[0.021518338471651077, -0.005138128064572811, 0.07824632525444031] imu_quat_wxyz=[-0.41577595472335815, -0.022588295862078667, 0.026796162128448486, -0.9087916016578674] status=0x8803
joint_pos=[1.2960000038146973, -51.98400115966797, 38.62799835205078, -3.995999813079834, -18.899999618530273, 29.84400177001953] joint_vel=[-0.0, 0.0, 0.0, 0.27000001072883606, -0.18000000715255737, 0.09000000357627869] imu_ang_vel=[0.017346054315567017, -0.01374901458621025, 0.09617827832698822] imu_quat_wxyz=[-0.4149756133556366, -0.02272779680788517, 0.026699088513851166, -0.9091567993164062] status=0x8803
joint_pos=[1.2960000038146973, -51.98400115966797, 38.62799835205078, -3.995999813079834, -18.899999618530273, 29.84400177001953] joint_vel=[-0.0, 0.0, 0.0, 0.27000001072883606, -0.18000000715255737, 0.09000000357627869] imu_ang_vel=[0.015393068082630634, -0.024845518171787262, 0.11712847650051117] imu_quat_wxyz=[-0.4139872193336487, -0.02295891009271145, 0.026687264442443848, -0.9096017479896545] status=0x8803
joint_pos=[1.2960000038146973, -51.98400115966797, 38.62799835205078, -3.995999813079834, -18.899999618530273, 29.84400177001953] joint_vel=[-0.0, 0.0, 0.0, 0.27000001072883606, -0.18000000715255737, 0.09000000357627869] imu_ang_vel=[0.013617628253996372, -0.02679850161075592, 0.12636077404022217] imu_quat_wxyz=[-0.41342470049858093, -0.023091604933142662, 0.02670467272400856, -0.9098536372184753] status=0x8803
joint_pos=[1.2960000038146973, -51.98400115966797, 38.62799835205078, -3.995999813079834, -18.899999618530273, 29.84400177001953] joint_vel=[-0.0, 0.0, 0.0, 0.27000001072883606, -0.18000000715255737, 0.09000000357627869] imu_ang_vel=[0.01858886145055294, -0.025289379060268402, 0.1600053608417511] imu_quat_wxyz=[-0.4114499092102051, -0.02351033128798008, 0.026713484898209572, -0.9107374548912048] status=0x8803
joint_pos=[1.2960000038146973, -51.98400115966797, 38.62799835205078, -3.995999813079834, -18.899999618530273, 29.84400177001953] joint_vel=[-0.0, 0.0, 0.0, 0.27000001072883606, -0.18000000715255737, 0.09000000357627869] imu_ang_vel=[0.023826412856578827, -0.003007599152624607, 0.18832364678382874] imu_quat_wxyz=[-0.4119237959384918, -0.023711172863841057, 0.02641288749873638, -0.9105268120765686] status=0x8803
joint_pos=[1.2960000038146973, -51.98400115966797, 38.62799835205078, -3.995999813079834, -18.899999618530273, 29.84400177001953] joint_vel=[-0.0, 0.0, 0.0, 0.27000001072883606, -0.18000000715255737, 0.09000000357627869] imu_ang_vel=[0.03128325939178467, 0.03685104101896286, 0.22134684026241302] imu_quat_wxyz=[-0.4100402891635895, -0.023583265021443367, 0.026136448606848717, -0.9113878011703491] status=0x8803
joint_pos=[1.2960000038146973, -51.98400115966797, 38.62799835205078, -3.995999813079834, -18.899999618530273, 29.84400177001953] joint_vel=[-0.0, 0.0, 0.0, 0.27000001072883606, -0.18000000715255737, 0.09000000357627869] imu_ang_vel=[0.03385764732956886, 0.0489240363240242, 0.2506416141986847] imu_quat_wxyz=[-0.40787285566329956, -0.023202620446681976, 0.025684021413326263, -0.9123824834823608] status=0x8803
joint_pos=[1.2960000038146973, -51.98400115966797, 38.62799835205078, -3.995999813079834, -18.899999618530273, 29.84400177001953] joint_vel=[-0.0, 0.0, 0.0, 0.27000001072883606, -0.18000000715255737, 0.09000000357627869] imu_ang_vel=[0.022672373801469803, 0.011551013216376305, 0.27123671770095825] imu_quat_wxyz=[-0.4055095314979553, -0.02302921935915947, 0.02543657273054123, -0.9134466052055359] status=0x8803
joint_pos=[1.2960000038146973, -51.98400115966797, 38.62799835205078, -3.995999813079834, -18.899999618530273, 29.84400177001953] joint_vel=[-0.0, 0.0, 0.0, 0.27000001072883606, -0.18000000715255737, 0.09000000357627869] imu_ang_vel=[0.04335625842213631, 0.011817329563200474, 0.2984897196292877] imu_quat_wxyz=[-0.40286049246788025, -0.02301805093884468, 0.025151237845420837, -0.9146261811256409] status=0x8803
joint_pos=[1.2960000038146973, -51.98400115966797, 38.62799835205078, -3.995999813079834, -18.899999618530273, 29.84400177001953] joint_vel=[-0.0, 0.0, 0.0, 0.27000001072883606, -0.18000000715255737, 0.09000000357627869] imu_ang_vel=[0.048948898911476135, 0.01634470373392105, 0.3089648485183716] imu_quat_wxyz=[-0.39888548851013184, -0.0228907261043787, 0.02480146661400795, -0.9163793921470642] status=0x8803
joint_pos=[1.2960000038146973, -51.98400115966797, 38.62799835205078, -3.995999813079834, -18.899999618530273, 29.84400177001953] joint_vel=[-0.0, 0.0, 0.0, 0.27000001072883606, -0.18000000715255737, 0.09000000357627869] imu_ang_vel=[0.06332996487617493, 0.01874154806137085, 0.34118905663490295] imu_quat_wxyz=[-0.395874947309494, -0.02288266271352768, 0.02427768148481846, -0.9176982045173645] status=0x8803
joint_pos=[1.2960000038146973, -51.98400115966797, 38.62799835205078, -3.995999813079834, -18.899999618530273, 29.84400177001953] joint_vel=[-0.0, 0.0, 0.0, 0.27000001072883606, -0.18000000715255737, 0.09000000357627869] imu_ang_vel=[0.06084435060620308, 0.026731029152870178, 0.3597424328327179] imu_quat_wxyz=[-0.3926410973072052, -0.02282854914665222, 0.02373320981860161, -0.919102132320404] status=0x8803
joint_pos=[1.2960000038146973, -51.98400115966797, 38.62799835205078, -3.995999813079834, -18.899999618530273, 29.84400177001953] joint_vel=[-0.0, 0.0, 0.0, 0.27000001072883606, -0.18000000715255737, 0.09000000357627869] imu_ang_vel=[0.07300612330436707, 0.01874154806137085, 0.3735908567905426] imu_quat_wxyz=[-0.3892427682876587, -0.022769495844841003, 0.023097358644008636, -0.9205639958381653] status=0x8803
joint_pos=[1.2960000038146973, -51.98400115966797, 38.62799835205078, -3.995999813079834, -18.899999618530273, 29.84400177001953] joint_vel=[-0.0, 0.0, 0.0, 0.27000001072883606, -0.18000000715255737, 0.09000000357627869] imu_ang_vel=[0.08028541505336761, -0.05618204176425934, 0.3691522479057312] imu_quat_wxyz=[-0.3858208954334259, -0.023218998685479164, 0.022585764527320862, -0.9220048785209656] status=0x8803
joint_pos=[1.2960000038146973, -51.98400115966797, 38.62799835205078, -3.995999813079834, -18.899999618530273, 29.84400177001953] joint_vel=[-0.0, 0.0, 0.0, 0.27000001072883606, -0.18000000715255737, 0.09000000357627869] imu_ang_vel=[0.08481279760599136, -0.05183221399784088, 0.37261438369750977] imu_quat_wxyz=[-0.37890300154685974, -0.023819008842110634, 0.022434307262301445, -0.9248578548431396] status=0x8803
joint_pos=[1.2960000038146973, -51.98400115966797, 38.62799835205078, -3.995999813079834, -18.899999618530273, 29.84400177001953] joint_vel=[-0.0, 0.0, 0.0, 0.27000001072883606, -0.18000000715255737, 0.09000000357627869] imu_ang_vel=[0.08951771259307861, -0.023070078343153, 0.3527294397354126] imu_quat_wxyz=[-0.37555187940597534, -0.02434765361249447, 0.021856915205717087, -0.926223635673523] status=0x8803
joint_pos=[1.2960000038146973, -51.98400115966797, 38.62799835205078, -3.995999813079834, -18.899999618530273, 29.84400177001953] joint_vel=[-0.0, 0.0, 0.0, 0.27000001072883606, -0.18000000715255737, 0.09000000357627869] imu_ang_vel=[0.0900503396987915, 0.0094204843044281, 0.3355964422225952] imu_quat_wxyz=[-0.3723801374435425, -0.024677244946360588, 0.021132443100214005, -0.92751145362854] status=0x8803
joint_pos=[1.2960000038146973, -51.98400115966797, 38.62799835205078, -3.995999813079834, -18.899999618530273, 29.84400177001953] joint_vel=[-0.0, 0.0, 0.0, 0.27000001072883606, -0.18000000715255737, 0.09000000357627869] imu_ang_vel=[0.06865628063678741, 0.0559370256960392, 0.31420236825942993] imu_quat_wxyz=[-0.36938801407814026, -0.024521684274077415, 0.020374124869704247, -0.9287282824516296] status=0x8803
joint_pos=[1.2960000038146973, -51.98400115966797, 38.62799835205078, -3.995999813079834, -18.899999618530273, 29.84400177001953] joint_vel=[-0.0, 0.0, 0.0, 0.27000001072883606, -0.18000000715255737, 0.09000000357627869] imu_ang_vel=[0.05258854851126671, 0.05274123325943947, 0.290855348110199] imu_quat_wxyz=[-0.36662083864212036, -0.024182423949241638, 0.019710948690772057, -0.929847240447998] status=0x8803
joint_pos=[1.2960000038146973, -51.98400115966797, 38.62799835205078, -3.995999813079834, -18.899999618530273, 29.84400177001953] joint_vel=[-0.0, 0.0, 0.0, 0.27000001072883606, -0.18000000715255737, 0.09000000357627869] imu_ang_vel=[0.036964669823646545, 0.040757011622190475, 0.2517956495285034] imu_quat_wxyz=[-0.364573210477829, -0.02401195839047432, 0.019393978640437126, -0.9306630492210388] status=0x8803
joint_pos=[1.2960000038146973, -51.98400115966797, 38.62799835205078, -3.995999813079834, -18.899999618530273, 29.84400177001953] joint_vel=[-0.0, 0.0, 0.0, 0.27000001072883606, -0.18000000715255737, 0.09000000357627869] imu_ang_vel=[0.020808162167668343, 0.04750368371605873, 0.20989525318145752] imu_quat_wxyz=[-0.36249926686286926, -0.02364918775856495, 0.01903701201081276, -0.9314895272254944] status=0x8803
joint_pos=[1.2960000038146973, -51.98400115966797, 38.62799835205078, -3.995999813079834, -18.899999618530273, 29.84400177001953] joint_vel=[-0.0, 0.0, 0.0, 0.27000001072883606, -0.18000000715255737, 0.09000000357627869] imu_ang_vel=[0.011132010258734226, 0.036584727466106415, 0.17287731170654297] imu_quat_wxyz=[-0.3607732951641083, -0.023242497816681862, 0.01882077008485794, -0.9321739673614502] status=0x8803
joint_pos=[1.2960000038146973, -51.98400115966797, 38.62799835205078, -3.995999813079834, -18.899999618530273, 29.84400177001953] joint_vel=[-0.0, 0.0, 0.0, 0.27000001072883606, -0.18000000715255737, 0.09000000357627869] imu_ang_vel=[0.0135288555175066, 0.01314890943467617, 0.10691969096660614] imu_quat_wxyz=[-0.3595554232597351, -0.023007379844784737, 0.018651267513632774, -0.9326536059379578] status=0x8803
joint_pos=[1.2960000038146973, -51.98400115966797, 38.62799835205078, -3.995999813079834, -18.899999618530273, 29.84400177001953] joint_vel=[-0.0, 0.0, 0.0, 0.27000001072883606, -0.18000000715255737, 0.09000000357627869] imu_ang_vel=[0.014327803626656532, -0.0006995266303420067, 0.03812137246131897] imu_quat_wxyz=[-0.35898903012275696, -0.02306445688009262, 0.018522948026657104, -0.9328728914260864] status=0x8803
joint_pos=[1.2960000038146973, -51.98400115966797, 38.62799835205078, -3.995999813079834, -18.899999618530273, 29.84400177001953] joint_vel=[-0.0, 0.0, 0.0, 0.27000001072883606, -0.18000000715255737, 0.09000000357627869] imu_ang_vel=[-0.0012073013931512833, 0.0027625826187431812, -0.00022814335534349084] imu_quat_wxyz=[-0.3569469749927521, -0.022940829396247864, 0.018719756975769997, -0.933655321598053] status=0x8803
joint_pos=[1.2960000038146973, -51.98400115966797, 38.62799835205078, -3.995999813079834, -18.899999618530273, 29.84400177001953] joint_vel=[-0.0, 0.0, 0.0, 0.27000001072883606, -0.18000000715255737, 0.09000000357627869] imu_ang_vel=[-0.01949433982372284, -0.004516724031418562, -0.027569927275180817] imu_quat_wxyz=[-0.35712260007858276, -0.02293015830218792, 0.01885334588587284, -0.9335857033729553] status=0x8803
joint_pos=[1.2960000038146973, -51.98400115966797, 38.62799835205078, -3.995999813079834, -18.899999618530273, 29.84400177001953] joint_vel=[-0.0, 0.0, 0.0, 0.27000001072883606, -0.18000000715255737, 0.09000000357627869] imu_ang_vel=[-0.026329785585403442, -0.004960584454238415, -0.05961662530899048] imu_quat_wxyz=[-0.35757964849472046, -0.022913245484232903, 0.019104233011603355, -0.9334059953689575] status=0x8803
joint_pos=[1.2960000038146973, -51.98400115966797, 38.62799835205078, -3.995999813079834, -18.899999618530273, 29.84400177001953] joint_vel=[-0.0, 0.0, 0.0, 0.27000001072883606, -0.18000000715255737, 0.09000000357627869] imu_ang_vel=[-0.028371542692184448, -0.007268656510859728, -0.08873385190963745] imu_quat_wxyz=[-0.35834822058677673, -0.0228843055665493, 0.01939794234931469, -0.9331059455871582] status=0x8803
joint_pos=[1.2960000038146973, -51.98400115966797, 38.62799835205078, -3.995999813079834, -18.899999618530273, 29.84400177001953] joint_vel=[-0.0, 0.0, 0.0, 0.27000001072883606, -0.18000000715255737, 0.09000000357627869] imu_ang_vel=[-0.02411048486828804, -0.012683750130236149, -0.10897387564182281] imu_quat_wxyz=[-0.359322190284729, -0.022929005324840546, 0.01968919299542904, -0.9327240586280823] status=0x8803
joint_pos=[1.2960000038146973, -51.98400115966797, 38.62799835205078, -3.995999813079834, -18.899999618530273, 29.84400177001953] joint_vel=[-0.0, 0.0, 0.0, 0.27000001072883606, -0.18000000715255737, 0.09000000357627869] imu_ang_vel=[-0.023311536759138107, -0.0014984747394919395, -0.10870756208896637] imu_quat_wxyz=[-0.35879576206207275, -0.02287495695054531, 0.020175514742732048, -0.932917594909668] status=0x8803
joint_pos=[1.2960000038146973, -51.98400115966797, 38.62799835205078, -3.995999813079834, -18.899999618530273, 29.84400177001953] joint_vel=[-0.0, 0.0, 0.0, 0.27000001072883606, -0.18000000715255737, 0.09000000357627869] imu_ang_vel=[-0.01754135452210903, 0.0026738103479146957, -0.09885387122631073] imu_quat_wxyz=[-0.35976725816726685, -0.02282363548874855, 0.020356951281428337, -0.932540774345398] status=0x8803
joint_pos=[1.2960000038146973, -51.98400115966797, 38.62799835205078, -3.995999813079834, -18.899999618530273, 29.84400177001953] joint_vel=[-0.0, 0.0, 0.0, 0.27000001072883606, -0.18000000715255737, 0.09000000357627869] imu_ang_vel=[-0.011238539591431618, 0.012882594019174576, -0.09672334045171738] imu_quat_wxyz=[-0.36070719361305237, -0.022714387625455856, 0.020446447655558586, -0.9321783185005188] status=0x8803
joint_pos=[1.2960000038146973, -51.98400115966797, 38.62799835205078, -3.995999813079834, -18.899999618530273, 29.84400177001953] joint_vel=[-0.0, 0.0, 0.0, 0.27000001072883606, -0.18000000715255737, 0.09000000357627869] imu_ang_vel=[-0.006000990979373455, 0.021759796887636185, -0.09121948480606079] imu_quat_wxyz=[-0.3615949749946594, -0.02253049612045288, 0.020454807206988335, -0.9318386316299438] status=0x8803
joint_pos=[1.2960000038146973, -51.98400115966797, 38.62799835205078, -3.995999813079834, -18.899999618530273, 29.84400177001953] joint_vel=[-0.0, 0.0, 0.0, 0.27000001072883606, -0.18000000715255737, 0.09000000357627869] imu_ang_vel=[0.001988491974771023, 0.023712780326604843, -0.09077560901641846] imu_quat_wxyz=[-0.36246517300605774, -0.02233080565929413, 0.020375696942210197, -0.9315069317817688] status=0x8803
joint_pos=[1.2960000038146973, -51.98400115966797, 38.62799835205078, -3.995999813079834, -18.899999618530273, 29.84400177001953] joint_vel=[-0.0, 0.0, 0.0, 0.27000001072883606, -0.18000000715255737, 0.09000000357627869] imu_ang_vel=[0.007669900543987751, 0.0256657674908638, -0.0866033285856247] imu_quat_wxyz=[-0.36258479952812195, -0.02216184325516224, 0.020476290956139565, -0.931462287902832] status=0x8803
joint_pos=[1.2960000038146973, -51.98400115966797, 38.62799835205078, -3.995999813079834, -18.899999618530273, 29.84400177001953] joint_vel=[-0.0, 0.0, 0.0, 0.27000001072883606, -0.18000000715255737, 0.09000000357627869] imu_ang_vel=[0.007048497907817364, 0.021138392388820648, -0.08189841359853745] imu_quat_wxyz=[-0.3633788526058197, -0.021981608122587204, 0.02032073400914669, -0.9311604499816895] status=0x8803
joint_pos=[1.2960000038146973, -51.98400115966797, 38.62799835205078, -3.995999813079834, -18.899999618530273, 29.84400177001953] joint_vel=[-0.0, 0.0, 0.0, 0.27000001072883606, -0.18000000715255737, 0.09000000357627869] imu_ang_vel=[0.004829196259379387, 0.010929609648883343, -0.0818096399307251] imu_quat_wxyz=[-0.3637700080871582, -0.021938417106866837, 0.02027260698378086, -0.9310097694396973] status=0x8803
joint_pos=[1.2960000038146973, -51.98400115966797, 38.62799835205078, -3.995999813079834, -18.899999618530273, 29.84400177001953] joint_vel=[-0.0, 0.0, 0.0, 0.27000001072883606, -0.18000000715255737, 0.09000000357627869] imu_ang_vel=[0.004562879912555218, -0.005759532563388348, -0.09121948480606079] imu_quat_wxyz=[-0.3649970293045044, -0.022041816264390945, 0.020215954631567, -0.9305281639099121] status=0x8803
joint_pos=[1.2960000038146973, -51.98400115966797, 38.62799835205078, -3.995999813079834, -18.899999618530273, 29.84400177001953] joint_vel=[-0.0, 0.0, 0.0, 0.27000001072883606, -0.18000000715255737, 0.09000000357627869] imu_ang_vel=[0.002876211889088154, -0.004960584454238415, -0.10054053366184235] imu_quat_wxyz=[-0.3659169375896454, -0.022129833698272705, 0.020202578976750374, -0.9301650524139404] status=0x8803
joint_pos=[1.2960000038146973, -51.98400115966797, 38.62799835205078, -3.995999813079834, -18.899999618530273, 29.84400177001953] joint_vel=[-0.0, 0.0, 0.0, 0.27000001072883606, -0.18000000715255737, 0.09000000357627869] imu_ang_vel=[-0.0034266021102666855, 0.0010759138967841864, -0.10799738764762878] imu_quat_wxyz=[-0.3674887716770172, -0.02218697965145111, 0.020161986351013184, -0.9295446872711182] status=0x8803
joint_pos=[1.2960000038146973, -51.98400115966797, 38.62799835205078, -3.995999813079834, -18.899999618530273, 29.84400177001953] joint_vel=[-0.0, 0.0, 0.0, 0.27000001072883606, -0.18000000715255737, 0.09000000357627869] imu_ang_vel=[-0.012126260437071323, 0.006491007748991251, -0.10515668243169785] imu_quat_wxyz=[-0.36849087476730347, -0.022132311016321182, 0.020214833319187164, -0.9291480779647827] status=0x8803
joint_pos=[1.2960000038146973, -51.98400115966797, 38.62799835205078, -3.995999813079834, -18.899999618530273, 29.84400177001953] joint_vel=[-0.0, 0.0, 0.0, 0.27000001072883606, -0.18000000715255737, 0.09000000357627869] imu_ang_vel=[-0.01718626543879509, -0.0001668945187702775, -0.10400265455245972] imu_quat_wxyz=[-0.3694861829280853, -0.02206522785127163, 0.020351555198431015, -0.9287512898445129] status=0x8803
joint_pos=[1.2960000038146973, -51.98400115966797, 38.62799835205078, -3.995999813079834, -18.899999618530273, 29.84400177001953] joint_vel=[-0.0, 0.0, 0.0, 0.27000001072883606, -0.18000000715255737, 0.09000000357627869] imu_ang_vel=[-0.018784161657094955, -0.004694267641752958, -0.11287984997034073] imu_quat_wxyz=[-0.37051501870155334, -0.02205936424434185, 0.02053176611661911, -0.928337574005127] status=0x8803
joint_pos=[1.2960000038146973, -51.98400115966797, 38.62799835205078, -3.995999813079834, -18.899999618530273, 29.84400177001953] joint_vel=[-0.0, 0.0, 0.0, 0.27000001072883606, -0.18000000715255737, 0.09000000357627869] imu_ang_vel=[-0.015677141025662422, -0.011263398453593254, -0.12069179117679596] imu_quat_wxyz=[-0.37163010239601135, -0.022108670324087143, 0.020709872245788574, -0.9278864860534668] status=0x8803
joint_pos=[1.2960000038146973, -51.98400115966797, 38.62799835205078, -3.995999813079834, -18.899999618530273, 29.84400177001953] joint_vel=[-0.0, 0.0, 0.0, 0.27000001072883606, -0.18000000715255737, 0.09000000357627869] imu_ang_vel=[-0.017275039106607437, -0.008600236847996712, -0.11660827696323395] imu_quat_wxyz=[-0.3733619749546051, -0.02211320772767067, 0.020671511068940163, -0.9271917343139648] status=0x8803
joint_pos=[1.2960000038146973, -51.98400115966797, 38.62799835205078, -3.995999813079834, -18.899999618530273, 29.84400177001953] joint_vel=[-0.0, 0.0, 0.0, 0.27000001072883606, -0.18000000715255737, 0.09000000357627869] imu_ang_vel=[-0.02277890406548977, -0.0070911129005253315, -0.10462404787540436] imu_quat_wxyz=[-0.37439972162246704, -0.02212495729327202, 0.02088928036391735, -0.9267680644989014] status=0x8803
joint_pos=[1.2960000038146973, -51.98400115966797, 38.62799835205078, -3.995999813079834, -18.899999618530273, 29.84400177001953] joint_vel=[-0.0, 0.0, 0.0, 0.27000001072883606, -0.18000000715255737, 0.09000000357627869] imu_ang_vel=[-0.024376800283789635, -0.008777780458331108, -0.09938649833202362] imu_quat_wxyz=[-0.3748767673969269, -0.022129245102405548, 0.021014943718910217, -0.9265722632408142] status=0x8803
joint_pos=[1.2960000038146973, -51.98400115966797, 38.62799835205078, -3.995999813079834, -18.899999618530273, 29.84400177001953] joint_vel=[-0.0, 0.0, 0.0, 0.27000001072883606, -0.18000000715255737, 0.09000000357627869] imu_ang_vel=[-0.021891184151172638, -0.011973574757575989, -0.08704718947410583] imu_quat_wxyz=[-0.3761785626411438, -0.02219063974916935, 0.021403802558779716, -0.9260340929031372] status=0x8803
joint_pos=[1.2960000038146973, -51.98400115966797, 38.62799835205078, -3.995999813079834, -18.899999618530273, 29.84400177001953] joint_vel=[-0.0, 0.0, 0.0, 0.27000001072883606, -0.18000000715255737, 0.09000000357627869] imu_ang_vel=[-0.020737148821353912, -0.011352170258760452, -0.07657209038734436] imu_quat_wxyz=[-0.3769453167915344, -0.02223895862698555, 0.021645981818437576, -0.9257155060768127] status=0x8803
joint_pos=[1.2960000038146973, -51.98400115966797, 38.62799835205078, -3.995999813079834, -18.899999618530273, 29.84400177001953] joint_vel=[-0.0, 0.0, 0.0, 0.27000001072883606, -0.18000000715255737, 0.09000000357627869] imu_ang_vel=[-0.016387317329645157, -0.007801288738846779, -0.06361137330532074] imu_quat_wxyz=[-0.3777342140674591, -0.022234173491597176, 0.02176692709326744, -0.9253911972045898] status=0x8803
joint_pos=[1.2960000038146973, -51.98400115966797, 38.62799835205078, -3.995999813079834, -18.899999618530273, 29.84400177001953] joint_vel=[-0.0, 0.0, 0.0, 0.27000001072883606, -0.18000000715255737, 0.09000000357627869] imu_ang_vel=[-0.011682400479912758, -0.00717988470569253, -0.04887521266937256] imu_quat_wxyz=[-0.3782569169998169, -0.022261248901486397, 0.021930210292339325, -0.9251731634140015] status=0x8803
joint_pos=[1.2960000038146973, -51.98400115966797, 38.62799835205078, -3.995999813079834, -18.899999618530273, 29.84400177001953] joint_vel=[-0.0, 0.0, 0.0, 0.27000001072883606, -0.18000000715255737, 0.09000000357627869] imu_ang_vel=[-0.008930467069149017, -0.007002340629696846, -0.030943263322114944] imu_quat_wxyz=[-0.3786276876926422, -0.022299902513623238, 0.02205588109791279, -0.9250174164772034] status=0x8803
joint_pos=[1.2960000038146973, -51.98400115966797, 38.62799835205078, -3.995999813079834, -18.899999618530273, 29.84400177001953] joint_vel=[-0.0, 0.0, 0.0, 0.27000001072883606, -0.18000000715255737, 0.09000000357627869] imu_ang_vel=[-0.0026276540011167526, -0.010641993954777718, -0.012656226754188538] imu_quat_wxyz=[-0.37881964445114136, -0.022376440465450287, 0.022154422476887703, -0.9249347448348999] status=0x8803
joint_pos=[1.2960000038146973, -51.98400115966797, 38.62799835205078, -3.995999813079834, -18.899999618530273, 29.84400177001953] joint_vel=[-0.0, 0.0, 0.0, 0.27000001072883606, -0.18000000715255737, 0.09000000357627869] imu_ang_vel=[0.002876211889088154, -0.009132868610322475, 0.0031451936811208725] imu_quat_wxyz=[-0.37885329127311707, -0.022476818412542343, 0.022204037755727768, -0.9249172806739807] status=0x8803
joint_pos=[1.2960000038146973, -51.98400115966797, 38.62799835205078, -3.995999813079834, -18.899999618530273, 29.84400177001953] joint_vel=[-0.0, 0.0, 0.0, 0.27000001072883606, -0.18000000715255737, 0.09000000357627869] imu_ang_vel=[0.00935656949877739, -0.006203392520546913, 0.015484505333006382] imu_quat_wxyz=[-0.37872570753097534, -0.022571906447410583, 0.02221701666712761, -0.9249669909477234] status=0x8803
joint_pos=[1.2960000038146973, -51.98400115966797, 38.62799835205078, -3.995999813079834, -18.899999618530273, 29.84400177001953] joint_vel=[-0.0, 0.0, 0.0, 0.27000001072883606, -0.18000000715255737, 0.09000000357627869] imu_ang_vel=[0.012641134671866894, -0.002474966924637556, 0.02329644374549389] imu_quat_wxyz=[-0.3785485029220581, -0.022649725899100304, 0.022143064066767693, -0.9250392913818359] status=0x8803
joint_pos=[1.2960000038146973, -51.98400115966797, 38.62799835205078, -3.995999813079834, -18.899999618530273, 29.84400177001953] joint_vel=[-0.0, 0.0, 0.0, 0.27000001072883606, -0.18000000715255737, 0.09000000357627869] imu_ang_vel=[0.014061488211154938, 9.942171163856983e-05, 0.029421713203191757] imu_quat_wxyz=[-0.3784257769584656, -0.02267957106232643, 0.022091930732131004, -0.9250900745391846] status=0x8803
joint_pos=[1.2960000038146973, -51.98400115966797, 38.62799835205078, -3.995999813079834, -18.899999618530273, 29.84400177001953] joint_vel=[-0.0, 0.0, 0.0, 0.27000001072883606, -0.18000000715255737, 0.09000000357627869] imu_ang_vel=[0.012729906477034092, 0.009598028846085072, 0.045755766332149506] imu_quat_wxyz=[-0.3779117166996002, -0.022671034559607506, 0.02191668003797531, -0.9253045320510864] status=0x8803
joint_pos=[1.2960000038146973, -51.98400115966797, 38.62799835205078, -3.995999813079834, -18.899999618530273, 29.84400177001953] joint_vel=[-0.0, 0.0, 0.0, 0.27000001072883606, -0.18000000715255737, 0.09000000357627869] imu_ang_vel=[0.014949208125472069, 0.0118173286318779, 0.048152610659599304] imu_quat_wxyz=[-0.3774847090244293, -0.022608494386076927, 0.02178126946091652, -0.9254835247993469] status=0x8803
joint_pos=[1.2960000038146973, -51.98400115966797, 38.62799835205078, -3.995999813079834, -18.899999618530273, 29.84400177001953] joint_vel=[-0.0, 0.0, 0.0, 0.27000001072883606, -0.18000000715255737, 0.09000000357627869] imu_ang_vel=[0.016635876148939133, 0.011018380522727966, 0.04699857532978058] imu_quat_wxyz=[-0.3773740231990814, -0.022604603320360184, 0.0216507650911808, -0.925531804561615] status=0x8803
joint_pos=[1.2960000038146973, -51.98400115966797, 38.62799835205078, -3.995999813079834, -18.899999618530273, 29.84400177001953] joint_vel=[-0.0, 0.0, 0.0, 0.27000001072883606, -0.18000000715255737, 0.09000000357627869] imu_ang_vel=[0.01636955887079239, 0.014214174821972847, 0.04380278289318085] imu_quat_wxyz=[-0.376971572637558, -0.02254142239689827, 0.021481670439243317, -0.9257013201713562] status=0x8803
joint_pos=[1.2960000038146973, -51.98400115966797, 38.62799835205078, -3.995999813079834, -18.899999618530273, 29.84400177001953] joint_vel=[-0.0, 0.0, 0.0, 0.27000001072883606, -0.18000000715255737, 0.09000000357627869] imu_ang_vel=[0.014239031821489334, 0.01456926204264164, 0.04264874756336212] imu_quat_wxyz=[-0.37658634781837463, -0.022458795458078384, 0.02131795510649681, -0.9258639216423035] status=0x8803
joint_pos=[1.2960000038146973, -51.98400115966797, 38.62799835205078, -3.995999813079834, -18.899999618530273, 29.84400177001953] joint_vel=[-0.0, 0.0, 0.0, 0.27000001072883606, -0.18000000715255737, 0.09000000357627869] imu_ang_vel=[0.01068815030157566, 0.010041888803243637, 0.03865400701761246] imu_quat_wxyz=[-0.37623172998428345, -0.0223897285759449, 0.021191321313381195, -0.9260126352310181] status=0x8803
joint_pos=[1.2960000038146973, -51.98400115966797, 38.62799835205078, -3.995999813079834, -18.899999618530273, 29.84400177001953] joint_vel=[-0.0, 0.0, 0.0, 0.27000001072883606, -0.18000000715255737, 0.09000000357627869] imu_ang_vel=[0.007137268781661987, 0.0048043392598629, 0.03235119581222534] imu_quat_wxyz=[-0.3759271502494812, -0.022354373708367348, 0.021117638796567917, -0.9261388182640076] status=0x8803
joint_pos=[1.2960000038146973, -51.98400115966797, 38.62799835205078, -3.995999813079834, -18.899999618530273, 29.84400177001953] joint_vel=[-0.0, 0.0, 0.0, 0.27000001072883606, -0.18000000715255737, 0.09000000357627869] imu_ang_vel=[0.004651651717722416, 0.0005432820180431008, 0.02223118022084236] imu_quat_wxyz=[-0.3756178617477417, -0.02232409082353115, 0.021055174991488457, -0.9262664318084717] status=0x8803
joint_pos=[1.2960000038146973, -51.98400115966797, 38.62799835205078, -3.995999813079834, -18.899999618530273, 29.84400177001953] joint_vel=[-0.0, 0.0, 0.0, 0.27000001072883606, -0.18000000715255737, 0.09000000357627869] imu_ang_vel=[0.0008344557136297226, 0.0008095978992059827, 0.012732572853565216] imu_quat_wxyz=[-0.37547874450683594, -0.022333448752760887, 0.021061111241579056, -0.9263225197792053] status=0x8803
joint_pos=[1.2960000038146973, -51.98400115966797, 38.62799835205078, -3.995999813079834, -18.899999618530273, 29.84400177001953] joint_vel=[-0.0, 0.0, 0.0, 0.27000001072883606, -0.18000000715255737, 0.09000000357627869] imu_ang_vel=[-0.0004971255548298359, 0.0013422303600236773, 0.009181691333651543] imu_quat_wxyz=[-0.37544015049934387, -0.02232762612402439, 0.021069694310426712, -0.9263380765914917] status=0x8803
joint_pos=[1.2960000038146973, -51.98400115966797, 38.62799835205078, -3.995999813079834, -18.899999618530273, 29.84400177001953] joint_vel=[-0.0, 0.0, 0.0, 0.27000001072883606, -0.18000000715255737, 0.09000000357627869] imu_ang_vel=[-0.004403093829751015, -0.0027412830386310816, 0.0004820327740162611] imu_quat_wxyz=[-0.3754126727581024, -0.022333310917019844, 0.021139195188879967, -0.926347553730011] status=0x8803
joint_pos=[1.2960000038146973, -51.98400115966797, 38.62799835205078, -3.995999813079834, -18.899999618530273, 29.84400177001953] joint_vel=[-0.0, 0.0, 0.0, 0.27000001072883606, -0.18000000715255737, 0.09000000357627869] imu_ang_vel=[-0.0048469542525708675, -0.008777780458331108, -0.002891304437071085] imu_quat_wxyz=[-0.375444233417511, -0.022374754771590233, 0.0212261825799942, -0.9263317584991455] status=0x8803
joint_pos=[1.2960000038146973, -51.98400115966797, 38.62799835205078, -3.995999813079834, -18.899999618530273, 29.84400177001953] joint_vel=[-0.0, 0.0, 0.0, 0.27000001072883606, -0.18000000715255737, 0.09000000357627869] imu_ang_vel=[-0.0043143220245838165, -0.009576728567481041, -0.006353413686156273] imu_quat_wxyz=[-0.3752726912498474, -0.02241797000169754, 0.02132938802242279, -0.9263978600502014] status=0x8803
joint_pos=[1.2960000038146973, -51.98400115966797, 38.62799835205078, -3.995999813079834, -18.899999618530273, 29.84400177001953] joint_vel=[-0.0, 0.0, 0.0, 0.27000001072883606, -0.18000000715255737, 0.09000000357627869] imu_ang_vel=[-0.004580637905746698, -0.0076237451285123825, -0.00883902981877327] imu_quat_wxyz=[-0.37536725401878357, -0.02248327061533928, 0.021424414590001106, -0.9263557195663452] status=0x8803
joint_pos=[1.2960000038146973, -51.98400115966797, 38.62799835205078, -3.995999813079834, -18.899999618530273, 29.84400177001953] joint_vel=[-0.0, 0.0, 0.0, 0.27000001072883606, -0.18000000715255737, 0.09000000357627869] imu_ang_vel=[-0.0028939698822796345, -0.005581988021731377, -0.007951309904456139] imu_quat_wxyz=[-0.3754594922065735, -0.022535191848874092, 0.021494481712579727, -0.9263155460357666] status=0x8803
joint_pos=[1.2960000038146973, -51.98400115966797, 38.62799835205078, -3.995999813079834, -18.899999618530273, 29.84400177001953] joint_vel=[-0.0, 0.0, 0.0, 0.27000001072883606, -0.18000000715255737, 0.09000000357627869] imu_ang_vel=[-0.0007634414359927177, -0.003806547960266471, -0.006797273643314838] imu_quat_wxyz=[-0.37554311752319336, -0.02258133888244629, 0.0215406883507967, -0.9262793660163879] status=0x8803
joint_pos=[1.2960000038146973, -51.98400115966797, 38.62799835205078, -3.995999813079834, -18.899999618530273, 29.84400177001953] joint_vel=[-0.0, 0.0, 0.0, 0.27000001072883606, -0.18000000715255737, 0.09000000357627869] imu_ang_vel=[0.0018109478987753391, -0.0023861948866397142, -0.0019148120190948248] imu_quat_wxyz=[-0.3755966126918793, -0.022618087008595467, 0.021558251231908798, -0.9262564778327942] status=0x8803
joint_pos=[1.2960000038146973, -51.98400115966797, 38.62799835205078, -3.995999813079834, -18.899999618530273, 29.84400177001953] joint_vel=[-0.0, 0.0, 0.0, 0.27000001072883606, -0.18000000715255737, 0.09000000357627869] imu_ang_vel=[0.0034088436514139175, 0.000454509980045259, -0.001293407753109932] imu_quat_wxyz=[-0.3755091428756714, -0.02265016734600067, 0.021633483469486237, -0.9262893795967102] status=0x8803
joint_pos=[1.2960000038146973, -51.98400115966797, 38.62799835205078, -3.995999813079834, -18.899999618530273, 29.84400177001953] joint_vel=[-0.0, 0.0, 0.0, 0.27000001072883606, -0.18000000715255737, 0.09000000357627869] imu_ang_vel=[0.005450599826872349, 0.004893111065030098, -0.001826039981096983] imu_quat_wxyz=[-0.3755360543727875, -0.022636543959379196, 0.021600540727376938, -0.9262795448303223] status=0x8803
joint_pos=[1.2960000038146973, -51.98400115966797, 38.62799835205078, -3.995999813079834, -18.899999618530273, 29.84400177001953] joint_vel=[-0.0, 0.0, 0.0, 0.27000001072883606, -0.18000000715255737, 0.09000000357627869] imu_ang_vel=[0.006427093409001827, 0.006934868171811104, -0.0032463925890624523] imu_quat_wxyz=[-0.3755767047405243, -0.022605596110224724, 0.021541697904467583, -0.9262651801109314] status=0x8803
joint_pos=[1.2960000038146973, -51.98400115966797, 38.62799835205078, -3.995999813079834, -18.899999618530273, 29.84400177001953] joint_vel=[-0.0, 0.0, 0.0, 0.27000001072883606, -0.18000000715255737, 0.09000000357627869] imu_ang_vel=[0.006160777062177658, 0.009331712499260902, -0.005199377425014973] imu_quat_wxyz=[-0.37563803791999817, -0.022556643933057785, 0.02147124893963337, -0.9262431859970093] status=0x8803
joint_pos=[1.2960000038146973, -51.98400115966797, 38.62799835205078, -3.995999813079834, -18.899999618530273, 29.84400177001953] joint_vel=[-0.0, 0.0, 0.0, 0.27000001072883606, -0.18000000715255737, 0.09000000357627869] imu_ang_vel=[0.0046516526490449905, 0.0094204843044281, -0.006175869144499302] imu_quat_wxyz=[-0.3756730258464813, -0.022526497021317482, 0.021435992792248726, -0.9262305498123169] status=0x8803
joint_pos=[1.2960000038146973, -51.98400115966797, 38.62799835205078, -3.995999813079834, -18.899999618530273, 29.84400177001953] joint_vel=[-0.0, 0.0, 0.0, 0.27000001072883606, -0.18000000715255737, 0.09000000357627869] imu_ang_vel=[0.004829196259379387, 0.011018381454050541, -0.01070324331521988] imu_quat_wxyz=[-0.3758451044559479, -0.022436540573835373, 0.021383341401815414, -0.9261640906333923] status=0x8803
joint_pos=[1.2960000038146973, -51.98400115966797, 38.62799835205078, -3.995999813079834, -18.899999618530273, 29.84400177001953] joint_vel=[-0.0, 0.0, 0.0, 0.27000001072883606, -0.18000000715255737, 0.09000000357627869] imu_ang_vel=[0.003763931803405285, 0.007911359891295433, -0.01256745494902134] imu_quat_wxyz=[-0.37597593665122986, -0.022370915859937668, 0.021328067407011986, -0.9261138439178467] status=0x8803
joint_pos=[1.2960000038146973, -51.98400115966797, 38.62799835205078, -3.995999813079834, -18.899999618530273, 29.84400177001953] joint_vel=[-0.0, 0.0, 0.0, 0.27000001072883606, -0.18000000715255737, 0.09000000357627869] imu_ang_vel=[0.003941476345062256, 0.005159427411854267, -0.01345517486333847] imu_quat_wxyz=[-0.37611711025238037, -0.022326476871967316, 0.021280530840158463, -0.9260586500167847] status=0x8803
