Log file: /home/cx/robot_deploy/log/2026-07-16_17-59-51.txt
Connected to /dev/ttyACM0 at 921600 baud; loop rate 200 Hz.
joint_pos=[0.0, 0.0, 0.0, -0.0, 0.0, 0.0] imu_ang_vel=[0.02982831373810768, -0.024501830339431763, 0.0] imu_quat_wxyz=[0.7163054943084717, 0.2109081894159317, 0.13163600862026215, -0.6519938707351685]
joint_pos=[0.0, 0.0, 0.0, -0.0, 0.0, 0.0] imu_ang_vel=[0.02982831373810768, -0.024501830339431763, 0.0] imu_quat_wxyz=[0.7163054943084717, 0.2109081894159317, 0.13163600862026215, -0.6519938707351685]
joint_pos=[0.0, 0.0, 0.0, -0.0, 0.0, 0.0] imu_ang_vel=[0.02663242258131504, -0.025567125529050827, 0.0] imu_quat_wxyz=[0.7162809371948242, 0.21079906821250916, 0.13137537240982056, -0.6521087884902954]
joint_pos=[0.0, 0.0, 0.0, -0.0, 0.0, 0.0] imu_ang_vel=[0.02663242258131504, -0.025567125529050827, 0.0] imu_quat_wxyz=[0.7162809371948242, 0.21079906821250916, 0.13137537240982056, -0.6521087884902954]
joint_pos=[0.0, 0.0, 0.0, -0.0, 0.0, 0.0] imu_ang_vel=[0.022371236234903336, -0.02663242258131504, 0.0] imu_quat_wxyz=[0.7162531018257141, 0.21067897975444794, 0.1311844438314438, -0.6522166728973389]
joint_pos=[0.0, 0.0, 0.0, -0.0, 0.0, 0.0] imu_ang_vel=[0.022371236234903336, -0.02663242258131504, 0.0] imu_quat_wxyz=[0.7162531018257141, 0.21067897975444794, 0.1311844438314438, -0.6522166728973389]
joint_pos=[0.0, 0.0, 0.0, -0.0, 0.0, 0.0] imu_ang_vel=[0.019175345078110695, -0.027697719633579254, 0.0] imu_quat_wxyz=[0.7162134051322937, 0.21041661500930786, 0.13092578947544098, -0.6523967981338501]
joint_pos=[0.0, 0.0, 0.0, -0.0, 0.0, 0.0] imu_ang_vel=[0.019175345078110695, -0.027697719633579254, 0.0] imu_quat_wxyz=[0.7162134051322937, 0.21041661500930786, 0.13092578947544098, -0.6523967981338501]
joint_pos=[0.0, 0.0, 0.0, -0.0, 0.0, 0.0] imu_ang_vel=[0.013848859816789627, -0.028763016685843468, 0.0] imu_quat_wxyz=[0.7161996364593506, 0.21010471880435944, 0.13075639307498932, -0.6525463461875916]
joint_pos=[0.0, 0.0, 0.0, -0.0, 0.0, 0.0] imu_ang_vel=[0.013848859816789627, -0.028763016685843468, 0.0] imu_quat_wxyz=[0.7161996364593506, 0.21010471880435944, 0.13075639307498932, -0.6525463461875916]
joint_pos=[0.0, 0.0, 0.0, -0.0, 0.0, 0.0] imu_ang_vel=[0.010652969591319561, -0.02663242258131504, 0.0] imu_quat_wxyz=[0.7162635922431946, 0.20995110273361206, 0.13080671429634094, -0.6525154709815979]
joint_pos=[0.0, 0.0, 0.0, -0.0, 0.0, 0.0] imu_ang_vel=[0.010652969591319561, -0.02663242258131504, 0.0] imu_quat_wxyz=[0.7162635922431946, 0.20995110273361206, 0.13080671429634094, -0.6525154709815979]
joint_pos=[0.0, 0.0, 0.0, -0.0, 0.0, 0.0] imu_ang_vel=[0.0, -0.027697719633579254, 0.0] imu_quat_wxyz=[0.7164014577865601, 0.20969879627227783, 0.13101086020469666, -0.6524043083190918]
joint_pos=[0.0, 0.0, 0.0, -0.0, 0.0, 0.0] imu_ang_vel=[0.0, -0.027697719633579254, 0.0] imu_quat_wxyz=[0.7164014577865601, 0.20969879627227783, 0.13101086020469666, -0.6524043083190918]
joint_pos=[0.0, 0.0, 0.0, -0.0, 0.0, 0.0] imu_ang_vel=[0.0, -0.024501830339431763, 0.0] imu_quat_wxyz=[0.7165135145187378, 0.20937848091125488, 0.13105322420597076, -0.6523756384849548]
joint_pos=[0.0, 0.0, 0.0, -0.0, 0.0, 0.0] imu_ang_vel=[0.0, -0.024501830339431763, 0.0] imu_quat_wxyz=[0.7165135145187378, 0.20937848091125488, 0.13105322420597076, -0.6523756384849548]
joint_pos=[0.0, 0.0, 0.0, -0.0, 0.0, 0.0] imu_ang_vel=[0.0, -0.022371236234903336, 0.0] imu_quat_wxyz=[0.716634213924408, 0.20913097262382507, 0.13105949759483337, -0.6523212790489197]
joint_pos=[0.0, 0.0, 0.0, -0.0, 0.0, 0.0] imu_ang_vel=[0.0, -0.022371236234903336, 0.0] imu_quat_wxyz=[0.716634213924408, 0.20913097262382507, 0.13105949759483337, -0.6523212790489197]
joint_pos=[0.0, 0.0, 0.0, -0.0, 0.0, 0.0] imu_ang_vel=[0.0, -0.019175345078110695, 0.0] imu_quat_wxyz=[0.7167670726776123, 0.20899979770183563, 0.13108719885349274, -0.6522117257118225]
joint_pos=[0.0, 0.0, 0.0, -0.0, 0.0, 0.0] imu_ang_vel=[0.0, -0.019175345078110695, 0.0] imu_quat_wxyz=[0.7167670726776123, 0.20899979770183563, 0.13108719885349274, -0.6522117257118225]
joint_pos=[0.0, 0.0, 0.0, -0.0, 0.0, 0.0] imu_ang_vel=[-0.012783562764525414, -0.015979453921318054, 0.0] imu_quat_wxyz=[0.7168956995010376, 0.208871990442276, 0.1312146633863449, -0.6520857214927673]
joint_pos=[0.0, 0.0, 0.0, -0.0, 0.0, 0.0] imu_ang_vel=[-0.012783562764525414, -0.015979453921318054, 0.0] imu_quat_wxyz=[0.7168956995010376, 0.208871990442276, 0.1312146633863449, -0.6520857214927673]
joint_pos=[0.0, 0.0, 0.0, -0.0, 0.0, 0.0] imu_ang_vel=[-0.013848859816789627, -0.010652969591319561, 0.0] imu_quat_wxyz=[0.7170840501785278, 0.20868948101997375, 0.13154150545597076, -0.6518711447715759]
joint_pos=[0.0, 0.0, 0.0, -0.0, 0.0, 0.0] imu_ang_vel=[-0.013848859816789627, -0.010652969591319561, 0.0] imu_quat_wxyz=[0.7170840501785278, 0.20868948101997375, 0.13154150545597076, -0.6518711447715759]
joint_pos=[0.0, 0.0, 0.0, -0.0, 0.0, 0.0] imu_ang_vel=[-0.01811004802584648, 0.0, 0.0] imu_quat_wxyz=[0.7172199487686157, 0.2085675150156021, 0.13196225464344025, -0.6516755223274231]
joint_pos=[0.0, 0.0, 0.0, -0.0, 0.0, 0.0] imu_ang_vel=[-0.01811004802584648, 0.0, 0.0] imu_quat_wxyz=[0.7172199487686157, 0.2085675150156021, 0.13196225464344025, -0.6516755223274231]
joint_pos=[0.0, 0.0, 0.0, -0.0, 0.0, 0.0] imu_ang_vel=[-0.02024064213037491, 0.0, 0.0] imu_quat_wxyz=[0.7173634767532349, 0.20838363468647003, 0.13231468200683594, -0.6515048742294312]
joint_pos=[0.0, 0.0, 0.0, -0.0, 0.0, 0.0] imu_ang_vel=[-0.02024064213037491, 0.0, 0.0] imu_quat_wxyz=[0.7173634767532349, 0.20838363468647003, 0.13231468200683594, -0.6515048742294312]
joint_pos=[0.0, 0.0, 0.0, -0.0, 0.0, 0.0] imu_ang_vel=[-0.01811004802584648, 0.0, 0.0] imu_quat_wxyz=[0.7174966931343079, 0.20818684995174408, 0.13253487646579742, -0.6513763666152954]
joint_pos=[0.0, 0.0, 0.0, -0.0, 0.0, 0.0] imu_ang_vel=[-0.01811004802584648, 0.0, 0.0] imu_quat_wxyz=[0.7174966931343079, 0.20818684995174408, 0.13253487646579742, -0.6513763666152954]
joint_pos=[0.0, 0.0, 0.0, -0.0, 0.0, 0.0] imu_ang_vel=[-0.021305939182639122, 0.0, 0.0] imu_quat_wxyz=[0.7176066637039185, 0.20798811316490173, 0.13270814716815948, -0.6512833833694458]
joint_pos=[0.0, 0.0, 0.0, -0.0, 0.0, 0.0] imu_ang_vel=[-0.021305939182639122, 0.0, 0.0] imu_quat_wxyz=[0.7176066637039185, 0.20798811316490173, 0.13270814716815948, -0.6512833833694458]
joint_pos=[0.0, 0.0, 0.0, -0.0, 0.0, 0.0] imu_ang_vel=[-0.019175345078110695, 0.0, 0.0] imu_quat_wxyz=[0.7177022099494934, 0.207840695977211, 0.13291069865226746, -0.6511839032173157]
joint_pos=[0.0, 0.0, 0.0, -0.0, 0.0, 0.0] imu_ang_vel=[-0.019175345078110695, 0.0, 0.0] imu_quat_wxyz=[0.7177022099494934, 0.207840695977211, 0.13291069865226746, -0.6511839032173157]
joint_pos=[0.0, 0.0, 0.0, -0.0, 0.0, 0.0] imu_ang_vel=[-0.01811004802584648, 0.010652969591319561, 0.0] imu_quat_wxyz=[0.7178507447242737, 0.20785239338874817, 0.13315099477767944, -0.6509672999382019]
joint_pos=[0.0, 0.0, 0.0, -0.0, 0.0, 0.0] imu_ang_vel=[-0.01811004802584648, 0.010652969591319561, 0.0] imu_quat_wxyz=[0.7178507447242737, 0.20785239338874817, 0.13315099477767944, -0.6509672999382019]
joint_pos=[0.0, 0.0, 0.0, -0.0, 0.0, 0.0] imu_ang_vel=[-0.017044750973582268, 0.013848859816789627, 0.0] imu_quat_wxyz=[0.71794593334198, 0.20782898366451263, 0.13342422246932983, -0.65081387758255]
joint_pos=[0.0, 0.0, 0.0, -0.0, 0.0, 0.0] imu_ang_vel=[-0.017044750973582268, 0.013848859816789627, 0.0] imu_quat_wxyz=[0.71794593334198, 0.20782898366451263, 0.13342422246932983, -0.65081387758255]
joint_pos=[0.0, 0.0, 0.0, -0.0, 0.0, 0.0] imu_ang_vel=[-0.01491415686905384, 0.015979453921318054, 0.0] imu_quat_wxyz=[0.7179777026176453, 0.20787958800792694, 0.13370801508426666, -0.6507043838500977]
joint_pos=[0.0, 0.0, 0.0, -0.0, 0.0, 0.0] imu_ang_vel=[-0.01491415686905384, 0.015979453921318054, 0.0] imu_quat_wxyz=[0.7179777026176453, 0.20787958800792694, 0.13370801508426666, -0.6507043838500977]
joint_pos=[0.0, 0.0, 0.0, -0.0, 0.0, 0.0] imu_ang_vel=[-0.012783562764525414, 0.017044750973582268, 0.012783562764525414] imu_quat_wxyz=[0.7181617021560669, 0.20809154212474823, 0.1339426040649414, -0.650385320186615]
joint_pos=[0.0, 0.0, 0.0, -0.0, 0.0, 0.0] imu_ang_vel=[-0.012783562764525414, 0.017044750973582268, 0.012783562764525414] imu_quat_wxyz=[0.7181617021560669, 0.20809154212474823, 0.1339426040649414, -0.650385320186615]
joint_pos=[0.0, 0.0, 0.0, -0.0, 0.0, 0.0] imu_ang_vel=[0.0, 0.01811004802584648, 0.012783562764525414] imu_quat_wxyz=[0.7183156609535217, 0.20829248428344727, 0.13410504162311554, -0.6501173377037048]
joint_pos=[0.0, 0.0, 0.0, -0.0, 0.0, 0.0] imu_ang_vel=[0.0, 0.01811004802584648, 0.012783562764525414] imu_quat_wxyz=[0.7183156609535217, 0.20829248428344727, 0.13410504162311554, -0.6501173377037048]
joint_pos=[0.0, 0.0, 0.0, -0.0, 0.0, 0.0] imu_ang_vel=[0.0, 0.01811004802584648, 0.01491415686905384] imu_quat_wxyz=[0.718482255935669, 0.20861339569091797, 0.13422352075576782, -0.6498058438301086]
joint_pos=[0.0, 0.0, 0.0, -0.0, 0.0, 0.0] imu_ang_vel=[0.0, 0.01811004802584648, 0.01491415686905384] imu_quat_wxyz=[0.718482255935669, 0.20861339569091797, 0.13422352075576782, -0.6498058438301086]
joint_pos=[0.0, 0.0, 0.0, -0.0, 0.0, 0.0] imu_ang_vel=[0.0, 0.01811004802584648, 0.015979453921318054] imu_quat_wxyz=[0.7186362743377686, 0.2088577151298523, 0.1343918740749359, -0.6495222449302673]
joint_pos=[0.0, 0.0, 0.0, -0.0, 0.0, 0.0] imu_ang_vel=[0.0, 0.01811004802584648, 0.015979453921318054] imu_quat_wxyz=[0.7186362743377686, 0.2088577151298523, 0.1343918740749359, -0.6495222449302673]
joint_pos=[0.0, 0.0, 0.0, -0.0, 0.0, 0.0] imu_ang_vel=[0.0, 0.017044750973582268, 0.015979453921318054] imu_quat_wxyz=[0.7187321782112122, 0.20901153981685638, 0.1343774050474167, -0.6493696570396423]
joint_pos=[0.0, 0.0, 0.0, -0.0, 0.0, 0.0] imu_ang_vel=[0.0, 0.017044750973582268, 0.015979453921318054] imu_quat_wxyz=[0.7187321782112122, 0.20901153981685638, 0.1343774050474167, -0.6493696570396423]
joint_pos=[0.0, 0.0, 0.0, -0.0, 0.0, 0.0] imu_ang_vel=[0.0, 0.01491415686905384, 0.01811004802584648] imu_quat_wxyz=[0.7188584208488464, 0.209122434258461, 0.134365051984787, -0.6491967439651489]
joint_pos=[0.0, 0.0, 0.0, -0.0, 0.0, 0.0] imu_ang_vel=[0.0, 0.01491415686905384, 0.01811004802584648] imu_quat_wxyz=[0.7188584208488464, 0.209122434258461, 0.134365051984787, -0.6491967439651489]
joint_pos=[0.0, 0.0, 0.0, -0.0, 0.0, 0.0] imu_ang_vel=[0.0, 0.012783562764525414, 0.017044750973582268] imu_quat_wxyz=[0.7189767956733704, 0.20919814705848694, 0.13432097434997559, -0.6490502953529358]
joint_pos=[0.0, 0.0, 0.0, -0.0, 0.0, 0.0] imu_ang_vel=[0.0, 0.012783562764525414, 0.017044750973582268] imu_quat_wxyz=[0.7189767956733704, 0.20919814705848694, 0.13432097434997559, -0.6490502953529358]
joint_pos=[0.0, 0.0, 0.0, -0.0, 0.0, 0.0] imu_ang_vel=[0.010652969591319561, 0.0, 0.017044750973582268] imu_quat_wxyz=[0.7190694212913513, 0.20921215415000916, 0.13422253727912903, -0.6489635109901428]
joint_pos=[0.0, 0.0, 0.0, -0.0, 0.0, 0.0] imu_ang_vel=[0.010652969591319561, 0.0, 0.017044750973582268] imu_quat_wxyz=[0.7190694212913513, 0.20921215415000916, 0.13422253727912903, -0.6489635109901428]
joint_pos=[0.0, 0.0, 0.0, -0.0, 0.0, 0.0] imu_ang_vel=[0.011718266643583775, 0.0, 0.01811004802584648] imu_quat_wxyz=[0.7191892266273499, 0.2093263417482376, 0.13403327763080597, -0.6488330960273743]
joint_pos=[0.0, 0.0, 0.0, -0.0, 0.0, 0.0] imu_ang_vel=[0.011718266643583775, 0.0, 0.01811004802584648] imu_quat_wxyz=[0.7191892266273499, 0.2093263417482376, 0.13403327763080597, -0.6488330960273743]
joint_pos=[0.0, 0.0, 0.0, -0.0, 0.0, 0.0] imu_ang_vel=[0.013848859816789627, 0.0, 0.017044750973582268] imu_quat_wxyz=[0.7193001508712769, 0.20947310328483582, 0.1339205801486969, -0.6486859917640686]
joint_pos=[0.0, 0.0, 0.0, -0.0, 0.0, 0.0] imu_ang_vel=[0.013848859816789627, 0.0, 0.017044750973582268] imu_quat_wxyz=[0.7193001508712769, 0.20947310328483582, 0.1339205801486969, -0.6486859917640686]
joint_pos=[0.0, 0.0, 0.0, -0.0, 0.0, 0.0] imu_ang_vel=[0.015979453921318054, 0.0, 0.015979453921318054] imu_quat_wxyz=[0.7193519473075867, 0.20960591733455658, 0.13377821445465088, -0.6486150622367859]
joint_pos=[0.0, 0.0, 0.0, -0.0, 0.0, 0.0] imu_ang_vel=[0.015979453921318054, 0.0, 0.015979453921318054] imu_quat_wxyz=[0.7193519473075867, 0.20960591733455658, 0.13377821445465088, -0.6486150622367859]
joint_pos=[0.0, 0.0, 0.0, -0.0, 0.0, 0.0] imu_ang_vel=[0.017044750973582268, 0.0, 0.011718266643583775] imu_quat_wxyz=[0.7193626761436462, 0.20971611142158508, 0.1336269974708557, -0.6485987305641174]
joint_pos=[0.0, 0.0, 0.0, -0.0, 0.0, 0.0] imu_ang_vel=[0.017044750973582268, 0.0, 0.011718266643583775] imu_quat_wxyz=[0.7193626761436462, 0.20971611142158508, 0.1336269974708557, -0.6485987305641174]
joint_pos=[0.0, 0.0, 0.0, -0.0, 0.0, 0.0] imu_ang_vel=[0.017044750973582268, -0.010652969591319561, 0.011718266643583775] imu_quat_wxyz=[0.7193658947944641, 0.20975929498672485, 0.13348932564258575, -0.6486095190048218]
joint_pos=[0.0, 0.0, 0.0, -0.0, 0.0, 0.0] imu_ang_vel=[0.017044750973582268, -0.010652969591319561, 0.011718266643583775] imu_quat_wxyz=[0.7193658947944641, 0.20975929498672485, 0.13348932564258575, -0.6486095190048218]
joint_pos=[0.0, 0.0, 0.0, -0.0, 0.0, 0.0] imu_ang_vel=[0.01811004802584648, -0.01491415686905384, 0.010652969591319561] imu_quat_wxyz=[0.7193693518638611, 0.20968212187290192, 0.13322599232196808, -0.6486847400665283]
joint_pos=[0.0, 0.0, 0.0, -0.0, 0.0, 0.0] imu_ang_vel=[0.01811004802584648, -0.01491415686905384, 0.010652969591319561] imu_quat_wxyz=[0.7193693518638611, 0.20968212187290192, 0.13322599232196808, -0.6486847400665283]
joint_pos=[0.0, 0.0, 0.0, -0.0, 0.0, 0.0] imu_ang_vel=[0.015979453921318054, -0.019175345078110695, 0.0] imu_quat_wxyz=[0.7192863821983337, 0.2095545083284378, 0.1330392211675644, -0.6488563418388367]
joint_pos=[0.0, 0.0, 0.0, -0.0, 0.0, 0.0] imu_ang_vel=[0.015979453921318054, -0.019175345078110695, 0.0] imu_quat_wxyz=[0.7192863821983337, 0.2095545083284378, 0.1330392211675644, -0.6488563418388367]
joint_pos=[0.0, 0.0, 0.0, -0.0, 0.0, 0.0] imu_ang_vel=[0.01491415686905384, -0.021305939182639122, 0.0] imu_quat_wxyz=[0.7192176580429077, 0.20940488576889038, 0.1329057663679123, -0.6490081548690796]
joint_pos=[0.0, 0.0, 0.0, -0.0, 0.0, 0.0] imu_ang_vel=[0.01491415686905384, -0.021305939182639122, 0.0] imu_quat_wxyz=[0.7192176580429077, 0.20940488576889038, 0.1329057663679123, -0.6490081548690796]
joint_pos=[0.0, 0.0, 0.0, -0.0, 0.0, 0.0] imu_ang_vel=[0.012783562764525414, -0.025567125529050827, 0.0] imu_quat_wxyz=[0.7191606163978577, 0.20927102863788605, 0.1326509565114975, -0.6491665244102478]
joint_pos=[0.0, 0.0, 0.0, -0.0, 0.0, 0.0] imu_ang_vel=[0.012783562764525414, -0.025567125529050827, 0.0] imu_quat_wxyz=[0.7191606163978577, 0.20927102863788605, 0.1326509565114975, -0.6491665244102478]
joint_pos=[0.0, 0.0, 0.0, -0.0, 0.0, 0.0] imu_ang_vel=[0.011718266643583775, -0.02663242258131504, 0.0] imu_quat_wxyz=[0.7191418409347534, 0.2091275453567505, 0.1324305534362793, -0.6492785215377808]
joint_pos=[0.0, 0.0, 0.0, -0.0, 0.0, 0.0] imu_ang_vel=[0.011718266643583775, -0.02663242258131504, 0.0] imu_quat_wxyz=[0.7191418409347534, 0.2091275453567505, 0.1324305534362793, -0.6492785215377808]
joint_pos=[0.0, 0.0, 0.0, -0.0, 0.0, 0.0] imu_ang_vel=[0.0, -0.028763016685843468, 0.0] imu_quat_wxyz=[0.7191391587257385, 0.2089322805404663, 0.13233168423175812, -0.6493646502494812]
joint_pos=[0.0, 0.0, 0.0, -0.0, 0.0, 0.0] imu_ang_vel=[0.0, -0.028763016685843468, 0.0] imu_quat_wxyz=[0.7191391587257385, 0.2089322805404663, 0.13233168423175812, -0.6493646502494812]
joint_pos=[0.0, 0.0, 0.0, -0.0, 0.0, 0.0] imu_ang_vel=[0.0, -0.02982831373810768, 0.0] imu_quat_wxyz=[0.7191895246505737, 0.20861153304576874, 0.13226665556430817, -0.649425208568573]
joint_pos=[0.0, 0.0, 0.0, -0.0, 0.0, 0.0] imu_ang_vel=[0.0, -0.02982831373810768, 0.0] imu_quat_wxyz=[0.7191895246505737, 0.20861153304576874, 0.13226665556430817, -0.649425208568573]
joint_pos=[0.0, 0.0, 0.0, -0.0, 0.0, 0.0] imu_ang_vel=[0.0, -0.030893610790371895, 0.0] imu_quat_wxyz=[0.7192417979240417, 0.20832479000091553, 0.13222049176692963, -0.6494687795639038]
joint_pos=[0.0, 0.0, 0.0, -0.0, 0.0, 0.0] imu_ang_vel=[0.0, -0.030893610790371895, 0.0] imu_quat_wxyz=[0.7192417979240417, 0.20832479000091553, 0.13222049176692963, -0.6494687795639038]
joint_pos=[0.0, 0.0, 0.0, -0.0, 0.0, 0.0] imu_ang_vel=[0.0, -0.02982831373810768, 0.0] imu_quat_wxyz=[0.7193092107772827, 0.20802509784698486, 0.13202232122421265, -0.6495305299758911]
joint_pos=[0.0, 0.0, 0.0, -0.0, 0.0, 0.0] imu_ang_vel=[0.0, -0.02982831373810768, 0.0] imu_quat_wxyz=[0.7193092107772827, 0.20802509784698486, 0.13202232122421265, -0.6495305299758911]
joint_pos=[0.0, 0.0, 0.0, -0.0, 0.0, 0.0] imu_ang_vel=[0.0, -0.028763016685843468, -0.010652969591319561] imu_quat_wxyz=[0.7193058729171753, 0.20772480964660645, 0.1318354308605194, -0.6496681571006775]
joint_pos=[0.0, 0.0, 0.0, -0.0, 0.0, 0.0] imu_ang_vel=[0.0, -0.028763016685843468, -0.010652969591319561] imu_quat_wxyz=[0.7193058729171753, 0.20772480964660645, 0.1318354308605194, -0.6496681571006775]
joint_pos=[0.0, 0.0, 0.0, -0.0, 0.0, 0.0] imu_ang_vel=[0.0, -0.027697719633579254, 0.0] imu_quat_wxyz=[0.719266951084137, 0.2075490653514862, 0.13173292577266693, -0.6497882604598999]
joint_pos=[0.0, 0.0, 0.0, -0.0, 0.0, 0.0] imu_ang_vel=[0.0, -0.027697719633579254, 0.0] imu_quat_wxyz=[0.719266951084137, 0.2075490653514862, 0.13173292577266693, -0.6497882604598999]
joint_pos=[0.0, 0.0, 0.0, -0.0, 0.0, 0.0] imu_ang_vel=[0.0, -0.02343653328716755, -0.011718266643583775] imu_quat_wxyz=[0.719238817691803, 0.2074490487575531, 0.13157956302165985, -0.649882435798645]
joint_pos=[0.0, 0.0, 0.0, -0.0, 0.0, 0.0] imu_ang_vel=[0.0, -0.02343653328716755, -0.011718266643583775] imu_quat_wxyz=[0.719238817691803, 0.2074490487575531, 0.13157956302165985, -0.649882435798645]
joint_pos=[0.0, 0.0, 0.0, -0.0, 0.0, 0.0] imu_ang_vel=[0.0, -0.021305939182639122, -0.011718266643583775] imu_quat_wxyz=[0.7191460132598877, 0.20742106437683105, 0.1315840184688568, -0.6499932408332825]
joint_pos=[0.0, 0.0, 0.0, -0.0, 0.0, 0.0] imu_ang_vel=[0.0, -0.021305939182639122, -0.011718266643583775] imu_quat_wxyz=[0.7191460132598877, 0.20742106437683105, 0.1315840184688568, -0.6499932408332825]
joint_pos=[0.0, 0.0, 0.0, -0.0, 0.0, 0.0] imu_ang_vel=[0.0, -0.017044750973582268, -0.011718266643583775] imu_quat_wxyz=[0.7190669775009155, 0.20747387409210205, 0.13176661729812622, -0.650026798248291]
joint_pos=[0.0, 0.0, 0.0, -0.0, 0.0, 0.0] imu_ang_vel=[0.0, -0.017044750973582268, -0.011718266643583775] imu_quat_wxyz=[0.7190669775009155, 0.20747387409210205, 0.13176661729812622, -0.650026798248291]
joint_pos=[0.0, 0.0, 0.0, -0.0, 0.0, 0.0] imu_ang_vel=[0.0, -0.012783562764525414, -0.01491415686905384] imu_quat_wxyz=[0.7189192771911621, 0.20742112398147583, 0.13182222843170166, -0.6501955389976501]
joint_pos=[0.0, 0.0, 0.0, -0.0, 0.0, 0.0] imu_ang_vel=[0.0, -0.012783562764525414, -0.01491415686905384] imu_quat_wxyz=[0.7189192771911621, 0.20742112398147583, 0.13182222843170166, -0.6501955389976501]
joint_pos=[0.0, 0.0, 0.0, -0.0, 0.0, 0.0] imu_ang_vel=[0.0, 0.0, -0.012783562764525414] imu_quat_wxyz=[0.7187575697898865, 0.2074897736310959, 0.13182209432125092, -0.6503524780273438]
joint_pos=[0.0, 0.0, 0.0, -0.0, 0.0, 0.0] imu_ang_vel=[0.0, 0.0, -0.012783562764525414] imu_quat_wxyz=[0.7187575697898865, 0.2074897736310959, 0.13182209432125092, -0.6503524780273438]
joint_pos=[0.0, 0.0, 0.0, -0.0, 0.0, 0.0] imu_ang_vel=[0.0, 0.0, -0.01491415686905384] imu_quat_wxyz=[0.7185487747192383, 0.20761248469352722, 0.13202595710754395, -0.6505028009414673]
joint_pos=[0.0, 0.0, 0.0, -0.0, 0.0, 0.0] imu_ang_vel=[0.0, 0.0, -0.01491415686905384] imu_quat_wxyz=[0.7185487747192383, 0.20761248469352722, 0.13202595710754395, -0.6505028009414673]
joint_pos=[0.0, 0.0, 0.0, -0.0, 0.0, 0.0] imu_ang_vel=[0.0, 0.0, -0.012783562764525414] imu_quat_wxyz=[0.7183706164360046, 0.20769909024238586, 0.13206659257411957, -0.6506636738777161]
joint_pos=[0.0, 0.0, 0.0, -0.0, 0.0, 0.0] imu_ang_vel=[0.0, 0.0, -0.012783562764525414] imu_quat_wxyz=[0.7183706164360046, 0.20769909024238586, 0.13206659257411957, -0.6506636738777161]
joint_pos=[0.0, 0.0, 0.0, -0.0, 0.0, 0.0] imu_ang_vel=[0.0, 0.0, -0.012783562764525414] imu_quat_wxyz=[0.7182590961456299, 0.20789097249507904, 0.1322973519563675, -0.6506784558296204]
joint_pos=[0.0, 0.0, 0.0, -0.0, 0.0, 0.0] imu_ang_vel=[0.0, 0.0, -0.012783562764525414] imu_quat_wxyz=[0.7182590961456299, 0.20789097249507904, 0.1322973519563675, -0.6506784558296204]
joint_pos=[0.0, 0.0, 0.0, -0.0, 0.0, 0.0] imu_ang_vel=[0.0, -0.01491415686905384, -0.021305939182639122] imu_quat_wxyz=[0.7181676030158997, 0.2079496532678604, 0.13241833448410034, -0.6507362127304077]
joint_pos=[0.0, 0.0, 0.0, -0.0, 0.0, 0.0] imu_ang_vel=[0.0, -0.01491415686905384, -0.021305939182639122] imu_quat_wxyz=[0.7181676030158997, 0.2079496532678604, 0.13241833448410034, -0.6507362127304077]
joint_pos=[0.0, 0.0, 0.0, -0.0, 0.0, 0.0] imu_ang_vel=[0.021305939182639122, -0.013848859816789627, -0.04154657945036888] imu_quat_wxyz=[0.7178321480751038, 0.2074127346277237, 0.13194353878498077, -0.6513738036155701]
joint_pos=[0.0, 0.0, 0.0, -0.0, 0.0, 0.0] imu_ang_vel=[0.021305939182639122, -0.013848859816789627, -0.04154657945036888] imu_quat_wxyz=[0.7178321480751038, 0.2074127346277237, 0.13194353878498077, -0.6513738036155701]
joint_pos=[0.0, 0.0, 0.0, -0.0, 0.0, 0.0] imu_ang_vel=[0.0, 0.010652969591319561, 0.0] imu_quat_wxyz=[0.7175101637840271, 0.20761163532733917, 0.1318512260913849, -0.6516838073730469]
joint_pos=[0.0, 0.0, 0.0, -0.0, 0.0, 0.0] imu_ang_vel=[0.0, 0.010652969591319561, 0.0] imu_quat_wxyz=[0.7175101637840271, 0.20761163532733917, 0.1318512260913849, -0.6516838073730469]
joint_pos=[0.0, 0.0, 0.0, -0.0, 0.0, 0.0] imu_ang_vel=[0.0, 0.012783562764525414, 0.0] imu_quat_wxyz=[0.717509388923645, 0.2076060175895691, 0.13187040388584137, -0.6516824960708618]
joint_pos=[0.0, 0.0, 0.0, -0.0, 0.0, 0.0] imu_ang_vel=[0.0, 0.012783562764525414, 0.0] imu_quat_wxyz=[0.717509388923645, 0.2076060175895691, 0.13187040388584137, -0.6516824960708618]
joint_pos=[0.0, 0.0, 0.0, -0.0, 0.0, 0.0] imu_ang_vel=[0.01811004802584648, 0.02024064213037491, -0.022371236234903336] imu_quat_wxyz=[0.7171248197555542, 0.20795874297618866, 0.13201524317264557, -0.651964008808136]
joint_pos=[0.0, 0.0, 0.0, -0.0, 0.0, 0.0] imu_ang_vel=[0.01811004802584648, 0.02024064213037491, -0.022371236234903336] imu_quat_wxyz=[0.7171248197555542, 0.20795874297618866, 0.13201524317264557, -0.651964008808136]
joint_pos=[0.0, 0.0, 0.0, -0.0, 0.0, 0.0] imu_ang_vel=[0.0, 0.012783562764525414, 0.0] imu_quat_wxyz=[0.7170461416244507, 0.20820097625255585, 0.13210104405879974, -0.6519558429718018]
joint_pos=[0.0, 0.0, 0.0, -0.0, 0.0, 0.0] imu_ang_vel=[0.0, 0.012783562764525414, 0.0] imu_quat_wxyz=[0.7170461416244507, 0.20820097625255585, 0.13210104405879974, -0.6519558429718018]
joint_pos=[0.0, 0.0, 0.0, -0.0, 0.0, 0.0] imu_ang_vel=[0.01811004802584648, 0.019175345078110695, -0.013848859816789627] imu_quat_wxyz=[0.7169544696807861, 0.2084784060716629, 0.13236434757709503, -0.6519145965576172]
joint_pos=[0.0, 0.0, 0.0, -0.0, 0.0, 0.0] imu_ang_vel=[0.01811004802584648, 0.019175345078110695, -0.013848859816789627] imu_quat_wxyz=[0.7169544696807861, 0.2084784060716629, 0.13236434757709503, -0.6519145965576172]
joint_pos=[0.0, 0.0, 0.0, -0.0, 0.0, 0.0] imu_ang_vel=[0.01491415686905384, 0.017044750973582268, 0.0] imu_quat_wxyz=[0.7166726589202881, 0.20881903171539307, 0.13234150409698486, -0.6521201133728027]
joint_pos=[0.0, 0.0, 0.0, -0.0, 0.0, 0.0] imu_ang_vel=[0.01491415686905384, 0.017044750973582268, 0.0] imu_quat_wxyz=[0.7166726589202881, 0.20881903171539307, 0.13234150409698486, -0.6521201133728027]
joint_pos=[0.0, 0.0, 0.0, -0.0, 0.0, 0.0] imu_ang_vel=[0.0, 0.011718266643583775, 0.0] imu_quat_wxyz=[0.7166147232055664, 0.20883312821388245, 0.13238461315631866, -0.6521704792976379]
joint_pos=[0.0, 0.0, 0.0, -0.0, 0.0, 0.0] imu_ang_vel=[0.0, 0.011718266643583775, 0.0] imu_quat_wxyz=[0.7166147232055664, 0.20883312821388245, 0.13238461315631866, -0.6521704792976379]
joint_pos=[0.0, 0.0, 0.0, -0.0, 0.0, 0.0] imu_ang_vel=[0.024501830339431763, 0.01491415686905384, -0.011718266643583775] imu_quat_wxyz=[0.7163682579994202, 0.20911578834056854, 0.13226158916950226, -0.6523755788803101]
joint_pos=[0.0, 0.0, 0.0, -0.0, 0.0, 0.0] imu_ang_vel=[0.024501830339431763, 0.01491415686905384, -0.011718266643583775] imu_quat_wxyz=[0.7163682579994202, 0.20911578834056854, 0.13226158916950226, -0.6523755788803101]
joint_pos=[0.0, 0.0, 0.0, -0.0, 0.0, 0.0] imu_ang_vel=[0.01491415686905384, 0.0, 0.0] imu_quat_wxyz=[0.7162351012229919, 0.20932833850383759, 0.1321040838956833, -0.6524854898452759]
joint_pos=[0.0, 0.0, 0.0, -0.0, 0.0, 0.0] imu_ang_vel=[0.01491415686905384, 0.0, 0.0] imu_quat_wxyz=[0.7162351012229919, 0.20932833850383759, 0.1321040838956833, -0.6524854898452759]
joint_pos=[0.0, 0.0, 0.0, -0.0, 0.0, 0.0] imu_ang_vel=[0.022371236234903336, 0.0, 0.0] imu_quat_wxyz=[0.7161415815353394, 0.2095337212085724, 0.13209371268749237, -0.6525243520736694]
joint_pos=[0.0, 0.0, 0.0, -0.0, 0.0, 0.0] imu_ang_vel=[0.022371236234903336, 0.0, 0.0] imu_quat_wxyz=[0.7161415815353394, 0.2095337212085724, 0.13209371268749237, -0.6525243520736694]
joint_pos=[0.0, 0.0, 0.0, -0.0, 0.0, 0.0] imu_ang_vel=[0.022371236234903336, 0.0, 0.0] imu_quat_wxyz=[0.716076672077179, 0.20970986783504486, 0.13203898072242737, -0.6525501012802124]
joint_pos=[0.0, 0.0, 0.0, -0.0, 0.0, 0.0] imu_ang_vel=[0.022371236234903336, 0.0, 0.0] imu_quat_wxyz=[0.716076672077179, 0.20970986783504486, 0.13203898072242737, -0.6525501012802124]
joint_pos=[0.0, 0.0, 0.0, -0.0, 0.0, 0.0] imu_ang_vel=[0.019175345078110695, 0.0, 0.0] imu_quat_wxyz=[0.7159877419471741, 0.20978973805904388, 0.1319708377122879, -0.6526357531547546]
joint_pos=[0.0, 0.0, 0.0, -0.0, 0.0, 0.0] imu_ang_vel=[0.019175345078110695, 0.0, 0.0] imu_quat_wxyz=[0.7159877419471741, 0.20978973805904388, 0.1319708377122879, -0.6526357531547546]
joint_pos=[0.0, 0.0, 0.0, -0.0, 0.0, 0.0] imu_ang_vel=[0.02343653328716755, 0.0, 0.0] imu_quat_wxyz=[0.7158747911453247, 0.20993919670581818, 0.13197046518325806, -0.6527117490768433]
joint_pos=[0.0, 0.0, 0.0, -0.0, 0.0, 0.0] imu_ang_vel=[0.02343653328716755, 0.0, 0.0] imu_quat_wxyz=[0.7158747911453247, 0.20993919670581818, 0.13197046518325806, -0.6527117490768433]
joint_pos=[0.0, 0.0, 0.0, -0.0, 0.0, 0.0] imu_ang_vel=[0.019175345078110695, 0.0, 0.0] imu_quat_wxyz=[0.7157778739929199, 0.21004687249660492, 0.13188941776752472, -0.6527997255325317]
joint_pos=[0.0, 0.0, 0.0, -0.0, 0.0, 0.0] imu_ang_vel=[0.019175345078110695, 0.0, 0.0] imu_quat_wxyz=[0.7157778739929199, 0.21004687249660492, 0.13188941776752472, -0.6527997255325317]
joint_pos=[0.0, 0.0, 0.0, -0.0, 0.0, 0.0] imu_ang_vel=[0.02024064213037491, -0.013848859816789627, 0.0] imu_quat_wxyz=[0.7157060503959656, 0.20996379852294922, 0.13169775903224945, -0.6529437303543091]
joint_pos=[0.0, 0.0, 0.0, -0.0, 0.0, 0.0] imu_ang_vel=[0.02024064213037491, -0.013848859816789627, 0.0] imu_quat_wxyz=[0.7157060503959656, 0.20996379852294922, 0.13169775903224945, -0.6529437303543091]
joint_pos=[0.0, 0.0, 0.0, -0.0, 0.0, 0.0] imu_ang_vel=[0.01811004802584648, -0.017044750973582268, 0.0] imu_quat_wxyz=[0.7156586050987244, 0.20987756550312042, 0.13145609200000763, -0.6530722975730896]
joint_pos=[0.0, 0.0, 0.0, -0.0, 0.0, 0.0] imu_ang_vel=[0.01811004802584648, -0.017044750973582268, 0.0] imu_quat_wxyz=[0.7156586050987244, 0.20987756550312042, 0.13145609200000763, -0.6530722975730896]
joint_pos=[0.0, 0.0, 0.0, -0.0, 0.0, 0.0] imu_ang_vel=[0.01491415686905384, -0.021305939182639122, 0.0] imu_quat_wxyz=[0.7156625986099243, 0.20965451002120972, 0.1312762349843979, -0.6531757116317749]
joint_pos=[0.0, 0.0, 0.0, -0.0, 0.0, 0.0] imu_ang_vel=[0.01491415686905384, -0.021305939182639122, 0.0] imu_quat_wxyz=[0.7156625986099243, 0.20965451002120972, 0.1312762349843979, -0.6531757116317749]
joint_pos=[0.0, 0.0, 0.0, -0.0, 0.0, 0.0] imu_ang_vel=[0.013848859816789627, -0.02343653328716755, 0.0] imu_quat_wxyz=[0.7156519889831543, 0.20947739481925964, 0.13105273246765137, -0.6532891392707825]
joint_pos=[0.0, 0.0, 0.0, -0.0, 0.0, 0.0] imu_ang_vel=[0.013848859816789627, -0.02343653328716755, 0.0] imu_quat_wxyz=[0.7156519889831543, 0.20947739481925964, 0.13105273246765137, -0.6532891392707825]
joint_pos=[0.0, 0.0, 0.0, -0.0, 0.0, 0.0] imu_ang_vel=[0.011718266643583775, -0.02663242258131504, 0.0] imu_quat_wxyz=[0.7156702280044556, 0.20919620990753174, 0.13088150322437286, -0.6533934473991394]
joint_pos=[0.0, 0.0, 0.0, -0.0, 0.0, 0.0] imu_ang_vel=[0.011718266643583775, -0.02663242258131504, 0.0] imu_quat_wxyz=[0.7156702280044556, 0.20919620990753174, 0.13088150322437286, -0.6533934473991394]
joint_pos=[0.0, 0.0, 0.0, -0.0, 0.0, 0.0] imu_ang_vel=[0.0, -0.028763016685843468, 0.0] imu_quat_wxyz=[0.7156912088394165, 0.20896752178668976, 0.13078716397285461, -0.6534626483917236]
joint_pos=[0.0, 0.0, 0.0, -0.0, 0.0, 0.0] imu_ang_vel=[0.0, -0.028763016685843468, 0.0] imu_quat_wxyz=[0.7156912088394165, 0.20896752178668976, 0.13078716397285461, -0.6534626483917236]
joint_pos=[0.0, 0.0, 0.0, -0.0, 0.0, 0.0] imu_ang_vel=[0.0, -0.03195890784263611, 0.0] imu_quat_wxyz=[0.7157933712005615, 0.2085740715265274, 0.1307114213705063, -0.6534916162490845]
joint_pos=[0.0, 0.0, 0.0, -0.0, 0.0, 0.0] imu_ang_vel=[0.0, -0.03195890784263611, 0.0] imu_quat_wxyz=[0.7157933712005615, 0.2085740715265274, 0.1307114213705063, -0.6534916162490845]
joint_pos=[0.0, 0.0, 0.0, -0.0, 0.0, 0.0] imu_ang_vel=[0.0, -0.03195890784263611, 0.0] imu_quat_wxyz=[0.7159450650215149, 0.2084082067012787, 0.13073541224002838, -0.6533734202384949]
joint_pos=[0.0, 0.0, 0.0, -0.0, 0.0, 0.0] imu_ang_vel=[0.0, -0.03195890784263611, 0.0] imu_quat_wxyz=[0.7159450650215149, 0.2084082067012787, 0.13073541224002838, -0.6533734202384949]
joint_pos=[0.0, 0.0, 0.0, -0.0, 0.0, 0.0] imu_ang_vel=[0.0, -0.03195890784263611, 0.0] imu_quat_wxyz=[0.7160959243774414, 0.20818425714969635, 0.1307092159986496, -0.6532848477363586]
joint_pos=[0.0, 0.0, 0.0, -0.0, 0.0, 0.0] imu_ang_vel=[0.0, -0.03195890784263611, 0.0] imu_quat_wxyz=[0.7160959243774414, 0.20818425714969635, 0.1307092159986496, -0.6532848477363586]
joint_pos=[0.0, 0.0, 0.0, -0.0, 0.0, 0.0] imu_ang_vel=[0.0, -0.030893610790371895, 0.0] imu_quat_wxyz=[0.7162168025970459, 0.2078598141670227, 0.13052333891391754, -0.6532927751541138]
joint_pos=[0.0, 0.0, 0.0, -0.0, 0.0, 0.0] imu_ang_vel=[0.0, -0.030893610790371895, 0.0] imu_quat_wxyz=[0.7162168025970459, 0.2078598141670227, 0.13052333891391754, -0.6532927751541138]
joint_pos=[0.0, 0.0, 0.0, -0.0, 0.0, 0.0] imu_ang_vel=[0.0, -0.027697719633579254, 0.0] imu_quat_wxyz=[0.7163246870040894, 0.20762786269187927, 0.1302998661994934, -0.6532928347587585]
joint_pos=[0.0, 0.0, 0.0, -0.0, 0.0, 0.0] imu_ang_vel=[0.0, -0.027697719633579254, 0.0] imu_quat_wxyz=[0.7163246870040894, 0.20762786269187927, 0.1302998661994934, -0.6532928347587585]
joint_pos=[0.0, 0.0, 0.0, -0.0, 0.0, 0.0] imu_ang_vel=[0.0, -0.025567125529050827, 0.0] imu_quat_wxyz=[0.7164133191108704, 0.2074555903673172, 0.13016609847545624, -0.6532770991325378]
joint_pos=[0.0, 0.0, 0.0, -0.0, 0.0, 0.0] imu_ang_vel=[0.0, -0.025567125529050827, 0.0] imu_quat_wxyz=[0.7164133191108704, 0.2074555903673172, 0.13016609847545624, -0.6532770991325378]
joint_pos=[0.0, 0.0, 0.0, -0.0, 0.0, 0.0] imu_ang_vel=[0.0, -0.02343653328716755, 0.0] imu_quat_wxyz=[0.7165305018424988, 0.2074504792690277, 0.13013535737991333, -0.6531562805175781]
joint_pos=[0.0, 0.0, 0.0, -0.0, 0.0, 0.0] imu_ang_vel=[0.0, -0.02343653328716755, 0.0] imu_quat_wxyz=[0.7165305018424988, 0.2074504792690277, 0.13013535737991333, -0.6531562805175781]
joint_pos=[0.0, 0.0, 0.0, -0.0, 0.0, 0.0] imu_ang_vel=[0.0, -0.019175345078110695, 0.0] imu_quat_wxyz=[0.7166468501091003, 0.207461416721344, 0.13015876710414886, -0.653020441532135]
joint_pos=[0.0, 0.0, 0.0, -0.0, 0.0, 0.0] imu_ang_vel=[0.0, -0.019175345078110695, 0.0] imu_quat_wxyz=[0.7166468501091003, 0.207461416721344, 0.13015876710414886, -0.653020441532135]
joint_pos=[0.0, 0.0, 0.0, -0.0, 0.0, 0.0] imu_ang_vel=[0.0, -0.015979453921318054, 0.0] imu_quat_wxyz=[0.7167430520057678, 0.20745566487312317, 0.13019195199012756, -0.6529101133346558]
joint_pos=[0.0, 0.0, 0.0, -0.0, 0.0, 0.0] imu_ang_vel=[0.0, -0.015979453921318054, 0.0] imu_quat_wxyz=[0.7167430520057678, 0.20745566487312317, 0.13019195199012756, -0.6529101133346558]
joint_pos=[0.0, 0.0, 0.0, -0.0, 0.0, 0.0] imu_ang_vel=[0.0, -0.011718266643583775, 0.0] imu_quat_wxyz=[0.7168260812759399, 0.20741848647594452, 0.13016340136528015, -0.6528363227844238]
joint_pos=[0.0, 0.0, 0.0, -0.0, 0.0, 0.0] imu_ang_vel=[0.0, -0.011718266643583775, 0.0] imu_quat_wxyz=[0.7168260812759399, 0.20741848647594452, 0.13016340136528015, -0.6528363227844238]
joint_pos=[0.0, 0.0, 0.0, -0.0, 0.0, 0.0] imu_ang_vel=[0.0, 0.0, 0.0] imu_quat_wxyz=[0.7168576717376709, 0.20747342705726624, 0.1303303837776184, -0.6527509093284607]
joint_pos=[0.0, 0.0, 0.0, -0.0, 0.0, 0.0] imu_ang_vel=[0.0, 0.0, 0.0] imu_quat_wxyz=[0.7168576717376709, 0.20747342705726624, 0.1303303837776184, -0.6527509093284607]
joint_pos=[0.0, 0.0, 0.0, -0.0, 0.0, 0.0] imu_ang_vel=[0.0, 0.0, 0.0] imu_quat_wxyz=[0.716883659362793, 0.20747891068458557, 0.13040603697299957, -0.6527056097984314]
joint_pos=[0.0, 0.0, 0.0, -0.0, 0.0, 0.0] imu_ang_vel=[0.0, 0.0, 0.0] imu_quat_wxyz=[0.716883659362793, 0.20747891068458557, 0.13040603697299957, -0.6527056097984314]
joint_pos=[0.0, 0.0, 0.0, -0.0, 0.0, 0.0] imu_ang_vel=[0.0, 0.0, 0.0] imu_quat_wxyz=[0.7169541120529175, 0.207637220621109, 0.1306147277355194, -0.6525360941886902]
joint_pos=[0.0, 0.0, 0.0, -0.0, 0.0, 0.0] imu_ang_vel=[0.0, 0.0, 0.0] imu_quat_wxyz=[0.7169541120529175, 0.207637220621109, 0.1306147277355194, -0.6525360941886902]
joint_pos=[0.0, 0.0, 0.0, -0.0, 0.0, 0.0] imu_ang_vel=[0.0, 0.0, 0.0] imu_quat_wxyz=[0.7170606851577759, 0.2078414410352707, 0.1308681070804596, -0.6523032188415527]
joint_pos=[0.0, 0.0, 0.0, -0.0, 0.0, 0.0] imu_ang_vel=[0.0, 0.0, 0.0] imu_quat_wxyz=[0.7170606851577759, 0.2078414410352707, 0.1308681070804596, -0.6523032188415527]
joint_pos=[0.0, 0.0, 0.0, -0.0, 0.0, 0.0] imu_ang_vel=[0.0, 0.010652969591319561, 0.0] imu_quat_wxyz=[0.7170991897583008, 0.20786163210868835, 0.13098633289337158, -0.6522305607795715]
joint_pos=[0.0, 0.0, 0.0, -0.0, 0.0, 0.0] imu_ang_vel=[0.0, 0.010652969591319561, 0.0] imu_quat_wxyz=[0.7170991897583008, 0.20786163210868835, 0.13098633289337158, -0.6522305607795715]
joint_pos=[0.0, 0.0, 0.0, -0.0, 0.0, 0.0] imu_ang_vel=[0.0, 0.01491415686905384, 0.0] imu_quat_wxyz=[0.7170624136924744, 0.20791076123714447, 0.13119429349899292, -0.6522137522697449]
joint_pos=[0.0, 0.0, 0.0, -0.0, 0.0, 0.0] imu_ang_vel=[0.0, 0.01491415686905384, 0.0] imu_quat_wxyz=[0.7170624136924744, 0.20791076123714447, 0.13119429349899292, -0.6522137522697449]
joint_pos=[0.0, 0.0, 0.0, -0.0, 0.0, 0.0] imu_ang_vel=[0.0, 0.017044750973582268, 0.011718266643583775] imu_quat_wxyz=[0.717041552066803, 0.207997664809227, 0.13137055933475494, -0.6521732807159424]
joint_pos=[0.0, 0.0, 0.0, -0.0, 0.0, 0.0] imu_ang_vel=[0.0, 0.017044750973582268, 0.011718266643583775] imu_quat_wxyz=[0.717041552066803, 0.207997664809227, 0.13137055933475494, -0.6521732807159424]
joint_pos=[0.0, 0.0, 0.0, -0.0, 0.0, 0.0] imu_ang_vel=[0.0, 0.01811004802584648, 0.0] imu_quat_wxyz=[0.7170276045799255, 0.2080765813589096, 0.13153569400310516, -0.6521301865577698]
joint_pos=[0.0, 0.0, 0.0, -0.0, 0.0, 0.0] imu_ang_vel=[0.0, 0.01811004802584648, 0.0] imu_quat_wxyz=[0.7170276045799255, 0.2080765813589096, 0.13153569400310516, -0.6521301865577698]
joint_pos=[0.0, 0.0, 0.0, -0.0, 0.0, 0.0] imu_ang_vel=[0.0, 0.019175345078110695, 0.011718266643583775] imu_quat_wxyz=[0.7170608043670654, 0.20824459195137024, 0.1318085789680481, -0.6519850492477417]
joint_pos=[0.0, 0.0, 0.0, -0.0, 0.0, 0.0] imu_ang_vel=[0.0, 0.019175345078110695, 0.011718266643583775] imu_quat_wxyz=[0.7170608043670654, 0.20824459195137024, 0.1318085789680481, -0.6519850492477417]
joint_pos=[0.0, 0.0, 0.0, -0.0, 0.0, 0.0] imu_ang_vel=[0.0, 0.02024064213037491, 0.010652969591319561] imu_quat_wxyz=[0.7171711921691895, 0.20842061936855316, 0.13208578526973724, -0.6517512202262878]
joint_pos=[0.0, 0.0, 0.0, -0.0, 0.0, 0.0] imu_ang_vel=[0.0, 0.02024064213037491, 0.010652969591319561] imu_quat_wxyz=[0.7171711921691895, 0.20842061936855316, 0.13208578526973724, -0.6517512202262878]
joint_pos=[0.0, 0.0, 0.0, -0.0, 0.0, 0.0] imu_ang_vel=[0.0, 0.02024064213037491, 0.010652969591319561] imu_quat_wxyz=[0.7171924114227295, 0.20848284661769867, 0.13224375247955322, -0.6516758799552917]
joint_pos=[0.0, 0.0, 0.0, -0.0, 0.0, 0.0] imu_ang_vel=[0.0, 0.02024064213037491, 0.010652969591319561] imu_quat_wxyz=[0.7171924114227295, 0.20848284661769867, 0.13224375247955322, -0.6516758799552917]
joint_pos=[0.0, 0.0, 0.0, -0.0, 0.0, 0.0] imu_ang_vel=[0.0, 0.019175345078110695, 0.011718266643583775] imu_quat_wxyz=[0.7172572612762451, 0.20861223340034485, 0.13238796591758728, -0.6515337824821472]
joint_pos=[0.0, 0.0, 0.0, -0.0, 0.0, 0.0] imu_ang_vel=[0.0, 0.019175345078110695, 0.011718266643583775] imu_quat_wxyz=[0.7172572612762451, 0.20861223340034485, 0.13238796591758728, -0.6515337824821472]
joint_pos=[0.0, 0.0, 0.0, -0.0, 0.0, 0.0] imu_ang_vel=[0.0, 0.017044750973582268, 0.0] imu_quat_wxyz=[0.7172434329986572, 0.20868247747421265, 0.132603719830513, -0.6514827013015747]
joint_pos=[0.0, 0.0, 0.0, -0.0, 0.0, 0.0] imu_ang_vel=[0.0, 0.017044750973582268, 0.0] imu_quat_wxyz=[0.7172434329986572, 0.20868247747421265, 0.132603719830513, -0.6514827013015747]
joint_pos=[0.0, 0.0, 0.0, -0.0, 0.0, 0.0] imu_ang_vel=[0.0, 0.01491415686905384, 0.010652969591319561] imu_quat_wxyz=[0.7173337936401367, 0.20879752933979034, 0.1327764242887497, -0.6513111591339111]
joint_pos=[0.0, 0.0, 0.0, -0.0, 0.0, 0.0] imu_ang_vel=[0.0, 0.01491415686905384, 0.010652969591319561] imu_quat_wxyz=[0.7173337936401367, 0.20879752933979034, 0.1327764242887497, -0.6513111591339111]
joint_pos=[0.0, 0.0, 0.0, -0.0, 0.0, 0.0] imu_ang_vel=[0.0, 0.012783562764525414, 0.0] imu_quat_wxyz=[0.7173521518707275, 0.208888441324234, 0.1330147385597229, -0.6512130498886108]
joint_pos=[0.0, 0.0, 0.0, -0.0, 0.0, 0.0] imu_ang_vel=[0.0, 0.012783562764525414, 0.0] imu_quat_wxyz=[0.7173521518707275, 0.208888441324234, 0.1330147385597229, -0.6512130498886108]
joint_pos=[0.0, 0.0, 0.0, -0.0, 0.0, 0.0] imu_ang_vel=[0.010652969591319561, 0.0, 0.0] imu_quat_wxyz=[0.7173505425453186, 0.20890896022319794, 0.1330367624759674, -0.6512038111686707]
joint_pos=[0.0, 0.0, 0.0, -0.0, 0.0, 0.0] imu_ang_vel=[0.010652969591319561, 0.0, 0.0] imu_quat_wxyz=[0.7173505425453186, 0.20890896022319794, 0.1330367624759674, -0.6512038111686707]
joint_pos=[0.0, 0.0, 0.0, -0.0, 0.0, 0.0] imu_ang_vel=[0.0, 0.0, 0.0] imu_quat_wxyz=[0.7173113822937012, 0.20879335701465607, 0.13296987116336823, -0.6512976884841919]
joint_pos=[0.0, 0.0, 0.0, -0.0, 0.0, 0.0] imu_ang_vel=[0.0, 0.0, 0.0] imu_quat_wxyz=[0.7173113822937012, 0.20879335701465607, 0.13296987116336823, -0.6512976884841919]
joint_pos=[0.0, 0.0, 0.0, -0.0, 0.0, 0.0] imu_ang_vel=[0.0, 0.0, 0.0] imu_quat_wxyz=[0.7172846794128418, 0.20869792997837067, 0.13299264013767242, -0.6513530611991882]
joint_pos=[0.0, 0.0, 0.0, -0.0, 0.0, 0.0] imu_ang_vel=[0.0, 0.0, 0.0] imu_quat_wxyz=[0.7172846794128418, 0.20869792997837067, 0.13299264013767242, -0.6513530611991882]
joint_pos=[0.0, 0.0, 0.0, -0.0, 0.0, 0.0] imu_ang_vel=[0.0, 0.0, 0.0] imu_quat_wxyz=[0.7172351479530334, 0.20864549279212952, 0.13297800719738007, -0.6514272093772888]
joint_pos=[0.0, 0.0, 0.0, -0.0, 0.0, 0.0] imu_ang_vel=[0.0, 0.0, 0.0] imu_quat_wxyz=[0.7172351479530334, 0.20864549279212952, 0.13297800719738007, -0.6514272093772888]
joint_pos=[0.0, 0.0, 0.0, -0.0, 0.0, 0.0] imu_ang_vel=[0.0, 0.0, 0.0] imu_quat_wxyz=[0.7172046899795532, 0.20857080817222595, 0.13294579088687897, -0.6514914631843567]
joint_pos=[0.0, 0.0, 0.0, -0.0, 0.0, 0.0] imu_ang_vel=[0.0, 0.0, 0.0] imu_quat_wxyz=[0.7172046899795532, 0.20857080817222595, 0.13294579088687897, -0.6514914631843567]
joint_pos=[0.0, 0.0, 0.0, -0.0, 0.0, 0.0] imu_ang_vel=[0.0, -0.013848859816789627, 0.0] imu_quat_wxyz=[0.7172309756278992, 0.2085021436214447, 0.13290055096149445, -0.6514936685562134]
joint_pos=[0.0, 0.0, 0.0, -0.0, 0.0, 0.0] imu_ang_vel=[0.0, -0.013848859816789627, 0.0] imu_quat_wxyz=[0.7172309756278992, 0.2085021436214447, 0.13290055096149445, -0.6514936685562134]
joint_pos=[0.0, 0.0, 0.0, -0.0, 0.0, 0.0] imu_ang_vel=[0.0, -0.01811004802584648, 0.0] imu_quat_wxyz=[0.7172805070877075, 0.20832759141921997, 0.1327432096004486, -0.6515271067619324]
joint_pos=[0.0, 0.0, 0.0, -0.0, 0.0, 0.0] imu_ang_vel=[0.0, -0.01811004802584648, 0.0] imu_quat_wxyz=[0.7172805070877075, 0.20832759141921997, 0.1327432096004486, -0.6515271067619324]
joint_pos=[0.0, 0.0, 0.0, -0.0, 0.0, 0.0] imu_ang_vel=[0.0, -0.021305939182639122, 0.0] imu_quat_wxyz=[0.7172998189926147, 0.2080005705356598, 0.1324392557144165, -0.6516720652580261]
joint_pos=[0.0, 0.0, 0.0, -0.0, 0.0, 0.0] imu_ang_vel=[0.0, -0.021305939182639122, 0.0] imu_quat_wxyz=[0.7172998189926147, 0.2080005705356598, 0.1324392557144165, -0.6516720652580261]
joint_pos=[0.0, 0.0, 0.0, -0.0, 0.0, 0.0] imu_ang_vel=[0.0, -0.024501830339431763, 0.0] imu_quat_wxyz=[0.717317521572113, 0.20777571201324463, 0.13220268487930298, -0.6517724394798279]
joint_pos=[0.0, 0.0, 0.0, -0.0, 0.0, 0.0] imu_ang_vel=[0.0, -0.024501830339431763, 0.0] imu_quat_wxyz=[0.717317521572113, 0.20777571201324463, 0.13220268487930298, -0.6517724394798279]
joint_pos=[0.0, 0.0, 0.0, -0.0, 0.0, 0.0] imu_ang_vel=[0.0, -0.027697719633579254, 0.0] imu_quat_wxyz=[0.7173427939414978, 0.2074868083000183, 0.13185738027095795, -0.6519066095352173]
joint_pos=[0.0, 0.0, 0.0, -0.0, 0.0, 0.0] imu_ang_vel=[0.0, -0.027697719633579254, 0.0] imu_quat_wxyz=[0.7173427939414978, 0.2074868083000183, 0.13185738027095795, -0.6519066095352173]
joint_pos=[0.0, 0.0, 0.0, -0.0, 0.0, 0.0] imu_ang_vel=[0.0, -0.02982831373810768, 0.0] imu_quat_wxyz=[0.7174069285392761, 0.20739197731018066, 0.13172633945941925, -0.6518925428390503]
joint_pos=[0.0, 0.0, 0.0, -0.0, 0.0, 0.0] imu_ang_vel=[0.0, -0.02982831373810768, 0.0] imu_quat_wxyz=[0.7174069285392761, 0.20739197731018066, 0.13172633945941925, -0.6518925428390503]
joint_pos=[0.0, 0.0, 0.0, -0.0, 0.0, 0.0] imu_ang_vel=[0.0, -0.03195890784263611, 0.0] imu_quat_wxyz=[0.7175124287605286, 0.2073061615228653, 0.1316312700510025, -0.6518230438232422]
joint_pos=[0.0, 0.0, 0.0, -0.0, 0.0, 0.0] imu_ang_vel=[0.0, -0.03195890784263611, 0.0] imu_quat_wxyz=[0.7175124287605286, 0.2073061615228653, 0.1316312700510025, -0.6518230438232422]
joint_pos=[0.0, 0.0, 0.0, -0.0, 0.0, 0.0] imu_ang_vel=[0.0, -0.03195890784263611, 0.0] imu_quat_wxyz=[0.7176026105880737, 0.20710596442222595, 0.13138523697853088, -0.6518371105194092]
joint_pos=[0.0, 0.0, 0.0, -0.0, 0.0, 0.0] imu_ang_vel=[0.0, -0.03195890784263611, 0.0] imu_quat_wxyz=[0.7176026105880737, 0.20710596442222595, 0.13138523697853088, -0.6518371105194092]
joint_pos=[0.0, 0.0, 0.0, -0.0, 0.0, 0.0] imu_ang_vel=[0.0, -0.03195890784263611, 0.0] imu_quat_wxyz=[0.7176685333251953, 0.20694038271903992, 0.1311754286289215, -0.6518593430519104]
joint_pos=[0.0, 0.0, 0.0, -0.0, 0.0, 0.0] imu_ang_vel=[0.0, -0.03195890784263611, 0.0] imu_quat_wxyz=[0.7176685333251953, 0.20694038271903992, 0.1311754286289215, -0.6518593430519104]
joint_pos=[0.0, 0.0, 0.0, -0.0, 0.0, 0.0] imu_ang_vel=[0.0, -0.030893610790371895, -0.010652969591319561] imu_quat_wxyz=[0.7177279591560364, 0.20678533613681793, 0.13096576929092407, -0.6518852114677429]
joint_pos=[0.0, 0.0, 0.0, -0.0, 0.0, 0.0] imu_ang_vel=[0.0, -0.030893610790371895, -0.010652969591319561] imu_quat_wxyz=[0.7177279591560364, 0.20678533613681793, 0.13096576929092407, -0.6518852114677429]
joint_pos=[0.0, 0.0, 0.0, -0.0, 0.0, 0.0] imu_ang_vel=[0.0, -0.027697719633579254, -0.010652969591319561] imu_quat_wxyz=[0.7176885604858398, 0.20664021372795105, 0.13088470697402954, -0.6519908905029297]
joint_pos=[0.0, 0.0, 0.0, -0.0, 0.0, 0.0] imu_ang_vel=[0.0, -0.027697719633579254, -0.010652969591319561] imu_quat_wxyz=[0.7176885604858398, 0.20664021372795105, 0.13088470697402954, -0.6519908905029297]
joint_pos=[0.0, 0.0, 0.0, -0.0, 0.0, 0.0] imu_ang_vel=[0.0, -0.02663242258131504, -0.010652969591319561] imu_quat_wxyz=[0.7176903486251831, 0.2066444307565689, 0.1308593451976776, -0.651992678642273]
joint_pos=[0.0, 0.0, 0.0, -0.0, 0.0, 0.0] imu_ang_vel=[0.0, -0.02663242258131504, -0.010652969591319561] imu_quat_wxyz=[0.7176903486251831, 0.2066444307565689, 0.1308593451976776, -0.651992678642273]
joint_pos=[0.0, 0.0, 0.0, -0.0, 0.0, 0.0] imu_ang_vel=[0.0, -0.024501830339431763, 0.0] imu_quat_wxyz=[0.7178088426589966, 0.2067236453294754, 0.13086079061031342, -0.6518368124961853]
joint_pos=[0.0, 0.0, 0.0, -0.0, 0.0, 0.0] imu_ang_vel=[0.0, -0.024501830339431763, 0.0] imu_quat_wxyz=[0.7178088426589966, 0.2067236453294754, 0.13086079061031342, -0.6518368124961853]
joint_pos=[0.0, 0.0, 0.0, -0.0, 0.0, 0.0] imu_ang_vel=[0.0, -0.02024064213037491, 0.0] imu_quat_wxyz=[0.7178492546081543, 0.2066904604434967, 0.13078573346138, -0.6518179178237915]
joint_pos=[0.0, 0.0, 0.0, -0.0, 0.0, 0.0] imu_ang_vel=[0.0, -0.02024064213037491, 0.0] imu_quat_wxyz=[0.7178492546081543, 0.2066904604434967, 0.13078573346138, -0.6518179178237915]
joint_pos=[0.0, 0.0, 0.0, -0.0, 0.0, 0.0] imu_ang_vel=[0.0, -0.015979453921318054, 0.0] imu_quat_wxyz=[0.7179347276687622, 0.20675808191299438, 0.13080133497714996, -0.6516991853713989]
joint_pos=[0.0, 0.0, 0.0, -0.0, 0.0, 0.0] imu_ang_vel=[0.0, -0.015979453921318054, 0.0] imu_quat_wxyz=[0.7179347276687622, 0.20675808191299438, 0.13080133497714996, -0.6516991853713989]
joint_pos=[0.0, 0.0, 0.0, -0.0, 0.0, 0.0] imu_ang_vel=[0.0, -0.011718266643583775, 0.0] imu_quat_wxyz=[0.7179471254348755, 0.20679040253162384, 0.13090556859970093, -0.6516541838645935]
joint_pos=[0.0, 0.0, 0.0, -0.0, 0.0, 0.0] imu_ang_vel=[0.0, -0.011718266643583775, 0.0] imu_quat_wxyz=[0.7179471254348755, 0.20679040253162384, 0.13090556859970093, -0.6516541838645935]
joint_pos=[0.0, 0.0, 0.0, -0.0, 0.0, 0.0] imu_ang_vel=[0.0, 0.0, 0.0] imu_quat_wxyz=[0.7179770469665527, 0.20690426230430603, 0.13102230429649353, -0.6515617370605469]
joint_pos=[0.0, 0.0, 0.0, -0.0, 0.0, 0.0] imu_ang_vel=[0.0, 0.0, 0.0] imu_quat_wxyz=[0.7179770469665527, 0.20690426230430603, 0.13102230429649353, -0.6515617370605469]
joint_pos=[0.0, 0.0, 0.0, -0.0, 0.0, 0.0] imu_ang_vel=[0.0, 0.0, 0.0] imu_quat_wxyz=[0.7180137634277344, 0.20710210502147675, 0.1311873346567154, -0.6514252424240112]
joint_pos=[0.0, 0.0, 0.0, -0.0, 0.0, 0.0] imu_ang_vel=[0.0, 0.0, 0.0] imu_quat_wxyz=[0.7180137634277344, 0.20710210502147675, 0.1311873346567154, -0.6514252424240112]
joint_pos=[0.0, 0.0, 0.0, -0.0, 0.0, 0.0] imu_ang_vel=[0.0, 0.0, 0.0] imu_quat_wxyz=[0.7180857062339783, 0.2073119580745697, 0.1313573271036148, -0.6512449383735657]
joint_pos=[0.0, 0.0, 0.0, -0.0, 0.0, 0.0] imu_ang_vel=[0.0, 0.0, 0.0] imu_quat_wxyz=[0.7180857062339783, 0.2073119580745697, 0.1313573271036148, -0.6512449383735657]
joint_pos=[0.0, 0.0, 0.0, -0.0, 0.0, 0.0] imu_ang_vel=[0.0, 0.0, 0.0] imu_quat_wxyz=[0.7181240320205688, 0.2073419690132141, 0.13138215243816376, -0.6511881351470947]
joint_pos=[0.0, 0.0, 0.0, -0.0, 0.0, 0.0] imu_ang_vel=[0.0, 0.0, 0.0] imu_quat_wxyz=[0.7181240320205688, 0.2073419690132141, 0.13138215243816376, -0.6511881351470947]
joint_pos=[0.0, 0.0, 0.0, -0.0, 0.0, 0.0] imu_ang_vel=[0.0, 0.0, 0.0] imu_quat_wxyz=[0.7181392312049866, 0.20734772086143494, 0.1313902586698532, -0.6511678695678711]
joint_pos=[0.0, 0.0, 0.0, -0.0, 0.0, 0.0] imu_ang_vel=[0.0, 0.0, 0.0] imu_quat_wxyz=[0.7181392312049866, 0.20734772086143494, 0.1313902586698532, -0.6511678695678711]
joint_pos=[0.0, 0.0, 0.0, -0.0, 0.0, 0.0] imu_ang_vel=[0.010652969591319561, 0.012783562764525414, 0.0] imu_quat_wxyz=[0.718112587928772, 0.2075796127319336, 0.13154596090316772, -0.6510918736457825]
joint_pos=[0.0, 0.0, 0.0, -0.0, 0.0, 0.0] imu_ang_vel=[0.010652969591319561, 0.012783562764525414, 0.0] imu_quat_wxyz=[0.718112587928772, 0.2075796127319336, 0.13154596090316772, -0.6510918736457825]
joint_pos=[0.0, 0.0, 0.0, -0.0, 0.0, 0.0] imu_ang_vel=[0.0, 0.013848859816789627, 0.0] imu_quat_wxyz=[0.7180554270744324, 0.20780350267887115, 0.13163793087005615, -0.6510648727416992]
joint_pos=[0.0, 0.0, 0.0, -0.0, 0.0, 0.0] imu_ang_vel=[0.0, 0.013848859816789627, 0.0] imu_quat_wxyz=[0.7180554270744324, 0.20780350267887115, 0.13163793087005615, -0.6510648727416992]
joint_pos=[0.0, 0.0, 0.0, -0.0, 0.0, 0.0] imu_ang_vel=[0.011718266643583775, 0.017044750973582268, 0.0] imu_quat_wxyz=[0.7180102467536926, 0.20804166793823242, 0.13186539709568024, -0.6509925127029419]
joint_pos=[0.0, 0.0, 0.0, -0.0, 0.0, 0.0] imu_ang_vel=[0.011718266643583775, 0.017044750973582268, 0.0] imu_quat_wxyz=[0.7180102467536926, 0.20804166793823242, 0.13186539709568024, -0.6509925127029419]
joint_pos=[0.0, 0.0, 0.0, -0.0, 0.0, 0.0] imu_ang_vel=[0.010652969591319561, 0.017044750973582268, 0.0] imu_quat_wxyz=[0.7179498076438904, 0.20826584100723267, 0.13198502361774445, -0.6509634256362915]
joint_pos=[0.0, 0.0, 0.0, -0.0, 0.0, 0.0] imu_ang_vel=[0.010652969591319561, 0.017044750973582268, 0.0] imu_quat_wxyz=[0.7179498076438904, 0.20826584100723267, 0.13198502361774445, -0.6509634256362915]
joint_pos=[0.0, 0.0, 0.0, -0.0, 0.0, 0.0] imu_ang_vel=[0.011718266643583775, 0.01811004802584648, 0.0] imu_quat_wxyz=[0.7178332805633545, 0.2084890753030777, 0.13206887245178223, -0.6510034203529358]
joint_pos=[0.0, 0.0, 0.0, -0.0, 0.0, 0.0] imu_ang_vel=[0.011718266643583775, 0.01811004802584648, 0.0] imu_quat_wxyz=[0.7178332805633545, 0.2084890753030777, 0.13206887245178223, -0.6510034203529358]
joint_pos=[0.0, 0.0, 0.0, -0.0, 0.0, 0.0] imu_ang_vel=[0.011718266643583775, 0.01811004802584648, 0.0] imu_quat_wxyz=[0.7176825404167175, 0.20870117843151093, 0.1320858746767044, -0.6510981321334839]
joint_pos=[0.0, 0.0, 0.0, -0.0, 0.0, 0.0] imu_ang_vel=[0.011718266643583775, 0.01811004802584648, 0.0] imu_quat_wxyz=[0.7176825404167175, 0.20870117843151093, 0.1320858746767044, -0.6510981321334839]
joint_pos=[0.0, 0.0, 0.0, -0.0, 0.0, 0.0] imu_ang_vel=[0.0, 0.015979453921318054, 0.0] imu_quat_wxyz=[0.7175394296646118, 0.20878013968467712, 0.1321481615304947, -0.6512179970741272]
joint_pos=[0.0, 0.0, 0.0, -0.0, 0.0, 0.0] imu_ang_vel=[0.0, 0.015979453921318054, 0.0] imu_quat_wxyz=[0.7175394296646118, 0.20878013968467712, 0.1321481615304947, -0.6512179970741272]
joint_pos=[0.0, 0.0, 0.0, -0.0, 0.0, 0.0] imu_ang_vel=[0.011718266643583775, 0.015979453921318054, 0.0] imu_quat_wxyz=[0.7174050807952881, 0.2089163064956665, 0.1322210431098938, -0.6513074636459351]
joint_pos=[0.0, 0.0, 0.0, -0.0, 0.0, 0.0] imu_ang_vel=[0.011718266643583775, 0.015979453921318054, 0.0] imu_quat_wxyz=[0.7174050807952881, 0.2089163064956665, 0.1322210431098938, -0.6513074636459351]
joint_pos=[0.0, 0.0, 0.0, -0.0, 0.0, 0.0] imu_ang_vel=[0.010652969591319561, 0.012783562764525414, 0.0] imu_quat_wxyz=[0.7172937989234924, 0.20910261571407318, 0.1323554813861847, -0.6513429284095764]
joint_pos=[0.0, 0.0, 0.0, -0.0, 0.0, 0.0] imu_ang_vel=[0.010652969591319561, 0.012783562764525414, 0.0] imu_quat_wxyz=[0.7172937989234924, 0.20910261571407318, 0.1323554813861847, -0.6513429284095764]
joint_pos=[0.0, 0.0, 0.0, -0.0, 0.0, 0.0] imu_ang_vel=[0.010652969591319561, 0.0, 0.0] imu_quat_wxyz=[0.7172104120254517, 0.20912720263004303, 0.13245069980621338, -0.6514076590538025]
joint_pos=[0.0, 0.0, 0.0, -0.0, 0.0, 0.0] imu_ang_vel=[0.010652969591319561, 0.0, 0.0] imu_quat_wxyz=[0.7172104120254517, 0.20912720263004303, 0.13245069980621338, -0.6514076590538025]
joint_pos=[0.0, 0.0, 0.0, -0.0, 0.0, 0.0] imu_ang_vel=[0.0, 0.0, 0.0] imu_quat_wxyz=[0.7171455025672913, 0.20899543166160583, 0.13246522843837738, -0.6515184044837952]
joint_pos=[0.0, 0.0, 0.0, -0.0, 0.0, 0.0] imu_ang_vel=[0.0, 0.0, 0.0] imu_quat_wxyz=[0.7171455025672913, 0.20899543166160583, 0.13246522843837738, -0.6515184044837952]
joint_pos=[0.0, 0.0, 0.0, -0.0, 0.0, 0.0] imu_ang_vel=[0.0, 0.0, 0.0] imu_quat_wxyz=[0.717101514339447, 0.2088603675365448, 0.13249488174915314, -0.6516039967536926]
joint_pos=[0.0, 0.0, 0.0, -0.0, 0.0, 0.0] imu_ang_vel=[0.0, 0.0, 0.0] imu_quat_wxyz=[0.717101514339447, 0.2088603675365448, 0.13249488174915314, -0.6516039967536926]
joint_pos=[0.0, 0.0, 0.0, -0.0, 0.0, 0.0] imu_ang_vel=[0.0, 0.0, 0.0] imu_quat_wxyz=[0.7170559763908386, 0.2087797373533249, 0.1325353980064392, -0.6516716480255127]
joint_pos=[0.0, 0.0, 0.0, -0.0, 0.0, 0.0] imu_ang_vel=[0.0, 0.0, 0.0] imu_quat_wxyz=[0.7170559763908386, 0.2087797373533249, 0.1325353980064392, -0.6516716480255127]
joint_pos=[0.0, 0.0, 0.0, -0.0, 0.0, 0.0] imu_ang_vel=[0.0, 0.0, 0.0] imu_quat_wxyz=[0.7170416116714478, 0.20874707400798798, 0.13264702260494232, -0.651675283908844]
joint_pos=[0.0, 0.0, 0.0, -0.0, 0.0, 0.0] imu_ang_vel=[0.0, 0.0, 0.0] imu_quat_wxyz=[0.7170416116714478, 0.20874707400798798, 0.13264702260494232, -0.651675283908844]
joint_pos=[0.0, 0.0, 0.0, -0.0, 0.0, 0.0] imu_ang_vel=[0.0, -0.010652969591319561, 0.0] imu_quat_wxyz=[0.7170498967170715, 0.208764910697937, 0.13275638222694397, -0.6516381502151489]
joint_pos=[0.0, 0.0, 0.0, -0.0, 0.0, 0.0] imu_ang_vel=[0.0, -0.010652969591319561, 0.0] imu_quat_wxyz=[0.7170498967170715, 0.208764910697937, 0.13275638222694397, -0.6516381502151489]
joint_pos=[0.0, 0.0, 0.0, -0.0, 0.0, 0.0] imu_ang_vel=[0.0, -0.01491415686905384, 0.0] imu_quat_wxyz=[0.7170795798301697, 0.2085714340209961, 0.13258838653564453, -0.6517016291618347]
joint_pos=[0.0, 0.0, 0.0, -0.0, 0.0, 0.0] imu_ang_vel=[0.0, -0.01491415686905384, 0.0] imu_quat_wxyz=[0.7170795798301697, 0.2085714340209961, 0.13258838653564453, -0.6517016291618347]
joint_pos=[0.0, 0.0, 0.0, -0.0, 0.0, 0.0] imu_ang_vel=[0.0, -0.019175345078110695, 0.0] imu_quat_wxyz=[0.7170774936676025, 0.20823843777179718, 0.1323511153459549, -0.6518587470054626]
joint_pos=[0.0, 0.0, 0.0, -0.0, 0.0, 0.0] imu_ang_vel=[0.0, -0.019175345078110695, 0.0] imu_quat_wxyz=[0.7170774936676025, 0.20823843777179718, 0.1323511153459549, -0.6518587470054626]
joint_pos=[0.0, 0.0, 0.0, -0.0, 0.0, 0.0] imu_ang_vel=[0.0, -0.021305939182639122, 0.0] imu_quat_wxyz=[0.7170756459236145, 0.20795784890651703, 0.132100448012352, -0.652001142501831]
joint_pos=[0.0, 0.0, 0.0, -0.0, 0.0, 0.0] imu_ang_vel=[0.0, -0.021305939182639122, 0.0] imu_quat_wxyz=[0.7170756459236145, 0.20795784890651703, 0.132100448012352, -0.652001142501831]
joint_pos=[0.0, 0.0, 0.0, -0.0, 0.0, 0.0] imu_ang_vel=[0.0, -0.024501830339431763, 0.0] imu_quat_wxyz=[0.7170816659927368, 0.2077541947364807, 0.13187168538570404, -0.6521057486534119]
joint_pos=[0.0, 0.0, 0.0, -0.0, 0.0, 0.0] imu_ang_vel=[0.0, -0.024501830339431763, 0.0] imu_quat_wxyz=[0.7170816659927368, 0.2077541947364807, 0.13187168538570404, -0.6521057486534119]
joint_pos=[0.0, 0.0, 0.0, -0.0, 0.0, 0.0] imu_ang_vel=[0.0, -0.02663242258131504, 0.0] imu_quat_wxyz=[0.7171396613121033, 0.20759542286396027, 0.1317722052335739, -0.652112603187561]
joint_pos=[0.0, 0.0, 0.0, -0.0, 0.0, 0.0] imu_ang_vel=[0.0, -0.02663242258131504, 0.0] imu_quat_wxyz=[0.7171396613121033, 0.20759542286396027, 0.1317722052335739, -0.652112603187561]
joint_pos=[0.0, 0.0, 0.0, -0.0, 0.0, 0.0] imu_ang_vel=[0.0, -0.028763016685843468, 0.0] imu_quat_wxyz=[0.7172530889511108, 0.2075800895690918, 0.13175015151500702, -0.6519971489906311]
joint_pos=[0.0, 0.0, 0.0, -0.0, 0.0, 0.0] imu_ang_vel=[0.0, -0.028763016685843468, 0.0] imu_quat_wxyz=[0.7172530889511108, 0.2075800895690918, 0.13175015151500702, -0.6519971489906311]
joint_pos=[0.0, 0.0, 0.0, -0.0, 0.0, 0.0] imu_ang_vel=[0.0, -0.02982831373810768, 0.0] imu_quat_wxyz=[0.7173658013343811, 0.2074173390865326, 0.1315624713897705, -0.6519628763198853]
joint_pos=[0.0, 0.0, 0.0, -0.0, 0.0, 0.0] imu_ang_vel=[0.0, -0.02982831373810768, 0.0] imu_quat_wxyz=[0.7173658013343811, 0.2074173390865326, 0.1315624713897705, -0.6519628763198853]
joint_pos=[0.0, 0.0, 0.0, -0.0, 0.0, 0.0] imu_ang_vel=[0.0, -0.02982831373810768, 0.0] imu_quat_wxyz=[0.7173991203308105, 0.20731356739997864, 0.13140186667442322, -0.6519916653633118]
joint_pos=[0.0, 0.0, 0.0, -0.0, 0.0, 0.0] imu_ang_vel=[0.0, -0.02982831373810768, 0.0] imu_quat_wxyz=[0.7173991203308105, 0.20731356739997864, 0.13140186667442322, -0.6519916653633118]
joint_pos=[0.0, 0.0, 0.0, -0.0, 0.0, 0.0] imu_ang_vel=[0.0, -0.02982831373810768, 0.0] imu_quat_wxyz=[0.7174367904663086, 0.20710264146327972, 0.13108594715595245, -0.6520808339118958]
joint_pos=[0.0, 0.0, 0.0, -0.0, 0.0, 0.0] imu_ang_vel=[0.0, -0.02982831373810768, 0.0] imu_quat_wxyz=[0.7174367904663086, 0.20710264146327972, 0.13108594715595245, -0.6520808339118958]
joint_pos=[0.0, 0.0, 0.0, -0.0, 0.0, 0.0] imu_ang_vel=[0.0, -0.027697719633579254, 0.0] imu_quat_wxyz=[0.7174708843231201, 0.20688070356845856, 0.13080692291259766, -0.6521697044372559]
joint_pos=[0.0, 0.0, 0.0, -0.0, 0.0, 0.0] imu_ang_vel=[0.0, -0.027697719633579254, 0.0] imu_quat_wxyz=[0.7174708843231201, 0.20688070356845856, 0.13080692291259766, -0.6521697044372559]
joint_pos=[0.0, 0.0, 0.0, -0.0, 0.0, 0.0] imu_ang_vel=[0.0, -0.025567125529050827, 0.0] imu_quat_wxyz=[0.7174708843231201, 0.20688070356845856, 0.13080692291259766, -0.6521697044372559]
joint_pos=[0.0, 0.0, 0.0, -0.0, 0.0, 0.0] imu_ang_vel=[0.0, -0.025567125529050827, 0.0] imu_quat_wxyz=[0.7175242900848389, 0.2068353146314621, 0.13073688745498657, -0.65213942527771]
joint_pos=[0.0, 0.0, 0.0, -0.0, 0.0, 0.0] imu_ang_vel=[0.0, -0.02343653328716755, 0.0] imu_quat_wxyz=[0.7175242900848389, 0.2068353146314621, 0.13073688745498657, -0.65213942527771]
joint_pos=[0.0, 0.0, 0.0, -0.0, 0.0, 0.0] imu_ang_vel=[0.0, -0.02343653328716755, 0.0] imu_quat_wxyz=[0.7176402807235718, 0.20691175758838654, 0.13077163696289062, -0.6519806385040283]
joint_pos=[0.0, 0.0, 0.0, -0.0, 0.0, 0.0] imu_ang_vel=[0.0, -0.02024064213037491, 0.0] imu_quat_wxyz=[0.7176402807235718, 0.20691175758838654, 0.13077163696289062, -0.6519806385040283]
joint_pos=[0.0, 0.0, 0.0, -0.0, 0.0, 0.0] imu_ang_vel=[0.0, -0.02024064213037491, 0.0] imu_quat_wxyz=[0.7177175283432007, 0.2068842053413391, 0.13069097697734833, -0.6519203782081604]
joint_pos=[0.0, 0.0, 0.0, -0.0, 0.0, 0.0] imu_ang_vel=[0.0, -0.01811004802584648, 0.0] imu_quat_wxyz=[0.7177175283432007, 0.2068842053413391, 0.13069097697734833, -0.6519203782081604]
joint_pos=[0.0, 0.0, 0.0, -0.0, 0.0, 0.0] imu_ang_vel=[0.0, -0.01811004802584648, 0.0] imu_quat_wxyz=[0.7177726030349731, 0.2068510353565216, 0.13062281906604767, -0.6518840193748474]
joint_pos=[0.0, 0.0, 0.0, -0.0, 0.0, 0.0] imu_ang_vel=[0.0, -0.012783562764525414, 0.0] imu_quat_wxyz=[0.7177726030349731, 0.2068510353565216, 0.13062281906604767, -0.6518840193748474]
joint_pos=[0.0, 0.0, 0.0, -0.0, 0.0, 0.0] imu_ang_vel=[0.0, -0.012783562764525414, 0.0] imu_quat_wxyz=[0.717835009098053, 0.2068789154291153, 0.1306924670934677, -0.6517925262451172]
joint_pos=[0.0, 0.0, 0.0, -0.0, 0.0, 0.0] imu_ang_vel=[0.0, 0.0, 0.0] imu_quat_wxyz=[0.717835009098053, 0.2068789154291153, 0.1306924670934677, -0.6517925262451172]
joint_pos=[0.0, 0.0, 0.0, -0.0, 0.0, 0.0] imu_ang_vel=[0.0, 0.0, 0.0] imu_quat_wxyz=[0.7178801894187927, 0.20704863965511322, 0.13081368803977966, -0.6516644954681396]
joint_pos=[0.0, 0.0, 0.0, -0.0, 0.0, 0.0] imu_ang_vel=[0.0, 0.0, 0.0] imu_quat_wxyz=[0.7178801894187927, 0.20704863965511322, 0.13081368803977966, -0.6516644954681396]
joint_pos=[0.0, 0.0, 0.0, -0.0, 0.0, 0.0] imu_ang_vel=[0.0, 0.0, 0.0] imu_quat_wxyz=[0.7179341316223145, 0.20726318657398224, 0.13102085888385773, -0.6514952778816223]
joint_pos=[0.0, 0.0, 0.0, -0.0, 0.0, 0.0] imu_ang_vel=[0.0, 0.0, 0.0] imu_quat_wxyz=[0.7179341316223145, 0.20726318657398224, 0.13102085888385773, -0.6514952778816223]
joint_pos=[0.0, 0.0, 0.0, -0.0, 0.0, 0.0] imu_ang_vel=[0.0, 0.0, 0.0] imu_quat_wxyz=[0.7179909944534302, 0.20739202201366425, 0.13118387758731842, -0.6513587832450867]
joint_pos=[0.0, 0.0, 0.0, -0.0, 0.0, 0.0] imu_ang_vel=[0.0, 0.0, 0.0] imu_quat_wxyz=[0.7179909944534302, 0.20739202201366425, 0.13118387758731842, -0.6513587832450867]
joint_pos=[0.0, 0.0, 0.0, -0.0, 0.0, 0.0] imu_ang_vel=[0.0, 0.0, 0.0] imu_quat_wxyz=[0.7179966568946838, 0.20737099647521973, 0.13121509552001953, -0.6513528227806091]
joint_pos=[0.0, 0.0, 0.0, -0.0, 0.0, 0.0] imu_ang_vel=[0.0, 0.0, 0.0] imu_quat_wxyz=[0.7179966568946838, 0.20737099647521973, 0.13121509552001953, -0.6513528227806091]
joint_pos=[0.0, 0.0, 0.0, -0.0, 0.0, 0.0] imu_ang_vel=[0.0, 0.0, 0.0] imu_quat_wxyz=[0.7179946899414062, 0.20735560357570648, 0.1312093436717987, -0.6513610482215881]
joint_pos=[0.0, 0.0, 0.0, -0.0, 0.0, 0.0] imu_ang_vel=[0.0, 0.010652969591319561, 0.0] imu_quat_wxyz=[0.7179946899414062, 0.20735560357570648, 0.1312093436717987, -0.6513610482215881]
joint_pos=[0.0, 0.0, 0.0, -0.0, 0.0, 0.0] imu_ang_vel=[0.0, 0.010652969591319561, 0.0] imu_quat_wxyz=[0.7179672718048096, 0.20741020143032074, 0.13130709528923035, -0.6513542532920837]
joint_pos=[0.0, 0.0, 0.0, -0.0, 0.0, 0.0] imu_ang_vel=[0.0, 0.012783562764525414, 0.0] imu_quat_wxyz=[0.7179672718048096, 0.20741020143032074, 0.13130709528923035, -0.6513542532920837]
joint_pos=[0.0, 0.0, 0.0, -0.0, 0.0, 0.0] imu_ang_vel=[0.0, 0.012783562764525414, 0.0] imu_quat_wxyz=[0.717918336391449, 0.20757192373275757, 0.13155271112918854, -0.6513071656227112]
joint_pos=[0.0, 0.0, 0.0, -0.0, 0.0, 0.0] imu_ang_vel=[0.0, 0.013848859816789627, 0.0] imu_quat_wxyz=[0.717918336391449, 0.20757192373275757, 0.13155271112918854, -0.6513071656227112]
joint_pos=[0.0, 0.0, 0.0, -0.0, 0.0, 0.0] imu_ang_vel=[0.0, 0.013848859816789627, 0.0] imu_quat_wxyz=[0.7179078459739685, 0.2077849805355072, 0.1318352222442627, -0.6511936783790588]
joint_pos=[0.0, 0.0, 0.0, -0.0, 0.0, 0.0] imu_ang_vel=[0.0, 0.017044750973582268, 0.0] imu_quat_wxyz=[0.7179078459739685, 0.2077849805355072, 0.1318352222442627, -0.6511936783790588]
joint_pos=[0.0, 0.0, 0.0, -0.0, 0.0, 0.0] imu_ang_vel=[0.0, 0.017044750973582268, 0.0] imu_quat_wxyz=[0.7178848385810852, 0.20797143876552582, 0.13213546574115753, -0.6510986685752869]
joint_pos=[0.0, 0.0, 0.0, -0.0, 0.0, 0.0] imu_ang_vel=[0.0, 0.017044750973582268, 0.0] imu_quat_wxyz=[0.7178848385810852, 0.20797143876552582, 0.13213546574115753, -0.6510986685752869]
joint_pos=[0.0, 0.0, 0.0, -0.0, 0.0, 0.0] imu_ang_vel=[0.0, 0.017044750973582268, 0.0] imu_quat_wxyz=[0.7178434729576111, 0.2080358862876892, 0.13224340975284576, -0.6511016488075256]
joint_pos=[0.0, 0.0, 0.0, -0.0, 0.0, 0.0] imu_ang_vel=[0.0, 0.01811004802584648, 0.0] imu_quat_wxyz=[0.7178434729576111, 0.2080358862876892, 0.13224340975284576, -0.6511016488075256]
joint_pos=[0.0, 0.0, 0.0, -0.0, 0.0, 0.0] imu_ang_vel=[0.0, 0.01811004802584648, 0.0] imu_quat_wxyz=[0.7177835702896118, 0.20810578763484955, 0.1323845535516739, -0.6511168479919434]
joint_pos=[0.0, 0.0, 0.0, -0.0, 0.0, 0.0] imu_ang_vel=[0.0, 0.017044750973582268, 0.0] imu_quat_wxyz=[0.7177835702896118, 0.20810578763484955, 0.1323845535516739, -0.6511168479919434]
joint_pos=[0.0, 0.0, 0.0, -0.0, 0.0, 0.0] imu_ang_vel=[0.0, 0.017044750973582268, 0.0] imu_quat_wxyz=[0.7177114486694336, 0.20819957554340363, 0.13248269259929657, -0.6511461734771729]
joint_pos=[0.0, 0.0, 0.0, -0.0, 0.0, 0.0] imu_ang_vel=[0.0, 0.017044750973582268, 0.0] imu_quat_wxyz=[0.7177114486694336, 0.20819957554340363, 0.13248269259929657, -0.6511461734771729]
joint_pos=[0.0, 0.0, 0.0, -0.0, 0.0, 0.0] imu_ang_vel=[0.0, 0.015979453921318054, 0.0] imu_quat_wxyz=[0.7176733016967773, 0.20824359357357025, 0.1325831413269043, -0.6511538624763489]
joint_pos=[0.0, 0.0, 0.0, -0.0, 0.0, 0.0] imu_ang_vel=[0.0, 0.015979453921318054, 0.0] imu_quat_wxyz=[0.7176733016967773, 0.20824359357357025, 0.1325831413269043, -0.6511538624763489]
joint_pos=[0.0, 0.0, 0.0, -0.0, 0.0, 0.0] imu_ang_vel=[0.0, 0.013848859816789627, 0.0] imu_quat_wxyz=[0.717668354511261, 0.20842309296131134, 0.13290461897850037, -0.6510363817214966]
joint_pos=[0.0, 0.0, 0.0, -0.0, 0.0, 0.0] imu_ang_vel=[0.0, 0.013848859816789627, 0.0] imu_quat_wxyz=[0.717668354511261, 0.20842309296131134, 0.13290461897850037, -0.6510363817214966]
joint_pos=[0.0, 0.0, 0.0, -0.0, 0.0, 0.0] imu_ang_vel=[0.0, 0.011718266643583775, 0.0] imu_quat_wxyz=[0.7176559567451477, 0.2085568904876709, 0.13309870660305023, -0.6509673595428467]
joint_pos=[0.0, 0.0, 0.0, -0.0, 0.0, 0.0] imu_ang_vel=[0.0, 0.011718266643583775, 0.0] imu_quat_wxyz=[0.7176559567451477, 0.2085568904876709, 0.13309870660305023, -0.6509673595428467]
joint_pos=[0.0, 0.0, 0.0, -0.0, 0.0, 0.0] imu_ang_vel=[0.0, 0.0, 0.0] imu_quat_wxyz=[0.7176170945167542, 0.20850719511508942, 0.1330474466085434, -0.6510366201400757]
joint_pos=[0.0, 0.0, 0.0, -0.0, 0.0, 0.0] imu_ang_vel=[0.0, 0.0, 0.0] imu_quat_wxyz=[0.7176170945167542, 0.20850719511508942, 0.1330474466085434, -0.6510366201400757]
joint_pos=[0.0, 0.0, 0.0, -0.0, 0.0, 0.0] imu_ang_vel=[0.0, 0.0, 0.0] imu_quat_wxyz=[0.7175512909889221, 0.2083720862865448, 0.1329304426908493, -0.651176393032074]
joint_pos=[0.0, 0.0, 0.0, -0.0, 0.0, 0.0] imu_ang_vel=[0.0, 0.0, 0.0] imu_quat_wxyz=[0.7175512909889221, 0.2083720862865448, 0.1329304426908493, -0.651176393032074]
joint_pos=[0.0, 0.0, 0.0, -0.0, 0.0, 0.0] imu_ang_vel=[0.0, 0.0, 0.0] imu_quat_wxyz=[0.7174934148788452, 0.20826677978038788, 0.13286514580249786, -0.6512871384620667]
joint_pos=[0.0, 0.0, 0.0, -0.0, 0.0, 0.0] imu_ang_vel=[0.0, 0.0, 0.0] imu_quat_wxyz=[0.7174934148788452, 0.20826677978038788, 0.13286514580249786, -0.6512871384620667]
joint_pos=[0.0, 0.0, 0.0, -0.0, 0.0, 0.0] imu_ang_vel=[0.0, 0.0, 0.0] imu_quat_wxyz=[0.7174466252326965, 0.20828832685947418, 0.13291548192501068, -0.6513213515281677]
joint_pos=[0.0, 0.0, 0.0, -0.0, 0.0, 0.0] imu_ang_vel=[0.0, 0.0, 0.0] imu_quat_wxyz=[0.7174466252326965, 0.20828832685947418, 0.13291548192501068, -0.6513213515281677]
joint_pos=[0.0, 0.0, 0.0, -0.0, 0.0, 0.0] imu_ang_vel=[0.0, 0.0, 0.0] imu_quat_wxyz=[0.7174515128135681, 0.20836232602596283, 0.1330384463071823, -0.6512672305107117]
joint_pos=[0.0, 0.0, 0.0, -0.0, 0.0, 0.0] imu_ang_vel=[0.0, 0.0, 0.0] imu_quat_wxyz=[0.7174515128135681, 0.20836232602596283, 0.1330384463071823, -0.6512672305107117]
joint_pos=[0.0, 0.0, 0.0, -0.0, 0.0, 0.0] imu_ang_vel=[0.0, -0.010652969591319561, 0.0] imu_quat_wxyz=[0.7174578309059143, 0.20837467908859253, 0.13303223252296448, -0.6512578129768372]
joint_pos=[0.0, 0.0, 0.0, -0.0, 0.0, 0.0] imu_ang_vel=[0.0, -0.010652969591319561, 0.0] imu_quat_wxyz=[0.7174578309059143, 0.20837467908859253, 0.13303223252296448, -0.6512578129768372]
joint_pos=[0.0, 0.0, 0.0, -0.0, 0.0, 0.0] imu_ang_vel=[0.0, -0.01491415686905384, 0.0] imu_quat_wxyz=[0.7174510955810547, 0.20816045999526978, 0.13279911875724792, -0.6513811945915222]
joint_pos=[0.0, 0.0, 0.0, -0.0, 0.0, 0.0] imu_ang_vel=[0.0, -0.01491415686905384, 0.0] imu_quat_wxyz=[0.7174510955810547, 0.20816045999526978, 0.13279911875724792, -0.6513811945915222]
joint_pos=[0.0, 0.0, 0.0, -0.0, 0.0, 0.0] imu_ang_vel=[0.0, -0.01811004802584648, 0.0] imu_quat_wxyz=[0.7174246907234192, 0.20797450840473175, 0.13258510828018188, -0.651513397693634]
joint_pos=[0.0, 0.0, 0.0, -0.0, 0.0, 0.0] imu_ang_vel=[0.0, -0.01811004802584648, 0.0] imu_quat_wxyz=[0.7174246907234192, 0.20797450840473175, 0.13258510828018188, -0.651513397693634]
joint_pos=[0.0, 0.0, 0.0, -0.0, 0.0, 0.0] imu_ang_vel=[0.0, -0.022371236234903336, 0.0] imu_quat_wxyz=[0.717420756816864, 0.20766964554786682, 0.13226436078548431, -0.6516799330711365]
joint_pos=[0.0, 0.0, 0.0, -0.0, 0.0, 0.0] imu_ang_vel=[0.0, -0.022371236234903336, 0.0] imu_quat_wxyz=[0.717420756816864, 0.20766964554786682, 0.13226436078548431, -0.6516799330711365]
joint_pos=[0.0, 0.0, 0.0, -0.0, 0.0, 0.0] imu_ang_vel=[0.0, -0.02343653328716755, 0.0] imu_quat_wxyz=[0.7174674272537231, 0.2076021432876587, 0.13222864270210266, -0.6516574025154114]
joint_pos=[0.0, 0.0, 0.0, -0.0, 0.0, 0.0] imu_ang_vel=[0.0, -0.02343653328716755, 0.0] imu_quat_wxyz=[0.7174674272537231, 0.2076021432876587, 0.13222864270210266, -0.6516574025154114]
joint_pos=[0.0, 0.0, 0.0, -0.0, 0.0, 0.0] imu_ang_vel=[0.0, -0.025567125529050827, 0.0] imu_quat_wxyz=[0.7175422310829163, 0.20755356550216675, 0.13207277655601501, -0.6516220569610596]
joint_pos=[0.0, 0.0, 0.0, -0.0, 0.0, 0.0] imu_ang_vel=[0.0, -0.025567125529050827, 0.0] imu_quat_wxyz=[0.7175422310829163, 0.20755356550216675, 0.13207277655601501, -0.6516220569610596]
joint_pos=[0.0, 0.0, 0.0, -0.0, 0.0, 0.0] imu_ang_vel=[0.0, -0.027697719633579254, 0.0] imu_quat_wxyz=[0.7175871729850769, 0.207328200340271, 0.13178087770938873, -0.6517035365104675]
joint_pos=[0.0, 0.0, 0.0, -0.0, 0.0, 0.0] imu_ang_vel=[0.0, -0.027697719633579254, 0.0] imu_quat_wxyz=[0.7175871729850769, 0.207328200340271, 0.13178087770938873, -0.6517035365104675]
joint_pos=[0.0, 0.0, 0.0, -0.0, 0.0, 0.0] imu_ang_vel=[0.0, -0.028763016685843468, 0.0] imu_quat_wxyz=[0.7176257967948914, 0.20720228552818298, 0.13160866498947144, -0.6517358422279358]
joint_pos=[0.0, 0.0, 0.0, -0.0, 0.0, 0.0] imu_ang_vel=[0.0, -0.028763016685843468, 0.0] imu_quat_wxyz=[0.7176257967948914, 0.20720228552818298, 0.13160866498947144, -0.6517358422279358]
joint_pos=[0.0, 0.0, 0.0, -0.0, 0.0, 0.0] imu_ang_vel=[0.0, -0.028763016685843468, 0.0] imu_quat_wxyz=[0.7176728248596191, 0.2070082277059555, 0.13140302896499634, -0.6517871022224426]
joint_pos=[0.0, 0.0, 0.0, -0.0, 0.0, 0.0] imu_ang_vel=[0.0, -0.028763016685843468, 0.0] imu_quat_wxyz=[0.7176728248596191, 0.2070082277059555, 0.13140302896499634, -0.6517871022224426]
joint_pos=[0.0, 0.0, 0.0, -0.0, 0.0, 0.0] imu_ang_vel=[0.0, -0.027697719633579254, 0.0] imu_quat_wxyz=[0.7177145481109619, 0.2067991942167282, 0.13116981089115143, -0.6518545150756836]
joint_pos=[0.0, 0.0, 0.0, -0.0, 0.0, 0.0] imu_ang_vel=[0.0, -0.027697719633579254, 0.0] imu_quat_wxyz=[0.7177145481109619, 0.2067991942167282, 0.13116981089115143, -0.6518545150756836]
joint_pos=[0.0, 0.0, 0.0, -0.0, 0.0, 0.0] imu_ang_vel=[0.0, -0.02663242258131504, 0.0] imu_quat_wxyz=[0.7177948951721191, 0.2067377120256424, 0.13106174767017365, -0.6518073678016663]
joint_pos=[0.0, 0.0, 0.0, -0.0, 0.0, 0.0] imu_ang_vel=[0.0, -0.02663242258131504, 0.0] imu_quat_wxyz=[0.7177948951721191, 0.2067377120256424, 0.13106174767017365, -0.6518073678016663]
joint_pos=[0.0, 0.0, 0.0, -0.0, 0.0, 0.0] imu_ang_vel=[0.0, -0.024501830339431763, 0.0] imu_quat_wxyz=[0.7179035544395447, 0.20679059624671936, 0.13102711737155914, -0.651677668094635]
joint_pos=[0.0, 0.0, 0.0, -0.0, 0.0, 0.0] imu_ang_vel=[0.0, -0.024501830339431763, 0.0] imu_quat_wxyz=[0.7179035544395447, 0.20679059624671936, 0.13102711737155914, -0.651677668094635]
joint_pos=[0.0, 0.0, 0.0, -0.0, 0.0, 0.0] imu_ang_vel=[0.0, -0.022371236234903336, 0.0] imu_quat_wxyz=[0.7179825901985168, 0.2067612260580063, 0.13094565272331238, -0.6516165137290955]
joint_pos=[0.0, 0.0, 0.0, -0.0, 0.0, 0.0] imu_ang_vel=[0.0, -0.022371236234903336, 0.0] imu_quat_wxyz=[0.7179825901985168, 0.2067612260580063, 0.13094565272331238, -0.6516165137290955]
joint_pos=[0.0, 0.0, 0.0, -0.0, 0.0, 0.0] imu_ang_vel=[0.011718266643583775, -0.019175345078110695, 0.0] imu_quat_wxyz=[0.7180144786834717, 0.2068737894296646, 0.1308298259973526, -0.6515688896179199]
joint_pos=[0.0, 0.0, 0.0, -0.0, 0.0, 0.0] imu_ang_vel=[0.011718266643583775, -0.019175345078110695, 0.0] imu_quat_wxyz=[0.7180144786834717, 0.2068737894296646, 0.1308298259973526, -0.6515688896179199]
joint_pos=[0.0, 0.0, 0.0, -0.0, 0.0, 0.0] imu_ang_vel=[0.010652969591319561, -0.01811004802584648, 0.0] imu_quat_wxyz=[0.7180245518684387, 0.20700232684612274, 0.13066332042217255, -0.6515503525733948]
joint_pos=[0.0, 0.0, 0.0, -0.0, 0.0, 0.0] imu_ang_vel=[0.010652969591319561, -0.01811004802584648, 0.0] imu_quat_wxyz=[0.7180245518684387, 0.20700232684612274, 0.13066332042217255, -0.6515503525733948]
joint_pos=[0.0, 0.0, 0.0, -0.0, 0.0, 0.0] imu_ang_vel=[0.012783562764525414, -0.013848859816789627, 0.0] imu_quat_wxyz=[0.7180120348930359, 0.2071027159690857, 0.13050545752048492, -0.6515637636184692]
joint_pos=[0.0, 0.0, 0.0, -0.0, 0.0, 0.0] imu_ang_vel=[0.012783562764525414, -0.013848859816789627, 0.0] imu_quat_wxyz=[0.7180120348930359, 0.2071027159690857, 0.13050545752048492, -0.6515637636184692]
joint_pos=[0.0, 0.0, 0.0, -0.0, 0.0, 0.0] imu_ang_vel=[0.012783562764525414, 0.0, 0.0] imu_quat_wxyz=[0.7179861664772034, 0.20738977193832397, 0.13053646683692932, -0.6514948606491089]
joint_pos=[0.0, 0.0, 0.0, -0.0, 0.0, 0.0] imu_ang_vel=[0.012783562764525414, 0.0, 0.0] imu_quat_wxyz=[0.7179861664772034, 0.20738977193832397, 0.13053646683692932, -0.6514948606491089]
joint_pos=[0.0, 0.0, 0.0, -0.0, 0.0, 0.0] imu_ang_vel=[0.012783562764525414, 0.0, 0.0] imu_quat_wxyz=[0.7179582715034485, 0.20771552622318268, 0.1306045800447464, -0.6514081954956055]
joint_pos=[0.0, 0.0, 0.0, -0.0, 0.0, 0.0] imu_ang_vel=[0.012783562764525414, 0.0, 0.0] imu_quat_wxyz=[0.7179582715034485, 0.20771552622318268, 0.1306045800447464, -0.6514081954956055]
joint_pos=[0.0, 0.0, 0.0, -0.0, 0.0, 0.0] imu_ang_vel=[0.013848859816789627, 0.0, 0.0] imu_quat_wxyz=[0.7178910970687866, 0.20786349475383759, 0.13051588833332062, -0.6514527797698975]
joint_pos=[0.0, 0.0, 0.0, -0.0, 0.0, 0.0] imu_ang_vel=[0.013848859816789627, 0.0, 0.0] imu_quat_wxyz=[0.7178910970687866, 0.20786349475383759, 0.13051588833332062, -0.6514527797698975]
joint_pos=[0.0, 0.0, 0.0, -0.0, 0.0, 0.0] imu_ang_vel=[0.010652969591319561, 0.0, 0.0] imu_quat_wxyz=[0.717828094959259, 0.20788346230983734, 0.13034774363040924, -0.6515494585037231]
joint_pos=[0.0, 0.0, 0.0, -0.0, 0.0, 0.0] imu_ang_vel=[0.010652969591319561, 0.0, 0.0] imu_quat_wxyz=[0.717828094959259, 0.20788346230983734, 0.13034774363040924, -0.6515494585037231]
joint_pos=[0.0, 0.0, 0.0, -0.0, 0.0, 0.0] imu_ang_vel=[0.012783562764525414, 0.0, 0.0] imu_quat_wxyz=[0.7177605628967285, 0.2079319804906845, 0.13030672073364258, -0.651616632938385]
joint_pos=[0.0, 0.0, 0.0, -0.0, 0.0, 0.0] imu_ang_vel=[0.012783562764525414, 0.0, 0.0] imu_quat_wxyz=[0.7177605628967285, 0.2079319804906845, 0.13030672073364258, -0.651616632938385]
joint_pos=[0.0, 0.0, 0.0, -0.0, 0.0, 0.0] imu_ang_vel=[0.010652969591319561, 0.0, 0.0] imu_quat_wxyz=[0.7176951766014099, 0.20802684128284454, 0.13030500710010529, -0.6516585946083069]
joint_pos=[0.0, 0.0, 0.0, -0.0, 0.0, 0.0] imu_ang_vel=[0.010652969591319561, 0.0, 0.0] imu_quat_wxyz=[0.7176951766014099, 0.20802684128284454, 0.13030500710010529, -0.6516585946083069]
joint_pos=[0.0, 0.0, 0.0, -0.0, 0.0, 0.0] imu_ang_vel=[0.011718266643583775, 0.010652969591319561, 0.0] imu_quat_wxyz=[0.7176060080528259, 0.20823727548122406, 0.13052421808242798, -0.6516457200050354]
joint_pos=[0.0, 0.0, 0.0, -0.0, 0.0, 0.0] imu_ang_vel=[0.011718266643583775, 0.010652969591319561, 0.0] imu_quat_wxyz=[0.7176060080528259, 0.20823727548122406, 0.13052421808242798, -0.6516457200050354]
joint_pos=[0.0, 0.0, 0.0, -0.0, 0.0, 0.0] imu_ang_vel=[0.0, 0.012783562764525414, 0.0] imu_quat_wxyz=[0.7175318598747253, 0.20833609998226166, 0.13076993823051453, -0.651646614074707]
joint_pos=[0.0, 0.0, 0.0, -0.0, 0.0, 0.0] imu_ang_vel=[0.0, 0.012783562764525414, 0.0] imu_quat_wxyz=[0.7175318598747253, 0.20833609998226166, 0.13076993823051453, -0.651646614074707]
joint_pos=[0.0, 0.0, 0.0, -0.0, 0.0, 0.0] imu_ang_vel=[0.0, 0.01491415686905384, 0.0] imu_quat_wxyz=[0.7174683213233948, 0.20838016271591187, 0.13113443553447723, -0.6516292095184326]
joint_pos=[0.0, 0.0, 0.0, -0.0, 0.0, 0.0] imu_ang_vel=[0.0, 0.01491415686905384, 0.0] imu_quat_wxyz=[0.7174683213233948, 0.20838016271591187, 0.13113443553447723, -0.6516292095184326]
joint_pos=[0.0, 0.0, 0.0, -0.0, 0.0, 0.0] imu_ang_vel=[0.0, 0.01491415686905384, 0.0] imu_quat_wxyz=[0.7174327969551086, 0.20847110450267792, 0.13145765662193298, -0.6515740752220154]
joint_pos=[0.0, 0.0, 0.0, -0.0, 0.0, 0.0] imu_ang_vel=[0.0, 0.01491415686905384, 0.0] imu_quat_wxyz=[0.7174327969551086, 0.20847110450267792, 0.13145765662193298, -0.6515740752220154]
joint_pos=[0.0, 0.0, 0.0, -0.0, 0.0, 0.0] imu_ang_vel=[0.0, 0.01491415686905384, 0.0] imu_quat_wxyz=[0.7173658013343811, 0.20851776003837585, 0.13167046010494232, -0.6515898704528809]
joint_pos=[0.0, 0.0, 0.0, -0.0, 0.0, 0.0] imu_ang_vel=[0.0, 0.01491415686905384, 0.0] imu_quat_wxyz=[0.7173658013343811, 0.20851776003837585, 0.13167046010494232, -0.6515898704528809]
joint_pos=[0.0, 0.0, 0.0, -0.0, 0.0, 0.0] imu_ang_vel=[0.0, 0.01491415686905384, 0.0] imu_quat_wxyz=[0.7172910571098328, 0.20859231054782867, 0.1318855583667755, -0.6516048312187195]
joint_pos=[0.0, 0.0, 0.0, -0.0, 0.0, 0.0] imu_ang_vel=[0.0, 0.01491415686905384, 0.0] imu_quat_wxyz=[0.7172910571098328, 0.20859231054782867, 0.1318855583667755, -0.6516048312187195]
joint_pos=[0.0, 0.0, 0.0, -0.0, 0.0, 0.0] imu_ang_vel=[0.0, 0.013848859816789627, 0.0] imu_quat_wxyz=[0.717266321182251, 0.20864450931549072, 0.13201020658016205, -0.65159010887146]
joint_pos=[0.0, 0.0, 0.0, -0.0, 0.0, 0.0] imu_ang_vel=[0.0, 0.013848859816789627, 0.0] imu_quat_wxyz=[0.717266321182251, 0.20864450931549072, 0.13201020658016205, -0.65159010887146]
joint_pos=[0.0, 0.0, 0.0, -0.0, 0.0, 0.0] imu_ang_vel=[0.0, 0.011718266643583775, 0.0] imu_quat_wxyz=[0.717219889163971, 0.20869344472885132, 0.1322508454322815, -0.6515767574310303]
joint_pos=[0.0, 0.0, 0.0, -0.0, 0.0, 0.0] imu_ang_vel=[0.0, 0.011718266643583775, 0.0] imu_quat_wxyz=[0.717219889163971, 0.20869344472885132, 0.1322508454322815, -0.6515767574310303]
joint_pos=[0.0, 0.0, 0.0, -0.0, 0.0, 0.0] imu_ang_vel=[0.0, 0.0, 0.0] imu_quat_wxyz=[0.7172054648399353, 0.2086830586194992, 0.1324385702610016, -0.6515578627586365]
joint_pos=[0.0, 0.0, 0.0, -0.0, 0.0, 0.0] imu_ang_vel=[0.0, 0.0, 0.0] imu_quat_wxyz=[0.7172054648399353, 0.2086830586194992, 0.1324385702610016, -0.6515578627586365]
joint_pos=[0.0, 0.0, 0.0, -0.0, 0.0, 0.0] imu_ang_vel=[0.0, 0.0, 0.0] imu_quat_wxyz=[0.7172170281410217, 0.2086382806301117, 0.1324964314699173, -0.6515477895736694]
joint_pos=[0.0, 0.0, 0.0, -0.0, 0.0, 0.0] imu_ang_vel=[0.0, 0.0, 0.0] imu_quat_wxyz=[0.7172170281410217, 0.2086382806301117, 0.1324964314699173, -0.6515477895736694]
joint_pos=[0.0, 0.0, 0.0, -0.0, 0.0, 0.0] imu_ang_vel=[0.0, 0.0, 0.0] imu_quat_wxyz=[0.7171894907951355, 0.20855633914470673, 0.13253076374530792, -0.6515973210334778]
joint_pos=[0.0, 0.0, 0.0, -0.0, 0.0, 0.0] imu_ang_vel=[0.0, 0.0, 0.0] imu_quat_wxyz=[0.7171894907951355, 0.20855633914470673, 0.13253076374530792, -0.6515973210334778]
joint_pos=[0.0, 0.0, 0.0, -0.0, 0.0, 0.0] imu_ang_vel=[0.0, 0.0, 0.0] imu_quat_wxyz=[0.7171775698661804, 0.20854811370372772, 0.1325947493314743, -0.6515999436378479]
joint_pos=[0.0, 0.0, 0.0, -0.0, 0.0, 0.0] imu_ang_vel=[0.0, 0.0, 0.0] imu_quat_wxyz=[0.7171775698661804, 0.20854811370372772, 0.1325947493314743, -0.6515999436378479]
joint_pos=[0.0, 0.0, 0.0, -0.0, 0.0, 0.0] imu_ang_vel=[0.0, 0.0, 0.0] imu_quat_wxyz=[0.7171972990036011, 0.2086557298898697, 0.13280326128005981, -0.6515012979507446]
joint_pos=[0.0, 0.0, 0.0, -0.0, 0.0, 0.0] imu_ang_vel=[0.0, 0.0, 0.0] imu_quat_wxyz=[0.7171972990036011, 0.2086557298898697, 0.13280326128005981, -0.6515012979507446]
joint_pos=[0.0, 0.0, 0.0, -0.0, 0.0, 0.0] imu_ang_vel=[0.0, 0.0, 0.0] imu_quat_wxyz=[0.7172247767448425, 0.208687886595726, 0.1328980177640915, -0.6514415144920349]
joint_pos=[0.0, 0.0, 0.0, -0.0, 0.0, 0.0] imu_ang_vel=[0.0, 0.0, 0.0] imu_quat_wxyz=[0.7172247767448425, 0.208687886595726, 0.1328980177640915, -0.6514415144920349]
joint_pos=[0.0, 0.0, 0.0, -0.0, 0.0, 0.0] imu_ang_vel=[0.0, 0.0, 0.0] imu_quat_wxyz=[0.7172083258628845, 0.20861496031284332, 0.1329825222492218, -0.651465654373169]
joint_pos=[0.0, 0.0, 0.0, -0.0, 0.0, 0.0] imu_ang_vel=[0.0, 0.0, 0.0] imu_quat_wxyz=[0.7172083258628845, 0.20861496031284332, 0.1329825222492218, -0.651465654373169]
joint_pos=[0.0, 0.0, 0.0, -0.0, 0.0, 0.0] imu_ang_vel=[0.0, -0.013848859816789627, 0.0] imu_quat_wxyz=[0.7172170877456665, 0.20840388536453247, 0.13284742832183838, -0.6515511274337769]
joint_pos=[0.0, 0.0, 0.0, -0.0, 0.0, 0.0] imu_ang_vel=[0.0, -0.013848859816789627, 0.0] imu_quat_wxyz=[0.7172170877456665, 0.20840388536453247, 0.13284742832183838, -0.6515511274337769]
joint_pos=[0.0, 0.0, 0.0, -0.0, 0.0, 0.0] imu_ang_vel=[0.0, -0.015979453921318054, 0.0] imu_quat_wxyz=[0.7172301411628723, 0.20823152363300323, 0.13258932530879974, -0.6516445875167847]
joint_pos=[0.0, 0.0, 0.0, -0.0, 0.0, 0.0] imu_ang_vel=[0.0, -0.015979453921318054, 0.0] imu_quat_wxyz=[0.7172301411628723, 0.20823152363300323, 0.13258932530879974, -0.6516445875167847]
joint_pos=[0.0, 0.0, 0.0, -0.0, 0.0, 0.0] imu_ang_vel=[0.0, -0.019175345078110695, 0.0] imu_quat_wxyz=[0.7172932028770447, 0.2081010937690735, 0.13246236741542816, -0.6516425013542175]
joint_pos=[0.0, 0.0, 0.0, -0.0, 0.0, 0.0] imu_ang_vel=[0.0, -0.019175345078110695, 0.0] imu_quat_wxyz=[0.7172932028770447, 0.2081010937690735, 0.13246236741542816, -0.6516425013542175]
joint_pos=[0.0, 0.0, 0.0, -0.0, 0.0, 0.0] imu_ang_vel=[0.0, -0.022371236234903336, 0.0] imu_quat_wxyz=[0.7174035310745239, 0.2080254703760147, 0.13246694207191467, -0.6515443921089172]
joint_pos=[0.0, 0.0, 0.0, -0.0, 0.0, 0.0] imu_ang_vel=[0.0, -0.022371236234903336, 0.0] imu_quat_wxyz=[0.7174035310745239, 0.2080254703760147, 0.13246694207191467, -0.6515443921089172]
joint_pos=[0.0, 0.0, 0.0, -0.0, 0.0, 0.0] imu_ang_vel=[0.0, -0.02343653328716755, 0.0] imu_quat_wxyz=[0.717478334903717, 0.2078847587108612, 0.1322859823703766, -0.6515436768531799]
joint_pos=[0.0, 0.0, 0.0, -0.0, 0.0, 0.0] imu_ang_vel=[0.0, -0.02343653328716755, 0.0] imu_quat_wxyz=[0.717478334903717, 0.2078847587108612, 0.1322859823703766, -0.6515436768531799]
joint_pos=[0.0, 0.0, 0.0, -0.0, 0.0, 0.0] imu_ang_vel=[0.0, -0.024501830339431763, 0.0] imu_quat_wxyz=[0.7175341844558716, 0.2077384889125824, 0.1321469396352768, -0.6515570878982544]
joint_pos=[0.0, 0.0, 0.0, -0.0, 0.0, 0.0] imu_ang_vel=[0.0, -0.024501830339431763, 0.0] imu_quat_wxyz=[0.7175341844558716, 0.2077384889125824, 0.1321469396352768, -0.6515570878982544]
joint_pos=[0.0, 0.0, 0.0, -0.0, 0.0, 0.0] imu_ang_vel=[0.0, -0.025567125529050827, 0.0] imu_quat_wxyz=[0.7175948023796082, 0.2075660526752472, 0.13192123174667358, -0.6515910029411316]
joint_pos=[0.0, 0.0, 0.0, -0.0, 0.0, 0.0] imu_ang_vel=[0.0, -0.025567125529050827, 0.0] imu_quat_wxyz=[0.7175948023796082, 0.2075660526752472, 0.13192123174667358, -0.6515910029411316]
joint_pos=[0.0, 0.0, 0.0, -0.0, 0.0, 0.0] imu_ang_vel=[0.0, -0.02343653328716755, 0.0] imu_quat_wxyz=[0.717639684677124, 0.20736746490001678, 0.13169482350349426, -0.6516504883766174]
joint_pos=[0.0, 0.0, 0.0, -0.0, 0.0, 0.0] imu_ang_vel=[0.0, -0.02343653328716755, 0.0] imu_quat_wxyz=[0.717639684677124, 0.20736746490001678, 0.13169482350349426, -0.6516504883766174]
joint_pos=[0.0, 0.0, 0.0, -0.0, 0.0, 0.0] imu_ang_vel=[0.0, -0.024501830339431763, 0.0] imu_quat_wxyz=[0.717700183391571, 0.20724521577358246, 0.1315430849790573, -0.651653528213501]
joint_pos=[0.0, 0.0, 0.0, -0.0, 0.0, 0.0] imu_ang_vel=[0.0, -0.024501830339431763, 0.0] imu_quat_wxyz=[0.717700183391571, 0.20724521577358246, 0.1315430849790573, -0.651653528213501]
joint_pos=[0.0, 0.0, 0.0, -0.0, 0.0, 0.0] imu_ang_vel=[0.0, -0.02343653328716755, 0.0] imu_quat_wxyz=[0.7177781462669373, 0.20717193186283112, 0.1314152032136917, -0.651616632938385]
joint_pos=[0.0, 0.0, 0.0, -0.0, 0.0, 0.0] imu_ang_vel=[0.0, -0.02343653328716755, 0.0] imu_quat_wxyz=[0.7177781462669373, 0.20717193186283112, 0.1314152032136917, -0.651616632938385]
joint_pos=[0.0, 0.0, 0.0, -0.0, 0.0, 0.0] imu_ang_vel=[0.0, -0.022371236234903336, 0.0] imu_quat_wxyz=[0.7178300619125366, 0.20705285668373108, 0.1312873512506485, -0.6516230702400208]
joint_pos=[0.0, 0.0, 0.0, -0.0, 0.0, 0.0] imu_ang_vel=[0.0, -0.022371236234903336, 0.0] imu_quat_wxyz=[0.7178300619125366, 0.20705285668373108, 0.1312873512506485, -0.6516230702400208]
joint_pos=[0.0, 0.0, 0.0, -0.0, 0.0, 0.0] imu_ang_vel=[0.011718266643583775, -0.019175345078110695, 0.0] imu_quat_wxyz=[0.717841625213623, 0.2071346938610077, 0.13103529810905457, -0.6516350507736206]
joint_pos=[0.0, 0.0, 0.0, -0.0, 0.0, 0.0] imu_ang_vel=[0.011718266643583775, -0.019175345078110695, 0.0] imu_quat_wxyz=[0.717841625213623, 0.2071346938610077, 0.13103529810905457, -0.6516350507736206]
joint_pos=[0.0, 0.0, 0.0, -0.0, 0.0, 0.0] imu_ang_vel=[0.011718266643583775, -0.017044750973582268, 0.0] imu_quat_wxyz=[0.7178515195846558, 0.207157701253891, 0.1307784914970398, -0.6516684293746948]
joint_pos=[0.0, 0.0, 0.0, -0.0, 0.0, 0.0] imu_ang_vel=[0.011718266643583775, -0.017044750973582268, 0.0] imu_quat_wxyz=[0.7178515195846558, 0.207157701253891, 0.1307784914970398, -0.6516684293746948]
joint_pos=[0.0, 0.0, 0.0, -0.0, 0.0, 0.0] imu_ang_vel=[0.012783562764525414, -0.013848859816789627, 0.0] imu_quat_wxyz=[0.7178601026535034, 0.20728746056556702, 0.13063044846057892, -0.6516475081443787]
joint_pos=[0.0, 0.0, 0.0, -0.0, 0.0, 0.0] imu_ang_vel=[0.012783562764525414, -0.013848859816789627, 0.0] imu_quat_wxyz=[0.7178601026535034, 0.20728746056556702, 0.13063044846057892, -0.6516475081443787]
joint_pos=[0.0, 0.0, 0.0, -0.0, 0.0, 0.0] imu_ang_vel=[0.013848859816789627, -0.011718266643583775, 0.0] imu_quat_wxyz=[0.7178627848625183, 0.20747557282447815, 0.13056348264217377, -0.6515980362892151]
joint_pos=[0.0, 0.0, 0.0, -0.0, 0.0, 0.0] imu_ang_vel=[0.013848859816789627, -0.011718266643583775, 0.0] imu_quat_wxyz=[0.7178627848625183, 0.20747557282447815, 0.13056348264217377, -0.6515980362892151]
joint_pos=[0.0, 0.0, 0.0, -0.0, 0.0, 0.0] imu_ang_vel=[0.012783562764525414, 0.0, 0.0] imu_quat_wxyz=[0.7178481817245483, 0.20763778686523438, 0.1304982751607895, -0.65157550573349]
joint_pos=[0.0, 0.0, 0.0, -0.0, 0.0, 0.0] imu_ang_vel=[0.012783562764525414, 0.0, 0.0] imu_quat_wxyz=[0.7178481817245483, 0.20763778686523438, 0.1304982751607895, -0.65157550573349]
joint_pos=[0.0, 0.0, 0.0, -0.0, 0.0, 0.0] imu_ang_vel=[0.013848859816789627, 0.0, 0.0] imu_quat_wxyz=[0.7177691459655762, 0.20767411589622498, 0.13041943311691284, -0.6516667604446411]
joint_pos=[0.0, 0.0, 0.0, -0.0, 0.0, 0.0] imu_ang_vel=[0.013848859816789627, 0.0, 0.0] imu_quat_wxyz=[0.7177691459655762, 0.20767411589622498, 0.13041943311691284, -0.6516667604446411]
joint_pos=[0.0, 0.0, 0.0, -0.0, 0.0, 0.0] imu_ang_vel=[0.012783562764525414, 0.0, 0.0] imu_quat_wxyz=[0.7176792025566101, 0.20774051547050476, 0.1304135024547577, -0.6517458558082581]
joint_pos=[0.0, 0.0, 0.0, -0.0, 0.0, 0.0] imu_ang_vel=[0.012783562764525414, 0.0, 0.0] imu_quat_wxyz=[0.7176792025566101, 0.20774051547050476, 0.1304135024547577, -0.6517458558082581]
joint_pos=[0.0, 0.0, 0.0, -0.0, 0.0, 0.0] imu_ang_vel=[0.010652969591319561, 0.0, 0.0] imu_quat_wxyz=[0.7176200747489929, 0.20780986547470093, 0.13035765290260315, -0.6518000364303589]
joint_pos=[0.0, 0.0, 0.0, -0.0, 0.0, 0.0] imu_ang_vel=[0.010652969591319561, 0.0, 0.0] imu_quat_wxyz=[0.7176200747489929, 0.20780986547470093, 0.13035765290260315, -0.6518000364303589]
joint_pos=[0.0, 0.0, 0.0, -0.0, 0.0, 0.0] imu_ang_vel=[0.0, 0.0, 0.0] imu_quat_wxyz=[0.7175801992416382, 0.20789572596549988, 0.1304219365119934, -0.6518037915229797]
joint_pos=[0.0, 0.0, 0.0, -0.0, 0.0, 0.0] imu_ang_vel=[0.0, 0.0, 0.0] imu_quat_wxyz=[0.7175801992416382, 0.20789572596549988, 0.1304219365119934, -0.6518037915229797]
joint_pos=[0.0, 0.0, 0.0, -0.0, 0.0, 0.0] imu_ang_vel=[0.0, 0.0, 0.0] imu_quat_wxyz=[0.7176029682159424, 0.20789960026741028, 0.1306597739458084, -0.6517298221588135]
joint_pos=[0.0, 0.0, 0.0, -0.0, 0.0, 0.0] imu_ang_vel=[0.0, 0.0, 0.0] imu_quat_wxyz=[0.7176029682159424, 0.20789960026741028, 0.1306597739458084, -0.6517298221588135]
joint_pos=[0.0, 0.0, 0.0, -0.0, 0.0, 0.0] imu_ang_vel=[0.0, 0.0, 0.0] imu_quat_wxyz=[0.7176027894020081, 0.20782272517681122, 0.13078799843788147, -0.6517288088798523]
joint_pos=[0.0, 0.0, 0.0, -0.0, 0.0, 0.0] imu_ang_vel=[0.0, 0.0, 0.0] imu_quat_wxyz=[0.7176027894020081, 0.20782272517681122, 0.13078799843788147, -0.6517288088798523]
joint_pos=[0.0, 0.0, 0.0, -0.0, 0.0, 0.0] imu_ang_vel=[0.0, 0.010652969591319561, 0.0] imu_quat_wxyz=[0.7175849080085754, 0.20775063335895538, 0.13089795410633087, -0.6517494916915894]
joint_pos=[0.0, 0.0, 0.0, -0.0, 0.0, 0.0] imu_ang_vel=[0.0, 0.010652969591319561, 0.0] imu_quat_wxyz=[0.7175849080085754, 0.20775063335895538, 0.13089795410633087, -0.6517494916915894]
joint_pos=[0.0, 0.0, 0.0, -0.0, 0.0, 0.0] imu_ang_vel=[0.0, 0.011718266643583775, 0.0] imu_quat_wxyz=[0.7175469398498535, 0.2078479677438736, 0.13116653263568878, -0.6517061591148376]
joint_pos=[0.0, 0.0, 0.0, -0.0, 0.0, 0.0] imu_ang_vel=[0.0, 0.011718266643583775, 0.0] imu_quat_wxyz=[0.7175469398498535, 0.2078479677438736, 0.13116653263568878, -0.6517061591148376]
joint_pos=[0.0, 0.0, 0.0, -0.0, 0.0, 0.0] imu_ang_vel=[0.0, 0.012783562764525414, 0.0] imu_quat_wxyz=[0.7175089716911316, 0.20799998939037323, 0.13132409751415253, -0.6516677141189575]
joint_pos=[0.0, 0.0, 0.0, -0.0, 0.0, 0.0] imu_ang_vel=[0.0, 0.012783562764525414, 0.0] imu_quat_wxyz=[0.7175089716911316, 0.20799998939037323, 0.13132409751415253, -0.6516677141189575]
joint_pos=[0.0, 0.0, 0.0, -0.0, 0.0, 0.0] imu_ang_vel=[0.0, 0.012783562764525414, 0.0] imu_quat_wxyz=[0.7174724340438843, 0.20810043811798096, 0.1315430849790573, -0.6516317129135132]
joint_pos=[0.0, 0.0, 0.0, -0.0, 0.0, 0.0] imu_ang_vel=[0.0, 0.012783562764525414, 0.0] imu_quat_wxyz=[0.7174724340438843, 0.20810043811798096, 0.1315430849790573, -0.6516317129135132]
joint_pos=[0.0, 0.0, 0.0, -0.0, 0.0, 0.0] imu_ang_vel=[0.0, 0.011718266643583775, 0.0] imu_quat_wxyz=[0.7174550890922546, 0.20831473171710968, 0.1318284124135971, -0.6515247225761414]
joint_pos=[0.0, 0.0, 0.0, -0.0, 0.0, 0.0] imu_ang_vel=[0.0, 0.011718266643583775, 0.0] imu_quat_wxyz=[0.7174550890922546, 0.20831473171710968, 0.1318284124135971, -0.6515247225761414]
joint_pos=[0.0, 0.0, 0.0, -0.0, 0.0, 0.0] imu_ang_vel=[0.0, 0.010652969591319561, 0.0] imu_quat_wxyz=[0.7174380421638489, 0.20840398967266083, 0.1320159137248993, -0.6514768600463867]
joint_pos=[0.0, 0.0, 0.0, -0.0, 0.0, 0.0] imu_ang_vel=[0.0, 0.010652969591319561, 0.0] imu_quat_wxyz=[0.7174380421638489, 0.20840398967266083, 0.1320159137248993, -0.6514768600463867]
joint_pos=[0.0, 0.0, 0.0, -0.0, 0.0, 0.0] imu_ang_vel=[0.0, 0.0, 0.0] imu_quat_wxyz=[0.7174146771430969, 0.20832768082618713, 0.13207238912582397, -0.6515157222747803]
joint_pos=[0.0, 0.0, 0.0, -0.0, 0.0, 0.0] imu_ang_vel=[0.0, 0.0, 0.0] imu_quat_wxyz=[0.7174146771430969, 0.20832768082618713, 0.13207238912582397, -0.6515157222747803]
joint_pos=[0.0, 0.0, 0.0, -0.0, 0.0, 0.0] imu_ang_vel=[0.0, 0.0, 0.0] imu_quat_wxyz=[0.7174124121665955, 0.20828044414520264, 0.1321348249912262, -0.6515204906463623]
joint_pos=[0.0, 0.0, 0.0, -0.0, 0.0, 0.0] imu_ang_vel=[0.0, 0.0, 0.0] imu_quat_wxyz=[0.7174124121665955, 0.20828044414520264, 0.1321348249912262, -0.6515204906463623]
joint_pos=[0.0, 0.0, 0.0, -0.0, 0.0, 0.0] imu_ang_vel=[0.0, 0.0, 0.0] imu_quat_wxyz=[0.7173668146133423, 0.2082182615995407, 0.13218091428279877, -0.6515812873840332]
joint_pos=[0.0, 0.0, 0.0, -0.0, 0.0, 0.0] imu_ang_vel=[0.0, 0.0, 0.0] imu_quat_wxyz=[0.7173668146133423, 0.2082182615995407, 0.13218091428279877, -0.6515812873840332]
joint_pos=[0.0, 0.0, 0.0, -0.0, 0.0, 0.0] imu_ang_vel=[0.0, 0.0, 0.0] imu_quat_wxyz=[0.7173633575439453, 0.20835058391094208, 0.132245734333992, -0.6515295505523682]
joint_pos=[0.0, 0.0, 0.0, -0.0, 0.0, 0.0] imu_ang_vel=[0.0, 0.0, 0.0] imu_quat_wxyz=[0.7173633575439453, 0.20835058391094208, 0.132245734333992, -0.6515295505523682]
joint_pos=[0.0, 0.0, 0.0, -0.0, 0.0, 0.0] imu_ang_vel=[0.0, 0.0, 0.0] imu_quat_wxyz=[0.7173739671707153, 0.20844285190105438, 0.13240055739879608, -0.6514570713043213]
joint_pos=[0.0, 0.0, 0.0, -0.0, 0.0, 0.0] imu_ang_vel=[0.0, 0.0, 0.0] imu_quat_wxyz=[0.7173739671707153, 0.20844285190105438, 0.13240055739879608, -0.6514570713043213]
joint_pos=[0.0, 0.0, 0.0, -0.0, 0.0, 0.0] imu_ang_vel=[0.0, 0.0, 0.0] imu_quat_wxyz=[0.7173369526863098, 0.2084033042192459, 0.13238957524299622, -0.6515126824378967]
joint_pos=[0.0, 0.0, 0.0, -0.0, 0.0, 0.0] imu_ang_vel=[0.0, 0.0, 0.0] imu_quat_wxyz=[0.7173369526863098, 0.2084033042192459, 0.13238957524299622, -0.6515126824378967]
joint_pos=[0.0, 0.0, 0.0, -0.0, 0.0, 0.0] imu_ang_vel=[0.0, 0.0, 0.0] imu_quat_wxyz=[0.7172870635986328, 0.20831017196178436, 0.13227473199367523, -0.6516206860542297]
joint_pos=[0.0, 0.0, 0.0, -0.0, 0.0, 0.0] imu_ang_vel=[0.0, 0.0, 0.0] imu_quat_wxyz=[0.7172870635986328, 0.20831017196178436, 0.13227473199367523, -0.6516206860542297]
joint_pos=[0.0, 0.0, 0.0, -0.0, 0.0, 0.0] imu_ang_vel=[0.0, 0.0, 0.0] imu_quat_wxyz=[0.7172158360481262, 0.20820648968219757, 0.13226759433746338, -0.6517336368560791]
joint_pos=[0.0, 0.0, 0.0, -0.0, 0.0, 0.0] imu_ang_vel=[0.0, 0.0, 0.0] imu_quat_wxyz=[0.7172158360481262, 0.20820648968219757, 0.13226759433746338, -0.6517336368560791]
joint_pos=[0.0, 0.0, 0.0, -0.0, 0.0, 0.0] imu_ang_vel=[0.0, -0.012783562764525414, 0.0] imu_quat_wxyz=[0.7171857357025146, 0.20803596079349518, 0.132097065448761, -0.6518558263778687]
joint_pos=[0.0, 0.0, 0.0, -0.0, 0.0, 0.0] imu_ang_vel=[0.0, -0.012783562764525414, 0.0] imu_quat_wxyz=[0.7171857357025146, 0.20803596079349518, 0.132097065448761, -0.6518558263778687]
joint_pos=[0.0, 0.0, 0.0, -0.0, 0.0, 0.0] imu_ang_vel=[0.0, -0.01491415686905384, 0.0] imu_quat_wxyz=[0.7172127962112427, 0.20795023441314697, 0.13200926780700684, -0.6518712043762207]
joint_pos=[0.0, 0.0, 0.0, -0.0, 0.0, 0.0] imu_ang_vel=[0.0, -0.01491415686905384, 0.0] imu_quat_wxyz=[0.7172127962112427, 0.20795023441314697, 0.13200926780700684, -0.6518712043762207]
joint_pos=[0.0, 0.0, 0.0, -0.0, 0.0, 0.0] imu_ang_vel=[0.0, -0.01811004802584648, 0.0] imu_quat_wxyz=[0.7173051238059998, 0.20794016122817993, 0.13199831545352936, -0.6517750024795532]
joint_pos=[0.0, 0.0, 0.0, -0.0, 0.0, 0.0] imu_ang_vel=[0.0, -0.01811004802584648, 0.0] imu_quat_wxyz=[0.7173051238059998, 0.20794016122817993, 0.13199831545352936, -0.6517750024795532]
joint_pos=[0.0, 0.0, 0.0, -0.0, 0.0, 0.0] imu_ang_vel=[0.0, -0.02024064213037491, 0.0] imu_quat_wxyz=[0.7173776626586914, 0.20788007974624634, 0.1319517344236374, -0.6517237424850464]
joint_pos=[0.0, 0.0, 0.0, -0.0, 0.0, 0.0] imu_ang_vel=[0.0, -0.02024064213037491, 0.0] imu_quat_wxyz=[0.7173776626586914, 0.20788007974624634, 0.1319517344236374, -0.6517237424850464]
joint_pos=[0.0, 0.0, 0.0, -0.0, 0.0, 0.0] imu_ang_vel=[0.0, -0.02024064213037491, 0.0] imu_quat_wxyz=[0.7174150943756104, 0.2076643854379654, 0.13182763755321503, -0.6517764329910278]
joint_pos=[0.0, 0.0, 0.0, -0.0, 0.0, 0.0] imu_ang_vel=[0.0, -0.02024064213037491, 0.0] imu_quat_wxyz=[0.7174150943756104, 0.2076643854379654, 0.13182763755321503, -0.6517764329910278]
joint_pos=[0.0, 0.0, 0.0, -0.0, 0.0, 0.0] imu_ang_vel=[0.0, -0.02343653328716755, 0.0] imu_quat_wxyz=[0.7174316048622131, 0.20748482644557953, 0.13168184459209442, -0.6518449187278748]
joint_pos=[0.0, 0.0, 0.0, -0.0, 0.0, 0.0] imu_ang_vel=[0.0, -0.02343653328716755, 0.0] imu_quat_wxyz=[0.7174316048622131, 0.20748482644557953, 0.13168184459209442, -0.6518449187278748]
joint_pos=[0.0, 0.0, 0.0, -0.0, 0.0, 0.0] imu_ang_vel=[0.011718266643583775, -0.022371236234903336, 0.0] imu_quat_wxyz=[0.7174574136734009, 0.20734864473342896, 0.1314868927001953, -0.6518992781639099]
joint_pos=[0.0, 0.0, 0.0, -0.0, 0.0, 0.0] imu_ang_vel=[0.011718266643583775, -0.022371236234903336, 0.0] imu_quat_wxyz=[0.7174574136734009, 0.20734864473342896, 0.1314868927001953, -0.6518992781639099]
joint_pos=[0.0, 0.0, 0.0, -0.0, 0.0, 0.0] imu_ang_vel=[0.012783562764525414, -0.022371236234903336, 0.0] imu_quat_wxyz=[0.7174951434135437, 0.2075120210647583, 0.13129238784313202, -0.6518449783325195]
joint_pos=[0.0, 0.0, 0.0, -0.0, 0.0, 0.0] imu_ang_vel=[0.012783562764525414, -0.022371236234903336, 0.0] imu_quat_wxyz=[0.7174951434135437, 0.2075120210647583, 0.13129238784313202, -0.6518449783325195]
joint_pos=[0.0, 0.0, 0.0, -0.0, 0.0, 0.0] imu_ang_vel=[0.012783562764525414, -0.022371236234903336, 0.0] imu_quat_wxyz=[0.7175328135490417, 0.20761047303676605, 0.13113951683044434, -0.6518028974533081]
joint_pos=[0.0, 0.0, 0.0, -0.0, 0.0, 0.0] imu_ang_vel=[0.012783562764525414, -0.022371236234903336, 0.0] imu_quat_wxyz=[0.7175328135490417, 0.20761047303676605, 0.13113951683044434, -0.6518028974533081]
joint_pos=[0.0, 0.0, 0.0, -0.0, 0.0, 0.0] imu_ang_vel=[0.015979453921318054, -0.021305939182639122, 0.0] imu_quat_wxyz=[0.7175107598304749, 0.2075900137424469, 0.1308297961950302, -0.6518959403038025]
joint_pos=[0.0, 0.0, 0.0, -0.0, 0.0, 0.0] imu_ang_vel=[0.015979453921318054, -0.021305939182639122, 0.0] imu_quat_wxyz=[0.7175107598304749, 0.2075900137424469, 0.1308297961950302, -0.6518959403038025]
joint_pos=[0.0, 0.0, 0.0, -0.0, 0.0, 0.0] imu_ang_vel=[0.017044750973582268, -0.021305939182639122, 0.0] imu_quat_wxyz=[0.7174497842788696, 0.20755638182163239, 0.13048022985458374, -0.6520438194274902]
joint_pos=[0.0, 0.0, 0.0, -0.0, 0.0, 0.0] imu_ang_vel=[0.017044750973582268, -0.021305939182639122, 0.0] imu_quat_wxyz=[0.7174497842788696, 0.20755638182163239, 0.13048022985458374, -0.6520438194274902]
joint_pos=[0.0, 0.0, 0.0, -0.0, 0.0, 0.0] imu_ang_vel=[0.017044750973582268, -0.019175345078110695, 0.0] imu_quat_wxyz=[0.7173839211463928, 0.2075878530740738, 0.13019227981567383, -0.6521638035774231]
joint_pos=[0.0, 0.0, 0.0, -0.0, 0.0, 0.0] imu_ang_vel=[0.017044750973582268, -0.019175345078110695, 0.0] imu_quat_wxyz=[0.7173839211463928, 0.2075878530740738, 0.13019227981567383, -0.6521638035774231]
joint_pos=[0.0, 0.0, 0.0, -0.0, 0.0, 0.0] imu_ang_vel=[0.017044750973582268, -0.017044750973582268, 0.0] imu_quat_wxyz=[0.7173587679862976, 0.20771579444408417, 0.13001972436904907, -0.6521850824356079]
joint_pos=[0.0, 0.0, 0.0, -0.0, 0.0, 0.0] imu_ang_vel=[0.017044750973582268, -0.017044750973582268, 0.0] imu_quat_wxyz=[0.7173587679862976, 0.20771579444408417, 0.13001972436904907, -0.6521850824356079]
joint_pos=[0.0, 0.0, 0.0, -0.0, 0.0, 0.0] imu_ang_vel=[0.017044750973582268, -0.01491415686905384, 0.0] imu_quat_wxyz=[0.7173575758934021, 0.20790351927280426, 0.13002724945545197, -0.6521250009536743]
joint_pos=[0.0, 0.0, 0.0, -0.0, 0.0, 0.0] imu_ang_vel=[0.017044750973582268, -0.01491415686905384, 0.0] imu_quat_wxyz=[0.7173575758934021, 0.20790351927280426, 0.13002724945545197, -0.6521250009536743]
joint_pos=[0.0, 0.0, 0.0, -0.0, 0.0, 0.0] imu_ang_vel=[0.017044750973582268, -0.012783562764525414, 0.0] imu_quat_wxyz=[0.7173423171043396, 0.2081371694803238, 0.13004028797149658, -0.6520646810531616]
joint_pos=[0.0, 0.0, 0.0, -0.0, 0.0, 0.0] imu_ang_vel=[0.017044750973582268, -0.012783562764525414, 0.0] imu_quat_wxyz=[0.7173423171043396, 0.2081371694803238, 0.13004028797149658, -0.6520646810531616]
joint_pos=[0.0, 0.0, 0.0, -0.0, 0.0, 0.0] imu_ang_vel=[0.017044750973582268, 0.0, 0.0] imu_quat_wxyz=[0.7172845005989075, 0.20820195972919464, 0.1300395131111145, -0.652107834815979]
joint_pos=[0.0, 0.0, 0.0, -0.0, 0.0, 0.0] imu_ang_vel=[0.017044750973582268, 0.0, 0.0] imu_quat_wxyz=[0.7172845005989075, 0.20820195972919464, 0.1300395131111145, -0.652107834815979]
joint_pos=[0.0, 0.0, 0.0, -0.0, 0.0, 0.0] imu_ang_vel=[0.015979453921318054, 0.0, 0.0] imu_quat_wxyz=[0.7172107696533203, 0.20831216871738434, 0.13010628521442413, -0.6521403789520264]
joint_pos=[0.0, 0.0, 0.0, -0.0, 0.0, 0.0] imu_ang_vel=[0.015979453921318054, 0.0, 0.0] imu_quat_wxyz=[0.7172107696533203, 0.20831216871738434, 0.13010628521442413, -0.6521403789520264]
joint_pos=[0.0, 0.0, 0.0, -0.0, 0.0, 0.0] imu_ang_vel=[0.013848859816789627, 0.0, 0.0] imu_quat_wxyz=[0.7171403765678406, 0.20841659605503082, 0.1301233172416687, -0.6521810293197632]
joint_pos=[0.0, 0.0, 0.0, -0.0, 0.0, 0.0] imu_ang_vel=[0.013848859816789627, 0.0, 0.0] imu_quat_wxyz=[0.7171403765678406, 0.20841659605503082, 0.1301233172416687, -0.6521810293197632]
joint_pos=[0.0, 0.0, 0.0, -0.0, 0.0, 0.0] imu_ang_vel=[0.010652969591319561, 0.0, 0.0] imu_quat_wxyz=[0.717111349105835, 0.20853455364704132, 0.1301676481962204, -0.6521663069725037]
joint_pos=[0.0, 0.0, 0.0, -0.0, 0.0, 0.0] imu_ang_vel=[0.010652969591319561, 0.0, 0.0] imu_quat_wxyz=[0.717111349105835, 0.20853455364704132, 0.1301676481962204, -0.6521663069725037]
joint_pos=[0.0, 0.0, 0.0, -0.0, 0.0, 0.0] imu_ang_vel=[0.010652969591319561, 0.0, 0.0] imu_quat_wxyz=[0.7170905470848083, 0.2085323929786682, 0.13028478622436523, -0.6521664261817932]
joint_pos=[0.0, 0.0, 0.0, -0.0, 0.0, 0.0] imu_ang_vel=[0.010652969591319561, 0.0, 0.0] imu_quat_wxyz=[0.7170905470848083, 0.2085323929786682, 0.13028478622436523, -0.6521664261817932]
joint_pos=[0.0, 0.0, 0.0, -0.0, 0.0, 0.0] imu_ang_vel=[0.0, 0.0, 0.0] imu_quat_wxyz=[0.7170826196670532, 0.20847219228744507, 0.13043150305747986, -0.6521651148796082]
joint_pos=[0.0, 0.0, 0.0, -0.0, 0.0, 0.0] imu_ang_vel=[0.0, 0.0, 0.0] imu_quat_wxyz=[0.7170826196670532, 0.20847219228744507, 0.13043150305747986, -0.6521651148796082]
joint_pos=[0.0, 0.0, 0.0, -0.0, 0.0, 0.0] imu_ang_vel=[0.0, 0.0, 0.0] imu_quat_wxyz=[0.717121958732605, 0.2084505558013916, 0.1306372433900833, -0.6520876288414001]
joint_pos=[0.0, 0.0, 0.0, -0.0, 0.0, 0.0] imu_ang_vel=[0.0, 0.0, 0.0] imu_quat_wxyz=[0.717121958732605, 0.2084505558013916, 0.1306372433900833, -0.6520876288414001]
joint_pos=[0.0, 0.0, 0.0, -0.0, 0.0, 0.0] imu_ang_vel=[0.0, 0.0, 0.0] imu_quat_wxyz=[0.7171490788459778, 0.20837995409965515, 0.13085919618606567, -0.6520360112190247]
joint_pos=[0.0, 0.0, 0.0, -0.0, 0.0, 0.0] imu_ang_vel=[0.0, 0.0, 0.0] imu_quat_wxyz=[0.7171490788459778, 0.20837995409965515, 0.13085919618606567, -0.6520360112190247]
joint_pos=[0.0, 0.0, 0.0, -0.0, 0.0, 0.0] imu_ang_vel=[0.0, 0.0, 0.0] imu_quat_wxyz=[0.7171604633331299, 0.20837824046611786, 0.13102534413337708, -0.6519906520843506]
joint_pos=[0.0, 0.0, 0.0, -0.0, 0.0, 0.0] imu_ang_vel=[0.0, 0.0, 0.0] imu_quat_wxyz=[0.7171604633331299, 0.20837824046611786, 0.13102534413337708, -0.6519906520843506]
joint_pos=[0.0, 0.0, 0.0, -0.0, 0.0, 0.0] imu_ang_vel=[0.0, 0.0, 0.0] imu_quat_wxyz=[0.7171974778175354, 0.20841631293296814, 0.13123857975006104, -0.651894748210907]
joint_pos=[0.0, 0.0, 0.0, -0.0, 0.0, 0.0] imu_ang_vel=[0.0, 0.0, 0.0] imu_quat_wxyz=[0.7171974778175354, 0.20841631293296814, 0.13123857975006104, -0.651894748210907]
joint_pos=[0.0, 0.0, 0.0, -0.0, 0.0, 0.0] imu_ang_vel=[0.0, 0.0, 0.0] imu_quat_wxyz=[0.7172518372535706, 0.20843437314033508, 0.1314384490251541, -0.6517888903617859]
joint_pos=[0.0, 0.0, 0.0, -0.0, 0.0, 0.0] imu_ang_vel=[0.0, 0.0, 0.0] imu_quat_wxyz=[0.7172518372535706, 0.20843437314033508, 0.1314384490251541, -0.6517888903617859]
joint_pos=[0.0, 0.0, 0.0, -0.0, 0.0, 0.0] imu_ang_vel=[0.0, 0.0, 0.0] imu_quat_wxyz=[0.7172582149505615, 0.20835022628307343, 0.13157540559768677, -0.6517811417579651]
joint_pos=[0.0, 0.0, 0.0, -0.0, 0.0, 0.0] imu_ang_vel=[0.0, 0.0, 0.0] imu_quat_wxyz=[0.7172582149505615, 0.20835022628307343, 0.13157540559768677, -0.6517811417579651]
joint_pos=[0.0, 0.0, 0.0, -0.0, 0.0, 0.0] imu_ang_vel=[0.0, 0.0, 0.0] imu_quat_wxyz=[0.7172552347183228, 0.20843462646007538, 0.1317378580570221, -0.6517246961593628]
joint_pos=[0.0, 0.0, 0.0, -0.0, 0.0, 0.0] imu_ang_vel=[0.0, 0.0, 0.0] imu_quat_wxyz=[0.7172552347183228, 0.20843462646007538, 0.1317378580570221, -0.6517246961593628]
joint_pos=[0.0, 0.0, 0.0, -0.0, 0.0, 0.0] imu_ang_vel=[0.0, 0.0, 0.0] imu_quat_wxyz=[0.7172693610191345, 0.20839190483093262, 0.1318625807762146, -0.65169757604599]
joint_pos=[0.0, 0.0, 0.0, -0.0, 0.0, 0.0] imu_ang_vel=[0.0, 0.0, 0.0] imu_quat_wxyz=[0.7172693610191345, 0.20839190483093262, 0.1318625807762146, -0.65169757604599]
joint_pos=[0.0, 0.0, 0.0, -0.0, 0.0, 0.0] imu_ang_vel=[0.0, 0.0, 0.0] imu_quat_wxyz=[0.7172517776489258, 0.20830124616622925, 0.1319340318441391, -0.6517314910888672]
joint_pos=[0.0, 0.0, 0.0, -0.0, 0.0, 0.0] imu_ang_vel=[0.0, 0.0, 0.0] imu_quat_wxyz=[0.7172517776489258, 0.20830124616622925, 0.1319340318441391, -0.6517314910888672]
joint_pos=[0.0, 0.0, 0.0, -0.0, 0.0, 0.0] imu_ang_vel=[0.0, 0.0, 0.0] imu_quat_wxyz=[0.7172467708587646, 0.20834027230739594, 0.13209041953086853, -0.6516928672790527]
joint_pos=[0.0, 0.0, 0.0, -0.0, 0.0, 0.0] imu_ang_vel=[0.0, 0.0, 0.0] imu_quat_wxyz=[0.7172467708587646, 0.20834027230739594, 0.13209041953086853, -0.6516928672790527]
joint_pos=[0.0, 0.0, 0.0, -0.0, 0.0, 0.0] imu_ang_vel=[0.0, 0.0, 0.0] imu_quat_wxyz=[0.7172777652740479, 0.20840097963809967, 0.13228559494018555, -0.651599645614624]
joint_pos=[0.0, 0.0, 0.0, -0.0, 0.0, 0.0] imu_ang_vel=[0.0, 0.0, 0.0] imu_quat_wxyz=[0.7172777652740479, 0.20840097963809967, 0.13228559494018555, -0.651599645614624]
joint_pos=[0.0, 0.0, 0.0, -0.0, 0.0, 0.0] imu_ang_vel=[0.0, 0.0, 0.0] imu_quat_wxyz=[0.7172670364379883, 0.2084587812423706, 0.13240666687488556, -0.6515683531761169]
joint_pos=[0.0, 0.0, 0.0, -0.0, 0.0, 0.0] imu_ang_vel=[0.0, 0.0, 0.0] imu_quat_wxyz=[0.7172670364379883, 0.2084587812423706, 0.13240666687488556, -0.6515683531761169]
joint_pos=[0.0, 0.0, 0.0, -0.0, 0.0, 0.0] imu_ang_vel=[0.0, 0.0, 0.0] imu_quat_wxyz=[0.717266857624054, 0.20854933559894562, 0.1324928253889084, -0.6515220999717712]
joint_pos=[0.0, 0.0, 0.0, -0.0, 0.0, 0.0] imu_ang_vel=[0.0, 0.0, 0.0] imu_quat_wxyz=[0.717266857624054, 0.20854933559894562, 0.1324928253889084, -0.6515220999717712]
joint_pos=[0.0, 0.0, 0.0, -0.0, 0.0, 0.0] imu_ang_vel=[0.0, 0.0, 0.0] imu_quat_wxyz=[0.7172482013702393, 0.2085321545600891, 0.13259953260421753, -0.6515264511108398]
joint_pos=[0.0, 0.0, 0.0, -0.0, 0.0, 0.0] imu_ang_vel=[0.0, 0.0, 0.0] imu_quat_wxyz=[0.7172482013702393, 0.2085321545600891, 0.13259953260421753, -0.6515264511108398]
joint_pos=[0.0, 0.0, 0.0, -0.0, 0.0, 0.0] imu_ang_vel=[0.0, 0.0, 0.0] imu_quat_wxyz=[0.7172398567199707, 0.20848239958286285, 0.132619246840477, -0.6515476703643799]
joint_pos=[0.0, 0.0, 0.0, -0.0, 0.0, 0.0] imu_ang_vel=[0.0, 0.0, 0.0] imu_quat_wxyz=[0.7172398567199707, 0.20848239958286285, 0.132619246840477, -0.6515476703643799]
joint_pos=[0.0, 0.0, 0.0, -0.0, 0.0, 0.0] imu_ang_vel=[0.0, 0.0, 0.0] imu_quat_wxyz=[0.7172481417655945, 0.20852908492088318, 0.1327284276485443, -0.6515012383460999]
joint_pos=[0.0, 0.0, 0.0, -0.0, 0.0, 0.0] imu_ang_vel=[0.0, 0.0, 0.0] imu_quat_wxyz=[0.7172481417655945, 0.20852908492088318, 0.1327284276485443, -0.6515012383460999]
joint_pos=[0.0, 0.0, 0.0, -0.0, 0.0, 0.0] imu_ang_vel=[0.0, -0.011718266643583775, 0.0] imu_quat_wxyz=[0.7172918915748596, 0.20846398174762726, 0.13270576298236847, -0.6514785289764404]
joint_pos=[0.0, 0.0, 0.0, -0.0, 0.0, 0.0] imu_ang_vel=[0.0, -0.011718266643583775, 0.0] imu_quat_wxyz=[0.7172918915748596, 0.20846398174762726, 0.13270576298236847, -0.6514785289764404]
joint_pos=[0.0, 0.0, 0.0, -0.0, 0.0, 0.0] imu_ang_vel=[0.0, -0.013848859816789627, 0.0] imu_quat_wxyz=[0.7173048257827759, 0.20826731622219086, 0.13251234591007233, -0.6515664458274841]
joint_pos=[0.0, 0.0, 0.0, -0.0, 0.0, 0.0] imu_ang_vel=[0.0, -0.013848859816789627, 0.0] imu_quat_wxyz=[0.7173048257827759, 0.20826731622219086, 0.13251234591007233, -0.6515664458274841]
joint_pos=[0.0, 0.0, 0.0, -0.0, 0.0, 0.0] imu_ang_vel=[0.0, -0.015979453921318054, 0.0] imu_quat_wxyz=[0.7172972559928894, 0.20802560448646545, 0.1323116570711136, -0.6516927480697632]
joint_pos=[0.0, 0.0, 0.0, -0.0, 0.0, 0.0] imu_ang_vel=[0.0, -0.015979453921318054, 0.0] imu_quat_wxyz=[0.7172972559928894, 0.20802560448646545, 0.1323116570711136, -0.6516927480697632]
joint_pos=[0.0, 0.0, 0.0, -0.0, 0.0, 0.0] imu_ang_vel=[0.0, -0.017044750973582268, 0.0] imu_quat_wxyz=[0.7172953486442566, 0.20781874656677246, 0.13205870985984802, -0.6518122553825378]
joint_pos=[0.0, 0.0, 0.0, -0.0, 0.0, 0.0] imu_ang_vel=[0.0, -0.017044750973582268, 0.0] imu_quat_wxyz=[0.7172953486442566, 0.20781874656677246, 0.13205870985984802, -0.6518122553825378]
joint_pos=[0.0, 0.0, 0.0, -0.0, 0.0, 0.0] imu_ang_vel=[0.010652969591319561, -0.01811004802584648, 0.0] imu_quat_wxyz=[0.7172728180885315, 0.20768722891807556, 0.13189588487148285, -0.6519119739532471]
joint_pos=[0.0, 0.0, 0.0, -0.0, 0.0, 0.0] imu_ang_vel=[0.010652969591319561, -0.01811004802584648, 0.0] imu_quat_wxyz=[0.7172728180885315, 0.20768722891807556, 0.13189588487148285, -0.6519119739532471]
joint_pos=[0.0, 0.0, 0.0, -0.0, 0.0, 0.0] imu_ang_vel=[0.010652969591319561, -0.019175345078110695, 0.0] imu_quat_wxyz=[0.7172846794128418, 0.20780669152736664, 0.1316508799791336, -0.6519103050231934]
joint_pos=[0.0, 0.0, 0.0, -0.0, 0.0, 0.0] imu_ang_vel=[0.010652969591319561, -0.019175345078110695, 0.0] imu_quat_wxyz=[0.7172846794128418, 0.20780669152736664, 0.1316508799791336, -0.6519103050231934]
joint_pos=[0.0, 0.0, 0.0, -0.0, 0.0, 0.0] imu_ang_vel=[0.011718266643583775, -0.019175345078110695, 0.0] imu_quat_wxyz=[0.7172977924346924, 0.20784683525562286, 0.1315157264471054, -0.6519103050231934]
joint_pos=[0.0, 0.0, 0.0, -0.0, 0.0, 0.0] imu_ang_vel=[0.011718266643583775, -0.019175345078110695, 0.0] imu_quat_wxyz=[0.7172977924346924, 0.20784683525562286, 0.1315157264471054, -0.6519103050231934]
joint_pos=[0.0, 0.0, 0.0, -0.0, 0.0, 0.0] imu_ang_vel=[0.01491415686905384, -0.019175345078110695, 0.0] imu_quat_wxyz=[0.7172587513923645, 0.207855224609375, 0.1312314122915268, -0.6520079970359802]
joint_pos=[0.0, 0.0, 0.0, -0.0, 0.0, 0.0] imu_ang_vel=[0.01491415686905384, -0.019175345078110695, 0.0] imu_quat_wxyz=[0.7172587513923645, 0.207855224609375, 0.1312314122915268, -0.6520079970359802]
joint_pos=[0.0, 0.0, 0.0, -0.0, 0.0, 0.0] imu_ang_vel=[0.013848859816789627, -0.02024064213037491, 0.0] imu_quat_wxyz=[0.7172471880912781, 0.20790442824363708, 0.13097979128360748, -0.6520556211471558]
joint_pos=[0.0, 0.0, 0.0, -0.0, 0.0, 0.0] imu_ang_vel=[0.013848859816789627, -0.02024064213037491, 0.0] imu_quat_wxyz=[0.7172471880912781, 0.20790442824363708, 0.13097979128360748, -0.6520556211471558]
joint_pos=[0.0, 0.0, 0.0, -0.0, 0.0, 0.0] imu_ang_vel=[0.01811004802584648, -0.019175345078110695, 0.0] imu_quat_wxyz=[0.717224657535553, 0.2079870104789734, 0.130808487534523, -0.6520883440971375]
joint_pos=[0.0, 0.0, 0.0, -0.0, 0.0, 0.0] imu_ang_vel=[0.01811004802584648, -0.019175345078110695, 0.0] imu_quat_wxyz=[0.717224657535553, 0.2079870104789734, 0.130808487534523, -0.6520883440971375]
joint_pos=[0.0, 0.0, 0.0, -0.0, 0.0, 0.0] imu_ang_vel=[0.015979453921318054, -0.01811004802584648, 0.0] imu_quat_wxyz=[0.7172298431396484, 0.2081141620874405, 0.13065268099308014, -0.652073323726654]
joint_pos=[0.0, 0.0, 0.0, -0.0, 0.0, 0.0] imu_ang_vel=[0.015979453921318054, -0.01811004802584648, 0.0] imu_quat_wxyz=[0.7172298431396484, 0.2081141620874405, 0.13065268099308014, -0.652073323726654]
joint_pos=[0.0, 0.0, 0.0, -0.0, 0.0, 0.0] imu_ang_vel=[0.015979453921318054, -0.015979453921318054, 0.0] imu_quat_wxyz=[0.7172399163246155, 0.20834441483020782, 0.13066506385803223, -0.6519861817359924]
joint_pos=[0.0, 0.0, 0.0, -0.0, 0.0, 0.0] imu_ang_vel=[0.015979453921318054, -0.015979453921318054, 0.0] imu_quat_wxyz=[0.7172399163246155, 0.20834441483020782, 0.13066506385803223, -0.6519861817359924]
joint_pos=[0.0, 0.0, 0.0, -0.0, 0.0, 0.0] imu_ang_vel=[0.01811004802584648, -0.01491415686905384, 0.0] imu_quat_wxyz=[0.7172311544418335, 0.2084929645061493, 0.13065002858638763, -0.6519514322280884]
joint_pos=[0.0, 0.0, 0.0, -0.0, 0.0, 0.0] imu_ang_vel=[0.01811004802584648, -0.01491415686905384, 0.0] imu_quat_wxyz=[0.7172311544418335, 0.2084929645061493, 0.13065002858638763, -0.6519514322280884]
joint_pos=[0.0, 0.0, 0.0, -0.0, 0.0, 0.0] imu_ang_vel=[0.01491415686905384, -0.013848859816789627, 0.0] imu_quat_wxyz=[0.717214822769165, 0.2084452211856842, 0.13047045469284058, -0.6520206332206726]
joint_pos=[0.0, 0.0, 0.0, -0.0, 0.0, 0.0] imu_ang_vel=[0.01491415686905384, -0.013848859816789627, 0.0] imu_quat_wxyz=[0.717214822769165, 0.2084452211856842, 0.13047045469284058, -0.6520206332206726]
joint_pos=[0.0, 0.0, 0.0, -0.0, 0.0, 0.0] imu_ang_vel=[0.015979453921318054, -0.010652969591319561, 0.0] imu_quat_wxyz=[0.7171685099601746, 0.2084420919418335, 0.13037048280239105, -0.6520925164222717]
joint_pos=[0.0, 0.0, 0.0, -0.0, 0.0, 0.0] imu_ang_vel=[0.015979453921318054, -0.010652969591319561, 0.0] imu_quat_wxyz=[0.7171685099601746, 0.2084420919418335, 0.13037048280239105, -0.6520925164222717]
joint_pos=[0.0, 0.0, 0.0, -0.0, 0.0, 0.0] imu_ang_vel=[0.012783562764525414, 0.0, 0.0] imu_quat_wxyz=[0.7171056270599365, 0.20852014422416687, 0.13038603961467743, -0.6521337032318115]
joint_pos=[0.0, 0.0, 0.0, -0.0, 0.0, 0.0] imu_ang_vel=[0.012783562764525414, 0.0, 0.0] imu_quat_wxyz=[0.7171056270599365, 0.20852014422416687, 0.13038603961467743, -0.6521337032318115]
joint_pos=[0.0, 0.0, 0.0, -0.0, 0.0, 0.0] imu_ang_vel=[0.011718266643583775, 0.0, 0.0] imu_quat_wxyz=[0.7170663475990295, 0.20858775079250336, 0.130438894033432, -0.6521446704864502]
joint_pos=[0.0, 0.0, 0.0, -0.0, 0.0, 0.0] imu_ang_vel=[0.011718266643583775, 0.0, 0.0] imu_quat_wxyz=[0.7170663475990295, 0.20858775079250336, 0.130438894033432, -0.6521446704864502]
joint_pos=[0.0, 0.0, 0.0, -0.0, 0.0, 0.0] imu_ang_vel=[0.0, 0.0, 0.0] imu_quat_wxyz=[0.7170847654342651, 0.20861998200416565, 0.13061219453811646, -0.6520794034004211]
joint_pos=[0.0, 0.0, 0.0, -0.0, 0.0, 0.0] imu_ang_vel=[0.0, 0.0, 0.0] imu_quat_wxyz=[0.7170847654342651, 0.20861998200416565, 0.13061219453811646, -0.6520794034004211]
joint_pos=[0.0, 0.0, 0.0, -0.0, 0.0, 0.0] imu_ang_vel=[0.0, 0.0, 0.0] imu_quat_wxyz=[0.7171139121055603, 0.20852136611938477, 0.13077294826507568, -0.6520467400550842]
joint_pos=[0.0, 0.0, 0.0, -0.0, 0.0, 0.0] imu_ang_vel=[0.0, 0.0, 0.0] imu_quat_wxyz=[0.7171139121055603, 0.20852136611938477, 0.13077294826507568, -0.6520467400550842]
joint_pos=[0.0, 0.0, 0.0, -0.0, 0.0, 0.0] imu_ang_vel=[0.0, 0.0, 0.0] imu_quat_wxyz=[0.7171061038970947, 0.20837321877479553, 0.13081516325473785, -0.6520941853523254]
joint_pos=[0.0, 0.0, 0.0, -0.0, 0.0, 0.0] imu_ang_vel=[0.0, 0.0, 0.0] imu_quat_wxyz=[0.7171061038970947, 0.20837321877479553, 0.13081516325473785, -0.6520941853523254]
joint_pos=[0.0, 0.0, 0.0, -0.0, 0.0, 0.0] imu_ang_vel=[0.0, 0.0, 0.0] imu_quat_wxyz=[0.7170892357826233, 0.20828117430210114, 0.1308821588754654, -0.6521285772323608]
joint_pos=[0.0, 0.0, 0.0, -0.0, 0.0, 0.0] imu_ang_vel=[0.0, 0.0, 0.0] imu_quat_wxyz=[0.7170892357826233, 0.20828117430210114, 0.1308821588754654, -0.6521285772323608]
joint_pos=[0.0, 0.0, 0.0, -0.0, 0.0, 0.0] imu_ang_vel=[0.0, 0.0, 0.0] imu_quat_wxyz=[0.7170839905738831, 0.2081497311592102, 0.13093121349811554, -0.652166485786438]
joint_pos=[0.0, 0.0, 0.0, -0.0, 0.0, 0.0] imu_ang_vel=[0.0, 0.0, 0.0] imu_quat_wxyz=[0.7170839905738831, 0.2081497311592102, 0.13093121349811554, -0.652166485786438]
joint_pos=[0.0, 0.0, 0.0, -0.0, 0.0, 0.0] imu_ang_vel=[0.0, 0.0, 0.0] imu_quat_wxyz=[0.7170851826667786, 0.20818275213241577, 0.1310306340456009, -0.6521347165107727]
joint_pos=[0.0, 0.0, 0.0, -0.0, 0.0, 0.0] imu_ang_vel=[0.0, 0.0, 0.0] imu_quat_wxyz=[0.7170851826667786, 0.20818275213241577, 0.1310306340456009, -0.6521347165107727]
joint_pos=[0.0, 0.0, 0.0, -0.0, 0.0, 0.0] imu_ang_vel=[0.0, 0.0, 0.0] imu_quat_wxyz=[0.7171105146408081, 0.20825593173503876, 0.13121838867664337, -0.652045726776123]
joint_pos=[0.0, 0.0, 0.0, -0.0, 0.0, 0.0] imu_ang_vel=[0.0, 0.0, 0.0] imu_quat_wxyz=[0.7171105146408081, 0.20825593173503876, 0.13121838867664337, -0.652045726776123]
joint_pos=[0.0, 0.0, 0.0, -0.0, 0.0, 0.0] imu_ang_vel=[0.0, 0.0, 0.0] imu_quat_wxyz=[0.7171615958213806, 0.20835335552692413, 0.13132959604263306, -0.6519360542297363]
joint_pos=[0.0, 0.0, 0.0, -0.0, 0.0, 0.0] imu_ang_vel=[0.0, 0.0, 0.0] imu_quat_wxyz=[0.7171615958213806, 0.20835335552692413, 0.13132959604263306, -0.6519360542297363]
joint_pos=[0.0, 0.0, 0.0, -0.0, 0.0, 0.0] imu_ang_vel=[0.0, 0.0, 0.0] imu_quat_wxyz=[0.7171779274940491, 0.20837090909481049, 0.1314747929573059, -0.6518832445144653]
joint_pos=[0.0, 0.0, 0.0, -0.0, 0.0, 0.0] imu_ang_vel=[0.0, 0.0, 0.0] imu_quat_wxyz=[0.7171779274940491, 0.20837090909481049, 0.1314747929573059, -0.6518832445144653]
joint_pos=[0.0, 0.0, 0.0, -0.0, 0.0, 0.0] imu_ang_vel=[-0.012783562764525414, 0.0, 0.0] imu_quat_wxyz=[0.7171995043754578, 0.20834410190582275, 0.13156040012836456, -0.6518507599830627]
joint_pos=[0.0, 0.0, 0.0, -0.0, 0.0, 0.0] imu_ang_vel=[-0.012783562764525414, 0.0, 0.0] imu_quat_wxyz=[0.7171995043754578, 0.20834410190582275, 0.13156040012836456, -0.6518507599830627]
joint_pos=[0.0, 0.0, 0.0, -0.0, 0.0, 0.0] imu_ang_vel=[0.0, 0.0, -0.011718266643583775] imu_quat_wxyz=[0.717149019241333, 0.20827636122703552, 0.13185971975326538, -0.6518675088882446]
joint_pos=[0.0, 0.0, 0.0, -0.0, 0.0, 0.0] imu_ang_vel=[0.0, 0.0, -0.011718266643583775] imu_quat_wxyz=[0.717149019241333, 0.20827636122703552, 0.13185971975326538, -0.6518675088882446]
joint_pos=[0.0, 0.0, 0.0, -0.0, 0.0, 0.0] imu_ang_vel=[0.0, 0.0, -0.019175345078110695] imu_quat_wxyz=[0.7169209122657776, 0.20836247503757477, 0.13209176063537598, -0.6520438194274902]
joint_pos=[0.0, 0.0, 0.0, -0.0, 0.0, 0.0] imu_ang_vel=[0.0, 0.0, -0.019175345078110695] imu_quat_wxyz=[0.7169209122657776, 0.20836247503757477, 0.13209176063537598, -0.6520438194274902]
joint_pos=[0.0, 0.0, 0.0, -0.0, 0.0, 0.0] imu_ang_vel=[0.0, 0.0, -0.012783562764525414] imu_quat_wxyz=[0.7168155312538147, 0.20857775211334229, 0.13235130906105042, -0.6520383954048157]
joint_pos=[0.0, 0.0, 0.0, -0.0, 0.0, 0.0] imu_ang_vel=[0.0, 0.0, -0.012783562764525414] imu_quat_wxyz=[0.7168155312538147, 0.20857775211334229, 0.13235130906105042, -0.6520383954048157]
joint_pos=[0.0, 0.0, 0.0, -0.0, 0.0, 0.0] imu_ang_vel=[0.012783562764525414, 0.0, -0.030893610790371895] imu_quat_wxyz=[0.716517984867096, 0.20865273475646973, 0.1325388252735138, -0.6523030996322632]
joint_pos=[0.0, 0.0, 0.0, -0.0, 0.0, 0.0] imu_ang_vel=[0.012783562764525414, 0.0, -0.030893610790371895] imu_quat_wxyz=[0.716517984867096, 0.20865273475646973, 0.1325388252735138, -0.6523030996322632]
joint_pos=[0.0, 0.0, 0.0, -0.0, 0.0, 0.0] imu_ang_vel=[0.0, 0.0, -0.022371236234903336] imu_quat_wxyz=[0.7161790728569031, 0.20871447026729584, 0.13248999416828156, -0.6526654362678528]
joint_pos=[0.0, 0.0, 0.0, -0.0, 0.0, 0.0] imu_ang_vel=[0.0, 0.0, -0.022371236234903336] imu_quat_wxyz=[0.7161790728569031, 0.20871447026729584, 0.13248999416828156, -0.6526654362678528]
joint_pos=[0.0, 0.0, 0.0, -0.0, 0.0, 0.0] imu_ang_vel=[0.013848859816789627, 0.0, -0.028763016685843468] imu_quat_wxyz=[0.715846061706543, 0.20866085588932037, 0.132436603307724, -0.6530585289001465]
joint_pos=[0.0, 0.0, 0.0, -0.0, 0.0, 0.0] imu_ang_vel=[0.013848859816789627, 0.0, -0.028763016685843468] imu_quat_wxyz=[0.715846061706543, 0.20866085588932037, 0.132436603307724, -0.6530585289001465]
joint_pos=[0.0, 0.0, 0.0, -0.0, 0.0, 0.0] imu_ang_vel=[0.02024064213037491, 0.0, -0.03302420675754547] imu_quat_wxyz=[0.7153282761573792, 0.208767831325531, 0.13223055005073547, -0.6536332368850708]
joint_pos=[0.0, 0.0, 0.0, -0.0, 0.0, 0.0] imu_ang_vel=[0.02024064213037491, 0.0, -0.03302420675754547] imu_quat_wxyz=[0.7153282761573792, 0.208767831325531, 0.13223055005073547, -0.6536332368850708]
joint_pos=[0.0, 0.0, 0.0, -0.0, 0.0, 0.0] imu_ang_vel=[0.017044750973582268, 0.0, -0.02982831373810768] imu_quat_wxyz=[0.7148774266242981, 0.20899322628974915, 0.13228388130664825, -0.6540436148643494]
joint_pos=[0.0, 0.0, 0.0, -0.0, 0.0, 0.0] imu_ang_vel=[0.017044750973582268, 0.0, -0.02982831373810768] imu_quat_wxyz=[0.7148774266242981, 0.20899322628974915, 0.13228388130664825, -0.6540436148643494]
joint_pos=[0.0, 0.0, 0.0, -0.0, 0.0, 0.0] imu_ang_vel=[0.019175345078110695, 0.0, -0.025567125529050827] imu_quat_wxyz=[0.7145319581031799, 0.2091977596282959, 0.13221324980258942, -0.6543700098991394]
joint_pos=[0.0, 0.0, 0.0, -0.0, 0.0, 0.0] imu_ang_vel=[0.019175345078110695, 0.0, -0.025567125529050827] imu_quat_wxyz=[0.7145319581031799, 0.2091977596282959, 0.13221324980258942, -0.6543700098991394]
joint_pos=[0.0, 0.0, 0.0, -0.0, 0.0, 0.0] imu_ang_vel=[0.05539543926715851, 0.0, -0.06604841351509094] imu_quat_wxyz=[0.7138447761535645, 0.20954453945159912, 0.13188813626766205, -0.6550741791725159]
joint_pos=[0.0, 0.0, 0.0, -0.0, 0.0, 0.0] imu_ang_vel=[0.05539543926715851, 0.0, -0.06604841351509094] imu_quat_wxyz=[0.7138447761535645, 0.20954453945159912, 0.13188813626766205, -0.6550741791725159]
joint_pos=[0.0, 0.0, 0.0, -0.0, 0.0, 0.0] imu_ang_vel=[-0.012783562764525414, -0.022371236234903336, 0.021305939182639122] imu_quat_wxyz=[0.7138081192970276, 0.2095039337873459, 0.13160337507724762, -0.6551844477653503]
joint_pos=[0.0, 0.0, 0.0, -0.0, 0.0, 0.0] imu_ang_vel=[-0.012783562764525414, -0.022371236234903336, 0.021305939182639122] imu_quat_wxyz=[0.7138081192970276, 0.2095039337873459, 0.13160337507724762, -0.6551844477653503]
joint_pos=[0.0, 0.0, 0.0, -0.0, 0.0, 0.0] imu_ang_vel=[0.010652969591319561, -0.01491415686905384, 0.0] imu_quat_wxyz=[0.7141055464744568, 0.20911407470703125, 0.13151538372039795, -0.6550025343894958]
joint_pos=[0.0, 0.0, 0.0, -0.0, 0.0, 0.0] imu_ang_vel=[0.010652969591319561, -0.01491415686905384, 0.0] imu_quat_wxyz=[0.7141055464744568, 0.20911407470703125, 0.13151538372039795, -0.6550025343894958]
joint_pos=[0.0, 0.0, 0.0, -0.0, 0.0, 0.0] imu_ang_vel=[0.039415985345840454, 0.0, -0.039415985345840454] imu_quat_wxyz=[0.7133960127830505, 0.20958246290683746, 0.1313643604516983, -0.6556560397148132]
joint_pos=[0.0, 0.0, 0.0, -0.0, 0.0, 0.0] imu_ang_vel=[0.039415985345840454, 0.0, -0.039415985345840454] imu_quat_wxyz=[0.7133960127830505, 0.20958246290683746, 0.1313643604516983, -0.6556560397148132]
joint_pos=[0.0, 0.0, 0.0, -0.0, 0.0, 0.0] imu_ang_vel=[0.0, -0.08735434710979462, 0.017044750973582268] imu_quat_wxyz=[0.713753342628479, 0.20900125801563263, 0.13066430389881134, -0.6555923223495483]
joint_pos=[0.0, 0.0, 0.0, -0.0, 0.0, 0.0] imu_ang_vel=[0.0, -0.08735434710979462, 0.017044750973582268] imu_quat_wxyz=[0.713753342628479, 0.20900125801563263, 0.13066430389881134, -0.6555923223495483]
joint_pos=[0.0, 0.0, 0.0, -0.0, 0.0, 0.0] imu_ang_vel=[0.06391781568527222, 0.0, -0.06924430280923843] imu_quat_wxyz=[0.7132445573806763, 0.20901142060756683, 0.1303003430366516, -0.6562150120735168]
joint_pos=[0.0, 0.0, 0.0, -0.0, 0.0, 0.0] imu_ang_vel=[0.06391781568527222, 0.0, -0.06924430280923843] imu_quat_wxyz=[0.7132445573806763, 0.20901142060756683, 0.1303003430366516, -0.6562150120735168]
joint_pos=[0.0, 0.0, 0.0, -0.0, 0.0, 0.0] imu_ang_vel=[0.0, -0.02343653328716755, 0.0] imu_quat_wxyz=[0.7127084732055664, 0.20933003723621368, 0.129620760679245, -0.6568302512168884]
joint_pos=[0.0, 0.0, 0.0, -0.0, 0.0, 0.0] imu_ang_vel=[0.0, -0.02343653328716755, 0.0] imu_quat_wxyz=[0.7127084732055664, 0.20933003723621368, 0.129620760679245, -0.6568302512168884]
joint_pos=[0.0, 0.0, 0.0, -0.0, 0.0, 0.0] imu_ang_vel=[0.0, -0.027697719633579254, 0.028763016685843468] imu_quat_wxyz=[0.7134177684783936, 0.20865623652935028, 0.12938246130943298, -0.6563213467597961]
joint_pos=[0.0, 0.0, 0.0, -0.0, 0.0, 0.0] imu_ang_vel=[0.0, -0.027697719633579254, 0.028763016685843468] imu_quat_wxyz=[0.7134177684783936, 0.20865623652935028, 0.12938246130943298, -0.6563213467597961]
joint_pos=[0.0, 0.0, 0.0, -0.0, 0.0, 0.0] imu_ang_vel=[0.0351547971367836, -0.010652969591319561, -0.030893610790371895] imu_quat_wxyz=[0.7130768895149231, 0.20880772173404694, 0.12930338084697723, -0.6566590666770935]
joint_pos=[0.0, 0.0, 0.0, -0.0, 0.0, 0.0] imu_ang_vel=[0.0351547971367836, -0.010652969591319561, -0.030893610790371895] imu_quat_wxyz=[0.7130768895149231, 0.20880772173404694, 0.12930338084697723, -0.6566590666770935]
joint_pos=[0.0, 0.0, 0.0, -0.0, 0.0, 0.0] imu_ang_vel=[0.015979453921318054, -0.021305939182639122, 0.0] imu_quat_wxyz=[0.712956428527832, 0.2089286744594574, 0.1289573460817337, -0.6568195223808289]
joint_pos=[0.0, 0.0, 0.0, -0.0, 0.0, 0.0] imu_ang_vel=[0.015979453921318054, -0.021305939182639122, 0.0] imu_quat_wxyz=[0.712956428527832, 0.2089286744594574, 0.1289573460817337, -0.6568195223808289]
joint_pos=[0.0, 0.0, 0.0, -0.0, 0.0, 0.0] imu_ang_vel=[0.028763016685843468, -0.015979453921318054, -0.01811004802584648] imu_quat_wxyz=[0.7128664255142212, 0.20910635590553284, 0.1290033906698227, -0.656851589679718]
joint_pos=[0.0, 0.0, 0.0, -0.0, 0.0, 0.0] imu_ang_vel=[0.028763016685843468, -0.015979453921318054, -0.01811004802584648] imu_quat_wxyz=[0.7128664255142212, 0.20910635590553284, 0.1290033906698227, -0.656851589679718]
joint_pos=[0.0, 0.0, 0.0, -0.0, 0.0, 0.0] imu_ang_vel=[0.03835069015622139, -0.02024064213037491, -0.042611878365278244] imu_quat_wxyz=[0.712462842464447, 0.2095080316066742, 0.12851658463478088, -0.6572567224502563]
joint_pos=[0.0, 0.0, 0.0, -0.0, 0.0, 0.0] imu_ang_vel=[0.03835069015622139, -0.02024064213037491, -0.042611878365278244] imu_quat_wxyz=[0.712462842464447, 0.2095080316066742, 0.12851658463478088, -0.6572567224502563]
joint_pos=[0.0, 0.0, 0.0, -0.0, 0.0, 0.0] imu_ang_vel=[0.019175345078110695, 0.0, 0.02024064213037491] imu_quat_wxyz=[0.7128907442092896, 0.21124643087387085, 0.1269722729921341, -0.6565361618995667]
joint_pos=[0.0, 0.0, 0.0, -0.0, 0.0, 0.0] imu_ang_vel=[0.019175345078110695, 0.0, 0.02024064213037491] imu_quat_wxyz=[0.7128907442092896, 0.21124643087387085, 0.1269722729921341, -0.6565361618995667]
joint_pos=[0.0, 0.0, 0.0, -0.0, 0.0, 0.0] imu_ang_vel=[-0.17364339530467987, 0.025567125529050827, 0.3046749234199524] imu_quat_wxyz=[0.7144237756729126, 0.21299615502357483, 0.1280689537525177, -0.6540868878364563]
joint_pos=[0.0, 0.0, 0.0, -0.0, 0.0, 0.0] imu_ang_vel=[-0.17364339530467987, 0.025567125529050827, 0.3046749234199524] imu_quat_wxyz=[0.7144237756729126, 0.21299615502357483, 0.1280689537525177, -0.6540868878364563]
joint_pos=[0.0, 0.0, 0.0, -0.0, 0.0, 0.0] imu_ang_vel=[-0.051134251058101654, 0.17151281237602234, 0.08309315890073776] imu_quat_wxyz=[0.7160462737083435, 0.21430443227291107, 0.13354778289794922, -0.6507812142372131]
joint_pos=[0.0, 0.0, 0.0, -0.0, 0.0, 0.0] imu_ang_vel=[-0.051134251058101654, 0.17151281237602234, 0.08309315890073776] imu_quat_wxyz=[0.7160462737083435, 0.21430443227291107, 0.13354778289794922, -0.6507812142372131]
joint_pos=[0.0, 0.0, 0.0, 0.035999998450279236, 0.0, 0.0] imu_ang_vel=[0.6327863931655884, -0.04154657945036888, -0.9864649772644043] imu_quat_wxyz=[0.7059147953987122, 0.2173374593257904, 0.12904837727546692, -0.6616609692573547]
joint_pos=[0.0, 0.0, 0.0, 0.035999998450279236, 0.0, 0.0] imu_ang_vel=[0.6327863931655884, -0.04154657945036888, -0.9864649772644043] imu_quat_wxyz=[0.7059147953987122, 0.2173374593257904, 0.12904837727546692, -0.6616609692573547]
joint_pos=[0.0, 0.0, 0.0, 0.035999998450279236, 0.0, 0.0] imu_ang_vel=[0.8096256852149963, 0.021305939182639122, -1.3848860263824463] imu_quat_wxyz=[0.6862169504165649, 0.22050440311431885, 0.1171254813671112, -0.6832025051116943]
joint_pos=[0.0, 0.0, 0.0, 0.035999998450279236, 0.0, 0.0] imu_ang_vel=[0.8096256852149963, 0.021305939182639122, -1.3848860263824463] imu_quat_wxyz=[0.6862169504165649, 0.22050440311431885, 0.1171254813671112, -0.6832025051116943]
joint_pos=[0.0, 0.0, 0.0, 0.035999998450279236, 0.0, 0.0] imu_ang_vel=[0.0351547971367836, 0.11931325495243073, 0.15979453921318054] imu_quat_wxyz=[0.6763322353363037, 0.22015498578548431, 0.09811612218618393, -0.6960457563400269]
joint_pos=[0.0, 0.0, 0.0, 0.035999998450279236, 0.0, 0.0] imu_ang_vel=[0.0351547971367836, 0.11931325495243073, 0.15979453921318054] imu_quat_wxyz=[0.6763322353363037, 0.22015498578548431, 0.09811612218618393, -0.6960457563400269]
joint_pos=[0.0, 0.0, 0.0, 0.035999998450279236, 0.0, 0.0] imu_ang_vel=[-0.9129594564437866, 0.15979453921318054, 1.3486659526824951] imu_quat_wxyz=[0.6763322353363037, 0.22015498578548431, 0.09811612218618393, -0.6960457563400269]
joint_pos=[0.0, 0.0, 0.0, -0.0, 0.0, 0.0] imu_ang_vel=[-0.9129594564437866, 0.15979453921318054, 1.3486659526824951] imu_quat_wxyz=[0.6857097148895264, 0.2102005034685135, 0.0918523371219635, -0.6907828450202942]
joint_pos=[0.0, 0.0, 0.0, -0.0, 0.0, 0.0] imu_ang_vel=[-0.6072192788124084, 0.05006895586848259, 1.1228229999542236] imu_quat_wxyz=[0.6857097148895264, 0.2102005034685135, 0.0918523371219635, -0.6907828450202942]
joint_pos=[0.0, 0.0, 0.0, -0.0, 0.0, 0.0] imu_ang_vel=[-0.6072192788124084, 0.05006895586848259, 1.1228229999542236] imu_quat_wxyz=[0.7009669542312622, 0.2076309323310852, 0.0992121770977974, -0.6750494241714478]
joint_pos=[0.0, 0.0, 0.0, -0.035999998450279236, 0.0, 0.0] imu_ang_vel=[-0.46446946263313293, -0.5923051238059998, 0.6050886511802673] imu_quat_wxyz=[0.7009669542312622, 0.2076309323310852, 0.0992121770977974, -0.6750494241714478]
joint_pos=[0.0, 0.0, 0.0, -0.035999998450279236, 0.0, 0.0] imu_ang_vel=[-0.46446946263313293, -0.5923051238059998, 0.6050886511802673] imu_quat_wxyz=[0.7139951586723328, 0.20570598542690277, 0.10924921184778214, -0.6602730751037598]
joint_pos=[0.0, 0.0, 0.0, -0.035999998450279236, 0.0, 0.0] imu_ang_vel=[-0.7925809025764465, -0.38457220792770386, 1.458391547203064] imu_quat_wxyz=[0.7139951586723328, 0.20570598542690277, 0.10924921184778214, -0.6602730751037598]
joint_pos=[0.0, 0.0, 0.0, -0.035999998450279236, 0.0, 0.0] imu_ang_vel=[-0.7925809025764465, -0.38457220792770386, 1.458391547203064] imu_quat_wxyz=[0.7267056107521057, 0.2015814632177353, 0.10692543536424637, -0.6479434370994568]
joint_pos=[0.0, 0.0, 0.0, -0.035999998450279236, 0.0, 0.0] imu_ang_vel=[-0.09694202244281769, -0.13316211104393005, 0.7233366370201111] imu_quat_wxyz=[0.7267056107521057, 0.2015814632177353, 0.10692543536424637, -0.6479434370994568]
joint_pos=[0.0, 0.0, 0.0, -0.0, 0.0, 0.0] imu_ang_vel=[-0.09694202244281769, -0.13316211104393005, 0.7233366370201111] imu_quat_wxyz=[0.7340067028999329, 0.2006136178970337, 0.10926030576229095, -0.6395704746246338]
joint_pos=[0.0, 0.0, 0.0, -0.0, 0.0, 0.0] imu_ang_vel=[0.5475625991821289, 0.11824796348810196, -1.0418604612350464] imu_quat_wxyz=[0.7340067028999329, 0.2006136178970337, 0.10926030576229095, -0.6395704746246338]
joint_pos=[0.0, 0.0, 0.0, -0.0, 0.0, 0.0] imu_ang_vel=[0.5475625991821289, 0.11824796348810196, -1.0418604612350464] imu_quat_wxyz=[0.7314246892929077, 0.21130263805389404, 0.12756481766700745, -0.6356856822967529]
joint_pos=[0.0, 0.0, 0.0, -0.0, 0.0, 0.0] imu_ang_vel=[1.8024823665618896, -1.1313453912734985, -2.443791151046753] imu_quat_wxyz=[0.7314246892929077, 0.21130263805389404, 0.12756481766700745, -0.6356856822967529]
joint_pos=[0.0, 0.0, 0.0, 0.035999998450279236, 0.0, 0.0] imu_ang_vel=[1.8024823665618896, -1.1313453912734985, -2.443791151046753] imu_quat_wxyz=[0.7020494937896729, 0.21974623203277588, 0.1090184822678566, -0.6685454249382019]
joint_pos=[0.0, 0.0, 0.0, -0.0, 0.0, 0.0] imu_ang_vel=[-1.6565366983413696, 0.5326484441757202, 2.787882089614868] imu_quat_wxyz=[0.7020494937896729, 0.21974623203277588, 0.1090184822678566, -0.6685454249382019]
joint_pos=[0.0, 0.0, 0.0, -0.0, 0.0, 0.0] imu_ang_vel=[-1.6565366983413696, 0.5326484441757202, 2.787882089614868] imu_quat_wxyz=[0.719029426574707, 0.2153032422065735, 0.10301815718412399, -0.6527084708213806]
joint_pos=[0.0, 0.0, 0.0, 0.035999998450279236, 0.0, 0.0] imu_ang_vel=[-1.1590430736541748, 0.08948494493961334, 1.4509344100952148] imu_quat_wxyz=[0.719029426574707, 0.2153032422065735, 0.10301815718412399, -0.6527084708213806]
joint_pos=[0.0, 0.0, 0.0, -0.0, 0.0, 0.0] imu_ang_vel=[-1.1590430736541748, 0.08948494493961334, 1.4509344100952148] imu_quat_wxyz=[0.7384236454963684, 0.1916559338569641, 0.1044335663318634, -0.6380378007888794]
joint_pos=[0.0, 0.0, 0.0, -0.0, 0.0, 0.0] imu_ang_vel=[0.7169448137283325, -0.6040233373641968, -0.6061539649963379] imu_quat_wxyz=[0.7384236454963684, 0.1916559338569641, 0.1044335663318634, -0.6380378007888794]
joint_pos=[0.0, 0.0, 0.0, -0.0, 0.0, 0.0] imu_ang_vel=[0.7169448137283325, -0.6040233373641968, -0.6061539649963379] imu_quat_wxyz=[0.7240692973136902, 0.18356993794441223, 0.09401465952396393, -0.6581694483757019]
joint_pos=[0.0, 0.0, 0.0, -0.0, 0.0, 0.0] imu_ang_vel=[0.5081466436386108, 0.3888333737850189, -0.8596946001052856] imu_quat_wxyz=[0.7240692973136902, 0.18356993794441223, 0.09401465952396393, -0.6581694483757019]
joint_pos=[0.0, 0.0, 0.0, -0.0, 0.0, 0.0] imu_ang_vel=[0.5081466436386108, 0.3888333737850189, -0.8596946001052856] imu_quat_wxyz=[0.6934716701507568, 0.19413290917873383, 0.09380920231342316, -0.6874657869338989]
joint_pos=[0.0, 0.0, 0.0, -0.0, 0.0, 0.0] imu_ang_vel=[1.8163312673568726, -0.7020306587219238, -3.0936222076416016] imu_quat_wxyz=[0.6934716701507568, 0.19413290917873383, 0.09380920231342316, -0.6874657869338989]
joint_pos=[0.0, 0.0, 0.0, 0.035999998450279236, 0.0, 0.0] imu_ang_vel=[1.8163312673568726, -0.7020306587219238, -3.0936222076416016] imu_quat_wxyz=[0.6560137271881104, 0.19506603479385376, 0.0775446891784668, -0.724970281124115]
joint_pos=[0.0, 0.0, 0.0, 0.035999998450279236, 0.0, 0.0] imu_ang_vel=[-0.24714888632297516, 0.8788699507713318, 0.0468730665743351] imu_quat_wxyz=[0.6560137271881104, 0.19506603479385376, 0.0775446891784668, -0.724970281124115]
joint_pos=[0.0, 0.0, 0.0, 0.035999998450279236, 0.0, 0.0] imu_ang_vel=[-0.24714888632297516, 0.8788699507713318, 0.0468730665743351] imu_quat_wxyz=[0.6338600516319275, 0.21435052156448364, 0.070949986577034, -0.7397576570510864]
joint_pos=[0.0, 0.0, 0.0, 0.035999998450279236, 0.0, 0.0] imu_ang_vel=[-0.9300042390823364, 0.4069434404373169, 1.3209681510925293] imu_quat_wxyz=[0.6338600516319275, 0.21435052156448364, 0.070949986577034, -0.7397576570510864]
joint_pos=[0.0, 0.0, 0.0, 0.035999998450279236, 0.0, 0.0] imu_ang_vel=[-0.9300042390823364, 0.4069434404373169, 1.3209681510925293] imu_quat_wxyz=[0.6567209362983704, 0.21801713109016418, 0.08947437256574631, -0.7163662314414978]
joint_pos=[0.0, 0.0, 0.0, 0.035999998450279236, 0.0, 0.0] imu_ang_vel=[0.28017309308052063, -0.2546059787273407, -0.3334379494190216] imu_quat_wxyz=[0.6567209362983704, 0.21801713109016418, 0.08947437256574631, -0.7163662314414978]
joint_pos=[0.0, 0.0, 0.0, 0.035999998450279236, 0.0, 0.0] imu_ang_vel=[0.28017309308052063, -0.2546059787273407, -0.3334379494190216] imu_quat_wxyz=[0.6753292679786682, 0.22960849106311798, 0.11260441690683365, -0.6917589902877808]
joint_pos=[0.0, 0.0, 0.0, -0.0, 0.0, 0.0] imu_ang_vel=[1.0961905717849731, -0.11931325495243073, -1.4615874290466309] imu_quat_wxyz=[0.6753292679786682, 0.22960849106311798, 0.11260441690683365, -0.6917589902877808]
joint_pos=[0.0, 0.0, 0.0, 0.035999998450279236, 0.0, 0.0] imu_ang_vel=[1.0961905717849731, -0.11931325495243073, -1.4615874290466309] imu_quat_wxyz=[0.6766693592071533, 0.2500605285167694, 0.12056367099285126, -0.6819475889205933]
joint_pos=[0.0, 0.0, 0.0, 0.035999998450279236, 0.0, 0.0] imu_ang_vel=[1.0961905717849731, -0.11931325495243073, -1.4615874290466309] imu_quat_wxyz=[0.6766693592071533, 0.2500605285167694, 0.12056367099285126, -0.6819475889205933]
joint_pos=[0.0, 0.0, 0.0, -0.0, 0.0, 0.0] imu_ang_vel=[-0.5262566804885864, 0.2599324584007263, 0.9896608591079712] imu_quat_wxyz=[0.6951985359191895, 0.2628057599067688, 0.12783285975456238, -0.6567273139953613]
joint_pos=[0.0, 0.0, 0.0, -0.0, 0.0, 0.0] imu_ang_vel=[-0.5262566804885864, 0.2599324584007263, 0.9896608591079712] imu_quat_wxyz=[0.6951985359191895, 0.2628057599067688, 0.12783285975456238, -0.6567273139953613]
joint_pos=[0.0, 0.0, 0.0, 0.035999998450279236, 0.0, 0.0] imu_ang_vel=[-1.5084604024887085, 0.21518997848033905, 2.5311455726623535] imu_quat_wxyz=[0.7412326335906982, 0.2507587671279907, 0.14136503636837006, -0.6063910126686096]
joint_pos=[0.0, 0.0, 0.0, 0.035999998450279236, 0.0, 0.0] imu_ang_vel=[-1.5084604024887085, 0.21518997848033905, 2.5311455726623535] imu_quat_wxyz=[0.7412326335906982, 0.2507587671279907, 0.14136503636837006, -0.6063910126686096]
joint_pos=[0.0, 0.0, 0.0, -0.0, 0.0, 0.0] imu_ang_vel=[-0.24075710773468018, -0.11079087853431702, 0.46979594230651855] imu_quat_wxyz=[0.7603904008865356, 0.23185065388679504, 0.1534200757741928, -0.5869532227516174]
joint_pos=[0.0, 0.0, 0.0, 0.035999998450279236, 0.0, 0.0] imu_ang_vel=[-0.24075710773468018, -0.11079087853431702, 0.46979594230651855] imu_quat_wxyz=[0.7603904008865356, 0.23185065388679504, 0.1534200757741928, -0.5869532227516174]
joint_pos=[0.0, 0.0, 0.0, 0.035999998450279236, 0.0, 0.0] imu_ang_vel=[0.7148142457008362, 0.02663242258131504, -1.1707613468170166] imu_quat_wxyz=[0.7373378276824951, 0.22873781621456146, 0.1482136845588684, -0.6180976033210754]
joint_pos=[0.0, 0.0, 0.0, -0.0, 0.0, 0.0] imu_ang_vel=[0.7148142457008362, 0.02663242258131504, -1.1707613468170166] imu_quat_wxyz=[0.7373378276824951, 0.22873781621456146, 0.1482136845588684, -0.6180976033210754]
joint_pos=[0.0, 0.0, 0.0, -0.0, 0.0, 0.0] imu_ang_vel=[0.9012411832809448, -0.08948494493961334, -1.4115184545516968] imu_quat_wxyz=[0.7066022157669067, 0.22814157605171204, 0.12920179963111877, -0.657245397567749]
joint_pos=[0.0, 0.0, 0.0, 0.035999998450279236, 0.0, 0.0] imu_ang_vel=[0.9012411832809448, -0.08948494493961334, -1.4115184545516968] imu_quat_wxyz=[0.7066022157669067, 0.22814157605171204, 0.12920179963111877, -0.657245397567749]
joint_pos=[0.0, 0.0, 0.0, -0.0, 0.0, 0.0] imu_ang_vel=[-0.43783703446388245, 0.24927948415279388, 0.24821418523788452] imu_quat_wxyz=[0.6976673603057861, 0.22988085448741913, 0.12005731463432312, -0.6678332686424255]
joint_pos=[0.0, 0.0, 0.0, -0.0, 0.0, 0.0] imu_ang_vel=[-0.43783703446388245, 0.24927948415279388, 0.24821418523788452] imu_quat_wxyz=[0.6976673603057861, 0.22988085448741913, 0.12005731463432312, -0.6678332686424255]
joint_pos=[0.0, 0.0, 0.0, -0.0, 0.0, 0.0] imu_ang_vel=[-0.4825794994831085, 0.37391921877861023, -0.2077329009771347] imu_quat_wxyz=[0.7042111158370972, 0.22353725135326385, 0.13305708765983582, -0.6606160998344421]
joint_pos=[0.0, 0.0, 0.0, -0.0, 0.0, 0.0] imu_ang_vel=[-0.4825794994831085, 0.37391921877861023, -0.2077329009771347] imu_quat_wxyz=[0.7042111158370972, 0.22353725135326385, 0.13305708765983582, -0.6606160998344421]
joint_pos=[0.0, 0.0, 0.0, -0.0, 0.0, 0.0] imu_ang_vel=[1.0184239149093628, -0.03195890784263611, -1.399800181388855] imu_quat_wxyz=[0.6887428760528564, 0.224094420671463, 0.12239483743906021, -0.6785531044006348]
joint_pos=[0.0, 0.0, 0.0, -0.0, 0.0, 0.0] imu_ang_vel=[1.0184239149093628, -0.03195890784263611, -1.399800181388855] imu_quat_wxyz=[0.6887428760528564, 0.224094420671463, 0.12239483743906021, -0.6785531044006348]
joint_pos=[0.0, 0.0, 0.0, -0.0, 0.0, 0.0] imu_ang_vel=[2.734617233276367, -0.8309316039085388, -3.5495693683624268] imu_quat_wxyz=[0.6356610059738159, 0.22480644285678864, 0.09872452914714813, -0.7318815588951111]
joint_pos=[0.0, 0.0, 0.0, -0.0, 0.0, 0.0] imu_ang_vel=[2.734617233276367, -0.8309316039085388, -3.5495693683624268] imu_quat_wxyz=[0.6356610059738159, 0.22480644285678864, 0.09872452914714813, -0.7318815588951111]
joint_pos=[0.0, 0.0, 0.0, -0.035999998450279236, 0.0, 0.0] imu_ang_vel=[-2.9348931312561035, 0.6136110424995422, 4.137613296508789] imu_quat_wxyz=[0.6759618520736694, 0.22469905018806458, 0.11714573949575424, -0.6919991374015808]
joint_pos=[0.0, 0.0, 0.0, -0.035999998450279236, 0.0, 0.0] imu_ang_vel=[-2.9348931312561035, 0.6136110424995422, 4.137613296508789] imu_quat_wxyz=[0.6759618520736694, 0.22469905018806458, 0.11714573949575424, -0.6919991374015808]
joint_pos=[0.0, 0.0, 0.0, -0.035999998450279236, 0.0, 0.0] imu_ang_vel=[-2.3393921852111816, -0.45807766914367676, 4.148266315460205] imu_quat_wxyz=[0.7455085515975952, 0.20037387311458588, 0.1427757740020752, -0.6194208860397339]
joint_pos=[0.0, 0.0, 0.0, -0.035999998450279236, 0.0, 0.0] imu_ang_vel=[-2.3393921852111816, -0.45807766914367676, 4.148266315460205] imu_quat_wxyz=[0.7455085515975952, 0.20037387311458588, 0.1427757740020752, -0.6194208860397339]
joint_pos=[0.0, 0.0, 0.0, -0.035999998450279236, 0.0, 0.0] imu_ang_vel=[1.6597325801849365, -0.09694202244281769, -2.3617632389068604] imu_quat_wxyz=[0.7316194772720337, 0.19034673273563385, 0.14864303171634674, -0.637499988079071]
joint_pos=[0.0, 0.0, 0.0, -0.035999998450279236, 0.0, 0.0] imu_ang_vel=[1.6597325801849365, -0.09694202244281769, -2.3617632389068604] imu_quat_wxyz=[0.7316194772720337, 0.19034673273563385, 0.14864303171634674, -0.637499988079071]
joint_pos=[0.0, 0.0, 0.0, -0.07199999690055847, 0.0, 0.0] imu_ang_vel=[1.7406952381134033, -0.5006895661354065, -2.915717601776123] imu_quat_wxyz=[0.6841132640838623, 0.20527158677577972, 0.11747464537620544, -0.6899654269218445]
joint_pos=[0.0, 0.0, 0.0, -0.07199999690055847, 0.0, 0.0] imu_ang_vel=[1.7406952381134033, -0.5006895661354065, -2.915717601776123] imu_quat_wxyz=[0.6841132640838623, 0.20527158677577972, 0.11747464537620544, -0.6899654269218445]
joint_pos=[0.0, 0.0, 0.0, -0.07199999690055847, 0.0, 0.0] imu_ang_vel=[-1.1068434715270996, 0.0, 1.4935462474822998] imu_quat_wxyz=[0.6822476387023926, 0.20994725823402405, 0.10642946511507034, -0.692194402217865]
joint_pos=[0.0, 0.0, 0.0, -0.1080000028014183, 0.0, 0.0] imu_ang_vel=[-1.1068434715270996, 0.0, 1.4935462474822998] imu_quat_wxyz=[0.6822476387023926, 0.20994725823402405, 0.10642946511507034, -0.692194402217865]
joint_pos=[0.0, 0.0, 0.0, -0.14399999380111694, 0.0, 0.0] imu_ang_vel=[-2.713311195373535, 0.8735435009002686, 3.7967183589935303] imu_quat_wxyz=[0.7259891033172607, 0.2012893259525299, 0.1264212727546692, -0.6453216075897217]
joint_pos=[0.0, 0.0, 0.0, -0.2160000056028366, 0.0, 0.0] imu_ang_vel=[-2.713311195373535, 0.8735435009002686, 3.7967183589935303] imu_quat_wxyz=[0.7259891033172607, 0.2012893259525299, 0.1264212727546692, -0.6453216075897217]
joint_pos=[0.0, 0.0, 0.0, -0.25200000405311584, 0.0, 0.0] imu_ang_vel=[3.547438859939575, -2.9231748580932617, -0.43144527077674866] imu_quat_wxyz=[0.7409684658050537, 0.1857360154390335, 0.1089618131518364, -0.636077880859375]
joint_pos=[0.0, 0.0, 0.0, -0.2879999876022339, 0.0, 0.0] imu_ang_vel=[3.547438859939575, -2.9231748580932617, -0.43144527077674866] imu_quat_wxyz=[0.7409684658050537, 0.1857360154390335, 0.1089618131518364, -0.636077880859375]
joint_pos=[0.0, 0.0, 0.0, -0.3959999978542328, 0.0, 0.0] imu_ang_vel=[-2.311694383621216, 0.20986349880695343, -3.314138650894165] imu_quat_wxyz=[0.6994287371635437, 0.17226603627204895, 0.10682806372642517, -0.6853551268577576]
joint_pos=[0.0, 0.0, 0.0, -0.46799999475479126, 0.0, 0.0] imu_ang_vel=[-2.311694383621216, 0.20986349880695343, -3.314138650894165] imu_quat_wxyz=[0.6994287371635437, 0.17226603627204895, 0.10682806372642517, -0.6853551268577576]
joint_pos=[0.0, 0.0, 0.0, -0.5759999752044678, 0.0, 0.0] imu_ang_vel=[1.7215198278427124, 0.3568744659423828, 0.04793836176395416] imu_quat_wxyz=[0.6667637825012207, 0.19511155784130096, 0.0887342244386673, -0.7137812376022339]
joint_pos=[0.0, 0.0, 0.0, -0.6480000019073486, 0.0, 0.0] imu_ang_vel=[1.7215198278427124, 0.3568744659423828, 0.04793836176395416] imu_quat_wxyz=[0.6667637825012207, 0.19511155784130096, 0.0887342244386673, -0.7137812376022339]
joint_pos=[0.0, 0.0, 0.0, -0.7559999823570251, 0.0, 0.0] imu_ang_vel=[-2.130593776702881, 0.6913776993751526, 2.4576399326324463] imu_quat_wxyz=[0.6729385256767273, 0.1975577175617218, 0.10293720662593842, -0.705357015132904]
joint_pos=[0.0, 0.0, 0.0, -0.8640000224113464, 0.0, 0.0] imu_ang_vel=[-2.130593776702881, 0.6913776993751526, 2.4576399326324463] imu_quat_wxyz=[0.6729385256767273, 0.1975577175617218, 0.10293720662593842, -0.705357015132904]
joint_pos=[0.0, 0.0, 0.0, -0.972000002861023, 0.0, 0.0] imu_ang_vel=[0.802168607711792, 0.37924569845199585, -0.08096256852149963] imu_quat_wxyz=[0.6613919138908386, 0.1969476193189621, 0.1040060818195343, -0.7162088751792908]
joint_pos=[0.0, 0.0, 0.0, -1.1160000562667847, 0.0, 0.0] imu_ang_vel=[0.802168607711792, 0.37924569845199585, -0.08096256852149963] imu_quat_wxyz=[0.6613919138908386, 0.1969476193189621, 0.1040060818195343, -0.7162088751792908]
joint_pos=[0.0, 0.0, 0.0, -1.187999963760376, 0.0, 0.0] imu_ang_vel=[0.7190754413604736, 0.3430256247520447, -2.4789459705352783] imu_quat_wxyz=[0.6161764860153198, 0.19600817561149597, 0.11058066785335541, -0.7547709941864014]
joint_pos=[0.0, 0.0, 0.0, -1.2960000038146973, 0.0, 0.0] imu_ang_vel=[0.7190754413604736, 0.3430256247520447, -2.4789459705352783] imu_quat_wxyz=[0.6161764860153198, 0.19600817561149597, 0.11058066785335541, -0.7547709941864014]
joint_pos=[0.0, 0.0, 0.0, -1.4759999513626099, 0.0, 0.0] imu_ang_vel=[1.2368097305297852, 0.40268224477767944, -2.5087742805480957] imu_quat_wxyz=[0.5721630454063416, 0.2086564153432846, 0.09997974336147308, -0.786826491355896]
joint_pos=[0.0, 0.0, 0.0, -1.5480000972747803, 0.0, 0.0] imu_ang_vel=[1.2368097305297852, 0.40268224477767944, -2.5087742805480957] imu_quat_wxyz=[0.5721630454063416, 0.2086564153432846, 0.09997974336147308, -0.786826491355896]
joint_pos=[0.0, 0.0, 0.0, -1.619999885559082, 0.0, 0.0] imu_ang_vel=[0.23543062806129456, 0.4367717504501343, -0.4793836176395416] imu_quat_wxyz=[0.543285608291626, 0.21899840235710144, 0.0854588970541954, -0.8059635162353516]
joint_pos=[0.0, 0.0, 0.0, -1.8360000848770142, 0.0, 0.0] imu_ang_vel=[0.23543062806129456, 0.4367717504501343, -0.4793836176395416] imu_quat_wxyz=[0.543285608291626, 0.21899840235710144, 0.0854588970541954, -0.8059635162353516]
joint_pos=[0.0, 0.0, 0.0, -1.944000005722046, 0.0, 0.0] imu_ang_vel=[0.12783563137054443, 0.43464115262031555, 0.33556854724884033] imu_quat_wxyz=[0.5387880206108093, 0.22351323068141937, 0.07979797571897507, -0.8083201050758362]
joint_pos=[0.0, 0.0, 0.0, -1.9800000190734863, 0.0, 0.0] imu_ang_vel=[0.12783563137054443, 0.43464115262031555, 0.33556854724884033] imu_quat_wxyz=[0.5387880206108093, 0.22351323068141937, 0.07979797571897507, -0.8083201050758362]
joint_pos=[0.0, 0.0, 0.0, -2.1600000858306885, 0.0, 0.0] imu_ang_vel=[-0.12250914424657822, 0.3867027759552002, 0.1459456831216812] imu_quat_wxyz=[0.5345278978347778, 0.22900605201721191, 0.08293367177248001, -0.8092948198318481]
joint_pos=[0.0, 0.0, 0.0, -2.303999900817871, 0.0, 0.0] imu_ang_vel=[-0.12250914424657822, 0.3867027759552002, 0.1459456831216812] imu_quat_wxyz=[0.5345278978347778, 0.22900605201721191, 0.08293367177248001, -0.8092948198318481]
joint_pos=[0.0, 0.0, 0.0, -2.3400001525878906, 0.0, 0.0] imu_ang_vel=[0.5198649168014526, 0.42079228162765503, -0.9086982607841492] imu_quat_wxyz=[0.5210844874382019, 0.2333780974149704, 0.0883968397974968, -0.816205620765686]
joint_pos=[0.0, 0.0, 0.0, -2.4839999675750732, 0.0, 0.0] imu_ang_vel=[0.5198649168014526, 0.42079228162765503, -0.9086982607841492] imu_quat_wxyz=[0.5210844874382019, 0.2333780974149704, 0.0883968397974968, -0.816205620765686]
joint_pos=[0.0, 0.0, 0.0, -2.628000020980835, 0.0, 0.0] imu_ang_vel=[0.10226850211620331, 0.11931325495243073, -0.7499690651893616] imu_quat_wxyz=[0.5074315071105957, 0.23707856237888336, 0.09231916069984436, -0.8232764601707458]
joint_pos=[0.0, 0.0, 0.0, -2.700000047683716, 0.0, 0.0] imu_ang_vel=[0.10226850211620331, 0.11931325495243073, -0.7499690651893616] imu_quat_wxyz=[0.5074315071105957, 0.23707856237888336, 0.09231916069984436, -0.8232764601707458]
joint_pos=[0.0, 0.0, 0.0, -2.7720000743865967, 0.0, 0.0] imu_ang_vel=[-0.16618631780147552, 0.21732057631015778, 0.4687306582927704] imu_quat_wxyz=[0.5057080388069153, 0.24355758726596832, 0.09326622635126114, -0.822338342666626]
joint_pos=[0.0, 0.0, 0.0, -2.9160001277923584, 0.0, 0.0] imu_ang_vel=[-0.16618631780147552, 0.21732057631015778, 0.4687306582927704] imu_quat_wxyz=[0.5057080388069153, 0.24355758726596832, 0.09326622635126114, -0.822338342666626]
joint_pos=[0.0, 0.0, 0.0, -2.98799991607666, 0.0, 0.0] imu_ang_vel=[0.07137489318847656, 0.021305939182639122, 1.0503827333450317] imu_quat_wxyz=[0.5184653401374817, 0.2464970201253891, 0.0977122113108635, -0.8129484057426453]
joint_pos=[0.0, 0.0, 0.0, -3.0239999294281006, 0.0, 0.0] imu_ang_vel=[0.07137489318847656, 0.021305939182639122, 1.0503827333450317] imu_quat_wxyz=[0.5184653401374817, 0.2464970201253891, 0.0977122113108635, -0.8129484057426453]
joint_pos=[0.0, 0.0, 0.0, -3.131999969482422, 0.0, 0.0] imu_ang_vel=[-0.3345032334327698, -0.19175344705581665, 1.0056402683258057] imu_quat_wxyz=[0.5327968597412109, 0.24549800157546997, 0.10782062262296677, -0.8026411533355713]
joint_pos=[0.0, 0.0, 0.0, -3.239999771118164, 0.0, 0.0] imu_ang_vel=[-0.3345032334327698, -0.19175344705581665, 1.0056402683258057] imu_quat_wxyz=[0.5327968597412109, 0.24549800157546997, 0.10782062262296677, -0.8026411533355713]
joint_pos=[0.0, 0.0, 0.0, -3.239999771118164, 0.0, 0.0] imu_ang_vel=[0.6168069243431091, -0.27378129959106445, 0.25567126274108887] imu_quat_wxyz=[0.5355673432350159, 0.24903419613838196, 0.10768016427755356, -0.7997215390205383]
joint_pos=[0.0, 0.0, 0.0, -3.2760000228881836, 0.0, 0.0] imu_ang_vel=[0.6168069243431091, -0.27378129959106445, 0.25567126274108887] imu_quat_wxyz=[0.5355673432350159, 0.24903419613838196, 0.10768016427755356, -0.7997215390205383]
joint_pos=[0.0, 0.0, 0.0, -3.312000036239624, 0.0, 0.0] imu_ang_vel=[3.064859390258789, 2.40544056892395, -2.49066424369812] imu_quat_wxyz=[0.5021279454231262, 0.2795640528202057, 0.10032697021961212, -0.8121858835220337]
joint_pos=[0.0, 0.0, 0.0, -3.3480000495910645, 0.0, 0.0] imu_ang_vel=[3.064859390258789, 2.40544056892395, -2.49066424369812] imu_quat_wxyz=[0.5021279454231262, 0.2795640528202057, 0.10032697021961212, -0.8121858835220337]
joint_pos=[0.0, 0.0, 0.0, -3.3480000495910645, 0.0, 0.0] imu_ang_vel=[-0.7105530500411987, -1.5382888317108154, 1.1228229999542236] imu_quat_wxyz=[0.485502690076828, 0.26742875576019287, 0.09152583032846451, -0.8272799253463745]
joint_pos=[0.0, 0.0, 0.0, -3.3480000495910645, 0.0, 0.0] imu_ang_vel=[-0.7105530500411987, -1.5382888317108154, 1.1228229999542236] imu_quat_wxyz=[0.485502690076828, 0.26742875576019287, 0.09152583032846451, -0.8272799253463745]
joint_pos=[0.0, 0.0, 0.0, -3.312000036239624, 0.0, 0.0] imu_ang_vel=[-3.021182060241699, 2.3298044204711914, 1.9228609800338745] imu_quat_wxyz=[0.5661580562591553, 0.269692599773407, 0.1280675232410431, -0.7683290839195251]
joint_pos=[0.0, 0.0, 0.0, -3.3480000495910645, 0.0, 0.0] imu_ang_vel=[-3.021182060241699, 2.3298044204711914, 1.9228609800338745] imu_quat_wxyz=[0.5661580562591553, 0.269692599773407, 0.1280675232410431, -0.7683290839195251]
joint_pos=[0.0, 0.0, 0.0, -3.3480000495910645, 0.0, 0.0] imu_ang_vel=[1.8184618949890137, -0.12783563137054443, -1.9292527437210083] imu_quat_wxyz=[0.5658355355262756, 0.24068745970726013, 0.10854688286781311, -0.7810999751091003]
joint_pos=[0.0, 0.0, 0.0, -3.312000036239624, 0.0, 0.0] imu_ang_vel=[1.8184618949890137, -0.12783563137054443, -1.9292527437210083] imu_quat_wxyz=[0.5658355355262756, 0.24068745970726013, 0.10854688286781311, -0.7810999751091003]
joint_pos=[0.0, 0.0, 0.0, -3.3480000495910645, 0.0, 0.0] imu_ang_vel=[0.398421049118042, 0.015979453921318054, -0.9577019214630127] imu_quat_wxyz=[0.5559849143028259, 0.2430066168308258, 0.0927976742386818, -0.7894410490989685]
joint_pos=[0.0, 0.0, 0.0, -3.3480000495910645, 0.0, 0.0] imu_ang_vel=[0.398421049118042, 0.015979453921318054, -0.9577019214630127] imu_quat_wxyz=[0.5559849143028259, 0.2430066168308258, 0.0927976742386818, -0.7894410490989685]
joint_pos=[0.0, 0.0, 0.0, -3.3480000495910645, 0.0, 0.0] imu_ang_vel=[-1.0322726964950562, 0.34409090876579285, 1.8067436218261719] imu_quat_wxyz=[0.5885340571403503, 0.2348623424768448, 0.10537216067314148, -0.7663968205451965]
joint_pos=[0.0, 0.0, 0.0, -3.3480000495910645, 0.0, 0.0] imu_ang_vel=[-1.0322726964950562, 0.34409090876579285, 1.8067436218261719] imu_quat_wxyz=[0.5885340571403503, 0.2348623424768448, 0.10537216067314148, -0.7663968205451965]
joint_pos=[0.0, 0.0, 0.0, -3.3480000495910645, 0.0, 0.0] imu_ang_vel=[-1.405126690864563, -0.4591429829597473, 2.385199785232544] imu_quat_wxyz=[0.6490027904510498, 0.2152644246816635, 0.12907637655735016, -0.7181892991065979]
joint_pos=[0.0, 0.0, 0.0, -3.3480000495910645, 0.0, 0.0] imu_ang_vel=[-1.405126690864563, -0.4591429829597473, 2.385199785232544] imu_quat_wxyz=[0.6490027904510498, 0.2152644246816635, 0.12907637655735016, -0.7181892991065979]
joint_pos=[0.0, 0.0, 0.0, -3.419999837875366, 0.0, 0.0] imu_ang_vel=[-0.7275978326797485, -0.6647452712059021, 0.920416533946991] imu_quat_wxyz=[0.6841708421707153, 0.20362767577171326, 0.13362576067447662, -0.6874518990516663]
joint_pos=[0.0, 0.0, 0.0, -3.419999837875366, 0.0, 0.0] imu_ang_vel=[-0.7275978326797485, -0.6647452712059021, 0.920416533946991] imu_quat_wxyz=[0.6841708421707153, 0.20362767577171326, 0.13362576067447662, -0.6874518990516663]
joint_pos=[0.0, 0.0, 0.0, -3.4560000896453857, 0.0, 0.0] imu_ang_vel=[-0.4538165032863617, -1.0908640623092651, 0.4974936544895172] imu_quat_wxyz=[0.712529182434082, 0.19571097195148468, 0.1319120079278946, -0.66075599193573]
joint_pos=[0.0, 0.0, 0.0, -3.563999891281128, 0.0, 0.0] imu_ang_vel=[-0.4538165032863617, -1.0908640623092651, 0.4974936544895172] imu_quat_wxyz=[0.712529182434082, 0.19571097195148468, 0.1319120079278946, -0.66075599193573]
joint_pos=[0.0, 0.0, 0.0, -3.563999891281128, 0.0, 0.0] imu_ang_vel=[-0.7893850207328796, -0.690312385559082, 0.7936462163925171] imu_quat_wxyz=[0.7448986768722534, 0.19454149901866913, 0.14157919585704803, -0.6222819685935974]
joint_pos=[0.0, 0.0, 0.0, -3.6720001697540283, 0.0, 0.0] imu_ang_vel=[-0.7893850207328796, -0.690312385559082, 0.7936462163925171] imu_quat_wxyz=[0.7448986768722534, 0.19454149901866913, 0.14157919585704803, -0.6222819685935974]
joint_pos=[0.0, 0.0, 0.0, -3.7799999713897705, 0.0, 0.0] imu_ang_vel=[-0.22158175706863403, -0.40800872445106506, 0.33237263560295105] imu_quat_wxyz=[0.7667061686515808, 0.19695612788200378, 0.15518714487552643, -0.5910050272941589]
joint_pos=[0.0, 0.0, 0.0, -3.815999984741211, 0.0, 0.0] imu_ang_vel=[-0.22158175706863403, -0.40800872445106506, 0.33237263560295105] imu_quat_wxyz=[0.7667061686515808, 0.19695612788200378, 0.15518714487552643, -0.5910050272941589]
joint_pos=[0.0, 0.0, 0.0, -3.888000011444092, 0.0, 0.0] imu_ang_vel=[-0.1459456831216812, 0.7563608288764954, 1.5968800783157349] imu_quat_wxyz=[0.7708488702774048, 0.21638227999210358, 0.17108650505542755, -0.5741952061653137]
joint_pos=[0.0, 0.0, 0.0, -4.0320000648498535, 0.0, 0.0] imu_ang_vel=[-0.1459456831216812, 0.7563608288764954, 1.5968800783157349] imu_quat_wxyz=[0.7708488702774048, 0.21638227999210358, 0.17108650505542755, -0.5741952061653137]
joint_pos=[0.0, 0.0, 0.0, -4.068000316619873, 0.0, 0.0] imu_ang_vel=[0.1523374617099762, 0.5923051238059998, -0.322784960269928] imu_quat_wxyz=[0.7667627930641174, 0.19764317572116852, 0.1985664665699005, -0.5775666236877441]
joint_pos=[0.0, 0.0, 0.0, -4.104000091552734, 0.0, 0.0] imu_ang_vel=[0.1523374617099762, 0.5923051238059998, -0.322784960269928] imu_quat_wxyz=[0.7667627930641174, 0.19764317572116852, 0.1985664665699005, -0.5775666236877441]
joint_pos=[0.0, 0.0, 0.0, -4.283999919891357, 0.0, 0.0] imu_ang_vel=[1.0706233978271484, 0.274846613407135, -2.385199785232544] imu_quat_wxyz=[0.7330574989318848, 0.2021043747663498, 0.19356957077980042, -0.6199284791946411]
joint_pos=[0.0, 0.0, 0.0, -4.355999946594238, 0.0, 0.0] imu_ang_vel=[1.0706233978271484, 0.274846613407135, -2.385199785232544] imu_quat_wxyz=[0.7330574989318848, 0.2021043747663498, 0.19356957077980042, -0.6199284791946411]
joint_pos=[0.0, 0.0, 0.0, -4.3919997215271, 0.0, 0.0] imu_ang_vel=[0.9172206521034241, 0.07989726960659027, -1.4349550008773804] imu_quat_wxyz=[0.6876398324966431, 0.21475809812545776, 0.16780440509319305, -0.672957718372345]
joint_pos=[0.0, 0.0, 0.0, -4.5, 0.0, 0.0] imu_ang_vel=[0.9172206521034241, 0.07989726960659027, -1.4349550008773804] imu_quat_wxyz=[0.6876398324966431, 0.21475809812545776, 0.16780440509319305, -0.672957718372345]
joint_pos=[0.0, 0.0, 0.0, -4.607999801635742, 0.0, 0.0] imu_ang_vel=[-0.3867027759552002, 0.8767393827438354, 0.774470865726471] imu_quat_wxyz=[0.6815747022628784, 0.2308022826910019, 0.1629319190979004, -0.675010621547699]
joint_pos=[0.0, 0.0, 0.0, -4.680000305175781, 0.0, 0.0] imu_ang_vel=[-0.3867027759552002, 0.8767393827438354, 0.774470865726471] imu_quat_wxyz=[0.6815747022628784, 0.2308022826910019, 0.1629319190979004, -0.675010621547699]
joint_pos=[0.0, 0.0, 0.0, -4.751999855041504, 0.0, 0.0] imu_ang_vel=[-0.1257050335407257, 0.6530269980430603, -0.04048128426074982] imu_quat_wxyz=[0.6934325695037842, 0.23918353021144867, 0.1745811402797699, -0.6568590402603149]
joint_pos=[0.0, 0.0, 0.0, -4.860000133514404, 0.0, 0.0] imu_ang_vel=[-0.1257050335407257, 0.6530269980430603, -0.04048128426074982] imu_quat_wxyz=[0.6934325695037842, 0.23918353021144867, 0.1745811402797699, -0.6568590402603149]
joint_pos=[0.0, 0.0, 0.0, -4.9679999351501465, 0.0, 0.0] imu_ang_vel=[0.4836448132991791, -0.46979594230651855, -0.521995484828949] imu_quat_wxyz=[0.7008656859397888, 0.254031777381897, 0.1846156269311905, -0.6404467821121216]
joint_pos=[0.0, 0.0, 0.0, -5.003999710083008, 0.0, 0.0] imu_ang_vel=[0.4836448132991791, -0.46979594230651855, -0.521995484828949] imu_quat_wxyz=[0.7008656859397888, 0.254031777381897, 0.1846156269311905, -0.6404467821121216]
joint_pos=[0.0, 0.0, 0.0, -5.039999961853027, 0.0, 0.0] imu_ang_vel=[-0.18642696738243103, 0.16512101888656616, -0.017044750973582268] imu_quat_wxyz=[0.716454803943634, 0.26153990626335144, 0.1969035118818283, -0.6160506010055542]
joint_pos=[0.0, 0.0, 0.0, -5.1479997634887695, 0.0, 0.0] imu_ang_vel=[-0.18642696738243103, 0.16512101888656616, -0.017044750973582268] imu_quat_wxyz=[0.716454803943634, 0.26153990626335144, 0.1969035118818283, -0.6160506010055542]
joint_pos=[0.0, 0.0, 0.0, -5.184000015258789, 0.0, 0.0] imu_ang_vel=[-0.3483521044254303, -0.3163931965827942, 0.544366717338562] imu_quat_wxyz=[0.7411770820617676, 0.25529542565345764, 0.20241816341876984, -0.5869476795196533]
joint_pos=[0.0, 0.0, 0.0, -5.21999979019165, 0.0, 0.0] imu_ang_vel=[-0.3483521044254303, -0.3163931965827942, 0.544366717338562] imu_quat_wxyz=[0.7411770820617676, 0.25529542565345764, 0.20241816341876984, -0.5869476795196533]
joint_pos=[0.0, 0.0, 0.0, -5.25600004196167, 0.0, 0.0] imu_ang_vel=[0.057526033371686935, -0.1874922662973404, 0.2759118974208832] imu_quat_wxyz=[0.7602032423019409, 0.24748483300209045, 0.2130405604839325, -0.5616546273231506]
joint_pos=[0.0, 0.0, 0.0, -5.2920002937316895, 0.0, 0.0] imu_ang_vel=[0.057526033371686935, -0.1874922662973404, 0.2759118974208832] imu_quat_wxyz=[0.7602032423019409, 0.24748483300209045, 0.2130405604839325, -0.5616546273231506]
joint_pos=[0.0, 0.0, 0.0, -5.400000095367432, 0.0, 0.0] imu_ang_vel=[0.21199409663677216, 0.10013791173696518, -0.2279735505580902] imu_quat_wxyz=[0.7690218091011047, 0.24120259284973145, 0.22000782191753387, -0.5495664477348328]
joint_pos=[0.0, 0.0, 0.0, -5.400000095367432, 0.0, 0.0] imu_ang_vel=[0.21199409663677216, 0.10013791173696518, -0.2279735505580902] imu_quat_wxyz=[0.7690218091011047, 0.24120259284973145, 0.22000782191753387, -0.5495664477348328]
joint_pos=[0.0, 0.0, 0.0, -5.436000347137451, 0.0, 0.0] imu_ang_vel=[0.3430256247520447, 0.04154657945036888, -0.4708612561225891] imu_quat_wxyz=[0.7720341086387634, 0.23941141366958618, 0.2215447723865509, -0.5454937219619751]
joint_pos=[0.0, 0.0, 0.0, -5.544000148773193, 0.0, 0.0] imu_ang_vel=[0.3430256247520447, 0.04154657945036888, -0.4708612561225891] imu_quat_wxyz=[0.7720341086387634, 0.23941141366958618, 0.2215447723865509, -0.5454937219619751]
joint_pos=[0.0, 0.0, 0.0, -5.579999923706055, 0.0, 0.0] imu_ang_vel=[0.07670138031244278, -0.21838587522506714, 0.4719265401363373] imu_quat_wxyz=[0.7798885107040405, 0.23999431729316711, 0.21899403631687164, -0.5349936485290527]
joint_pos=[0.0, 0.0, 0.0, -5.579999923706055, 0.0, 0.0] imu_ang_vel=[0.07670138031244278, -0.21838587522506714, 0.4719265401363373] imu_quat_wxyz=[0.7798885107040405, 0.23999431729316711, 0.21899403631687164, -0.5349936485290527]
joint_pos=[0.0, 0.0, 0.0, -5.687999725341797, 0.0, 0.0] imu_ang_vel=[-0.6210681200027466, 0.20560230314731598, 0.7329242825508118] imu_quat_wxyz=[0.7932147979736328, 0.2334887981414795, 0.21963614225387573, -0.5177385210990906]
joint_pos=[0.0, 0.0, 0.0, -5.760000228881836, 0.0, 0.0] imu_ang_vel=[-0.6210681200027466, 0.20560230314731598, 0.7329242825508118] imu_quat_wxyz=[0.7932147979736328, 0.2334887981414795, 0.21963614225387573, -0.5177385210990906]
joint_pos=[0.0, 0.0, 0.0, -5.760000228881836, 0.0, 0.0] imu_ang_vel=[-0.6828553080558777, 0.03835069015622139, 0.6700717806816101] imu_quat_wxyz=[0.805889904499054, 0.2218940407037735, 0.22008928656578064, -0.5028569102287292]
joint_pos=[0.0, 0.0, 0.0, -5.832000255584717, 0.0, 0.0] imu_ang_vel=[-0.6828553080558777, 0.03835069015622139, 0.6700717806816101] imu_quat_wxyz=[0.805889904499054, 0.2218940407037735, 0.22008928656578064, -0.5028569102287292]
joint_pos=[0.0, 0.0, 0.0, -5.9039998054504395, 0.0, 0.0] imu_ang_vel=[0.45275118947029114, -0.46660006046295166, -0.8170827627182007] imu_quat_wxyz=[0.8040450811386108, 0.21168871223926544, 0.2175857424736023, -0.5112297534942627]
joint_pos=[0.0, 0.0, 0.0, -5.940000057220459, 0.0, 0.0] imu_ang_vel=[0.45275118947029114, -0.46660006046295166, -0.8170827627182007] imu_quat_wxyz=[0.8040450811386108, 0.21168871223926544, 0.2175857424736023, -0.5112297534942627]
joint_pos=[0.0, 0.0, 0.0, -5.97599983215332, 0.0, 0.0] imu_ang_vel=[0.44103294610977173, -0.12144385278224945, -0.726532518863678] imu_quat_wxyz=[0.7911866307258606, 0.20623049139976501, 0.20793375372886658, -0.5368948578834534]
joint_pos=[0.0, 0.0, 0.0, -6.01200008392334, 0.0, 0.0] imu_ang_vel=[0.44103294610977173, -0.12144385278224945, -0.726532518863678] imu_quat_wxyz=[0.7911866307258606, 0.20623049139976501, 0.20793375372886658, -0.5368948578834534]
joint_pos=[0.0, 0.0, 0.0, -6.047999858856201, 0.0, 0.0] imu_ang_vel=[-0.17364339530467987, 0.01811004802584648, 0.8288010358810425] imu_quat_wxyz=[0.7936651110649109, 0.20308978855609894, 0.19937604665756226, -0.5376796722412109]
joint_pos=[0.0, 0.0, 0.0, -6.047999858856201, 0.0, 0.0] imu_ang_vel=[-0.17364339530467987, 0.01811004802584648, 0.8288010358810425] imu_quat_wxyz=[0.7936651110649109, 0.20308978855609894, 0.19937604665756226, -0.5376796722412109]
joint_pos=[0.0, 0.0, 0.0, -6.0839996337890625, 0.0, 0.0] imu_ang_vel=[0.39309456944465637, -0.37285393476486206, -0.5592808723449707] imu_quat_wxyz=[0.7925878167152405, 0.19207659363746643, 0.19215938448905945, -0.5458807945251465]
joint_pos=[0.0, 0.0, 0.0, -6.12000036239624, 0.0, 0.0] imu_ang_vel=[0.39309456944465637, -0.37285393476486206, -0.5592808723449707] imu_quat_wxyz=[0.7925878167152405, 0.19207659363746643, 0.19215938448905945, -0.5458807945251465]
joint_pos=[0.0, 0.0, 0.0, -6.12000036239624, 0.0, 0.0] imu_ang_vel=[0.5582156181335449, 0.2109287977218628, -1.13347589969635] imu_quat_wxyz=[0.7772880792617798, 0.18416793644428253, 0.17575497925281525, -0.5753394961357117]
joint_pos=[0.0, 0.0, 0.0, -6.0839996337890625, 0.0, 0.0] imu_ang_vel=[0.5582156181335449, 0.2109287977218628, -1.13347589969635] imu_quat_wxyz=[0.7772880792617798, 0.18416793644428253, 0.17575497925281525, -0.5753394961357117]
joint_pos=[0.0, 0.0, 0.0, -6.12000036239624, 0.035999998450279236, 0.0] imu_ang_vel=[0.17470869421958923, 0.2833689749240875, -0.192818745970726] imu_quat_wxyz=[0.7648922204971313, 0.18538737297058105, 0.1599530726671219, -0.5958073139190674]
joint_pos=[0.0, 0.0, 0.0, -6.12000036239624, 0.035999998450279236, 0.0] imu_ang_vel=[0.17470869421958923, 0.2833689749240875, -0.192818745970726] imu_quat_wxyz=[0.7648922204971313, 0.18538737297058105, 0.1599530726671219, -0.5958073139190674]
joint_pos=[0.0, 0.0, 0.0, -6.047999858856201, 0.07199999690055847, 0.0] imu_ang_vel=[0.3046749234199524, 0.4591429829597473, -0.38457220792770386] imu_quat_wxyz=[0.756378173828125, 0.18274196982383728, 0.15472328662872314, -0.6087348461151123]
joint_pos=[0.0, 0.0, 0.0, -6.12000036239624, 0.1080000028014183, 0.0] imu_ang_vel=[0.3046749234199524, 0.4591429829597473, -0.38457220792770386] imu_quat_wxyz=[0.756378173828125, 0.18274196982383728, 0.15472328662872314, -0.6087348461151123]
joint_pos=[0.0, 0.0, 0.0, -6.0839996337890625, 0.18000000715255737, 0.0] imu_ang_vel=[0.5486279129981995, 0.521995484828949, -0.6743329763412476] imu_quat_wxyz=[0.7366823554039001, 0.18780042231082916, 0.14609073102474213, -0.6329989433288574]
joint_pos=[0.0, 0.0, 0.0, -6.047999858856201, 0.2160000056028366, 0.0] imu_ang_vel=[0.5486279129981995, 0.521995484828949, -0.6743329763412476] imu_quat_wxyz=[0.7366823554039001, 0.18780042231082916, 0.14609073102474213, -0.6329989433288574]
joint_pos=[0.0, 0.0, 0.0, -6.047999858856201, 0.25200000405311584, 0.0] imu_ang_vel=[0.6114804148674011, -0.7808626294136047, -1.633100152015686] imu_quat_wxyz=[0.7101066708564758, 0.18450021743774414, 0.12535661458969116, -0.6678276062011719]
joint_pos=[0.0, 0.0, 0.0, -6.047999858856201, 0.3240000009536743, 0.0] imu_ang_vel=[0.6114804148674011, -0.7808626294136047, -1.633100152015686] imu_quat_wxyz=[0.7101066708564758, 0.18450021743774414, 0.12535661458969116, -0.6678276062011719]
joint_pos=[0.0, 0.0, 0.0, -6.047999858856201, 0.36000001430511475, 0.0] imu_ang_vel=[-1.0109667778015137, 0.0, 1.293270468711853] imu_quat_wxyz=[0.709108293056488, 0.1885634958744049, 0.11962340772151947, -0.6688045263290405]
joint_pos=[0.0, 0.0, 0.0, -6.047999858856201, 0.36000001430511475, 0.0] imu_ang_vel=[-1.0109667778015137, 0.0, 1.293270468711853] imu_quat_wxyz=[0.709108293056488, 0.1885634958744049, 0.11962340772151947, -0.6688045263290405]
joint_pos=[0.0, 0.0, 0.0, -6.047999858856201, 0.5040000081062317, 0.0] imu_ang_vel=[-1.0184239149093628, -0.06711370497941971, 1.5137869119644165] imu_quat_wxyz=[0.7273051142692566, 0.1810600459575653, 0.12993712723255157, -0.6491230726242065]
joint_pos=[0.0, 0.0, 0.0, -6.047999858856201, 0.5759999752044678, 0.0] imu_ang_vel=[-1.0184239149093628, -0.06711370497941971, 1.5137869119644165] imu_quat_wxyz=[0.7273051142692566, 0.1810600459575653, 0.12993712723255157, -0.6491230726242065]
joint_pos=[0.0, 0.0, 0.0, -6.047999858856201, 0.5759999752044678, 0.0] imu_ang_vel=[-0.02982831373810768, -0.6540923118591309, 0.22477765381336212] imu_quat_wxyz=[0.7338829040527344, 0.17511187493801117, 0.134826198220253, -0.642318844795227]
joint_pos=[0.0, 0.0, 0.0, -6.047999858856201, 0.6840000152587891, 0.0] imu_ang_vel=[-0.02982831373810768, -0.6540923118591309, 0.22477765381336212] imu_quat_wxyz=[0.7338829040527344, 0.17511187493801117, 0.134826198220253, -0.642318844795227]
joint_pos=[0.0, 0.0, 0.0, -6.047999858856201, 0.7559999823570251, 0.0] imu_ang_vel=[0.01811004802584648, -0.6189374923706055, 0.1960146427154541] imu_quat_wxyz=[0.7314898371696472, 0.1764715164899826, 0.13253246247768402, -0.6451477408409119]
joint_pos=[0.0, 0.0, 0.0, -6.047999858856201, 0.7559999823570251, 0.0] imu_ang_vel=[0.01811004802584648, -0.6189374923706055, 0.1960146427154541] imu_quat_wxyz=[0.7314898371696472, 0.1764715164899826, 0.13253246247768402, -0.6451477408409119]
joint_pos=[0.0, 0.0, 0.0, -6.047999858856201, 0.7919999957084656, 0.0] imu_ang_vel=[-0.2982831299304962, -0.6008274555206299, 0.5827174186706543] imu_quat_wxyz=[0.7386322021484375, 0.17588889598846436, 0.1317995935678482, -0.6372711062431335]
joint_pos=[0.0, 0.0, 0.0, -6.047999858856201, 0.828000009059906, 0.0] imu_ang_vel=[-0.2982831299304962, -0.6008274555206299, 0.5827174186706543] imu_quat_wxyz=[0.7386322021484375, 0.17588889598846436, 0.1317995935678482, -0.6372711062431335]
joint_pos=[0.0, 0.0, 0.0, -6.047999858856201, 0.828000009059906, 0.0] imu_ang_vel=[0.060721926391124725, -0.06178722158074379, -0.04154657945036888] imu_quat_wxyz=[0.7366767525672913, 0.17844873666763306, 0.13955722749233246, -0.63717120885849]
joint_pos=[0.0, 0.0, 0.0, -6.047999858856201, 0.828000009059906, 0.0] imu_ang_vel=[0.060721926391124725, -0.06178722158074379, -0.04154657945036888] imu_quat_wxyz=[0.7366767525672913, 0.17844873666763306, 0.13955722749233246, -0.63717120885849]
joint_pos=[0.0, 0.0, 0.0, -6.047999858856201, 0.828000009059906, 0.0] imu_ang_vel=[0.9800731539726257, 0.18536166846752167, -1.79502534866333] imu_quat_wxyz=[0.7130074501037598, 0.18439055979251862, 0.14069204032421112, -0.6616844534873962]
joint_pos=[0.0, 0.0, 0.0, -6.047999858856201, 0.828000009059906, 0.0] imu_ang_vel=[0.9800731539726257, 0.18536166846752167, -1.79502534866333] imu_quat_wxyz=[0.7130074501037598, 0.18439055979251862, 0.14069204032421112, -0.6616844534873962]
joint_pos=[0.0, 0.0, 0.0, -6.047999858856201, 0.828000009059906, 0.0] imu_ang_vel=[0.08309315890073776, 0.667941153049469, 0.05219954997301102] imu_quat_wxyz=[0.695138156414032, 0.20477032661437988, 0.13992831110954285, -0.6747385263442993]
joint_pos=[0.0, 0.0, 0.0, -6.047999858856201, 0.828000009059906, 0.0] imu_ang_vel=[0.08309315890073776, 0.667941153049469, 0.05219954997301102] imu_quat_wxyz=[0.695138156414032, 0.20477032661437988, 0.13992831110954285, -0.6747385263442993]
joint_pos=[0.0, 0.0, 0.0, -6.047999858856201, 0.828000009059906, 0.0] imu_ang_vel=[-0.3398297131061554, 1.040795087814331, 0.438902348279953] imu_quat_wxyz=[0.6972484588623047, 0.20950442552566528, 0.15697509050369263, -0.6673164367675781]
joint_pos=[0.0, 0.0, 0.0, -6.047999858856201, 0.828000009059906, 0.0] imu_ang_vel=[-0.3398297131061554, 1.040795087814331, 0.438902348279953] imu_quat_wxyz=[0.6972484588623047, 0.20950442552566528, 0.15697509050369263, -0.6673164367675781]
joint_pos=[0.0, 0.0, 0.0, -6.047999858856201, 0.828000009059906, 0.0] imu_ang_vel=[0.7531649470329285, -1.0652968883514404, -1.8344413042068481] imu_quat_wxyz=[0.6919913291931152, 0.20012196898460388, 0.14875628054141998, -0.677473783493042]
joint_pos=[0.0, 0.0, 0.0, -6.047999858856201, 0.828000009059906, 0.0] imu_ang_vel=[0.7531649470329285, -1.0652968883514404, -1.8344413042068481] imu_quat_wxyz=[0.6919913291931152, 0.20012196898460388, 0.14875628054141998, -0.677473783493042]
joint_pos=[0.0, 0.0, 0.0, -6.047999858856201, 0.828000009059906, 0.0] imu_ang_vel=[-1.2442668676376343, 0.11931325495243073, 1.4850239753723145] imu_quat_wxyz=[0.7027962803840637, 0.20464904606342316, 0.14575675129890442, -0.665545642375946]
joint_pos=[0.0, 0.0, 0.0, -6.047999858856201, 0.828000009059906, 0.0] imu_ang_vel=[-1.2442668676376343, 0.11931325495243073, 1.4850239753723145] imu_quat_wxyz=[0.7027962803840637, 0.20464904606342316, 0.14575675129890442, -0.665545642375946]
joint_pos=[0.0, 0.0, 0.0, -6.047999858856201, 0.828000009059906, 0.0] imu_ang_vel=[-1.1782183647155762, -0.11611736565828323, 1.8152660131454468] imu_quat_wxyz=[0.7360610961914062, 0.1936665028333664, 0.15678153932094574, -0.6293861269950867]
joint_pos=[0.0, 0.0, 0.0, -6.047999858856201, 0.828000009059906, 0.0] imu_ang_vel=[-1.1782183647155762, -0.11611736565828323, 1.8152660131454468] imu_quat_wxyz=[0.7360610961914062, 0.1936665028333664, 0.15678153932094574, -0.6293861269950867]
joint_pos=[0.0, 0.0, 0.0, -6.047999858856201, 0.828000009059906, 0.0] imu_ang_vel=[0.22477765381336212, -0.6242640018463135, -0.4420982301235199] imu_quat_wxyz=[0.7433023452758789, 0.18202455341815948, 0.15949773788452148, -0.6236417293548584]
joint_pos=[0.0, 0.0, 0.0, -6.047999858856201, 0.828000009059906, 0.0] imu_ang_vel=[0.22477765381336212, -0.6242640018463135, -0.4420982301235199] imu_quat_wxyz=[0.7433023452758789, 0.18202455341815948, 0.15949773788452148, -0.6236417293548584]
joint_pos=[0.0, 0.0, 0.0, -6.01200008392334, 0.828000009059906, 0.0] imu_ang_vel=[0.4751224219799042, -0.46766534447669983, -0.6796594262123108] imu_quat_wxyz=[0.7313361167907715, 0.18511028587818146, 0.15491996705532074, -0.6378726959228516]
joint_pos=[0.0, 0.0, 0.0, -6.01200008392334, 0.828000009059906, 0.0] imu_ang_vel=[0.4751224219799042, -0.46766534447669983, -0.6796594262123108] imu_quat_wxyz=[0.7313361167907715, 0.18511028587818146, 0.15491996705532074, -0.6378726959228516]
joint_pos=[0.0, 0.0, 0.0, -6.047999858856201, 0.7919999957084656, 0.0] imu_ang_vel=[-0.07670138031244278, -0.27378129959106445, -0.15020686388015747] imu_quat_wxyz=[0.7310541868209839, 0.1842535436153412, 0.15133103728294373, -0.6393038034439087]
joint_pos=[0.0, 0.0, 0.0, -6.156000137329102, 0.7919999957084656, 0.0] imu_ang_vel=[-0.07670138031244278, -0.27378129959106445, -0.15020686388015747] imu_quat_wxyz=[0.7310541868209839, 0.1842535436153412, 0.15133103728294373, -0.6393038034439087]
joint_pos=[0.0, 0.0, 0.0, -6.156000137329102, 0.7919999957084656, 0.0] imu_ang_vel=[-0.8543681502342224, 1.8472248315811157, 0.3430256247520447] imu_quat_wxyz=[0.7296011447906494, 0.19432847201824188, 0.1631728857755661, -0.6350536942481995]
joint_pos=[0.0, 0.0, 0.0, -6.156000137329102, 0.7559999823570251, 0.0] imu_ang_vel=[-0.8543681502342224, 1.8472248315811157, 0.3430256247520447] imu_quat_wxyz=[0.7296011447906494, 0.19432847201824188, 0.1631728857755661, -0.6350536942481995]
joint_pos=[0.0, 0.0, 0.0, -6.263999938964844, 0.7559999823570251, 0.0] imu_ang_vel=[1.3689066171646118, -0.3046749234199524, -2.305302619934082] imu_quat_wxyz=[0.7141898274421692, 0.19266092777252197, 0.1692444384098053, -0.6512840986251831]
joint_pos=[0.0, 0.0, 0.0, -6.263999938964844, 0.7559999823570251, 0.0] imu_ang_vel=[1.3689066171646118, -0.3046749234199524, -2.305302619934082] imu_quat_wxyz=[0.7141898274421692, 0.19266092777252197, 0.1692444384098053, -0.6512840986251831]
joint_pos=[0.0, 0.0, 0.0, -6.300000190734863, 0.7200000286102295, 0.0] imu_ang_vel=[-0.27910780906677246, 0.09694202244281769, 0.7233366370201111] imu_quat_wxyz=[0.6999257206916809, 0.1998145431280136, 0.15914130210876465, -0.666972279548645]
joint_pos=[0.0, 0.0, 0.0, -6.4079999923706055, 0.7200000286102295, 0.0] imu_ang_vel=[-0.27910780906677246, 0.09694202244281769, 0.7233366370201111] imu_quat_wxyz=[0.6999257206916809, 0.1998145431280136, 0.15914130210876465, -0.666972279548645]
joint_pos=[0.0, 0.0, 0.0, -6.479999542236328, 0.7200000286102295, 0.0] imu_ang_vel=[-1.6458837985992432, -0.011718266643583775, 2.6493935585021973] imu_quat_wxyz=[0.7271424531936646, 0.18926319479942322, 0.1675412356853485, -0.6382579803466797]
joint_pos=[0.0, 0.0, 0.0, -6.479999542236328, 0.6840000152587891, 0.0] imu_ang_vel=[-1.6458837985992432, -0.011718266643583775, 2.6493935585021973] imu_quat_wxyz=[0.7271424531936646, 0.18926319479942322, 0.1675412356853485, -0.6382579803466797]
joint_pos=[0.0, 0.0, 0.0, -6.552000045776367, 0.6840000152587891, 0.0] imu_ang_vel=[-0.48471009731292725, -0.3078708052635193, 0.6583535075187683] imu_quat_wxyz=[0.739352822303772, 0.17392343282699585, 0.17120473086833954, -0.6275323629379272]
joint_pos=[0.0, 0.0, 0.0, -6.624000072479248, 0.6840000152587891, 0.0] imu_ang_vel=[-0.48471009731292725, -0.3078708052635193, 0.6583535075187683] imu_quat_wxyz=[0.739352822303772, 0.17392343282699585, 0.17120473086833954, -0.6275323629379272]
joint_pos=[0.0, 0.0, 0.0, -6.624000072479248, 0.6480000019073486, 0.0] imu_ang_vel=[0.7648832201957703, -0.6849859356880188, -1.3252294063568115] imu_quat_wxyz=[0.7185347676277161, 0.17018365859985352, 0.154957577586174, -0.6563028693199158]
joint_pos=[0.0, 0.0, 0.0, -6.696000099182129, 0.6840000152587891, 0.0] imu_ang_vel=[0.7648832201957703, -0.6849859356880188, -1.3252294063568115] imu_quat_wxyz=[0.7185347676277161, 0.17018365859985352, 0.154957577586174, -0.6563028693199158]
joint_pos=[0.0, 0.0, 0.0, -6.73199987411499, 0.6840000152587891, 0.0] imu_ang_vel=[0.31745848059654236, -0.1491415649652481, -0.41759639978408813] imu_quat_wxyz=[0.6978853940963745, 0.17889359593391418, 0.14575006067752838, -0.6780191659927368]
joint_pos=[0.0, 0.0, 0.0, -6.76800012588501, 0.6480000019073486, 0.0] imu_ang_vel=[0.31745848059654236, -0.1491415649652481, -0.41759639978408813] imu_quat_wxyz=[0.6978853940963745, 0.17889359593391418, 0.14575006067752838, -0.6780191659927368]
joint_pos=[0.0, 0.0, 0.0, -6.803999900817871, 0.6480000019073486, 0.0] imu_ang_vel=[0.15553335845470428, -0.12677033245563507, 0.11505206674337387] imu_quat_wxyz=[0.6881160140037537, 0.179358571767807, 0.1380975842475891, -0.6893879771232605]
joint_pos=[0.0, 0.0, 0.0, -6.839999675750732, 0.6480000019073486, 0.0] imu_ang_vel=[0.15553335845470428, -0.12677033245563507, 0.11505206674337387] imu_quat_wxyz=[0.6881160140037537, 0.179358571767807, 0.1380975842475891, -0.6893879771232605]
joint_pos=[0.0, 0.0, 0.0, -6.839999675750732, 0.6119999885559082, 0.0] imu_ang_vel=[-0.1491415649652481, -0.10439909994602203, 0.4282493591308594] imu_quat_wxyz=[0.6828082799911499, 0.17860251665115356, 0.13640367984771729, -0.6951747536659241]
joint_pos=[0.0, 0.0, 0.0, -6.839999675750732, 0.6480000019073486, 0.0] imu_ang_vel=[-0.1491415649652481, -0.10439909994602203, 0.4282493591308594] imu_quat_wxyz=[0.6828082799911499, 0.17860251665115356, 0.13640367984771729, -0.6951747536659241]
joint_pos=[0.0, 0.0, 0.0, -6.839999675750732, 0.6480000019073486, 0.0] imu_ang_vel=[-0.08841964602470398, -0.2460835874080658, 0.33556854724884033] imu_quat_wxyz=[0.6817116737365723, 0.17579738795757294, 0.13447150588035583, -0.6973391175270081]
joint_pos=[0.0, 0.0, 0.0, -6.839999675750732, 0.6119999885559082, 0.0] imu_ang_vel=[-0.08841964602470398, -0.2460835874080658, 0.33556854724884033] imu_quat_wxyz=[0.6817116737365723, 0.17579738795757294, 0.13447150588035583, -0.6973391175270081]
joint_pos=[0.0, 0.0, 0.0, -6.839999675750732, 0.6119999885559082, 0.0] imu_ang_vel=[0.3419603109359741, -0.40800872445106506, -0.3536785840988159] imu_quat_wxyz=[0.6756841540336609, 0.17307022213935852, 0.1294184774160385, -0.7048038244247437]
joint_pos=[0.0, 0.0, 0.0, -6.839999675750732, 0.6119999885559082, 0.0] imu_ang_vel=[0.3419603109359741, -0.40800872445106506, -0.3536785840988159] imu_quat_wxyz=[0.6756841540336609, 0.17307022213935852, 0.1294184774160385, -0.7048038244247437]
joint_pos=[0.0, 0.0, 0.0, -6.839999675750732, 0.6119999885559082, 0.0] imu_ang_vel=[0.4325105547904968, -0.08841964602470398, -0.8000379800796509] imu_quat_wxyz=[0.6629694700241089, 0.1780967116355896, 0.1252811849117279, -0.716280460357666]
joint_pos=[0.0, 0.0, 0.0, -6.839999675750732, 0.6119999885559082, 0.0] imu_ang_vel=[0.4325105547904968, -0.08841964602470398, -0.8000379800796509] imu_quat_wxyz=[0.6629694700241089, 0.1780967116355896, 0.1252811849117279, -0.716280460357666]
joint_pos=[0.0, 0.0, 0.0, -6.875999927520752, 0.6119999885559082, 0.0] imu_ang_vel=[-0.287630170583725, 1.2389403581619263, 0.0] imu_quat_wxyz=[0.6576740145683289, 0.1975492388010025, 0.13801325857639313, -0.7137165665626526]
joint_pos=[0.0, 0.0, 0.0, -6.9120001792907715, 0.6119999885559082, 0.0] imu_ang_vel=[-0.287630170583725, 1.2389403581619263, 0.0] imu_quat_wxyz=[0.6576740145683289, 0.1975492388010025, 0.13801325857639313, -0.7137165665626526]
joint_pos=[0.0, 0.0, 0.0, -6.948000431060791, 0.6119999885559082, 0.0] imu_ang_vel=[1.4711750745773315, -0.6615493893623352, -2.3404574394226074] imu_quat_wxyz=[0.6446710228919983, 0.19820456206798553, 0.1361745297908783, -0.7256519198417664]
joint_pos=[0.0, 0.0, 0.0, -6.948000431060791, 0.6119999885559082, 0.0] imu_ang_vel=[1.4711750745773315, -0.6615493893623352, -2.3404574394226074] imu_quat_wxyz=[0.6446710228919983, 0.19820456206798553, 0.1361745297908783, -0.7256519198417664]
joint_pos=[0.0, 0.0, 0.0, -6.948000431060791, 0.6119999885559082, 0.0] imu_ang_vel=[-1.0716887712478638, 0.8032338619232178, 1.3678412437438965] imu_quat_wxyz=[0.6503589749336243, 0.20810315012931824, 0.1420300304889679, -0.7166265845298767]
joint_pos=[0.0, 0.0, 0.0, -6.984000205993652, 0.6480000019073486, 0.0] imu_ang_vel=[-1.0716887712478638, 0.8032338619232178, 1.3678412437438965] imu_quat_wxyz=[0.6503589749336243, 0.20810315012931824, 0.1420300304889679, -0.7166265845298767]
joint_pos=[0.0, 0.0, 0.0, -6.984000205993652, 0.6840000152587891, 0.0] imu_ang_vel=[-1.4285632371902466, -0.24395300447940826, 2.157226324081421] imu_quat_wxyz=[0.6856325268745422, 0.19398486614227295, 0.15708845853805542, -0.6838136315345764]
joint_pos=[0.0, 0.0, 0.0, -6.984000205993652, 0.6840000152587891, 0.0] imu_ang_vel=[-1.4285632371902466, -0.24395300447940826, 2.157226324081421] imu_quat_wxyz=[0.6856325268745422, 0.19398486614227295, 0.15708845853805542, -0.6838136315345764]
joint_pos=[0.0, 0.0, 0.0, -6.984000205993652, 0.7559999823570251, 0.0] imu_ang_vel=[0.07350549101829529, -1.0929946899414062, -0.2929566502571106] imu_quat_wxyz=[0.6962865591049194, 0.17807871103286743, 0.1585456281900406, -0.6770053505897522]
joint_pos=[0.0, 0.0, 0.0, -6.984000205993652, 0.7559999823570251, 0.0] imu_ang_vel=[0.07350549101829529, -1.0929946899414062, -0.2929566502571106] imu_quat_wxyz=[0.6962865591049194, 0.17807871103286743, 0.1585456281900406, -0.6770053505897522]
joint_pos=[0.0, 0.0, 0.0, -6.984000205993652, 0.7919999957084656, 0.0] imu_ang_vel=[0.3685927391052246, -0.6477005481719971, -0.2460835874080658] imu_quat_wxyz=[0.6872743964195251, 0.18346011638641357, 0.14982688426971436, -0.6866936087608337]
joint_pos=[0.0, 0.0, 0.0, -6.984000205993652, 0.7919999957084656, 0.0] imu_ang_vel=[0.3685927391052246, -0.6477005481719971, -0.2460835874080658] imu_quat_wxyz=[0.6872743964195251, 0.18346011638641357, 0.14982688426971436, -0.6866936087608337]
joint_pos=[0.0, 0.0, 0.0, -6.984000205993652, 0.7919999957084656, 0.0] imu_ang_vel=[0.5102772116661072, 0.2578018605709076, -0.8160174489021301] imu_quat_wxyz=[0.6870724558830261, 0.1900746077299118, 0.15428143739700317, -0.6841055154800415]
joint_pos=[0.0, 0.0, 0.0, -6.984000205993652, 0.7919999957084656, 0.0] imu_ang_vel=[0.5102772116661072, 0.2578018605709076, -0.8160174489021301] imu_quat_wxyz=[0.6870724558830261, 0.1900746077299118, 0.15428143739700317, -0.6841055154800415]
joint_pos=[0.0, 0.0, 0.0, -6.984000205993652, 0.828000009059906, 0.0] imu_ang_vel=[0.948114275932312, 0.8117562532424927, -1.7545440196990967] imu_quat_wxyz=[0.6682007312774658, 0.20486830174922943, 0.1573152244091034, -0.6977024674415588]
joint_pos=[0.0, 0.0, 0.0, -6.9120001792907715, 0.828000009059906, 0.0] imu_ang_vel=[0.948114275932312, 0.8117562532424927, -1.7545440196990967] imu_quat_wxyz=[0.6682007312774658, 0.20486830174922943, 0.1573152244091034, -0.6977024674415588]
joint_pos=[0.0, 0.0, 0.0, -6.948000431060791, 0.828000009059906, 0.0] imu_ang_vel=[1.949493408203125, -1.0045750141143799, -3.0147902965545654] imu_quat_wxyz=[0.647059440612793, 0.20540660619735718, 0.14955128729343414, -0.7188578248023987]
joint_pos=[0.0, 0.0, 0.0, -6.948000431060791, 0.828000009059906, 0.0] imu_ang_vel=[1.949493408203125, -1.0045750141143799, -3.0147902965545654] imu_quat_wxyz=[0.647059440612793, 0.20540660619735718, 0.14955128729343414, -0.7188578248023987]
joint_pos=[0.0, 0.0, 0.0, -6.9120001792907715, 0.828000009059906, 0.0] imu_ang_vel=[-0.6349169611930847, 0.33556854724884033, 0.6924430131912231] imu_quat_wxyz=[0.6540017127990723, 0.20732849836349487, 0.14428187906742096, -0.7130772471427917]
joint_pos=[0.0, 0.0, 0.0, -6.9120001792907715, 0.7919999957084656, 0.0] imu_ang_vel=[-0.6349169611930847, 0.33556854724884033, 0.6924430131912231] imu_quat_wxyz=[0.6540017127990723, 0.20732849836349487, 0.14428187906742096, -0.7130772471427917]
joint_pos=[0.0, 0.0, 0.0, -6.9120001792907715, 0.828000009059906, 0.0] imu_ang_vel=[-1.3784942626953125, 0.0585913322865963, 2.50770902633667] imu_quat_wxyz=[0.7020267248153687, 0.19511999189853668, 0.15742582082748413, -0.6665611267089844]
joint_pos=[0.0, 0.0, 0.0, -6.9120001792907715, 0.828000009059906, 0.0] imu_ang_vel=[-1.3784942626953125, 0.0585913322865963, 2.50770902633667] imu_quat_wxyz=[0.7020267248153687, 0.19511999189853668, 0.15742582082748413, -0.6665611267089844]
joint_pos=[0.0, 0.0, 0.0, -6.9120001792907715, 0.7919999957084656, 0.0] imu_ang_vel=[-0.6178722381591797, 0.012783562764525414, 1.0120320320129395] imu_quat_wxyz=[0.7402984499931335, 0.18633677065372467, 0.17559532821178436, -0.6216132044792175]
joint_pos=[0.0, 0.0, 0.0, -6.9120001792907715, 0.7919999957084656, 0.0] imu_ang_vel=[-0.6178722381591797, 0.012783562764525414, 1.0120320320129395] imu_quat_wxyz=[0.7402984499931335, 0.18633677065372467, 0.17559532821178436, -0.6216132044792175]
joint_pos=[0.0, 0.0, 0.0, -6.9120001792907715, 0.7919999957084656, 0.0] imu_ang_vel=[0.3366338312625885, -0.09907261282205582, -0.5901744961738586] imu_quat_wxyz=[0.7544595003128052, 0.18703939020633698, 0.18536245822906494, -0.6012054085731506]
joint_pos=[0.0, 0.0, 0.0, -6.9120001792907715, 0.7919999957084656, 0.0] imu_ang_vel=[0.3366338312625885, -0.09907261282205582, -0.5901744961738586] imu_quat_wxyz=[0.7544595003128052, 0.18703939020633698, 0.18536245822906494, -0.6012054085731506]
joint_pos=[0.0, 0.0, 0.0, -6.9120001792907715, 0.7919999957084656, 0.0] imu_ang_vel=[0.6168069243431091, -0.21199409663677216, -0.9118942022323608] imu_quat_wxyz=[0.7576043605804443, 0.19359837472438812, 0.19143441319465637, -0.5932183265686035]
joint_pos=[0.0, 0.0, 0.0, -6.875999927520752, 0.7919999957084656, 0.0] imu_ang_vel=[0.6168069243431091, -0.21199409663677216, -0.9118942022323608] imu_quat_wxyz=[0.7576043605804443, 0.19359837472438812, 0.19143441319465637, -0.5932183265686035]
joint_pos=[0.0, 0.0, 0.0, -6.875999927520752, 0.7919999957084656, 0.0] imu_ang_vel=[0.544366717338562, -0.16299043595790863, -0.6722023487091064] imu_quat_wxyz=[0.7629224061965942, 0.19886460900306702, 0.19094526767730713, -0.5847582221031189]
joint_pos=[0.0, 0.0, 0.0, -6.875999927520752, 0.7919999957084656, 0.0] imu_ang_vel=[0.544366717338562, -0.16299043595790863, -0.6722023487091064] imu_quat_wxyz=[0.7629224061965942, 0.19886460900306702, 0.19094526767730713, -0.5847582221031189]
joint_pos=[0.0, 0.0, 0.0, -6.73199987411499, 0.7919999957084656, 0.0] imu_ang_vel=[-0.4442288279533386, -0.20347172021865845, 0.6381128430366516] imu_quat_wxyz=[0.7778420448303223, 0.1965935230255127, 0.19031433761119843, -0.5657677054405212]
joint_pos=[0.0, 0.0, 0.0, -6.73199987411499, 0.7919999957084656, 0.0] imu_ang_vel=[-0.4442288279533386, -0.20347172021865845, 0.6381128430366516] imu_quat_wxyz=[0.7778420448303223, 0.1965935230255127, 0.19031433761119843, -0.5657677054405212]
joint_pos=[0.0, 0.0, 0.0, -6.73199987411499, 0.7919999957084656, 0.0] imu_ang_vel=[-0.28017309308052063, -0.2865648865699768, 0.6263945698738098] imu_quat_wxyz=[0.8018566370010376, 0.18849338591098785, 0.19186554849147797, -0.5335575938224792]
joint_pos=[0.0, 0.0, 0.0, -6.624000072479248, 0.7919999957084656, 0.0] imu_ang_vel=[-0.28017309308052063, -0.2865648865699768, 0.6263945698738098] imu_quat_wxyz=[0.8018566370010376, 0.18849338591098785, 0.19186554849147797, -0.5335575938224792]
joint_pos=[0.0, 0.0, 0.0, -6.588000297546387, 0.7919999957084656, 0.0] imu_ang_vel=[0.18323107063770294, -0.1672516167163849, 0.10333380103111267] imu_quat_wxyz=[0.8137645721435547, 0.188882976770401, 0.18782281875610352, -0.5165588855743408]
joint_pos=[0.0, 0.0, 0.0, -6.588000297546387, 0.7919999957084656, 0.0] imu_ang_vel=[0.18323107063770294, -0.1672516167163849, 0.10333380103111267] imu_quat_wxyz=[0.8137645721435547, 0.188882976770401, 0.18782281875610352, -0.5165588855743408]
joint_pos=[0.0, 0.0, 0.0, -6.552000045776367, 0.7919999957084656, 0.0] imu_ang_vel=[-0.10972558706998825, -0.16618631780147552, 0.6008274555206299] imu_quat_wxyz=[0.8236128091812134, 0.18795321881771088, 0.17749419808387756, -0.5048081874847412]
joint_pos=[0.0, 0.0, 0.0, -6.479999542236328, 0.7919999957084656, 0.0] imu_ang_vel=[-0.10972558706998825, -0.16618631780147552, 0.6008274555206299] imu_quat_wxyz=[0.8236128091812134, 0.18795321881771088, 0.17749419808387756, -0.5048081874847412]
joint_pos=[0.0, 0.0, 0.0, -6.552000045776367, 0.7919999957084656, 0.0] imu_ang_vel=[-0.7979074120521545, -0.017044750973582268, 1.1345412731170654] imu_quat_wxyz=[0.8371139764785767, 0.17427876591682434, 0.17359641194343567, -0.48860132694244385]
joint_pos=[0.0, 0.0, 0.0, -6.516000270843506, 0.7919999957084656, 0.0] imu_ang_vel=[-0.7979074120521545, -0.017044750973582268, 1.1345412731170654] imu_quat_wxyz=[0.8371139764785767, 0.17427876591682434, 0.17359641194343567, -0.48860132694244385]
joint_pos=[0.0, 0.0, 0.0, -6.4079999923706055, 0.7919999957084656, 0.0] imu_ang_vel=[-0.30041372776031494, 0.4602082669734955, 0.602958083152771] imu_quat_wxyz=[0.8445019721984863, 0.1616213470697403, 0.18217530846595764, -0.4769769012928009]
joint_pos=[0.0, 0.0, 0.0, -6.588000297546387, 0.7919999957084656, 0.0] imu_ang_vel=[-0.30041372776031494, 0.4602082669734955, 0.602958083152771] imu_quat_wxyz=[0.8445019721984863, 0.1616213470697403, 0.18217530846595764, -0.4769769012928009]
joint_pos=[0.0, 0.0, 0.0, -6.552000045776367, 0.7919999957084656, 0.0] imu_ang_vel=[-0.37391921877861023, 0.23649592697620392, 0.7638179063796997] imu_quat_wxyz=[0.8500963449478149, 0.15359340608119965, 0.1774408370256424, -0.4714447259902954]
joint_pos=[0.0, 0.0, 0.0, -6.443999767303467, 0.7919999957084656, 0.0] imu_ang_vel=[-0.37391921877861023, 0.23649592697620392, 0.7638179063796997] imu_quat_wxyz=[0.8500963449478149, 0.15359340608119965, 0.1774408370256424, -0.4714447259902954]
joint_pos=[0.0, 0.0, 0.0, -6.588000297546387, 0.7919999957084656, 0.0] imu_ang_vel=[-0.09694202244281769, -0.5358443856239319, 0.8884576559066772] imu_quat_wxyz=[0.8565130233764648, 0.14380048215389252, 0.17951899766921997, -0.46203866600990295]
joint_pos=[0.0, 0.0, 0.0, -6.479999542236328, 0.7919999957084656, 0.0] imu_ang_vel=[-0.09694202244281769, -0.5358443856239319, 0.8884576559066772] imu_quat_wxyz=[0.8565130233764648, 0.14380048215389252, 0.17951899766921997, -0.46203866600990295]
joint_pos=[0.0, 0.0, 0.0, -6.443999767303467, 0.7919999957084656, 0.0] imu_ang_vel=[-0.1960146427154541, 0.10226850211620331, 0.31426259875297546] imu_quat_wxyz=[0.8607075810432434, 0.1353701949119568, 0.17818015813827515, -0.45728445053100586]
joint_pos=[0.0, 0.0, 0.0, -6.516000270843506, 0.7919999957084656, 0.0] imu_ang_vel=[-0.1960146427154541, 0.10226850211620331, 0.31426259875297546] imu_quat_wxyz=[0.8607075810432434, 0.1353701949119568, 0.17818015813827515, -0.45728445053100586]
joint_pos=[0.0, 0.0, 0.0, -6.335999965667725, 0.7919999957084656, 0.0] imu_ang_vel=[0.474057137966156, -0.5187996029853821, 0.054330144077539444] imu_quat_wxyz=[0.859271764755249, 0.1356004774570465, 0.17122159898281097, -0.4625447392463684]
joint_pos=[0.0, 0.0, 0.0, -6.335999965667725, 0.7919999957084656, 0.0] imu_ang_vel=[0.474057137966156, -0.5187996029853821, 0.054330144077539444] imu_quat_wxyz=[0.859271764755249, 0.1356004774570465, 0.17122159898281097, -0.4625447392463684]
joint_pos=[0.0, 0.0, 0.0, -6.371999740600586, 0.7919999957084656, 0.0] imu_ang_vel=[0.965158998966217, -0.5251913666725159, -0.9683549404144287] imu_quat_wxyz=[0.8519214987754822, 0.13835224509239197, 0.1527988165616989, -0.48139461874961853]
joint_pos=[0.0, 0.0, 0.0, -6.192000389099121, 0.7919999957084656, 0.0] imu_ang_vel=[0.965158998966217, -0.5251913666725159, -0.9683549404144287] imu_quat_wxyz=[0.8519214987754822, 0.13835224509239197, 0.1527988165616989, -0.48139461874961853]
joint_pos=[0.0, 0.0, 0.0, -6.192000389099121, 0.7919999957084656, 0.0] imu_ang_vel=[-0.07244019210338593, -0.12037855386734009, 0.27378129959106445] imu_quat_wxyz=[0.8505237102508545, 0.14428433775901794, 0.13703982532024384, -0.48683834075927734]
joint_pos=[0.0, 0.0, 0.0, -6.192000389099121, 0.7919999957084656, 0.0] imu_ang_vel=[-0.07244019210338593, -0.12037855386734009, 0.27378129959106445] imu_quat_wxyz=[0.8505237102508545, 0.14428433775901794, 0.13703982532024384, -0.48683834075927734]
joint_pos=[0.0, 0.0, 0.0, -6.047999858856201, 0.7919999957084656, 0.0] imu_ang_vel=[-0.2194511741399765, 0.02982831373810768, 0.620002806186676] imu_quat_wxyz=[0.8575066924095154, 0.14208702743053436, 0.129192516207695, -0.4772869646549225]
joint_pos=[0.0, 0.0, 0.0, -6.047999858856201, 0.7919999957084656, 0.0] imu_ang_vel=[-0.2194511741399765, 0.02982831373810768, 0.620002806186676] imu_quat_wxyz=[0.8575066924095154, 0.14208702743053436, 0.129192516207695, -0.4772869646549225]
joint_pos=[0.0, 0.0, 0.0, -6.047999858856201, 0.7919999957084656, 0.0] imu_ang_vel=[0.18855755031108856, 0.0, 0.29721784591674805] imu_quat_wxyz=[0.861217200756073, 0.1414712518453598, 0.12455384433269501, -0.47199273109436035]
joint_pos=[0.0, 0.0, 0.0, -5.9039998054504395, 0.7919999957084656, 0.0] imu_ang_vel=[0.18855755031108856, 0.0, 0.29721784591674805] imu_quat_wxyz=[0.861217200756073, 0.1414712518453598, 0.12455384433269501, -0.47199273109436035]
joint_pos=[0.0, 0.0, 0.0, -5.9039998054504395, 0.7919999957084656, 0.0] imu_ang_vel=[-0.3068055212497711, -0.1171826645731926, 0.7755361795425415] imu_quat_wxyz=[0.864446759223938, 0.14097324013710022, 0.12495600432157516, -0.4660947918891907]
joint_pos=[0.0, 0.0, 0.0, -5.9039998054504395, 0.7919999957084656, 0.0] imu_ang_vel=[-0.3068055212497711, -0.1171826645731926, 0.7755361795425415] imu_quat_wxyz=[0.864446759223938, 0.14097324013710022, 0.12495600432157516, -0.4660947918891907]
joint_pos=[0.0, 0.0, 0.0, -5.760000228881836, 0.7919999957084656, 0.0] imu_ang_vel=[-0.4016169309616089, -0.11505206674337387, 1.015228033065796] imu_quat_wxyz=[0.8720239400863647, 0.13468356430530548, 0.1277931183576584, -0.4528835713863373]
joint_pos=[0.0, 0.0, 0.0, -5.760000228881836, 0.7919999957084656, 0.0] imu_ang_vel=[-0.4016169309616089, -0.11505206674337387, 1.015228033065796] imu_quat_wxyz=[0.8720239400863647, 0.13468356430530548, 0.1277931183576584, -0.4528835713863373]
joint_pos=[0.0, 0.0, 0.0, -5.760000228881836, 0.7919999957084656, 0.0] imu_ang_vel=[-0.16512101888656616, -0.192818745970726, 0.771274983882904] imu_quat_wxyz=[0.8776554465293884, 0.12631146609783173, 0.12890492379665375, -0.44401565194129944]
joint_pos=[0.0, 0.0, 0.0, -5.615999698638916, 0.7919999957084656, 0.0] imu_ang_vel=[-0.16512101888656616, -0.192818745970726, 0.771274983882904] imu_quat_wxyz=[0.8776554465293884, 0.12631146609783173, 0.12890492379665375, -0.44401565194129944]
joint_pos=[0.0, 0.0, 0.0, -5.615999698638916, 0.7919999957084656, 0.0] imu_ang_vel=[0.2897607684135437, -0.27697721123695374, -0.15020686388015747] imu_quat_wxyz=[0.8741855621337891, 0.11976984888315201, 0.1224665492773056, -0.45437514781951904]
joint_pos=[0.0, 0.0, 0.0, -5.615999698638916, 0.7919999957084656, 0.0] imu_ang_vel=[0.2897607684135437, -0.27697721123695374, -0.15020686388015747] imu_quat_wxyz=[0.8741855621337891, 0.11976984888315201, 0.1224665492773056, -0.45437514781951904]
joint_pos=[0.0, 0.0, 0.0, -5.4720001220703125, 0.7919999957084656, 0.0] imu_ang_vel=[0.5358443856239319, -0.21732057631015778, -0.667941153049469] imu_quat_wxyz=[0.8632494807243347, 0.11955071985721588, 0.10816321521997452, -0.4783395230770111]
joint_pos=[0.0, 0.0, 0.0, -5.4720001220703125, 0.7919999957084656, 0.0] imu_ang_vel=[0.5358443856239319, -0.21732057631015778, -0.667941153049469] imu_quat_wxyz=[0.8632494807243347, 0.11955071985721588, 0.10816321521997452, -0.4783395230770111]
joint_pos=[0.0, 0.0, 0.0, -5.4720001220703125, 0.7919999957084656, 0.0] imu_ang_vel=[0.5986968874931335, -0.2631283402442932, -0.4751224219799042] imu_quat_wxyz=[0.8514853119850159, 0.1225103884935379, 0.09255759418010712, -0.501395046710968]
joint_pos=[0.0, 0.0, 0.0, -5.328000068664551, 0.7919999957084656, 0.0] imu_ang_vel=[0.5986968874931335, -0.2631283402442932, -0.4751224219799042] imu_quat_wxyz=[0.8514853119850159, 0.1225103884935379, 0.09255759418010712, -0.501395046710968]
joint_pos=[0.0, 0.0, 0.0, -5.328000068664551, 0.7919999957084656, 0.0] imu_ang_vel=[0.4420982301235199, -0.06498311460018158, -0.32917675375938416] imu_quat_wxyz=[0.8399406671524048, 0.1272304505109787, 0.08017617464065552, -0.5214248299598694]
joint_pos=[0.0, 0.0, 0.0, -5.363999843597412, 0.7919999957084656, 0.0] imu_ang_vel=[0.4420982301235199, -0.06498311460018158, -0.32917675375938416] imu_quat_wxyz=[0.8399406671524048, 0.1272304505109787, 0.08017617464065552, -0.5214248299598694]
joint_pos=[0.0, 0.0, 0.0, -5.184000015258789, 0.7919999957084656, 0.0] imu_ang_vel=[0.18962284922599792, 0.0, -0.13848860561847687] imu_quat_wxyz=[0.8311233520507812, 0.12908735871315002, 0.07233649492263794, -0.5360390543937683]
joint_pos=[0.0, 0.0, 0.0, -5.21999979019165, 0.7919999957084656, 0.0] imu_ang_vel=[0.18962284922599792, 0.0, -0.13848860561847687] imu_quat_wxyz=[0.8311233520507812, 0.12908735871315002, 0.07233649492263794, -0.5360390543937683]
joint_pos=[0.0, 0.0, 0.0, -5.25600004196167, 0.7919999957084656, 0.0] imu_ang_vel=[0.0, 0.0, 0.03302420675754547] imu_quat_wxyz=[0.8251500129699707, 0.12842966616153717, 0.06907284259796143, -0.5457675457000732]
joint_pos=[0.0, 0.0, 0.0, -5.111999988555908, 0.7919999957084656, 0.0] imu_ang_vel=[0.0, 0.0, 0.03302420675754547] imu_quat_wxyz=[0.8251500129699707, 0.12842966616153717, 0.06907284259796143, -0.5457675457000732]
joint_pos=[0.0, 0.0, 0.0, -5.111999988555908, 0.7919999957084656, 0.0] imu_ang_vel=[0.0, -0.013848859816789627, -0.03195890784263611] imu_quat_wxyz=[0.8191089034080505, 0.12783141434192657, 0.07034829258918762, -0.5547710061073303]
joint_pos=[0.0, 0.0, 0.0, -5.111999988555908, 0.7919999957084656, 0.0] imu_ang_vel=[0.0, -0.013848859816789627, -0.03195890784263611] imu_quat_wxyz=[0.8191089034080505, 0.12783141434192657, 0.07034829258918762, -0.5547710061073303]
joint_pos=[0.0, 0.0, 0.0, -5.003999710083008, 0.7919999957084656, 0.0] imu_ang_vel=[-0.05646073818206787, 0.06711370497941971, -0.03728539124131203] imu_quat_wxyz=[0.8130226731300354, 0.12871256470680237, 0.07321810722351074, -0.5630864500999451]
joint_pos=[0.0, 0.0, 0.0, -5.003999710083008, 0.7919999957084656, 0.0] imu_ang_vel=[-0.05646073818206787, 0.06711370497941971, -0.03728539124131203] imu_quat_wxyz=[0.8130226731300354, 0.12871256470680237, 0.07321810722351074, -0.5630864500999451]
joint_pos=[0.0, 0.0, 0.0, -5.003999710083008, 0.7919999957084656, 0.0] imu_ang_vel=[-0.11611736565828323, 0.057526033371686935, 0.20027582347393036] imu_quat_wxyz=[0.8092822432518005, 0.13018952310085297, 0.07605539262294769, -0.5677397847175598]
joint_pos=[0.0, 0.0, 0.0, -4.860000133514404, 0.7919999957084656, 0.0] imu_ang_vel=[-0.11611736565828323, 0.057526033371686935, 0.20027582347393036] imu_quat_wxyz=[0.8092822432518005, 0.13018952310085297, 0.07605539262294769, -0.5677397847175598]
joint_pos=[0.0, 0.0, 0.0, -4.860000133514404, 0.7919999957084656, 0.0] imu_ang_vel=[-0.017044750973582268, 0.0, 0.06817900389432907] imu_quat_wxyz=[0.8060236573219299, 0.1313277930021286, 0.08008759468793869, -0.5715459585189819]
joint_pos=[0.0, 0.0, 0.0, -4.860000133514404, 0.7919999957084656, 0.0] imu_ang_vel=[-0.017044750973582268, 0.0, 0.06817900389432907] imu_quat_wxyz=[0.8060236573219299, 0.1313277930021286, 0.08008759468793869, -0.5715459585189819]
joint_pos=[0.0, 0.0, 0.0, -4.751999855041504, 0.7919999957084656, 0.0] imu_ang_vel=[0.09587672352790833, 0.15872924029827118, -0.4484900236129761] imu_quat_wxyz=[0.7974655628204346, 0.13490837812423706, 0.08247373253107071, -0.5822770595550537]
joint_pos=[0.0, 0.0, 0.0, -4.716000080108643, 0.7919999957084656, 0.0] imu_ang_vel=[0.09587672352790833, 0.15872924029827118, -0.4484900236129761] imu_quat_wxyz=[0.7974655628204346, 0.13490837812423706, 0.08247373253107071, -0.5822770595550537]
joint_pos=[0.0, 0.0, 0.0, -4.751999855041504, 0.7919999957084656, 0.0] imu_ang_vel=[0.034089501947164536, 0.09587672352790833, -0.3249155580997467] imu_quat_wxyz=[0.7879446148872375, 0.13981583714485168, 0.08205614984035492, -0.5940214395523071]
joint_pos=[0.0, 0.0, 0.0, -4.644000053405762, 0.7919999957084656, 0.0] imu_ang_vel=[0.034089501947164536, 0.09587672352790833, -0.3249155580997467] imu_quat_wxyz=[0.7879446148872375, 0.13981583714485168, 0.08205614984035492, -0.5940214395523071]
joint_pos=[0.0, 0.0, 0.0, -4.644000053405762, 0.7919999957084656, 0.0] imu_ang_vel=[-0.27058541774749756, 0.08735434710979462, 0.11292147636413574] imu_quat_wxyz=[0.783104658126831, 0.14057382941246033, 0.08571502566337585, -0.5996990203857422]
joint_pos=[0.0, 0.0, 0.0, -4.644000053405762, 0.7919999957084656, 0.0] imu_ang_vel=[-0.27058541774749756, 0.08735434710979462, 0.11292147636413574] imu_quat_wxyz=[0.783104658126831, 0.14057382941246033, 0.08571502566337585, -0.5996990203857422]
joint_pos=[0.0, 0.0, 0.0, -4.572000026702881, 0.7919999957084656, 0.0] imu_ang_vel=[-0.2396918088197708, 0.2077329009771347, -0.02663242258131504] imu_quat_wxyz=[0.7799270749092102, 0.14129064977169037, 0.09169937670230865, -0.6027783751487732]
joint_pos=[0.0, 0.0, 0.0, -4.535999774932861, 0.7919999957084656, 0.0] imu_ang_vel=[-0.2396918088197708, 0.2077329009771347, -0.02663242258131504] imu_quat_wxyz=[0.7799270749092102, 0.14129064977169037, 0.09169937670230865, -0.6027783751487732]
joint_pos=[0.0, 0.0, 0.0, -4.535999774932861, 0.7919999957084656, 0.0] imu_ang_vel=[0.12677033245563507, 0.09268083423376083, -0.4474247097969055] imu_quat_wxyz=[0.7722632884979248, 0.14463205635547638, 0.0946120172739029, -0.6113424301147461]
joint_pos=[0.0, 0.0, 0.0, -4.5, 0.7919999957084656, 0.0] imu_ang_vel=[0.12677033245563507, 0.09268083423376083, -0.4474247097969055] imu_quat_wxyz=[0.7722632884979248, 0.14463205635547638, 0.0946120172739029, -0.6113424301147461]
joint_pos=[0.0, 0.0, 0.0, -4.427999973297119, 0.7919999957084656, 0.0] imu_ang_vel=[-0.07563608139753342, 0.1491415649652481, -0.5390402674674988] imu_quat_wxyz=[0.7613992691040039, 0.1496850997209549, 0.09668686240911484, -0.623311460018158]
joint_pos=[0.0, 0.0, 0.0, -4.427999973297119, 0.7919999957084656, 0.0] imu_ang_vel=[-0.07563608139753342, 0.1491415649652481, -0.5390402674674988] imu_quat_wxyz=[0.7613992691040039, 0.1496850997209549, 0.09668686240911484, -0.623311460018158]
joint_pos=[0.0, 0.0, 0.0, -4.427999973297119, 0.7919999957084656, 0.0] imu_ang_vel=[0.5028201341629028, -0.02024064213037491, -0.7915156483650208] imu_quat_wxyz=[0.7519844174385071, 0.15386450290679932, 0.09679938852787018, -0.63362056016922]
joint_pos=[0.0, 0.0, 0.0, -4.320000171661377, 0.7919999957084656, 0.0] imu_ang_vel=[0.5028201341629028, -0.02024064213037491, -0.7915156483650208] imu_quat_wxyz=[0.7519844174385071, 0.15386450290679932, 0.09679938852787018, -0.63362056016922]
joint_pos=[0.0, 0.0, 0.0, -4.320000171661377, 0.7919999957084656, 0.0] imu_ang_vel=[0.3398297131061554, 0.07670138031244278, -0.9822037816047668] imu_quat_wxyz=[0.7328623533248901, 0.16310682892799377, 0.09515662491321564, -0.6536467671394348]
joint_pos=[0.0, 0.0, 0.0, -4.320000171661377, 0.7919999957084656, 0.0] imu_ang_vel=[0.3398297131061554, 0.07670138031244278, -0.9822037816047668] imu_quat_wxyz=[0.7328623533248901, 0.16310682892799377, 0.09515662491321564, -0.6536467671394348]
joint_pos=[0.0, 0.0, 0.0, -4.211999893188477, 0.7919999957084656, 0.0] imu_ang_vel=[0.030893610790371895, 0.057526033371686935, -0.5124078392982483] imu_quat_wxyz=[0.7209125757217407, 0.16805391013622284, 0.09453134983778, -0.6656627058982849]
joint_pos=[0.0, 0.0, 0.0, -4.248000144958496, 0.7919999957084656, 0.0] imu_ang_vel=[0.030893610790371895, 0.057526033371686935, -0.5124078392982483] imu_quat_wxyz=[0.7209125757217407, 0.16805391013622284, 0.09453134983778, -0.6656627058982849]
joint_pos=[0.0, 0.0, 0.0, -4.248000144958496, 0.7919999957084656, 0.0] imu_ang_vel=[0.2609977424144745, 0.042611878365278244, -0.743577241897583] imu_quat_wxyz=[0.7096331715583801, 0.17262841761112213, 0.09486493468284607, -0.676476776599884]
joint_pos=[0.0, 0.0, 0.0, -4.176000118255615, 0.7919999957084656, 0.0] imu_ang_vel=[0.2609977424144745, 0.042611878365278244, -0.743577241897583] imu_quat_wxyz=[0.7096331715583801, 0.17262841761112213, 0.09486493468284607, -0.676476776599884]
joint_pos=[0.0, 0.0, 0.0, -4.176000118255615, 0.7919999957084656, 0.0] imu_ang_vel=[-0.3419603109359741, -0.5187996029853821, -1.4285632371902466] imu_quat_wxyz=[0.6893956065177917, 0.17447608709335327, 0.10143925994634628, -0.695702314376831]
joint_pos=[0.0, 0.0, 0.0, -4.176000118255615, 0.7919999957084656, 0.0] imu_ang_vel=[-0.3419603109359741, -0.5187996029853821, -1.4285632371902466] imu_quat_wxyz=[0.6893956065177917, 0.17447608709335327, 0.10143925994634628, -0.695702314376831]
joint_pos=[0.0, 0.0, 0.0, -4.139999866485596, 0.7919999957084656, 0.0] imu_ang_vel=[-0.29082605242729187, -0.02343653328716755, -0.23223473131656647] imu_quat_wxyz=[0.6800384521484375, 0.17881187796592712, 0.10056331753730774, -0.7038898468017578]
joint_pos=[0.0, 0.0, 0.0, -4.104000091552734, 0.7919999957084656, 0.0] imu_ang_vel=[-0.29082605242729187, -0.02343653328716755, -0.23223473131656647] imu_quat_wxyz=[0.6800384521484375, 0.17881187796592712, 0.10056331753730774, -0.7038898468017578]
joint_pos=[0.0, 0.0, 0.0, -4.104000091552734, 0.7919999957084656, 0.0] imu_ang_vel=[-2.0592188835144043, 0.42079228162765503, 1.1654348373413086] imu_quat_wxyz=[0.6909141540527344, 0.17657551169395447, 0.12441721558570862, -0.6899123191833496]
joint_pos=[0.0, 0.0, 0.0, -4.068000316619873, 0.7919999957084656, 0.0] imu_ang_vel=[-2.0592188835144043, 0.42079228162765503, 1.1654348373413086] imu_quat_wxyz=[0.6909141540527344, 0.17657551169395447, 0.12441721558570862, -0.6899123191833496]
joint_pos=[0.0, 0.0, 0.0, -4.0320000648498535, 0.7919999957084656, 0.0] imu_ang_vel=[-1.335882306098938, 0.7925809025764465, 1.6394920349121094] imu_quat_wxyz=[0.7181810140609741, 0.16663943231105804, 0.14808389544487, -0.6591800451278687]
joint_pos=[0.0, 0.0, 0.0, -4.0320000648498535, 0.7919999957084656, 0.0] imu_ang_vel=[-1.335882306098938, 0.7925809025764465, 1.6394920349121094] imu_quat_wxyz=[0.7181810140609741, 0.16663943231105804, 0.14808389544487, -0.6591800451278687]
joint_pos=[0.0, 0.0, 0.0, -3.995999813079834, 0.7919999957084656, 0.0] imu_ang_vel=[-0.5901744961738586, 0.3835068941116333, -0.07563608139753342] imu_quat_wxyz=[0.7251089215278625, 0.16208326816558838, 0.16886006295681, -0.6476358771324158]
joint_pos=[0.0, 0.0, 0.0, -3.995999813079834, 0.7919999957084656, 0.0] imu_ang_vel=[-0.5901744961738586, 0.3835068941116333, -0.07563608139753342] imu_quat_wxyz=[0.7251089215278625, 0.16208326816558838, 0.16886006295681, -0.6476358771324158]
joint_pos=[0.0, 0.0, 0.0, -3.9600000381469727, 0.7919999957084656, 0.0] imu_ang_vel=[-0.042611878365278244, -0.01491415686905384, -0.14488038420677185] imu_quat_wxyz=[0.7266544103622437, 0.16268855333328247, 0.1738874912261963, -0.6444134712219238]
joint_pos=[0.0, 0.0, 0.0, -3.9240000247955322, 0.7919999957084656, 0.0] imu_ang_vel=[-0.042611878365278244, -0.01491415686905384, -0.14488038420677185] imu_quat_wxyz=[0.7266544103622437, 0.16268855333328247, 0.1738874912261963, -0.6444134712219238]
joint_pos=[0.0, 0.0, 0.0, -3.9240000247955322, 0.7919999957084656, 0.0] imu_ang_vel=[0.03622009605169296, -0.049003660678863525, -0.22371235489845276] imu_quat_wxyz=[0.7285524606704712, 0.16586047410964966, 0.17854122817516327, -0.640175461769104]
joint_pos=[0.0, 0.0, 0.0, -3.888000011444092, 0.7919999957084656, 0.0] imu_ang_vel=[0.03622009605169296, -0.049003660678863525, -0.22371235489845276] imu_quat_wxyz=[0.7285524606704712, 0.16586047410964966, 0.17854122817516327, -0.640175461769104]
joint_pos=[0.0, 0.0, 0.0, -3.888000011444092, 0.7919999957084656, 0.0] imu_ang_vel=[-2.1977076530456543, 0.6626147031784058, 0.35261330008506775] imu_quat_wxyz=[0.7322385311126709, 0.16318508982658386, 0.2000177949666977, -0.630230188369751]
joint_pos=[0.0, 0.0, 0.0, -3.8520002365112305, 0.7919999957084656, 0.0] imu_ang_vel=[-2.1977076530456543, 0.6626147031784058, 0.35261330008506775] imu_quat_wxyz=[0.7322385311126709, 0.16318508982658386, 0.2000177949666977, -0.630230188369751]
joint_pos=[0.0, 0.0, 0.0, -3.8520002365112305, 0.7919999957084656, 0.0] imu_ang_vel=[-1.4274978637695312, -0.38244161009788513, 1.8365719318389893] imu_quat_wxyz=[0.7627214789390564, 0.14905235171318054, 0.20710676908493042, -0.5942608118057251]
joint_pos=[0.0, 0.0, 0.0, -3.815999984741211, 0.7919999957084656, 0.0] imu_ang_vel=[-1.4274978637695312, -0.38244161009788513, 1.8365719318389893] imu_quat_wxyz=[0.7627214789390564, 0.14905235171318054, 0.20710676908493042, -0.5942608118057251]
joint_pos=[0.0, 0.0, 0.0, -3.7799999713897705, 0.7919999957084656, 0.0] imu_ang_vel=[-0.8234745264053345, 0.049003660678863525, 0.9736813902854919] imu_quat_wxyz=[0.7791606783866882, 0.1414155215024948, 0.21694137156009674, -0.5708298683166504]
joint_pos=[0.0, 0.0, 0.0, -3.7799999713897705, 0.7919999957084656, 0.0] imu_ang_vel=[-0.8234745264053345, 0.049003660678863525, 0.9736813902854919] imu_quat_wxyz=[0.7791606783866882, 0.1414155215024948, 0.21694137156009674, -0.5708298683166504]
joint_pos=[0.0, 0.0, 0.0, -3.74399995803833, 0.7919999957084656, 0.0] imu_ang_vel=[0.5070813298225403, -0.025567125529050827, -0.5848480463027954] imu_quat_wxyz=[0.783169686794281, 0.1425027996301651, 0.21882089972496033, -0.5643187165260315]
joint_pos=[0.0, 0.0, 0.0, -3.74399995803833, 0.7919999957084656, 0.0] imu_ang_vel=[0.5070813298225403, -0.025567125529050827, -0.5848480463027954] imu_quat_wxyz=[0.783169686794281, 0.1425027996301651, 0.21882089972496033, -0.5643187165260315]
joint_pos=[0.0, 0.0, 0.0, -3.7080001831054688, 0.7919999957084656, 0.0] imu_ang_vel=[0.9758120179176331, 0.03302420675754547, -1.0844722986221313] imu_quat_wxyz=[0.7745903134346008, 0.1531064659357071, 0.21593385934829712, -0.5744046568870544]
joint_pos=[0.0, 0.0, 0.0, -3.635999917984009, 0.7919999957084656, 0.0] imu_ang_vel=[0.9758120179176331, 0.03302420675754547, -1.0844722986221313] imu_quat_wxyz=[0.7745903134346008, 0.1531064659357071, 0.21593385934829712, -0.5744046568870544]
joint_pos=[0.0, 0.0, 0.0, -3.635999917984009, 0.7919999957084656, 0.0] imu_ang_vel=[0.36113566160202026, -0.12250914424657822, -0.3771151006221771] imu_quat_wxyz=[0.7711366415023804, 0.15855520963668823, 0.21232447028160095, -0.5789014101028442]
joint_pos=[0.0, 0.0, 0.0, -3.635999917984009, 0.7919999957084656, 0.0] imu_ang_vel=[0.36113566160202026, -0.12250914424657822, -0.3771151006221771] imu_quat_wxyz=[0.7711366415023804, 0.15855520963668823, 0.21232447028160095, -0.5789014101028442]
joint_pos=[0.0, 0.0, 0.0, -3.492000102996826, 0.7919999957084656, 0.0] imu_ang_vel=[-0.3068055212497711, -0.2631283402442932, 0.2897607684135437] imu_quat_wxyz=[0.7788213491439819, 0.1534937024116516, 0.21264034509658813, -0.5697904825210571]
joint_pos=[0.0, 0.0, 0.0, -3.492000102996826, 0.7919999957084656, 0.0] imu_ang_vel=[-0.3068055212497711, -0.2631283402442932, 0.2897607684135437] imu_quat_wxyz=[0.7788213491439819, 0.1534937024116516, 0.21264034509658813, -0.5697904825210571]
joint_pos=[0.0, 0.0, 0.0, -3.492000102996826, 0.7919999957084656, 0.0] imu_ang_vel=[-0.15127216279506683, -0.25673654675483704, 0.2759118974208832] imu_quat_wxyz=[0.7880451083183289, 0.14765430986881256, 0.21311581134796143, -0.5583589673042297]
joint_pos=[0.0, 0.0, 0.0, -3.419999837875366, 0.7919999957084656, 0.0] imu_ang_vel=[-0.15127216279506683, -0.25673654675483704, 0.2759118974208832] imu_quat_wxyz=[0.7880451083183289, 0.14765430986881256, 0.21311581134796143, -0.5583589673042297]
joint_pos=[0.0, 0.0, 0.0, -3.419999837875366, 0.7919999957084656, 0.0] imu_ang_vel=[0.40587812662124634, -0.1725780963897705, -0.34089502692222595] imu_quat_wxyz=[0.7901181578636169, 0.14660699665546417, 0.21206362545490265, -0.5561012029647827]
joint_pos=[0.0, 0.0, 0.0, -3.419999837875366, 0.7919999957084656, 0.0] imu_ang_vel=[0.40587812662124634, -0.1725780963897705, -0.34089502692222595] imu_quat_wxyz=[0.7901181578636169, 0.14660699665546417, 0.21206362545490265, -0.5561012029647827]
joint_pos=[0.0, 0.0, 0.0, -3.3480000495910645, 0.7919999957084656, 0.0] imu_ang_vel=[0.4154658019542694, -0.13103152811527252, -0.5006895661354065] imu_quat_wxyz=[0.786871075630188, 0.1494031697511673, 0.20814378559589386, -0.561416745185852]
joint_pos=[0.0, 0.0, 0.0, -3.3480000495910645, 0.7919999957084656, 0.0] imu_ang_vel=[0.4154658019542694, -0.13103152811527252, -0.5006895661354065] imu_quat_wxyz=[0.786871075630188, 0.1494031697511673, 0.20814378559589386, -0.561416745185852]
joint_pos=[0.0, 0.0, 0.0, -3.3480000495910645, 0.7919999957084656, 0.0] imu_ang_vel=[-0.1906881481409073, -0.12463974207639694, -0.11931325495243073] imu_quat_wxyz=[0.7875415086746216, 0.1460467278957367, 0.20600976049900055, -0.5621466040611267]
joint_pos=[0.0, 0.0, 0.0, -3.2760000228881836, 0.7919999957084656, 0.0] imu_ang_vel=[-0.1906881481409073, -0.12463974207639694, -0.11931325495243073] imu_quat_wxyz=[0.7875415086746216, 0.1460467278957367, 0.20600976049900055, -0.5621466040611267]
joint_pos=[0.0, 0.0, 0.0, -3.239999771118164, 0.7919999957084656, 0.0] imu_ang_vel=[-0.1608598381280899, -0.14168448746204376, 0.25567126274108887] imu_quat_wxyz=[0.7934809923171997, 0.13927067816257477, 0.20731967687606812, -0.5549866557121277]
joint_pos=[0.0, 0.0, 0.0, -3.239999771118164, 0.7919999957084656, 0.0] imu_ang_vel=[-0.1608598381280899, -0.14168448746204376, 0.25567126274108887] imu_quat_wxyz=[0.7934809923171997, 0.13927067816257477, 0.20731967687606812, -0.5549866557121277]
joint_pos=[0.0, 0.0, 0.0, -3.2039999961853027, 0.7919999957084656, 0.0] imu_ang_vel=[0.18855755031108856, -0.07989726960659027, 0.14274978637695312] imu_quat_wxyz=[0.797981321811676, 0.13574311137199402, 0.20618073642253876, -0.549808144569397]
joint_pos=[0.0, 0.0, 0.0, -3.131999969482422, 0.7919999957084656, 0.0] imu_ang_vel=[0.18855755031108856, -0.07989726960659027, 0.14274978637695312] imu_quat_wxyz=[0.797981321811676, 0.13574311137199402, 0.20618073642253876, -0.549808144569397]
joint_pos=[0.0, 0.0, 0.0, -3.131999969482422, 0.7919999957084656, 0.0] imu_ang_vel=[0.16512101888656616, -0.03622009605169296, -0.03302420675754547] imu_quat_wxyz=[0.7997410893440247, 0.13490663468837738, 0.2050807923078537, -0.5478652119636536]
joint_pos=[0.0, 0.0, 0.0, -3.0960001945495605, 0.7919999957084656, 0.0] imu_ang_vel=[0.16512101888656616, -0.03622009605169296, -0.03302420675754547] imu_quat_wxyz=[0.7997410893440247, 0.13490663468837738, 0.2050807923078537, -0.5478652119636536]
joint_pos=[0.0, 0.0, 0.0, -3.06000018119812, 0.7919999957084656, 0.0] imu_ang_vel=[0.042611878365278244, -0.03835069015622139, 0.05965662747621536] imu_quat_wxyz=[0.8010039329528809, 0.1345788538455963, 0.20450951159000397, -0.5463122725486755]
joint_pos=[0.0, 0.0, 0.0, -3.06000018119812, 0.7919999957084656, 0.0] imu_ang_vel=[0.042611878365278244, -0.03835069015622139, 0.05965662747621536] imu_quat_wxyz=[0.8010039329528809, 0.1345788538455963, 0.20450951159000397, -0.5463122725486755]
joint_pos=[0.0, 0.0, 0.0, -3.0239999294281006, 0.7919999957084656, 0.0] imu_ang_vel=[-0.15979453921318054, -0.054330144077539444, 0.24821418523788452] imu_quat_wxyz=[0.8043621182441711, 0.13177841901779175, 0.20581187307834625, -0.5415511131286621]
joint_pos=[0.0, 0.0, 0.0, -3.0239999294281006, 0.7919999957084656, 0.0] imu_ang_vel=[-0.15979453921318054, -0.054330144077539444, 0.24821418523788452] imu_quat_wxyz=[0.8043621182441711, 0.13177841901779175, 0.20581187307834625, -0.5415511131286621]
joint_pos=[0.0, 0.0, 0.0, -2.98799991607666, 0.7919999957084656, 0.0] imu_ang_vel=[-0.19494934380054474, -0.05965662747621536, 0.3068055212497711] imu_quat_wxyz=[0.8085137009620667, 0.12836302816867828, 0.20840060710906982, -0.5351614356040955]
joint_pos=[0.0, 0.0, 0.0, -2.98799991607666, 0.7919999957084656, 0.0] imu_ang_vel=[-0.19494934380054474, -0.05965662747621536, 0.3068055212497711] imu_quat_wxyz=[0.8085137009620667, 0.12836302816867828, 0.20840060710906982, -0.5351614356040955]
joint_pos=[0.0, 0.0, 0.0, -2.9519999027252197, 0.7919999957084656, 0.0] imu_ang_vel=[-0.011718266643583775, 0.01811004802584648, 0.05965662747621536] imu_quat_wxyz=[0.8105295896530151, 0.12714342772960663, 0.21095702052116394, -0.5313882231712341]
joint_pos=[0.0, 0.0, 0.0, -2.9160001277923584, 0.7919999957084656, 0.0] imu_ang_vel=[-0.011718266643583775, 0.01811004802584648, 0.05965662747621536] imu_quat_wxyz=[0.8105295896530151, 0.12714342772960663, 0.21095702052116394, -0.5313882231712341]
joint_pos=[0.0, 0.0, 0.0, -2.9160001277923584, 0.7919999957084656, 0.0] imu_ang_vel=[0.3419603109359741, 0.11292147636413574, -0.3046749234199524] imu_quat_wxyz=[0.8075801730155945, 0.13062462210655212, 0.21149137616157532, -0.5348109006881714]
joint_pos=[0.0, 0.0, 0.0, -2.9160001277923584, 0.7919999957084656, 0.0] imu_ang_vel=[0.3419603109359741, 0.11292147636413574, -0.3046749234199524] imu_quat_wxyz=[0.8075801730155945, 0.13062462210655212, 0.21149137616157532, -0.5348109006881714]
joint_pos=[0.0, 0.0, 0.0, -2.880000114440918, 0.7919999957084656, 0.0] imu_ang_vel=[0.4357064366340637, 0.05006895586848259, -0.40800872445106506] imu_quat_wxyz=[0.8023914694786072, 0.13470152020454407, 0.21018867194652557, -0.5420737862586975]
joint_pos=[0.0, 0.0, 0.0, -2.880000114440918, 0.7919999957084656, 0.0] imu_ang_vel=[0.4357064366340637, 0.05006895586848259, -0.40800872445106506] imu_quat_wxyz=[0.8023914694786072, 0.13470152020454407, 0.21018867194652557, -0.5420737862586975]
joint_pos=[0.0, 0.0, 0.0, -2.880000114440918, 0.7919999957084656, 0.0] imu_ang_vel=[0.35261330008506775, 0.07883197069168091, -0.3973557651042938] imu_quat_wxyz=[0.8023914694786072, 0.13470152020454407, 0.21018867194652557, -0.5420737862586975]
joint_pos=[0.0, 0.0, 0.0, -2.807999849319458, 0.7919999957084656, 0.0] imu_ang_vel=[0.35261330008506775, 0.07883197069168091, -0.3973557651042938] imu_quat_wxyz=[0.7962741255760193, 0.14221599698066711, 0.20377930998802185, -0.5515397787094116]
joint_pos=[0.0, 0.0, 0.0, -2.807999849319458, 0.7919999957084656, 0.0] imu_ang_vel=[0.4250534772872925, -0.057526033371686935, -0.12250914424657822] imu_quat_wxyz=[0.7962741255760193, 0.14221599698066711, 0.20377930998802185, -0.5515397787094116]
joint_pos=[0.0, 0.0, 0.0, -2.807999849319458, 0.7919999957084656, 0.0] imu_ang_vel=[0.4250534772872925, -0.057526033371686935, -0.12250914424657822] imu_quat_wxyz=[0.7935390472412109, 0.14440670609474182, 0.19787625968456268, -0.557034432888031]
joint_pos=[0.0, 0.0, 0.0, -2.7360000610351562, 0.7919999957084656, 0.0] imu_ang_vel=[0.21518997848033905, 0.33769911527633667, 0.7329242825508118] imu_quat_wxyz=[0.7935390472412109, 0.14440670609474182, 0.19787625968456268, -0.557034432888031]
joint_pos=[0.0, 0.0, 0.0, -2.7360000610351562, 0.7919999957084656, 0.0] imu_ang_vel=[0.21518997848033905, 0.33769911527633667, 0.7329242825508118] imu_quat_wxyz=[0.7972269058227539, 0.1438659131526947, 0.19779223203659058, -0.5519148111343384]
joint_pos=[0.0, 0.0, 0.0, -2.7360000610351562, 0.7919999957084656, 0.0] imu_ang_vel=[-0.051134251058101654, 0.29721784591674805, 1.5670517683029175] imu_quat_wxyz=[0.7972269058227539, 0.1438659131526947, 0.19779223203659058, -0.5519148111343384]
joint_pos=[0.0, 0.0, 0.0, -2.700000047683716, 0.7919999957084656, 0.0] imu_ang_vel=[-0.051134251058101654, 0.29721784591674805, 1.5670517683029175] imu_quat_wxyz=[0.8081070780754089, 0.15960140526294708, 0.19373542070388794, -0.5328760743141174]
joint_pos=[0.0, 0.0, 0.0, -2.6640000343322754, 0.7919999957084656, 0.0] imu_ang_vel=[-1.6533408164978027, 0.12996622920036316, 1.986778736114502] imu_quat_wxyz=[0.8081070780754089, 0.15960140526294708, 0.19373542070388794, -0.5328760743141174]
joint_pos=[0.0, 0.0, 0.0, -2.6640000343322754, 0.7919999957084656, 0.0] imu_ang_vel=[-1.6533408164978027, 0.12996622920036316, 1.986778736114502] imu_quat_wxyz=[0.8294895887374878, 0.1459711790084839, 0.20513269305229187, -0.498557984828949]
joint_pos=[0.0, 0.0, 0.0, -2.6640000343322754, 0.7919999957084656, 0.0] imu_ang_vel=[-0.25886714458465576, 0.287630170583725, 1.7066056728363037] imu_quat_wxyz=[0.8294895887374878, 0.1459711790084839, 0.20513269305229187, -0.498557984828949]
joint_pos=[0.0, 0.0, 0.0, -2.5920000076293945, 0.7919999957084656, 0.0] imu_ang_vel=[-0.25886714458465576, 0.287630170583725, 1.7066056728363037] imu_quat_wxyz=[0.838413655757904, 0.14428332448005676, 0.21241500973701477, -0.4807543158531189]
joint_pos=[0.0, 0.0, 0.0, -2.5920000076293945, 0.7919999957084656, 0.0] imu_ang_vel=[-0.11611736565828323, 0.2599324584007263, -0.10866028815507889] imu_quat_wxyz=[0.838413655757904, 0.14428332448005676, 0.21241500973701477, -0.4807543158531189]
joint_pos=[0.0, 0.0, 0.0, -2.5920000076293945, 0.7919999957084656, 0.0] imu_ang_vel=[-0.11611736565828323, 0.2599324584007263, -0.10866028815507889] imu_quat_wxyz=[0.8424768447875977, 0.1472979336977005, 0.21773754060268402, -0.47024068236351013]
joint_pos=[0.0, 0.0, 0.0, -2.4839999675750732, 0.7919999957084656, 0.0] imu_ang_vel=[0.7457078695297241, 0.33556854724884033, -0.9023064970970154] imu_quat_wxyz=[0.8424768447875977, 0.1472979336977005, 0.21773754060268402, -0.47024068236351013]
joint_pos=[0.0, 0.0, 0.0, -2.5199999809265137, 0.7919999957084656, 0.0] imu_ang_vel=[0.7457078695297241, 0.33556854724884033, -0.9023064970970154] imu_quat_wxyz=[0.8334556221961975, 0.1585620641708374, 0.22127993404865265, -0.48087942600250244]
joint_pos=[0.0, 0.0, 0.0, -2.5199999809265137, 0.7919999957084656, 0.0] imu_ang_vel=[0.8085603713989258, 0.2727160155773163, -0.9332001209259033] imu_quat_wxyz=[0.8334556221961975, 0.1585620641708374, 0.22127993404865265, -0.48087942600250244]
joint_pos=[0.0, 0.0, 0.0, -2.447999954223633, 0.7919999957084656, 0.0] imu_ang_vel=[0.8085603713989258, 0.2727160155773163, -0.9332001209259033] imu_quat_wxyz=[0.8208940625190735, 0.17209884524345398, 0.22072894871234894, -0.4977886974811554]
joint_pos=[0.0, 0.0, 0.0, -2.447999954223633, 0.7919999957084656, 0.0] imu_ang_vel=[0.6210681200027466, 0.3835068941116333, -0.9971179366111755] imu_quat_wxyz=[0.8208940625190735, 0.17209884524345398, 0.22072894871234894, -0.4977886974811554]
joint_pos=[0.0, 0.0, 0.0, -2.447999954223633, 0.7919999957084656, 0.0] imu_ang_vel=[0.6210681200027466, 0.3835068941116333, -0.9971179366111755] imu_quat_wxyz=[0.8116893172264099, 0.1798839420080185, 0.22382517158985138, -0.5086299777030945]
joint_pos=[0.0, 0.0, 0.0, -2.4119999408721924, 0.7919999957084656, 0.0] imu_ang_vel=[0.7478384375572205, -0.057526033371686935, -0.8128215670585632] imu_quat_wxyz=[0.8116893172264099, 0.1798839420080185, 0.22382517158985138, -0.5086299777030945]
joint_pos=[0.0, 0.0, 0.0, -2.4119999408721924, 0.7919999957084656, 0.0] imu_ang_vel=[0.7478384375572205, -0.057526033371686935, -0.8128215670585632] imu_quat_wxyz=[0.8002189993858337, 0.1859683096408844, 0.2199891209602356, -0.5259944200515747]
joint_pos=[0.0, 0.0, 0.0, -2.4119999408721924, 0.7919999957084656, 0.0] imu_ang_vel=[-0.6242640018463135, -0.05006895586848259, 0.7137489318847656] imu_quat_wxyz=[0.8002189993858337, 0.1859683096408844, 0.2199891209602356, -0.5259944200515747]
joint_pos=[0.0, 0.0, 0.0, -2.375999927520752, 0.7919999957084656, 0.0] imu_ang_vel=[-0.6242640018463135, -0.05006895586848259, 0.7137489318847656] imu_quat_wxyz=[0.803864598274231, 0.18100540339946747, 0.2201017439365387, -0.5221052765846252]
joint_pos=[0.0, 0.0, 0.0, -2.375999927520752, 0.7919999957084656, 0.0] imu_ang_vel=[-0.5699338316917419, 0.22051647305488586, 0.15553335845470428] imu_quat_wxyz=[0.803864598274231, 0.18100540339946747, 0.2201017439365387, -0.5221052765846252]
joint_pos=[0.0, 0.0, 0.0, -2.375999927520752, 0.7919999957084656, 0.0] imu_ang_vel=[-0.5699338316917419, 0.22051647305488586, 0.15553335845470428] imu_quat_wxyz=[0.8088234663009644, 0.17286416888237, 0.22703267633914948, -0.5141776204109192]
joint_pos=[0.0, 0.0, 0.0, -2.3400001525878906, 0.7919999957084656, 0.0] imu_ang_vel=[-0.10652969032526016, 0.039415985345840454, 0.08309315890073776] imu_quat_wxyz=[0.8088234663009644, 0.17286416888237, 0.22703267633914948, -0.5141776204109192]
joint_pos=[0.0, 0.0, 0.0, -2.3400001525878906, 0.7919999957084656, 0.0] imu_ang_vel=[-0.10652969032526016, 0.039415985345840454, 0.08309315890073776] imu_quat_wxyz=[0.8089931607246399, 0.1727096289396286, 0.22808073461055756, -0.5134983062744141]
joint_pos=[0.0, 0.0, 0.0, -2.3400001525878906, 0.7919999957084656, 0.0] imu_ang_vel=[-0.07989726960659027, 0.0, 0.0] imu_quat_wxyz=[0.8089931607246399, 0.1727096289396286, 0.22808073461055756, -0.5134983062744141]
joint_pos=[0.0, 0.0, 0.0, -2.303999900817871, 0.7919999957084656, 0.0] imu_ang_vel=[-0.07989726960659027, 0.0, 0.0] imu_quat_wxyz=[0.8078402876853943, 0.17324326932430267, 0.22852469980716705, -0.5149343013763428]
joint_pos=[0.0, 0.0, 0.0, -2.303999900817871, 0.7919999957084656, 0.0] imu_ang_vel=[0.0, 0.027697719633579254, 0.06498311460018158] imu_quat_wxyz=[0.8078402876853943, 0.17324326932430267, 0.22852469980716705, -0.5149343013763428]
joint_pos=[0.0, 0.0, 0.0, -2.303999900817871, 0.7919999957084656, 0.0] imu_ang_vel=[0.0, 0.027697719633579254, 0.06498311460018158] imu_quat_wxyz=[0.8069512248039246, 0.17496240139007568, 0.22862929105758667, -0.5157001614570618]
joint_pos=[0.0, 0.0, 0.0, -2.2320001125335693, 0.7919999957084656, 0.0] imu_ang_vel=[-0.054330144077539444, -0.1374233067035675, 0.021305939182639122] imu_quat_wxyz=[0.8069512248039246, 0.17496240139007568, 0.22862929105758667, -0.5157001614570618]
joint_pos=[0.0, 0.0, 0.0, -2.2320001125335693, 0.7919999957084656, 0.0] imu_ang_vel=[-0.054330144077539444, -0.1374233067035675, 0.021305939182639122] imu_quat_wxyz=[0.8060583472251892, 0.17443981766700745, 0.22783209383487701, -0.5176226496696472]
joint_pos=[0.0, 0.0, 0.0, -2.2320001125335693, 0.7919999957084656, 0.0] imu_ang_vel=[-0.1171826645731926, -0.17896988987922668, -0.01811004802584648] imu_quat_wxyz=[0.8060583472251892, 0.17443981766700745, 0.22783209383487701, -0.5176226496696472]
joint_pos=[0.0, 0.0, 0.0, -2.19599986076355, 0.7919999957084656, 0.0] imu_ang_vel=[-0.1171826645731926, -0.17896988987922668, -0.01811004802584648] imu_quat_wxyz=[0.8054572939872742, 0.17299455404281616, 0.2268090695142746, -0.5194892287254333]
joint_pos=[0.0, 0.0, 0.0, -2.19599986076355, 0.7919999957084656, 0.0] imu_ang_vel=[-0.1171826645731926, -0.17896988987922668, -0.01811004802584648] imu_quat_wxyz=[0.8054572939872742, 0.17299455404281616, 0.2268090695142746, -0.5194892287254333]
joint_pos=[0.0, 0.0, 0.0, -2.19599986076355, 0.7919999957084656, 0.0] imu_ang_vel=[0.01491415686905384, -0.2109287977218628, 0.04474247246980667] imu_quat_wxyz=[0.8056480288505554, 0.17210227251052856, 0.2231127917766571, -0.5210879445075989]
joint_pos=[0.0, 0.0, 0.0, -2.052000045776367, 0.7919999957084656, 0.0] imu_ang_vel=[0.01491415686905384, -0.2109287977218628, 0.04474247246980667] imu_quat_wxyz=[0.8056480288505554, 0.17210227251052856, 0.2231127917766571, -0.5210879445075989]
joint_pos=[0.0, 0.0, 0.0, -2.0880000591278076, 0.7919999957084656, 0.0] imu_ang_vel=[0.0, -0.2780424952507019, 0.051134251058101654] imu_quat_wxyz=[0.806119441986084, 0.17018048465251923, 0.21825429797172546, -0.5230439305305481]
joint_pos=[0.0, 0.0, 0.0, -2.0880000591278076, 0.7919999957084656, 0.0] imu_ang_vel=[0.0, -0.2780424952507019, 0.051134251058101654] imu_quat_wxyz=[0.806119441986084, 0.17018048465251923, 0.21825429797172546, -0.5230439305305481]
joint_pos=[0.0, 0.0, 0.0, -2.0160000324249268, 0.7919999957084656, 0.0] imu_ang_vel=[0.03195890784263611, -0.1874922662973404, 0.082027867436409] imu_quat_wxyz=[0.8069129586219788, 0.16789434850215912, 0.2134399116039276, -0.524543821811676]
joint_pos=[0.0, 0.0, 0.0, -2.0160000324249268, 0.7919999957084656, 0.0] imu_ang_vel=[0.03195890784263611, -0.1874922662973404, 0.082027867436409] imu_quat_wxyz=[0.8069129586219788, 0.16789434850215912, 0.2134399116039276, -0.524543821811676]
joint_pos=[0.0, 0.0, 0.0, -2.0160000324249268, 0.7919999957084656, 0.0] imu_ang_vel=[-0.07776667922735214, -0.2929566502571106, 0.4836448132991791] imu_quat_wxyz=[0.8108134865760803, 0.16636228561401367, 0.20690782368183136, -0.5216264128684998]
joint_pos=[0.0, 0.0, 0.0, -1.944000005722046, 0.7919999957084656, 0.0] imu_ang_vel=[-0.07776667922735214, -0.2929566502571106, 0.4836448132991791] imu_quat_wxyz=[0.8108134865760803, 0.16636228561401367, 0.20690782368183136, -0.5216264128684998]
joint_pos=[0.0, 0.0, 0.0, -1.944000005722046, 0.7919999957084656, 0.0] imu_ang_vel=[-0.6594188213348389, -0.3185237944126129, 1.1547819375991821] imu_quat_wxyz=[0.822334349155426, 0.16140949726104736, 0.20036141574382782, -0.507512092590332]
joint_pos=[0.0, 0.0, 0.0, -1.944000005722046, 0.7919999957084656, 0.0] imu_ang_vel=[-0.6594188213348389, -0.3185237944126129, 1.1547819375991821] imu_quat_wxyz=[0.822334349155426, 0.16140949726104736, 0.20036141574382782, -0.507512092590332]
joint_pos=[0.0, 0.0, 0.0, -1.9079999923706055, 0.7919999957084656, 0.0] imu_ang_vel=[-0.40587812662124634, -0.2514100670814514, 1.1409330368041992] imu_quat_wxyz=[0.8352396488189697, 0.15202976763248444, 0.200363427400589, -0.48899492621421814]
joint_pos=[0.0, 0.0, 0.0, -1.9079999923706055, 0.7919999957084656, 0.0] imu_ang_vel=[-0.40587812662124634, -0.2514100670814514, 1.1409330368041992] imu_quat_wxyz=[0.8352396488189697, 0.15202976763248444, 0.200363427400589, -0.48899492621421814]
joint_pos=[0.0, 0.0, 0.0, -1.9079999923706055, 0.7919999957084656, 0.0] imu_ang_vel=[-0.13529270887374878, -0.12037855386734009, 0.06391781568527222] imu_quat_wxyz=[0.8391671180725098, 0.14786027371883392, 0.20093151926994324, -0.4832829236984253]
joint_pos=[0.0, 0.0, 0.0, -1.871999979019165, 0.7919999957084656, 0.0] imu_ang_vel=[-0.13529270887374878, -0.12037855386734009, 0.06391781568527222] imu_quat_wxyz=[0.8391671180725098, 0.14786027371883392, 0.20093151926994324, -0.4832829236984253]
joint_pos=[0.0, 0.0, 0.0, -1.871999979019165, 0.7919999957084656, 0.0] imu_ang_vel=[0.8564987182617188, -0.04154657945036888, -0.5507585406303406] imu_quat_wxyz=[0.8331465125083923, 0.15305878221988678, 0.19797663390636444, -0.49319878220558167]
joint_pos=[0.0, 0.0, 0.0, -1.871999979019165, 0.7919999957084656, 0.0] imu_ang_vel=[0.8564987182617188, -0.04154657945036888, -0.5507585406303406] imu_quat_wxyz=[0.8331465125083923, 0.15305878221988678, 0.19797663390636444, -0.49319878220558167]
joint_pos=[0.0, 0.0, 0.0, -1.7999999523162842, 0.7919999957084656, 0.0] imu_ang_vel=[0.22158175706863403, 0.03622009605169296, -0.9853996634483337] imu_quat_wxyz=[0.8237221837043762, 0.1576598882675171, 0.19748708605766296, -0.5075667500495911]
joint_pos=[0.0, 0.0, 0.0, -1.7999999523162842, 0.7919999957084656, 0.0] imu_ang_vel=[0.22158175706863403, 0.03622009605169296, -0.9853996634483337] imu_quat_wxyz=[0.8237221837043762, 0.1576598882675171, 0.19748708605766296, -0.5075667500495911]
joint_pos=[0.0, 0.0, 0.0, -1.7999999523162842, 0.7919999957084656, 0.0] imu_ang_vel=[-0.5145384073257446, -0.328111469745636, 0.6999000906944275] imu_quat_wxyz=[0.827727198600769, 0.1545865535736084, 0.19215795397758484, -0.5040297508239746]
joint_pos=[0.0, 0.0, 0.0, -1.7640000581741333, 0.7919999957084656, 0.0] imu_ang_vel=[-0.5145384073257446, -0.328111469745636, 0.6999000906944275] imu_quat_wxyz=[0.827727198600769, 0.1545865535736084, 0.19215795397758484, -0.5040297508239746]
joint_pos=[0.0, 0.0, 0.0, -1.7640000581741333, 0.7919999957084656, 0.0] imu_ang_vel=[-0.4367717504501343, -0.2918913662433624, 0.9896608591079712] imu_quat_wxyz=[0.8382314443588257, 0.14521515369415283, 0.19199402630329132, -0.4893045127391815]
joint_pos=[0.0, 0.0, 0.0, -1.7640000581741333, 0.7919999957084656, 0.0] imu_ang_vel=[-0.4367717504501343, -0.2918913662433624, 0.9896608591079712] imu_quat_wxyz=[0.8382314443588257, 0.14521515369415283, 0.19199402630329132, -0.4893045127391815]
joint_pos=[0.0, 0.0, 0.0, -1.7280000448226929, 0.7919999957084656, 0.0] imu_ang_vel=[0.35793977975845337, -0.18003518879413605, -0.10120321065187454] imu_quat_wxyz=[0.8397464752197266, 0.14569342136383057, 0.19118300080299377, -0.4868761897087097]
joint_pos=[0.0, 0.0, 0.0, -1.7280000448226929, 0.7919999957084656, 0.0] imu_ang_vel=[0.35793977975845337, -0.18003518879413605, -0.10120321065187454] imu_quat_wxyz=[0.8397464752197266, 0.14569342136383057, 0.19118300080299377, -0.4868761897087097]
joint_pos=[0.0, 0.0, 0.0, -1.6920000314712524, 0.7919999957084656, 0.0] imu_ang_vel=[0.4271840751171112, 0.1459456831216812, -1.0248156785964966] imu_quat_wxyz=[0.8274461030960083, 0.15327924489974976, 0.19113442301750183, -0.5052781701087952]
joint_pos=[0.0, 0.0, 0.0, -1.656000018119812, 0.7919999957084656, 0.0] imu_ang_vel=[0.4271840751171112, 0.1459456831216812, -1.0248156785964966] imu_quat_wxyz=[0.8274461030960083, 0.15327924489974976, 0.19113442301750183, -0.5052781701087952]
joint_pos=[0.0, 0.0, 0.0, -1.656000018119812, 0.7919999957084656, 0.0] imu_ang_vel=[0.01491415686905384, -0.09907261282205582, 0.027697719633579254] imu_quat_wxyz=[0.8257939219474792, 0.1543843299150467, 0.18973895907402039, -0.508162260055542]
joint_pos=[0.0, 0.0, 0.0, -1.656000018119812, 0.7919999957084656, 0.0] imu_ang_vel=[0.01491415686905384, -0.09907261282205582, 0.027697719633579254] imu_quat_wxyz=[0.8257939219474792, 0.1543843299150467, 0.18973895907402039, -0.508162260055542]
joint_pos=[0.0, 0.0, 0.0, -1.619999885559082, 0.7919999957084656, 0.0] imu_ang_vel=[0.02982831373810768, -0.017044750973582268, -0.021305939182639122] imu_quat_wxyz=[0.8246390223503113, 0.1547928899526596, 0.19049803912639618, -0.5096274018287659]
joint_pos=[0.0, 0.0, 0.0, -1.619999885559082, 0.7919999957084656, 0.0] imu_ang_vel=[0.02982831373810768, -0.017044750973582268, -0.021305939182639122] imu_quat_wxyz=[0.8246390223503113, 0.1547928899526596, 0.19049803912639618, -0.5096274018287659]
joint_pos=[0.0, 0.0, 0.0, -1.619999885559082, 0.7919999957084656, 0.0] imu_ang_vel=[0.0, -0.051134251058101654, 0.192818745970726] imu_quat_wxyz=[0.8250267505645752, 0.15589526295661926, 0.189376562833786, -0.5090816020965576]
joint_pos=[0.0, 0.0, 0.0, -1.4759999513626099, 0.7919999957084656, 0.0] imu_ang_vel=[0.0, -0.051134251058101654, 0.192818745970726] imu_quat_wxyz=[0.8250267505645752, 0.15589526295661926, 0.189376562833786, -0.5090816020965576]
joint_pos=[0.0, 0.0, 0.0, -1.5119999647140503, 0.7919999957084656, 0.0] imu_ang_vel=[-0.22584295272827148, 0.15340276062488556, 0.5390402674674988] imu_quat_wxyz=[0.8300345540046692, 0.15942618250846863, 0.1887848675251007, -0.49998602271080017]
joint_pos=[0.0, 0.0, 0.0, -1.5119999647140503, 0.7919999957084656, 0.0] imu_ang_vel=[-0.22584295272827148, 0.15340276062488556, 0.5390402674674988] imu_quat_wxyz=[0.8300345540046692, 0.15942618250846863, 0.1887848675251007, -0.49998602271080017]
joint_pos=[0.0, 0.0, 0.0, -1.440000057220459, 0.7919999957084656, 0.0] imu_ang_vel=[-0.07776667922735214, 0.09587672352790833, -0.02024064213037491] imu_quat_wxyz=[0.8312914371490479, 0.15705588459968567, 0.19251306354999542, -0.4972189962863922]
joint_pos=[0.0, 0.0, 0.0, -1.440000057220459, 0.7919999957084656, 0.0] imu_ang_vel=[-0.07776667922735214, 0.09587672352790833, -0.02024064213037491] imu_quat_wxyz=[0.8312914371490479, 0.15705588459968567, 0.19251306354999542, -0.4972189962863922]
joint_pos=[0.0, 0.0, 0.0, -1.440000057220459, 0.7919999957084656, 0.0] imu_ang_vel=[0.4005516469478607, 0.07989726960659027, -0.4474247097969055] imu_quat_wxyz=[0.826967716217041, 0.16157151758670807, 0.1944643259048462, -0.5021977424621582]
joint_pos=[0.0, 0.0, 0.0, -1.3680000305175781, 0.7919999957084656, 0.0] imu_ang_vel=[0.4005516469478607, 0.07989726960659027, -0.4474247097969055] imu_quat_wxyz=[0.826967716217041, 0.16157151758670807, 0.1944643259048462, -0.5021977424621582]
joint_pos=[0.0, 0.0, 0.0, -1.3680000305175781, 0.7919999957084656, 0.0] imu_ang_vel=[0.1960146427154541, 0.3366338312625885, -0.4942977726459503] imu_quat_wxyz=[0.8217912912368774, 0.167960524559021, 0.1968674212694168, -0.5076331496238708]
joint_pos=[0.0, 0.0, 0.0, -1.3680000305175781, 0.7919999957084656, 0.0] imu_ang_vel=[0.1960146427154541, 0.3366338312625885, -0.4942977726459503] imu_quat_wxyz=[0.8217912912368774, 0.167960524559021, 0.1968674212694168, -0.5076331496238708]
joint_pos=[0.0, 0.0, 0.0, -1.3320000171661377, 0.7919999957084656, 0.0] imu_ang_vel=[0.29082605242729187, 0.20134112238883972, -0.40268224477767944] imu_quat_wxyz=[0.8168242573738098, 0.17242670059204102, 0.19690988957881927, -0.514094889163971]
joint_pos=[0.0, 0.0, 0.0, -1.3320000171661377, 0.7919999957084656, 0.0] imu_ang_vel=[0.29082605242729187, 0.20134112238883972, -0.40268224477767944] imu_quat_wxyz=[0.8168242573738098, 0.17242670059204102, 0.19690988957881927, -0.514094889163971]
joint_pos=[0.0, 0.0, 0.0, -1.3320000171661377, 0.7919999957084656, 0.0] imu_ang_vel=[-0.05326484516263008, 0.012783562764525414, -0.057526033371686935] imu_quat_wxyz=[0.8164620995521545, 0.17327459156513214, 0.19546173512935638, -0.514937162399292]
joint_pos=[0.0, 0.0, 0.0, -1.2960000038146973, 0.7919999957084656, 0.0] imu_ang_vel=[-0.05326484516263008, 0.012783562764525414, -0.057526033371686935] imu_quat_wxyz=[0.8164620995521545, 0.17327459156513214, 0.19546173512935638, -0.514937162399292]
joint_pos=[0.0, 0.0, 0.0, -1.2960000038146973, 0.7919999957084656, 0.0] imu_ang_vel=[-0.060721926391124725, -0.019175345078110695, -0.09587672352790833] imu_quat_wxyz=[0.8178682923316956, 0.17119398713111877, 0.19501760601997375, -0.5135681629180908]
joint_pos=[0.0, 0.0, 0.0, -1.2960000038146973, 0.7919999957084656, 0.0] imu_ang_vel=[-0.060721926391124725, -0.019175345078110695, -0.09587672352790833] imu_quat_wxyz=[0.8178682923316956, 0.17119398713111877, 0.19501760601997375, -0.5135681629180908]
joint_pos=[0.0, 0.0, 0.0, -1.2599999904632568, 0.7919999957084656, 0.0] imu_ang_vel=[0.23010413348674774, 0.05965662747621536, -0.37391921877861023] imu_quat_wxyz=[0.8156628012657166, 0.17262788116931915, 0.19464677572250366, -0.5167266130447388]
joint_pos=[0.0, 0.0, 0.0, -1.2599999904632568, 0.7919999957084656, 0.0] imu_ang_vel=[0.23010413348674774, 0.05965662747621536, -0.37391921877861023] imu_quat_wxyz=[0.8156628012657166, 0.17262788116931915, 0.19464677572250366, -0.5167266130447388]
joint_pos=[0.0, 0.0, 0.0, -1.2599999904632568, 0.7919999957084656, 0.0] imu_ang_vel=[0.34089502692222595, 0.16192513704299927, -0.6050886511802673] imu_quat_wxyz=[0.8090591430664062, 0.17913022637367249, 0.19531959295272827, -0.5245815515518188]
joint_pos=[0.0, 0.0, 0.0, -1.2239999771118164, 0.7919999957084656, 0.0] imu_ang_vel=[0.34089502692222595, 0.16192513704299927, -0.6050886511802673] imu_quat_wxyz=[0.8090591430664062, 0.17913022637367249, 0.19531959295272827, -0.5245815515518188]
joint_pos=[0.0, 0.0, 0.0, -1.2239999771118164, 0.7919999957084656, 0.0] imu_ang_vel=[0.2311694324016571, 0.18962284922599792, -0.3867027759552002] imu_quat_wxyz=[0.8035364151000977, 0.18364989757537842, 0.19546358287334442, -0.5314093828201294]
joint_pos=[0.0, 0.0, 0.0, -1.2239999771118164, 0.7919999957084656, 0.0] imu_ang_vel=[0.2311694324016571, 0.18962284922599792, -0.3867027759552002] imu_quat_wxyz=[0.8035364151000977, 0.18364989757537842, 0.19546358287334442, -0.5314093828201294]
joint_pos=[0.0, 0.0, 0.0, -1.187999963760376, 0.7919999957084656, 0.0] imu_ang_vel=[-0.18962284922599792, 0.11505206674337387, -0.010652969591319561] imu_quat_wxyz=[0.8031286001205444, 0.18331001698970795, 0.19568893313407898, -0.5320597887039185]
joint_pos=[0.0, 0.0, 0.0, -1.187999963760376, 0.7919999957084656, 0.0] imu_ang_vel=[-0.18962284922599792, 0.11505206674337387, -0.010652969591319561] imu_quat_wxyz=[0.8031286001205444, 0.18331001698970795, 0.19568893313407898, -0.5320597887039185]
joint_pos=[0.0, 0.0, 0.0, -1.187999963760376, 0.7559999823570251, 0.0] imu_ang_vel=[-0.10226850211620331, 0.08628904819488525, 0.05006895586848259] imu_quat_wxyz=[0.8049309849739075, 0.1833973228931427, 0.1978178769350052, -0.5285068154335022]
joint_pos=[0.0, 0.0, 0.0, -1.1519999504089355, 0.7919999957084656, 0.0] imu_ang_vel=[-0.10226850211620331, 0.08628904819488525, 0.05006895586848259] imu_quat_wxyz=[0.8049309849739075, 0.1833973228931427, 0.1978178769350052, -0.5285068154335022]
joint_pos=[0.0, 0.0, 0.0, -1.1519999504089355, 0.7919999957084656, 0.0] imu_ang_vel=[0.17790459096431732, 0.08948494493961334, -0.25886714458465576] imu_quat_wxyz=[0.8034120798110962, 0.18382936716079712, 0.19869105517864227, -0.5303372144699097]
joint_pos=[0.0, 0.0, 0.0, -1.1519999504089355, 0.7200000286102295, 0.0] imu_ang_vel=[0.17790459096431732, 0.08948494493961334, -0.25886714458465576] imu_quat_wxyz=[0.8034120798110962, 0.18382936716079712, 0.19869105517864227, -0.5303372144699097]
joint_pos=[0.0, 0.0, 0.0, -1.0800000429153442, 0.7559999823570251, 0.0] imu_ang_vel=[0.0, 0.09907261282205582, -0.1491415649652481] imu_quat_wxyz=[0.8017051219940186, 0.1845710277557373, 0.19924086332321167, -0.5324523448944092]
joint_pos=[0.0, 0.0, 0.0, -1.0800000429153442, 0.7559999823570251, 0.0] imu_ang_vel=[0.0, 0.09907261282205582, -0.1491415649652481] imu_quat_wxyz=[0.8017051219940186, 0.1845710277557373, 0.19924086332321167, -0.5324523448944092]
joint_pos=[0.0, 0.0, 0.0, -1.0800000429153442, 0.6840000152587891, 0.0] imu_ang_vel=[0.07457078248262405, 0.015979453921318054, -0.06498311460018158] imu_quat_wxyz=[0.8019759654998779, 0.18602880835533142, 0.19946739077568054, -0.5314514636993408]
joint_pos=[0.0, 0.0, 0.0, -1.0440000295639038, 0.6840000152587891, 0.0] imu_ang_vel=[0.07457078248262405, 0.015979453921318054, -0.06498311460018158] imu_quat_wxyz=[0.8019759654998779, 0.18602880835533142, 0.19946739077568054, -0.5314514636993408]
joint_pos=[0.0, 0.0, 0.0, -1.0440000295639038, 0.7200000286102295, 0.0] imu_ang_vel=[0.09055023640394211, 0.08415845781564713, -0.1171826645731926] imu_quat_wxyz=[0.8018527030944824, 0.1863950937986374, 0.200118750333786, -0.5312641263008118]
joint_pos=[0.0, 0.0, 0.0, -1.0440000295639038, 0.6480000019073486, 0.0] imu_ang_vel=[0.09055023640394211, 0.08415845781564713, -0.1171826645731926] imu_quat_wxyz=[0.8018527030944824, 0.1863950937986374, 0.200118750333786, -0.5312641263008118]
joint_pos=[0.0, 0.0, 0.0, -1.0080000162124634, 0.6480000019073486, 0.0] imu_ang_vel=[-0.1491415649652481, 0.05326484516263008, -0.192818745970726] imu_quat_wxyz=[0.8010147213935852, 0.18533077836036682, 0.20159704983234406, -0.5323405861854553]
joint_pos=[0.0, 0.0, 0.0, -1.0080000162124634, 0.6840000152587891, 0.0] imu_ang_vel=[-0.1491415649652481, 0.05326484516263008, -0.192818745970726] imu_quat_wxyz=[0.8010147213935852, 0.18533077836036682, 0.20159704983234406, -0.5323405861854553]
joint_pos=[0.0, 0.0, 0.0, -1.0080000162124634, 0.5759999752044678, 0.0] imu_ang_vel=[-0.30041372776031494, 0.01491415686905384, -0.03622009605169296] imu_quat_wxyz=[0.8018247485160828, 0.1839718222618103, 0.20161570608615875, -0.5315847992897034]
joint_pos=[0.0, 0.0, 0.0, -0.9359999895095825, 0.6119999885559082, 0.0] imu_ang_vel=[-0.30041372776031494, 0.01491415686905384, -0.03622009605169296] imu_quat_wxyz=[0.8018247485160828, 0.1839718222618103, 0.20161570608615875, -0.5315847992897034]
joint_pos=[0.0, 0.0, 0.0, -0.972000002861023, 0.6480000019073486, 0.0] imu_ang_vel=[-0.19175344705581665, -0.02343653328716755, 0.20027582347393036] imu_quat_wxyz=[0.805472195148468, 0.18088603019714355, 0.20224547386169434, -0.526869535446167]
joint_pos=[0.0, 0.0, 0.0, -0.972000002861023, 0.5400000214576721, 0.0] imu_ang_vel=[-0.19175344705581665, -0.02343653328716755, 0.20027582347393036] imu_quat_wxyz=[0.805472195148468, 0.18088603019714355, 0.20224547386169434, -0.526869535446167]
joint_pos=[0.0, 0.0, 0.0, -0.8999999761581421, 0.5759999752044678, 0.0] imu_ang_vel=[-0.21732057631015778, -0.09055023640394211, 0.328111469745636] imu_quat_wxyz=[0.8106788396835327, 0.17705731093883514, 0.2020692229270935, -0.5202102065086365]
joint_pos=[0.0, 0.0, 0.0, -0.8999999761581421, 0.6119999885559082, 0.0] imu_ang_vel=[-0.21732057631015778, -0.09055023640394211, 0.328111469745636] imu_quat_wxyz=[0.8106788396835327, 0.17705731093883514, 0.2020692229270935, -0.5202102065086365]
joint_pos=[0.0, 0.0, 0.0, -0.8999999761581421, 0.5040000081062317, 0.0] imu_ang_vel=[-1.1324106454849243, 0.9140247702598572, 0.4559471011161804] imu_quat_wxyz=[0.8142775893211365, 0.1758013516664505, 0.21668002009391785, -0.5090144276618958]
joint_pos=[0.0, 0.0, 0.0, -0.8640000224113464, 0.5400000214576721, 0.0] imu_ang_vel=[-1.1324106454849243, 0.9140247702598572, 0.4559471011161804] imu_quat_wxyz=[0.8142775893211365, 0.1758013516664505, 0.21668002009391785, -0.5090144276618958]
joint_pos=[0.0, 0.0, 0.0, -0.8640000224113464, 0.5759999752044678, 0.0] imu_ang_vel=[0.6807247400283813, -0.12463974207639694, -0.17896988987922668] imu_quat_wxyz=[0.8150950074195862, 0.18174341320991516, 0.21001364290714264, -0.5084129571914673]
joint_pos=[0.0, 0.0, 0.0, -0.8640000224113464, 0.46799999475479126, 0.0] imu_ang_vel=[0.6807247400283813, -0.12463974207639694, -0.17896988987922668] imu_quat_wxyz=[0.8150950074195862, 0.18174341320991516, 0.21001364290714264, -0.5084129571914673]
joint_pos=[0.0, 0.0, 0.0, -0.7919999957084656, 0.5400000214576721, 0.0] imu_ang_vel=[-0.14488038420677185, -0.0468730665743351, -0.2226470559835434] imu_quat_wxyz=[0.8141002058982849, 0.17851991951465607, 0.21042656898498535, -0.51097172498703]
joint_pos=[0.0, 0.0, 0.0, -0.7919999957084656, 0.5400000214576721, 0.0] imu_ang_vel=[-0.14488038420677185, -0.0468730665743351, -0.2226470559835434] imu_quat_wxyz=[0.8141002058982849, 0.17851991951465607, 0.21042656898498535, -0.51097172498703]
joint_pos=[0.0, 0.0, 0.0, -0.7919999957084656, 0.3959999978542328, 0.0] imu_ang_vel=[0.034089501947164536, -0.22690825164318085, 0.12250914424657822] imu_quat_wxyz=[0.8162251710891724, 0.17549164593219757, 0.21296802163124084, -0.5075663924217224]
joint_pos=[0.0, 0.0, 0.0, -0.7559999823570251, 0.5400000214576721, 0.0] imu_ang_vel=[0.034089501947164536, -0.22690825164318085, 0.12250914424657822] imu_quat_wxyz=[0.8162251710891724, 0.17549164593219757, 0.21296802163124084, -0.5075663924217224]
joint_pos=[0.0, 0.0, 0.0, -0.7559999823570251, 0.5040000081062317, 0.0] imu_ang_vel=[-0.07563608139753342, -0.3014790415763855, 0.35261330008506775] imu_quat_wxyz=[0.821886420249939, 0.17025823891162872, 0.21196286380290985, -0.500586211681366]
joint_pos=[0.0, 0.0, 0.0, -0.7559999823570251, 0.36000001430511475, 0.0] imu_ang_vel=[-0.07563608139753342, -0.3014790415763855, 0.35261330008506775] imu_quat_wxyz=[0.821886420249939, 0.17025823891162872, 0.21196286380290985, -0.500586211681366]
joint_pos=[0.0, 0.0, 0.0, -0.7200000286102295, 0.5400000214576721, 0.0] imu_ang_vel=[-0.02024064213037491, -0.23543062806129456, 0.21199409663677216] imu_quat_wxyz=[0.8267722129821777, 0.1651955395936966, 0.21051566302776337, -0.4948144257068634]
joint_pos=[0.0, 0.0, 0.0, -0.7200000286102295, 0.5040000081062317, 0.0] imu_ang_vel=[-0.02024064213037491, -0.23543062806129456, 0.21199409663677216] imu_quat_wxyz=[0.8267722129821777, 0.1651955395936966, 0.21051566302776337, -0.4948144257068634]
joint_pos=[0.0, 0.0, 0.0, -0.7200000286102295, 0.36000001430511475, 0.0] imu_ang_vel=[0.045807767659425735, -0.12996622920036316, 0.054330144077539444] imu_quat_wxyz=[0.8289297223091125, 0.16310855746269226, 0.2098502218723297, -0.4921726584434509]
joint_pos=[0.0, 0.0, 0.0, -0.6840000152587891, 0.5400000214576721, 0.0] imu_ang_vel=[0.045807767659425735, -0.12996622920036316, 0.054330144077539444] imu_quat_wxyz=[0.8289297223091125, 0.16310855746269226, 0.2098502218723297, -0.4921726584434509]
joint_pos=[0.0, 0.0, 0.0, -0.6840000152587891, 0.5040000081062317, 0.0] imu_ang_vel=[0.08309315890073776, -0.19175344705581665, 0.0] imu_quat_wxyz=[0.830700695514679, 0.16101449728012085, 0.20796087384223938, -0.4906759560108185]
joint_pos=[0.0, 0.0, 0.0, -0.6840000152587891, 0.36000001430511475, 0.0] imu_ang_vel=[0.08309315890073776, -0.19175344705581665, 0.0] imu_quat_wxyz=[0.830700695514679, 0.16101449728012085, 0.20796087384223938, -0.4906759560108185]
joint_pos=[0.0, 0.0, 0.0, -0.6480000019073486, 0.5400000214576721, 0.0] imu_ang_vel=[-0.030893610790371895, -0.18962284922599792, 0.11292147636413574] imu_quat_wxyz=[0.8328617215156555, 0.15922890603542328, 0.20638532936573029, -0.488254576921463]
joint_pos=[0.0, 0.0, 0.0, -0.6480000019073486, 0.5040000081062317, 0.0] imu_ang_vel=[-0.030893610790371895, -0.18962284922599792, 0.11292147636413574] imu_quat_wxyz=[0.8328617215156555, 0.15922890603542328, 0.20638532936573029, -0.488254576921463]
joint_pos=[0.0, 0.0, 0.0, -0.6480000019073486, 0.36000001430511475, 0.0] imu_ang_vel=[0.03622009605169296, -0.1906881481409073, 0.022371236234903336] imu_quat_wxyz=[0.8348856568336487, 0.15695342421531677, 0.2054947316646576, -0.48590460419654846]
joint_pos=[0.0, 0.0, 0.0, -0.6119999885559082, 0.5400000214576721, 0.0] imu_ang_vel=[0.03622009605169296, -0.1906881481409073, 0.022371236234903336] imu_quat_wxyz=[0.8348856568336487, 0.15695342421531677, 0.2054947316646576, -0.48590460419654846]
joint_pos=[0.0, 0.0, 0.0, -0.6119999885559082, 0.5040000081062317, 0.0] imu_ang_vel=[0.16299043595790863, -0.13635800778865814, -0.14168448746204376] imu_quat_wxyz=[0.8347429633140564, 0.15646491944789886, 0.20500299334526062, -0.4865148365497589]
joint_pos=[0.0, 0.0, 0.0, -0.6119999885559082, 0.36000001430511475, 0.0] imu_ang_vel=[0.16299043595790863, -0.13635800778865814, -0.14168448746204376] imu_quat_wxyz=[0.8347429633140564, 0.15646491944789886, 0.20500299334526062, -0.4865148365497589]
joint_pos=[0.0, 0.0, 0.0, -0.5759999752044678, 0.5400000214576721, 0.0] imu_ang_vel=[0.10226850211620331, -0.09907261282205582, -0.10120321065187454] imu_quat_wxyz=[0.8337981104850769, 0.15659724175930023, 0.2039855718612671, -0.4885161221027374]
joint_pos=[0.0, 0.0, 0.0, -0.5400000214576721, 0.5040000081062317, 0.0] imu_ang_vel=[0.10226850211620331, -0.09907261282205582, -0.10120321065187454] imu_quat_wxyz=[0.8337981104850769, 0.15659724175930023, 0.2039855718612671, -0.4885161221027374]
joint_pos=[0.0, 0.0, 0.0, -0.5400000214576721, 0.36000001430511475, 0.0] imu_ang_vel=[-0.13955390453338623, -0.11931325495243073, 0.15553335845470428] imu_quat_wxyz=[0.8355578780174255, 0.15365567803382874, 0.20362915098667145, -0.4865882992744446]
joint_pos=[0.0, 0.0, 0.0, -0.5040000081062317, 0.5400000214576721, 0.0] imu_ang_vel=[-0.13955390453338623, -0.11931325495243073, 0.15553335845470428] imu_quat_wxyz=[0.8355578780174255, 0.15365567803382874, 0.20362915098667145, -0.4865882992744446]
joint_pos=[0.0, 0.0, 0.0, -0.5040000081062317, 0.5040000081062317, 0.0] imu_ang_vel=[-0.4133352041244507, -0.31532788276672363, 0.30254432559013367] imu_quat_wxyz=[0.8364278078079224, 0.14437098801136017, 0.2143859714269638, -0.4833054542541504]
joint_pos=[0.0, 0.0, 0.0, -0.5040000081062317, 0.36000001430511475, 0.0] imu_ang_vel=[-0.4133352041244507, -0.31532788276672363, 0.30254432559013367] imu_quat_wxyz=[0.8364278078079224, 0.14437098801136017, 0.2143859714269638, -0.4833054542541504]
joint_pos=[0.0, 0.0, 0.0, -0.46799999475479126, 0.5400000214576721, 0.0] imu_ang_vel=[-0.597631573677063, -0.09161553531885147, 0.24821418523788452] imu_quat_wxyz=[0.8404720425605774, 0.13806498050689697, 0.21650941669940948, -0.47714605927467346]
joint_pos=[0.0, 0.0, 0.0, -0.46799999475479126, 0.5040000081062317, 0.0] imu_ang_vel=[-0.597631573677063, -0.09161553531885147, 0.24821418523788452] imu_quat_wxyz=[0.8404720425605774, 0.13806498050689697, 0.21650941669940948, -0.47714605927467346]
joint_pos=[0.0, 0.0, 0.0, -0.46799999475479126, 0.36000001430511475, 0.0] imu_ang_vel=[-0.46127358078956604, 0.028763016685843468, 0.580586850643158] imu_quat_wxyz=[0.8447409868240356, 0.13066715002059937, 0.22385472059249878, -0.46821749210357666]
joint_pos=[0.0, 0.0, 0.0, -0.4320000112056732, 0.5400000214576721, 0.0] imu_ang_vel=[-0.46127358078956604, 0.028763016685843468, 0.580586850643158] imu_quat_wxyz=[0.8447409868240356, 0.13066715002059937, 0.22385472059249878, -0.46821749210357666]
joint_pos=[0.0, 0.0, 0.0, -0.4320000112056732, 0.5040000081062317, 0.0] imu_ang_vel=[-0.04367717355489731, 1.4615874290466309, -0.13848860561847687] imu_quat_wxyz=[0.845343291759491, 0.1251893788576126, 0.23765748739242554, -0.4617806673049927]
joint_pos=[0.0, 0.0, 0.0, -0.4320000112056732, 0.36000001430511475, 0.0] imu_ang_vel=[-0.04367717355489731, 1.4615874290466309, -0.13848860561847687] imu_quat_wxyz=[0.845343291759491, 0.1251893788576126, 0.23765748739242554, -0.4617806673049927]
joint_pos=[0.0, 0.0, 0.0, -0.3959999978542328, 0.5400000214576721, 0.0] imu_ang_vel=[2.6216957569122314, -0.9214818477630615, -1.046121597290039] imu_quat_wxyz=[0.838380753993988, 0.1421843022108078, 0.20997706055641174, -0.48250481486320496]
joint_pos=[0.0, 0.0, 0.0, -0.3959999978542328, 0.5040000081062317, 0.0] imu_ang_vel=[2.6216957569122314, -0.9214818477630615, -1.046121597290039] imu_quat_wxyz=[0.838380753993988, 0.1421843022108078, 0.20997706055641174, -0.48250481486320496]
joint_pos=[0.0, 0.0, 0.0, -0.3959999978542328, 0.36000001430511475, 0.0] imu_ang_vel=[-0.05965662747621536, 0.027697719633579254, 0.4538165032863617] imu_quat_wxyz=[0.836349606513977, 0.17243552207946777, 0.20094090700149536, -0.4800082743167877]
joint_pos=[0.0, 0.0, 0.0, -0.36000001430511475, 0.5400000214576721, 0.0] imu_ang_vel=[-0.05965662747621536, 0.027697719633579254, 0.4538165032863617] imu_quat_wxyz=[0.836349606513977, 0.17243552207946777, 0.20094090700149536, -0.4800082743167877]
joint_pos=[0.0, 0.0, 0.0, -0.36000001430511475, 0.5040000081062317, 0.0] imu_ang_vel=[-0.2844342887401581, 0.07670138031244278, 0.16192513704299927] imu_quat_wxyz=[0.8364725708961487, 0.16739343106746674, 0.20537200570106506, -0.47970345616340637]
joint_pos=[0.0, 0.0, 0.0, -0.36000001430511475, 0.36000001430511475, 0.0] imu_ang_vel=[-0.2844342887401581, 0.07670138031244278, 0.16192513704299927] imu_quat_wxyz=[0.8364725708961487, 0.16739343106746674, 0.20537200570106506, -0.47970345616340637]
joint_pos=[0.0, 0.0, 0.0, -0.3240000009536743, 0.5400000214576721, 0.0] imu_ang_vel=[-0.17896988987922668, 0.1171826645731926, 0.1693822145462036] imu_quat_wxyz=[0.8355967402458191, 0.1663951724767685, 0.2063828706741333, -0.4811410903930664]
joint_pos=[0.0, 0.0, 0.0, -0.3240000009536743, 0.5040000081062317, 0.0] imu_ang_vel=[-0.17896988987922668, 0.1171826645731926, 0.1693822145462036] imu_quat_wxyz=[0.8355967402458191, 0.1663951724767685, 0.2063828706741333, -0.4811410903930664]
joint_pos=[0.0, 0.0, 0.0, -0.3240000009536743, 0.36000001430511475, 0.0] imu_ang_vel=[-0.18323107063770294, 0.1374233067035675, 0.18110047280788422] imu_quat_wxyz=[0.8351196646690369, 0.16604553163051605, 0.207448810338974, -0.48163142800331116]
joint_pos=[0.0, 0.0, 0.0, -0.2879999876022339, 0.5400000214576721, 0.0] imu_ang_vel=[-0.18323107063770294, 0.1374233067035675, 0.18110047280788422] imu_quat_wxyz=[0.8351196646690369, 0.16604553163051605, 0.207448810338974, -0.48163142800331116]
joint_pos=[0.0, 0.0, 0.0, -0.2879999876022339, 0.5040000081062317, 0.0] imu_ang_vel=[-0.20560230314731598, 0.1693822145462036, 0.2162552773952484] imu_quat_wxyz=[0.8349946737289429, 0.1655256599187851, 0.20868036150932312, -0.4814952611923218]
joint_pos=[0.0, 0.0, 0.0, -0.2879999876022339, 0.36000001430511475, 0.0] imu_ang_vel=[-0.20560230314731598, 0.1693822145462036, 0.2162552773952484] imu_quat_wxyz=[0.8349946737289429, 0.1655256599187851, 0.20868036150932312, -0.4814952611923218]
joint_pos=[0.0, 0.0, 0.0, -0.25200000405311584, 0.5400000214576721, 0.0] imu_ang_vel=[-0.2077329009771347, 0.13955390453338623, 0.2663242220878601] imu_quat_wxyz=[0.8352822065353394, 0.16571490466594696, 0.21025793254375458, -0.4802434742450714]
joint_pos=[0.0, 0.0, 0.0, -0.2160000056028366, 0.5040000081062317, 0.0] imu_ang_vel=[-0.2077329009771347, 0.13955390453338623, 0.2663242220878601] imu_quat_wxyz=[0.8352822065353394, 0.16571490466594696, 0.21025793254375458, -0.4802434742450714]
joint_pos=[0.0, 0.0, 0.0, -0.2160000056028366, 0.36000001430511475, 0.0] imu_ang_vel=[-0.2279735505580902, 0.12783563137054443, 0.2631283402442932] imu_quat_wxyz=[0.8359854221343994, 0.16531288623809814, 0.21132712066173553, -0.47868654131889343]
joint_pos=[0.0, 0.0, 0.0, -0.2160000056028366, 0.5400000214576721, 0.0] imu_ang_vel=[-0.2279735505580902, 0.12783563137054443, 0.2631283402442932] imu_quat_wxyz=[0.8359854221343994, 0.16531288623809814, 0.21132712066173553, -0.47868654131889343]
joint_pos=[0.0, 0.0, 0.0, -0.18000000715255737, 0.5040000081062317, 0.0] imu_ang_vel=[0.0, 0.0, 0.3068055212497711] imu_quat_wxyz=[0.836687445640564, 0.16598233580589294, 0.20995844900608063, -0.4778299927711487]
joint_pos=[0.0, 0.0, 0.0, -0.18000000715255737, 0.36000001430511475, 0.0] imu_ang_vel=[0.0, 0.0, 0.3068055212497711] imu_quat_wxyz=[0.836687445640564, 0.16598233580589294, 0.20995844900608063, -0.4778299927711487]
joint_pos=[0.0, 0.0, 0.0, -0.18000000715255737, 0.5400000214576721, 0.0] imu_ang_vel=[-0.12357444316148758, 0.05326484516263008, 0.2897607684135437] imu_quat_wxyz=[0.8367429971694946, 0.17012476921081543, 0.20731313526630402, -0.4774305820465088]
joint_pos=[0.0, 0.0, 0.0, -0.14399999380111694, 0.5040000081062317, 0.0] imu_ang_vel=[-0.12357444316148758, 0.05326484516263008, 0.2897607684135437] imu_quat_wxyz=[0.8367429971694946, 0.17012476921081543, 0.20731313526630402, -0.4774305820465088]
joint_pos=[0.0, 0.0, 0.0, -0.1080000028014183, 0.36000001430511475, 0.0] imu_ang_vel=[-0.1438150852918625, -0.0937461331486702, 0.433575838804245] imu_quat_wxyz=[0.8387044072151184, 0.16826635599136353, 0.20457080006599426, -0.4758278727531433]
joint_pos=[0.0, 0.0, 0.0, -0.14399999380111694, 0.5400000214576721, 0.0] imu_ang_vel=[-0.1438150852918625, -0.0937461331486702, 0.433575838804245] imu_quat_wxyz=[0.8387044072151184, 0.16826635599136353, 0.20457080006599426, -0.4758278727531433]
joint_pos=[0.0, 0.0, 0.0, -0.1080000028014183, 0.5040000081062317, 0.0] imu_ang_vel=[0.11185617744922638, 0.22903883457183838, 0.6072192788124084] imu_quat_wxyz=[0.8410607576370239, 0.17546674609184265, 0.20190459489822388, -0.47017309069633484]
joint_pos=[0.0, 0.0, 0.0, -0.07199999690055847, 0.36000001430511475, 0.0] imu_ang_vel=[0.11185617744922638, 0.22903883457183838, 0.6072192788124084] imu_quat_wxyz=[0.8410607576370239, 0.17546674609184265, 0.20190459489822388, -0.47017309069633484]
joint_pos=[0.0, 0.0, 0.0, -0.1080000028014183, 0.5400000214576721, 0.0] imu_ang_vel=[-0.1171826645731926, 0.17683929204940796, 0.23649592697620392] imu_quat_wxyz=[0.8409380912780762, 0.1812855303287506, 0.20195844769477844, -0.4681575894355774]
joint_pos=[0.0, 0.0, 0.0, -0.07199999690055847, 0.5040000081062317, 0.0] imu_ang_vel=[-0.1171826645731926, 0.17683929204940796, 0.23649592697620392] imu_quat_wxyz=[0.8409380912780762, 0.1812855303287506, 0.20195844769477844, -0.4681575894355774]
joint_pos=[0.0, 0.0, 0.0, -0.07199999690055847, 0.36000001430511475, 0.0] imu_ang_vel=[-0.10120321065187454, 0.18642696738243103, 0.10120321065187454] imu_quat_wxyz=[0.8398444056510925, 0.18431782722473145, 0.2041163593530655, -0.46800073981285095]
joint_pos=[0.0, 0.0, 0.0, -0.07199999690055847, 0.5400000214576721, 0.0] imu_ang_vel=[-0.10120321065187454, 0.18642696738243103, 0.10120321065187454] imu_quat_wxyz=[0.8398444056510925, 0.18431782722473145, 0.2041163593530655, -0.46800073981285095]
joint_pos=[0.0, 0.0, 0.0, -0.07199999690055847, 0.5040000081062317, 0.0] imu_ang_vel=[-0.08309315890073776, 0.1257050335407257, 0.02024064213037491] imu_quat_wxyz=[0.8376534581184387, 0.18688638508319855, 0.20857606828212738, -0.4689415395259857]
joint_pos=[0.0, 0.0, 0.0, -0.07199999690055847, 0.36000001430511475, 0.0] imu_ang_vel=[-0.08309315890073776, 0.1257050335407257, 0.02024064213037491] imu_quat_wxyz=[0.8376534581184387, 0.18688638508319855, 0.20857606828212738, -0.4689415395259857]
joint_pos=[0.0, 0.0, 0.0, -0.07199999690055847, 0.5400000214576721, 0.0] imu_ang_vel=[0.0, 0.14488038420677185, -0.02982831373810768] imu_quat_wxyz=[0.8353515267372131, 0.18682606518268585, 0.21328341960906982, -0.47095006704330444]
joint_pos=[0.0, 0.0, 0.0, -0.035999998450279236, 0.5040000081062317, 0.0] imu_ang_vel=[0.0, 0.14488038420677185, -0.02982831373810768] imu_quat_wxyz=[0.8353515267372131, 0.18682606518268585, 0.21328341960906982, -0.47095006704330444]
joint_pos=[0.0, 0.0, 0.0, -0.035999998450279236, 0.36000001430511475, 0.0] imu_ang_vel=[0.042611878365278244, 0.04793836176395416, -0.06498311460018158] imu_quat_wxyz=[0.8330336809158325, 0.1872284710407257, 0.21686318516731262, -0.47325557470321655]
joint_pos=[0.0, 0.0, 0.0, -0.035999998450279236, 0.5400000214576721, 0.0] imu_ang_vel=[0.042611878365278244, 0.04793836176395416, -0.06498311460018158] imu_quat_wxyz=[0.8330336809158325, 0.1872284710407257, 0.21686318516731262, -0.47325557470321655]
joint_pos=[0.0, 0.0, 0.0, -0.035999998450279236, 0.5040000081062317, 0.0] imu_ang_vel=[0.1491415649652481, 0.0937461331486702, -0.08628904819488525] imu_quat_wxyz=[0.8303316235542297, 0.18849579989910126, 0.2194630354642868, -0.47629258036613464]
joint_pos=[0.0, 0.0, 0.0, -0.035999998450279236, 0.36000001430511475, 0.0] imu_ang_vel=[0.1491415649652481, 0.0937461331486702, -0.08628904819488525] imu_quat_wxyz=[0.8303316235542297, 0.18849579989910126, 0.2194630354642868, -0.47629258036613464]
joint_pos=[0.0, 0.0, 0.0, -0.035999998450279236, 0.5400000214576721, 0.0] imu_ang_vel=[0.13848860561847687, -0.011718266643583775, -0.2279735505580902] imu_quat_wxyz=[0.8284002542495728, 0.18987879157066345, 0.21821701526641846, -0.4796670079231262]
joint_pos=[0.0, 0.0, 0.0, -0.035999998450279236, 0.5040000081062317, 0.0] imu_ang_vel=[0.13848860561847687, -0.011718266643583775, -0.2279735505580902] imu_quat_wxyz=[0.8284002542495728, 0.18987879157066345, 0.21821701526641846, -0.4796670079231262]
joint_pos=[0.0, 0.0, 0.0, -0.035999998450279236, 0.36000001430511475, 0.0] imu_ang_vel=[0.034089501947164536, -0.027697719633579254, -0.5603461861610413] imu_quat_wxyz=[0.8236593008041382, 0.18987378478050232, 0.2203465700149536, -0.4868065118789673]
joint_pos=[0.0, 0.0, 0.0, -0.035999998450279236, 0.5400000214576721, 0.0] imu_ang_vel=[0.034089501947164536, -0.027697719633579254, -0.5603461861610413] imu_quat_wxyz=[0.8236593008041382, 0.18987378478050232, 0.2203465700149536, -0.4868065118789673]
joint_pos=[0.0, 0.0, 0.0, -0.035999998450279236, 0.5040000081062317, 0.0] imu_ang_vel=[0.08309315890073776, -0.030893610790371895, -0.322784960269928] imu_quat_wxyz=[0.8204103708267212, 0.19007882475852966, 0.21934159100055695, -0.4926317632198334]
joint_pos=[0.0, 0.0, 0.0, -0.035999998450279236, 0.36000001430511475, 0.0] imu_ang_vel=[0.08309315890073776, -0.030893610790371895, -0.322784960269928] imu_quat_wxyz=[0.8204103708267212, 0.19007882475852966, 0.21934159100055695, -0.4926317632198334]
joint_pos=[0.0, 0.0, 0.0, -0.035999998450279236, 0.5400000214576721, 0.0] imu_ang_vel=[0.012783562764525414, 0.010652969591319561, -0.3163931965827942] imu_quat_wxyz=[0.8177781701087952, 0.18881739675998688, 0.21968908607959747, -0.49731630086898804]
joint_pos=[0.0, 0.0, 0.0, -0.035999998450279236, 0.5400000214576721, 0.0] imu_ang_vel=[0.012783562764525414, 0.010652969591319561, -0.3163931965827942] imu_quat_wxyz=[0.8177781701087952, 0.18881739675998688, 0.21968908607959747, -0.49731630086898804]
joint_pos=[0.0, 0.0, 0.0, -0.035999998450279236, 0.5400000214576721, 0.0] imu_ang_vel=[-0.28549957275390625, -0.5454320311546326, -0.7169448137283325] imu_quat_wxyz=[0.8135836720466614, 0.17746560275554657, 0.2206927388906479, -0.5078212022781372]
joint_pos=[0.0, 0.0, 0.0, -0.035999998450279236, 0.5400000214576721, 0.0] imu_ang_vel=[-0.28549957275390625, -0.5454320311546326, -0.7169448137283325] imu_quat_wxyz=[0.8135836720466614, 0.17746560275554657, 0.2206927388906479, -0.5078212022781372]
joint_pos=[0.0, 0.0, 0.0, -0.035999998450279236, 0.5400000214576721, 0.0] imu_ang_vel=[-0.24821418523788452, -0.12037855386734009, -0.3803110122680664] imu_quat_wxyz=[0.8131978511810303, 0.16933287680149078, 0.2243444174528122, -0.5096126198768616]
joint_pos=[0.0, 0.0, 0.0, -0.035999998450279236, 0.5400000214576721, 0.0] imu_ang_vel=[-0.24821418523788452, -0.12037855386734009, -0.3803110122680664] imu_quat_wxyz=[0.8131978511810303, 0.16933287680149078, 0.2243444174528122, -0.5096126198768616]
joint_pos=[0.0, 0.0, 0.0, -0.035999998450279236, 0.5400000214576721, 0.0] imu_ang_vel=[0.12250914424657822, -0.17151281237602234, -0.13635800778865814] imu_quat_wxyz=[0.8121534585952759, 0.16159579157829285, 0.22359587252140045, -0.514099657535553]
joint_pos=[0.0, 0.0, 0.0, -0.035999998450279236, 0.5400000214576721, 0.0] imu_ang_vel=[0.12250914424657822, -0.17151281237602234, -0.13635800778865814] imu_quat_wxyz=[0.8121534585952759, 0.16159579157829285, 0.22359587252140045, -0.514099657535553]
joint_pos=[0.0, 0.0, 0.0, -0.035999998450279236, 0.5400000214576721, 0.0] imu_ang_vel=[-0.10866028815507889, -0.6146763563156128, 0.011718266643583775] imu_quat_wxyz=[0.8137608766555786, 0.1549520045518875, 0.2176239937543869, -0.5161616802215576]
joint_pos=[0.0, 0.0, 0.0, -0.035999998450279236, 0.5400000214576721, 0.0] imu_ang_vel=[-0.10866028815507889, -0.6146763563156128, 0.011718266643583775] imu_quat_wxyz=[0.8137608766555786, 0.1549520045518875, 0.2176239937543869, -0.5161616802215576]
joint_pos=[0.0, 0.0, 0.0, -0.035999998450279236, 0.5400000214576721, 0.0] imu_ang_vel=[0.082027867436409, -0.16512101888656616, -0.5358443856239319] imu_quat_wxyz=[0.8159695267677307, 0.15888848900794983, 0.20884163677692413, -0.5151050686836243]
joint_pos=[0.0, 0.0, 0.0, -0.035999998450279236, 0.5400000214576721, 0.0] imu_ang_vel=[0.082027867436409, -0.16512101888656616, -0.5358443856239319] imu_quat_wxyz=[0.8159695267677307, 0.15888848900794983, 0.20884163677692413, -0.5151050686836243]
joint_pos=[0.0, 0.0, 0.0, -0.035999998450279236, 0.5400000214576721, 0.0] imu_ang_vel=[0.8437151908874512, -1.410453200340271, 0.15020686388015747] imu_quat_wxyz=[0.8198610544204712, 0.16231465339660645, 0.1875806301832199, -0.516038179397583]
joint_pos=[0.0, 0.0, 0.0, -0.035999998450279236, 0.5400000214576721, 0.0] imu_ang_vel=[0.8437151908874512, -1.410453200340271, 0.15020686388015747] imu_quat_wxyz=[0.8198610544204712, 0.16231465339660645, 0.1875806301832199, -0.516038179397583]
joint_pos=[0.0, 0.0, 0.0, -0.035999998450279236, 0.5400000214576721, 0.0] imu_ang_vel=[1.5308316946029663, -0.5326484441757202, -3.0627286434173584] imu_quat_wxyz=[0.7936962246894836, 0.16511397063732147, 0.19618642330169678, -0.5516288876533508]
joint_pos=[0.0, 0.0, 0.0, -0.035999998450279236, 0.5400000214576721, 0.0] imu_ang_vel=[1.5308316946029663, -0.5326484441757202, -3.0627286434173584] imu_quat_wxyz=[0.7936962246894836, 0.16511397063732147, 0.19618642330169678, -0.5516288876533508]
joint_pos=[0.0, 0.0, 0.0, -0.035999998450279236, 0.5400000214576721, 0.0] imu_ang_vel=[1.2815521955490112, -0.24395300447940826, -2.97963547706604] imu_quat_wxyz=[0.7537663578987122, 0.18254369497299194, 0.18782809376716614, -0.6026894450187683]
joint_pos=[0.0, 0.0, 0.0, -0.035999998450279236, 0.5400000214576721, 0.0] imu_ang_vel=[1.2815521955490112, -0.24395300447940826, -2.97963547706604] imu_quat_wxyz=[0.7537663578987122, 0.18254369497299194, 0.18782809376716614, -0.6026894450187683]
joint_pos=[0.0, 0.0, 0.0, -0.035999998450279236, 0.5400000214576721, 0.0] imu_ang_vel=[-0.2609977424144745, 0.10866028815507889, 1.083406925201416] imu_quat_wxyz=[0.7543686628341675, 0.18976767361164093, 0.177219420671463, -0.6029173135757446]
joint_pos=[0.0, 0.0, 0.0, -0.035999998450279236, 0.5400000214576721, 0.0] imu_ang_vel=[-0.2609977424144745, 0.10866028815507889, 1.083406925201416] imu_quat_wxyz=[0.7543686628341675, 0.18976767361164093, 0.177219420671463, -0.6029173135757446]
joint_pos=[0.0, 0.0, 0.0, -0.035999998450279236, 0.5400000214576721, 0.0] imu_ang_vel=[-0.9332001209259033, -0.1171826645731926, 1.7790459394454956] imu_quat_wxyz=[0.7768486738204956, 0.1851859986782074, 0.17430585622787476, -0.5760465860366821]
joint_pos=[0.0, 0.0, 0.0, -0.035999998450279236, 0.5400000214576721, 0.0] imu_ang_vel=[-0.9332001209259033, -0.1171826645731926, 1.7790459394454956] imu_quat_wxyz=[0.7768486738204956, 0.1851859986782074, 0.17430585622787476, -0.5760465860366821]
joint_pos=[0.0, 0.0, 0.0, -0.035999998450279236, 0.5400000214576721, 0.0] imu_ang_vel=[-0.844780445098877, 0.25567126274108887, 0.9928567409515381] imu_quat_wxyz=[0.7937608957290649, 0.18351422250270844, 0.17659008502960205, -0.5523422956466675]
joint_pos=[0.0, 0.0, 0.0, -0.035999998450279236, 0.5400000214576721, 0.0] imu_ang_vel=[-0.844780445098877, 0.25567126274108887, 0.9928567409515381] imu_quat_wxyz=[0.7937608957290649, 0.18351422250270844, 0.17659008502960205, -0.5523422956466675]
joint_pos=[0.0, 0.0, 0.0, -0.035999998450279236, 0.5400000214576721, 0.0] imu_ang_vel=[0.3419603109359741, 0.10439909994602203, -0.14274978637695312] imu_quat_wxyz=[0.7973193526268005, 0.18518465757369995, 0.17727762460708618, -0.5464075207710266]
joint_pos=[0.0, 0.0, 0.0, -0.035999998450279236, 0.5400000214576721, 0.0] imu_ang_vel=[0.3419603109359741, 0.10439909994602203, -0.14274978637695312] imu_quat_wxyz=[0.7973193526268005, 0.18518465757369995, 0.17727762460708618, -0.5464075207710266]
joint_pos=[0.0, 0.0, 0.0, -0.035999998450279236, 0.5400000214576721, 0.0] imu_ang_vel=[0.15659864246845245, -0.12357444316148758, -0.49962425231933594] imu_quat_wxyz=[0.7913246750831604, 0.18653765320777893, 0.17330539226531982, -0.555854320526123]
joint_pos=[0.0, 0.0, 0.0, -0.035999998450279236, 0.5400000214576721, 0.0] imu_ang_vel=[0.15659864246845245, -0.12357444316148758, -0.49962425231933594] imu_quat_wxyz=[0.7913246750831604, 0.18653765320777893, 0.17330539226531982, -0.555854320526123]
joint_pos=[0.0, 0.0, 0.0, -0.035999998450279236, 0.5400000214576721, 0.0] imu_ang_vel=[0.0, -0.16299043595790863, 0.37072333693504333] imu_quat_wxyz=[0.7916033267974854, 0.1881130188703537, 0.17106477916240692, -0.5556207895278931]
joint_pos=[0.0, 0.0, 0.0, -0.035999998450279236, 0.5400000214576721, 0.0] imu_ang_vel=[0.0, -0.16299043595790863, 0.37072333693504333] imu_quat_wxyz=[0.7916033267974854, 0.1881130188703537, 0.17106477916240692, -0.5556207895278931]
joint_pos=[0.0, 0.0, 0.0, -0.035999998450279236, 0.5400000214576721, 0.0] imu_ang_vel=[-0.7244018912315369, -0.2546059787273407, 1.3422741889953613] imu_quat_wxyz=[0.8039515614509583, 0.1839608997106552, 0.16981936991214752, -0.5394271016120911]
joint_pos=[0.0, 0.0, 0.0, -0.035999998450279236, 0.5400000214576721, 0.0] imu_ang_vel=[-0.7244018912315369, -0.2546059787273407, 1.3422741889953613] imu_quat_wxyz=[0.8039515614509583, 0.1839608997106552, 0.16981936991214752, -0.5394271016120911]
joint_pos=[0.0, 0.0, 0.0, -0.035999998450279236, 0.5400000214576721, 0.0] imu_ang_vel=[-0.7936462163925171, -0.18962284922599792, 1.5574641227722168] imu_quat_wxyz=[0.8213039636611938, 0.17562663555145264, 0.17184564471244812, -0.5148632526397705]
joint_pos=[0.0, 0.0, 0.0, -0.035999998450279236, 0.5400000214576721, 0.0] imu_ang_vel=[-0.7936462163925171, -0.18962284922599792, 1.5574641227722168] imu_quat_wxyz=[0.8213039636611938, 0.17562663555145264, 0.17184564471244812, -0.5148632526397705]
joint_pos=[0.0, 0.0, 0.0, -0.035999998450279236, 0.5400000214576721, 0.0] imu_ang_vel=[-0.9342654347419739, 0.4325105547904968, 1.0578398704528809] imu_quat_wxyz=[0.829471230506897, 0.17170798778533936, 0.17970307171344757, -0.5002005100250244]
joint_pos=[0.0, 0.0, 0.0, -0.035999998450279236, 0.5400000214576721, 0.0] imu_ang_vel=[-0.9342654347419739, 0.4325105547904968, 1.0578398704528809] imu_quat_wxyz=[0.829471230506897, 0.17170798778533936, 0.17970307171344757, -0.5002005100250244]
joint_pos=[0.0, 0.0, 0.0, -0.035999998450279236, 0.5400000214576721, 0.0] imu_ang_vel=[1.3092498779296875, 0.3536785840988159, 0.15127216279506683] imu_quat_wxyz=[0.8288515210151672, 0.1754966527223587, 0.18862426280975342, -0.49661538004875183]
joint_pos=[0.0, 0.0, 0.0, -0.035999998450279236, 0.5400000214576721, 0.0] imu_ang_vel=[1.3092498779296875, 0.3536785840988159, 0.15127216279506683] imu_quat_wxyz=[0.8288515210151672, 0.1754966527223587, 0.18862426280975342, -0.49661538004875183]
joint_pos=[0.0, 0.0, 0.0, -0.035999998450279236, 0.5400000214576721, 0.0] imu_ang_vel=[-0.4857754111289978, 0.2578018605709076, -0.6839206218719482] imu_quat_wxyz=[0.8227500319480896, 0.1744937300682068, 0.19184836745262146, -0.5057949423789978]
joint_pos=[0.0, 0.0, 0.0, -0.035999998450279236, 0.5400000214576721, 0.0] imu_ang_vel=[-0.4857754111289978, 0.2578018605709076, -0.6839206218719482] imu_quat_wxyz=[0.8227500319480896, 0.1744937300682068, 0.19184836745262146, -0.5057949423789978]
joint_pos=[0.0, 0.0, 0.0, -0.035999998450279236, 0.5400000214576721, 0.0] imu_ang_vel=[0.0, 0.3803110122680664, 1.1856755018234253] imu_quat_wxyz=[0.826739490032196, 0.17548280954360962, 0.19635631144046783, -0.49714359641075134]
joint_pos=[0.0, 0.0, 0.0, -0.035999998450279236, 0.5400000214576721, 0.0] imu_ang_vel=[0.0, 0.3803110122680664, 1.1856755018234253] imu_quat_wxyz=[0.826739490032196, 0.17548280954360962, 0.19635631144046783, -0.49714359641075134]
joint_pos=[0.0, 0.0, 0.0, -0.035999998450279236, 0.5400000214576721, 0.0] imu_ang_vel=[-0.3952251672744751, -0.9300042390823364, 1.896228551864624] imu_quat_wxyz=[0.8424162864685059, 0.17367443442344666, 0.18899965286254883, -0.4737626612186432]
joint_pos=[0.0, 0.0, 0.0, -0.035999998450279236, 0.5400000214576721, 0.0] imu_ang_vel=[-0.3952251672744751, -0.9300042390823364, 1.896228551864624] imu_quat_wxyz=[0.8424162864685059, 0.17367443442344666, 0.18899965286254883, -0.4737626612186432]
joint_pos=[0.0, 0.0, 0.0, -0.035999998450279236, 0.5400000214576721, 0.0] imu_ang_vel=[-0.42292287945747375, 0.39309456944465637, 1.4296284914016724] imu_quat_wxyz=[0.8559384346008301, 0.17422790825366974, 0.18722045421600342, -0.4494023025035858]
joint_pos=[0.0, 0.0, 0.0, -0.035999998450279236, 0.5400000214576721, 0.0] imu_ang_vel=[-0.42292287945747375, 0.39309456944465637, 1.4296284914016724] imu_quat_wxyz=[0.8559384346008301, 0.17422790825366974, 0.18722045421600342, -0.4494023025035858]
joint_pos=[0.0, 0.0, 0.0, -0.035999998450279236, 0.5400000214576721, 0.0] imu_ang_vel=[0.0, 0.07776667922735214, 0.4751224219799042] imu_quat_wxyz=[0.8599126935005188, 0.16873890161514282, 0.19803942739963531, -0.4391556680202484]
joint_pos=[0.0, 0.0, 0.0, -0.035999998450279236, 0.5400000214576721, 0.0] imu_ang_vel=[0.0, 0.07776667922735214, 0.4751224219799042] imu_quat_wxyz=[0.8599126935005188, 0.16873890161514282, 0.19803942739963531, -0.4391556680202484]
joint_pos=[0.0, 0.0, 0.0, -0.035999998450279236, 0.5400000214576721, 0.0] imu_ang_vel=[0.4719265401363373, -0.69563889503479, 0.6093498468399048] imu_quat_wxyz=[0.8638958930969238, 0.17346154153347015, 0.18509462475776672, -0.43512627482414246]
joint_pos=[0.0, 0.0, 0.0, -0.035999998450279236, 0.5400000214576721, 0.0] imu_ang_vel=[0.4719265401363373, -0.69563889503479, 0.6093498468399048] imu_quat_wxyz=[0.8638958930969238, 0.17346154153347015, 0.18509462475776672, -0.43512627482414246]
joint_pos=[0.0, 0.0, 0.0, -0.035999998450279236, 0.5400000214576721, 0.0] imu_ang_vel=[-0.5230607986450195, 0.5773909687995911, -0.019175345078110695] imu_quat_wxyz=[0.8611089587211609, 0.16934065520763397, 0.2033723145723343, -0.43411386013031006]
joint_pos=[0.0, 0.0, 0.0, -0.035999998450279236, 0.5400000214576721, 0.0] imu_ang_vel=[-0.5230607986450195, 0.5773909687995911, -0.019175345078110695] imu_quat_wxyz=[0.8611089587211609, 0.16934065520763397, 0.2033723145723343, -0.43411386013031006]
joint_pos=[0.0, 0.0, 0.0, -0.035999998450279236, 0.5400000214576721, 0.0] imu_ang_vel=[-0.28549957275390625, 0.5869786143302917, 0.656222939491272] imu_quat_wxyz=[0.8617978692054749, 0.17764431238174438, 0.20687247812747955, -0.42772725224494934]
joint_pos=[0.0, 0.0, 0.0, -0.035999998450279236, 0.5400000214576721, 0.0] imu_ang_vel=[-0.28549957275390625, 0.5869786143302917, 0.656222939491272] imu_quat_wxyz=[0.8617978692054749, 0.17764431238174438, 0.20687247812747955, -0.42772725224494934]
joint_pos=[0.0, 0.0, 0.0, -0.035999998450279236, 0.5400000214576721, 0.0] imu_ang_vel=[0.2759118974208832, 0.10226850211620331, 0.08628904819488525] imu_quat_wxyz=[0.86789470911026, 0.17150616645812988, 0.2162635177373886, -0.41300663352012634]
joint_pos=[0.0, 0.0, 0.0, -0.035999998450279236, 0.5400000214576721, 0.0] imu_ang_vel=[0.2759118974208832, 0.10226850211620331, 0.08628904819488525] imu_quat_wxyz=[0.86789470911026, 0.17150616645812988, 0.2162635177373886, -0.41300663352012634]
joint_pos=[0.0, 0.0, 0.0, -0.035999998450279236, 0.5400000214576721, 0.0] imu_ang_vel=[0.010652969591319561, -0.09907261282205582, -0.04367717355489731] imu_quat_wxyz=[0.8688924908638, 0.16973869502544403, 0.2156795859336853, -0.41194283962249756]
joint_pos=[0.0, 0.0, 0.0, -0.035999998450279236, 0.5400000214576721, 0.0] imu_ang_vel=[0.010652969591319561, -0.09907261282205582, -0.04367717355489731] imu_quat_wxyz=[0.8688924908638, 0.16973869502544403, 0.2156795859336853, -0.41194283962249756]
joint_pos=[0.0, 0.0, 0.0, -0.035999998450279236, 0.5400000214576721, 0.0] imu_ang_vel=[0.0, 0.06391781568527222, -0.08522375673055649] imu_quat_wxyz=[0.8682093024253845, 0.1698542833328247, 0.21948444843292236, -0.4113255739212036]
joint_pos=[0.0, 0.0, 0.0, -0.035999998450279236, 0.5400000214576721, 0.0] imu_ang_vel=[0.0, 0.06391781568527222, -0.08522375673055649] imu_quat_wxyz=[0.8682093024253845, 0.1698542833328247, 0.21948444843292236, -0.4113255739212036]
joint_pos=[0.0, 0.0, 0.0, -0.035999998450279236, 0.5400000214576721, 0.0] imu_ang_vel=[1.234679102897644, -0.9587672352790833, -0.27058541774749756] imu_quat_wxyz=[0.868690550327301, 0.16981635987758636, 0.20591600239276886, -0.4172981381416321]
joint_pos=[0.0, 0.0, 0.0, -0.035999998450279236, 0.5400000214576721, 0.0] imu_ang_vel=[1.234679102897644, -0.9587672352790833, -0.27058541774749756] imu_quat_wxyz=[0.868690550327301, 0.16981635987758636, 0.20591600239276886, -0.4172981381416321]
joint_pos=[0.0, 0.0, 0.0, -0.035999998450279236, 0.5400000214576721, 0.0] imu_ang_vel=[-0.11824796348810196, -0.5741950273513794, -0.12677033245563507] imu_quat_wxyz=[0.8707255721092224, 0.16418181359767914, 0.19715720415115356, -0.41953572630882263]
joint_pos=[0.0, 0.0, 0.0, -0.035999998450279236, 0.5400000214576721, 0.0] imu_ang_vel=[-0.11824796348810196, -0.5741950273513794, -0.12677033245563507] imu_quat_wxyz=[0.8707255721092224, 0.16418181359767914, 0.19715720415115356, -0.41953572630882263]
joint_pos=[0.0, 0.0, 0.0, -0.035999998450279236, 0.5400000214576721, 0.0] imu_ang_vel=[0.44635942578315735, -0.20666760206222534, -0.20986349880695343] imu_quat_wxyz=[0.8693913221359253, 0.16297070682048798, 0.20706512033939362, -0.4179989993572235]
joint_pos=[0.0, 0.0, 0.0, -0.035999998450279236, 0.5400000214576721, 0.0] imu_ang_vel=[0.44635942578315735, -0.20666760206222534, -0.20986349880695343] imu_quat_wxyz=[0.8693913221359253, 0.16297070682048798, 0.20706512033939362, -0.4179989993572235]
joint_pos=[0.0, 0.0, 0.0, -0.035999998450279236, 0.5400000214576721, 0.0] imu_ang_vel=[-0.17470869421958923, 0.2460835874080658, -0.2428877055644989] imu_quat_wxyz=[0.8657677173614502, 0.16788899898529053, 0.2072097361087799, -0.423466295003891]
joint_pos=[0.0, 0.0, 0.0, -0.035999998450279236, 0.5400000214576721, 0.0] imu_ang_vel=[-0.17470869421958923, 0.2460835874080658, -0.2428877055644989] imu_quat_wxyz=[0.8657677173614502, 0.16788899898529053, 0.2072097361087799, -0.423466295003891]
joint_pos=[0.0, 0.0, 0.0, -0.035999998450279236, 0.5400000214576721, 0.0] imu_ang_vel=[0.12783563137054443, 0.08522375673055649, -0.32065439224243164] imu_quat_wxyz=[0.8639572858810425, 0.16467005014419556, 0.21130774915218353, -0.4263923466205597]
joint_pos=[0.0, 0.0, 0.0, -0.035999998450279236, 0.5400000214576721, 0.0] imu_ang_vel=[0.12783563137054443, 0.08522375673055649, -0.32065439224243164] imu_quat_wxyz=[0.8639572858810425, 0.16467005014419556, 0.21130774915218353, -0.4263923466205597]
joint_pos=[0.0, 0.0, 0.0, -0.035999998450279236, 0.5400000214576721, 0.0] imu_ang_vel=[-0.12463974207639694, 0.17790459096431732, -0.3888333737850189] imu_quat_wxyz=[0.8613846898078918, 0.1636476069688797, 0.21357479691505432, -0.43083837628364563]
joint_pos=[0.0, 0.0, 0.0, -0.035999998450279236, 0.5400000214576721, 0.0] imu_ang_vel=[-0.12463974207639694, 0.17790459096431732, -0.3888333737850189] imu_quat_wxyz=[0.8613846898078918, 0.1636476069688797, 0.21357479691505432, -0.43083837628364563]
joint_pos=[0.0, 0.0, 0.0, -0.035999998450279236, 0.5400000214576721, 0.0] imu_ang_vel=[-0.045807767659425735, 0.08948494493961334, -0.3653968572616577] imu_quat_wxyz=[0.8589208722114563, 0.1649465411901474, 0.21386630833148956, -0.4350963234901428]
joint_pos=[0.0, 0.0, 0.0, -0.035999998450279236, 0.5400000214576721, 0.0] imu_ang_vel=[-0.045807767659425735, 0.08948494493961334, -0.3653968572616577] imu_quat_wxyz=[0.8589208722114563, 0.1649465411901474, 0.21386630833148956, -0.4350963234901428]
joint_pos=[0.0, 0.0, 0.0, -0.035999998450279236, 0.5400000214576721, 0.0] imu_ang_vel=[0.1406191885471344, -0.028763016685843468, -0.29402196407318115] imu_quat_wxyz=[0.8575822114944458, 0.16589950025081635, 0.21285349130630493, -0.437862366437912]
joint_pos=[0.0, 0.0, 0.0, -0.035999998450279236, 0.5400000214576721, 0.0] imu_ang_vel=[0.1406191885471344, -0.028763016685843468, -0.29402196407318115] imu_quat_wxyz=[0.8575822114944458, 0.16589950025081635, 0.21285349130630493, -0.437862366437912]
joint_pos=[0.0, 0.0, 0.0, -0.035999998450279236, 0.5400000214576721, 0.0] imu_ang_vel=[-0.8085603713989258, -0.08309315890073776, -1.0258809328079224] imu_quat_wxyz=[0.8557264804840088, 0.1627483367919922, 0.2012815922498703, -0.4480299949645996]
joint_pos=[0.0, 0.0, 0.0, -0.035999998450279236, 0.5400000214576721, 0.0] imu_ang_vel=[-0.8085603713989258, -0.08309315890073776, -1.0258809328079224] imu_quat_wxyz=[0.8557264804840088, 0.1627483367919922, 0.2012815922498703, -0.4480299949645996]
joint_pos=[0.0, 0.0, 0.0, -0.035999998450279236, 0.5400000214576721, 0.0] imu_ang_vel=[-0.3068055212497711, 0.656222939491272, -0.24075710773468018] imu_quat_wxyz=[0.851454496383667, 0.15336266160011292, 0.21865682303905487, -0.45132511854171753]
joint_pos=[0.0, 0.0, 0.0, -0.035999998450279236, 0.5400000214576721, 0.0] imu_ang_vel=[-0.3068055212497711, 0.656222939491272, -0.24075710773468018] imu_quat_wxyz=[0.851454496383667, 0.15336266160011292, 0.21865682303905487, -0.45132511854171753]
joint_pos=[0.0, 0.0, 0.0, -0.035999998450279236, 0.5400000214576721, 0.0] imu_ang_vel=[0.13529270887374878, -0.7403813600540161, -0.49855896830558777] imu_quat_wxyz=[0.852127194404602, 0.15435008704662323, 0.20404715836048126, -0.45653027296066284]
joint_pos=[0.0, 0.0, 0.0, -0.035999998450279236, 0.5400000214576721, 0.0] imu_ang_vel=[0.13529270887374878, -0.7403813600540161, -0.49855896830558777] imu_quat_wxyz=[0.852127194404602, 0.15435008704662323, 0.20404715836048126, -0.45653027296066284]
joint_pos=[0.0, 0.0, 0.0, -0.035999998450279236, 0.5400000214576721, 0.0] imu_ang_vel=[-1.343339443206787, 2.1103532314300537, -0.7989727258682251] imu_quat_wxyz=[0.8397872447967529, 0.16881108283996582, 0.22845810651779175, -0.46267375349998474]
joint_pos=[0.0, 0.0, 0.0, -0.035999998450279236, 0.5400000214576721, 0.0] imu_ang_vel=[-1.343339443206787, 2.1103532314300537, -0.7989727258682251] imu_quat_wxyz=[0.8397872447967529, 0.16881108283996582, 0.22845810651779175, -0.46267375349998474]
joint_pos=[0.0, 0.0, 0.0, -0.035999998450279236, 0.5400000214576721, 0.0] imu_ang_vel=[2.895477056503296, -2.098634958267212, -1.200589656829834] imu_quat_wxyz=[0.8295787572860718, 0.1924552321434021, 0.23410731554031372, -0.46899235248565674]
joint_pos=[0.0, 0.0, 0.0, -0.035999998450279236, 0.5400000214576721, 0.0] imu_ang_vel=[2.895477056503296, -2.098634958267212, -1.200589656829834] imu_quat_wxyz=[0.8295787572860718, 0.1924552321434021, 0.23410731554031372, -0.46899235248565674]
joint_pos=[0.0, 0.0, 0.0, -0.035999998450279236, 0.5400000214576721, 0.0] imu_ang_vel=[1.3593188524246216, 0.5028201341629028, 1.1228229999542236] imu_quat_wxyz=[0.8181172013282776, 0.20249468088150024, 0.2201596349477768, -0.49113133549690247]
joint_pos=[0.0, 0.0, 0.0, -0.035999998450279236, 0.5400000214576721, 0.0] imu_ang_vel=[1.3593188524246216, 0.5028201341629028, 1.1228229999542236] imu_quat_wxyz=[0.8181172013282776, 0.20249468088150024, 0.2201596349477768, -0.49113133549690247]
joint_pos=[0.0, 0.0, 0.0, -0.035999998450279236, 0.5400000214576721, 0.0] imu_ang_vel=[-0.2609977424144745, -0.09694202244281769, 0.13422740995883942] imu_quat_wxyz=[0.8319527506828308, 0.19530083239078522, 0.21298736333847046, -0.47365427017211914]
joint_pos=[0.0, 0.0, 0.0, -0.035999998450279236, 0.5400000214576721, 0.0] imu_ang_vel=[-0.2609977424144745, -0.09694202244281769, 0.13422740995883942] imu_quat_wxyz=[0.8319527506828308, 0.19530083239078522, 0.21298736333847046, -0.47365427017211914]
joint_pos=[0.0, 0.0, 0.0, -0.035999998450279236, 0.5400000214576721, 0.0] imu_ang_vel=[-0.8884576559066772, -1.1057782173156738, 0.5720644593238831] imu_quat_wxyz=[0.8352066874504089, 0.19123594462871552, 0.21088634431362152, -0.47051626443862915]
joint_pos=[0.0, 0.0, 0.0, -0.035999998450279236, 0.5400000214576721, 0.0] imu_ang_vel=[-0.8884576559066772, -1.1057782173156738, 0.5720644593238831] imu_quat_wxyz=[0.8352066874504089, 0.19123594462871552, 0.21088634431362152, -0.47051626443862915]
joint_pos=[0.0, 0.0, 0.0, -0.035999998450279236, 0.5400000214576721, 0.0] imu_ang_vel=[-0.05219954997301102, -1.107908844947815, -1.0503827333450317] imu_quat_wxyz=[0.8439756631851196, 0.1783747673034668, 0.18244074285030365, -0.4718081057071686]
joint_pos=[0.0, 0.0, 0.0, -0.035999998450279236, 0.5400000214576721, 0.0] imu_ang_vel=[-0.05219954997301102, -1.107908844947815, -1.0503827333450317] imu_quat_wxyz=[0.8439756631851196, 0.1783747673034668, 0.18244074285030365, -0.4718081057071686]
joint_pos=[0.0, 0.0, 0.0, -0.035999998450279236, 0.5400000214576721, 0.0] imu_ang_vel=[-0.438902348279953, 0.021305939182639122, 0.5880439281463623] imu_quat_wxyz=[0.848724365234375, 0.1769787073135376, 0.19846530258655548, -0.4571180045604706]
joint_pos=[0.0, 0.0, 0.0, -0.035999998450279236, 0.5400000214576721, 0.0] imu_ang_vel=[-0.438902348279953, 0.021305939182639122, 0.5880439281463623] imu_quat_wxyz=[0.848724365234375, 0.1769787073135376, 0.19846530258655548, -0.4571180045604706]
joint_pos=[0.0, 0.0, 0.0, -0.035999998450279236, 0.5400000214576721, 0.0] imu_ang_vel=[-0.10226850211620331, -0.5411708354949951, 0.13848860561847687] imu_quat_wxyz=[0.8529082536697388, 0.16953763365745544, 0.19374550879001617, -0.45416638255119324]
joint_pos=[0.0, 0.0, 0.0, -0.035999998450279236, 0.5400000214576721, 0.0] imu_ang_vel=[-0.10226850211620331, -0.5411708354949951, 0.13848860561847687] imu_quat_wxyz=[0.8529082536697388, 0.16953763365745544, 0.19374550879001617, -0.45416638255119324]
joint_pos=[0.0, 0.0, 0.0, -0.035999998450279236, 0.5400000214576721, 0.0] imu_ang_vel=[0.7201407551765442, 0.4357064366340637, -0.09161553531885147] imu_quat_wxyz=[0.854462742805481, 0.16389136016368866, 0.19017885625362396, -0.4548240602016449]
joint_pos=[0.0, 0.0, 0.0, -0.035999998450279236, 0.5400000214576721, 0.0] imu_ang_vel=[0.7201407551765442, 0.4357064366340637, -0.09161553531885147] imu_quat_wxyz=[0.854462742805481, 0.16389136016368866, 0.19017885625362396, -0.4548240602016449]
joint_pos=[0.0, 0.0, 0.0, -0.035999998450279236, 0.5400000214576721, 0.0] imu_ang_vel=[-0.21732057631015778, -0.54969322681427, -0.10226850211620331] imu_quat_wxyz=[0.8546438217163086, 0.163176029920578, 0.18445640802383423, -0.45709213614463806]
joint_pos=[0.0, 0.0, 0.0, -0.035999998450279236, 0.5400000214576721, 0.0] imu_ang_vel=[-0.21732057631015778, -0.54969322681427, -0.10226850211620331] imu_quat_wxyz=[0.8546438217163086, 0.163176029920578, 0.18445640802383423, -0.45709213614463806]
joint_pos=[0.0, 0.0, 0.0, -0.035999998450279236, 0.5400000214576721, 0.0] imu_ang_vel=[-0.08309315890073776, 0.11505206674337387, -0.0585913322865963] imu_quat_wxyz=[0.8552587032318115, 0.15951988101005554, 0.18548180162906647, -0.456817626953125]
joint_pos=[0.0, 0.0, 0.0, -0.035999998450279236, 0.5400000214576721, 0.0] imu_ang_vel=[-0.08309315890073776, 0.11505206674337387, -0.0585913322865963] imu_quat_wxyz=[0.8552587032318115, 0.15951988101005554, 0.18548180162906647, -0.456817626953125]
joint_pos=[0.0, 0.0, 0.0, -0.035999998450279236, 0.5400000214576721, 0.0] imu_ang_vel=[0.1672516167163849, -0.021305939182639122, 0.1406191885471344] imu_quat_wxyz=[0.8556646704673767, 0.16086164116859436, 0.1868181973695755, -0.45503899455070496]
joint_pos=[0.0, 0.0, 0.0, -0.035999998450279236, 0.5400000214576721, 0.0] imu_ang_vel=[0.1672516167163849, -0.021305939182639122, 0.1406191885471344] imu_quat_wxyz=[0.8556646704673767, 0.16086164116859436, 0.1868181973695755, -0.45503899455070496]
joint_pos=[0.0, 0.0, 0.0, -0.035999998450279236, 0.5400000214576721, 0.0] imu_ang_vel=[0.3195890784263611, -0.4325105547904968, -0.057526033371686935] imu_quat_wxyz=[0.8564071655273438, 0.16019751131534576, 0.1842021495103836, -0.4549429714679718]
joint_pos=[0.0, 0.0, 0.0, -0.035999998450279236, 0.5400000214576721, 0.0] imu_ang_vel=[0.3195890784263611, -0.4325105547904968, -0.057526033371686935] imu_quat_wxyz=[0.8564071655273438, 0.16019751131534576, 0.1842021495103836, -0.4549429714679718]
joint_pos=[0.0, 0.0, 0.0, -0.035999998450279236, 0.5400000214576721, 0.0] imu_ang_vel=[2.539667844772339, -1.2708992958068848, -0.42079228162765503] imu_quat_wxyz=[0.8553759455680847, 0.17170432209968567, 0.1453850418329239, -0.4665969908237457]
joint_pos=[0.0, 0.0, 0.0, -0.035999998450279236, 0.5400000214576721, 0.0] imu_ang_vel=[2.539667844772339, -1.2708992958068848, -0.42079228162765503] imu_quat_wxyz=[0.8553759455680847, 0.17170432209968567, 0.1453850418329239, -0.4665969908237457]
joint_pos=[0.0, 0.0, 0.0, -0.035999998450279236, 0.5400000214576721, 0.0] imu_ang_vel=[-1.234679102897644, 2.629152774810791, 0.5166690349578857] imu_quat_wxyz=[0.8538221716880798, 0.1693768948316574, 0.1894846111536026, -0.4543069303035736]
joint_pos=[0.0, 0.0, 0.0, -0.035999998450279236, 0.5400000214576721, 0.0] imu_ang_vel=[-1.234679102897644, 2.629152774810791, 0.5166690349578857] imu_quat_wxyz=[0.8538221716880798, 0.1693768948316574, 0.1894846111536026, -0.4543069303035736]
joint_pos=[0.0, 0.0, 0.0, -0.035999998450279236, 0.5400000214576721, 0.0] imu_ang_vel=[1.3476005792617798, -0.9917914271354675, -0.12783563137054443] imu_quat_wxyz=[0.8459805250167847, 0.1864345371723175, 0.18266449868679047, -0.46496522426605225]
joint_pos=[0.0, 0.0, 0.0, -0.035999998450279236, 0.5400000214576721, 0.0] imu_ang_vel=[1.3476005792617798, -0.9917914271354675, -0.12783563137054443] imu_quat_wxyz=[0.8459805250167847, 0.1864345371723175, 0.18266449868679047, -0.46496522426605225]
joint_pos=[0.0, 0.0, 0.0, -0.035999998450279236, 0.5400000214576721, 0.0] imu_ang_vel=[1.1430636644363403, 0.7254672050476074, -0.1757739931344986] imu_quat_wxyz=[0.8442034721374512, 0.19422374665737152, 0.1552337259054184, -0.4748685956001282]
joint_pos=[0.0, 0.0, 0.0, -0.035999998450279236, 0.5400000214576721, 0.0] imu_ang_vel=[1.1430636644363403, 0.7254672050476074, -0.1757739931344986] imu_quat_wxyz=[0.8442034721374512, 0.19422374665737152, 0.1552337259054184, -0.4748685956001282]
joint_pos=[0.0, 0.0, 0.0, -0.035999998450279236, 0.5400000214576721, 0.0] imu_ang_vel=[0.6988347768783569, 0.5880439281463623, -0.1693822145462036] imu_quat_wxyz=[0.8446798324584961, 0.19594411551952362, 0.1521260291337967, -0.4743199646472931]
joint_pos=[0.0, 0.0, 0.0, -0.035999998450279236, 0.5400000214576721, 0.0] imu_ang_vel=[0.6988347768783569, 0.5880439281463623, -0.1693822145462036] imu_quat_wxyz=[0.8446798324584961, 0.19594411551952362, 0.1521260291337967, -0.4743199646472931]
joint_pos=[0.0, 0.0, 0.0, -0.035999998450279236, 0.5400000214576721, 0.0] imu_ang_vel=[0.028763016685843468, 0.48684069514274597, -0.1725780963897705] imu_quat_wxyz=[0.8437745571136475, 0.20025600492954254, 0.16000473499298096, -0.4715299904346466]
joint_pos=[0.0, 0.0, 0.0, -0.035999998450279236, 0.5400000214576721, 0.0] imu_ang_vel=[0.028763016685843468, 0.48684069514274597, -0.1725780963897705] imu_quat_wxyz=[0.8437745571136475, 0.20025600492954254, 0.16000473499298096, -0.4715299904346466]
joint_pos=[0.0, 0.0, 0.0, -0.035999998450279236, 0.5400000214576721, 0.0] imu_ang_vel=[-0.11505206674337387, 0.8533028364181519, -0.11505206674337387] imu_quat_wxyz=[0.8442927598953247, 0.19653622806072235, 0.17456941306591034, -0.4669782817363739]
joint_pos=[0.0, 0.0, 0.0, -0.035999998450279236, 0.5400000214576721, 0.0] imu_ang_vel=[-0.11505206674337387, 0.8533028364181519, -0.11505206674337387] imu_quat_wxyz=[0.8442927598953247, 0.19653622806072235, 0.17456941306591034, -0.4669782817363739]
joint_pos=[0.0, 0.0, 0.0, -0.035999998450279236, 0.5400000214576721, 0.0] imu_ang_vel=[0.2982831299304962, 0.2897607684135437, -0.16512101888656616] imu_quat_wxyz=[0.8485666513442993, 0.18418213725090027, 0.17677004635334015, -0.4634261727333069]
joint_pos=[0.0, 0.0, 0.0, -0.035999998450279236, 0.5400000214576721, 0.0] imu_ang_vel=[0.2982831299304962, 0.2897607684135437, -0.16512101888656616] imu_quat_wxyz=[0.8485666513442993, 0.18418213725090027, 0.17677004635334015, -0.4634261727333069]
joint_pos=[0.0, 0.0, 0.0, -0.035999998450279236, 0.5400000214576721, 0.0] imu_ang_vel=[0.028763016685843468, -0.06178722158074379, -0.18855755031108856] imu_quat_wxyz=[0.8483260273933411, 0.18747681379318237, 0.182766854763031, -0.4602082371711731]
joint_pos=[0.0, 0.0, 0.0, -0.035999998450279236, 0.5400000214576721, 0.0] imu_ang_vel=[0.028763016685843468, -0.06178722158074379, -0.18855755031108856] imu_quat_wxyz=[0.8483260273933411, 0.18747681379318237, 0.182766854763031, -0.4602082371711731]
joint_pos=[0.0, 0.0, 0.0, -0.035999998450279236, 0.5400000214576721, 0.0] imu_ang_vel=[-0.7552955150604248, 0.7084224820137024, -0.1757739931344986] imu_quat_wxyz=[0.8470345735549927, 0.18923772871494293, 0.19996508955955505, -0.45468154549598694]
joint_pos=[0.0, 0.0, 0.0, -0.035999998450279236, 0.5400000214576721, 0.0] imu_ang_vel=[-0.7552955150604248, 0.7084224820137024, -0.1757739931344986] imu_quat_wxyz=[0.8470345735549927, 0.18923772871494293, 0.19996508955955505, -0.45468154549598694]
joint_pos=[0.0, 0.0, 0.0, -0.035999998450279236, 0.5400000214576721, 0.0] imu_ang_vel=[0.192818745970726, 0.35900506377220154, -0.26419365406036377] imu_quat_wxyz=[0.8451182246208191, 0.1905972957611084, 0.21551652252674103, -0.45055562257766724]
joint_pos=[0.0, 0.0, 0.0, -0.035999998450279236, 0.5400000214576721, 0.0] imu_ang_vel=[0.192818745970726, 0.35900506377220154, -0.26419365406036377] imu_quat_wxyz=[0.8451182246208191, 0.1905972957611084, 0.21551652252674103, -0.45055562257766724]
joint_pos=[0.0, 0.0, 0.0, -0.035999998450279236, 0.5400000214576721, 0.0] imu_ang_vel=[0.05219954997301102, 0.06604841351509094, -0.2812383770942688] imu_quat_wxyz=[0.8451147675514221, 0.19000650942325592, 0.21864932775497437, -0.44930049777030945]
joint_pos=[0.0, 0.0, 0.0, -0.035999998450279236, 0.5400000214576721, 0.0] imu_ang_vel=[0.05219954997301102, 0.06604841351509094, -0.2812383770942688] imu_quat_wxyz=[0.8451147675514221, 0.19000650942325592, 0.21864932775497437, -0.44930049777030945]
joint_pos=[0.0, 0.0, 0.0, -0.035999998450279236, 0.5400000214576721, 0.0] imu_ang_vel=[0.19814522564411163, 0.3078708052635193, -0.2578018605709076] imu_quat_wxyz=[0.8451910018920898, 0.18919909000396729, 0.22226804494857788, -0.447719544172287]
joint_pos=[0.0, 0.0, 0.0, -0.035999998450279236, 0.5400000214576721, 0.0] imu_ang_vel=[0.19814522564411163, 0.3078708052635193, -0.2578018605709076] imu_quat_wxyz=[0.8451910018920898, 0.18919909000396729, 0.22226804494857788, -0.447719544172287]
joint_pos=[0.0, 0.0, 0.0, -0.035999998450279236, 0.5400000214576721, 0.0] imu_ang_vel=[-0.22903883457183838, -0.15127216279506683, -0.23223473131656647] imu_quat_wxyz=[0.8471653461456299, 0.18264220654964447, 0.22314396500587463, -0.44627273082733154]
joint_pos=[0.0, 0.0, 0.0, -0.035999998450279236, 0.5400000214576721, 0.0] imu_ang_vel=[-0.22903883457183838, -0.15127216279506683, -0.23223473131656647] imu_quat_wxyz=[0.8471653461456299, 0.18264220654964447, 0.22314396500587463, -0.44627273082733154]
joint_pos=[0.0, 0.0, 0.0, -0.035999998450279236, 0.5400000214576721, 0.0] imu_ang_vel=[-0.4708612561225891, 0.2194511741399765, -0.16831691563129425] imu_quat_wxyz=[0.8488203287124634, 0.17640990018844604, 0.22815899550914764, -0.44308802485466003]
joint_pos=[0.0, 0.0, 0.0, -0.035999998450279236, 0.5400000214576721, 0.0] imu_ang_vel=[-0.4708612561225891, 0.2194511741399765, -0.16831691563129425] imu_quat_wxyz=[0.8488203287124634, 0.17640990018844604, 0.22815899550914764, -0.44308802485466003]
joint_pos=[0.0, 0.0, 0.0, -0.035999998450279236, 0.5400000214576721, 0.0] imu_ang_vel=[0.10120321065187454, 0.0, -0.19814522564411163] imu_quat_wxyz=[0.8506497740745544, 0.17124615609645844, 0.22839491069316864, -0.44148096442222595]
joint_pos=[0.0, 0.0, 0.0, -0.035999998450279236, 0.5400000214576721, 0.0] imu_ang_vel=[0.10120321065187454, 0.0, -0.19814522564411163] imu_quat_wxyz=[0.8506497740745544, 0.17124615609645844, 0.22839491069316864, -0.44148096442222595]
joint_pos=[0.0, 0.0, 0.0, -0.035999998450279236, 0.5400000214576721, 0.0] imu_ang_vel=[0.02982831373810768, 0.0703095942735672, -0.17470869421958923] imu_quat_wxyz=[0.85228431224823, 0.16890057921409607, 0.22951461374759674, -0.4386422634124756]
joint_pos=[0.0, 0.0, 0.0, -0.035999998450279236, 0.5400000214576721, 0.0] imu_ang_vel=[0.02982831373810768, 0.0703095942735672, -0.17470869421958923] imu_quat_wxyz=[0.85228431224823, 0.16890057921409607, 0.22951461374759674, -0.4386422634124756]
joint_pos=[0.0, 0.0, 0.0, -0.035999998450279236, 0.5400000214576721, 0.0] imu_ang_vel=[0.3749845325946808, 0.0, -0.17364339530467987] imu_quat_wxyz=[0.8525182008743286, 0.1745074838399887, 0.22580456733703613, -0.4379179775714874]
joint_pos=[0.0, 0.0, 0.0, -0.035999998450279236, 0.5400000214576721, 0.0] imu_ang_vel=[0.3749845325946808, 0.0, -0.17364339530467987] imu_quat_wxyz=[0.8525182008743286, 0.1745074838399887, 0.22580456733703613, -0.4379179775714874]
joint_pos=[0.0, 0.0, 0.0, -0.035999998450279236, 0.5400000214576721, 0.0] imu_ang_vel=[-0.8351927995681763, 0.9118942022323608, -0.05646073818206787] imu_quat_wxyz=[0.8530853986740112, 0.17462119460105896, 0.2371380776166916, -0.4307180643081665]
joint_pos=[0.0, 0.0, 0.0, -0.035999998450279236, 0.5400000214576721, 0.0] imu_ang_vel=[-0.8351927995681763, 0.9118942022323608, -0.05646073818206787] imu_quat_wxyz=[0.8530853986740112, 0.17462119460105896, 0.2371380776166916, -0.4307180643081665]
joint_pos=[0.0, 0.0, 0.0, -0.035999998450279236, 0.5400000214576721, 0.0] imu_ang_vel=[-0.1842963695526123, 0.10226850211620331, -0.0937461331486702] imu_quat_wxyz=[0.8549938201904297, 0.17012101411819458, 0.24004392325878143, -0.42711031436920166]
joint_pos=[0.0, 0.0, 0.0, -0.035999998450279236, 0.5400000214576721, 0.0] imu_ang_vel=[-0.1842963695526123, 0.10226850211620331, -0.0937461331486702] imu_quat_wxyz=[0.8549938201904297, 0.17012101411819458, 0.24004392325878143, -0.42711031436920166]
joint_pos=[0.0, 0.0, 0.0, -0.035999998450279236, 0.5400000214576721, 0.0] imu_ang_vel=[-0.34941738843917847, -0.199210524559021, -0.06391781568527222] imu_quat_wxyz=[0.8574947714805603, 0.16747017204761505, 0.24148593842983246, -0.4223043918609619]
joint_pos=[0.0, 0.0, 0.0, -0.035999998450279236, 0.5400000214576721, 0.0] imu_ang_vel=[-0.34941738843917847, -0.199210524559021, -0.06391781568527222] imu_quat_wxyz=[0.8574947714805603, 0.16747017204761505, 0.24148593842983246, -0.4223043918609619]
joint_pos=[0.0, 0.0, 0.0, -0.035999998450279236, 0.5400000214576721, 0.0] imu_ang_vel=[-0.06604841351509094, -0.10120321065187454, -0.09055023640394211] imu_quat_wxyz=[0.8595376014709473, 0.16573750972747803, 0.24026988446712494, -0.4195192754268646]
joint_pos=[0.0, 0.0, 0.0, -0.035999998450279236, 0.5400000214576721, 0.0] imu_ang_vel=[-0.06604841351509094, -0.10120321065187454, -0.09055023640394211] imu_quat_wxyz=[0.8595376014709473, 0.16573750972747803, 0.24026988446712494, -0.4195192754268646]
joint_pos=[0.0, 0.0, 0.0, -0.035999998450279236, 0.5400000214576721, 0.0] imu_ang_vel=[0.0, -0.11079087853431702, -0.054330144077539444] imu_quat_wxyz=[0.8613716959953308, 0.1670829951763153, 0.23423129320144653, -0.41863784193992615]
joint_pos=[0.0, 0.0, 0.0, -0.035999998450279236, 0.5400000214576721, 0.0] imu_ang_vel=[0.0, -0.11079087853431702, -0.054330144077539444] imu_quat_wxyz=[0.8613716959953308, 0.1670829951763153, 0.23423129320144653, -0.41863784193992615]
joint_pos=[0.0, 0.0, 0.0, -0.035999998450279236, 0.5400000214576721, 0.0] imu_ang_vel=[-0.14807628095149994, -0.21199409663677216, 0.0] imu_quat_wxyz=[0.8646353483200073, 0.16237135231494904, 0.23094138503074646, -0.41558071970939636]
joint_pos=[0.0, 0.0, 0.0, -0.035999998450279236, 0.5400000214576721, 0.0] imu_ang_vel=[-0.14807628095149994, -0.21199409663677216, 0.0] imu_quat_wxyz=[0.8646353483200073, 0.16237135231494904, 0.23094138503074646, -0.41558071970939636]
joint_pos=[0.0, 0.0, 0.0, -0.035999998450279236, 0.5400000214576721, 0.0] imu_ang_vel=[0.5464973449707031, -0.6317210793495178, -0.054330144077539444] imu_quat_wxyz=[0.8681960105895996, 0.1641966551542282, 0.2145352065563202, -0.4162329137325287]
joint_pos=[0.0, 0.0, 0.0, -0.035999998450279236, 0.5400000214576721, 0.0] imu_ang_vel=[0.5464973449707031, -0.6317210793495178, -0.054330144077539444] imu_quat_wxyz=[0.8681960105895996, 0.1641966551542282, 0.2145352065563202, -0.4162329137325287]
joint_pos=[0.0, 0.0, 0.0, -0.035999998450279236, 0.5400000214576721, 0.0] imu_ang_vel=[0.287630170583725, 0.07137489318847656, -0.2897607684135437] imu_quat_wxyz=[0.8672969341278076, 0.16620881855487823, 0.21137093007564545, -0.4189187288284302]
joint_pos=[0.0, 0.0, 0.0, -0.035999998450279236, 0.5400000214576721, 0.0] imu_ang_vel=[0.287630170583725, 0.07137489318847656, -0.2897607684135437] imu_quat_wxyz=[0.8672969341278076, 0.16620881855487823, 0.21137093007564545, -0.4189187288284302]
joint_pos=[0.0, 0.0, 0.0, -0.035999998450279236, 0.5400000214576721, 0.0] imu_ang_vel=[0.7478384375572205, 0.0, -0.5241261124610901] imu_quat_wxyz=[0.8622794151306152, 0.1753668189048767, 0.20998692512512207, -0.4261762797832489]
joint_pos=[0.0, 0.0, 0.0, -0.035999998450279236, 0.5400000214576721, 0.0] imu_ang_vel=[0.7478384375572205, 0.0, -0.5241261124610901] imu_quat_wxyz=[0.8622794151306152, 0.1753668189048767, 0.20998692512512207, -0.4261762797832489]
joint_pos=[0.0, 0.0, 0.0, -0.035999998450279236, 0.5400000214576721, 0.0] imu_ang_vel=[1.1185617446899414, -0.015979453921318054, 0.5060160160064697] imu_quat_wxyz=[0.8619822263717651, 0.18754515051841736, 0.20393767952919006, -0.424526572227478]
joint_pos=[0.0, 0.0, 0.0, -0.035999998450279236, 0.5400000214576721, 0.0] imu_ang_vel=[1.1185617446899414, -0.015979453921318054, 0.5060160160064697] imu_quat_wxyz=[0.8619822263717651, 0.18754515051841736, 0.20393767952919006, -0.424526572227478]
joint_pos=[0.0, 0.0, 0.0, -0.035999998450279236, 0.5400000214576721, 0.0] imu_ang_vel=[-0.5912398099899292, -0.625329315662384, 0.30893611907958984] imu_quat_wxyz=[0.8671138882637024, 0.1825810819864273, 0.19190385937690735, -0.42184168100357056]
joint_pos=[0.0, 0.0, 0.0, -0.035999998450279236, 0.5400000214576721, 0.0] imu_ang_vel=[-0.5912398099899292, -0.625329315662384, 0.30893611907958984] imu_quat_wxyz=[0.8671138882637024, 0.1825810819864273, 0.19190385937690735, -0.42184168100357056]
joint_pos=[0.0, 0.0, 0.0, -0.035999998450279236, 0.5400000214576721, 0.0] imu_ang_vel=[-0.3973557651042938, -1.5777047872543335, 1.147324800491333] imu_quat_wxyz=[0.8795279264450073, 0.16777576506137848, 0.18357856571674347, -0.4056854844093323]
joint_pos=[0.0, 0.0, 0.0, -0.035999998450279236, 0.5400000214576721, 0.0] imu_ang_vel=[-0.3973557651042938, -1.5777047872543335, 1.147324800491333] imu_quat_wxyz=[0.8795279264450073, 0.16777576506137848, 0.18357856571674347, -0.4056854844093323]
joint_pos=[0.0, 0.0, 0.0, -0.035999998450279236, 0.5400000214576721, 0.0] imu_ang_vel=[0.7478384375572205, -7.566803932189941, -6.293774127960205] imu_quat_wxyz=[0.8685546517372131, 0.1234532818198204, 0.08344313502311707, -0.47266197204589844]
joint_pos=[0.0, 0.0, 0.0, -0.035999998450279236, 0.5400000214576721, 0.0] imu_ang_vel=[0.7478384375572205, -7.566803932189941, -6.293774127960205] imu_quat_wxyz=[0.8685546517372131, 0.1234532818198204, 0.08344313502311707, -0.47266197204589844]
joint_pos=[0.0, 0.0, 0.0, -0.035999998450279236, 0.5400000214576721, 0.0] imu_ang_vel=[-0.04048128426074982, -0.8980453014373779, 1.8205925226211548] imu_quat_wxyz=[0.8472921252250671, 0.1400008648633957, 0.015255521982908249, -0.5121161341667175]
joint_pos=[0.0, 0.0, 0.0, -0.035999998450279236, 0.5400000214576721, 0.0] imu_ang_vel=[-0.04048128426074982, -0.8980453014373779, 1.8205925226211548] imu_quat_wxyz=[0.8472921252250671, 0.1400008648633957, 0.015255521982908249, -0.5121161341667175]
joint_pos=[0.0, 0.0, 0.0, -0.035999998450279236, 0.5400000214576721, 0.0] imu_ang_vel=[-0.039415985345840454, 2.082655429840088, 1.7545440196990967] imu_quat_wxyz=[0.8628339767456055, 0.14714159071445465, 0.038905803114175797, -0.4820301830768585]
joint_pos=[0.0, 0.0, 0.0, -0.035999998450279236, 0.5400000214576721, 0.0] imu_ang_vel=[-0.039415985345840454, 2.082655429840088, 1.7545440196990967] imu_quat_wxyz=[0.8628339767456055, 0.14714159071445465, 0.038905803114175797, -0.4820301830768585]
joint_pos=[0.0, 0.0, 0.0, -0.035999998450279236, 0.5400000214576721, 0.0] imu_ang_vel=[0.17790459096431732, 0.4357064366340637, 0.45488178730010986] imu_quat_wxyz=[0.8739228844642639, 0.13449017703533173, 0.046709880232810974, -0.4647465646266937]
joint_pos=[0.0, 0.0, 0.0, -0.035999998450279236, 0.5400000214576721, 0.0] imu_ang_vel=[0.17790459096431732, 0.4357064366340637, 0.45488178730010986] imu_quat_wxyz=[0.8739228844642639, 0.13449017703533173, 0.046709880232810974, -0.4647465646266937]
joint_pos=[0.0, 0.0, 0.0, -0.035999998450279236, 0.5400000214576721, 0.0] imu_ang_vel=[-1.3646453619003296, 3.3919055461883545, 2.1700098514556885] imu_quat_wxyz=[0.8781819939613342, 0.15026843547821045, 0.08769388496875763, -0.4455620348453522]
joint_pos=[0.0, 0.0, 0.0, -0.035999998450279236, 0.5400000214576721, 0.0] imu_ang_vel=[-1.3646453619003296, 3.3919055461883545, 2.1700098514556885] imu_quat_wxyz=[0.8781819939613342, 0.15026843547821045, 0.08769388496875763, -0.4455620348453522]
joint_pos=[0.0, 0.0, 0.0, -0.035999998450279236, 0.5400000214576721, 0.0] imu_ang_vel=[-1.1292147636413574, 3.5495693683624268, 0.4772530198097229] imu_quat_wxyz=[0.8801283836364746, 0.14180664718151093, 0.18928316235542297, -0.4116268754005432]
joint_pos=[0.0, 0.0, 0.0, -0.035999998450279236, 0.5400000214576721, 0.0] imu_ang_vel=[-1.1292147636413574, 3.5495693683624268, 0.4772530198097229] imu_quat_wxyz=[0.8801283836364746, 0.14180664718151093, 0.18928316235542297, -0.4116268754005432]
joint_pos=[0.0, 0.0, 0.0, -0.035999998450279236, 0.5400000214576721, 0.0] imu_ang_vel=[0.39415985345840454, -0.2631283402442932, -5.2987871170043945] imu_quat_wxyz=[0.8478045463562012, 0.15898074209690094, 0.21961113810539246, -0.45576703548431396]
joint_pos=[0.0, 0.0, 0.0, -0.035999998450279236, 0.5400000214576721, 0.0] imu_ang_vel=[0.39415985345840454, -0.2631283402442932, -5.2987871170043945] imu_quat_wxyz=[0.8478045463562012, 0.15898074209690094, 0.21961113810539246, -0.45576703548431396]
joint_pos=[0.0, 0.0, 0.0, -0.035999998450279236, 0.5400000214576721, 0.0] imu_ang_vel=[1.29646635055542, -1.3848860263824463, 1.1249535083770752] imu_quat_wxyz=[0.825192391872406, 0.19384118914604187, 0.193148672580719, -0.49414241313934326]
joint_pos=[0.0, 0.0, 0.0, -0.035999998450279236, 0.5400000214576721, 0.0] imu_ang_vel=[1.29646635055542, -1.3848860263824463, 1.1249535083770752] imu_quat_wxyz=[0.825192391872406, 0.19384118914604187, 0.193148672580719, -0.49414241313934326]
joint_pos=[0.0, 0.0, 0.0, -0.035999998450279236, 0.5400000214576721, 0.0] imu_ang_vel=[-1.7737194299697876, -0.6359822750091553, 4.229228973388672] imu_quat_wxyz=[0.8565186262130737, 0.20718072354793549, 0.17672990262508392, -0.4384273588657379]
joint_pos=[0.0, 0.0, 0.0, -0.035999998450279236, 0.5400000214576721, 0.0] imu_ang_vel=[-1.7737194299697876, -0.6359822750091553, 4.229228973388672] imu_quat_wxyz=[0.8565186262130737, 0.20718072354793549, 0.17672990262508392, -0.4384273588657379]
joint_pos=[0.0, 0.0, 0.0, -0.035999998450279236, 0.5400000214576721, 0.0] imu_ang_vel=[0.21732057631015778, 0.0, -0.385637491941452] imu_quat_wxyz=[0.8721057772636414, 0.18085624277591705, 0.18536466360092163, -0.41516536474227905]
joint_pos=[0.0, 0.0, 0.0, -0.035999998450279236, 0.5400000214576721, 0.0] imu_ang_vel=[0.21732057631015778, 0.0, -0.385637491941452] imu_quat_wxyz=[0.8721057772636414, 0.18085624277591705, 0.18536466360092163, -0.41516536474227905]
joint_pos=[0.0, 0.0, 0.0, -0.035999998450279236, 0.5400000214576721, 0.0] imu_ang_vel=[0.11505206674337387, 1.1739572286605835, 0.6700717806816101] imu_quat_wxyz=[0.8671870231628418, 0.1995081752538681, 0.20048557221889496, -0.4098643660545349]
joint_pos=[0.0, 0.0, 0.0, -0.035999998450279236, 0.5400000214576721, 0.0] imu_ang_vel=[0.11505206674337387, 1.1739572286605835, 0.6700717806816101] imu_quat_wxyz=[0.8671870231628418, 0.1995081752538681, 0.20048557221889496, -0.4098643660545349]
joint_pos=[0.0, 0.0, 0.0, -0.035999998450279236, 0.5400000214576721, 0.0] imu_ang_vel=[-0.2077329009771347, -0.2226470559835434, -0.385637491941452] imu_quat_wxyz=[0.863353431224823, 0.1886897087097168, 0.19500704109668732, -0.42542827129364014]
joint_pos=[0.0, 0.0, 0.0, -0.035999998450279236, 0.5400000214576721, 0.0] imu_ang_vel=[-0.2077329009771347, -0.2226470559835434, -0.385637491941452] imu_quat_wxyz=[0.863353431224823, 0.1886897087097168, 0.19500704109668732, -0.42542827129364014]
joint_pos=[0.0, 0.0, 0.0, -0.035999998450279236, 0.5400000214576721, 0.0] imu_ang_vel=[0.12144385278224945, 0.1491415649652481, 0.2460835874080658] imu_quat_wxyz=[0.863353431224823, 0.1886897087097168, 0.19500704109668732, -0.42542827129364014]
joint_pos=[0.0, 0.0, 0.0, -0.035999998450279236, 0.5400000214576721, 0.0] imu_ang_vel=[0.12144385278224945, 0.1491415649652481, 0.2460835874080658] imu_quat_wxyz=[0.8648425936698914, 0.18864215910434723, 0.18937252461910248, -0.42496997117996216]
joint_pos=[0.0, 0.0, 0.0, -0.035999998450279236, 0.5400000214576721, 0.0] imu_ang_vel=[0.12144385278224945, 0.19707992672920227, 0.3163931965827942] imu_quat_wxyz=[0.8648425936698914, 0.18864215910434723, 0.18937252461910248, -0.42496997117996216]
joint_pos=[0.0, 0.0, 0.0, -0.035999998450279236, 0.5400000214576721, 0.0] imu_ang_vel=[0.12144385278224945, 0.19707992672920227, 0.3163931965827942] imu_quat_wxyz=[0.8663022518157959, 0.18622280657291412, 0.18707770109176636, -0.42407941818237305]
joint_pos=[0.0, 0.0, 0.0, -0.035999998450279236, 0.5400000214576721, 0.0] imu_ang_vel=[0.743577241897583, 0.06391781568527222, 0.10439909994602203] imu_quat_wxyz=[0.8663022518157959, 0.18622280657291412, 0.18707770109176636, -0.42407941818237305]
joint_pos=[0.0, 0.0, 0.0, -0.035999998450279236, 0.5400000214576721, 0.0] imu_ang_vel=[0.743577241897583, 0.06391781568527222, 0.10439909994602203] imu_quat_wxyz=[0.8660041689872742, 0.19307294487953186, 0.18148747086524963, -0.42405399680137634]
joint_pos=[0.0, 0.0, 0.0, -0.035999998450279236, 0.5400000214576721, 0.0] imu_ang_vel=[0.7702096700668335, -0.4484900236129761, -1.1494554281234741] imu_quat_wxyz=[0.8660041689872742, 0.19307294487953186, 0.18148747086524963, -0.42405399680137634]
joint_pos=[0.0, 0.0, 0.0, -0.035999998450279236, 0.5400000214576721, 0.0] imu_ang_vel=[0.7702096700668335, -0.4484900236129761, -1.1494554281234741] imu_quat_wxyz=[0.8582724332809448, 0.19293023645877838, 0.17302356660366058, -0.4429551064968109]
joint_pos=[0.0, 0.0, 0.0, -0.035999998450279236, 0.5400000214576721, 0.0] imu_ang_vel=[-0.5347790718078613, -0.21199409663677216, -1.5446805953979492] imu_quat_wxyz=[0.8582724332809448, 0.19293023645877838, 0.17302356660366058, -0.4429551064968109]
joint_pos=[0.0, 0.0, 0.0, -0.035999998450279236, 0.5400000214576721, 0.0] imu_ang_vel=[-0.5347790718078613, -0.21199409663677216, -1.5446805953979492] imu_quat_wxyz=[0.8423755764961243, 0.18472343683242798, 0.17581893503665924, -0.4747297465801239]
joint_pos=[0.0, 0.0, 0.0, -0.035999998450279236, 0.5400000214576721, 0.0] imu_ang_vel=[-1.4988727569580078, 0.5763256549835205, -0.13848860561847687] imu_quat_wxyz=[0.8423755764961243, 0.18472343683242798, 0.17581893503665924, -0.4747297465801239]
joint_pos=[0.0, 0.0, 0.0, -0.035999998450279236, 0.5400000214576721, 0.0] imu_ang_vel=[-1.4988727569580078, 0.5763256549835205, -0.13848860561847687] imu_quat_wxyz=[0.8349008560180664, 0.18209809064865112, 0.18402768671512604, -0.48571041226387024]
joint_pos=[0.0, 0.0, 0.0, -0.035999998450279236, 0.5400000214576721, 0.0] imu_ang_vel=[-0.09907261282205582, -0.57526034116745, -0.3568744659423828] imu_quat_wxyz=[0.8349008560180664, 0.18209809064865112, 0.18402768671512604, -0.48571041226387024]
joint_pos=[0.0, 0.0, 0.0, -0.035999998450279236, 0.5400000214576721, 0.0] imu_ang_vel=[-0.09907261282205582, -0.57526034116745, -0.3568744659423828] imu_quat_wxyz=[0.833032488822937, 0.19552862644195557, 0.1828627586364746, -0.48413488268852234]
joint_pos=[0.0, 0.0, 0.0, -0.035999998450279236, 0.5400000214576721, 0.0] imu_ang_vel=[-0.6530269980430603, 0.5187996029853821, 1.8067436218261719] imu_quat_wxyz=[0.833032488822937, 0.19552862644195557, 0.1828627586364746, -0.48413488268852234]
joint_pos=[0.0, 0.0, 0.0, -0.035999998450279236, 0.5400000214576721, 0.0] imu_ang_vel=[-0.6530269980430603, 0.5187996029853821, 1.8067436218261719] imu_quat_wxyz=[0.84194016456604, 0.18757231533527374, 0.19150017201900482, -0.46827468276023865]
joint_pos=[0.0, 0.0, 0.0, -0.035999998450279236, 0.5400000214576721, 0.0] imu_ang_vel=[-1.1292147636413574, 0.18003518879413605, 1.001379132270813] imu_quat_wxyz=[0.84194016456604, 0.18757231533527374, 0.19150017201900482, -0.46827468276023865]
joint_pos=[0.0, 0.0, 0.0, -0.035999998450279236, 0.5400000214576721, 0.0] imu_ang_vel=[-1.1292147636413574, 0.18003518879413605, 1.001379132270813] imu_quat_wxyz=[0.8554278612136841, 0.17194345593452454, 0.19640259444713593, -0.44733038544654846]
joint_pos=[0.0, 0.0, 0.0, -0.035999998450279236, 0.5400000214576721, 0.0] imu_ang_vel=[-0.2812383770942688, -0.13635800778865814, 0.09268083423376083] imu_quat_wxyz=[0.8554278612136841, 0.17194345593452454, 0.19640259444713593, -0.44733038544654846]
joint_pos=[0.0, 0.0, 0.0, -0.035999998450279236, 0.5400000214576721, 0.0] imu_ang_vel=[-0.2812383770942688, -0.13635800778865814, 0.09268083423376083] imu_quat_wxyz=[0.8598724007606506, 0.16101522743701935, 0.19788974523544312, -0.44219130277633667]
joint_pos=[0.0, 0.0, 0.0, -0.035999998450279236, 0.5400000214576721, 0.0] imu_ang_vel=[0.2226470559835434, -0.20986349880695343, -0.48471009731292725] imu_quat_wxyz=[0.8598724007606506, 0.16101522743701935, 0.19788974523544312, -0.44219130277633667]
joint_pos=[0.0, 0.0, 0.0, -0.035999998450279236, 0.5400000214576721, 0.0] imu_ang_vel=[0.2226470559835434, -0.20986349880695343, -0.48471009731292725] imu_quat_wxyz=[0.8593543767929077, 0.16058200597763062, 0.19446144998073578, -0.444868803024292]
joint_pos=[0.0, 0.0, 0.0, -0.035999998450279236, 0.5400000214576721, 0.0] imu_ang_vel=[0.9225471615791321, -1.0269461870193481, -1.5393540859222412] imu_quat_wxyz=[0.8593543767929077, 0.16058200597763062, 0.19446144998073578, -0.444868803024292]
joint_pos=[0.0, 0.0, 0.0, -0.035999998450279236, 0.5400000214576721, 0.0] imu_ang_vel=[0.9225471615791321, -1.0269461870193481, -1.5393540859222412] imu_quat_wxyz=[0.8506889343261719, 0.1617744415998459, 0.17826424539089203, -0.46731051802635193]
joint_pos=[0.0, 0.0, 0.0, -0.035999998450279236, 0.5400000214576721, 0.0] imu_ang_vel=[2.2009034156799316, -0.46127358078956604, -2.5364720821380615] imu_quat_wxyz=[0.8506889343261719, 0.1617744415998459, 0.17826424539089203, -0.46731051802635193]
joint_pos=[0.0, 0.0, 0.0, -0.035999998450279236, 0.5400000214576721, 0.0] imu_ang_vel=[2.2009034156799316, -0.46127358078956604, -2.5364720821380615] imu_quat_wxyz=[0.8232977986335754, 0.17079806327819824, 0.1711648851633072, -0.5135281682014465]
joint_pos=[0.0, 0.0, 0.0, -0.035999998450279236, 0.5400000214576721, 0.0] imu_ang_vel=[-1.437085509300232, -1.3337517976760864, -0.8682169914245605] imu_quat_wxyz=[0.8232977986335754, 0.17079806327819824, 0.1711648851633072, -0.5135281682014465]
joint_pos=[0.0, 0.0, 0.0, -0.035999998450279236, 0.5400000214576721, 0.0] imu_ang_vel=[-1.437085509300232, -1.3337517976760864, -0.8682169914245605] imu_quat_wxyz=[0.8058997988700867, 0.16558846831321716, 0.1577915996313095, -0.5460840463638306]
joint_pos=[0.0, 0.0, 0.0, -0.035999998450279236, 0.5400000214576721, 0.0] imu_ang_vel=[-1.899424433708191, 1.332686424255371, 1.3273600339889526] imu_quat_wxyz=[0.8058997988700867, 0.16558846831321716, 0.1577915996313095, -0.5460840463638306]
joint_pos=[0.0, 0.0, 0.0, -0.035999998450279236, 0.5400000214576721, 0.0] imu_ang_vel=[-1.899424433708191, 1.332686424255371, 1.3273600339889526] imu_quat_wxyz=[0.8333258032798767, 0.15856435894966125, 0.16565793752670288, -0.5029739737510681]
joint_pos=[0.0, 0.0, 0.0, -0.035999998450279236, 0.5400000214576721, 0.0] imu_ang_vel=[-0.9161553382873535, 0.20879819989204407, 0.9758120179176331] imu_quat_wxyz=[0.8333258032798767, 0.15856435894966125, 0.16565793752670288, -0.5029739737510681]
joint_pos=[0.0, 0.0, 0.0, -0.035999998450279236, 0.5400000214576721, 0.0] imu_ang_vel=[-0.9161553382873535, 0.20879819989204407, 0.9758120179176331] imu_quat_wxyz=[0.8405911922454834, 0.15578758716583252, 0.16360969841480255, -0.4923093318939209]
joint_pos=[0.0, 0.0, 0.0, -0.035999998450279236, 0.5400000214576721, 0.0] imu_ang_vel=[0.5305178761482239, -1.1270841360092163, -2.150834560394287] imu_quat_wxyz=[0.8405911922454834, 0.15578758716583252, 0.16360969841480255, -0.4923093318939209]
joint_pos=[0.0, 0.0, 0.0, -0.035999998450279236, 0.5400000214576721, 0.0] imu_ang_vel=[0.5305178761482239, -1.1270841360092163, -2.150834560394287] imu_quat_wxyz=[0.8379871249198914, 0.12501747906208038, 0.15610021352767944, -0.5077213644981384]
joint_pos=[0.0, 0.0, 0.0, -0.035999998450279236, 0.5400000214576721, 0.0] imu_ang_vel=[0.5305178761482239, -1.1270841360092163, -2.150834560394287] imu_quat_wxyz=[0.8379871249198914, 0.12501747906208038, 0.15610021352767944, -0.5077213644981384]
joint_pos=[0.0, 0.0, 0.0, -0.035999998450279236, 0.5400000214576721, 0.0] imu_ang_vel=[3.182041883468628, 0.12783563137054443, -2.4672276973724365] imu_quat_wxyz=[0.8060021996498108, 0.1638849526643753, 0.14601582288742065, -0.5497105121612549]
joint_pos=[0.0, 0.0, 0.0, -0.035999998450279236, 0.5400000214576721, 0.0] imu_ang_vel=[3.182041883468628, 0.12783563137054443, -2.4672276973724365] imu_quat_wxyz=[0.8060021996498108, 0.1638849526643753, 0.14601582288742065, -0.5497105121612549]
joint_pos=[0.0, 0.0, 0.0, -0.035999998450279236, 0.5400000214576721, 0.0] imu_ang_vel=[-0.3398297131061554, -0.03195890784263611, 0.15553335845470428] imu_quat_wxyz=[0.7999139428138733, 0.17034922540187836, 0.14185281097888947, -0.557670533657074]
joint_pos=[0.0, 0.0, 0.0, -0.035999998450279236, 0.5400000214576721, 0.0] imu_ang_vel=[-0.3398297131061554, -0.03195890784263611, 0.15553335845470428] imu_quat_wxyz=[0.7999139428138733, 0.17034922540187836, 0.14185281097888947, -0.557670533657074]
joint_pos=[0.0, 0.0, 0.0, -0.035999998450279236, 0.5400000214576721, 0.0] imu_ang_vel=[-1.9569504261016846, 0.08522375673055649, 2.3713510036468506] imu_quat_wxyz=[0.8188521265983582, 0.15776431560516357, 0.14779488742351532, -0.5317408442497253]
joint_pos=[0.0, 0.0, 0.0, -0.035999998450279236, 0.5400000214576721, 0.0] imu_ang_vel=[-1.9569504261016846, 0.08522375673055649, 2.3713510036468506] imu_quat_wxyz=[0.8188521265983582, 0.15776431560516357, 0.14779488742351532, -0.5317408442497253]
joint_pos=[0.0, 0.0, 0.0, -0.035999998450279236, 0.5400000214576721, 0.0] imu_ang_vel=[-0.13103152811527252, 0.7680791020393372, 1.049317479133606] imu_quat_wxyz=[0.8381115794181824, 0.14498646557331085, 0.16634424030780792, -0.49887609481811523]
joint_pos=[0.0, 0.0, 0.0, -0.035999998450279236, 0.5400000214576721, 0.0] imu_ang_vel=[-0.13103152811527252, 0.7680791020393372, 1.049317479133606] imu_quat_wxyz=[0.8381115794181824, 0.14498646557331085, 0.16634424030780792, -0.49887609481811523]
joint_pos=[0.0, 0.0, 0.0, -0.035999998450279236, 0.5400000214576721, 0.0] imu_ang_vel=[1.3848860263824463, 0.07883197069168091, -1.5308316946029663] imu_quat_wxyz=[0.8263687491416931, 0.16360574960708618, 0.15852326154708862, -0.5149935483932495]
joint_pos=[0.0, 0.0, 0.0, -0.035999998450279236, 0.5400000214576721, 0.0] imu_ang_vel=[1.3848860263824463, 0.07883197069168091, -1.5308316946029663] imu_quat_wxyz=[0.8263687491416931, 0.16360574960708618, 0.15852326154708862, -0.5149935483932495]
joint_pos=[0.0, 0.0, 0.0, -0.035999998450279236, 0.5400000214576721, 0.0] imu_ang_vel=[1.9431016445159912, -0.6828553080558777, -2.1124837398529053] imu_quat_wxyz=[0.7985844016075134, 0.18262921273708344, 0.13741691410541534, -0.5567999482154846]
joint_pos=[0.0, 0.0, 0.0, -0.035999998450279236, 0.5400000214576721, 0.0] imu_ang_vel=[1.9431016445159912, -0.6828553080558777, -2.1124837398529053] imu_quat_wxyz=[0.7985844016075134, 0.18262921273708344, 0.13741691410541534, -0.5567999482154846]
joint_pos=[0.0, 0.0, 0.0, -0.035999998450279236, 0.5400000214576721, 0.0] imu_ang_vel=[-0.20134112238883972, -0.26419365406036377, 0.3547438681125641] imu_quat_wxyz=[0.787701427936554, 0.19278596341609955, 0.1293940544128418, -0.5706287026405334]
joint_pos=[0.0, 0.0, 0.0, -0.035999998450279236, 0.5400000214576721, 0.0] imu_ang_vel=[-0.20134112238883972, -0.26419365406036377, 0.3547438681125641] imu_quat_wxyz=[0.787701427936554, 0.19278596341609955, 0.1293940544128418, -0.5706287026405334]
joint_pos=[0.0, 0.0, 0.0, -0.035999998450279236, 0.5400000214576721, 0.0] imu_ang_vel=[-1.3827553987503052, 0.7808626294136047, 1.7492175102233887] imu_quat_wxyz=[0.807205319404602, 0.1790706068277359, 0.14162129163742065, -0.544331431388855]
joint_pos=[0.0, 0.0, 0.0, -0.035999998450279236, 0.5400000214576721, 0.0] imu_ang_vel=[-1.3827553987503052, 0.7808626294136047, 1.7492175102233887] imu_quat_wxyz=[0.807205319404602, 0.1790706068277359, 0.14162129163742065, -0.544331431388855]
joint_pos=[0.0, 0.0, 0.0, -0.035999998450279236, 0.5400000214576721, 0.0] imu_ang_vel=[-0.7233366370201111, -0.5837827324867249, 1.4743709564208984] imu_quat_wxyz=[0.8267558813095093, 0.1660984307527542, 0.1425716131925583, -0.5182270407676697]
joint_pos=[0.0, 0.0, 0.0, -0.035999998450279236, 0.5400000214576721, 0.0] imu_ang_vel=[-0.7233366370201111, -0.5837827324867249, 1.4743709564208984] imu_quat_wxyz=[0.8267558813095093, 0.1660984307527542, 0.1425716131925583, -0.5182270407676697]
joint_pos=[0.0, 0.0, 0.0, -0.035999998450279236, 0.5400000214576721, 0.0] imu_ang_vel=[-0.10333380103111267, 0.38776808977127075, 0.25354066491127014] imu_quat_wxyz=[0.8339604735374451, 0.16203662753105164, 0.1486637443304062, -0.5061156749725342]
joint_pos=[0.0, 0.0, 0.0, -0.035999998450279236, 0.5400000214576721, 0.0] imu_ang_vel=[-0.10333380103111267, 0.38776808977127075, 0.25354066491127014] imu_quat_wxyz=[0.8339604735374451, 0.16203662753105164, 0.1486637443304062, -0.5061156749725342]
joint_pos=[0.0, 0.0, 0.0, -0.035999998450279236, 0.5400000214576721, 0.0] imu_ang_vel=[0.23862650990486145, 0.36113566160202026, -0.07350549101829529] imu_quat_wxyz=[0.8318524956703186, 0.16735084354877472, 0.15154767036437988, -0.5069993734359741]
joint_pos=[0.0, 0.0, 0.0, -0.035999998450279236, 0.5400000214576721, 0.0] imu_ang_vel=[0.23862650990486145, 0.36113566160202026, -0.07350549101829529] imu_quat_wxyz=[0.8318524956703186, 0.16735084354877472, 0.15154767036437988, -0.5069993734359741]
joint_pos=[0.0, 0.0, 0.0, -0.035999998450279236, 0.5400000214576721, 0.0] imu_ang_vel=[-0.22690825164318085, -0.11079087853431702, 0.5773909687995911] imu_quat_wxyz=[0.8364325761795044, 0.1643253117799759, 0.1475396454334259, -0.5016071200370789]
joint_pos=[0.0, 0.0, 0.0, -0.035999998450279236, 0.5400000214576721, 0.0] imu_ang_vel=[-0.22690825164318085, -0.11079087853431702, 0.5773909687995911] imu_quat_wxyz=[0.8364325761795044, 0.1643253117799759, 0.1475396454334259, -0.5016071200370789]
joint_pos=[0.0, 0.0, 0.0, -0.035999998450279236, 0.5400000214576721, 0.0] imu_ang_vel=[-1.0056402683258057, -0.0351547971367836, 0.9566366672515869] imu_quat_wxyz=[0.8480315804481506, 0.15242770314216614, 0.1516014188528061, -0.4843813180923462]
joint_pos=[0.0, 0.0, 0.0, -0.035999998450279236, 0.5400000214576721, 0.0] imu_ang_vel=[-1.0056402683258057, -0.0351547971367836, 0.9566366672515869] imu_quat_wxyz=[0.8480315804481506, 0.15242770314216614, 0.1516014188528061, -0.4843813180923462]
joint_pos=[0.0, 0.0, 0.0, -0.035999998450279236, 0.5400000214576721, 0.0] imu_ang_vel=[1.0216197967529297, 0.5283873081207275, 0.49642837047576904] imu_quat_wxyz=[0.851970911026001, 0.15496212244033813, 0.1627606898546219, -0.47290703654289246]
joint_pos=[0.0, 0.0, 0.0, -0.035999998450279236, 0.5400000214576721, 0.0] imu_ang_vel=[1.0216197967529297, 0.5283873081207275, 0.49642837047576904] imu_quat_wxyz=[0.851970911026001, 0.15496212244033813, 0.1627606898546219, -0.47290703654289246]
joint_pos=[0.0, 0.0, 0.0, -0.035999998450279236, 0.5400000214576721, 0.0] imu_ang_vel=[0.09800732135772705, 0.05965662747621536, 0.43464115262031555] imu_quat_wxyz=[0.8544405102729797, 0.16253122687339783, 0.16120241582393646, -0.4663998782634735]
joint_pos=[0.0, 0.0, 0.0, -0.035999998450279236, 0.5400000214576721, 0.0] imu_ang_vel=[0.09800732135772705, 0.05965662747621536, 0.43464115262031555] imu_quat_wxyz=[0.8544405102729797, 0.16253122687339783, 0.16120241582393646, -0.4663998782634735]
joint_pos=[0.0, 0.0, 0.0, -0.035999998450279236, 0.5400000214576721, 0.0] imu_ang_vel=[-0.38244161009788513, 0.8000379800796509, 0.4037475287914276] imu_quat_wxyz=[0.8550082445144653, 0.17309272289276123, 0.17125819623470306, -0.45789778232574463]
joint_pos=[0.0, 0.0, 0.0, -0.035999998450279236, 0.5400000214576721, 0.0] imu_ang_vel=[-0.38244161009788513, 0.8000379800796509, 0.4037475287914276] imu_quat_wxyz=[0.8550082445144653, 0.17309272289276123, 0.17125819623470306, -0.45789778232574463]
joint_pos=[0.0, 0.0, 0.0, -0.035999998450279236, 0.5400000214576721, 0.0] imu_ang_vel=[0.4133352041244507, 0.2343653291463852, 0.6626147031784058] imu_quat_wxyz=[0.8572820425033569, 0.1874341517686844, 0.16674841940402985, -0.4495895504951477]
joint_pos=[0.0, 0.0, 0.0, -0.035999998450279236, 0.5400000214576721, 0.0] imu_ang_vel=[0.4133352041244507, 0.2343653291463852, 0.6626147031784058] imu_quat_wxyz=[0.8572820425033569, 0.1874341517686844, 0.16674841940402985, -0.4495895504951477]
joint_pos=[0.0, 0.0, 0.0, -0.035999998450279236, 0.5400000214576721, 0.0] imu_ang_vel=[-0.398421049118042, 0.0, 0.9949873089790344] imu_quat_wxyz=[0.8636711239814758, 0.19068028032779694, 0.16917036473751068, -0.4348500370979309]
joint_pos=[0.0, 0.0, 0.0, -0.035999998450279236, 0.5400000214576721, 0.0] imu_ang_vel=[-0.398421049118042, 0.0, 0.9949873089790344] imu_quat_wxyz=[0.8636711239814758, 0.19068028032779694, 0.16917036473751068, -0.4348500370979309]
joint_pos=[0.0, 0.0, 0.0, -0.035999998450279236, 0.5400000214576721, 0.0] imu_ang_vel=[-1.439216136932373, 0.2631283402442932, 1.2336138486862183] imu_quat_wxyz=[0.8777098655700684, 0.17825214564800262, 0.18014775216579437, -0.4066919982433319]
joint_pos=[0.0, 0.0, 0.0, -0.035999998450279236, 0.5400000214576721, 0.0] imu_ang_vel=[-1.439216136932373, 0.2631283402442932, 1.2336138486862183] imu_quat_wxyz=[0.8777098655700684, 0.17825214564800262, 0.18014775216579437, -0.4066919982433319]
joint_pos=[0.0, 0.0, 0.0, -0.035999998450279236, 0.5400000214576721, 0.0] imu_ang_vel=[0.4271840751171112, 0.27058541774749756, -0.3366338312625885] imu_quat_wxyz=[0.87751704454422, 0.17805981636047363, 0.18738839030265808, -0.40391096472740173]
joint_pos=[0.0, 0.0, 0.0, -0.035999998450279236, 0.5400000214576721, 0.0] imu_ang_vel=[0.4271840751171112, 0.27058541774749756, -0.3366338312625885] imu_quat_wxyz=[0.87751704454422, 0.17805981636047363, 0.18738839030265808, -0.40391096472740173]
joint_pos=[0.0, 0.0, 0.0, -0.035999998450279236, 0.5400000214576721, 0.0] imu_ang_vel=[1.113235354423523, 0.26206305623054504, -1.2389403581619263] imu_quat_wxyz=[0.8653218746185303, 0.19073113799095154, 0.18828344345092773, -0.42354339361190796]
joint_pos=[0.0, 0.0, 0.0, -0.035999998450279236, 0.5400000214576721, 0.0] imu_ang_vel=[1.113235354423523, 0.26206305623054504, -1.2389403581619263] imu_quat_wxyz=[0.8653218746185303, 0.19073113799095154, 0.18828344345092773, -0.42354339361190796]
joint_pos=[0.0, 0.0, 0.0, -0.035999998450279236, 0.5400000214576721, 0.0] imu_ang_vel=[0.5827174186706543, 0.16299043595790863, -0.5699338316917419] imu_quat_wxyz=[0.8550582528114319, 0.20313812792301178, 0.18635764718055725, -0.43918222188949585]
joint_pos=[0.0, 0.0, 0.0, -0.035999998450279236, 0.5400000214576721, 0.0] imu_ang_vel=[0.5827174186706543, 0.16299043595790863, -0.5699338316917419] imu_quat_wxyz=[0.8550582528114319, 0.20313812792301178, 0.18635764718055725, -0.43918222188949585]
joint_pos=[0.0, 0.0, 0.0, -0.035999998450279236, 0.5400000214576721, 0.0] imu_ang_vel=[-0.22690825164318085, 0.021305939182639122, 0.287630170583725] imu_quat_wxyz=[0.8557417988777161, 0.2043331414461136, 0.18475553393363953, -0.43797165155410767]
joint_pos=[0.0, 0.0, 0.0, -0.035999998450279236, 0.5400000214576721, 0.0] imu_ang_vel=[-0.22690825164318085, 0.021305939182639122, 0.287630170583725] imu_quat_wxyz=[0.8557417988777161, 0.2043331414461136, 0.18475553393363953, -0.43797165155410767]
joint_pos=[0.0, 0.0, 0.0, -0.035999998450279236, 0.5400000214576721, 0.0] imu_ang_vel=[-0.2929566502571106, 0.15872924029827118, 0.32917675375938416] imu_quat_wxyz=[0.8608216047286987, 0.1984260082244873, 0.18768610060214996, -0.4294031262397766]
joint_pos=[0.0, 0.0, 0.0, -0.035999998450279236, 0.5400000214576721, 0.0] imu_ang_vel=[-0.2929566502571106, 0.15872924029827118, 0.32917675375938416] imu_quat_wxyz=[0.8608216047286987, 0.1984260082244873, 0.18768610060214996, -0.4294031262397766]
joint_pos=[0.0, 0.0, 0.0, -0.035999998450279236, 0.5400000214576721, 0.0] imu_ang_vel=[0.7126836776733398, -0.16618631780147552, -0.37285393476486206] imu_quat_wxyz=[0.8597642779350281, 0.19749897718429565, 0.18530160188674927, -0.43296974897384644]
joint_pos=[0.0, 0.0, 0.0, -0.035999998450279236, 0.5400000214576721, 0.0] imu_ang_vel=[0.7126836776733398, -0.16618631780147552, -0.37285393476486206] imu_quat_wxyz=[0.8597642779350281, 0.19749897718429565, 0.18530160188674927, -0.43296974897384644]
joint_pos=[0.0, 0.0, 0.0, -0.035999998450279236, 0.5400000214576721, 0.0] imu_ang_vel=[0.6690064668655396, -0.7041612863540649, -1.755609393119812] imu_quat_wxyz=[0.846073567867279, 0.20010453462600708, 0.17950357496738434, -0.4603218734264374]
joint_pos=[0.0, 0.0, 0.0, -0.035999998450279236, 0.5400000214576721, 0.0] imu_ang_vel=[0.6690064668655396, -0.7041612863540649, -1.755609393119812] imu_quat_wxyz=[0.846073567867279, 0.20010453462600708, 0.17950357496738434, -0.4603218734264374]
joint_pos=[0.0, 0.0, 0.0, -0.035999998450279236, 0.5400000214576721, 0.0] imu_ang_vel=[0.23543062806129456, -0.26206305623054504, -1.1015170812606812] imu_quat_wxyz=[0.8311628103256226, 0.20745237171649933, 0.17194388806819916, -0.48638173937797546]
joint_pos=[0.0, 0.0, 0.0, -0.035999998450279236, 0.5400000214576721, 0.0] imu_ang_vel=[0.23543062806129456, -0.26206305623054504, -1.1015170812606812] imu_quat_wxyz=[0.8311628103256226, 0.20745237171649933, 0.17194388806819916, -0.48638173937797546]
joint_pos=[0.0, 0.0, 0.0, -0.035999998450279236, 0.5400000214576721, 0.0] imu_ang_vel=[0.17044751346111298, -0.4325105547904968, 0.10333380103111267] imu_quat_wxyz=[0.8273687362670898, 0.20519572496414185, 0.1681545376777649, -0.4950551986694336]
joint_pos=[0.0, 0.0, 0.0, -0.035999998450279236, 0.5400000214576721, 0.0] imu_ang_vel=[0.17044751346111298, -0.4325105547904968, 0.10333380103111267] imu_quat_wxyz=[0.8273687362670898, 0.20519572496414185, 0.1681545376777649, -0.4950551986694336]
joint_pos=[0.0, 0.0, 0.0, -0.035999998450279236, 0.5400000214576721, 0.0] imu_ang_vel=[-0.25354066491127014, -0.42292287945747375, -0.21305938065052032] imu_quat_wxyz=[0.8266908526420593, 0.19647733867168427, 0.16329818964004517, -0.5013109445571899]
joint_pos=[0.0, 0.0, 0.0, -0.035999998450279236, 0.5400000214576721, 0.0] imu_ang_vel=[-0.25354066491127014, -0.42292287945747375, -0.21305938065052032] imu_quat_wxyz=[0.8266908526420593, 0.19647733867168427, 0.16329818964004517, -0.5013109445571899]
joint_pos=[0.0, 0.0, 0.0, -0.035999998450279236, 0.5400000214576721, 0.0] imu_ang_vel=[-0.8607599139213562, -0.6306557655334473, -0.9758120179176331] imu_quat_wxyz=[0.8196002244949341, 0.17725950479507446, 0.16734306514263153, -0.5184889435768127]
joint_pos=[0.0, 0.0, 0.0, -0.035999998450279236, 0.5400000214576721, 0.0] imu_ang_vel=[-0.8607599139213562, -0.6306557655334473, -0.9758120179176331] imu_quat_wxyz=[0.8196002244949341, 0.17725950479507446, 0.16734306514263153, -0.5184889435768127]
joint_pos=[0.0, 0.0, 0.0, -0.035999998450279236, 0.5400000214576721, 0.0] imu_ang_vel=[-0.819213330745697, -0.37391921877861023, -0.5614114999771118] imu_quat_wxyz=[0.8142318725585938, 0.16931995749473572, 0.16377054154872894, -0.5306000113487244]
joint_pos=[0.0, 0.0, 0.0, -0.035999998450279236, 0.5400000214576721, 0.0] imu_ang_vel=[-0.819213330745697, -0.37391921877861023, -0.5614114999771118] imu_quat_wxyz=[0.8142318725585938, 0.16931995749473572, 0.16377054154872894, -0.5306000113487244]
joint_pos=[0.0, 0.0, 0.0, -0.035999998450279236, 0.5400000214576721, 0.0] imu_ang_vel=[-0.6743329763412476, -0.8213439583778381, -0.46446946263313293] imu_quat_wxyz=[0.81069016456604, 0.16657166182994843, 0.16009728610515594, -0.5379630327224731]
joint_pos=[0.0, 0.0, 0.0, -0.035999998450279236, 0.5400000214576721, 0.0] imu_ang_vel=[-0.6743329763412476, -0.8213439583778381, -0.46446946263313293] imu_quat_wxyz=[0.81069016456604, 0.16657166182994843, 0.16009728610515594, -0.5379630327224731]
joint_pos=[0.0, 0.0, 0.0, -0.035999998450279236, 0.5400000214576721, 0.0] imu_ang_vel=[0.9268083572387695, 0.4303799569606781, -0.03835069015622139] imu_quat_wxyz=[0.8050806522369385, 0.18221917748451233, 0.1586715131998062, -0.5417236685752869]
joint_pos=[0.0, 0.0, 0.0, -0.035999998450279236, 0.5400000214576721, 0.0] imu_ang_vel=[0.9268083572387695, 0.4303799569606781, -0.03835069015622139] imu_quat_wxyz=[0.8050806522369385, 0.18221917748451233, 0.1586715131998062, -0.5417236685752869]
joint_pos=[0.0, 0.0, 0.0, -0.035999998450279236, 0.5400000214576721, 0.0] imu_ang_vel=[0.6349169611930847, 0.06924430280923843, -0.310001403093338] imu_quat_wxyz=[0.7999414205551147, 0.19787117838859558, 0.14750464260578156, -0.5469763875007629]
joint_pos=[0.0, 0.0, 0.0, -0.035999998450279236, 0.5400000214576721, 0.0] imu_ang_vel=[0.6349169611930847, 0.06924430280923843, -0.310001403093338] imu_quat_wxyz=[0.7999414205551147, 0.19787117838859558, 0.14750464260578156, -0.5469763875007629]
joint_pos=[0.0, 0.0, 0.0, -0.035999998450279236, 0.5400000214576721, 0.0] imu_ang_vel=[0.7275978326797485, -0.5944356918334961, -1.0312074422836304] imu_quat_wxyz=[0.781833291053772, 0.18699286878108978, 0.14214500784873962, -0.5775509476661682]
joint_pos=[0.0, 0.0, 0.0, -0.035999998450279236, 0.5400000214576721, 0.0] imu_ang_vel=[0.7275978326797485, -0.5944356918334961, -1.0312074422836304] imu_quat_wxyz=[0.781833291053772, 0.18699286878108978, 0.14214500784873962, -0.5775509476661682]
joint_pos=[0.0, 0.0, 0.0, -0.035999998450279236, 0.5400000214576721, 0.0] imu_ang_vel=[-0.7808626294136047, 0.18536166846752167, 1.4328243732452393] imu_quat_wxyz=[0.7936696410179138, 0.18547342717647552, 0.14499609172344208, -0.5609493255615234]
joint_pos=[0.0, 0.0, 0.0, -0.035999998450279236, 0.5400000214576721, 0.0] imu_ang_vel=[-0.7808626294136047, 0.18536166846752167, 1.4328243732452393] imu_quat_wxyz=[0.7936696410179138, 0.18547342717647552, 0.14499609172344208, -0.5609493255615234]
joint_pos=[0.0, 0.0, 0.0, -0.035999998450279236, 0.5400000214576721, 0.0] imu_ang_vel=[-0.9395918846130371, -0.05006895586848259, 1.3145763874053955] imu_quat_wxyz=[0.8129842877388, 0.17170429229736328, 0.1555589735507965, -0.5342056751251221]
joint_pos=[0.0, 0.0, 0.0, -0.035999998450279236, 0.5400000214576721, 0.0] imu_ang_vel=[-0.9395918846130371, -0.05006895586848259, 1.3145763874053955] imu_quat_wxyz=[0.8129842877388, 0.17170429229736328, 0.1555589735507965, -0.5342056751251221]
joint_pos=[0.0, 0.0, 0.0, -0.035999998450279236, 0.5400000214576721, 0.0] imu_ang_vel=[-0.3068055212497711, -0.43464115262031555, 0.48684069514274597] imu_quat_wxyz=[0.8237464427947998, 0.1624644547700882, 0.15870031714439392, -0.5194817781448364]
joint_pos=[0.0, 0.0, 0.0, -0.035999998450279236, 0.5400000214576721, 0.0] imu_ang_vel=[-0.3068055212497711, -0.43464115262031555, 0.48684069514274597] imu_quat_wxyz=[0.8237464427947998, 0.1624644547700882, 0.15870031714439392, -0.5194817781448364]
joint_pos=[0.0, 0.0, 0.0, -0.035999998450279236, 0.5400000214576721, 0.0] imu_ang_vel=[-0.11505206674337387, -0.1523374617099762, -0.45168590545654297] imu_quat_wxyz=[0.8234850168228149, 0.15969137847423553, 0.15888234972953796, -0.5206990242004395]
joint_pos=[0.0, 0.0, 0.0, -0.035999998450279236, 0.5400000214576721, 0.0] imu_ang_vel=[-0.11505206674337387, -0.1523374617099762, -0.45168590545654297] imu_quat_wxyz=[0.8234850168228149, 0.15969137847423553, 0.15888234972953796, -0.5206990242004395]
joint_pos=[0.0, 0.0, 0.0, -0.035999998450279236, 0.5400000214576721, 0.0] imu_ang_vel=[0.57526034116745, 0.09800732135772705, -0.7457078695297241] imu_quat_wxyz=[0.8147574067115784, 0.16780754923820496, 0.1602931022644043, -0.5313351154327393]
joint_pos=[0.0, 0.0, 0.0, -0.035999998450279236, 0.5400000214576721, 0.0] imu_ang_vel=[0.57526034116745, 0.09800732135772705, -0.7457078695297241] imu_quat_wxyz=[0.8147574067115784, 0.16780754923820496, 0.1602931022644043, -0.5313351154327393]
joint_pos=[0.0, 0.0, 0.0, -0.035999998450279236, 0.5400000214576721, 0.0] imu_ang_vel=[0.20027582347393036, 0.22158175706863403, -0.3014790415763855] imu_quat_wxyz=[0.8095682859420776, 0.17233550548553467, 0.16112998127937317, -0.537528395652771]
joint_pos=[0.0, 0.0, 0.0, -0.035999998450279236, 0.5400000214576721, 0.0] imu_ang_vel=[0.20027582347393036, 0.22158175706863403, -0.3014790415763855] imu_quat_wxyz=[0.8095682859420776, 0.17233550548553467, 0.16112998127937317, -0.537528395652771]
joint_pos=[0.0, 0.0, 0.0, -0.035999998450279236, 0.5400000214576721, 0.0] imu_ang_vel=[-0.5518237948417664, -0.2961525619029999, 0.7670137882232666] imu_quat_wxyz=[0.817405641078949, 0.16701653599739075, 0.15848737955093384, -0.528048574924469]
joint_pos=[0.0, 0.0, 0.0, -0.035999998450279236, 0.5400000214576721, 0.0] imu_ang_vel=[-0.5518237948417664, -0.2961525619029999, 0.7670137882232666] imu_quat_wxyz=[0.817405641078949, 0.16701653599739075, 0.15848737955093384, -0.528048574924469]
joint_pos=[0.0, 0.0, 0.0, -0.035999998450279236, 0.5400000214576721, 0.0] imu_ang_vel=[-0.6146763563156128, -0.0585913322865963, 0.920416533946991] imu_quat_wxyz=[0.8307498693466187, 0.16289833188056946, 0.16014322638511658, -0.50761479139328]
joint_pos=[0.0, 0.0, 0.0, -0.035999998450279236, 0.5400000214576721, 0.0] imu_ang_vel=[-0.6146763563156128, -0.0585913322865963, 0.920416533946991] imu_quat_wxyz=[0.8307498693466187, 0.16289833188056946, 0.16014322638511658, -0.50761479139328]
joint_pos=[0.0, 0.0, 0.0, -0.035999998450279236, 0.5400000214576721, 0.0] imu_ang_vel=[-0.580586850643158, 0.01491415686905384, 0.0] imu_quat_wxyz=[0.835688054561615, 0.16050966084003448, 0.16804693639278412, -0.4976165294647217]
joint_pos=[0.0, 0.0, 0.0, -0.035999998450279236, 0.5400000214576721, 0.0] imu_ang_vel=[-0.580586850643158, 0.01491415686905384, 0.0] imu_quat_wxyz=[0.835688054561615, 0.16050966084003448, 0.16804693639278412, -0.4976165294647217]
joint_pos=[0.0, 0.0, 0.0, -0.035999998450279236, 0.5400000214576721, 0.0] imu_ang_vel=[0.6668758988380432, 0.7840585708618164, -1.1675654649734497] imu_quat_wxyz=[0.8263066411018372, 0.17191070318222046, 0.17026709020137787, -0.5085992217063904]
joint_pos=[0.0, 0.0, 0.0, -0.035999998450279236, 0.5400000214576721, 0.0] imu_ang_vel=[0.6668758988380432, 0.7840585708618164, -1.1675654649734497] imu_quat_wxyz=[0.8263066411018372, 0.17191070318222046, 0.17026709020137787, -0.5085992217063904]
joint_pos=[0.0, 0.0, 0.0, -0.035999998450279236, 0.5400000214576721, 0.0] imu_ang_vel=[-2.3436532020568848, -13.5068998336792, -4.168507099151611] imu_quat_wxyz=[0.8168889880180359, 0.09368284791707993, 0.061234720051288605, -0.565832257270813]
joint_pos=[0.0, 0.0, 0.0, -0.035999998450279236, 0.5400000214576721, 0.0] imu_ang_vel=[-2.3436532020568848, -13.5068998336792, -4.168507099151611] imu_quat_wxyz=[0.8168889880180359, 0.09368284791707993, 0.061234720051288605, -0.565832257270813]
joint_pos=[0.0, 0.0, 0.0, -0.035999998450279236, 0.5400000214576721, 0.0] imu_ang_vel=[-7.8064961433410645, -1.9026203155517578, -2.0954389572143555] imu_quat_wxyz=[0.8480467200279236, 0.055339355021715164, 0.06263699382543564, -0.5232885479927063]
joint_pos=[0.0, 0.0, 0.0, -0.035999998450279236, 0.5400000214576721, 0.0] imu_ang_vel=[-7.8064961433410645, -1.9026203155517578, -2.0954389572143555] imu_quat_wxyz=[0.8480467200279236, 0.055339355021715164, 0.06263699382543564, -0.5232885479927063]
joint_pos=[0.0, 0.0, 0.0, -0.035999998450279236, 0.5400000214576721, 0.0] imu_ang_vel=[2.9253053665161133, -1.2474627494812012, -4.787444591522217] imu_quat_wxyz=[0.7115975022315979, 0.2109430879354477, -0.005970265716314316, -0.6701464653015137]
joint_pos=[0.0, 0.0, 0.0, -0.035999998450279236, 0.5400000214576721, 0.0] imu_ang_vel=[2.9253053665161133, -1.2474627494812012, -4.787444591522217] imu_quat_wxyz=[0.7115975022315979, 0.2109430879354477, -0.005970265716314316, -0.6701464653015137]
joint_pos=[0.0, 0.0, 0.0, -0.035999998450279236, 0.5400000214576721, 0.0] imu_ang_vel=[-2.21581768989563, 4.509401798248291, 7.072506427764893] imu_quat_wxyz=[0.7550548315048218, 0.2774515151977539, 0.04994923993945122, -0.5919610261917114]
joint_pos=[0.0, 0.0, 0.0, -0.035999998450279236, 0.5400000214576721, 0.0] imu_ang_vel=[-2.21581768989563, 4.509401798248291, 7.072506427764893] imu_quat_wxyz=[0.7550548315048218, 0.2774515151977539, 0.04994923993945122, -0.5919610261917114]
joint_pos=[0.0, 0.0, 0.0, -0.035999998450279236, 0.5400000214576721, 0.0] imu_ang_vel=[-2.947676658630371, 1.3369476795196533, 2.9508724212646484] imu_quat_wxyz=[0.7819811701774597, 0.2600187361240387, 0.11077659577131271, -0.5555395483970642]
joint_pos=[0.0, 0.0, 0.0, -0.035999998450279236, 0.5400000214576721, 0.0] imu_ang_vel=[-2.947676658630371, 1.3369476795196533, 2.9508724212646484] imu_quat_wxyz=[0.7819811701774597, 0.2600187361240387, 0.11077659577131271, -0.5555395483970642]
joint_pos=[0.0, 0.0, 0.0, -0.035999998450279236, 0.5400000214576721, 0.0] imu_ang_vel=[-1.7151280641555786, 1.545745849609375, 1.6171207427978516] imu_quat_wxyz=[0.8386852741241455, 0.23941010236740112, 0.1621420830488205, -0.46151894330978394]
joint_pos=[0.0, 0.0, 0.0, -0.035999998450279236, 0.5400000214576721, 0.0] imu_ang_vel=[-1.7151280641555786, 1.545745849609375, 1.6171207427978516] imu_quat_wxyz=[0.8386852741241455, 0.23941010236740112, 0.1621420830488205, -0.46151894330978394]
joint_pos=[0.0, 0.0, 0.0, -0.035999998450279236, 0.5400000214576721, 0.0] imu_ang_vel=[-0.6104151606559753, 0.6349169611930847, -1.3561229705810547] imu_quat_wxyz=[0.8364740610122681, 0.22103528678417206, 0.20152783393859863, -0.4591742157936096]
joint_pos=[0.0, 0.0, 0.0, -0.035999998450279236, 0.5400000214576721, 0.0] imu_ang_vel=[-0.6104151606559753, 0.6349169611930847, -1.3561229705810547] imu_quat_wxyz=[0.8364740610122681, 0.22103528678417206, 0.20152783393859863, -0.4591742157936096]
joint_pos=[0.0, 0.0, 0.0, -0.035999998450279236, 0.5400000214576721, 0.0] imu_ang_vel=[-0.20134112238883972, 0.7627525925636292, 0.11824796348810196] imu_quat_wxyz=[0.8348546028137207, 0.21868564188480377, 0.21790608763694763, -0.45575347542762756]
joint_pos=[0.0, 0.0, 0.0, -0.035999998450279236, 0.5400000214576721, 0.0] imu_ang_vel=[-0.20134112238883972, 0.7627525925636292, 0.11824796348810196] imu_quat_wxyz=[0.8348546028137207, 0.21868564188480377, 0.21790608763694763, -0.45575347542762756]
joint_pos=[0.0, 0.0, 0.0, -0.035999998450279236, 0.5400000214576721, 0.0] imu_ang_vel=[-0.24927948415279388, -1.4040613174438477, -0.08096256852149963] imu_quat_wxyz=[0.8395335674285889, 0.2143089771270752, 0.22851692140102386, -0.4438864588737488]
joint_pos=[0.0, 0.0, 0.0, -0.035999998450279236, 0.5400000214576721, 0.0] imu_ang_vel=[-0.24927948415279388, -1.4040613174438477, -0.08096256852149963] imu_quat_wxyz=[0.8395335674285889, 0.2143089771270752, 0.22851692140102386, -0.4438864588737488]
joint_pos=[0.0, 0.0, 0.0, -0.035999998450279236, 0.5400000214576721, 0.0] imu_ang_vel=[0.5699338316917419, -0.2961525619029999, -0.10226850211620331] imu_quat_wxyz=[0.8425953388214111, 0.21669384837150574, 0.2276379019021988, -0.4373303949832916]
joint_pos=[0.0, 0.0, 0.0, -0.035999998450279236, 0.5400000214576721, 0.0] imu_ang_vel=[0.5699338316917419, -0.2961525619029999, -0.10226850211620331] imu_quat_wxyz=[0.8425953388214111, 0.21669384837150574, 0.2276379019021988, -0.4373303949832916]
joint_pos=[0.0, 0.0, 0.0, -0.035999998450279236, 0.5400000214576721, 0.0] imu_ang_vel=[-0.7457078695297241, -0.1491415649652481, 0.40481284260749817] imu_quat_wxyz=[0.8484285473823547, 0.2110310047864914, 0.232058584690094, -0.4263611435890198]
joint_pos=[0.0, 0.0, 0.0, -0.035999998450279236, 0.5400000214576721, 0.0] imu_ang_vel=[-0.7457078695297241, -0.1491415649652481, 0.40481284260749817] imu_quat_wxyz=[0.8484285473823547, 0.2110310047864914, 0.232058584690094, -0.4263611435890198]
joint_pos=[0.0, 0.0, 0.0, -0.035999998450279236, 0.5400000214576721, 0.0] imu_ang_vel=[-0.39309456944465637, 0.012783562764525414, 1.1835448741912842] imu_quat_wxyz=[0.8600463271141052, 0.20951223373413086, 0.2314607799053192, -0.4035476744174957]
joint_pos=[0.0, 0.0, 0.0, -0.035999998450279236, 0.5400000214576721, 0.0] imu_ang_vel=[-0.39309456944465637, 0.012783562764525414, 1.1835448741912842] imu_quat_wxyz=[0.8600463271141052, 0.20951223373413086, 0.2314607799053192, -0.4035476744174957]
joint_pos=[0.0, 0.0, 0.0, -0.035999998450279236, 0.5400000214576721, 0.0] imu_ang_vel=[-0.07883197069168091, 0.06817900389432907, -0.0937461331486702] imu_quat_wxyz=[0.8614231944084167, 0.20008912682533264, 0.23740938305854797, -0.40193426609039307]
joint_pos=[0.0, 0.0, 0.0, -0.035999998450279236, 0.5400000214576721, 0.0] imu_ang_vel=[-0.07883197069168091, 0.06817900389432907, -0.0937461331486702] imu_quat_wxyz=[0.8614231944084167, 0.20008912682533264, 0.23740938305854797, -0.40193426609039307]
joint_pos=[0.0, 0.0, 0.0, -0.035999998450279236, 0.5400000214576721, 0.0] imu_ang_vel=[-0.034089501947164536, 0.017044750973582268, -0.02343653328716755] imu_quat_wxyz=[0.865204393863678, 0.1918986439704895, 0.23477697372436523, -0.39934462308883667]
joint_pos=[0.0, 0.0, 0.0, -0.035999998450279236, 0.5400000214576721, 0.0] imu_ang_vel=[-0.034089501947164536, 0.017044750973582268, -0.02343653328716755] imu_quat_wxyz=[0.865204393863678, 0.1918986439704895, 0.23477697372436523, -0.39934462308883667]
joint_pos=[0.0, 0.0, 0.0, -0.035999998450279236, 0.5400000214576721, 0.0] imu_ang_vel=[0.015979453921318054, -0.017044750973582268, 0.199210524559021] imu_quat_wxyz=[0.8690260648727417, 0.18782258033752441, 0.23375771939754486, -0.39354008436203003]
joint_pos=[0.0, 0.0, 0.0, -0.035999998450279236, 0.5400000214576721, 0.0] imu_ang_vel=[0.015979453921318054, -0.017044750973582268, 0.199210524559021] imu_quat_wxyz=[0.8690260648727417, 0.18782258033752441, 0.23375771939754486, -0.39354008436203003]
joint_pos=[0.0, 0.0, 0.0, -0.035999998450279236, 0.5400000214576721, 0.0] imu_ang_vel=[0.3334379494190216, 0.10013791173696518, 0.7030959725379944] imu_quat_wxyz=[0.8756471276283264, 0.19373473525047302, 0.22760581970214844, -0.3793473541736603]
joint_pos=[0.0, 0.0, 0.0, -0.035999998450279236, 0.5400000214576721, 0.0] imu_ang_vel=[0.3334379494190216, 0.10013791173696518, 0.7030959725379944] imu_quat_wxyz=[0.8756471276283264, 0.19373473525047302, 0.22760581970214844, -0.3793473541736603]
joint_pos=[0.0, 0.0, 0.0, -0.035999998450279236, 0.5400000214576721, 0.0] imu_ang_vel=[-0.14807628095149994, 0.07776667922735214, 0.11185617744922638] imu_quat_wxyz=[0.8799448013305664, 0.1887200027704239, 0.22671636939048767, -0.37239953875541687]
joint_pos=[0.0, 0.0, 0.0, -0.035999998450279236, 0.5400000214576721, 0.0] imu_ang_vel=[-0.14807628095149994, 0.07776667922735214, 0.11185617744922638] imu_quat_wxyz=[0.8799448013305664, 0.1887200027704239, 0.22671636939048767, -0.37239953875541687]
joint_pos=[0.0, 0.0, 0.0, -0.035999998450279236, 0.5400000214576721, 0.0] imu_ang_vel=[-0.2982831299304962, 0.3973557651042938, -0.20560230314731598] imu_quat_wxyz=[0.8800821900367737, 0.1873619705438614, 0.23609860241413116, -0.3668900430202484]
joint_pos=[0.0, 0.0, 0.0, -0.035999998450279236, 0.5400000214576721, 0.0] imu_ang_vel=[-0.2982831299304962, 0.3973557651042938, -0.20560230314731598] imu_quat_wxyz=[0.8800821900367737, 0.1873619705438614, 0.23609860241413116, -0.3668900430202484]
joint_pos=[0.0, 0.0, 0.0, -0.035999998450279236, 0.5400000214576721, 0.0] imu_ang_vel=[0.7084224820137024, -0.47618773579597473, -0.5283873081207275] imu_quat_wxyz=[0.8800044655799866, 0.17860276997089386, 0.23141111433506012, -0.374355673789978]
joint_pos=[0.0, 0.0, 0.0, -0.035999998450279236, 0.5400000214576721, 0.0] imu_ang_vel=[0.7084224820137024, -0.47618773579597473, -0.5283873081207275] imu_quat_wxyz=[0.8800044655799866, 0.17860276997089386, 0.23141111433506012, -0.374355673789978]
joint_pos=[0.0, 0.0, 0.0, -0.035999998450279236, 0.5400000214576721, 0.0] imu_ang_vel=[0.16512101888656616, -1.2186996936798096, -0.9811384677886963] imu_quat_wxyz=[0.8767496943473816, 0.17964361608028412, 0.2219645380973816, -0.3870011568069458]
joint_pos=[0.0, 0.0, 0.0, -0.035999998450279236, 0.5400000214576721, 0.0] imu_ang_vel=[0.16512101888656616, -1.2186996936798096, -0.9811384677886963] imu_quat_wxyz=[0.8767496943473816, 0.17964361608028412, 0.2219645380973816, -0.3870011568069458]
joint_pos=[0.0, 0.0, 0.0, -0.035999998450279236, 0.5400000214576721, 0.0] imu_ang_vel=[0.7052266001701355, -0.019175345078110695, 0.021305939182639122] imu_quat_wxyz=[0.8754588961601257, 0.1814231276512146, 0.21544206142425537, -0.3927364945411682]
joint_pos=[0.0, 0.0, 0.0, -0.035999998450279236, 0.5400000214576721, 0.0] imu_ang_vel=[0.7052266001701355, -0.019175345078110695, 0.021305939182639122] imu_quat_wxyz=[0.8754588961601257, 0.1814231276512146, 0.21544206142425537, -0.3927364945411682]
joint_pos=[0.0, 0.0, 0.0, -0.035999998450279236, 0.5400000214576721, 0.0] imu_ang_vel=[-0.5209302306175232, -0.2460835874080658, 0.3803110122680664] imu_quat_wxyz=[0.8765890002250671, 0.17879199981689453, 0.20896075665950775, -0.3949183225631714]
joint_pos=[0.0, 0.0, 0.0, -0.035999998450279236, 0.5400000214576721, 0.0] imu_ang_vel=[-0.5209302306175232, -0.2460835874080658, 0.3803110122680664] imu_quat_wxyz=[0.8765890002250671, 0.17879199981689453, 0.20896075665950775, -0.3949183225631714]
joint_pos=[0.0, 0.0, 0.0, -0.035999998450279236, 0.5400000214576721, 0.0] imu_ang_vel=[-0.6285251975059509, 0.2226470559835434, 1.0621010065078735] imu_quat_wxyz=[0.884171724319458, 0.17261597514152527, 0.20745624601840973, -0.38132143020629883]
joint_pos=[0.0, 0.0, 0.0, -0.035999998450279236, 0.5400000214576721, 0.0] imu_ang_vel=[-0.6285251975059509, 0.2226470559835434, 1.0621010065078735] imu_quat_wxyz=[0.884171724319458, 0.17261597514152527, 0.20745624601840973, -0.38132143020629883]
joint_pos=[0.0, 0.0, 0.0, -0.035999998450279236, 0.5400000214576721, 0.0] imu_ang_vel=[-0.5401055216789246, 0.10226850211620331, 0.5092119574546814] imu_quat_wxyz=[0.8921599388122559, 0.1588716208934784, 0.20788882672786713, -0.3682290315628052]
joint_pos=[0.0, 0.0, 0.0, -0.035999998450279236, 0.5400000214576721, 0.0] imu_ang_vel=[-0.5401055216789246, 0.10226850211620331, 0.5092119574546814] imu_quat_wxyz=[0.8921599388122559, 0.1588716208934784, 0.20788882672786713, -0.3682290315628052]
joint_pos=[0.0, 0.0, 0.0, -0.035999998450279236, 0.5400000214576721, 0.0] imu_ang_vel=[-0.11824796348810196, -0.4570123851299286, -0.3781804144382477] imu_quat_wxyz=[0.8940483331680298, 0.15081630647182465, 0.20335280895233154, -0.3695666193962097]
joint_pos=[0.0, 0.0, 0.0, -0.035999998450279236, 0.5400000214576721, 0.0] imu_ang_vel=[-0.11824796348810196, -0.4570123851299286, -0.3781804144382477] imu_quat_wxyz=[0.8940483331680298, 0.15081630647182465, 0.20335280895233154, -0.3695666193962097]
joint_pos=[0.0, 0.0, 0.0, -0.035999998450279236, 0.5400000214576721, 0.0] imu_ang_vel=[0.08309315890073776, -0.8767393827438354, 0.0] imu_quat_wxyz=[0.8946515917778015, 0.13894116878509521, 0.19321244955062866, -0.37810415029525757]
joint_pos=[0.0, 0.0, 0.0, -0.035999998450279236, 0.5400000214576721, 0.0] imu_ang_vel=[0.08309315890073776, -0.8767393827438354, 0.0] imu_quat_wxyz=[0.8946515917778015, 0.13894116878509521, 0.19321244955062866, -0.37810415029525757]
joint_pos=[0.0, 0.0, 0.0, -0.035999998450279236, 0.5400000214576721, 0.0] imu_ang_vel=[0.41653111577033997, -1.0397298336029053, 0.3036096394062042] imu_quat_wxyz=[0.8987676501274109, 0.15371735394001007, 0.17531977593898773, -0.37128227949142456]
joint_pos=[0.0, 0.0, 0.0, -0.035999998450279236, 0.5400000214576721, 0.0] imu_ang_vel=[0.41653111577033997, -1.0397298336029053, 0.3036096394062042] imu_quat_wxyz=[0.8987676501274109, 0.15371735394001007, 0.17531977593898773, -0.37128227949142456]
joint_pos=[0.0, 0.0, 0.0, -0.035999998450279236, 0.5400000214576721, 0.0] imu_ang_vel=[0.5060160160064697, -0.5177342891693115, 0.48471009731292725] imu_quat_wxyz=[0.8978947401046753, 0.1616247147321701, 0.15475237369537354, -0.37909626960754395]
joint_pos=[0.0, 0.0, 0.0, -0.035999998450279236, 0.5400000214576721, 0.0] imu_ang_vel=[0.5060160160064697, -0.5177342891693115, 0.48471009731292725] imu_quat_wxyz=[0.8978947401046753, 0.1616247147321701, 0.15475237369537354, -0.37909626960754395]
joint_pos=[0.0, 0.0, 0.0, -0.035999998450279236, 0.5400000214576721, 0.0] imu_ang_vel=[0.3696580231189728, 0.287630170583725, -1.1846102476119995] imu_quat_wxyz=[0.8936794400215149, 0.16523706912994385, 0.16013766825199127, -0.385213702917099]
joint_pos=[0.0, 0.0, 0.0, -0.035999998450279236, 0.5400000214576721, 0.0] imu_ang_vel=[0.3696580231189728, 0.287630170583725, -1.1846102476119995] imu_quat_wxyz=[0.8936794400215149, 0.16523706912994385, 0.16013766825199127, -0.385213702917099]
joint_pos=[0.0, 0.0, 0.0, -0.035999998450279236, 0.5400000214576721, 0.0] imu_ang_vel=[0.18855755031108856, 0.9683549404144287, -0.7425119876861572] imu_quat_wxyz=[0.8779539465904236, 0.17803065478801727, 0.1764693260192871, -0.4078733026981354]
joint_pos=[0.0, 0.0, 0.0, -0.035999998450279236, 0.5400000214576721, 0.0] imu_ang_vel=[0.18855755031108856, 0.9683549404144287, -0.7425119876861572] imu_quat_wxyz=[0.8779539465904236, 0.17803065478801727, 0.1764693260192871, -0.4078733026981354]
joint_pos=[0.0, 0.0, 0.0, -0.035999998450279236, 0.5400000214576721, 0.0] imu_ang_vel=[-0.4250534772872925, 0.6231986880302429, 1.691691517829895] imu_quat_wxyz=[0.8855210542678833, 0.18712829053401947, 0.17959007620811462, -0.3854643702507019]
joint_pos=[0.0, 0.0, 0.0, -0.035999998450279236, 0.5400000214576721, 0.0] imu_ang_vel=[-0.4250534772872925, 0.6231986880302429, 1.691691517829895] imu_quat_wxyz=[0.8855210542678833, 0.18712829053401947, 0.17959007620811462, -0.3854643702507019]
joint_pos=[0.0, 0.0, 0.0, -0.035999998450279236, 0.5400000214576721, 0.0] imu_ang_vel=[-0.19494934380054474, -0.7563608288764954, 0.5816521048545837] imu_quat_wxyz=[0.8964144587516785, 0.1728276014328003, 0.1699569821357727, -0.37106090784072876]
joint_pos=[0.0, 0.0, 0.0, -0.035999998450279236, 0.5400000214576721, 0.0] imu_ang_vel=[-0.19494934380054474, -0.7563608288764954, 0.5816521048545837] imu_quat_wxyz=[0.8964144587516785, 0.1728276014328003, 0.1699569821357727, -0.37106090784072876]
joint_pos=[0.0, 0.0, 0.0, -0.035999998450279236, 0.5400000214576721, 0.0] imu_ang_vel=[0.2311694324016571, -1.186740756034851, -0.8074950575828552] imu_quat_wxyz=[0.897136926651001, 0.1628125011920929, 0.15400764346122742, -0.38068243861198425]
joint_pos=[0.0, 0.0, 0.0, -0.035999998450279236, 0.5400000214576721, 0.0] imu_ang_vel=[0.2311694324016571, -1.186740756034851, -0.8074950575828552] imu_quat_wxyz=[0.897136926651001, 0.1628125011920929, 0.15400764346122742, -0.38068243861198425]
joint_pos=[0.0, 0.0, 0.0, -0.035999998450279236, 0.5400000214576721, 0.0] imu_ang_vel=[-0.054330144077539444, 0.0, 0.3195890784263611] imu_quat_wxyz=[0.8955382704734802, 0.1722562462091446, 0.14807391166687012, -0.3826395571231842]
joint_pos=[0.0, 0.0, 0.0, -0.035999998450279236, 0.5400000214576721, 0.0] imu_ang_vel=[-0.054330144077539444, 0.0, 0.3195890784263611] imu_quat_wxyz=[0.8955382704734802, 0.1722562462091446, 0.14807391166687012, -0.3826395571231842]
joint_pos=[0.0, 0.0, 0.0, -0.035999998450279236, 0.5400000214576721, 0.0] imu_ang_vel=[0.07670138031244278, 0.925743043422699, 1.401930809020996] imu_quat_wxyz=[0.8992549777030945, 0.17939896881580353, 0.1637505739927292, -0.3637886643409729]
joint_pos=[0.0, 0.0, 0.0, -0.035999998450279236, 0.5400000214576721, 0.0] imu_ang_vel=[0.07670138031244278, 0.925743043422699, 1.401930809020996] imu_quat_wxyz=[0.8992549777030945, 0.17939896881580353, 0.1637505739927292, -0.3637886643409729]
joint_pos=[0.0, 0.0, 0.0, -0.035999998450279236, 0.5400000214576721, 0.0] imu_ang_vel=[-0.36433154344558716, 0.7851238250732422, 0.4005516469478607] imu_quat_wxyz=[0.9039979577064514, 0.1741740107536316, 0.1757892668247223, -0.34863919019699097]
joint_pos=[0.0, 0.0, 0.0, -0.035999998450279236, 0.5400000214576721, 0.0] imu_ang_vel=[-0.36433154344558716, 0.7851238250732422, 0.4005516469478607] imu_quat_wxyz=[0.9039979577064514, 0.1741740107536316, 0.1757892668247223, -0.34863919019699097]
joint_pos=[0.0, 0.0, 0.0, -0.035999998450279236, 0.5400000214576721, 0.0] imu_ang_vel=[0.30041372776031494, -0.6881818175315857, -0.6381128430366516] imu_quat_wxyz=[0.9025714993476868, 0.1694624125957489, 0.16599904000759125, -0.3592930734157562]
joint_pos=[0.0, 0.0, 0.0, -0.035999998450279236, 0.5400000214576721, 0.0] imu_ang_vel=[0.30041372776031494, -0.6881818175315857, -0.6381128430366516] imu_quat_wxyz=[0.9025714993476868, 0.1694624125957489, 0.16599904000759125, -0.3592930734157562]
joint_pos=[0.0, 0.0, 0.0, -0.035999998450279236, 0.5400000214576721, 0.0] imu_ang_vel=[0.10759498924016953, -0.6050886511802673, 0.544366717338562] imu_quat_wxyz=[0.9046250581741333, 0.1744787096977234, 0.15303291380405426, -0.35747963190078735]
joint_pos=[0.0, 0.0, 0.0, -0.035999998450279236, 0.5400000214576721, 0.0] imu_ang_vel=[0.10759498924016953, -0.6050886511802673, 0.544366717338562] imu_quat_wxyz=[0.9046250581741333, 0.1744787096977234, 0.15303291380405426, -0.35747963190078735]
joint_pos=[0.0, 0.0, 0.0, -0.035999998450279236, 0.5400000214576721, 0.0] imu_ang_vel=[-0.2194511741399765, -0.10013791173696518, 0.15446805953979492] imu_quat_wxyz=[0.9090893268585205, 0.16559194028377533, 0.1570558100938797, -0.3485245108604431]
joint_pos=[0.0, 0.0, 0.0, -0.035999998450279236, 0.5400000214576721, 0.0] imu_ang_vel=[-0.2194511741399765, -0.10013791173696518, 0.15446805953979492] imu_quat_wxyz=[0.9090893268585205, 0.16559194028377533, 0.1570558100938797, -0.3485245108604431]
joint_pos=[0.0, 0.0, 0.0, -0.035999998450279236, 0.5400000214576721, 0.0] imu_ang_vel=[0.0, 0.6093498468399048, 0.31745848059654236] imu_quat_wxyz=[0.9072655439376831, 0.17122288048267365, 0.1665886640548706, -0.3461216986179352]
joint_pos=[0.0, 0.0, 0.0, -0.035999998450279236, 0.5400000214576721, 0.0] imu_ang_vel=[0.0, 0.6093498468399048, 0.31745848059654236] imu_quat_wxyz=[0.9072655439376831, 0.17122288048267365, 0.1665886640548706, -0.3461216986179352]
joint_pos=[0.0, 0.0, 0.0, -0.035999998450279236, 0.5400000214576721, 0.0] imu_ang_vel=[0.17151281237602234, 0.363266259431839, -0.2844342887401581] imu_quat_wxyz=[0.9053031802177429, 0.17210297286510468, 0.17188987135887146, -0.3482246994972229]
joint_pos=[0.0, 0.0, 0.0, -0.035999998450279236, 0.5400000214576721, 0.0] imu_ang_vel=[0.17151281237602234, 0.363266259431839, -0.2844342887401581] imu_quat_wxyz=[0.9053031802177429, 0.17210297286510468, 0.17188987135887146, -0.3482246994972229]
joint_pos=[0.0, 0.0, 0.0, -0.035999998450279236, 0.5400000214576721, 0.0] imu_ang_vel=[0.15020686388015747, -0.1672516167163849, 0.07350549101829529] imu_quat_wxyz=[0.9055666327476501, 0.17363514006137848, 0.16644424200057983, -0.34942275285720825]
joint_pos=[0.0, 0.0, 0.0, -0.035999998450279236, 0.5400000214576721, 0.0] imu_ang_vel=[0.15020686388015747, -0.1672516167163849, 0.07350549101829529] imu_quat_wxyz=[0.9055666327476501, 0.17363514006137848, 0.16644424200057983, -0.34942275285720825]
joint_pos=[0.0, 0.0, 0.0, -0.035999998450279236, 0.5400000214576721, 0.0] imu_ang_vel=[-0.02982831373810768, -0.38776808977127075, 0.28230369091033936] imu_quat_wxyz=[0.9080474972724915, 0.1720981001853943, 0.15882137417793274, -0.34728625416755676]
joint_pos=[0.0, 0.0, 0.0, -0.035999998450279236, 0.5400000214576721, 0.0] imu_ang_vel=[-0.02982831373810768, -0.38776808977127075, 0.28230369091033936] imu_quat_wxyz=[0.9080474972724915, 0.1720981001853943, 0.15882137417793274, -0.34728625416755676]
joint_pos=[0.0, 0.0, 0.0, -0.035999998450279236, 0.5400000214576721, 0.0] imu_ang_vel=[-0.1438150852918625, 0.11505206674337387, 0.31426259875297546] imu_quat_wxyz=[0.9096332788467407, 0.17033357918262482, 0.16150325536727905, -0.3427397608757019]
joint_pos=[0.0, 0.0, 0.0, -0.035999998450279236, 0.5400000214576721, 0.0] imu_ang_vel=[-0.1438150852918625, 0.11505206674337387, 0.31426259875297546] imu_quat_wxyz=[0.9096332788467407, 0.17033357918262482, 0.16150325536727905, -0.3427397608757019]
joint_pos=[0.0, 0.0, 0.0, -0.035999998450279236, 0.5400000214576721, 0.0] imu_ang_vel=[0.10866028815507889, 0.30041372776031494, -0.07137489318847656] imu_quat_wxyz=[0.9082980751991272, 0.17162123322486877, 0.16678568720817566, -0.343108206987381]
joint_pos=[0.0, 0.0, 0.0, -0.035999998450279236, 0.5400000214576721, 0.0] imu_ang_vel=[0.10866028815507889, 0.30041372776031494, -0.07137489318847656] imu_quat_wxyz=[0.9082980751991272, 0.17162123322486877, 0.16678568720817566, -0.343108206987381]
joint_pos=[0.0, 0.0, 0.0, -0.035999998450279236, 0.5400000214576721, 0.0] imu_ang_vel=[0.21838587522506714, 0.05326484516263008, -0.2780424952507019] imu_quat_wxyz=[0.9056625366210938, 0.17393678426742554, 0.16694563627243042, -0.34878426790237427]
joint_pos=[0.0, 0.0, 0.0, -0.035999998450279236, 0.5400000214576721, 0.0] imu_ang_vel=[0.21838587522506714, 0.05326484516263008, -0.2780424952507019] imu_quat_wxyz=[0.9056625366210938, 0.17393678426742554, 0.16694563627243042, -0.34878426790237427]
joint_pos=[0.0, 0.0, 0.0, -0.035999998450279236, 0.5400000214576721, 0.0] imu_ang_vel=[0.03728539124131203, -0.14168448746204376, -0.10120321065187454] imu_quat_wxyz=[0.9040349125862122, 0.17527994513511658, 0.16379685699939728, -0.35379132628440857]
joint_pos=[0.0, 0.0, 0.0, -0.035999998450279236, 0.5400000214576721, 0.0] imu_ang_vel=[0.03728539124131203, -0.14168448746204376, -0.10120321065187454] imu_quat_wxyz=[0.9040349125862122, 0.17527994513511658, 0.16379685699939728, -0.35379132628440857]
joint_pos=[0.0, 0.0, 0.0, -0.035999998450279236, 0.5400000214576721, 0.0] imu_ang_vel=[0.02343653328716755, 0.07883197069168091, 0.0351547971367836] imu_quat_wxyz=[0.9028514623641968, 0.1788785308599472, 0.16401256620883942, -0.35491082072257996]
joint_pos=[0.0, 0.0, 0.0, -0.035999998450279236, 0.5400000214576721, 0.0] imu_ang_vel=[0.02343653328716755, 0.07883197069168091, 0.0351547971367836] imu_quat_wxyz=[0.9028514623641968, 0.1788785308599472, 0.16401256620883942, -0.35491082072257996]
joint_pos=[0.0, 0.0, 0.0, -0.035999998450279236, 0.5400000214576721, 0.0] imu_ang_vel=[0.10759498924016953, 0.06711370497941971, -0.46766534447669983] imu_quat_wxyz=[0.9003086686134338, 0.17891071736812592, 0.16666625440120697, -0.3600800037384033]
joint_pos=[0.0, 0.0, 0.0, -0.035999998450279236, 0.5400000214576721, 0.0] imu_ang_vel=[0.10759498924016953, 0.06711370497941971, -0.46766534447669983] imu_quat_wxyz=[0.9003086686134338, 0.17891071736812592, 0.16666625440120697, -0.3600800037384033]
joint_pos=[0.0, 0.0, 0.0, -0.035999998450279236, 0.5400000214576721, 0.0] imu_ang_vel=[0.3419603109359741, 0.013848859816789627, -0.6711370944976807] imu_quat_wxyz=[0.8945623636245728, 0.1827671080827713, 0.16604922711849213, -0.3725343942642212]
joint_pos=[0.0, 0.0, 0.0, -0.035999998450279236, 0.5400000214576721, 0.0] imu_ang_vel=[0.3419603109359741, 0.013848859816789627, -0.6711370944976807] imu_quat_wxyz=[0.8945623636245728, 0.1827671080827713, 0.16604922711849213, -0.3725343942642212]
joint_pos=[0.0, 0.0, 0.0, -0.035999998450279236, 0.5400000214576721, 0.0] imu_ang_vel=[-0.12037855386734009, 0.08948494493961334, -0.2578018605709076] imu_quat_wxyz=[0.8903130292892456, 0.18419024348258972, 0.1669793426990509, -0.3814898133277893]
joint_pos=[0.0, 0.0, 0.0, -0.035999998450279236, 0.5400000214576721, 0.0] imu_ang_vel=[-0.12037855386734009, 0.08948494493961334, -0.2578018605709076] imu_quat_wxyz=[0.8903130292892456, 0.18419024348258972, 0.1669793426990509, -0.3814898133277893]
joint_pos=[0.0, 0.0, 0.0, -0.035999998450279236, 0.5400000214576721, 0.0] imu_ang_vel=[-0.29082605242729187, 0.05539543926715851, 0.3664621412754059] imu_quat_wxyz=[0.8916621804237366, 0.18299677968025208, 0.16708172857761383, -0.3788592517375946]
joint_pos=[0.0, 0.0, 0.0, -0.035999998450279236, 0.5400000214576721, 0.0] imu_ang_vel=[-0.29082605242729187, 0.05539543926715851, 0.3664621412754059] imu_quat_wxyz=[0.8916621804237366, 0.18299677968025208, 0.16708172857761383, -0.3788592517375946]
joint_pos=[0.0, 0.0, 0.0, -0.035999998450279236, 0.5400000214576721, 0.0] imu_ang_vel=[-0.27058541774749756, 0.04367717355489731, 0.15553335845470428] imu_quat_wxyz=[0.8939817547798157, 0.17989638447761536, 0.16849112510681152, -0.37422531843185425]
joint_pos=[0.0, 0.0, 0.0, -0.035999998450279236, 0.5400000214576721, 0.0] imu_ang_vel=[-0.27058541774749756, 0.04367717355489731, 0.15553335845470428] imu_quat_wxyz=[0.8939817547798157, 0.17989638447761536, 0.16849112510681152, -0.37422531843185425]
joint_pos=[0.0, 0.0, 0.0, -0.035999998450279236, 0.5400000214576721, 0.0] imu_ang_vel=[0.0585913322865963, 0.07989726960659027, -0.4708612561225891] imu_quat_wxyz=[0.8917406797409058, 0.17916536331176758, 0.17386507987976074, -0.3774511516094208]
joint_pos=[0.0, 0.0, 0.0, -0.035999998450279236, 0.5400000214576721, 0.0] imu_ang_vel=[0.0585913322865963, 0.07989726960659027, -0.4708612561225891] imu_quat_wxyz=[0.8917406797409058, 0.17916536331176758, 0.17386507987976074, -0.3774511516094208]
joint_pos=[0.0, 0.0, 0.0, -0.035999998450279236, 0.5400000214576721, 0.0] imu_ang_vel=[-0.06924430280923843, -0.05006895586848259, -0.7691444158554077] imu_quat_wxyz=[0.8867535591125488, 0.18067476153373718, 0.17715664207935333, -0.38683345913887024]
joint_pos=[0.0, 0.0, 0.0, -0.035999998450279236, 0.5400000214576721, 0.0] imu_ang_vel=[-0.06924430280923843, -0.05006895586848259, -0.7691444158554077] imu_quat_wxyz=[0.8867535591125488, 0.18067476153373718, 0.17715664207935333, -0.38683345913887024]
joint_pos=[0.0, 0.0, 0.0, -0.035999998450279236, 0.5400000214576721, 0.0] imu_ang_vel=[0.15340276062488556, -0.350482702255249, -0.6359822750091553] imu_quat_wxyz=[0.8823502063751221, 0.1858215630054474, 0.17042022943496704, -0.397348016500473]
joint_pos=[0.0, 0.0, 0.0, -0.035999998450279236, 0.5400000214576721, 0.0] imu_ang_vel=[0.15340276062488556, -0.350482702255249, -0.6359822750091553] imu_quat_wxyz=[0.8823502063751221, 0.1858215630054474, 0.17042022943496704, -0.397348016500473]
joint_pos=[0.0, 0.0, 0.0, -0.035999998450279236, 0.5400000214576721, 0.0] imu_ang_vel=[0.12463974207639694, -0.23010413348674774, -0.25567126274108887] imu_quat_wxyz=[0.8793825507164001, 0.1898777335882187, 0.1655757576227188, -0.40400171279907227]
joint_pos=[0.0, 0.0, 0.0, -0.035999998450279236, 0.5400000214576721, 0.0] imu_ang_vel=[0.12463974207639694, -0.23010413348674774, -0.25567126274108887] imu_quat_wxyz=[0.8793825507164001, 0.1898777335882187, 0.1655757576227188, -0.40400171279907227]
joint_pos=[0.0, 0.0, 0.0, -0.035999998450279236, 0.5400000214576721, 0.0] imu_ang_vel=[0.07244019210338593, 0.0703095942735672, 0.08628904819488525] imu_quat_wxyz=[0.8791165947914124, 0.19060064852237701, 0.16717730462551117, -0.40358030796051025]
joint_pos=[0.0, 0.0, 0.0, -0.035999998450279236, 0.5400000214576721, 0.0] imu_ang_vel=[0.07244019210338593, 0.0703095942735672, 0.08628904819488525] imu_quat_wxyz=[0.8791165947914124, 0.19060064852237701, 0.16717730462551117, -0.40358030796051025]
joint_pos=[0.0, 0.0, 0.0, -0.035999998450279236, 0.5400000214576721, 0.0] imu_ang_vel=[-0.13848860561847687, 0.05219954997301102, -0.06498311460018158] imu_quat_wxyz=[0.8798219561576843, 0.18889746069908142, 0.16853611171245575, -0.4022767245769501]
joint_pos=[0.0, 0.0, 0.0, -0.035999998450279236, 0.5400000214576721, 0.0] imu_ang_vel=[-0.13848860561847687, 0.05219954997301102, -0.06498311460018158] imu_quat_wxyz=[0.8798219561576843, 0.18889746069908142, 0.16853611171245575, -0.4022767245769501]
joint_pos=[0.0, 0.0, 0.0, -0.035999998450279236, 0.5400000214576721, 0.0] imu_ang_vel=[-0.049003660678863525, -0.07989726960659027, -0.20666760206222534] imu_quat_wxyz=[0.8798484206199646, 0.18689212203025818, 0.16875946521759033, -0.4030608832836151]
joint_pos=[0.0, 0.0, 0.0, -0.035999998450279236, 0.5400000214576721, 0.0] imu_ang_vel=[-0.049003660678863525, -0.07989726960659027, -0.20666760206222534] imu_quat_wxyz=[0.8798484206199646, 0.18689212203025818, 0.16875946521759033, -0.4030608832836151]
joint_pos=[0.0, 0.0, 0.0, -0.035999998450279236, 0.5400000214576721, 0.0] imu_ang_vel=[-0.07137489318847656, -0.17683929204940796, -0.1289009302854538] imu_quat_wxyz=[0.880113959312439, 0.1855560839176178, 0.16723324358463287, -0.40373438596725464]
joint_pos=[0.0, 0.0, 0.0, -0.035999998450279236, 0.5400000214576721, 0.0] imu_ang_vel=[-0.07137489318847656, -0.17683929204940796, -0.1289009302854538] imu_quat_wxyz=[0.880113959312439, 0.1855560839176178, 0.16723324358463287, -0.40373438596725464]
joint_pos=[0.0, 0.0, 0.0, -0.035999998450279236, 0.5400000214576721, 0.0] imu_ang_vel=[-0.3068055212497711, 0.0, 0.06178722158074379] imu_quat_wxyz=[0.8814053535461426, 0.18421004712581635, 0.16792790591716766, -0.401237428188324]
joint_pos=[0.0, 0.0, 0.0, -0.035999998450279236, 0.5400000214576721, 0.0] imu_ang_vel=[-0.3068055212497711, 0.0, 0.06178722158074379] imu_quat_wxyz=[0.8814053535461426, 0.18421004712581635, 0.16792790591716766, -0.401237428188324]
joint_pos=[0.0, 0.0, 0.0, -0.035999998450279236, 0.5400000214576721, 0.0] imu_ang_vel=[0.743577241897583, 0.12783563137054443, 0.5539544224739075] imu_quat_wxyz=[0.8829246163368225, 0.18998855352401733, 0.17879532277584076, -0.39035946130752563]
joint_pos=[0.0, 0.0, 0.0, -0.035999998450279236, 0.5400000214576721, 0.0] imu_ang_vel=[0.743577241897583, 0.12783563137054443, 0.5539544224739075] imu_quat_wxyz=[0.8829246163368225, 0.18998855352401733, 0.17879532277584076, -0.39035946130752563]
joint_pos=[0.0, 0.0, 0.0, -0.035999998450279236, 0.5400000214576721, 0.0] imu_ang_vel=[-0.23862650990486145, 0.667941153049469, 0.38776808977127075] imu_quat_wxyz=[0.886756181716919, 0.18507423996925354, 0.1828242391347885, -0.3820813298225403]
joint_pos=[0.0, 0.0, 0.0, -0.035999998450279236, 0.5400000214576721, 0.0] imu_ang_vel=[-0.23862650990486145, 0.667941153049469, 0.38776808977127075] imu_quat_wxyz=[0.886756181716919, 0.18507423996925354, 0.1828242391347885, -0.3820813298225403]
joint_pos=[0.0, 0.0, 0.0, -0.035999998450279236, 0.5400000214576721, 0.0] imu_ang_vel=[0.5422361493110657, -0.3973557651042938, -0.29082605242729187] imu_quat_wxyz=[0.884554922580719, 0.180696040391922, 0.1849987655878067, -0.3881841003894806]
joint_pos=[0.0, 0.0, 0.0, -0.035999998450279236, 0.5400000214576721, 0.0] imu_ang_vel=[0.5422361493110657, -0.3973557651042938, -0.29082605242729187] imu_quat_wxyz=[0.884554922580719, 0.180696040391922, 0.1849987655878067, -0.3881841003894806]
joint_pos=[0.0, 0.0, 0.0, -0.035999998450279236, 0.5400000214576721, 0.0] imu_ang_vel=[-0.6945735812187195, 0.5816521048545837, 0.042611878365278244] imu_quat_wxyz=[0.8832501769065857, 0.18304067850112915, 0.19101813435554504, -0.3871398866176605]
joint_pos=[0.0, 0.0, 0.0, -0.035999998450279236, 0.5400000214576721, 0.0] imu_ang_vel=[-0.6945735812187195, 0.5816521048545837, 0.042611878365278244] imu_quat_wxyz=[0.8832501769065857, 0.18304067850112915, 0.19101813435554504, -0.3871398866176605]
joint_pos=[0.0, 0.0, 0.0, -0.035999998450279236, 0.5400000214576721, 0.0] imu_ang_vel=[-0.31532788276672363, 0.24182240664958954, 0.7584913969039917] imu_quat_wxyz=[0.8900712132453918, 0.17076903581619263, 0.2035302221775055, -0.3703872263431549]
joint_pos=[0.0, 0.0, 0.0, -0.035999998450279236, 0.5400000214576721, 0.0] imu_ang_vel=[-0.31532788276672363, 0.24182240664958954, 0.7584913969039917] imu_quat_wxyz=[0.8900712132453918, 0.17076903581619263, 0.2035302221775055, -0.3703872263431549]
joint_pos=[0.0, 0.0, 0.0, -0.035999998450279236, 0.5400000214576721, 0.0] imu_ang_vel=[-0.48790600895881653, -0.10439909994602203, 0.7606220245361328] imu_quat_wxyz=[0.9003226161003113, 0.16313068568706512, 0.20241868495941162, -0.34904739260673523]
joint_pos=[0.0, 0.0, 0.0, -0.035999998450279236, 0.5400000214576721, 0.0] imu_ang_vel=[-0.48790600895881653, -0.10439909994602203, 0.7606220245361328] imu_quat_wxyz=[0.9003226161003113, 0.16313068568706512, 0.20241868495941162, -0.34904739260673523]
joint_pos=[0.0, 0.0, 0.0, -0.035999998450279236, 0.5400000214576721, 0.0] imu_ang_vel=[-0.012783562764525414, 0.20560230314731598, 0.2194511741399765] imu_quat_wxyz=[0.9054589867591858, 0.16040657460689545, 0.20491144061088562, -0.3352981209754944]
joint_pos=[0.0, 0.0, 0.0, -0.035999998450279236, 0.5400000214576721, 0.0] imu_ang_vel=[-0.012783562764525414, 0.20560230314731598, 0.2194511741399765] imu_quat_wxyz=[0.9054589867591858, 0.16040657460689545, 0.20491144061088562, -0.3352981209754944]
joint_pos=[0.0, 0.0, 0.0, -0.035999998450279236, 0.5400000214576721, 0.0] imu_ang_vel=[0.287630170583725, 0.019175345078110695, -0.3685927391052246] imu_quat_wxyz=[0.905102550983429, 0.16126184165477753, 0.20728926360607147, -0.33438757061958313]
joint_pos=[0.0, 0.0, 0.0, -0.035999998450279236, 0.5400000214576721, 0.0] imu_ang_vel=[0.287630170583725, 0.019175345078110695, -0.3685927391052246] imu_quat_wxyz=[0.905102550983429, 0.16126184165477753, 0.20728926360607147, -0.33438757061958313]
joint_pos=[0.0, 0.0, 0.0, -0.035999998450279236, 0.5400000214576721, 0.0] imu_ang_vel=[-0.43996763229370117, -0.22903883457183838, -1.458391547203064] imu_quat_wxyz=[0.900346040725708, 0.15125122666358948, 0.21023166179656982, -0.3497180938720703]
joint_pos=[0.0, 0.0, 0.0, -0.035999998450279236, 0.5400000214576721, 0.0] imu_ang_vel=[-0.43996763229370117, -0.22903883457183838, -1.458391547203064] imu_quat_wxyz=[0.900346040725708, 0.15125122666358948, 0.21023166179656982, -0.3497180938720703]
joint_pos=[0.0, 0.0, 0.0, -0.035999998450279236, 0.5400000214576721, 0.0] imu_ang_vel=[0.3867027759552002, 0.6849859356880188, -0.40800872445106506] imu_quat_wxyz=[0.8939564228057861, 0.1489252746105194, 0.21602125465869904, -0.36331528425216675]
joint_pos=[0.0, 0.0, 0.0, -0.035999998450279236, 0.5400000214576721, 0.0] imu_ang_vel=[0.3867027759552002, 0.6849859356880188, -0.40800872445106506] imu_quat_wxyz=[0.8939564228057861, 0.1489252746105194, 0.21602125465869904, -0.36331528425216675]
joint_pos=[0.0, 0.0, 0.0, -0.035999998450279236, 0.5400000214576721, 0.0] imu_ang_vel=[-0.06817900389432907, -0.5028201341629028, -0.8298662900924683] imu_quat_wxyz=[0.890815019607544, 0.1473725587129593, 0.21544411778450012, -0.37190547585487366]
joint_pos=[0.0, 0.0, 0.0, -0.035999998450279236, 0.5400000214576721, 0.0] imu_ang_vel=[-0.06817900389432907, -0.5028201341629028, -0.8298662900924683] imu_quat_wxyz=[0.890815019607544, 0.1473725587129593, 0.21544411778450012, -0.37190547585487366]
joint_pos=[0.0, 0.0, 0.0, -0.035999998450279236, 0.5400000214576721, 0.0] imu_ang_vel=[0.11931325495243073, -0.039415985345840454, -0.3313073515892029] imu_quat_wxyz=[0.8877216577529907, 0.14633753895759583, 0.21202343702316284, -0.3815515339374542]
joint_pos=[0.0, 0.0, 0.0, -0.035999998450279236, 0.5400000214576721, 0.0] imu_ang_vel=[0.11931325495243073, -0.039415985345840454, -0.3313073515892029] imu_quat_wxyz=[0.8877216577529907, 0.14633753895759583, 0.21202343702316284, -0.3815515339374542]
joint_pos=[0.0, 0.0, 0.0, -0.035999998450279236, 0.5400000214576721, 0.0] imu_ang_vel=[0.22371235489845276, 0.15127216279506683, 0.21518997848033905] imu_quat_wxyz=[0.887596607208252, 0.146615132689476, 0.2129860818386078, -0.3811996579170227]
joint_pos=[0.0, 0.0, 0.0, -0.035999998450279236, 0.5400000214576721, 0.0] imu_ang_vel=[0.22371235489845276, 0.15127216279506683, 0.21518997848033905] imu_quat_wxyz=[0.887596607208252, 0.146615132689476, 0.2129860818386078, -0.3811996579170227]
joint_pos=[0.0, 0.0, 0.0, -0.035999998450279236, 0.5400000214576721, 0.0] imu_ang_vel=[-0.18536166846752167, -0.030893610790371895, -0.012783562764525414] imu_quat_wxyz=[0.8885126113891602, 0.14501991868019104, 0.21432770788669586, -0.3789170980453491]
joint_pos=[0.0, 0.0, 0.0, -0.035999998450279236, 0.5400000214576721, 0.0] imu_ang_vel=[-0.18536166846752167, -0.030893610790371895, -0.012783562764525414] imu_quat_wxyz=[0.8885126113891602, 0.14501991868019104, 0.21432770788669586, -0.3789170980453491]
joint_pos=[0.0, 0.0, 0.0, -0.035999998450279236, 0.5400000214576721, 0.0] imu_ang_vel=[0.18003518879413605, 0.17364339530467987, 0.08522375673055649] imu_quat_wxyz=[0.8892934918403625, 0.14361870288848877, 0.21542946994304657, -0.3769892156124115]
joint_pos=[0.0, 0.0, 0.0, -0.035999998450279236, 0.5400000214576721, 0.0] imu_ang_vel=[0.18003518879413605, 0.17364339530467987, 0.08522375673055649] imu_quat_wxyz=[0.8892934918403625, 0.14361870288848877, 0.21542946994304657, -0.3769892156124115]
joint_pos=[0.0, 0.0, 0.0, -0.035999998450279236, 0.5400000214576721, 0.0] imu_ang_vel=[0.010652969591319561, -0.08948494493961334, -0.35261330008506775] imu_quat_wxyz=[0.8886240124702454, 0.14146271347999573, 0.21542061865329742, -0.37938058376312256]
joint_pos=[0.0, 0.0, 0.0, -0.035999998450279236, 0.5400000214576721, 0.0] imu_ang_vel=[0.010652969591319561, -0.08948494493961334, -0.35261330008506775] imu_quat_wxyz=[0.8886240124702454, 0.14146271347999573, 0.21542061865329742, -0.37938058376312256]
joint_pos=[0.0, 0.0, 0.0, -0.035999998450279236, 0.5400000214576721, 0.0] imu_ang_vel=[0.12250914424657822, 0.13316211104393005, 0.0] imu_quat_wxyz=[0.8877204060554504, 0.1427932232618332, 0.2173381894826889, -0.3799034655094147]
joint_pos=[0.0, 0.0, 0.0, -0.035999998450279236, 0.5400000214576721, 0.0] imu_ang_vel=[0.12250914424657822, 0.13316211104393005, 0.0] imu_quat_wxyz=[0.8877204060554504, 0.1427932232618332, 0.2173381894826889, -0.3799034655094147]
joint_pos=[0.0, 0.0, 0.0, -0.035999998450279236, 0.5400000214576721, 0.0] imu_ang_vel=[0.08096256852149963, 0.049003660678863525, -0.13316211104393005] imu_quat_wxyz=[0.8873348236083984, 0.14227540791034698, 0.2184939980506897, -0.38033542037010193]
joint_pos=[0.0, 0.0, 0.0, -0.035999998450279236, 0.5400000214576721, 0.0] imu_ang_vel=[0.08096256852149963, 0.049003660678863525, -0.13316211104393005] imu_quat_wxyz=[0.8873348236083984, 0.14227540791034698, 0.2184939980506897, -0.38033542037010193]
joint_pos=[0.0, 0.0, 0.0, -0.035999998450279236, 0.5400000214576721, 0.0] imu_ang_vel=[0.05006895586848259, 0.02024064213037491, -0.1672516167163849] imu_quat_wxyz=[0.8866573572158813, 0.14127855002880096, 0.2196415811777115, -0.381623774766922]
joint_pos=[0.0, 0.0, 0.0, -0.035999998450279236, 0.5400000214576721, 0.0] imu_ang_vel=[0.05006895586848259, 0.02024064213037491, -0.1672516167163849] imu_quat_wxyz=[0.8866573572158813, 0.14127855002880096, 0.2196415811777115, -0.381623774766922]
joint_pos=[0.0, 0.0, 0.0, -0.035999998450279236, 0.5400000214576721, 0.0] imu_ang_vel=[0.05646073818206787, 0.049003660678863525, -0.09907261282205582] imu_quat_wxyz=[0.8861523866653442, 0.14129500091075897, 0.22102633118629456, -0.3819909691810608]
joint_pos=[0.0, 0.0, 0.0, -0.035999998450279236, 0.5400000214576721, 0.0] imu_ang_vel=[0.05646073818206787, 0.049003660678863525, -0.09907261282205582] imu_quat_wxyz=[0.8861523866653442, 0.14129500091075897, 0.22102633118629456, -0.3819909691810608]
joint_pos=[0.0, 0.0, 0.0, -0.035999998450279236, 0.5400000214576721, 0.0] imu_ang_vel=[0.039415985345840454, 0.030893610790371895, -0.09587672352790833] imu_quat_wxyz=[0.8860460519790649, 0.1407809853553772, 0.2218979001045227, -0.3819218873977661]
joint_pos=[0.0, 0.0, 0.0, -0.035999998450279236, 0.5400000214576721, 0.0] imu_ang_vel=[0.039415985345840454, 0.030893610790371895, -0.09587672352790833] imu_quat_wxyz=[0.8860460519790649, 0.1407809853553772, 0.2218979001045227, -0.3819218873977661]
joint_pos=[0.0, 0.0, 0.0, -0.035999998450279236, 0.5400000214576721, 0.0] imu_ang_vel=[0.024501830339431763, 0.07457078248262405, -0.13209682703018188] imu_quat_wxyz=[0.8855577111244202, 0.14000938832759857, 0.22343039512634277, -0.3824446201324463]
joint_pos=[0.0, 0.0, 0.0, -0.035999998450279236, 0.5400000214576721, 0.0] imu_ang_vel=[0.024501830339431763, 0.07457078248262405, -0.13209682703018188] imu_quat_wxyz=[0.8855577111244202, 0.14000938832759857, 0.22343039512634277, -0.3824446201324463]
joint_pos=[0.0, 0.0, 0.0, -0.035999998450279236, 0.5400000214576721, 0.0] imu_ang_vel=[0.0, 0.028763016685843468, -0.09481142461299896] imu_quat_wxyz=[0.8855011463165283, 0.13896030187606812, 0.22420629858970642, -0.3825039863586426]
joint_pos=[0.0, 0.0, 0.0, -0.035999998450279236, 0.5400000214576721, 0.0] imu_ang_vel=[0.0, 0.028763016685843468, -0.09481142461299896] imu_quat_wxyz=[0.8855011463165283, 0.13896030187606812, 0.22420629858970642, -0.3825039863586426]
joint_pos=[0.0, 0.0, 0.0, -0.035999998450279236, 0.5400000214576721, 0.0] imu_ang_vel=[-0.012783562764525414, 0.045807767659425735, -0.11505206674337387] imu_quat_wxyz=[0.8849130868911743, 0.1380557417869568, 0.22584496438503265, -0.3832276463508606]
joint_pos=[0.0, 0.0, 0.0, -0.035999998450279236, 0.5400000214576721, 0.0] imu_ang_vel=[-0.012783562764525414, 0.045807767659425735, -0.11505206674337387] imu_quat_wxyz=[0.8849130868911743, 0.1380557417869568, 0.22584496438503265, -0.3832276463508606]
joint_pos=[0.0, 0.0, 0.0, -0.035999998450279236, 0.5400000214576721, 0.0] imu_ang_vel=[-0.024501830339431763, -0.05326484516263008, -0.07244019210338593] imu_quat_wxyz=[0.8850514888763428, 0.13656754791736603, 0.22613748908042908, -0.38326889276504517]
joint_pos=[0.0, 0.0, 0.0, -0.035999998450279236, 0.5400000214576721, 0.0] imu_ang_vel=[-0.024501830339431763, -0.05326484516263008, -0.07244019210338593] imu_quat_wxyz=[0.8850514888763428, 0.13656754791736603, 0.22613748908042908, -0.38326889276504517]
joint_pos=[0.0, 0.0, 0.0, -0.035999998450279236, 0.5400000214576721, 0.0] imu_ang_vel=[-0.04474247246980667, -0.12463974207639694, 0.0] imu_quat_wxyz=[0.8858768343925476, 0.13478617370128632, 0.22483696043491364, -0.3827572762966156]
joint_pos=[0.0, 0.0, 0.0, -0.035999998450279236, 0.5400000214576721, 0.0] imu_ang_vel=[-0.04474247246980667, -0.12463974207639694, 0.0] imu_quat_wxyz=[0.8858768343925476, 0.13478617370128632, 0.22483696043491364, -0.3827572762966156]
joint_pos=[0.0, 0.0, 0.0, -0.035999998450279236, 0.5400000214576721, 0.0] imu_ang_vel=[-0.06391781568527222, -0.11079087853431702, 0.049003660678863525] imu_quat_wxyz=[0.887431800365448, 0.13367055356502533, 0.22411702573299408, -0.3799585998058319]
joint_pos=[0.0, 0.0, 0.0, -0.035999998450279236, 0.5400000214576721, 0.0] imu_ang_vel=[-0.06391781568527222, -0.11079087853431702, 0.049003660678863525] imu_quat_wxyz=[0.887431800365448, 0.13367055356502533, 0.22411702573299408, -0.3799585998058319]
joint_pos=[0.0, 0.0, 0.0, -0.035999998450279236, 0.5400000214576721, 0.0] imu_ang_vel=[0.039415985345840454, 0.1139867752790451, 0.18855755031108856] imu_quat_wxyz=[0.8896865844726562, 0.1341911107301712, 0.22294005751609802, -0.3751642405986786]
joint_pos=[0.0, 0.0, 0.0, -0.035999998450279236, 0.5400000214576721, 0.0] imu_ang_vel=[0.039415985345840454, 0.1139867752790451, 0.18855755031108856] imu_quat_wxyz=[0.8896865844726562, 0.1341911107301712, 0.22294005751609802, -0.3751642405986786]
joint_pos=[0.0, 0.0, 0.0, -0.035999998450279236, 0.5400000214576721, 0.0] imu_ang_vel=[-0.15659864246845245, -0.20134112238883972, -0.10226850211620331] imu_quat_wxyz=[0.8900969624519348, 0.13081468641757965, 0.22199638187885284, -0.375942200422287]
joint_pos=[0.0, 0.0, 0.0, -0.035999998450279236, 0.5400000214576721, 0.0] imu_ang_vel=[-0.15659864246845245, -0.20134112238883972, -0.10226850211620331] imu_quat_wxyz=[0.8900969624519348, 0.13081468641757965, 0.22199638187885284, -0.375942200422287]
joint_pos=[0.0, 0.0, 0.0, -0.035999998450279236, 0.5400000214576721, 0.0] imu_ang_vel=[-0.054330144077539444, -0.09055023640394211, 0.14274978637695312] imu_quat_wxyz=[0.8917471766471863, 0.13090158998966217, 0.2218376100063324, -0.37207499146461487]
joint_pos=[0.0, 0.0, 0.0, -0.035999998450279236, 0.5400000214576721, 0.0] imu_ang_vel=[-0.054330144077539444, -0.09055023640394211, 0.14274978637695312] imu_quat_wxyz=[0.8917471766471863, 0.13090158998966217, 0.2218376100063324, -0.37207499146461487]
joint_pos=[0.0, 0.0, 0.0, -0.035999998450279236, 0.5400000214576721, 0.0] imu_ang_vel=[-0.0937461331486702, -0.09694202244281769, 0.13422740995883942] imu_quat_wxyz=[0.8941673040390015, 0.12853939831256866, 0.21948181092739105, -0.3684700131416321]
joint_pos=[0.0, 0.0, 0.0, -0.035999998450279236, 0.5400000214576721, 0.0] imu_ang_vel=[-0.0937461331486702, -0.09694202244281769, 0.13422740995883942] imu_quat_wxyz=[0.8941673040390015, 0.12853939831256866, 0.21948181092739105, -0.3684700131416321]
joint_pos=[0.0, 0.0, 0.0, -0.035999998450279236, 0.5400000214576721, 0.0] imu_ang_vel=[-0.0703095942735672, 0.0351547971367836, 0.0468730665743351] imu_quat_wxyz=[0.8952507376670837, 0.12755337357521057, 0.2198156863451004, -0.3659745454788208]
joint_pos=[0.0, 0.0, 0.0, -0.035999998450279236, 0.5400000214576721, 0.0] imu_ang_vel=[-0.0703095942735672, 0.0351547971367836, 0.0468730665743351] imu_quat_wxyz=[0.8952507376670837, 0.12755337357521057, 0.2198156863451004, -0.3659745454788208]
joint_pos=[0.0, 0.0, 0.0, -0.035999998450279236, 0.5400000214576721, 0.0] imu_ang_vel=[-0.10866028815507889, -0.03302420675754547, 0.057526033371686935] imu_quat_wxyz=[0.8966197371482849, 0.12689369916915894, 0.21901008486747742, -0.36332544684410095]
joint_pos=[0.0, 0.0, 0.0, -0.035999998450279236, 0.5400000214576721, 0.0] imu_ang_vel=[-0.10866028815507889, -0.03302420675754547, 0.057526033371686935] imu_quat_wxyz=[0.8966197371482849, 0.12689369916915894, 0.21901008486747742, -0.36332544684410095]
joint_pos=[0.0, 0.0, 0.0, -0.035999998450279236, 0.5400000214576721, 0.0] imu_ang_vel=[-0.1139867752790451, 0.0, 0.07670138031244278] imu_quat_wxyz=[0.8980175852775574, 0.12604697048664093, 0.21846149861812592, -0.36048734188079834]
joint_pos=[0.0, 0.0, 0.0, -0.035999998450279236, 0.5400000214576721, 0.0] imu_ang_vel=[-0.1139867752790451, 0.0, 0.07670138031244278] imu_quat_wxyz=[0.8980175852775574, 0.12604697048664093, 0.21846149861812592, -0.36048734188079834]
joint_pos=[0.0, 0.0, 0.0, -0.035999998450279236, 0.5400000214576721, 0.0] imu_ang_vel=[-0.06711370497941971, 0.015979453921318054, 0.18855755031108856] imu_quat_wxyz=[0.8995475769042969, 0.1258392333984375, 0.21920104324817657, -0.3562715947628021]
joint_pos=[0.0, 0.0, 0.0, -0.035999998450279236, 0.5400000214576721, 0.0] imu_ang_vel=[-0.06711370497941971, 0.015979453921318054, 0.18855755031108856] imu_quat_wxyz=[0.8995475769042969, 0.1258392333984375, 0.21920104324817657, -0.3562715947628021]
joint_pos=[0.0, 0.0, 0.0, -0.035999998450279236, 0.5400000214576721, 0.0] imu_ang_vel=[0.04367717355489731, -0.045807767659425735, 0.16299043595790863] imu_quat_wxyz=[0.9006322026252747, 0.1252504140138626, 0.2189277559518814, -0.35389915108680725]
joint_pos=[0.0, 0.0, 0.0, -0.035999998450279236, 0.5400000214576721, 0.0] imu_ang_vel=[0.04367717355489731, -0.045807767659425735, 0.16299043595790863] imu_quat_wxyz=[0.9006322026252747, 0.1252504140138626, 0.2189277559518814, -0.35389915108680725]
joint_pos=[0.0, 0.0, 0.0, -0.035999998450279236, 0.5400000214576721, 0.0] imu_ang_vel=[0.04154657945036888, -0.051134251058101654, 0.19494934380054474] imu_quat_wxyz=[0.901980996131897, 0.12782937288284302, 0.21697208285331726, -0.35073190927505493]
joint_pos=[0.0, 0.0, 0.0, -0.035999998450279236, 0.5400000214576721, 0.0] imu_ang_vel=[0.04154657945036888, -0.051134251058101654, 0.19494934380054474] imu_quat_wxyz=[0.901980996131897, 0.12782937288284302, 0.21697208285331726, -0.35073190927505493]
joint_pos=[0.0, 0.0, 0.0, -0.035999998450279236, 0.5400000214576721, 0.0] imu_ang_vel=[0.10972558706998825, -0.06498311460018158, 0.13955390453338623] imu_quat_wxyz=[0.9032556414604187, 0.12958981096744537, 0.21401803195476532, -0.34861433506011963]
joint_pos=[0.0, 0.0, 0.0, -0.035999998450279236, 0.5400000214576721, 0.0] imu_ang_vel=[0.10972558706998825, -0.06498311460018158, 0.13955390453338623] imu_quat_wxyz=[0.9032556414604187, 0.12958981096744537, 0.21401803195476532, -0.34861433506011963]
joint_pos=[0.0, 0.0, 0.0, -0.035999998450279236, 0.5400000214576721, 0.0] imu_ang_vel=[-0.1289009302854538, -0.18323107063770294, -0.04367717355489731] imu_quat_wxyz=[0.9038556814193726, 0.12927117943763733, 0.2114170342683792, -0.34876441955566406]
joint_pos=[0.0, 0.0, 0.0, -0.035999998450279236, 0.5400000214576721, 0.0] imu_ang_vel=[-0.1289009302854538, -0.18323107063770294, -0.04367717355489731] imu_quat_wxyz=[0.9038556814193726, 0.12927117943763733, 0.2114170342683792, -0.34876441955566406]
joint_pos=[0.0, 0.0, 0.0, -0.035999998450279236, 0.5400000214576721, 0.0] imu_ang_vel=[0.0, 0.0585913322865963, 0.2950872480869293] imu_quat_wxyz=[0.9049561023712158, 0.12958939373493195, 0.21107833087444305, -0.3459867835044861]
joint_pos=[0.0, 0.0, 0.0, -0.035999998450279236, 0.5400000214576721, 0.0] imu_ang_vel=[0.0, 0.0585913322865963, 0.2950872480869293] imu_quat_wxyz=[0.9049561023712158, 0.12958939373493195, 0.21107833087444305, -0.3459867835044861]
joint_pos=[0.0, 0.0, 0.0, -0.035999998450279236, 0.5400000214576721, 0.0] imu_ang_vel=[-0.025567125529050827, -0.10226850211620331, 0.05326484516263008] imu_quat_wxyz=[0.906084418296814, 0.12713024020195007, 0.20965470373630524, -0.34480977058410645]
joint_pos=[0.0, 0.0, 0.0, -0.035999998450279236, 0.5400000214576721, 0.0] imu_ang_vel=[-0.025567125529050827, -0.10226850211620331, 0.05326484516263008] imu_quat_wxyz=[0.906084418296814, 0.12713024020195007, 0.20965470373630524, -0.34480977058410645]
joint_pos=[0.0, 0.0, 0.0, -0.035999998450279236, 0.5400000214576721, 0.0] imu_ang_vel=[0.3036096394062042, -0.15979453921318054, -0.2844342887401581] imu_quat_wxyz=[0.9048444032669067, 0.12767042219638824, 0.20597882568836212, -0.35004207491874695]
joint_pos=[0.0, 0.0, 0.0, -0.035999998450279236, 0.5400000214576721, 0.0] imu_ang_vel=[0.3036096394062042, -0.15979453921318054, -0.2844342887401581] imu_quat_wxyz=[0.9048444032669067, 0.12767042219638824, 0.20597882568836212, -0.35004207491874695]
joint_pos=[0.0, 0.0, 0.0, -0.035999998450279236, 0.5400000214576721, 0.0] imu_ang_vel=[0.24182240664958954, -0.27697721123695374, -0.44316351413726807] imu_quat_wxyz=[0.9012578725814819, 0.12922126054763794, 0.20172198116779327, -0.3610321283340454]
joint_pos=[0.0, 0.0, 0.0, -0.035999998450279236, 0.5400000214576721, 0.0] imu_ang_vel=[0.24182240664958954, -0.27697721123695374, -0.44316351413726807] imu_quat_wxyz=[0.9012578725814819, 0.12922126054763794, 0.20172198116779327, -0.3610321283340454]
joint_pos=[0.0, 0.0, 0.0, -0.035999998450279236, 0.5400000214576721, 0.0] imu_ang_vel=[-0.034089501947164536, -0.07563608139753342, 0.15872924029827118] imu_quat_wxyz=[0.8991644978523254, 0.13375164568424225, 0.20142726600170135, -0.3647474944591522]
joint_pos=[0.0, 0.0, 0.0, -0.035999998450279236, 0.5400000214576721, 0.0] imu_ang_vel=[-0.034089501947164536, -0.07563608139753342, 0.15872924029827118] imu_quat_wxyz=[0.8991644978523254, 0.13375164568424225, 0.20142726600170135, -0.3647474944591522]
joint_pos=[0.0, 0.0, 0.0, -0.035999998450279236, 0.5400000214576721, 0.0] imu_ang_vel=[-0.44955530762672424, 0.1459456831216812, 0.850106954574585] imu_quat_wxyz=[0.9019055366516113, 0.13326731324195862, 0.20486022531986237, -0.35614368319511414]
joint_pos=[0.0, 0.0, 0.0, -0.035999998450279236, 0.5400000214576721, 0.0] imu_ang_vel=[-0.44955530762672424, 0.1459456831216812, 0.850106954574585] imu_quat_wxyz=[0.9019055366516113, 0.13326731324195862, 0.20486022531986237, -0.35614368319511414]
joint_pos=[0.0, 0.0, 0.0, -0.035999998450279236, 0.5400000214576721, 0.0] imu_ang_vel=[-0.46766534447669983, 0.3749845325946808, 1.138802409172058] imu_quat_wxyz=[0.9083311557769775, 0.12887728214263916, 0.20946338772773743, -0.3383049964904785]
joint_pos=[0.0, 0.0, 0.0, -0.035999998450279236, 0.5400000214576721, 0.0] imu_ang_vel=[-0.46766534447669983, 0.3749845325946808, 1.138802409172058] imu_quat_wxyz=[0.9083311557769775, 0.12887728214263916, 0.20946338772773743, -0.3383049964904785]
joint_pos=[0.0, 0.0, 0.0, -0.035999998450279236, 0.5400000214576721, 0.0] imu_ang_vel=[0.1438150852918625, -0.15766394138336182, -0.045807767659425735] imu_quat_wxyz=[0.9116125702857971, 0.12345032393932343, 0.20587165653705597, -0.33367565274238586]
joint_pos=[0.0, 0.0, 0.0, -0.035999998450279236, 0.5400000214576721, 0.0] imu_ang_vel=[0.1438150852918625, -0.15766394138336182, -0.045807767659425735] imu_quat_wxyz=[0.9116125702857971, 0.12345032393932343, 0.20587165653705597, -0.33367565274238586]
joint_pos=[0.0, 0.0, 0.0, -0.035999998450279236, 0.5400000214576721, 0.0] imu_ang_vel=[0.5763256549835205, -0.24714888632297516, -0.6221334338188171] imu_quat_wxyz=[0.908424437046051, 0.1250690072774887, 0.2007952630519867, -0.3446793258190155]
joint_pos=[0.0, 0.0, 0.0, -0.035999998450279236, 0.5400000214576721, 0.0] imu_ang_vel=[0.5763256549835205, -0.24714888632297516, -0.6221334338188171] imu_quat_wxyz=[0.908424437046051, 0.1250690072774887, 0.2007952630519867, -0.3446793258190155]
joint_pos=[0.0, 0.0, 0.0, -0.035999998450279236, 0.5400000214576721, 0.0] imu_ang_vel=[0.2950872480869293, -0.18642696738243103, -0.3462215065956116] imu_quat_wxyz=[0.9038726091384888, 0.1310105174779892, 0.19652532041072845, -0.35669082403182983]
joint_pos=[0.0, 0.0, 0.0, -0.035999998450279236, 0.5400000214576721, 0.0] imu_ang_vel=[0.2950872480869293, -0.18642696738243103, -0.3462215065956116] imu_quat_wxyz=[0.9038726091384888, 0.1310105174779892, 0.19652532041072845, -0.35669082403182983]
joint_pos=[0.0, 0.0, 0.0, -0.035999998450279236, 0.5400000214576721, 0.0] imu_ang_vel=[0.17896988987922668, 0.1054643988609314, 0.20986349880695343] imu_quat_wxyz=[0.9021611213684082, 0.13672852516174316, 0.196669340133667, -0.3587920367717743]
joint_pos=[0.0, 0.0, 0.0, -0.035999998450279236, 0.5400000214576721, 0.0] imu_ang_vel=[0.17896988987922668, 0.1054643988609314, 0.20986349880695343] imu_quat_wxyz=[0.9021611213684082, 0.13672852516174316, 0.196669340133667, -0.3587920367717743]
joint_pos=[0.0, 0.0, 0.0, -0.035999998450279236, 0.5400000214576721, 0.0] imu_ang_vel=[-0.0937461331486702, -0.021305939182639122, 0.08735434710979462] imu_quat_wxyz=[0.9014255404472351, 0.13753840327262878, 0.19731537997722626, -0.35997453331947327]
joint_pos=[0.0, 0.0, 0.0, -0.035999998450279236, 0.5400000214576721, 0.0] imu_ang_vel=[-0.0937461331486702, -0.021305939182639122, 0.08735434710979462] imu_quat_wxyz=[0.9014255404472351, 0.13753840327262878, 0.19731537997722626, -0.35997453331947327]
joint_pos=[0.0, 0.0, 0.0, -0.035999998450279236, 0.5400000214576721, 0.0] imu_ang_vel=[-0.1139867752790451, 0.06498311460018158, 0.23330003023147583] imu_quat_wxyz=[0.9010016322135925, 0.13676051795482635, 0.19833269715309143, -0.3607724606990814]
joint_pos=[0.0, 0.0, 0.0, -0.035999998450279236, 0.5400000214576721, 0.0] imu_ang_vel=[-0.1139867752790451, 0.06498311460018158, 0.23330003023147583] imu_quat_wxyz=[0.9010016322135925, 0.13676051795482635, 0.19833269715309143, -0.3607724606990814]
joint_pos=[0.0, 0.0, 0.0, -0.035999998450279236, 0.5400000214576721, 0.0] imu_ang_vel=[-0.26419365406036377, 0.0351547971367836, 0.2950872480869293] imu_quat_wxyz=[0.9019359350204468, 0.13337749242782593, 0.19986726343631744, -0.35885241627693176]
joint_pos=[0.0, 0.0, 0.0, -0.035999998450279236, 0.5400000214576721, 0.0] imu_ang_vel=[-0.26419365406036377, 0.0351547971367836, 0.2950872480869293] imu_quat_wxyz=[0.9019359350204468, 0.13337749242782593, 0.19986726343631744, -0.35885241627693176]
joint_pos=[0.0, 0.0, 0.0, -0.035999998450279236, 0.5400000214576721, 0.0] imu_ang_vel=[0.18323107063770294, 0.0, 0.04793836176395416] imu_quat_wxyz=[0.9023469090461731, 0.13135677576065063, 0.19839051365852356, -0.35938358306884766]
joint_pos=[0.0, 0.0, 0.0, -0.035999998450279236, 0.5400000214576721, 0.0] imu_ang_vel=[0.18323107063770294, 0.0, 0.04793836176395416] imu_quat_wxyz=[0.9023469090461731, 0.13135677576065063, 0.19839051365852356, -0.35938358306884766]
joint_pos=[0.0, 0.0, 0.0, -0.035999998450279236, 0.5400000214576721, 0.0] imu_ang_vel=[0.8969800472259521, -0.5422361493110657, -1.0205544233322144] imu_quat_wxyz=[0.8972854614257812, 0.13304294645786285, 0.1882895678281784, -0.37646451592445374]
joint_pos=[0.0, 0.0, 0.0, -0.035999998450279236, 0.5400000214576721, 0.0] imu_ang_vel=[0.8969800472259521, -0.5422361493110657, -1.0205544233322144] imu_quat_wxyz=[0.8972854614257812, 0.13304294645786285, 0.1882895678281784, -0.37646451592445374]
joint_pos=[0.0, 0.0, 0.0, -0.035999998450279236, 0.5400000214576721, 0.0] imu_ang_vel=[1.405126690864563, -1.234679102897644, -1.7737194299697876] imu_quat_wxyz=[0.8838983178138733, 0.14066648483276367, 0.16812646389007568, -0.4131224453449249]
joint_pos=[0.0, 0.0, 0.0, -0.035999998450279236, 0.5400000214576721, 0.0] imu_ang_vel=[1.405126690864563, -1.234679102897644, -1.7737194299697876] imu_quat_wxyz=[0.8838983178138733, 0.14066648483276367, 0.16812646389007568, -0.4131224453449249]
joint_pos=[0.0, 0.0, 0.0, -0.035999998450279236, 0.5400000214576721, 0.0] imu_ang_vel=[0.8288010358810425, -0.44316351413726807, -1.2655727863311768] imu_quat_wxyz=[0.8670552372932434, 0.15376798808574677, 0.1571968048810959, -0.4470568001270294]
joint_pos=[0.0, 0.0, 0.0, -0.035999998450279236, 0.5400000214576721, 0.0] imu_ang_vel=[0.8288010358810425, -0.44316351413726807, -1.2655727863311768] imu_quat_wxyz=[0.8670552372932434, 0.15376798808574677, 0.1571968048810959, -0.4470568001270294]
joint_pos=[0.0, 0.0, 0.0, -0.035999998450279236, 0.5400000214576721, 0.0] imu_ang_vel=[0.24075710773468018, -0.26419365406036377, 0.06924430280923843] imu_quat_wxyz=[0.8572935461997986, 0.16411469876766205, 0.14968453347682953, -0.46444442868232727]
joint_pos=[0.0, 0.0, 0.0, -0.035999998450279236, 0.5400000214576721, 0.0] imu_ang_vel=[0.24075710773468018, -0.26419365406036377, 0.06924430280923843] imu_quat_wxyz=[0.8572935461997986, 0.16411469876766205, 0.14968453347682953, -0.46444442868232727]
joint_pos=[0.0, 0.0, 0.0, -0.035999998450279236, 0.5400000214576721, 0.0] imu_ang_vel=[-0.4591429829597473, 1.009901523590088, 1.237874984741211] imu_quat_wxyz=[0.8579989075660706, 0.1716647893190384, 0.1652531772851944, -0.45503902435302734]
joint_pos=[0.0, 0.0, 0.0, -0.035999998450279236, 0.5400000214576721, 0.0] imu_ang_vel=[-0.4591429829597473, 1.009901523590088, 1.237874984741211] imu_quat_wxyz=[0.8579989075660706, 0.1716647893190384, 0.1652531772851944, -0.45503902435302734]
joint_pos=[0.0, 0.0, 0.0, -0.035999998450279236, 0.5400000214576721, 0.0] imu_ang_vel=[-0.8138868808746338, 0.8330622315406799, 1.4690444469451904] imu_quat_wxyz=[0.8668348789215088, 0.16752465069293976, 0.1736469268798828, -0.4363250136375427]
joint_pos=[0.0, 0.0, 0.0, -0.035999998450279236, 0.5400000214576721, 0.0] imu_ang_vel=[-0.8138868808746338, 0.8330622315406799, 1.4690444469451904] imu_quat_wxyz=[0.8668348789215088, 0.16752465069293976, 0.1736469268798828, -0.4363250136375427]
joint_pos=[0.0, 0.0, 0.0, -0.035999998450279236, 0.5400000214576721, 0.0] imu_ang_vel=[1.1068434715270996, 0.0, -1.2890093326568604] imu_quat_wxyz=[0.8571504354476929, 0.1570023000240326, 0.17182493209838867, -0.45947739481925964]
joint_pos=[0.0, 0.0, 0.0, -0.035999998450279236, 0.5400000214576721, 0.0] imu_ang_vel=[1.1068434715270996, 0.0, -1.2890093326568604] imu_quat_wxyz=[0.8571504354476929, 0.1570023000240326, 0.17182493209838867, -0.45947739481925964]
joint_pos=[0.0, 0.0, 0.0, -0.035999998450279236, 0.5400000214576721, 0.0] imu_ang_vel=[0.72120600938797, -0.17683929204940796, -1.5745089054107666] imu_quat_wxyz=[0.8428875803947449, 0.1710524559020996, 0.16540901362895966, -0.48261934518814087]
joint_pos=[0.0, 0.0, 0.0, -0.035999998450279236, 0.5400000214576721, 0.0] imu_ang_vel=[0.72120600938797, -0.17683929204940796, -1.5745089054107666] imu_quat_wxyz=[0.8428875803947449, 0.1710524559020996, 0.16540901362895966, -0.48261934518814087]
joint_pos=[0.0, 0.0, 0.0, -0.035999998450279236, 0.5400000214576721, 0.0] imu_ang_vel=[0.0, -0.010652969591319561, -0.8000379800796509] imu_quat_wxyz=[0.8306729793548584, 0.17092272639274597, 0.1680345982313156, -0.502525806427002]
joint_pos=[0.0, 0.0, 0.0, -0.035999998450279236, 0.5400000214576721, 0.0] imu_ang_vel=[0.0, -0.010652969591319561, -0.8000379800796509] imu_quat_wxyz=[0.8306729793548584, 0.17092272639274597, 0.1680345982313156, -0.502525806427002]
joint_pos=[0.0, 0.0, 0.0, -0.035999998450279236, 0.5400000214576721, 0.0] imu_ang_vel=[-0.06285251677036285, 0.310001403093338, 0.15127216279506683] imu_quat_wxyz=[0.8317139148712158, 0.17806802690029144, 0.16686181724071503, -0.4986990690231323]
joint_pos=[0.0, 0.0, 0.0, -0.035999998450279236, 0.5400000214576721, 0.0] imu_ang_vel=[-0.06285251677036285, 0.310001403093338, 0.15127216279506683] imu_quat_wxyz=[0.8317139148712158, 0.17806802690029144, 0.16686181724071503, -0.4986990690231323]
joint_pos=[0.0, 0.0, 0.0, -0.035999998450279236, 0.5400000214576721, 0.0] imu_ang_vel=[-1.0194891691207886, -0.4559471011161804, 0.5411708354949951] imu_quat_wxyz=[0.8317139148712158, 0.17806802690029144, 0.16686181724071503, -0.4986990690231323]
joint_pos=[0.0, 0.0, 0.0, -0.035999998450279236, 0.5400000214576721, 0.0] imu_ang_vel=[-1.0194891691207886, -0.4559471011161804, 0.5411708354949951] imu_quat_wxyz=[0.8365221619606018, 0.15181399881839752, 0.16596917808055878, -0.4996372163295746]
joint_pos=[0.0, 0.0, 0.0, -0.035999998450279236, 0.5400000214576721, 0.0] imu_ang_vel=[-0.8128215670585632, -0.504950761795044, 0.9140247702598572] imu_quat_wxyz=[0.8498877286911011, 0.14788047969341278, 0.16429740190505981, -0.47836020588874817]
joint_pos=[0.0, 0.0, 0.0, -0.035999998450279236, 0.5400000214576721, 0.0] imu_ang_vel=[-0.8128215670585632, -0.504950761795044, 0.9140247702598572] imu_quat_wxyz=[0.8498877286911011, 0.14788047969341278, 0.16429740190505981, -0.47836020588874817]
joint_pos=[0.0, 0.0, 0.0, -0.035999998450279236, 0.5400000214576721, 0.0] imu_ang_vel=[0.3685927391052246, -0.03835069015622139, -0.9555713534355164] imu_quat_wxyz=[0.8498877286911011, 0.14788047969341278, 0.16429740190505981, -0.47836020588874817]
joint_pos=[0.0, 0.0, 0.0, -0.035999998450279236, 0.5400000214576721, 0.0] imu_ang_vel=[0.3685927391052246, -0.03835069015622139, -0.9555713534355164] imu_quat_wxyz=[0.8430904746055603, 0.14867337048053741, 0.17054536938667297, -0.4878614544868469]
joint_pos=[0.0, 0.0, 0.0, -0.035999998450279236, 0.5400000214576721, 0.0] imu_ang_vel=[0.474057137966156, -0.08415845781564713, -0.8799352645874023] imu_quat_wxyz=[0.8430904746055603, 0.14867337048053741, 0.17054536938667297, -0.4878614544868469]
joint_pos=[0.0, 0.0, 0.0, -0.035999998450279236, 0.5400000214576721, 0.0] imu_ang_vel=[0.474057137966156, -0.08415845781564713, -0.8799352645874023] imu_quat_wxyz=[0.8336608409881592, 0.15442714095115662, 0.17001253366470337, -0.5022525191307068]
joint_pos=[0.0, 0.0, 0.0, -0.035999998450279236, 0.5400000214576721, 0.0] imu_ang_vel=[0.08096256852149963, 0.12037855386734009, -0.3195890784263611] imu_quat_wxyz=[0.8336608409881592, 0.15442714095115662, 0.17001253366470337, -0.5022525191307068]
joint_pos=[0.0, 0.0, 0.0, -0.035999998450279236, 0.5400000214576721, 0.0] imu_ang_vel=[0.08096256852149963, 0.12037855386734009, -0.3195890784263611] imu_quat_wxyz=[0.8256410956382751, 0.1590270698070526, 0.16903172433376312, -0.5142524242401123]
joint_pos=[0.0, 0.0, 0.0, -0.035999998450279236, 0.5400000214576721, 0.0] imu_ang_vel=[-0.17470869421958923, -0.02663242258131504, 0.4101393222808838] imu_quat_wxyz=[0.8256410956382751, 0.1590270698070526, 0.16903172433376312, -0.5142524242401123]
joint_pos=[0.0, 0.0, 0.0, -0.035999998450279236, 0.5400000214576721, 0.0] imu_ang_vel=[-0.17470869421958923, -0.02663242258131504, 0.4101393222808838] imu_quat_wxyz=[0.8264240026473999, 0.16038337349891663, 0.16512854397296906, -0.5138415098190308]
joint_pos=[0.0, 0.0, 0.0, -0.035999998450279236, 0.5400000214576721, 0.0] imu_ang_vel=[-0.12250914424657822, -0.10013791173696518, 0.274846613407135] imu_quat_wxyz=[0.8264240026473999, 0.16038337349891663, 0.16512854397296906, -0.5138415098190308]
joint_pos=[0.0, 0.0, 0.0, -0.035999998450279236, 0.5400000214576721, 0.0] imu_ang_vel=[-0.12250914424657822, -0.10013791173696518, 0.274846613407135] imu_quat_wxyz=[0.8298658728599548, 0.15773752331733704, 0.16236454248428345, -0.5099796056747437]
joint_pos=[0.0, 0.0, 0.0, -0.035999998450279236, 0.5400000214576721, 0.0] imu_ang_vel=[-0.022371236234903336, -0.07883197069168091, 0.012783562764525414] imu_quat_wxyz=[0.8299242854118347, 0.1566486954689026, 0.16095435619354248, -0.5106666088104248]
joint_pos=[0.0, 0.0, 0.0, -0.035999998450279236, 0.5400000214576721, 0.0] imu_ang_vel=[-0.022371236234903336, -0.07883197069168091, 0.012783562764525414] imu_quat_wxyz=[0.8299242854118347, 0.1566486954689026, 0.16095435619354248, -0.5106666088104248]
joint_pos=[0.0, 0.0, 0.0, -0.035999998450279236, 0.5400000214576721, 0.0] imu_ang_vel=[-0.09694202244281769, 0.17151281237602234, 0.2780424952507019] imu_quat_wxyz=[0.8299242854118347, 0.1566486954689026, 0.16095435619354248, -0.5106666088104248]
joint_pos=[0.0, 0.0, 0.0, -0.035999998450279236, 0.5400000214576721, 0.0] imu_ang_vel=[-0.09694202244281769, 0.17151281237602234, 0.2780424952507019] imu_quat_wxyz=[0.8306751847267151, 0.15845012664794922, 0.16293485462665558, -0.508256196975708]
joint_pos=[0.0, 0.0, 0.0, -0.035999998450279236, 0.5400000214576721, 0.0] imu_ang_vel=[0.0, 0.10013791173696518, 0.1406191885471344] imu_quat_wxyz=[0.8306751847267151, 0.15845012664794922, 0.16293485462665558, -0.508256196975708]
joint_pos=[0.0, 0.0, 0.0, -0.035999998450279236, 0.5400000214576721, 0.0] imu_ang_vel=[0.0, 0.10013791173696518, 0.1406191885471344] imu_quat_wxyz=[0.8320615887641907, 0.16051392257213593, 0.16445809602737427, -0.5048388242721558]
joint_pos=[0.0, 0.0, 0.0, -0.035999998450279236, 0.5400000214576721, 0.0] imu_ang_vel=[0.05965662747621536, -0.02024064213037491, -0.1054643988609314] imu_quat_wxyz=[0.8320615887641907, 0.16051392257213593, 0.16445809602737427, -0.5048388242721558]
joint_pos=[0.0, 0.0, 0.0, -0.035999998450279236, 0.5400000214576721, 0.0] imu_ang_vel=[0.05965662747621536, -0.02024064213037491, -0.1054643988609314] imu_quat_wxyz=[0.8308135867118835, 0.16193273663520813, 0.16373595595359802, -0.5066726207733154]
joint_pos=[0.0, 0.0, 0.0, -0.035999998450279236, 0.5400000214576721, 0.0] imu_ang_vel=[-0.015979453921318054, -0.08628904819488525, 0.09481142461299896] imu_quat_wxyz=[0.8308135867118835, 0.16193273663520813, 0.16373595595359802, -0.5066726207733154]
joint_pos=[0.0, 0.0, 0.0, -0.035999998450279236, 0.5400000214576721, 0.0] imu_ang_vel=[-0.015979453921318054, -0.08628904819488525, 0.09481142461299896] imu_quat_wxyz=[0.8311474919319153, 0.16319724917411804, 0.1629050076007843, -0.5059865713119507]
joint_pos=[0.0, 0.0, 0.0, -0.035999998450279236, 0.5400000214576721, 0.0] imu_ang_vel=[-0.15872924029827118, -0.192818745970726, -0.12677033245563507] imu_quat_wxyz=[0.8311474919319153, 0.16319724917411804, 0.1629050076007843, -0.5059865713119507]
joint_pos=[0.0, 0.0, 0.0, -0.035999998450279236, 0.5400000214576721, 0.0] imu_ang_vel=[-0.15872924029827118, -0.192818745970726, -0.12677033245563507] imu_quat_wxyz=[0.8313009738922119, 0.1618560552597046, 0.16372562944889069, -0.5059002637863159]
joint_pos=[0.0, 0.0, 0.0, -0.035999998450279236, 0.5400000214576721, 0.0] imu_ang_vel=[0.1171826645731926, -0.06178722158074379, -0.03195890784263611] imu_quat_wxyz=[0.8313009738922119, 0.1618560552597046, 0.16372562944889069, -0.5059002637863159]
joint_pos=[0.0, 0.0, 0.0, -0.035999998450279236, 0.5400000214576721, 0.0] imu_ang_vel=[0.1171826645731926, -0.06178722158074379, -0.03195890784263611] imu_quat_wxyz=[0.8308273553848267, 0.16243845224380493, 0.16388475894927979, -0.5064400434494019]
joint_pos=[0.0, 0.0, 0.0, -0.035999998450279236, 0.5400000214576721, 0.0] imu_ang_vel=[0.13848860561847687, 0.05646073818206787, -0.22903883457183838] imu_quat_wxyz=[0.8308273553848267, 0.16243845224380493, 0.16388475894927979, -0.5064400434494019]
joint_pos=[0.0, 0.0, 0.0, -0.035999998450279236, 0.5400000214576721, 0.0] imu_ang_vel=[0.13848860561847687, 0.05646073818206787, -0.22903883457183838] imu_quat_wxyz=[0.8287378549575806, 0.16427843272686005, 0.1639426201581955, -0.5092434883117676]
joint_pos=[0.0, 0.0, 0.0, -0.035999998450279236, 0.5400000214576721, 0.0] imu_ang_vel=[-0.16618631780147552, -0.12144385278224945, 0.24821418523788452] imu_quat_wxyz=[0.8287378549575806, 0.16427843272686005, 0.1639426201581955, -0.5092434883117676]
joint_pos=[0.0, 0.0, 0.0, -0.035999998450279236, 0.5400000214576721, 0.0] imu_ang_vel=[-0.16618631780147552, -0.12144385278224945, 0.24821418523788452] imu_quat_wxyz=[0.8311405181884766, 0.16111880540847778, 0.1642378866672516, -0.5062333345413208]
joint_pos=[0.0, 0.0, 0.0, -0.035999998450279236, 0.5400000214576721, 0.0] imu_ang_vel=[-0.8916535377502441, 0.10652969032526016, 0.18216577172279358] imu_quat_wxyz=[0.8311405181884766, 0.16111880540847778, 0.1642378866672516, -0.5062333345413208]
joint_pos=[0.0, 0.0, 0.0, -0.035999998450279236, 0.5400000214576721, 0.0] imu_ang_vel=[-0.8916535377502441, 0.10652969032526016, 0.18216577172279358] imu_quat_wxyz=[0.8338780403137207, 0.1572027951478958, 0.17162004113197327, -0.500481128692627]
joint_pos=[0.0, 0.0, 0.0, -0.035999998450279236, 0.5400000214576721, 0.0] imu_ang_vel=[-0.8916535377502441, 0.10652969032526016, 0.18216577172279358] imu_quat_wxyz=[0.8338780403137207, 0.1572027951478958, 0.17162004113197327, -0.500481128692627]
joint_pos=[0.0, 0.0, 0.0, -0.035999998450279236, 0.5400000214576721, 0.0] imu_ang_vel=[-0.1257050335407257, 0.10759498924016953, 0.3046749234199524] imu_quat_wxyz=[0.8387818932533264, 0.150217205286026, 0.1785650998353958, -0.49192899465560913]
joint_pos=[0.0, 0.0, 0.0, -0.035999998450279236, 0.5400000214576721, 0.0] imu_ang_vel=[-0.1257050335407257, 0.10759498924016953, 0.3046749234199524] imu_quat_wxyz=[0.8387818932533264, 0.150217205286026, 0.1785650998353958, -0.49192899465560913]
joint_pos=[0.0, 0.0, 0.0, -0.035999998450279236, 0.5400000214576721, 0.0] imu_ang_vel=[-0.049003660678863525, 0.0, 0.18323107063770294] imu_quat_wxyz=[0.8411687612533569, 0.14912691712379456, 0.18122828006744385, -0.4871883690357208]
joint_pos=[0.0, 0.0, 0.0, -0.035999998450279236, 0.5400000214576721, 0.0] imu_ang_vel=[-0.049003660678863525, 0.0, 0.18323107063770294] imu_quat_wxyz=[0.8411687612533569, 0.14912691712379456, 0.18122828006744385, -0.4871883690357208]
joint_pos=[0.0, 0.0, 0.0, -0.035999998450279236, 0.5400000214576721, 0.0] imu_ang_vel=[-0.4623388648033142, 0.2716507315635681, 0.3536785840988159] imu_quat_wxyz=[0.8440646529197693, 0.14451822638511658, 0.19245178997516632, -0.4791988134384155]
joint_pos=[0.0, 0.0, 0.0, -0.035999998450279236, 0.5400000214576721, 0.0] imu_ang_vel=[-0.4623388648033142, 0.2716507315635681, 0.3536785840988159] imu_quat_wxyz=[0.8440646529197693, 0.14451822638511658, 0.19245178997516632, -0.4791988134384155]
joint_pos=[0.0, 0.0, 0.0, -0.035999998450279236, 0.5400000214576721, 0.0] imu_ang_vel=[0.07350549101829529, 0.04793836176395416, -0.04367717355489731] imu_quat_wxyz=[0.8455709218978882, 0.14275139570236206, 0.19434306025505066, -0.47630077600479126]
joint_pos=[0.0, 0.0, 0.0, -0.035999998450279236, 0.5400000214576721, 0.0] imu_ang_vel=[0.07350549101829529, 0.04793836176395416, -0.04367717355489731] imu_quat_wxyz=[0.8455709218978882, 0.14275139570236206, 0.19434306025505066, -0.47630077600479126]
joint_pos=[0.0, 0.0, 0.0, -0.035999998450279236, 0.5400000214576721, 0.0] imu_ang_vel=[0.05965662747621536, 0.054330144077539444, -0.08948494493961334] imu_quat_wxyz=[0.8457159399986267, 0.1436949521303177, 0.19580839574337006, -0.4751582443714142]
joint_pos=[0.0, 0.0, 0.0, -0.035999998450279236, 0.5400000214576721, 0.0] imu_ang_vel=[0.05965662747621536, 0.054330144077539444, -0.08948494493961334] imu_quat_wxyz=[0.8457159399986267, 0.1436949521303177, 0.19580839574337006, -0.4751582443714142]
joint_pos=[0.0, 0.0, 0.0, -0.035999998450279236, 0.5400000214576721, 0.0] imu_ang_vel=[-0.2918913662433624, -0.08522375673055649, 0.5060160160064697] imu_quat_wxyz=[0.8489938378334045, 0.14038625359535217, 0.19862547516822815, -0.46909382939338684]
joint_pos=[0.0, 0.0, 0.0, -0.035999998450279236, 0.5400000214576721, 0.0] imu_ang_vel=[-0.2918913662433624, -0.08522375673055649, 0.5060160160064697] imu_quat_wxyz=[0.8489938378334045, 0.14038625359535217, 0.19862547516822815, -0.46909382939338684]
joint_pos=[0.0, 0.0, 0.0, -0.035999998450279236, 0.5400000214576721, 0.0] imu_ang_vel=[-0.1906881481409073, -0.05219954997301102, 0.7201407551765442] imu_quat_wxyz=[0.8567261695861816, 0.13988861441612244, 0.1993815004825592, -0.4546409249305725]
joint_pos=[0.0, 0.0, 0.0, -0.035999998450279236, 0.5400000214576721, 0.0] imu_ang_vel=[-0.1906881481409073, -0.05219954997301102, 0.7201407551765442] imu_quat_wxyz=[0.8567261695861816, 0.13988861441612244, 0.1993815004825592, -0.4546409249305725]
joint_pos=[0.0, 0.0, 0.0, -0.035999998450279236, 0.5400000214576721, 0.0] imu_ang_vel=[0.05326484516263008, 0.07137489318847656, -0.06924430280923843] imu_quat_wxyz=[0.8573594093322754, 0.1393107771873474, 0.2022516280412674, -0.4523512125015259]
joint_pos=[0.0, 0.0, 0.0, -0.035999998450279236, 0.5400000214576721, 0.0] imu_ang_vel=[0.05326484516263008, 0.07137489318847656, -0.06924430280923843] imu_quat_wxyz=[0.8573594093322754, 0.1393107771873474, 0.2022516280412674, -0.4523512125015259]
joint_pos=[0.0, 0.0, 0.0, -0.035999998450279236, 0.5400000214576721, 0.0] imu_ang_vel=[0.0468730665743351, 0.027697719633579254, -0.0937461331486702] imu_quat_wxyz=[0.8570016622543335, 0.13971222937107086, 0.20376929640769958, -0.4522242248058319]
joint_pos=[0.0, 0.0, 0.0, -0.035999998450279236, 0.5400000214576721, 0.0] imu_ang_vel=[0.0468730665743351, 0.027697719633579254, -0.0937461331486702] imu_quat_wxyz=[0.8570016622543335, 0.13971222937107086, 0.20376929640769958, -0.4522242248058319]
joint_pos=[0.0, 0.0, 0.0, -0.035999998450279236, 0.5400000214576721, 0.0] imu_ang_vel=[0.02982831373810768, 0.0, -0.09587672352790833] imu_quat_wxyz=[0.856869101524353, 0.13994711637496948, 0.20470896363258362, -0.45197829604148865]
joint_pos=[0.0, 0.0, 0.0, -0.035999998450279236, 0.5400000214576721, 0.0] imu_ang_vel=[0.02982831373810768, 0.0, -0.09587672352790833] imu_quat_wxyz=[0.856869101524353, 0.13994711637496948, 0.20470896363258362, -0.45197829604148865]
joint_pos=[0.0, 0.0, 0.0, -0.035999998450279236, 0.5400000214576721, 0.0] imu_ang_vel=[0.0, 0.019175345078110695, -0.08735434710979462] imu_quat_wxyz=[0.8571974635124207, 0.13899554312229156, 0.2043774574995041, -0.45179930329322815]
joint_pos=[0.0, 0.0, 0.0, -0.035999998450279236, 0.5400000214576721, 0.0] imu_ang_vel=[0.0, 0.019175345078110695, -0.08735434710979462] imu_quat_wxyz=[0.8571974635124207, 0.13899554312229156, 0.2043774574995041, -0.45179930329322815]
joint_pos=[0.0, 0.0, 0.0, -0.035999998450279236, 0.5400000214576721, 0.0] imu_ang_vel=[0.0, 0.045807767659425735, -0.09694202244281769] imu_quat_wxyz=[0.8572739958763123, 0.13836447894573212, 0.20485979318618774, -0.4516292214393616]
joint_pos=[0.0, 0.0, 0.0, -0.035999998450279236, 0.5400000214576721, 0.0] imu_ang_vel=[0.0, 0.045807767659425735, -0.09694202244281769] imu_quat_wxyz=[0.8572739958763123, 0.13836447894573212, 0.20485979318618774, -0.4516292214393616]
joint_pos=[0.0, 0.0, 0.0, -0.035999998450279236, 0.5400000214576721, 0.0] imu_ang_vel=[0.0, 0.05965662747621536, -0.10866028815507889] imu_quat_wxyz=[0.8573136329650879, 0.1373160183429718, 0.20495113730430603, -0.4518323838710785]
joint_pos=[0.0, 0.0, 0.0, -0.035999998450279236, 0.5400000214576721, 0.0] imu_ang_vel=[0.0, 0.05965662747621536, -0.10866028815507889] imu_quat_wxyz=[0.8573136329650879, 0.1373160183429718, 0.20495113730430603, -0.4518323838710785]
joint_pos=[0.0, 0.0, 0.0, -0.035999998450279236, 0.5400000214576721, 0.0] imu_ang_vel=[-0.010652969591319561, 0.17470869421958923, -0.10652969032526016] imu_quat_wxyz=[0.8573234677314758, 0.13633880019187927, 0.20574557781219482, -0.45174866914749146]
joint_pos=[0.0, 0.0, 0.0, -0.035999998450279236, 0.5400000214576721, 0.0] imu_ang_vel=[-0.010652969591319561, 0.17470869421958923, -0.10652969032526016] imu_quat_wxyz=[0.8573234677314758, 0.13633880019187927, 0.20574557781219482, -0.45174866914749146]
joint_pos=[0.0, 0.0, 0.0, -0.035999998450279236, 0.5400000214576721, 0.0] imu_ang_vel=[-0.18323107063770294, -0.34089502692222595, -0.13848860561847687] imu_quat_wxyz=[0.8554332256317139, 0.13580253720283508, 0.21360407769680023, -0.4518461227416992]
joint_pos=[0.0, 0.0, 0.0, -0.035999998450279236, 0.5400000214576721, 0.0] imu_ang_vel=[-0.18323107063770294, -0.34089502692222595, -0.13848860561847687] imu_quat_wxyz=[0.8554332256317139, 0.13580253720283508, 0.21360407769680023, -0.4518461227416992]
joint_pos=[0.0, 0.0, 0.0, -0.035999998450279236, 0.5400000214576721, 0.0] imu_ang_vel=[-0.10759498924016953, -0.17364339530467987, 0.2982831299304962] imu_quat_wxyz=[0.8570945858955383, 0.13676604628562927, 0.21479009091854095, -0.44782713055610657]
joint_pos=[0.0, 0.0, 0.0, -0.035999998450279236, 0.5400000214576721, 0.0] imu_ang_vel=[-0.10759498924016953, -0.17364339530467987, 0.2982831299304962] imu_quat_wxyz=[0.8570945858955383, 0.13676604628562927, 0.21479009091854095, -0.44782713055610657]
joint_pos=[0.0, 0.0, 0.0, -0.035999998450279236, 0.5400000214576721, 0.0] imu_ang_vel=[-0.06711370497941971, -0.11824796348810196, 0.3014790415763855] imu_quat_wxyz=[0.8601189255714417, 0.13742001354694366, 0.21437692642211914, -0.4419882595539093]
joint_pos=[0.0, 0.0, 0.0, -0.035999998450279236, 0.5400000214576721, 0.0] imu_ang_vel=[-0.06711370497941971, -0.11824796348810196, 0.3014790415763855] imu_quat_wxyz=[0.8601189255714417, 0.13742001354694366, 0.21437692642211914, -0.4419882595539093]
joint_pos=[0.0, 0.0, 0.0, -0.035999998450279236, 0.5400000214576721, 0.0] imu_ang_vel=[-0.015979453921318054, 0.0, -0.082027867436409] imu_quat_wxyz=[0.8601679801940918, 0.13715794682502747, 0.21474555134773254, -0.441795289516449]
joint_pos=[0.0, 0.0, 0.0, -0.035999998450279236, 0.5400000214576721, 0.0] imu_ang_vel=[-0.015979453921318054, 0.0, -0.082027867436409] imu_quat_wxyz=[0.8601679801940918, 0.13715794682502747, 0.21474555134773254, -0.441795289516449]
joint_pos=[0.0, 0.0, 0.0, -0.035999998450279236, 0.5400000214576721, 0.0] imu_ang_vel=[-0.2812383770942688, -0.7893850207328796, -0.645569920539856] imu_quat_wxyz=[0.8570960760116577, 0.13119451701641083, 0.21551522612571716, -0.4491407573223114]
joint_pos=[0.0, 0.0, 0.0, -0.035999998450279236, 0.5400000214576721, 0.0] imu_ang_vel=[-0.2812383770942688, -0.7893850207328796, -0.645569920539856] imu_quat_wxyz=[0.8570960760116577, 0.13119451701641083, 0.21551522612571716, -0.4491407573223114]
joint_pos=[0.0, 0.0, 0.0, -0.035999998450279236, 0.5400000214576721, 0.0] imu_ang_vel=[-0.0585913322865963, -0.22690825164318085, 0.01491415686905384] imu_quat_wxyz=[0.8564698100090027, 0.13197700679302216, 0.21726852655410767, -0.4492614269256592]
joint_pos=[0.0, 0.0, 0.0, -0.035999998450279236, 0.5400000214576721, 0.0] imu_ang_vel=[-0.0585913322865963, -0.22690825164318085, 0.01491415686905384] imu_quat_wxyz=[0.8564698100090027, 0.13197700679302216, 0.21726852655410767, -0.4492614269256592]
joint_pos=[0.0, 0.0, 0.0, -0.035999998450279236, 0.5400000214576721, 0.0] imu_ang_vel=[-0.02024064213037491, -0.0351547971367836, -0.057526033371686935] imu_quat_wxyz=[0.8565025925636292, 0.13208019733428955, 0.21751020848751068, -0.44905170798301697]
joint_pos=[0.0, 0.0, 0.0, -0.035999998450279236, 0.5400000214576721, 0.0] imu_ang_vel=[-0.02024064213037491, -0.0351547971367836, -0.057526033371686935] imu_quat_wxyz=[0.8565025925636292, 0.13208019733428955, 0.21751020848751068, -0.44905170798301697]
joint_pos=[0.0, 0.0, 0.0, -0.035999998450279236, 0.5400000214576721, 0.0] imu_ang_vel=[0.015979453921318054, 0.057526033371686935, -0.05646073818206787] imu_quat_wxyz=[0.8564231991767883, 0.13197682797908783, 0.2171696275472641, -0.44939807057380676]
joint_pos=[0.0, 0.0, 0.0, -0.035999998450279236, 0.5400000214576721, 0.0] imu_ang_vel=[0.015979453921318054, 0.057526033371686935, -0.05646073818206787] imu_quat_wxyz=[0.8564231991767883, 0.13197682797908783, 0.2171696275472641, -0.44939807057380676]
joint_pos=[0.0, 0.0, 0.0, -0.035999998450279236, 0.5400000214576721, 0.0] imu_ang_vel=[0.03302420675754547, 0.05646073818206787, -0.0585913322865963] imu_quat_wxyz=[0.8563838005065918, 0.13203924894332886, 0.21628828346729279, -0.44987952709198]
joint_pos=[0.0, 0.0, 0.0, -0.035999998450279236, 0.5400000214576721, 0.0] imu_ang_vel=[0.03302420675754547, 0.05646073818206787, -0.0585913322865963] imu_quat_wxyz=[0.8563838005065918, 0.13203924894332886, 0.21628828346729279, -0.44987952709198]
joint_pos=[0.0, 0.0, 0.0, -0.035999998450279236, 0.5400000214576721, 0.0] imu_ang_vel=[0.0351547971367836, 0.06285251677036285, -0.045807767659425735] imu_quat_wxyz=[0.8564494252204895, 0.13200689852237701, 0.21500785648822784, -0.450377881526947]
joint_pos=[0.0, 0.0, 0.0, -0.035999998450279236, 0.5400000214576721, 0.0] imu_ang_vel=[0.0351547971367836, 0.06285251677036285, -0.045807767659425735] imu_quat_wxyz=[0.8564494252204895, 0.13200689852237701, 0.21500785648822784, -0.450377881526947]
joint_pos=[0.0, 0.0, 0.0, -0.035999998450279236, 0.5400000214576721, 0.0] imu_ang_vel=[0.07137489318847656, 0.01811004802584648, 0.07989726960659027] imu_quat_wxyz=[0.8566576242446899, 0.13297580182552338, 0.214433953166008, -0.4499703347682953]
joint_pos=[0.0, 0.0, 0.0, -0.035999998450279236, 0.5400000214576721, 0.0] imu_ang_vel=[0.07137489318847656, 0.01811004802584648, 0.07989726960659027] imu_quat_wxyz=[0.8566576242446899, 0.13297580182552338, 0.214433953166008, -0.4499703347682953]
joint_pos=[0.0, 0.0, 0.0, -0.035999998450279236, 0.5400000214576721, 0.0] imu_ang_vel=[0.12357444316148758, 0.4239881932735443, 0.01491415686905384] imu_quat_wxyz=[0.855395495891571, 0.13862237334251404, 0.22003760933876038, -0.4479573667049408]
joint_pos=[0.0, 0.0, 0.0, -0.035999998450279236, 0.5400000214576721, 0.0] imu_ang_vel=[0.12357444316148758, 0.4239881932735443, 0.01491415686905384] imu_quat_wxyz=[0.855395495891571, 0.13862237334251404, 0.22003760933876038, -0.4479573667049408]
joint_pos=[0.0, 0.0, 0.0, -0.035999998450279236, 0.5400000214576721, 0.0] imu_ang_vel=[-0.14488038420677185, 0.5187996029853821, -0.6817900538444519] imu_quat_wxyz=[0.8501242399215698, 0.13683827221393585, 0.22940804064273834, -0.4538019001483917]
joint_pos=[0.0, 0.0, 0.0, -0.035999998450279236, 0.5400000214576721, 0.0] imu_ang_vel=[-0.14488038420677185, 0.5187996029853821, -0.6817900538444519] imu_quat_wxyz=[0.8501242399215698, 0.13683827221393585, 0.22940804064273834, -0.4538019001483917]
joint_pos=[0.0, 0.0, 0.0, -0.035999998450279236, 0.5400000214576721, 0.0] imu_ang_vel=[-0.0937461331486702, -0.054330144077539444, 0.07350549101829529] imu_quat_wxyz=[0.8485387563705444, 0.13312967121601105, 0.23092496395111084, -0.4570908844470978]
joint_pos=[0.0, 0.0, 0.0, -0.035999998450279236, 0.5400000214576721, 0.0] imu_ang_vel=[-0.0937461331486702, -0.054330144077539444, 0.07350549101829529] imu_quat_wxyz=[0.8485387563705444, 0.13312967121601105, 0.23092496395111084, -0.4570908844470978]
joint_pos=[0.0, 0.0, 0.0, -0.035999998450279236, 0.5400000214576721, 0.0] imu_ang_vel=[0.0, -0.015979453921318054, 0.09800732135772705] imu_quat_wxyz=[0.8491325974464417, 0.13400346040725708, 0.23208752274513245, -0.45513981580734253]
joint_pos=[0.0, 0.0, 0.0, -0.035999998450279236, 0.5400000214576721, 0.0] imu_ang_vel=[0.0, -0.015979453921318054, 0.09800732135772705] imu_quat_wxyz=[0.8491325974464417, 0.13400346040725708, 0.23208752274513245, -0.45513981580734253]
joint_pos=[0.0, 0.0, 0.0, -0.035999998450279236, 0.5400000214576721, 0.0] imu_ang_vel=[0.0, 0.02024064213037491, 0.09587672352790833] imu_quat_wxyz=[0.8487319946289062, 0.13641373813152313, 0.23465371131896973, -0.4538533687591553]
joint_pos=[0.0, 0.0, 0.0, -0.035999998450279236, 0.5400000214576721, 0.0] imu_ang_vel=[0.0, 0.02024064213037491, 0.09587672352790833] imu_quat_wxyz=[0.8487319946289062, 0.13641373813152313, 0.23465371131896973, -0.4538533687591553]
joint_pos=[0.0, 0.0, 0.0, -0.035999998450279236, 0.5400000214576721, 0.0] imu_ang_vel=[0.0, -0.22158175706863403, 0.05646073818206787] imu_quat_wxyz=[0.8489141464233398, 0.13656724989414215, 0.2344338595867157, -0.45357996225357056]
joint_pos=[0.0, 0.0, 0.0, -0.035999998450279236, 0.5400000214576721, 0.0] imu_ang_vel=[0.0, -0.22158175706863403, 0.05646073818206787] imu_quat_wxyz=[0.8489141464233398, 0.13656724989414215, 0.2344338595867157, -0.45357996225357056]
joint_pos=[0.0, 0.0, 0.0, -0.035999998450279236, 0.5400000214576721, 0.0] imu_ang_vel=[0.09587672352790833, -0.30041372776031494, 0.3462215065956116] imu_quat_wxyz=[0.8516857624053955, 0.1346088945865631, 0.22757180035114288, -0.4524631202220917]
joint_pos=[0.0, 0.0, 0.0, -0.035999998450279236, 0.5400000214576721, 0.0] imu_ang_vel=[0.09587672352790833, -0.30041372776031494, 0.3462215065956116] imu_quat_wxyz=[0.8516857624053955, 0.1346088945865631, 0.22757180035114288, -0.4524631202220917]
joint_pos=[0.0, 0.0, 0.0, -0.035999998450279236, 0.5400000214576721, 0.0] imu_ang_vel=[0.2578018605709076, -0.3345032334327698, 1.3081846237182617] imu_quat_wxyz=[0.8608147501945496, 0.14217011630535126, 0.21636417508125305, -0.43814632296562195]
joint_pos=[0.0, 0.0, 0.0, -0.035999998450279236, 0.5400000214576721, 0.0] imu_ang_vel=[0.2578018605709076, -0.3345032334327698, 1.3081846237182617] imu_quat_wxyz=[0.8608147501945496, 0.14217011630535126, 0.21636417508125305, -0.43814632296562195]
joint_pos=[0.0, 0.0, 0.0, -0.035999998450279236, 0.5400000214576721, 0.0] imu_ang_vel=[0.1171826645731926, -0.5060160160064697, 0.4282493591308594] imu_quat_wxyz=[0.8667541742324829, 0.13958168029785156, 0.20266689360141754, -0.4337974190711975]
joint_pos=[0.0, 0.0, 0.0, -0.035999998450279236, 0.5400000214576721, 0.0] imu_ang_vel=[0.1171826645731926, -0.5060160160064697, 0.4282493591308594] imu_quat_wxyz=[0.8667541742324829, 0.13958168029785156, 0.20266689360141754, -0.4337974190711975]
joint_pos=[0.0, 0.0, 0.0, -0.035999998450279236, 0.5400000214576721, 0.0] imu_ang_vel=[0.6317210793495178, -0.7297284007072449, 0.3462215065956116] imu_quat_wxyz=[0.8708635568618774, 0.13947339355945587, 0.1922551989555359, -0.4303275942802429]
joint_pos=[0.0, 0.0, 0.0, -0.035999998450279236, 0.5400000214576721, 0.0] imu_ang_vel=[0.6317210793495178, -0.7297284007072449, 0.3462215065956116] imu_quat_wxyz=[0.8708635568618774, 0.13947339355945587, 0.1922551989555359, -0.4303275942802429]
joint_pos=[0.0, 0.0, 0.0, -0.035999998450279236, 0.5400000214576721, 0.0] imu_ang_vel=[1.910077452659607, -1.0258809328079224, -1.0397298336029053] imu_quat_wxyz=[0.8692869544029236, 0.16030287742614746, 0.1627083271741867, -0.43837112188339233]
joint_pos=[0.0, 0.0, 0.0, -0.035999998450279236, 0.5400000214576721, 0.0] imu_ang_vel=[1.910077452659607, -1.0258809328079224, -1.0397298336029053] imu_quat_wxyz=[0.8692869544029236, 0.16030287742614746, 0.1627083271741867, -0.43837112188339233]
joint_pos=[0.0, 0.0, 0.0, -0.035999998450279236, 0.5400000214576721, 0.0] imu_ang_vel=[3.2544820308685303, -1.4211061000823975, -4.435896396636963] imu_quat_wxyz=[0.8325983881950378, 0.1827525645494461, 0.13464245200157166, -0.5052254796028137]
joint_pos=[0.0, 0.0, 0.0, -0.035999998450279236, 0.5400000214576721, 0.0] imu_ang_vel=[3.2544820308685303, -1.4211061000823975, -4.435896396636963] imu_quat_wxyz=[0.8325983881950378, 0.1827525645494461, 0.13464245200157166, -0.5052254796028137]
joint_pos=[0.0, 0.0, 0.0, -0.035999998450279236, 0.5400000214576721, 0.0] imu_ang_vel=[2.285061836242676, 0.5347790718078613, -5.528891086578369] imu_quat_wxyz=[0.7648842930793762, 0.21326155960559845, 0.12959328293800354, -0.5938661694526672]
joint_pos=[0.0, 0.0, 0.0, -0.035999998450279236, 0.5400000214576721, 0.0] imu_ang_vel=[2.285061836242676, 0.5347790718078613, -5.528891086578369] imu_quat_wxyz=[0.7648842930793762, 0.21326155960559845, 0.12959328293800354, -0.5938661694526672]
joint_pos=[0.0, 0.0, 0.0, -0.035999998450279236, 0.5400000214576721, 0.0] imu_ang_vel=[0.29082605242729187, -0.4889712929725647, 0.25034478306770325] imu_quat_wxyz=[0.7353617548942566, 0.23374143242835999, 0.10430488735437393, -0.6274780035018921]
joint_pos=[0.0, 0.0, 0.0, -0.035999998450279236, 0.5400000214576721, 0.0] imu_ang_vel=[0.29082605242729187, -0.4889712929725647, 0.25034478306770325] imu_quat_wxyz=[0.7353617548942566, 0.23374143242835999, 0.10430488735437393, -0.6274780035018921]
joint_pos=[0.0, 0.0, 0.0, -0.035999998450279236, 0.5400000214576721, 0.0] imu_ang_vel=[-2.4469871520996094, 0.4889712929725647, 5.009026050567627] imu_quat_wxyz=[0.7898454070091248, 0.21721115708351135, 0.10645732283592224, -0.5635871887207031]
joint_pos=[0.0, 0.0, 0.0, -0.035999998450279236, 0.5400000214576721, 0.0] imu_ang_vel=[-2.4469871520996094, 0.4889712929725647, 5.009026050567627] imu_quat_wxyz=[0.7898454070091248, 0.21721115708351135, 0.10645732283592224, -0.5635871887207031]
joint_pos=[0.0, 0.0, 0.0, -0.035999998450279236, 0.5400000214576721, 0.0] imu_ang_vel=[-0.4974936544895172, -0.2695201337337494, 0.771274983882904] imu_quat_wxyz=[0.8230206370353699, 0.17980097234249115, 0.11318139731884003, -0.5267813205718994]
joint_pos=[0.0, 0.0, 0.0, -0.035999998450279236, 0.5400000214576721, 0.0] imu_ang_vel=[-0.4974936544895172, -0.2695201337337494, 0.771274983882904] imu_quat_wxyz=[0.8230206370353699, 0.17980097234249115, 0.11318139731884003, -0.5267813205718994]
joint_pos=[0.0, 0.0, 0.0, -0.035999998450279236, 0.5400000214576721, 0.0] imu_ang_vel=[1.5755741596221924, -1.1665000915527344, -3.0520756244659424] imu_quat_wxyz=[0.79545658826828, 0.1734277755022049, 0.10401517152786255, -0.5712725520133972]
joint_pos=[0.0, 0.0, 0.0, -0.035999998450279236, 0.5400000214576721, 0.0] imu_ang_vel=[1.5755741596221924, -1.1665000915527344, -3.0520756244659424] imu_quat_wxyz=[0.79545658826828, 0.1734277755022049, 0.10401517152786255, -0.5712725520133972]
joint_pos=[0.0, 0.0, 0.0, -0.035999998450279236, 0.5400000214576721, 0.0] imu_ang_vel=[0.37924569845199585, 0.09907261282205582, -0.41653111577033997] imu_quat_wxyz=[0.7683290243148804, 0.19585764408111572, 0.09056348353624344, -0.6025848984718323]
joint_pos=[0.0, 0.0, 0.0, -0.035999998450279236, 0.5400000214576721, 0.0] imu_ang_vel=[0.37924569845199585, 0.09907261282205582, -0.41653111577033997] imu_quat_wxyz=[0.7683290243148804, 0.19585764408111572, 0.09056348353624344, -0.6025848984718323]
joint_pos=[0.0, 0.0, 0.0, -0.035999998450279236, 0.5400000214576721, 0.0] imu_ang_vel=[-0.7957767844200134, 1.0951251983642578, 2.306367874145508] imu_quat_wxyz=[0.783021867275238, 0.20637881755828857, 0.10145799070596695, -0.5779192447662354]
joint_pos=[0.0, 0.0, 0.0, -0.035999998450279236, 0.5400000214576721, 0.0] imu_ang_vel=[-0.7957767844200134, 1.0951251983642578, 2.306367874145508] imu_quat_wxyz=[0.783021867275238, 0.20637881755828857, 0.10145799070596695, -0.5779192447662354]
joint_pos=[0.0, 0.0, 0.0, -0.035999998450279236, 0.5400000214576721, 0.0] imu_ang_vel=[-0.09694202244281769, 1.842963695526123, -0.12463974207639694] imu_quat_wxyz=[0.7919340133666992, 0.20873209834098816, 0.12253278493881226, -0.5605862736701965]
joint_pos=[0.0, 0.0, 0.0, -0.035999998450279236, 0.5400000214576721, 0.0] imu_ang_vel=[-0.09694202244281769, 1.842963695526123, -0.12463974207639694] imu_quat_wxyz=[0.7919340133666992, 0.20873209834098816, 0.12253278493881226, -0.5605862736701965]
joint_pos=[0.0, 0.0, 0.0, -0.035999998450279236, 0.5400000214576721, 0.0] imu_ang_vel=[1.4647833108901978, -0.9885955452919006, -2.3820040225982666] imu_quat_wxyz=[0.7698954939842224, 0.2057386338710785, 0.10907885432243347, -0.5941669940948486]
joint_pos=[0.0, 0.0, 0.0, -0.035999998450279236, 0.5400000214576721, 0.0] imu_ang_vel=[1.4647833108901978, -0.9885955452919006, -2.3820040225982666] imu_quat_wxyz=[0.7698954939842224, 0.2057386338710785, 0.10907885432243347, -0.5941669940948486]
joint_pos=[0.0, 0.0, 0.0, -0.035999998450279236, 0.5400000214576721, 0.0] imu_ang_vel=[-0.07350549101829529, -1.0322726964950562, 0.8639557957649231] imu_quat_wxyz=[0.7648484706878662, 0.21200110018253326, 0.08294425904750824, -0.6026461720466614]
joint_pos=[0.0, 0.0, 0.0, -0.035999998450279236, 0.5400000214576721, 0.0] imu_ang_vel=[-0.07350549101829529, -1.0322726964950562, 0.8639557957649231] imu_quat_wxyz=[0.7648484706878662, 0.21200110018253326, 0.08294425904750824, -0.6026461720466614]
joint_pos=[0.0, 0.0, 0.0, -0.035999998450279236, 0.5400000214576721, 0.0] imu_ang_vel=[-1.5436152219772339, 0.5965662598609924, 2.756988525390625] imu_quat_wxyz=[0.7962387204170227, 0.2075737565755844, 0.09873279929161072, -0.5596149563789368]
joint_pos=[0.0, 0.0, 0.0, -0.035999998450279236, 0.5400000214576721, 0.0] imu_ang_vel=[-1.5436152219772339, 0.5965662598609924, 2.756988525390625] imu_quat_wxyz=[0.7962387204170227, 0.2075737565755844, 0.09873279929161072, -0.5596149563789368]
joint_pos=[0.0, 0.0, 0.0, -0.035999998450279236, 0.5400000214576721, 0.0] imu_ang_vel=[-0.05539543926715851, -0.26419365406036377, -0.13209682703018188] imu_quat_wxyz=[0.8090142607688904, 0.18924503028392792, 0.10634681582450867, -0.5462348461151123]
joint_pos=[0.0, 0.0, 0.0, -0.035999998450279236, 0.5400000214576721, 0.0] imu_ang_vel=[-0.05539543926715851, -0.26419365406036377, -0.13209682703018188] imu_quat_wxyz=[0.8090142607688904, 0.18924503028392792, 0.10634681582450867, -0.5462348461151123]
joint_pos=[0.0, 0.0, 0.0, -0.035999998450279236, 0.5400000214576721, 0.0] imu_ang_vel=[0.7510343194007874, -0.4793836176395416, -1.8301801681518555] imu_quat_wxyz=[0.7943461537361145, 0.18867544829845428, 0.1064259484410286, -0.5675290822982788]
joint_pos=[0.0, 0.0, 0.0, -0.035999998450279236, 0.5400000214576721, 0.0] imu_ang_vel=[0.7510343194007874, -0.4793836176395416, -1.8301801681518555] imu_quat_wxyz=[0.7943461537361145, 0.18867544829845428, 0.1064259484410286, -0.5675290822982788]
joint_pos=[0.0, 0.0, 0.0, -0.035999998450279236, 0.5400000214576721, 0.0] imu_ang_vel=[-0.2833689749240875, 0.4442288279533386, 0.019175345078110695] imu_quat_wxyz=[0.7813318371772766, 0.20152465999126434, 0.10880420356988907, -0.5805771946907043]
joint_pos=[0.0, 0.0, 0.0, -0.035999998450279236, 0.5400000214576721, 0.0] imu_ang_vel=[-0.2833689749240875, 0.4442288279533386, 0.019175345078110695] imu_quat_wxyz=[0.7813318371772766, 0.20152465999126434, 0.10880420356988907, -0.5805771946907043]
joint_pos=[0.0, 0.0, 0.0, -0.035999998450279236, 0.5400000214576721, 0.0] imu_ang_vel=[-0.7414466738700867, 1.3220335245132446, 1.0716887712478638] imu_quat_wxyz=[0.7905452847480774, 0.2048892080783844, 0.12138477712869644, -0.5642023682594299]
joint_pos=[0.0, 0.0, 0.0, -0.035999998450279236, 0.5400000214576721, 0.0] imu_ang_vel=[-0.7414466738700867, 1.3220335245132446, 1.0716887712478638] imu_quat_wxyz=[0.7905452847480774, 0.2048892080783844, 0.12138477712869644, -0.5642023682594299]
joint_pos=[0.0, 0.0, 0.0, -0.035999998450279236, 0.5400000214576721, 0.0] imu_ang_vel=[0.02024064213037491, 0.10120321065187454, -0.5784562230110168] imu_quat_wxyz=[0.7930784821510315, 0.1968975067138672, 0.12740759551525116, -0.5621611475944519]
joint_pos=[0.0, 0.0, 0.0, -0.035999998450279236, 0.5400000214576721, 0.0] imu_ang_vel=[0.02024064213037491, 0.10120321065187454, -0.5784562230110168] imu_quat_wxyz=[0.7930784821510315, 0.1968975067138672, 0.12740759551525116, -0.5621611475944519]
joint_pos=[0.0, 0.0, 0.0, -0.035999998450279236, 0.5400000214576721, 0.0] imu_ang_vel=[0.566737949848175, -0.8873923420906067, -0.5262566804885864] imu_quat_wxyz=[0.7860756516456604, 0.1972174495458603, 0.10822471231222153, -0.5757410526275635]
joint_pos=[0.0, 0.0, 0.0, -0.035999998450279236, 0.5400000214576721, 0.0] imu_ang_vel=[0.566737949848175, -0.8873923420906067, -0.5262566804885864] imu_quat_wxyz=[0.7860756516456604, 0.1972174495458603, 0.10822471231222153, -0.5757410526275635]
joint_pos=[0.0, 0.0, 0.0, -0.035999998450279236, 0.5400000214576721, 0.0] imu_ang_vel=[-0.4484900236129761, 0.22371235489845276, 0.9385265707969666] imu_quat_wxyz=[0.7911148071289062, 0.20443475246429443, 0.1069452092051506, -0.5664859414100647]
joint_pos=[0.0, 0.0, 0.0, -0.035999998450279236, 0.5400000214576721, 0.0] imu_ang_vel=[-0.4484900236129761, 0.22371235489845276, 0.9385265707969666] imu_quat_wxyz=[0.7911148071289062, 0.20443475246429443, 0.1069452092051506, -0.5664859414100647]
joint_pos=[0.0, 0.0, 0.0, -0.035999998450279236, 0.5400000214576721, 0.0] imu_ang_vel=[-0.252475380897522, 0.1672516167163849, 0.6881818175315857] imu_quat_wxyz=[0.8009505867958069, 0.20200394093990326, 0.11631058156490326, -0.5514928698539734]
joint_pos=[0.0, 0.0, 0.0, -0.035999998450279236, 0.5400000214576721, 0.0] imu_ang_vel=[-0.252475380897522, 0.1672516167163849, 0.6881818175315857] imu_quat_wxyz=[0.8009505867958069, 0.20200394093990326, 0.11631058156490326, -0.5514928698539734]
joint_pos=[0.0, 0.0, 0.0, -0.035999998450279236, 0.5400000214576721, 0.0] imu_ang_vel=[0.19388404488563538, 0.17896988987922668, -0.8383886814117432] imu_quat_wxyz=[0.7969281077384949, 0.20040571689605713, 0.12039327621459961, -0.5569995641708374]
joint_pos=[0.0, 0.0, 0.0, -0.035999998450279236, 0.5400000214576721, 0.0] imu_ang_vel=[0.19388404488563538, 0.17896988987922668, -0.8383886814117432] imu_quat_wxyz=[0.7969281077384949, 0.20040571689605713, 0.12039327621459961, -0.5569995641708374]
joint_pos=[0.0, 0.0, 0.0, -0.035999998450279236, 0.5400000214576721, 0.0] imu_ang_vel=[0.21305938065052032, -0.1693822145462036, -0.34409090876579285] imu_quat_wxyz=[0.7888895273208618, 0.20508301258087158, 0.11572007089853287, -0.5676293969154358]
joint_pos=[0.0, 0.0, 0.0, -0.035999998450279236, 0.5400000214576721, 0.0] imu_ang_vel=[0.21305938065052032, -0.1693822145462036, -0.34409090876579285] imu_quat_wxyz=[0.7888895273208618, 0.20508301258087158, 0.11572007089853287, -0.5676293969154358]
joint_pos=[0.0, 0.0, 0.0, -0.035999998450279236, 0.5400000214576721, 0.0] imu_ang_vel=[-0.27697721123695374, -0.04474247246980667, 0.7648832201957703] imu_quat_wxyz=[0.7941644787788391, 0.20629456639289856, 0.11452622711658478, -0.5600259304046631]
joint_pos=[0.0, 0.0, 0.0, -0.035999998450279236, 0.5400000214576721, 0.0] imu_ang_vel=[-0.27697721123695374, -0.04474247246980667, 0.7648832201957703] imu_quat_wxyz=[0.7941644787788391, 0.20629456639289856, 0.11452622711658478, -0.5600259304046631]
joint_pos=[0.0, 0.0, 0.0, -0.035999998450279236, 0.5400000214576721, 0.0] imu_ang_vel=[-0.09481142461299896, 0.08309315890073776, 0.26206305623054504] imu_quat_wxyz=[0.7999582290649414, 0.2034650295972824, 0.11846838891506195, -0.5519366264343262]
joint_pos=[0.0, 0.0, 0.0, -0.035999998450279236, 0.5400000214576721, 0.0] imu_ang_vel=[-0.09481142461299896, 0.08309315890073776, 0.26206305623054504] imu_quat_wxyz=[0.7999582290649414, 0.2034650295972824, 0.11846838891506195, -0.5519366264343262]
joint_pos=[0.0, 0.0, 0.0, -0.035999998450279236, 0.5400000214576721, 0.0] imu_ang_vel=[0.43996763229370117, -0.01811004802584648, -0.7148142457008362] imu_quat_wxyz=[0.7932960987091064, 0.20467178523540497, 0.11965285241603851, -0.5607796311378479]
joint_pos=[0.0, 0.0, 0.0, -0.035999998450279236, 0.5400000214576721, 0.0] imu_ang_vel=[0.43996763229370117, -0.01811004802584648, -0.7148142457008362] imu_quat_wxyz=[0.7932960987091064, 0.20467178523540497, 0.11965285241603851, -0.5607796311378479]
joint_pos=[0.0, 0.0, 0.0, -0.035999998450279236, 0.5400000214576721, 0.0] imu_ang_vel=[0.26845481991767883, -0.08522375673055649, -0.12037855386734009] imu_quat_wxyz=[0.7870265245437622, 0.20952501893043518, 0.11372154951095581, -0.5689954161643982]
joint_pos=[0.0, 0.0, 0.0, -0.035999998450279236, 0.5400000214576721, 0.0] imu_ang_vel=[0.26845481991767883, -0.08522375673055649, -0.12037855386734009] imu_quat_wxyz=[0.7870265245437622, 0.20952501893043518, 0.11372154951095581, -0.5689954161643982]
joint_pos=[0.0, 0.0, 0.0, -0.035999998450279236, 0.5400000214576721, 0.0] imu_ang_vel=[-0.10013791173696518, -0.18962284922599792, 0.8415845632553101] imu_quat_wxyz=[0.7935211062431335, 0.209955632686615, 0.10577581077814102, -0.5612970590591431]
joint_pos=[0.0, 0.0, 0.0, -0.035999998450279236, 0.5400000214576721, 0.0] imu_ang_vel=[-0.10013791173696518, -0.18962284922599792, 0.8415845632553101] imu_quat_wxyz=[0.7935211062431335, 0.209955632686615, 0.10577581077814102, -0.5612970590591431]
joint_pos=[0.0, 0.0, 0.0, -0.035999998450279236, 0.5400000214576721, 0.0] imu_ang_vel=[-1.4243019819259644, 1.157977819442749, 0.7403813600540161] imu_quat_wxyz=[0.803248941898346, 0.20160679519176483, 0.12043332308530807, -0.5473951697349548]
joint_pos=[0.0, 0.0, 0.0, -0.035999998450279236, 0.5400000214576721, 0.0] imu_ang_vel=[-1.4243019819259644, 1.157977819442749, 0.7403813600540161] imu_quat_wxyz=[0.803248941898346, 0.20160679519176483, 0.12043332308530807, -0.5473951697349548]
joint_pos=[0.0, 0.0, 0.0, -0.035999998450279236, 0.5400000214576721, 0.0] imu_ang_vel=[-0.7606220245361328, 0.7755361795425415, 2.5098395347595215] imu_quat_wxyz=[0.8233935236930847, 0.18749666213989258, 0.13715697824954987, -0.5177412033081055]
joint_pos=[0.0, 0.0, 0.0, -0.035999998450279236, 0.5400000214576721, 0.0] imu_ang_vel=[-0.7606220245361328, 0.7755361795425415, 2.5098395347595215] imu_quat_wxyz=[0.8233935236930847, 0.18749666213989258, 0.13715697824954987, -0.5177412033081055]
joint_pos=[0.0, 0.0, 0.0, -0.035999998450279236, 0.5400000214576721, 0.0] imu_ang_vel=[-0.03835069015622139, 0.10866028815507889, 0.6849859356880188] imu_quat_wxyz=[0.8413133025169373, 0.1773742437362671, 0.1414884775876999, -0.490623414516449]
joint_pos=[0.0, 0.0, 0.0, -0.035999998450279236, 0.5400000214576721, 0.0] imu_ang_vel=[-0.03835069015622139, 0.10866028815507889, 0.6849859356880188] imu_quat_wxyz=[0.8413133025169373, 0.1773742437362671, 0.1414884775876999, -0.490623414516449]
joint_pos=[0.0, 0.0, 0.0, -0.035999998450279236, 0.5400000214576721, 0.0] imu_ang_vel=[0.6530269980430603, -0.3046749234199524, -1.3177722692489624] imu_quat_wxyz=[0.831380307674408, 0.1736539900302887, 0.13866011798381805, -0.5093371272087097]
joint_pos=[0.0, 0.0, 0.0, -0.035999998450279236, 0.5400000214576721, 0.0] imu_ang_vel=[0.6530269980430603, -0.3046749234199524, -1.3177722692489624] imu_quat_wxyz=[0.831380307674408, 0.1736539900302887, 0.13866011798381805, -0.5093371272087097]
joint_pos=[0.0, 0.0, 0.0, -0.035999998450279236, 0.5400000214576721, 0.0] imu_ang_vel=[0.01491415686905384, 0.042611878365278244, -0.0351547971367836] imu_quat_wxyz=[0.8244943618774414, 0.1827540397644043, 0.13703703880310059, -0.5177170634269714]
joint_pos=[0.0, 0.0, 0.0, -0.035999998450279236, 0.5400000214576721, 0.0] imu_ang_vel=[0.01491415686905384, 0.042611878365278244, -0.0351547971367836] imu_quat_wxyz=[0.8244943618774414, 0.1827540397644043, 0.13703703880310059, -0.5177170634269714]
joint_pos=[0.0, 0.0, 0.0, -0.035999998450279236, 0.5400000214576721, 0.0] imu_ang_vel=[-0.43144527077674866, 0.10333380103111267, 1.0429257154464722] imu_quat_wxyz=[0.8322566747665405, 0.18459224700927734, 0.13886316120624542, -0.5039756894111633]
joint_pos=[0.0, 0.0, 0.0, -0.035999998450279236, 0.5400000214576721, 0.0] imu_ang_vel=[-0.43144527077674866, 0.10333380103111267, 1.0429257154464722] imu_quat_wxyz=[0.8322566747665405, 0.18459224700927734, 0.13886316120624542, -0.5039756894111633]
joint_pos=[0.0, 0.0, 0.0, -0.035999998450279236, 0.5400000214576721, 0.0] imu_ang_vel=[-0.690312385559082, -0.0585913322865963, 1.0695581436157227] imu_quat_wxyz=[0.8441342115402222, 0.17578065395355225, 0.1418454498052597, -0.4862287640571594]
joint_pos=[0.0, 0.0, 0.0, -0.035999998450279236, 0.5400000214576721, 0.0] imu_ang_vel=[-0.690312385559082, -0.0585913322865963, 1.0695581436157227] imu_quat_wxyz=[0.8441342115402222, 0.17578065395355225, 0.1418454498052597, -0.4862287640571594]
joint_pos=[0.0, 0.0, 0.0, -0.035999998450279236, 0.5400000214576721, 0.0] imu_ang_vel=[-0.1171826645731926, -0.027697719633579254, 0.17896988987922668] imu_quat_wxyz=[0.8494979739189148, 0.17096996307373047, 0.14545072615146637, -0.4774583578109741]
joint_pos=[0.0, 0.0, 0.0, -0.035999998450279236, 0.5400000214576721, 0.0] imu_ang_vel=[-0.1171826645731926, -0.027697719633579254, 0.17896988987922668] imu_quat_wxyz=[0.8494979739189148, 0.17096996307373047, 0.14545072615146637, -0.4774583578109741]
joint_pos=[0.0, 0.0, 0.0, -0.035999998450279236, 0.5400000214576721, 0.0] imu_ang_vel=[0.4793836176395416, 0.17044751346111298, -0.8522375226020813] imu_quat_wxyz=[0.8418501615524292, 0.17448781430721283, 0.1491253525018692, -0.4884709417819977]
joint_pos=[0.0, 0.0, 0.0, -0.035999998450279236, 0.5400000214576721, 0.0] imu_ang_vel=[0.4793836176395416, 0.17044751346111298, -0.8522375226020813] imu_quat_wxyz=[0.8418501615524292, 0.17448781430721283, 0.1491253525018692, -0.4884709417819977]
joint_pos=[0.0, 0.0, 0.0, -0.035999998450279236, 0.5400000214576721, 0.0] imu_ang_vel=[0.23330003023147583, 0.10226850211620331, -0.4016169309616089] imu_quat_wxyz=[0.8330152034759521, 0.18058152496814728, 0.14729084074497223, -0.5017781853675842]
joint_pos=[0.0, 0.0, 0.0, -0.035999998450279236, 0.5400000214576721, 0.0] imu_ang_vel=[0.23330003023147583, 0.10226850211620331, -0.4016169309616089] imu_quat_wxyz=[0.8330152034759521, 0.18058152496814728, 0.14729084074497223, -0.5017781853675842]
joint_pos=[0.0, 0.0, 0.0, -0.035999998450279236, 0.5400000214576721, 0.0] imu_ang_vel=[-0.5070813298225403, -0.08735434710979462, 0.9662243127822876] imu_quat_wxyz=[0.8403883576393127, 0.1787373125553131, 0.14503739774227142, -0.4906776547431946]
joint_pos=[0.0, 0.0, 0.0, -0.035999998450279236, 0.5400000214576721, 0.0] imu_ang_vel=[-0.5070813298225403, -0.08735434710979462, 0.9662243127822876] imu_quat_wxyz=[0.8403883576393127, 0.1787373125553131, 0.14503739774227142, -0.4906776547431946]
joint_pos=[0.0, 0.0, 0.0, -0.035999998450279236, 0.5400000214576721, 0.0] imu_ang_vel=[-0.9214818477630615, -0.03835069015622139, 1.4488037824630737] imu_quat_wxyz=[0.855211615562439, 0.16942362487316132, 0.14879783987998962, -0.4666561186313629]
joint_pos=[0.0, 0.0, 0.0, -0.035999998450279236, 0.5400000214576721, 0.0] imu_ang_vel=[-0.9214818477630615, -0.03835069015622139, 1.4488037824630737] imu_quat_wxyz=[0.855211615562439, 0.16942362487316132, 0.14879783987998962, -0.4666561186313629]
joint_pos=[0.0, 0.0, 0.0, -0.035999998450279236, 0.5400000214576721, 0.0] imu_ang_vel=[-0.6423740386962891, 0.12357444316148758, 0.9449183940887451] imu_quat_wxyz=[0.8645098209381104, 0.16266155242919922, 0.1529257744550705, -0.4503084719181061]
joint_pos=[0.0, 0.0, 0.0, -0.035999998450279236, 0.5400000214576721, 0.0] imu_ang_vel=[-0.6423740386962891, 0.12357444316148758, 0.9449183940887451] imu_quat_wxyz=[0.8645098209381104, 0.16266155242919922, 0.1529257744550705, -0.4503084719181061]
joint_pos=[0.0, 0.0, 0.0, -0.035999998450279236, 0.5400000214576721, 0.0] imu_ang_vel=[-1.5052645206451416, 1.2836828231811523, 0.4570123851299286] imu_quat_wxyz=[0.8669754862785339, 0.15087337791919708, 0.1945449858903885, -0.43329310417175293]
joint_pos=[0.0, 0.0, 0.0, -0.035999998450279236, 0.5400000214576721, 0.0] imu_ang_vel=[-1.5052645206451416, 1.2836828231811523, 0.4570123851299286] imu_quat_wxyz=[0.8669754862785339, 0.15087337791919708, 0.1945449858903885, -0.43329310417175293]
joint_pos=[0.0, 0.0, 0.0, -0.035999998450279236, 0.5400000214576721, 0.0] imu_ang_vel=[-1.3103152513504028, 1.7289769649505615, 0.22903883457183838] imu_quat_wxyz=[0.868945300579071, 0.11511199921369553, 0.2311173677444458, -0.42221787571907043]
joint_pos=[0.0, 0.0, 0.0, -0.035999998450279236, 0.5400000214576721, 0.0] imu_ang_vel=[-1.3103152513504028, 1.7289769649505615, 0.22903883457183838] imu_quat_wxyz=[0.868945300579071, 0.11511199921369553, 0.2311173677444458, -0.42221787571907043]
joint_pos=[0.0, 0.0, 0.0, -0.035999998450279236, 0.5400000214576721, 0.0] imu_ang_vel=[-0.22903883457183838, 1.2868787050247192, 1.1856755018234253] imu_quat_wxyz=[0.8767205476760864, 0.12701645493507385, 0.24676479399204254, -0.3928549587726593]
joint_pos=[0.0, 0.0, 0.0, -0.035999998450279236, 0.5400000214576721, 0.0] imu_ang_vel=[-0.22903883457183838, 1.2868787050247192, 1.1856755018234253] imu_quat_wxyz=[0.8767205476760864, 0.12701645493507385, 0.24676479399204254, -0.3928549587726593]
joint_pos=[0.0, 0.0, 0.0, -0.035999998450279236, 0.5400000214576721, 0.0] imu_ang_vel=[0.15872924029827118, 0.32065439224243164, -0.7126836776733398] imu_quat_wxyz=[0.867121160030365, 0.1319836527109146, 0.2641317844390869, -0.401142954826355]
joint_pos=[0.0, 0.0, 0.0, -0.035999998450279236, 0.5400000214576721, 0.0] imu_ang_vel=[0.15872924029827118, 0.32065439224243164, -0.7126836776733398] imu_quat_wxyz=[0.867121160030365, 0.1319836527109146, 0.2641317844390869, -0.401142954826355]
joint_pos=[0.0, 0.0, 0.0, -0.035999998450279236, 0.5400000214576721, 0.0] imu_ang_vel=[0.039415985345840454, 0.06178722158074379, -0.10013791173696518] imu_quat_wxyz=[0.8641529679298401, 0.13437797129154205, 0.26426103711128235, -0.4066304862499237]
joint_pos=[0.0, 0.0, 0.0, -0.035999998450279236, 0.5400000214576721, 0.0] imu_ang_vel=[0.039415985345840454, 0.06178722158074379, -0.10013791173696518] imu_quat_wxyz=[0.8641529679298401, 0.13437797129154205, 0.26426103711128235, -0.4066304862499237]
joint_pos=[0.0, 0.0, 0.0, -0.035999998450279236, 0.5400000214576721, 0.0] imu_ang_vel=[0.028763016685843468, 0.36113566160202026, -0.08522375673055649] imu_quat_wxyz=[0.8612112402915955, 0.13726778328418732, 0.2685782313346863, -0.40907022356987]
joint_pos=[0.0, 0.0, 0.0, -0.035999998450279236, 0.5400000214576721, 0.0] imu_ang_vel=[0.028763016685843468, 0.36113566160202026, -0.08522375673055649] imu_quat_wxyz=[0.8612112402915955, 0.13726778328418732, 0.2685782313346863, -0.40907022356987]
joint_pos=[0.0, 0.0, 0.0, -0.035999998450279236, 0.5400000214576721, 0.0] imu_ang_vel=[0.05965662747621536, -0.02024064213037491, -0.1257050335407257] imu_quat_wxyz=[0.8590790033340454, 0.13846634328365326, 0.26943498849868774, -0.4125712215900421]
joint_pos=[0.0, 0.0, 0.0, -0.035999998450279236, 0.5400000214576721, 0.0] imu_ang_vel=[0.05965662747621536, -0.02024064213037491, -0.1257050335407257] imu_quat_wxyz=[0.8590790033340454, 0.13846634328365326, 0.26943498849868774, -0.4125712215900421]
joint_pos=[0.0, 0.0, 0.0, -0.035999998450279236, 0.5400000214576721, 0.0] imu_ang_vel=[0.07563608139753342, -0.4218575954437256, -0.1406191885471344] imu_quat_wxyz=[0.858654797077179, 0.13689960539340973, 0.2649737596511841, -0.41684454679489136]
joint_pos=[0.0, 0.0, 0.0, -0.035999998450279236, 0.5400000214576721, 0.0] imu_ang_vel=[0.07563608139753342, -0.4218575954437256, -0.1406191885471344] imu_quat_wxyz=[0.858654797077179, 0.13689960539340973, 0.2649737596511841, -0.41684454679489136]
joint_pos=[0.0, 0.0, 0.0, -0.035999998450279236, 0.5400000214576721, 0.0] imu_ang_vel=[0.09587672352790833, -1.1846102476119995, -0.22584295272827148] imu_quat_wxyz=[0.8613154292106628, 0.13006052374839783, 0.24936065077781677, -0.4231301546096802]
joint_pos=[0.0, 0.0, 0.0, -0.035999998450279236, 0.5400000214576721, 0.0] imu_ang_vel=[0.09587672352790833, -1.1846102476119995, -0.22584295272827148] imu_quat_wxyz=[0.8613154292106628, 0.13006052374839783, 0.24936065077781677, -0.4231301546096802]
joint_pos=[0.0, 0.0, 0.0, -0.035999998450279236, 0.5400000214576721, 0.0] imu_ang_vel=[1.2037855386734009, -1.1782183647155762, 0.7574261426925659] imu_quat_wxyz=[0.8688212633132935, 0.13216885924339294, 0.2197105884552002, -0.423566073179245]
joint_pos=[0.0, 0.0, 0.0, -0.035999998450279236, 0.5400000214576721, 0.0] imu_ang_vel=[1.2037855386734009, -1.1782183647155762, 0.7574261426925659] imu_quat_wxyz=[0.8688212633132935, 0.13216885924339294, 0.2197105884552002, -0.423566073179245]
joint_pos=[0.0, 0.0, 0.0, -0.035999998450279236, 0.5400000214576721, 0.0] imu_ang_vel=[0.8298662900924683, -1.6235125064849854, -0.48790600895881653] imu_quat_wxyz=[0.8733951449394226, 0.15417265892028809, 0.174339160323143, -0.42780545353889465]
joint_pos=[0.0, 0.0, 0.0, -0.035999998450279236, 0.5400000214576721, 0.0] imu_ang_vel=[0.8298662900924683, -1.6235125064849854, -0.48790600895881653] imu_quat_wxyz=[0.8733951449394226, 0.15417265892028809, 0.174339160323143, -0.42780545353889465]
joint_pos=[0.0, 0.0, 0.0, -0.035999998450279236, 0.5400000214576721, 0.0] imu_ang_vel=[1.5212440490722656, -0.09907261282205582, -3.244894504547119] imu_quat_wxyz=[0.8501309752464294, 0.16208142042160034, 0.1766885668039322, -0.46881556510925293]
joint_pos=[0.0, 0.0, 0.0, -0.035999998450279236, 0.5400000214576721, 0.0] imu_ang_vel=[1.5212440490722656, -0.09907261282205582, -3.244894504547119] imu_quat_wxyz=[0.8501309752464294, 0.16208142042160034, 0.1766885668039322, -0.46881556510925293]
joint_pos=[0.0, 0.0, 0.0, -0.035999998450279236, 0.5400000214576721, 0.0] imu_ang_vel=[2.6589810848236084, -0.8469110727310181, -3.240633249282837] imu_quat_wxyz=[0.8117192387580872, 0.18631459772586823, 0.15156251192092896, -0.5323790311813354]
joint_pos=[0.0, 0.0, 0.0, -0.035999998450279236, 0.5400000214576721, 0.0] imu_ang_vel=[2.6589810848236084, -0.8469110727310181, -3.240633249282837] imu_quat_wxyz=[0.8117192387580872, 0.18631459772586823, 0.15156251192092896, -0.5323790311813354]
joint_pos=[0.0, 0.0, 0.0, -0.035999998450279236, 0.5400000214576721, 0.0] imu_ang_vel=[0.7723402976989746, 0.5347790718078613, -0.9598325490951538] imu_quat_wxyz=[0.7894390225410461, 0.20239102840423584, 0.1418478786945343, -0.5618745684623718]
joint_pos=[0.0, 0.0, 0.0, -0.035999998450279236, 0.5400000214576721, 0.0] imu_ang_vel=[0.7723402976989746, 0.5347790718078613, -0.9598325490951538] imu_quat_wxyz=[0.7894390225410461, 0.20239102840423584, 0.1418478786945343, -0.5618745684623718]
joint_pos=[0.0, 0.0, 0.0, -0.035999998450279236, 0.5400000214576721, 0.0] imu_ang_vel=[0.2077329009771347, 0.433575838804245, -0.7861891388893127] imu_quat_wxyz=[0.7860041856765747, 0.20446014404296875, 0.14594972133636475, -0.5648823380470276]
joint_pos=[0.0, 0.0, 0.0, -0.035999998450279236, 0.5400000214576721, 0.0] imu_ang_vel=[0.2077329009771347, 0.433575838804245, -0.7861891388893127] imu_quat_wxyz=[0.7860041856765747, 0.20446014404296875, 0.14594972133636475, -0.5648823380470276]
joint_pos=[0.0, 0.0, 0.0, -0.035999998450279236, 0.5400000214576721, 0.0] imu_ang_vel=[1.0759499073028564, -1.0812764167785645, -1.2890093326568604] imu_quat_wxyz=[0.7749598622322083, 0.20410123467445374, 0.12329377979040146, -0.58530193567276]
joint_pos=[0.0, 0.0, 0.0, -0.035999998450279236, 0.5400000214576721, 0.0] imu_ang_vel=[1.0759499073028564, -1.0812764167785645, -1.2890093326568604] imu_quat_wxyz=[0.7749598622322083, 0.20410123467445374, 0.12329377979040146, -0.58530193567276]
joint_pos=[0.0, 0.0, 0.0, -0.035999998450279236, 0.5400000214576721, 0.0] imu_ang_vel=[-0.4442288279533386, 0.2897607684135437, 0.6221334338188171] imu_quat_wxyz=[0.7766503691673279, 0.20791667699813843, 0.12185496091842651, -0.5820105075836182]
joint_pos=[0.0, 0.0, 0.0, -0.035999998450279236, 0.5400000214576721, 0.0] imu_ang_vel=[-0.4442288279533386, 0.2897607684135437, 0.6221334338188171] imu_quat_wxyz=[0.7766503691673279, 0.20791667699813843, 0.12185496091842651, -0.5820105075836182]
joint_pos=[0.0, 0.0, 0.0, -0.035999998450279236, 0.5400000214576721, 0.0] imu_ang_vel=[-0.4420982301235199, 0.13316211104393005, 1.1281495094299316] imu_quat_wxyz=[0.7939596772193909, 0.20452354848384857, 0.12850834429264069, -0.5579279661178589]
joint_pos=[0.0, 0.0, 0.0, -0.035999998450279236, 0.5400000214576721, 0.0] imu_ang_vel=[-0.4420982301235199, 0.13316211104393005, 1.1281495094299316] imu_quat_wxyz=[0.7939596772193909, 0.20452354848384857, 0.12850834429264069, -0.5579279661178589]
joint_pos=[0.0, 0.0, 0.0, -0.035999998450279236, 0.5400000214576721, 0.0] imu_ang_vel=[0.4016169309616089, -0.23543062806129456, -0.6285251975059509] imu_quat_wxyz=[0.7958277463912964, 0.20017331838607788, 0.12983398139476776, -0.5565356612205505]
joint_pos=[0.0, 0.0, 0.0, -0.035999998450279236, 0.5400000214576721, 0.0] imu_ang_vel=[0.4016169309616089, -0.23543062806129456, -0.6285251975059509] imu_quat_wxyz=[0.7958277463912964, 0.20017331838607788, 0.12983398139476776, -0.5565356612205505]
joint_pos=[0.0, 0.0, 0.0, -0.035999998450279236, 0.5400000214576721, 0.0] imu_ang_vel=[0.4538165032863617, -0.40481284260749817, -0.8266704082489014] imu_quat_wxyz=[0.7854479551315308, 0.2027086317539215, 0.1254945546388626, -0.5711669921875]
joint_pos=[0.0, 0.0, 0.0, -0.035999998450279236, 0.5400000214576721, 0.0] imu_ang_vel=[0.4538165032863617, -0.40481284260749817, -0.8266704082489014] imu_quat_wxyz=[0.7854479551315308, 0.2027086317539215, 0.1254945546388626, -0.5711669921875]
joint_pos=[0.0, 0.0, 0.0, -0.035999998450279236, 0.5400000214576721, 0.0] imu_ang_vel=[-0.42931467294692993, 0.0, 1.003509759902954] imu_quat_wxyz=[0.7899240255355835, 0.2051095813512802, 0.12770600616931915, -0.563596785068512]
joint_pos=[0.0, 0.0, 0.0, -0.035999998450279236, 0.5400000214576721, 0.0] imu_ang_vel=[-0.42931467294692993, 0.0, 1.003509759902954] imu_quat_wxyz=[0.7899240255355835, 0.2051095813512802, 0.12770600616931915, -0.563596785068512]
joint_pos=[0.0, 0.0, 0.0, -0.035999998450279236, 0.5400000214576721, 0.0] imu_ang_vel=[-0.07776667922735214, -0.14488038420677185, 0.32065439224243164] imu_quat_wxyz=[0.79573655128479, 0.19841532409191132, 0.12785272300243378, -0.5577529668807983]
joint_pos=[0.0, 0.0, 0.0, -0.035999998450279236, 0.5400000214576721, 0.0] imu_ang_vel=[-0.07776667922735214, -0.14488038420677185, 0.32065439224243164] imu_quat_wxyz=[0.79573655128479, 0.19841532409191132, 0.12785272300243378, -0.5577529668807983]
joint_pos=[0.0, 0.0, 0.0, -0.035999998450279236, 0.5400000214576721, 0.0] imu_ang_vel=[0.31532788276672363, -0.17151281237602234, -0.5358443856239319] imu_quat_wxyz=[0.7906997203826904, 0.19797362387180328, 0.126031756401062, -0.5654346942901611]
joint_pos=[0.0, 0.0, 0.0, -0.035999998450279236, 0.5400000214576721, 0.0] imu_ang_vel=[0.31532788276672363, -0.17151281237602234, -0.5358443856239319] imu_quat_wxyz=[0.7906997203826904, 0.19797362387180328, 0.126031756401062, -0.5654346942901611]
joint_pos=[0.0, 0.0, 0.0, -0.035999998450279236, 0.5400000214576721, 0.0] imu_ang_vel=[0.310001403093338, 0.09587672352790833, -0.6189374923706055] imu_quat_wxyz=[0.78171706199646, 0.20023946464061737, 0.12484895437955856, -0.5772653818130493]
joint_pos=[0.0, 0.0, 0.0, -0.035999998450279236, 0.5400000214576721, 0.0] imu_ang_vel=[0.310001403093338, 0.09587672352790833, -0.6189374923706055] imu_quat_wxyz=[0.78171706199646, 0.20023946464061737, 0.12484895437955856, -0.5772653818130493]
joint_pos=[0.0, 0.0, 0.0, -0.035999998450279236, 0.5400000214576721, 0.0] imu_ang_vel=[-0.26419365406036377, 1.0344033241271973, 0.3653968572616577] imu_quat_wxyz=[0.7806766629219055, 0.20876780152320862, 0.1287408322095871, -0.5747919082641602]
joint_pos=[0.0, 0.0, 0.0, -0.035999998450279236, 0.5400000214576721, 0.0] imu_ang_vel=[-0.26419365406036377, 1.0344033241271973, 0.3653968572616577] imu_quat_wxyz=[0.7806766629219055, 0.20876780152320862, 0.1287408322095871, -0.5747919082641602]
joint_pos=[0.0, 0.0, 0.0, -0.035999998450279236, 0.5400000214576721, 0.0] imu_ang_vel=[0.11824796348810196, -0.3419603109359741, 0.0] imu_quat_wxyz=[0.7854245901107788, 0.204656183719635, 0.12417276948690414, -0.5707935690879822]
joint_pos=[0.0, 0.0, 0.0, -0.035999998450279236, 0.5400000214576721, 0.0] imu_ang_vel=[0.11824796348810196, -0.3419603109359741, 0.0] imu_quat_wxyz=[0.7854245901107788, 0.204656183719635, 0.12417276948690414, -0.5707935690879822]
joint_pos=[0.0, 0.0, 0.0, -0.035999998450279236, 0.5400000214576721, 0.0] imu_ang_vel=[0.04367717355489731, -0.35793977975845337, 0.12996622920036316] imu_quat_wxyz=[0.7880929112434387, 0.20262396335601807, 0.1142834946513176, -0.5699056386947632]
joint_pos=[0.0, 0.0, 0.0, -0.035999998450279236, 0.5400000214576721, 0.0] imu_ang_vel=[0.04367717355489731, -0.35793977975845337, 0.12996622920036316] imu_quat_wxyz=[0.7880929112434387, 0.20262396335601807, 0.1142834946513176, -0.5699056386947632]
joint_pos=[0.0, 0.0, 0.0, -0.035999998450279236, 0.5400000214576721, 0.0] imu_ang_vel=[-0.14274978637695312, 0.11185617744922638, 0.2727160155773163] imu_quat_wxyz=[0.7928453087806702, 0.20341800153255463, 0.12197566032409668, -0.5613728165626526]
joint_pos=[0.0, 0.0, 0.0, -0.035999998450279236, 0.5400000214576721, 0.0] imu_ang_vel=[-0.14274978637695312, 0.11185617744922638, 0.2727160155773163] imu_quat_wxyz=[0.7928453087806702, 0.20341800153255463, 0.12197566032409668, -0.5613728165626526]
joint_pos=[0.0, 0.0, 0.0, -0.035999998450279236, 0.5400000214576721, 0.0] imu_ang_vel=[0.0, 0.20879819989204407, -0.23010413348674774] imu_quat_wxyz=[0.7935148477554321, 0.20298035442829132, 0.12634918093681335, -0.5596151947975159]
joint_pos=[0.0, 0.0, 0.0, -0.035999998450279236, 0.5400000214576721, 0.0] imu_ang_vel=[0.0, 0.20879819989204407, -0.23010413348674774] imu_quat_wxyz=[0.7935148477554321, 0.20298035442829132, 0.12634918093681335, -0.5596151947975159]
joint_pos=[0.0, 0.0, 0.0, -0.035999998450279236, 0.5400000214576721, 0.0] imu_ang_vel=[0.09268083423376083, -0.12463974207639694, -0.09907261282205582] imu_quat_wxyz=[0.7926100492477417, 0.20389491319656372, 0.12613433599472046, -0.5606123805046082]
joint_pos=[0.0, 0.0, 0.0, -0.035999998450279236, 0.5400000214576721, 0.0] imu_ang_vel=[0.09268083423376083, -0.12463974207639694, -0.09907261282205582] imu_quat_wxyz=[0.7926100492477417, 0.20389491319656372, 0.12613433599472046, -0.5606123805046082]
joint_pos=[0.0, 0.0, 0.0, -0.035999998450279236, 0.5400000214576721, 0.0] imu_ang_vel=[-0.12144385278224945, -0.057526033371686935, 0.4687306582927704] imu_quat_wxyz=[0.796879231929779, 0.20515373349189758, 0.12482518702745438, -0.5543590784072876]
joint_pos=[0.0, 0.0, 0.0, -0.035999998450279236, 0.5400000214576721, 0.0] imu_ang_vel=[-0.12144385278224945, -0.057526033371686935, 0.4687306582927704] imu_quat_wxyz=[0.796879231929779, 0.20515373349189758, 0.12482518702745438, -0.5543590784072876]
joint_pos=[0.0, 0.0, 0.0, -0.035999998450279236, 0.5400000214576721, 0.0] imu_ang_vel=[-0.07457078248262405, -0.13209682703018188, 0.2194511741399765] imu_quat_wxyz=[0.8016587495803833, 0.2021476775407791, 0.12654900550842285, -0.5481467843055725]
joint_pos=[0.0, 0.0, 0.0, -0.035999998450279236, 0.5400000214576721, 0.0] imu_ang_vel=[-0.07457078248262405, -0.13209682703018188, 0.2194511741399765] imu_quat_wxyz=[0.8016587495803833, 0.2021476775407791, 0.12654900550842285, -0.5481467843055725]
joint_pos=[0.0, 0.0, 0.0, -0.035999998450279236, 0.5400000214576721, 0.0] imu_ang_vel=[-0.05006895586848259, 0.15127216279506683, -0.10652969032526016] imu_quat_wxyz=[0.8013443946838379, 0.2016424834728241, 0.12933389842510223, -0.5481424927711487]
joint_pos=[0.0, 0.0, 0.0, -0.035999998450279236, 0.5400000214576721, 0.0] imu_ang_vel=[-0.05006895586848259, 0.15127216279506683, -0.10652969032526016] imu_quat_wxyz=[0.8013443946838379, 0.2016424834728241, 0.12933389842510223, -0.5481424927711487]
joint_pos=[0.0, 0.0, 0.0, -0.035999998450279236, 0.5400000214576721, 0.0] imu_ang_vel=[0.07244019210338593, 0.4452941119670868, -0.0937461331486702] imu_quat_wxyz=[0.8004117608070374, 0.2040439248085022, 0.1339176744222641, -0.5475152730941772]
joint_pos=[0.0, 0.0, 0.0, -0.035999998450279236, 0.5400000214576721, 0.0] imu_ang_vel=[0.07244019210338593, 0.4452941119670868, -0.0937461331486702] imu_quat_wxyz=[0.8004117608070374, 0.2040439248085022, 0.1339176744222641, -0.5475152730941772]
joint_pos=[0.0, 0.0, 0.0, -0.035999998450279236, 0.5400000214576721, 0.0] imu_ang_vel=[-0.05965662747621536, -0.4538165032863617, -0.18110047280788422] imu_quat_wxyz=[0.8000138998031616, 0.19870099425315857, 0.1271716207265854, -0.5516548156738281]
joint_pos=[0.0, 0.0, 0.0, -0.035999998450279236, 0.5400000214576721, 0.0] imu_ang_vel=[-0.05965662747621536, -0.4538165032863617, -0.18110047280788422] imu_quat_wxyz=[0.8000138998031616, 0.19870099425315857, 0.1271716207265854, -0.5516548156738281]
joint_pos=[0.0, 0.0, 0.0, -0.035999998450279236, 0.5400000214576721, 0.0] imu_ang_vel=[0.06924430280923843, -0.1139867752790451, 0.8884576559066772] imu_quat_wxyz=[0.806896984577179, 0.19894897937774658, 0.122919961810112, -0.542427122592926]
joint_pos=[0.0, 0.0, 0.0, -0.035999998450279236, 0.5400000214576721, 0.0] imu_ang_vel=[0.06924430280923843, -0.1139867752790451, 0.8884576559066772] imu_quat_wxyz=[0.806896984577179, 0.19894897937774658, 0.122919961810112, -0.542427122592926]
joint_pos=[0.0, 0.0, 0.0, -0.035999998450279236, 0.5400000214576721, 0.0] imu_ang_vel=[-0.05539543926715851, 0.0, -0.03195890784263611] imu_quat_wxyz=[0.8117476105690002, 0.1933436244726181, 0.12593905627727509, -0.5364918112754822]
joint_pos=[0.0, 0.0, 0.0, -0.035999998450279236, 0.5400000214576721, 0.0] imu_ang_vel=[-0.05539543926715851, 0.0, -0.03195890784263611] imu_quat_wxyz=[0.8117476105690002, 0.1933436244726181, 0.12593905627727509, -0.5364918112754822]
joint_pos=[0.0, 0.0, 0.0, -0.035999998450279236, 0.5400000214576721, 0.0] imu_ang_vel=[0.35580918192863464, 0.09481142461299896, -0.5720644593238831] imu_quat_wxyz=[0.8065246343612671, 0.19598805904388428, 0.1180928647518158, -0.5451245307922363]
joint_pos=[0.0, 0.0, 0.0, -0.035999998450279236, 0.5400000214576721, 0.0] imu_ang_vel=[0.35580918192863464, 0.09481142461299896, -0.5720644593238831] imu_quat_wxyz=[0.8065246343612671, 0.19598805904388428, 0.1180928647518158, -0.5451245307922363]
joint_pos=[0.0, 0.0, 0.0, -0.035999998450279236, 0.5400000214576721, 0.0] imu_ang_vel=[0.9832690954208374, 0.20240642130374908, -0.23010413348674774] imu_quat_wxyz=[0.8004863858222961, 0.20076853036880493, 0.11416461318731308, -0.5530641674995422]
joint_pos=[0.0, 0.0, 0.0, -0.035999998450279236, 0.5400000214576721, 0.0] imu_ang_vel=[0.9832690954208374, 0.20240642130374908, -0.23010413348674774] imu_quat_wxyz=[0.8004863858222961, 0.20076853036880493, 0.11416461318731308, -0.5530641674995422]
joint_pos=[0.0, 0.0, 0.0, -0.035999998450279236, 0.5400000214576721, 0.0] imu_ang_vel=[0.8543681502342224, 0.0, -1.2101773023605347] imu_quat_wxyz=[0.79161137342453, 0.2018922120332718, 0.11424198001623154, -0.5652782917022705]
joint_pos=[0.0, 0.0, 0.0, -0.035999998450279236, 0.5400000214576721, 0.0] imu_ang_vel=[0.8543681502342224, 0.0, -1.2101773023605347] imu_quat_wxyz=[0.79161137342453, 0.2018922120332718, 0.11424198001623154, -0.5652782917022705]
joint_pos=[0.0, 0.0, 0.0, -0.035999998450279236, 0.5400000214576721, 0.0] imu_ang_vel=[0.32704615592956543, -0.2109287977218628, -0.5187996029853821] imu_quat_wxyz=[0.7795447707176208, 0.2047269344329834, 0.10315138101577759, -0.5828864574432373]
joint_pos=[0.0, 0.0, 0.0, -0.035999998450279236, 0.5400000214576721, 0.0] imu_ang_vel=[0.32704615592956543, -0.2109287977218628, -0.5187996029853821] imu_quat_wxyz=[0.7795447707176208, 0.2047269344329834, 0.10315138101577759, -0.5828864574432373]
joint_pos=[0.0, 0.0, 0.0, -0.035999998450279236, 0.5400000214576721, 0.0] imu_ang_vel=[-0.44955530762672424, 0.10226850211620331, 1.1057782173156738] imu_quat_wxyz=[0.7873333096504211, 0.20413225889205933, 0.10177746415138245, -0.5727804899215698]
joint_pos=[0.0, 0.0, 0.0, -0.035999998450279236, 0.5400000214576721, 0.0] imu_ang_vel=[-0.44955530762672424, 0.10226850211620331, 1.1057782173156738] imu_quat_wxyz=[0.7873333096504211, 0.20413225889205933, 0.10177746415138245, -0.5727804899215698]
joint_pos=[0.0, 0.0, 0.0, -0.035999998450279236, 0.5400000214576721, 0.0] imu_ang_vel=[-0.3867027759552002, -0.10972558706998825, 0.8256051540374756] imu_quat_wxyz=[0.8013421893119812, 0.1943431794643402, 0.10593380779027939, -0.5557512640953064]
joint_pos=[0.0, 0.0, 0.0, -0.035999998450279236, 0.5400000214576721, 0.0] imu_ang_vel=[-0.3867027759552002, -0.10972558706998825, 0.8256051540374756] imu_quat_wxyz=[0.8013421893119812, 0.1943431794643402, 0.10593380779027939, -0.5557512640953064]
joint_pos=[0.0, 0.0, 0.0, -0.035999998450279236, 0.5400000214576721, 0.0] imu_ang_vel=[0.3515479862689972, -0.45275118947029114, -0.5454320311546326] imu_quat_wxyz=[0.799933135509491, 0.18670162558555603, 0.10142961889505386, -0.5612142086029053]
joint_pos=[0.0, 0.0, 0.0, -0.035999998450279236, 0.5400000214576721, 0.0] imu_ang_vel=[0.3515479862689972, -0.45275118947029114, -0.5454320311546326] imu_quat_wxyz=[0.799933135509491, 0.18670162558555603, 0.10142961889505386, -0.5612142086029053]
joint_pos=[0.0, 0.0, 0.0, -0.035999998450279236, 0.5400000214576721, 0.0] imu_ang_vel=[0.27058541774749756, -0.2929566502571106, -0.32917675375938416] imu_quat_wxyz=[0.7914867401123047, 0.18779517710208893, 0.09685087203979492, -0.5734994411468506]
joint_pos=[0.0, 0.0, 0.0, -0.035999998450279236, 0.5400000214576721, 0.0] imu_ang_vel=[0.27058541774749756, -0.2929566502571106, -0.32917675375938416] imu_quat_wxyz=[0.7914867401123047, 0.18779517710208893, 0.09685087203979492, -0.5734994411468506]
joint_pos=[0.0, 0.0, 0.0, -0.035999998450279236, 0.5400000214576721, 0.0] imu_ang_vel=[-0.18003518879413605, 0.1693822145462036, 0.3068055212497711] imu_quat_wxyz=[0.7909212112426758, 0.18791642785072327, 0.09823797643184662, -0.5740037560462952]
joint_pos=[0.0, 0.0, 0.0, -0.035999998450279236, 0.5400000214576721, 0.0] imu_ang_vel=[-0.18003518879413605, 0.1693822145462036, 0.3068055212497711] imu_quat_wxyz=[0.7909212112426758, 0.18791642785072327, 0.09823797643184662, -0.5740037560462952]
joint_pos=[0.0, 0.0, 0.0, -0.035999998450279236, 0.5400000214576721, 0.0] imu_ang_vel=[-0.1257050335407257, 0.5912398099899292, 0.12037855386734009] imu_quat_wxyz=[0.7919542789459229, 0.189003124833107, 0.10601101070642471, -0.570830762386322]
joint_pos=[0.0, 0.0, 0.0, -0.035999998450279236, 0.5400000214576721, 0.0] imu_ang_vel=[-0.1257050335407257, 0.5912398099899292, 0.12037855386734009] imu_quat_wxyz=[0.7919542789459229, 0.189003124833107, 0.10601101070642471, -0.570830762386322]
joint_pos=[0.0, 0.0, 0.0, -0.035999998450279236, 0.5400000214576721, 0.0] imu_ang_vel=[0.3664621412754059, 0.6583535075187683, -1.433889627456665] imu_quat_wxyz=[0.7798445224761963, 0.18957190215587616, 0.10856787860393524, -0.586615800857544]
joint_pos=[0.0, 0.0, 0.0, -0.035999998450279236, 0.5400000214576721, 0.0] imu_ang_vel=[0.3664621412754059, 0.6583535075187683, -1.433889627456665] imu_quat_wxyz=[0.7798445224761963, 0.18957190215587616, 0.10856787860393524, -0.586615800857544]
joint_pos=[0.0, 0.0, 0.0, -0.035999998450279236, 0.5400000214576721, 0.0] imu_ang_vel=[0.3185237944126129, -0.6690064668655396, 0.1491415649652481] imu_quat_wxyz=[0.7729231119155884, 0.1956731677055359, 0.0891551598906517, -0.5969533324241638]
joint_pos=[0.0, 0.0, 0.0, -0.035999998450279236, 0.5400000214576721, 0.0] imu_ang_vel=[0.3185237944126129, -0.6690064668655396, 0.1491415649652481] imu_quat_wxyz=[0.7729231119155884, 0.1956731677055359, 0.0891551598906517, -0.5969533324241638]
joint_pos=[0.0, 0.0, 0.0, -0.035999998450279236, 0.5400000214576721, 0.0] imu_ang_vel=[-0.9662243127822876, 0.4921671748161316, 1.6821038722991943] imu_quat_wxyz=[0.7891355752944946, 0.194368377327919, 0.09928466379642487, -0.5741328001022339]
joint_pos=[0.0, 0.0, 0.0, -0.035999998450279236, 0.5400000214576721, 0.0] imu_ang_vel=[-0.9662243127822876, 0.4921671748161316, 1.6821038722991943] imu_quat_wxyz=[0.7891355752944946, 0.194368377327919, 0.09928466379642487, -0.5741328001022339]
joint_pos=[0.0, 0.0, 0.0, -0.035999998450279236, 0.5400000214576721, 0.0] imu_ang_vel=[-0.28549957275390625, 0.030893610790371895, 0.5837827324867249] imu_quat_wxyz=[0.8048110604286194, 0.18504373729228973, 0.10695761442184448, -0.5537128448486328]
joint_pos=[0.0, 0.0, 0.0, -0.035999998450279236, 0.5400000214576721, 0.0] imu_ang_vel=[-0.28549957275390625, 0.030893610790371895, 0.5837827324867249] imu_quat_wxyz=[0.8048110604286194, 0.18504373729228973, 0.10695761442184448, -0.5537128448486328]
joint_pos=[0.0, 0.0, 0.0, -0.035999998450279236, 0.5400000214576721, 0.0] imu_ang_vel=[0.4357064366340637, -0.2311694324016571, -0.95344078540802] imu_quat_wxyz=[0.7975723743438721, 0.18458454310894012, 0.10879667848348618, -0.5638885498046875]
joint_pos=[0.0, 0.0, 0.0, -0.035999998450279236, 0.5400000214576721, 0.0] imu_ang_vel=[0.4357064366340637, -0.2311694324016571, -0.95344078540802] imu_quat_wxyz=[0.7975723743438721, 0.18458454310894012, 0.10879667848348618, -0.5638885498046875]
joint_pos=[0.0, 0.0, 0.0, -0.035999998450279236, 0.5400000214576721, 0.0] imu_ang_vel=[0.2812383770942688, 0.017044750973582268, -0.15446805953979492] imu_quat_wxyz=[0.7894858121871948, 0.19368906319141388, 0.10503263026475906, -0.5728568434715271]
joint_pos=[0.0, 0.0, 0.0, -0.035999998450279236, 0.5400000214576721, 0.0] imu_ang_vel=[0.2812383770942688, 0.017044750973582268, -0.15446805953979492] imu_quat_wxyz=[0.7894858121871948, 0.19368906319141388, 0.10503263026475906, -0.5728568434715271]
joint_pos=[0.0, 0.0, 0.0, -0.035999998450279236, 0.5400000214576721, 0.0] imu_ang_vel=[-0.1289009302854538, -0.060721926391124725, 0.1842963695526123] imu_quat_wxyz=[0.7916669249534607, 0.1911645531654358, 0.10557088255882263, -0.5705912113189697]
joint_pos=[0.0, 0.0, 0.0, -0.035999998450279236, 0.5400000214576721, 0.0] imu_ang_vel=[-0.1289009302854538, -0.060721926391124725, 0.1842963695526123] imu_quat_wxyz=[0.7916669249534607, 0.1911645531654358, 0.10557088255882263, -0.5705912113189697]
joint_pos=[0.0, 0.0, 0.0, -0.035999998450279236, 0.5400000214576721, 0.0] imu_ang_vel=[-0.21518997848033905, -0.019175345078110695, 0.3462215065956116] imu_quat_wxyz=[0.7960575222969055, 0.18889924883842468, 0.105720154941082, -0.5651837587356567]
joint_pos=[0.0, 0.0, 0.0, -0.035999998450279236, 0.5400000214576721, 0.0] imu_ang_vel=[-0.21518997848033905, -0.019175345078110695, 0.3462215065956116] imu_quat_wxyz=[0.7960575222969055, 0.18889924883842468, 0.105720154941082, -0.5651837587356567]
joint_pos=[0.0, 0.0, 0.0, -0.035999998450279236, 0.5400000214576721, 0.0] imu_ang_vel=[-0.13103152811527252, -0.32065439224243164, 0.4186616837978363] imu_quat_wxyz=[0.8011302947998047, 0.1881304532289505, 0.10504163056612015, -0.5583577156066895]
joint_pos=[0.0, 0.0, 0.0, -0.035999998450279236, 0.5400000214576721, 0.0] imu_ang_vel=[-0.13103152811527252, -0.32065439224243164, 0.4186616837978363] imu_quat_wxyz=[0.8011302947998047, 0.1881304532289505, 0.10504163056612015, -0.5583577156066895]
joint_pos=[0.0, 0.0, 0.0, -0.035999998450279236, 0.5400000214576721, 0.0] imu_ang_vel=[0.045807767659425735, -0.12996622920036316, 0.08628904819488525] imu_quat_wxyz=[0.8031100034713745, 0.1853194534778595, 0.105417400598526, -0.5563794374465942]
joint_pos=[0.0, 0.0, 0.0, -0.035999998450279236, 0.5400000214576721, 0.0] imu_ang_vel=[0.045807767659425735, -0.12996622920036316, 0.08628904819488525] imu_quat_wxyz=[0.8031100034713745, 0.1853194534778595, 0.105417400598526, -0.5563794374465942]
joint_pos=[0.0, 0.0, 0.0, -0.035999998450279236, 0.5400000214576721, 0.0] imu_ang_vel=[0.08735434710979462, 0.07350549101829529, -0.18642696738243103] imu_quat_wxyz=[0.8006407022476196, 0.1853911578655243, 0.10742911696434021, -0.5595207214355469]
joint_pos=[0.0, 0.0, 0.0, -0.035999998450279236, 0.5400000214576721, 0.0] imu_ang_vel=[0.08735434710979462, 0.07350549101829529, -0.18642696738243103] imu_quat_wxyz=[0.8006407022476196, 0.1853911578655243, 0.10742911696434021, -0.5595207214355469]
joint_pos=[0.0, 0.0, 0.0, -0.035999998450279236, 0.5400000214576721, 0.0] imu_ang_vel=[0.12037855386734009, 1.0162932872772217, -0.9236124157905579] imu_quat_wxyz=[0.7928934097290039, 0.19019392132759094, 0.11110890656709671, -0.5681558847427368]
joint_pos=[0.0, 0.0, 0.0, -0.035999998450279236, 0.5400000214576721, 0.0] imu_ang_vel=[0.12037855386734009, 1.0162932872772217, -0.9236124157905579] imu_quat_wxyz=[0.7928934097290039, 0.19019392132759094, 0.11110890656709671, -0.5681558847427368]
joint_pos=[0.0, 0.0, 0.0, -0.035999998450279236, 0.5400000214576721, 0.0] imu_ang_vel=[0.44316351413726807, -0.6008274555206299, -0.7787320613861084] imu_quat_wxyz=[0.7817126512527466, 0.19304531812667847, 0.09630616009235382, -0.585135817527771]
joint_pos=[0.0, 0.0, 0.0, -0.035999998450279236, 0.5400000214576721, 0.0] imu_ang_vel=[0.44316351413726807, -0.6008274555206299, -0.7787320613861084] imu_quat_wxyz=[0.7817126512527466, 0.19304531812667847, 0.09630616009235382, -0.585135817527771]
joint_pos=[0.0, 0.0, 0.0, -0.035999998450279236, 0.5400000214576721, 0.0] imu_ang_vel=[-0.5518237948417664, 0.18110047280788422, 0.9832690954208374] imu_quat_wxyz=[0.7883517742156982, 0.1947101503610611, 0.09615731984376907, -0.5756240487098694]
joint_pos=[0.0, 0.0, 0.0, -0.035999998450279236, 0.5400000214576721, 0.0] imu_ang_vel=[-0.5518237948417664, 0.18110047280788422, 0.9832690954208374] imu_quat_wxyz=[0.7883517742156982, 0.1947101503610611, 0.09615731984376907, -0.5756240487098694]
joint_pos=[0.0, 0.0, 0.0, -0.035999998450279236, 0.5400000214576721, 0.0] imu_ang_vel=[-0.5315831899642944, 0.20027582347393036, 0.9917914271354675] imu_quat_wxyz=[0.8027116060256958, 0.18983051180839539, 0.10507286339998245, -0.5554978847503662]
joint_pos=[0.0, 0.0, 0.0, -0.035999998450279236, 0.5400000214576721, 0.0] imu_ang_vel=[-0.5315831899642944, 0.20027582347393036, 0.9917914271354675] imu_quat_wxyz=[0.8027116060256958, 0.18983051180839539, 0.10507286339998245, -0.5554978847503662]
joint_pos=[0.0, 0.0, 0.0, -0.035999998450279236, 0.5400000214576721, 0.0] imu_ang_vel=[-2.0379130840301514, -1.0375992059707642, -0.22584295272827148] imu_quat_wxyz=[0.8084210157394409, 0.17128916084766388, 0.1137063056230545, -0.5515308976173401]
joint_pos=[0.0, 0.0, 0.0, -0.035999998450279236, 0.5400000214576721, 0.0] imu_ang_vel=[-2.0379130840301514, -1.0375992059707642, -0.22584295272827148] imu_quat_wxyz=[0.8084210157394409, 0.17128916084766388, 0.1137063056230545, -0.5515308976173401]
joint_pos=[0.0, 0.0, 0.0, -0.035999998450279236, 0.5400000214576721, 0.0] imu_ang_vel=[-4.163180351257324, -0.16512101888656616, -0.40268224477767944] imu_quat_wxyz=[0.8152559399604797, 0.13184525072574615, 0.1334059238433838, -0.5478844046592712]
joint_pos=[0.0, 0.0, 0.0, -0.035999998450279236, 0.5400000214576721, 0.0] imu_ang_vel=[-4.163180351257324, -0.16512101888656616, -0.40268224477767944] imu_quat_wxyz=[0.8152559399604797, 0.13184525072574615, 0.1334059238433838, -0.5478844046592712]
joint_pos=[0.0, 0.0, 0.0, -0.035999998450279236, 0.5400000214576721, 0.0] imu_ang_vel=[0.6189374923706055, -0.36220094561576843, 0.9811384677886963] imu_quat_wxyz=[0.8223782181739807, 0.11612503230571747, 0.14749738574028015, -0.5370787382125854]
joint_pos=[0.0, 0.0, 0.0, -0.035999998450279236, 0.5400000214576721, 0.0] imu_ang_vel=[0.6189374923706055, -0.36220094561576843, 0.9811384677886963] imu_quat_wxyz=[0.8223782181739807, 0.11612503230571747, 0.14749738574028015, -0.5370787382125854]
joint_pos=[0.0, 0.0, 0.0, -0.035999998450279236, 0.5400000214576721, 0.0] imu_ang_vel=[0.3547438681125641, 0.051134251058101654, -1.949493408203125] imu_quat_wxyz=[0.8128756880760193, 0.11867139488458633, 0.14255017042160034, -0.5521138906478882]
joint_pos=[0.0, 0.0, 0.0, -0.035999998450279236, 0.5400000214576721, 0.0] imu_ang_vel=[0.3547438681125641, 0.051134251058101654, -1.949493408203125] imu_quat_wxyz=[0.8128756880760193, 0.11867139488458633, 0.14255017042160034, -0.5521138906478882]
joint_pos=[0.0, 0.0, 0.0, -0.035999998450279236, 0.5400000214576721, 0.0] imu_ang_vel=[0.5955010056495667, 1.5212440490722656, -2.6472628116607666] imu_quat_wxyz=[0.7780439853668213, 0.1403593122959137, 0.1507795751094818, -0.593474805355072]
joint_pos=[0.0, 0.0, 0.0, -0.035999998450279236, 0.5400000214576721, 0.0] imu_ang_vel=[0.5955010056495667, 1.5212440490722656, -2.6472628116607666] imu_quat_wxyz=[0.7780439853668213, 0.1403593122959137, 0.1507795751094818, -0.593474805355072]
joint_pos=[0.0, 0.0, 0.0, -0.035999998450279236, 0.5400000214576721, 0.0] imu_ang_vel=[-0.02982831373810768, -0.5369096398353577, -0.054330144077539444] imu_quat_wxyz=[0.765237033367157, 0.14118610322475433, 0.13203531503677368, -0.614040195941925]
joint_pos=[0.0, 0.0, 0.0, -0.035999998450279236, 0.5400000214576721, 0.0] imu_ang_vel=[-0.02982831373810768, -0.5369096398353577, -0.054330144077539444] imu_quat_wxyz=[0.765237033367157, 0.14118610322475433, 0.13203531503677368, -0.614040195941925]
joint_pos=[0.0, 0.0, 0.0, -0.035999998450279236, 0.5400000214576721, 0.0] imu_ang_vel=[-1.3262946605682373, -0.4357064366340637, 2.9615254402160645] imu_quat_wxyz=[0.7964308261871338, 0.1275130957365036, 0.12626338005065918, -0.5774908065795898]
joint_pos=[0.0, 0.0, 0.0, -0.035999998450279236, 0.5400000214576721, 0.0] imu_ang_vel=[-1.3262946605682373, -0.4357064366340637, 2.9615254402160645] imu_quat_wxyz=[0.7964308261871338, 0.1275130957365036, 0.12626338005065918, -0.5774908065795898]
joint_pos=[0.0, 0.0, 0.0, -0.035999998450279236, 0.5400000214576721, 0.0] imu_ang_vel=[-1.1345412731170654, -0.8682169914245605, 2.1902503967285156] imu_quat_wxyz=[0.8305642008781433, 0.10529335588216782, 0.12508127093315125, -0.5323824882507324]
joint_pos=[0.0, 0.0, 0.0, -0.035999998450279236, 0.5400000214576721, 0.0] imu_ang_vel=[-1.1345412731170654, -0.8682169914245605, 2.1902503967285156] imu_quat_wxyz=[0.8305642008781433, 0.10529335588216782, 0.12508127093315125, -0.5323824882507324]
joint_pos=[0.0, 0.0, 0.0, -0.035999998450279236, 0.5400000214576721, 0.0] imu_ang_vel=[-0.6018927693367004, -0.29082605242729187, 0.7510343194007874] imu_quat_wxyz=[0.8421230912208557, 0.09068294614553452, 0.13146278262138367, -0.5150948762893677]
joint_pos=[0.0, 0.0, 0.0, -0.035999998450279236, 0.5400000214576721, 0.0] imu_ang_vel=[-0.6018927693367004, -0.29082605242729187, 0.7510343194007874] imu_quat_wxyz=[0.8421230912208557, 0.09068294614553452, 0.13146278262138367, -0.5150948762893677]
joint_pos=[0.0, 0.0, 0.0, -0.035999998450279236, 0.5400000214576721, 0.0] imu_ang_vel=[0.7318589687347412, 0.14807628095149994, -1.636296033859253] imu_quat_wxyz=[0.8303195834159851, 0.09149478375911713, 0.14320699870586395, -0.5307446122169495]
joint_pos=[0.0, 0.0, 0.0, -0.035999998450279236, 0.5400000214576721, 0.0] imu_ang_vel=[0.7318589687347412, 0.14807628095149994, -1.636296033859253] imu_quat_wxyz=[0.8303195834159851, 0.09149478375911713, 0.14320699870586395, -0.5307446122169495]
joint_pos=[0.0, 0.0, 0.0, -0.035999998450279236, 0.5400000214576721, 0.0] imu_ang_vel=[1.0333380699157715, 0.17790459096431732, -2.277604818344116] imu_quat_wxyz=[0.8095899820327759, 0.0996328741312027, 0.14107009768486023, -0.5610138177871704]
joint_pos=[0.0, 0.0, 0.0, -0.035999998450279236, 0.5400000214576721, 0.0] imu_ang_vel=[1.0333380699157715, 0.17790459096431732, -2.277604818344116] imu_quat_wxyz=[0.8095899820327759, 0.0996328741312027, 0.14107009768486023, -0.5610138177871704]
joint_pos=[0.0, 0.0, 0.0, -0.035999998450279236, 0.5400000214576721, 0.0] imu_ang_vel=[0.47831833362579346, 0.09481142461299896, -1.0791457891464233] imu_quat_wxyz=[0.7898470759391785, 0.10938795655965805, 0.1308886855840683, -0.589104413986206]
joint_pos=[0.0, 0.0, 0.0, -0.035999998450279236, 0.5400000214576721, 0.0] imu_ang_vel=[0.47831833362579346, 0.09481142461299896, -1.0791457891464233] imu_quat_wxyz=[0.7898470759391785, 0.10938795655965805, 0.1308886855840683, -0.589104413986206]
joint_pos=[0.0, 0.0, 0.0, -0.035999998450279236, 0.5400000214576721, 0.0] imu_ang_vel=[-0.2950872480869293, -0.08735434710979462, 0.5678032636642456] imu_quat_wxyz=[0.7905156016349792, 0.11052429676055908, 0.12127169221639633, -0.5900530219078064]
joint_pos=[0.0, 0.0, 0.0, -0.035999998450279236, 0.5400000214576721, 0.0] imu_ang_vel=[-0.2950872480869293, -0.08735434710979462, 0.5678032636642456] imu_quat_wxyz=[0.7905156016349792, 0.11052429676055908, 0.12127169221639633, -0.5900530219078064]
joint_pos=[0.0, 0.0, 0.0, -0.035999998450279236, 0.5400000214576721, 0.0] imu_ang_vel=[-0.6104151606559753, -0.20027582347393036, 1.3348170518875122] imu_quat_wxyz=[0.8058690428733826, 0.10324624180793762, 0.1166999340057373, -0.5712236762046814]
joint_pos=[0.0, 0.0, 0.0, -0.035999998450279236, 0.5400000214576721, 0.0] imu_ang_vel=[-0.6104151606559753, -0.20027582347393036, 1.3348170518875122] imu_quat_wxyz=[0.8058690428733826, 0.10324624180793762, 0.1166999340057373, -0.5712236762046814]
joint_pos=[0.0, 0.0, 0.0, -0.035999998450279236, 0.5400000214576721, 0.0] imu_ang_vel=[-1.6245778799057007, -0.2780424952507019, 1.4466732740402222] imu_quat_wxyz=[0.8232031464576721, 0.08424995094537735, 0.11809726804494858, -0.5489001870155334]
joint_pos=[0.0, 0.0, 0.0, -0.035999998450279236, 0.5400000214576721, 0.0] imu_ang_vel=[-1.6245778799057007, -0.2780424952507019, 1.4466732740402222] imu_quat_wxyz=[0.8232031464576721, 0.08424995094537735, 0.11809726804494858, -0.5489001870155334]
joint_pos=[0.0, 0.0, 0.0, -0.035999998450279236, 0.5400000214576721, 0.0] imu_ang_vel=[-1.3870166540145874, -0.0468730665743351, 1.9910399913787842] imu_quat_wxyz=[0.8465578556060791, 0.04975218325853348, 0.13901236653327942, -0.5114098191261292]
joint_pos=[0.0, 0.0, 0.0, -0.035999998450279236, 0.5400000214576721, 0.0] imu_ang_vel=[-1.3870166540145874, -0.0468730665743351, 1.9910399913787842] imu_quat_wxyz=[0.8465578556060791, 0.04975218325853348, 0.13901236653327942, -0.5114098191261292]
joint_pos=[0.0, 0.0, 0.0, -0.035999998450279236, 0.5400000214576721, 0.0] imu_ang_vel=[-1.104712963104248, -0.060721926391124725, 0.7819279432296753] imu_quat_wxyz=[0.8574990630149841, 0.026475442573428154, 0.1533939242362976, -0.49037185311317444]
joint_pos=[0.0, 0.0, 0.0, -0.035999998450279236, 0.5400000214576721, 0.0] imu_ang_vel=[-1.104712963104248, -0.060721926391124725, 0.7819279432296753] imu_quat_wxyz=[0.8574990630149841, 0.026475442573428154, 0.1533939242362976, -0.49037185311317444]
joint_pos=[0.0, 0.0, 0.0, -0.035999998450279236, 0.5400000214576721, 0.0] imu_ang_vel=[-2.3138248920440674, -0.5550196766853333, 2.369220495223999] imu_quat_wxyz=[0.8742454648017883, -0.004853466525673866, 0.16236169636249542, -0.457504004240036]
joint_pos=[0.0, 0.0, 0.0, -0.035999998450279236, 0.5400000214576721, 0.0] imu_ang_vel=[-2.3138248920440674, -0.5550196766853333, 2.369220495223999] imu_quat_wxyz=[0.8742454648017883, -0.004853466525673866, 0.16236169636249542, -0.457504004240036]
joint_pos=[0.0, 0.0, 0.0, -0.035999998450279236, 0.5400000214576721, 0.0] imu_ang_vel=[-5.349921226501465, 0.645569920539856, 5.499063014984131] imu_quat_wxyz=[0.9038297533988953, -0.05415377765893936, 0.20066551864147186, -0.37402185797691345]
joint_pos=[0.0, 0.0, 0.0, -0.035999998450279236, 0.5400000214576721, 0.0] imu_ang_vel=[-5.349921226501465, 0.645569920539856, 5.499063014984131] imu_quat_wxyz=[0.9038297533988953, -0.05415377765893936, 0.20066551864147186, -0.37402185797691345]
joint_pos=[0.0, 0.0, 0.0, -0.035999998450279236, 0.5400000214576721, 0.0] imu_ang_vel=[-6.068996429443359, 0.49962425231933594, 4.445484161376953] imu_quat_wxyz=[0.9164177775382996, -0.1447429358959198, 0.2612498700618744, -0.26641374826431274]
joint_pos=[0.0, 0.0, 0.0, -0.035999998450279236, 0.5400000214576721, 0.0] imu_ang_vel=[-6.068996429443359, 0.49962425231933594, 4.445484161376953] imu_quat_wxyz=[0.9164177775382996, -0.1447429358959198, 0.2612498700618744, -0.26641374826431274]
joint_pos=[0.0, 0.0, 0.0, -0.035999998450279236, 0.5400000214576721, 0.0] imu_ang_vel=[-0.18216577172279358, -0.3302420377731323, -1.7268463373184204] imu_quat_wxyz=[0.9081217646598816, -0.1691226214170456, 0.3001783490180969, -0.23791871964931488]
joint_pos=[0.0, 0.0, 0.0, -0.035999998450279236, 0.5400000214576721, 0.0] imu_ang_vel=[-0.18216577172279358, -0.3302420377731323, -1.7268463373184204] imu_quat_wxyz=[0.9081217646598816, -0.1691226214170456, 0.3001783490180969, -0.23791871964931488]
joint_pos=[0.0, 0.0, 0.0, -0.035999998450279236, 0.5400000214576721, 0.0] imu_ang_vel=[7.087420463562012, 0.3483521044254303, -5.747276782989502] imu_quat_wxyz=[0.8905887007713318, -0.11871980130672455, 0.2756412625312805, -0.34172990918159485]
joint_pos=[0.0, 0.0, 0.0, -0.035999998450279236, 0.5400000214576721, 0.0] imu_ang_vel=[7.087420463562012, 0.3483521044254303, -5.747276782989502] imu_quat_wxyz=[0.8905887007713318, -0.11871980130672455, 0.2756412625312805, -0.34172990918159485]
joint_pos=[0.0, 0.0, 0.0, -0.035999998450279236, 0.5400000214576721, 0.0] imu_ang_vel=[1.360384225845337, 0.3014790415763855, -2.9189136028289795] imu_quat_wxyz=[0.8591962456703186, -0.06430844217538834, 0.23148344457149506, -0.45173171162605286]
joint_pos=[0.0, 0.0, 0.0, -0.035999998450279236, 0.5400000214576721, 0.0] imu_ang_vel=[1.360384225845337, 0.3014790415763855, -2.9189136028289795] imu_quat_wxyz=[0.8591962456703186, -0.06430844217538834, 0.23148344457149506, -0.45173171162605286]
joint_pos=[0.0, 0.0, 0.0, -0.035999998450279236, 0.5400000214576721, 0.0] imu_ang_vel=[-5.322223663330078, -0.8170827627182007, 5.785627841949463] imu_quat_wxyz=[0.8917736411094666, -0.10340569913387299, 0.24090734124183655, -0.36879613995552063]
joint_pos=[0.0, 0.0, 0.0, -0.035999998450279236, 0.5400000214576721, 0.0] imu_ang_vel=[-5.322223663330078, -0.8170827627182007, 5.785627841949463] imu_quat_wxyz=[0.8917736411094666, -0.10340569913387299, 0.24090734124183655, -0.36879613995552063]
joint_pos=[0.0, 0.0, 0.0, -0.035999998450279236, 0.5400000214576721, 0.0] imu_ang_vel=[-3.3290529251098633, -0.38776808977127075, 3.4718027114868164] imu_quat_wxyz=[0.9083008170127869, -0.1677541732788086, 0.28310689330101013, -0.25826042890548706]
joint_pos=[0.0, 0.0, 0.0, -0.035999998450279236, 0.5400000214576721, 0.0] imu_ang_vel=[-3.3290529251098633, -0.38776808977127075, 3.4718027114868164] imu_quat_wxyz=[0.9083008170127869, -0.1677541732788086, 0.28310689330101013, -0.25826042890548706]
joint_pos=[0.0, 0.0, 0.0, -0.035999998450279236, 0.5400000214576721, 0.0] imu_ang_vel=[1.4626526832580566, 0.4122699201107025, -1.9196650981903076] imu_quat_wxyz=[0.9030007719993591, -0.17534293234348297, 0.29680076241493225, -0.25642478466033936]
joint_pos=[0.0, 0.0, 0.0, -0.035999998450279236, 0.5400000214576721, 0.0] imu_ang_vel=[1.4626526832580566, 0.4122699201107025, -1.9196650981903076] imu_quat_wxyz=[0.9030007719993591, -0.17534293234348297, 0.29680076241493225, -0.25642478466033936]
joint_pos=[0.0, 0.0, 0.0, -0.035999998450279236, 0.5400000214576721, 0.0] imu_ang_vel=[2.7708373069763184, 0.57526034116745, -3.363142490386963] imu_quat_wxyz=[0.8898094892501831, -0.13907448947429657, 0.2838509976863861, -0.3291289806365967]
joint_pos=[0.0, 0.0, 0.0, -0.035999998450279236, 0.5400000214576721, 0.0] imu_ang_vel=[2.7708373069763184, 0.57526034116745, -3.363142490386963] imu_quat_wxyz=[0.8898094892501831, -0.13907448947429657, 0.2838509976863861, -0.3291289806365967]
joint_pos=[0.0, 0.0, 0.0, -0.035999998450279236, 0.5400000214576721, 0.0] imu_ang_vel=[1.1324106454849243, 0.16618631780147552, -1.346535325050354] imu_quat_wxyz=[0.8803573846817017, -0.11007986217737198, 0.26524996757507324, -0.3774860203266144]
joint_pos=[0.0, 0.0, 0.0, -0.035999998450279236, 0.5400000214576721, 0.0] imu_ang_vel=[1.1324106454849243, 0.16618631780147552, -1.346535325050354] imu_quat_wxyz=[0.8803573846817017, -0.11007986217737198, 0.26524996757507324, -0.3774860203266144]
joint_pos=[0.0, 0.0, 0.0, -0.035999998450279236, 0.5400000214576721, 0.0] imu_ang_vel=[-0.9491795897483826, 0.01811004802584648, 1.6533408164978027] imu_quat_wxyz=[0.88634192943573, -0.10714218765497208, 0.26592808961868286, -0.3635943531990051]
joint_pos=[0.0, 0.0, 0.0, -0.035999998450279236, 0.5400000214576721, 0.0] imu_ang_vel=[-0.9491795897483826, 0.01811004802584648, 1.6533408164978027] imu_quat_wxyz=[0.88634192943573, -0.10714218765497208, 0.26592808961868286, -0.3635943531990051]
joint_pos=[0.0, 0.0, 0.0, -0.035999998450279236, 0.5400000214576721, 0.0] imu_ang_vel=[-0.9076330065727234, -0.6615493893623352, 2.4842724800109863] imu_quat_wxyz=[0.9016296863555908, -0.11176567524671555, 0.27396538853645325, -0.3154603838920593]
joint_pos=[0.0, 0.0, 0.0, -0.035999998450279236, 0.5400000214576721, 0.0] imu_ang_vel=[-0.9076330065727234, -0.6615493893623352, 2.4842724800109863] imu_quat_wxyz=[0.9016296863555908, -0.11176567524671555, 0.27396538853645325, -0.3154603838920593]
joint_pos=[0.0, 0.0, 0.0, -0.035999998450279236, 0.5400000214576721, 0.0] imu_ang_vel=[-0.7382507920265198, -0.40907400846481323, 0.8319969177246094] imu_quat_wxyz=[0.9099314212799072, -0.12090267241001129, 0.27788642048835754, -0.2831719219684601]
joint_pos=[0.0, 0.0, 0.0, -0.035999998450279236, 0.5400000214576721, 0.0] imu_ang_vel=[-0.7382507920265198, -0.40907400846481323, 0.8319969177246094] imu_quat_wxyz=[0.9099314212799072, -0.12090267241001129, 0.27788642048835754, -0.2831719219684601]
joint_pos=[0.0, 0.0, 0.0, -0.035999998450279236, 0.5400000214576721, 0.0] imu_ang_vel=[0.9438530802726746, -0.024501830339431763, -1.0908640623092651] imu_quat_wxyz=[0.9058733582496643, -0.11932957172393799, 0.2800695300102234, -0.29447388648986816]
joint_pos=[0.0, 0.0, 0.0, -0.035999998450279236, 0.5400000214576721, 0.0] imu_ang_vel=[0.9438530802726746, -0.024501830339431763, -1.0908640623092651] imu_quat_wxyz=[0.9058733582496643, -0.11932957172393799, 0.2800695300102234, -0.29447388648986816]
joint_pos=[0.0, 0.0, 0.0, -0.035999998450279236, 0.5400000214576721, 0.0] imu_ang_vel=[1.8493554592132568, 0.38457220792770386, -2.2232747077941895] imu_quat_wxyz=[0.8962270021438599, -0.09877179563045502, 0.26936841011047363, -0.3383222222328186]
joint_pos=[0.0, 0.0, 0.0, -0.035999998450279236, 0.5400000214576721, 0.0] imu_ang_vel=[1.8493554592132568, 0.38457220792770386, -2.2232747077941895] imu_quat_wxyz=[0.8962270021438599, -0.09877179563045502, 0.26936841011047363, -0.3383222222328186]
joint_pos=[0.0, 0.0, 0.0, -0.035999998450279236, 0.5400000214576721, 0.0] imu_ang_vel=[1.147324800491333, 0.29402196407318115, -1.3582535982131958] imu_quat_wxyz=[0.8962270021438599, -0.09877179563045502, 0.26936841011047363, -0.3383222222328186]
joint_pos=[0.0, 0.0, 0.0, -0.035999998450279236, 0.5400000214576721, 0.0] imu_ang_vel=[1.147324800491333, 0.29402196407318115, -1.3582535982131958] imu_quat_wxyz=[0.8866415619850159, -0.08028922230005264, 0.25292056798934937, -0.3787500560283661]
joint_pos=[0.0, 0.0, 0.0, -0.035999998450279236, 0.5400000214576721, 0.0] imu_ang_vel=[0.2812383770942688, 0.17790459096431732, -0.2950872480869293] imu_quat_wxyz=[0.8866415619850159, -0.08028922230005264, 0.25292056798934937, -0.3787500560283661]
joint_pos=[0.0, 0.0, 0.0, -0.035999998450279236, 0.5400000214576721, 0.0] imu_ang_vel=[0.2812383770942688, 0.17790459096431732, -0.2950872480869293] imu_quat_wxyz=[0.8846875429153442, -0.07349754124879837, 0.24485023319721222, -0.38983896374702454]
joint_pos=[0.0, 0.0, 0.0, -0.035999998450279236, 0.5400000214576721, 0.0] imu_ang_vel=[-1.1622389554977417, 0.011718266643583775, 1.2517238855361938] imu_quat_wxyz=[0.8846875429153442, -0.07349754124879837, 0.24485023319721222, -0.38983896374702454]
joint_pos=[0.0, 0.0, 0.0, -0.035999998450279236, 0.5400000214576721, 0.0] imu_ang_vel=[-1.1622389554977417, 0.011718266643583775, 1.2517238855361938] imu_quat_wxyz=[0.8909226655960083, -0.07710479944944382, 0.24889805912971497, -0.3719695508480072]
joint_pos=[0.0, 0.0, 0.0, -0.035999998450279236, 0.5400000214576721, 0.0] imu_ang_vel=[-2.130593776702881, 0.022371236234903336, 1.3923430442810059] imu_quat_wxyz=[0.8909226655960083, -0.07710479944944382, 0.24889805912971497, -0.3719695508480072]
joint_pos=[0.0, 0.0, 0.0, -0.035999998450279236, 0.5400000214576721, 0.0] imu_ang_vel=[-2.130593776702881, 0.022371236234903336, 1.3923430442810059] imu_quat_wxyz=[0.8989945650100708, -0.10273335129022598, 0.26478418707847595, -0.33338236808776855]
joint_pos=[0.0, 0.0, 0.0, -0.035999998450279236, 0.5400000214576721, 0.0] imu_ang_vel=[-0.25034478306770325, 0.5326484441757202, -0.363266259431839] imu_quat_wxyz=[0.8989945650100708, -0.10273335129022598, 0.26478418707847595, -0.33338236808776855]
joint_pos=[0.0, 0.0, 0.0, -0.035999998450279236, 0.5400000214576721, 0.0] imu_ang_vel=[-0.25034478306770325, 0.5326484441757202, -0.363266259431839] imu_quat_wxyz=[0.8966836333274841, -0.12005653232336044, 0.2839389145374298, -0.31768473982810974]
joint_pos=[0.0, 0.0, 0.0, -0.035999998450279236, 0.5400000214576721, 0.0] imu_ang_vel=[2.034717082977295, 0.645569920539856, -2.699462413787842] imu_quat_wxyz=[0.8966836333274841, -0.12005653232336044, 0.2839389145374298, -0.31768473982810974]
joint_pos=[0.0, 0.0, 0.0, -0.035999998450279236, 0.5400000214576721, 0.0] imu_ang_vel=[2.034717082977295, 0.645569920539856, -2.699462413787842] imu_quat_wxyz=[0.8830757737159729, -0.10597576946020126, 0.28390324115753174, -0.3582531213760376]
joint_pos=[0.0, 0.0, 0.0, -0.035999998450279236, 0.5400000214576721, 0.0] imu_ang_vel=[0.15659864246845245, 0.38776808977127075, -1.2410709857940674] imu_quat_wxyz=[0.8830757737159729, -0.10597576946020126, 0.28390324115753174, -0.3582531213760376]
joint_pos=[0.0, 0.0, 0.0, -0.035999998450279236, 0.5400000214576721, 0.0] imu_ang_vel=[0.15659864246845245, 0.38776808977127075, -1.2410709857940674] imu_quat_wxyz=[0.8726956844329834, -0.08530934154987335, 0.2758461534976959, -0.3937426507472992]
joint_pos=[0.0, 0.0, 0.0, -0.035999998450279236, 0.5400000214576721, 0.0] imu_ang_vel=[-1.1270841360092163, -0.05219954997301102, 1.107908844947815] imu_quat_wxyz=[0.8726956844329834, -0.08530934154987335, 0.2758461534976959, -0.3937426507472992]
joint_pos=[0.0, 0.0, 0.0, -0.035999998450279236, 0.5400000214576721, 0.0] imu_ang_vel=[-1.1270841360092163, -0.05219954997301102, 1.107908844947815] imu_quat_wxyz=[0.8749091029167175, -0.09707307815551758, 0.2859978973865509, -0.37857088446617126]
joint_pos=[0.0, 0.0, 0.0, -0.035999998450279236, 0.5400000214576721, 0.0] imu_ang_vel=[-0.8213439583778381, -0.4772530198097229, 0.8575640320777893] imu_quat_wxyz=[0.8749091029167175, -0.09707307815551758, 0.2859978973865509, -0.37857088446617126]
joint_pos=[0.0, 0.0, 0.0, -0.035999998450279236, 0.5400000214576721, 0.0] imu_ang_vel=[-0.8213439583778381, -0.4772530198097229, 0.8575640320777893] imu_quat_wxyz=[0.8826003670692444, -0.1126491129398346, 0.2881621718406677, -0.3539622128009796]
joint_pos=[0.0, 0.0, 0.0, -0.035999998450279236, 0.5400000214576721, 0.0] imu_ang_vel=[0.1693822145462036, -0.385637491941452, -0.20240642130374908] imu_quat_wxyz=[0.8826003670692444, -0.1126491129398346, 0.2881621718406677, -0.3539622128009796]
joint_pos=[0.0, 0.0, 0.0, -0.035999998450279236, 0.5400000214576721, 0.0] imu_ang_vel=[0.1693822145462036, -0.385637491941452, -0.20240642130374908] imu_quat_wxyz=[0.8821519017219543, -0.12078621983528137, 0.28157731890678406, -0.35767698287963867]
joint_pos=[0.0, 0.0, 0.0, -0.035999998450279236, 0.5400000214576721, 0.0] imu_ang_vel=[-0.23330003023147583, -0.45275118947029114, 0.2162552773952484] imu_quat_wxyz=[0.8821519017219543, -0.12078621983528137, 0.28157731890678406, -0.35767698287963867]
joint_pos=[0.0, 0.0, 0.0, -0.035999998450279236, 0.5400000214576721, 0.0] imu_ang_vel=[-0.23330003023147583, -0.45275118947029114, 0.2162552773952484] imu_quat_wxyz=[0.8782999515533447, -0.12867696583271027, 0.26981857419013977, -0.37313446402549744]
joint_pos=[0.0, 0.0, 0.0, -0.035999998450279236, 0.5400000214576721, 0.0] imu_ang_vel=[-0.8085603713989258, -0.46340417861938477, 0.965158998966217] imu_quat_wxyz=[0.8782999515533447, -0.12867696583271027, 0.26981857419013977, -0.37313446402549744]
joint_pos=[0.0, 0.0, 0.0, -0.035999998450279236, 0.5400000214576721, 0.0] imu_ang_vel=[-0.8085603713989258, -0.46340417861938477, 0.965158998966217] imu_quat_wxyz=[0.8763757348060608, -0.1451359987258911, 0.2648138403892517, -0.3751993775367737]
joint_pos=[0.0, 0.0, 0.0, -0.035999998450279236, 0.5400000214576721, 0.0] imu_ang_vel=[-0.2929566502571106, -0.1960146427154541, 0.7520996332168579] imu_quat_wxyz=[0.8763757348060608, -0.1451359987258911, 0.2648138403892517, -0.3751993775367737]
joint_pos=[0.0, 0.0, 0.0, -0.035999998450279236, 0.5400000214576721, 0.0] imu_ang_vel=[-0.2929566502571106, -0.1960146427154541, 0.7520996332168579] imu_quat_wxyz=[0.8719116449356079, -0.1563931554555893, 0.26362740993499756, -0.3818530738353729]
joint_pos=[0.0, 0.0, 0.0, -0.035999998450279236, 0.5400000214576721, 0.0] imu_ang_vel=[0.779797375202179, -0.04154657945036888, -0.19707992672920227] imu_quat_wxyz=[0.8719116449356079, -0.1563931554555893, 0.26362740993499756, -0.3818530738353729]
joint_pos=[0.0, 0.0, 0.0, -0.035999998450279236, 0.5400000214576721, 0.0] imu_ang_vel=[0.779797375202179, -0.04154657945036888, -0.19707992672920227] imu_quat_wxyz=[0.8639634251594543, -0.1518431454896927, 0.2590443193912506, -0.40423592925071716]
joint_pos=[0.0, 0.0, 0.0, -0.035999998450279236, 0.5400000214576721, 0.0] imu_ang_vel=[0.3867027759552002, -0.252475380897522, -0.1672516167163849] imu_quat_wxyz=[0.8639634251594543, -0.1518431454896927, 0.2590443193912506, -0.40423592925071716]
joint_pos=[0.0, 0.0, 0.0, -0.035999998450279236, 0.5400000214576721, 0.0] imu_ang_vel=[0.3867027759552002, -0.252475380897522, -0.1672516167163849] imu_quat_wxyz=[0.8542851209640503, -0.1396116018295288, 0.24780145287513733, -0.43508613109588623]
joint_pos=[0.0, 0.0, 0.0, -0.035999998450279236, 0.5400000214576721, 0.0] imu_ang_vel=[-0.49323248863220215, -0.4420982301235199, 0.6477005481719971] imu_quat_wxyz=[0.8542851209640503, -0.1396116018295288, 0.24780145287513733, -0.43508613109588623]
joint_pos=[0.0, 0.0, 0.0, -0.035999998450279236, 0.5400000214576721, 0.0] imu_ang_vel=[-0.49323248863220215, -0.4420982301235199, 0.6477005481719971] imu_quat_wxyz=[0.8500341176986694, -0.13803237676620483, 0.2457350790500641, -0.4449755549430847]
joint_pos=[0.0, 0.0, 0.0, -0.035999998450279236, 0.5400000214576721, 0.0] imu_ang_vel=[-0.49323248863220215, -0.4420982301235199, 0.6477005481719971] imu_quat_wxyz=[0.8500341176986694, -0.13803237676620483, 0.2457350790500641, -0.4449755549430847]
joint_pos=[0.0, 0.0, 0.0, -0.035999998450279236, 0.5400000214576721, 0.0] imu_ang_vel=[-0.5187996029853821, -0.42611876130104065, 0.9150900840759277] imu_quat_wxyz=[0.8486868143081665, -0.14004534482955933, 0.24985827505588531, -0.4446219503879547]
joint_pos=[0.0, 0.0, 0.0, -0.035999998450279236, 0.5400000214576721, 0.0] imu_ang_vel=[-0.5187996029853821, -0.42611876130104065, 0.9150900840759277] imu_quat_wxyz=[0.8486868143081665, -0.14004534482955933, 0.24985827505588531, -0.4446219503879547]
joint_pos=[0.0, 0.0, 0.0, -0.035999998450279236, 0.5400000214576721, 0.0] imu_ang_vel=[0.5028201341629028, -0.21518997848033905, 0.05326484516263008] imu_quat_wxyz=[0.8439399003982544, -0.134643092751503, 0.254802942276001, -0.45245108008384705]
joint_pos=[0.0, 0.0, 0.0, -0.035999998450279236, 0.5400000214576721, 0.0] imu_ang_vel=[0.5028201341629028, -0.21518997848033905, 0.05326484516263008] imu_quat_wxyz=[0.8439399003982544, -0.134643092751503, 0.254802942276001, -0.45245108008384705]
joint_pos=[0.0, 0.0, 0.0, -0.035999998450279236, 0.5400000214576721, 0.0] imu_ang_vel=[1.1686307191848755, -0.12250914424657822, -0.8202786445617676] imu_quat_wxyz=[0.833179235458374, -0.11625543236732483, 0.24710819125175476, -0.48086848855018616]
joint_pos=[0.0, 0.0, 0.0, -0.035999998450279236, 0.5400000214576721, 0.0] imu_ang_vel=[1.1686307191848755, -0.12250914424657822, -0.8202786445617676] imu_quat_wxyz=[0.833179235458374, -0.11625543236732483, 0.24710819125175476, -0.48086848855018616]
joint_pos=[0.0, 0.0, 0.0, -0.035999998450279236, 0.5400000214576721, 0.0] imu_ang_vel=[1.1217576265335083, 0.14701098203659058, -1.0844722986221313] imu_quat_wxyz=[0.8184959888458252, -0.0976017639040947, 0.23786461353302002, -0.5137691497802734]
joint_pos=[0.0, 0.0, 0.0, -0.035999998450279236, 0.5400000214576721, 0.0] imu_ang_vel=[1.1217576265335083, 0.14701098203659058, -1.0844722986221313] imu_quat_wxyz=[0.8184959888458252, -0.0976017639040947, 0.23786461353302002, -0.5137691497802734]
joint_pos=[0.0, 0.0, 0.0, -0.035999998450279236, 0.5400000214576721, 0.0] imu_ang_vel=[1.0365339517593384, -0.3973557651042938, -0.7467731237411499] imu_quat_wxyz=[0.8090503215789795, -0.0861305296421051, 0.22929351031780243, -0.5342691540718079]
joint_pos=[0.0, 0.0, 0.0, -0.035999998450279236, 0.5400000214576721, 0.0] imu_ang_vel=[1.0365339517593384, -0.3973557651042938, -0.7467731237411499] imu_quat_wxyz=[0.8090503215789795, -0.0861305296421051, 0.22929351031780243, -0.5342691540718079]
joint_pos=[0.0, 0.0, 0.0, -0.035999998450279236, 0.5400000214576721, 0.0] imu_ang_vel=[0.5177342891693115, 0.024501830339431763, -1.1462595462799072] imu_quat_wxyz=[0.8005062937736511, -0.07352205365896225, 0.219058096408844, -0.5529898405075073]
joint_pos=[0.0, 0.0, 0.0, -0.035999998450279236, 0.5400000214576721, 0.0] imu_ang_vel=[0.5177342891693115, 0.024501830339431763, -1.1462595462799072] imu_quat_wxyz=[0.8005062937736511, -0.07352205365896225, 0.219058096408844, -0.5529898405075073]
joint_pos=[0.0, 0.0, 0.0, -0.035999998450279236, 0.5400000214576721, 0.0] imu_ang_vel=[3.325856924057007, 0.5880439281463623, -2.3660244941711426] imu_quat_wxyz=[0.7868716716766357, -0.03712980076670647, 0.21617373824119568, -0.5768217444419861]
joint_pos=[0.0, 0.0, 0.0, -0.035999998450279236, 0.5400000214576721, 0.0] imu_ang_vel=[3.325856924057007, 0.5880439281463623, -2.3660244941711426] imu_quat_wxyz=[0.7868716716766357, -0.03712980076670647, 0.21617373824119568, -0.5768217444419861]
joint_pos=[0.0, 0.0, 0.0, -0.035999998450279236, 0.5400000214576721, 0.0] imu_ang_vel=[3.925619125366211, 0.8596946001052856, -5.6407470703125] imu_quat_wxyz=[0.7397856116294861, 0.03189466893672943, 0.19394926726818085, -0.6434933543205261]
joint_pos=[0.0, 0.0, 0.0, -0.035999998450279236, 0.5400000214576721, 0.0] imu_ang_vel=[3.925619125366211, 0.8596946001052856, -5.6407470703125] imu_quat_wxyz=[0.7397856116294861, 0.03189466893672943, 0.19394926726818085, -0.6434933543205261]
joint_pos=[0.0, 0.0, 0.0, -0.035999998450279236, 0.5400000214576721, 0.0] imu_ang_vel=[1.6299042701721191, 0.6658105850219727, -3.823350667953491] imu_quat_wxyz=[0.6848206520080566, 0.07171972095966339, 0.1773652583360672, -0.7031489610671997]
joint_pos=[0.0, 0.0, 0.0, -0.035999998450279236, 0.5400000214576721, 0.0] imu_ang_vel=[1.6299042701721191, 0.6658105850219727, -3.823350667953491] imu_quat_wxyz=[0.6848206520080566, 0.07171972095966339, 0.1773652583360672, -0.7031489610671997]
joint_pos=[0.0, 0.0, 0.0, -0.035999998450279236, 0.5400000214576721, 0.0] imu_ang_vel=[-0.6796594262123108, -0.0703095942735672, 1.2325485944747925] imu_quat_wxyz=[0.6925416588783264, 0.0800938606262207, 0.17050686478614807, -0.6963464617729187]
joint_pos=[0.0, 0.0, 0.0, -0.035999998450279236, 0.5400000214576721, 0.0] imu_ang_vel=[-0.6796594262123108, -0.0703095942735672, 1.2325485944747925] imu_quat_wxyz=[0.6925416588783264, 0.0800938606262207, 0.17050686478614807, -0.6963464617729187]
joint_pos=[0.0, 0.0, 0.0, -0.035999998450279236, 0.5400000214576721, 0.0] imu_ang_vel=[-1.8365719318389893, -0.5092119574546814, 3.754106283187866] imu_quat_wxyz=[0.7502062320709229, 0.06392296403646469, 0.18345506489276886, -0.6320194005966187]
joint_pos=[0.0, 0.0, 0.0, -0.035999998450279236, 0.5400000214576721, 0.0] imu_ang_vel=[-1.8365719318389893, -0.5092119574546814, 3.754106283187866] imu_quat_wxyz=[0.7502062320709229, 0.06392296403646469, 0.18345506489276886, -0.6320194005966187]
joint_pos=[0.0, 0.0, 0.0, -0.035999998450279236, 0.5400000214576721, 0.0] imu_ang_vel=[-1.181414246559143, -0.20134112238883972, 2.4097015857696533] imu_quat_wxyz=[0.7948410511016846, 0.047609876841306686, 0.20557944476604462, -0.5689446926116943]
joint_pos=[0.0, 0.0, 0.0, -0.035999998450279236, 0.5400000214576721, 0.0] imu_ang_vel=[-1.181414246559143, -0.20134112238883972, 2.4097015857696533] imu_quat_wxyz=[0.7948410511016846, 0.047609876841306686, 0.20557944476604462, -0.5689446926116943]
joint_pos=[0.0, 0.0, 0.0, -0.035999998450279236, 0.5400000214576721, 0.0] imu_ang_vel=[0.07563608139753342, 0.15127216279506683, -0.31106671690940857] imu_quat_wxyz=[0.8047894835472107, 0.04819321632385254, 0.22074612975120544, -0.5488736629486084]
joint_pos=[0.0, 0.0, 0.0, -0.035999998450279236, 0.5400000214576721, 0.0] imu_ang_vel=[0.07563608139753342, 0.15127216279506683, -0.31106671690940857] imu_quat_wxyz=[0.8047894835472107, 0.04819321632385254, 0.22074612975120544, -0.5488736629486084]
joint_pos=[0.0, 0.0, 0.0, -0.035999998450279236, 0.5400000214576721, 0.0] imu_ang_vel=[0.6668758988380432, 0.16618631780147552, -1.748152256011963] imu_quat_wxyz=[0.7910288572311401, 0.052574433386325836, 0.22723723948001862, -0.5655727386474609]
joint_pos=[0.0, 0.0, 0.0, -0.035999998450279236, 0.5400000214576721, 0.0] imu_ang_vel=[0.6668758988380432, 0.16618631780147552, -1.748152256011963] imu_quat_wxyz=[0.7910288572311401, 0.052574433386325836, 0.22723723948001862, -0.5655727386474609]
joint_pos=[0.0, 0.0, 0.0, -0.035999998450279236, 0.5400000214576721, 0.0] imu_ang_vel=[0.4474247097969055, 0.16299043595790863, -1.1792837381362915] imu_quat_wxyz=[0.7768558859825134, 0.057480338960886, 0.22541137039661407, -0.5851330161094666]
joint_pos=[0.0, 0.0, 0.0, -0.035999998450279236, 0.5400000214576721, 0.0] imu_ang_vel=[0.4474247097969055, 0.16299043595790863, -1.1792837381362915] imu_quat_wxyz=[0.7768558859825134, 0.057480338960886, 0.22541137039661407, -0.5851330161094666]
joint_pos=[0.0, 0.0, 0.0, -0.035999998450279236, 0.5400000214576721, 0.0] imu_ang_vel=[-0.16512101888656616, 0.0, 0.05646073818206787] imu_quat_wxyz=[0.7752410769462585, 0.055157698690891266, 0.22172679007053375, -0.5888938903808594]
joint_pos=[0.0, 0.0, 0.0, -0.035999998450279236, 0.5400000214576721, 0.0] imu_ang_vel=[-0.16512101888656616, 0.0, 0.05646073818206787] imu_quat_wxyz=[0.7752410769462585, 0.055157698690891266, 0.22172679007053375, -0.5888938903808594]
joint_pos=[0.0, 0.0, 0.0, -0.035999998450279236, 0.5400000214576721, 0.0] imu_ang_vel=[-0.3313073515892029, -0.03195890784263611, 0.3771151006221771] imu_quat_wxyz=[0.7820736765861511, 0.04689696803689003, 0.21922056376934052, -0.5814669728279114]
joint_pos=[0.0, 0.0, 0.0, -0.035999998450279236, 0.5400000214576721, 0.0] imu_ang_vel=[-0.3313073515892029, -0.03195890784263611, 0.3771151006221771] imu_quat_wxyz=[0.7820736765861511, 0.04689696803689003, 0.21922056376934052, -0.5814669728279114]
joint_pos=[0.0, 0.0, 0.0, -0.035999998450279236, 0.5400000214576721, 0.0] imu_ang_vel=[0.01491415686905384, 0.13316211104393005, -0.38244161009788513] imu_quat_wxyz=[0.7828696370124817, 0.041381675750017166, 0.21683411300182343, -0.5817092657089233]
joint_pos=[0.0, 0.0, 0.0, -0.035999998450279236, 0.5400000214576721, 0.0] imu_ang_vel=[0.01491415686905384, 0.13316211104393005, -0.38244161009788513] imu_quat_wxyz=[0.7828696370124817, 0.041381675750017166, 0.21683411300182343, -0.5817092657089233]
joint_pos=[0.0, 0.0, 0.0, -0.035999998450279236, 0.5400000214576721, 0.0] imu_ang_vel=[0.2279735505580902, 0.2514100670814514, -0.7776667475700378] imu_quat_wxyz=[0.7765828967094421, 0.042306698858737946, 0.21227405965328217, -0.5916662216186523]
joint_pos=[0.0, 0.0, 0.0, -0.035999998450279236, 0.5400000214576721, 0.0] imu_ang_vel=[0.2279735505580902, 0.2514100670814514, -0.7776667475700378] imu_quat_wxyz=[0.7765828967094421, 0.042306698858737946, 0.21227405965328217, -0.5916662216186523]
joint_pos=[0.0, 0.0, 0.0, -0.035999998450279236, 0.5400000214576721, 0.0] imu_ang_vel=[-0.027697719633579254, 0.17790459096431732, -0.2428877055644989] imu_quat_wxyz=[0.7732467651367188, 0.04415884241461754, 0.2079472839832306, -0.5974088907241821]
joint_pos=[0.0, 0.0, 0.0, -0.035999998450279236, 0.5400000214576721, 0.0] imu_ang_vel=[-0.027697719633579254, 0.17790459096431732, -0.2428877055644989] imu_quat_wxyz=[0.7732467651367188, 0.04415884241461754, 0.2079472839832306, -0.5974088907241821]
joint_pos=[0.0, 0.0, 0.0, -0.035999998450279236, 0.5400000214576721, 0.0] imu_ang_vel=[-0.4687306582927704, 0.025567125529050827, 0.7318589687347412] imu_quat_wxyz=[0.7809650301933289, 0.04163975268602371, 0.2085302174091339, -0.5872605443000793]
joint_pos=[0.0, 0.0, 0.0, -0.035999998450279236, 0.5400000214576721, 0.0] imu_ang_vel=[-0.4687306582927704, 0.025567125529050827, 0.7318589687347412] imu_quat_wxyz=[0.7809650301933289, 0.04163975268602371, 0.2085302174091339, -0.5872605443000793]
joint_pos=[0.0, 0.0, 0.0, -0.035999998450279236, 0.5400000214576721, 0.0] imu_ang_vel=[-0.474057137966156, 0.0, 0.7584913969039917] imu_quat_wxyz=[0.7917662262916565, 0.03580712899565697, 0.2164754718542099, -0.5700548887252808]
joint_pos=[0.0, 0.0, 0.0, -0.035999998450279236, 0.5400000214576721, 0.0] imu_ang_vel=[-0.474057137966156, 0.0, 0.7584913969039917] imu_quat_wxyz=[0.7917662262916565, 0.03580712899565697, 0.2164754718542099, -0.5700548887252808]
joint_pos=[0.0, 0.0, 0.0, -0.035999998450279236, 0.5400000214576721, 0.0] imu_ang_vel=[0.02663242258131504, 0.07457078248262405, -0.1491415649652481] imu_quat_wxyz=[0.7924135327339172, 0.03387203812599182, 0.222303569316864, -0.5670225620269775]
joint_pos=[0.0, 0.0, 0.0, -0.035999998450279236, 0.5400000214576721, 0.0] imu_ang_vel=[0.02663242258131504, 0.07457078248262405, -0.1491415649652481] imu_quat_wxyz=[0.7924135327339172, 0.03387203812599182, 0.222303569316864, -0.5670225620269775]
joint_pos=[0.0, 0.0, 0.0, -0.035999998450279236, 0.5400000214576721, 0.0] imu_ang_vel=[0.40587812662124634, 0.11611736565828323, -0.844780445098877] imu_quat_wxyz=[0.7851818799972534, 0.036020729690790176, 0.22436878085136414, -0.5760647058486938]
joint_pos=[0.0, 0.0, 0.0, -0.035999998450279236, 0.5400000214576721, 0.0] imu_ang_vel=[0.40587812662124634, 0.11611736565828323, -0.844780445098877] imu_quat_wxyz=[0.7851818799972534, 0.036020729690790176, 0.22436878085136414, -0.5760647058486938]
joint_pos=[0.0, 0.0, 0.0, -0.035999998450279236, 0.5400000214576721, 0.0] imu_ang_vel=[0.39629045128822327, 0.06924430280923843, -0.743577241897583] imu_quat_wxyz=[0.777212381362915, 0.04093501344323158, 0.2200944572687149, -0.5880676507949829]
joint_pos=[0.0, 0.0, 0.0, -0.035999998450279236, 0.5400000214576721, 0.0] imu_ang_vel=[0.39629045128822327, 0.06924430280923843, -0.743577241897583] imu_quat_wxyz=[0.777212381362915, 0.04093501344323158, 0.2200944572687149, -0.5880676507949829]
joint_pos=[0.0, 0.0, 0.0, -0.035999998450279236, 0.5400000214576721, 0.0] imu_ang_vel=[0.21732057631015778, -0.03195890784263611, -0.30893611907958984] imu_quat_wxyz=[0.7745293378829956, 0.04385816305875778, 0.21346209943294525, -0.5938135981559753]
joint_pos=[0.0, 0.0, 0.0, -0.035999998450279236, 0.5400000214576721, 0.0] imu_ang_vel=[0.21732057631015778, -0.03195890784263611, -0.30893611907958984] imu_quat_wxyz=[0.7745293378829956, 0.04385816305875778, 0.21346209943294525, -0.5938135981559753]
joint_pos=[0.0, 0.0, 0.0, -0.035999998450279236, 0.5400000214576721, 0.0] imu_ang_vel=[0.09161553531885147, -0.049003660678863525, -0.06498311460018158] imu_quat_wxyz=[0.7760311961174011, 0.04331338033080101, 0.20903067290782928, -0.5934691429138184]
joint_pos=[0.0, 0.0, 0.0, -0.035999998450279236, 0.5400000214576721, 0.0] imu_ang_vel=[0.09161553531885147, -0.049003660678863525, -0.06498311460018158] imu_quat_wxyz=[0.7760311961174011, 0.04331338033080101, 0.20903067290782928, -0.5934691429138184]
joint_pos=[0.0, 0.0, 0.0, -0.035999998450279236, 0.5400000214576721, 0.0] imu_ang_vel=[0.2982831299304962, 0.0351547971367836, -0.4420982301235199] imu_quat_wxyz=[0.7746204137802124, 0.0424748957157135, 0.20535647869110107, -0.5966469645500183]
joint_pos=[0.0, 0.0, 0.0, -0.035999998450279236, 0.5400000214576721, 0.0] imu_ang_vel=[0.2982831299304962, 0.0351547971367836, -0.4420982301235199] imu_quat_wxyz=[0.7746204137802124, 0.0424748957157135, 0.20535647869110107, -0.5966469645500183]
joint_pos=[0.0, 0.0, 0.0, -0.035999998450279236, 0.5400000214576721, 0.0] imu_ang_vel=[0.3803110122680664, 0.09694202244281769, -0.45275118947029114] imu_quat_wxyz=[0.7715492844581604, 0.046721771359443665, 0.20029763877391815, -0.6020047068595886]
joint_pos=[0.0, 0.0, 0.0, -0.035999998450279236, 0.5400000214576721, 0.0] imu_ang_vel=[0.3803110122680664, 0.09694202244281769, -0.45275118947029114] imu_quat_wxyz=[0.7715492844581604, 0.046721771359443665, 0.20029763877391815, -0.6020047068595886]
joint_pos=[0.0, 0.0, 0.0, -0.035999998450279236, 0.5400000214576721, 0.0] imu_ang_vel=[0.024501830339431763, -0.017044750973582268, 0.19175344705581665] imu_quat_wxyz=[0.7733179926872253, 0.04829186201095581, 0.1966625154018402, -0.6008086204528809]
joint_pos=[0.0, 0.0, 0.0, -0.035999998450279236, 0.5400000214576721, 0.0] imu_ang_vel=[0.024501830339431763, -0.017044750973582268, 0.19175344705581665] imu_quat_wxyz=[0.7733179926872253, 0.04829186201095581, 0.1966625154018402, -0.6008086204528809]
joint_pos=[0.0, 0.0, 0.0, -0.035999998450279236, 0.5400000214576721, 0.0] imu_ang_vel=[0.3515479862689972, 0.06285251677036285, 0.5518237948417664] imu_quat_wxyz=[0.7805488705635071, 0.050156816840171814, 0.19748741388320923, -0.5909538865089417]
joint_pos=[0.0, 0.0, 0.0, -0.035999998450279236, 0.5400000214576721, 0.0] imu_ang_vel=[0.3515479862689972, 0.06285251677036285, 0.5518237948417664] imu_quat_wxyz=[0.7805488705635071, 0.050156816840171814, 0.19748741388320923, -0.5909538865089417]
joint_pos=[0.0, 0.0, 0.0, -0.035999998450279236, 0.5400000214576721, 0.0] imu_ang_vel=[0.14807628095149994, -0.051134251058101654, 0.011718266643583775] imu_quat_wxyz=[0.783905029296875, 0.05126560106873512, 0.19955824315547943, -0.5856970548629761]
joint_pos=[0.0, 0.0, 0.0, -0.035999998450279236, 0.5400000214576721, 0.0] imu_ang_vel=[0.14807628095149994, -0.051134251058101654, 0.011718266643583775] imu_quat_wxyz=[0.783905029296875, 0.05126560106873512, 0.19955824315547943, -0.5856970548629761]
joint_pos=[0.0, 0.0, 0.0, -0.035999998450279236, 0.5400000214576721, 0.0] imu_ang_vel=[0.3771151006221771, -0.027697719633579254, -0.47299185395240784] imu_quat_wxyz=[0.781008780002594, 0.052645206451416016, 0.20062385499477386, -0.5890702605247498]
joint_pos=[0.0, 0.0, 0.0, -0.035999998450279236, 0.5400000214576721, 0.0] imu_ang_vel=[0.3771151006221771, -0.027697719633579254, -0.47299185395240784] imu_quat_wxyz=[0.781008780002594, 0.052645206451416016, 0.20062385499477386, -0.5890702605247498]
joint_pos=[0.0, 0.0, 0.0, -0.035999998450279236, 0.5400000214576721, 0.0] imu_ang_vel=[0.3781804144382477, -0.06391781568527222, -0.474057137966156] imu_quat_wxyz=[0.7760984301567078, 0.05462834611535072, 0.197675883769989, -0.5963315367698669]
joint_pos=[0.0, 0.0, 0.0, -0.035999998450279236, 0.5400000214576721, 0.0] imu_ang_vel=[0.3781804144382477, -0.06391781568527222, -0.474057137966156] imu_quat_wxyz=[0.7760984301567078, 0.05462834611535072, 0.197675883769989, -0.5963315367698669]
joint_pos=[0.0, 0.0, 0.0, -0.035999998450279236, 0.5400000214576721, 0.0] imu_ang_vel=[0.26845481991767883, -0.10439909994602203, -0.24501828849315643] imu_quat_wxyz=[0.7744224071502686, 0.054823700338602066, 0.19279421865940094, -0.6000788807868958]
joint_pos=[0.0, 0.0, 0.0, -0.035999998450279236, 0.5400000214576721, 0.0] imu_ang_vel=[0.26845481991767883, -0.10439909994602203, -0.24501828849315643] imu_quat_wxyz=[0.7744224071502686, 0.054823700338602066, 0.19279421865940094, -0.6000788807868958]
joint_pos=[0.0, 0.0, 0.0, -0.035999998450279236, 0.5400000214576721, 0.0] imu_ang_vel=[0.25567126274108887, -0.07883197069168091, -0.26738953590393066] imu_quat_wxyz=[0.7738659381866455, 0.0537494532763958, 0.18799203634262085, -0.6024131178855896]
joint_pos=[0.0, 0.0, 0.0, -0.035999998450279236, 0.5400000214576721, 0.0] imu_ang_vel=[0.25567126274108887, -0.07883197069168091, -0.26738953590393066] imu_quat_wxyz=[0.7738659381866455, 0.0537494532763958, 0.18799203634262085, -0.6024131178855896]
joint_pos=[0.0, 0.0, 0.0, -0.035999998450279236, 0.5400000214576721, 0.0] imu_ang_vel=[0.2578018605709076, -0.027697719633579254, -0.31106671690940857] imu_quat_wxyz=[0.7725406885147095, 0.05333176255226135, 0.18363730609416962, -0.6054865121841431]
joint_pos=[0.0, 0.0, 0.0, -0.035999998450279236, 0.5400000214576721, 0.0] imu_ang_vel=[0.2578018605709076, -0.027697719633579254, -0.31106671690940857] imu_quat_wxyz=[0.7725406885147095, 0.05333176255226135, 0.18363730609416962, -0.6054865121841431]
joint_pos=[0.0, 0.0, 0.0, -0.035999998450279236, 0.5400000214576721, 0.0] imu_ang_vel=[0.12357444316148758, -0.02343653328716755, -0.07244019210338593] imu_quat_wxyz=[0.7728379964828491, 0.053248561918735504, 0.18055176734924316, -0.6060420274734497]
joint_pos=[0.0, 0.0, 0.0, -0.035999998450279236, 0.5400000214576721, 0.0] imu_ang_vel=[0.12357444316148758, -0.02343653328716755, -0.07244019210338593] imu_quat_wxyz=[0.7728379964828491, 0.053248561918735504, 0.18055176734924316, -0.6060420274734497]
joint_pos=[0.0, 0.0, 0.0, -0.035999998450279236, 0.5400000214576721, 0.0] imu_ang_vel=[-0.06285251677036285, -0.06498311460018158, 0.26738953590393066] imu_quat_wxyz=[0.7770376205444336, 0.051726505160331726, 0.1800968199968338, -0.6009175777435303]
joint_pos=[0.0, 0.0, 0.0, -0.035999998450279236, 0.5400000214576721, 0.0] imu_ang_vel=[-0.06285251677036285, -0.06498311460018158, 0.26738953590393066] imu_quat_wxyz=[0.7770376205444336, 0.051726505160331726, 0.1800968199968338, -0.6009175777435303]
joint_pos=[0.0, 0.0, 0.0, -0.035999998450279236, 0.5400000214576721, 0.0] imu_ang_vel=[-0.015979453921318054, -0.08309315890073776, 0.5486279129981995] imu_quat_wxyz=[0.7845202684402466, 0.05289056897163391, 0.18096138536930084, -0.5907480716705322]
joint_pos=[0.0, 0.0, 0.0, -0.035999998450279236, 0.5400000214576721, 0.0] imu_ang_vel=[-0.015979453921318054, -0.08309315890073776, 0.5486279129981995] imu_quat_wxyz=[0.7845202684402466, 0.05289056897163391, 0.18096138536930084, -0.5907480716705322]
joint_pos=[0.0, 0.0, 0.0, -0.035999998450279236, 0.5400000214576721, 0.0] imu_ang_vel=[-0.04048128426074982, -0.07776667922735214, 0.15340276062488556] imu_quat_wxyz=[0.7897711992263794, 0.04912206903100014, 0.18499717116355896, -0.5827730298042297]
joint_pos=[0.0, 0.0, 0.0, -0.035999998450279236, 0.5400000214576721, 0.0] imu_ang_vel=[-0.04048128426074982, -0.07776667922735214, 0.15340276062488556] imu_quat_wxyz=[0.7897711992263794, 0.04912206903100014, 0.18499717116355896, -0.5827730298042297]
joint_pos=[0.0, 0.0, 0.0, -0.035999998450279236, 0.5400000214576721, 0.0] imu_ang_vel=[0.16192513704299927, -0.024501830339431763, -0.3771151006221771] imu_quat_wxyz=[0.787697970867157, 0.047197114676237106, 0.18710583448410034, -0.5850604772567749]
joint_pos=[0.0, 0.0, 0.0, -0.035999998450279236, 0.5400000214576721, 0.0] imu_ang_vel=[0.16192513704299927, -0.024501830339431763, -0.3771151006221771] imu_quat_wxyz=[0.787697970867157, 0.047197114676237106, 0.18710583448410034, -0.5850604772567749]
joint_pos=[0.0, 0.0, 0.0, -0.035999998450279236, 0.5400000214576721, 0.0] imu_ang_vel=[0.1171826645731926, -0.04048128426074982, -0.3014790415763855] imu_quat_wxyz=[0.7856352925300598, 0.04699167609214783, 0.18664874136447906, -0.5879892110824585]
joint_pos=[0.0, 0.0, 0.0, -0.035999998450279236, 0.5400000214576721, 0.0] imu_ang_vel=[0.1171826645731926, -0.04048128426074982, -0.3014790415763855] imu_quat_wxyz=[0.7856352925300598, 0.04699167609214783, 0.18664874136447906, -0.5879892110824585]
joint_pos=[0.0, 0.0, 0.0, -0.035999998450279236, 0.5400000214576721, 0.0] imu_ang_vel=[-0.03195890784263611, -0.06285251677036285, -0.02343653328716755] imu_quat_wxyz=[0.7863763570785522, 0.04477725550532341, 0.18439923226833344, -0.5878810286521912]
joint_pos=[0.0, 0.0, 0.0, -0.035999998450279236, 0.5400000214576721, 0.0] imu_ang_vel=[-0.03195890784263611, -0.06285251677036285, -0.02343653328716755] imu_quat_wxyz=[0.7863763570785522, 0.04477725550532341, 0.18439923226833344, -0.5878810286521912]
joint_pos=[0.0, 0.0, 0.0, -0.035999998450279236, 0.5400000214576721, 0.0] imu_ang_vel=[0.4442288279533386, -0.11505206674337387, 0.02982831373810768] imu_quat_wxyz=[0.7880908846855164, 0.049028392881155014, 0.17659902572631836, -0.5876408815383911]
joint_pos=[0.0, 0.0, 0.0, -0.035999998450279236, 0.5400000214576721, 0.0] imu_ang_vel=[0.4442288279533386, -0.11505206674337387, 0.02982831373810768] imu_quat_wxyz=[0.7880908846855164, 0.049028392881155014, 0.17659902572631836, -0.5876408815383911]
joint_pos=[0.0, 0.0, 0.0, -0.035999998450279236, 0.5400000214576721, 0.0] imu_ang_vel=[-0.24927948415279388, -0.05006895586848259, 0.37391921877861023] imu_quat_wxyz=[0.7931288480758667, 0.04655776917934418, 0.17414653301239014, -0.5817661285400391]
joint_pos=[0.0, 0.0, 0.0, -0.035999998450279236, 0.5400000214576721, 0.0] imu_ang_vel=[-0.24927948415279388, -0.05006895586848259, 0.37391921877861023] imu_quat_wxyz=[0.7931288480758667, 0.04655776917934418, 0.17414653301239014, -0.5817661285400391]
joint_pos=[0.0, 0.0, 0.0, -0.035999998450279236, 0.5400000214576721, 0.0] imu_ang_vel=[-0.22051647305488586, 0.02343653328716755, 0.21518997848033905] imu_quat_wxyz=[0.7972137331962585, 0.04195437952876091, 0.17531055212020874, -0.5761564373970032]
joint_pos=[0.0, 0.0, 0.0, -0.035999998450279236, 0.5400000214576721, 0.0] imu_ang_vel=[-0.22051647305488586, 0.02343653328716755, 0.21518997848033905] imu_quat_wxyz=[0.7972137331962585, 0.04195437952876091, 0.17531055212020874, -0.5761564373970032]
joint_pos=[0.0, 0.0, 0.0, -0.035999998450279236, 0.5400000214576721, 0.0] imu_ang_vel=[-0.22477765381336212, 0.051134251058101654, 0.18003518879413605] imu_quat_wxyz=[0.799578845500946, 0.038800425827503204, 0.1772373616695404, -0.5724989175796509]
joint_pos=[0.0, 0.0, 0.0, -0.035999998450279236, 0.5400000214576721, 0.0] imu_ang_vel=[-0.22477765381336212, 0.051134251058101654, 0.18003518879413605] imu_quat_wxyz=[0.799578845500946, 0.038800425827503204, 0.1772373616695404, -0.5724989175796509]
joint_pos=[0.0, 0.0, 0.0, -0.035999998450279236, 0.5400000214576721, 0.0] imu_ang_vel=[-0.40800872445106506, -0.010652969591319561, 0.6263945698738098] imu_quat_wxyz=[0.8050314784049988, 0.03625054284930229, 0.1802881360054016, -0.5640092492103577]
joint_pos=[0.0, 0.0, 0.0, -0.035999998450279236, 0.5400000214576721, 0.0] imu_ang_vel=[-0.40800872445106506, -0.010652969591319561, 0.6263945698738098] imu_quat_wxyz=[0.8050314784049988, 0.03625054284930229, 0.1802881360054016, -0.5640092492103577]
joint_pos=[0.0, 0.0, 0.0, -0.035999998450279236, 0.5400000214576721, 0.0] imu_ang_vel=[-0.40481284260749817, -0.019175345078110695, 0.6540923118591309] imu_quat_wxyz=[0.8128073215484619, 0.031642843037843704, 0.18480516970157623, -0.5515342950820923]
joint_pos=[0.0, 0.0, 0.0, -0.035999998450279236, 0.5400000214576721, 0.0] imu_ang_vel=[-0.40481284260749817, -0.019175345078110695, 0.6540923118591309] imu_quat_wxyz=[0.8128073215484619, 0.031642843037843704, 0.18480516970157623, -0.5515342950820923]
joint_pos=[0.0, 0.0, 0.0, -0.035999998450279236, 0.5400000214576721, 0.0] imu_ang_vel=[-0.19388404488563538, 0.03835069015622139, 0.16618631780147552] imu_quat_wxyz=[0.8157883286476135, 0.028137605637311935, 0.18833470344543457, -0.5461022853851318]
joint_pos=[0.0, 0.0, 0.0, -0.035999998450279236, 0.5400000214576721, 0.0] imu_ang_vel=[-0.19388404488563538, 0.03835069015622139, 0.16618631780147552] imu_quat_wxyz=[0.8157883286476135, 0.028137605637311935, 0.18833470344543457, -0.5461022853851318]
joint_pos=[0.0, 0.0, 0.0, -0.035999998450279236, 0.5400000214576721, 0.0] imu_ang_vel=[-0.15446805953979492, 0.0468730665743351, 0.08415845781564713] imu_quat_wxyz=[0.816229522228241, 0.02690214477479458, 0.18945273756980896, -0.5451176166534424]
joint_pos=[0.0, 0.0, 0.0, -0.035999998450279236, 0.5400000214576721, 0.0] imu_ang_vel=[-0.15446805953979492, 0.0468730665743351, 0.08415845781564713] imu_quat_wxyz=[0.816229522228241, 0.02690214477479458, 0.18945273756980896, -0.5451176166534424]
joint_pos=[0.0, 0.0, 0.0, -0.035999998450279236, 0.5400000214576721, 0.0] imu_ang_vel=[-0.17470869421958923, 0.06817900389432907, 0.15446805953979492] imu_quat_wxyz=[0.817464292049408, 0.025280578061938286, 0.1890743523836136, -0.5434738993644714]
joint_pos=[0.0, 0.0, 0.0, -0.035999998450279236, 0.5400000214576721, 0.0] imu_ang_vel=[-0.17470869421958923, 0.06817900389432907, 0.15446805953979492] imu_quat_wxyz=[0.817464292049408, 0.025280578061938286, 0.1890743523836136, -0.5434738993644714]
joint_pos=[0.0, 0.0, 0.0, -0.035999998450279236, 0.5400000214576721, 0.0] imu_ang_vel=[0.05006895586848259, 0.15553335845470428, -0.17364339530467987] imu_quat_wxyz=[0.8158560991287231, 0.02952774055302143, 0.18818114697933197, -0.5459805727005005]
joint_pos=[0.0, 0.0, 0.0, -0.035999998450279236, 0.5400000214576721, 0.0] imu_ang_vel=[0.05006895586848259, 0.15553335845470428, -0.17364339530467987] imu_quat_wxyz=[0.8158560991287231, 0.02952774055302143, 0.18818114697933197, -0.5459805727005005]
joint_pos=[0.0, 0.0, 0.0, -0.035999998450279236, 0.5400000214576721, 0.0] imu_ang_vel=[-0.16192513704299927, 0.0937461331486702, 0.15553335845470428] imu_quat_wxyz=[0.8150941729545593, 0.030324287712574005, 0.18605928122997284, -0.5477991700172424]
joint_pos=[0.0, 0.0, 0.0, -0.035999998450279236, 0.5400000214576721, 0.0] imu_ang_vel=[-0.16192513704299927, 0.0937461331486702, 0.15553335845470428] imu_quat_wxyz=[0.8150941729545593, 0.030324287712574005, 0.18605928122997284, -0.5477991700172424]
joint_pos=[0.0, 0.0, 0.0, -0.035999998450279236, 0.5400000214576721, 0.0] imu_ang_vel=[-0.42079228162765503, 0.013848859816789627, 0.8490416407585144] imu_quat_wxyz=[0.8216794729232788, 0.028960900381207466, 0.1851338893175125, -0.5382652878761292]
joint_pos=[0.0, 0.0, 0.0, -0.035999998450279236, 0.5400000214576721, 0.0] imu_ang_vel=[-0.42079228162765503, 0.013848859816789627, 0.8490416407585144] imu_quat_wxyz=[0.8216794729232788, 0.028960900381207466, 0.1851338893175125, -0.5382652878761292]
joint_pos=[0.0, 0.0, 0.0, -0.035999998450279236, 0.5400000214576721, 0.0] imu_ang_vel=[-0.4484900236129761, 0.0, 0.9896608591079712] imu_quat_wxyz=[0.8311391472816467, 0.025484420359134674, 0.18779724836349487, -0.5227718353271484]
joint_pos=[0.0, 0.0, 0.0, -0.035999998450279236, 0.5400000214576721, 0.0] imu_ang_vel=[-0.4484900236129761, 0.0, 0.9896608591079712] imu_quat_wxyz=[0.8311391472816467, 0.025484420359134674, 0.18779724836349487, -0.5227718353271484]
joint_pos=[0.0, 0.0, 0.0, -0.035999998450279236, 0.5400000214576721, 0.0] imu_ang_vel=[-0.25354066491127014, 0.017044750973582268, 0.5784562230110168] imu_quat_wxyz=[0.8369297385215759, 0.022453393787145615, 0.1916978359222412, -0.5121488571166992]
joint_pos=[0.0, 0.0, 0.0, -0.035999998450279236, 0.5400000214576721, 0.0] imu_ang_vel=[-0.25354066491127014, 0.017044750973582268, 0.5784562230110168] imu_quat_wxyz=[0.8369297385215759, 0.022453393787145615, 0.1916978359222412, -0.5121488571166992]
joint_pos=[0.0, 0.0, 0.0, -0.035999998450279236, 0.5400000214576721, 0.0] imu_ang_vel=[-0.08948494493961334, 0.02343653328716755, 0.2578018605709076] imu_quat_wxyz=[0.8383517265319824, 0.02154184691607952, 0.19365863502025604, -0.5091156363487244]
joint_pos=[0.0, 0.0, 0.0, -0.035999998450279236, 0.5400000214576721, 0.0] imu_ang_vel=[-0.08948494493961334, 0.02343653328716755, 0.2578018605709076] imu_quat_wxyz=[0.8383517265319824, 0.02154184691607952, 0.19365863502025604, -0.5091156363487244]
joint_pos=[0.0, 0.0, 0.0, -0.035999998450279236, 0.5400000214576721, 0.0] imu_ang_vel=[-0.06391781568527222, -0.01491415686905384, 0.2918913662433624] imu_quat_wxyz=[0.8391915559768677, 0.021266773343086243, 0.1930254101753235, -0.5079826712608337]
joint_pos=[0.0, 0.0, 0.0, -0.035999998450279236, 0.5400000214576721, 0.0] imu_ang_vel=[-0.06391781568527222, -0.01491415686905384, 0.2918913662433624] imu_quat_wxyz=[0.8391915559768677, 0.021266773343086243, 0.1930254101753235, -0.5079826712608337]
joint_pos=[0.0, 0.0, 0.0, -0.035999998450279236, 0.5400000214576721, 0.0] imu_ang_vel=[-0.10652969032526016, -0.06711370497941971, 0.4772530198097229] imu_quat_wxyz=[0.84178626537323, 0.02067050337791443, 0.19093865156173706, -0.504490852355957]
joint_pos=[0.0, 0.0, 0.0, -0.035999998450279236, 0.5400000214576721, 0.0] imu_ang_vel=[-0.10652969032526016, -0.06711370497941971, 0.4772530198097229] imu_quat_wxyz=[0.84178626537323, 0.02067050337791443, 0.19093865156173706, -0.504490852355957]
joint_pos=[0.0, 0.0, 0.0, -0.035999998450279236, 0.5400000214576721, 0.0] imu_ang_vel=[-0.10120321065187454, -0.09268083423376083, 0.5198649168014526] imu_quat_wxyz=[0.8446772694587708, 0.01990661770105362, 0.18888995051383972, -0.5004444718360901]
joint_pos=[0.0, 0.0, 0.0, -0.035999998450279236, 0.5400000214576721, 0.0] imu_ang_vel=[-0.10120321065187454, -0.09268083423376083, 0.5198649168014526] imu_quat_wxyz=[0.8446772694587708, 0.01990661770105362, 0.18888995051383972, -0.5004444718360901]
joint_pos=[0.0, 0.0, 0.0, -0.035999998450279236, 0.5400000214576721, 0.0] imu_ang_vel=[-0.02343653328716755, -0.082027867436409, 0.35261330008506775] imu_quat_wxyz=[0.8467236757278442, 0.019476596266031265, 0.18661899864673615, -0.49784836173057556]
joint_pos=[0.0, 0.0, 0.0, -0.035999998450279236, 0.5400000214576721, 0.0] imu_ang_vel=[-0.02343653328716755, -0.082027867436409, 0.35261330008506775] imu_quat_wxyz=[0.8467236757278442, 0.019476596266031265, 0.18661899864673615, -0.49784836173057556]
joint_pos=[0.0, 0.0, 0.0, -0.035999998450279236, 0.5400000214576721, 0.0] imu_ang_vel=[0.0, -0.08522375673055649, 0.30893611907958984] imu_quat_wxyz=[0.8483396768569946, 0.01989273726940155, 0.1832050383090973, -0.496346652507782]
joint_pos=[0.0, 0.0, 0.0, -0.035999998450279236, 0.5400000214576721, 0.0] imu_ang_vel=[0.0, -0.08522375673055649, 0.30893611907958984] imu_quat_wxyz=[0.8483396768569946, 0.01989273726940155, 0.1832050383090973, -0.496346652507782]
joint_pos=[0.0, 0.0, 0.0, -0.035999998450279236, 0.5400000214576721, 0.0] imu_ang_vel=[-0.03195890784263611, -0.11185617744922638, 0.41972699761390686] imu_quat_wxyz=[0.8505136370658875, 0.02011318877339363, 0.17998850345611572, -0.4937874674797058]
joint_pos=[0.0, 0.0, 0.0, -0.035999998450279236, 0.5400000214576721, 0.0] imu_ang_vel=[-0.03195890784263611, -0.11185617744922638, 0.41972699761390686] imu_quat_wxyz=[0.8505136370658875, 0.02011318877339363, 0.17998850345611572, -0.4937874674797058]
joint_pos=[0.0, 0.0, 0.0, -0.035999998450279236, 0.5400000214576721, 0.0] imu_ang_vel=[-0.0585913322865963, -0.1438150852918625, 0.49323248863220215] imu_quat_wxyz=[0.8534861207008362, 0.019268136471509933, 0.1779177039861679, -0.48942357301712036]
joint_pos=[0.0, 0.0, 0.0, -0.035999998450279236, 0.5400000214576721, 0.0] imu_ang_vel=[-0.0585913322865963, -0.1438150852918625, 0.49323248863220215] imu_quat_wxyz=[0.8534861207008362, 0.019268136471509933, 0.1779177039861679, -0.48942357301712036]
joint_pos=[0.0, 0.0, 0.0, -0.035999998450279236, 0.5400000214576721, 0.0] imu_ang_vel=[-0.019175345078110695, -0.15979453921318054, 0.4005516469478607] imu_quat_wxyz=[0.8558672666549683, 0.0178986769169569, 0.1766626238822937, -0.4857582151889801]
joint_pos=[0.0, 0.0, 0.0, -0.035999998450279236, 0.5400000214576721, 0.0] imu_ang_vel=[-0.019175345078110695, -0.15979453921318054, 0.4005516469478607] imu_quat_wxyz=[0.8558672666549683, 0.0178986769169569, 0.1766626238822937, -0.4857582151889801]
joint_pos=[0.0, 0.0, 0.0, -0.035999998450279236, 0.5400000214576721, 0.0] imu_ang_vel=[0.030893610790371895, -0.17470869421958923, 0.2865648865699768] imu_quat_wxyz=[0.8570355176925659, 0.016938630491495132, 0.17512033879756927, -0.48428916931152344]
joint_pos=[0.0, 0.0, 0.0, -0.035999998450279236, 0.5400000214576721, 0.0] imu_ang_vel=[0.030893610790371895, -0.17470869421958923, 0.2865648865699768] imu_quat_wxyz=[0.8570355176925659, 0.016938630491495132, 0.17512033879756927, -0.48428916931152344]
joint_pos=[0.0, 0.0, 0.0, -0.035999998450279236, 0.5400000214576721, 0.0] imu_ang_vel=[0.054330144077539444, -0.192818745970726, 0.23862650990486145] imu_quat_wxyz=[0.8576015830039978, 0.016330407932400703, 0.17273275554180145, -0.4841655194759369]
joint_pos=[0.0, 0.0, 0.0, -0.035999998450279236, 0.5400000214576721, 0.0] imu_ang_vel=[0.054330144077539444, -0.192818745970726, 0.23862650990486145] imu_quat_wxyz=[0.8576015830039978, 0.016330407932400703, 0.17273275554180145, -0.4841655194759369]
joint_pos=[0.0, 0.0, 0.0, -0.035999998450279236, 0.5400000214576721, 0.0] imu_ang_vel=[0.06178722158074379, -0.20134112238883972, 0.21305938065052032] imu_quat_wxyz=[0.8581150770187378, 0.015941688790917397, 0.16970320045948029, -0.4843398928642273]
joint_pos=[0.0, 0.0, 0.0, -0.035999998450279236, 0.5400000214576721, 0.0] imu_ang_vel=[0.06178722158074379, -0.20134112238883972, 0.21305938065052032] imu_quat_wxyz=[0.8581150770187378, 0.015941688790917397, 0.16970320045948029, -0.4843398928642273]
joint_pos=[0.0, 0.0, 0.0, -0.035999998450279236, 0.5400000214576721, 0.0] imu_ang_vel=[0.057526033371686935, -0.199210524559021, 0.17683929204940796] imu_quat_wxyz=[0.8583487272262573, 0.01570301316678524, 0.16707338392734528, -0.4848477244377136]
joint_pos=[0.0, 0.0, 0.0, -0.035999998450279236, 0.5400000214576721, 0.0] imu_ang_vel=[0.057526033371686935, -0.199210524559021, 0.17683929204940796] imu_quat_wxyz=[0.8583487272262573, 0.01570301316678524, 0.16707338392734528, -0.4848477244377136]
joint_pos=[0.0, 0.0, 0.0, -0.035999998450279236, 0.5400000214576721, 0.0] imu_ang_vel=[0.04048128426074982, -0.18855755031108856, 0.15872924029827118] imu_quat_wxyz=[0.8586267232894897, 0.015324513427913189, 0.1636379510164261, -0.4855387210845947]
joint_pos=[0.0, 0.0, 0.0, -0.035999998450279236, 0.5400000214576721, 0.0] imu_ang_vel=[0.04048128426074982, -0.18855755031108856, 0.15872924029827118] imu_quat_wxyz=[0.8586267232894897, 0.015324513427913189, 0.1636379510164261, -0.4855387210845947]
joint_pos=[0.0, 0.0, 0.0, -0.035999998450279236, 0.5400000214576721, 0.0] imu_ang_vel=[0.0, -0.17151281237602234, 0.17364339530467987] imu_quat_wxyz=[0.8589045405387878, 0.014758719131350517, 0.16072769463062286, -0.4860368072986603]
joint_pos=[0.0, 0.0, 0.0, -0.035999998450279236, 0.5400000214576721, 0.0] imu_ang_vel=[0.0, -0.17151281237602234, 0.17364339530467987] imu_quat_wxyz=[0.8589045405387878, 0.014758719131350517, 0.16072769463062286, -0.4860368072986603]
joint_pos=[0.0, 0.0, 0.0, -0.035999998450279236, 0.5400000214576721, 0.0] imu_ang_vel=[-0.04367717355489731, -0.15553335845470428, 0.2375612109899521] imu_quat_wxyz=[0.8596382737159729, 0.01391791831701994, 0.15891169011592865, -0.4853609502315521]
joint_pos=[0.0, 0.0, 0.0, -0.035999998450279236, 0.5400000214576721, 0.0] imu_ang_vel=[-0.04367717355489731, -0.15553335845470428, 0.2375612109899521] imu_quat_wxyz=[0.8596382737159729, 0.01391791831701994, 0.15891169011592865, -0.4853609502315521]
joint_pos=[0.0, 0.0, 0.0, -0.035999998450279236, 0.5400000214576721, 0.0] imu_ang_vel=[-0.06604841351509094, -0.13529270887374878, 0.21732057631015778] imu_quat_wxyz=[0.8603039383888245, 0.012772995978593826, 0.1586156189441681, -0.4843088984489441]
joint_pos=[0.0, 0.0, 0.0, -0.035999998450279236, 0.5400000214576721, 0.0] imu_ang_vel=[-0.06604841351509094, -0.13529270887374878, 0.21732057631015778] imu_quat_wxyz=[0.8603039383888245, 0.012772995978593826, 0.1586156189441681, -0.4843088984489441]
joint_pos=[0.0, 0.0, 0.0, -0.035999998450279236, 0.5400000214576721, 0.0] imu_ang_vel=[-0.07563608139753342, -0.11824796348810196, 0.18110047280788422] imu_quat_wxyz=[0.8605608940124512, 0.01165557187050581, 0.15932001173496246, -0.48364880681037903]
joint_pos=[0.0, 0.0, 0.0, -0.035999998450279236, 0.5400000214576721, 0.0] imu_ang_vel=[-0.07563608139753342, -0.11824796348810196, 0.18110047280788422] imu_quat_wxyz=[0.8605608940124512, 0.01165557187050581, 0.15932001173496246, -0.48364880681037903]
joint_pos=[0.0, 0.0, 0.0, -0.035999998450279236, 0.5400000214576721, 0.0] imu_ang_vel=[-0.06711370497941971, -0.09587672352790833, 0.11824796348810196] imu_quat_wxyz=[0.8602718710899353, 0.010619171895086765, 0.16064374148845673, -0.4837489426136017]
joint_pos=[0.0, 0.0, 0.0, -0.035999998450279236, 0.5400000214576721, 0.0] imu_ang_vel=[-0.06711370497941971, -0.09587672352790833, 0.11824796348810196] imu_quat_wxyz=[0.8602718710899353, 0.010619171895086765, 0.16064374148845673, -0.4837489426136017]
joint_pos=[0.0, 0.0, 0.0, -0.035999998450279236, 0.5400000214576721, 0.0] imu_ang_vel=[-0.051134251058101654, -0.0703095942735672, 0.04793836176395416] imu_quat_wxyz=[0.8593515157699585, 0.009995631873607635, 0.16206668317317963, -0.48492205142974854]
joint_pos=[0.0, 0.0, 0.0, -0.035999998450279236, 0.5400000214576721, 0.0] imu_ang_vel=[-0.051134251058101654, -0.0703095942735672, 0.04793836176395416] imu_quat_wxyz=[0.8593515157699585, 0.009995631873607635, 0.16206668317317963, -0.48492205142974854]
joint_pos=[0.0, 0.0, 0.0, -0.035999998450279236, 0.5400000214576721, 0.0] imu_ang_vel=[-0.05006895586848259, -0.04474247246980667, 0.0] imu_quat_wxyz=[0.857988178730011, 0.009892527014017105, 0.16318438947200775, -0.48695915937423706]
joint_pos=[0.0, 0.0, 0.0, -0.035999998450279236, 0.5400000214576721, 0.0] imu_ang_vel=[-0.05006895586848259, -0.04474247246980667, 0.0] imu_quat_wxyz=[0.857988178730011, 0.009892527014017105, 0.16318438947200775, -0.48695915937423706]
joint_pos=[0.0, 0.0, 0.0, -0.035999998450279236, 0.5400000214576721, 0.0] imu_ang_vel=[-0.060721926391124725, -0.011718266643583775, -0.01811004802584648] imu_quat_wxyz=[0.8564788699150085, 0.01005023904144764, 0.16424688696861267, -0.4892502725124359]
joint_pos=[0.0, 0.0, 0.0, -0.035999998450279236, 0.5400000214576721, 0.0] imu_ang_vel=[-0.060721926391124725, -0.011718266643583775, -0.01811004802584648] imu_quat_wxyz=[0.8564788699150085, 0.01005023904144764, 0.16424688696861267, -0.4892502725124359]
joint_pos=[0.0, 0.0, 0.0, -0.035999998450279236, 0.5400000214576721, 0.0] imu_ang_vel=[-0.0468730665743351, 0.017044750973582268, -0.10013791173696518] imu_quat_wxyz=[0.8544484972953796, 0.010466372594237328, 0.16530007123947144, -0.4924265742301941]
joint_pos=[0.0, 0.0, 0.0, -0.035999998450279236, 0.5400000214576721, 0.0] imu_ang_vel=[-0.0468730665743351, 0.017044750973582268, -0.10013791173696518] imu_quat_wxyz=[0.8544484972953796, 0.010466372594237328, 0.16530007123947144, -0.4924265742301941]
joint_pos=[0.0, 0.0, 0.0, -0.035999998450279236, 0.5400000214576721, 0.0] imu_ang_vel=[-0.03302420675754547, 0.06285251677036285, -0.17044751346111298] imu_quat_wxyz=[0.8516615033149719, 0.011405574157834053, 0.16624246537685394, -0.496896356344223]
joint_pos=[0.0, 0.0, 0.0, -0.035999998450279236, 0.5400000214576721, 0.0] imu_ang_vel=[-0.03302420675754547, 0.06285251677036285, -0.17044751346111298] imu_quat_wxyz=[0.8516615033149719, 0.011405574157834053, 0.16624246537685394, -0.496896356344223]
joint_pos=[0.0, 0.0, 0.0, -0.035999998450279236, 0.5400000214576721, 0.0] imu_ang_vel=[-0.08096256852149963, 0.07883197069168091, -0.07137489318847656] imu_quat_wxyz=[0.8492531776428223, 0.01287747174501419, 0.16735568642616272, -0.5005947947502136]
joint_pos=[0.0, 0.0, 0.0, -0.035999998450279236, 0.5400000214576721, 0.0] imu_ang_vel=[-0.08096256852149963, 0.07883197069168091, -0.07137489318847656] imu_quat_wxyz=[0.8492531776428223, 0.01287747174501419, 0.16735568642616272, -0.5005947947502136]
joint_pos=[0.0, 0.0, 0.0, -0.035999998450279236, 0.5400000214576721, 0.0] imu_ang_vel=[-0.16192513704299927, 0.07883197069168091, 0.11079087853431702] imu_quat_wxyz=[0.8486877083778381, 0.013838467188179493, 0.16983363032341003, -0.500693678855896]
joint_pos=[0.0, 0.0, 0.0, -0.035999998450279236, 0.5400000214576721, 0.0] imu_ang_vel=[-0.16192513704299927, 0.07883197069168091, 0.11079087853431702] imu_quat_wxyz=[0.8486877083778381, 0.013838467188179493, 0.16983363032341003, -0.500693678855896]
joint_pos=[0.0, 0.0, 0.0, -0.035999998450279236, 0.5400000214576721, 0.0] imu_ang_vel=[-0.12357444316148758, 0.10333380103111267, 0.013848859816789627] imu_quat_wxyz=[0.8479761481285095, 0.014154910109937191, 0.17360110580921173, -0.5005983114242554]
joint_pos=[0.0, 0.0, 0.0, -0.035999998450279236, 0.5400000214576721, 0.0] imu_ang_vel=[-0.12357444316148758, 0.10333380103111267, 0.013848859816789627] imu_quat_wxyz=[0.8479761481285095, 0.014154910109937191, 0.17360110580921173, -0.5005983114242554]
joint_pos=[0.0, 0.0, 0.0, -0.035999998450279236, 0.5400000214576721, 0.0] imu_ang_vel=[-0.03195890784263611, 0.14274978637695312, -0.20134112238883972] imu_quat_wxyz=[0.8451710343360901, 0.015439231880009174, 0.17750443518161774, -0.5039243102073669]
joint_pos=[0.0, 0.0, 0.0, -0.035999998450279236, 0.5400000214576721, 0.0] imu_ang_vel=[-0.03195890784263611, 0.14274978637695312, -0.20134112238883972] imu_quat_wxyz=[0.8451710343360901, 0.015439231880009174, 0.17750443518161774, -0.5039243102073669]
joint_pos=[0.0, 0.0, 0.0, -0.035999998450279236, 0.5400000214576721, 0.0] imu_ang_vel=[0.0, 0.14807628095149994, -0.25567126274108887] imu_quat_wxyz=[0.8413201570510864, 0.0179001372307539, 0.18034307658672333, -0.5092507004737854]
joint_pos=[0.0, 0.0, 0.0, -0.035999998450279236, 0.5400000214576721, 0.0] imu_ang_vel=[0.0, 0.14807628095149994, -0.25567126274108887] imu_quat_wxyz=[0.8413201570510864, 0.0179001372307539, 0.18034307658672333, -0.5092507004737854]
joint_pos=[0.0, 0.0, 0.0, -0.035999998450279236, 0.5400000214576721, 0.0] imu_ang_vel=[-0.02343653328716755, 0.13848860561847687, -0.15340276062488556] imu_quat_wxyz=[0.8382594585418701, 0.020603256300091743, 0.18238849937915802, -0.5134500861167908]
joint_pos=[0.0, 0.0, 0.0, -0.035999998450279236, 0.5400000214576721, 0.0] imu_ang_vel=[-0.02343653328716755, 0.13848860561847687, -0.15340276062488556] imu_quat_wxyz=[0.8382594585418701, 0.020603256300091743, 0.18238849937915802, -0.5134500861167908]
joint_pos=[0.0, 0.0, 0.0, -0.035999998450279236, 0.5400000214576721, 0.0] imu_ang_vel=[-0.022371236234903336, 0.13955390453338623, -0.1438150852918625] imu_quat_wxyz=[0.8358715772628784, 0.022977450862526894, 0.1845526248216629, -0.5164600610733032]
joint_pos=[0.0, 0.0, 0.0, -0.035999998450279236, 0.5400000214576721, 0.0] imu_ang_vel=[-0.022371236234903336, 0.13955390453338623, -0.1438150852918625] imu_quat_wxyz=[0.8358715772628784, 0.022977450862526894, 0.1845526248216629, -0.5164600610733032]
joint_pos=[0.0, 0.0, 0.0, -0.035999998450279236, 0.5400000214576721, 0.0] imu_ang_vel=[0.03195890784263611, 0.17151281237602234, -0.252475380897522] imu_quat_wxyz=[0.8327033519744873, 0.02599460631608963, 0.1873188465833664, -0.5204240083694458]
joint_pos=[0.0, 0.0, 0.0, -0.035999998450279236, 0.5400000214576721, 0.0] imu_ang_vel=[0.03195890784263611, 0.17151281237602234, -0.252475380897522] imu_quat_wxyz=[0.8327033519744873, 0.02599460631608963, 0.1873188465833664, -0.5204240083694458]
joint_pos=[0.0, 0.0, 0.0, -0.035999998450279236, 0.5400000214576721, 0.0] imu_ang_vel=[0.12463974207639694, 0.199210524559021, -0.45488178730010986] imu_quat_wxyz=[0.8278048634529114, 0.029506713151931763, 0.18907226622104645, -0.5273709893226624]
joint_pos=[0.0, 0.0, 0.0, -0.035999998450279236, 0.5400000214576721, 0.0] imu_ang_vel=[0.12463974207639694, 0.199210524559021, -0.45488178730010986] imu_quat_wxyz=[0.8278048634529114, 0.029506713151931763, 0.18907226622104645, -0.5273709893226624]
joint_pos=[0.0, 0.0, 0.0, -0.035999998450279236, 0.5400000214576721, 0.0] imu_ang_vel=[0.13635800778865814, 0.1842963695526123, -0.4420982301235199] imu_quat_wxyz=[0.8222469687461853, 0.03370353579521179, 0.18951639533042908, -0.5355908274650574]
joint_pos=[0.0, 0.0, 0.0, -0.035999998450279236, 0.5400000214576721, 0.0] imu_ang_vel=[0.13635800778865814, 0.1842963695526123, -0.4420982301235199] imu_quat_wxyz=[0.8222469687461853, 0.03370353579521179, 0.18951639533042908, -0.5355908274650574]
joint_pos=[0.0, 0.0, 0.0, -0.035999998450279236, 0.5400000214576721, 0.0] imu_ang_vel=[0.06604841351509094, 0.15020686388015747, -0.2226470559835434] imu_quat_wxyz=[0.818694531917572, 0.03767480328679085, 0.1900811642408371, -0.5405450463294983]
joint_pos=[0.0, 0.0, 0.0, -0.035999998450279236, 0.5400000214576721, 0.0] imu_ang_vel=[0.06604841351509094, 0.15020686388015747, -0.2226470559835434] imu_quat_wxyz=[0.818694531917572, 0.03767480328679085, 0.1900811642408371, -0.5405450463294983]
joint_pos=[0.0, 0.0, 0.0, -0.035999998450279236, 0.5400000214576721, 0.0] imu_ang_vel=[0.07244019210338593, 0.13103152811527252, -0.20347172021865845] imu_quat_wxyz=[0.8165363669395447, 0.04045076668262482, 0.19173265993595123, -0.5430199503898621]
joint_pos=[0.0, 0.0, 0.0, -0.035999998450279236, 0.5400000214576721, 0.0] imu_ang_vel=[0.07244019210338593, 0.13103152811527252, -0.20347172021865845] imu_quat_wxyz=[0.8165363669395447, 0.04045076668262482, 0.19173265993595123, -0.5430199503898621]
joint_pos=[0.0, 0.0, 0.0, -0.035999998450279236, 0.5400000214576721, 0.0] imu_ang_vel=[0.18855755031108856, 0.14168448746204376, -0.44103294610977173] imu_quat_wxyz=[0.8123347163200378, 0.04366113618016243, 0.19333840906620026, -0.5484764575958252]
joint_pos=[0.0, 0.0, 0.0, -0.035999998450279236, 0.5400000214576721, 0.0] imu_ang_vel=[0.18855755031108856, 0.14168448746204376, -0.44103294610977173] imu_quat_wxyz=[0.8123347163200378, 0.04366113618016243, 0.19333840906620026, -0.5484764575958252]
joint_pos=[0.0, 0.0, 0.0, -0.035999998450279236, 0.5400000214576721, 0.0] imu_ang_vel=[0.2396918088197708, 0.13103152811527252, -0.5156037211418152] imu_quat_wxyz=[0.8068089485168457, 0.048083990812301636, 0.19380496442317963, -0.5560458302497864]
joint_pos=[0.0, 0.0, 0.0, -0.035999998450279236, 0.5400000214576721, 0.0] imu_ang_vel=[0.2396918088197708, 0.13103152811527252, -0.5156037211418152] imu_quat_wxyz=[0.8068089485168457, 0.048083990812301636, 0.19380496442317963, -0.5560458302497864]
joint_pos=[0.0, 0.0, 0.0, -0.035999998450279236, 0.5400000214576721, 0.0] imu_ang_vel=[0.2343653291463852, 0.09587672352790833, -0.4559471011161804] imu_quat_wxyz=[0.8019007444381714, 0.05213399603962898, 0.19333688914775848, -0.562901496887207]
joint_pos=[0.0, 0.0, 0.0, -0.035999998450279236, 0.5400000214576721, 0.0] imu_ang_vel=[0.2343653291463852, 0.09587672352790833, -0.4559471011161804] imu_quat_wxyz=[0.8019007444381714, 0.05213399603962898, 0.19333688914775848, -0.562901496887207]
joint_pos=[0.0, 0.0, 0.0, -0.035999998450279236, 0.5400000214576721, 0.0] imu_ang_vel=[0.24075710773468018, 0.06924430280923843, -0.433575838804245] imu_quat_wxyz=[0.7975409626960754, 0.055514078587293625, 0.1924150139093399, -0.5690545439720154]
joint_pos=[0.0, 0.0, 0.0, -0.035999998450279236, 0.5400000214576721, 0.0] imu_ang_vel=[0.24075710773468018, 0.06924430280923843, -0.433575838804245] imu_quat_wxyz=[0.7975409626960754, 0.055514078587293625, 0.1924150139093399, -0.5690545439720154]
joint_pos=[0.0, 0.0, 0.0, -0.035999998450279236, 0.5400000214576721, 0.0] imu_ang_vel=[0.26525893807411194, 0.05219954997301102, -0.46340417861938477] imu_quat_wxyz=[0.793237030506134, 0.058673761785030365, 0.19133372604846954, -0.5750858187675476]
joint_pos=[0.0, 0.0, 0.0, -0.035999998450279236, 0.5400000214576721, 0.0] imu_ang_vel=[0.26525893807411194, 0.05219954997301102, -0.46340417861938477] imu_quat_wxyz=[0.793237030506134, 0.058673761785030365, 0.19133372604846954, -0.5750858187675476]
joint_pos=[0.0, 0.0, 0.0, -0.035999998450279236, 0.5400000214576721, 0.0] imu_ang_vel=[0.29721784591674805, 0.045807767659425735, -0.5241261124610901] imu_quat_wxyz=[0.7896583080291748, 0.061089493334293365, 0.19023090600967407, -0.5801034569740295]
joint_pos=[0.0, 0.0, 0.0, -0.035999998450279236, 0.5400000214576721, 0.0] imu_ang_vel=[0.29721784591674805, 0.045807767659425735, -0.5241261124610901] imu_quat_wxyz=[0.7896583080291748, 0.061089493334293365, 0.19023090600967407, -0.5801034569740295]
joint_pos=[0.0, 0.0, 0.0, -0.035999998450279236, 0.5400000214576721, 0.0] imu_ang_vel=[0.29721784591674805, 0.025567125529050827, -0.4942977726459503] imu_quat_wxyz=[0.7850924730300903, 0.06430306285619736, 0.18831905722618103, -0.5865414142608643]
joint_pos=[0.0, 0.0, 0.0, -0.035999998450279236, 0.5400000214576721, 0.0] imu_ang_vel=[0.29721784591674805, 0.025567125529050827, -0.4942977726459503] imu_quat_wxyz=[0.7850924730300903, 0.06430306285619736, 0.18831905722618103, -0.5865414142608643]
joint_pos=[0.0, 0.0, 0.0, -0.035999998450279236, 0.5400000214576721, 0.0] imu_ang_vel=[0.2812383770942688, 0.0, -0.43996763229370117] imu_quat_wxyz=[0.7813648581504822, 0.06688980758190155, 0.18650831282138824, -0.5917848944664001]
joint_pos=[0.0, 0.0, 0.0, -0.035999998450279236, 0.5400000214576721, 0.0] imu_ang_vel=[0.2812383770942688, 0.0, -0.43996763229370117] imu_quat_wxyz=[0.7813648581504822, 0.06688980758190155, 0.18650831282138824, -0.5917848944664001]
joint_pos=[0.0, 0.0, 0.0, -0.035999998450279236, 0.5400000214576721, 0.0] imu_ang_vel=[0.2695201337337494, -0.01491415686905384, -0.41120460629463196] imu_quat_wxyz=[0.7781926989555359, 0.06889548897743225, 0.18512766063213348, -0.5961519479751587]
joint_pos=[0.0, 0.0, 0.0, -0.035999998450279236, 0.5400000214576721, 0.0] imu_ang_vel=[0.2695201337337494, -0.01491415686905384, -0.41120460629463196] imu_quat_wxyz=[0.7781926989555359, 0.06889548897743225, 0.18512766063213348, -0.5961519479751587]
joint_pos=[0.0, 0.0, 0.0, -0.035999998450279236, 0.5400000214576721, 0.0] imu_ang_vel=[0.27378129959106445, -0.03195890784263611, -0.4239881932735443] imu_quat_wxyz=[0.7750849723815918, 0.07048017531633377, 0.18392673134803772, -0.6003721356391907]
joint_pos=[0.0, 0.0, 0.0, -0.035999998450279236, 0.5400000214576721, 0.0] imu_ang_vel=[0.27378129959106445, -0.03195890784263611, -0.4239881932735443] imu_quat_wxyz=[0.7750849723815918, 0.07048017531633377, 0.18392673134803772, -0.6003721356391907]
joint_pos=[0.0, 0.0, 0.0, -0.035999998450279236, 0.5400000214576721, 0.0] imu_ang_vel=[0.27697721123695374, -0.042611878365278244, -0.4303799569606781] imu_quat_wxyz=[0.7727508544921875, 0.07156333327293396, 0.18296217918395996, -0.6035391688346863]
joint_pos=[0.0, 0.0, 0.0, -0.035999998450279236, 0.5400000214576721, 0.0] imu_ang_vel=[0.27697721123695374, -0.042611878365278244, -0.4303799569606781] imu_quat_wxyz=[0.7727508544921875, 0.07156333327293396, 0.18296217918395996, -0.6035391688346863]
joint_pos=[0.0, 0.0, 0.0, -0.035999998450279236, 0.5400000214576721, 0.0] imu_ang_vel=[0.274846613407135, -0.05965662747621536, -0.43144527077674866] imu_quat_wxyz=[0.7696982026100159, 0.07271487265825272, 0.18137964606285095, -0.607765257358551]
joint_pos=[0.0, 0.0, 0.0, -0.035999998450279236, 0.5400000214576721, 0.0] imu_ang_vel=[0.274846613407135, -0.05965662747621536, -0.43144527077674866] imu_quat_wxyz=[0.7696982026100159, 0.07271487265825272, 0.18137964606285095, -0.607765257358551]
joint_pos=[0.0, 0.0, 0.0, -0.035999998450279236, 0.5400000214576721, 0.0] imu_ang_vel=[0.26206305623054504, -0.0703095942735672, -0.4186616837978363] imu_quat_wxyz=[0.7669808268547058, 0.0735914334654808, 0.1796843260526657, -0.6115865707397461]
joint_pos=[0.0, 0.0, 0.0, -0.035999998450279236, 0.5400000214576721, 0.0] imu_ang_vel=[0.26206305623054504, -0.0703095942735672, -0.4186616837978363] imu_quat_wxyz=[0.7669808268547058, 0.0735914334654808, 0.1796843260526657, -0.6115865707397461]
joint_pos=[0.0, 0.0, 0.0, -0.035999998450279236, 0.5400000214576721, 0.0] imu_ang_vel=[0.2428877055644989, -0.07776667922735214, -0.4037475287914276] imu_quat_wxyz=[0.7646592855453491, 0.0740412026643753, 0.17803339660167694, -0.6149132251739502]
joint_pos=[0.0, 0.0, 0.0, -0.035999998450279236, 0.5400000214576721, 0.0] imu_ang_vel=[0.2428877055644989, -0.07776667922735214, -0.4037475287914276] imu_quat_wxyz=[0.7646592855453491, 0.0740412026643753, 0.17803339660167694, -0.6149132251739502]
joint_pos=[0.0, 0.0, 0.0, -0.035999998450279236, 0.5400000214576721, 0.0] imu_ang_vel=[0.21305938065052032, -0.08309315890073776, -0.3696580231189728] imu_quat_wxyz=[0.7627894282341003, 0.07407526671886444, 0.17643851041793823, -0.6176847815513611]
joint_pos=[0.0, 0.0, 0.0, -0.035999998450279236, 0.5400000214576721, 0.0] imu_ang_vel=[0.21305938065052032, -0.08309315890073776, -0.3696580231189728] imu_quat_wxyz=[0.7627894282341003, 0.07407526671886444, 0.17643851041793823, -0.6176847815513611]
joint_pos=[0.0, 0.0, 0.0, -0.035999998450279236, 0.5400000214576721, 0.0] imu_ang_vel=[0.17683929204940796, -0.08628904819488525, -0.3185237944126129] imu_quat_wxyz=[0.7615048885345459, 0.07356494665145874, 0.1750638335943222, -0.619718611240387]
joint_pos=[0.0, 0.0, 0.0, -0.035999998450279236, 0.5400000214576721, 0.0] imu_ang_vel=[0.17683929204940796, -0.08628904819488525, -0.3185237944126129] imu_quat_wxyz=[0.7615048885345459, 0.07356494665145874, 0.1750638335943222, -0.619718611240387]
joint_pos=[0.0, 0.0, 0.0, -0.035999998450279236, 0.5400000214576721, 0.0] imu_ang_vel=[0.13209682703018188, -0.09055023640394211, -0.25034478306770325] imu_quat_wxyz=[0.76103675365448, 0.07275034487247467, 0.17395789921283722, -0.6207004189491272]
joint_pos=[0.0, 0.0, 0.0, -0.035999998450279236, 0.5400000214576721, 0.0] imu_ang_vel=[0.13209682703018188, -0.09055023640394211, -0.25034478306770325] imu_quat_wxyz=[0.76103675365448, 0.07275034487247467, 0.17395789921283722, -0.6207004189491272]
joint_pos=[0.0, 0.0, 0.0, -0.035999998450279236, 0.5400000214576721, 0.0] imu_ang_vel=[0.0937461331486702, -0.08948494493961334, -0.20240642130374908] imu_quat_wxyz=[0.7613550424575806, 0.07165195792913437, 0.173338383436203, -0.6206112504005432]
joint_pos=[0.0, 0.0, 0.0, -0.035999998450279236, 0.5400000214576721, 0.0] imu_ang_vel=[0.0937461331486702, -0.08948494493961334, -0.20240642130374908] imu_quat_wxyz=[0.7613550424575806, 0.07165195792913437, 0.173338383436203, -0.6206112504005432]
joint_pos=[0.0, 0.0, 0.0, -0.035999998450279236, 0.5400000214576721, 0.0] imu_ang_vel=[0.06498311460018158, -0.08522375673055649, -0.17790459096431732] imu_quat_wxyz=[0.7621047496795654, 0.07035014033317566, 0.17322243750095367, -0.6198718547821045]
joint_pos=[0.0, 0.0, 0.0, -0.035999998450279236, 0.5400000214576721, 0.0] imu_ang_vel=[0.06498311460018158, -0.08522375673055649, -0.17790459096431732] imu_quat_wxyz=[0.7621047496795654, 0.07035014033317566, 0.17322243750095367, -0.6198718547821045]
joint_pos=[0.0, 0.0, 0.0, -0.035999998450279236, 0.5400000214576721, 0.0] imu_ang_vel=[0.03728539124131203, -0.07883197069168091, -0.15446805953979492] imu_quat_wxyz=[0.7630771994590759, 0.06883981823921204, 0.17341408133506775, -0.6187905073165894]
joint_pos=[0.0, 0.0, 0.0, -0.035999998450279236, 0.5400000214576721, 0.0] imu_ang_vel=[0.03728539124131203, -0.07883197069168091, -0.15446805953979492] imu_quat_wxyz=[0.7630771994590759, 0.06883981823921204, 0.17341408133506775, -0.6187905073165894]
joint_pos=[0.0, 0.0, 0.0, -0.035999998450279236, 0.5400000214576721, 0.0] imu_ang_vel=[0.0, -0.0703095942735672, -0.11824796348810196] imu_quat_wxyz=[0.7643173336982727, 0.06701493263244629, 0.17361298203468323, -0.6174030303955078]
joint_pos=[0.0, 0.0, 0.0, -0.035999998450279236, 0.5400000214576721, 0.0] imu_ang_vel=[0.0, -0.0703095942735672, -0.11824796348810196] imu_quat_wxyz=[0.7643173336982727, 0.06701493263244629, 0.17361298203468323, -0.6174030303955078]
joint_pos=[0.0, 0.0, 0.0, -0.035999998450279236, 0.5400000214576721, 0.0] imu_ang_vel=[-0.025567125529050827, -0.060721926391124725, -0.07563608139753342] imu_quat_wxyz=[0.7659225463867188, 0.06503501534461975, 0.17387260496616364, -0.615549623966217]
joint_pos=[0.0, 0.0, 0.0, -0.035999998450279236, 0.5400000214576721, 0.0] imu_ang_vel=[-0.025567125529050827, -0.060721926391124725, -0.07563608139753342] imu_quat_wxyz=[0.7659225463867188, 0.06503501534461975, 0.17387260496616364, -0.615549623966217]
joint_pos=[0.0, 0.0, 0.0, -0.035999998450279236, 0.5400000214576721, 0.0] imu_ang_vel=[-0.057526033371686935, -0.0468730665743351, -0.03195890784263611] imu_quat_wxyz=[0.7679679989814758, 0.06294475495815277, 0.17422623932361603, -0.6131135821342468]
joint_pos=[0.0, 0.0, 0.0, -0.035999998450279236, 0.5400000214576721, 0.0] imu_ang_vel=[-0.057526033371686935, -0.0468730665743351, -0.03195890784263611] imu_quat_wxyz=[0.7679679989814758, 0.06294475495815277, 0.17422623932361603, -0.6131135821342468]
joint_pos=[0.0, 0.0, 0.0, -0.035999998450279236, 0.5400000214576721, 0.0] imu_ang_vel=[-0.08948494493961334, -0.030893610790371895, 0.0] imu_quat_wxyz=[0.7703145742416382, 0.060751933604478836, 0.17470711469650269, -0.6102476716041565]
joint_pos=[0.0, 0.0, 0.0, -0.035999998450279236, 0.5400000214576721, 0.0] imu_ang_vel=[-0.08948494493961334, -0.030893610790371895, 0.0] imu_quat_wxyz=[0.7703145742416382, 0.060751933604478836, 0.17470711469650269, -0.6102476716041565]
joint_pos=[0.0, 0.0, 0.0, -0.035999998450279236, 0.5400000214576721, 0.0] imu_ang_vel=[-0.11931325495243073, -0.012783562764525414, 0.060721926391124725] imu_quat_wxyz=[0.7731273770332336, 0.05866407975554466, 0.17552082240581512, -0.6066505908966064]
joint_pos=[0.0, 0.0, 0.0, -0.035999998450279236, 0.5400000214576721, 0.0] imu_ang_vel=[-0.11931325495243073, -0.012783562764525414, 0.060721926391124725] imu_quat_wxyz=[0.7731273770332336, 0.05866407975554466, 0.17552082240581512, -0.6066505908966064]
joint_pos=[0.0, 0.0, 0.0, -0.035999998450279236, 0.5400000214576721, 0.0] imu_ang_vel=[-0.1459456831216812, 0.0, 0.1139867752790451] imu_quat_wxyz=[0.7763652801513672, 0.05667882040143013, 0.17668183147907257, -0.60235196352005]
joint_pos=[0.0, 0.0, 0.0, -0.035999998450279236, 0.5400000214576721, 0.0] imu_ang_vel=[-0.1459456831216812, 0.0, 0.1139867752790451] imu_quat_wxyz=[0.7763652801513672, 0.05667882040143013, 0.17668183147907257, -0.60235196352005]
joint_pos=[0.0, 0.0, 0.0, -0.035999998450279236, 0.5400000214576721, 0.0] imu_ang_vel=[-0.16512101888656616, 0.019175345078110695, 0.15553335845470428] imu_quat_wxyz=[0.7797569632530212, 0.05451422557234764, 0.17799265682697296, -0.5977674722671509]
joint_pos=[0.0, 0.0, 0.0, -0.035999998450279236, 0.5400000214576721, 0.0] imu_ang_vel=[-0.16512101888656616, 0.019175345078110695, 0.15553335845470428] imu_quat_wxyz=[0.7797569632530212, 0.05451422557234764, 0.17799265682697296, -0.5977674722671509]
joint_pos=[0.0, 0.0, 0.0, -0.035999998450279236, 0.5400000214576721, 0.0] imu_ang_vel=[-0.17470869421958923, 0.03622009605169296, 0.18216577172279358] imu_quat_wxyz=[0.7831553816795349, 0.05247588828206062, 0.1794852763414383, -0.5930420756340027]
joint_pos=[0.0, 0.0, 0.0, -0.035999998450279236, 0.5400000214576721, 0.0] imu_ang_vel=[-0.17470869421958923, 0.03622009605169296, 0.18216577172279358] imu_quat_wxyz=[0.7831553816795349, 0.05247588828206062, 0.1794852763414383, -0.5930420756340027]
joint_pos=[0.0, 0.0, 0.0, -0.035999998450279236, 0.5400000214576721, 0.0] imu_ang_vel=[-0.17896988987922668, 0.049003660678863525, 0.20560230314731598] imu_quat_wxyz=[0.7865541577339172, 0.05060163140296936, 0.18100303411483765, -0.5882260799407959]
joint_pos=[0.0, 0.0, 0.0, -0.035999998450279236, 0.5400000214576721, 0.0] imu_ang_vel=[-0.17896988987922668, 0.049003660678863525, 0.20560230314731598] imu_quat_wxyz=[0.7865541577339172, 0.05060163140296936, 0.18100303411483765, -0.5882260799407959]
joint_pos=[0.0, 0.0, 0.0, -0.035999998450279236, 0.5400000214576721, 0.0] imu_ang_vel=[-0.18110047280788422, 0.060721926391124725, 0.23649592697620392] imu_quat_wxyz=[0.78999263048172, 0.048913367092609406, 0.18253155052661896, -0.5832679271697998]
joint_pos=[0.0, 0.0, 0.0, -0.035999998450279236, 0.5400000214576721, 0.0] imu_ang_vel=[-0.18110047280788422, 0.060721926391124725, 0.23649592697620392] imu_quat_wxyz=[0.78999263048172, 0.048913367092609406, 0.18253155052661896, -0.5832679271697998]
joint_pos=[0.0, 0.0, 0.0, -0.035999998450279236, 0.5400000214576721, 0.0] imu_ang_vel=[-0.18110047280788422, 0.06924430280923843, 0.26738953590393066] imu_quat_wxyz=[0.7927008271217346, 0.04783089831471443, 0.1836678385734558, -0.5793130993843079]
joint_pos=[0.0, 0.0, 0.0, -0.035999998450279236, 0.5400000214576721, 0.0] imu_ang_vel=[-0.18110047280788422, 0.06924430280923843, 0.26738953590393066] imu_quat_wxyz=[0.7927008271217346, 0.04783089831471443, 0.1836678385734558, -0.5793130993843079]
joint_pos=[0.0, 0.0, 0.0, -0.035999998450279236, 0.5400000214576721, 0.0] imu_ang_vel=[-0.17470869421958923, 0.07670138031244278, 0.287630170583725] imu_quat_wxyz=[0.7963237166404724, 0.04650940001010895, 0.18505001068115234, -0.5739877223968506]
joint_pos=[0.0, 0.0, 0.0, -0.035999998450279236, 0.5400000214576721, 0.0] imu_ang_vel=[-0.17470869421958923, 0.07670138031244278, 0.287630170583725] imu_quat_wxyz=[0.7963237166404724, 0.04650940001010895, 0.18505001068115234, -0.5739877223968506]
joint_pos=[0.0, 0.0, 0.0, -0.035999998450279236, 0.5400000214576721, 0.0] imu_ang_vel=[-0.164055734872818, 0.08309315890073776, 0.30041372776031494] imu_quat_wxyz=[0.7997984290122986, 0.045291781425476074, 0.18618856370449066, -0.5688628554344177]
joint_pos=[0.0, 0.0, 0.0, -0.035999998450279236, 0.5400000214576721, 0.0] imu_ang_vel=[-0.164055734872818, 0.08309315890073776, 0.30041372776031494] imu_quat_wxyz=[0.7997984290122986, 0.045291781425476074, 0.18618856370449066, -0.5688628554344177]
joint_pos=[0.0, 0.0, 0.0, -0.035999998450279236, 0.5400000214576721, 0.0] imu_ang_vel=[-0.1523374617099762, 0.08415845781564713, 0.32065439224243164] imu_quat_wxyz=[0.8032153844833374, 0.04420594871044159, 0.18708287179470062, -0.563818097114563]
joint_pos=[0.0, 0.0, 0.0, -0.035999998450279236, 0.5400000214576721, 0.0] imu_ang_vel=[-0.1523374617099762, 0.08415845781564713, 0.32065439224243164] imu_quat_wxyz=[0.8032153844833374, 0.04420594871044159, 0.18708287179470062, -0.563818097114563]
joint_pos=[0.0, 0.0, 0.0, -0.035999998450279236, 0.5400000214576721, 0.0] imu_ang_vel=[-0.1438150852918625, 0.07883197069168091, 0.34941738843917847] imu_quat_wxyz=[0.8066130876541138, 0.04316004365682602, 0.1877027153968811, -0.5588203072547913]
joint_pos=[0.0, 0.0, 0.0, -0.035999998450279236, 0.5400000214576721, 0.0] imu_ang_vel=[-0.1438150852918625, 0.07883197069168091, 0.34941738843917847] imu_quat_wxyz=[0.8066130876541138, 0.04316004365682602, 0.1877027153968811, -0.5588203072547913]
joint_pos=[0.0, 0.0, 0.0, -0.035999998450279236, 0.5400000214576721, 0.0] imu_ang_vel=[-0.12996622920036316, 0.06817900389432907, 0.36433154344558716] imu_quat_wxyz=[0.8099890351295471, 0.04219198226928711, 0.18822626769542694, -0.5538128018379211]
joint_pos=[0.0, 0.0, 0.0, -0.035999998450279236, 0.5400000214576721, 0.0] imu_ang_vel=[-0.12996622920036316, 0.06817900389432907, 0.36433154344558716] imu_quat_wxyz=[0.8099890351295471, 0.04219198226928711, 0.18822626769542694, -0.5538128018379211]
joint_pos=[0.0, 0.0, 0.0, -0.035999998450279236, 0.5400000214576721, 0.0] imu_ang_vel=[-0.10333380103111267, 0.057526033371686935, 0.3483521044254303] imu_quat_wxyz=[0.8131451606750488, 0.04141826927661896, 0.18861883878707886, -0.5490922927856445]
joint_pos=[0.0, 0.0, 0.0, -0.035999998450279236, 0.5400000214576721, 0.0] imu_ang_vel=[-0.10333380103111267, 0.057526033371686935, 0.3483521044254303] imu_quat_wxyz=[0.8131451606750488, 0.04141826927661896, 0.18861883878707886, -0.5490922927856445]
joint_pos=[0.0, 0.0, 0.0, -0.035999998450279236, 0.5400000214576721, 0.0] imu_ang_vel=[-0.07670138031244278, 0.04367717355489731, 0.328111469745636] imu_quat_wxyz=[0.8158924579620361, 0.04073423892259598, 0.18864956498146057, -0.5450426340103149]
joint_pos=[0.0, 0.0, 0.0, -0.035999998450279236, 0.5400000214576721, 0.0] imu_ang_vel=[-0.07670138031244278, 0.04367717355489731, 0.328111469745636] imu_quat_wxyz=[0.8158924579620361, 0.04073423892259598, 0.18864956498146057, -0.5450426340103149]
joint_pos=[0.0, 0.0, 0.0, -0.035999998450279236, 0.5400000214576721, 0.0] imu_ang_vel=[-0.057526033371686935, 0.025567125529050827, 0.32385027408599854] imu_quat_wxyz=[0.8183996081352234, 0.04003974422812462, 0.18821650743484497, -0.5414733290672302]
joint_pos=[0.0, 0.0, 0.0, -0.035999998450279236, 0.5400000214576721, 0.0] imu_ang_vel=[-0.057526033371686935, 0.025567125529050827, 0.32385027408599854] imu_quat_wxyz=[0.8183996081352234, 0.04003974422812462, 0.18821650743484497, -0.5414733290672302]
joint_pos=[0.0, 0.0, 0.0, -0.035999998450279236, 0.5400000214576721, 0.0] imu_ang_vel=[-0.045807767659425735, 0.0, 0.32917675375938416] imu_quat_wxyz=[0.8209102749824524, 0.039314333349466324, 0.18728527426719666, -0.5380380749702454]
joint_pos=[0.0, 0.0, 0.0, -0.035999998450279236, 0.5400000214576721, 0.0] imu_ang_vel=[-0.045807767659425735, 0.0, 0.32917675375938416] imu_quat_wxyz=[0.8209102749824524, 0.039314333349466324, 0.18728527426719666, -0.5380380749702454]
joint_pos=[0.0, 0.0, 0.0, -0.035999998450279236, 0.5400000214576721, 0.0] imu_ang_vel=[-0.03302420675754547, -0.019175345078110695, 0.3249155580997467] imu_quat_wxyz=[0.8233002424240112, 0.03852413594722748, 0.18610185384750366, -0.5348445177078247]
joint_pos=[0.0, 0.0, 0.0, -0.035999998450279236, 0.5400000214576721, 0.0] imu_ang_vel=[-0.03302420675754547, -0.019175345078110695, 0.3249155580997467] imu_quat_wxyz=[0.8233002424240112, 0.03852413594722748, 0.18610185384750366, -0.5348445177078247]
joint_pos=[0.0, 0.0, 0.0, -0.035999998450279236, 0.5400000214576721, 0.0] imu_ang_vel=[-0.02024064213037491, -0.039415985345840454, 0.31213200092315674] imu_quat_wxyz=[0.8256084322929382, 0.037721820175647736, 0.18463994562625885, -0.531842052936554]
joint_pos=[0.0, 0.0, 0.0, -0.035999998450279236, 0.5400000214576721, 0.0] imu_ang_vel=[-0.02024064213037491, -0.039415985345840454, 0.31213200092315674] imu_quat_wxyz=[0.8256084322929382, 0.037721820175647736, 0.18463994562625885, -0.531842052936554]
joint_pos=[0.0, 0.0, 0.0, -0.035999998450279236, 0.5400000214576721, 0.0] imu_ang_vel=[-0.015979453921318054, -0.06178722158074379, 0.3046749234199524] imu_quat_wxyz=[0.8277866244316101, 0.036818020045757294, 0.18291206657886505, -0.529109537601471]
joint_pos=[0.0, 0.0, 0.0, -0.035999998450279236, 0.5400000214576721, 0.0] imu_ang_vel=[-0.015979453921318054, -0.06178722158074379, 0.3046749234199524] imu_quat_wxyz=[0.8277866244316101, 0.036818020045757294, 0.18291206657886505, -0.529109537601471]
joint_pos=[0.0, 0.0, 0.0, -0.035999998450279236, 0.5400000214576721, 0.0] imu_ang_vel=[-0.01491415686905384, -0.08522375673055649, 0.30254432559013367] imu_quat_wxyz=[0.8298439383506775, 0.03568177670240402, 0.18102328479290009, -0.5266083478927612]
joint_pos=[0.0, 0.0, 0.0, -0.035999998450279236, 0.5400000214576721, 0.0] imu_ang_vel=[-0.01491415686905384, -0.08522375673055649, 0.30254432559013367] imu_quat_wxyz=[0.8298439383506775, 0.03568177670240402, 0.18102328479290009, -0.5266083478927612]
joint_pos=[0.0, 0.0, 0.0, -0.035999998450279236, 0.5400000214576721, 0.0] imu_ang_vel=[-0.013848859816789627, -0.10652969032526016, 0.287630170583725] imu_quat_wxyz=[0.8317834138870239, 0.03434906527400017, 0.17910663783550262, -0.5242875218391418]
joint_pos=[0.0, 0.0, 0.0, -0.035999998450279236, 0.5400000214576721, 0.0] imu_ang_vel=[-0.013848859816789627, -0.10652969032526016, 0.287630170583725] imu_quat_wxyz=[0.8317834138870239, 0.03434906527400017, 0.17910663783550262, -0.5242875218391418]
joint_pos=[0.0, 0.0, 0.0, -0.035999998450279236, 0.5400000214576721, 0.0] imu_ang_vel=[0.0, -0.12677033245563507, 0.2546059787273407] imu_quat_wxyz=[0.833422064781189, 0.033024657517671585, 0.17713314294815063, -0.522437334060669]
joint_pos=[0.0, 0.0, 0.0, -0.035999998450279236, 0.5400000214576721, 0.0] imu_ang_vel=[0.0, -0.12677033245563507, 0.2546059787273407] imu_quat_wxyz=[0.833422064781189, 0.033024657517671585, 0.17713314294815063, -0.522437334060669]
joint_pos=[0.0, 0.0, 0.0, -0.035999998450279236, 0.5400000214576721, 0.0] imu_ang_vel=[0.0, -0.13635800778865814, 0.2109287977218628] imu_quat_wxyz=[0.834648072719574, 0.031615450978279114, 0.17506776750087738, -0.5212621688842773]
joint_pos=[0.0, 0.0, 0.0, -0.035999998450279236, 0.5400000214576721, 0.0] imu_ang_vel=[0.0, -0.13635800778865814, 0.2109287977218628] imu_quat_wxyz=[0.834648072719574, 0.031615450978279114, 0.17506776750087738, -0.5212621688842773]
joint_pos=[0.0, 0.0, 0.0, -0.035999998450279236, 0.5400000214576721, 0.0] imu_ang_vel=[0.0, -0.1491415649652481, 0.199210524559021] imu_quat_wxyz=[0.8357157111167908, 0.030250240117311478, 0.1728154718875885, -0.5203834176063538]
joint_pos=[0.0, 0.0, 0.0, -0.035999998450279236, 0.5400000214576721, 0.0] imu_ang_vel=[0.0, -0.1491415649652481, 0.199210524559021] imu_quat_wxyz=[0.8357157111167908, 0.030250240117311478, 0.1728154718875885, -0.5203834176063538]
joint_pos=[0.0, 0.0, 0.0, -0.035999998450279236, 0.5400000214576721, 0.0] imu_ang_vel=[-0.034089501947164536, -0.16618631780147552, 0.23543062806129456] imu_quat_wxyz=[0.8368530869483948, 0.02903406322002411, 0.17123620212078094, -0.5191454887390137]
joint_pos=[0.0, 0.0, 0.0, -0.035999998450279236, 0.5400000214576721, 0.0] imu_ang_vel=[-0.034089501947164536, -0.16618631780147552, 0.23543062806129456] imu_quat_wxyz=[0.8368530869483948, 0.02903406322002411, 0.17123620212078094, -0.5191454887390137]
joint_pos=[0.0, 0.0, 0.0, -0.035999998450279236, 0.5400000214576721, 0.0] imu_ang_vel=[-0.04367717355489731, -0.17151281237602234, 0.21518997848033905] imu_quat_wxyz=[0.8383428454399109, 0.02714582532644272, 0.16938461363315582, -0.5174486637115479]
joint_pos=[0.0, 0.0, 0.0, -0.035999998450279236, 0.5400000214576721, 0.0] imu_ang_vel=[-0.04367717355489731, -0.17151281237602234, 0.21518997848033905] imu_quat_wxyz=[0.8383428454399109, 0.02714582532644272, 0.16938461363315582, -0.5174486637115479]
joint_pos=[0.0, 0.0, 0.0, -0.035999998450279236, 0.5400000214576721, 0.0] imu_ang_vel=[-0.04793836176395416, -0.1693822145462036, 0.18216577172279358] imu_quat_wxyz=[0.8394747972488403, 0.025326022878289223, 0.16786237061023712, -0.5162003040313721]
joint_pos=[0.0, 0.0, 0.0, -0.035999998450279236, 0.5400000214576721, 0.0] imu_ang_vel=[-0.04793836176395416, -0.1693822145462036, 0.18216577172279358] imu_quat_wxyz=[0.8394747972488403, 0.025326022878289223, 0.16786237061023712, -0.5162003040313721]
joint_pos=[0.0, 0.0, 0.0, -0.035999998450279236, 0.5400000214576721, 0.0] imu_ang_vel=[-0.05006895586848259, -0.164055734872818, 0.1459456831216812] imu_quat_wxyz=[0.8402898907661438, 0.023651201277971268, 0.16639867424964905, -0.5154269933700562]
joint_pos=[0.0, 0.0, 0.0, -0.035999998450279236, 0.5400000214576721, 0.0] imu_ang_vel=[-0.05006895586848259, -0.164055734872818, 0.1459456831216812] imu_quat_wxyz=[0.8402898907661438, 0.023651201277971268, 0.16639867424964905, -0.5154269933700562]
joint_pos=[0.0, 0.0, 0.0, -0.035999998450279236, 0.5400000214576721, 0.0] imu_ang_vel=[-0.06924430280923843, -0.15766394138336182, 0.15127216279506683] imu_quat_wxyz=[0.8410356044769287, 0.022041520103812218, 0.16529937088489532, -0.5146352648735046]
joint_pos=[0.0, 0.0, 0.0, -0.035999998450279236, 0.5400000214576721, 0.0] imu_ang_vel=[-0.06924430280923843, -0.15766394138336182, 0.15127216279506683] imu_quat_wxyz=[0.8410356044769287, 0.022041520103812218, 0.16529937088489532, -0.5146352648735046]
joint_pos=[0.0, 0.0, 0.0, -0.035999998450279236, 0.5400000214576721, 0.0] imu_ang_vel=[-0.08096256852149963, -0.1459456831216812, 0.13955390453338623] imu_quat_wxyz=[0.8418031930923462, 0.020461993291974068, 0.16454079747200012, -0.5136876702308655]
joint_pos=[0.0, 0.0, 0.0, -0.035999998450279236, 0.5400000214576721, 0.0] imu_ang_vel=[-0.08096256852149963, -0.1459456831216812, 0.13955390453338623] imu_quat_wxyz=[0.8418031930923462, 0.020461993291974068, 0.16454079747200012, -0.5136876702308655]
joint_pos=[0.0, 0.0, 0.0, -0.035999998450279236, 0.5400000214576721, 0.0] imu_ang_vel=[-0.08735434710979462, -0.12783563137054443, 0.11611736565828323] imu_quat_wxyz=[0.842354416847229, 0.01913338154554367, 0.16411735117435455, -0.5129700899124146]
joint_pos=[0.0, 0.0, 0.0, -0.035999998450279236, 0.5400000214576721, 0.0] imu_ang_vel=[-0.08735434710979462, -0.12783563137054443, 0.11611736565828323] imu_quat_wxyz=[0.842354416847229, 0.01913338154554367, 0.16411735117435455, -0.5129700899124146]
joint_pos=[0.0, 0.0, 0.0, -0.035999998450279236, 0.5400000214576721, 0.0] imu_ang_vel=[-0.09481142461299896, -0.10759498924016953, 0.10652969032526016] imu_quat_wxyz=[0.84267258644104, 0.01790819875895977, 0.1640438586473465, -0.5125152468681335]
joint_pos=[0.0, 0.0, 0.0, -0.035999998450279236, 0.5400000214576721, 0.0] imu_ang_vel=[-0.09481142461299896, -0.10759498924016953, 0.10652969032526016] imu_quat_wxyz=[0.84267258644104, 0.01790819875895977, 0.1640438586473465, -0.5125152468681335]
joint_pos=[0.0, 0.0, 0.0, -0.035999998450279236, 0.5400000214576721, 0.0] imu_ang_vel=[-0.10120321065187454, -0.08841964602470398, 0.09907261282205582] imu_quat_wxyz=[0.8428570032119751, 0.016888055950403214, 0.16434045135974884, -0.512151300907135]
joint_pos=[0.0, 0.0, 0.0, -0.035999998450279236, 0.5400000214576721, 0.0] imu_ang_vel=[-0.10120321065187454, -0.08841964602470398, 0.09907261282205582] imu_quat_wxyz=[0.8428570032119751, 0.016888055950403214, 0.16434045135974884, -0.512151300907135]
joint_pos=[0.0, 0.0, 0.0, -0.035999998450279236, 0.5400000214576721, 0.0] imu_ang_vel=[-0.10333380103111267, -0.06391781568527222, 0.07989726960659027] imu_quat_wxyz=[0.8428356051445007, 0.016281256452202797, 0.1648392528295517, -0.5120459198951721]
joint_pos=[0.0, 0.0, 0.0, -0.035999998450279236, 0.5400000214576721, 0.0] imu_ang_vel=[-0.10333380103111267, -0.06391781568527222, 0.07989726960659027] imu_quat_wxyz=[0.8428356051445007, 0.016281256452202797, 0.1648392528295517, -0.5120459198951721]
joint_pos=[0.0, 0.0, 0.0, -0.035999998450279236, 0.5400000214576721, 0.0] imu_ang_vel=[-0.10013791173696518, -0.03835069015622139, 0.06178722158074379] imu_quat_wxyz=[0.8425973057746887, 0.015858124941587448, 0.16589556634426117, -0.5121103525161743]
joint_pos=[0.0, 0.0, 0.0, -0.035999998450279236, 0.5400000214576721, 0.0] imu_ang_vel=[-0.10013791173696518, -0.03835069015622139, 0.06178722158074379] imu_quat_wxyz=[0.8425973057746887, 0.015858124941587448, 0.16589556634426117, -0.5121103525161743]
joint_pos=[0.0, 0.0, 0.0, -0.035999998450279236, 0.5400000214576721, 0.0] imu_ang_vel=[-0.09268083423376083, -0.012783562764525414, 0.03728539124131203] imu_quat_wxyz=[0.8420785069465637, 0.015774333849549294, 0.16723458468914032, -0.5125305652618408]
joint_pos=[0.0, 0.0, 0.0, -0.035999998450279236, 0.5400000214576721, 0.0] imu_ang_vel=[-0.09268083423376083, -0.012783562764525414, 0.03728539124131203] imu_quat_wxyz=[0.8420785069465637, 0.015774333849549294, 0.16723458468914032, -0.5125305652618408]
joint_pos=[0.0, 0.0, 0.0, -0.035999998450279236, 0.5400000214576721, 0.0] imu_ang_vel=[-0.08309315890073776, 0.013848859816789627, 0.01491415686905384] imu_quat_wxyz=[0.8412867188453674, 0.016016772016882896, 0.16871388256549835, -0.5133379697799683]
joint_pos=[0.0, 0.0, 0.0, -0.035999998450279236, 0.5400000214576721, 0.0] imu_ang_vel=[-0.08309315890073776, 0.013848859816789627, 0.01491415686905384] imu_quat_wxyz=[0.8412867188453674, 0.016016772016882896, 0.16871388256549835, -0.5133379697799683]
joint_pos=[0.0, 0.0, 0.0, -0.035999998450279236, 0.5400000214576721, 0.0] imu_ang_vel=[-0.07137489318847656, 0.03835069015622139, 0.0] imu_quat_wxyz=[0.8402515053749084, 0.016682976856827736, 0.17030096054077148, -0.5144866704940796]
joint_pos=[0.0, 0.0, 0.0, -0.035999998450279236, 0.5400000214576721, 0.0] imu_ang_vel=[-0.07137489318847656, 0.03835069015622139, 0.0] imu_quat_wxyz=[0.8402515053749084, 0.016682976856827736, 0.17030096054077148, -0.5144866704940796]
joint_pos=[0.0, 0.0, 0.0, -0.035999998450279236, 0.5400000214576721, 0.0] imu_ang_vel=[-0.060721926391124725, 0.060721926391124725, -0.011718266643583775] imu_quat_wxyz=[0.8390559554100037, 0.017618948593735695, 0.17181584239006042, -0.5159010291099548]
joint_pos=[0.0, 0.0, 0.0, -0.035999998450279236, 0.5400000214576721, 0.0] imu_ang_vel=[-0.060721926391124725, 0.060721926391124725, -0.011718266643583775] imu_quat_wxyz=[0.8390559554100037, 0.017618948593735695, 0.17181584239006042, -0.5159010291099548]
joint_pos=[0.0, 0.0, 0.0, -0.035999998450279236, 0.5400000214576721, 0.0] imu_ang_vel=[-0.049003660678863525, 0.07670138031244278, -0.022371236234903336] imu_quat_wxyz=[0.8377182483673096, 0.018822139129042625, 0.17343366146087646, -0.5174887180328369]
joint_pos=[0.0, 0.0, 0.0, -0.035999998450279236, 0.5400000214576721, 0.0] imu_ang_vel=[-0.049003660678863525, 0.07670138031244278, -0.022371236234903336] imu_quat_wxyz=[0.8377182483673096, 0.018822139129042625, 0.17343366146087646, -0.5174887180328369]
joint_pos=[0.0, 0.0, 0.0, -0.035999998450279236, 0.5400000214576721, 0.0] imu_ang_vel=[-0.02343653328716755, 0.09587672352790833, -0.05646073818206787] imu_quat_wxyz=[0.8361442685127258, 0.02031766250729561, 0.17516888678073883, -0.519389808177948]
joint_pos=[0.0, 0.0, 0.0, -0.035999998450279236, 0.5400000214576721, 0.0] imu_ang_vel=[-0.02343653328716755, 0.09587672352790833, -0.05646073818206787] imu_quat_wxyz=[0.8361442685127258, 0.02031766250729561, 0.17516888678073883, -0.519389808177948]
joint_pos=[0.0, 0.0, 0.0, -0.035999998450279236, 0.5400000214576721, 0.0] imu_ang_vel=[0.0, 0.11185617744922638, -0.082027867436409] imu_quat_wxyz=[0.8342496156692505, 0.022376714274287224, 0.17683936655521393, -0.521780252456665]
joint_pos=[0.0, 0.0, 0.0, -0.035999998450279236, 0.5400000214576721, 0.0] imu_ang_vel=[0.0, 0.11185617744922638, -0.082027867436409] imu_quat_wxyz=[0.8342496156692505, 0.022376714274287224, 0.17683936655521393, -0.521780252456665]
joint_pos=[0.0, 0.0, 0.0, -0.035999998450279236, 0.5400000214576721, 0.0] imu_ang_vel=[0.0, 0.11931325495243073, -0.0585913322865963] imu_quat_wxyz=[0.8324503302574158, 0.024646015837788582, 0.17839254438877106, -0.5240181684494019]
joint_pos=[0.0, 0.0, 0.0, -0.035999998450279236, 0.5400000214576721, 0.0] imu_ang_vel=[0.0, 0.11931325495243073, -0.0585913322865963] imu_quat_wxyz=[0.8324503302574158, 0.024646015837788582, 0.17839254438877106, -0.5240181684494019]
joint_pos=[0.0, 0.0, 0.0, -0.035999998450279236, 0.5400000214576721, 0.0] imu_ang_vel=[0.0, 0.1289009302854538, 0.0] imu_quat_wxyz=[0.8311126828193665, 0.027180049568414688, 0.18036402761936188, -0.5253396034240723]
joint_pos=[0.0, 0.0, 0.0, -0.035999998450279236, 0.5400000214576721, 0.0] imu_ang_vel=[0.0, 0.1289009302854538, 0.0] imu_quat_wxyz=[0.8311126828193665, 0.027180049568414688, 0.18036402761936188, -0.5253396034240723]
joint_pos=[0.0, 0.0, 0.0, -0.035999998450279236, 0.5400000214576721, 0.0] imu_ang_vel=[0.05539543926715851, 0.14488038420677185, -0.1257050335407257] imu_quat_wxyz=[0.8292428851127625, 0.029365288093686104, 0.18244580924510956, -0.5274536609649658]
joint_pos=[0.0, 0.0, 0.0, -0.035999998450279236, 0.5400000214576721, 0.0] imu_ang_vel=[0.05539543926715851, 0.14488038420677185, -0.1257050335407257] imu_quat_wxyz=[0.8292428851127625, 0.029365288093686104, 0.18244580924510956, -0.5274536609649658]
joint_pos=[0.0, 0.0, 0.0, -0.035999998450279236, 0.5400000214576721, 0.0] imu_ang_vel=[0.10972558706998825, 0.15659864246845245, -0.23649592697620392] imu_quat_wxyz=[0.825819730758667, 0.03230593353509903, 0.18371322751045227, -0.5321912169456482]
joint_pos=[0.0, 0.0, 0.0, -0.035999998450279236, 0.5400000214576721, 0.0] imu_ang_vel=[0.10972558706998825, 0.15659864246845245, -0.23649592697620392] imu_quat_wxyz=[0.825819730758667, 0.03230593353509903, 0.18371322751045227, -0.5321912169456482]
joint_pos=[0.0, 0.0, 0.0, -0.035999998450279236, 0.5400000214576721, 0.0] imu_ang_vel=[0.082027867436409, 0.13955390453338623, -0.13422740995883942] imu_quat_wxyz=[0.8237833380699158, 0.034731097519397736, 0.1844232827425003, -0.5349417328834534]
joint_pos=[0.0, 0.0, 0.0, -0.035999998450279236, 0.5400000214576721, 0.0] imu_ang_vel=[0.082027867436409, 0.13955390453338623, -0.13422740995883942] imu_quat_wxyz=[0.8237833380699158, 0.034731097519397736, 0.1844232827425003, -0.5349417328834534]
joint_pos=[0.0, 0.0, 0.0, -0.035999998450279236, 0.5400000214576721, 0.0] imu_ang_vel=[0.0937461331486702, 0.1289009302854538, -0.13955390453338623] imu_quat_wxyz=[0.8216033577919006, 0.03741559758782387, 0.18527154624462128, -0.5378125309944153]
joint_pos=[0.0, 0.0, 0.0, -0.035999998450279236, 0.5400000214576721, 0.0] imu_ang_vel=[0.0937461331486702, 0.1289009302854538, -0.13955390453338623] imu_quat_wxyz=[0.8216033577919006, 0.03741559758782387, 0.18527154624462128, -0.5378125309944153]
joint_pos=[0.0, 0.0, 0.0, -0.035999998450279236, 0.5400000214576721, 0.0] imu_ang_vel=[0.11931325495243073, 0.12677033245563507, -0.1842963695526123] imu_quat_wxyz=[0.8190178871154785, 0.04012496396899223, 0.18610802292823792, -0.5412609577178955]
joint_pos=[0.0, 0.0, 0.0, -0.035999998450279236, 0.5400000214576721, 0.0] imu_ang_vel=[0.11931325495243073, 0.12677033245563507, -0.1842963695526123] imu_quat_wxyz=[0.8190178871154785, 0.04012496396899223, 0.18610802292823792, -0.5412609577178955]
joint_pos=[0.0, 0.0, 0.0, -0.035999998450279236, 0.5400000214576721, 0.0] imu_ang_vel=[0.15127216279506683, 0.12144385278224945, -0.24714888632297516] imu_quat_wxyz=[0.8159241676330566, 0.04290380701422691, 0.1865105926990509, -0.5455646514892578]
joint_pos=[0.0, 0.0, 0.0, -0.035999998450279236, 0.5400000214576721, 0.0] imu_ang_vel=[0.15127216279506683, 0.12144385278224945, -0.24714888632297516] imu_quat_wxyz=[0.8159241676330566, 0.04290380701422691, 0.1865105926990509, -0.5455646514892578]
joint_pos=[0.0, 0.0, 0.0, -0.035999998450279236, 0.5400000214576721, 0.0] imu_ang_vel=[0.14168448746204376, 0.10226850211620331, -0.21199409663677216] imu_quat_wxyz=[0.8129850625991821, 0.04577992856502533, 0.1865546852350235, -0.5496878623962402]
joint_pos=[0.0, 0.0, 0.0, -0.035999998450279236, 0.5400000214576721, 0.0] imu_ang_vel=[0.14168448746204376, 0.10226850211620331, -0.21199409663677216] imu_quat_wxyz=[0.8129850625991821, 0.04577992856502533, 0.1865546852350235, -0.5496878623962402]
joint_pos=[0.0, 0.0, 0.0, -0.035999998450279236, 0.5400000214576721, 0.0] imu_ang_vel=[0.1374233067035675, 0.07989726960659027, -0.19494934380054474] imu_quat_wxyz=[0.8106043934822083, 0.04806015267968178, 0.18653389811515808, -0.553006112575531]
joint_pos=[0.0, 0.0, 0.0, -0.035999998450279236, 0.5400000214576721, 0.0] imu_ang_vel=[0.1374233067035675, 0.07989726960659027, -0.19494934380054474] imu_quat_wxyz=[0.8106043934822083, 0.04806015267968178, 0.18653389811515808, -0.553006112575531]
joint_pos=[0.0, 0.0, 0.0, -0.035999998450279236, 0.5400000214576721, 0.0] imu_ang_vel=[0.15020686388015747, 0.06391781568527222, -0.22477765381336212] imu_quat_wxyz=[0.8081547021865845, 0.05010915920138359, 0.18655578792095184, -0.5563919544219971]
joint_pos=[0.0, 0.0, 0.0, -0.035999998450279236, 0.5400000214576721, 0.0] imu_ang_vel=[0.15020686388015747, 0.06391781568527222, -0.22477765381336212] imu_quat_wxyz=[0.8081547021865845, 0.05010915920138359, 0.18655578792095184, -0.5563919544219971]
joint_pos=[0.0, 0.0, 0.0, -0.035999998450279236, 0.5400000214576721, 0.0] imu_ang_vel=[0.1672516167163849, 0.04793836176395416, -0.2631283402442932] imu_quat_wxyz=[0.8054461479187012, 0.05199624225497246, 0.1863207221031189, -0.5602120161056519]
joint_pos=[0.0, 0.0, 0.0, -0.035999998450279236, 0.5400000214576721, 0.0] imu_ang_vel=[0.1672516167163849, 0.04793836176395416, -0.2631283402442932] imu_quat_wxyz=[0.8054461479187012, 0.05199624225497246, 0.1863207221031189, -0.5602120161056519]
joint_pos=[0.0, 0.0, 0.0, -0.035999998450279236, 0.5400000214576721, 0.0] imu_ang_vel=[0.164055734872818, 0.024501830339431763, -0.2599324584007263] imu_quat_wxyz=[0.8054461479187012, 0.05199624225497246, 0.1863207221031189, -0.5602120161056519]
joint_pos=[0.0, 0.0, 0.0, -0.035999998450279236, 0.5400000214576721, 0.0] imu_ang_vel=[0.164055734872818, 0.024501830339431763, -0.2599324584007263] imu_quat_wxyz=[0.802712082862854, 0.05364007130265236, 0.18573786318302155, -0.5641607642173767]
joint_pos=[0.0, 0.0, 0.0, -0.035999998450279236, 0.5400000214576721, 0.0] imu_ang_vel=[0.15659864246845245, 0.0, -0.2460835874080658] imu_quat_wxyz=[0.802712082862854, 0.05364007130265236, 0.18573786318302155, -0.5641607642173767]
joint_pos=[0.0, 0.0, 0.0, -0.035999998450279236, 0.5400000214576721, 0.0] imu_ang_vel=[0.15659864246845245, 0.0, -0.2460835874080658] imu_quat_wxyz=[0.8003701567649841, 0.05486566573381424, 0.18494106829166412, -0.567621648311615]
joint_pos=[0.0, 0.0, 0.0, -0.035999998450279236, 0.5400000214576721, 0.0] imu_ang_vel=[0.15446805953979492, -0.02024064213037491, -0.2546059787273407] imu_quat_wxyz=[0.8003701567649841, 0.05486566573381424, 0.18494106829166412, -0.567621648311615]
joint_pos=[0.0, 0.0, 0.0, -0.035999998450279236, 0.5400000214576721, 0.0] imu_ang_vel=[0.15446805953979492, -0.02024064213037491, -0.2546059787273407] imu_quat_wxyz=[0.7982063293457031, 0.055865541100502014, 0.1840730756521225, -0.5708439946174622]
joint_pos=[0.0, 0.0, 0.0, -0.035999998450279236, 0.5400000214576721, 0.0] imu_ang_vel=[0.1523374617099762, -0.03835069015622139, -0.2663242220878601] imu_quat_wxyz=[0.7982063293457031, 0.055865541100502014, 0.1840730756521225, -0.5708439946174622]
joint_pos=[0.0, 0.0, 0.0, -0.035999998450279236, 0.5400000214576721, 0.0] imu_ang_vel=[0.1523374617099762, -0.03835069015622139, -0.2663242220878601] imu_quat_wxyz=[0.796126127243042, 0.05662176012992859, 0.18304471671581268, -0.5739963054656982]
joint_pos=[0.0, 0.0, 0.0, -0.035999998450279236, 0.5400000214576721, 0.0] imu_ang_vel=[0.14488038420677185, -0.05326484516263008, -0.2599324584007263] imu_quat_wxyz=[0.7946918606758118, 0.05707349255681038, 0.1822434961795807, -0.5761898756027222]
joint_pos=[0.0, 0.0, 0.0, -0.035999998450279236, 0.5400000214576721, 0.0] imu_ang_vel=[0.14488038420677185, -0.05326484516263008, -0.2599324584007263] imu_quat_wxyz=[0.7946918606758118, 0.05707349255681038, 0.1822434961795807, -0.5761898756027222]
joint_pos=[0.0, 0.0, 0.0, -0.035999998450279236, 0.5400000214576721, 0.0] imu_ang_vel=[0.12996622920036316, -0.07457078248262405, -0.2514100670814514] imu_quat_wxyz=[0.7946918606758118, 0.05707349255681038, 0.1822434961795807, -0.5761898756027222]
joint_pos=[0.0, 0.0, 0.0, -0.035999998450279236, 0.5400000214576721, 0.0] imu_ang_vel=[0.12996622920036316, -0.07457078248262405, -0.2514100670814514] imu_quat_wxyz=[0.79301518201828, 0.0571446493268013, 0.18097472190856934, -0.5788865089416504]
joint_pos=[0.0, 0.0, 0.0, -0.035999998450279236, 0.5400000214576721, 0.0] imu_ang_vel=[0.11824796348810196, -0.08948494493961334, -0.2428877055644989] imu_quat_wxyz=[0.79301518201828, 0.0571446493268013, 0.18097472190856934, -0.5788865089416504]
joint_pos=[0.0, 0.0, 0.0, -0.035999998450279236, 0.5400000214576721, 0.0] imu_ang_vel=[0.11824796348810196, -0.08948494493961334, -0.2428877055644989] imu_quat_wxyz=[0.7915745377540588, 0.05694751814007759, 0.1796807497739792, -0.5812757611274719]
joint_pos=[0.0, 0.0, 0.0, -0.035999998450279236, 0.5400000214576721, 0.0] imu_ang_vel=[0.10439909994602203, -0.10226850211620331, -0.2311694324016571] imu_quat_wxyz=[0.7915745377540588, 0.05694751814007759, 0.1796807497739792, -0.5812757611274719]
joint_pos=[0.0, 0.0, 0.0, -0.035999998450279236, 0.5400000214576721, 0.0] imu_ang_vel=[0.10439909994602203, -0.10226850211620331, -0.2311694324016571] imu_quat_wxyz=[0.7903867959976196, 0.056551091372966766, 0.1784978061914444, -0.58329176902771]
joint_pos=[0.0, 0.0, 0.0, -0.035999998450279236, 0.5400000214576721, 0.0] imu_ang_vel=[0.08628904819488525, -0.1139867752790451, -0.20879819989204407] imu_quat_wxyz=[0.7903867959976196, 0.056551091372966766, 0.1784978061914444, -0.58329176902771]
joint_pos=[0.0, 0.0, 0.0, -0.035999998450279236, 0.5400000214576721, 0.0] imu_ang_vel=[0.08628904819488525, -0.1139867752790451, -0.20879819989204407] imu_quat_wxyz=[0.7895505428314209, 0.055965058505535126, 0.17730265855789185, -0.5848432183265686]
joint_pos=[0.0, 0.0, 0.0, -0.035999998450279236, 0.5400000214576721, 0.0] imu_ang_vel=[0.07137489318847656, -0.12037855386734009, -0.192818745970726] imu_quat_wxyz=[0.7895505428314209, 0.055965058505535126, 0.17730265855789185, -0.5848432183265686]
joint_pos=[0.0, 0.0, 0.0, -0.035999998450279236, 0.5400000214576721, 0.0] imu_ang_vel=[0.07137489318847656, -0.12037855386734009, -0.192818745970726] imu_quat_wxyz=[0.7890223860740662, 0.05524047464132309, 0.17615249752998352, -0.5859714150428772]
joint_pos=[0.0, 0.0, 0.0, -0.035999998450279236, 0.5400000214576721, 0.0] imu_ang_vel=[0.060721926391124725, -0.12144385278224945, -0.1842963695526123] imu_quat_wxyz=[0.7890223860740662, 0.05524047464132309, 0.17615249752998352, -0.5859714150428772]
joint_pos=[0.0, 0.0, 0.0, -0.035999998450279236, 0.5400000214576721, 0.0] imu_ang_vel=[0.060721926391124725, -0.12144385278224945, -0.1842963695526123] imu_quat_wxyz=[0.7887251377105713, 0.05447332561016083, 0.17515136301517487, -0.5867428779602051]
joint_pos=[0.0, 0.0, 0.0, -0.035999998450279236, 0.5400000214576721, 0.0] imu_ang_vel=[0.0468730665743351, -0.11824796348810196, -0.1693822145462036] imu_quat_wxyz=[0.7887251377105713, 0.05447332561016083, 0.17515136301517487, -0.5867428779602051]
joint_pos=[0.0, 0.0, 0.0, -0.035999998450279236, 0.5400000214576721, 0.0] imu_ang_vel=[0.0468730665743351, -0.11824796348810196, -0.1693822145462036] imu_quat_wxyz=[0.788575291633606, 0.053522925823926926, 0.1742064207792282, -0.5873126983642578]
joint_pos=[0.0, 0.0, 0.0, -0.035999998450279236, 0.5400000214576721, 0.0] imu_ang_vel=[0.027697719633579254, -0.11292147636413574, -0.14168448746204376] imu_quat_wxyz=[0.788575291633606, 0.053522925823926926, 0.1742064207792282, -0.5873126983642578]
joint_pos=[0.0, 0.0, 0.0, -0.035999998450279236, 0.5400000214576721, 0.0] imu_ang_vel=[0.027697719633579254, -0.11292147636413574, -0.14168448746204376] imu_quat_wxyz=[0.7886343002319336, 0.052424900233745575, 0.17325903475284576, -0.5876128673553467]
joint_pos=[0.0, 0.0, 0.0, -0.035999998450279236, 0.5400000214576721, 0.0] imu_ang_vel=[0.0, -0.10439909994602203, -0.1054643988609314] imu_quat_wxyz=[0.7886343002319336, 0.052424900233745575, 0.17325903475284576, -0.5876128673553467]
joint_pos=[0.0, 0.0, 0.0, -0.035999998450279236, 0.5400000214576721, 0.0] imu_ang_vel=[0.0, -0.10439909994602203, -0.1054643988609314] imu_quat_wxyz=[0.7890863418579102, 0.05127476900815964, 0.1725933998823166, -0.5873034000396729]
joint_pos=[0.0, 0.0, 0.0, -0.035999998450279236, 0.5400000214576721, 0.0] imu_ang_vel=[-0.01491415686905384, -0.09481142461299896, -0.0703095942735672] imu_quat_wxyz=[0.7890863418579102, 0.05127476900815964, 0.1725933998823166, -0.5873034000396729]
joint_pos=[0.0, 0.0, 0.0, -0.035999998450279236, 0.5400000214576721, 0.0] imu_ang_vel=[-0.01491415686905384, -0.09481142461299896, -0.0703095942735672] imu_quat_wxyz=[0.7899008393287659, 0.05012628436088562, 0.17214205861091614, -0.5864393711090088]
joint_pos=[0.0, 0.0, 0.0, -0.035999998450279236, 0.5400000214576721, 0.0] imu_ang_vel=[-0.028763016685843468, -0.07776667922735214, -0.04367717355489731] imu_quat_wxyz=[0.7899008393287659, 0.05012628436088562, 0.17214205861091614, -0.5864393711090088]
joint_pos=[0.0, 0.0, 0.0, -0.035999998450279236, 0.5400000214576721, 0.0] imu_ang_vel=[-0.028763016685843468, -0.07776667922735214, -0.04367717355489731] imu_quat_wxyz=[0.7909670472145081, 0.04908512905240059, 0.1720678061246872, -0.585110604763031]
joint_pos=[0.0, 0.0, 0.0, -0.035999998450279236, 0.5400000214576721, 0.0] imu_ang_vel=[-0.03835069015622139, -0.05965662747621536, -0.025567125529050827] imu_quat_wxyz=[0.7909670472145081, 0.04908512905240059, 0.1720678061246872, -0.585110604763031]
joint_pos=[0.0, 0.0, 0.0, -0.035999998450279236, 0.5400000214576721, 0.0] imu_ang_vel=[-0.03835069015622139, -0.05965662747621536, -0.025567125529050827] imu_quat_wxyz=[0.7922060489654541, 0.04812844842672348, 0.1723324954509735, -0.5834335088729858]
joint_pos=[0.0, 0.0, 0.0, -0.035999998450279236, 0.5400000214576721, 0.0] imu_ang_vel=[-0.05006895586848259, -0.04154657945036888, 0.0] imu_quat_wxyz=[0.7922060489654541, 0.04812844842672348, 0.1723324954509735, -0.5834335088729858]
joint_pos=[0.0, 0.0, 0.0, -0.035999998450279236, 0.5400000214576721, 0.0] imu_ang_vel=[-0.05006895586848259, -0.04154657945036888, 0.0] imu_quat_wxyz=[0.7935240268707275, 0.047159720212221146, 0.17265421152114868, -0.5816235542297363]
joint_pos=[0.0, 0.0, 0.0, -0.035999998450279236, 0.5400000214576721, 0.0] imu_ang_vel=[-0.05006895586848259, -0.04154657945036888, 0.0] imu_quat_wxyz=[0.7935240268707275, 0.047159720212221146, 0.17265421152114868, -0.5816235542297363]
joint_pos=[0.0, 0.0, 0.0, -0.035999998450279236, 0.5400000214576721, 0.0] imu_ang_vel=[-0.06178722158074379, -0.022371236234903336, 0.02982831373810768] imu_quat_wxyz=[0.7948826551437378, 0.04626581817865372, 0.17312654852867126, -0.5796965956687927]
joint_pos=[0.0, 0.0, 0.0, -0.035999998450279236, 0.5400000214576721, 0.0] imu_ang_vel=[-0.06178722158074379, -0.022371236234903336, 0.02982831373810768] imu_quat_wxyz=[0.7948826551437378, 0.04626581817865372, 0.17312654852867126, -0.5796965956687927]
joint_pos=[0.0, 0.0, 0.0, -0.035999998450279236, 0.5400000214576721, 0.0] imu_ang_vel=[-0.0703095942735672, 0.0, 0.05965662747621536] imu_quat_wxyz=[0.7964059710502625, 0.04541271552443504, 0.17377428710460663, -0.5774752497673035]
joint_pos=[0.0, 0.0, 0.0, -0.035999998450279236, 0.5400000214576721, 0.0] imu_ang_vel=[-0.07244019210338593, 0.011718266643583775, 0.07350549101829529] imu_quat_wxyz=[0.7964059710502625, 0.04541271552443504, 0.17377428710460663, -0.5774752497673035]
joint_pos=[0.0, 0.0, 0.0, -0.035999998450279236, 0.5400000214576721, 0.0] imu_ang_vel=[-0.07244019210338593, 0.011718266643583775, 0.07350549101829529] imu_quat_wxyz=[0.7976009249687195, 0.04480370134115219, 0.17430318892002106, -0.5757114887237549]
joint_pos=[0.0, 0.0, 0.0, -0.035999998450279236, 0.5400000214576721, 0.0] imu_ang_vel=[-0.07244019210338593, 0.011718266643583775, 0.07350549101829529] imu_quat_wxyz=[0.7976009249687195, 0.04480370134115219, 0.17430318892002106, -0.5757114887237549]
joint_pos=[0.0, 0.0, 0.0, -0.035999998450279236, 0.5400000214576721, 0.0] imu_ang_vel=[-0.07244019210338593, 0.03835069015622139, 0.0937461331486702] imu_quat_wxyz=[0.7992591261863708, 0.04442271217703819, 0.17536000907421112, -0.5731145143508911]
joint_pos=[0.0, 0.0, 0.0, -0.035999998450279236, 0.5400000214576721, 0.0] imu_ang_vel=[-0.07244019210338593, 0.03835069015622139, 0.0937461331486702] imu_quat_wxyz=[0.7992591261863708, 0.04442271217703819, 0.17536000907421112, -0.5731145143508911]
joint_pos=[0.0, 0.0, 0.0, -0.035999998450279236, 0.5400000214576721, 0.0] imu_ang_vel=[-0.07457078248262405, 0.05646073818206787, 0.11824796348810196] imu_quat_wxyz=[0.8009811639785767, 0.044147469103336334, 0.17649401724338531, -0.570376992225647]
joint_pos=[0.0, 0.0, 0.0, -0.035999998450279236, 0.5400000214576721, 0.0] imu_ang_vel=[-0.07457078248262405, 0.05646073818206787, 0.11824796348810196] imu_quat_wxyz=[0.8009811639785767, 0.044147469103336334, 0.17649401724338531, -0.570376992225647]
joint_pos=[0.0, 0.0, 0.0, -0.035999998450279236, 0.5400000214576721, 0.0] imu_ang_vel=[-0.07989726960659027, 0.07137489318847656, 0.1491415649652481] imu_quat_wxyz=[0.8027982711791992, 0.043845079839229584, 0.17769667506217957, -0.5674648284912109]
joint_pos=[0.0, 0.0, 0.0, -0.035999998450279236, 0.5400000214576721, 0.0] imu_ang_vel=[-0.07989726960659027, 0.07137489318847656, 0.1491415649652481] imu_quat_wxyz=[0.8027982711791992, 0.043845079839229584, 0.17769667506217957, -0.5674648284912109]
joint_pos=[0.0, 0.0, 0.0, -0.035999998450279236, 0.5400000214576721, 0.0] imu_ang_vel=[-0.07989726960659027, 0.08415845781564713, 0.17470869421958923] imu_quat_wxyz=[0.8046846389770508, 0.04357519373297691, 0.17893297970294952, -0.5644171833992004]
joint_pos=[0.0, 0.0, 0.0, -0.035999998450279236, 0.5400000214576721, 0.0] imu_ang_vel=[-0.07989726960659027, 0.08415845781564713, 0.17470869421958923] imu_quat_wxyz=[0.8046846389770508, 0.04357519373297691, 0.17893297970294952, -0.5644171833992004]
joint_pos=[0.0, 0.0, 0.0, -0.035999998450279236, 0.5400000214576721, 0.0] imu_ang_vel=[-0.07350549101829529, 0.09481142461299896, 0.18536166846752167] imu_quat_wxyz=[0.8065225481987, 0.04338185116648674, 0.18026617169380188, -0.5613763332366943]
joint_pos=[0.0, 0.0, 0.0, -0.035999998450279236, 0.5400000214576721, 0.0] imu_ang_vel=[-0.07350549101829529, 0.09481142461299896, 0.18536166846752167] imu_quat_wxyz=[0.8065225481987, 0.04338185116648674, 0.18026617169380188, -0.5613763332366943]
joint_pos=[0.0, 0.0, 0.0, -0.035999998450279236, 0.5400000214576721, 0.0] imu_ang_vel=[-0.06285251677036285, 0.10120321065187454, 0.18642696738243103] imu_quat_wxyz=[0.8082127571105957, 0.043329618871212006, 0.1815209835767746, -0.558538019657135]
joint_pos=[0.0, 0.0, 0.0, -0.035999998450279236, 0.5400000214576721, 0.0] imu_ang_vel=[-0.06285251677036285, 0.10120321065187454, 0.18642696738243103] imu_quat_wxyz=[0.8082127571105957, 0.043329618871212006, 0.1815209835767746, -0.558538019657135]
joint_pos=[0.0, 0.0, 0.0, -0.035999998450279236, 0.5400000214576721, 0.0] imu_ang_vel=[-0.054330144077539444, 0.10333380103111267, 0.192818745970726] imu_quat_wxyz=[0.809817910194397, 0.04338213428854942, 0.18263544142246246, -0.5558391809463501]
joint_pos=[0.0, 0.0, 0.0, -0.035999998450279236, 0.5400000214576721, 0.0] imu_ang_vel=[-0.054330144077539444, 0.10333380103111267, 0.192818745970726] imu_quat_wxyz=[0.809817910194397, 0.04338213428854942, 0.18263544142246246, -0.5558391809463501]
joint_pos=[0.0, 0.0, 0.0, -0.035999998450279236, 0.5400000214576721, 0.0] imu_ang_vel=[-0.049003660678863525, 0.10120321065187454, 0.20347172021865845] imu_quat_wxyz=[0.8114013671875, 0.043416280299425125, 0.1835797280073166, -0.5532100200653076]
joint_pos=[0.0, 0.0, 0.0, -0.035999998450279236, 0.5400000214576721, 0.0] imu_ang_vel=[-0.049003660678863525, 0.10120321065187454, 0.20347172021865845] imu_quat_wxyz=[0.8114013671875, 0.043416280299425125, 0.1835797280073166, -0.5532100200653076]
joint_pos=[0.0, 0.0, 0.0, -0.035999998450279236, 0.5400000214576721, 0.0] imu_ang_vel=[-0.042611878365278244, 0.09481142461299896, 0.20879819989204407] imu_quat_wxyz=[0.8129450082778931, 0.04338858276605606, 0.18434666097164154, -0.5506852269172668]
joint_pos=[0.0, 0.0, 0.0, -0.035999998450279236, 0.5400000214576721, 0.0] imu_ang_vel=[-0.042611878365278244, 0.09481142461299896, 0.20879819989204407] imu_quat_wxyz=[0.8129450082778931, 0.04338858276605606, 0.18434666097164154, -0.5506852269172668]
joint_pos=[0.0, 0.0, 0.0, -0.035999998450279236, 0.5400000214576721, 0.0] imu_ang_vel=[-0.03302420675754547, 0.08735434710979462, 0.20666760206222534] imu_quat_wxyz=[0.8143983483314514, 0.04332979395985603, 0.18486079573631287, -0.5483649969100952]
joint_pos=[0.0, 0.0, 0.0, -0.035999998450279236, 0.5400000214576721, 0.0] imu_ang_vel=[-0.03302420675754547, 0.08735434710979462, 0.20666760206222534] imu_quat_wxyz=[0.8143983483314514, 0.04332979395985603, 0.18486079573631287, -0.5483649969100952]
joint_pos=[0.0, 0.0, 0.0, -0.035999998450279236, 0.5400000214576721, 0.0] imu_ang_vel=[-0.025567125529050827, 0.07670138031244278, 0.20134112238883972] imu_quat_wxyz=[0.8157234191894531, 0.04321020096540451, 0.18510252237319946, -0.5463197231292725]
joint_pos=[0.0, 0.0, 0.0, -0.035999998450279236, 0.5400000214576721, 0.0] imu_ang_vel=[-0.025567125529050827, 0.07670138031244278, 0.20134112238883972] imu_quat_wxyz=[0.8157234191894531, 0.04321020096540451, 0.18510252237319946, -0.5463197231292725]
joint_pos=[0.0, 0.0, 0.0, -0.035999998450279236, 0.5400000214576721, 0.0] imu_ang_vel=[-0.02343653328716755, 0.06178722158074379, 0.20453700423240662] imu_quat_wxyz=[0.8170271515846252, 0.043062686920166016, 0.18516501784324646, -0.544358491897583]
joint_pos=[0.0, 0.0, 0.0, -0.035999998450279236, 0.5400000214576721, 0.0] imu_ang_vel=[-0.02343653328716755, 0.06178722158074379, 0.20453700423240662] imu_quat_wxyz=[0.8170271515846252, 0.043062686920166016, 0.18516501784324646, -0.544358491897583]
joint_pos=[0.0, 0.0, 0.0, -0.035999998450279236, 0.5400000214576721, 0.0] imu_ang_vel=[-0.021305939182639122, 0.042611878365278244, 0.20453700423240662] imu_quat_wxyz=[0.8184188008308411, 0.04284658655524254, 0.1852470189332962, -0.5422530770301819]
joint_pos=[0.0, 0.0, 0.0, -0.035999998450279236, 0.5400000214576721, 0.0] imu_ang_vel=[-0.021305939182639122, 0.042611878365278244, 0.20453700423240662] imu_quat_wxyz=[0.8184188008308411, 0.04284658655524254, 0.1852470189332962, -0.5422530770301819]
joint_pos=[0.0, 0.0, 0.0, -0.035999998450279236, 0.5400000214576721, 0.0] imu_ang_vel=[-0.01811004802584648, 0.024501830339431763, 0.19494934380054474] imu_quat_wxyz=[0.8197178840637207, 0.04233856871724129, 0.18503881990909576, -0.5403986573219299]
joint_pos=[0.0, 0.0, 0.0, -0.035999998450279236, 0.5400000214576721, 0.0] imu_ang_vel=[-0.01811004802584648, 0.024501830339431763, 0.19494934380054474] imu_quat_wxyz=[0.8197178840637207, 0.04233856871724129, 0.18503881990909576, -0.5403986573219299]
joint_pos=[0.0, 0.0, 0.0, -0.035999998450279236, 0.5400000214576721, 0.0] imu_ang_vel=[-0.011718266643583775, 0.0, 0.17896988987922668] imu_quat_wxyz=[0.8208047747612, 0.04162043333053589, 0.18444880843162537, -0.5390045642852783]
joint_pos=[0.0, 0.0, 0.0, -0.035999998450279236, 0.5400000214576721, 0.0] imu_ang_vel=[-0.011718266643583775, 0.0, 0.17896988987922668] imu_quat_wxyz=[0.8208047747612, 0.04162043333053589, 0.18444880843162537, -0.5390045642852783]
joint_pos=[0.0, 0.0, 0.0, -0.035999998450279236, 0.5400000214576721, 0.0] imu_ang_vel=[0.0, -0.015979453921318054, 0.15979453921318054] imu_quat_wxyz=[0.8217352628707886, 0.04103308171033859, 0.18363697826862335, -0.5379078388214111]
joint_pos=[0.0, 0.0, 0.0, -0.035999998450279236, 0.5400000214576721, 0.0] imu_ang_vel=[0.0, -0.015979453921318054, 0.15979453921318054] imu_quat_wxyz=[0.8217352628707886, 0.04103308171033859, 0.18363697826862335, -0.5379078388214111]
joint_pos=[0.0, 0.0, 0.0, -0.035999998450279236, 0.5400000214576721, 0.0] imu_ang_vel=[0.0, -0.03728539124131203, 0.1459456831216812] imu_quat_wxyz=[0.8225916028022766, 0.0403456911444664, 0.1826815903186798, -0.5369753837585449]
joint_pos=[0.0, 0.0, 0.0, -0.035999998450279236, 0.5400000214576721, 0.0] imu_ang_vel=[0.0, -0.03728539124131203, 0.1459456831216812] imu_quat_wxyz=[0.8225916028022766, 0.0403456911444664, 0.1826815903186798, -0.5369753837585449]
joint_pos=[0.0, 0.0, 0.0, -0.035999998450279236, 0.5400000214576721, 0.0] imu_ang_vel=[-0.011718266643583775, -0.05965662747621536, 0.13529270887374878] imu_quat_wxyz=[0.8232035040855408, 0.03957679867744446, 0.18186651170253754, -0.5363712906837463]
joint_pos=[0.0, 0.0, 0.0, -0.035999998450279236, 0.5400000214576721, 0.0] imu_ang_vel=[-0.011718266643583775, -0.05965662747621536, 0.13529270887374878] imu_quat_wxyz=[0.8232035040855408, 0.03957679867744446, 0.18186651170253754, -0.5363712906837463]
joint_pos=[0.0, 0.0, 0.0, -0.035999998450279236, 0.5400000214576721, 0.0] imu_ang_vel=[-0.017044750973582268, -0.07989726960659027, 0.12463974207639694] imu_quat_wxyz=[0.824017345905304, 0.038451045751571655, 0.1806279420852661, -0.5356216430664062]
joint_pos=[0.0, 0.0, 0.0, -0.035999998450279236, 0.5400000214576721, 0.0] imu_ang_vel=[-0.017044750973582268, -0.07989726960659027, 0.12463974207639694] imu_quat_wxyz=[0.824017345905304, 0.038451045751571655, 0.1806279420852661, -0.5356216430664062]
joint_pos=[0.0, 0.0, 0.0, -0.035999998450279236, 0.5400000214576721, 0.0] imu_ang_vel=[-0.019175345078110695, -0.09694202244281769, 0.1054643988609314] imu_quat_wxyz=[0.8247633576393127, 0.03722978010773659, 0.17934119701385498, -0.5349915623664856]
joint_pos=[0.0, 0.0, 0.0, -0.035999998450279236, 0.5400000214576721, 0.0] imu_ang_vel=[-0.019175345078110695, -0.09694202244281769, 0.1054643988609314] imu_quat_wxyz=[0.8247633576393127, 0.03722978010773659, 0.17934119701385498, -0.5349915623664856]
joint_pos=[0.0, 0.0, 0.0, -0.035999998450279236, 0.5400000214576721, 0.0] imu_ang_vel=[-0.021305939182639122, -0.11079087853431702, 0.08415845781564713] imu_quat_wxyz=[0.8253663182258606, 0.03595002740621567, 0.17805269360542297, -0.5345795154571533]
joint_pos=[0.0, 0.0, 0.0, -0.035999998450279236, 0.5400000214576721, 0.0] imu_ang_vel=[-0.021305939182639122, -0.11079087853431702, 0.08415845781564713] imu_quat_wxyz=[0.8253663182258606, 0.03595002740621567, 0.17805269360542297, -0.5345795154571533]
joint_pos=[0.0, 0.0, 0.0, -0.035999998450279236, 0.5400000214576721, 0.0] imu_ang_vel=[-0.027697719633579254, -0.12357444316148758, 0.07563608139753342] imu_quat_wxyz=[0.8258931636810303, 0.03458814695477486, 0.17667821049690247, -0.5343115925788879]
joint_pos=[0.0, 0.0, 0.0, -0.035999998450279236, 0.5400000214576721, 0.0] imu_ang_vel=[-0.027697719633579254, -0.12357444316148758, 0.07563608139753342] imu_quat_wxyz=[0.8258931636810303, 0.03458814695477486, 0.17667821049690247, -0.5343115925788879]
joint_pos=[0.0, 0.0, 0.0, -0.035999998450279236, 0.5400000214576721, 0.0] imu_ang_vel=[-0.0351547971367836, -0.13422740995883942, 0.06604841351509094] imu_quat_wxyz=[0.8264032006263733, 0.03316622972488403, 0.17538028955459595, -0.5340406894683838]
joint_pos=[0.0, 0.0, 0.0, -0.035999998450279236, 0.5400000214576721, 0.0] imu_ang_vel=[-0.0351547971367836, -0.13422740995883942, 0.06604841351509094] imu_quat_wxyz=[0.8264032006263733, 0.03316622972488403, 0.17538028955459595, -0.5340406894683838]
joint_pos=[0.0, 0.0, 0.0, -0.035999998450279236, 0.5400000214576721, 0.0] imu_ang_vel=[-0.03835069015622139, -0.14168448746204376, 0.05326484516263008] imu_quat_wxyz=[0.8268705606460571, 0.031801167875528336, 0.1741616129875183, -0.5337990522384644]
joint_pos=[0.0, 0.0, 0.0, -0.035999998450279236, 0.5400000214576721, 0.0] imu_ang_vel=[-0.03835069015622139, -0.14168448746204376, 0.05326484516263008] imu_quat_wxyz=[0.8268705606460571, 0.031801167875528336, 0.1741616129875183, -0.5337990522384644]
joint_pos=[0.0, 0.0, 0.0, -0.035999998450279236, 0.5400000214576721, 0.0] imu_ang_vel=[-0.03835069015622139, -0.14168448746204376, 0.034089501947164536] imu_quat_wxyz=[0.8272543549537659, 0.03058422915637493, 0.1730455905199051, -0.5336384177207947]
joint_pos=[0.0, 0.0, 0.0, -0.035999998450279236, 0.5400000214576721, 0.0] imu_ang_vel=[-0.03835069015622139, -0.14168448746204376, 0.034089501947164536] imu_quat_wxyz=[0.8272543549537659, 0.03058422915637493, 0.1730455905199051, -0.5336384177207947]
joint_pos=[0.0, 0.0, 0.0, -0.035999998450279236, 0.5400000214576721, 0.0] imu_ang_vel=[-0.03835069015622139, -0.13955390453338623, 0.015979453921318054] imu_quat_wxyz=[0.8274505734443665, 0.029489915817975998, 0.171977236866951, -0.533741295337677]
joint_pos=[0.0, 0.0, 0.0, -0.035999998450279236, 0.5400000214576721, 0.0] imu_ang_vel=[-0.03835069015622139, -0.13955390453338623, 0.015979453921318054] imu_quat_wxyz=[0.8274505734443665, 0.029489915817975998, 0.171977236866951, -0.533741295337677]
joint_pos=[0.0, 0.0, 0.0, -0.035999998450279236, 0.5400000214576721, 0.0] imu_ang_vel=[-0.04154657945036888, -0.13529270887374878, 0.0] imu_quat_wxyz=[0.8275293707847595, 0.028516754508018494, 0.1709505021572113, -0.5340018272399902]
joint_pos=[0.0, 0.0, 0.0, -0.035999998450279236, 0.5400000214576721, 0.0] imu_ang_vel=[-0.04154657945036888, -0.13529270887374878, 0.0] imu_quat_wxyz=[0.8275293707847595, 0.028516754508018494, 0.1709505021572113, -0.5340018272399902]
joint_pos=[0.0, 0.0, 0.0, -0.035999998450279236, 0.5400000214576721, 0.0] imu_ang_vel=[-0.04367717355489731, -0.1257050335407257, 0.0] imu_quat_wxyz=[0.827518105506897, 0.02763809636235237, 0.17016330361366272, -0.5343168377876282]
joint_pos=[0.0, 0.0, 0.0, -0.035999998450279236, 0.5400000214576721, 0.0] imu_ang_vel=[-0.04367717355489731, -0.1257050335407257, 0.0] imu_quat_wxyz=[0.827518105506897, 0.02763809636235237, 0.17016330361366272, -0.5343168377876282]
joint_pos=[0.0, 0.0, 0.0, -0.035999998450279236, 0.5400000214576721, 0.0] imu_ang_vel=[-0.049003660678863525, -0.11505206674337387, 0.0] imu_quat_wxyz=[0.8274974226951599, 0.026907967403531075, 0.16961029171943665, -0.5345616936683655]
joint_pos=[0.0, 0.0, 0.0, -0.035999998450279236, 0.5400000214576721, 0.0] imu_ang_vel=[-0.049003660678863525, -0.11505206674337387, 0.0] imu_quat_wxyz=[0.8274974226951599, 0.026907967403531075, 0.16961029171943665, -0.5345616936683655]
joint_pos=[0.0, 0.0, 0.0, -0.035999998450279236, 0.5400000214576721, 0.0] imu_ang_vel=[-0.045807767659425735, -0.10333380103111267, 0.0] imu_quat_wxyz=[0.8274748921394348, 0.026478862389922142, 0.16943085193634033, -0.5346750617027283]
joint_pos=[0.0, 0.0, 0.0, -0.035999998450279236, 0.5400000214576721, 0.0] imu_ang_vel=[-0.045807767659425735, -0.10333380103111267, 0.0] imu_quat_wxyz=[0.8274748921394348, 0.026478862389922142, 0.16943085193634033, -0.5346750617027283]
joint_pos=[0.0, 0.0, 0.0, -0.035999998450279236, 0.5400000214576721, 0.0] imu_ang_vel=[-0.03195890784263611, -0.07989726960659027, -0.028763016685843468] imu_quat_wxyz=[0.827187716960907, 0.02633911557495594, 0.16944973170757294, -0.5351199507713318]
joint_pos=[0.0, 0.0, 0.0, -0.035999998450279236, 0.5400000214576721, 0.0] imu_ang_vel=[-0.03195890784263611, -0.07989726960659027, -0.028763016685843468] imu_quat_wxyz=[0.827187716960907, 0.02633911557495594, 0.16944973170757294, -0.5351199507713318]
joint_pos=[0.0, 0.0, 0.0, -0.035999998450279236, 0.5400000214576721, 0.0] imu_ang_vel=[-0.024501830339431763, -0.0585913322865963, -0.039415985345840454] imu_quat_wxyz=[0.8266782760620117, 0.026445580646395683, 0.16952386498451233, -0.5358780026435852]
joint_pos=[0.0, 0.0, 0.0, -0.035999998450279236, 0.5400000214576721, 0.0] imu_ang_vel=[-0.024501830339431763, -0.0585913322865963, -0.039415985345840454] imu_quat_wxyz=[0.8266782760620117, 0.026445580646395683, 0.16952386498451233, -0.5358780026435852]
joint_pos=[0.0, 0.0, 0.0, -0.035999998450279236, 0.5400000214576721, 0.0] imu_ang_vel=[-0.021305939182639122, -0.039415985345840454, -0.03835069015622139] imu_quat_wxyz=[0.8261224031448364, 0.026816079393029213, 0.16980180144309998, -0.5366283059120178]
joint_pos=[0.0, 0.0, 0.0, -0.035999998450279236, 0.5400000214576721, 0.0] imu_ang_vel=[-0.021305939182639122, -0.039415985345840454, -0.03835069015622139] imu_quat_wxyz=[0.8261224031448364, 0.026816079393029213, 0.16980180144309998, -0.5366283059120178]
joint_pos=[0.0, 0.0, 0.0, -0.035999998450279236, 0.5400000214576721, 0.0] imu_ang_vel=[-0.012783562764525414, -0.017044750973582268, -0.042611878365278244] imu_quat_wxyz=[0.8254764080047607, 0.027418464422225952, 0.17024005949497223, -0.5374525189399719]
joint_pos=[0.0, 0.0, 0.0, -0.035999998450279236, 0.5400000214576721, 0.0] imu_ang_vel=[-0.012783562764525414, -0.017044750973582268, -0.042611878365278244] imu_quat_wxyz=[0.8254764080047607, 0.027418464422225952, 0.17024005949497223, -0.5374525189399719]
joint_pos=[0.0, 0.0, 0.0, -0.035999998450279236, 0.5400000214576721, 0.0] imu_ang_vel=[0.0, 0.0, -0.05539543926715851] imu_quat_wxyz=[0.8246133327484131, 0.028317531570792198, 0.17074470221996307, -0.5385696291923523]
joint_pos=[0.0, 0.0, 0.0, -0.035999998450279236, 0.5400000214576721, 0.0] imu_ang_vel=[0.0, 0.0, -0.05539543926715851] imu_quat_wxyz=[0.8246133327484131, 0.028317531570792198, 0.17074470221996307, -0.5385696291923523]
joint_pos=[0.0, 0.0, 0.0, -0.035999998450279236, 0.5400000214576721, 0.0] imu_ang_vel=[0.0, 0.027697719633579254, -0.06285251677036285] imu_quat_wxyz=[0.8236304521560669, 0.029390927404165268, 0.17150861024856567, -0.5397719144821167]
joint_pos=[0.0, 0.0, 0.0, -0.035999998450279236, 0.5400000214576721, 0.0] imu_ang_vel=[0.0, 0.027697719633579254, -0.06285251677036285] imu_quat_wxyz=[0.8236304521560669, 0.029390927404165268, 0.17150861024856567, -0.5397719144821167]
joint_pos=[0.0, 0.0, 0.0, -0.035999998450279236, 0.5400000214576721, 0.0] imu_ang_vel=[0.02024064213037491, 0.05006895586848259, -0.06817900389432907] imu_quat_wxyz=[0.8225316405296326, 0.030734295025467873, 0.17237313091754913, -0.5410957932472229]
joint_pos=[0.0, 0.0, 0.0, -0.035999998450279236, 0.5400000214576721, 0.0] imu_ang_vel=[0.02024064213037491, 0.05006895586848259, -0.06817900389432907] imu_quat_wxyz=[0.8225316405296326, 0.030734295025467873, 0.17237313091754913, -0.5410957932472229]
joint_pos=[0.0, 0.0, 0.0, -0.035999998450279236, 0.5400000214576721, 0.0] imu_ang_vel=[0.027697719633579254, 0.06924430280923843, -0.06924430280923843] imu_quat_wxyz=[0.8213270306587219, 0.03228875622153282, 0.17335952818393707, -0.5425180792808533]
joint_pos=[0.0, 0.0, 0.0, -0.035999998450279236, 0.5400000214576721, 0.0] imu_ang_vel=[0.027697719633579254, 0.06924430280923843, -0.06924430280923843] imu_quat_wxyz=[0.8213270306587219, 0.03228875622153282, 0.17335952818393707, -0.5425180792808533]
joint_pos=[0.0, 0.0, 0.0, -0.035999998450279236, 0.5400000214576721, 0.0] imu_ang_vel=[0.03622009605169296, 0.08628904819488525, -0.06924430280923843] imu_quat_wxyz=[0.8200910687446594, 0.03399547562003136, 0.17447209358215332, -0.5439250469207764]
joint_pos=[0.0, 0.0, 0.0, -0.035999998450279236, 0.5400000214576721, 0.0] imu_ang_vel=[0.03622009605169296, 0.08628904819488525, -0.06924430280923843] imu_quat_wxyz=[0.8200910687446594, 0.03399547562003136, 0.17447209358215332, -0.5439250469207764]
joint_pos=[0.0, 0.0, 0.0, -0.035999998450279236, 0.5400000214576721, 0.0] imu_ang_vel=[0.04367717355489731, 0.10226850211620331, -0.07244019210338593] imu_quat_wxyz=[0.8187786936759949, 0.03579665720462799, 0.17568938434123993, -0.545392632484436]
joint_pos=[0.0, 0.0, 0.0, -0.035999998450279236, 0.5400000214576721, 0.0] imu_ang_vel=[0.04367717355489731, 0.10226850211620331, -0.07244019210338593] imu_quat_wxyz=[0.8187786936759949, 0.03579665720462799, 0.17568938434123993, -0.545392632484436]
joint_pos=[0.0, 0.0, 0.0, -0.035999998450279236, 0.5400000214576721, 0.0] imu_ang_vel=[0.054330144077539444, 0.11611736565828323, -0.07776667922735214] imu_quat_wxyz=[0.8173764944076538, 0.03768013417720795, 0.17693252861499786, -0.5469650030136108]
joint_pos=[0.0, 0.0, 0.0, -0.035999998450279236, 0.5400000214576721, 0.0] imu_ang_vel=[0.054330144077539444, 0.11611736565828323, -0.07776667922735214] imu_quat_wxyz=[0.8173764944076538, 0.03768013417720795, 0.17693252861499786, -0.5469650030136108]
joint_pos=[0.0, 0.0, 0.0, -0.035999998450279236, 0.5400000214576721, 0.0] imu_ang_vel=[0.060721926391124725, 0.1257050335407257, -0.08309315890073776] imu_quat_wxyz=[0.815921425819397, 0.03967859596014023, 0.17827723920345306, -0.5485571026802063]
joint_pos=[0.0, 0.0, 0.0, -0.035999998450279236, 0.5400000214576721, 0.0] imu_ang_vel=[0.060721926391124725, 0.1257050335407257, -0.08309315890073776] imu_quat_wxyz=[0.815921425819397, 0.03967859596014023, 0.17827723920345306, -0.5485571026802063]
joint_pos=[0.0, 0.0, 0.0, -0.035999998450279236, 0.5400000214576721, 0.0] imu_ang_vel=[0.06604841351509094, 0.13103152811527252, -0.08415845781564713] imu_quat_wxyz=[0.8144088387489319, 0.04161373898386955, 0.17957951128482819, -0.5502341389656067]
joint_pos=[0.0, 0.0, 0.0, -0.035999998450279236, 0.5400000214576721, 0.0] imu_ang_vel=[0.06604841351509094, 0.13103152811527252, -0.08415845781564713] imu_quat_wxyz=[0.8144088387489319, 0.04161373898386955, 0.17957951128482819, -0.5502341389656067]
joint_pos=[0.0, 0.0, 0.0, -0.035999998450279236, 0.5400000214576721, 0.0] imu_ang_vel=[0.0703095942735672, 0.13209682703018188, -0.08522375673055649] imu_quat_wxyz=[0.8128915429115295, 0.04348061978816986, 0.18079201877117157, -0.5519338250160217]
joint_pos=[0.0, 0.0, 0.0, -0.035999998450279236, 0.5400000214576721, 0.0] imu_ang_vel=[0.0703095942735672, 0.13209682703018188, -0.08522375673055649] imu_quat_wxyz=[0.8128915429115295, 0.04348061978816986, 0.18079201877117157, -0.5519338250160217]
joint_pos=[0.0, 0.0, 0.0, -0.035999998450279236, 0.5400000214576721, 0.0] imu_ang_vel=[0.07350549101829529, 0.13103152811527252, -0.09161553531885147] imu_quat_wxyz=[0.8113803863525391, 0.045245081186294556, 0.18191832304000854, -0.5536429286003113]
joint_pos=[0.0, 0.0, 0.0, -0.035999998450279236, 0.5400000214576721, 0.0] imu_ang_vel=[0.07350549101829529, 0.13103152811527252, -0.09161553531885147] imu_quat_wxyz=[0.8113803863525391, 0.045245081186294556, 0.18191832304000854, -0.5536429286003113]
joint_pos=[0.0, 0.0, 0.0, -0.035999998450279236, 0.5400000214576721, 0.0] imu_ang_vel=[0.07670138031244278, 0.1257050335407257, -0.09694202244281769] imu_quat_wxyz=[0.8098068237304688, 0.04681795462965965, 0.18288226425647736, -0.5554952621459961]
joint_pos=[0.0, 0.0, 0.0, -0.035999998450279236, 0.5400000214576721, 0.0] imu_ang_vel=[0.07670138031244278, 0.1257050335407257, -0.09694202244281769] imu_quat_wxyz=[0.8098068237304688, 0.04681795462965965, 0.18288226425647736, -0.5554952621459961]
joint_pos=[0.0, 0.0, 0.0, -0.035999998450279236, 0.5400000214576721, 0.0] imu_ang_vel=[0.07563608139753342, 0.1171826645731926, -0.10013791173696518] imu_quat_wxyz=[0.8082364797592163, 0.04821023344993591, 0.18367470800876617, -0.5573985576629639]
joint_pos=[0.0, 0.0, 0.0, -0.035999998450279236, 0.5400000214576721, 0.0] imu_ang_vel=[0.07563608139753342, 0.1171826645731926, -0.10013791173696518] imu_quat_wxyz=[0.8082364797592163, 0.04821023344993591, 0.18367470800876617, -0.5573985576629639]
joint_pos=[0.0, 0.0, 0.0, -0.035999998450279236, 0.5400000214576721, 0.0] imu_ang_vel=[0.07244019210338593, 0.1054643988609314, -0.09481142461299896] imu_quat_wxyz=[0.8068649172782898, 0.04953531548380852, 0.18441571295261383, -0.5590223670005798]
joint_pos=[0.0, 0.0, 0.0, -0.035999998450279236, 0.5400000214576721, 0.0] imu_ang_vel=[0.07244019210338593, 0.1054643988609314, -0.09481142461299896] imu_quat_wxyz=[0.8068649172782898, 0.04953531548380852, 0.18441571295261383, -0.5590223670005798]
joint_pos=[0.0, 0.0, 0.0, -0.035999998450279236, 0.5400000214576721, 0.0] imu_ang_vel=[0.06924430280923843, 0.08948494493961334, -0.09481142461299896] imu_quat_wxyz=[0.8056332468986511, 0.050613969564437866, 0.18506745994091034, -0.5604850649833679]
joint_pos=[0.0, 0.0, 0.0, -0.035999998450279236, 0.5400000214576721, 0.0] imu_ang_vel=[0.06924430280923843, 0.08948494493961334, -0.09481142461299896] imu_quat_wxyz=[0.8056332468986511, 0.050613969564437866, 0.18506745994091034, -0.5604850649833679]
joint_pos=[0.0, 0.0, 0.0, -0.035999998450279236, 0.5400000214576721, 0.0] imu_ang_vel=[0.06711370497941971, 0.07244019210338593, -0.10120321065187454] imu_quat_wxyz=[0.8044154644012451, 0.051440976560115814, 0.18553048372268677, -0.562003493309021]
joint_pos=[0.0, 0.0, 0.0, -0.035999998450279236, 0.5400000214576721, 0.0] imu_ang_vel=[0.06711370497941971, 0.07244019210338593, -0.10120321065187454] imu_quat_wxyz=[0.8044154644012451, 0.051440976560115814, 0.18553048372268677, -0.562003493309021]
joint_pos=[0.0, 0.0, 0.0, -0.035999998450279236, 0.5400000214576721, 0.0] imu_ang_vel=[0.06498311460018158, 0.05326484516263008, -0.1054643988609314] imu_quat_wxyz=[0.8032667636871338, 0.052022188901901245, 0.1857682168483734, -0.5635125637054443]
joint_pos=[0.0, 0.0, 0.0, -0.035999998450279236, 0.5400000214576721, 0.0] imu_ang_vel=[0.06498311460018158, 0.05326484516263008, -0.1054643988609314] imu_quat_wxyz=[0.8032667636871338, 0.052022188901901245, 0.1857682168483734, -0.5635125637054443]
joint_pos=[0.0, 0.0, 0.0, -0.035999998450279236, 0.5400000214576721, 0.0] imu_ang_vel=[0.05965662747621536, 0.03302420675754547, -0.10652969032526016] imu_quat_wxyz=[0.8022220134735107, 0.05241505056619644, 0.18583519756793976, -0.5649404525756836]
joint_pos=[0.0, 0.0, 0.0, -0.035999998450279236, 0.5400000214576721, 0.0] imu_ang_vel=[0.05965662747621536, 0.03302420675754547, -0.10652969032526016] imu_quat_wxyz=[0.8022220134735107, 0.05241505056619644, 0.18583519756793976, -0.5649404525756836]
joint_pos=[0.0, 0.0, 0.0, -0.035999998450279236, 0.5400000214576721, 0.0] imu_ang_vel=[0.054330144077539444, 0.011718266643583775, -0.10759498924016953] imu_quat_wxyz=[0.8013465404510498, 0.05257217958569527, 0.18572543561458588, -0.5662030577659607]
joint_pos=[0.0, 0.0, 0.0, -0.035999998450279236, 0.5400000214576721, 0.0] imu_ang_vel=[0.054330144077539444, 0.011718266643583775, -0.10759498924016953] imu_quat_wxyz=[0.8013465404510498, 0.05257217958569527, 0.18572543561458588, -0.5662030577659607]
joint_pos=[0.0, 0.0, 0.0, -0.035999998450279236, 0.5400000214576721, 0.0] imu_ang_vel=[0.04793836176395416, -0.010652969591319561, -0.10866028815507889] imu_quat_wxyz=[0.8006729483604431, 0.05253530293703079, 0.18550236523151398, -0.5672316551208496]
joint_pos=[0.0, 0.0, 0.0, -0.035999998450279236, 0.5400000214576721, 0.0] imu_ang_vel=[0.04793836176395416, -0.010652969591319561, -0.10866028815507889] imu_quat_wxyz=[0.8006729483604431, 0.05253530293703079, 0.18550236523151398, -0.5672316551208496]
joint_pos=[0.0, 0.0, 0.0, -0.035999998450279236, 0.5400000214576721, 0.0] imu_ang_vel=[0.042611878365278244, -0.03302420675754547, -0.10759498924016953] imu_quat_wxyz=[0.8001752495765686, 0.05229837819933891, 0.1850663423538208, -0.5680976510047913]
joint_pos=[0.0, 0.0, 0.0, -0.035999998450279236, 0.5400000214576721, 0.0] imu_ang_vel=[0.042611878365278244, -0.03302420675754547, -0.10759498924016953] imu_quat_wxyz=[0.8001752495765686, 0.05229837819933891, 0.1850663423538208, -0.5680976510047913]
joint_pos=[0.0, 0.0, 0.0, -0.035999998450279236, 0.5400000214576721, 0.0] imu_ang_vel=[0.03835069015622139, -0.054330144077539444, -0.10866028815507889] imu_quat_wxyz=[0.7997955679893494, 0.05182981491088867, 0.18441015481948853, -0.5688881874084473]
joint_pos=[0.0, 0.0, 0.0, -0.035999998450279236, 0.5400000214576721, 0.0] imu_ang_vel=[0.03835069015622139, -0.054330144077539444, -0.10866028815507889] imu_quat_wxyz=[0.7997955679893494, 0.05182981491088867, 0.18441015481948853, -0.5688881874084473]
joint_pos=[0.0, 0.0, 0.0, -0.035999998450279236, 0.5400000214576721, 0.0] imu_ang_vel=[0.03302420675754547, -0.07350549101829529, -0.10972558706998825] imu_quat_wxyz=[0.7995114326477051, 0.05115547776222229, 0.18356360495090485, -0.569621741771698]
joint_pos=[0.0, 0.0, 0.0, -0.035999998450279236, 0.5400000214576721, 0.0] imu_ang_vel=[0.03302420675754547, -0.07350549101829529, -0.10972558706998825] imu_quat_wxyz=[0.7995114326477051, 0.05115547776222229, 0.18356360495090485, -0.569621741771698]
joint_pos=[0.0, 0.0, 0.0, -0.035999998450279236, 0.5400000214576721, 0.0] imu_ang_vel=[0.02663242258131504, -0.08948494493961334, -0.10120321065187454] imu_quat_wxyz=[0.7993746995925903, 0.05027508735656738, 0.18254582583904266, -0.5702188014984131]
joint_pos=[0.0, 0.0, 0.0, -0.035999998450279236, 0.5400000214576721, 0.0] imu_ang_vel=[0.02663242258131504, -0.08948494493961334, -0.10120321065187454] imu_quat_wxyz=[0.7993746995925903, 0.05027508735656738, 0.18254582583904266, -0.5702188014984131]
joint_pos=[0.0, 0.0, 0.0, -0.035999998450279236, 0.5400000214576721, 0.0] imu_ang_vel=[0.01811004802584648, -0.1054643988609314, -0.08948494493961334] imu_quat_wxyz=[0.7994956970214844, 0.049339331686496735, 0.18145206570625305, -0.5704799294471741]
joint_pos=[0.0, 0.0, 0.0, -0.035999998450279236, 0.5400000214576721, 0.0] imu_ang_vel=[0.01811004802584648, -0.1054643988609314, -0.08948494493961334] imu_quat_wxyz=[0.7994956970214844, 0.049339331686496735, 0.18145206570625305, -0.5704799294471741]
joint_pos=[0.0, 0.0, 0.0, -0.035999998450279236, 0.5400000214576721, 0.0] imu_ang_vel=[0.013848859816789627, -0.11611736565828323, -0.08415845781564713] imu_quat_wxyz=[0.7998030781745911, 0.04836892709136009, 0.18034152686595917, -0.5704843401908875]
joint_pos=[0.0, 0.0, 0.0, -0.035999998450279236, 0.5400000214576721, 0.0] imu_ang_vel=[0.013848859816789627, -0.11611736565828323, -0.08415845781564713] imu_quat_wxyz=[0.7998030781745911, 0.04836892709136009, 0.18034152686595917, -0.5704843401908875]
joint_pos=[0.0, 0.0, 0.0, -0.035999998450279236, 0.5400000214576721, 0.0] imu_ang_vel=[0.011718266643583775, -0.12250914424657822, -0.08096256852149963] imu_quat_wxyz=[0.8001375198364258, 0.047312404960393906, 0.1791473627090454, -0.5704801678657532]
joint_pos=[0.0, 0.0, 0.0, -0.035999998450279236, 0.5400000214576721, 0.0] imu_ang_vel=[0.011718266643583775, -0.12250914424657822, -0.08096256852149963] imu_quat_wxyz=[0.8001375198364258, 0.047312404960393906, 0.1791473627090454, -0.5704801678657532]
joint_pos=[0.0, 0.0, 0.0, -0.035999998450279236, 0.5400000214576721, 0.0] imu_ang_vel=[0.0, -0.12677033245563507, -0.07244019210338593] imu_quat_wxyz=[0.8005000352859497, 0.046099867671728134, 0.17790642380714417, -0.5704591274261475]
joint_pos=[0.0, 0.0, 0.0, -0.035999998450279236, 0.5400000214576721, 0.0] imu_ang_vel=[0.0, -0.12677033245563507, -0.07244019210338593] imu_quat_wxyz=[0.8005000352859497, 0.046099867671728134, 0.17790642380714417, -0.5704591274261475]
joint_pos=[0.0, 0.0, 0.0, -0.035999998450279236, 0.5400000214576721, 0.0] imu_ang_vel=[0.0, -0.1289009302854538, -0.05539543926715851] imu_quat_wxyz=[0.8010343313217163, 0.044979505240917206, 0.17664022743701935, -0.5701920986175537]
joint_pos=[0.0, 0.0, 0.0, -0.035999998450279236, 0.5400000214576721, 0.0] imu_ang_vel=[0.0, -0.1289009302854538, -0.05539543926715851] imu_quat_wxyz=[0.8010343313217163, 0.044979505240917206, 0.17664022743701935, -0.5701920986175537]
joint_pos=[0.0, 0.0, 0.0, -0.035999998450279236, 0.5400000214576721, 0.0] imu_ang_vel=[0.0, -0.12677033245563507, -0.03835069015622139] imu_quat_wxyz=[0.801741898059845, 0.04405858367681503, 0.1754085123538971, -0.5696495771408081]
joint_pos=[0.0, 0.0, 0.0, -0.035999998450279236, 0.5400000214576721, 0.0] imu_ang_vel=[0.0, -0.12677033245563507, -0.03835069015622139] imu_quat_wxyz=[0.801741898059845, 0.04405858367681503, 0.1754085123538971, -0.5696495771408081]
joint_pos=[0.0, 0.0, 0.0, -0.035999998450279236, 0.5400000214576721, 0.0] imu_ang_vel=[0.0, -0.11931325495243073, -0.027697719633579254] imu_quat_wxyz=[0.8025845885276794, 0.04332190752029419, 0.17433951795101166, -0.5688470005989075]
joint_pos=[0.0, 0.0, 0.0, -0.035999998450279236, 0.5400000214576721, 0.0] imu_ang_vel=[0.0, -0.11931325495243073, -0.027697719633579254] imu_quat_wxyz=[0.8025845885276794, 0.04332190752029419, 0.17433951795101166, -0.5688470005989075]
joint_pos=[0.0, 0.0, 0.0, -0.035999998450279236, 0.5400000214576721, 0.0] imu_ang_vel=[0.0, -0.10759498924016953, -0.019175345078110695] imu_quat_wxyz=[0.8034389019012451, 0.042641136795282364, 0.17338183522224426, -0.567984402179718]
joint_pos=[0.0, 0.0, 0.0, -0.035999998450279236, 0.5400000214576721, 0.0] imu_ang_vel=[0.0, -0.10759498924016953, -0.019175345078110695] imu_quat_wxyz=[0.8034389019012451, 0.042641136795282364, 0.17338183522224426, -0.567984402179718]
joint_pos=[0.0, 0.0, 0.0, -0.035999998450279236, 0.5400000214576721, 0.0] imu_ang_vel=[0.0, -0.09481142461299896, 0.0] imu_quat_wxyz=[0.8042856454849243, 0.04197588935494423, 0.17250433564186096, -0.5671021342277527]
joint_pos=[0.0, 0.0, 0.0, -0.035999998450279236, 0.5400000214576721, 0.0] imu_ang_vel=[0.0, -0.09481142461299896, 0.0] imu_quat_wxyz=[0.8042856454849243, 0.04197588935494423, 0.17250433564186096, -0.5671021342277527]
joint_pos=[0.0, 0.0, 0.0, -0.035999998450279236, 0.5400000214576721, 0.0] imu_ang_vel=[-0.012783562764525414, -0.07883197069168091, 0.013848859816789627] imu_quat_wxyz=[0.8051630258560181, 0.04134712740778923, 0.17192505300045013, -0.5660783648490906]
joint_pos=[0.0, 0.0, 0.0, -0.035999998450279236, 0.5400000214576721, 0.0] imu_ang_vel=[-0.012783562764525414, -0.07883197069168091, 0.013848859816789627] imu_quat_wxyz=[0.8051630258560181, 0.04134712740778923, 0.17192505300045013, -0.5660783648490906]
joint_pos=[0.0, 0.0, 0.0, -0.035999998450279236, 0.5400000214576721, 0.0] imu_ang_vel=[-0.013848859816789627, -0.06178722158074379, 0.027697719633579254] imu_quat_wxyz=[0.8060933947563171, 0.040833909064531326, 0.17147523164749146, -0.5649266839027405]
joint_pos=[0.0, 0.0, 0.0, -0.035999998450279236, 0.5400000214576721, 0.0] imu_ang_vel=[-0.013848859816789627, -0.06178722158074379, 0.027697719633579254] imu_quat_wxyz=[0.8060933947563171, 0.040833909064531326, 0.17147523164749146, -0.5649266839027405]
joint_pos=[0.0, 0.0, 0.0, -0.035999998450279236, 0.5400000214576721, 0.0] imu_ang_vel=[-0.013848859816789627, -0.04154657945036888, 0.04048128426074982] imu_quat_wxyz=[0.8070189952850342, 0.04037501662969589, 0.17130470275878906, -0.5636885762214661]
joint_pos=[0.0, 0.0, 0.0, -0.035999998450279236, 0.5400000214576721, 0.0] imu_ang_vel=[-0.013848859816789627, -0.04154657945036888, 0.04048128426074982] imu_quat_wxyz=[0.8070189952850342, 0.04037501662969589, 0.17130470275878906, -0.5636885762214661]
joint_pos=[0.0, 0.0, 0.0, -0.035999998450279236, 0.5400000214576721, 0.0] imu_ang_vel=[-0.01491415686905384, -0.022371236234903336, 0.05646073818206787] imu_quat_wxyz=[0.8080098628997803, 0.040226105600595474, 0.17141050100326538, -0.5622458457946777]
joint_pos=[0.0, 0.0, 0.0, -0.035999998450279236, 0.5400000214576721, 0.0] imu_ang_vel=[-0.01491415686905384, -0.022371236234903336, 0.05646073818206787] imu_quat_wxyz=[0.8080098628997803, 0.040226105600595474, 0.17141050100326538, -0.5622458457946777]
joint_pos=[0.0, 0.0, 0.0, -0.035999998450279236, 0.5400000214576721, 0.0] imu_ang_vel=[-0.01491415686905384, 0.0, 0.07244019210338593] imu_quat_wxyz=[0.8089543581008911, 0.040158119052648544, 0.171704962849617, -0.5608007311820984]
joint_pos=[0.0, 0.0, 0.0, -0.035999998450279236, 0.5400000214576721, 0.0] imu_ang_vel=[-0.01491415686905384, 0.0, 0.07244019210338593] imu_quat_wxyz=[0.8089543581008911, 0.040158119052648544, 0.171704962849617, -0.5608007311820984]
joint_pos=[0.0, 0.0, 0.0, -0.035999998450279236, 0.5400000214576721, 0.0] imu_ang_vel=[-0.013848859816789627, 0.017044750973582268, 0.07989726960659027] imu_quat_wxyz=[0.8098228573799133, 0.04004058986902237, 0.17204968631267548, -0.5594485998153687]
joint_pos=[0.0, 0.0, 0.0, -0.035999998450279236, 0.5400000214576721, 0.0] imu_ang_vel=[-0.013848859816789627, 0.017044750973582268, 0.07989726960659027] imu_quat_wxyz=[0.8098228573799133, 0.04004058986902237, 0.17204968631267548, -0.5594485998153687]
joint_pos=[0.0, 0.0, 0.0, -0.035999998450279236, 0.5400000214576721, 0.0] imu_ang_vel=[-0.012783562764525414, 0.0351547971367836, 0.08841964602470398] imu_quat_wxyz=[0.810619592666626, 0.040117617696523666, 0.17266882956027985, -0.5580966472625732]
joint_pos=[0.0, 0.0, 0.0, -0.035999998450279236, 0.5400000214576721, 0.0] imu_ang_vel=[-0.012783562764525414, 0.0351547971367836, 0.08841964602470398] imu_quat_wxyz=[0.810619592666626, 0.040117617696523666, 0.17266882956027985, -0.5580966472625732]
joint_pos=[0.0, 0.0, 0.0, -0.035999998450279236, 0.5400000214576721, 0.0] imu_ang_vel=[-0.01491415686905384, 0.05326484516263008, 0.10226850211620331] imu_quat_wxyz=[0.811416745185852, 0.04025127366185188, 0.17336949706077576, -0.5567097067832947]
joint_pos=[0.0, 0.0, 0.0, -0.035999998450279236, 0.5400000214576721, 0.0] imu_ang_vel=[-0.01491415686905384, 0.05326484516263008, 0.10226850211620331] imu_quat_wxyz=[0.811416745185852, 0.04025127366185188, 0.17336949706077576, -0.5567097067832947]
joint_pos=[0.0, 0.0, 0.0, -0.035999998450279236, 0.5400000214576721, 0.0] imu_ang_vel=[-0.017044750973582268, 0.06711370497941971, 0.1171826645731926] imu_quat_wxyz=[0.8122991323471069, 0.040592849254608154, 0.17426243424415588, -0.5551171898841858]
joint_pos=[0.0, 0.0, 0.0, -0.035999998450279236, 0.5400000214576721, 0.0] imu_ang_vel=[-0.017044750973582268, 0.06711370497941971, 0.1171826645731926] imu_quat_wxyz=[0.8122991323471069, 0.040592849254608154, 0.17426243424415588, -0.5551171898841858]
joint_pos=[0.0, 0.0, 0.0, -0.035999998450279236, 0.5400000214576721, 0.0] imu_ang_vel=[-0.017044750973582268, 0.07989726960659027, 0.12463974207639694] imu_quat_wxyz=[0.8132630586624146, 0.04103218391537666, 0.17534473538398743, -0.553329586982727]
joint_pos=[0.0, 0.0, 0.0, -0.035999998450279236, 0.5400000214576721, 0.0] imu_ang_vel=[-0.017044750973582268, 0.07989726960659027, 0.12463974207639694] imu_quat_wxyz=[0.8132630586624146, 0.04103218391537666, 0.17534473538398743, -0.553329586982727]
joint_pos=[0.0, 0.0, 0.0, -0.035999998450279236, 0.5400000214576721, 0.0] imu_ang_vel=[-0.017044750973582268, 0.09055023640394211, 0.12783563137054443] imu_quat_wxyz=[0.8141539692878723, 0.04143943265080452, 0.17657867074012756, -0.5515941381454468]
joint_pos=[0.0, 0.0, 0.0, -0.035999998450279236, 0.5400000214576721, 0.0] imu_ang_vel=[-0.017044750973582268, 0.09055023640394211, 0.12783563137054443] imu_quat_wxyz=[0.8141539692878723, 0.04143943265080452, 0.17657867074012756, -0.5515941381454468]
joint_pos=[0.0, 0.0, 0.0, -0.035999998450279236, 0.5400000214576721, 0.0] imu_ang_vel=[-0.015979453921318054, 0.09694202244281769, 0.13209682703018188] imu_quat_wxyz=[0.8148967027664185, 0.041752900928258896, 0.17768515646457672, -0.5501163601875305]
joint_pos=[0.0, 0.0, 0.0, -0.035999998450279236, 0.5400000214576721, 0.0] imu_ang_vel=[-0.015979453921318054, 0.09694202244281769, 0.13209682703018188] imu_quat_wxyz=[0.8148967027664185, 0.041752900928258896, 0.17768515646457672, -0.5501163601875305]
joint_pos=[0.0, 0.0, 0.0, -0.035999998450279236, 0.5400000214576721, 0.0] imu_ang_vel=[-0.01811004802584648, 0.09907261282205582, 0.13529270887374878] imu_quat_wxyz=[0.8155521750450134, 0.04196788743138313, 0.1787816882133484, -0.5487717986106873]
joint_pos=[0.0, 0.0, 0.0, -0.035999998450279236, 0.5400000214576721, 0.0] imu_ang_vel=[-0.01811004802584648, 0.09907261282205582, 0.13529270887374878] imu_quat_wxyz=[0.8155521750450134, 0.04196788743138313, 0.1787816882133484, -0.5487717986106873]
joint_pos=[0.0, 0.0, 0.0, -0.035999998450279236, 0.5400000214576721, 0.0] imu_ang_vel=[-0.019175345078110695, 0.09800732135772705, 0.1374233067035675] imu_quat_wxyz=[0.8160302639007568, 0.04209645837545395, 0.17959272861480713, -0.5477855205535889]
joint_pos=[0.0, 0.0, 0.0, -0.035999998450279236, 0.5400000214576721, 0.0] imu_ang_vel=[-0.019175345078110695, 0.09800732135772705, 0.1374233067035675] imu_quat_wxyz=[0.8160302639007568, 0.04209645837545395, 0.17959272861480713, -0.5477855205535889]
joint_pos=[0.0, 0.0, 0.0, -0.035999998450279236, 0.5400000214576721, 0.0] imu_ang_vel=[-0.02024064213037491, 0.09481142461299896, 0.13316211104393005] imu_quat_wxyz=[0.8166660070419312, 0.042254067957401276, 0.18065319955348969, -0.5464757084846497]
joint_pos=[0.0, 0.0, 0.0, -0.035999998450279236, 0.5400000214576721, 0.0] imu_ang_vel=[-0.02024064213037491, 0.09481142461299896, 0.13316211104393005] imu_quat_wxyz=[0.8166660070419312, 0.042254067957401276, 0.18065319955348969, -0.5464757084846497]
joint_pos=[0.0, 0.0, 0.0, -0.035999998450279236, 0.5400000214576721, 0.0] imu_ang_vel=[-0.021305939182639122, 0.08841964602470398, 0.12783563137054443] imu_quat_wxyz=[0.8172622323036194, 0.04240358620882034, 0.18160462379455566, -0.5452559590339661]
joint_pos=[0.0, 0.0, 0.0, -0.035999998450279236, 0.5400000214576721, 0.0] imu_ang_vel=[-0.021305939182639122, 0.08841964602470398, 0.12783563137054443] imu_quat_wxyz=[0.8172622323036194, 0.04240358620882034, 0.18160462379455566, -0.5452559590339661]
joint_pos=[0.0, 0.0, 0.0, -0.035999998450279236, 0.5400000214576721, 0.0] imu_ang_vel=[-0.02343653328716755, 0.07776667922735214, 0.12463974207639694] imu_quat_wxyz=[0.8178215026855469, 0.04242490977048874, 0.1823708862066269, -0.5441588759422302]
joint_pos=[0.0, 0.0, 0.0, -0.035999998450279236, 0.5400000214576721, 0.0] imu_ang_vel=[-0.02343653328716755, 0.07776667922735214, 0.12463974207639694] imu_quat_wxyz=[0.8178215026855469, 0.04242490977048874, 0.1823708862066269, -0.5441588759422302]
joint_pos=[0.0, 0.0, 0.0, -0.035999998450279236, 0.5400000214576721, 0.0] imu_ang_vel=[-0.027697719633579254, 0.06498311460018158, 0.12144385278224945] imu_quat_wxyz=[0.8183565735816956, 0.04221124202013016, 0.182979017496109, -0.5431660413742065]
joint_pos=[0.0, 0.0, 0.0, -0.035999998450279236, 0.5400000214576721, 0.0] imu_ang_vel=[-0.027697719633579254, 0.06498311460018158, 0.12144385278224945] imu_quat_wxyz=[0.8183565735816956, 0.04221124202013016, 0.182979017496109, -0.5431660413742065]
joint_pos=[0.0, 0.0, 0.0, -0.035999998450279236, 0.5400000214576721, 0.0] imu_ang_vel=[-0.030893610790371895, 0.05006895586848259, 0.11611736565828323] imu_quat_wxyz=[0.818871021270752, 0.041826557368040085, 0.1834028661251068, -0.5422768592834473]
joint_pos=[0.0, 0.0, 0.0, -0.035999998450279236, 0.5400000214576721, 0.0] imu_ang_vel=[-0.030893610790371895, 0.05006895586848259, 0.11611736565828323] imu_quat_wxyz=[0.818871021270752, 0.041826557368040085, 0.1834028661251068, -0.5422768592834473]
joint_pos=[0.0, 0.0, 0.0, -0.035999998450279236, 0.5400000214576721, 0.0] imu_ang_vel=[-0.03302420675754547, 0.034089501947164536, 0.10333380103111267] imu_quat_wxyz=[0.8192102313041687, 0.04144592955708504, 0.18368682265281677, -0.5416972041130066]
joint_pos=[0.0, 0.0, 0.0, -0.035999998450279236, 0.5400000214576721, 0.0] imu_ang_vel=[-0.03302420675754547, 0.034089501947164536, 0.10333380103111267] imu_quat_wxyz=[0.8192102313041687, 0.04144592955708504, 0.18368682265281677, -0.5416972041130066]
joint_pos=[0.0, 0.0, 0.0, -0.035999998450279236, 0.5400000214576721, 0.0] imu_ang_vel=[-0.03302420675754547, 0.017044750973582268, 0.09055023640394211] imu_quat_wxyz=[0.8196428418159485, 0.04095864295959473, 0.18395352363586426, -0.5409889817237854]
joint_pos=[0.0, 0.0, 0.0, -0.035999998450279236, 0.5400000214576721, 0.0] imu_ang_vel=[-0.03302420675754547, 0.017044750973582268, 0.09055023640394211] imu_quat_wxyz=[0.8196428418159485, 0.04095864295959473, 0.18395352363586426, -0.5409889817237854]
joint_pos=[0.0, 0.0, 0.0, -0.035999998450279236, 0.5400000214576721, 0.0] imu_ang_vel=[-0.034089501947164536, 0.0, 0.07670138031244278] imu_quat_wxyz=[0.8200424313545227, 0.040309082716703415, 0.18397019803524017, -0.5404262542724609]
joint_pos=[0.0, 0.0, 0.0, -0.035999998450279236, 0.5400000214576721, 0.0] imu_ang_vel=[-0.034089501947164536, 0.0, 0.07670138031244278] imu_quat_wxyz=[0.8200424313545227, 0.040309082716703415, 0.18397019803524017, -0.5404262542724609]
joint_pos=[0.0, 0.0, 0.0, -0.035999998450279236, 0.5400000214576721, 0.0] imu_ang_vel=[-0.034089501947164536, -0.021305939182639122, 0.06178722158074379] imu_quat_wxyz=[0.8203105926513672, 0.03963121026754379, 0.18385818600654602, -0.5401074886322021]
joint_pos=[0.0, 0.0, 0.0, -0.035999998450279236, 0.5400000214576721, 0.0] imu_ang_vel=[-0.034089501947164536, -0.021305939182639122, 0.06178722158074379] imu_quat_wxyz=[0.8203105926513672, 0.03963121026754379, 0.18385818600654602, -0.5401074886322021]
joint_pos=[0.0, 0.0, 0.0, -0.035999998450279236, 0.5400000214576721, 0.0] imu_ang_vel=[-0.0351547971367836, -0.039415985345840454, 0.04793836176395416] imu_quat_wxyz=[0.8205454349517822, 0.038822103291749954, 0.18343546986579895, -0.5399531126022339]
joint_pos=[0.0, 0.0, 0.0, -0.035999998450279236, 0.5400000214576721, 0.0] imu_ang_vel=[-0.0351547971367836, -0.039415985345840454, 0.04793836176395416] imu_quat_wxyz=[0.8205454349517822, 0.038822103291749954, 0.18343546986579895, -0.5399531126022339]
joint_pos=[0.0, 0.0, 0.0, -0.035999998450279236, 0.5400000214576721, 0.0] imu_ang_vel=[-0.034089501947164536, -0.057526033371686935, 0.03302420675754547] imu_quat_wxyz=[0.8207254409790039, 0.037987370043992996, 0.18282869458198547, -0.5399447679519653]
joint_pos=[0.0, 0.0, 0.0, -0.035999998450279236, 0.5400000214576721, 0.0] imu_ang_vel=[-0.034089501947164536, -0.057526033371686935, 0.03302420675754547] imu_quat_wxyz=[0.8207254409790039, 0.037987370043992996, 0.18282869458198547, -0.5399447679519653]
joint_pos=[0.0, 0.0, 0.0, -0.035999998450279236, 0.5400000214576721, 0.0] imu_ang_vel=[-0.030893610790371895, -0.07244019210338593, 0.015979453921318054] imu_quat_wxyz=[0.8208010196685791, 0.037043292075395584, 0.1820075809955597, -0.5401728749275208]
joint_pos=[0.0, 0.0, 0.0, -0.035999998450279236, 0.5400000214576721, 0.0] imu_ang_vel=[-0.030893610790371895, -0.07244019210338593, 0.015979453921318054] imu_quat_wxyz=[0.8208010196685791, 0.037043292075395584, 0.1820075809955597, -0.5401728749275208]
joint_pos=[0.0, 0.0, 0.0, -0.035999998450279236, 0.5400000214576721, 0.0] imu_ang_vel=[-0.027697719633579254, -0.08735434710979462, 0.0] imu_quat_wxyz=[0.8208450675010681, 0.03620769828557968, 0.18114259839057922, -0.5404532551765442]
joint_pos=[0.0, 0.0, 0.0, -0.035999998450279236, 0.5400000214576721, 0.0] imu_ang_vel=[-0.027697719633579254, -0.08735434710979462, 0.0] imu_quat_wxyz=[0.8208450675010681, 0.03620769828557968, 0.18114259839057922, -0.5404532551765442]
joint_pos=[0.0, 0.0, 0.0, -0.035999998450279236, 0.5400000214576721, 0.0] imu_ang_vel=[-0.025567125529050827, -0.10013791173696518, 0.0] imu_quat_wxyz=[0.8209714889526367, 0.03543544188141823, 0.1801980882883072, -0.5406280755996704]
joint_pos=[0.0, 0.0, 0.0, -0.035999998450279236, 0.5400000214576721, 0.0] imu_ang_vel=[-0.025567125529050827, -0.10013791173696518, 0.0] imu_quat_wxyz=[0.8209714889526367, 0.03543544188141823, 0.1801980882883072, -0.5406280755996704]
joint_pos=[0.0, 0.0, 0.0, -0.035999998450279236, 0.5400000214576721, 0.0] imu_ang_vel=[-0.022371236234903336, -0.10972558706998825, -0.01491415686905384] imu_quat_wxyz=[0.8209673166275024, 0.03462429344654083, 0.17904555797576904, -0.5410698056221008]
joint_pos=[0.0, 0.0, 0.0, -0.035999998450279236, 0.5400000214576721, 0.0] imu_ang_vel=[-0.022371236234903336, -0.10972558706998825, -0.01491415686905384] imu_quat_wxyz=[0.8209673166275024, 0.03462429344654083, 0.17904555797576904, -0.5410698056221008]
joint_pos=[0.0, 0.0, 0.0, -0.035999998450279236, 0.5400000214576721, 0.0] imu_ang_vel=[-0.015979453921318054, -0.1171826645731926, -0.027697719633579254] imu_quat_wxyz=[0.8209225535392761, 0.034010887145996094, 0.17796772718429565, -0.541532039642334]
joint_pos=[0.0, 0.0, 0.0, -0.035999998450279236, 0.5400000214576721, 0.0] imu_ang_vel=[-0.015979453921318054, -0.1171826645731926, -0.027697719633579254] imu_quat_wxyz=[0.8209225535392761, 0.034010887145996094, 0.17796772718429565, -0.541532039642334]
joint_pos=[0.0, 0.0, 0.0, -0.035999998450279236, 0.5400000214576721, 0.0] imu_ang_vel=[0.0, -0.12037855386734009, -0.04474247246980667] imu_quat_wxyz=[0.8208023905754089, 0.033560384064912796, 0.17685040831565857, -0.5421079993247986]
joint_pos=[0.0, 0.0, 0.0, -0.035999998450279236, 0.5400000214576721, 0.0] imu_ang_vel=[0.0, -0.12037855386734009, -0.04474247246980667] imu_quat_wxyz=[0.8208023905754089, 0.033560384064912796, 0.17685040831565857, -0.5421079993247986]
joint_pos=[0.0, 0.0, 0.0, -0.035999998450279236, 0.5400000214576721, 0.0] imu_ang_vel=[0.0, -0.12037855386734009, -0.0585913322865963] imu_quat_wxyz=[0.8205327987670898, 0.033229660242795944, 0.17568011581897736, -0.5429164171218872]
joint_pos=[0.0, 0.0, 0.0, -0.035999998450279236, 0.5400000214576721, 0.0] imu_ang_vel=[0.0, -0.12037855386734009, -0.0585913322865963] imu_quat_wxyz=[0.8205327987670898, 0.033229660242795944, 0.17568011581897736, -0.5429164171218872]
joint_pos=[0.0, 0.0, 0.0, -0.035999998450279236, 0.5400000214576721, 0.0] imu_ang_vel=[0.0, -0.11611736565828323, -0.06604841351509094] imu_quat_wxyz=[0.820168137550354, 0.032889749854803085, 0.17462803423404694, -0.5438266396522522]
joint_pos=[0.0, 0.0, 0.0, -0.035999998450279236, 0.5400000214576721, 0.0] imu_ang_vel=[0.0, -0.11611736565828323, -0.06604841351509094] imu_quat_wxyz=[0.820168137550354, 0.032889749854803085, 0.17462803423404694, -0.5438266396522522]
joint_pos=[0.0, 0.0, 0.0, -0.035999998450279236, 0.5400000214576721, 0.0] imu_ang_vel=[0.013848859816789627, -0.10972558706998825, -0.06711370497941971] imu_quat_wxyz=[0.8198025822639465, 0.03281834349036217, 0.17362652719020844, -0.5447022318840027]
joint_pos=[0.0, 0.0, 0.0, -0.035999998450279236, 0.5400000214576721, 0.0] imu_ang_vel=[0.013848859816789627, -0.10972558706998825, -0.06711370497941971] imu_quat_wxyz=[0.8198025822639465, 0.03281834349036217, 0.17362652719020844, -0.5447022318840027]
joint_pos=[0.0, 0.0, 0.0, -0.035999998450279236, 0.5400000214576721, 0.0] imu_ang_vel=[0.021305939182639122, -0.10013791173696518, -0.07137489318847656] imu_quat_wxyz=[0.8193535804748535, 0.032846443355083466, 0.17266277968883514, -0.5456816554069519]
joint_pos=[0.0, 0.0, 0.0, -0.035999998450279236, 0.5400000214576721, 0.0] imu_ang_vel=[0.021305939182639122, -0.10013791173696518, -0.07137489318847656] imu_quat_wxyz=[0.8193535804748535, 0.032846443355083466, 0.17266277968883514, -0.5456816554069519]
joint_pos=[0.0, 0.0, 0.0, -0.035999998450279236, 0.5400000214576721, 0.0] imu_ang_vel=[0.02982831373810768, -0.08735434710979462, -0.07670138031244278] imu_quat_wxyz=[0.8188565969467163, 0.0331871397793293, 0.1718759834766388, -0.5466545224189758]
joint_pos=[0.0, 0.0, 0.0, -0.035999998450279236, 0.5400000214576721, 0.0] imu_ang_vel=[0.02982831373810768, -0.08735434710979462, -0.07670138031244278] imu_quat_wxyz=[0.8188565969467163, 0.0331871397793293, 0.1718759834766388, -0.5466545224189758]
joint_pos=[0.0, 0.0, 0.0, -0.035999998450279236, 0.5400000214576721, 0.0] imu_ang_vel=[0.03728539124131203, -0.07137489318847656, -0.08096256852149963] imu_quat_wxyz=[0.8184278607368469, 0.03360724076628685, 0.1714337170124054, -0.5474091172218323]
joint_pos=[0.0, 0.0, 0.0, -0.035999998450279236, 0.5400000214576721, 0.0] imu_ang_vel=[0.03728539124131203, -0.07137489318847656, -0.08096256852149963] imu_quat_wxyz=[0.8184278607368469, 0.03360724076628685, 0.1714337170124054, -0.5474091172218323]
joint_pos=[0.0, 0.0, 0.0, -0.035999998450279236, 0.5400000214576721, 0.0] imu_ang_vel=[0.04474247246980667, -0.054330144077539444, -0.08309315890073776] imu_quat_wxyz=[0.8178016543388367, 0.0343337208032608, 0.17096637189388275, -0.5484451055526733]
joint_pos=[0.0, 0.0, 0.0, -0.035999998450279236, 0.5400000214576721, 0.0] imu_ang_vel=[0.04474247246980667, -0.054330144077539444, -0.08309315890073776] imu_quat_wxyz=[0.8178016543388367, 0.0343337208032608, 0.17096637189388275, -0.5484451055526733]
joint_pos=[0.0, 0.0, 0.0, -0.035999998450279236, 0.5400000214576721, 0.0] imu_ang_vel=[0.05006895586848259, -0.03622009605169296, -0.08309315890073776] imu_quat_wxyz=[0.8172878623008728, 0.034965574741363525, 0.17071528732776642, -0.5492488145828247]
joint_pos=[0.0, 0.0, 0.0, -0.035999998450279236, 0.5400000214576721, 0.0] imu_ang_vel=[0.05006895586848259, -0.03622009605169296, -0.08309315890073776] imu_quat_wxyz=[0.8172878623008728, 0.034965574741363525, 0.17071528732776642, -0.5492488145828247]
joint_pos=[0.0, 0.0, 0.0, -0.035999998450279236, 0.5400000214576721, 0.0] imu_ang_vel=[0.05539543926715851, -0.017044750973582268, -0.082027867436409] imu_quat_wxyz=[0.8164883852005005, 0.035896580666303635, 0.17056593298912048, -0.5504229664802551]
joint_pos=[0.0, 0.0, 0.0, -0.035999998450279236, 0.5400000214576721, 0.0] imu_ang_vel=[0.05539543926715851, -0.017044750973582268, -0.082027867436409] imu_quat_wxyz=[0.8164883852005005, 0.035896580666303635, 0.17056593298912048, -0.5504229664802551]
joint_pos=[0.0, 0.0, 0.0, -0.035999998450279236, 0.5400000214576721, 0.0] imu_ang_vel=[0.0585913322865963, 0.0, -0.07989726960659027] imu_quat_wxyz=[0.81559818983078, 0.03695724904537201, 0.17060451209545135, -0.5516591668128967]
joint_pos=[0.0, 0.0, 0.0, -0.035999998450279236, 0.5400000214576721, 0.0] imu_ang_vel=[0.0585913322865963, 0.0, -0.07989726960659027] imu_quat_wxyz=[0.81559818983078, 0.03695724904537201, 0.17060451209545135, -0.5516591668128967]
joint_pos=[0.0, 0.0, 0.0, -0.035999998450279236, 0.5400000214576721, 0.0] imu_ang_vel=[0.060721926391124725, 0.022371236234903336, -0.07883197069168091] imu_quat_wxyz=[0.81466144323349, 0.03811563923954964, 0.17081017792224884, -0.5528993606567383]
joint_pos=[0.0, 0.0, 0.0, -0.035999998450279236, 0.5400000214576721, 0.0] imu_ang_vel=[0.060721926391124725, 0.022371236234903336, -0.07883197069168091] imu_quat_wxyz=[0.81466144323349, 0.03811563923954964, 0.17081017792224884, -0.5528993606567383]
joint_pos=[0.0, 0.0, 0.0, -0.035999998450279236, 0.5400000214576721, 0.0] imu_ang_vel=[0.06178722158074379, 0.04154657945036888, -0.07563608139753342] imu_quat_wxyz=[0.8136714100837708, 0.03926166892051697, 0.17121322453022003, -0.5541509389877319]
joint_pos=[0.0, 0.0, 0.0, -0.035999998450279236, 0.5400000214576721, 0.0] imu_ang_vel=[0.06178722158074379, 0.04154657945036888, -0.07563608139753342] imu_quat_wxyz=[0.8136714100837708, 0.03926166892051697, 0.17121322453022003, -0.5541509389877319]
joint_pos=[0.0, 0.0, 0.0, -0.035999998450279236, 0.5400000214576721, 0.0] imu_ang_vel=[0.057526033371686935, 0.0585913322865963, -0.06604841351509094] imu_quat_wxyz=[0.8127313852310181, 0.040501222014427185, 0.17184333503246307, -0.5552451014518738]
joint_pos=[0.0, 0.0, 0.0, -0.035999998450279236, 0.5400000214576721, 0.0] imu_ang_vel=[0.057526033371686935, 0.0585913322865963, -0.06604841351509094] imu_quat_wxyz=[0.8127313852310181, 0.040501222014427185, 0.17184333503246307, -0.5552451014518738]
joint_pos=[0.0, 0.0, 0.0, -0.035999998450279236, 0.5400000214576721, 0.0] imu_ang_vel=[0.05219954997301102, 0.07457078248262405, -0.054330144077539444] imu_quat_wxyz=[0.8119067549705505, 0.041716068983078, 0.17269565165042877, -0.5560964941978455]
joint_pos=[0.0, 0.0, 0.0, -0.035999998450279236, 0.5400000214576721, 0.0] imu_ang_vel=[0.05219954997301102, 0.07457078248262405, -0.054330144077539444] imu_quat_wxyz=[0.8119067549705505, 0.041716068983078, 0.17269565165042877, -0.5560964941978455]
joint_pos=[0.0, 0.0, 0.0, -0.035999998450279236, 0.5400000214576721, 0.0] imu_ang_vel=[0.04793836176395416, 0.08841964602470398, -0.04793836176395416] imu_quat_wxyz=[0.811080276966095, 0.04285172000527382, 0.1737556904554367, -0.5568855404853821]
joint_pos=[0.0, 0.0, 0.0, -0.035999998450279236, 0.5400000214576721, 0.0] imu_ang_vel=[0.04793836176395416, 0.08841964602470398, -0.04793836176395416] imu_quat_wxyz=[0.811080276966095, 0.04285172000527382, 0.1737556904554367, -0.5568855404853821]
joint_pos=[0.0, 0.0, 0.0, -0.035999998450279236, 0.5400000214576721, 0.0] imu_ang_vel=[0.04474247246980667, 0.10013791173696518, -0.0468730665743351] imu_quat_wxyz=[0.8101814389228821, 0.04390324279665947, 0.17494548857212067, -0.5577389001846313]
joint_pos=[0.0, 0.0, 0.0, -0.035999998450279236, 0.5400000214576721, 0.0] imu_ang_vel=[0.04474247246980667, 0.10013791173696518, -0.0468730665743351] imu_quat_wxyz=[0.8101814389228821, 0.04390324279665947, 0.17494548857212067, -0.5577389001846313]
joint_pos=[0.0, 0.0, 0.0, -0.035999998450279236, 0.5400000214576721, 0.0] imu_ang_vel=[0.039415985345840454, 0.10759498924016953, -0.039415985345840454] imu_quat_wxyz=[0.809328019618988, 0.04494563862681389, 0.17617739737033844, -0.5585065484046936]
joint_pos=[0.0, 0.0, 0.0, -0.035999998450279236, 0.5400000214576721, 0.0] imu_ang_vel=[0.039415985345840454, 0.10759498924016953, -0.039415985345840454] imu_quat_wxyz=[0.809328019618988, 0.04494563862681389, 0.17617739737033844, -0.5585065484046936]
joint_pos=[0.0, 0.0, 0.0, -0.035999998450279236, 0.5400000214576721, 0.0] imu_ang_vel=[0.030893610790371895, 0.11079087853431702, -0.03195890784263611] imu_quat_wxyz=[0.8087607026100159, 0.04559597373008728, 0.17728857696056366, -0.5589237809181213]
joint_pos=[0.0, 0.0, 0.0, -0.035999998450279236, 0.5400000214576721, 0.0] imu_ang_vel=[0.030893610790371895, 0.11079087853431702, -0.03195890784263611] imu_quat_wxyz=[0.8087607026100159, 0.04559597373008728, 0.17728857696056366, -0.5589237809181213]
joint_pos=[0.0, 0.0, 0.0, -0.035999998450279236, 0.5400000214576721, 0.0] imu_ang_vel=[0.024501830339431763, 0.11292147636413574, -0.027697719633579254] imu_quat_wxyz=[0.8082859516143799, 0.04627746343612671, 0.17844732105731964, -0.559185802936554]
joint_pos=[0.0, 0.0, 0.0, -0.035999998450279236, 0.5400000214576721, 0.0] imu_ang_vel=[0.024501830339431763, 0.11292147636413574, -0.027697719633579254] imu_quat_wxyz=[0.8082859516143799, 0.04627746343612671, 0.17844732105731964, -0.559185802936554]
joint_pos=[0.0, 0.0, 0.0, -0.035999998450279236, 0.5400000214576721, 0.0] imu_ang_vel=[0.019175345078110695, 0.11185617744922638, -0.02982831373810768] imu_quat_wxyz=[0.8076772689819336, 0.04706088826060295, 0.1799355000257492, -0.5595228672027588]
joint_pos=[0.0, 0.0, 0.0, -0.035999998450279236, 0.5400000214576721, 0.0] imu_ang_vel=[0.019175345078110695, 0.11185617744922638, -0.02982831373810768] imu_quat_wxyz=[0.8076772689819336, 0.04706088826060295, 0.1799355000257492, -0.5595228672027588]
joint_pos=[0.0, 0.0, 0.0, -0.035999998450279236, 0.5400000214576721, 0.0] imu_ang_vel=[0.012783562764525414, 0.10652969032526016, -0.025567125529050827] imu_quat_wxyz=[0.8070889115333557, 0.0476972833275795, 0.18127986788749695, -0.5598839521408081]
joint_pos=[0.0, 0.0, 0.0, -0.035999998450279236, 0.5400000214576721, 0.0] imu_ang_vel=[0.012783562764525414, 0.10652969032526016, -0.025567125529050827] imu_quat_wxyz=[0.8070889115333557, 0.0476972833275795, 0.18127986788749695, -0.5598839521408081]
joint_pos=[0.0, 0.0, 0.0, -0.035999998450279236, 0.5400000214576721, 0.0] imu_ang_vel=[0.0, 0.09800732135772705, -0.015979453921318054] imu_quat_wxyz=[0.8066152930259705, 0.04802281782031059, 0.18251945078372955, -0.5601359605789185]
joint_pos=[0.0, 0.0, 0.0, -0.035999998450279236, 0.5400000214576721, 0.0] imu_ang_vel=[0.0, 0.09800732135772705, -0.015979453921318054] imu_quat_wxyz=[0.8066152930259705, 0.04802281782031059, 0.18251945078372955, -0.5601359605789185]
joint_pos=[0.0, 0.0, 0.0, -0.035999998450279236, 0.5400000214576721, 0.0] imu_ang_vel=[0.0, 0.08628904819488525, 0.0] imu_quat_wxyz=[0.8063750863075256, 0.04834505170583725, 0.18359757959842682, -0.5601016283035278]
joint_pos=[0.0, 0.0, 0.0, -0.035999998450279236, 0.5400000214576721, 0.0] imu_ang_vel=[0.0, 0.08628904819488525, 0.0] imu_quat_wxyz=[0.8063750863075256, 0.04834505170583725, 0.18359757959842682, -0.5601016283035278]
joint_pos=[0.0, 0.0, 0.0, -0.035999998450279236, 0.5400000214576721, 0.0] imu_ang_vel=[-0.011718266643583775, 0.07244019210338593, 0.0] imu_quat_wxyz=[0.8062909841537476, 0.04850884899497032, 0.18447540700435638, -0.5599202513694763]
joint_pos=[0.0, 0.0, 0.0, -0.035999998450279236, 0.5400000214576721, 0.0] imu_ang_vel=[-0.011718266643583775, 0.07244019210338593, 0.0] imu_quat_wxyz=[0.8062909841537476, 0.04850884899497032, 0.18447540700435638, -0.5599202513694763]
joint_pos=[0.0, 0.0, 0.0, -0.035999998450279236, 0.5400000214576721, 0.0] imu_ang_vel=[-0.01491415686905384, 0.05646073818206787, -0.012783562764525414] imu_quat_wxyz=[0.8061854839324951, 0.0484333336353302, 0.1853550523519516, -0.5597881078720093]
joint_pos=[0.0, 0.0, 0.0, -0.035999998450279236, 0.5400000214576721, 0.0] imu_ang_vel=[-0.01491415686905384, 0.05646073818206787, -0.012783562764525414] imu_quat_wxyz=[0.8061854839324951, 0.0484333336353302, 0.1853550523519516, -0.5597881078720093]
joint_pos=[0.0, 0.0, 0.0, -0.035999998450279236, 0.5400000214576721, 0.0] imu_ang_vel=[-0.01811004802584648, 0.04048128426074982, -0.01491415686905384] imu_quat_wxyz=[0.8061516284942627, 0.048241037875413895, 0.18605807423591614, -0.5596201419830322]
joint_pos=[0.0, 0.0, 0.0, -0.035999998450279236, 0.5400000214576721, 0.0] imu_ang_vel=[-0.01811004802584648, 0.04048128426074982, -0.01491415686905384] imu_quat_wxyz=[0.8061516284942627, 0.048241037875413895, 0.18605807423591614, -0.5596201419830322]
joint_pos=[0.0, 0.0, 0.0, -0.035999998450279236, 0.5400000214576721, 0.0] imu_ang_vel=[-0.021305939182639122, 0.022371236234903336, -0.01491415686905384] imu_quat_wxyz=[0.8061320185661316, 0.04779690131545067, 0.18640254437923431, -0.5595719218254089]
joint_pos=[0.0, 0.0, 0.0, -0.035999998450279236, 0.5400000214576721, 0.0] imu_ang_vel=[-0.021305939182639122, 0.022371236234903336, -0.01491415686905384] imu_quat_wxyz=[0.8061320185661316, 0.04779690131545067, 0.18640254437923431, -0.5595719218254089]
joint_pos=[0.0, 0.0, 0.0, -0.035999998450279236, 0.5400000214576721, 0.0] imu_ang_vel=[-0.022371236234903336, 0.0, -0.01491415686905384] imu_quat_wxyz=[0.8062119483947754, 0.04720583185553551, 0.18649601936340332, -0.5594756603240967]
joint_pos=[0.0, 0.0, 0.0, -0.035999998450279236, 0.5400000214576721, 0.0] imu_ang_vel=[-0.022371236234903336, 0.0, -0.01491415686905384] imu_quat_wxyz=[0.8062119483947754, 0.04720583185553551, 0.18649601936340332, -0.5594756603240967]
joint_pos=[0.0, 0.0, 0.0, -0.035999998450279236, 0.5400000214576721, 0.0] imu_ang_vel=[-0.021305939182639122, -0.017044750973582268, -0.01811004802584648] imu_quat_wxyz=[0.8063609004020691, 0.046633049845695496, 0.1863812357187271, -0.55934739112854]
joint_pos=[0.0, 0.0, 0.0, -0.035999998450279236, 0.5400000214576721, 0.0] imu_ang_vel=[-0.021305939182639122, -0.017044750973582268, -0.01811004802584648] imu_quat_wxyz=[0.8063609004020691, 0.046633049845695496, 0.1863812357187271, -0.55934739112854]
joint_pos=[0.0, 0.0, 0.0, -0.035999998450279236, 0.5400000214576721, 0.0] imu_ang_vel=[-0.017044750973582268, -0.0351547971367836, -0.022371236234903336] imu_quat_wxyz=[0.8065499067306519, 0.0460171177983284, 0.18598641455173492, -0.5592572689056396]
joint_pos=[0.0, 0.0, 0.0, -0.035999998450279236, 0.5400000214576721, 0.0] imu_ang_vel=[-0.017044750973582268, -0.0351547971367836, -0.022371236234903336] imu_quat_wxyz=[0.8065499067306519, 0.0460171177983284, 0.18598641455173492, -0.5592572689056396]
joint_pos=[0.0, 0.0, 0.0, -0.035999998450279236, 0.5400000214576721, 0.0] imu_ang_vel=[-0.012783562764525414, -0.05326484516263008, -0.028763016685843468] imu_quat_wxyz=[0.8068045377731323, 0.0454212911427021, 0.18538638949394226, -0.5591378808021545]
joint_pos=[0.0, 0.0, 0.0, -0.035999998450279236, 0.5400000214576721, 0.0] imu_ang_vel=[-0.012783562764525414, -0.05326484516263008, -0.028763016685843468] imu_quat_wxyz=[0.8068045377731323, 0.0454212911427021, 0.18538638949394226, -0.5591378808021545]
joint_pos=[0.0, 0.0, 0.0, -0.035999998450279236, 0.5400000214576721, 0.0] imu_ang_vel=[0.0, -0.0703095942735672, -0.03195890784263611] imu_quat_wxyz=[0.8070692420005798, 0.044825464487075806, 0.18457111716270447, -0.5590737462043762]
joint_pos=[0.0, 0.0, 0.0, -0.035999998450279236, 0.5400000214576721, 0.0] imu_ang_vel=[0.0, -0.0703095942735672, -0.03195890784263611] imu_quat_wxyz=[0.8070692420005798, 0.044825464487075806, 0.18457111716270447, -0.5590737462043762]
joint_pos=[0.0, 0.0, 0.0, -0.035999998450279236, 0.5400000214576721, 0.0] imu_ang_vel=[-0.010652969591319561, -0.08735434710979462, -0.021305939182639122] imu_quat_wxyz=[0.8074571490287781, 0.04410582408308983, 0.18351854383945465, -0.5589174032211304]
joint_pos=[0.0, 0.0, 0.0, -0.035999998450279236, 0.5400000214576721, 0.0] imu_ang_vel=[-0.010652969591319561, -0.08735434710979462, -0.021305939182639122] imu_quat_wxyz=[0.8074571490287781, 0.04410582408308983, 0.18351854383945465, -0.5589174032211304]
joint_pos=[0.0, 0.0, 0.0, -0.035999998450279236, 0.5400000214576721, 0.0] imu_ang_vel=[0.0, -0.09800732135772705, -0.030893610790371895] imu_quat_wxyz=[0.807888388633728, 0.043499503284692764, 0.1824253499507904, -0.5586995482444763]
joint_pos=[0.0, 0.0, 0.0, -0.035999998450279236, 0.5400000214576721, 0.0] imu_ang_vel=[0.0, -0.09800732135772705, -0.030893610790371895] imu_quat_wxyz=[0.807888388633728, 0.043499503284692764, 0.1824253499507904, -0.5586995482444763]
joint_pos=[0.0, 0.0, 0.0, -0.035999998450279236, 0.5400000214576721, 0.0] imu_ang_vel=[0.02343653328716755, -0.09907261282205582, -0.07563608139753342] imu_quat_wxyz=[0.8078982830047607, 0.04292387142777443, 0.1812429577112198, -0.559114396572113]
joint_pos=[0.0, 0.0, 0.0, -0.035999998450279236, 0.5400000214576721, 0.0] imu_ang_vel=[0.02343653328716755, -0.09907261282205582, -0.07563608139753342] imu_quat_wxyz=[0.8078982830047607, 0.04292387142777443, 0.1812429577112198, -0.559114396572113]
joint_pos=[0.0, 0.0, 0.0, -0.035999998450279236, 0.5400000214576721, 0.0] imu_ang_vel=[0.028763016685843468, -0.10759498924016953, -0.07457078248262405] imu_quat_wxyz=[0.8077995181083679, 0.04261808097362518, 0.1797676831483841, -0.5597564578056335]
joint_pos=[0.0, 0.0, 0.0, -0.035999998450279236, 0.5400000214576721, 0.0] imu_ang_vel=[0.028763016685843468, -0.10759498924016953, -0.07457078248262405] imu_quat_wxyz=[0.8077995181083679, 0.04261808097362518, 0.1797676831483841, -0.5597564578056335]
joint_pos=[0.0, 0.0, 0.0, -0.035999998450279236, 0.5400000214576721, 0.0] imu_ang_vel=[0.01811004802584648, -0.11611736565828323, -0.03195890784263611] imu_quat_wxyz=[0.8081111907958984, 0.04235215112566948, 0.1782480925321579, -0.559812605381012]
joint_pos=[0.0, 0.0, 0.0, -0.035999998450279236, 0.5400000214576721, 0.0] imu_ang_vel=[0.01811004802584648, -0.11611736565828323, -0.03195890784263611] imu_quat_wxyz=[0.8081111907958984, 0.04235215112566948, 0.1782480925321579, -0.559812605381012]
joint_pos=[0.0, 0.0, 0.0, -0.035999998450279236, 0.5400000214576721, 0.0] imu_ang_vel=[0.024501830339431763, -0.1171826645731926, -0.030893610790371895] imu_quat_wxyz=[0.8085950016975403, 0.04198342189192772, 0.17695777118206024, -0.5595511198043823]
joint_pos=[0.0, 0.0, 0.0, -0.035999998450279236, 0.5400000214576721, 0.0] imu_ang_vel=[0.024501830339431763, -0.1171826645731926, -0.030893610790371895] imu_quat_wxyz=[0.8085950016975403, 0.04198342189192772, 0.17695777118206024, -0.5595511198043823]
joint_pos=[0.0, 0.0, 0.0, -0.035999998450279236, 0.5400000214576721, 0.0] imu_ang_vel=[0.0468730665743351, -0.10759498924016953, -0.06817900389432907] imu_quat_wxyz=[0.8086759448051453, 0.041642241179943085, 0.17570066452026367, -0.5598556995391846]
joint_pos=[0.0, 0.0, 0.0, -0.035999998450279236, 0.5400000214576721, 0.0] imu_ang_vel=[0.0468730665743351, -0.10759498924016953, -0.06817900389432907] imu_quat_wxyz=[0.8086759448051453, 0.041642241179943085, 0.17570066452026367, -0.5598556995391846]
joint_pos=[0.0, 0.0, 0.0, -0.035999998450279236, 0.5400000214576721, 0.0] imu_ang_vel=[0.05006895586848259, -0.10333380103111267, -0.057526033371686935] imu_quat_wxyz=[0.8086857795715332, 0.041697900742292404, 0.17434796690940857, -0.5602601170539856]
joint_pos=[0.0, 0.0, 0.0, -0.035999998450279236, 0.5400000214576721, 0.0] imu_ang_vel=[0.05006895586848259, -0.10333380103111267, -0.057526033371686935] imu_quat_wxyz=[0.8086857795715332, 0.041697900742292404, 0.17434796690940857, -0.5602601170539856]
joint_pos=[0.0, 0.0, 0.0, -0.035999998450279236, 0.5400000214576721, 0.0] imu_ang_vel=[0.05006895586848259, -0.09481142461299896, -0.04367717355489731] imu_quat_wxyz=[0.8088235855102539, 0.041765905916690826, 0.17303474247455597, -0.5604633092880249]
joint_pos=[0.0, 0.0, 0.0, -0.035999998450279236, 0.5400000214576721, 0.0] imu_ang_vel=[0.05006895586848259, -0.09481142461299896, -0.04367717355489731] imu_quat_wxyz=[0.8088235855102539, 0.041765905916690826, 0.17303474247455597, -0.5604633092880249]
joint_pos=[0.0, 0.0, 0.0, -0.035999998450279236, 0.5400000214576721, 0.0] imu_ang_vel=[0.057526033371686935, -0.08096256852149963, -0.05006895586848259] imu_quat_wxyz=[0.8089113831520081, 0.041883230209350586, 0.17202971875667572, -0.5606371164321899]
joint_pos=[0.0, 0.0, 0.0, -0.035999998450279236, 0.5400000214576721, 0.0] imu_ang_vel=[0.057526033371686935, -0.08096256852149963, -0.05006895586848259] imu_quat_wxyz=[0.8089113831520081, 0.041883230209350586, 0.17202971875667572, -0.5606371164321899]
joint_pos=[0.0, 0.0, 0.0, -0.035999998450279236, 0.5400000214576721, 0.0] imu_ang_vel=[0.06924430280923843, -0.06498311460018158, -0.06817900389432907] imu_quat_wxyz=[0.808732271194458, 0.04220743849873543, 0.17120787501335144, -0.5611224174499512]
joint_pos=[0.0, 0.0, 0.0, -0.035999998450279236, 0.5400000214576721, 0.0] imu_ang_vel=[0.06924430280923843, -0.06498311460018158, -0.06817900389432907] imu_quat_wxyz=[0.808732271194458, 0.04220743849873543, 0.17120787501335144, -0.5611224174499512]
joint_pos=[0.0, 0.0, 0.0, -0.035999998450279236, 0.5400000214576721, 0.0] imu_ang_vel=[0.06817900389432907, -0.04793836176395416, -0.05965662747621536] imu_quat_wxyz=[0.8084685206413269, 0.04271676018834114, 0.17052307724952698, -0.5616722106933594]
joint_pos=[0.0, 0.0, 0.0, -0.035999998450279236, 0.5400000214576721, 0.0] imu_ang_vel=[0.06817900389432907, -0.04793836176395416, -0.05965662747621536] imu_quat_wxyz=[0.8084685206413269, 0.04271676018834114, 0.17052307724952698, -0.5616722106933594]
joint_pos=[0.0, 0.0, 0.0, -0.035999998450279236, 0.5400000214576721, 0.0] imu_ang_vel=[0.06711370497941971, -0.03302420675754547, -0.05006895586848259] imu_quat_wxyz=[0.8082675337791443, 0.04325471818447113, 0.1700679212808609, -0.56205815076828]
joint_pos=[0.0, 0.0, 0.0, -0.035999998450279236, 0.5400000214576721, 0.0] imu_ang_vel=[0.06711370497941971, -0.03302420675754547, -0.05006895586848259] imu_quat_wxyz=[0.8082675337791443, 0.04325471818447113, 0.1700679212808609, -0.56205815076828]
joint_pos=[0.0, 0.0, 0.0, -0.035999998450279236, 0.5400000214576721, 0.0] imu_ang_vel=[0.06604841351509094, -0.01491415686905384, -0.05219954997301102] imu_quat_wxyz=[0.808061957359314, 0.04367268830537796, 0.17000660300254822, -0.5623399019241333]
joint_pos=[0.0, 0.0, 0.0, -0.035999998450279236, 0.5400000214576721, 0.0] imu_ang_vel=[0.06604841351509094, -0.01491415686905384, -0.05219954997301102] imu_quat_wxyz=[0.808061957359314, 0.04367268830537796, 0.17000660300254822, -0.5623399019241333]
joint_pos=[0.0, 0.0, 0.0, -0.035999998450279236, 0.5400000214576721, 0.0] imu_ang_vel=[0.06498311460018158, 0.0, -0.05539543926715851] imu_quat_wxyz=[0.8076614141464233, 0.044254120439291, 0.1700778305530548, -0.5628482699394226]
joint_pos=[0.0, 0.0, 0.0, -0.035999998450279236, 0.5400000214576721, 0.0] imu_ang_vel=[0.06498311460018158, 0.0, -0.05539543926715851] imu_quat_wxyz=[0.8076614141464233, 0.044254120439291, 0.1700778305530548, -0.5628482699394226]
joint_pos=[0.0, 0.0, 0.0, -0.035999998450279236, 0.5400000214576721, 0.0] imu_ang_vel=[0.060721926391124725, 0.02343653328716755, -0.051134251058101654] imu_quat_wxyz=[0.8072463870048523, 0.04489471763372421, 0.1703571081161499, -0.5633082985877991]
joint_pos=[0.0, 0.0, 0.0, -0.035999998450279236, 0.5400000214576721, 0.0] imu_ang_vel=[0.060721926391124725, 0.02343653328716755, -0.051134251058101654] imu_quat_wxyz=[0.8072463870048523, 0.04489471763372421, 0.1703571081161499, -0.5633082985877991]
joint_pos=[0.0, 0.0, 0.0, -0.035999998450279236, 0.5400000214576721, 0.0] imu_ang_vel=[0.05006895586848259, 0.039415985345840454, -0.03728539124131203] imu_quat_wxyz=[0.8068870902061462, 0.04554036259651184, 0.17083153128623962, -0.5636273622512817]
joint_pos=[0.0, 0.0, 0.0, -0.035999998450279236, 0.5400000214576721, 0.0] imu_ang_vel=[0.05006895586848259, 0.039415985345840454, -0.03728539124131203] imu_quat_wxyz=[0.8068870902061462, 0.04554036259651184, 0.17083153128623962, -0.5636273622512817]
joint_pos=[0.0, 0.0, 0.0, -0.035999998450279236, 0.5400000214576721, 0.0] imu_ang_vel=[0.03835069015622139, 0.054330144077539444, -0.02663242258131504] imu_quat_wxyz=[0.8065468668937683, 0.046010810881853104, 0.17149871587753296, -0.5638733506202698]
joint_pos=[0.0, 0.0, 0.0, -0.035999998450279236, 0.5400000214576721, 0.0] imu_ang_vel=[0.03835069015622139, 0.054330144077539444, -0.02663242258131504] imu_quat_wxyz=[0.8065468668937683, 0.046010810881853104, 0.17149871587753296, -0.5638733506202698]
joint_pos=[0.0, 0.0, 0.0, -0.035999998450279236, 0.5400000214576721, 0.0] imu_ang_vel=[0.028763016685843468, 0.07137489318847656, -0.025567125529050827] imu_quat_wxyz=[0.8061390519142151, 0.046322718262672424, 0.17250679433345795, -0.5641235113143921]
joint_pos=[0.0, 0.0, 0.0, -0.035999998450279236, 0.5400000214576721, 0.0] imu_ang_vel=[0.028763016685843468, 0.07137489318847656, -0.025567125529050827] imu_quat_wxyz=[0.8061390519142151, 0.046322718262672424, 0.17250679433345795, -0.5641235113143921]
joint_pos=[0.0, 0.0, 0.0, -0.035999998450279236, 0.5400000214576721, 0.0] imu_ang_vel=[0.015979453921318054, 0.08309315890073776, 0.0] imu_quat_wxyz=[0.8058708906173706, 0.046785008162260056, 0.17359384894371033, -0.5641351342201233]
joint_pos=[0.0, 0.0, 0.0, -0.035999998450279236, 0.5400000214576721, 0.0] imu_ang_vel=[0.015979453921318054, 0.08309315890073776, 0.0] imu_quat_wxyz=[0.8058708906173706, 0.046785008162260056, 0.17359384894371033, -0.5641351342201233]
joint_pos=[0.0, 0.0, 0.0, -0.035999998450279236, 0.5400000214576721, 0.0] imu_ang_vel=[0.0, 0.09055023640394211, 0.010652969591319561] imu_quat_wxyz=[0.805742621421814, 0.04693179950118065, 0.17495617270469666, -0.5638851523399353]
joint_pos=[0.0, 0.0, 0.0, -0.035999998450279236, 0.5400000214576721, 0.0] imu_ang_vel=[0.0, 0.09055023640394211, 0.010652969591319561] imu_quat_wxyz=[0.805742621421814, 0.04693179950118065, 0.17495617270469666, -0.5638851523399353]
joint_pos=[0.0, 0.0, 0.0, -0.035999998450279236, 0.5400000214576721, 0.0] imu_ang_vel=[-0.01811004802584648, 0.09481142461299896, 0.03195890784263611] imu_quat_wxyz=[0.8058818578720093, 0.047119975090026855, 0.1764753758907318, -0.56319659948349]
joint_pos=[0.0, 0.0, 0.0, -0.035999998450279236, 0.5400000214576721, 0.0] imu_ang_vel=[-0.01811004802584648, 0.09481142461299896, 0.03195890784263611] imu_quat_wxyz=[0.8058818578720093, 0.047119975090026855, 0.1764753758907318, -0.56319659948349]
joint_pos=[0.0, 0.0, 0.0, -0.035999998450279236, 0.5400000214576721, 0.0] imu_ang_vel=[-0.03622009605169296, 0.09694202244281769, 0.0468730665743351] imu_quat_wxyz=[0.8062142729759216, 0.04727252200245857, 0.17808081209659576, -0.5622020363807678]
joint_pos=[0.0, 0.0, 0.0, -0.035999998450279236, 0.5400000214576721, 0.0] imu_ang_vel=[-0.03622009605169296, 0.09694202244281769, 0.0468730665743351] imu_quat_wxyz=[0.8062142729759216, 0.04727252200245857, 0.17808081209659576, -0.5622020363807678]
joint_pos=[0.0, 0.0, 0.0, -0.035999998450279236, 0.5400000214576721, 0.0] imu_ang_vel=[-0.039415985345840454, 0.10013791173696518, 0.03835069015622139] imu_quat_wxyz=[0.8065200448036194, 0.04725402593612671, 0.1796659231185913, -0.5612596869468689]
joint_pos=[0.0, 0.0, 0.0, -0.035999998450279236, 0.5400000214576721, 0.0] imu_ang_vel=[-0.039415985345840454, 0.10013791173696518, 0.03835069015622139] imu_quat_wxyz=[0.8065200448036194, 0.04725402593612671, 0.1796659231185913, -0.5612596869468689]
joint_pos=[0.0, 0.0, 0.0, -0.035999998450279236, 0.5400000214576721, 0.0] imu_ang_vel=[-0.03302420675754547, 0.10120321065187454, 0.01491415686905384] imu_quat_wxyz=[0.8064709901809692, 0.04703871160745621, 0.1812058985233307, -0.5608531832695007]
joint_pos=[0.0, 0.0, 0.0, -0.035999998450279236, 0.5400000214576721, 0.0] imu_ang_vel=[-0.03302420675754547, 0.10120321065187454, 0.01491415686905384] imu_quat_wxyz=[0.8064709901809692, 0.04703871160745621, 0.1812058985233307, -0.5608531832695007]
joint_pos=[0.0, 0.0, 0.0, -0.035999998450279236, 0.5400000214576721, 0.0] imu_ang_vel=[-0.049003660678863525, 0.09481142461299896, 0.042611878365278244] imu_quat_wxyz=[0.8064579963684082, 0.04672572761774063, 0.1824558973312378, -0.560492753982544]
joint_pos=[0.0, 0.0, 0.0, -0.035999998450279236, 0.5400000214576721, 0.0] imu_ang_vel=[-0.049003660678863525, 0.09481142461299896, 0.042611878365278244] imu_quat_wxyz=[0.8064579963684082, 0.04672572761774063, 0.1824558973312378, -0.560492753982544]
joint_pos=[0.0, 0.0, 0.0, -0.035999998450279236, 0.5400000214576721, 0.0] imu_ang_vel=[-0.09481142461299896, 0.06391781568527222, 0.1757739931344986] imu_quat_wxyz=[0.8075029253959656, 0.04631746932864189, 0.1832282990217209, -0.5587676167488098]
joint_pos=[0.0, 0.0, 0.0, -0.035999998450279236, 0.5400000214576721, 0.0] imu_ang_vel=[-0.09481142461299896, 0.06391781568527222, 0.1757739931344986] imu_quat_wxyz=[0.8075029253959656, 0.04631746932864189, 0.1832282990217209, -0.5587676167488098]
joint_pos=[0.0, 0.0, 0.0, -0.035999998450279236, 0.5400000214576721, 0.0] imu_ang_vel=[-0.1608598381280899, 0.03728539124131203, 0.2844342887401581] imu_quat_wxyz=[0.810463011264801, 0.04506697878241539, 0.18454454839229584, -0.5541317462921143]
joint_pos=[0.0, 0.0, 0.0, -0.035999998450279236, 0.5400000214576721, 0.0] imu_ang_vel=[-0.1608598381280899, 0.03728539124131203, 0.2844342887401581] imu_quat_wxyz=[0.810463011264801, 0.04506697878241539, 0.18454454839229584, -0.5541317462921143]
joint_pos=[0.0, 0.0, 0.0, -0.035999998450279236, 0.5400000214576721, 0.0] imu_ang_vel=[-0.06604841351509094, 0.051134251058101654, 0.06178722158074379] imu_quat_wxyz=[0.8118887543678284, 0.043869707733392715, 0.18651360273361206, -0.5514750480651855]
joint_pos=[0.0, 0.0, 0.0, -0.035999998450279236, 0.5400000214576721, 0.0] imu_ang_vel=[-0.06604841351509094, 0.051134251058101654, 0.06178722158074379] imu_quat_wxyz=[0.8118887543678284, 0.043869707733392715, 0.18651360273361206, -0.5514750480651855]
joint_pos=[0.0, 0.0, 0.0, -0.035999998450279236, 0.5400000214576721, 0.0] imu_ang_vel=[0.011718266643583775, 0.06285251677036285, -0.12677033245563507] imu_quat_wxyz=[0.81076580286026, 0.04398560896515846, 0.18729525804519653, -0.5528512597084045]
joint_pos=[0.0, 0.0, 0.0, -0.035999998450279236, 0.5400000214576721, 0.0] imu_ang_vel=[0.011718266643583775, 0.06285251677036285, -0.12677033245563507] imu_quat_wxyz=[0.81076580286026, 0.04398560896515846, 0.18729525804519653, -0.5528512597084045]
joint_pos=[0.0, 0.0, 0.0, -0.035999998450279236, 0.5400000214576721, 0.0] imu_ang_vel=[0.019175345078110695, 0.03835069015622139, 0.0] imu_quat_wxyz=[0.8099609017372131, 0.04587048292160034, 0.18647505342960358, -0.5541536211967468]
joint_pos=[0.0, 0.0, 0.0, -0.035999998450279236, 0.5400000214576721, 0.0] imu_ang_vel=[0.019175345078110695, 0.03835069015622139, 0.0] imu_quat_wxyz=[0.8099609017372131, 0.04587048292160034, 0.18647505342960358, -0.5541536211967468]
joint_pos=[0.0, 0.0, 0.0, -0.035999998450279236, 0.5400000214576721, 0.0] imu_ang_vel=[0.08841964602470398, 0.021305939182639122, -0.14488038420677185] imu_quat_wxyz=[0.8091734051704407, 0.04600708186626434, 0.18558499217033386, -0.5555896162986755]
joint_pos=[0.0, 0.0, 0.0, -0.035999998450279236, 0.5400000214576721, 0.0] imu_ang_vel=[0.08841964602470398, 0.021305939182639122, -0.14488038420677185] imu_quat_wxyz=[0.8091734051704407, 0.04600708186626434, 0.18558499217033386, -0.5555896162986755]
joint_pos=[0.0, 0.0, 0.0, -0.035999998450279236, 0.5400000214576721, 0.0] imu_ang_vel=[0.1406191885471344, 0.04367717355489731, -0.37391921877861023] imu_quat_wxyz=[0.8054547905921936, 0.0464794859290123, 0.18501847982406616, -0.5611152648925781]
joint_pos=[0.0, 0.0, 0.0, -0.035999998450279236, 0.5400000214576721, 0.0] imu_ang_vel=[0.1406191885471344, 0.04367717355489731, -0.37391921877861023] imu_quat_wxyz=[0.8054547905921936, 0.0464794859290123, 0.18501847982406616, -0.5611152648925781]
joint_pos=[0.0, 0.0, 0.0, -0.035999998450279236, 0.5400000214576721, 0.0] imu_ang_vel=[0.02982831373810768, -0.03622009605169296, -0.19388404488563538] imu_quat_wxyz=[0.8026268482208252, 0.04645499587059021, 0.1835169494152069, -0.5656443238258362]
joint_pos=[0.0, 0.0, 0.0, -0.035999998450279236, 0.5400000214576721, 0.0] imu_ang_vel=[0.02982831373810768, -0.03622009605169296, -0.19388404488563538] imu_quat_wxyz=[0.8026268482208252, 0.04645499587059021, 0.1835169494152069, -0.5656443238258362]
joint_pos=[0.0, 0.0, 0.0, -0.035999998450279236, 0.5400000214576721, 0.0] imu_ang_vel=[-0.08841964602470398, -0.060721926391124725, 0.12037855386734009] imu_quat_wxyz=[0.8037285208702087, 0.04570658504962921, 0.18249863386154175, -0.5644692182540894]
joint_pos=[0.0, 0.0, 0.0, -0.035999998450279236, 0.5400000214576721, 0.0] imu_ang_vel=[-0.08841964602470398, -0.060721926391124725, 0.12037855386734009] imu_quat_wxyz=[0.8037285208702087, 0.04570658504962921, 0.18249863386154175, -0.5644692182540894]
joint_pos=[0.0, 0.0, 0.0, -0.035999998450279236, 0.5400000214576721, 0.0] imu_ang_vel=[-0.1289009302854538, -0.11824796348810196, 0.41759639978408813] imu_quat_wxyz=[0.8079119324684143, 0.04555516317486763, 0.18241673707962036, -0.5585042238235474]
joint_pos=[0.0, 0.0, 0.0, -0.035999998450279236, 0.5400000214576721, 0.0] imu_ang_vel=[-0.1289009302854538, -0.11824796348810196, 0.41759639978408813] imu_quat_wxyz=[0.8079119324684143, 0.04555516317486763, 0.18241673707962036, -0.5585042238235474]
joint_pos=[0.0, 0.0, 0.0, -0.035999998450279236, 0.5400000214576721, 0.0] imu_ang_vel=[0.11931325495243073, -0.05326484516263008, -0.11931325495243073] imu_quat_wxyz=[0.8094900250434875, 0.04483025148510933, 0.18318599462509155, -0.5560205578804016]
joint_pos=[0.0, 0.0, 0.0, -0.035999998450279236, 0.5400000214576721, 0.0] imu_ang_vel=[0.11931325495243073, -0.05326484516263008, -0.11931325495243073] imu_quat_wxyz=[0.8094900250434875, 0.04483025148510933, 0.18318599462509155, -0.5560205578804016]
joint_pos=[0.0, 0.0, 0.0, -0.035999998450279236, 0.5400000214576721, 0.0] imu_ang_vel=[0.35261330008506775, 0.0, -0.8064298033714294] imu_quat_wxyz=[0.8023805618286133, 0.04616100713610649, 0.18152795732021332, -0.5666587352752686]
joint_pos=[0.0, 0.0, 0.0, -0.035999998450279236, 0.5400000214576721, 0.0] imu_ang_vel=[0.35261330008506775, 0.0, -0.8064298033714294] imu_quat_wxyz=[0.8023805618286133, 0.04616100713610649, 0.18152795732021332, -0.5666587352752686]
joint_pos=[0.0, 0.0, 0.0, -0.035999998450279236, 0.5400000214576721, 0.0] imu_ang_vel=[0.1257050335407257, -0.07457078248262405, -0.345156192779541] imu_quat_wxyz=[0.8023805618286133, 0.04616100713610649, 0.18152795732021332, -0.5666587352752686]
joint_pos=[0.0, 0.0, 0.0, -0.035999998450279236, 0.5400000214576721, 0.0] imu_ang_vel=[0.1257050335407257, -0.07457078248262405, -0.345156192779541] imu_quat_wxyz=[0.796581506729126, 0.04828431084752083, 0.17776626348495483, -0.5757825970649719]
joint_pos=[0.0, 0.0, 0.0, -0.035999998450279236, 0.5400000214576721, 0.0] imu_ang_vel=[-0.10120321065187454, -0.15340276062488556, 0.24714888632297516] imu_quat_wxyz=[0.796581506729126, 0.04828431084752083, 0.17776626348495483, -0.5757825970649719]
joint_pos=[0.0, 0.0, 0.0, -0.035999998450279236, 0.5400000214576721, 0.0] imu_ang_vel=[-0.10120321065187454, -0.15340276062488556, 0.24714888632297516] imu_quat_wxyz=[0.7989615797996521, 0.046624694019556046, 0.17523077130317688, -0.5733940005302429]
joint_pos=[0.0, 0.0, 0.0, -0.035999998450279236, 0.5400000214576721, 0.0] imu_ang_vel=[-0.015979453921318054, -0.12357444316148758, 0.15766394138336182] imu_quat_wxyz=[0.7989615797996521, 0.046624694019556046, 0.17523077130317688, -0.5733940005302429]
joint_pos=[0.0, 0.0, 0.0, -0.035999998450279236, 0.5400000214576721, 0.0] imu_ang_vel=[-0.015979453921318054, -0.12357444316148758, 0.15766394138336182] imu_quat_wxyz=[0.8025804758071899, 0.04528634622693062, 0.17495529353618622, -0.5685105919837952]
joint_pos=[0.0, 0.0, 0.0, -0.035999998450279236, 0.5400000214576721, 0.0] imu_ang_vel=[0.19494934380054474, -0.051134251058101654, -0.3249155580997467] imu_quat_wxyz=[0.8025804758071899, 0.04528634622693062, 0.17495529353618622, -0.5685105919837952]
joint_pos=[0.0, 0.0, 0.0, -0.035999998450279236, 0.5400000214576721, 0.0] imu_ang_vel=[0.19494934380054474, -0.051134251058101654, -0.3249155580997467] imu_quat_wxyz=[0.8014259934425354, 0.04646637290716171, 0.1751948446035385, -0.5699683427810669]
joint_pos=[0.0, 0.0, 0.0, -0.035999998450279236, 0.5400000214576721, 0.0] imu_ang_vel=[0.2631283402442932, -0.027697719633579254, -0.5688685774803162] imu_quat_wxyz=[0.8014259934425354, 0.04646637290716171, 0.1751948446035385, -0.5699683427810669]
joint_pos=[0.0, 0.0, 0.0, -0.035999998450279236, 0.5400000214576721, 0.0] imu_ang_vel=[0.2631283402442932, -0.027697719633579254, -0.5688685774803162] imu_quat_wxyz=[0.7958080172538757, 0.048829346895217896, 0.17412269115447998, -0.5779156684875488]
joint_pos=[0.0, 0.0, 0.0, -0.035999998450279236, 0.5400000214576721, 0.0] imu_ang_vel=[0.12357444316148758, -0.08096256852149963, -0.29082605242729187] imu_quat_wxyz=[0.7958080172538757, 0.048829346895217896, 0.17412269115447998, -0.5779156684875488]
joint_pos=[0.0, 0.0, 0.0, -0.035999998450279236, 0.5400000214576721, 0.0] imu_ang_vel=[0.12357444316148758, -0.08096256852149963, -0.29082605242729187] imu_quat_wxyz=[0.7918892502784729, 0.04987722635269165, 0.17216810584068298, -0.5837651491165161]
joint_pos=[0.0, 0.0, 0.0, -0.035999998450279236, 0.5400000214576721, 0.0] imu_ang_vel=[-0.01811004802584648, -0.12357444316148758, 0.07883197069168091] imu_quat_wxyz=[0.7918892502784729, 0.04987722635269165, 0.17216810584068298, -0.5837651491165161]
joint_pos=[0.0, 0.0, 0.0, -0.035999998450279236, 0.5400000214576721, 0.0] imu_ang_vel=[-0.01811004802584648, -0.12357444316148758, 0.07883197069168091] imu_quat_wxyz=[0.7927206754684448, 0.04900635406374931, 0.17055954039096832, -0.5831823348999023]
joint_pos=[0.0, 0.0, 0.0, -0.035999998450279236, 0.5400000214576721, 0.0] imu_ang_vel=[0.0, -0.10013791173696518, 0.08628904819488525] imu_quat_wxyz=[0.7927206754684448, 0.04900635406374931, 0.17055954039096832, -0.5831823348999023]
joint_pos=[0.0, 0.0, 0.0, -0.035999998450279236, 0.5400000214576721, 0.0] imu_ang_vel=[0.0, -0.10013791173696518, 0.08628904819488525] imu_quat_wxyz=[0.7952741980552673, 0.04815687984228134, 0.17016994953155518, -0.5798810124397278]
joint_pos=[0.0, 0.0, 0.0, -0.035999998450279236, 0.5400000214576721, 0.0] imu_ang_vel=[0.13955390453338623, -0.03302420675754547, -0.2396918088197708] imu_quat_wxyz=[0.7952741980552673, 0.04815687984228134, 0.17016994953155518, -0.5798810124397278]
joint_pos=[0.0, 0.0, 0.0, -0.035999998450279236, 0.5400000214576721, 0.0] imu_ang_vel=[0.13955390453338623, -0.03302420675754547, -0.2396918088197708] imu_quat_wxyz=[0.7946426272392273, 0.04882574453949928, 0.16983544826507568, -0.580788254737854]
joint_pos=[0.0, 0.0, 0.0, -0.035999998450279236, 0.5400000214576721, 0.0] imu_ang_vel=[0.16831691563129425, 0.0, -0.3313073515892029] imu_quat_wxyz=[0.7946426272392273, 0.04882574453949928, 0.16983544826507568, -0.580788254737854]
joint_pos=[0.0, 0.0, 0.0, -0.035999998450279236, 0.5400000214576721, 0.0] imu_ang_vel=[0.16831691563129425, 0.0, -0.3313073515892029] imu_quat_wxyz=[0.7915446758270264, 0.05083856359124184, 0.16869625449180603, -0.5851615071296692]
joint_pos=[0.0, 0.0, 0.0, -0.035999998450279236, 0.5400000214576721, 0.0] imu_ang_vel=[0.04367717355489731, -0.015979453921318054, -0.07776667922735214] imu_quat_wxyz=[0.7915446758270264, 0.05083856359124184, 0.16869625449180603, -0.5851615071296692]
joint_pos=[0.0, 0.0, 0.0, -0.035999998450279236, 0.5400000214576721, 0.0] imu_ang_vel=[0.04367717355489731, -0.015979453921318054, -0.07776667922735214] imu_quat_wxyz=[0.7903532385826111, 0.05183687433600426, 0.16782084107398987, -0.5869334936141968]
joint_pos=[0.0, 0.0, 0.0, -0.035999998450279236, 0.5400000214576721, 0.0] imu_ang_vel=[-0.0351547971367836, -0.024501830339431763, 0.05219954997301102] imu_quat_wxyz=[0.7903532385826111, 0.05183687433600426, 0.16782084107398987, -0.5869334936141968]
joint_pos=[0.0, 0.0, 0.0, -0.035999998450279236, 0.5400000214576721, 0.0] imu_ang_vel=[-0.0351547971367836, -0.024501830339431763, 0.05219954997301102] imu_quat_wxyz=[0.7915247082710266, 0.05097898095846176, 0.16863802075386047, -0.5851929783821106]
joint_pos=[0.0, 0.0, 0.0, -0.035999998450279236, 0.5400000214576721, 0.0] imu_ang_vel=[0.02343653328716755, 0.0, -0.0585913322865963] imu_quat_wxyz=[0.7915247082710266, 0.05097898095846176, 0.16863802075386047, -0.5851929783821106]
joint_pos=[0.0, 0.0, 0.0, -0.035999998450279236, 0.5400000214576721, 0.0] imu_ang_vel=[0.02343653328716755, 0.0, -0.0585913322865963] imu_quat_wxyz=[0.79215008020401, 0.05054917559027672, 0.17059892416000366, -0.583814263343811]
joint_pos=[0.0, 0.0, 0.0, -0.035999998450279236, 0.5400000214576721, 0.0] imu_ang_vel=[0.12677033245563507, 0.05219954997301102, -0.26206305623054504] imu_quat_wxyz=[0.79215008020401, 0.05054917559027672, 0.17059892416000366, -0.583814263343811]
joint_pos=[0.0, 0.0, 0.0, -0.035999998450279236, 0.5400000214576721, 0.0] imu_ang_vel=[0.12677033245563507, 0.05219954997301102, -0.26206305623054504] imu_quat_wxyz=[0.7903575897216797, 0.051628608256578445, 0.17221882939338684, -0.5856706500053406]
joint_pos=[0.0, 0.0, 0.0, -0.035999998450279236, 0.5400000214576721, 0.0] imu_ang_vel=[0.14488038420677185, 0.07350549101829529, -0.31106671690940857] imu_quat_wxyz=[0.7903575897216797, 0.051628608256578445, 0.17221882939338684, -0.5856706500053406]
joint_pos=[0.0, 0.0, 0.0, -0.035999998450279236, 0.5400000214576721, 0.0] imu_ang_vel=[0.14488038420677185, 0.07350549101829529, -0.31106671690940857] imu_quat_wxyz=[0.7871817350387573, 0.05347106233239174, 0.17263157665729523, -0.5896473526954651]
joint_pos=[0.0, 0.0, 0.0, -0.035999998450279236, 0.5400000214576721, 0.0] imu_ang_vel=[0.0585913322865963, 0.05965662747621536, -0.1757739931344986] imu_quat_wxyz=[0.7871817350387573, 0.05347106233239174, 0.17263157665729523, -0.5896473526954651]
joint_pos=[0.0, 0.0, 0.0, -0.035999998450279236, 0.5400000214576721, 0.0] imu_ang_vel=[0.0585913322865963, 0.05965662747621536, -0.1757739931344986] imu_quat_wxyz=[0.785094678401947, 0.05437762290239334, 0.17267519235610962, -0.5923281908035278]
joint_pos=[0.0, 0.0, 0.0, -0.035999998450279236, 0.5400000214576721, 0.0] imu_ang_vel=[-0.03195890784263611, 0.04474247246980667, -0.017044750973582268] imu_quat_wxyz=[0.785094678401947, 0.05437762290239334, 0.17267519235610962, -0.5923281908035278]
joint_pos=[0.0, 0.0, 0.0, -0.035999998450279236, 0.5400000214576721, 0.0] imu_ang_vel=[-0.03195890784263611, 0.04474247246980667, -0.017044750973582268] imu_quat_wxyz=[0.7851113677024841, 0.05417410656809807, 0.17311453819274902, -0.5921965837478638]
joint_pos=[0.0, 0.0, 0.0, -0.035999998450279236, 0.5400000214576721, 0.0] imu_ang_vel=[-0.03195890784263611, 0.04474247246980667, -0.017044750973582268] imu_quat_wxyz=[0.7851113677024841, 0.05417410656809807, 0.17311453819274902, -0.5921965837478638]
joint_pos=[0.0, 0.0, 0.0, -0.035999998450279236, 0.5400000214576721, 0.0] imu_ang_vel=[-0.02343653328716755, 0.06498311460018158, -0.02663242258131504] imu_quat_wxyz=[0.7858260869979858, 0.05372520908713341, 0.17434853315353394, -0.5909259915351868]
joint_pos=[0.0, 0.0, 0.0, -0.035999998450279236, 0.5400000214576721, 0.0] imu_ang_vel=[-0.02343653328716755, 0.06498311460018158, -0.02663242258131504] imu_quat_wxyz=[0.7858260869979858, 0.05372520908713341, 0.17434853315353394, -0.5909259915351868]
joint_pos=[0.0, 0.0, 0.0, -0.035999998450279236, 0.5400000214576721, 0.0] imu_ang_vel=[0.04367717355489731, 0.10759498924016953, -0.15340276062488556] imu_quat_wxyz=[0.7851415276527405, 0.0541008859872818, 0.17583002150058746, -0.5913624167442322]
joint_pos=[0.0, 0.0, 0.0, -0.035999998450279236, 0.5400000214576721, 0.0] imu_ang_vel=[0.04367717355489731, 0.10759498924016953, -0.15340276062488556] imu_quat_wxyz=[0.7851415276527405, 0.0541008859872818, 0.17583002150058746, -0.5913624167442322]
joint_pos=[0.0, 0.0, 0.0, -0.035999998450279236, 0.5400000214576721, 0.0] imu_ang_vel=[0.042611878365278244, 0.12463974207639694, -0.164055734872818] imu_quat_wxyz=[0.7836671471595764, 0.05507742613554001, 0.17686130106449127, -0.5929183959960938]
joint_pos=[0.0, 0.0, 0.0, -0.035999998450279236, 0.5400000214576721, 0.0] imu_ang_vel=[0.042611878365278244, 0.12463974207639694, -0.164055734872818] imu_quat_wxyz=[0.7836671471595764, 0.05507742613554001, 0.17686130106449127, -0.5929183959960938]
joint_pos=[0.0, 0.0, 0.0, -0.035999998450279236, 0.5400000214576721, 0.0] imu_ang_vel=[-0.05219954997301102, 0.09907261282205582, 0.0] imu_quat_wxyz=[0.7835235595703125, 0.0552905835211277, 0.17813260853290558, -0.5927078127861023]
joint_pos=[0.0, 0.0, 0.0, -0.035999998450279236, 0.5400000214576721, 0.0] imu_ang_vel=[-0.05219954997301102, 0.09907261282205582, 0.0] imu_quat_wxyz=[0.7835235595703125, 0.0552905835211277, 0.17813260853290558, -0.5927078127861023]
joint_pos=[0.0, 0.0, 0.0, -0.035999998450279236, 0.5400000214576721, 0.0] imu_ang_vel=[-0.1171826645731926, 0.07350549101829529, 0.12677033245563507] imu_quat_wxyz=[0.7852235436439514, 0.054486457258462906, 0.1802375465631485, -0.589889407157898]
joint_pos=[0.0, 0.0, 0.0, -0.035999998450279236, 0.5400000214576721, 0.0] imu_ang_vel=[-0.1171826645731926, 0.07350549101829529, 0.12677033245563507] imu_quat_wxyz=[0.7852235436439514, 0.054486457258462906, 0.1802375465631485, -0.589889407157898]
joint_pos=[0.0, 0.0, 0.0, -0.035999998450279236, 0.5400000214576721, 0.0] imu_ang_vel=[-0.0703095942735672, 0.07670138031244278, 0.051134251058101654] imu_quat_wxyz=[0.7867040038108826, 0.053753554821014404, 0.18274880945682526, -0.5872053503990173]
joint_pos=[0.0, 0.0, 0.0, -0.035999998450279236, 0.5400000214576721, 0.0] imu_ang_vel=[-0.0703095942735672, 0.07670138031244278, 0.051134251058101654] imu_quat_wxyz=[0.7867040038108826, 0.053753554821014404, 0.18274880945682526, -0.5872053503990173]
joint_pos=[0.0, 0.0, 0.0, -0.035999998450279236, 0.5400000214576721, 0.0] imu_ang_vel=[0.0, 0.09268083423376083, -0.08096256852149963] imu_quat_wxyz=[0.7864615321159363, 0.05387723073363304, 0.18420368432998657, -0.587064266204834]
joint_pos=[0.0, 0.0, 0.0, -0.035999998450279236, 0.5400000214576721, 0.0] imu_ang_vel=[0.0, 0.09268083423376083, -0.08096256852149963] imu_quat_wxyz=[0.7864615321159363, 0.05387723073363304, 0.18420368432998657, -0.587064266204834]
joint_pos=[0.0, 0.0, 0.0, -0.035999998450279236, 0.5400000214576721, 0.0] imu_ang_vel=[0.0585913322865963, 0.09587672352790833, -0.19814522564411163] imu_quat_wxyz=[0.7846108078956604, 0.05485868081450462, 0.18476103246212006, -0.5892704725265503]
joint_pos=[0.0, 0.0, 0.0, -0.035999998450279236, 0.5400000214576721, 0.0] imu_ang_vel=[0.0585913322865963, 0.09587672352790833, -0.19814522564411163] imu_quat_wxyz=[0.7846108078956604, 0.05485868081450462, 0.18476103246212006, -0.5892704725265503]
joint_pos=[0.0, 0.0, 0.0, -0.035999998450279236, 0.5400000214576721, 0.0] imu_ang_vel=[0.0, 0.06711370497941971, -0.08522375673055649] imu_quat_wxyz=[0.7835925817489624, 0.05510494485497475, 0.18450865149497986, -0.5906797051429749]
joint_pos=[0.0, 0.0, 0.0, -0.035999998450279236, 0.5400000214576721, 0.0] imu_ang_vel=[0.0, 0.06711370497941971, -0.08522375673055649] imu_quat_wxyz=[0.7835925817489624, 0.05510494485497475, 0.18450865149497986, -0.5906797051429749]
joint_pos=[0.0, 0.0, 0.0, -0.035999998450279236, 0.5400000214576721, 0.0] imu_ang_vel=[-0.07563608139753342, 0.0351547971367836, 0.06498311460018158] imu_quat_wxyz=[0.7845407724380493, 0.05430218204855919, 0.18429802358150482, -0.5895601511001587]
joint_pos=[0.0, 0.0, 0.0, -0.035999998450279236, 0.5400000214576721, 0.0] imu_ang_vel=[-0.07563608139753342, 0.0351547971367836, 0.06498311460018158] imu_quat_wxyz=[0.7845407724380493, 0.05430218204855919, 0.18429802358150482, -0.5895601511001587]
joint_pos=[0.0, 0.0, 0.0, -0.035999998450279236, 0.5400000214576721, 0.0] imu_ang_vel=[-0.07137489318847656, 0.02982831373810768, 0.08735434710979462] imu_quat_wxyz=[0.7863405346870422, 0.053432878106832504, 0.1845375895500183, -0.5871620178222656]
joint_pos=[0.0, 0.0, 0.0, -0.035999998450279236, 0.5400000214576721, 0.0] imu_ang_vel=[-0.07137489318847656, 0.02982831373810768, 0.08735434710979462] imu_quat_wxyz=[0.7863405346870422, 0.053432878106832504, 0.1845375895500183, -0.5871620178222656]
joint_pos=[0.0, 0.0, 0.0, -0.035999998450279236, 0.5400000214576721, 0.0] imu_ang_vel=[-0.021305939182639122, 0.03835069015622139, 0.0] imu_quat_wxyz=[0.7869631052017212, 0.05313888192176819, 0.18484237790107727, -0.5862581729888916]
joint_pos=[0.0, 0.0, 0.0, -0.035999998450279236, 0.5400000214576721, 0.0] imu_ang_vel=[-0.021305939182639122, 0.03835069015622139, 0.0] imu_quat_wxyz=[0.7869631052017212, 0.05313888192176819, 0.18484237790107727, -0.5862581729888916]
joint_pos=[0.0, 0.0, 0.0, -0.035999998450279236, 0.5400000214576721, 0.0] imu_ang_vel=[0.030893610790371895, 0.03835069015622139, -0.08522375673055649] imu_quat_wxyz=[0.786418080329895, 0.05335824191570282, 0.18495391309261322, -0.586933970451355]
joint_pos=[0.0, 0.0, 0.0, -0.035999998450279236, 0.5400000214576721, 0.0] imu_ang_vel=[0.030893610790371895, 0.03835069015622139, -0.08522375673055649] imu_quat_wxyz=[0.786418080329895, 0.05335824191570282, 0.18495391309261322, -0.586933970451355]
joint_pos=[0.0, 0.0, 0.0, -0.035999998450279236, 0.5400000214576721, 0.0] imu_ang_vel=[0.0, 0.0, 0.0] imu_quat_wxyz=[0.7864081263542175, 0.05324012041091919, 0.18488983809947968, -0.5869782567024231]
joint_pos=[0.0, 0.0, 0.0, -0.035999998450279236, 0.5400000214576721, 0.0] imu_ang_vel=[0.0, 0.0, 0.0] imu_quat_wxyz=[0.7864081263542175, 0.05324012041091919, 0.18488983809947968, -0.5869782567024231]
joint_pos=[0.0, 0.0, 0.0, -0.035999998450279236, 0.5400000214576721, 0.0] imu_ang_vel=[-0.04793836176395416, -0.0351547971367836, 0.0937461331486702] imu_quat_wxyz=[0.787738025188446, 0.05230206623673439, 0.18491394817829132, -0.5852692723274231]
joint_pos=[0.0, 0.0, 0.0, -0.035999998450279236, 0.5400000214576721, 0.0] imu_ang_vel=[-0.04793836176395416, -0.0351547971367836, 0.0937461331486702] imu_quat_wxyz=[0.787738025188446, 0.05230206623673439, 0.18491394817829132, -0.5852692723274231]
joint_pos=[0.0, 0.0, 0.0, -0.035999998450279236, 0.5400000214576721, 0.0] imu_ang_vel=[-0.02663242258131504, -0.05539543926715851, 0.07883197069168091] imu_quat_wxyz=[0.7889849543571472, 0.05154009908437729, 0.1847863644361496, -0.5836955308914185]
joint_pos=[0.0, 0.0, 0.0, -0.035999998450279236, 0.5400000214576721, 0.0] imu_ang_vel=[-0.02663242258131504, -0.05539543926715851, 0.07883197069168091] imu_quat_wxyz=[0.7889849543571472, 0.05154009908437729, 0.1847863644361496, -0.5836955308914185]
joint_pos=[0.0, 0.0, 0.0, -0.035999998450279236, 0.5400000214576721, 0.0] imu_ang_vel=[0.04474247246980667, -0.05326484516263008, -0.04367717355489731] imu_quat_wxyz=[0.7896390557289124, 0.051300473511219025, 0.1838914304971695, -0.5831143856048584]
joint_pos=[0.0, 0.0, 0.0, -0.035999998450279236, 0.5400000214576721, 0.0] imu_ang_vel=[0.04474247246980667, -0.05326484516263008, -0.04367717355489731] imu_quat_wxyz=[0.7896390557289124, 0.051300473511219025, 0.1838914304971695, -0.5831143856048584]
joint_pos=[0.0, 0.0, 0.0, -0.035999998450279236, 0.5400000214576721, 0.0] imu_ang_vel=[0.09055023640394211, -0.049003660678863525, -0.1406191885471344] imu_quat_wxyz=[0.7888921499252319, 0.05140963941812515, 0.1821412295103073, -0.5846628546714783]
joint_pos=[0.0, 0.0, 0.0, -0.035999998450279236, 0.5400000214576721, 0.0] imu_ang_vel=[0.09055023640394211, -0.049003660678863525, -0.1406191885471344] imu_quat_wxyz=[0.7888921499252319, 0.05140963941812515, 0.1821412295103073, -0.5846628546714783]
joint_pos=[0.0, 0.0, 0.0, -0.035999998450279236, 0.5400000214576721, 0.0] imu_ang_vel=[0.06285251677036285, -0.06498311460018158, -0.08096256852149963] imu_quat_wxyz=[0.7882882952690125, 0.05125245451927185, 0.17981328070163727, -0.5862097144126892]
joint_pos=[0.0, 0.0, 0.0, -0.035999998450279236, 0.5400000214576721, 0.0] imu_ang_vel=[0.06285251677036285, -0.06498311460018158, -0.08096256852149963] imu_quat_wxyz=[0.7882882952690125, 0.05125245451927185, 0.17981328070163727, -0.5862097144126892]
joint_pos=[0.0, 0.0, 0.0, -0.035999998450279236, 0.5400000214576721, 0.0] imu_ang_vel=[0.0, -0.09161553531885147, 0.0937461331486702] imu_quat_wxyz=[0.7895827889442444, 0.05052398145198822, 0.17776498198509216, -0.5851545929908752]
joint_pos=[0.0, 0.0, 0.0, -0.035999998450279236, 0.5400000214576721, 0.0] imu_ang_vel=[0.0, -0.09161553531885147, 0.0937461331486702] imu_quat_wxyz=[0.7895827889442444, 0.05052398145198822, 0.17776498198509216, -0.5851545929908752]
joint_pos=[0.0, 0.0, 0.0, -0.035999998450279236, 0.5400000214576721, 0.0] imu_ang_vel=[-0.039415985345840454, -0.10759498924016953, 0.17790459096431732] imu_quat_wxyz=[0.792399525642395, 0.04941574111580849, 0.17665009200572968, -0.5817695260047913]
joint_pos=[0.0, 0.0, 0.0, -0.035999998450279236, 0.5400000214576721, 0.0] imu_ang_vel=[-0.039415985345840454, -0.10759498924016953, 0.17790459096431732] imu_quat_wxyz=[0.792399525642395, 0.04941574111580849, 0.17665009200572968, -0.5817695260047913]
joint_pos=[0.0, 0.0, 0.0, -0.035999998450279236, 0.5400000214576721, 0.0] imu_ang_vel=[0.01811004802584648, -0.09800732135772705, 0.06391781568527222] imu_quat_wxyz=[0.7943686842918396, 0.048606764525175095, 0.17614322900772095, -0.5793007016181946]
joint_pos=[0.0, 0.0, 0.0, -0.035999998450279236, 0.5400000214576721, 0.0] imu_ang_vel=[0.01811004802584648, -0.09800732135772705, 0.06391781568527222] imu_quat_wxyz=[0.7943686842918396, 0.048606764525175095, 0.17614322900772095, -0.5793007016181946]
joint_pos=[0.0, 0.0, 0.0, -0.035999998450279236, 0.5400000214576721, 0.0] imu_ang_vel=[0.08096256852149963, -0.08309315890073776, -0.07244019210338593] imu_quat_wxyz=[0.7944403886795044, 0.04841068759560585, 0.17524269223213196, -0.579491913318634]
joint_pos=[0.0, 0.0, 0.0, -0.035999998450279236, 0.5400000214576721, 0.0] imu_ang_vel=[0.08096256852149963, -0.08309315890073776, -0.07244019210338593] imu_quat_wxyz=[0.7944403886795044, 0.04841068759560585, 0.17524269223213196, -0.579491913318634]
joint_pos=[0.0, 0.0, 0.0, -0.035999998450279236, 0.5400000214576721, 0.0] imu_ang_vel=[0.06924430280923843, -0.09268083423376083, -0.04048128426074982] imu_quat_wxyz=[0.7941805720329285, 0.04837890341877937, 0.17370419204235077, -0.5803133845329285]
joint_pos=[0.0, 0.0, 0.0, -0.035999998450279236, 0.5400000214576721, 0.0] imu_ang_vel=[0.06924430280923843, -0.09268083423376083, -0.04048128426074982] imu_quat_wxyz=[0.7941805720329285, 0.04837890341877937, 0.17370419204235077, -0.5803133845329285]
joint_pos=[0.0, 0.0, 0.0, -0.035999998450279236, 0.5400000214576721, 0.0] imu_ang_vel=[0.015979453921318054, -0.1139867752790451, 0.082027867436409] imu_quat_wxyz=[0.7952648997306824, 0.047778718173503876, 0.17220370471477509, -0.5793244242668152]
joint_pos=[0.0, 0.0, 0.0, -0.035999998450279236, 0.5400000214576721, 0.0] imu_ang_vel=[0.015979453921318054, -0.1139867752790451, 0.082027867436409] imu_quat_wxyz=[0.7952648997306824, 0.047778718173503876, 0.17220370471477509, -0.5793244242668152]
joint_pos=[0.0, 0.0, 0.0, -0.035999998450279236, 0.5400000214576721, 0.0] imu_ang_vel=[0.0, -0.1139867752790451, 0.10226850211620331] imu_quat_wxyz=[0.7970967292785645, 0.0466914176940918, 0.1710796356201172, -0.5772247314453125]
joint_pos=[0.0, 0.0, 0.0, -0.035999998450279236, 0.5400000214576721, 0.0] imu_ang_vel=[0.0, -0.1139867752790451, 0.10226850211620331] imu_quat_wxyz=[0.7970967292785645, 0.0466914176940918, 0.1710796356201172, -0.5772247314453125]
joint_pos=[0.0, 0.0, 0.0, -0.035999998450279236, 0.5400000214576721, 0.0] imu_ang_vel=[0.051134251058101654, -0.08735434710979462, 0.0] imu_quat_wxyz=[0.7979758381843567, 0.045935049653053284, 0.16992321610450745, -0.5764116644859314]
joint_pos=[0.0, 0.0, 0.0, -0.035999998450279236, 0.5400000214576721, 0.0] imu_ang_vel=[0.051134251058101654, -0.08735434710979462, 0.0] imu_quat_wxyz=[0.7979758381843567, 0.045935049653053284, 0.16992321610450745, -0.5764116644859314]
joint_pos=[0.0, 0.0, 0.0, -0.035999998450279236, 0.5400000214576721, 0.0] imu_ang_vel=[0.06924430280923843, -0.06391781568527222, -0.05219954997301102] imu_quat_wxyz=[0.7977715134620667, 0.0456775426864624, 0.16843730211257935, -0.577150821685791]
joint_pos=[0.0, 0.0, 0.0, -0.035999998450279236, 0.5400000214576721, 0.0] imu_ang_vel=[0.06924430280923843, -0.06391781568527222, -0.05219954997301102] imu_quat_wxyz=[0.7977715134620667, 0.0456775426864624, 0.16843730211257935, -0.577150821685791]
joint_pos=[0.0, 0.0, 0.0, -0.035999998450279236, 0.5400000214576721, 0.0] imu_ang_vel=[0.02024064213037491, -0.05965662747621536, 0.04474247246980667] imu_quat_wxyz=[0.7980650663375854, 0.04538879916071892, 0.16697867214679718, -0.5771915912628174]
joint_pos=[0.0, 0.0, 0.0, -0.035999998450279236, 0.5400000214576721, 0.0] imu_ang_vel=[0.02024064213037491, -0.05965662747621536, 0.04474247246980667] imu_quat_wxyz=[0.7980650663375854, 0.04538879916071892, 0.16697867214679718, -0.5771915912628174]
joint_pos=[0.0, 0.0, 0.0, -0.035999998450279236, 0.5400000214576721, 0.0] imu_ang_vel=[-0.045807767659425735, -0.06285251677036285, 0.1725780963897705] imu_quat_wxyz=[0.7998358607292175, 0.04455609619617462, 0.166457861661911, -0.5749514698982239]
joint_pos=[0.0, 0.0, 0.0, -0.035999998450279236, 0.5400000214576721, 0.0] imu_ang_vel=[-0.045807767659425735, -0.06285251677036285, 0.1725780963897705] imu_quat_wxyz=[0.7998358607292175, 0.04455609619617462, 0.166457861661911, -0.5749514698982239]
joint_pos=[0.0, 0.0, 0.0, -0.035999998450279236, 0.5400000214576721, 0.0] imu_ang_vel=[-0.049003660678863525, -0.05006895586848259, 0.164055734872818] imu_quat_wxyz=[0.802008867263794, 0.04342757537961006, 0.16712364554405212, -0.571808934211731]
joint_pos=[0.0, 0.0, 0.0, -0.035999998450279236, 0.5400000214576721, 0.0] imu_ang_vel=[-0.049003660678863525, -0.05006895586848259, 0.164055734872818] imu_quat_wxyz=[0.802008867263794, 0.04342757537961006, 0.16712364554405212, -0.571808934211731]
joint_pos=[0.0, 0.0, 0.0, -0.035999998450279236, 0.5400000214576721, 0.0] imu_ang_vel=[0.0, -0.02343653328716755, 0.04793836176395416] imu_quat_wxyz=[0.8029016256332397, 0.042686522006988525, 0.16815805435180664, -0.5703067779541016]
joint_pos=[0.0, 0.0, 0.0, -0.035999998450279236, 0.5400000214576721, 0.0] imu_ang_vel=[0.0, -0.02343653328716755, 0.04793836176395416] imu_quat_wxyz=[0.8029016256332397, 0.042686522006988525, 0.16815805435180664, -0.5703067779541016]
joint_pos=[0.0, 0.0, 0.0, -0.035999998450279236, 0.5400000214576721, 0.0] imu_ang_vel=[0.01491415686905384, 0.0, 0.010652969591319561] imu_quat_wxyz=[0.802831768989563, 0.04252083599567413, 0.1687648892402649, -0.5702381730079651]
joint_pos=[0.0, 0.0, 0.0, -0.035999998450279236, 0.5400000214576721, 0.0] imu_ang_vel=[0.01491415686905384, 0.0, 0.010652969591319561] imu_quat_wxyz=[0.802831768989563, 0.04252083599567413, 0.1687648892402649, -0.5702381730079651]
joint_pos=[0.0, 0.0, 0.0, -0.035999998450279236, 0.5400000214576721, 0.0] imu_ang_vel=[-0.02663242258131504, 0.0, 0.08628904819488525] imu_quat_wxyz=[0.8032656311988831, 0.042325932532548904, 0.16895657777786255, -0.5695844888687134]
joint_pos=[0.0, 0.0, 0.0, -0.035999998450279236, 0.5400000214576721, 0.0] imu_ang_vel=[-0.02663242258131504, 0.0, 0.08628904819488525] imu_quat_wxyz=[0.8032656311988831, 0.042325932532548904, 0.16895657777786255, -0.5695844888687134]
joint_pos=[0.0, 0.0, 0.0, -0.035999998450279236, 0.5400000214576721, 0.0] imu_ang_vel=[-0.06817900389432907, 0.0, 0.1491415649652481] imu_quat_wxyz=[0.8046098947525024, 0.041597459465265274, 0.16930224001407623, -0.5676347613334656]
joint_pos=[0.0, 0.0, 0.0, -0.035999998450279236, 0.5400000214576721, 0.0] imu_ang_vel=[-0.06817900389432907, 0.0, 0.1491415649652481] imu_quat_wxyz=[0.8046098947525024, 0.041597459465265274, 0.16930224001407623, -0.5676347613334656]
joint_pos=[0.0, 0.0, 0.0, -0.035999998450279236, 0.5400000214576721, 0.0] imu_ang_vel=[-0.05965662747621536, 0.021305939182639122, 0.11824796348810196] imu_quat_wxyz=[0.8058845400810242, 0.04081156477332115, 0.16988804936408997, -0.5657053589820862]
joint_pos=[0.0, 0.0, 0.0, -0.035999998450279236, 0.5400000214576721, 0.0] imu_ang_vel=[-0.05965662747621536, 0.021305939182639122, 0.11824796348810196] imu_quat_wxyz=[0.8058845400810242, 0.04081156477332115, 0.16988804936408997, -0.5657053589820862]
joint_pos=[0.0, 0.0, 0.0, -0.035999998450279236, 0.5400000214576721, 0.0] imu_ang_vel=[-0.039415985345840454, 0.045807767659425735, 0.06391781568527222] imu_quat_wxyz=[0.8063735961914062, 0.04036751389503479, 0.17071552574634552, -0.5647905468940735]
joint_pos=[0.0, 0.0, 0.0, -0.035999998450279236, 0.5400000214576721, 0.0] imu_ang_vel=[-0.039415985345840454, 0.045807767659425735, 0.06391781568527222] imu_quat_wxyz=[0.8063735961914062, 0.04036751389503479, 0.17071552574634552, -0.5647905468940735]
joint_pos=[0.0, 0.0, 0.0, -0.035999998450279236, 0.5400000214576721, 0.0] imu_ang_vel=[-0.05326484516263008, 0.057526033371686935, 0.08415845781564713] imu_quat_wxyz=[0.8066512942314148, 0.040145501494407654, 0.1716325283050537, -0.5641315579414368]
joint_pos=[0.0, 0.0, 0.0, -0.035999998450279236, 0.5400000214576721, 0.0] imu_ang_vel=[-0.05326484516263008, 0.057526033371686935, 0.08415845781564713] imu_quat_wxyz=[0.8066512942314148, 0.040145501494407654, 0.1716325283050537, -0.5641315579414368]
joint_pos=[0.0, 0.0, 0.0, -0.035999998450279236, 0.5400000214576721, 0.0] imu_ang_vel=[-0.09268083423376083, 0.054330144077539444, 0.15766394138336182] imu_quat_wxyz=[0.8076007962226868, 0.03976338356733322, 0.1728791743516922, -0.5624167323112488]
joint_pos=[0.0, 0.0, 0.0, -0.035999998450279236, 0.5400000214576721, 0.0] imu_ang_vel=[-0.09268083423376083, 0.054330144077539444, 0.15766394138336182] imu_quat_wxyz=[0.8076007962226868, 0.03976338356733322, 0.1728791743516922, -0.5624167323112488]
joint_pos=[0.0, 0.0, 0.0, -0.035999998450279236, 0.5400000214576721, 0.0] imu_ang_vel=[-0.11185617744922638, 0.05326484516263008, 0.18642696738243103] imu_quat_wxyz=[0.8090477585792542, 0.03917588293552399, 0.1745220422744751, -0.5598651766777039]
joint_pos=[0.0, 0.0, 0.0, -0.035999998450279236, 0.5400000214576721, 0.0] imu_ang_vel=[-0.11185617744922638, 0.05326484516263008, 0.18642696738243103] imu_quat_wxyz=[0.8090477585792542, 0.03917588293552399, 0.1745220422744751, -0.5598651766777039]
joint_pos=[0.0, 0.0, 0.0, -0.035999998450279236, 0.5400000214576721, 0.0] imu_ang_vel=[-0.082027867436409, 0.06178722158074379, 0.12463974207639694] imu_quat_wxyz=[0.8099908232688904, 0.038723792880773544, 0.1763417273759842, -0.5579596161842346]
joint_pos=[0.0, 0.0, 0.0, -0.035999998450279236, 0.5400000214576721, 0.0] imu_ang_vel=[-0.082027867436409, 0.06178722158074379, 0.12463974207639694] imu_quat_wxyz=[0.8099908232688904, 0.038723792880773544, 0.1763417273759842, -0.5579596161842346]
joint_pos=[0.0, 0.0, 0.0, -0.035999998450279236, 0.5400000214576721, 0.0] imu_ang_vel=[-0.039415985345840454, 0.07244019210338593, 0.03835069015622139] imu_quat_wxyz=[0.809909462928772, 0.038683731108903885, 0.1778397411108017, -0.5576047897338867]
joint_pos=[0.0, 0.0, 0.0, -0.035999998450279236, 0.5400000214576721, 0.0] imu_ang_vel=[-0.039415985345840454, 0.07244019210338593, 0.03835069015622139] imu_quat_wxyz=[0.809909462928772, 0.038683731108903885, 0.1778397411108017, -0.5576047897338867]
joint_pos=[0.0, 0.0, 0.0, -0.035999998450279236, 0.5400000214576721, 0.0] imu_ang_vel=[-0.034089501947164536, 0.0703095942735672, 0.025567125529050827] imu_quat_wxyz=[0.8095343708992004, 0.03879515454173088, 0.1784830540418625, -0.5579362511634827]
joint_pos=[0.0, 0.0, 0.0, -0.035999998450279236, 0.5400000214576721, 0.0] imu_ang_vel=[-0.034089501947164536, 0.0703095942735672, 0.025567125529050827] imu_quat_wxyz=[0.8095343708992004, 0.03879515454173088, 0.1784830540418625, -0.5579362511634827]
joint_pos=[0.0, 0.0, 0.0, -0.035999998450279236, 0.5400000214576721, 0.0] imu_ang_vel=[-0.06178722158074379, 0.05965662747621536, 0.08096256852149963] imu_quat_wxyz=[0.8095521330833435, 0.038753923028707504, 0.17904116213321686, -0.5577344298362732]
joint_pos=[0.0, 0.0, 0.0, -0.035999998450279236, 0.5400000214576721, 0.0] imu_ang_vel=[-0.06178722158074379, 0.05965662747621536, 0.08096256852149963] imu_quat_wxyz=[0.8095521330833435, 0.038753923028707504, 0.17904116213321686, -0.5577344298362732]
joint_pos=[0.0, 0.0, 0.0, -0.035999998450279236, 0.5400000214576721, 0.0] imu_ang_vel=[-0.07989726960659027, 0.051134251058101654, 0.1171826645731926] imu_quat_wxyz=[0.810124933719635, 0.0384276881814003, 0.17958930134773254, -0.5567483305931091]
joint_pos=[0.0, 0.0, 0.0, -0.035999998450279236, 0.5400000214576721, 0.0] imu_ang_vel=[-0.07989726960659027, 0.051134251058101654, 0.1171826645731926] imu_quat_wxyz=[0.810124933719635, 0.0384276881814003, 0.17958930134773254, -0.5567483305931091]
joint_pos=[0.0, 0.0, 0.0, -0.035999998450279236, 0.5400000214576721, 0.0] imu_ang_vel=[-0.06604841351509094, 0.05006895586848259, 0.09800732135772705] imu_quat_wxyz=[0.8106554746627808, 0.03821449354290962, 0.18020249903202057, -0.5557915568351746]
joint_pos=[0.0, 0.0, 0.0, -0.035999998450279236, 0.5400000214576721, 0.0] imu_ang_vel=[-0.06604841351509094, 0.05006895586848259, 0.09800732135772705] imu_quat_wxyz=[0.8106554746627808, 0.03821449354290962, 0.18020249903202057, -0.5557915568351746]
joint_pos=[0.0, 0.0, 0.0, -0.035999998450279236, 0.5400000214576721, 0.0] imu_ang_vel=[-0.03728539124131203, 0.05006895586848259, 0.0468730665743351] imu_quat_wxyz=[0.8106414079666138, 0.038306042551994324, 0.18083159625530243, -0.5556015968322754]
joint_pos=[0.0, 0.0, 0.0, -0.035999998450279236, 0.5400000214576721, 0.0] imu_ang_vel=[-0.03728539124131203, 0.05006895586848259, 0.0468730665743351] imu_quat_wxyz=[0.8106414079666138, 0.038306042551994324, 0.18083159625530243, -0.5556015968322754]
joint_pos=[0.0, 0.0, 0.0, -0.035999998450279236, 0.5400000214576721, 0.0] imu_ang_vel=[-0.024501830339431763, 0.04048128426074982, 0.02663242258131504] imu_quat_wxyz=[0.8102779984474182, 0.03864460438489914, 0.18140627443790436, -0.5559206008911133]
joint_pos=[0.0, 0.0, 0.0, -0.035999998450279236, 0.5400000214576721, 0.0] imu_ang_vel=[-0.024501830339431763, 0.04048128426074982, 0.02663242258131504] imu_quat_wxyz=[0.8102779984474182, 0.03864460438489914, 0.18140627443790436, -0.5559206008911133]
joint_pos=[0.0, 0.0, 0.0, -0.035999998450279236, 0.5400000214576721, 0.0] imu_ang_vel=[-0.027697719633579254, 0.02343653328716755, 0.03728539124131203] imu_quat_wxyz=[0.8101152181625366, 0.03881235793232918, 0.18174304068088531, -0.5560364127159119]
joint_pos=[0.0, 0.0, 0.0, -0.035999998450279236, 0.5400000214576721, 0.0] imu_ang_vel=[-0.027697719633579254, 0.02343653328716755, 0.03728539124131203] imu_quat_wxyz=[0.8101152181625366, 0.03881235793232918, 0.18174304068088531, -0.5560364127159119]
joint_pos=[0.0, 0.0, 0.0, -0.035999998450279236, 0.5400000214576721, 0.0] imu_ang_vel=[-0.02982831373810768, 0.0, 0.051134251058101654] imu_quat_wxyz=[0.8101822733879089, 0.03888987749814987, 0.18205265700817108, -0.5558319091796875]
joint_pos=[0.0, 0.0, 0.0, -0.035999998450279236, 0.5400000214576721, 0.0] imu_ang_vel=[-0.02982831373810768, 0.0, 0.051134251058101654] imu_quat_wxyz=[0.8101822733879089, 0.03888987749814987, 0.18205265700817108, -0.5558319091796875]
joint_pos=[0.0, 0.0, 0.0, -0.035999998450279236, 0.5400000214576721, 0.0] imu_ang_vel=[0.0, -0.010652969591319561, 0.01811004802584648] imu_quat_wxyz=[0.8101213574409485, 0.03914410248398781, 0.18210214376449585, -0.5558866262435913]
joint_pos=[0.0, 0.0, 0.0, -0.035999998450279236, 0.5400000214576721, 0.0] imu_ang_vel=[0.0, -0.010652969591319561, 0.01811004802584648] imu_quat_wxyz=[0.8101213574409485, 0.03914410248398781, 0.18210214376449585, -0.5558866262435913]
joint_pos=[0.0, 0.0, 0.0, -0.035999998450279236, 0.5400000214576721, 0.0] imu_ang_vel=[0.03195890784263611, -0.015979453921318054, -0.05006895586848259] imu_quat_wxyz=[0.809462308883667, 0.0395500622689724, 0.18166561424732208, -0.5569598078727722]
joint_pos=[0.0, 0.0, 0.0, -0.035999998450279236, 0.5400000214576721, 0.0] imu_ang_vel=[0.03195890784263611, -0.015979453921318054, -0.05006895586848259] imu_quat_wxyz=[0.809462308883667, 0.0395500622689724, 0.18166561424732208, -0.5569598078727722]
joint_pos=[0.0, 0.0, 0.0, -0.035999998450279236, 0.5400000214576721, 0.0] imu_ang_vel=[0.051134251058101654, -0.024501830339431763, -0.08628904819488525] imu_quat_wxyz=[0.8083368539810181, 0.04013250395655632, 0.18076027929782867, -0.5588440299034119]
joint_pos=[0.0, 0.0, 0.0, -0.035999998450279236, 0.5400000214576721, 0.0] imu_ang_vel=[0.051134251058101654, -0.024501830339431763, -0.08628904819488525] imu_quat_wxyz=[0.8083368539810181, 0.04013250395655632, 0.18076027929782867, -0.5588440299034119]
joint_pos=[0.0, 0.0, 0.0, -0.035999998450279236, 0.5400000214576721, 0.0] imu_ang_vel=[0.04154657945036888, -0.039415985345840454, -0.0585913322865963] imu_quat_wxyz=[0.8074277639389038, 0.04062430188059807, 0.1795758455991745, -0.5605019330978394]
joint_pos=[0.0, 0.0, 0.0, -0.035999998450279236, 0.5400000214576721, 0.0] imu_ang_vel=[0.04154657945036888, -0.039415985345840454, -0.0585913322865963] imu_quat_wxyz=[0.8074277639389038, 0.04062430188059807, 0.1795758455991745, -0.5605019330978394]
joint_pos=[0.0, 0.0, 0.0, -0.035999998450279236, 0.5400000214576721, 0.0] imu_ang_vel=[0.025567125529050827, -0.05539543926715851, -0.015979453921318054] imu_quat_wxyz=[0.8071110844612122, 0.04083292558789253, 0.17845766246318817, -0.5612996220588684]
joint_pos=[0.0, 0.0, 0.0, -0.035999998450279236, 0.5400000214576721, 0.0] imu_ang_vel=[0.025567125529050827, -0.05539543926715851, -0.015979453921318054] imu_quat_wxyz=[0.8071110844612122, 0.04083292558789253, 0.17845766246318817, -0.5612996220588684]
joint_pos=[0.0, 0.0, 0.0, -0.035999998450279236, 0.5400000214576721, 0.0] imu_ang_vel=[0.034089501947164536, -0.06391781568527222, -0.02024064213037491] imu_quat_wxyz=[0.8069642186164856, 0.04099404066801071, 0.17753617465496063, -0.5617910623550415]
joint_pos=[0.0, 0.0, 0.0, -0.035999998450279236, 0.5400000214576721, 0.0] imu_ang_vel=[0.034089501947164536, -0.06391781568527222, -0.02024064213037491] imu_quat_wxyz=[0.8069642186164856, 0.04099404066801071, 0.17753617465496063, -0.5617910623550415]
joint_pos=[0.0, 0.0, 0.0, -0.035999998450279236, 0.5400000214576721, 0.0] imu_ang_vel=[0.060721926391124725, -0.06604841351509094, -0.07137489318847656] imu_quat_wxyz=[0.8063663244247437, 0.04128153249621391, 0.17671196162700653, -0.5628871917724609]
joint_pos=[0.0, 0.0, 0.0, -0.035999998450279236, 0.5400000214576721, 0.0] imu_ang_vel=[0.060721926391124725, -0.06604841351509094, -0.07137489318847656] imu_quat_wxyz=[0.8063663244247437, 0.04128153249621391, 0.17671196162700653, -0.5628871917724609]
joint_pos=[0.0, 0.0, 0.0, -0.035999998450279236, 0.5400000214576721, 0.0] imu_ang_vel=[0.07670138031244278, -0.07137489318847656, -0.10439909994602203] imu_quat_wxyz=[0.8052864670753479, 0.041766997426748276, 0.17572301626205444, -0.5647038817405701]
joint_pos=[0.0, 0.0, 0.0, -0.035999998450279236, 0.5400000214576721, 0.0] imu_ang_vel=[0.07670138031244278, -0.07137489318847656, -0.10439909994602203] imu_quat_wxyz=[0.8052864670753479, 0.041766997426748276, 0.17572301626205444, -0.5647038817405701]
joint_pos=[0.0, 0.0, 0.0, -0.035999998450279236, 0.5400000214576721, 0.0] imu_ang_vel=[0.07350549101829529, -0.07989726960659027, -0.09055023640394211] imu_quat_wxyz=[0.8042978644371033, 0.04219364374876022, 0.1745341718196869, -0.5664471983909607]
joint_pos=[0.0, 0.0, 0.0, -0.035999998450279236, 0.5400000214576721, 0.0] imu_ang_vel=[0.07350549101829529, -0.07989726960659027, -0.09055023640394211] imu_quat_wxyz=[0.8042978644371033, 0.04219364374876022, 0.1745341718196869, -0.5664471983909607]
joint_pos=[0.0, 0.0, 0.0, -0.035999998450279236, 0.5400000214576721, 0.0] imu_ang_vel=[0.06817900389432907, -0.08735434710979462, -0.07457078248262405] imu_quat_wxyz=[0.8036556839942932, 0.04254565387964249, 0.17336225509643555, -0.5676908493041992]
joint_pos=[0.0, 0.0, 0.0, -0.035999998450279236, 0.5400000214576721, 0.0] imu_ang_vel=[0.06817900389432907, -0.08735434710979462, -0.07457078248262405] imu_quat_wxyz=[0.8036556839942932, 0.04254565387964249, 0.17336225509643555, -0.5676908493041992]
joint_pos=[0.0, 0.0, 0.0, -0.035999998450279236, 0.5400000214576721, 0.0] imu_ang_vel=[0.08096256852149963, -0.08309315890073776, -0.10120321065187454] imu_quat_wxyz=[0.802969217300415, 0.042888469994068146, 0.17220564186573029, -0.5689870715141296]
joint_pos=[0.0, 0.0, 0.0, -0.035999998450279236, 0.5400000214576721, 0.0] imu_ang_vel=[0.08096256852149963, -0.08309315890073776, -0.10120321065187454] imu_quat_wxyz=[0.802969217300415, 0.042888469994068146, 0.17220564186573029, -0.5689870715141296]
joint_pos=[0.0, 0.0, 0.0, -0.035999998450279236, 0.5400000214576721, 0.0] imu_ang_vel=[0.09481142461299896, -0.07350549101829529, -0.13529270887374878] imu_quat_wxyz=[0.8018483519554138, 0.0433054082095623, 0.17100079357624054, -0.5708962678909302]
joint_pos=[0.0, 0.0, 0.0, -0.035999998450279236, 0.5400000214576721, 0.0] imu_ang_vel=[0.09481142461299896, -0.07350549101829529, -0.13529270887374878] imu_quat_wxyz=[0.8018483519554138, 0.0433054082095623, 0.17100079357624054, -0.5708962678909302]
joint_pos=[0.0, 0.0, 0.0, -0.035999998450279236, 0.5400000214576721, 0.0] imu_ang_vel=[0.08735434710979462, -0.06711370497941971, -0.12463974207639694] imu_quat_wxyz=[0.8006774187088013, 0.0437830314040184, 0.16970621049404144, -0.5728861689567566]
joint_pos=[0.0, 0.0, 0.0, -0.035999998450279236, 0.5400000214576721, 0.0] imu_ang_vel=[0.08735434710979462, -0.06711370497941971, -0.12463974207639694] imu_quat_wxyz=[0.8006774187088013, 0.0437830314040184, 0.16970621049404144, -0.5728861689567566]
joint_pos=[0.0, 0.0, 0.0, -0.035999998450279236, 0.5400000214576721, 0.0] imu_ang_vel=[0.06285251677036285, -0.06285251677036285, -0.07776667922735214] imu_quat_wxyz=[0.7999301552772522, 0.044101934880018234, 0.16866683959960938, -0.5742110013961792]
joint_pos=[0.0, 0.0, 0.0, -0.035999998450279236, 0.5400000214576721, 0.0] imu_ang_vel=[0.06285251677036285, -0.06285251677036285, -0.07776667922735214] imu_quat_wxyz=[0.7999301552772522, 0.044101934880018234, 0.16866683959960938, -0.5742110013961792]
joint_pos=[0.0, 0.0, 0.0, -0.035999998450279236, 0.5400000214576721, 0.0] imu_ang_vel=[0.04474247246980667, -0.057526033371686935, -0.049003660678863525] imu_quat_wxyz=[0.7996563911437988, 0.044296473264694214, 0.16813376545906067, -0.5747334957122803]
joint_pos=[0.0, 0.0, 0.0, -0.035999998450279236, 0.5400000214576721, 0.0] imu_ang_vel=[0.04474247246980667, -0.057526033371686935, -0.049003660678863525] imu_quat_wxyz=[0.7996563911437988, 0.044296473264694214, 0.16813376545906067, -0.5747334957122803]
joint_pos=[0.0, 0.0, 0.0, -0.035999998450279236, 0.5400000214576721, 0.0] imu_ang_vel=[0.05006895586848259, -0.04367717355489731, -0.06817900389432907] imu_quat_wxyz=[0.7993716597557068, 0.0445965938270092, 0.16821005940437317, -0.5750837922096252]
joint_pos=[0.0, 0.0, 0.0, -0.035999998450279236, 0.5400000214576721, 0.0] imu_ang_vel=[0.05006895586848259, -0.04367717355489731, -0.06817900389432907] imu_quat_wxyz=[0.7993716597557068, 0.0445965938270092, 0.16821005940437317, -0.5750837922096252]
joint_pos=[0.0, 0.0, 0.0, -0.035999998450279236, 0.5400000214576721, 0.0] imu_ang_vel=[0.0585913322865963, -0.028763016685843468, -0.10013791173696518] imu_quat_wxyz=[0.7986686825752258, 0.045033957809209824, 0.16856254637241364, -0.5759226083755493]
joint_pos=[0.0, 0.0, 0.0, -0.035999998450279236, 0.5400000214576721, 0.0] imu_ang_vel=[0.0585913322865963, -0.028763016685843468, -0.10013791173696518] imu_quat_wxyz=[0.7986686825752258, 0.045033957809209824, 0.16856254637241364, -0.5759226083755493]
joint_pos=[0.0, 0.0, 0.0, -0.035999998450279236, 0.5400000214576721, 0.0] imu_ang_vel=[0.05539543926715851, -0.01811004802584648, -0.10120321065187454] imu_quat_wxyz=[0.7977561354637146, 0.045472245663404465, 0.16876135766506195, -0.5770935416221619]
joint_pos=[0.0, 0.0, 0.0, -0.035999998450279236, 0.5400000214576721, 0.0] imu_ang_vel=[0.05539543926715851, -0.01811004802584648, -0.10120321065187454] imu_quat_wxyz=[0.7977561354637146, 0.045472245663404465, 0.16876135766506195, -0.5770935416221619]
joint_pos=[0.0, 0.0, 0.0, -0.035999998450279236, 0.5400000214576721, 0.0] imu_ang_vel=[0.03622009605169296, 0.0, -0.07244019210338593] imu_quat_wxyz=[0.7970886826515198, 0.04583822190761566, 0.1690051257610321, -0.5779150724411011]
joint_pos=[0.0, 0.0, 0.0, -0.035999998450279236, 0.5400000214576721, 0.0] imu_ang_vel=[0.03622009605169296, 0.0, -0.07244019210338593] imu_quat_wxyz=[0.7970886826515198, 0.04583822190761566, 0.1690051257610321, -0.5779150724411011]
joint_pos=[0.0, 0.0, 0.0, -0.035999998450279236, 0.5400000214576721, 0.0] imu_ang_vel=[0.021305939182639122, 0.0, -0.05219954997301102] imu_quat_wxyz=[0.7967281937599182, 0.04608874022960663, 0.16936495900154114, -0.5782867670059204]
joint_pos=[0.0, 0.0, 0.0, -0.035999998450279236, 0.5400000214576721, 0.0] imu_ang_vel=[0.021305939182639122, 0.0, -0.05219954997301102] imu_quat_wxyz=[0.7967281937599182, 0.04608874022960663, 0.16936495900154114, -0.5782867670059204]
joint_pos=[0.0, 0.0, 0.0, -0.035999998450279236, 0.5400000214576721, 0.0] imu_ang_vel=[0.02024064213037491, 0.01811004802584648, -0.06604841351509094] imu_quat_wxyz=[0.7964112162590027, 0.046245358884334564, 0.16972418129444122, -0.5786054730415344]
joint_pos=[0.0, 0.0, 0.0, -0.035999998450279236, 0.5400000214576721, 0.0] imu_ang_vel=[0.02024064213037491, 0.01811004802584648, -0.06604841351509094] imu_quat_wxyz=[0.7964112162590027, 0.046245358884334564, 0.16972418129444122, -0.5786054730415344]
joint_pos=[0.0, 0.0, 0.0, -0.035999998450279236, 0.5400000214576721, 0.0] imu_ang_vel=[0.019175345078110695, 0.03622009605169296, -0.08309315890073776] imu_quat_wxyz=[0.7957429885864258, 0.04657690227031708, 0.17032504081726074, -0.5793212056159973]
joint_pos=[0.0, 0.0, 0.0, -0.035999998450279236, 0.5400000214576721, 0.0] imu_ang_vel=[0.019175345078110695, 0.03622009605169296, -0.08309315890073776] imu_quat_wxyz=[0.7957429885864258, 0.04657690227031708, 0.17032504081726074, -0.5793212056159973]
joint_pos=[0.0, 0.0, 0.0, -0.035999998450279236, 0.5400000214576721, 0.0] imu_ang_vel=[0.0, 0.04793836176395416, -0.05326484516263008] imu_quat_wxyz=[0.7952161431312561, 0.0468507744371891, 0.17118670046329498, -0.5797684788703918]
joint_pos=[0.0, 0.0, 0.0, -0.035999998450279236, 0.5400000214576721, 0.0] imu_ang_vel=[0.0, 0.04793836176395416, -0.05326484516263008] imu_quat_wxyz=[0.7952161431312561, 0.0468507744371891, 0.17118670046329498, -0.5797684788703918]
joint_pos=[0.0, 0.0, 0.0, -0.035999998450279236, 0.5400000214576721, 0.0] imu_ang_vel=[-0.028763016685843468, 0.05219954997301102, 0.0] imu_quat_wxyz=[0.7951894402503967, 0.04697977006435394, 0.17228758335113525, -0.5794683694839478]
joint_pos=[0.0, 0.0, 0.0, -0.035999998450279236, 0.5400000214576721, 0.0] imu_ang_vel=[-0.028763016685843468, 0.05219954997301102, 0.0] imu_quat_wxyz=[0.7951894402503967, 0.04697977006435394, 0.17228758335113525, -0.5794683694839478]
joint_pos=[0.0, 0.0, 0.0, -0.035999998450279236, 0.5400000214576721, 0.0] imu_ang_vel=[-0.03835069015622139, 0.0585913322865963, 0.015979453921318054] imu_quat_wxyz=[0.7954503893852234, 0.046954452991485596, 0.17376799881458282, -0.5786697268486023]
joint_pos=[0.0, 0.0, 0.0, -0.035999998450279236, 0.5400000214576721, 0.0] imu_ang_vel=[-0.03835069015622139, 0.0585913322865963, 0.015979453921318054] imu_quat_wxyz=[0.7954503893852234, 0.046954452991485596, 0.17376799881458282, -0.5786697268486023]
joint_pos=[0.0, 0.0, 0.0, -0.035999998450279236, 0.5400000214576721, 0.0] imu_ang_vel=[-0.02663242258131504, 0.06924430280923843, -0.01811004802584648] imu_quat_wxyz=[0.7954127788543701, 0.04703107476234436, 0.1753603219985962, -0.5782346725463867]
joint_pos=[0.0, 0.0, 0.0, -0.035999998450279236, 0.5400000214576721, 0.0] imu_ang_vel=[-0.02663242258131504, 0.06924430280923843, -0.01811004802584648] imu_quat_wxyz=[0.7954127788543701, 0.04703107476234436, 0.1753603219985962, -0.5782346725463867]
joint_pos=[0.0, 0.0, 0.0, -0.035999998450279236, 0.5400000214576721, 0.0] imu_ang_vel=[-0.013848859816789627, 0.07670138031244278, -0.051134251058101654] imu_quat_wxyz=[0.7949125170707703, 0.04735454171895981, 0.17675676941871643, -0.5784710645675659]
joint_pos=[0.0, 0.0, 0.0, -0.035999998450279236, 0.5400000214576721, 0.0] imu_ang_vel=[-0.013848859816789627, 0.07670138031244278, -0.051134251058101654] imu_quat_wxyz=[0.7949125170707703, 0.04735454171895981, 0.17675676941871643, -0.5784710645675659]
joint_pos=[0.0, 0.0, 0.0, -0.035999998450279236, 0.5400000214576721, 0.0] imu_ang_vel=[-0.01811004802584648, 0.07670138031244278, -0.04154657945036888] imu_quat_wxyz=[0.7943551540374756, 0.04764854535460472, 0.1779073178768158, -0.5788595676422119]
joint_pos=[0.0, 0.0, 0.0, -0.035999998450279236, 0.5400000214576721, 0.0] imu_ang_vel=[-0.01811004802584648, 0.07670138031244278, -0.04154657945036888] imu_quat_wxyz=[0.7943551540374756, 0.04764854535460472, 0.1779073178768158, -0.5788595676422119]
joint_pos=[0.0, 0.0, 0.0, -0.035999998450279236, 0.5400000214576721, 0.0] imu_ang_vel=[-0.03302420675754547, 0.07350549101829529, 0.0] imu_quat_wxyz=[0.7941567897796631, 0.047733500599861145, 0.17883403599262238, -0.5788391828536987]
joint_pos=[0.0, 0.0, 0.0, -0.035999998450279236, 0.5400000214576721, 0.0] imu_ang_vel=[-0.03302420675754547, 0.07350549101829529, 0.0] imu_quat_wxyz=[0.7941567897796631, 0.047733500599861145, 0.17883403599262238, -0.5788391828536987]
joint_pos=[0.0, 0.0, 0.0, -0.035999998450279236, 0.5400000214576721, 0.0] imu_ang_vel=[-0.04154657945036888, 0.07137489318847656, 0.012783562764525414] imu_quat_wxyz=[0.7942115664482117, 0.04768124222755432, 0.17974314093589783, -0.5784866809844971]
joint_pos=[0.0, 0.0, 0.0, -0.035999998450279236, 0.5400000214576721, 0.0] imu_ang_vel=[-0.04154657945036888, 0.07137489318847656, 0.012783562764525414] imu_quat_wxyz=[0.7942115664482117, 0.04768124222755432, 0.17974314093589783, -0.5784866809844971]
joint_pos=[0.0, 0.0, 0.0, -0.035999998450279236, 0.5400000214576721, 0.0] imu_ang_vel=[-0.034089501947164536, 0.0703095942735672, 0.0] imu_quat_wxyz=[0.7942377328872681, 0.04773198813199997, 0.18061672151088715, -0.5781744718551636]
joint_pos=[0.0, 0.0, 0.0, -0.035999998450279236, 0.5400000214576721, 0.0] imu_ang_vel=[-0.034089501947164536, 0.0703095942735672, 0.0] imu_quat_wxyz=[0.7942377328872681, 0.04773198813199997, 0.18061672151088715, -0.5781744718551636]
joint_pos=[0.0, 0.0, 0.0, -0.035999998450279236, 0.5400000214576721, 0.0] imu_ang_vel=[-0.027697719633579254, 0.06817900389432907, 0.0] imu_quat_wxyz=[0.7942436337471008, 0.04786708950996399, 0.1813855767250061, -0.5779144167900085]
joint_pos=[0.0, 0.0, 0.0, -0.035999998450279236, 0.5400000214576721, 0.0] imu_ang_vel=[-0.027697719633579254, 0.06817900389432907, 0.0] imu_quat_wxyz=[0.7942436337471008, 0.04786708950996399, 0.1813855767250061, -0.5779144167900085]
joint_pos=[0.0, 0.0, 0.0, -0.035999998450279236, 0.5400000214576721, 0.0] imu_ang_vel=[-0.02982831373810768, 0.0585913322865963, 0.0] imu_quat_wxyz=[0.7943089008331299, 0.04804089665412903, 0.182160884141922, -0.5775662660598755]
joint_pos=[0.0, 0.0, 0.0, -0.035999998450279236, 0.5400000214576721, 0.0] imu_ang_vel=[-0.02982831373810768, 0.0585913322865963, 0.0] imu_quat_wxyz=[0.7943089008331299, 0.04804089665412903, 0.182160884141922, -0.5775662660598755]
joint_pos=[0.0, 0.0, 0.0, -0.035999998450279236, 0.5400000214576721, 0.0] imu_ang_vel=[-0.03195890784263611, 0.04474247246980667, 0.02663242258131504] imu_quat_wxyz=[0.7946098446846008, 0.04804123193025589, 0.18296153843402863, -0.5768988728523254]
joint_pos=[0.0, 0.0, 0.0, -0.035999998450279236, 0.5400000214576721, 0.0] imu_ang_vel=[-0.03195890784263611, 0.04474247246980667, 0.02663242258131504] imu_quat_wxyz=[0.7946098446846008, 0.04804123193025589, 0.18296153843402863, -0.5768988728523254]
joint_pos=[0.0, 0.0, 0.0, -0.035999998450279236, 0.5400000214576721, 0.0] imu_ang_vel=[-0.021305939182639122, 0.03195890784263611, 0.019175345078110695] imu_quat_wxyz=[0.7949538230895996, 0.04798831045627594, 0.18355213105678558, -0.5762413740158081]
joint_pos=[0.0, 0.0, 0.0, -0.035999998450279236, 0.5400000214576721, 0.0] imu_ang_vel=[-0.021305939182639122, 0.03195890784263611, 0.019175345078110695] imu_quat_wxyz=[0.7949538230895996, 0.04798831045627594, 0.18355213105678558, -0.5762413740158081]
joint_pos=[0.0, 0.0, 0.0, -0.035999998450279236, 0.5400000214576721, 0.0] imu_ang_vel=[0.0, 0.021305939182639122, 0.0] imu_quat_wxyz=[0.7950588464736938, 0.048112619668245316, 0.18381495773792267, -0.576002299785614]
joint_pos=[0.0, 0.0, 0.0, -0.035999998450279236, 0.5400000214576721, 0.0] imu_ang_vel=[0.0, 0.021305939182639122, 0.0] imu_quat_wxyz=[0.7950588464736938, 0.048112619668245316, 0.18381495773792267, -0.576002299785614]
joint_pos=[0.0, 0.0, 0.0, -0.035999998450279236, 0.5400000214576721, 0.0] imu_ang_vel=[0.012783562764525414, 0.0, -0.025567125529050827] imu_quat_wxyz=[0.7949270606040955, 0.04811762273311615, 0.18352407217025757, -0.5762764811515808]
joint_pos=[0.0, 0.0, 0.0, -0.035999998450279236, 0.5400000214576721, 0.0] imu_ang_vel=[0.012783562764525414, 0.0, -0.025567125529050827] imu_quat_wxyz=[0.7949270606040955, 0.04811762273311615, 0.18352407217025757, -0.5762764811515808]
joint_pos=[0.0, 0.0, 0.0, -0.035999998450279236, 0.5400000214576721, 0.0] imu_ang_vel=[0.012783562764525414, 0.0, -0.01491415686905384] imu_quat_wxyz=[0.7948642373085022, 0.04810893163084984, 0.1828545480966568, -0.5765766501426697]
joint_pos=[0.0, 0.0, 0.0, -0.035999998450279236, 0.5400000214576721, 0.0] imu_ang_vel=[0.012783562764525414, 0.0, -0.01491415686905384] imu_quat_wxyz=[0.7948642373085022, 0.04810893163084984, 0.1828545480966568, -0.5765766501426697]
joint_pos=[0.0, 0.0, 0.0, -0.035999998450279236, 0.5400000214576721, 0.0] imu_ang_vel=[0.012783562764525414, -0.021305939182639122, 0.0] imu_quat_wxyz=[0.7950897216796875, 0.04801960662007332, 0.181995689868927, -0.5765448808670044]
joint_pos=[0.0, 0.0, 0.0, -0.035999998450279236, 0.5400000214576721, 0.0] imu_ang_vel=[0.012783562764525414, -0.021305939182639122, 0.0] imu_quat_wxyz=[0.7950897216796875, 0.04801960662007332, 0.181995689868927, -0.5765448808670044]
joint_pos=[0.0, 0.0, 0.0, -0.035999998450279236, 0.5400000214576721, 0.0] imu_ang_vel=[0.015979453921318054, -0.03302420675754547, 0.0] imu_quat_wxyz=[0.7953780889511108, 0.04780646413564682, 0.18119420111179352, -0.5764173269271851]
joint_pos=[0.0, 0.0, 0.0, -0.035999998450279236, 0.5400000214576721, 0.0] imu_ang_vel=[0.015979453921318054, -0.03302420675754547, 0.0] imu_quat_wxyz=[0.7953780889511108, 0.04780646413564682, 0.18119420111179352, -0.5764173269271851]
joint_pos=[0.0, 0.0, 0.0, -0.035999998450279236, 0.5400000214576721, 0.0] imu_ang_vel=[0.022371236234903336, -0.04474247246980667, 0.0] imu_quat_wxyz=[0.7956382632255554, 0.047561582177877426, 0.1802641898393631, -0.5763700604438782]
joint_pos=[0.0, 0.0, 0.0, -0.035999998450279236, 0.5400000214576721, 0.0] imu_ang_vel=[0.022371236234903336, -0.04474247246980667, 0.0] imu_quat_wxyz=[0.7956382632255554, 0.047561582177877426, 0.1802641898393631, -0.5763700604438782]
joint_pos=[0.0, 0.0, 0.0, -0.035999998450279236, 0.5400000214576721, 0.0] imu_ang_vel=[0.025567125529050827, -0.05646073818206787, 0.010652969591319561] imu_quat_wxyz=[0.7959709167480469, 0.047329291701316833, 0.17928670346736908, -0.5762346982955933]
joint_pos=[0.0, 0.0, 0.0, -0.035999998450279236, 0.5400000214576721, 0.0] imu_ang_vel=[0.025567125529050827, -0.05646073818206787, 0.010652969591319561] imu_quat_wxyz=[0.7959709167480469, 0.047329291701316833, 0.17928670346736908, -0.5762346982955933]
joint_pos=[0.0, 0.0, 0.0, -0.035999998450279236, 0.5400000214576721, 0.0] imu_ang_vel=[0.027697719633579254, -0.06924430280923843, 0.015979453921318054] imu_quat_wxyz=[0.7964608669281006, 0.04707846790552139, 0.17835693061351776, -0.5758667588233948]
joint_pos=[0.0, 0.0, 0.0, -0.035999998450279236, 0.5400000214576721, 0.0] imu_ang_vel=[0.027697719633579254, -0.06924430280923843, 0.015979453921318054] imu_quat_wxyz=[0.7964608669281006, 0.04707846790552139, 0.17835693061351776, -0.5758667588233948]
joint_pos=[0.0, 0.0, 0.0, -0.035999998450279236, 0.5400000214576721, 0.0] imu_ang_vel=[0.034089501947164536, -0.08096256852149963, 0.0] imu_quat_wxyz=[0.7969317436218262, 0.046786487102508545, 0.17729847133159637, -0.5755659937858582]
joint_pos=[0.0, 0.0, 0.0, -0.035999998450279236, 0.5400000214576721, 0.0] imu_ang_vel=[0.034089501947164536, -0.08096256852149963, 0.0] imu_quat_wxyz=[0.7969317436218262, 0.046786487102508545, 0.17729847133159637, -0.5755659937858582]
joint_pos=[0.0, 0.0, 0.0, -0.035999998450279236, 0.5400000214576721, 0.0] imu_ang_vel=[0.0468730665743351, -0.08628904819488525, 0.0] imu_quat_wxyz=[0.7973432540893555, 0.04658994451165199, 0.17623525857925415, -0.5753383040428162]
joint_pos=[0.0, 0.0, 0.0, -0.035999998450279236, 0.5400000214576721, 0.0] imu_ang_vel=[0.0468730665743351, -0.08628904819488525, 0.0] imu_quat_wxyz=[0.7973432540893555, 0.04658994451165199, 0.17623525857925415, -0.5753383040428162]
joint_pos=[0.0, 0.0, 0.0, -0.035999998450279236, 0.5400000214576721, 0.0] imu_ang_vel=[0.05326484516263008, -0.08735434710979462, -0.01811004802584648] imu_quat_wxyz=[0.7976288199424744, 0.04640724137425423, 0.17494283616542816, -0.5753517150878906]
joint_pos=[0.0, 0.0, 0.0, -0.035999998450279236, 0.5400000214576721, 0.0] imu_ang_vel=[0.05326484516263008, -0.08735434710979462, -0.01811004802584648] imu_quat_wxyz=[0.7976288199424744, 0.04640724137425423, 0.17494283616542816, -0.5753517150878906]
joint_pos=[0.0, 0.0, 0.0, -0.035999998450279236, 0.5400000214576721, 0.0] imu_ang_vel=[0.04793836176395416, -0.08948494493961334, 0.0] imu_quat_wxyz=[0.7979228496551514, 0.04608820751309395, 0.17338626086711884, -0.5754407644271851]
joint_pos=[0.0, 0.0, 0.0, -0.035999998450279236, 0.5400000214576721, 0.0] imu_ang_vel=[0.04793836176395416, -0.08948494493961334, 0.0] imu_quat_wxyz=[0.7979228496551514, 0.04608820751309395, 0.17338626086711884, -0.5754407644271851]
joint_pos=[0.0, 0.0, 0.0, -0.035999998450279236, 0.5400000214576721, 0.0] imu_ang_vel=[0.0351547971367836, -0.09055023640394211, 0.01811004802584648] imu_quat_wxyz=[0.7984270453453064, 0.04562007263302803, 0.17192716896533966, -0.57521653175354]
joint_pos=[0.0, 0.0, 0.0, -0.035999998450279236, 0.5400000214576721, 0.0] imu_ang_vel=[0.0351547971367836, -0.09055023640394211, 0.01811004802584648] imu_quat_wxyz=[0.7984270453453064, 0.04562007263302803, 0.17192716896533966, -0.57521653175354]
joint_pos=[0.0, 0.0, 0.0, -0.035999998450279236, 0.5400000214576721, 0.0] imu_ang_vel=[0.02663242258131504, -0.08841964602470398, 0.034089501947164536] imu_quat_wxyz=[0.799118161201477, 0.045129649341106415, 0.17071236670017242, -0.5746570825576782]
joint_pos=[0.0, 0.0, 0.0, -0.035999998450279236, 0.5400000214576721, 0.0] imu_ang_vel=[0.02663242258131504, -0.08841964602470398, 0.034089501947164536] imu_quat_wxyz=[0.799118161201477, 0.045129649341106415, 0.17071236670017242, -0.5746570825576782]
joint_pos=[0.0, 0.0, 0.0, -0.035999998450279236, 0.5400000214576721, 0.0] imu_ang_vel=[0.024501830339431763, -0.08096256852149963, 0.030893610790371895] imu_quat_wxyz=[0.7997667193412781, 0.04463539645075798, 0.16980193555355072, -0.5740627646446228]
joint_pos=[0.0, 0.0, 0.0, -0.035999998450279236, 0.5400000214576721, 0.0] imu_ang_vel=[0.024501830339431763, -0.08096256852149963, 0.030893610790371895] imu_quat_wxyz=[0.7997667193412781, 0.04463539645075798, 0.16980193555355072, -0.5740627646446228]
joint_pos=[0.0, 0.0, 0.0, -0.035999998450279236, 0.5400000214576721, 0.0] imu_ang_vel=[0.02343653328716755, -0.07244019210338593, 0.024501830339431763] imu_quat_wxyz=[0.800325870513916, 0.044233810156583786, 0.16927126049995422, -0.5734711289405823]
joint_pos=[0.0, 0.0, 0.0, -0.035999998450279236, 0.5400000214576721, 0.0] imu_ang_vel=[0.02343653328716755, -0.07244019210338593, 0.024501830339431763] imu_quat_wxyz=[0.800325870513916, 0.044233810156583786, 0.16927126049995422, -0.5734711289405823]
joint_pos=[0.0, 0.0, 0.0, -0.035999998450279236, 0.5400000214576721, 0.0] imu_ang_vel=[0.01811004802584648, -0.06604841351509094, 0.027697719633579254] imu_quat_wxyz=[0.8008224368095398, 0.043826036155223846, 0.16888482868671417, -0.5729228854179382]
joint_pos=[0.0, 0.0, 0.0, -0.035999998450279236, 0.5400000214576721, 0.0] imu_ang_vel=[0.01811004802584648, -0.06604841351509094, 0.027697719633579254] imu_quat_wxyz=[0.8008224368095398, 0.043826036155223846, 0.16888482868671417, -0.5729228854179382]
joint_pos=[0.0, 0.0, 0.0, -0.035999998450279236, 0.5400000214576721, 0.0] imu_ang_vel=[0.0, -0.057526033371686935, 0.0351547971367836] imu_quat_wxyz=[0.8012847304344177, 0.04325544834136963, 0.16862592101097107, -0.5723958015441895]
joint_pos=[0.0, 0.0, 0.0, -0.035999998450279236, 0.5400000214576721, 0.0] imu_ang_vel=[0.0, -0.057526033371686935, 0.0351547971367836] imu_quat_wxyz=[0.8012847304344177, 0.04325544834136963, 0.16862592101097107, -0.5723958015441895]
joint_pos=[0.0, 0.0, 0.0, -0.035999998450279236, 0.5400000214576721, 0.0] imu_ang_vel=[0.0, -0.04793836176395416, 0.0351547971367836] imu_quat_wxyz=[0.8017018437385559, 0.04266046732664108, 0.16842390596866608, -0.5719156861305237]
joint_pos=[0.0, 0.0, 0.0, -0.035999998450279236, 0.5400000214576721, 0.0] imu_ang_vel=[0.0, -0.04793836176395416, 0.0351547971367836] imu_quat_wxyz=[0.8017018437385559, 0.04266046732664108, 0.16842390596866608, -0.5719156861305237]
joint_pos=[0.0, 0.0, 0.0, -0.035999998450279236, 0.5400000214576721, 0.0] imu_ang_vel=[0.0, -0.03302420675754547, 0.027697719633579254] imu_quat_wxyz=[0.8020049929618835, 0.04219670221209526, 0.1682751327753067, -0.5715686678886414]
joint_pos=[0.0, 0.0, 0.0, -0.035999998450279236, 0.5400000214576721, 0.0] imu_ang_vel=[0.0, -0.03302420675754547, 0.027697719633579254] imu_quat_wxyz=[0.8020049929618835, 0.04219670221209526, 0.1682751327753067, -0.5715686678886414]
joint_pos=[0.0, 0.0, 0.0, -0.035999998450279236, 0.5400000214576721, 0.0] imu_ang_vel=[0.0, -0.01811004802584648, 0.02663242258131504] imu_quat_wxyz=[0.8022881746292114, 0.041953444480895996, 0.1682223528623581, -0.5712047219276428]
joint_pos=[0.0, 0.0, 0.0, -0.035999998450279236, 0.5400000214576721, 0.0] imu_ang_vel=[0.0, -0.01811004802584648, 0.02663242258131504] imu_quat_wxyz=[0.8022881746292114, 0.041953444480895996, 0.1682223528623581, -0.5712047219276428]
joint_pos=[0.0, 0.0, 0.0, -0.035999998450279236, 0.5400000214576721, 0.0] imu_ang_vel=[-0.019175345078110695, 0.0, 0.042611878365278244] imu_quat_wxyz=[0.8026405572891235, 0.04178394377231598, 0.16852368414402008, -0.5706329941749573]
joint_pos=[0.0, 0.0, 0.0, -0.035999998450279236, 0.5400000214576721, 0.0] imu_ang_vel=[-0.019175345078110695, 0.0, 0.042611878365278244] imu_quat_wxyz=[0.8026405572891235, 0.04178394377231598, 0.16852368414402008, -0.5706329941749573]
joint_pos=[0.0, 0.0, 0.0, -0.035999998450279236, 0.5400000214576721, 0.0] imu_ang_vel=[-0.03622009605169296, 0.0, 0.06817900389432907] imu_quat_wxyz=[0.8031951785087585, 0.04144870117306709, 0.16894963383674622, -0.5697504281997681]
joint_pos=[0.0, 0.0, 0.0, -0.035999998450279236, 0.5400000214576721, 0.0] imu_ang_vel=[-0.03622009605169296, 0.0, 0.06817900389432907] imu_quat_wxyz=[0.8031951785087585, 0.04144870117306709, 0.16894963383674622, -0.5697504281997681]
joint_pos=[0.0, 0.0, 0.0, -0.035999998450279236, 0.5400000214576721, 0.0] imu_ang_vel=[-0.04793836176395416, 0.021305939182639122, 0.08309315890073776] imu_quat_wxyz=[0.8038740158081055, 0.0411587692797184, 0.16984252631664276, -0.5685473084449768]
joint_pos=[0.0, 0.0, 0.0, -0.035999998450279236, 0.5400000214576721, 0.0] imu_ang_vel=[-0.04793836176395416, 0.021305939182639122, 0.08309315890073776] imu_quat_wxyz=[0.8038740158081055, 0.0411587692797184, 0.16984252631664276, -0.5685473084449768]
joint_pos=[0.0, 0.0, 0.0, -0.035999998450279236, 0.5400000214576721, 0.0] imu_ang_vel=[-0.049003660678863525, 0.03302420675754547, 0.07670138031244278] imu_quat_wxyz=[0.8044863939285278, 0.0409616120159626, 0.17096149921417236, -0.5673587322235107]
joint_pos=[0.0, 0.0, 0.0, -0.035999998450279236, 0.5400000214576721, 0.0] imu_ang_vel=[-0.049003660678863525, 0.03302420675754547, 0.07670138031244278] imu_quat_wxyz=[0.8044863939285278, 0.0409616120159626, 0.17096149921417236, -0.5673587322235107]
joint_pos=[0.0, 0.0, 0.0, -0.035999998450279236, 0.5400000214576721, 0.0] imu_ang_vel=[-0.0468730665743351, 0.04367717355489731, 0.06178722158074379] imu_quat_wxyz=[0.8048512935638428, 0.040841877460479736, 0.17224204540252686, -0.5664618015289307]
joint_pos=[0.0, 0.0, 0.0, -0.035999998450279236, 0.5400000214576721, 0.0] imu_ang_vel=[-0.0468730665743351, 0.04367717355489731, 0.06178722158074379] imu_quat_wxyz=[0.8048512935638428, 0.040841877460479736, 0.17224204540252686, -0.5664618015289307]
joint_pos=[0.0, 0.0, 0.0, -0.035999998450279236, 0.5400000214576721, 0.0] imu_ang_vel=[-0.045807767659425735, 0.051134251058101654, 0.05326484516263008] imu_quat_wxyz=[0.8050538897514343, 0.0408363975584507, 0.17351186275482178, -0.5657864212989807]
joint_pos=[0.0, 0.0, 0.0, -0.035999998450279236, 0.5400000214576721, 0.0] imu_ang_vel=[-0.045807767659425735, 0.051134251058101654, 0.05326484516263008] imu_quat_wxyz=[0.8050538897514343, 0.0408363975584507, 0.17351186275482178, -0.5657864212989807]
joint_pos=[0.0, 0.0, 0.0, -0.035999998450279236, 0.5400000214576721, 0.0] imu_ang_vel=[-0.04793836176395416, 0.05646073818206787, 0.05539543926715851] imu_quat_wxyz=[0.8052342534065247, 0.040838971734046936, 0.1747460961341858, -0.5651494264602661]
joint_pos=[0.0, 0.0, 0.0, -0.035999998450279236, 0.5400000214576721, 0.0] imu_ang_vel=[-0.04793836176395416, 0.05646073818206787, 0.05539543926715851] imu_quat_wxyz=[0.8052342534065247, 0.040838971734046936, 0.1747460961341858, -0.5651494264602661]
joint_pos=[0.0, 0.0, 0.0, -0.035999998450279236, 0.5400000214576721, 0.0] imu_ang_vel=[-0.05006895586848259, 0.06178722158074379, 0.057526033371686935] imu_quat_wxyz=[0.8054134845733643, 0.04085496440529823, 0.17583267390727997, -0.5645554661750793]
joint_pos=[0.0, 0.0, 0.0, -0.035999998450279236, 0.5400000214576721, 0.0] imu_ang_vel=[-0.05006895586848259, 0.06178722158074379, 0.057526033371686935] imu_quat_wxyz=[0.8054134845733643, 0.04085496440529823, 0.17583267390727997, -0.5645554661750793]
joint_pos=[0.0, 0.0, 0.0, -0.035999998450279236, 0.5400000214576721, 0.0] imu_ang_vel=[-0.04793836176395416, 0.06391781568527222, 0.05219954997301102] imu_quat_wxyz=[0.805514395236969, 0.04077969491481781, 0.17683716118335724, -0.5641030073165894]
joint_pos=[0.0, 0.0, 0.0, -0.035999998450279236, 0.5400000214576721, 0.0] imu_ang_vel=[-0.04793836176395416, 0.06391781568527222, 0.05219954997301102] imu_quat_wxyz=[0.805514395236969, 0.04077969491481781, 0.17683716118335724, -0.5641030073165894]
joint_pos=[0.0, 0.0, 0.0, -0.035999998450279236, 0.5400000214576721, 0.0] imu_ang_vel=[-0.0468730665743351, 0.06711370497941971, 0.05006895586848259] imu_quat_wxyz=[0.8055505752563477, 0.04085800051689148, 0.17732422053813934, -0.5638927221298218]
joint_pos=[0.0, 0.0, 0.0, -0.035999998450279236, 0.5400000214576721, 0.0] imu_ang_vel=[-0.0468730665743351, 0.06711370497941971, 0.05006895586848259] imu_quat_wxyz=[0.8055505752563477, 0.04085800051689148, 0.17732422053813934, -0.5638927221298218]
joint_pos=[0.0, 0.0, 0.0, -0.035999998450279236, 0.5400000214576721, 0.0] imu_ang_vel=[-0.05006895586848259, 0.06498311460018158, 0.05646073818206787] imu_quat_wxyz=[0.8056400418281555, 0.04098332300782204, 0.1782931387424469, -0.5634500980377197]
joint_pos=[0.0, 0.0, 0.0, -0.035999998450279236, 0.5400000214576721, 0.0] imu_ang_vel=[-0.05006895586848259, 0.06498311460018158, 0.05646073818206787] imu_quat_wxyz=[0.8056400418281555, 0.04098332300782204, 0.1782931387424469, -0.5634500980377197]
joint_pos=[0.0, 0.0, 0.0, -0.035999998450279236, 0.5400000214576721, 0.0] imu_ang_vel=[-0.04793836176395416, 0.06178722158074379, 0.05646073818206787] imu_quat_wxyz=[0.8058137893676758, 0.04114807769656181, 0.17934681475162506, -0.5628548860549927]
joint_pos=[0.0, 0.0, 0.0, -0.035999998450279236, 0.5400000214576721, 0.0] imu_ang_vel=[-0.04793836176395416, 0.06178722158074379, 0.05646073818206787] imu_quat_wxyz=[0.8058137893676758, 0.04114807769656181, 0.17934681475162506, -0.5628548860549927]
joint_pos=[0.0, 0.0, 0.0, -0.035999998450279236, 0.5400000214576721, 0.0] imu_ang_vel=[-0.03728539124131203, 0.05539543926715851, 0.04474247246980667] imu_quat_wxyz=[0.8059490919113159, 0.04143639653921127, 0.18038298189640045, -0.5623087286949158]
joint_pos=[0.0, 0.0, 0.0, -0.035999998450279236, 0.5400000214576721, 0.0] imu_ang_vel=[-0.03728539124131203, 0.05539543926715851, 0.04474247246980667] imu_quat_wxyz=[0.8059490919113159, 0.04143639653921127, 0.18038298189640045, -0.5623087286949158]
joint_pos=[0.0, 0.0, 0.0, -0.035999998450279236, 0.5400000214576721, 0.0] imu_ang_vel=[-0.02663242258131504, 0.0468730665743351, 0.02982831373810768] imu_quat_wxyz=[0.8058872222900391, 0.04163949564099312, 0.18118855357170105, -0.5621233582496643]
joint_pos=[0.0, 0.0, 0.0, -0.035999998450279236, 0.5400000214576721, 0.0] imu_ang_vel=[-0.02663242258131504, 0.0468730665743351, 0.02982831373810768] imu_quat_wxyz=[0.8058872222900391, 0.04163949564099312, 0.18118855357170105, -0.5621233582496643]
joint_pos=[0.0, 0.0, 0.0, -0.035999998450279236, 0.5400000214576721, 0.0] imu_ang_vel=[-0.01491415686905384, 0.03622009605169296, 0.01491415686905384] imu_quat_wxyz=[0.8056386113166809, 0.041849084198474884, 0.18161740899085999, -0.562325656414032]
joint_pos=[0.0, 0.0, 0.0, -0.035999998450279236, 0.5400000214576721, 0.0] imu_ang_vel=[-0.01491415686905384, 0.03622009605169296, 0.01491415686905384] imu_quat_wxyz=[0.8056386113166809, 0.041849084198474884, 0.18161740899085999, -0.562325656414032]
joint_pos=[0.0, 0.0, 0.0, -0.035999998450279236, 0.5400000214576721, 0.0] imu_ang_vel=[0.0, 0.025567125529050827, 0.0] imu_quat_wxyz=[0.8052588701248169, 0.04209237918257713, 0.18171635270118713, -0.5628194212913513]
joint_pos=[0.0, 0.0, 0.0, -0.035999998450279236, 0.5400000214576721, 0.0] imu_ang_vel=[0.0, 0.025567125529050827, 0.0] imu_quat_wxyz=[0.8052588701248169, 0.04209237918257713, 0.18171635270118713, -0.5628194212913513]
joint_pos=[0.0, 0.0, 0.0, -0.035999998450279236, 0.5400000214576721, 0.0] imu_ang_vel=[0.0, 0.013848859816789627, 0.0] imu_quat_wxyz=[0.8048878312110901, 0.04231761023402214, 0.18152102828025818, -0.5633959174156189]
joint_pos=[0.0, 0.0, 0.0, -0.035999998450279236, 0.5400000214576721, 0.0] imu_ang_vel=[0.0, 0.013848859816789627, 0.0] imu_quat_wxyz=[0.8048878312110901, 0.04231761023402214, 0.18152102828025818, -0.5633959174156189]
joint_pos=[0.0, 0.0, 0.0, -0.035999998450279236, 0.5400000214576721, 0.0] imu_ang_vel=[0.011718266643583775, 0.0, -0.013848859816789627] imu_quat_wxyz=[0.8045392632484436, 0.04245061054825783, 0.18114188313484192, -0.5640053749084473]
joint_pos=[0.0, 0.0, 0.0, -0.035999998450279236, 0.5400000214576721, 0.0] imu_ang_vel=[0.011718266643583775, 0.0, -0.013848859816789627] imu_quat_wxyz=[0.8045392632484436, 0.04245061054825783, 0.18114188313484192, -0.5640053749084473]
joint_pos=[0.0, 0.0, 0.0, -0.035999998450279236, 0.5400000214576721, 0.0] imu_ang_vel=[0.019175345078110695, 0.0, -0.021305939182639122] imu_quat_wxyz=[0.8041226863861084, 0.042752280831336975, 0.1807149350643158, -0.5647131204605103]
joint_pos=[0.0, 0.0, 0.0, -0.035999998450279236, 0.5400000214576721, 0.0] imu_ang_vel=[0.019175345078110695, 0.0, -0.021305939182639122] imu_quat_wxyz=[0.8041226863861084, 0.042752280831336975, 0.1807149350643158, -0.5647131204605103]
joint_pos=[0.0, 0.0, 0.0, -0.035999998450279236, 0.5400000214576721, 0.0] imu_ang_vel=[0.02343653328716755, -0.02024064213037491, -0.021305939182639122] imu_quat_wxyz=[0.803737998008728, 0.04298502206802368, 0.1800832450389862, -0.5654445886611938]
joint_pos=[0.0, 0.0, 0.0, -0.035999998450279236, 0.5400000214576721, 0.0] imu_ang_vel=[0.02343653328716755, -0.02024064213037491, -0.021305939182639122] imu_quat_wxyz=[0.803737998008728, 0.04298502206802368, 0.1800832450389862, -0.5654445886611938]
joint_pos=[0.0, 0.0, 0.0, -0.035999998450279236, 0.5400000214576721, 0.0] imu_ang_vel=[0.027697719633579254, -0.03302420675754547, -0.019175345078110695] imu_quat_wxyz=[0.8034330606460571, 0.04313286766409874, 0.17944630980491638, -0.5660688877105713]
joint_pos=[0.0, 0.0, 0.0, -0.035999998450279236, 0.5400000214576721, 0.0] imu_ang_vel=[0.027697719633579254, -0.03302420675754547, -0.019175345078110695] imu_quat_wxyz=[0.8034330606460571, 0.04313286766409874, 0.17944630980491638, -0.5660688877105713]
joint_pos=[0.0, 0.0, 0.0, -0.035999998450279236, 0.5400000214576721, 0.0] imu_ang_vel=[0.0351547971367836, -0.04474247246980667, -0.027697719633579254] imu_quat_wxyz=[0.8031998872756958, 0.04325707256793976, 0.17892706394195557, -0.5665544271469116]
joint_pos=[0.0, 0.0, 0.0, -0.035999998450279236, 0.5400000214576721, 0.0] imu_ang_vel=[0.0351547971367836, -0.04474247246980667, -0.027697719633579254] imu_quat_wxyz=[0.8031998872756958, 0.04325707256793976, 0.17892706394195557, -0.5665544271469116]
joint_pos=[0.0, 0.0, 0.0, -0.035999998450279236, 0.5400000214576721, 0.0] imu_ang_vel=[0.04793836176395416, -0.05539543926715851, -0.04793836176395416] imu_quat_wxyz=[0.8027547001838684, 0.04350319504737854, 0.1780998259782791, -0.5674264430999756]
joint_pos=[0.0, 0.0, 0.0, -0.035999998450279236, 0.5400000214576721, 0.0] imu_ang_vel=[0.04793836176395416, -0.05539543926715851, -0.04793836176395416] imu_quat_wxyz=[0.8027547001838684, 0.04350319504737854, 0.1780998259782791, -0.5674264430999756]
joint_pos=[0.0, 0.0, 0.0, -0.035999998450279236, 0.5400000214576721, 0.0] imu_ang_vel=[0.05965662747621536, -0.06285251677036285, -0.06924430280923843] imu_quat_wxyz=[0.8022855520248413, 0.043721843510866165, 0.17734260857105255, -0.5683096647262573]
joint_pos=[0.0, 0.0, 0.0, -0.035999998450279236, 0.5400000214576721, 0.0] imu_ang_vel=[0.05965662747621536, -0.06285251677036285, -0.06924430280923843] imu_quat_wxyz=[0.8022855520248413, 0.043721843510866165, 0.17734260857105255, -0.5683096647262573]
joint_pos=[0.0, 0.0, 0.0, -0.035999998450279236, 0.5400000214576721, 0.0] imu_ang_vel=[0.06391781568527222, -0.0703095942735672, -0.07776667922735214] imu_quat_wxyz=[0.8016316294670105, 0.04397805780172348, 0.17621521651744843, -0.5695620775222778]
joint_pos=[0.0, 0.0, 0.0, -0.035999998450279236, 0.5400000214576721, 0.0] imu_ang_vel=[0.06391781568527222, -0.0703095942735672, -0.07776667922735214] imu_quat_wxyz=[0.8016316294670105, 0.04397805780172348, 0.17621521651744843, -0.5695620775222778]
joint_pos=[0.0, 0.0, 0.0, -0.035999998450279236, 0.5400000214576721, 0.0] imu_ang_vel=[0.06498311460018158, -0.07457078248262405, -0.07244019210338593] imu_quat_wxyz=[0.801156222820282, 0.044080235064029694, 0.17520959675312042, -0.5705323815345764]
joint_pos=[0.0, 0.0, 0.0, -0.035999998450279236, 0.5400000214576721, 0.0] imu_ang_vel=[0.06498311460018158, -0.07457078248262405, -0.07244019210338593] imu_quat_wxyz=[0.801156222820282, 0.044080235064029694, 0.17520959675312042, -0.5705323815345764]
joint_pos=[0.0, 0.0, 0.0, -0.035999998450279236, 0.5400000214576721, 0.0] imu_ang_vel=[0.06178722158074379, -0.07776667922735214, -0.06498311460018158] imu_quat_wxyz=[0.8006283044815063, 0.04409699887037277, 0.1738244593143463, -0.5716947913169861]
joint_pos=[0.0, 0.0, 0.0, -0.035999998450279236, 0.5400000214576721, 0.0] imu_ang_vel=[0.06178722158074379, -0.07776667922735214, -0.06498311460018158] imu_quat_wxyz=[0.8006283044815063, 0.04409699887037277, 0.1738244593143463, -0.5716947913169861]
joint_pos=[0.0, 0.0, 0.0, -0.035999998450279236, 0.5400000214576721, 0.0] imu_ang_vel=[0.05965662747621536, -0.07563608139753342, -0.06391781568527222] imu_quat_wxyz=[0.8002769947052002, 0.044119127094745636, 0.17282423377037048, -0.5724875330924988]
joint_pos=[0.0, 0.0, 0.0, -0.035999998450279236, 0.5400000214576721, 0.0] imu_ang_vel=[0.05965662747621536, -0.07563608139753342, -0.06391781568527222] imu_quat_wxyz=[0.8002769947052002, 0.044119127094745636, 0.17282423377037048, -0.5724875330924988]
joint_pos=[0.0, 0.0, 0.0, -0.035999998450279236, 0.5400000214576721, 0.0] imu_ang_vel=[0.0585913322865963, -0.07244019210338593, -0.06711370497941971] imu_quat_wxyz=[0.7998852729797363, 0.044277895241975784, 0.17182809114456177, -0.5733219981193542]
joint_pos=[0.0, 0.0, 0.0, -0.035999998450279236, 0.5400000214576721, 0.0] imu_ang_vel=[0.0585913322865963, -0.07244019210338593, -0.06711370497941971] imu_quat_wxyz=[0.7998852729797363, 0.044277895241975784, 0.17182809114456177, -0.5733219981193542]
joint_pos=[0.0, 0.0, 0.0, -0.035999998450279236, 0.5400000214576721, 0.0] imu_ang_vel=[0.05646073818206787, -0.06924430280923843, -0.06604841351509094] imu_quat_wxyz=[0.7995338439941406, 0.044446419924497604, 0.17108307778835297, -0.5740215182304382]
joint_pos=[0.0, 0.0, 0.0, -0.035999998450279236, 0.5400000214576721, 0.0] imu_ang_vel=[0.05646073818206787, -0.06924430280923843, -0.06604841351509094] imu_quat_wxyz=[0.7995338439941406, 0.044446419924497604, 0.17108307778835297, -0.5740215182304382]
joint_pos=[0.0, 0.0, 0.0, -0.035999998450279236, 0.5400000214576721, 0.0] imu_ang_vel=[0.05219954997301102, -0.06391781568527222, -0.06391781568527222] imu_quat_wxyz=[0.7991513609886169, 0.04455416649580002, 0.17041154205799103, -0.5747450590133667]
joint_pos=[0.0, 0.0, 0.0, -0.035999998450279236, 0.5400000214576721, 0.0] imu_ang_vel=[0.05219954997301102, -0.06391781568527222, -0.06391781568527222] imu_quat_wxyz=[0.7991513609886169, 0.04455416649580002, 0.17041154205799103, -0.5747450590133667]
joint_pos=[0.0, 0.0, 0.0, -0.035999998450279236, 0.5400000214576721, 0.0] imu_ang_vel=[0.049003660678863525, -0.057526033371686935, -0.06178722158074379] imu_quat_wxyz=[0.7987232804298401, 0.044608213007450104, 0.1699310839176178, -0.575477659702301]
joint_pos=[0.0, 0.0, 0.0, -0.035999998450279236, 0.5400000214576721, 0.0] imu_ang_vel=[0.049003660678863525, -0.057526033371686935, -0.06178722158074379] imu_quat_wxyz=[0.7987232804298401, 0.044608213007450104, 0.1699310839176178, -0.575477659702301]
joint_pos=[0.0, 0.0, 0.0, -0.035999998450279236, 0.5400000214576721, 0.0] imu_ang_vel=[0.0468730665743351, -0.049003660678863525, -0.06604841351509094] imu_quat_wxyz=[0.7982937097549438, 0.04479138180613518, 0.16955766081809998, -0.5761691927909851]
joint_pos=[0.0, 0.0, 0.0, -0.035999998450279236, 0.5400000214576721, 0.0] imu_ang_vel=[0.0468730665743351, -0.049003660678863525, -0.06604841351509094] imu_quat_wxyz=[0.7982937097549438, 0.04479138180613518, 0.16955766081809998, -0.5761691927909851]
joint_pos=[0.0, 0.0, 0.0, -0.035999998450279236, 0.5400000214576721, 0.0] imu_ang_vel=[0.04367717355489731, -0.03728539124131203, -0.07137489318847656] imu_quat_wxyz=[0.797805905342102, 0.04494531825184822, 0.16922220587730408, -0.5769311785697937]
joint_pos=[0.0, 0.0, 0.0, -0.035999998450279236, 0.5400000214576721, 0.0] imu_ang_vel=[0.04367717355489731, -0.03728539124131203, -0.07137489318847656] imu_quat_wxyz=[0.797805905342102, 0.04494531825184822, 0.16922220587730408, -0.5769311785697937]
joint_pos=[0.0, 0.0, 0.0, -0.035999998450279236, 0.5400000214576721, 0.0] imu_ang_vel=[0.03622009605169296, -0.025567125529050827, -0.06498311460018158] imu_quat_wxyz=[0.797382652759552, 0.04520556703209877, 0.1690918207168579, -0.5775337815284729]
joint_pos=[0.0, 0.0, 0.0, -0.035999998450279236, 0.5400000214576721, 0.0] imu_ang_vel=[0.03622009605169296, -0.025567125529050827, -0.06498311460018158] imu_quat_wxyz=[0.797382652759552, 0.04520556703209877, 0.1690918207168579, -0.5775337815284729]
joint_pos=[0.0, 0.0, 0.0, -0.035999998450279236, 0.5400000214576721, 0.0] imu_ang_vel=[0.024501830339431763, -0.012783562764525414, -0.05219954997301102] imu_quat_wxyz=[0.797092616558075, 0.04540487006306648, 0.16920574009418488, -0.577885091304779]
joint_pos=[0.0, 0.0, 0.0, -0.035999998450279236, 0.5400000214576721, 0.0] imu_ang_vel=[0.024501830339431763, -0.012783562764525414, -0.05219954997301102] imu_quat_wxyz=[0.797092616558075, 0.04540487006306648, 0.16920574009418488, -0.577885091304779]
joint_pos=[0.0, 0.0, 0.0, -0.035999998450279236, 0.5400000214576721, 0.0] imu_ang_vel=[0.0, 0.0, -0.03302420675754547] imu_quat_wxyz=[0.796887993812561, 0.04551433026790619, 0.16962236166000366, -0.5780364274978638]
joint_pos=[0.0, 0.0, 0.0, -0.035999998450279236, 0.5400000214576721, 0.0] imu_ang_vel=[0.0, 0.0, -0.03302420675754547] imu_quat_wxyz=[0.796887993812561, 0.04551433026790619, 0.16962236166000366, -0.5780364274978638]
joint_pos=[0.0, 0.0, 0.0, -0.035999998450279236, 0.5400000214576721, 0.0] imu_ang_vel=[0.0, 0.011718266643583775, -0.021305939182639122] imu_quat_wxyz=[0.7967969179153442, 0.0453975610435009, 0.1701020896434784, -0.5780302882194519]
joint_pos=[0.0, 0.0, 0.0, -0.035999998450279236, 0.5400000214576721, 0.0] imu_ang_vel=[0.0, 0.011718266643583775, -0.021305939182639122] imu_quat_wxyz=[0.7967969179153442, 0.0453975610435009, 0.1701020896434784, -0.5780302882194519]
joint_pos=[0.0, 0.0, 0.0, -0.035999998450279236, 0.5400000214576721, 0.0] imu_ang_vel=[0.0, 0.02343653328716755, -0.015979453921318054] imu_quat_wxyz=[0.7967430353164673, 0.04554837569594383, 0.17090070247650146, -0.5778570771217346]
joint_pos=[0.0, 0.0, 0.0, -0.035999998450279236, 0.5400000214576721, 0.0] imu_ang_vel=[0.0, 0.02343653328716755, -0.015979453921318054] imu_quat_wxyz=[0.7967430353164673, 0.04554837569594383, 0.17090070247650146, -0.5778570771217346]
joint_pos=[0.0, 0.0, 0.0, -0.035999998450279236, 0.5400000214576721, 0.0] imu_ang_vel=[-0.013848859816789627, 0.03302420675754547, 0.0] imu_quat_wxyz=[0.7968081831932068, 0.0457359254360199, 0.17183566093444824, -0.5774751305580139]
joint_pos=[0.0, 0.0, 0.0, -0.035999998450279236, 0.5400000214576721, 0.0] imu_ang_vel=[-0.013848859816789627, 0.03302420675754547, 0.0] imu_quat_wxyz=[0.7968081831932068, 0.0457359254360199, 0.17183566093444824, -0.5774751305580139]
joint_pos=[0.0, 0.0, 0.0, -0.035999998450279236, 0.5400000214576721, 0.0] imu_ang_vel=[-0.01811004802584648, 0.04154657945036888, 0.0] imu_quat_wxyz=[0.7969028353691101, 0.04582047834992409, 0.1729133129119873, -0.5770158171653748]
joint_pos=[0.0, 0.0, 0.0, -0.035999998450279236, 0.5400000214576721, 0.0] imu_ang_vel=[-0.01811004802584648, 0.04154657945036888, 0.0] imu_quat_wxyz=[0.7969028353691101, 0.04582047834992409, 0.1729133129119873, -0.5770158171653748]
joint_pos=[0.0, 0.0, 0.0, -0.035999998450279236, 0.5400000214576721, 0.0] imu_ang_vel=[-0.02024064213037491, 0.05006895586848259, 0.0] imu_quat_wxyz=[0.7969265580177307, 0.045945558696985245, 0.17398206889629364, -0.5766518115997314]
joint_pos=[0.0, 0.0, 0.0, -0.035999998450279236, 0.5400000214576721, 0.0] imu_ang_vel=[-0.02024064213037491, 0.05006895586848259, 0.0] imu_quat_wxyz=[0.7969265580177307, 0.045945558696985245, 0.17398206889629364, -0.5766518115997314]
joint_pos=[0.0, 0.0, 0.0, -0.035999998450279236, 0.5400000214576721, 0.0] imu_ang_vel=[-0.02343653328716755, 0.057526033371686935, 0.0] imu_quat_wxyz=[0.7968966960906982, 0.04602760076522827, 0.1749538630247116, -0.5763923525810242]
joint_pos=[0.0, 0.0, 0.0, -0.035999998450279236, 0.5400000214576721, 0.0] imu_ang_vel=[-0.02343653328716755, 0.057526033371686935, 0.0] imu_quat_wxyz=[0.7968966960906982, 0.04602760076522827, 0.1749538630247116, -0.5763923525810242]
joint_pos=[0.0, 0.0, 0.0, -0.035999998450279236, 0.5400000214576721, 0.0] imu_ang_vel=[-0.027697719633579254, 0.06178722158074379, 0.0] imu_quat_wxyz=[0.7968512177467346, 0.04606810584664345, 0.17591220140457153, -0.5761602520942688]
joint_pos=[0.0, 0.0, 0.0, -0.035999998450279236, 0.5400000214576721, 0.0] imu_ang_vel=[-0.027697719633579254, 0.06178722158074379, 0.0] imu_quat_wxyz=[0.7968512177467346, 0.04606810584664345, 0.17591220140457153, -0.5761602520942688]
joint_pos=[0.0, 0.0, 0.0, -0.035999998450279236, 0.5400000214576721, 0.0] imu_ang_vel=[-0.0351547971367836, 0.06498311460018158, 0.013848859816789627] imu_quat_wxyz=[0.7968249917030334, 0.0460791178047657, 0.17682963609695435, -0.5759148001670837]
joint_pos=[0.0, 0.0, 0.0, -0.035999998450279236, 0.5400000214576721, 0.0] imu_ang_vel=[-0.0351547971367836, 0.06498311460018158, 0.013848859816789627] imu_quat_wxyz=[0.7968249917030334, 0.0460791178047657, 0.17682963609695435, -0.5759148001670837]
joint_pos=[0.0, 0.0, 0.0, -0.035999998450279236, 0.5400000214576721, 0.0] imu_ang_vel=[-0.03728539124131203, 0.06498311460018158, 0.025567125529050827] imu_quat_wxyz=[0.79695725440979, 0.04610548913478851, 0.1777624785900116, -0.575442373752594]
joint_pos=[0.0, 0.0, 0.0, -0.035999998450279236, 0.5400000214576721, 0.0] imu_ang_vel=[-0.03728539124131203, 0.06498311460018158, 0.025567125529050827] imu_quat_wxyz=[0.79695725440979, 0.04610548913478851, 0.1777624785900116, -0.575442373752594]
joint_pos=[0.0, 0.0, 0.0, -0.035999998450279236, 0.5400000214576721, 0.0] imu_ang_vel=[-0.03728539124131203, 0.06498311460018158, 0.02663242258131504] imu_quat_wxyz=[0.7971447706222534, 0.04613444209098816, 0.17877769470214844, -0.574865460395813]
joint_pos=[0.0, 0.0, 0.0, -0.035999998450279236, 0.5400000214576721, 0.0] imu_ang_vel=[-0.03728539124131203, 0.06498311460018158, 0.02663242258131504] imu_quat_wxyz=[0.7971447706222534, 0.04613444209098816, 0.17877769470214844, -0.574865460395813]
joint_pos=[0.0, 0.0, 0.0, -0.035999998450279236, 0.5400000214576721, 0.0] imu_ang_vel=[-0.034089501947164536, 0.060721926391124725, 0.024501830339431763] imu_quat_wxyz=[0.7972871661186218, 0.04619557783007622, 0.17980007827281952, -0.5743440389633179]
joint_pos=[0.0, 0.0, 0.0, -0.035999998450279236, 0.5400000214576721, 0.0] imu_ang_vel=[-0.034089501947164536, 0.060721926391124725, 0.024501830339431763] imu_quat_wxyz=[0.7972871661186218, 0.04619557783007622, 0.17980007827281952, -0.5743440389633179]
joint_pos=[0.0, 0.0, 0.0, -0.035999998450279236, 0.5400000214576721, 0.0] imu_ang_vel=[-0.027697719633579254, 0.05539543926715851, 0.02024064213037491] imu_quat_wxyz=[0.7973350286483765, 0.046227797865867615, 0.18056271970272064, -0.5740357041358948]
joint_pos=[0.0, 0.0, 0.0, -0.035999998450279236, 0.5400000214576721, 0.0] imu_ang_vel=[-0.027697719633579254, 0.05539543926715851, 0.02024064213037491] imu_quat_wxyz=[0.7973350286483765, 0.046227797865867615, 0.18056271970272064, -0.5740357041358948]
joint_pos=[0.0, 0.0, 0.0, -0.035999998450279236, 0.5400000214576721, 0.0] imu_ang_vel=[-0.025567125529050827, 0.049003660678863525, 0.021305939182639122] imu_quat_wxyz=[0.7973687052726746, 0.04626402258872986, 0.18105508387088776, -0.573830783367157]
joint_pos=[0.0, 0.0, 0.0, -0.035999998450279236, 0.5400000214576721, 0.0] imu_ang_vel=[-0.025567125529050827, 0.049003660678863525, 0.021305939182639122] imu_quat_wxyz=[0.7973687052726746, 0.04626402258872986, 0.18105508387088776, -0.573830783367157]
joint_pos=[0.0, 0.0, 0.0, -0.035999998450279236, 0.5400000214576721, 0.0] imu_ang_vel=[-0.019175345078110695, 0.03835069015622139, 0.01811004802584648] imu_quat_wxyz=[0.7974952459335327, 0.04639415070414543, 0.18151479959487915, -0.5734992027282715]
joint_pos=[0.0, 0.0, 0.0, -0.035999998450279236, 0.5400000214576721, 0.0] imu_ang_vel=[-0.019175345078110695, 0.03835069015622139, 0.01811004802584648] imu_quat_wxyz=[0.7974952459335327, 0.04639415070414543, 0.18151479959487915, -0.5734992027282715]
joint_pos=[0.0, 0.0, 0.0, -0.035999998450279236, 0.5400000214576721, 0.0] imu_ang_vel=[-0.010652969591319561, 0.02982831373810768, 0.011718266643583775] imu_quat_wxyz=[0.7975524067878723, 0.046444524079561234, 0.18177446722984314, -0.5733333230018616]
joint_pos=[0.0, 0.0, 0.0, -0.035999998450279236, 0.5400000214576721, 0.0] imu_ang_vel=[-0.010652969591319561, 0.02982831373810768, 0.011718266643583775] imu_quat_wxyz=[0.7975524067878723, 0.046444524079561234, 0.18177446722984314, -0.5733333230018616]
joint_pos=[0.0, 0.0, 0.0, -0.035999998450279236, 0.5400000214576721, 0.0] imu_ang_vel=[0.0, 0.019175345078110695, 0.010652969591319561] imu_quat_wxyz=[0.7975797653198242, 0.04655805230140686, 0.18168607354164124, -0.5733140110969543]
joint_pos=[0.0, 0.0, 0.0, -0.035999998450279236, 0.5400000214576721, 0.0] imu_ang_vel=[0.0, 0.019175345078110695, 0.010652969591319561] imu_quat_wxyz=[0.7975797653198242, 0.04655805230140686, 0.18168607354164124, -0.5733140110969543]
joint_pos=[0.0, 0.0, 0.0, -0.035999998450279236, 0.5400000214576721, 0.0] imu_ang_vel=[0.0, 0.0, 0.013848859816789627] imu_quat_wxyz=[0.7977096438407898, 0.04657962545752525, 0.18146422505378723, -0.5732018351554871]
joint_pos=[0.0, 0.0, 0.0, -0.035999998450279236, 0.5400000214576721, 0.0] imu_ang_vel=[0.0, 0.0, 0.013848859816789627] imu_quat_wxyz=[0.7977096438407898, 0.04657962545752525, 0.18146422505378723, -0.5732018351554871]
joint_pos=[0.0, 0.0, 0.0, -0.035999998450279236, 0.5400000214576721, 0.0] imu_ang_vel=[0.0, 0.0, 0.02024064213037491] imu_quat_wxyz=[0.7979044318199158, 0.046500563621520996, 0.18112090229988098, -0.573045551776886]
joint_pos=[0.0, 0.0, 0.0, -0.035999998450279236, 0.5400000214576721, 0.0] imu_ang_vel=[0.0, 0.0, 0.02024064213037491] imu_quat_wxyz=[0.7979044318199158, 0.046500563621520996, 0.18112090229988098, -0.573045551776886]
joint_pos=[0.0, 0.0, 0.0, -0.035999998450279236, 0.5400000214576721, 0.0] imu_ang_vel=[0.0, -0.017044750973582268, 0.01811004802584648] imu_quat_wxyz=[0.7981306314468384, 0.04635585471987724, 0.18077237904071808, -0.5728524923324585]
joint_pos=[0.0, 0.0, 0.0, -0.035999998450279236, 0.5400000214576721, 0.0] imu_ang_vel=[0.0, -0.017044750973582268, 0.01811004802584648] imu_quat_wxyz=[0.7981306314468384, 0.04635585471987724, 0.18077237904071808, -0.5728524923324585]
joint_pos=[0.0, 0.0, 0.0, -0.035999998450279236, 0.5400000214576721, 0.0] imu_ang_vel=[0.013848859816789627, -0.028763016685843468, 0.011718266643583775] imu_quat_wxyz=[0.7983480095863342, 0.04617355763912201, 0.18028385937213898, -0.5727183222770691]
joint_pos=[0.0, 0.0, 0.0, -0.035999998450279236, 0.5400000214576721, 0.0] imu_ang_vel=[0.013848859816789627, -0.028763016685843468, 0.011718266643583775] imu_quat_wxyz=[0.7983480095863342, 0.04617355763912201, 0.18028385937213898, -0.5727183222770691]
joint_pos=[0.0, 0.0, 0.0, -0.035999998450279236, 0.5400000214576721, 0.0] imu_ang_vel=[0.02343653328716755, -0.04048128426074982, 0.0] imu_quat_wxyz=[0.798457682132721, 0.046095337718725204, 0.1796225607395172, -0.5727795362472534]
joint_pos=[0.0, 0.0, 0.0, -0.035999998450279236, 0.5400000214576721, 0.0] imu_ang_vel=[0.02343653328716755, -0.04048128426074982, 0.0] imu_quat_wxyz=[0.798457682132721, 0.046095337718725204, 0.1796225607395172, -0.5727795362472534]
joint_pos=[0.0, 0.0, 0.0, -0.035999998450279236, 0.5400000214576721, 0.0] imu_ang_vel=[0.02982831373810768, -0.051134251058101654, 0.0] imu_quat_wxyz=[0.7986312508583069, 0.04607871174812317, 0.1787707507610321, -0.5728052258491516]
joint_pos=[0.0, 0.0, 0.0, -0.035999998450279236, 0.5400000214576721, 0.0] imu_ang_vel=[0.02982831373810768, -0.051134251058101654, 0.0] imu_quat_wxyz=[0.7986312508583069, 0.04607871174812317, 0.1787707507610321, -0.5728052258491516]
joint_pos=[0.0, 0.0, 0.0, -0.035999998450279236, 0.5400000214576721, 0.0] imu_ang_vel=[0.03302420675754547, -0.06178722158074379, 0.0] imu_quat_wxyz=[0.7988168001174927, 0.045919641852378845, 0.1777016818523407, -0.5728919506072998]
joint_pos=[0.0, 0.0, 0.0, -0.035999998450279236, 0.5400000214576721, 0.0] imu_ang_vel=[0.03302420675754547, -0.06178722158074379, 0.0] imu_quat_wxyz=[0.7988168001174927, 0.045919641852378845, 0.1777016818523407, -0.5728919506072998]
joint_pos=[0.0, 0.0, 0.0, -0.035999998450279236, 0.5400000214576721, 0.0] imu_ang_vel=[0.03622009605169296, -0.06924430280923843, 0.0] imu_quat_wxyz=[0.799013614654541, 0.04567393660545349, 0.17656363546848297, -0.5729891061782837]
joint_pos=[0.0, 0.0, 0.0, -0.035999998450279236, 0.5400000214576721, 0.0] imu_ang_vel=[0.03622009605169296, -0.06924430280923843, 0.0] imu_quat_wxyz=[0.799013614654541, 0.04567393660545349, 0.17656363546848297, -0.5729891061782837]
joint_pos=[0.0, 0.0, 0.0, -0.035999998450279236, 0.5400000214576721, 0.0] imu_ang_vel=[0.03728539124131203, -0.07350549101829529, -0.010652969591319561] imu_quat_wxyz=[0.7991355657577515, 0.045344408601522446, 0.17532825469970703, -0.5732242465019226]
joint_pos=[0.0, 0.0, 0.0, -0.035999998450279236, 0.5400000214576721, 0.0] imu_ang_vel=[0.03728539124131203, -0.07350549101829529, -0.010652969591319561] imu_quat_wxyz=[0.7991355657577515, 0.045344408601522446, 0.17532825469970703, -0.5732242465019226]
joint_pos=[0.0, 0.0, 0.0, -0.035999998450279236, 0.5400000214576721, 0.0] imu_ang_vel=[0.03622009605169296, -0.07670138031244278, 0.0] imu_quat_wxyz=[0.7993423342704773, 0.04512409865856171, 0.1740800440311432, -0.5733337998390198]
joint_pos=[0.0, 0.0, 0.0, -0.035999998450279236, 0.5400000214576721, 0.0] imu_ang_vel=[0.03622009605169296, -0.07670138031244278, 0.0] imu_quat_wxyz=[0.7993423342704773, 0.04512409865856171, 0.1740800440311432, -0.5733337998390198]
joint_pos=[0.0, 0.0, 0.0, -0.035999998450279236, 0.5400000214576721, 0.0] imu_ang_vel=[0.0351547971367836, -0.07883197069168091, 0.0] imu_quat_wxyz=[0.7996169328689575, 0.04483725130558014, 0.1730552762746811, -0.5732837915420532]
joint_pos=[0.0, 0.0, 0.0, -0.035999998450279236, 0.5400000214576721, 0.0] imu_ang_vel=[0.0351547971367836, -0.07883197069168091, 0.0] imu_quat_wxyz=[0.7996169328689575, 0.04483725130558014, 0.1730552762746811, -0.5732837915420532]
joint_pos=[0.0, 0.0, 0.0, -0.035999998450279236, 0.5400000214576721, 0.0] imu_ang_vel=[0.030893610790371895, -0.07989726960659027, 0.0] imu_quat_wxyz=[0.79991614818573, 0.04454432800412178, 0.1721707284450531, -0.573155403137207]
joint_pos=[0.0, 0.0, 0.0, -0.035999998450279236, 0.5400000214576721, 0.0] imu_ang_vel=[0.030893610790371895, -0.07989726960659027, 0.0] imu_quat_wxyz=[0.79991614818573, 0.04454432800412178, 0.1721707284450531, -0.573155403137207]
joint_pos=[0.0, 0.0, 0.0, -0.035999998450279236, 0.5400000214576721, 0.0] imu_ang_vel=[0.02982831373810768, -0.07883197069168091, 0.0] imu_quat_wxyz=[0.8001766800880432, 0.04424247890710831, 0.17137934267520905, -0.5730522274971008]
joint_pos=[0.0, 0.0, 0.0, -0.035999998450279236, 0.5400000214576721, 0.0] imu_ang_vel=[0.02982831373810768, -0.07883197069168091, 0.0] imu_quat_wxyz=[0.8001766800880432, 0.04424247890710831, 0.17137934267520905, -0.5730522274971008]
joint_pos=[0.0, 0.0, 0.0, -0.035999998450279236, 0.5400000214576721, 0.0] imu_ang_vel=[0.028763016685843468, -0.07457078248262405, 0.0] imu_quat_wxyz=[0.8001766800880432, 0.04424247890710831, 0.17137934267520905, -0.5730522274971008]
joint_pos=[0.0, 0.0, 0.0, -0.035999998450279236, 0.5400000214576721, 0.0] imu_ang_vel=[0.028763016685843468, -0.07457078248262405, 0.0] imu_quat_wxyz=[0.8004109859466553, 0.043979693204164505, 0.1707182675600052, -0.5729426145553589]
joint_pos=[0.0, 0.0, 0.0, -0.035999998450279236, 0.5400000214576721, 0.0] imu_ang_vel=[0.028763016685843468, -0.06711370497941971, 0.0] imu_quat_wxyz=[0.8004109859466553, 0.043979693204164505, 0.1707182675600052, -0.5729426145553589]
joint_pos=[0.0, 0.0, 0.0, -0.035999998450279236, 0.5400000214576721, 0.0] imu_ang_vel=[0.028763016685843468, -0.06711370497941971, 0.0] imu_quat_wxyz=[0.8006080389022827, 0.043716516345739365, 0.170130655169487, -0.5728623270988464]
joint_pos=[0.0, 0.0, 0.0, -0.035999998450279236, 0.5400000214576721, 0.0] imu_ang_vel=[0.02343653328716755, -0.05965662747621536, 0.0] imu_quat_wxyz=[0.8006080389022827, 0.043716516345739365, 0.170130655169487, -0.5728623270988464]
joint_pos=[0.0, 0.0, 0.0, -0.035999998450279236, 0.5400000214576721, 0.0] imu_ang_vel=[0.02343653328716755, -0.05965662747621536, 0.0] imu_quat_wxyz=[0.8007580637931824, 0.04345273971557617, 0.1695515513420105, -0.5728443264961243]
joint_pos=[0.0, 0.0, 0.0, -0.035999998450279236, 0.5400000214576721, 0.0] imu_ang_vel=[0.01491415686905384, -0.051134251058101654, 0.0] imu_quat_wxyz=[0.8007580637931824, 0.04345273971557617, 0.1695515513420105, -0.5728443264961243]
joint_pos=[0.0, 0.0, 0.0, -0.035999998450279236, 0.5400000214576721, 0.0] imu_ang_vel=[0.01491415686905384, -0.051134251058101654, 0.0] imu_quat_wxyz=[0.8009860515594482, 0.043215252459049225, 0.16914010047912598, -0.5726650953292847]
joint_pos=[0.0, 0.0, 0.0, -0.035999998450279236, 0.5400000214576721, 0.0] imu_ang_vel=[0.0, -0.04048128426074982, 0.01491415686905384] imu_quat_wxyz=[0.8009860515594482, 0.043215252459049225, 0.16914010047912598, -0.5726650953292847]
joint_pos=[0.0, 0.0, 0.0, -0.035999998450279236, 0.5400000214576721, 0.0] imu_ang_vel=[0.0, -0.04048128426074982, 0.01491415686905384] imu_quat_wxyz=[0.8012986183166504, 0.04292965307831764, 0.16896861791610718, -0.5722998380661011]
joint_pos=[0.0, 0.0, 0.0, -0.035999998450279236, 0.5400000214576721, 0.0] imu_ang_vel=[0.0, -0.027697719633579254, 0.017044750973582268] imu_quat_wxyz=[0.8012986183166504, 0.04292965307831764, 0.16896861791610718, -0.5722998380661011]
joint_pos=[0.0, 0.0, 0.0, -0.035999998450279236, 0.5400000214576721, 0.0] imu_ang_vel=[0.0, -0.027697719633579254, 0.017044750973582268] imu_quat_wxyz=[0.8015577793121338, 0.04263037443161011, 0.1689225137233734, -0.5719729661941528]
joint_pos=[0.0, 0.0, 0.0, -0.035999998450279236, 0.5400000214576721, 0.0] imu_ang_vel=[0.0, -0.015979453921318054, 0.019175345078110695] imu_quat_wxyz=[0.8015577793121338, 0.04263037443161011, 0.1689225137233734, -0.5719729661941528]
joint_pos=[0.0, 0.0, 0.0, -0.035999998450279236, 0.5400000214576721, 0.0] imu_ang_vel=[0.0, -0.015979453921318054, 0.019175345078110695] imu_quat_wxyz=[0.8017795085906982, 0.04250609129667282, 0.16911004483699799, -0.5716159343719482]
joint_pos=[0.0, 0.0, 0.0, -0.035999998450279236, 0.5400000214576721, 0.0] imu_ang_vel=[-0.013848859816789627, 0.0, 0.02663242258131504] imu_quat_wxyz=[0.8017795085906982, 0.04250609129667282, 0.16911004483699799, -0.5716159343719482]
joint_pos=[0.0, 0.0, 0.0, -0.035999998450279236, 0.5400000214576721, 0.0] imu_ang_vel=[-0.013848859816789627, 0.0, 0.02663242258131504] imu_quat_wxyz=[0.8019941449165344, 0.042451951652765274, 0.169572651386261, -0.5711815357208252]
joint_pos=[0.0, 0.0, 0.0, -0.035999998450279236, 0.5400000214576721, 0.0] imu_ang_vel=[-0.022371236234903336, 0.0, 0.03728539124131203] imu_quat_wxyz=[0.8019941449165344, 0.042451951652765274, 0.169572651386261, -0.5711815357208252]
joint_pos=[0.0, 0.0, 0.0, -0.035999998450279236, 0.5400000214576721, 0.0] imu_ang_vel=[-0.022371236234903336, 0.0, 0.03728539124131203] imu_quat_wxyz=[0.8023157119750977, 0.0422808974981308, 0.17011116445064545, -0.5705821514129639]
joint_pos=[0.0, 0.0, 0.0, -0.035999998450279236, 0.5400000214576721, 0.0] imu_ang_vel=[-0.025567125529050827, 0.01811004802584648, 0.03622009605169296] imu_quat_wxyz=[0.8023157119750977, 0.0422808974981308, 0.17011116445064545, -0.5705821514129639]
joint_pos=[0.0, 0.0, 0.0, -0.035999998450279236, 0.5400000214576721, 0.0] imu_ang_vel=[-0.025567125529050827, 0.01811004802584648, 0.03622009605169296] imu_quat_wxyz=[0.802659273147583, 0.04218415915966034, 0.1709517389535904, -0.5698545575141907]
joint_pos=[0.0, 0.0, 0.0, -0.035999998450279236, 0.5400000214576721, 0.0] imu_ang_vel=[-0.025567125529050827, 0.027697719633579254, 0.028763016685843468] imu_quat_wxyz=[0.802659273147583, 0.04218415915966034, 0.1709517389535904, -0.5698545575141907]
joint_pos=[0.0, 0.0, 0.0, -0.035999998450279236, 0.5400000214576721, 0.0] imu_ang_vel=[-0.025567125529050827, 0.027697719633579254, 0.028763016685843468] imu_quat_wxyz=[0.8028355240821838, 0.042070407420396805, 0.1717647761106491, -0.569369912147522]
joint_pos=[0.0, 0.0, 0.0, -0.035999998450279236, 0.5400000214576721, 0.0] imu_ang_vel=[-0.028763016685843468, 0.03835069015622139, 0.02982831373810768] imu_quat_wxyz=[0.8028355240821838, 0.042070407420396805, 0.1717647761106491, -0.569369912147522]
joint_pos=[0.0, 0.0, 0.0, -0.035999998450279236, 0.5400000214576721, 0.0] imu_ang_vel=[-0.028763016685843468, 0.03835069015622139, 0.02982831373810768] imu_quat_wxyz=[0.8028730750083923, 0.042024772614240646, 0.17248621582984924, -0.5691020488739014]
joint_pos=[0.0, 0.0, 0.0, -0.035999998450279236, 0.5400000214576721, 0.0] imu_ang_vel=[-0.0351547971367836, 0.0468730665743351, 0.04048128426074982] imu_quat_wxyz=[0.8028730750083923, 0.042024772614240646, 0.17248621582984924, -0.5691020488739014]
joint_pos=[0.0, 0.0, 0.0, -0.035999998450279236, 0.5400000214576721, 0.0] imu_ang_vel=[-0.0351547971367836, 0.0468730665743351, 0.04048128426074982] imu_quat_wxyz=[0.8029569983482361, 0.04202821105718613, 0.17334114015102386, -0.5687236189842224]
joint_pos=[0.0, 0.0, 0.0, -0.035999998450279236, 0.5400000214576721, 0.0] imu_ang_vel=[-0.03835069015622139, 0.05219954997301102, 0.045807767659425735] imu_quat_wxyz=[0.8029569983482361, 0.04202821105718613, 0.17334114015102386, -0.5687236189842224]
joint_pos=[0.0, 0.0, 0.0, -0.035999998450279236, 0.5400000214576721, 0.0] imu_ang_vel=[-0.03835069015622139, 0.05219954997301102, 0.045807767659425735] imu_quat_wxyz=[0.8030716180801392, 0.0419703833758831, 0.17429010570049286, -0.5682758092880249]
joint_pos=[0.0, 0.0, 0.0, -0.035999998450279236, 0.5400000214576721, 0.0] imu_ang_vel=[-0.03835069015622139, 0.05646073818206787, 0.04048128426074982] imu_quat_wxyz=[0.8030716180801392, 0.0419703833758831, 0.17429010570049286, -0.5682758092880249]
joint_pos=[0.0, 0.0, 0.0, -0.035999998450279236, 0.5400000214576721, 0.0] imu_ang_vel=[-0.03835069015622139, 0.05646073818206787, 0.04048128426074982] imu_quat_wxyz=[0.8031612634658813, 0.04198506101965904, 0.17530065774917603, -0.567837119102478]
joint_pos=[0.0, 0.0, 0.0, -0.035999998450279236, 0.5400000214576721, 0.0] imu_ang_vel=[-0.03622009605169296, 0.060721926391124725, 0.03835069015622139] imu_quat_wxyz=[0.8031612634658813, 0.04198506101965904, 0.17530065774917603, -0.567837119102478]
joint_pos=[0.0, 0.0, 0.0, -0.035999998450279236, 0.5400000214576721, 0.0] imu_ang_vel=[-0.03622009605169296, 0.060721926391124725, 0.03835069015622139] imu_quat_wxyz=[0.8032011389732361, 0.04215456172823906, 0.17613601684570312, -0.5675095915794373]
joint_pos=[0.0, 0.0, 0.0, -0.035999998450279236, 0.5400000214576721, 0.0] imu_ang_vel=[-0.03622009605169296, 0.060721926391124725, 0.03835069015622139] imu_quat_wxyz=[0.8032011389732361, 0.04215456172823906, 0.17613601684570312, -0.5675095915794373]
joint_pos=[0.0, 0.0, 0.0, -0.035999998450279236, 0.5400000214576721, 0.0] imu_ang_vel=[-0.03622009605169296, 0.05965662747621536, 0.04048128426074982] imu_quat_wxyz=[0.8032079339027405, 0.04231409355998039, 0.17721717059612274, -0.5671512484550476]
joint_pos=[0.0, 0.0, 0.0, -0.035999998450279236, 0.5400000214576721, 0.0] imu_ang_vel=[-0.03622009605169296, 0.05965662747621536, 0.04048128426074982] imu_quat_wxyz=[0.8032079339027405, 0.04231409355998039, 0.17721717059612274, -0.5671512484550476]
joint_pos=[0.0, 0.0, 0.0, -0.035999998450279236, 0.5400000214576721, 0.0] imu_ang_vel=[-0.034089501947164536, 0.0585913322865963, 0.039415985345840454] imu_quat_wxyz=[0.803199052810669, 0.042431142181158066, 0.1781821995973587, -0.5668527483940125]
joint_pos=[0.0, 0.0, 0.0, -0.035999998450279236, 0.5400000214576721, 0.0] imu_ang_vel=[-0.034089501947164536, 0.0585913322865963, 0.039415985345840454] imu_quat_wxyz=[0.803199052810669, 0.042431142181158066, 0.1781821995973587, -0.5668527483940125]
joint_pos=[0.0, 0.0, 0.0, -0.035999998450279236, 0.5400000214576721, 0.0] imu_ang_vel=[-0.027697719633579254, 0.05539543926715851, 0.027697719633579254] imu_quat_wxyz=[0.8031082153320312, 0.042597610503435135, 0.17896904051303864, -0.5667210221290588]
joint_pos=[0.0, 0.0, 0.0, -0.035999998450279236, 0.5400000214576721, 0.0] imu_ang_vel=[-0.027697719633579254, 0.05539543926715851, 0.027697719633579254] imu_quat_wxyz=[0.8031082153320312, 0.042597610503435135, 0.17896904051303864, -0.5667210221290588]
joint_pos=[0.0, 0.0, 0.0, -0.035999998450279236, 0.5400000214576721, 0.0] imu_ang_vel=[-0.019175345078110695, 0.05006895586848259, 0.01491415686905384] imu_quat_wxyz=[0.8028542995452881, 0.042724352329969406, 0.17953112721443176, -0.566893458366394]
joint_pos=[0.0, 0.0, 0.0, -0.035999998450279236, 0.5400000214576721, 0.0] imu_ang_vel=[-0.019175345078110695, 0.05006895586848259, 0.01491415686905384] imu_quat_wxyz=[0.8028542995452881, 0.042724352329969406, 0.17953112721443176, -0.566893458366394]
joint_pos=[0.0, 0.0, 0.0, -0.035999998450279236, 0.5400000214576721, 0.0] imu_ang_vel=[-0.013848859816789627, 0.04367717355489731, 0.012783562764525414] imu_quat_wxyz=[0.8026296496391296, 0.04307644069194794, 0.1800222545862198, -0.5670290589332581]
joint_pos=[0.0, 0.0, 0.0, -0.035999998450279236, 0.5400000214576721, 0.0] imu_ang_vel=[-0.013848859816789627, 0.04367717355489731, 0.012783562764525414] imu_quat_wxyz=[0.8026296496391296, 0.04307644069194794, 0.1800222545862198, -0.5670290589332581]
joint_pos=[0.0, 0.0, 0.0, -0.035999998450279236, 0.5400000214576721, 0.0] imu_ang_vel=[-0.011718266643583775, 0.0351547971367836, 0.011718266643583775] imu_quat_wxyz=[0.8024627566337585, 0.04335194081068039, 0.18036575615406036, -0.5671349763870239]
joint_pos=[0.0, 0.0, 0.0, -0.035999998450279236, 0.5400000214576721, 0.0] imu_ang_vel=[-0.011718266643583775, 0.0351547971367836, 0.011718266643583775] imu_quat_wxyz=[0.8024627566337585, 0.04335194081068039, 0.18036575615406036, -0.5671349763870239]
joint_pos=[0.0, 0.0, 0.0, -0.035999998450279236, 0.5400000214576721, 0.0] imu_ang_vel=[0.0, 0.02663242258131504, 0.0] imu_quat_wxyz=[0.8021804094314575, 0.04361920803785324, 0.18042360246181488, -0.5674956440925598]
joint_pos=[0.0, 0.0, 0.0, -0.035999998450279236, 0.5400000214576721, 0.0] imu_ang_vel=[0.0, 0.02663242258131504, 0.0] imu_quat_wxyz=[0.8021804094314575, 0.04361920803785324, 0.18042360246181488, -0.5674956440925598]
joint_pos=[0.0, 0.0, 0.0, -0.035999998450279236, 0.5400000214576721, 0.0] imu_ang_vel=[0.0, 0.017044750973582268, 0.0] imu_quat_wxyz=[0.8018571734428406, 0.04381623864173889, 0.18042601644992828, -0.5679362416267395]
joint_pos=[0.0, 0.0, 0.0, -0.035999998450279236, 0.5400000214576721, 0.0] imu_ang_vel=[0.0, 0.017044750973582268, 0.0] imu_quat_wxyz=[0.8018571734428406, 0.04381623864173889, 0.18042601644992828, -0.5679362416267395]
joint_pos=[0.0, 0.0, 0.0, -0.035999998450279236, 0.5400000214576721, 0.0] imu_ang_vel=[0.0, 0.0, 0.0] imu_quat_wxyz=[0.8016860485076904, 0.04397720471024513, 0.18034687638282776, -0.5681905746459961]
joint_pos=[0.0, 0.0, 0.0, -0.035999998450279236, 0.5400000214576721, 0.0] imu_ang_vel=[0.0, 0.0, 0.0] imu_quat_wxyz=[0.8016860485076904, 0.04397720471024513, 0.18034687638282776, -0.5681905746459961]
joint_pos=[0.0, 0.0, 0.0, -0.035999998450279236, 0.5400000214576721, 0.0] imu_ang_vel=[0.015979453921318054, 0.0, -0.01491415686905384] imu_quat_wxyz=[0.8014470338821411, 0.044150106608867645, 0.18017782270908356, -0.5685678124427795]
joint_pos=[0.0, 0.0, 0.0, -0.035999998450279236, 0.5400000214576721, 0.0] imu_ang_vel=[0.015979453921318054, 0.0, -0.01491415686905384] imu_quat_wxyz=[0.8014470338821411, 0.044150106608867645, 0.18017782270908356, -0.5685678124427795]
joint_pos=[0.0, 0.0, 0.0, -0.035999998450279236, 0.5400000214576721, 0.0] imu_ang_vel=[0.02343653328716755, -0.017044750973582268, -0.02343653328716755] imu_quat_wxyz=[0.8011981248855591, 0.044313959777355194, 0.17992430925369263, -0.5689860582351685]
joint_pos=[0.0, 0.0, 0.0, -0.035999998450279236, 0.5400000214576721, 0.0] imu_ang_vel=[0.02343653328716755, -0.017044750973582268, -0.02343653328716755] imu_quat_wxyz=[0.8011981248855591, 0.044313959777355194, 0.17992430925369263, -0.5689860582351685]
joint_pos=[0.0, 0.0, 0.0, -0.035999998450279236, 0.5400000214576721, 0.0] imu_ang_vel=[0.02982831373810768, -0.028763016685843468, -0.028763016685843468] imu_quat_wxyz=[0.800872802734375, 0.04448842629790306, 0.17936083674430847, -0.5696077942848206]
joint_pos=[0.0, 0.0, 0.0, -0.035999998450279236, 0.5400000214576721, 0.0] imu_ang_vel=[0.02982831373810768, -0.028763016685843468, -0.028763016685843468] imu_quat_wxyz=[0.800872802734375, 0.04448842629790306, 0.17936083674430847, -0.5696077942848206]
joint_pos=[0.0, 0.0, 0.0, -0.035999998450279236, 0.5400000214576721, 0.0] imu_ang_vel=[0.0351547971367836, -0.039415985345840454, -0.0351547971367836] imu_quat_wxyz=[0.800525963306427, 0.04461287334561348, 0.17871929705142975, -0.5702870488166809]
joint_pos=[0.0, 0.0, 0.0, -0.035999998450279236, 0.5400000214576721, 0.0] imu_ang_vel=[0.0351547971367836, -0.039415985345840454, -0.0351547971367836] imu_quat_wxyz=[0.800525963306427, 0.04461287334561348, 0.17871929705142975, -0.5702870488166809]
joint_pos=[0.0, 0.0, 0.0, -0.035999998450279236, 0.5400000214576721, 0.0] imu_ang_vel=[0.04048128426074982, -0.049003660678863525, -0.04154657945036888] imu_quat_wxyz=[0.8002212643623352, 0.04477515071630478, 0.17791199684143066, -0.5709540247917175]
joint_pos=[0.0, 0.0, 0.0, -0.035999998450279236, 0.5400000214576721, 0.0] imu_ang_vel=[0.04048128426074982, -0.049003660678863525, -0.04154657945036888] imu_quat_wxyz=[0.8002212643623352, 0.04477515071630478, 0.17791199684143066, -0.5709540247917175]
joint_pos=[0.0, 0.0, 0.0, -0.035999998450279236, 0.5400000214576721, 0.0] imu_ang_vel=[0.04474247246980667, -0.05646073818206787, -0.05006895586848259] imu_quat_wxyz=[0.7998781204223633, 0.044846877455711365, 0.17697036266326904, -0.5717213749885559]
joint_pos=[0.0, 0.0, 0.0, -0.035999998450279236, 0.5400000214576721, 0.0] imu_ang_vel=[0.04474247246980667, -0.05646073818206787, -0.05006895586848259] imu_quat_wxyz=[0.7998781204223633, 0.044846877455711365, 0.17697036266326904, -0.5717213749885559]
joint_pos=[0.0, 0.0, 0.0, -0.035999998450279236, 0.5400000214576721, 0.0] imu_ang_vel=[0.04793836176395416, -0.06285251677036285, -0.05326484516263008] imu_quat_wxyz=[0.799517810344696, 0.04494357854127884, 0.17599685490131378, -0.5725176930427551]
joint_pos=[0.0, 0.0, 0.0, -0.035999998450279236, 0.5400000214576721, 0.0] imu_ang_vel=[0.04793836176395416, -0.06285251677036285, -0.05326484516263008] imu_quat_wxyz=[0.799517810344696, 0.04494357854127884, 0.17599685490131378, -0.5725176930427551]
joint_pos=[0.0, 0.0, 0.0, -0.035999998450279236, 0.5400000214576721, 0.0] imu_ang_vel=[0.0468730665743351, -0.06817900389432907, -0.04793836176395416] imu_quat_wxyz=[0.7993443012237549, 0.04512884095311165, 0.1750466674566269, -0.5730364322662354]
joint_pos=[0.0, 0.0, 0.0, -0.035999998450279236, 0.5400000214576721, 0.0] imu_ang_vel=[0.0468730665743351, -0.06817900389432907, -0.04793836176395416] imu_quat_wxyz=[0.7993443012237549, 0.04512884095311165, 0.1750466674566269, -0.5730364322662354]
joint_pos=[0.0, 0.0, 0.0, -0.035999998450279236, 0.5400000214576721, 0.0] imu_ang_vel=[0.04474247246980667, -0.0703095942735672, -0.045807767659425735] imu_quat_wxyz=[0.7992339134216309, 0.04521496966481209, 0.17422737181186676, -0.5734330415725708]
joint_pos=[0.0, 0.0, 0.0, -0.035999998450279236, 0.5400000214576721, 0.0] imu_ang_vel=[0.04474247246980667, -0.0703095942735672, -0.045807767659425735] imu_quat_wxyz=[0.7992339134216309, 0.04521496966481209, 0.17422737181186676, -0.5734330415725708]
joint_pos=[0.0, 0.0, 0.0, -0.035999998450279236, 0.5400000214576721, 0.0] imu_ang_vel=[0.0468730665743351, -0.07137489318847656, -0.0468730665743351] imu_quat_wxyz=[0.7990593314170837, 0.04513360187411308, 0.1733613908290863, -0.5739450454711914]
joint_pos=[0.0, 0.0, 0.0, -0.035999998450279236, 0.5400000214576721, 0.0] imu_ang_vel=[0.0468730665743351, -0.07137489318847656, -0.0468730665743351] imu_quat_wxyz=[0.7990593314170837, 0.04513360187411308, 0.1733613908290863, -0.5739450454711914]
joint_pos=[0.0, 0.0, 0.0, -0.035999998450279236, 0.5400000214576721, 0.0] imu_ang_vel=[0.0468730665743351, -0.0703095942735672, -0.05326484516263008] imu_quat_wxyz=[0.7987949848175049, 0.04505496844649315, 0.17249242961406708, -0.574580729007721]
joint_pos=[0.0, 0.0, 0.0, -0.035999998450279236, 0.5400000214576721, 0.0] imu_ang_vel=[0.0468730665743351, -0.0703095942735672, -0.05326484516263008] imu_quat_wxyz=[0.7987949848175049, 0.04505496844649315, 0.17249242961406708, -0.574580729007721]
joint_pos=[0.0, 0.0, 0.0, -0.035999998450279236, 0.5400000214576721, 0.0] imu_ang_vel=[0.0468730665743351, -0.06711370497941971, -0.054330144077539444] imu_quat_wxyz=[0.7985038757324219, 0.04500444233417511, 0.171737402677536, -0.5752151608467102]
joint_pos=[0.0, 0.0, 0.0, -0.035999998450279236, 0.5400000214576721, 0.0] imu_ang_vel=[0.0468730665743351, -0.06711370497941971, -0.054330144077539444] imu_quat_wxyz=[0.7985038757324219, 0.04500444233417511, 0.171737402677536, -0.5752151608467102]
joint_pos=[0.0, 0.0, 0.0, -0.035999998450279236, 0.5400000214576721, 0.0] imu_ang_vel=[0.042611878365278244, -0.06178722158074379, -0.051134251058101654] imu_quat_wxyz=[0.7982674241065979, 0.045024529099464417, 0.1710893213748932, -0.5757346153259277]
joint_pos=[0.0, 0.0, 0.0, -0.035999998450279236, 0.5400000214576721, 0.0] imu_ang_vel=[0.042611878365278244, -0.06178722158074379, -0.051134251058101654] imu_quat_wxyz=[0.7982674241065979, 0.045024529099464417, 0.1710893213748932, -0.5757346153259277]
joint_pos=[0.0, 0.0, 0.0, -0.035999998450279236, 0.5400000214576721, 0.0] imu_ang_vel=[0.03728539124131203, -0.05646073818206787, -0.04474247246980667] imu_quat_wxyz=[0.7981032133102417, 0.04499180614948273, 0.170508474111557, -0.576137125492096]
joint_pos=[0.0, 0.0, 0.0, -0.035999998450279236, 0.5400000214576721, 0.0] imu_ang_vel=[0.03728539124131203, -0.05646073818206787, -0.04474247246980667] imu_quat_wxyz=[0.7981032133102417, 0.04499180614948273, 0.170508474111557, -0.576137125492096]
joint_pos=[0.0, 0.0, 0.0, -0.035999998450279236, 0.5400000214576721, 0.0] imu_ang_vel=[0.030893610790371895, -0.04793836176395416, -0.03835069015622139] imu_quat_wxyz=[0.7979745864868164, 0.04492143169045448, 0.1701083779335022, -0.5764386653900146]
joint_pos=[0.0, 0.0, 0.0, -0.035999998450279236, 0.5400000214576721, 0.0] imu_ang_vel=[0.030893610790371895, -0.04793836176395416, -0.03835069015622139] imu_quat_wxyz=[0.7979745864868164, 0.04492143169045448, 0.1701083779335022, -0.5764386653900146]
joint_pos=[0.0, 0.0, 0.0, -0.035999998450279236, 0.5400000214576721, 0.0] imu_ang_vel=[0.027697719633579254, -0.03728539124131203, -0.03622009605169296] imu_quat_wxyz=[0.7977975010871887, 0.04483836144208908, 0.16979211568832397, -0.5767836570739746]
joint_pos=[0.0, 0.0, 0.0, -0.035999998450279236, 0.5400000214576721, 0.0] imu_ang_vel=[0.027697719633579254, -0.03728539124131203, -0.03622009605169296] imu_quat_wxyz=[0.7977975010871887, 0.04483836144208908, 0.16979211568832397, -0.5767836570739746]
joint_pos=[0.0, 0.0, 0.0, -0.035999998450279236, 0.5400000214576721, 0.0] imu_ang_vel=[0.021305939182639122, -0.02663242258131504, -0.02982831373810768] imu_quat_wxyz=[0.7976670861244202, 0.04482490196824074, 0.1696510910987854, -0.5770063996315002]
joint_pos=[0.0, 0.0, 0.0, -0.035999998450279236, 0.5400000214576721, 0.0] imu_ang_vel=[0.021305939182639122, -0.02663242258131504, -0.02982831373810768] imu_quat_wxyz=[0.7976670861244202, 0.04482490196824074, 0.1696510910987854, -0.5770063996315002]
joint_pos=[0.0, 0.0, 0.0, -0.035999998450279236, 0.5400000214576721, 0.0] imu_ang_vel=[0.011718266643583775, -0.01811004802584648, -0.02024064213037491] imu_quat_wxyz=[0.7976205348968506, 0.044830549508333206, 0.1697542816400528, -0.5770398378372192]
joint_pos=[0.0, 0.0, 0.0, -0.035999998450279236, 0.5400000214576721, 0.0] imu_ang_vel=[0.011718266643583775, -0.01811004802584648, -0.02024064213037491] imu_quat_wxyz=[0.7976205348968506, 0.044830549508333206, 0.1697542816400528, -0.5770398378372192]
joint_pos=[0.0, 0.0, 0.0, -0.035999998450279236, 0.5400000214576721, 0.0] imu_ang_vel=[0.0, 0.0, -0.013848859816789627] imu_quat_wxyz=[0.7976100444793701, 0.044772014021873474, 0.17022280395030975, -0.5769209861755371]
joint_pos=[0.0, 0.0, 0.0, -0.035999998450279236, 0.5400000214576721, 0.0] imu_ang_vel=[0.0, 0.0, -0.013848859816789627] imu_quat_wxyz=[0.7976100444793701, 0.044772014021873474, 0.17022280395030975, -0.5769209861755371]
joint_pos=[0.0, 0.0, 0.0, -0.035999998450279236, 0.5400000214576721, 0.0] imu_ang_vel=[0.0, 0.0, -0.010652969591319561] imu_quat_wxyz=[0.7976861000061035, 0.04482109844684601, 0.17071926593780518, -0.5766652226448059]
joint_pos=[0.0, 0.0, 0.0, -0.035999998450279236, 0.5400000214576721, 0.0] imu_ang_vel=[0.0, 0.0, -0.010652969591319561] imu_quat_wxyz=[0.7976861000061035, 0.04482109844684601, 0.17071926593780518, -0.5766652226448059]
joint_pos=[0.0, 0.0, 0.0, -0.035999998450279236, 0.5400000214576721, 0.0] imu_ang_vel=[0.0, 0.015979453921318054, 0.0] imu_quat_wxyz=[0.797846257686615, 0.04498887434601784, 0.17122334241867065, -0.5762810111045837]
joint_pos=[0.0, 0.0, 0.0, -0.035999998450279236, 0.5400000214576721, 0.0] imu_ang_vel=[0.0, 0.015979453921318054, 0.0] imu_quat_wxyz=[0.797846257686615, 0.04498887434601784, 0.17122334241867065, -0.5762810111045837]
