Log file: /home/cx/robot_deploy/log_sim2sim/2026-08-02_23-28-26.txt
Loaded ONNX policy: /home/cx/mjlab-recovered/logs/rsl_rl/custom_biped_velocity_nolinvel/2026-07-30_23-56-50/2026-07-30_23-56-50.onnx
  input=obs[1,65] output=actions[1,6]
  velocity_command=[0.3, 0.0, 0.0]
  startup=move 0s + hold 0s
MuJoCo sim2sim started
  robot=/home/cx/mjlab-recovered/src/mjlab/asset_zoo/robots/custom_biped/mjcf/biped.xml
  physics=200 Hz, policy=50 Hz
  command=[0.3, 0.0, 0.0]
  press R in the viewer to reset; close the viewer or press Ctrl+C to stop
joint_pos=[10.0, -20.0, 10.0, 10.0, -20.0, 10.0] joint_vel=[0.0, 0.0, 0.0, 0.0, 0.0, 0.0] imu_ang_vel=[0.0, 0.0, 0.0] imu_quat_wxyz=[1.0, 0.0, 0.0, 0.0] status=0x0003
ONNX startup: moving from measured joint positions to [10.0, -20.0, 10.0, 10.0, -20.0, 10.0] deg over 0 s.
ONNX startup: move command complete; waiting for measured joints to enter +/-2 deg.
ONNX startup: measured joints reached the default pose; holding before inference.
ONNX startup complete: history, last_action and gait phase reset; actor inference started.
sim t=    0.02s  x= 0.000m z= 0.521m pitch=-0.34deg action=[-0.759, 1.0, 0.995, 0.143, 0.231, 0.319]
joint_pos=[9.370411495984888, -19.579540396365232, 10.93738142656274, 9.50928438364496, -19.861495229360052, 10.431124937814893] joint_vel=[-37.97047336524091, -6.64238932875265, 35.45374021990337, -44.86350491166308, 8.138326121125974, 26.748596933896717] imu_ang_vel=[0.0, -0.42659195491256274, 0.0] imu_quat_wxyz=[0.9999987901476043, 0.0, -0.0015555395615583663, 0.0] status=0x0003
joint_pos=[9.29849231282947, -19.905245288565396, 11.659454092269575, 9.23853960629133, -19.633604270071196, 9.995591265830598] joint_vel=[15.304680342394418, -21.86967384616103, 36.33700057920164, 2.7784847609308283, 12.905487511767513, -47.924482773582426] imu_ang_vel=[0.0, 0.046348272528392076, 0.0] imu_quat_wxyz=[0.9999919803760657, 0.0, -0.004004894949210801, 0.0] status=0x0003
joint_pos=[9.421081259288304, -20.48237859462389, 12.763004632333631, 9.26437413905915, -19.915453239078687, 10.197151648379654] joint_vel=[1.1059056356855903, -32.84858174954118, 65.68859656453775, 0.6106479939915355, -28.759669558045626, 41.123221375325485] imu_ang_vel=[0.0, 0.03481308228259091, 0.0] imu_quat_wxyz=[0.9999962597347472, 0.0, -0.0027350532930989525, 0.0] status=0x0003
joint_pos=[9.70377441365355, -20.95755537220545, 13.432428829707566, 9.792824617134457, -20.87582389118657, 10.772795000107841] joint_vel=[21.262296487428927, -19.10429098650954, 16.29617000009765, 40.53543450209477, -58.453950654835786, 22.123844488228603] imu_ang_vel=[0.0, 0.2727486406965879, 0.0] imu_quat_wxyz=[0.9999989910094306, 0.0, -0.001420556271629559, 0.0] status=0x0003
joint_pos=[10.047103223717675, -21.178735687833548, 13.343206337664657, 10.79490790945564, -22.51999019906391, 12.262248097855446] joint_vel=[14.832312920674882, -6.870877294129394, -15.684952101796116, 55.30710177786258, -95.01244981932297, 102.35150177810695] imu_ang_vel=[0.0, 0.3293519612459048, 0.0] imu_quat_wxyz=[0.9999979841488211, 0.0, 0.0020079089356953815, 0.0] status=0x0003
joint_pos=[10.377955858768868, -21.238485710949377, 12.810779473454373, 12.08465828403156, -24.50056979882602, 13.835433135642011] joint_vel=[17.419949815269252, -1.011807353091169, -32.59635187243033, 69.50893789319974, -101.01969723216705, 65.91391830652577] imu_ang_vel=[0.0, 0.3947295075434474, 0.0] imu_quat_wxyz=[0.9999843765304004, 0.0, 0.005589874337259475, 0.0] status=0x0003
joint_pos=[10.832998157885422, -21.286030334108926, 12.088346023049965, 13.748580868373505, -26.812009452881107, 14.807793985656815] joint_vel=[25.565028119845362, -3.141673354639682, -38.282369768880066, 90.60110052091768, -123.30267948062283, 39.30237435513521] imu_ang_vel=[0.0, 0.522544423596608, 0.0] imu_quat_wxyz=[0.9999470155671114, 0.0, 0.010293981660512442, 0.0] status=0x0003
joint_pos=[11.255624989550219, -21.50201360545953, 12.270269111718543, 15.609090642557515, -29.385553614283886, 15.283762565011843] joint_vel=[18.504336443813436, -13.425226560583681, 26.587956860708136, 94.33872082173157, -131.93794491334384, 15.534867874107787] imu_ang_vel=[0.0, 0.5331359623391638, 0.0] imu_quat_wxyz=[0.999876663032559, 0.0, 0.01570537242075497, 0.0] status=0x0003
joint_pos=[11.61744050111464, -21.68357935497949, 12.745527463342059, 17.56539436292925, -31.977246058820818, 15.317916200152155] joint_vel=[17.703485420309114, -6.634743746796477, 23.413841018712738, 99.7175581910667, -127.92158862898133, -5.343694204915938] imu_ang_vel=[0.0, 0.5803462035441318, 0.0] imu_quat_wxyz=[0.9997752350573051, 0.0, 0.02120092842566769, 0.0] status=0x0003
joint_pos=[11.713073285005104, -21.615218511386157, 13.138135104506857, 19.37330074845393, -34.356988131537264, 15.21804298703643] joint_vel=[-2.2391437282578655, 9.08387070528129, 18.1096742998794, 85.46295931235221, -113.77012045942818, -4.764501141753797] imu_ang_vel=[0.0, 0.4759409152632541, 0.0] imu_quat_wxyz=[0.9996474357230517, 0.0, 0.02655191617053738, 0.0] status=0x0003
joint_pos=[11.429777887781922, -21.097522668675825, 13.339656733933266, 20.90421451700485, -36.233407551156176, 14.968379889665973] joint_vel=[-20.876447886430096, 35.586816899398464, 6.35461930663469, 71.80873005011642, -82.56590189637056, -16.541316048962585] imu_ang_vel=[0.0, 0.39744211227386017, 0.0] imu_quat_wxyz=[0.9995274094692946, 0.0, 0.030740164599444987, 0.0] status=0x0003
joint_pos=[10.761655847060844, -20.18111269164386, 13.366532521670209, 22.107192049741222, -37.54813199795822, 14.520884762048393] joint_vel=[-40.47745023719723, 51.85986665941473, -0.7691692445063427, 53.859464584765696, -56.26634780077449, -25.428033810165548] imu_ang_vel=[0.0, 0.24910649139923402, 0.0] imu_quat_wxyz=[0.9994252327610338, 0.0, 0.033899913282388484, 0.0] status=0x0003
joint_pos=[9.725677156508969, -19.001798152300275, 13.379730249483012, 22.926735106507806, -38.245024592611216, 13.876976119378142] joint_vel=[-55.9611467867681, 59.10856994843746, -5.922748150535767, 32.501214106897635, -22.07470619686125, -35.77424695832349] imu_ang_vel=[0.0, 0.058395479986908194, 0.0] imu_quat_wxyz=[0.9993761407166096, 0.0, 0.03531755040168156, 0.0] status=0x0003
joint_pos=[8.424964305277625, -17.720351505594724, 13.30533779701179, 23.28134083013954, -38.155730308618935, 13.039995468018208] joint_vel=[-72.44529224261953, 71.59645210310072, 6.437533130036257, 11.349401298775799, 18.290418137440764, -44.96467697973196] imu_ang_vel=[0.0, -0.12081084752857486, 0.0] imu_quat_wxyz=[0.999395902288648, 0.0, 0.034753855738018605, 0.0] status=0x0003
joint_pos=[6.942211067299376, -16.39658369204021, 13.112013948938591, 23.15320085180342, -37.19609500700045, 11.995030101722415] joint_vel=[-77.32476672725377, 67.79113931465973, -10.224526503285364, -14.611319107077724, 63.65472322308573, -56.013981085774304] imu_ang_vel=[0.0, -0.2571927163663237, 0.0] imu_quat_wxyz=[0.9994639563993712, 0.0, 0.032738354548077726, 0.0] status=0x0003
joint_pos=[5.236066175913516, -14.917367769847688, 12.9920710886064, 22.56683852346081, -35.432438173185986, 10.845415276740894] joint_vel=[-90.29410229262405, 78.900012881604, -1.415622230614425, -36.93434821449593, 101.51293555017601, -58.166560146240755] imu_ang_vel=[0.0, -0.3791008726067767, 0.0] imu_quat_wxyz=[0.9995656921002305, 0.0, 0.029469088485857574, 0.0] status=0x0003
joint_pos=[3.428243216677835, -13.387028415489093, 12.77803600904888, 21.56541966114925, -32.98094822239068, 9.585086374406146] joint_vel=[-93.64981809514092, 81.61704758801392, -2.78529348802902, -54.908284217630104, 132.96064030178576, -65.48393636534044] imu_ang_vel=[0.0, -0.43013855615804697, 0.0] imu_quat_wxyz=[0.999678749312806, 0.0, 0.025345575005986002, 0.0] status=0x0003
joint_pos=[1.5545476687545468, -11.778960374520267, 12.537627667018505, 20.231039070709578, -30.028976160121985, 8.29396446102362] joint_vel=[-94.22698150682854, 81.07610116634658, -15.274403240569596, -72.85019502658675, 155.3704789991817, -63.97903165673848] imu_ang_vel=[0.0, -0.4221058224740244, 0.0] imu_quat_wxyz=[0.99977823410726, 0.0, 0.021059026695668493, 0.0] status=0x0003
joint_pos=[-0.35724860238983, -10.102294612770907, 12.273103744819787, 18.612823511221283, -26.772168115642977, 7.002147914610916] joint_vel=[-95.59010172441448, 84.19634279152075, -15.799445748144974, -85.98684242044537, 167.10336670390134, -64.86614157467496] imu_ang_vel=[0.0, -0.41096067578573764, 0.0] imu_quat_wxyz=[0.9998597807372557, 0.0, 0.016745711810696343, 0.0] status=0x0003
joint_pos=[-2.2103815208335, -8.468284922225909, 12.036228336170403, 16.783578738568977, -23.38849564104944, 5.73325793047581] joint_vel=[-90.28215758655467, 79.22411762211195, -13.593748374192964, -95.17087445689897, 170.346880598074, -62.64128260961353] imu_ang_vel=[0.0, -0.3785692290774066, 0.0] imu_quat_wxyz=[0.99991838975446, 0.0, 0.012775516852472154, 0.0] status=0x0003
joint_pos=[-3.860769262456196, -7.144286388272913, 11.998622080300366, 14.79214595171854, -20.05581298618148, 4.650536860031474] joint_vel=[-77.23105101572753, 57.42760606241115, -0.46458612487052603, -103.00029036231349, 164.64637527981535, -49.56814215108945] imu_ang_vel=[0.0, -0.31539199467131274, 0.0] imu_quat_wxyz=[0.9999554920952991, 0.0, 0.009434714009882677, 0.0] status=0x0003
joint_pos=[-5.065713477609923, -6.560008770273739, 12.401030317752975, 12.71015600707757, -16.94285632477184, 3.956329556871596] joint_vel=[-49.60416381755471, 11.308846139409113, 25.474703914807645, -106.10981032180996, 150.87906729648665, -26.780937927980283] imu_ang_vel=[0.0, -0.20507578175643898, 0.0] imu_quat_wxyz=[0.9999755464589196, 0.0, 0.006993317108862474, 0.0] status=0x0003
joint_pos=[-5.5727870610668715, -7.103358362745099, 13.372060688336493, 10.604223940917413, -14.09232996732483, 3.856711833107436] joint_vel=[-11.89552290320723, -48.66171736509576, 60.79385608763174, -105.16361251358403, 137.61823395219238, 6.207152717095885] imu_ang_vel=[0.0, -0.02374269824485432, 0.0] imu_quat_wxyz=[0.9999819256424827, 0.0, 0.006012352979674092, 0.0] status=0x0003
joint_pos=[-5.254424999852223, -8.913112834293564, 15.082292500993587, 8.520089486574266, -11.308150066620811, 4.4545941188692675] joint_vel=[31.35440751186065, -113.99225644092856, 98.90363372679013, -103.90354344960818, 139.77320157575375, 42.52134497352905] imu_ang_vel=[0.0, 0.22499158100303096, 0.0] imu_quat_wxyz=[0.9999735937691192, 0.0, 0.0072671703208709425, 0.0] status=0x0003
joint_pos=[-4.40278598117766, -11.58163977825952, 17.488575396691097, 7.303417627356695, -9.682401749071298, 3.641635367690662] joint_vel=[47.39581748075281, -136.60862000520157, 131.74267271483816, -38.06277418903587, 50.39622094420154, -78.11311463174425] imu_ang_vel=[0.0, 0.11372547933089679, 0.0] imu_quat_wxyz=[0.9999554857442547, 0.0, 0.009435387112967113, 0.0] status=0x0003
joint_pos=[-3.146900835457233, -13.877898726442009, 20.6942267105505, 6.7339765157560985, -8.719667651240098, 3.70436839576036] joint_vel=[68.986922459253, -103.59872899674227, 175.92575398907974, -21.56284678092941, 49.74076103442015, 4.480152565671864] imu_ang_vel=[0.0, 0.48703583478873197, 0.0] imu_quat_wxyz=[0.9999188568126034, 0.0, 0.012738908531599345, 0.0] status=0x0003
joint_pos=[-1.466274626161531, -16.10806260484682, 24.288042871828978, 6.454610815696123, -7.657439310570355, 3.7454158670173436] joint_vel=[92.26245970293408, -115.43154075103318, 181.51738408753127, -9.984542015969945, 55.323141093466376, 0.7928409068197871] imu_ang_vel=[0.0, 0.7514620607153264, 0.0] imu_quat_wxyz=[0.9998121195149098, 0.0, 0.019383644422650552, 0.0] status=0x0003
joint_pos=[0.49738563936053176, -18.835657057368874, 27.675265246420828, 6.134161656108998, -6.436028377835839, 3.6951972642090793] joint_vel=[101.32286244527755, -147.56544836388184, 162.64493535989996, -19.58560140579338, 64.67120091270087, -4.2933529031851405] imu_ang_vel=[0.0, 0.7314038109999103, 0.0] imu_quat_wxyz=[0.9996340831958805, 0.0, 0.027049948486669518, 0.0] status=0x0003
joint_pos=[2.4162915374994753, -21.838089411963196, 30.706035763068904, 5.53914488977168, -4.982176743863844, 3.5326844569074156] joint_vel=[92.93144311406027, -151.17000259659852, 145.4547928884829, -35.54880546219953, 77.70828434443338, -10.177701088117844] imu_ang_vel=[0.0, 0.5919561438825837, 0.0] imu_quat_wxyz=[0.9994373500614061, 0.0, 0.03354077074597974, 0.0] status=0x0003
joint_pos=[4.211806936676723, -24.720706503346474, 33.29702778793046, 4.709032763906552, -3.1948783285764386, 3.213184571054648] joint_vel=[88.05392434702456, -139.89887666282814, 120.9537167323266, -45.0005442755571, 96.59678107385241, -19.15154144322076] imu_ang_vel=[0.0, 0.565364619748557, 0.0] imu_quat_wxyz=[0.9992332381010136, 0.0, 0.039152724990262316, 0.0] status=0x0003
joint_pos=[5.895186076589864, -27.30726187797499, 35.42431481116164, 3.675350526911456, -0.9640957748719922, 2.692625161268438] joint_vel=[82.0974420557723, -123.21149748545629, 98.5081081256847, -55.58864507629532, 120.7618803518973, -30.064567074402504] imu_ang_vel=[0.0, 0.6021199507180345, 0.0] imu_quat_wxyz=[0.998986766412879, 0.0, 0.04500489453314908, 0.0] status=0x0003
joint_pos=[7.412395407100743, -29.76774359892571, 37.20478098544614, 2.737301497532995, 0.8052687385457451, 2.400686577107325] joint_vel=[67.67956535799676, -125.98160647578456, 83.85784044482565, -27.380001616000627, 25.60530845221931, 15.737993828884871] imu_ang_vel=[0.0, 0.40909540546438183, 0.0] imu_quat_wxyz=[0.9987118006209419, 0.0, 0.050741889011703394, 0.0] status=0x0003
joint_pos=[8.534585989504333, -31.953546975060682, 38.8174720122971, 2.325528667810088, 0.6658985564967597, 3.0434401356557106] joint_vel=[50.70712877402567, -98.88298099780741, 78.87056373463801, -20.751025785630265, -13.723419197635291, 35.98559186405112] imu_ang_vel=[0.0, 0.06955165777143825, 0.0] imu_quat_wxyz=[0.9986317685321867, 0.0, 0.05229331580878256, 0.0] status=0x0003
joint_pos=[9.420273666946052, -33.23646662208375, 40.34514183397031, 1.931264427448985, 0.423598848300283, 3.7497855380519565] joint_vel=[40.92139087581105, -44.595395846595196, 75.04996244747196, -19.443074690665387, -10.300421128115262, 34.77751479896124] imu_ang_vel=[0.0, 0.08341817260617741, 0.0] imu_quat_wxyz=[0.9985999756115623, 0.0, 0.05289696313198918, 0.0] status=0x0003
joint_pos=[10.166020749873608, -33.61893884759839, 41.60490957268773, 1.522857891174544, 0.27911285272831615, 4.4239693215759255] joint_vel=[35.37528222632284, -5.053273637985226, 56.51777769059386, -20.947364658804748, -5.652991728666539, 33.23022931906235] imu_ang_vel=[0.0, 0.11830067219863573, 0.0] imu_quat_wxyz=[0.9985416067703005, 0.0, 0.05398758698614479, 0.0] status=0x0003
joint_pos=[10.827458896798547, -33.46603452001293, 42.342458330416825, 1.0192912852232199, 0.20501051501487283, 5.164819750023863] joint_vel=[30.818440039972785, 16.27049456976432, 26.132777966603424, -26.653148701999527, -2.968322109256332, 29.850245864106032] imu_ang_vel=[0.0, 0.06649046255789572, 0.0] imu_quat_wxyz=[0.9984893422347098, 0.0, 0.05494573180599768, 0.0] status=0x0003
joint_pos=[11.416880986680832, -33.048136411393514, 42.49287091642721, 0.38442995000419994, 0.16909035239724352, 5.75497564646604] joint_vel=[28.72826758445374, 23.4657307228767, -2.0010365438476363, -34.638578798737946, -1.3111207543290264, 29.793303167985123] imu_ang_vel=[0.0, -0.04561841129087326, 0.0] imu_quat_wxyz=[0.9984892113755208, 0.0, 0.0549481097644906, 0.0] status=0x0003
joint_pos=[12.001187095714673, -32.535547097820086, 42.132124278748144, -0.37594410520901916, 0.1534436661514391, 6.349101207591246] joint_vel=[29.458415297603214, 26.849718430806078, -26.59982602722376, -39.99451387680909, -0.5675363531734838, 29.97518063879776] imu_ang_vel=[0.0, -0.1397451274073226, 0.0] imu_quat_wxyz=[0.9985476411544034, 0.0, 0.05387586050335315, 0.0] status=0x0003
joint_pos=[12.638391686567934, -31.945343610917252, 41.3202002342777, -1.1984599484945782, 0.14695766773051094, 7.019508013835448] joint_vel=[32.307754077818075, 32.07838253069122, -48.185402481763596, -41.24363681629398, -0.27699767886401405, 28.342899134028922] imu_ang_vel=[0.0, -0.17699298449514378, 0.0] imu_quat_wxyz=[0.9986362497884116, 0.0, 0.05220766810093398, 0.0] status=0x0003
joint_pos=[13.359399910402601, -31.260069730446627, 40.11158486762686, -2.0137995471655583, 0.14654598542115452, 7.67917881029742] joint_vel=[39.337967693567386, 33.90569723322254, -66.71155363063518, -41.4270872413732, 0.25393218704667203, 46.16447691778421] imu_ang_vel=[0.0, -0.16230469997565447, 0.0] imu_quat_wxyz=[0.9987245943157876, 0.0, 0.05048945146033344, 0.0] status=0x0003
joint_pos=[14.207620121755655, -30.519497265003725, 38.577449825527026, -2.7635793489201945, 0.1465166850114247, 8.238381201828759] joint_vel=[45.29007133721717, 37.13520387897085, -81.76362566320454, -36.22074292444704, 0.07953723488876234, 28.021421326906815] imu_ang_vel=[0.0, -0.107017684749007, 0.0] imu_quat_wxyz=[0.9987894847625907, 0.0, 0.0491890752879008, 0.0] status=0x0003
joint_pos=[15.206529229266327, -29.772268032662744, 36.79397495064859, -3.450644411359079, 0.14963304028933547, 8.877703580733217] joint_vel=[51.54667814259227, 38.455310221466064, -93.16147950048486, -32.872967108655594, 0.05594349509466301, 27.86518807398516] imu_ang_vel=[0.0, -0.04333026300697952, 0.0] imu_quat_wxyz=[0.9988220706772665, 0.0, 0.04852289282367367, 0.0] status=0x0003
joint_pos=[16.331466915853035, -28.985138876489636, 34.841550489039456, -4.0496110138026875, 0.15287099756039793, 9.51763126667253] joint_vel=[57.97632459288542, 40.71722048731095, -99.99958652378983, -28.02717719118178, 0.026180202710943307, 29.397353316655458] imu_ang_vel=[0.0, 0.046546796014348135, 0.0] imu_quat_wxyz=[0.9988180816355587, 0.0, 0.048604935941345316, 0.0] status=0x0003
joint_pos=[17.58472862742796, -28.120044573603, 32.781054801889084, -4.521377944282117, 0.15629309046053197, 10.154647554728822] joint_vel=[64.54882387539865, 45.309581135572834, -104.59746910683087, -20.949317455570178, 0.06988317639878175, 29.650104762220444] imu_ang_vel=[0.0, 0.17139076933285335, 0.0] imu_quat_wxyz=[0.9987595326465638, 0.0, 0.04979353319074022, 0.0] status=0x0003
joint_pos=[18.938294967550707, -27.06251478528475, 30.65285073019589, -4.824892535049086, 0.1590013356389049, 10.801935399449015] joint_vel=[68.7589469600475, 57.60688874515876, -107.31181607493127, -11.792918891926973, 0.03560703287639606, 30.6254058637268] imu_ang_vel=[0.0, 0.3374802120789194, 0.0] imu_quat_wxyz=[0.9986217698588694, 0.0, 0.052483909571785024, 0.0] status=0x0003
joint_pos=[20.30841072285904, -25.58598930889719, 28.526020329587247, -4.908711864507995, 0.1425139004894026, 11.482776538359035] joint_vel=[67.56212076087846, 83.27933034404212, -105.74289787298511, 0.03531576693840367, -0.9793796890625892, 31.97103189108868] imu_ang_vel=[0.0, 0.5496265754541464, 0.0] imu_quat_wxyz=[0.9983667870931843, 0.0, 0.05712931322213264, 0.0] status=0x0003
joint_pos=[21.483346834197217, -23.040792086079957, 26.362293533529126, -4.5949402757888205, -0.022284718868284707, 12.33610369376401] joint_vel=[54.10520554855457, 151.36725494953808, -109.33202738097877, 24.12855321086129, -11.311573541844135, 50.30072788780837] imu_ang_vel=[0.0, 0.8915387878538144, 0.0] imu_quat_wxyz=[0.9979102475484536, 0.0, 0.06461530652859417, 0.0] status=0x0003
joint_pos=[21.66303794964043, -18.458518771951866, 23.82285248976884, -3.4672547533179063, -1.8062475297549472, 14.040454657864345] joint_vel=[-14.47136813265339, 270.85847291796364, -136.17657564064078, 73.04547715039946, -129.73889796001845, 112.93662503357746] imu_ang_vel=[0.0, 0.9140470321654328, 0.0] imu_quat_wxyz=[0.9972520183993134, 0.0, 0.07408381603626676, 0.0] status=0x0003
joint_pos=[21.272193358620772, -16.220117948950822, 18.01829656777446, -1.5476528416332458, -5.869637708280292, 16.184939680452533] joint_vel=[-28.408339888145175, 117.84786259259826, -310.2440607265219, 108.76095406737535, -243.92602610831946, 105.1356948611372] imu_ang_vel=[0.0, 0.4896421954631347, 0.0] imu_quat_wxyz=[0.9967255191753176, 0.0, 0.08085938056090743, 0.0] status=0x0003
joint_pos=[20.37964012282711, -13.888152325928013, 12.591792231539479, 1.002148654113056, -11.809512778346651, 17.493901912065926] joint_vel=[-53.548048984123504, 115.89594928683788, -252.9334481634457, 137.4954616908098, -325.36638841966, 43.973048991544495] imu_ang_vel=[0.0, 0.10533921127468363, 0.0] imu_quat_wxyz=[0.9965253691567656, 0.0, 0.08328978705082725, 0.0] status=0x0003
sim t=    1.02s  x= 0.218m z= 0.528m pitch= 9.38deg action=[-1.0, 1.0, 0.653, 1.0, -0.733, -0.147]
joint_pos=[19.08571107054504, -11.680172139007235, 8.374646061325107, 3.9295914116677113, -18.673575265951943, 17.80643789492721] joint_vel=[-70.98519056335448, 107.96201451174556, -190.19384660536517, 151.02858087757156, -351.82829369398706, 0.7576624638705073] imu_ang_vel=[0.0, -0.18823781736880213, 0.0] imu_quat_wxyz=[0.9965975699278817, 0.0, 0.08242137837867632, 0.0] status=0x0003
joint_pos=[17.550186116386186, -9.761560185581798, 5.377326324626076, 6.8191982694733895, -25.36226862373024, 17.754799619525933] joint_vel=[-80.19930038529267, 90.1677804974275, -129.36153686554394, 140.75064803033342, -323.7951619215225, -4.261057325391183] imu_ang_vel=[0.0, -0.40852402755687334, 0.0] imu_quat_wxyz=[0.9968655952416963, 0.0, 0.07911374737312499, 0.0] status=0x0003
joint_pos=[15.899286601051667, -8.688751684478186, 3.7510968007412244, 9.090781170205524, -31.15398347781832, 17.085307900475577] joint_vel=[-83.9308908461791, 33.959710941455405, -56.159675632574825, 98.35479773546655, -270.1554785197515, -48.9383284087145] imu_ang_vel=[0.0, -0.7860300898601904, 0.0] imu_quat_wxyz=[0.9973395471240598, 0.0, 0.07289600635408804, 0.0] status=0x0003
joint_pos=[14.241375578659062, -8.577937195424209, 3.11637658328069, 10.537389931481338, -35.72209546550758, 15.664073081494045] joint_vel=[-82.38819300103629, -9.820669331578454, -18.885701841915374, 57.80600403024307, -205.0220675736544, -82.69724901522326] imu_ang_vel=[0.0, -1.1094994909499798, 0.0] imu_quat_wxyz=[0.998018095721095, 0.0, 0.0629275822929757, 0.0] status=0x0003
joint_pos=[12.600059852434864, -9.049629242704007, 3.0055966063351125, 11.225861202968545, -38.87275408600377, 14.367653403685265] joint_vel=[-81.76423853945147, -31.157795880266654, 1.3238657051162375, 21.434984939221952, -131.0693009130198, -55.07196570938792] imu_ang_vel=[0.0, -1.2655298246571245, 0.0] imu_quat_wxyz=[0.9987123971233299, 0.0, 0.050730147172781646, 0.0] status=0x0003
joint_pos=[11.068295519695198, -9.679515175128524, 3.0180817140027494, 11.418309110327769, -40.5468092429335, 13.784069115274148] joint_vel=[-73.40109878932638, -31.881834848873837, 0.25542686396338327, 3.2077817405605322, -57.24563401977089, -15.197927367202206] imu_ang_vel=[0.0, -1.1648239848751778, 0.0] imu_quat_wxyz=[0.9992596132114121, 0.0, 0.038473697568327775, 0.0] status=0x0003
joint_pos=[9.70563237286554, -10.20886941611976, 3.6505481315168606, 11.52222174132028, -41.03135908779783, 13.853399681819305] joint_vel=[-65.12620268147171, -22.777435483266366, 43.134196076363324, 6.255338627723825, -6.4947048530642695, 13.565469998332206] imu_ang_vel=[0.0, -0.8600825334737494, 0.0] imu_quat_wxyz=[0.9995919001871215, 0.0, 0.02856629272936501, 0.0] status=0x0003
joint_pos=[8.623323047904107, -10.517550180324946, 4.431682322956182, 11.978097035398244, -41.07187566411448, 14.297687535372317] joint_vel=[-48.08398972896848, -11.459913875821933, 36.884845488829455, 31.869334922136325, 0.40775806499676176, 26.85498039185656] imu_ang_vel=[0.0, -0.49113102970541184, 0.0] imu_quat_wxyz=[0.9997537364259973, 0.0, 0.022191586294304264, 0.0] status=0x0003
joint_pos=[7.809456603700936, -10.62211726478544, 5.1164325162030275, 12.901268054847856, -41.07880705782065, 15.126227179592707] joint_vel=[-36.65839816508995, -1.8627423744760407, 32.730845803162254, 53.93115301925922, -0.6073916519332451, 49.19185135698081] imu_ang_vel=[0.0, -0.17803959871405522, 0.0] imu_quat_wxyz=[0.9998135504703825, 0.0, 0.01930969434786496, 0.0] status=0x0003
joint_pos=[7.209123349351318, -10.611039315223945, 5.740586076664355, 14.179673800975323, -41.01459707811206, 15.976809838764696] joint_vel=[-26.489133955295713, 1.9540609404143092, 30.84548776400511, 69.34915611738454, 5.4769483095669065, 38.94188040849876] imu_ang_vel=[0.0, 0.05855684084272629, 0.0] imu_quat_wxyz=[0.9998184044033187, 0.0, 0.019056710534660053, 0.0] status=0x0003
joint_pos=[6.7394176806177, -10.544820018241994, 6.336181651882243, 15.683761271385043, -40.86862558306896, 16.42810958739368] joint_vel=[-21.990727487283046, 4.167636723855768, 29.814533113760515, 78.3479907764319, 8.398586830961023, 13.79694668051858] imu_ang_vel=[0.0, 0.19354118902065848, 0.0] imu_quat_wxyz=[0.9997882619038492, 0.0, 0.020577447832037937, 0.0] status=0x0003
joint_pos=[6.279144695232328, -10.480844722729241, 6.944390584606961, 17.24139630545299, -40.65011646581979, 16.398606259293068] joint_vel=[-23.711194856545543, 2.743079716062301, 31.288704624970723, 77.5179667873226, 12.361706626629752, -9.306457872438068] imu_ang_vel=[0.0, 0.20009011268417728, 0.0] imu_quat_wxyz=[0.9997430469767771, 0.0, 0.022668039650348366, 0.0] status=0x0003
joint_pos=[5.749243609386254, -10.464959922969499, 7.588487719197181, 18.66490602936937, -40.22377921164992, 15.975080631485863] joint_vel=[-28.19000622575083, -0.030189602819370023, 33.359317106589984, 67.59609994427186, 26.343340880705824, -27.48326617844577] imu_ang_vel=[0.0, 0.12940076248868676, 0.0] imu_quat_wxyz=[0.9997052667454351, 0.0, 0.024277142365576314, 0.0] status=0x0003
joint_pos=[5.078369375106898, -10.466223169295576, 8.254657023511404, 19.784871414362826, -39.39119657413708, 15.19545215776705] joint_vel=[-36.52886284738014, -0.05054741526174904, 34.07834404472202, 49.520610050664544, 50.10446862428907, -45.06696573117559] imu_ang_vel=[0.0, 0.011687136034575185, 0.0] imu_quat_wxyz=[0.9996905008431529, 0.0, 0.024877751585825343, 0.0] status=0x0003
joint_pos=[4.19963092241899, -10.387321447087999, 8.996761472746384, 20.517375936770293, -38.043177349469815, 14.095154381720878] joint_vel=[-46.311767235047654, 3.0737875193237385, 32.88824342548199, 28.148187380131162, 77.99931165002292, -60.29698193055898] imu_ang_vel=[0.0, -0.0880324519365053, 0.0] imu_quat_wxyz=[0.9997055966208824, 0.0, 0.024263554663021204, 0.0] status=0x0003
joint_pos=[3.136459239096245, -10.233266446059984, 9.572365425611503, 20.794202042801917, -36.1350662243649, 12.783521988311302] joint_vel=[-57.13065720555821, 10.585517632913849, 28.185703106626217, 6.052907825403856, 104.88468593892935, -68.31722668476961] imu_ang_vel=[0.0, -0.24129536381765157, 0.0] imu_quat_wxyz=[0.9997511341270514, 0.0, 0.022308514331401588, 0.0] status=0x0003
joint_pos=[1.8417632320137027, -9.814757731791147, 10.101208086778728, 20.657579229396216, -33.699743208773484, 11.424990213623795] joint_vel=[-67.74492340197882, 24.85622573305484, 20.830355342238494, -14.827022445807907, 131.4222129256284, -67.64703368449356] imu_ang_vel=[0.0, -0.3124996925234897, 0.0] imu_quat_wxyz=[0.9998106563723951, 0.0, 0.019458967192543107, 0.0] status=0x0003
joint_pos=[0.3413933560056022, -9.097411278687943, 10.542419348960847, 20.14018573588476, -30.836600086021665, 10.033424676247803] joint_vel=[-79.47650146221797, 43.15140457468083, 25.112025819989082, -31.554615165135207, 149.15885906519617, -70.52117816889685] imu_ang_vel=[0.0, -0.35228508958034394, 0.0] imu_quat_wxyz=[0.9998700061239351, 0.0, 0.016123611683556704, 0.0] status=0x0003
joint_pos=[-1.2647629783356855, -8.214125520352491, 10.84001150420914, 19.286858335168915, -27.711998252313457, 8.563454807432391] joint_vel=[-81.25737046705366, 45.92050352670862, 11.395482477057167, -48.44096496467963, 159.59165095360092, -75.0068541005926] imu_ang_vel=[0.0, -0.3441559827728908, 0.0] imu_quat_wxyz=[0.9999204481760836, 0.0, 0.01261337858546182, 0.0] status=0x0003
joint_pos=[-2.928733872266444, -7.242007346981274, 11.100689194663547, 18.12982365005146, -24.480685601499285, 7.042975588707017] joint_vel=[-83.48940411819962, 49.035039061134995, 10.077018870609933, -63.74049114015362, 162.59531028993104, -76.50809299727881] imu_ang_vel=[0.0, -0.3586854299046804, 0.0] imu_quat_wxyz=[0.9999589959208445, 0.0, 0.009055742762282364, 0.0] status=0x0003
joint_pos=[-4.550769165356642, -6.343499492660751, 11.486369901688663, 16.709177083336023, -21.278626207452163, 5.534306067221973] joint_vel=[-80.17272012835338, 43.741449986297816, 26.338368217518905, -74.77609314946893, 158.1517627371103, -74.790629088159] imu_ang_vel=[0.0, -0.33011591205193724, 0.0] imu_quat_wxyz=[0.9999839804376798, 0.0, 0.005660288686466036, 0.0] status=0x0003
joint_pos=[-5.914526585250461, -5.906841615029974, 12.093843121654704, 15.06036350164207, -18.255424266746395, 4.239694366195355] joint_vel=[-61.80320360054841, 10.234082940163017, 33.89692543957116, -86.70242535051219, 146.84921248663366, -59.3091210731888] imu_ang_vel=[0.0, -0.25722491457610736, 0.0] imu_quat_wxyz=[0.9999961362721805, 0.0, 0.0027798274605609556, 0.0] status=0x0003
joint_pos=[-6.851354353559766, -6.282158577853385, 13.19487453878282, 13.213635452959695, -15.522545325084744, 3.534843278099252] joint_vel=[-40.29970120358567, -31.374684298416877, 74.7077196638297, -93.97413361183035, 129.87490319018423, -22.339649148322533] imu_ang_vel=[0.0, -0.20618844374143086, 0.0] imu_quat_wxyz=[0.9999998945757539, 0.0, 0.00045918240514026106, 0.0] status=0x0003
joint_pos=[-7.120609431035156, -7.752309210662296, 14.853951357350454, 11.246244680961256, -12.996909292788445, 3.6721374513808938] joint_vel=[-0.2961298446365417, -93.68876787996837, 94.47313466975409, -99.59138908985565, 123.19605351845121, 22.48249958721399] imu_ang_vel=[0.0, -0.012144954158116067, 0.0] imu_quat_wxyz=[0.999999888956102, 0.0, -0.00047126190544170967, 0.0] status=0x0003
joint_pos=[-6.671536866228067, -10.291722172708077, 17.159394101219036, 9.438065296235475, -10.789984760841072, 4.089018611248901] joint_vel=[25.28430756710255, -136.4860221824524, 120.39144831267183, -57.95961737380117, 45.81776152110058, -57.53287034847468] imu_ang_vel=[0.0, 0.28528204945127, 0.0] imu_quat_wxyz=[0.9999993129047378, 0.0, 0.0011722585262505638, 0.0] status=0x0003
joint_pos=[-5.902492861160654, -13.119601676784827, 19.841925342044494, 8.486750809406502, -10.010185477814288, 2.7575807726535158] joint_vel=[46.0234814354879, -143.68021626511842, 141.435802123487, -43.197639908786364, 37.12875238352356, -69.05435689545502] imu_ang_vel=[0.0, 0.04205096109156248, 0.0] imu_quat_wxyz=[0.9999992570278049, 0.0, 0.001218992960716917, 0.0] status=0x0003
joint_pos=[-4.711044706753821, -15.573941789113272, 23.107545020688626, 7.894432162054961, -9.346620361738077, 2.022737120823739] joint_vel=[69.27213527095057, -109.2709576582308, 174.4550794163151, -23.651342850402454, 29.922122868540647, 15.663959082140114] imu_ang_vel=[0.0, 0.35134318453715624, 0.0] imu_quat_wxyz=[0.9999944538509473, 0.0, 0.0033305055690616, 0.0] status=0x0003
joint_pos=[-3.0809352069607483, -17.646210620649292, 26.62142192269348, 7.567580947276299, -8.707593701453481, 2.4456995906638417] joint_vel=[87.97002162937704, -100.20280054043617, 176.25352261825253, -12.192997393761432, 33.60429803541704, 20.21276430281396] imu_ang_vel=[0.0, 0.6470133270759918, 0.0] imu_quat_wxyz=[0.9999600572891131, 0.0, 0.008937775246322437, 0.0] status=0x0003
joint_pos=[-1.3114728965459759, -19.727891175252104, 29.788926654245962, 7.222973344158339, -7.964346594102479, 2.785589088347836] joint_vel=[88.7043449386725, -105.92824989891511, 148.65251071923336, -20.193969634706196, 39.34356279349746, 15.716286546628684] imu_ang_vel=[0.0, 0.6205844977110253, 0.0] imu_quat_wxyz=[0.9998795709993568, 0.0, 0.015519133292238857, 0.0] status=0x0003
joint_pos=[0.3987516135435353, -21.814427916703018, 32.567663863958494, 6.672241945222834, -7.055336491582447, 3.0328998896969797] joint_vel=[83.71493723752411, -103.15222085859303, 133.61889701184003, -31.7401652011979, 49.161864904269926, 10.635705965555221] imu_ang_vel=[0.0, 0.510096200585041, 0.0] imu_quat_wxyz=[0.9997784679199578, 0.0, 0.021047923499048007, 0.0] status=0x0003
joint_pos=[2.02389921240866, -23.709783008051627, 34.99372231202798, 5.934147924484886, -5.885386552589387, 3.1426933844482035] joint_vel=[79.91754130665984, -89.85807752633075, 114.62950443440002, -39.92804458659531, 64.16000912438074, 2.861590594261164] imu_ang_vel=[0.0, 0.47587773298946257, 0.0] imu_quat_wxyz=[0.9996659613759409, 0.0, 0.025845031753043, 0.0] status=0x0003
joint_pos=[3.5916596291966045, -25.38919478474271, 36.94502781884205, 5.018013964403227, -4.364860934789591, 3.0791497774300405] joint_vel=[77.56405730537158, -80.4863753695779, 88.37134655564165, -49.246369111128246, 83.24138826670897, -6.508906732650487] imu_ang_vel=[0.0, 0.4798238390291557, 0.0] imu_quat_wxyz=[0.9995313125422635, 0.0, 0.03061299148303104, 0.0] status=0x0003
joint_pos=[5.123279523343421, -26.996049970895033, 38.411319344811886, 3.8728396858638225, -2.413990127396153, 2.8111156989999495] joint_vel=[76.06550197508774, -80.06799068146948, 65.21167285405846, -61.9244997370614, 106.2858663268313, -17.39338444567311] imu_ang_vel=[0.0, 0.47342866170163594, 0.0] imu_quat_wxyz=[0.9993736175703603, 0.0, 0.03538887543185545, 0.0] status=0x0003
joint_pos=[6.6491424503570835, -28.65948482523996, 39.477591822437425, 2.4567751071477493, 0.05590061611149119, 2.299485180487161] joint_vel=[76.47679695243052, -84.71526468948271, 46.9228447977471, -76.01167155174632, 134.0635842353353, -30.387054717810003] imu_ang_vel=[0.0, 0.47892385212118055, 0.0] imu_quat_wxyz=[0.9991940745984087, 0.0, 0.04013977189060346, 0.0] status=0x0003
joint_pos=[7.945710703841746, -30.619649665606552, 40.20771230849495, 1.5838420253398187, 0.5920962702058433, 2.7125565725516805] joint_vel=[60.847890642989746, -102.43618643897135, 30.806147692657635, -36.603746187491005, -1.3352680248586637, 35.02184654539807] imu_ang_vel=[0.0, 0.02385972670048003, 0.0] imu_quat_wxyz=[0.999102945944028, 0.0, 0.04234741321455824, 0.0] status=0x0003
joint_pos=[8.990233266548232, -32.055285680975594, 40.91526818112555, 0.907027324494405, 0.4209237462340335, 3.488467407434941] joint_vel=[47.79120274423563, -54.31039644225988, 37.84932073181784, -33.455111551367686, -9.221015150111624, 39.64415972673425] imu_ang_vel=[0.0, -0.0467768386351525, 0.0] imu_quat_wxyz=[0.9991222401163165, 0.0, 0.04188972791692203, 0.0] status=0x0003
joint_pos=[9.918622770419688, -32.57673994667872, 41.4874251752752, 0.3146426016239524, 0.2805657568316929, 4.254744309671262] joint_vel=[45.694112770546894, -10.207820559462748, 23.6770950621685, -27.56040920094205, -5.669288931184188, 37.89893066198327] imu_ang_vel=[0.0, 0.06347301378388819, 0.0] imu_quat_wxyz=[0.9991171014630539, 0.0, 0.04201211211145733, 0.0] status=0x0003
joint_pos=[10.804928961041977, -32.47872138294709, 41.711388201017684, -0.2729301360051634, 0.20603722900778393, 5.117153313035432] joint_vel=[45.04081187749982, 11.231645039800535, 4.831400907229546, -31.551177030133754, -2.5372566482024896, 59.69484935467712] imu_ang_vel=[0.0, 0.09418879072908873, 0.0] imu_quat_wxyz=[0.9990767997451986, 0.0, 0.04295984416745995, 0.0] status=0x0003
joint_pos=[11.648789894737169, -32.04445752971636, 41.49771086820753, -0.9047879506819824, 0.16809272754567478, 5.8111618747758005] joint_vel=[42.078666121672654, 25.350548797658224, -18.659315607656975, -32.83960677729757, -1.3295895304744398, 34.318513165658025] imu_ang_vel=[0.0, 0.05808946600229013, 0.0] imu_quat_wxyz=[0.9990431807038116, 0.0, 0.04373468976923491, 0.0] status=0x0003
joint_pos=[12.491691869336142, -31.481937759618702, 40.798769334762625, -1.6204253809913418, 0.15355821101921155, 6.500313924234834] joint_vel=[42.12274718135039, 29.681780914906334, -43.62637583631277, -37.49034879533094, -0.5005908215485534, 34.871175160955616] imu_ang_vel=[0.0, -0.006201627906447862, 0.0] imu_quat_wxyz=[0.9990343101535012, 0.0, 0.04393685396245314, 0.0] status=0x0003
joint_pos=[13.372753771118523, -30.85488064245224, 39.6428648479249, -2.3904956389661236, 0.14827237363843745, 7.277210788561992] joint_vel=[44.08278242117688, 33.456354091161614, -65.47037415174675, -38.51176214872896, -0.2934310806608706, 33.68858741116045] imu_ang_vel=[0.0, -0.03341329841805168, 0.0] imu_quat_wxyz=[0.9990462027543018, 0.0, 0.0436656015899292, 0.0] status=0x0003
joint_pos=[14.330853113152097, -30.162873403737862, 38.10078270328982, -3.140690852759596, 0.14872777316095254, 8.032231821262208] joint_vel=[51.18314734626787, 33.82104206083522, -83.06952433244498, -37.803365640414675, 0.29569768785437683, 50.01483025763406] imu_ang_vel=[0.0, -0.007539559277729228, 0.0] imu_quat_wxyz=[0.9990559995148763, 0.0, 0.04344087744661057, 0.0] status=0x0003
joint_pos=[15.422801212304279, -29.433157519857602, 36.22650647854088, -3.800362622499308, 0.1505488376873832, 8.69643231562295] joint_vel=[57.598850065854315, 36.51394290467937, -99.13097800703888, -31.13127538983644, 0.1607122384283879, 33.34787130506502] imu_ang_vel=[0.0, 0.07247816845241603, 0.0] imu_quat_wxyz=[0.999039136552076, 0.0, 0.043826973854948846, 0.0] status=0x0003
joint_pos=[16.66097055599025, -28.647994341048612, 34.108964886970845, -4.354233198049873, 0.15465048832829123, 9.428642611636159] joint_vel=[63.48835077376978, 41.45452676360196, -109.44674426322149, -25.450784485463895, 0.15084566953436293, 33.460737016021035] imu_ang_vel=[0.0, 0.17347212462024228, 0.0] imu_quat_wxyz=[0.9989789725576244, 0.0, 0.04517756509278912, 0.0] status=0x0003
joint_pos=[18.000847966125164, -27.68621151481263, 31.87538178790308, -4.759194435102674, 0.1574722065753337, 10.165279799337776] joint_vel=[68.1690961214551, 52.35328700207224, -112.80981991775415, -17.03970583265345, 0.08647020535830519, 34.16388430583218] imu_ang_vel=[0.0, 0.31858026778465937, 0.0] imu_quat_wxyz=[0.9988582301244203, 0.0, 0.04777275492067155, 0.0] status=0x0003
joint_pos=[19.411762189284634, -26.38291150223811, 29.61993223837377, -4.955065266442369, 0.15502229058450376, 10.972139160058473] joint_vel=[72.06773181476572, 71.94430514039068, -112.59462610742474, -5.946254095170995, -0.05623548730777087, 46.01498301240389] imu_ang_vel=[0.0, 0.5262096269554831, 0.0] imu_quat_wxyz=[0.998636985319684, 0.0, 0.05219359684495032, 0.0] status=0x0003
joint_pos=[20.765757002888204, -24.3642098054115, 27.378288774842723, -4.839444647421278, 0.11598063850236745, 11.76754090576979] joint_vel=[65.58586412807693, 116.64973580134132, -111.63772899957213, 11.930174945595596, -2.173259360182694, 38.55880669061485] imu_ang_vel=[0.0, 0.8188110757155338, 0.0] imu_quat_wxyz=[0.9982473982904572, 0.0, 0.059178812140269176, 0.0] status=0x0003
joint_pos=[21.59644755010059, -20.669080526707077, 24.944828787248202, -3.822545720153765, -1.1724516252822017, 13.256541824376253] joint_vel=[28.09393477751836, 222.28986628211723, -126.88928219806165, 72.25143960481178, -98.54603519114777, 95.767259319101] imu_ang_vel=[0.0, 1.094908319813438, 0.0] imu_quat_wxyz=[0.9976079209654122, 0.0, 0.06912623255369853, 0.0] status=0x0003
joint_pos=[21.575312148741343, -16.969822020812256, 20.63722329362111, -1.87385231328782, -4.643554687025468, 15.795798262274324] joint_vel=[-7.10902732647576, 106.57517509303739, -297.2083063212408, 109.77711622128002, -215.06696945382365, 127.72027015970669] imu_ang_vel=[0.0, 0.8604950720297695, 0.0] imu_quat_wxyz=[0.99682232505512, 0.0, 0.07965709178538102, 0.0] status=0x0003
joint_pos=[21.0431651899292, -14.692235579558567, 15.031711071173515, 0.6994836752170431, -10.104551022708707, 17.440710463356666] joint_vel=[-37.53926390053871, 118.15274903324082, -273.2351950782552, 138.83390241336554, -304.31316153547, 57.66076700181554] imu_ang_vel=[0.0, 0.42928529290574363, 0.0] imu_quat_wxyz=[0.9963404246603915, 0.0, 0.08547372805459356, 0.0] status=0x0003
sim t=    2.02s  x= 0.492m z= 0.528m pitch= 10.01deg action=[-1.0, 1.0, 0.451, 1.0, -1.0, -0.141]
joint_pos=[19.982672384738855, -12.36292322806007, 10.243791857807203, 3.7420552615715996, -17.006919045964203, 18.004425236646764] joint_vel=[-61.63107508670432, 115.84123051062551, -223.40778550847557, 159.11173505628895, -366.4224155385622, 12.26684878449387] imu_ang_vel=[0.0, 0.051850062974000494, 0.0] imu_quat_wxyz=[0.9961761283628888, 0.0, 0.08736773592079153, 0.0] status=0x0003
joint_pos=[18.54033318808564, -10.120842182570275, 6.5192931749776974, 6.984346780550768, -24.374414127523, 18.189628034717465] joint_vel=[-78.12675029025071, 110.8830038644743, -167.84781469193052, 163.60338329597977, -368.12300563979215, 7.68547717454892] imu_ang_vel=[0.0, -0.21133894757197882, 0.0] imu_quat_wxyz=[0.9962843986392027, 0.0, 0.08612431148126698, 0.0] status=0x0003
joint_pos=[16.856338666932537, -8.603666827292189, 4.217009228899136, 9.693749785290024, -31.05044939706781, 18.028194205500874] joint_vel=[-87.65596045203317, 57.08470376303741, -87.65476340967052, 119.75059375286675, -314.1456232564359, -16.350124974768228] imu_ang_vel=[0.0, -0.641944028599753, 0.0] imu_quat_wxyz=[0.9966675506128014, 0.0, 0.08157078861626203, 0.0] status=0x0003
joint_pos=[15.136303191979078, -8.193906326533591, 3.0482221460740733, 11.450279084600814, -36.317128953449256, 16.834069515334438] joint_vel=[-85.15097706888427, 0.6086757048866762, -43.203323229958485, 70.05371541023054, -234.9924545488745, -82.68263942204001] imu_ang_vel=[0.0, -1.0456628761456765, 0.0] imu_quat_wxyz=[0.9973630655753344, 0.0, 0.07257351738872302, 0.0] status=0x0003
joint_pos=[13.428135989208695, -8.636546412761374, 2.5412250480998817, 12.251538186164481, -39.98159230552799, 15.114241856456568] joint_vel=[-85.41211697276535, -34.7976543338348, -15.888853819538786, 23.38061118563075, -154.45121863481444, -87.54534986268034] imu_ang_vel=[0.0, -1.3223259246238235, 0.0] imu_quat_wxyz=[0.9981796167363673, 0.0, 0.060311298543795085, 0.0] status=0x0003
joint_pos=[11.729526449059454, -9.399747551526069, 2.803133316684272, 12.361428709292115, -41.98426290598645, 13.890130878095194] joint_vel=[-90.18875481177776, -33.31698885001735, 84.24936084145153, -0.20230509416334178, -68.407166585098, -46.96880580148775] imu_ang_vel=[0.0, -1.338728361271556, 0.0] imu_quat_wxyz=[0.9989070951492893, 0.0, 0.04673986799733848, 0.0] status=0x0003
joint_pos=[10.265232375062816, -10.208557931154735, 3.860576484964498, 12.30213633124563, -42.56654599542262, 13.590402758977543] joint_vel=[-68.13697894127503, -36.44173221357325, 50.694058899551386, -2.2712521332071147, -9.784466353009519, 1.9247925989785974] imu_ang_vel=[0.0, -1.0019776589851155, 0.0] imu_quat_wxyz=[0.9993673811668286, 0.0, 0.035564553417058956, 0.0] status=0x0003
joint_pos=[9.01723107342812, -10.704119654266686, 4.770244073662692, 12.447096397177278, -42.48772975096233, 14.143682199988836] joint_vel=[-59.130701274755914, -18.54458374566528, 42.54876764528159, 12.421330479578902, 11.805271490000885, 41.438760053585575] imu_ang_vel=[0.0, -0.6804928119585435, 0.0] imu_quat_wxyz=[0.9996195723696485, 0.0, 0.027580981409681418, 0.0] status=0x0003
joint_pos=[8.034107013955134, -10.867046404214431, 5.51039161184519, 13.047406240379745, -42.12522391017204, 15.159130216124682] joint_vel=[-43.65909634666316, -2.562709081481595, 34.11168412223104, 39.652193699291225, 21.821277311219465, 55.737405582458535] imu_ang_vel=[0.0, -0.3008421725366796, 0.0] imu_quat_wxyz=[0.9997339626730511, 0.0, 0.023065209256330547, 0.0] status=0x0003
joint_pos=[7.333640577988272, -10.817293565229702, 6.132403297786093, 14.152552787082856, -41.6851584768297, 16.212709730838597] joint_vel=[-30.40707550668152, 5.36992181685169, 29.643078315305495, 63.788934020621774, 22.240707984328385, 51.00207457297811] imu_ang_vel=[0.0, 0.015492535413636889, 0.0] imu_quat_wxyz=[0.9997554941002984, 0.0, 0.02211225941119755, 0.0] status=0x0003
joint_pos=[6.805249404030022, -10.64765780227198, 6.698105545317422, 15.616197134647242, -41.24961191014754, 16.922711718846305] joint_vel=[-24.368109605218905, 10.325395478287819, 27.686540873662192, 78.26731172009475, 21.578589835602514, 27.18287720719926] imu_ang_vel=[0.0, 0.20366136177954006, 0.0] imu_quat_wxyz=[0.9997226060523635, 0.0, 0.023552302390015833, 0.0] status=0x0003
joint_pos=[6.35123626020315, -10.457270020647755, 7.255955722294416, 17.2518894645121, -40.810573848089774, 17.050167689055385] joint_vel=[-21.952239043817674, 9.214895301853403, 28.538849950125883, 83.61283649338569, 22.176254696575302, -4.311414528650326] imu_ang_vel=[0.0, 0.2744326496476054, 0.0] imu_quat_wxyz=[0.9996587248827548, 0.0, 0.026123433269476703, 0.0] status=0x0003
joint_pos=[5.852514253502448, -10.316068471119076, 7.845784742373655, 18.822609321587315, -40.26265392340885, 16.633410873952517] joint_vel=[-26.713894742214062, 5.970489246289852, 30.73338130222873, 75.63415712996208, 30.296723802258043, -29.64210517917819] imu_ang_vel=[0.0, 0.21289584865764957, 0.0] imu_quat_wxyz=[0.9995908780582963, 0.0, 0.028602036686995125, 0.0] status=0x0003
joint_pos=[5.210015764199404, -10.239465399066049, 8.476010048216258, 20.10597047163022, -39.409047539014985, 15.751336142054958] joint_vel=[-35.18447288251905, 2.709400529371027, 32.81251986751418, 57.75247661663606, 49.53435139222929, -51.77392786318014] imu_ang_vel=[0.0, 0.06788518554294366, 0.0] imu_quat_wxyz=[0.9995533370347921, 0.0, 0.02988522080579703, 0.0] status=0x0003
joint_pos=[4.334323455652465, -10.1239667903602, 9.18435511150803, 20.96522797203056, -38.07729192503636, 14.518490377901907] joint_vel=[-46.77103633160075, 4.479955041793803, 30.518272246165637, 33.42764956617984, 76.90846635756743, -66.87383438945965] imu_ang_vel=[0.0, -0.10346026507881742, 0.0] imu_quat_wxyz=[0.9995625401115512, 0.0, 0.02957580777837928, 0.0] status=0x0003
joint_pos=[3.213258900774751, -9.897830804027251, 9.80719744855532, 21.322210313658047, -36.17099756800541, 13.053248199879935] joint_vel=[-62.97025552484906, 18.444169544792956, 40.07228295383808, 10.625751500975548, 104.5494301577868, -76.54861615188146] imu_ang_vel=[0.0, -0.2601759843871062, 0.0] imu_quat_wxyz=[0.9996209428476271, 0.0, 0.027531266233518245, 0.0] status=0x0003
joint_pos=[1.8596712071515842, -9.47453984569288, 10.317995813009881, 21.20462466601461, -33.72385910156164, 11.49257058921132] joint_vel=[-73.37109604042139, 28.452542493350894, 31.819381966970656, -12.582018308398803, 130.56373012843366, -78.67539926918862] imu_ang_vel=[0.0, -0.3663428259381398, 0.0] imu_quat_wxyz=[0.9997050948384409, 0.0, 0.024284220268805133, 0.0] status=0x0003
joint_pos=[0.29838571441272943, -8.839460219799834, 10.738691860716164, 20.646718092880736, -30.854470905699973, 9.945460447948806] joint_vel=[-81.01664420641207, 34.51981912940991, 17.038421771965993, -36.07044965365942, 150.1710936631068, -76.55378769520252] imu_ang_vel=[0.0, -0.4268082256453838, 0.0] imu_quat_wxyz=[0.9997956263901014, 0.0, 0.020216464854785485, 0.0] status=0x0003
joint_pos=[-1.4045929597174993, -8.024349292412703, 11.078343560461478, 19.705353627227804, -27.703219598008364, 8.360304791154453] joint_vel=[-86.5528354801918, 42.99446275376945, 12.928468995070798, -53.863345119982775, 161.67281390310552, -80.63223653685353] imu_ang_vel=[0.0, -0.466692775059317, 0.0] imu_quat_wxyz=[0.9998779344545995, 0.0, 0.015624218086152941, 0.0] status=0x0003
joint_pos=[-3.1548114467061876, -7.077903285569198, 11.42804454283028, 18.481588107990397, -24.437918440466333, 6.713989095042002] joint_vel=[-88.43226858621351, 50.84861142455349, 22.039193372406586, -64.89957035300465, 163.57441482572514, -83.13197023294188] imu_ang_vel=[0.0, -0.4265168251679939, 0.0] imu_quat_wxyz=[0.9999373514405625, 0.0, 0.011193444243527558, 0.0] status=0x0003
joint_pos=[-4.796625101151233, -6.2162219423844975, 11.777240301318898, 17.02931456503845, -21.21305189492408, 5.145067106591766] joint_vel=[-79.06230818074262, 39.94445150830111, 17.114968141431163, -76.57355805272482, 159.35910333570698, -75.86870856575992] imu_ang_vel=[0.0, -0.3347148038936515, 0.0] imu_quat_wxyz=[0.9999720827122701, 0.0, 0.007472201555419864, 0.0] status=0x0003
joint_pos=[-6.21436941234833, -5.780113185634297, 12.396290785180984, 15.331094029946842, -18.169790416161025, 3.965924427756282] joint_vel=[-65.46313545972862, 10.29248832566698, 34.12540254650087, -90.53808251734893, 148.18392541917856, -49.89095099479721] imu_ang_vel=[0.0, -0.3140344754518163, 0.0] imu_quat_wxyz=[0.9999907297491306, 0.0, 0.004305858311782138, 0.0] status=0x0003
joint_pos=[-7.192119294005318, -6.15893012798194, 13.506505310739389, 13.442345219324103, -15.428099141001832, 3.4389611510135967] joint_vel=[-38.54284805060771, -37.28067060767397, 61.774770044302514, -97.98373185827677, 131.0624594539715, -13.780056979301198] imu_ang_vel=[0.0, -0.22459321432324797, 0.0] imu_quat_wxyz=[0.9999985561879905, 0.0, 0.0016993004250192114, 0.0] status=0x0003
joint_pos=[-7.496910609542188, -7.588400036199528, 15.26357145750721, 11.47484912005195, -12.910373909003274, 3.7165633248829435] joint_vel=[-4.42345433745641, -86.24014269710118, 110.59635940248374, -96.94071621871434, 121.85096212059314, 28.67530908681354] imu_ang_vel=[0.0, -0.007623297783713699, 0.0] imu_quat_wxyz=[0.9999997599962213, 0.0, 0.0006928257355434823, 0.0] status=0x0003
joint_pos=[-7.00813914195095, -10.178574533416514, 17.589920962591208, 9.698437772160855, -10.74425906139788, 4.158244845753692] joint_vel=[28.502396942843113, -140.4816360697574, 120.55391390386762, -53.34758665606525, 40.29106631034386, -62.64363741462794] imu_ang_vel=[0.0, 0.32083415696702444, 0.0] imu_quat_wxyz=[0.9999965572200509, 0.0, 0.002624032782877536, 0.0] status=0x0003
joint_pos=[-6.14659015993562, -13.15001422369251, 20.21321920260823, 8.784702818637081, -9.988292983124095, 2.7514629521237874] joint_vel=[51.32025185115085, -152.57728760971693, 136.77608152045102, -42.51228137308618, 37.863366297613695, -72.87019340220425] imu_ang_vel=[0.0, 0.05729649380071311, 0.0] imu_quat_wxyz=[0.9999959727079878, 0.0, 0.002838057047594079, 0.0] status=0x0003
joint_pos=[-4.905420298696198, -15.748706237134128, 23.45382809308481, 8.154876921953413, -9.309823365826064, 1.9906786299367778] joint_vel=[70.10166982228549, -115.6678735226334, 175.06783669571615, -26.84929784963931, 30.849125466530474, 12.943795789607416] imu_ang_vel=[0.0, 0.32275366660710314, 0.0] imu_quat_wxyz=[0.9999881440640513, 0.0, 0.004869469307243811, 0.0] status=0x0003
joint_pos=[-3.2401149228911605, -17.918140543595605, 26.931089988483077, 7.7900230255411875, -8.648911758852059, 2.360476623383861] joint_vel=[90.25259396670779, -104.18584547941995, 173.12145747122543, -13.396079904397055, 34.75631230666048, 17.723147578769034] imu_ang_vel=[0.0, 0.6292678843364389, 0.0] imu_quat_wxyz=[0.9999482482596999, 0.0, 0.010173534408336312, 0.0] status=0x0003
joint_pos=[-1.452300003255644, -19.989411991863644, 30.073934549961265, 7.423591183179073, -7.887246401575322, 2.674880500498231] joint_vel=[88.86940621729134, -102.92156361509501, 148.44967813244972, -21.187677445402333, 40.14092982759565, 14.810620979225993] imu_ang_vel=[0.0, 0.6150880569864395, 0.0] imu_quat_wxyz=[0.9998609211439056, 0.0, 0.016677480902718703, 0.0] status=0x0003
joint_pos=[0.2741308980814844, -22.012326773038993, 32.875026517356574, 6.86563641403712, -6.96898992581242, 2.9122439882110562] joint_vel=[84.88087524239778, -99.86994942727979, 135.44180494745095, -31.752574555404955, 49.43187068926296, 10.339086205473267] imu_ang_vel=[0.0, 0.5155045795098308, 0.0] imu_quat_wxyz=[0.9997532382866213, 0.0, 0.02221401664297184, 0.0] status=0x0003
joint_pos=[1.9224321791161576, -23.846697865496118, 35.346460702104636, 6.125020070072207, -5.800133851987299, 3.022616782606205] joint_vel=[81.06851372483028, -86.93963912336004, 117.13315128731827, -40.11784498144136, 63.91507733105225, 3.0597549265370056] imu_ang_vel=[0.0, 0.47860710149020774, 0.0] imu_quat_wxyz=[0.9996336800605804, 0.0, 0.027064842296626014, 0.0] status=0x0003
joint_pos=[3.514979705213709, -25.47763699304943, 37.350740928384326, 5.202725356951071, -4.289045297074136, 2.966356479067697] joint_vel=[78.84889390122434, -78.3375828767485, 91.09344275661698, -49.62379217879572, 82.6347868495345, -6.0393361689750025] imu_ang_vel=[0.0, 0.4758374463232138, 0.0] imu_quat_wxyz=[0.9994936925772046, 0.0, 0.03181758159232881, 0.0] status=0x0003
joint_pos=[5.069448517057075, -27.04549252141575, 38.854296958360344, 4.046946934457137, -2.3555943426541894, 2.7109833432279786] joint_vel=[77.12418863374545, -78.2313497777055, 66.61269402913773, -62.54037059573498, 105.25737353373646, -16.653413559064138] imu_ang_vel=[0.0, 0.46184828875359385, 0.0] imu_quat_wxyz=[0.9993333936705474, 0.0, 0.03650709923982906, 0.0] status=0x0003
joint_pos=[6.614980353190227, -28.673949241794293, 39.93423100143034, 2.6184202523830713, 0.08872977213426621, 2.216837281644268] joint_vel=[77.41182279708283, -83.01632930069607, 47.22066406241954, -76.6382506413926, 132.63462143219996, -29.422188653455176] imu_ang_vel=[0.0, 0.4625172028960189, 0.0] imu_quat_wxyz=[0.9991546852807296, 0.0, 0.04110857430714663, 0.0] status=0x0003
joint_pos=[7.929260784386433, -30.598967910512346, 40.66171352245512, 1.728303428646477, 0.6076536171734058, 2.6444161217590425] joint_vel=[61.705735168091636, -100.66288946748264, 30.442909670793693, -37.56282539207775, -1.9613090918808354, 35.64500429148639] imu_ang_vel=[0.0, 0.00784815578444123, 0.0] imu_quat_wxyz=[0.9990685989559539, 0.0, 0.043150139978768785, 0.0] status=0x0003
joint_pos=[8.993557328655038, -32.00523553175606, 41.352031827984845, 1.03272216885919, 0.4282596709268725, 3.4306404362999614] joint_vel=[48.84336987588658, -53.013539383667016, 36.71970996777354, -34.37389890627309, -9.53305636786556, 40.11831997550647] imu_ang_vel=[0.0, -0.05995559015701888, 0.0] imu_quat_wxyz=[0.9990944180893623, 0.0, 0.042548134420661375, 0.0] status=0x0003
joint_pos=[9.94322120281161, -32.505927507215404, 41.89302555002306, 0.4223495937668056, 0.2837178026602588, 4.20554526046597] joint_vel=[46.75562937966219, -9.315859343742284, 21.889732591783783, -28.44406364023741, -5.8295544551821825, 38.31604626056734] imu_ang_vel=[0.0, 0.05261898582823081, 0.0] imu_quat_wxyz=[0.9990941537120454, 0.0, 0.04255434194546819, 0.0] status=0x0003
joint_pos=[10.85101270553884, -32.39620191770675, 42.074264491957905, -0.18153422950040138, 0.20707350413199097, 5.075801025888477] joint_vel=[46.10854403563759, 11.639403551277786, 2.8536082266482587, -32.32877839987596, -2.617088722335305, 60.11725269051239] imu_ang_vel=[0.0, 0.08577095134868584, 0.0] imu_quat_wxyz=[0.9990574136414516, 0.0, 0.04340834306966066, 0.0] status=0x0003
joint_pos=[11.715555392389723, -31.95901794023423, 41.81239969827038, -0.8276539328148157, 0.16810656962712336, 5.776867677880455] joint_vel=[43.08609225842065, 25.349423646926354, -21.294239586219156, -33.518470334330196, -1.3674321554820033, 34.672149967106186] imu_ang_vel=[0.0, 0.05181235836519714, 0.0] imu_quat_wxyz=[0.9990265392576753, 0.0, 0.0441131937047471, 0.0] status=0x0003
joint_pos=[12.577523218816076, -31.401997734665354, 41.05509059699881, -1.5560832721986755, 0.15316711991220602, 6.472722973593255] joint_vel=[43.039404291666926, 29.253545379429116, -46.69370169040636, -38.10518922310328, -0.5141628584299667, 35.207306526983494] imu_ang_vel=[0.0, -0.011113612764002329, 0.0] imu_quat_wxyz=[0.9990199647495348, 0.0, 0.04426183493528327, 0.0] status=0x0003
joint_pos=[13.474537710820792, -30.78726415637148, 39.836652544644274, -2.3385174944469918, 0.14780665839338702, 7.25583660789719] joint_vel=[44.814193449089984, 32.725913575183455, -68.62551359447407, -39.13099435525502, -0.2936069915935227, 34.02761487919753] imu_ang_vel=[0.0, -0.0380758822952139, 0.0] imu_quat_wxyz=[0.9990339921214667, 0.0, 0.043944084765134145, 0.0] status=0x0003
joint_pos=[14.445177923532036, -30.111646842278407, 38.23331065513731, -3.100578659179028, 0.14832426354295838, 8.016863087072656] joint_vel=[51.73851667565285, 32.96806006255722, -86.08122551301112, -38.37482741246089, 0.29832577050568226, 50.23199713881213] imu_ang_vel=[0.0, -0.011781738017330907, 0.0] imu_quat_wxyz=[0.9990457921738188, 0.0, 0.0436749944451835, 0.0] status=0x0003
joint_pos=[15.545576503915319, -29.398279437464318, 36.303185811421386, -3.771603551692854, 0.15030428308201896, 8.687769000876969] joint_vel=[57.934802467130396, 35.733044716546146, -101.80441651068557, -31.688363869338698, 0.16784182931266267, 33.68505169875262] imu_ang_vel=[0.0, 0.06864097696053041, 0.0] imu_quat_wxyz=[0.9990305910591711, 0.0, 0.0440213371896315, 0.0] status=0x0003
joint_pos=[16.787684349858413, -28.624983721454846, 34.137859410953645, -4.33552145319879, 0.15454012245844131, 9.426203257535677] joint_vel=[63.61270966187507, 40.956453320007256, -111.68028563766445, -25.92308710805113, 0.15712723966018077, 33.80637741633983] imu_ang_vel=[0.0, 0.1708058496820047, 0.0] imu_quat_wxyz=[0.9989716184586301, 0.0, 0.04533988877517276, 0.0] status=0x0003
joint_pos=[18.134520670939875, -27.674081513947243, 31.86745914219081, -4.75292676937321, 0.1584343306631848, 10.22656484636184] joint_vel=[69.62657313558066, 50.845830700906404, -114.34392155668013, -18.260544948329443, 0.2890506602272674, 45.95008153493512] imu_ang_vel=[0.0, 0.3175719193612434, 0.0] imu_quat_wxyz=[0.9988512535681761, 0.0, 0.04791840194834588, 0.0] status=0x0003
joint_pos=[19.54829397827873, -26.363143162998593, 29.586452463226685, -4.9384085976066645, 0.15401002133989147, 10.981847668577572] joint_vel=[73.01427030601255, 71.92010129639482, -113.59242509003218, -5.278430957866703, -0.09876201739493931, 46.31354957650017] imu_ang_vel=[0.0, 0.5387210695000915, 0.0] imu_quat_wxyz=[0.998626216355726, 0.0, 0.05239923670290047, 0.0] status=0x0003
joint_pos=[20.900052555331495, -24.28860143828995, 27.342827582018618, -4.804175574922439, 0.11369353384787469, 11.784663095352364] joint_vel=[64.89800341705677, 121.00390262953735, -111.25463151297207, 13.015077733885366, -2.2326928797702164, 38.992249663281925] imu_ang_vel=[0.0, 0.8414348885462788, 0.0] imu_quat_wxyz=[0.9982235896448663, 0.0, 0.0595790657573407, 0.0] status=0x0003
joint_pos=[21.684293551406125, -20.483240468403803, 24.930272393692288, -3.737710220358665, -1.2681961810022406, 13.327449692733449] joint_vel=[24.756468943158772, 228.49248293516027, -125.49814938480296, 75.56863280686566, -105.92092039879711, 99.3418770485873] imu_ang_vel=[0.0, 1.1012178102709271, 0.0] imu_quat_wxyz=[0.9975690668841471, 0.0, 0.06968469556431964, 0.0] status=0x0003
joint_pos=[21.587340102460683, -16.66465720024364, 20.613859899628434, -1.7126757788641163, -4.910498347890849, 15.897680863410713] joint_vel=[-11.902197194238182, 113.22201973682118, -298.5244527372584, 114.50830862175334, -225.04667432003365, 126.04420442878053] imu_ang_vel=[0.0, 0.8498483294971919, 0.0] imu_quat_wxyz=[0.9967787992056392, 0.0, 0.08019990931518624, 0.0] status=0x0003
joint_pos=[20.96268452314587, -14.252744216383736, 14.996776104588065, 0.9466493238444841, -10.537086056976584, 17.50976514255185] joint_vel=[-42.05001737196053, 124.9008097397455, -273.44389759630945, 142.89131265365208, -311.61787112049245, 56.041426617895894] imu_ang_vel=[0.0, 0.42634670731378665, 0.0] imu_quat_wxyz=[0.9962986655751604, 0.0, 0.0859591122171158, 0.0] status=0x0003
sim t=    3.02s  x= 0.772m z= 0.528m pitch= 10.08deg action=[-1.0, 1.0, 0.416, 1.0, -0.996, -0.144]
joint_pos=[19.813659120360168, -11.76538643194971, 10.155566856484805, 4.062937733972739, -17.5507933234803, 18.039731984414985] joint_vel=[-66.0433011764171, 124.47071308720385, -227.34597551070013, 162.60646385157162, -371.007453799663, 10.55275688905037] imu_ang_vel=[0.0, 0.05846104341741894, 0.0] imu_quat_wxyz=[0.9961310595615207, 0.0, 0.0878801011426483, 0.0] status=0x0003
joint_pos=[18.265153629645692, -9.393217179364346, 6.317353147651501, 7.29976773243242, -24.956892740011746, 18.193812902921046] joint_vel=[-83.91519770895435, 116.18274762340978, -174.51653678689414, 161.25467939697467, -368.63480127322475, 6.221293495285053] imu_ang_vel=[0.0, -0.24813975288333562, 0.0] imu_quat_wxyz=[0.9962522196716547, 0.0, 0.0864957501805791, 0.0] status=0x0003
joint_pos=[16.49405108680299, -7.870205522159039, 3.876744426417546, 9.907529522722777, -31.58132438744953, 17.940976814904115] joint_vel=[-91.18213954144359, 54.533763082553214, -94.95831776353602, 113.14358497865378, -309.921838132746, -22.573935505041355] imu_ang_vel=[0.0, -0.7211259123233449, 0.0] imu_quat_wxyz=[0.9966900931958628, 0.0, 0.08129488375797361, 0.0] status=0x0003
joint_pos=[14.727478873872489, -7.550836480245633, 2.573872061165047, 11.503890576028649, -36.69214714683392, 16.611260347969015] joint_vel=[-86.7999530697276, -5.00800596981758, -49.67361330715099, 61.27412551474399, -225.26698384979738, -89.74863500817034] imu_ang_vel=[0.0, -1.1285798607493767, 0.0] imu_quat_wxyz=[0.997444754556722, 0.0, 0.07144201570001031, 0.0] status=0x0003
joint_pos=[13.005100505282883, -8.122731286126823, 1.982777685828732, 12.122681054714503, -40.11818571075104, 14.752393939232967] joint_vel=[-85.57858784721844, -41.75592231147636, -18.891950403254924, 14.063438464296116, -141.34021538467707, -94.42889444222048] imu_ang_vel=[0.0, -1.3869595592566386, 0.0] imu_quat_wxyz=[0.9982903335712366, 0.0, 0.05845006328678383, 0.0] status=0x0003
joint_pos=[11.298458613809755, -9.011344043796047, 2.594728625933315, 12.088007534703582, -41.82615450742135, 13.439966142136571] joint_vel=[-82.57399312426497, -51.506950408550985, 61.75471898085637, -11.162924288561562, -50.93875438974915, -50.182197574750894] imu_ang_vel=[0.0, -1.255769179256723, 0.0] imu_quat_wxyz=[0.9989995502577759, 0.0, 0.04472022567878555, 0.0] status=0x0003
joint_pos=[9.819409384214795, -9.871333679158626, 3.6884358516821405, 11.949049488428356, -42.2924294240229, 13.05352699244953] joint_vel=[-69.32951964246533, -38.30795223552396, 52.59530790399381, -4.48674603226996, -7.927690288444296, -3.0590545879702122] imu_ang_vel=[0.0, -1.024128056674648, 0.0] imu_quat_wxyz=[0.9994483824392646, 0.0, 0.03321040258017957, 0.0] status=0x0003
joint_pos=[8.58385686879773, -10.346970470806944, 4.60346220008353, 12.130876184685684, -42.198028015538746, 13.766838075252295] joint_vel=[-57.52086976163532, -15.943773287800632, 41.89101652250999, 16.522022994890122, 12.033191758654644, 56.377890096807285] imu_ang_vel=[0.0, -0.6404379202823491, 0.0] imu_quat_wxyz=[0.9996796298386463, 0.0, 0.025310821513081498, 0.0] status=0x0003
joint_pos=[7.656768017578301, -10.503440420656732, 5.353966395007574, 12.815133235087579, -41.826826267452475, 15.064831607897693] joint_vel=[-40.260361898313235, -3.334092827022778, 35.18831348351294, 43.904710632042054, 22.39448329384492, 69.41682827626667] imu_ang_vel=[0.0, -0.23969882268898307, 0.0] imu_quat_wxyz=[0.9997710752820745, 0.0, 0.021396191935117236, 0.0] status=0x0003
joint_pos=[7.019661281169208, -10.467611843507315, 5.997288770209443, 14.00492238609457, -41.37734608934781, 16.25037870069094] joint_vel=[-27.36975815007883, 4.710848600403436, 30.731314717107566, 68.00648005424252, 22.636284472669395, 53.80614293066728] imu_ang_vel=[0.0, 0.07565696762653765, 0.0] imu_quat_wxyz=[0.9997782976673372, 0.0, 0.02105600896184772, 0.0] status=0x0003
joint_pos=[6.554659473289291, -10.33827342280245, 6.597174327348607, 15.55940781360454, -40.97819914435794, 16.93175872331081] joint_vel=[-21.14276160953769, 7.55044152210055, 29.786696495431503, 82.97540007618241, 18.51460466882556, 23.484606767609673] imu_ang_vel=[0.0, 0.2519340712616961, 0.0] imu_quat_wxyz=[0.9997346722839446, 0.0, 0.02303443147364235, 0.0] status=0x0003
joint_pos=[6.1521600631530236, -10.209414106751275, 7.201611936755803, 17.27304062260364, -40.60958227854856, 17.02552403250271] joint_vel=[-19.732717249477258, 5.952340391722366, 31.02695092318271, 87.0571956736139, 18.403055691938512, -4.917561923810038] imu_ang_vel=[0.0, 0.30449310111740296, 0.0] imu_quat_wxyz=[0.9996625193286521, 0.0, 0.02597782611174829, 0.0] status=0x0003
joint_pos=[5.689773540429268, -10.138369866159346, 7.842072246127895, 18.891568812173198, -40.11546881408729, 16.594700480223736] joint_vel=[-25.1158844225408, 2.309291831391844, 33.38453473309054, 77.44333503936599, 28.211165058858274, -30.395053408635913] imu_ang_vel=[0.0, 0.22818661661126852, 0.0] imu_quat_wxyz=[0.9995892200461783, 0.0, 0.028659922670393065, 0.0] status=0x0003
joint_pos=[5.067580202610437, -10.12284538137255, 8.517790239305837, 20.19860027238791, -39.289596597825316, 15.693278861356557] joint_vel=[-34.54104391687837, 0.1482899391385198, 34.86329497154889, 58.60581698335905, 48.557540784271666, -52.85346040192902] imu_ang_vel=[0.0, 0.07359382040040288, 0.0] imu_quat_wxyz=[0.9995489572893621, 0.0, 0.03003134998212624, 0.0] status=0x0003
joint_pos=[4.196985398704307, -10.051944750370156, 9.261385609431507, 21.06841011770743, -37.974418955889966, 14.44190841231651] joint_vel=[-46.797001298281046, 2.5559402944098966, 32.338798723666294, 33.82440336238521, 76.11533081666208, -67.71473642404862] imu_ang_vel=[0.0, -0.10403472544575279, 0.0] imu_quat_wxyz=[0.9995577024785294, 0.0, 0.029738853640377413, 0.0] status=0x0003
joint_pos=[3.0738909101829117, -9.858573009655995, 9.914051552507999, 21.43014831386273, -36.07652057486501, 12.976424341628901] joint_vel=[-63.01180323654977, 16.771529575273398, 41.085421106031255, 10.70304940681131, 104.3974081842162, -76.11922853665746] imu_ang_vel=[0.0, -0.26160469435087824, 0.0] imu_quat_wxyz=[0.9996169213110279, 0.0, 0.02767689702011967, 0.0] status=0x0003
joint_pos=[1.7159339113880676, -9.468100799643073, 10.46126041550103, 21.3107818664475, -33.62850985491076, 11.426551443958665] joint_vel=[-71.2772988132901, 22.53105873819399, 23.06023627744812, -14.644042509199192, 131.79976929057887, -78.11649171626435] imu_ang_vel=[0.0, -0.3517661863390986, 0.0] imu_quat_wxyz=[0.9997010221112659, 0.0, 0.024451306502728882, 0.0] status=0x0003
joint_pos=[0.14775543091330148, -8.864945269271523, 10.90914876200528, 20.744186067035493, -30.754922938526654, 9.866128831311771] joint_vel=[-81.39549564176092, 33.013712686719735, 17.925262473167436, -36.62563957623413, 150.36726020165167, -77.89373972738409] imu_ang_vel=[0.0, -0.4464020406527673, 0.0] imu_quat_wxyz=[0.9997937968050018, 0.0, 0.020306744451998867, 0.0] status=0x0003
joint_pos=[-1.5591286103565858, -8.046338250443121, 11.328355690018881, 19.8224595006302, -27.602026344920517, 8.249154496305232] joint_vel=[-87.9228854152292, 46.46181808908907, 24.75142966178527, -50.94170908238762, 161.12323368732618, -82.3360688749707] imu_ang_vel=[0.0, -0.44699505908589704, 0.0] imu_quat_wxyz=[0.9998751705861317, 0.0, 0.01580010270074268, 0.0] status=0x0003
joint_pos=[-3.2635898373565357, -7.161301179851178, 11.669731476777335, 18.618118169178814, -24.33113543705031, 6.574840477706237] joint_vel=[-84.20070552684034, 44.202250642660886, 14.956196561206465, -65.0090458610602, 164.29080943426322, -84.36720475827664] imu_ang_vel=[0.0, -0.3798922436014477, 0.0] imu_quat_wxyz=[0.9999314420071853, 0.0, 0.011709452823722644, 0.0] status=0x0003
joint_pos=[-4.892987943509035, -6.359790870461461, 12.070222870609857, 17.157811052838706, -21.1018665951956, 5.03273469209056] joint_vel=[-79.29168499630434, 36.88719114308681, 19.413323206083625, -78.11113043431068, 159.76377153134928, -73.16647111242276] imu_ang_vel=[0.0, -0.3464737083853324, 0.0] imu_quat_wxyz=[0.9999670884041496, 0.0, 0.008113082553972386, 0.0] status=0x0003
joint_pos=[-6.320319965853667, -5.949549971038448, 12.786747845684218, 15.455925958086157, -18.062760092218873, 3.885420824483437] joint_vel=[-67.34234631184988, 12.420857530933857, 46.71185706800216, -88.7521504969727, 147.07355609577277, -48.87770763259709] imu_ang_vel=[0.0, -0.3083251691240661, 0.0] imu_quat_wxyz=[0.9999878040987076, 0.0, 0.004938790726977718, 0.0] status=0x0003
joint_pos=[-7.274673952824337, -6.359744673021491, 13.933471144501269, 13.585994100788307, -15.320087229380375, 3.3447834986475837] joint_vel=[-39.45220532625712, -33.57727536202744, 75.6827006819417, -93.83288150969015, 130.14183988840838, -15.316370655476936] imu_ang_vel=[0.0, -0.19381173624945996, 0.0] imu_quat_wxyz=[0.9999967932232042, 0.0, 0.0025324974448364635, 0.0] status=0x0003
joint_pos=[-7.549936417385957, -7.863222762831584, 15.65106257933922, 11.60364076976363, -12.79004393197535, 3.6362146238890842] joint_vel=[-1.0095810424076392, -95.48192313955998, 97.62897363054803, -101.02712892036807, 123.4956415985255, 30.540216774987947] imu_ang_vel=[0.0, 0.0026051739937296634, 0.0] imu_quat_wxyz=[0.9999983666529263, 0.0, 0.0018073990925046091, 0.0] status=0x0003
joint_pos=[-7.109727036900435, -10.472828791974397, 18.038659406731487, 9.788162269107836, -10.638904278827797, 4.139228308149117] joint_vel=[24.465774388283716, -140.97687467014313, 124.33464359601133, -54.63772975813801, 35.354446853676386, -64.36851590087852] imu_ang_vel=[0.0, 0.2936863906475215, 0.0] imu_quat_wxyz=[0.999993707412336, 0.0, 0.003547553485360653, 0.0] status=0x0003
joint_pos=[-6.309060684251085, -13.414707437948021, 20.700133473014162, 8.861747481964423, -9.956913567255857, 2.7196686837440893] joint_vel=[48.8447544536103, -150.0148975495477, 137.6918609794757, -42.80270911364045, 34.89805375129044, -72.8334865754892] imu_ang_vel=[0.0, 0.029045578857189117, 0.0] imu_quat_wxyz=[0.9999944668399459, 0.0, 0.003326603296505147, 0.0] status=0x0003
joint_pos=[-5.0813505765797515, -15.940318222280174, 23.894301799543335, 8.252663116194423, -9.322359240464454, 1.9676679640552905] joint_vel=[70.52082776928125, -111.38494906963939, 171.0084014907427, -25.14735474406488, 29.052318619830114, 14.560710829145766] imu_ang_vel=[0.0, 0.3392529406182207, 0.0] imu_quat_wxyz=[0.9999856963425334, 0.0, 0.005348561520485859, 0.0] status=0x0003
joint_pos=[-3.4142712071110037, -18.036663417791043, 27.319636021294055, 7.902286061368368, -8.686612641807104, 2.3690175803078954] joint_vel=[90.21630600148616, -100.85378062010514, 171.29909635318367, -13.25474893204189, 33.726454806708475, 20.074676578474584] imu_ang_vel=[0.0, 0.6433799259003633, 0.0] imu_quat_wxyz=[0.9999410235636322, 0.0, 0.010860450935185997, 0.0] status=0x0003
joint_pos=[-1.6127233162946941, -20.083599799099787, 30.394606236936315, 7.532454440417182, -7.934110975724705, 2.698836212086942] joint_vel=[89.99126693606225, -102.83879378854259, 144.20207490940192, -21.55565109274754, 39.925709359248216, 15.491763909066899] imu_ang_vel=[0.0, 0.6208427132542506, 0.0] imu_quat_wxyz=[0.9998478559879782, 0.0, 0.01744318996752386, 0.0] status=0x0003
joint_pos=[0.13315040276494378, -22.098706302758657, 33.11629027693829, 6.958151548426549, -7.010787841223399, 2.947262741787405] joint_vel=[85.77322406786901, -99.30604170672022, 131.62402252705292, -32.81312751370585, 49.9326939702422, 10.805900516453272] imu_ang_vel=[0.0, 0.5155448057182936, 0.0] imu_quat_wxyz=[0.9997354258874912, 0.0, 0.023001700492716184, 0.0] status=0x0003
joint_pos=[1.8046535970456707, -23.916641660113925, 35.52261608934186, 6.198268870806188, -5.827059472516296, 3.0644124064267166] joint_vel=[82.37773088364462, -85.96930131378447, 114.1821503170966, -41.02862495106598, 64.79256240369158, 3.3237520421301308] imu_ang_vel=[0.0, 0.4811444296218943, 0.0] imu_quat_wxyz=[0.9996118627129649, 0.0, 0.02785900076306742, 0.0] status=0x0003
joint_pos=[3.429489873108549, -25.530008841276185, 37.477437755135604, 5.258905273999257, -4.295010845109086, 3.011310847920407] joint_vel=[80.6312938172798, -77.50499909338433, 88.87856619907339, -50.44964719442651, 83.7819132456442, -5.948240004749268] imu_ang_vel=[0.0, 0.48176183250512167, 0.0] imu_quat_wxyz=[0.9994665273686252, 0.0, 0.032659771427571455, 0.0] status=0x0003
joint_pos=[5.025178053858609, -27.09019576443638, 38.955611923873775, 4.086187389254296, -2.3367886833883658, 2.7564906942847194] joint_vel=[79.33655289994026, -78.09160536854398, 65.85039495614886, -63.40532292595351, 106.55456278156049, -16.67020344360254] imu_ang_vel=[0.0, 0.4684353193680967, 0.0] imu_quat_wxyz=[0.9992998144641255, 0.0, 0.037414981116717455, 0.0] status=0x0003
joint_pos=[6.619318476131393, -28.724862735373385, 40.032438804761334, 2.63998998037441, 0.1346194582712602, 2.2608871791734755] joint_vel=[79.95958224276806, -83.57175862298116, 47.39001182805614, -77.53951375961324, 134.0311003276915, -29.52597461057927] imu_ang_vel=[0.0, 0.4689226482669003, 0.0] imu_quat_wxyz=[0.9991141998174515, 0.0, 0.042081061335636064, 0.0] status=0x0003
joint_pos=[7.983293666700024, -30.66961528635958, 40.76801651475247, 1.7444775155829892, 0.6435152176463508, 2.703883157482827] joint_vel=[64.2108058861307, -101.82812481673729, 30.971336242134473, -37.71670688130667, -2.844178002190033, 36.60491300707787] imu_ang_vel=[0.0, 0.006948640174403123, 0.0] imu_quat_wxyz=[0.9990252349613454, 0.0, 0.044142722055040606, 0.0] status=0x0003
joint_pos=[9.097178432384128, -32.09535656556842, 41.47024621952395, 1.045337086479634, 0.4486609110879046, 3.5077854573434384] joint_vel=[51.31084513732402, -53.873347031588885, 37.35116324504044, -34.58474388569102, -10.188460665986444, 40.945633057241224] imu_ang_vel=[0.0, -0.06087232653252028, 0.0] imu_quat_wxyz=[0.9990521933981732, 0.0, 0.043528322576217, 0.0] status=0x0003
joint_pos=[10.095985580812343, -32.60911934622704, 42.02089883782776, 0.4304660984930072, 0.29488368583525176, 4.296873840597258] joint_vel=[49.20229665802057, -9.851860962571614, 22.292947245060866, -28.673661583037855, -6.191246316183257, 38.97545161578615] imu_ang_vel=[0.0, 0.05356559249529246, 0.0] imu_quat_wxyz=[0.9990518428782315, 0.0, 0.04353636688573649, 0.0] status=0x0003
joint_pos=[11.050760177829721, -32.506179224213774, 42.206744607140806, -0.17833539734704, 0.21225239604727833, 5.176943234289596] joint_vel=[45.879013779517805, 15.102487371036249, 2.4581659143711385, -30.63223147896842, -3.4288130966464663, 38.3187655053014] imu_ang_vel=[0.0, 0.09455459542273385, 0.0] imu_quat_wxyz=[0.9990127670435255, 0.0, 0.044423994462888305, 0.0] status=0x0003
joint_pos=[11.93681387895351, -32.065495139441296, 41.92498082352295, -0.8453279224495223, 0.17079727044732743, 5.887843527837632] joint_vel=[43.528258461656456, 25.757163709841503, -22.900205633179386, -35.05636919139036, -1.4975707180860152, 35.86802697227359] imu_ang_vel=[0.0, 0.04149229568459745, 0.0] imu_quat_wxyz=[0.9989840091975719, 0.0, 0.04506605560225461, 0.0] status=0x0003
joint_pos=[12.81621211773512, -31.51667932678035, 41.14184585653826, -1.5982789764514922, 0.15438759489943255, 6.603092276711776] joint_vel=[44.14337937719943, 28.388210742587095, -47.815082834295914, -39.16389090311965, -0.5649927916186097, 36.13759914352179] imu_ang_vel=[0.0, -0.018286837541938293, 0.0] imu_quat_wxyz=[0.9989820154654684, 0.0, 0.045110229178654364, 0.0] status=0x0003
joint_pos=[13.745217724538993, -30.93635125967553, 39.88705069526639, -2.3980307111901786, 0.14910434300328754, 7.390071087955098] joint_vel=[46.822979531042726, 30.33486505380696, -70.78465242626436, -39.98492674024828, -0.20435216470885736, 34.66964711064327] imu_ang_vel=[0.0, -0.04259785460484712, 0.0] imu_quat_wxyz=[0.9989982856946223, 0.0, 0.04474846566314499, 0.0] status=0x0003
joint_pos=[14.756277012783254, -30.302742097433914, 38.223850691395505, -3.173578368805399, 0.14953486412680062, 8.164374655781335] joint_vel=[51.70397089543479, 33.432815597251555, -89.81816876898478, -37.74768685558835, -0.09153689701923538, 35.51187783251436] imu_ang_vel=[0.0, -0.008422726923258624, 0.0] imu_quat_wxyz=[0.9990105826090211, 0.0, 0.044473091135925576, 0.0] status=0x0003
joint_pos=[15.883203990153094, -29.605492007916382, 36.23725462735933, -3.868078073806708, 0.15263590106243566, 8.917838135679908] joint_vel=[60.02203587315539, 34.39582022969989, -104.16368043845749, -33.87068419961263, 0.3795064947657803, 48.39476170957046] imu_ang_vel=[0.0, 0.06474928938696785, 0.0] imu_quat_wxyz=[0.9989963090818947, 0.0, 0.04479257126747098, 0.0] status=0x0003
joint_pos=[17.15921358218434, -28.82660576425608, 34.03958720290412, -4.428066675575145, 0.15717458063225676, 9.661616791853765] joint_vel=[67.83434428616133, 39.29824724693963, -112.58302151646353, -25.956793025866297, 0.42118074741742173, 46.32567372110175] imu_ang_vel=[0.0, 0.18989820554766335, 0.0] imu_quat_wxyz=[0.9989330302412667, 0.0, 0.046182259505144464, 0.0] status=0x0003
joint_pos=[18.565699014726036, -27.85739985760881, 31.74648872088353, -4.808601342669832, 0.1604278838000034, 10.410739639054945] joint_vel=[71.90705769397671, 53.17941960325612, -115.5938192303977, -15.43155252811772, 0.06476732058476824, 35.25890363692366] imu_ang_vel=[0.0, 0.3603532549406055, 0.0] imu_quat_wxyz=[0.9987938281574086, 0.0, 0.04910080279047276, 0.0] status=0x0003
joint_pos=[20.009749277020187, -26.45954878868524, 29.487105282413545, -4.963483839951614, 0.15168245937315436, 11.183276996579558] joint_vel=[71.77407977422085, 79.63875288769785, -111.4761571452911, -3.3360948955852776, -0.6036316846136642, 37.294937913725015] imu_ang_vel=[0.0, 0.5762943458011136, 0.0] imu_quat_wxyz=[0.9985420491481225, 0.0, 0.05397940424892148, 0.0] status=0x0003
joint_pos=[21.33102890758918, -24.156468538699247, 27.278696234605086, -4.782203018246291, 0.10424022332129108, 12.013094130239448] joint_vel=[62.343594055905946, 135.29014376699357, -109.75586392469954, 16.051176831520507, -2.5512331040565748, 39.982072159162726] imu_ang_vel=[0.0, 0.9018596087138406, 0.0] imu_quat_wxyz=[0.998099045283373, 0.0, 0.0616303156281001, 0.0] status=0x0003
joint_pos=[21.91277528603794, -20.017677430767183, 24.7899676332646, -3.7407230891560452, -1.364278806846518, 13.648741249833352] joint_vel=[9.646064921824852, 246.90437388060866, -132.21355743277798, 73.03006518396604, -114.10933699637985, 100.38692040894509] imu_ang_vel=[0.0, 1.0609332068054182, 0.0] imu_quat_wxyz=[0.9974148612300202, 0.0, 0.07185815609587709, 0.0] status=0x0003
joint_pos=[21.75935696028826, -17.05245282590446, 19.62251582416549, -1.8243998028111945, -5.075828284149945, 16.14606036639635] joint_vel=[-15.573506405999243, 112.30221562754043, -310.529373877871, 108.76901273128253, -227.60949098607162, 121.12337948774157] imu_ang_vel=[0.0, 0.7324096589875573, 0.0] imu_quat_wxyz=[0.9967031425690388, 0.0, 0.08113473727696623, 0.0] status=0x0003
joint_pos=[21.08757094080855, -14.746373144595648, 13.952367823785291, 0.7278434356789427, -10.746872608718194, 17.648753120849516] joint_vel=[-43.56637499334796, 116.977826914531, -271.35173305207815, 137.7111937667988, -313.62829021828355, 50.275949218532595] imu_ang_vel=[0.0, 0.32474605992833344, 0.0] imu_quat_wxyz=[0.9963074763302057, 0.0, 0.08585693104541196, 0.0] status=0x0003
sim t=    4.02s  x= 1.058m z= 0.527m pitch= 9.93deg action=[-1.0, 1.0, 0.536, 1.0, -0.917, -0.163]
joint_pos=[19.944855386045866, -12.49640912474669, 9.286293485551433, 3.7189237841627323, -17.683976076266926, 18.042432882026223] joint_vel=[-64.7003320788759, 110.4037541104086, -215.03165466624287, 155.75581062961655, -363.96981136837024, 3.5482805116940597] imu_ang_vel=[0.0, -0.0286990114260411, 0.0] imu_quat_wxyz=[0.9962220089635274, 0.0, 0.08684301271071601, 0.0] status=0x0003
joint_pos=[18.437680117973166, -10.4387876924901, 5.813849989993858, 6.7920123347788195, -24.8614800162144, 18.078095763483926] joint_vel=[-81.46565333712617, 99.5831913154719, -152.83397345626167, 152.34740171213005, -354.8308324052052, 0.9052236947288895] imu_ang_vel=[0.0, -0.315377320621963, 0.0] imu_quat_wxyz=[0.9964057302464743, 0.0, 0.0847090357163297, 0.0] status=0x0003
joint_pos=[16.747862931789175, -9.112488589069182, 3.7557556347964924, 9.327750091665292, -31.239105465078364, 17.68027720429398] joint_vel=[-86.2734803224896, 48.42983531684077, -76.434775636879, 112.48753176383157, -298.3710218477846, -30.849560821345282] imu_ang_vel=[0.0, -0.6790273423821969, 0.0] imu_quat_wxyz=[0.9968416117777985, 0.0, 0.07941537022668071, 0.0] status=0x0003
joint_pos=[15.015308988476976, -8.813311216728195, 2.865127667064991, 10.956969029250125, -36.259325203024105, 16.398953866341703] joint_vel=[-86.908622511556, -3.103031473552699, -27.733859528364952, 64.19409122920055, -224.55385925878792, -81.62369714146789] imu_ang_vel=[0.0, -1.0553329027146228, 0.0] imu_quat_wxyz=[0.9975262991702966, 0.0, 0.07029425626331003, 0.0] status=0x0003
joint_pos=[13.293360290831208, -9.261564366329806, 2.6431463322124853, 11.72148826408315, -39.76955497299178, 14.814841232500433] joint_vel=[-85.54484874014788, -33.059984363855335, -2.4270329480899435, 23.78434892270578, -148.22127932216623, -77.7064944120968] imu_ang_vel=[0.0, -1.2731012849464431, 0.0] imu_quat_wxyz=[0.9983025651872334, 0.0, 0.05824077901770897, 0.0] status=0x0003
joint_pos=[11.578985617621903, -9.930640839364248, 3.354645255354812, 11.906092266359147, -41.688998101358735, 13.865996645033736] joint_vel=[-82.71658963713743, -39.93197544378685, 57.84604899306801, 0.3726196476891911, -63.772502399807124, -31.250621719772205] imu_ang_vel=[0.0, -1.1430214686357327, 0.0] imu_quat_wxyz=[0.9989540058324331, 0.0, 0.045726296934424336, 0.0] status=0x0003
joint_pos=[10.100650124363147, -10.59701504826304, 4.369041763325576, 11.986253530065538, -42.39344217470156, 13.71430400060789] joint_vel=[-69.2633156666243, -29.586362501777916, 49.019182288193505, 6.138567526305023, -19.079320913615884, 4.7096606017942895] imu_ang_vel=[0.0, -0.9337091442787339, 0.0] imu_quat_wxyz=[0.9993798277944284, 0.0, 0.035213062882668913, 0.0] status=0x0003
joint_pos=[8.872233951938297, -10.930069293717533, 5.226481772733761, 12.3639377857327, -42.48524505942972, 14.44750542413055] joint_vel=[-57.04040519694371, -9.668256530585657, 39.410893228760834, 25.908480947397724, 3.50380008872811, 53.766834953736144] imu_ang_vel=[0.0, -0.5651249892349998, 0.0] imu_quat_wxyz=[0.9996045754825241, 0.0, 0.028119258069919398, 0.0] status=0x0003
joint_pos=[7.94690481006242, -10.99319015819783, 5.943605204784514, 13.204987177282343, -42.26294965487171, 15.595787076351744] joint_vel=[-40.33370681775466, 0.27018698113604295, 34.06423344035212, 50.863794311283065, 15.53363275127723, 59.33393911322425] imu_ang_vel=[0.0, -0.1916245553724512, 0.0] imu_quat_wxyz=[0.9996923310968026, 0.0, 0.02480409535219596, 0.0] status=0x0003
joint_pos=[7.294059346806382, -10.889491730287984, 6.566262250673645, 14.502289783836808, -41.91585142998257, 16.59058996661106] joint_vel=[-28.54885903563008, 8.004940787747968, 29.779626255374676, 72.50679185469893, 18.507655628048877, 44.573987516232144] imu_ang_vel=[0.0, 0.10024242413802245, 0.0] imu_quat_wxyz=[0.9996927467557895, 0.0, 0.024787337167697116, 0.0] status=0x0003
joint_pos=[6.791151262753639, -10.697404639192753, 7.145600776720826, 16.11176231553944, -41.55052287799741, 17.115832069065444] joint_vel=[-23.43387986866279, 10.619107000332194, 28.797372726703006, 84.76493842998822, 18.20008964870929, 16.45181180044752] imu_ang_vel=[0.0, 0.25479601656555845, 0.0] imu_quat_wxyz=[0.999638724942933, 0.0, 0.026877864395576687, 0.0] status=0x0003
joint_pos=[6.32981340476852, -10.50097714371138, 7.723303650051957, 17.83335270435765, -41.13683457346407, 17.111983059883208] joint_vel=[-23.033417206588158, 9.518283473092753, 29.557593931218147, 86.69958150589385, 22.10448245539521, -8.758868533719578] imu_ang_vel=[0.0, 0.28966103681976557, 0.0] imu_quat_wxyz=[0.999557820142328, 0.0, 0.029734898559059194, 0.0] status=0x0003
joint_pos=[5.792630915773504, -10.348820993585095, 8.327110000260257, 19.427612756056828, -40.52748339272667, 16.62843598140672] joint_vel=[-29.094197967791928, 6.652995306499958, 31.342542295608236, 75.76478750947695, 35.125464275355235, -32.38193446268771] imu_ang_vel=[0.0, 0.20261411800499626, 0.0] imu_quat_wxyz=[0.9994815887660662, 0.0, 0.03219555431515587, 0.0] status=0x0003
joint_pos=[5.066434386581403, -10.190997911754163, 9.041578069608589, 20.715673008248476, -39.55256240401869, 15.702074534597699] joint_vel=[-43.15959764785212, 13.761690226314991, 49.83966374760341, 60.13453259534983, 54.7757047425418, -53.63665728386078] imu_ang_vel=[0.0, 0.04840897406042585, 0.0] imu_quat_wxyz=[0.9994452692163396, 0.0, 0.03330396134213748, 0.0] status=0x0003
joint_pos=[4.155611498308655, -10.061099346356528, 9.629200894721837, 21.544656228854304, -38.04737553447606, 14.434463846830083] joint_vel=[-49.53465327307327, 7.383854102377493, 29.199268883791515, 33.05304777704971, 84.96003481303426, -68.43841464539965] imu_ang_vel=[0.0, -0.12497546937859509, 0.0] imu_quat_wxyz=[0.9994618172807471, 0.0, 0.03280359428273687, 0.0] status=0x0003
joint_pos=[2.947878359369666, -9.74885151441114, 10.202985120914857, 21.861297008593326, -35.97083775084668, 13.005042047392022] joint_vel=[-65.08755665636063, 18.408946930732167, 23.821409298032727, 5.600716124106223, 114.59802728076342, -73.0226410464292] imu_ang_vel=[0.0, -0.2960417729310985, 0.0] imu_quat_wxyz=[0.9995337654356256, 0.0, 0.030532798006075827, 0.0] status=0x0003
joint_pos=[1.4737440700462057, -9.209565333995238, 10.729298271031375, 21.688731782033425, -33.37372687138022, 11.420630975525057] joint_vel=[-78.86172695954095, 32.7606488887454, 29.98642346053879, -16.138149396179667, 137.85840016797914, -82.43118918193086] imu_ang_vel=[0.0, -0.4122916081864847, 0.0] imu_quat_wxyz=[0.999639564619018, 0.0, 0.026846617073667575, 0.0] status=0x0003
joint_pos=[-0.14510466265009372, -8.531904366766263, 11.13606814148304, 21.105797529391445, -30.41587377882241, 9.690100628256499] joint_vel=[-82.49922607958943, 35.51681352454056, 17.040961837046897, -36.04958043733242, 152.95563542192184, -88.61401873950327] imu_ang_vel=[0.0, -0.4425917149572996, 0.0] imu_quat_wxyz=[0.9997476354400239, 0.0, 0.022464759782402685, 0.0] status=0x0003
joint_pos=[-1.8816612771176877, -7.697265330076611, 11.481404147909661, 20.161829293960214, -27.256015456654406, 7.917192888795103] joint_vel=[-88.35440144482094, 43.99697927745614, 13.395200211613357, -54.08433838469857, 160.77462894743792, -88.58241124930247] imu_ang_vel=[0.0, -0.47171405383843756, 0.0] imu_quat_wxyz=[0.9998412422088404, 0.0, 0.017818259687267562, 0.0] status=0x0003
joint_pos=[-3.654703665526567, -6.771816784357058, 11.86054425190712, 18.91836597894499, -24.016813705627555, 6.152285803466254] joint_vel=[-89.18006492016431, 48.60731561364297, 24.011791222858765, -66.34216785768977, 162.0607783463851, -87.97663199746907] imu_ang_vel=[0.0, -0.43465320191202833, 0.0] imu_quat_wxyz=[0.999911270144574, 0.0, 0.013321104979120108, 0.0] status=0x0003
joint_pos=[-5.300523091057231, -5.997560887902517, 12.281072356830006, 17.42779486259617, -20.847595574778133, 4.535944790144364] joint_vel=[-78.93993179187899, 34.338490188121305, 21.555992335437516, -78.77722568402471, 155.8806754286758, -76.91722260508435] imu_ang_vel=[0.0, -0.35179683363526837, 0.0] imu_quat_wxyz=[0.9999551719362109, 0.0, 0.009468585851271442, 0.0] status=0x0003
joint_pos=[-6.715941093514186, -5.663268744926593, 13.031483674340679, 15.700259263703185, -17.903448969295475, 3.411324456402204] joint_vel=[-66.62706011883577, 7.854575579502218, 48.39901205219658, -90.38955320904645, 141.87952948949888, -45.13429176305117] imu_ang_vel=[0.0, -0.32744373781188935, 0.0] imu_quat_wxyz=[0.9999811061062021, 0.0, 0.00614714816941317, 0.0] status=0x0003
joint_pos=[-7.663018126738468, -6.162801453711813, 14.230167688612761, 13.782088821165694, -15.24927656205826, 3.0475815964796644] joint_vel=[-39.136316772630295, -38.26830237352366, 78.33117728637374, -96.76390528400745, 126.22076447304367, -4.099085033612419] imu_ang_vel=[0.0, -0.21773972323452156, 0.0] imu_quat_wxyz=[0.9999938387485107, 0.0, 0.003510336880923923, 0.0] status=0x0003
joint_pos=[-7.901103953004703, -7.763265193214256, 16.006508320835923, 11.759906485093834, -12.760721987629775, 3.552377134016343] joint_vel=[1.693088432239275, -100.47605883110538, 100.65893775558119, -102.54225523450138, 122.45818340447809, 40.905247943572554] imu_ang_vel=[0.0, 0.007148336973035831, 0.0] imu_quat_wxyz=[0.9999963699567731, 0.0, 0.002694452314776255, 0.0] status=0x0003
joint_pos=[-7.493055841690086, -10.346127151008703, 18.375510815614508, 10.169091527079036, -11.128553256759668, 3.5899517282375557] joint_vel=[24.575996047817405, -135.29437512228486, 121.30916092194065, -50.07721673777921, 26.248960981771788, -59.87969264971126] imu_ang_vel=[0.0, -0.07597967366421088, 0.0] imu_quat_wxyz=[0.9999933492222085, 0.0, 0.003647123709188352, 0.0] status=0x0003
joint_pos=[-6.677874937474308, -12.694860406425185, 21.244237691376007, 9.41703685216305, -10.543009853111803, 2.5492961542566404] joint_vel=[49.79889749228762, -107.02164189825761, 155.20738278983086, -30.91979490959119, 31.207395421949148, -48.16269596333411] imu_ang_vel=[0.0, 0.1931652449285611, 0.0] imu_quat_wxyz=[0.9999912441448534, 0.0, 0.004184690386178769, 0.0] status=0x0003
joint_pos=[-5.330648486952365, -14.7493138384708, 24.50141536471963, 9.005467213553452, -9.973403037459189, 2.1134682486164165] joint_vel=[78.81364842494762, -98.96992953310016, 166.48024294549808, -16.097587833536657, 26.075607745224723, 19.434754473958346] imu_ang_vel=[0.0, 0.48859555986182174, 0.0] imu_quat_wxyz=[0.9999677213308722, 0.0, 0.008034693294897683, 0.0] status=0x0003
joint_pos=[-3.540799891395419, -16.928654909534107, 27.719113498072836, 8.692009235440512, -9.414793559500493, 2.572465596877113] joint_vel=[95.07595357489409, -114.20614026950024, 157.7555463380434, -15.4197936892493, 29.361845414833475, 21.75553129926483] imu_ang_vel=[0.0, 0.596592005433524, 0.0] imu_quat_wxyz=[0.999903390669643, 0.0, 0.013899975803987477, 0.0] status=0x0003
joint_pos=[-1.7093939564868732, -19.242991064887722, 30.65486977143433, 8.225603497253644, -8.7693959732354, 2.959468030613586] joint_vel=[89.57147435287709, -116.22844822970609, 140.78157167748398, -27.835460759403418, 34.052433930677886, 18.337808334209424] imu_ang_vel=[0.0, 0.4600814601984965, 0.0] imu_quat_wxyz=[0.9998159034980711, 0.0, 0.01918747279700149, 0.0] status=0x0003
joint_pos=[0.0174811605439796, -21.38391173754601, 33.249679013842716, 7.57782191806139, -7.978141836675836, 3.2574277540000085] joint_vel=[84.53848313708255, -101.65278589623135, 123.74116416337816, -35.03926821537936, 42.91724863713198, 13.254656676576216] imu_ang_vel=[0.0, 0.37811769402980583, 0.0] imu_quat_wxyz=[0.9997316959016495, 0.0, 0.02316325127463566, 0.0] status=0x0003
joint_pos=[1.6446024599693465, -23.138010442885875, 35.498059613431586, 6.80934699679692, -6.961558177815961, 3.4363347637951542] joint_vel=[79.60414509064522, -79.71777304223954, 106.29594074546101, -40.42129018239327, 55.632033426255184, 6.708103529927232] imu_ang_vel=[0.0, 0.37962517981967164, 0.0] imu_quat_wxyz=[0.9996383193743291, 0.0, 0.02689294402750859, 0.0] status=0x0003
joint_pos=[3.2047795277943956, -24.606461985796066, 37.35123000388636, 5.903308181282748, -5.652988115688018, 3.4710243053024428] joint_vel=[77.09574088868865, -69.71878329344858, 85.30047347409841, -48.13820644978639, 71.29362600918934, -0.9478013560825579] imu_ang_vel=[0.0, 0.3876683620572053, 0.0] imu_quat_wxyz=[0.9995270407762138, 0.0, 0.0307521504474906, 0.0] status=0x0003
joint_pos=[4.718639354814821, -25.99976501410929, 38.78316653133009, 4.793757275283609, -3.9869282628665386, 3.334570710691951] joint_vel=[74.91218192844836, -69.44482953437833, 64.21485168064474, -59.745413538954864, 90.65329544098343, -10.16850034897693] imu_ang_vel=[0.0, 0.3684519752059183, 0.0] imu_quat_wxyz=[0.999403450162113, 0.0, 0.0345361231765383, 0.0] status=0x0003
joint_pos=[6.207836205859251, -27.43888907143897, 39.80615880997939, 3.4349494187575007, -1.8726622410021585, 2.9849707198950806] joint_vel=[74.2321077250602, -73.17303743062935, 44.13207958807057, -72.73903748375965, 114.96083865487702, -21.67887662773694] imu_ang_vel=[0.0, 0.3595205713680855, 0.0] imu_quat_wxyz=[0.9992721579384135, 0.0, 0.03814648567176696, 0.0] status=0x0003
joint_pos=[7.671564200921141, -29.002290645785834, 40.4347930020409, 1.9364764914157826, 0.4165437426384267, 2.5507571668125837] joint_vel=[68.16429985325571, -84.26375818265957, 24.65870971996344, -61.260595265930064, 69.35894587912622, -0.7569962419934718] imu_ang_vel=[0.0, 0.3895688350036935, 0.0] imu_quat_wxyz=[0.9991221456631252, 0.0, 0.04189198068261866, 0.0] status=0x0003
joint_pos=[8.853745605430184, -30.817228321839803, 40.66171648163626, 1.0195688877157214, 0.5813559433600467, 3.134493599177259] joint_vel=[55.51955763220185, -92.5124111917073, 4.172699172010474, -43.8740227639037, -6.9710330186548335, 37.09600857910089] imu_ang_vel=[0.0, -0.16954855991186338, 0.0] imu_quat_wxyz=[0.9991325422531852, 0.0, 0.041643282899973245, 0.0] status=0x0003
joint_pos=[9.82106016285445, -31.946526131757686, 40.907105972633474, 0.2250824618598135, 0.3930434492092132, 3.913208431393936] joint_vel=[44.59810176612142, -36.12639848271522, 16.652702772849143, -38.03046123418387, -8.864120121542625, 39.16268857641372] imu_ang_vel=[0.0, -0.15109201975107028, 0.0] imu_quat_wxyz=[0.9992091984802384, 0.0, 0.03976150993711812, 0.0] status=0x0003
joint_pos=[10.672605388616558, -32.04855296558353, 41.17377822467137, -0.4397218391044972, 0.2625635899722383, 4.683954403833911] joint_vel=[41.4991405837521, 12.078401947868498, 11.587200181608544, -30.584939760298933, -5.203681688508369, 38.28363877035531] imu_ang_vel=[0.0, 0.010017841605877494, 0.0] imu_quat_wxyz=[0.9992312259026936, 0.0, 0.03920404546727216, 0.0] status=0x0003
joint_pos=[11.495728284921666, -31.519504201905754, 41.1172502880614, -1.0463134328494377, 0.19352661954733022, 5.522768044557183] joint_vel=[39.94688938740294, 35.74163729253631, -10.468765384978933, -29.428800124870932, -2.6999469188538034, 35.47072681142844] imu_ang_vel=[0.0, 0.08828987813735296, 0.0] imu_quat_wxyz=[0.9992027624961847, 0.0, 0.03992291848040753, 0.0] status=0x0003
joint_pos=[12.291422895507697, -30.782585788607882, 40.58138340634141, -1.6977337457147355, 0.16159719572554726, 6.230842470717246] joint_vel=[39.63317908167664, 37.43159739916012, -35.50093352833158, -34.3680007164286, -1.1494389055205994, 35.84469968277649] imu_ang_vel=[0.0, 0.05205794411004662, 0.0] imu_quat_wxyz=[0.9991722773676692, 0.0, 0.04067874309643285, 0.0] status=0x0003
joint_pos=[13.134424371036465, -30.13974410073822, 39.52836314397265, -2.442540619138405, 0.15147555469039228, 7.032505118310358] joint_vel=[44.855490061095516, 27.51345268373798, -61.551478028361714, -39.822207724966, -0.06981211170825627, 53.94062460152927] imu_ang_vel=[0.0, -0.00783627828076884, 0.0] imu_quat_wxyz=[0.9991663673876959, 0.0, 0.040823648554188074, 0.0] status=0x0003
joint_pos=[14.074452679372826, -29.593037307125876, 37.99615847951536, -3.1889223078409725, 0.14840553613220847, 7.714023606456588] joint_vel=[49.45886361820124, 25.530567562662235, -84.36277636252626, -36.901263627579326, -0.00946282063177853, 34.012033377000236] imu_ang_vel=[0.0, -0.005115983302419522, 0.0] imu_quat_wxyz=[0.9991712423276149, 0.0, 0.04070415833168113, 0.0] status=0x0003
joint_pos=[15.144451098119292, -29.053216641429945, 36.07856555928511, -3.884526662398733, 0.15055683579976478, 8.467098146434848] joint_vel=[54.780815513449895, 28.71786179215039, -102.04851058772046, -33.17067361030009, 0.02777355415436864, 33.651713427962406] imu_ang_vel=[0.0, 0.05142677502724846, 0.0] imu_quat_wxyz=[0.9991603229090461, 0.0, 0.04097132075355502, 0.0] status=0x0003
joint_pos=[16.325419377677125, -28.391199802024605, 33.917406517314014, -4.464597791099526, 0.15329582932036934, 9.217525917852697] joint_vel=[60.569842412030056, 36.34456944021141, -111.24315274494124, -26.39677977788203, 0.014534582899527162, 35.02137617447241] imu_ang_vel=[0.0, 0.16575576378530263, 0.0] imu_quat_wxyz=[0.9991122035896294, 0.0, 0.042128430284962035, 0.0] status=0x0003
joint_pos=[17.61993957647596, -27.524489751678267, 31.651403113703733, -4.872890971932729, 0.15620793327525476, 9.964561616067563] joint_vel=[66.34883314678642, 47.8217237139332, -114.33446448568483, -16.91215589931703, 0.05200067973477033, 35.24467642953795] imu_ang_vel=[0.0, 0.3284011913152965, 0.0] imu_quat_wxyz=[0.9989989326194967, 0.0, 0.0447340208913346, 0.0] status=0x0003
joint_pos=[18.992106723599658, -26.308109963038238, 29.384734354231536, -5.057683547870492, 0.1542437829360335, 10.71726335247872] joint_vel=[69.18948058989817, 68.53252932748353, -112.71498908765689, -4.738203633611549, -0.17364351258545216, 35.200903297425086] imu_ang_vel=[0.0, 0.5382665409836305, 0.0] imu_quat_wxyz=[0.998785529505335, 0.0, 0.04926932159820853, 0.0] status=0x0003
joint_pos=[20.32639719530195, -24.42078100412261, 27.175958125538497, -4.953656537681721, 0.11886142832372634, 11.562487793273837] joint_vel=[65.61082432501975, 108.40793713147048, -109.06142433472581, 10.418983090501555, -1.8310858766215574, 48.01349647460045] imu_ang_vel=[0.0, 0.811642682667167, 0.0] imu_quat_wxyz=[0.9984149653825012, 0.0, 0.056281052764309086, 0.0] status=0x0003
joint_pos=[21.174839333843273, -20.92050349473035, 24.80837350865491, -3.9708042248349615, -1.1000548585286167, 12.98373797989142] joint_vel=[29.804079319803993, 211.4258809105404, -123.18255209400971, 70.19989437345976, -92.89427689791687, 86.67295929812454] imu_ang_vel=[0.0, 1.1036765554398689, 0.0] imu_quat_wxyz=[0.9978077504725549, 0.0, 0.06617924974566969, 0.0] status=0x0003
joint_pos=[21.14418274122391, -17.278597475494834, 20.652024343914974, -2.0506573340835375, -4.470075839346898, 15.34254356567099] joint_vel=[-10.183270985931294, 110.54336206390168, -286.5130209025091, 109.53908999369918, -212.02719458592279, 113.53763713003316] imu_ang_vel=[0.0, 0.8968289933940093, 0.0] imu_quat_wxyz=[0.9970412472720771, 0.0, 0.0768684020787532, 0.0] status=0x0003
joint_pos=[20.56878655301901, -14.944527724147108, 15.196376729029609, 0.5139515232621826, -9.88615613689128, 16.900934146397628] joint_vel=[-39.22207712971568, 120.35152862479069, -267.43393584158133, 138.27981596961126, -302.4886896893608, 58.61042823014265] imu_ang_vel=[0.0, 0.4598442356726429, 0.0] imu_quat_wxyz=[0.99654895676903, 0.0, 0.08300708862836981, 0.0] status=0x0003
sim t=    5.02s  x= 1.341m z= 0.528m pitch= 9.77deg action=[-1.0, 1.0, 0.431, 1.0, -1.0, -0.092]
joint_pos=[19.48587542276845, -12.583045826042234, 10.46714836924485, 3.541835344456861, -16.76220171614563, 17.583450812499834] joint_vel=[-62.474838403315644, 117.15168207110871, -221.96131122079052, 158.27347810374883, -365.3882762509436, 20.870846668379723] imu_ang_vel=[0.0, 0.0793701367792572, 0.0] imu_quat_wxyz=[0.9963651205374369, 0.0, 0.08518536597572941, 0.0] status=0x0003
joint_pos=[18.035817379252006, -10.314355761821743, 6.7291148698837056, 6.7596727106347325, -24.078269968288975, 17.921600934174897] joint_vel=[-78.28442766165541, 112.258641744978, -169.61319251129086, 162.18367032439758, -364.73187037546427, 14.818729143480597] imu_ang_vel=[0.0, -0.17730601168922985, 0.0] imu_quat_wxyz=[0.9964449461993273, 0.0, 0.08424647882148917, 0.0] status=0x0003
joint_pos=[16.36717433035741, -8.768811207259287, 4.382165365931723, 9.463107876932643, -30.69224288808499, 17.853524521890396] joint_vel=[-86.38896305384924, 58.57283653231459, -90.2695207330439, 120.0736825861027, -311.21008773740004, -13.006978226107872] imu_ang_vel=[0.0, -0.5854046754371173, 0.0] imu_quat_wxyz=[0.9967822510924091, 0.0, 0.08015699537251575, 0.0] status=0x0003
joint_pos=[14.681031696865439, -8.330900003482412, 3.1811178441519994, 11.246662279948364, -35.92686846161065, 16.695745256875345] joint_vel=[-83.22678144286476, 1.9858581659531656, -44.29269738213851, 71.96618317377366, -234.11570990938975, -81.6863227682568] imu_ang_vel=[0.0, -0.9706842348201983, 0.0] imu_quat_wxyz=[0.997415754950332, 0.0, 0.07184574988723706, 0.0] status=0x0003
joint_pos=[13.0167241314168, -8.753543014169678, 2.6624873402084006, 12.101008539082049, -39.60634274647837, 14.970939401821322] joint_vel=[-83.08267441155267, -33.99329734729964, -16.197085166541974, 26.43866604988107, -156.09648140650006, -88.46252274487152] imu_ang_vel=[0.0, -1.2392005583653447, 0.0] imu_quat_wxyz=[0.9981747868967952, 0.0, 0.06039118150473203, 0.0] status=0x0003
joint_pos=[11.366065568657628, -9.567211419657669, 3.414708468040786, 12.286759952997585, -41.58336228276045, 13.734500020174478] joint_vel=[-81.9541154695832, -43.38342643254579, 58.86417070620274, -0.1394357789090206, -67.92404700209809, -47.33273913694202] imu_ang_vel=[0.0, -1.1978599042590317, 0.0] imu_quat_wxyz=[0.998850938488714, 0.0, 0.047924969277144604, 0.0] status=0x0003
joint_pos=[9.887608517577103, -10.284036652258374, 4.499631753279845, 12.315069118028221, -42.28675917365367, 13.391334577790776] joint_vel=[-69.35887536278129, -31.90573492939916, 52.32512128694394, 2.242029072067661, -16.65313321488936, -1.2690089791980423] imu_ang_vel=[0.0, -0.9325166715406232, 0.0] imu_quat_wxyz=[0.9993004673036092, 0.0, 0.037397540651602834, 0.0] status=0x0003
joint_pos=[8.65141883352322, -10.685855017224107, 5.421182070970351, 12.598888002379566, -42.3360289288552, 14.011342446740494] joint_vel=[-57.61153091313497, -13.719176716729026, 42.72782085272887, 20.777224543647005, 5.500964615995975, 48.2795493733529] imu_ang_vel=[0.0, -0.5844120737210113, 0.0] imu_quat_wxyz=[0.9995433263766491, 0.0, 0.0302181848545473, 0.0] status=0x0003
joint_pos=[7.707024459408472, -10.800717919402695, 6.183330285827206, 13.350383134569377, -42.07903572433889, 15.20503710616677] joint_vel=[-41.51895071133375, -1.4701947302425584, 35.7372399102635, 46.772358419552134, 17.13995365913485, 65.75143006623107] imu_ang_vel=[0.0, -0.2140896995311687, 0.0] imu_quat_wxyz=[0.9996445311652629, 0.0, 0.026661044829148606, 0.0] status=0x0003
joint_pos=[7.039810034455041, -10.72901328963049, 6.835226979502299, 14.574326711176312, -41.67125209326378, 16.357438969430028] joint_vel=[-29.008283065836622, 6.476288594083455, 31.09662832462122, 69.08380266347534, 22.338293192397902, 53.23054691565039] imu_ang_vel=[0.0, 0.08633360388055272, 0.0] imu_quat_wxyz=[0.9996497108970587, 0.0, 0.026466119916357975, 0.0] status=0x0003
joint_pos=[6.543621325133434, -10.548835600977974, 7.428852634775911, 16.144194666340574, -41.217618622120774, 17.029767115917572] joint_vel=[-22.66031230988591, 10.540851644376808, 29.146717612573052, 83.58961601276087, 22.936245995582222, 23.10314832196638] imu_ang_vel=[0.0, 0.26606157716121903, 0.0] imu_quat_wxyz=[0.9995921666854011, 0.0, 0.02855696589599987, 0.0] status=0x0003
joint_pos=[6.104718502318252, -10.345950755980187, 8.010388136777824, 17.869373095401897, -40.73608985070623, 17.109811984713126] joint_vel=[-21.72593954131637, 10.069266961789666, 29.574024018798816, 87.62544748621826, 24.730485099115466, -5.809230135598299] imu_ang_vel=[0.0, 0.31782470428831283, 0.0] imu_quat_wxyz=[0.9994991375255735, 0.0, 0.03164607535911338, 0.0] status=0x0003
joint_pos=[5.601611881794871, -10.182508792973627, 8.613285742055007, 19.505131276600824, -40.10425434148459, 16.66923721197496] joint_vel=[-27.187868751022762, 7.238393812390817, 31.247481433806403, 78.47510010148545, 35.40785245158074, -30.665653519067543] imu_ang_vel=[0.0, 0.24106572451523192, 0.0] imu_quat_wxyz=[0.9994062591480511, 0.0, 0.03445474097564144, 0.0] status=0x0003
joint_pos=[4.9111488402706165, -10.01727301052018, 9.322224358624538, 20.84907331021995, -39.13620931824829, 15.764121260082083] joint_vel=[-36.91230799512404, 5.730433172835972, 31.93855821332925, 59.589745379060346, 56.707376020641526, -53.04066124727392] imu_ang_vel=[0.0, 0.11476541840507226, 0.0] imu_quat_wxyz=[0.9993510782122564, 0.0, 0.03601975119292888, 0.0] status=0x0003
joint_pos=[4.006579389775374, -9.869514779853723, 9.900602063065, 21.724113784466837, -37.66594160893245, 14.469594144159078] joint_vel=[-50.07439142879146, 8.642561179001389, 29.158348953608222, 35.10429879080441, 82.69237352860519, -70.88553108597687] imu_ang_vel=[0.0, -0.1119077291278862, 0.0] imu_quat_wxyz=[0.9993636094657312, 0.0, 0.035670380929077795, 0.0] status=0x0003
joint_pos=[2.798831096333991, -9.535964973083201, 10.525534272236907, 22.105194262104835, -35.64116856543597, 12.950601642007307] joint_vel=[-66.47899962119577, 22.0879985452922, 34.96604760930662, 10.512124292689787, 111.16850663089517, -78.55098287059968] imu_ang_vel=[0.0, -0.2817261866724393, 0.0] imu_quat_wxyz=[0.9994383823969473, 0.0, 0.03350999540097489, 0.0] status=0x0003
joint_pos=[1.359015023182565, -9.075220045086809, 11.034488859871308, 21.968485195108613, -33.0949791172479, 11.301891214673075] joint_vel=[-75.40159470299572, 24.46394849949615, 22.278619679775588, -16.157674836627606, 135.84131553003124, -84.40574161364715] imu_ang_vel=[0.0, -0.39879844835433076, 0.0] imu_quat_wxyz=[0.9995521001208998, 0.0, 0.029926562513907292, 0.0] status=0x0003
joint_pos=[-0.26931753977413175, -8.46738902666426, 11.486298134370525, 21.37501837932882, -30.169390905162974, 9.541109107951664] joint_vel=[-83.82505340454968, 32.37047270662614, 18.79804840694236, -37.88231147824377, 152.13324937130014, -89.896281503317] imu_ang_vel=[0.0, -0.4895062964504382, 0.0] imu_quat_wxyz=[0.9996799314295544, 0.0, 0.025298907031755413, 0.0] status=0x0003
joint_pos=[-2.024320719652926, -7.682623883877582, 11.93599526820394, 20.41666062370505, -27.017924525618252, 7.689918227122048] joint_vel=[-90.2907988458162, 44.148530136428974, 26.583234022476052, -53.115031336979236, 160.01796650741224, -93.88213690575672] imu_ang_vel=[0.0, -0.49126689239412663, 0.0] imu_quat_wxyz=[0.9997925186336538, 0.0, 0.020369577417684626, 0.0] status=0x0003
joint_pos=[-3.7608743532847866, -6.881559735595018, 12.342009193649163, 19.16011089744828, -23.782870720325025, 5.843878870188165] joint_vel=[-85.37292913440713, 38.93517263794303, 18.994692625373816, -67.87355579199549, 162.1162500431515, -91.36260029735482] imu_ang_vel=[0.0, -0.4244279043052041, 0.0] imu_quat_wxyz=[0.9998746976467673, 0.0, 0.015830003341301812, 0.0] status=0x0003
joint_pos=[-5.40863712196842, -6.199707958343171, 12.884931327680002, 17.646362772200828, -20.62410786943779, 4.268517688961255] joint_vel=[-81.15920275021072, 32.465691735510156, 33.972397580087076, -79.70320164838391, 155.08222546522617, -71.96531406554743] imu_ang_vel=[0.0, -0.3862056647534013, 0.0] imu_quat_wxyz=[0.9999301659519565, 0.0, 0.01181791941471267, 0.0] status=0x0003
joint_pos=[-6.802025043722977, -5.967857635662081, 13.65067174224949, 15.89309594559929, -17.67822043761559, 3.2382311782249413] joint_vel=[-63.65133677932741, 0.8120653564917092, 42.214125655829925, -92.00429498560952, 142.53043406973745, -40.54979705334638] imu_ang_vel=[0.0, -0.3109782372855137, 0.0] imu_quat_wxyz=[0.9999647396992613, 0.0, 0.008397580496108187, 0.0] status=0x0003
joint_pos=[-7.752008993308145, -6.531808889251323, 14.904483506987054, 13.948062847297184, -15.004371775416912, 2.9808663380656073] joint_vel=[-37.5211035883646, -46.28117326979712, 69.16502897394669, -101.40717125063173, 128.9081737227206, 1.4618025128564598] imu_ang_vel=[0.0, -0.22550976670841524, 0.0] imu_quat_wxyz=[0.9999832510280923, 0.0, 0.0057877165866511565, 0.0] status=0x0003
joint_pos=[-8.042239019401872, -8.138094668454546, 16.8147660721081, 11.897937921793842, -12.508028672107017, 3.6296726575397336] joint_vel=[-3.7124784316917325, -95.20065801188616, 117.7120529441226, -101.54391719931753, 121.44852212207019, 48.98715900711563] imu_ang_vel=[0.0, -0.009085023764791715, 0.0] imu_quat_wxyz=[0.9999887099843747, 0.0, 0.004751831624351519, 0.0] status=0x0003
joint_pos=[-7.684691016955054, -10.623497385324868, 19.089445913972167, 10.61699347988225, -11.462088374033753, 3.024747591581607] joint_vel=[26.959000186907247, -129.77274439744167, 113.56791682345565, -40.927878085927546, 15.511819346481282, -66.53783790613413] imu_ang_vel=[0.0, -0.08455695055728112, 0.0] imu_quat_wxyz=[0.9999880066392104, 0.0, 0.004897609390142116, 0.0] status=0x0003
joint_pos=[-6.898222916894972, -12.77561839073952, 21.842753409821523, 9.998438318828303, -11.136178112129, 2.0205309974156918] joint_vel=[46.251388070117756, -94.83693229381339, 150.49937434975678, -25.50489281521976, 16.806601171112664, -41.981076005585344] imu_ang_vel=[0.0, 0.17473678245401464, 0.0] imu_quat_wxyz=[0.9999848735883425, 0.0, 0.005500235859187094, 0.0] status=0x0003
joint_pos=[-5.59468249516095, -14.522757870254436, 24.972602265609737, 9.607641070158305, -10.830608047817067, 2.598794224509804] joint_vel=[73.59549357389537, -82.74603099870899, 159.45038623455096, -12.429932717215591, 8.832534294113259, 41.21644741170648] imu_ang_vel=[0.0, 0.45914225056956587, 0.0] imu_quat_wxyz=[0.999957238514148, 0.0, 0.009247764224896904, 0.0] status=0x0003
joint_pos=[-3.888565425441137, -16.44360341025628, 27.94715937384347, 9.338776929993646, -10.526498399336226, 3.2338684011710073] joint_vel=[91.67626099135647, -103.04221669112074, 142.82535424846955, -14.162496877048612, 18.693959528188337, 26.758436076577567] imu_ang_vel=[0.0, 0.5163617077781762, 0.0] imu_quat_wxyz=[0.999896551253516, 0.0, 0.014383559758453696, 0.0] status=0x0003
joint_pos=[-2.1237292621792014, -18.565113964920307, 30.620100852553144, 8.867472992302513, -10.039665001783932, 3.545074127565258] joint_vel=[86.73224734842387, -107.0937842172172, 128.4920746445895, -29.13447480789195, 27.01246548564444, 17.923053357052908] imu_ang_vel=[0.0, 0.3511248740926539, 0.0] imu_quat_wxyz=[0.9998250417401512, 0.0, 0.01870523748325239, 0.0] status=0x0003
joint_pos=[-0.4385913042166276, -20.51366342877589, 33.02888758850259, 8.191718571362129, -9.382895978433181, 3.8636643978314513] joint_vel=[82.82321861865584, -91.79621266502927, 116.05464052364664, -36.43009904776432, 36.34867971359811, 14.365612608343561] imu_ang_vel=[0.0, 0.27211332622635764, 0.0] imu_quat_wxyz=[0.9997665052008963, 0.0, 0.021608680625762593, 0.0] status=0x0003
joint_pos=[1.1569711552509654, -22.050602366007062, 35.1348966053535, 7.413657493397711, -8.523917447786348, 4.080984464334482] joint_vel=[78.08505984618255, -68.31587137810077, 99.48654190308717, -40.37589178932629, 46.948943508921495, 9.073804455851867] imu_ang_vel=[0.0, 0.2774682304141573, 0.0] imu_quat_wxyz=[0.9997047070353133, 0.0, 0.024300179658563032, 0.0] status=0x0003
joint_pos=[2.6804465754136353, -23.283221668532846, 36.86525850404674, 6.524203150715797, -7.430236633918787, 4.185602817333293] joint_vel=[75.07974726278732, -57.72349886900629, 79.51967154832033, -46.869155044393054, 59.4045280335588, 3.1018089691368904] imu_ang_vel=[0.0, 0.28008375241791705, 0.0] imu_quat_wxyz=[0.9996323276882946, 0.0, 0.027114745812600656, 0.0] status=0x0003
joint_pos=[4.143933738264952, -24.436342155188235, 38.1996448307771, 5.458614847109094, -6.056520699852768, 4.159237875440952] joint_vel=[72.0768552431443, -57.44306736705438, 59.82076849478128, -56.99508443606004, 74.39016941243618, -3.842206657085827] imu_ang_vel=[0.0, 0.24908710599600914, 0.0] imu_quat_wxyz=[0.9995572140133363, 0.0, 0.029755266994220535, 0.0] status=0x0003
joint_pos=[5.562753501921781, -25.62424786553177, 39.13867290105904, 4.179175544802142, -4.328219070847267, 3.965416305755765] joint_vel=[70.29257776194477, -60.310325327238345, 40.03749337235354, -68.05224176209077, 93.82141179546439, -12.989936668695215] imu_ang_vel=[0.0, 0.22912819588261363, 0.0] imu_quat_wxyz=[0.9994846176955642, 0.0, 0.0321013861063958, 0.0] status=0x0003
joint_pos=[6.967699804859857, -26.883631203713126, 39.668368536442756, 2.6785298800731296, -2.1516710609963536, 3.5619727222046897] joint_vel=[70.23177986926498, -64.28989419853454, 19.23185161418533, -79.15864234821451, 118.09059550785466, -24.31385242197103] imu_ang_vel=[0.0, 0.2496497603978584, 0.0] imu_quat_wxyz=[0.9994052649769347, 0.0, 0.03448356617844071, 0.0] status=0x0003
joint_pos=[8.400036965666365, -28.25763522343733, 39.82011667353992, 0.9514701698374174, 0.5720520139316648, 2.906802636747015] joint_vel=[72.42529091777678, -71.02005471722445, 1.7214834358992628, -90.64470578281816, 147.37384863763154, -37.76203181581544] imu_ang_vel=[0.0, 0.31316510404773334, 0.0] imu_quat_wxyz=[0.999302550498353, 0.0, 0.03734183401343123, 0.0] status=0x0003
joint_pos=[9.597930379190181, -30.010217036462773, 39.71062449905922, -0.055663325640928865, 0.9854425314088292, 3.362994231501412] joint_vel=[55.89466367618315, -93.44284790267112, -9.401115881516821, -41.32063606870893, -11.265314766644147, 39.26183124132166] imu_ang_vel=[0.0, -0.1639576751038394, 0.0] imu_quat_wxyz=[0.9992857855458337, 0.0, 0.037787812930175864, 0.0] status=0x0003
joint_pos=[10.554597734884577, -31.209294938634415, 39.742015383560876, -0.7861532579250966, 0.6424390539893355, 4.216459412030808] joint_vel=[43.740711142544015, -40.89785658534653, 7.315361622627037, -35.17200900620569, -16.477743100528016, 42.992426466550626] imu_ang_vel=[0.0, -0.16679733568962218, 0.0] imu_quat_wxyz=[0.9993582071228856, 0.0, 0.03582141616591647, 0.0] status=0x0003
joint_pos=[11.438767595291694, -31.4518991122247, 39.77383242101973, -1.3823846497620937, 0.4002004310350193, 5.132708152618911] joint_vel=[43.5350993003522, 5.185946824875981, -1.2146934516420105, -26.18423187285751, -9.894037913172545, 39.817895437459256] imu_ang_vel=[0.0, 0.036814093494303805, 0.0] imu_quat_wxyz=[0.9993767059016124, 0.0, 0.035301553807756854, 0.0] status=0x0003
joint_pos=[12.288727253289052, -31.07305487347552, 39.52990119159202, -1.911414964507011, 0.267902959244497, 5.8750781127478096] joint_vel=[42.006324862307245, 26.478994528925, -18.026566182274063, -26.680898082850703, -5.053875090904231, 37.06251454996876] imu_ang_vel=[0.0, 0.1158356071041422, 0.0] imu_quat_wxyz=[0.9993411871746619, 0.0, 0.03629313456202599, 0.0] status=0x0003
joint_pos=[13.120926617398204, -30.475401199083016, 38.83494951230834, -2.494916957797856, 0.20338093721607248, 6.602893901143149] joint_vel=[41.332703226895134, 31.75374695477144, -43.65568602309246, -30.589002235482255, -2.41582450771823, 36.60082232189645] imu_ang_vel=[0.0, 0.09908284802522575, 0.0] imu_quat_wxyz=[0.9992997650219769, 0.0, 0.03741630162137369, 0.0] status=0x0003
joint_pos=[13.984105880384963, -29.872976875750616, 37.63173646021705, -3.150119922327815, 0.17469830128673988, 7.394593861200919] joint_vel=[43.23326091022861, 30.148468650984285, -69.04894751141718, -33.47175041241259, -1.0854710365921254, 34.77573499355278] imu_ang_vel=[0.0, 0.06285924845931848, 0.0] imu_quat_wxyz=[0.9992702398655902, 0.0, 0.03819669774948873, 0.0] status=0x0003
joint_pos=[14.916826055522455, -29.276281390438466, 35.96987522141102, -3.8115731947510882, 0.16386990651034788, 8.166542759142915] joint_vel=[47.61349177403257, 30.609842815048914, -90.63513008406412, -32.49045020136845, -0.5220172566953316, 35.424527796277474] imu_ang_vel=[0.0, 0.07902159315767789, 0.0] imu_quat_wxyz=[0.9992447894760209, 0.0, 0.038856797410783246, 0.0] status=0x0003
joint_pos=[15.956896752576869, -28.608314617782426, 33.95832242099896, -4.394166365026254, 0.1612911405351526, 8.916643424614112] joint_vel=[55.54810303239741, 33.735237143907014, -105.652306834546, -28.045766308967963, 0.14533823870107526, 48.0017223219086] imu_ang_vel=[0.0, 0.15764230860558456, 0.0] imu_quat_wxyz=[0.9991973261673607, 0.0, 0.04005874910674328, 0.0] status=0x0003
joint_pos=[17.1334742230387, -27.769562259771174, 31.747508891245655, -4.816122301424755, 0.16180658833664485, 9.659682227144456] joint_vel=[62.58991016581247, 44.40975247712756, -112.81332264653314, -18.404791074494177, 0.2445161639895464, 46.14915646121317] imu_ang_vel=[0.0, 0.31030557310640633, 0.0] imu_quat_wxyz=[0.9990952051496673, 0.0, 0.04252964903387024, 0.0] status=0x0003
joint_pos=[18.417387357448703, -26.587710047842517, 29.499716544895097, -5.012510773139645, 0.16128975963066366, 10.408012003535024] joint_vel=[65.3309914462418, 66.86566873573494, -111.99489585427858, -5.2841277975995995, -0.10634901006229999, 35.318152711113775] imu_ang_vel=[0.0, 0.5238945194310414, 0.0] imu_quat_wxyz=[0.9988992645289885, 0.0, 0.04690692191399775, 0.0] status=0x0003
joint_pos=[19.68581988164786, -24.79661946257818, 27.351616483279052, -4.937929365474695, 0.12941711785718663, 11.189143358290963] joint_vel=[61.78247179754339, 102.6164561580977, -104.86224017418253, 8.832436502295522, -1.8056018082938747, 37.11051302346137] imu_ang_vel=[0.0, 0.7691340092668129, 0.0] imu_quat_wxyz=[0.9985611758751506, 0.0, 0.05362441640555774, 0.0] status=0x0003
joint_pos=[20.58835693424659, -21.575341755985423, 25.135643955056036, -4.1341206028907, -0.7553253239143302, 12.4745416489067] joint_vel=[35.845537765104744, 193.27535900941098, -113.8262691036577, 57.45497396266029, -67.34145190289061, 80.67340496147156] imu_ang_vel=[0.0, 1.0775539914258507, 0.0] imu_quat_wxyz=[0.9980017390697803, 0.0, 0.06318646068339404, 0.0] status=0x0003
joint_pos=[20.548987695508334, -17.22698098906401, 21.761668172064123, -2.4135406346872723, -3.647580634173192, 14.77918971667415] joint_vel=[-7.46115131697847, 109.66466288488539, -277.75515221849054, 98.74962255123603, -186.10532018912284, 121.4826214466578] imu_ang_vel=[0.0, 1.061977315702939, 0.0] imu_quat_wxyz=[0.9972413996669719, 0.0, 0.07422661780155962, 0.0] status=0x0003
joint_pos=[20.037022893220932, -14.858418269418841, 16.0754635752364, -0.03249013199626323, -8.633291191024641, 16.491134302239068] joint_vel=[-36.63437074497722, 125.87074685013103, -288.2172576386127, 130.1653287503017, -283.4940259556925, 66.19916745267115] imu_ang_vel=[0.0, 0.5068474845557498, 0.0] imu_quat_wxyz=[0.9967283401730602, 0.0, 0.08082459957127144, 0.0] status=0x0003
sim t=    6.02s  x= 1.625m z= 0.529m pitch= 9.60deg action=[-1.0, 1.0, 0.391, 1.0, -1.0, -0.061]
joint_pos=[18.98612337609801, -12.354686657944553, 10.988522171724762, 2.8651749713192407, -15.206923809087076, 17.36587663499622] joint_vel=[-61.38949236515224, 125.11667127015517, -238.40788817118678, 152.66850122276585, -352.49384118379817, 31.535834812626874] imu_ang_vel=[0.0, 0.13818288952385627, 0.0] imu_quat_wxyz=[0.9965038426143781, 0.0, 0.08354694282125955, 0.0] status=0x0003
joint_pos=[17.535500665418454, -9.931822547648796, 7.0016176354380875, 6.030533977045812, -22.472316767586936, 17.7913650295721] joint_vel=[-78.87085566317633, 119.74220327431563, -180.15328306267048, 161.141977955263, -367.8861761835258, 15.767484086025394] imu_ang_vel=[0.0, -0.13298446723929844, 0.0] imu_quat_wxyz=[0.9965383770310733, 0.0, 0.08313400690616582, 0.0] status=0x0003
joint_pos=[15.880471714458437, -8.19753750004357, 4.465702924291056, 8.841118824469708, -29.323598701715493, 17.72982253925] joint_vel=[-85.00494538031717, 69.0460406993335, -99.08720171092213, 128.91378527366044, -327.73012752840435, -12.998066263416463] imu_ang_vel=[0.0, -0.5006660143982997, 0.0] imu_quat_wxyz=[0.9968216832964494, 0.0, 0.07966512229346843, 0.0] status=0x0003
joint_pos=[14.225132330185389, -7.608467010022569, 3.1936738492811947, 10.800200511865793, -34.93327859662914, 16.639234294555376] joint_vel=[-81.61702761765427, 7.989296127712688, -45.083840388619855, 80.68502401183443, -254.0431725364978, -76.53580014569854] imu_ang_vel=[0.0, -0.88972259727304, 0.0] imu_quat_wxyz=[0.9973869553813373, 0.0, 0.07224445470170213, 0.0] status=0x0003
joint_pos=[12.61960468508572, -7.98012609900908, 2.641114770250183, 11.810467848545036, -38.99048897633192, 14.899989795842412] joint_vel=[-79.42930579858246, -33.348724247708184, -18.38963015849166, 33.716736948437166, -174.41776417054726, -92.3177088940468] imu_ang_vel=[0.0, -1.179479986876765, 0.0] imu_quat_wxyz=[0.9981091771502801, 0.0, 0.06146601083843635, 0.0] status=0x0003
joint_pos=[11.009770390731369, -8.776830132327959, 3.2024611405121353, 12.087222906544266, -41.33546372506069, 13.595744100099733] joint_vel=[-78.77187039838273, -48.525311050539855, 60.53856945917783, 2.544960157614571, -82.15338902355056, -50.683867270957776] imu_ang_vel=[0.0, -1.137131690963687, 0.0] imu_quat_wxyz=[0.9987831827553246, 0.0, 0.049316871810200696, 0.0] status=0x0003
joint_pos=[9.586185267751917, -9.641903496174622, 4.308303469605268, 12.124887665567211, -42.28269770016749, 13.201680867255899] joint_vel=[-67.1063579600212, -40.32306939091506, 54.170486874914964, 1.6321164712578213, -27.795150231753052, -3.370189928514105] imu_ang_vel=[0.0, -0.9723594199750238, 0.0] imu_quat_wxyz=[0.9992552794316818, 0.0, 0.03858609241568183, 0.0] status=0x0003
joint_pos=[8.391684031226653, -10.177926160617288, 5.263653432761759, 12.372012857289961, -42.44359374215613, 13.89336772036143] joint_vel=[-55.548188469295965, -19.584063752966614, 44.22239675351133, 18.283113969639885, 2.999846450339709, 54.91440718042126] imu_ang_vel=[0.0, -0.6186364647780485, 0.0] imu_quat_wxyz=[0.9995199822761083, 0.0, 0.030980720307444476, 0.0] status=0x0003
joint_pos=[7.500903271641894, -10.405992924974123, 6.060282092854195, 13.07142570648537, -42.1761147320234, 15.158732101651776] joint_vel=[-38.503720838842206, -6.928254511586722, 37.45389809176683, 44.11455316390587, 19.377416385111808, 67.70487441529335] imu_ang_vel=[0.0, -0.2275935076724615, 0.0] imu_quat_wxyz=[0.9996296844910398, 0.0, 0.027212017278110325, 0.0] status=0x0003
joint_pos=[6.900575287709017, -10.426093342044132, 6.74084748047774, 14.268477654662698, -41.73700905792374, 16.339316875890503] joint_vel=[-25.416473438456638, 2.168362183818693, 32.39250111777639, 68.44903060216343, 23.50971315548359, 54.3455185044907] imu_ang_vel=[0.0, 0.09363047924901358, 0.0] imu_quat_wxyz=[0.9996349537690563, 0.0, 0.027017757181836077, 0.0] status=0x0003
joint_pos=[6.476107652909582, -10.327334371257507, 7.362192655490688, 15.839032686111825, -41.27440825411233, 17.05436429087267] joint_vel=[-19.065842405246986, 6.563858645146535, 30.51589237217471, 83.9913884286988, 22.98080950994375, 25.78171079450036] imu_ang_vel=[0.0, 0.28124445104177753, 0.0] imu_quat_wxyz=[0.9995723588313169, 0.0, 0.02924208372187238, 0.0] status=0x0003
joint_pos=[6.113658132179874, -10.192880864525952, 7.965530681339558, 17.586498341876105, -40.78737392851295, 17.193206298394713] joint_vel=[-17.77462658583789, 6.933670382213432, 30.538149904059303, 89.1387408380257, 25.13748992258739, -2.687277895877662] imu_ang_vel=[0.0, 0.34509054859073895, 0.0] imu_quat_wxyz=[0.9994701406020704, 0.0, 0.032549009890895285, 0.0] status=0x0003
joint_pos=[5.683819436247121, -10.080951055443263, 8.582852327665599, 19.260762172515438, -40.15318738234318, 16.804639187709455] joint_vel=[-23.683639365053587, 4.955550063444276, 31.84563212224083, 80.63380928260597, 35.36342659749198, -28.347315883925308] imu_ang_vel=[0.0, 0.2723250520992477, 0.0] imu_quat_wxyz=[0.9993637456061051, 0.0, 0.03566656653136194, 0.0] status=0x0003
joint_pos=[5.058389966788548, -9.9583378754136, 9.306676775425686, 20.657607676315568, -39.201285732232456, 15.93648140035862] joint_vel=[-38.31809668108952, 11.922139615347708, 50.24251758396689, 65.87875950481742, 52.84885224540468, -51.33043620532294] imu_ang_vel=[0.0, 0.11229824697489842, 0.0] imu_quat_wxyz=[0.9992983890178598, 0.0, 0.037453033339238544, 0.0] status=0x0003
joint_pos=[4.230231004445127, -9.871042470966918, 9.907806128795972, 21.597210636568896, -37.744472200558846, 14.687326122979838] joint_vel=[-45.77791307782141, 5.040423512875031, 30.001542218029556, 38.45421699979559, 82.2682268980772, -68.25515550342139] imu_ang_vel=[0.0, -0.08077700347755236, 0.0] imu_quat_wxyz=[0.9992974747159736, 0.0, 0.03747742021908778, 0.0] status=0x0003
joint_pos=[3.0805288099541945, -9.614154456712928, 10.498594842935754, 22.004782571450168, -35.71712471882116, 13.231121385690018] joint_vel=[-62.84552038404047, 15.510685236338027, 24.993027697189497, 9.583081438017745, 112.26331574887038, -75.16931790394236] imu_ang_vel=[0.0, -0.2779962307770264, 0.0] imu_quat_wxyz=[0.9993701358475258, 0.0, 0.03548706209448622, 0.0] status=0x0003
joint_pos=[1.6384729799360505, -9.160634751993511, 11.066365185717833, 21.88813858327243, -33.159778574871545, 11.586649383993906] joint_vel=[-77.58928683901975, 27.65061236404631, 32.45669762543033, -14.016147054325685, 136.06133674088417, -85.8891554864038] imu_ang_vel=[0.0, -0.4279882854757585, 0.0] imu_quat_wxyz=[0.9994953912505657, 0.0, 0.031764175872806145, 0.0] status=0x0003
joint_pos=[0.03717212486129428, -8.589780802211264, 11.530245785036518, 21.333512495259487, -30.224408910753763, 9.772937991228323] joint_vel=[-81.81383035383007, 29.983321456392087, 20.086402922285885, -35.04258705041702, 152.20938978024142, -93.1426646765605] imu_ang_vel=[0.0, -0.47377516181600804, 0.0] imu_quat_wxyz=[0.9996324572260534, 0.0, 0.027109969756573957, 0.0] status=0x0003
joint_pos=[-1.6963089347304448, -7.8596133707755005, 11.935930616193103, 20.398766264922926, -27.07231301948209, 7.916655364736026] joint_vel=[-88.47739469272463, 38.896410133690125, 16.421263015820642, -53.93128770492967, 160.5819518292315, -92.55364132371919] imu_ang_vel=[0.0, -0.5098677722947113, 0.0] imu_quat_wxyz=[0.9997556272809528, 0.0, 0.022106237130470916, 0.0] status=0x0003
joint_pos=[-3.476980724824561, -7.029904577954619, 12.374771302326543, 19.154590421704437, -23.83133809185728, 6.09753560070129] joint_vel=[-89.69544666667939, 43.97466036648574, 26.97489106897365, -66.48277480548414, 162.30472741966844, -90.00945139681895] imu_ang_vel=[0.0, -0.4737619824170096, 0.0] imu_quat_wxyz=[0.9998517909499357, 0.0, 0.017216159101442287, 0.0] status=0x0003
joint_pos=[-5.139680122923459, -6.336482222653398, 12.851462288536782, 17.660386677903787, -20.656245894449462, 4.471397637194165] joint_vel=[-79.95815410431241, 30.60682578196851, 24.27634122789826, -78.9791277856178, 156.1985982975782, -76.58072216446423] imu_ang_vel=[0.0, -0.38837040851575505, 0.0] imu_quat_wxyz=[0.9999156761289802, 0.0, 0.012986170779879383, 0.0] status=0x0003
joint_pos=[-6.582001449784554, -6.046274029375194, 13.634399952962722, 15.93581051869647, -17.705440126344403, 3.3716372167265947] joint_vel=[-68.13631252263256, 6.453355987617855, 49.40833384781965, -90.06143485632298, 142.2372347388057, -43.407641511913404] imu_ang_vel=[0.0, -0.35411983933875524, 0.0] imu_quat_wxyz=[0.9999562827165234, 0.0, 0.009350543072586854, 0.0] status=0x0003
joint_pos=[-7.577812455779274, -6.547344003673427, 14.849435609784722, 14.017508735812724, -15.038649492578118, 3.0556359306008805] joint_vel=[-41.96495967741043, -37.82470051692258, 78.50971128480784, -97.08399220309896, 127.09465241182146, -1.363187563871799] imu_ang_vel=[0.0, -0.24539181232073012, 0.0] imu_quat_wxyz=[0.9999791701519338, 0.0, 0.006454398674523554, 0.0] status=0x0003
joint_pos=[-7.8761765295819, -8.128638653492951, 16.639103199204687, 11.993618190474626, -12.53833493849479, 3.6074125593570194] joint_vel=[-1.3142006849271781, -99.35761736469463, 101.28341433737752, -102.54188094563352, 122.94451503002324, 43.04369062736545] imu_ang_vel=[0.0, -0.016722820558287527, 0.0] imu_quat_wxyz=[0.9999856034887332, 0.0, 0.0053658937069330365, 0.0] status=0x0003
joint_pos=[-7.5300900665410335, -10.682105241093192, 19.010748326584213, 10.431011095057212, -10.98125079588692, 3.573671929591777] joint_vel=[21.592232647930782, -133.46275993412678, 120.66627781834245, -48.00925689431208, 19.532085553789294, -67.14631833467072] imu_ang_vel=[0.0, -0.1255406267939486, 0.0] imu_quat_wxyz=[0.9999818141040538, 0.0, 0.006030875654948788, 0.0] status=0x0003
joint_pos=[-6.778354892550201, -12.939573300894217, 21.852817203929813, 9.702903287891349, -10.5070763729351, 2.4849361857805903] joint_vel=[46.53941073597024, -100.96234568304457, 153.51258440417442, -30.14427600384629, 26.265066039982415, -48.00581202588888] imu_ang_vel=[0.0, 0.16681202765147984, 0.0] imu_quat_wxyz=[0.9999804680289388, 0.0, 0.006250084849385378, 0.0] status=0x0003
joint_pos=[-5.486309682650899, -14.86866159343784, 25.03535605783866, 9.294282788258283, -10.013261486975411, 2.089113489139352] joint_vel=[76.31478824573402, -92.64656778700225, 161.6735991176358, -16.267304730827473, 22.935697883143416, 21.428545642080888] imu_ang_vel=[0.0, 0.47136720498790624, 0.0] imu_quat_wxyz=[0.9999509997855819, 0.0, 0.009899395325740898, 0.0] status=0x0003
joint_pos=[-3.7398093672237693, -16.946567423991127, 28.137207450005246, 8.960269037487532, -9.494227525850484, 2.569838806700407] joint_vel=[93.13703092833128, -109.81430248433448, 151.42998218886845, -16.947683295663115, 27.90216450361251, 22.974005891652517] imu_ang_vel=[0.0, 0.5723368949462798, 0.0] imu_quat_wxyz=[0.9998789301615433, 0.0, 0.01556036693036761, 0.0] status=0x0003
joint_pos=[-1.9427944918191757, -19.188834016044733, 30.960726665522266, 8.452502088275837, -8.867819306087787, 2.975569420105512] joint_vel=[87.98181847552367, -113.05595103503477, 135.55126327116596, -30.194932192099515, 33.33072562950254, 19.254492033013147] imu_ang_vel=[0.0, 0.42714937309621154, 0.0] imu_quat_wxyz=[0.9997888311055433, 0.0, 0.020549773638933365, 0.0] status=0x0003
joint_pos=[-0.2333089628676527, -21.269767444654537, 33.46879579112165, 7.763714120498698, -8.087699205899192, 3.2912757500383014] joint_vel=[84.06558317251921, -98.74373064482943, 119.88474885267713, -36.915743221908805, 42.429869137203035, 14.1163291406996] imu_ang_vel=[0.0, 0.3503514925300717, 0.0] imu_quat_wxyz=[0.999706824403704, 0.0, 0.024212914749404162, 0.0] status=0x0003
joint_pos=[1.3976719771282373, -22.968510617217895, 35.65634942175904, 6.967029271613466, -7.083541700752116, 3.4886585179809435] joint_vel=[80.16058134825037, -77.02213115597065, 103.69220487351166, -41.57410206634847, 54.92063299834104, 7.660271180200961] imu_ang_vel=[0.0, 0.36117505405718214, 0.0] imu_quat_wxyz=[0.9996156595584784, 0.0, 0.027722430727991236, 0.0] status=0x0003
joint_pos=[2.9810717650123113, -24.395914194392546, 37.47110711935007, 6.044778848826842, -5.794239627789986, 3.5439253232059826] joint_vel=[78.58955393732496, -68.01516268994759, 83.74499402027274, -48.76963380056831, 70.20110143885861, 0.12760430778409773] imu_ang_vel=[0.0, 0.3747877388008228, 0.0] imu_quat_wxyz=[0.9995057960519355, 0.0, 0.03143507051983201, 0.0] status=0x0003
joint_pos=[4.531957001726888, -25.768989249360963, 38.883391261693156, 4.926878487404874, -4.157978283226762, 3.4322571659608747] joint_vel=[76.95031576235264, -68.81025971587631, 63.53797550331125, -60.04643456049857, 88.92712616412459, -8.828961326294998] imu_ang_vel=[0.0, 0.35608538932337197, 0.0] imu_quat_wxyz=[0.9993838995373263, 0.0, 0.03509731251203093, 0.0] status=0x0003
joint_pos=[6.06574587100574, -27.203054783994098, 39.89899316124842, 3.5661596496815395, -2.0856216089764743, 3.1121407216216723] joint_vel=[76.55651169927653, -73.12364870456769, 43.92634036910957, -72.72146717380642, 112.64447961535069, -20.106477027835712] imu_ang_vel=[0.0, 0.3467884967407949, 0.0] imu_quat_wxyz=[0.9992554676088201, 0.0, 0.038581218926808485, 0.0] status=0x0003
joint_pos=[7.614100667205387, -28.7394314211757, 40.523294237558154, 1.9477623052406265, 0.526822401190129, 2.537848817880458] joint_vel=[77.94295245405286, -78.70901681851645, 24.41401381954605, -85.77197342099788, 141.6918565902824, -33.72754751652133] imu_ang_vel=[0.0, 0.377052859823993, 0.0] imu_quat_wxyz=[0.9991091833108061, 0.0, 0.04219999791485901, 0.0] status=0x0003
joint_pos=[8.920383470176988, -30.61393981645693, 40.800566703756054, 0.9867920973774886, 0.9329065433809032, 3.0205949557241882] joint_vel=[61.19721972663004, -98.74860478823224, 8.115664534091511, -39.86135404600062, -10.352656146120328, 39.86179339904809] imu_ang_vel=[0.0, -0.10747785814613765, 0.0] imu_quat_wxyz=[0.9990654027082821, 0.0, 0.043224080225472895, 0.0] status=0x0003
joint_pos=[9.972950886888112, -31.926092398303016, 41.12568558803222, 0.2595903923766007, 0.6108631568462725, 3.882338385900004] joint_vel=[48.24777870377303, -46.74151985597751, 20.657500951186808, -35.68048816366297, -15.523667368299206, 43.401411205374366] imu_ang_vel=[0.0, -0.14215698630247686, 0.0] imu_quat_wxyz=[0.9991325785961768, 0.0, 0.041642410926298286, 0.0] status=0x0003
joint_pos=[10.935427063459906, -32.2831204895121, 41.3884012697966, -0.3672161903403077, 0.3835833555290142, 4.810986949479728] joint_vel=[49.53567941422794, -3.82789526514854, 9.425349175160827, -30.07909783691136, -8.770324522177987, 61.30094038027678] imu_ang_vel=[0.0, 0.02101392044783134, 0.0] imu_quat_wxyz=[0.9991535262258806, 0.0, 0.04113673577702136, 0.0] status=0x0003
joint_pos=[11.87194332919544, -31.998908793728553, 41.34759682206834, -0.9312061838824203, 0.258845781984067, 5.562745161216527] joint_vel=[46.67128553254239, 22.243342198537825, -7.872599969228691, -28.201669088449837, -4.728594480071936, 36.84300295226719] imu_ang_vel=[0.0, 0.09800613900416176, 0.0] imu_quat_wxyz=[0.9991187588094869, 0.0, 0.041972679149542225, 0.0] status=0x0003
joint_pos=[12.774732388519375, -31.435455962348936, 40.84118982264328, -1.559148753770629, 0.1982069459026943, 6.2909837234959936] joint_vel=[44.233120248987646, 31.466757850966243, -34.62695897592822, -33.19527888377632, -2.276554894481377, 36.644787592512436] imu_ang_vel=[0.0, 0.06401056070356641, 0.0] imu_quat_wxyz=[0.9990824707954672, 0.0, 0.042827754426590835, 0.0] status=0x0003
joint_pos=[13.675893159368034, -30.802316605559014, 39.81588991105147, -2.2776011172340356, 0.17056017982851043, 7.098141984077442] joint_vel=[44.45271125395418, 32.9343092580846, -60.27153397507963, -36.834888499547034, -1.1328257514317628, 35.008241579236994] imu_ang_vel=[0.0, 0.013007378130272192, 0.0] imu_quat_wxyz=[0.999068461374499, 0.0, 0.04315332532715458, 0.0] status=0x0003
joint_pos=[14.611510247752003, -30.14388898511312, 38.319524187662914, -3.017737177051666, 0.15918424493175126, 7.797037562298749] joint_vel=[47.98188822427348, 32.90290518229516, -82.52330030697415, -37.194859514431684, -0.3667962506288028, 35.48289783265733] imu_ang_vel=[0.0, 0.003116670058393416, 0.0] imu_quat_wxyz=[0.9990677310222565, 0.0, 0.04317023083144265, 0.0] status=0x0003
joint_pos=[15.650908637050621, -29.470296744746904, 36.42207428726982, -3.7223771305046216, 0.15644872867317758, 8.566437580334284] joint_vel=[53.32639668880118, 34.884445961034956, -101.47142904074407, -33.77112828487778, -0.09974416522738111, 34.69239403863856] imu_ang_vel=[0.0, 0.05180558031579944, 0.0] imu_quat_wxyz=[0.9990550438656952, 0.0, 0.04346284995848612, 0.0] status=0x0003
joint_pos=[16.802253137651174, -28.706920217214936, 34.231431040792714, -4.322816185734074, 0.15715964278115424, 9.32201919209831] joint_vel=[59.11393771829192, 40.66065224724912, -113.80116695337205, -27.603287420518186, 0.023320131931824473, 34.614054277410624] imu_ang_vel=[0.0, 0.15284286769092179, 0.0] imu_quat_wxyz=[0.9990060887684492, 0.0, 0.044573922909762746, 0.0] status=0x0003
joint_pos=[18.059235018364948, -27.753544898935058, 31.888292608106205, -4.764772593756644, 0.15890134583086413, 10.078365201586788] joint_vel=[64.16651341367537, 52.12672449424513, -118.88212294087177, -18.72267629821292, 0.05678351054985725, 35.16389549714764] imu_ang_vel=[0.0, 0.3054889582639399, 0.0] imu_quat_wxyz=[0.9988943293542019, 0.0, 0.04701190045104841, 0.0] status=0x0003
joint_pos=[19.39106183231838, -26.445663273775175, 29.531875943421948, -4.989890089908249, 0.1555901462254034, 10.904924387351926] joint_vel=[68.14211114104548, 72.43120390663248, -117.09076395966103, -7.285444502588794, -0.10059408595724328, 46.95792367047064] imu_ang_vel=[0.0, 0.5184336354526917, 0.0] imu_quat_wxyz=[0.9986813933073218, 0.0, 0.051336874288823886, 0.0] status=0x0003
joint_pos=[20.674918773679348, -24.410261730519956, 27.23558408869129, -4.891420342407193, 0.11651885579237785, 11.71896254626388] joint_vel=[62.30961443028765, 117.68831483526077, -113.42463494628785, 11.343805699586056, -2.1646051378133664, 39.46901170173594] imu_ang_vel=[0.0, 0.8216665594683239, 0.0] imu_quat_wxyz=[0.9982988434740201, 0.0, 0.058304537717350356, 0.0] status=0x0003
joint_pos=[21.45820771987952, -20.71296133950342, 24.79856211508038, -3.8905912323495735, -1.152206599367702, 13.233968712989132] joint_vel=[24.98039819749314, 222.64667638328046, -126.2894923975278, 72.49678468036434, -99.15726048087477, 90.62185527649956] imu_ang_vel=[0.0, 1.1148624918428975, 0.0] imu_quat_wxyz=[0.9976608986656061, 0.0, 0.06835737907303907, 0.0] status=0x0003
joint_pos=[21.354815959843005, -16.94443487698352, 20.53781148193003, -1.9203597486320174, -4.658855102485145, 15.629869861911772] joint_vel=[-11.971966609787485, 112.87291134287092, -293.33575301990925, 111.32156675118445, -217.55308570386683, 118.92359607791235] imu_ang_vel=[0.0, 0.8725279507473667, 0.0] imu_quat_wxyz=[0.9968766963624567, 0.0, 0.0789737440512631, 0.0] status=0x0003
joint_pos=[20.736761966612757, -14.548199467441664, 14.98256102306194, 0.6811047677108563, -10.163785070033025, 17.192298374204707] joint_vel=[-41.53722072339867, 123.91402995802699, -271.42643520711783, 140.16304697372547, -306.32841317401676, 56.041124644441375] imu_ang_vel=[0.0, 0.44654208552849345, 0.0] imu_quat_wxyz=[0.9963857341121606, 0.0, 0.084943915955004, 0.0] status=0x0003
sim t=    7.02s  x= 1.911m z= 0.528m pitch= 9.98deg action=[-1.0, 1.0, 0.424, 1.0, -1.0, -0.117]
joint_pos=[19.60309483426662, -12.097161476647337, 10.181410550850186, 3.74820130267129, -17.10024244474145, 17.77959779875516] joint_vel=[-65.12412110248837, 122.14750873168803, -225.3760649426129, 160.28391535588077, -367.9450029632943, 14.944167537996353] imu_ang_vel=[0.0, 0.07492552750352804, 0.0] imu_quat_wxyz=[0.9962043727754294, 0.0, 0.08704508982770566, 0.0] status=0x0003
joint_pos=[18.082778519628498, -9.735520194534303, 6.3781577905014055, 6.9829370438148235, -24.475175802089353, 18.02724560292575] joint_vel=[-82.26268870453688, 116.70883773000499, -172.8410305282702, 162.37864566356097, -367.8840755958221, 11.045803231723113] imu_ang_vel=[0.0, -0.20175773418388326, 0.0] imu_quat_wxyz=[0.9962977071554144, 0.0, 0.0859702199419311, 0.0] status=0x0003
joint_pos=[16.336762185480374, -8.179955574643762, 3.988000131424734, 9.639698589188763, -31.132780883652888, 17.87976151543845] joint_vel=[-90.17175293147629, 56.82350981341558, -91.93541088427993, 116.32365126099677, -312.8785286245886, -17.07938910883544] imu_ang_vel=[0.0, -0.6574525042048159, 0.0] imu_quat_wxyz=[0.9966843521944143, 0.0, 0.08136523883576281, 0.0] status=0x0003
joint_pos=[14.592532361296147, -7.80503133049994, 2.749212770732336, 11.325056381910896, -36.34225895575242, 16.635978897079877] joint_vel=[-85.64415188466762, -1.9287706364688382, -46.34480766847838, 66.42204591553865, -231.26585834704815, -86.09860978401953] imu_ang_vel=[0.0, -1.05357190593847, 0.0] imu_quat_wxyz=[0.9973889252366581, 0.0, 0.07221725427668946, 0.0] status=0x0003
joint_pos=[12.889858750946571, -8.322160172234375, 2.2183078990065663, 12.05036936233865, -39.915794137275846, 14.82807858036976] joint_vel=[-84.70580273322425, -39.187368462274186, -16.035172773292686, 19.48582978989653, -149.46778186846495, -92.47250663375388] imu_ang_vel=[0.0, -1.3164069938647391, 0.0] imu_quat_wxyz=[0.9982004713906, 0.0, 0.059965147507398064, 0.0] status=0x0003
joint_pos=[11.1760331592168, -9.163901123727642, 3.1943172000925943, 12.128353525341732, -41.75631003214262, 13.529356061488187] joint_vel=[-82.27318588298996, -49.170707775602374, 63.09225425632886, -6.493928942604867, -58.95264996810113, -50.08355645253965] imu_ang_vel=[0.0, -1.191533769301778, 0.0] imu_quat_wxyz=[0.9988947437056294, 0.0, 0.04700309561364124, 0.0] status=0x0003
joint_pos=[9.71239963372545, -9.993682184859697, 4.275714979268483, 12.079527964950929, -42.37108484768561, 13.144750395595693] joint_vel=[-68.51207111517657, -37.26288327424429, 52.3181737519319, -0.20174697975566208, -14.660227043113697, -2.9787123373900077] imu_ang_vel=[0.0, -0.9762191659560362, 0.0] imu_quat_wxyz=[0.9993518180951017, 0.0, 0.03599921763059423, 0.0] status=0x0003
joint_pos=[8.494368851377079, -10.4498496479558, 5.1878754076082165, 12.341260884989744, -42.370679667835496, 13.896931763238687] joint_vel=[-56.62808085942628, -15.02449742322243, 41.86272705076601, 20.409305402105506, 8.302102465252718, 59.33071119918548] imu_ang_vel=[0.0, -0.5969838899753727, 0.0] imu_quat_wxyz=[0.9995925927589674, 0.0, 0.02854204795394246, 0.0] status=0x0003
joint_pos=[7.585332701740904, -10.589948008222427, 5.939002677192343, 13.096237442469901, -42.0334263702052, 15.243288919861296] joint_vel=[-39.34895908585573, -2.584912892941461, 35.281610371353956, 47.25231388662698, 21.846867080366327, 71.55066813391315] imu_ang_vel=[0.0, -0.19988621919641736, 0.0] imu_quat_wxyz=[0.9996864356684072, 0.0, 0.02504057388710528, 0.0] status=0x0003
joint_pos=[6.962023625073629, -10.531875283407885, 6.581262264836371, 14.349293911096037, -41.565967604409906, 16.44984155319603] joint_vel=[-26.799916027781567, 6.0238432738538075, 30.577660454532708, 71.07208236761566, 24.34942980197172, 54.27830044432979] imu_ang_vel=[0.0, 0.11171499718555983, 0.0] imu_quat_wxyz=[0.9996855874785529, 0.0, 0.025074413007298752, 0.0] status=0x0003
joint_pos=[6.503600338549241, -10.370838953995655, 7.1756210697258185, 15.964437348237608, -41.11947774218531, 17.119930672369243] joint_vel=[-20.9492417029132, 9.291702068762683, 29.415376887520516, 85.99240711812074, 21.247179580016684, 22.367109404744877] imu_ang_vel=[0.0, 0.2832785965779704, 0.0] imu_quat_wxyz=[0.9996249579635259, 0.0, 0.027385094785651837, 0.0] status=0x0003
joint_pos=[6.099056135075768, -10.200674042775756, 7.7679631034648216, 17.73577822320787, -40.68546873328473, 17.19316693954065] joint_vel=[-20.005852255333554, 8.21076297106079, 30.298765686114123, 89.8759239899291, 21.975405637340558, -5.982405559601138] imu_ang_vel=[0.0, 0.3299561636470808, 0.0] imu_quat_wxyz=[0.9995315413799062, 0.0, 0.030605518892985874, 0.0] status=0x0003
joint_pos=[5.622660302178129, -10.07920954892811, 8.389025348189723, 19.402719494763026, -40.107284812621714, 16.734892660842057] joint_vel=[-26.060167937447222, 4.993184974266117, 32.29947729866249, 79.64910794795753, 32.76395426465026, -31.93031885286864] imu_ang_vel=[0.0, 0.24391641863775443, 0.0] imu_quat_wxyz=[0.9994392178187748, 0.0, 0.033485069595205884, 0.0] status=0x0003
joint_pos=[4.9492527782599485, -9.961479062877272, 9.124210517799584, 20.762418272840694, -39.194280025075045, 15.793605926050965] joint_vel=[-40.69981579303855, 11.471586765705611, 50.85557281123868, 63.52453955874493, 51.28335577657819, -55.02320872600362] imu_ang_vel=[0.0, 0.07817988517001234, 0.0] imu_quat_wxyz=[0.9993892275224893, 0.0, 0.03494527023793372, 0.0] status=0x0003
joint_pos=[4.073896164771447, -9.877422148290522, 9.737690599124095, 21.647054682261295, -37.76189816286727, 14.483186372629307] joint_vel=[-48.094807710493505, 4.989265966568228, 30.577336922414986, 35.47624838871626, 81.2531435173579, -70.97961091518673] imu_ang_vel=[0.0, -0.1122961226933902, 0.0] imu_quat_wxyz=[0.999399944364816, 0.0, 0.03463742489854684, 0.0] status=0x0003
joint_pos=[2.883115641362832, -9.613897917949659, 10.336144640039887, 21.995445694392433, -35.750857180956864, 12.999743391979987] joint_vel=[-64.74852078628082, 16.066549508490255, 25.25985257947049, 6.632903919463271, 111.55843904273786, -75.79988493666437] imu_ang_vel=[0.0, -0.29926013506207555, 0.0] imu_quat_wxyz=[0.9994753267089892, 0.0, 0.03238937016922769, 0.0] status=0x0003
joint_pos=[1.4108328151431717, -9.137461274314216, 10.902070509207094, 21.82769616555548, -33.20672998644211, 11.366455242033133] joint_vel=[-78.8801201177596, 29.131347588580272, 32.16724955832132, -16.351122496594037, 135.42977456540495, -84.69403282741631] imu_ang_vel=[0.0, -0.43311066186474984, 0.0] imu_quat_wxyz=[0.999592384894147, 0.0, 0.028549326815732707, 0.0] status=0x0003
joint_pos=[-0.2057653976311968, -8.531197548570816, 11.356375858875566, 21.237100882686175, -30.284320932378066, 9.590039128293427] joint_vel=[-82.28770086028774, 31.926707458228147, 19.493496922876012, -36.54330315314746, 151.55997999837288, -90.92183488764829] imu_ang_vel=[0.0, -0.4621950209404495, 0.0] imu_quat_wxyz=[0.9997131951554533, 0.0, 0.023948432768651117, 0.0] status=0x0003
joint_pos=[-1.9377771155728967, -7.763780672076639, 11.749482350835702, 20.28082307251723, -27.143544537407013, 7.782993275895601] joint_vel=[-88.11142584928295, 40.74461552555185, 15.780251426396934, -54.76878730665733, 160.06637968849986, -89.96510623267213] imu_ang_vel=[0.0, -0.48523371895204814, 0.0] imu_quat_wxyz=[0.9998167140174627, 0.0, 0.019145191859132802, 0.0] status=0x0003
joint_pos=[-3.700754381194387, -6.905169824180193, 12.17746903315707, 19.02457394677227, -23.908841807029855, 6.012665854672294] joint_vel=[-88.52292404625037, 45.19400207141919, 26.48077936107784, -66.96137453060048, 162.11197599098145, -87.65222607968589] imu_ang_vel=[0.0, -0.44103100076019086, 0.0] imu_quat_wxyz=[0.9998940607687029, 0.0, 0.01455566004939299, 0.0] status=0x0003
joint_pos=[-5.332748958015077, -6.197063554987997, 12.649092544247443, 17.52212405799372, -20.733965274133876, 4.4291344906708] joint_vel=[-78.21939164464719, 31.06363117387253, 24.1492914657988, -79.35956306865052, 156.29574993539245, -74.57443069125091] imu_ang_vel=[0.0, -0.35291959724460387, 0.0] imu_quat_wxyz=[0.9999430261182661, 0.0, 0.010674479727110449, 0.0] status=0x0003
joint_pos=[-6.732798174314762, -5.918363075707913, 13.442688395595416, 15.788510200568554, -17.77935879142169, 3.360846571527844] joint_vel=[-65.82047353493036, 5.314724703799083, 50.302485896961755, -90.54907041223807, 142.47286343052284, -42.06724665783807] imu_ang_vel=[0.0, -0.32104975681408615, 0.0] imu_quat_wxyz=[0.9999727349280401, 0.0, 0.0073844025171731316, 0.0] status=0x0003
joint_pos=[-7.671267721986911, -6.458439731299072, 14.680572289686072, 13.865017063965128, -15.107586735395518, 3.0614169753924414] joint_vel=[-38.84171913677454, -40.13766271370562, 79.98983003443178, -97.1607862265053, 127.31298073953066, -0.8084885558326308] imu_ang_vel=[0.0, -0.21060565992616798, 0.0] imu_quat_wxyz=[0.9999883653921459, 0.0, 0.004823803514254117, 0.0] status=0x0003
joint_pos=[-7.90522722776533, -8.092912611501955, 16.497702009528037, 11.837973121553391, -12.59598557725861, 3.618514176421349] joint_vel=[1.8855521142993372, -102.14335413359478, 102.71440949732025, -102.73823357167478, 123.67059731355789, 43.155823482743195] imu_ang_vel=[0.0, 0.015640730160257924, 0.0] imu_quat_wxyz=[0.9999916617538246, 0.0, 0.004083677610260072, 0.0] status=0x0003
joint_pos=[-7.499367746863299, -10.701240237735897, 18.901333695463915, 10.27557213509784, -11.00455462135807, 3.5918250697030896] joint_vel=[24.33054523490532, -136.17862182235444, 122.6088417020435, -47.767898155580696, 21.917670782975545, -66.57993024729087] imu_ang_vel=[0.0, -0.09656907670584251, 0.0] imu_quat_wxyz=[0.9999871791584731, 0.0, 0.005063745518849492, 0.0] status=0x0003
joint_pos=[-6.695393643828037, -13.017802115426724, 21.782386097739106, 9.559702406556806, -10.492639674981058, 2.498121116004861] joint_vel=[49.076869545422646, -104.04396780548412, 155.46388780611588, -29.34295524445089, 27.90688432673311, -48.66000219368889] imu_ang_vel=[0.0, 0.1957077183425802, 0.0] imu_quat_wxyz=[0.9999844806288838, 0.0, 0.0055712208160781825, 0.0] status=0x0003
joint_pos=[-5.347291202142746, -14.997360625961848, 25.000790409186983, 9.157041531030623, -9.981122325157552, 2.3091577264202603] joint_vel=[78.33788266507335, -95.40014190357086, 163.61458242777786, -15.888722175199483, 24.697668803873103, 21.547980090992493] imu_ang_vel=[0.0, 0.5192612195000079, 0.0] imu_quat_wxyz=[0.9999544302695719, 0.0, 0.009546590190010407, 0.0] status=0x0003
joint_pos=[-3.5675215943380723, -17.162299945020518, 28.11889755670831, 8.825254392798652, -9.416529487783219, 2.707842504532909] joint_vel=[94.75404069489454, -114.96933170935868, 151.61031305184517, -17.145114652240196, 30.313325831204338, 18.84696858025544] imu_ang_vel=[0.0, 0.5860971089986134, 0.0] imu_quat_wxyz=[0.9998813338136116, 0.0, 0.015405138464589872, 0.0] status=0x0003
joint_pos=[-1.7414977042612163, -19.49562279730083, 30.958001694034305, 8.312720411963163, -8.7394645238851, 3.0490018046573724] joint_vel=[89.32919010397254, -117.27451396619627, 136.65594347377396, -30.45153824009297, 35.98936628962368, 16.25882800908375] imu_ang_vel=[0.0, 0.4407403750000488, 0.0] imu_quat_wxyz=[0.9997895094856762, 0.0, 0.020516742489756958, 0.0] status=0x0003
joint_pos=[-0.012319289585231286, -21.63721269302751, 33.49511119319424, 7.61870712563347, -7.901311521014125, 3.3101778004057203] joint_vel=[84.85755396659575, -101.11645110693905, 121.52529050953028, -37.182802001024115, 45.50323080337885, 11.507605135592417] imu_ang_vel=[0.0, 0.36877199018038015, 0.0] imu_quat_wxyz=[0.9997036310977864, 0.0, 0.024344403256214057, 0.0] status=0x0003
joint_pos=[1.6300879023364294, -23.372549397446765, 35.70153815635546, 6.815679191480527, -6.831404119193418, 3.458514268145144] joint_vel=[80.6155822372628, -78.55234487110226, 104.26425796913583, -41.92313173850449, 58.36075061558585, 5.267447150200464] imu_ang_vel=[0.0, 0.3831720945826573, 0.0] imu_quat_wxyz=[0.9996061702677601, 0.0, 0.028062508131343936, 0.0] status=0x0003
joint_pos=[3.2152419327240667, -24.82384921533636, 37.530810915250925, 5.880747879308469, -5.469885983872744, 3.4696518350173235] joint_vel=[78.47847380997078, -69.02756209940775, 84.55366077559684, -49.56102170774714, 73.93801464106667, -2.055996153501105] imu_ang_vel=[0.0, 0.3951148424944016, 0.0] imu_quat_wxyz=[0.9994881524589136, 0.0, 0.03199114087161372, 0.0] status=0x0003
joint_pos=[4.763193502193827, -26.214066352040152, 38.964681527928725, 4.743405104148864, -3.7497442065258335, 3.312375166721123] joint_vel=[76.79395922198474, -69.58395798948317, 64.7623128120524, -61.12695503883686, 93.41186911089176, -11.185316185075012] imu_ang_vel=[0.0, 0.37789077468616955, 0.0] imu_quat_wxyz=[0.9993567684038, 0.0, 0.03586153155560254, 0.0] status=0x0003
joint_pos=[6.296026522991271, -27.66387568586162, 40.00515275818083, 3.3573935497891805, -1.5763151874694001, 2.941390252214683] joint_vel=[76.58025938264564, -73.92372896526635, 45.1801614783441, -74.09867191234984, 118.05446761717263, -22.77924143813515] imu_ang_vel=[0.0, 0.37215115041261126, 0.0] imu_quat_wxyz=[0.9992162255085361, 0.0, 0.03958452577048735, 0.0] status=0x0003
joint_pos=[7.808757593660289, -29.25280044618062, 40.65454593768357, 1.8405965872858925, 0.7505066433566862, 2.4968863776700116] joint_vel=[70.29401710640964, -86.0529716809292, 25.68176345634798, -60.707246066850566, 66.87030466922653, 0.7668704175830067] imu_ang_vel=[0.0, 0.4052778625108619, 0.0] imu_quat_wxyz=[0.9990544846898985, 0.0, 0.043475701500967724, 0.0] status=0x0003
joint_pos=[9.024915426303625, -31.110728223940033, 40.895679677376755, 0.9543368248697297, 0.7921572374419878, 3.1480395764289515] joint_vel=[57.156095480419715, -94.733808931548, 4.718949592340489, -42.464233427243826, -13.248446151516406, 40.56595177857989] imu_ang_vel=[0.0, -0.1913106614748621, 0.0] imu_quat_wxyz=[0.9990714858332601, 0.0, 0.04308324726528696, 0.0] status=0x0003
joint_pos=[10.02153830226428, -32.2410558176634, 41.16958145101216, 0.18335145269867964, 0.507812457494945, 3.982862503353608] joint_vel=[45.988435931323835, -34.965182465937616, 18.550962188122078, -37.00640624674411, -12.751391407703984, 41.546720557293234] imu_ang_vel=[0.0, -0.1623988079032758, 0.0] imu_quat_wxyz=[0.9991578726559857, 0.0, 0.04103103105656907, 0.0] status=0x0003
joint_pos=[10.915627986671604, -32.31131211514621, 41.47277784578059, -0.4715439939498652, 0.32529890970907405, 4.899936971844267] joint_vel=[45.54266202606013, 11.790094216874623, 13.67209670633336, -31.513518725643397, -6.907642176739171, 61.78389840716046] imu_ang_vel=[0.0, 0.014210122131684537, 0.0] imu_quat_wxyz=[0.9991812393858166, 0.0, 0.04045801353778306, 0.0] status=0x0003
joint_pos=[11.790044891989446, -31.725345498907362, 41.434010249949075, -1.0360889952982224, 0.22697126542658141, 5.634767097718046] joint_vel=[44.14806231999777, 36.875535587486304, -9.885114065048281, -27.53348474609908, -3.678894125183047, 36.087088058607364] imu_ang_vel=[0.0, 0.11099739324569735, 0.0] imu_quat_wxyz=[0.9991455979613689, 0.0, 0.041328852807918745, 0.0] status=0x0003
joint_pos=[12.658840443704943, -30.96980467340871, 40.882351130785885, -1.6663560662018546, 0.18106765353378163, 6.354282391483371] joint_vel=[42.97855944705389, 38.24376032417182, -37.024929270896756, -33.76397474984726, -1.7006025281372976, 36.3085586053691] imu_ang_vel=[0.0, 0.06408249959470182, 0.0] imu_quat_wxyz=[0.9991058884192797, 0.0, 0.042277934267436604, 0.0] status=0x0003
joint_pos=[13.552169051193133, -30.293639004832528, 39.79507088642902, -2.4038556191940574, 0.16102396115930653, 7.156106238317982] joint_vel=[44.5144366277248, 32.50279357760267, -63.747432684505775, -38.02040188617025, -0.8447689245539702, 34.72395323812642] imu_ang_vel=[0.0, -0.003234248900419279, 0.0] imu_quat_wxyz=[0.999096775174168, 0.0, 0.042492750400250516, 0.0] status=0x0003
joint_pos=[14.503495042069035, -29.682691118410112, 38.22565675493428, -3.162676240864413, 0.15381776773378178, 7.849358867851131] joint_vel=[49.1582658062891, 29.451182335676865, -86.26651574882641, -37.99784398230669, -0.2011066941394947, 35.227291721851685] imu_ang_vel=[0.0, -0.012420957357293762, 0.0] imu_quat_wxyz=[0.9991034555311761, 0.0, 0.04233538880963918, 0.0] status=0x0003
joint_pos=[15.575543549271394, -29.092524299883525, 36.24912255730165, -3.8742260285869907, 0.15320397084186588, 8.613537498905325] joint_vel=[55.20587558057777, 30.30625730659929, -105.5332512447572, -33.868431110961616, -0.02806590071495135, 34.48388594886022] imu_ang_vel=[0.0, 0.045924588003782185, 0.0] imu_quat_wxyz=[0.9990953022519755, 0.0, 0.04252736787098124, 0.0] status=0x0003
joint_pos=[16.768515298328253, -28.41877917993792, 33.98872341595281, -4.468000416406411, 0.1550957470441312, 9.365143597644868] joint_vel=[61.30397596611017, 36.22980416489835, -116.97629177098278, -27.03079822940665, 0.07293712014468524, 34.45894596778215] imu_ang_vel=[0.0, 0.15846770935611162, 0.0] imu_quat_wxyz=[0.9990468480753136, 0.0, 0.04365083447978168, 0.0] status=0x0003
joint_pos=[18.076120143327834, -27.549885875698273, 31.608008372529483, -4.89612168289101, 0.15857815862450295, 10.174970282884413] joint_vel=[67.84991363037912, 47.112446464903556, -119.9725539917191, -18.46868830438115, 0.28380524220219505, 46.316561246074066] imu_ang_vel=[0.0, 0.3209214421319517, 0.0] imu_quat_wxyz=[0.9989318321835049, 0.0, 0.046208166491497844, 0.0] status=0x0003
joint_pos=[19.455130214351314, -26.293528818859734, 29.252591318249696, -5.07730656379563, 0.15316961439163085, 10.941944795463325] joint_vel=[71.27764681533876, 69.79813223119221, -116.292262199878, -4.817764901543353, -0.15122417059239457, 46.83561055426572] imu_ang_vel=[0.0, 0.5536661462086411, 0.0] imu_quat_wxyz=[0.9987089551845028, 0.0, 0.0507978624971456, 0.0] status=0x0003
joint_pos=[20.772470694106485, -24.225087190992078, 26.997602965165353, -4.919169684118912, 0.11181081893430467, 11.75612983105336] joint_vel=[63.18912779665803, 121.72479033354705, -110.68107659063493, 14.623482523492632, -2.2781729994070252, 39.565529721478406] imu_ang_vel=[0.0, 0.8739673305930324, 0.0] imu_quat_wxyz=[0.998303238916505, 0.0, 0.05822922950559836, 0.0] status=0x0003
joint_pos=[21.500981379067646, -20.388050965446645, 24.619871108058685, -3.8200242043185404, -1.3047333264974543, 13.33029458040483] joint_vel=[20.529094232126873, 231.00232684170766, -123.18371936775782, 78.06295273269728, -110.08121658695542, 96.33930869536198] imu_ang_vel=[0.0, 1.1282279922515928, 0.0] imu_quat_wxyz=[0.9976415778355968, 0.0, 0.06863878039199765, 0.0] status=0x0003
joint_pos=[21.35324699964624, -16.53036570830219, 20.345884003933456, -1.7634127880153914, -5.00271036756367, 15.928214597452351] joint_vel=[-13.328603501397183, 115.05862638726407, -296.7062883684622, 115.61739905569434, -227.33782503893457, 128.6586174965055] imu_ang_vel=[0.0, 0.8533730806437869, 0.0] imu_quat_wxyz=[0.9968536520980603, 0.0, 0.07926409211464798, 0.0] status=0x0003
joint_pos=[20.70214731768078, -14.086066561942292, 14.773513786271375, 0.9151718826309952, -10.665739377964696, 17.568170707499384] joint_vel=[-43.31095244590965, 126.39973683003454, -270.9843054457928, 143.77204900208548, -313.17436894392813, 56.780990788561056] imu_ang_vel=[0.0, 0.43121524531871475, 0.0] imu_quat_wxyz=[0.9963753211935863, 0.0, 0.085065970378159, 0.0] status=0x0003
sim t=    8.02s  x= 2.199m z= 0.528m pitch= 9.98deg action=[-1.0, 1.0, 0.411, 1.0, -0.993, -0.158]
joint_pos=[19.529279834794085, -11.562747002964187, 9.95935912488247, 4.045875778553535, -17.697983844182158, 18.08326468938937] joint_vel=[-67.21226978223845, 126.46516503442723, -226.55564859432917, 163.24147362840665, -371.593232808519, 9.256347259135064] imu_ang_vel=[0.0, 0.06600387089420369, 0.0] imu_quat_wxyz=[0.9962038846248904, 0.0, 0.08705067638035957, 0.0] status=0x0003
joint_pos=[17.943501089269663, -9.1844359070867, 6.150104618946483, 7.258401661894344, -25.11456261659043, 18.204525127568868] joint_vel=[-86.1523551816273, 115.5294062254023, -172.7232757428034, 159.00798883550198, -369.14102236170197, 4.39613840375563] imu_ang_vel=[0.0, -0.27030473620482676, 0.0] imu_quat_wxyz=[0.9963300095053145, 0.0, 0.0855950475152619, 0.0] status=0x0003
joint_pos=[16.166587539557188, -7.694365607569658, 3.7355450886312545, 9.833518153029624, -31.72008309835961, 17.87705501052161] joint_vel=[-90.39188304107888, 52.31814756812488, -93.9145271965267, 111.84409184717849, -308.1908147261878, -27.317815358587758] imu_ang_vel=[0.0, -0.7249682495231806, 0.0] imu_quat_wxyz=[0.9967770811665447, 0.0, 0.08022125940861057, 0.0] status=0x0003
joint_pos=[14.415423822298848, -7.426687708787864, 2.463005361171861, 11.389334551916894, -36.78068811865857, 16.473169791546532] joint_vel=[-86.03022123692561, -7.8086100608674, -47.88992001124114, 58.8437250496266, -222.34094242482902, -92.89878646472121] imu_ang_vel=[0.0, -1.125894325766527, 0.0] imu_quat_wxyz=[0.9975187049003401, 0.0, 0.07040194154956432, 0.0] status=0x0003
joint_pos=[12.71930090388169, -8.047994967748153, 1.8856674087443357, 11.970548379945114, -40.147938971641295, 14.559876052638238] joint_vel=[-83.96051050518551, -44.062166945489004, -18.785448765397255, 12.489212698669517, -138.3963227988132, -96.91929670326607] imu_ang_vel=[0.0, -1.3720844346777954, 0.0] imu_quat_wxyz=[0.9983457196168152, 0.0, 0.05749629660059477, 0.0] status=0x0003
joint_pos=[11.052718278893476, -9.013893680275283, 2.683859338747475, 11.908140807312387, -41.755978050038166, 13.264880964686036] joint_vel=[-82.71349209244696, -49.65604681331159, 62.11876239677091, -11.922069037261423, -49.198568694300945, -47.29129222255395] imu_ang_vel=[0.0, -1.2813118726109076, 0.0] imu_quat_wxyz=[0.9990319827493446, 0.0, 0.04398974248518905, 0.0] status=0x0003
joint_pos=[9.593608284339993, -9.819347938086263, 3.81129097661396, 11.783534826834813, -42.16189743953211, 12.940042904434323] joint_vel=[-67.43689380042179, -35.38143138991146, 53.768116042567954, -3.0914469399460547, -4.109616643298318, 0.04235215339096003] imu_ang_vel=[0.0, -0.9571407511277855, 0.0] imu_quat_wxyz=[0.9994565729288265, 0.0, 0.03296299181453702, 0.0] status=0x0003
joint_pos=[8.398464098020021, -10.265758151991902, 4.748803883112903, 12.006692081864918, -42.046437085030185, 13.680287423027018] joint_vel=[-55.47974909928819, -15.255140358619606, 43.096143440549284, 18.966865039538984, 11.533224551662938, 56.77977535879971] imu_ang_vel=[0.0, -0.579347357429918, 0.0] imu_quat_wxyz=[0.9996682438433045, 0.0, 0.02575659626665228, 0.0] status=0x0003
joint_pos=[7.508468155278585, -10.413400743303152, 5.518412937871939, 12.751958211193864, -41.715303227293255, 15.025144177995314] joint_vel=[-38.536039845616976, -3.015222112759979, 36.033605824424775, 47.29838450399665, 19.559366077114394, 72.79369310132036] imu_ang_vel=[0.0, -0.19296458793770196, 0.0] imu_quat_wxyz=[0.9997501064055248, 0.0, 0.02235452397484338, 0.0] status=0x0003
joint_pos=[6.902819313294025, -10.374404812847025, 6.176486801330958, 14.002586671948212, -41.301907245128305, 16.290985076588903] joint_vel=[-25.888456762892783, 4.78690774708964, 31.437156966541288, 70.86213195358553, 21.415374326612515, 58.15999132062747] imu_ang_vel=[0.0, 0.11370886930960583, 0.0] imu_quat_wxyz=[0.9997485780832882, 0.0, 0.022422770133135976, 0.0] status=0x0003
joint_pos=[6.465076592381016, -10.240713353412318, 6.785530420554428, 15.612552917522201, -40.910907880279595, 17.020301575215797] joint_vel=[-19.851729634828285, 7.850423671611621, 30.144422539246456, 85.70993905004934, 18.56315361489799, 24.83368788098878] imu_ang_vel=[0.0, 0.2857291466342079, 0.0] imu_quat_wxyz=[0.9996936377632861, 0.0, 0.024751376034631272, 0.0] status=0x0003
joint_pos=[6.081916847833023, -10.105696205753773, 7.395887626435094, 17.381392520103237, -40.549738878251226, 17.118661179294996] joint_vel=[-18.951502071673737, 6.266818138364041, 31.279623916832925, 89.8317450293064, 17.794944786787674, -5.287342568728208] imu_ang_vel=[0.0, 0.32979099146679974, 0.0] imu_quat_wxyz=[0.9996083232652656, 0.0, 0.027985711690152754, 0.0] status=0x0003
joint_pos=[5.63032750640181, -10.032394942517861, 8.042528976406295, 19.051264663681255, -40.068849979228006, 16.68078351842179] joint_vel=[-24.71462824648301, 2.312648717989016, 33.726542788439446, 79.89557796261786, 27.521683466794908, -30.738252628623044] imu_ang_vel=[0.0, 0.2433028525153117, 0.0] imu_quat_wxyz=[0.9995238076022823, 0.0, 0.030857058126718594, 0.0] status=0x0003
joint_pos=[5.0113980363052955, -10.01717250031435, 8.723973327032553, 20.39844511290673, -39.24389198637143, 15.769514656898185] joint_vel=[-34.5117233489962, 0.1280555011816853, 35.13963411414614, 60.36884462885345, 48.87171862919724, -53.4242558534926] imu_ang_vel=[0.0, 0.08052100439625536, 0.0] imu_quat_wxyz=[0.9994773834814829, 0.0, 0.03232583964893786, 0.0] status=0x0003
joint_pos=[4.135835884440393, -9.944324753865203, 9.46645339362261, 21.294168364553812, -37.910928402040014, 14.492939328852838] joint_vel=[-47.30743575610445, 2.921563915523224, 32.45970142554346, 34.94087004099344, 77.25844274952473, -69.33920748629676] imu_ang_vel=[0.0, -0.10428367604378705, 0.0] imu_quat_wxyz=[0.99948616769699, 0.0, 0.03205309005984258, 0.0] status=0x0003
joint_pos=[2.996566237283505, -9.741512845895762, 10.113661303196263, 21.669933472888175, -35.98551670489457, 12.988733715167244] joint_vel=[-61.22688679037051, 12.347327096580514, 28.563986328176274, 9.04773019130048, 107.23883883304272, -78.27176805978601] imu_ang_vel=[0.0, -0.25009793751663595, 0.0] imu_quat_wxyz=[0.9995501426463098, 0.0, 0.02999187116106196, 0.0] status=0x0003
joint_pos=[1.60234216516202, -9.347968217937098, 10.660786435644326, 21.543044608446117, -33.51924310694622, 11.390510664588593] joint_vel=[-73.4516445725352, 22.317501445919746, 22.879829597464965, -15.56714253097623, 132.41252260707103, -80.7036166814517] imu_ang_vel=[0.0, -0.39638864092234505, 0.0] imu_quat_wxyz=[0.9996481618568166, 0.0, 0.026524564016920448, 0.0] status=0x0003
joint_pos=[0.0035097785862160114, -8.728463235511612, 11.172958610791808, 20.989006954222933, -30.632889335388896, 9.756848571487598] joint_vel=[-83.90984113303668, 36.85712349840481, 29.277138687352075, -34.04330670378182, 150.4146595490096, -82.10533380717966] imu_ang_vel=[0.0, -0.454294533642064, 0.0] imu_quat_wxyz=[0.9997541188957968, 0.0, 0.02217434893945973, 0.0] status=0x0003
joint_pos=[-1.6843554321349712, -7.962594493868766, 11.568262575062693, 20.074850488341152, -27.470209833643565, 8.064535377173803] joint_vel=[-85.07385784881245, 40.15915821073368, 16.543103452623498, -51.840969553510895, 161.86623069438588, -85.86201874980594] imu_ang_vel=[0.0, -0.42894583085893595, 0.0] imu_quat_wxyz=[0.9998428507692714, 0.0, 0.017727768206306664, 0.0] status=0x0003
joint_pos=[-3.4032951235349693, -7.122575497565564, 11.94413995518711, 18.85105330865914, -24.196164405481696, 6.371054520682122] joint_vel=[-85.66618913145302, 41.98862599726966, 16.34364360746225, -67.04568032568815, 164.63809034527645, -83.96765801797345] imu_ang_vel=[0.0, -0.4174642662503559, 0.0] imu_quat_wxyz=[0.9999090567574712, 0.0, 0.01348622313266911, 0.0] status=0x0003
joint_pos=[-5.057987931117947, -6.34785567773429, 12.429630059543983, 17.372760922569416, -20.967711693812582, 4.829055592458605] joint_vel=[-81.44041603243629, 37.87199295976792, 30.55883186144355, -77.48806235917853, 159.1181526702793, -73.36010179657643] imu_ang_vel=[0.0, -0.3617197385728829, 0.0] imu_quat_wxyz=[0.9999533060337452, 0.0, 0.009663630383194033, 0.0] status=0x0003
joint_pos=[-6.462455518031685, -5.998570820385018, 13.12540158645143, 15.667487432639955, -17.933094353011644, 3.6746316688149894] joint_vel=[-64.06577024872728, 6.46792464316472, 37.649973924254105, -89.72967231810448, 147.24212590241171, -49.325125587477615] imu_ang_vel=[0.0, -0.2976934912282425, 0.0] imu_quat_wxyz=[0.9999786855003896, 0.0, 0.006529053906414358, 0.0] status=0x0003
joint_pos=[-7.439614032881115, -6.438136324342346, 14.301397281673195, 13.764810536035425, -15.189267559527847, 3.227086898478145] joint_vel=[-39.33490464039569, -39.74632392701614, 65.23655202077757, -99.4192075282312, 131.70318835392175, -8.098199969744362] imu_ang_vel=[0.0, -0.21486303938615114, 0.0] imu_quat_wxyz=[0.9999916048020566, 0.0, 0.004097599956981793, 0.0] status=0x0003
joint_pos=[-7.7666919573830295, -7.9329596906239415, 16.139305973601463, 11.75933434226805, -12.67448371709403, 3.653055269741806] joint_vel=[-2.3675374824126516, -97.3717904570785, 100.77163975563536, -102.52730645080378, 122.72777498626685, 36.94235414538074] imu_ang_vel=[0.0, 0.0133516420544212, 0.0] imu_quat_wxyz=[0.9999950273230743, 0.0, 0.0031536215885519477, 0.0] status=0x0003
joint_pos=[-7.394428545447465, -10.48644708082701, 18.4501764270275, 10.19622264981014, -11.066500094326367, 3.5320195820947577] joint_vel=[24.027591712906673, -134.77750552833558, 116.45716879507438, -48.38396184184945, 25.030244854347057, -68.65884332596329] imu_ang_vel=[0.0, -0.08287772414854878, 0.0] imu_quat_wxyz=[0.9999922749327065, 0.0, 0.0039306583304140105, 0.0] status=0x0003
joint_pos=[-6.625394652960981, -12.758859111212788, 21.261301952003528, 9.456077933890064, -10.50448847317909, 2.3847497543514407] joint_vel=[46.53592173787331, -101.3942028230572, 153.3914824625894, -30.88374176914387, 30.04721767961973, -51.72168510798733] imu_ang_vel=[0.0, 0.190390669093413, 0.0] imu_quat_wxyz=[0.9999899457526601, 0.0, 0.004484238351368995, 0.0] status=0x0003
joint_pos=[-5.311067497811522, -14.717835881277596, 24.48135126792705, 9.03401953748704, -9.973349887718815, 2.192285099737403] joint_vel=[77.21307181905348, -95.22109860319247, 164.8323814002536, -16.649400592568366, 25.031347171976755, 24.315335693146114] imu_ang_vel=[0.0, 0.5114109156788149, 0.0] imu_quat_wxyz=[0.9999650660885065, 0.0, 0.008358624444773538, 0.0] status=0x0003
joint_pos=[-3.5516612108099284, -16.881763414158105, 27.630701544892837, 8.694548543617437, -9.408254598383763, 2.6316636319958673] joint_vel=[93.79299086467185, -114.99286149757222, 153.3563699522737, -17.33517785695609, 30.200019278335915, 20.49192180761533] imu_ang_vel=[0.0, 0.5816415577832029, 0.0] imu_quat_wxyz=[0.999899720498382, 0.0, 0.014161530540784058, 0.0] status=0x0003
joint_pos=[-1.7388519645233451, -19.227446770512152, 30.516021814195327, 8.182531534050444, -8.734816773174929, 2.99590183455447] joint_vel=[88.83392760488012, -118.2193609751541, 139.26578719973577, -30.317273793930458, 35.78221773783307, 17.17677553287605] imu_ang_vel=[0.0, 0.43919261992213915, 0.0] imu_quat_wxyz=[0.9998147576285145, 0.0, 0.019247088824934942, 0.0] status=0x0003
joint_pos=[-0.01824015031495936, -21.394134862071503, 33.10766558401641, 7.495300426821339, -7.906566805569944, 3.2734294999379623] joint_vel=[84.46285905256767, -102.54230312098677, 124.31168432016977, -36.733144730938406, 44.85095034935278, 12.27639592117015] imu_ang_vel=[0.0, 0.3688430981878998, 0.0] imu_quat_wxyz=[0.9997338316598898, 0.0, 0.023070887166190643, 0.0] status=0x0003
joint_pos=[1.618700201588804, -23.158666235392264, 35.370561464010834, 6.706982515557261, -6.853345006223492, 3.4356318756105955] joint_vel=[80.40809258660325, -80.02892770801866, 107.10525323648413, -41.030614180449504, 57.42423291254557, 5.938198646423325] imu_ang_vel=[0.0, 0.3873522757785506, 0.0] imu_quat_wxyz=[0.9996404902453602, 0.0, 0.026812129009384577, 0.0] status=0x0003
joint_pos=[3.1994853123035134, -24.640557298074718, 37.249055085048056, 5.791982193173843, -5.51222010665758, 3.4589131517595604] joint_vel=[78.24802657425994, -70.58669327628022, 86.80933005275571, -48.50049409063899, 72.8413179262613, -1.4357107769995072] imu_ang_vel=[0.0, 0.4016304336471217, 0.0] imu_quat_wxyz=[0.9995255664634037, 0.0, 0.030800032240434528, 0.0] status=0x0003
joint_pos=[4.741518012080111, -26.063595971031127, 38.71790463427776, 4.676362666719282, -3.8159002554107624, 3.313826221060274] joint_vel=[76.46028210572776, -71.2694232230902, 66.23814069443902, -60.02350700324352, 92.16037355760953, -10.568409485146848] imu_ang_vel=[0.0, 0.3842245059345702, 0.0] imu_quat_wxyz=[0.9993965244920329, 0.0, 0.03473595879266249, 0.0] status=0x0003
joint_pos=[6.264596903138925, -27.54466598760061, 39.78127907974839, 3.311404532744779, -1.6678897400683002, 2.954807187389004] joint_vel=[76.00745541946762, -75.41752540964502, 46.14719644379963, -73.06943840887244, 116.76366857303282, -22.182348525448333] imu_ang_vel=[0.0, 0.37720168833231293, 0.0] imu_quat_wxyz=[0.9992580135939344, 0.0, 0.03851522125477674, 0.0] status=0x0003
joint_pos=[7.764345031662539, -29.157657765194013, 40.44447712778687, 1.8113709351190632, 0.64360525314963, 2.516919804866302] joint_vel=[69.72869885505908, -87.02235978765025, 26.225340371312278, -60.368213865714445, 67.59237625708, 0.40406135820536154] imu_ang_vel=[0.0, 0.409683998665825, 0.0] imu_quat_wxyz=[0.9990985051959844, 0.0, 0.0424520543101216, 0.0] status=0x0003
joint_pos=[8.97069337031983, -31.029504999867346, 40.69444453954249, 0.924594395025097, 0.7245117164372953, 3.148100746216743] joint_vel=[56.649122935268515, -95.32000569991843, 5.105497728018526, -42.47110270480797, -11.230929543208843, 39.52663079387019] imu_ang_vel=[0.0, -0.17503733686877562, 0.0] imu_quat_wxyz=[0.9991091634130157, 0.0, 0.04220046900383917, 0.0] status=0x0003
joint_pos=[9.95686877895524, -32.18216547893276, 40.97088112361339, 0.15399963464366895, 0.47116140869188283, 3.9663690986332893] joint_vel=[45.45396615626014, -36.37871821986475, 18.538445626832697, -36.96467156069665, -11.49482711335426, 40.852556749180785] imu_ang_vel=[0.0, -0.15061741711241838, 0.0] imu_quat_wxyz=[0.9991880577446525, 0.0, 0.04028926979319841, 0.0] status=0x0003
joint_pos=[10.838873825001615, -32.28570530879566, 41.27657255587451, -0.5002729676880846, 0.3061501851828132, 4.873153763706285] joint_vel=[44.905064894120116, 9.988564202664652, 13.870097840000161, -31.499132912166534, -6.224701826358013, 61.374679111543976] imu_ang_vel=[0.0, 0.020008481478115077, 0.0] imu_quat_wxyz=[0.9992078224267166, 0.0, 0.03979607519918541, 0.0] status=0x0003
joint_pos=[11.699691763681018, -31.73193012777611, 41.245713186739, -1.0634473955339123, 0.21708520655886637, 5.60137561265929] joint_vel=[43.448258089133724, 35.374407076691426, -9.23266958613457, -27.441877981439397, -3.3216386902693604, 35.802309358755394] imu_ang_vel=[0.0, 0.11409330424707152, 0.0] imu_quat_wxyz=[0.9991712212216731, 0.0, 0.04070467641918339, 0.0] status=0x0003
joint_pos=[12.553778277767574, -30.997283079893357, 40.7159760678505, -1.6902184649294802, 0.17596653666059595, 6.316485400470046] joint_vel=[42.22778891804659, 37.45779285782806, -35.69230175155349, -33.54586401285012, -1.5173692663963698, 36.11084711157539] imu_ang_vel=[0.0, 0.06725416451580207, 0.0] imu_quat_wxyz=[0.9991308790765893, 0.0, 0.04168316777359916, 0.0] status=0x0003
joint_pos=[13.433112382240896, -30.329799380156178, 39.66234039451279, -2.4232149206683866, 0.15886671179004005, 7.124252723247389] joint_vel=[43.91769997900626, 32.27551237909699, -61.881786733559906, -37.90636045442072, -0.8114697851826195, 36.30060658647848] imu_ang_vel=[0.0, 0.004556778664793671, 0.0] imu_quat_wxyz=[0.9991204527225582, 0.0, 0.041932337777309446, 0.0] status=0x0003
joint_pos=[14.371406880628179, -29.720219069480837, 38.13034358670935, -3.17511032701885, 0.1524494022805911, 7.811340966843619] joint_vel=[48.604939259085896, 29.356402709978855, -84.37865648027666, -37.64434728809548, -0.15522280203442132, 34.87295013617921] imu_ang_vel=[0.0, -0.008849984402833543, 0.0] imu_quat_wxyz=[0.9991253443944741, 0.0, 0.04181562134685545, 0.0] status=0x0003
joint_pos=[15.432223147761217, -29.12731935782614, 36.1949882636407, -3.880681667907595, 0.15241296795038892, 8.570095708188198] joint_vel=[54.63867395304462, 30.57999178297746, -103.3857654683124, -33.59687379631374, -0.009552686586989058, 34.20628870156354] imu_ang_vel=[0.0, 0.048147005229774206, 0.0] imu_quat_wxyz=[0.9991160920757529, 0.0, 0.0420361101349256, 0.0] status=0x0003
joint_pos=[16.6157157798014, -28.44773332548198, 33.97908897843337, -4.4702964424416445, 0.1547160597678879, 9.323267847638718] joint_vel=[60.786140156156534, 36.65429711872996, -114.72581660672412, -26.809970491652894, 0.04917371451172926, 34.24569333193685] imu_ang_vel=[0.0, 0.16043321637467442, 0.0] imu_quat_wxyz=[0.9990675160958993, 0.0, 0.04317520448092795, 0.0] status=0x0003
joint_pos=[17.90950559682364, -27.57028833946132, 31.63652613437321, -4.8912767149753185, 0.15736652621119046, 10.075557551883513] joint_vel=[66.02314613370503, 48.54418626823497, -118.35121688727905, -17.498252800598504, 0.0656338623983136, 34.73773621949214] imu_ang_vel=[0.0, 0.32105827927646774, 0.0] imu_quat_wxyz=[0.9989536489837619, 0.0, 0.04573409211984978, 0.0] status=0x0003
joint_pos=[19.27868510547684, -26.325679997500377, 29.307455098448813, -5.088012421251052, 0.1543066760552155, 10.891793930702752] joint_vel=[70.01973823265632, 69.50911785980571, -115.27649186164801, -5.763101883034886, -0.08701267329266046, 46.44250370833289] imu_ang_vel=[0.0, 0.5385094823874602, 0.0] imu_quat_wxyz=[0.9987370760477156, 0.0, 0.050241943908049154, 0.0] status=0x0003
joint_pos=[20.595526610788504, -24.33257515631651, 27.056240412582063, -4.957328758659114, 0.11500647340076739, 11.697071008326455] joint_vel=[63.83441484924685, 116.02984485571453, -110.93680475350219, 13.005457538639234, -2.180349306259997, 39.06600633299954] imu_ang_vel=[0.0, 0.8447253942681727, 0.0] imu_quat_wxyz=[0.9983494807497438, 0.0, 0.057430952340327135, 0.0] status=0x0003
joint_pos=[21.38981358400048, -20.642814555183975, 24.66406677345514, -3.907049930388991, -1.1986747957162263, 13.207253981458637] joint_vel=[26.228817762368426, 222.22754619970038, -124.09685508085487, 74.24929639132002, -100.51927886879253, 97.09852789528179] imu_ang_vel=[0.0, 1.1224795091290074, 0.0] imu_quat_wxyz=[0.9977082395633491, 0.0, 0.06766290495835094, 0.0] status=0x0003
joint_pos=[21.344342223820735, -16.933755151173433, 20.425530813366116, -1.9256411943082512, -4.705059741170033, 15.779777022490416] joint_vel=[-7.732841915048211, 107.6527298215719, -293.45792427705436, 111.07638907267074, -216.69306043261398, 129.6978930185739] imu_ang_vel=[0.0, 0.8774198227953507, 0.0] imu_quat_wxyz=[0.9969190731842633, 0.0, 0.07843699077239862, 0.0] status=0x0003
joint_pos=[20.802018724607606, -14.640784510874335, 14.88990258877539, 0.6687984377030171, -10.191727183487696, 17.448155222440093] joint_vel=[-37.99082484635734, 118.76152339573508, -269.85994366944834, 139.752848903855, -305.40270861592893, 58.40354695465695] imu_ang_vel=[0.0, 0.4438773230651743, 0.0] imu_quat_wxyz=[0.9964313859708649, 0.0, 0.08440671212753886, 0.0] status=0x0003
sim t=    9.02s  x= 2.484m z= 0.528m pitch= 9.91deg action=[-1.0, 1.0, 0.453, 1.0, -1.0, -0.146]
joint_pos=[19.733751876262083, -12.300117529753386, 10.154786011071751, 3.7256923121557404, -17.11009427944282, 18.013201697639172] joint_vel=[-61.9933087157397, 116.39721459317768, -221.1401936614351, 159.71517036986924, -367.05901633328034, 11.972994034225854] imu_ang_vel=[0.0, 0.06539730009312963, 0.0] imu_quat_wxyz=[0.9962571570352895, 0.0, 0.08643886311123268, 0.0] status=0x0003
joint_pos=[18.270611854015403, -10.046610467882946, 6.460126497465859, 6.957608873092376, -24.48190124947111, 18.184260236428823] joint_vel=[-79.5465323507787, 111.47248204814579, -166.7434294021894, 162.467690726528, -368.1184953907985, 6.75957611547945] imu_ang_vel=[0.0, -0.21214465722660314, 0.0] imu_quat_wxyz=[0.9963590397417179, 0.0, 0.08525645972571044, 0.0] status=0x0003
joint_pos=[16.584597420782856, -8.539303922280142, 4.171781687334966, 9.651218983111875, -31.14803494243752, 17.97749418979314] joint_vel=[-87.02976947426305, 56.01525113257345, -87.29862393599471, 119.14564791043223, -313.39508933125904, -19.3302460649236] imu_ang_vel=[0.0, -0.6329206168921202, 0.0] imu_quat_wxyz=[0.9967364210257451, 0.0, 0.08072488464400936, 0.0] status=0x0003
joint_pos=[14.875489850569682, -8.151248550470509, 3.0076196057527294, 11.386191906103749, -36.3891951621273, 16.74324033313349] joint_vel=[-84.6547934271678, -0.4534045731501134, -43.059140627046304, 68.7209239838689, -233.43160003655348, -84.16566421345225] imu_ang_vel=[0.0, -1.0328215107605816, 0.0] imu_quat_wxyz=[0.9974151542007132, 0.0, 0.07185408945054822, 0.0] status=0x0003
joint_pos=[13.186101097157463, -8.616043478439767, 2.488741120121325, 12.166274305217636, -40.02093324054911, 14.98770145591204] joint_vel=[-84.22554943375476, -35.94249786584657, -16.883970892532947, 22.472501627344233, -152.7771602681333, -89.4916612552907] imu_ang_vel=[0.0, -1.3023458235655916, 0.0] imu_quat_wxyz=[0.9982130888349731, 0.0, 0.059754742728440564, 0.0] status=0x0003
joint_pos=[11.489100213285964, -9.385562676628078, 3.0664922914995483, 12.279385421464733, -41.96314895337853, 13.764989740362884] joint_vel=[-90.92346206817837, -30.877346055157883, 90.36126634745244, 0.17410821153352915, -67.11702508056605, -45.69487854992264] imu_ang_vel=[0.0, -1.2600637535937276, 0.0] imu_quat_wxyz=[0.998915748892619, 0.0, 0.04655455524755959, 0.0] status=0x0003
joint_pos=[10.051709007426, -10.210466085426058, 4.120317072335758, 12.246667294268915, -42.57496056703394, 13.464243230248936] joint_vel=[-66.5167120437882, -38.11952528206165, 50.816796046546315, -0.21837901754200725, -12.746135179242172, 1.166495676313573] imu_ang_vel=[0.0, -0.9786347538781154, 0.0] imu_quat_wxyz=[0.999363287594979, 0.0, 0.03567939751951086, 0.0] status=0x0003
joint_pos=[8.827904107845034, -10.705218697295294, 5.023973179843677, 12.435933429420935, -42.52759173721743, 14.155227275705759] joint_vel=[-58.13888125797393, -17.585844912142274, 41.91166660897148, 14.775985257060116, 10.841854192391947, 52.41846019964686] imu_ang_vel=[0.0, -0.6517171815962903, 0.0] imu_quat_wxyz=[0.9996097329800653, 0.0, 0.02793531334212252, 0.0] status=0x0003
joint_pos=[7.880786158113862, -10.858747481720552, 5.757144035251595, 13.084569548532198, -42.13769036934305, 15.285890723575823] joint_vel=[-41.411002022652085, -2.3573801709129443, 33.940076509738276, 42.104009620659426, 24.49217236327051, 58.705320892976204] imu_ang_vel=[0.0, -0.25831335240165487, 0.0] imu_quat_wxyz=[0.9997169567940766, 0.0, 0.023790886876918684, 0.0] status=0x0003
joint_pos=[7.223335766730738, -10.792489815420547, 6.369101943617712, 14.251794715234983, -41.65648026254873, 16.357937684785345] joint_vel=[-28.317309462280903, 6.543159331868387, 28.962832965949577, 67.25529814600765, 23.95270035268416, 50.829841543638565] imu_ang_vel=[0.0, 0.06388642955302228, 0.0] imu_quat_wxyz=[0.9997283010575921, 0.0, 0.02330931282771884, 0.0] status=0x0003
joint_pos=[6.724902491355523, -10.605100038513587, 6.92799813250411, 15.78150085751898, -41.21047572738385, 17.048620688140765] joint_vel=[-23.1997329047378, 11.056447583123203, 27.45515047483462, 81.47476892730545, 21.429665531295424, 25.791356534921427] imu_ang_vel=[0.0, 0.2382828222602124, 0.0] imu_quat_wxyz=[0.9996832623601272, 0.0, 0.02516694174931124, 0.0] status=0x0003
joint_pos=[6.2924554203834795, -10.401201124811005, 7.480158448121159, 17.478207061085335, -40.7718638593294, 17.155166113655767] joint_vel=[-20.932220174807235, 9.869341983343558, 28.273453745656152, 86.57925023982598, 22.23020230739832, -5.170508607462613] imu_ang_vel=[0.0, 0.3015798089406954, 0.0] imu_quat_wxyz=[0.999607252591556, 0.0, 0.028023928460532806, 0.0] status=0x0003
joint_pos=[5.8001661045447825, -10.245188243058733, 8.063327827893199, 19.090793338450382, -40.21267940141509, 16.70966731864334] joint_vel=[-26.779073555627438, 6.763575681176158, 30.391847763777147, 77.24830935398522, 31.14009084679512, -31.386459414365564] imu_ang_vel=[0.0, 0.22537264040687985, 0.0] imu_quat_wxyz=[0.9995288121423492, 0.0, 0.030694522268710066, 0.0] status=0x0003
joint_pos=[5.148189837530719, -10.150831618513047, 8.684230694994296, 20.39685777002722, -39.33683164647914, 15.778812932513457] joint_vel=[-35.88728256809807, 3.656280838384135, 32.3045305566515, 58.62469425494838, 50.79363159495114, -54.58191265269383] imu_ang_vel=[0.0, 0.06751695727503106, 0.0] imu_quat_wxyz=[0.9994873241267551, 0.0, 0.03201700969701467, 0.0] status=0x0003
joint_pos=[4.248297206619061, -10.013539406751294, 9.376169903725238, 21.26078105265587, -37.97760141163835, 14.497075863040836] joint_vel=[-48.37552447875347, 5.8618083352014985, 29.90296823657669, 33.39251002810089, 78.26581540151207, -69.11844786681614] imu_ang_vel=[0.0, -0.11644585277367449, 0.0] imu_quat_wxyz=[0.9994998728018754, 0.0, 0.03162284410097991, 0.0] status=0x0003
joint_pos=[3.0895702558417657, -9.756655466572736, 9.977616251218347, 21.606545552773245, -36.0378812036637, 12.988574190927185] joint_vel=[-62.09897976461864, 14.833713798941265, 26.257941071287416, 7.534801700923234, 107.82773080930308, -78.72134007244549] imu_ang_vel=[0.0, -0.26104673461855493, 0.0] imu_quat_wxyz=[0.9995663927786823, 0.0, 0.029445312486251894, 0.0] status=0x0003
joint_pos=[1.6770724089752085, -9.3040932217399, 10.477052044193387, 21.456094220563898, -33.570000604620176, 11.377805408354675] joint_vel=[-74.51310079802552, 25.621356608932402, 21.11191670409755, -16.477883625257956, 132.23043079939396, -81.42593226478817] imu_ang_vel=[0.0, -0.3887607848763888, 0.0] imu_quat_wxyz=[0.9996652115265817, 0.0, 0.02587401908313915, 0.0] status=0x0003
joint_pos=[0.06906308535166679, -8.654368207693226, 10.89066736808276, 20.872465131561913, -30.69837529646632, 9.737176554486634] joint_vel=[-82.71806515976542, 34.956894255540504, 16.36176584664701, -36.93919615633043, 149.9786645934055, -82.2746804595939] imu_ang_vel=[0.0, -0.47094946596543147, 0.0] imu_quat_wxyz=[0.9997710058141346, 0.0, 0.021399437688724196, 0.0] status=0x0003
joint_pos=[-1.6644719987807737, -7.797450684579396, 11.27879867731243, 19.94123158080518, -27.561886425821804, 8.075114022057345] joint_vel=[-89.25851389561026, 48.368872667572205, 23.193160097898833, -51.507292199522986, 160.06257187177388, -83.45140730147217] imu_ang_vel=[0.0, -0.4659855462624261, 0.0] imu_quat_wxyz=[0.9998605424972076, 0.0, 0.01670016638209935, 0.0] status=0x0003
joint_pos=[-3.393338188801332, -6.879590069460416, 11.591771776552461, 18.72029985649682, -24.310862464582048, 6.395123644146187] joint_vel=[-85.36004197424654, 45.71410876876319, 13.625938680174706, -65.9817985257412, 163.33393067479432, -84.2059980375336] imu_ang_vel=[0.0, -0.3985160245720843, 0.0] imu_quat_wxyz=[0.999922834436242, 0.0, 0.012422768330438917, 0.0] status=0x0003
joint_pos=[-5.0450326769467, -6.051605313081164, 12.019526878216425, 17.247047733138814, -21.106406693341793, 4.866066467515632] joint_vel=[-81.50224016925809, 40.13003315118914, 28.050328428771888, -77.58164172894226, 157.94737757126094, -72.2393178801294] imu_ang_vel=[0.0, -0.36521266973885574, 0.0] imu_quat_wxyz=[0.9999626695622454, 0.0, 0.008640571853033765, 0.0] status=0x0003
joint_pos=[-6.45410948024425, -5.674686434245693, 12.672694190875454, 15.523673743901604, -18.09027540632413, 3.7445063684925737] joint_vel=[-64.6160243583694, 7.718402164198501, 36.396138103233504, -90.93395256066003, 146.43625191381122, -47.403065284531] imu_ang_vel=[0.0, -0.30426417669442746, 0.0] imu_quat_wxyz=[0.9999856931142181, 0.0, 0.005349165063520082, 0.0] status=0x0003
joint_pos=[-7.414206946820332, -6.11565236433375, 13.824856496677658, 13.613042063379336, -15.361050143134312, 3.28178124953186] joint_vel=[-37.847976361277475, -40.62686814453805, 64.86820877338272, -99.31738626309175, 131.0756601662689, -10.184997558190412] imu_ang_vel=[0.0, -0.20692529167510765, 0.0] imu_quat_wxyz=[0.9999962409933099, 0.0, 0.002741897016701468, 0.0] status=0x0003
joint_pos=[-7.700923508241456, -7.663405838696102, 15.55625061581657, 11.578238667701804, -12.847977303902539, 3.664170992790989] joint_vel=[-1.5085377584945066, -97.81852528819807, 98.76934508962893, -103.37182345144433, 122.271297063622, 34.74773611565739] imu_ang_vel=[0.0, -0.03437350012819521, 0.0] imu_quat_wxyz=[0.9999987590851988, 0.0, 0.0015753818783795102, 0.0] status=0x0003
joint_pos=[-7.219501729142339, -10.301871582582107, 17.95282942063546, 9.767618772513682, -10.68742003584991, 4.202316201682173] joint_vel=[27.95991661501837, -141.93587749734363, 124.69685529549015, -52.90646709943634, 37.12377037356791, -63.33715191576909] imu_ang_vel=[0.0, 0.3172814771830688, 0.0] imu_quat_wxyz=[0.9999946917403921, 0.0, 0.0032582957260185847, 0.0] status=0x0003
joint_pos=[-6.345588787852527, -13.266868637561085, 20.65042598184291, 8.873056822393671, -9.958769534029228, 2.7821282709489945] joint_vel=[52.60352067420074, -151.26595038396354, 140.2681217094045, -41.294958908959444, 37.55459307901812, -73.43815465441702] imu_ang_vel=[0.0, 0.06898846301608119, 0.0] imu_quat_wxyz=[0.9999941009762757, 0.0, 0.0034348235253224457, 0.0] status=0x0003
joint_pos=[-5.035207740233128, -15.880414617215452, 23.901746027432967, 8.286377504399464, -9.27634915648862, 1.9980056015172354] joint_vel=[74.75562458236628, -117.567400652124, 174.0223111215707, -24.196213854408622, 31.38763675639924, 10.954179229862786] imu_ang_vel=[0.0, 0.36515646598491275, 0.0] imu_quat_wxyz=[0.9999832622809657, 0.0, 0.005785772024327197, 0.0] status=0x0003
joint_pos=[-3.304743344949938, -18.09759915958229, 27.38161767689111, 7.943340866766469, -8.605727055755303, 2.343827078608927] joint_vel=[92.77286020442584, -106.82279878402859, 173.87397468558257, -13.198229213573818, 35.1723690102612, 17.442061989254576] imu_ang_vel=[0.0, 0.6474350400778808, 0.0] imu_quat_wxyz=[0.9999348098653021, 0.0, 0.011418231896486867, 0.0] status=0x0003
joint_pos=[-1.470059905083845, -20.228675468453368, 30.505087384906663, 7.575600899836258, -7.833142591883614, 2.6383864742333127] joint_vel=[91.13916197127496, -106.07653082264525, 146.5522589096168, -21.411747257041466, 40.71547106831897, 13.956339228025586] imu_ang_vel=[0.0, 0.618796519317051, 0.0] imu_quat_wxyz=[0.9998382257841266, 0.0, 0.017986724572577297, 0.0] status=0x0003
joint_pos=[0.2848868815679683, -22.27964361715924, 33.261727245169965, 7.0062139997037765, -6.8999241744736, 2.862234275665364] joint_vel=[85.84532388419552, -100.30128837524144, 133.0513157788561, -32.50524455099987, 50.27316994589366, 9.734829413891923] imu_ang_vel=[0.0, 0.5134706155457243, 0.0] imu_quat_wxyz=[0.9997232979816213, 0.0, 0.023522913781044145, 0.0] status=0x0003
joint_pos=[1.9468517679502872, -24.100719752404128, 35.69699482109066, 6.251135940199569, -5.712967358744465, 2.9625060112101225] joint_vel=[81.59949066067107, -85.66662349567774, 115.64011709665002, -40.8197282057753, 64.85695560159482, 2.588730354502051] imu_ang_vel=[0.0, 0.4771195930966804, 0.0] imu_quat_wxyz=[0.9995980482230417, 0.0, 0.028350343713711795, 0.0] status=0x0003
joint_pos=[3.548918900491292, -25.69781107439278, 37.68040911861363, 5.314651276771712, -4.181947362646838, 2.8976661474789958] joint_vel=[79.2963262652177, -76.41374766568572, 90.29236700410186, -50.33712390811605, 83.66515462808078, -6.461939276744614] imu_ang_vel=[0.0, 0.4754018079217142, 0.0] imu_quat_wxyz=[0.9994521751774036, 0.0, 0.033096065221663744, 0.0] status=0x0003
joint_pos=[5.11303908731709, -27.228487573996325, 39.17821705879011, 4.143152771478293, -2.2271328541269595, 2.6340913046488463] joint_vel=[77.62695029496356, -76.41043554794561, 66.60030482367709, -63.36960459552406, 106.3517029465994, -17.066420272889353] imu_ang_vel=[0.0, 0.4604046219757377, 0.0] imu_quat_wxyz=[0.9992862060628023, 0.0, 0.037776690863687255, 0.0] status=0x0003
joint_pos=[6.669159433807851, -28.82563834831501, 40.259404237131115, 2.6960124728938615, 0.23902489748566252, 2.13196002909899] joint_vel=[77.95543247862332, -81.59599457309926, 47.323193235877795, -77.6292003748931, 133.73018840282904, -29.817103524355428] imu_ang_vel=[0.0, 0.4585339159854128, 0.0] imu_quat_wxyz=[0.999102884868914, 0.0, 0.042348854135780975, 0.0] status=0x0003
joint_pos=[7.987138300817238, -30.731179075119343, 40.98595753791991, 1.8068938341132221, 0.7108486351576684, 2.584653601678598] joint_vel=[61.82108987294782, -99.84078998548829, 30.315574822877334, -37.41468672082567, -4.837081321721544, 37.175153188563485] imu_ang_vel=[0.0, -0.011629008610029313, 0.0] imu_quat_wxyz=[0.9990202663099175, 0.0, 0.04425502798622446, 0.0] status=0x0003
joint_pos=[9.051486131039766, -32.10648653538623, 41.678381824434865, 1.1112396174313268, 0.48491248866309716, 3.3964760599737502] joint_vel=[48.79663402895821, -51.05772410079727, 36.94988543008229, -34.49106090462483, -11.455752889459166, 41.211922904876616] imu_ang_vel=[0.0, -0.07749690862685847, 0.0] imu_quat_wxyz=[0.999055086251272, 0.0, 0.043461875655145685, 0.0] status=0x0003
joint_pos=[10.002879379217081, -32.56246449329247, 42.21745657349907, 0.4979317219876749, 0.3133661649284411, 4.187570105787481] joint_vel=[46.95986515514677, -7.135591658998801, 21.624199243375642, -28.615252169307492, -6.887020842578769, 38.98005308418829] imu_ang_vel=[0.0, 0.041911898203303356, 0.0] imu_quat_wxyz=[0.9990606650654053, 0.0, 0.043333445732713784, 0.0] status=0x0003
joint_pos=[10.903431053392934, -32.39274600987451, 42.38111845788453, -0.10124522309868224, 0.2202254519263793, 4.956808479647286] joint_vel=[43.91346661153747, 17.23105399242311, 1.3388453784526038, -30.678885847571635, -3.5860467682523125, 38.304031241375995] imu_ang_vel=[0.0, 0.07819910150352523, 0.0] imu_quat_wxyz=[0.9990270606478154, 0.0, 0.0441013842570297, 0.0] status=0x0003
joint_pos=[11.754763176338255, -31.912616694707033, 42.0842166298069, -0.7817838611192894, 0.17453456118267832, 5.7897168546736575] joint_vel=[40.858101757681645, 29.0008828823972, -23.652561705177774, -35.2074537217819, -1.7740867021527724, 35.51088734927264] imu_ang_vel=[0.0, 0.03228550774592477, 0.0] imu_quat_wxyz=[0.9990016869489171, 0.0, 0.04467246885071125, 0.0] status=0x0003
joint_pos=[12.584105401793042, -31.30519499604842, 41.27709873472572, -1.5365380627808443, 0.15499608449710073, 6.497397748861411] joint_vel=[41.735747908121816, 31.13505772038385, -49.252806897519626, -39.216462703421726, -0.6747211231734713, 35.7903265001784] imu_ang_vel=[0.0, -0.024616104318999146, 0.0] imu_quat_wxyz=[0.9990031726421401, 0.0, 0.04463923219476893, 0.0] status=0x0003
joint_pos=[13.47228562347379, -30.693274796602125, 39.990263033336696, -2.3401624327668196, 0.14873477516091532, 7.286892429483583] joint_vel=[44.8550900134675, 31.442867262837385, -72.5026325825714, -40.1739805555956, -0.3046946725892748, 34.35479212384627] imu_ang_vel=[0.0, -0.04848097748488667, 0.0] imu_quat_wxyz=[0.9990219580794342, 0.0, 0.04421682117851978, 0.0] status=0x0003
joint_pos=[14.453332912207419, -30.067514610630983, 38.29242774932925, -3.1218806661495804, 0.14919833720564238, 8.052248390943188] joint_vel=[52.495608568991166, 29.838638287651495, -91.25826900507481, -39.31682815536137, 0.2945739079586764, 50.2553053543136] imu_ang_vel=[0.0, -0.02244752784550138, 0.0] imu_quat_wxyz=[0.9990384754696473, 0.0, 0.043842040683377215, 0.0] status=0x0003
joint_pos=[15.57013047868388, -29.410082378659993, 36.28046682176781, -3.8093182257667757, 0.15115715020785325, 8.729598859867721] joint_vel=[58.763926081504714, 33.162758904664244, -105.31452941773823, -32.42601087595031, 0.16511605527879963, 34.01071988529645] imu_ang_vel=[0.0, 0.060702603646149475, 0.0] imu_quat_wxyz=[0.9990273395705263, 0.0, 0.04409506537739193, 0.0] status=0x0003
joint_pos=[16.831731213966165, -28.673863385951105, 34.06606144628806, -4.379886655761009, 0.15528855413621886, 9.473559437929426] joint_vel=[64.67567707678471, 39.4978808738911, -113.56449925232388, -26.035514246399217, 0.15262177966549142, 34.1218694065129] imu_ang_vel=[0.0, 0.17168561063682633, 0.0] imu_quat_wxyz=[0.9989696517156056, 0.0, 0.04538320120046255, 0.0] status=0x0003
joint_pos=[18.20113807934825, -27.73406031218053, 31.780448051781846, -4.791871026916922, 0.15910111858098708, 10.278779092285461] joint_vel=[70.78587073078126, 50.80457893059183, -114.50279706640723, -17.771834802583697, 0.2840215036659848, 46.121041162499175] imu_ang_vel=[0.0, 0.3285607408020904, 0.0] imu_quat_wxyz=[0.9988457225330574, 0.0, 0.048033556784967166, 0.0] status=0x0003
joint_pos=[19.637305743529243, -26.4119023097807, 29.515216519878873, -4.964151524874634, 0.15343742325289583, 11.042059499479883] joint_vel=[72.60099541065453, 74.22676981050319, -112.42847485359206, -3.7773508154400264, -0.4015597125429668, 36.330429171586786] imu_ang_vel=[0.0, 0.5578987713585016, 0.0] imu_quat_wxyz=[0.9986118542067672, 0.0, 0.05267223782717308, 0.0] status=0x0003
joint_pos=[20.99245200463894, -24.296543236762453, 27.299761777133348, -4.818591775308938, 0.11176677743620819, 11.84684785934465] joint_vel=[64.54384052535279, 123.67484203526459, -109.78593692118443, 13.499794968181833, -2.2751207500808546, 38.753644718881795] imu_ang_vel=[0.0, 0.8556728569586464, 0.0] imu_quat_wxyz=[0.9981973567635516, 0.0, 0.06001697218503276, 0.0] status=0x0003
joint_pos=[21.74589686741679, -20.438800977407773, 24.89225168475675, -3.7512716615945787, -1.307951764216365, 13.423214020394122] joint_vel=[21.676786442787936, 231.52787193292139, -125.950368122545, 76.25922096662771, -110.34710747105468, 96.70663844679157] imu_ang_vel=[0.0, 1.097827078668309, 0.0] imu_quat_wxyz=[0.9975357517994873, 0.0, 0.07015998775535554, 0.0] status=0x0003
joint_pos=[21.736122028598515, -17.5964008185595, 19.942669199654716, -1.7759463647232538, -4.950104281485568, 15.894311220131668] joint_vel=[-9.671782309096303, 107.52219462001817, -299.213913825784, 111.3610611258495, -224.34873711618846, 121.32125607421465] imu_ang_vel=[0.0, 0.8151163306679698, 0.0] imu_quat_wxyz=[0.9967815593154163, 0.0, 0.08016559741389762, 0.0] status=0x0003
