Log file: /home/cx/robot_deploy/log_sim2sim/2026-08-03_00-46-58.txt
Loaded ONNX policy: /home/cx/mjlab-recovered/logs/rsl_rl/custom_biped_velocity_nolinvel/2026-07-30_23-56-50/2026-07-30_23-56-50.onnx
  input=obs[1,65] output=actions[1,6]
  velocity_command=[0.2, 0.0, 0.0]
  startup=move 0s + hold 0s
MuJoCo sim2sim started
  robot=/home/cx/mjlab-recovered/src/mjlab/asset_zoo/robots/custom_biped/mjcf/biped.xml
  physics=200 Hz, policy=50 Hz
  command=[0.2, 0.0, 0.0]
  press R in the viewer to reset; close the viewer or press Ctrl+C to stop
joint_pos=[10.0, -20.0, 10.0, 10.0, -20.0, 10.0] joint_vel=[0.0, 0.0, 0.0, 0.0, 0.0, 0.0] imu_ang_vel=[0.0, 0.0, 0.0] imu_quat_wxyz=[1.0, 0.0, 0.0, 0.0] status=0x0003
ONNX startup: moving from measured joint positions to [10.0, -20.0, 10.0, 10.0, -20.0, 10.0] deg over 0 s.
ONNX startup: move command complete; waiting for measured joints to enter +/-2 deg.
ONNX startup: measured joints reached the default pose; holding before inference.
ONNX startup complete: history, last_action and gait phase reset; actor inference started.
sim t=    0.02s  x= 0.000m z= 0.521m pitch=-0.34deg action=[-0.668, 1.0, 0.728, 0.097, 0.026, 0.289]
joint_pos=[9.418763521003594, -19.55826308407512, 10.437525799099916, 9.578532619712204, -19.986965613376817, 10.482986194397414] joint_vel=[-36.20949017945065, -0.8805081603516999, 0.5107056563269878, -37.21447569569093, -5.424232992147201, 27.397223287516727] imu_ang_vel=[0.0, -0.4174855821743988, 0.0] imu_quat_wxyz=[0.9999987979903608, 0.0, -0.001550489546399814, 0.0] status=0x0003
joint_pos=[9.244706002201129, -19.752012264483326, 10.421713071157056, 9.39665661859071, -20.19961632822755, 10.35150450197175] joint_vel=[6.387738051629285, -14.887670957977546, -1.9145659473870522, 5.361479948277019, -13.794338246696658, -24.98327971199638] imu_ang_vel=[0.0, -0.09937826164992018, 0.0] imu_quat_wxyz=[0.9999885949719993, 0.0, -0.004775973819714833, 0.0] status=0x0003
joint_pos=[9.26309240844005, -20.27686257861772, 10.845564148676033, 9.450959670283625, -20.92303231307036, 10.828412025310257] joint_vel=[-1.9674777382403423, -32.65729513182368, 33.686660652866095, 1.2331652744995667, -48.44765156570291, 49.891244587024055] imu_ang_vel=[0.0, -0.11123910840591025, 0.0] imu_quat_wxyz=[0.9999865886723739, 0.0, -0.005179041937323639, 0.0] status=0x0003
joint_pos=[9.644736006896752, -20.917382852565115, 11.209603724997363, 10.046931463615348, -22.180412511000206, 11.360635637607787] joint_vel=[30.626212038298316, -31.894533088831643, 9.939537124438433, 45.386967712239475, -70.60689192168738, 14.118423718463673] imu_ang_vel=[0.0, 0.24908169842341396, 0.0] imu_quat_wxyz=[0.9999891603208491, 0.0, -0.0046560971642799565, 0.0] status=0x0003
joint_pos=[10.16578036132208, -21.574731332915757, 11.455008245777845, 11.02343948566788, -24.00026497539246, 12.544413279163065] joint_vel=[23.310903158977396, -34.92686977641658, 25.606130935414978, 50.787088090628494, -101.28165765861735, 83.13548578803825] imu_ang_vel=[0.0, 0.29092490057348713, 0.0] imu_quat_wxyz=[0.9999990546886021, 0.0, -0.001374998873519787, 0.0] status=0x0003
joint_pos=[10.787076933895094, -22.21721789135756, 11.982974889643003, 12.36324885844522, -26.14217109811264, 13.725207920941125] joint_vel=[35.30255446636677, -30.53524257184473, 26.125576928673215, 75.83464219323974, -110.06336964175989, 46.1011123565018] imu_ang_vel=[0.0, 0.48538232233342515, 0.0] imu_quat_wxyz=[0.9999969535774357, 0.0, 0.002468367040772191, 0.0] status=0x0003
joint_pos=[11.461433154877813, -22.771549020112758, 12.493528949365574, 14.041523553547403, -28.646296986281996, 14.79435719918141] joint_vel=[32.749984207100525, -26.236601618259677, 25.5029403306043, 88.26889799180019, -133.233830246866, 57.319130164574716] imu_ang_vel=[0.0, 0.5613381932564863, 0.0] imu_quat_wxyz=[0.9999679594564899, 0.0, 0.008005002212604216, 0.0] status=0x0003
joint_pos=[12.038437451979064, -23.188205951494695, 12.970989206301454, 15.870752372606505, -31.34497975190077, 15.64139645784356] joint_vel=[26.622984269538883, -17.860017511248426, 23.25945804575371, 93.18972494253933, -135.5539251834947, 34.317489391521136] imu_ang_vel=[0.0, 0.5659105140574823, 0.0] imu_quat_wxyz=[0.9999066798063933, 0.0, 0.013661320527496362, 0.0] status=0x0003
joint_pos=[12.474680768162955, -23.384946810492103, 13.3619364925156, 17.735410399783852, -33.96273074398636, 16.19241253827071] joint_vel=[19.058073846069647, -5.302589960572574, 18.12490975342178, 93.28149844780226, -127.98297915943279, 23.932829444635697] imu_ang_vel=[0.0, 0.5694240944868151, 0.0] imu_quat_wxyz=[0.9998130740566497, 0.0, 0.0193343462623484, 0.0] status=0x0003
joint_pos=[12.645683565198441, -23.27122214485313, 13.631840062427111, 19.46171943761797, -36.28880693667112, 16.407501801592748] joint_vel=[2.8247677014538386, 11.918973441479785, 11.349835115439413, 82.66317367411088, -109.59320121991672, 3.8567187544103905] imu_ang_vel=[0.0, 0.49112378177725835, 0.0] imu_quat_wxyz=[0.9996965546916797, 0.0, 0.024633281096624653, 0.0] status=0x0003
joint_pos=[12.493790158356523, -22.74420285142043, 13.720111500336085, 20.967910550488128, -38.167772122334476, 16.265882790893006] joint_vel=[-13.44777773553387, 34.65801497521738, 1.1294533394114552, 71.37910451059865, -85.08931861876331, -12.875711526138947] imu_ang_vel=[0.0, 0.42261886719310243, 0.0] imu_quat_wxyz=[0.9995766757385786, 0.0, 0.029094145792797205, 0.0] status=0x0003
joint_pos=[11.960453060374755, -21.78635829547801, 13.741673380648624, 22.182570934296855, -39.53314524507221, 15.834946481110043] joint_vel=[-31.256455021013014, 49.552827037215955, -6.207305184235208, 53.17612093076242, -57.58511645720015, -26.18291253822111] imu_ang_vel=[0.0, 0.33312186247206244, 0.0] imu_quat_wxyz=[0.9994663367657912, 0.0, 0.0326656038053788, 0.0] status=0x0003
joint_pos=[11.141313341130823, -20.71642774337255, 13.534867759571009, 22.95779038313394, -40.259993275160355, 15.123623692687598] joint_vel=[-46.691780929445194, 56.351159013621434, -11.000785723694742, 31.085326022339284, -24.47077326701344, -40.50310012654262] imu_ang_vel=[0.0, 0.08045340420379156, 0.0] imu_quat_wxyz=[0.9994124324730207, 0.0, 0.03427520705057716, 0.0] status=0x0003
joint_pos=[10.005643948428345, -19.479163849197583, 13.347269729379459, 23.249579174543047, -40.20754314455872, 14.214775794415331] joint_vel=[-60.822544547442455, 62.38343653268385, -13.422641434134311, 4.810418348807049, 18.087361553499466, -48.011863288776084] imu_ang_vel=[0.0, -0.09152762457480344, 0.0] imu_quat_wxyz=[0.9994253018108666, 0.0, 0.03389787751848374, 0.0] status=0x0003
joint_pos=[8.632596574191464, -18.170367934695527, 13.091149083077314, 23.012982142365992, -39.295277066375924, 13.10000845942934] joint_vel=[-72.00347505329589, 65.43798262554702, -15.89124870614008, -21.61199447230311, 61.360415808602376, -59.791545627113614] imu_ang_vel=[0.0, -0.2765126175514575, 0.0] imu_quat_wxyz=[0.9994993257183524, 0.0, 0.031640130982012585, 0.0] status=0x0003
joint_pos=[7.064660887386717, -16.80029689869944, 12.80173660163279, 22.278196045143833, -37.58453730705128, 11.852514314058872] joint_vel=[-80.91318184460509, 68.508017634438, -17.48332699990393, -45.7362738392966, 99.37648304197894, -63.6799289920166] imu_ang_vel=[0.0, -0.42008251446228356, 0.0] imu_quat_wxyz=[0.9996139376936345, 0.0, 0.02778444832323693, 0.0] status=0x0003
joint_pos=[5.357073455410664, -15.34966619181301, 12.464549091647623, 21.111497611442797, -35.19250832374247, 10.56994336877958] joint_vel=[-86.73794327534458, 73.03628864370792, -20.98667578019928, -66.02599416124396, 131.13930853294957, -64.29813223394092] imu_ang_vel=[0.0, -0.5231057083296419, 0.0] imu_quat_wxyz=[0.9997386852474797, 0.0, 0.022859597976361785, 0.0] status=0x0003
joint_pos=[3.5596093594785425, -13.767729054921654, 12.06591990767456, 19.602641946164592, -32.26886258764064, 9.310908897053212] joint_vel=[-90.36876147659083, 80.64504612850092, -24.679686666283924, -81.47676853641092, 154.7986475502428, -62.17380831294085] imu_ang_vel=[0.0, -0.5367338097896596, 0.0] imu_quat_wxyz=[0.9998462863066715, 0.0, 0.01753293354682761, 0.0] status=0x0003
joint_pos=[1.7274824302542977, -12.05083647912195, 11.600269832077842, 17.84705538916698, -29.008308649254666, 8.083747424121453] joint_vel=[-91.1311433249938, 87.05860664372449, -27.862232735575386, -92.08301913315321, 167.76429863258917, -60.87731997712426] imu_ang_vel=[0.0, -0.50387770496233, 0.0] imu_quat_wxyz=[0.9999233085609703, 0.0, 0.012384546680537022, 0.0] status=0x0003
joint_pos=[-0.0660764069107614, -10.280824227579515, 11.103139241662722, 15.92313660966575, -25.605115995631603, 6.903092381771094] joint_vel=[-87.87902095537252, 87.87176047400342, -28.1044306202708, -99.24184503268054, 171.53630466754606, -58.01162902306077] imu_ang_vel=[0.0, -0.446564855692473, 0.0] imu_quat_wxyz=[0.9999700456356724, 0.0, 0.007740014947740912, 0.0] status=0x0003
joint_pos=[-1.7051197212625053, -8.674841327414475, 10.711249025021365, 13.88001426306198, -22.21556747831568, 5.7978065341127305] joint_vel=[-77.53991751548558, 74.30038187169039, -20.331990275776054, -104.75416410930703, 168.42571413805126, -53.77624376718886] imu_ang_vel=[0.0, -0.37542537634941503, 0.0] imu_quat_wxyz=[0.9999928509918121, 0.0, 0.003781265035345593, 0.0] status=0x0003
joint_pos=[-2.983565720983455, -7.593406193330575, 10.627179317878205, 11.77745738151967, -18.96076244601758, 4.813359419136001] joint_vel=[-54.92391436090392, 40.333493423859466, -2.1760905912177773, -106.74046592835401, 159.90200783574463, -46.7949974068992] imu_ang_vel=[0.0, -0.2654869601408349, 0.0] imu_quat_wxyz=[0.9999997249510668, 0.0, 0.0007416857762212225, 0.0] status=0x0003
joint_pos=[-3.6588436508198265, -7.451030542634518, 10.969442689174045, 9.659187716815147, -15.90721171761414, 4.117874693303813] joint_vel=[-22.113897918566874, -11.135046414533827, 27.2305910188316, -105.70206093894201, 148.39754270505838, -28.341697937546687] imu_ang_vel=[0.0, -0.11803935806585845, 0.0] imu_quat_wxyz=[0.9999994638799375, 0.0, -0.0010354901436455922, 0.0] status=0x0003
joint_pos=[-3.6069645453742445, -8.415124259784967, 12.034784562080906, 7.6057677593976045, -13.013600941943306, 3.931382204180763] joint_vel=[18.100582975931175, -73.11575740263285, 59.73297403222013, -103.08021849924421, 143.12142252401813, 0.332295890665368] imu_ang_vel=[0.0, 0.08068160148584014, 0.0] imu_quat_wxyz=[0.999999577495242, 0.0, -0.0009192438943680483, 0.0] status=0x0003
joint_pos=[-2.704987612459973, -10.607020246726625, 13.670311632944243, 5.626807942175257, -10.030027901020981, 4.730672610456732] joint_vel=[58.93885164074318, -122.70872399479816, 91.27830550742071, -93.59940802365735, 153.10787457061343, 105.88311799028156] imu_ang_vel=[0.0, 0.32990004408475626, 0.0] imu_quat_wxyz=[0.9999990608911651, 0.0, 0.0013704804952481917, 0.0] status=0x0003
joint_pos=[-1.5536025649236531, -13.038020786950252, 16.104748952063964, 4.8795062369201085, -8.643244944297734, 4.421412769117486] joint_vel=[65.50550511198679, -122.92567824010254, 139.12725252733216, -25.71530561226544, 59.570283524959784, -16.258410343843746] imu_ang_vel=[0.0, 0.28576316436519456, 0.0] imu_quat_wxyz=[0.9999913261751516, 0.0, 0.00416504195194384, 0.0] status=0x0003
joint_pos=[-0.011990796346806444, -15.205575128155202, 19.595676051912115, 4.5881964044988415, -7.284740759452423, 4.039098500082471] joint_vel=[83.4599695402142, -99.83019275518392, 193.37282486907057, -8.45469425343382, 73.06776457388685, -21.762576171171844] imu_ang_vel=[0.0, 0.6558910570018485, 0.0] imu_quat_wxyz=[0.9999578446508378, 0.0, 0.009181988959415242, 0.0] status=0x0003
joint_pos=[1.8627219626025588, -17.36714477879989, 23.66395669031543, 4.526127015605476, -5.760776190331332, 3.5817913213000745] joint_vel=[99.20019885486396, -112.25951410154951, 208.56974200206773, -0.474455167608963, 78.58818736225237, -24.049809340578186] imu_ang_vel=[0.0, 0.8957509865132108, 0.0] imu_quat_wxyz=[0.9998481609464733, 0.0, 0.017425700902837363, 0.0] status=0x0003
joint_pos=[3.8648503858306302, -19.966083943774986, 27.482195722794348, 4.3932039472435855, -4.103827499365037, 3.0612313807832723] joint_vel=[100.48408419622396, -139.42608859720977, 181.23609997942435, -10.273554570088173, 85.85924025928676, -27.211465323603303] imu_ang_vel=[0.0, 0.8610894461203897, 0.0] imu_quat_wxyz=[0.9996514478704244, 0.0, 0.026400431257165794, 0.0] status=0x0003
joint_pos=[5.679699446104779, -22.917210697883895, 30.5279435972858, 3.9153034693216147, -2.2198890639047706, 2.4432129851894384] joint_vel=[85.30500145559962, -151.80628154822617, 136.6371905982127, -31.60241621625736, 99.57959939860102, -32.885585956453845] imu_ang_vel=[0.0, 0.6637205246806545, 0.0] imu_quat_wxyz=[0.9994254663484226, 0.0, 0.0338930260413283, 0.0] status=0x0003
joint_pos=[7.216006106713023, -25.925361964076593, 32.74382603483992, 3.0571067148054167, 0.04097388815535923, 1.6642293445071232] joint_vel=[72.14867977055103, -149.39087015583897, 96.88211322069411, -49.33821380154317, 121.44758772478595, -42.43510072046027] imu_ang_vel=[0.0, 0.5399699575483241, 0.0] imu_quat_wxyz=[0.9992137759579639, 0.0, 0.03964631049452073, 0.0] status=0x0003
joint_pos=[8.27158873922646, -28.865763446495006, 34.39423459952209, 2.628641136248232, 0.5345727132732423, 1.7508278910001425] joint_vel=[44.30025593567591, -143.14509932445074, 74.73190418105239, -15.503416307339261, -1.1042972244383948, 17.728556020204174] imu_ang_vel=[0.0, 0.09113191285653618, 0.0] imu_quat_wxyz=[0.9991000714654711, 0.0, 0.042415176501938615, 0.0] status=0x0003
joint_pos=[8.892934162484647, -30.911130835989116, 36.076217531166336, 2.380684707990545, 0.38036132354850133, 2.184945197504984] joint_vel=[24.150208365493672, -79.18146112933373, 89.12976108183273, -11.61953305416196, -8.330728742001403, 22.57225464626439] imu_ang_vel=[0.0, 0.04257580554874824, 0.0] imu_quat_wxyz=[0.9990855346756534, 0.0, 0.042756220621843664, 0.0] status=0x0003
joint_pos=[9.306731928951436, -31.831584251745912, 37.76264199340845, 2.2383254943032207, 0.25311949696852665, 2.6158357844108497] joint_vel=[18.90106880347199, -27.445429747585017, 81.73246311756128, -4.630783007485415, -5.147004116946441, 21.105152795644337] imu_ang_vel=[0.0, 0.17100121599680246, 0.0] imu_quat_wxyz=[0.9990363039984068, 0.0, 0.04389149454282511, 0.0] status=0x0003
joint_pos=[9.608384670991935, -32.01649731896196, 39.11522629203037, 2.1012340825402194, 0.18395597417176907, 3.0306454407043435] joint_vel=[13.105548526769029, 0.6445284275848026, 60.0533751175357, -8.070247666836378, -2.658514504558272, 20.51966598792647] imu_ang_vel=[0.0, 0.18270415327638126, 0.0] imu_quat_wxyz=[0.998948916261852, 0.0, 0.04583735048267232, 0.0] status=0x0003
joint_pos=[9.780166864893122, -31.82648105195674, 39.897184882583446, 1.822753910503963, 0.15042049927659698, 3.4279262342801102] joint_vel=[6.166243179905227, 14.404630353137067, 27.8569185566679, -17.197810269890415, -1.2520690086049984, 19.79194985312833] imu_ang_vel=[0.0, 0.0635233692742001, 0.0] imu_quat_wxyz=[0.9988940365570165, 0.0, 0.04701812130263993, 0.0] status=0x0003
joint_pos=[9.854422833269826, -31.43893663242143, 40.0771256797287, 1.3565150928678495, 0.136585605727656, 3.9314711631378443] joint_vel=[1.596474250249894, 23.626658850145454, -0.9329192929530998, -25.788997285223246, -0.7697137365152934, 19.187989702319403] imu_ang_vel=[0.0, -0.07578533983283309, 0.0] imu_quat_wxyz=[0.9989061574209471, 0.0, 0.04675990447507246, 0.0] status=0x0003
joint_pos=[9.868405074802503, -30.83596368449026, 39.7733938823403, 0.7874104291338946, 0.12895587818160484, 4.270892447506763] joint_vel=[0.3833036713745957, 33.61216854364846, -22.773733487656415, -30.159147343315407, -0.23512089458158877, 17.264660957642413] imu_ang_vel=[0.0, -0.17604656925170675, 0.0] imu_quat_wxyz=[0.9989735092506845, 0.0, 0.04529820984732798, 0.0] status=0x0003
joint_pos=[9.897810820064374, -30.016566006255093, 39.10573405556356, 0.17513687732899, 0.12584609146576803, 4.626089111443226] joint_vel=[2.0956204146904014, 45.048730137452544, -39.025765224446, -30.937438446337506, -0.12085120157621873, 18.045060622322605] imu_ang_vel=[0.0, -0.20291453683514055, 0.0] imu_quat_wxyz=[0.9990615096998146, 0.0, 0.04331396814339745, 0.0] status=0x0003
joint_pos=[9.99266079818925, -29.011732100013628, 38.134923371308325, -0.4269273964321377, 0.12388815263881497, 4.993040350946599] joint_vel=[6.2113528346485785, 53.09993419399814, -53.58412123516385, -29.725613805615204, -0.08202968130152581, 18.57081495979764] imu_ang_vel=[0.0, -0.18771679841283942, 0.0] imu_quat_wxyz=[0.9991447314867359, 0.0, 0.04134979494868742, 0.0] status=0x0003
joint_pos=[10.198588983332984, -27.922335595806352, 36.888384974085724, -1.0069245936519506, 0.12291554620436274, 5.4654488225095035] joint_vel=[11.426892518180013, 56.61299603505884, -67.15357893562299, -27.832728589834208, -0.18845319298066715, 16.721995394341526] imu_ang_vel=[0.0, -0.15730297247254263, 0.0] imu_quat_wxyz=[0.9992127983513958, 0.0, 0.03967094164212594, 0.0] status=0x0003
joint_pos=[10.520514922412232, -26.81883526551457, 35.384426345941556, -1.5373305194714046, 0.12241272573249189, 5.806533030591155] joint_vel=[18.653958962670327, 54.31933004491478, -79.42887190418412, -25.896815778546834, 0.01484344803579031, 17.568681369992483] imu_ang_vel=[0.0, -0.12112286363857577, 0.0] imu_quat_wxyz=[0.9992658497858288, 0.0, 0.03831137496626254, 0.0] status=0x0003
joint_pos=[10.993794681443612, -25.79430678758081, 33.66546720629694, -2.0241754688492857, 0.12393711345141895, 6.164268182168823] joint_vel=[26.38205398486706, 49.46396958080847, -89.35166090661508, -23.579005493254325, 0.08315745239810703, 18.28988736023437] imu_ang_vel=[0.0, -0.07768791051776094, 0.0] imu_quat_wxyz=[0.9993016803360592, 0.0, 0.03736511310739877, 0.0] status=0x0003
joint_pos=[11.630385457052435, -24.86757953529752, 31.77923326910224, -2.458254994477562, 0.126864428675297, 6.617639101906505] joint_vel=[33.723002731359074, 45.7321923572328, -97.03037759026613, -20.039994825261406, 0.010007604851346353, 16.836275409513405] imu_ang_vel=[0.0, -0.019404549404095365, 0.0] imu_quat_wxyz=[0.999317211700298, 0.0, 0.03694740044362788, 0.0] status=0x0003
joint_pos=[12.394021823028861, -23.962064007378327, 29.774468611101728, -2.7989722044302145, 0.12933153634122616, 6.962810359721452] joint_vel=[40.57990210281525, 44.990274872833986, -101.84967124496814, -15.446755492296358, 0.13899498540119948, 17.870016895266772] imu_ang_vel=[0.0, 0.06037052465787945, 0.0] imu_quat_wxyz=[0.999307053727009, 0.0, 0.0372211280248826, 0.0] status=0x0003
joint_pos=[13.279175299976488, -23.00834796882589, 27.720728434511905, -3.036178209447622, 0.13241304868591566, 7.407158449462204] joint_vel=[45.2383434925523, 50.13257745444195, -103.14520960515686, -9.301342466392077, 0.024436341997192183, 17.34720484442536] imu_ang_vel=[0.0, 0.16775596670998172, 0.0] imu_quat_wxyz=[0.9992594668103757, 0.0, 0.03847749978680622, 0.0] status=0x0003
joint_pos=[14.21744095302863, -21.845249279350547, 25.675100219740365, -3.1308700173146082, 0.13304797322226583, 7.852699657164746] joint_vel=[49.04958153016695, 61.32957434497718, -101.56307803220452, -2.9591777681372498, 0.2279360398067128, 34.88657592003562] imu_ang_vel=[0.0, 0.3048999147377338, 0.0] imu_quat_wxyz=[0.999160323392935, 0.0, 0.04097130895304001, 0.0] status=0x0003
joint_pos=[15.114638419779162, -20.22812259968446, 23.681129155254705, -3.0154587902095478, 0.10113813012702948, 8.249701969819682] joint_vel=[43.77678763160286, 90.38090349977143, -98.43803665585844, 9.736364629221379, -1.6909620679230541, 20.496290018169518] imu_ang_vel=[0.0, 0.4947474006014385, 0.0] imu_quat_wxyz=[0.9989802074211679, 0.0, 0.045150251170513356, 0.0] status=0x0003
joint_pos=[15.592221960546066, -17.36174431887391, 21.554602375248642, -2.1854741147150563, -1.0154316851183371, 9.304583323210005] joint_vel=[11.69359810504758, 173.0251994134807, -110.47942109099418, 60.115341353822586, -87.45440100397043, 65.69681142931233] imu_ang_vel=[0.0, 0.6780864744112863, 0.0] imu_quat_wxyz=[0.9986832981406661, 0.0, 0.051299805212899355, 0.0] status=0x0003
joint_pos=[15.20323340321986, -14.11368219700426, 18.057803516540478, -0.4190054302545744, -4.423946457487351, 11.468001739532786] joint_vel=[-28.363201996297356, 114.37810210287898, -237.59672836638546, 100.47706170113513, -213.6494364482397, 123.25465668228023] imu_ang_vel=[0.0, 0.4902123475662154, 0.0] imu_quat_wxyz=[0.9983451043557585, 0.0, 0.057506978784228134, 0.0] status=0x0003
sim t=    1.02s  x= 0.145m z= 0.531m pitch= 6.87deg action=[-1.0, 0.927, 0.035, 1.0, -1.0, 0.225]
joint_pos=[14.331703690199287, -11.702513996240453, 13.263082707685244, 1.939481871195723, -9.868340932464715, 13.889132568902157] joint_vel=[-52.33253866616142, 124.4960375406234, -242.5672621640642, 127.27618877297785, -303.70408727598095, 119.59190269126522] imu_ang_vel=[0.0, 0.09743201731620361, 0.0] imu_quat_wxyz=[0.9982075579023142, 0.0, 0.05984706631655518, 0.0] status=0x0003
joint_pos=[13.060892010766771, -9.213825183855665, 8.914724227768161, 4.632787796053214, -16.2824077109196, 15.7441343625061] joint_vel=[-69.95349611817367, 125.17086521057543, -205.67842776266397, 138.55264169174032, -329.01752635826125, 78.26653829472961] imu_ang_vel=[0.0, -0.15664977324293314, 0.0] imu_quat_wxyz=[0.9982514064282711, 0.0, 0.059111162769638695, 0.0] status=0x0003
joint_pos=[11.872701154793566, -7.308224961670758, 5.625770449479917, 7.39472979536822, -22.64856341273907, 16.494058486757645] joint_vel=[-53.70030097420263, 79.35934175589418, -143.8003084223931, 137.49286288709533, -311.4932771639102, 15.71191228097478] imu_ang_vel=[0.0, -0.22420728191479675, 0.0] imu_quat_wxyz=[0.9983766165504434, 0.0, 0.056957278071277886, 0.0] status=0x0003
joint_pos=[10.834818797249735, -6.594736943773853, 3.771420236193739, 9.601526975074368, -28.328280712059573, 15.901823564806584] joint_vel=[-50.90425513612257, 11.993104938856144, -66.24842123574915, 94.98093675861438, -268.3032032451581, -53.72156091286324] imu_ang_vel=[0.0, -0.5346951740873125, 0.0] imu_quat_wxyz=[0.9985887246814672, 0.0, 0.053108934644189774, 0.0] status=0x0003
joint_pos=[9.972320574357418, -7.034014748918226, 2.7917318370553, 11.026118508190079, -32.98793161971722, 14.052219267197223] joint_vel=[-38.74488954157237, -40.78985497550389, -39.94323964845518, 57.81224931741871, -213.2691036060104, -113.00809079766543] imu_ang_vel=[0.0, -0.7843462844109885, 0.0] imu_quat_wxyz=[0.9989385571831203, 0.0, 0.04606255499758881, 0.0] status=0x0003
joint_pos=[9.041291151542143, -8.032171133261386, 3.0791549107869813, 11.639574381792736, -36.309875633409234, 12.50125859613411] joint_vel=[-49.08806772728767, -59.621232016455345, 55.30482455989184, 15.274984410577582, -136.44992190710505, -58.56578770798475] imu_ang_vel=[0.0, -0.8688378311091578, 0.0] imu_quat_wxyz=[0.9993067557799643, 0.0, 0.03722912640021053, 0.0] status=0x0003
joint_pos=[8.177148351280755, -9.200761046136831, 4.110807619328612, 11.809466554929145, -38.33890694007188, 11.906204931481174] joint_vel=[-40.0673756026121, -57.768359989675076, 51.532276629382714, 4.886330686002947, -81.86583190905188, -14.217871926158631] imu_ang_vel=[0.0, -0.8262640993751691, 0.0] imu_quat_wxyz=[0.9995983202598377, 0.0, 0.028340750408393407, 0.0] status=0x0003
joint_pos=[7.419265027860497, -10.07515056538605, 5.007247667768834, 11.947385180885506, -39.51169863901408, 12.636420815514057] joint_vel=[-36.48600473071033, -36.30823151171878, 41.229930602292704, 8.00331093665303, -45.426761295367115, 63.66764649312965] imu_ang_vel=[0.0, -0.5970908523396675, 0.0] imu_quat_wxyz=[0.9997701073548529, 0.0, 0.021441372149789476, 0.0] status=0x0003
joint_pos=[6.8802682943958775, -10.674673837568777, 5.7653317642606865, 12.32871695276604, -40.09806729589384, 14.031229211339914] joint_vel=[-21.62347189061447, -26.663786796977238, 36.02081348387741, 25.13302835479728, -20.141624505963257, 72.96502954666812] imu_ang_vel=[0.0, -0.2861478234379285, 0.0] imu_quat_wxyz=[0.9998497062123923, 0.0, 0.017336810173524116, 0.0] status=0x0003
joint_pos=[6.603392172209787, -11.07538110153849, 6.41543317286498, 13.100821974535574, -40.39705418823232, 15.397961482974099] joint_vel=[-9.565172321285615, -16.482648007051164, 30.536311272304285, 45.98278263636729, -11.902671288212431, 65.81486925319656] imu_ang_vel=[0.0, 0.01113837967597811, 0.0] imu_quat_wxyz=[0.9998661829364249, 0.0, 0.01635897980143151, 0.0] status=0x0003
joint_pos=[6.502573946356457, -11.334049525263195, 7.001974326683364, 14.203432910360874, -40.57423693077888, 16.358507233299026] joint_vel=[-2.5774713161064673, -11.026993205225203, 28.518982414217515, 60.09936055417437, -7.088332998081344, 38.48181434057752] imu_ang_vel=[0.0, 0.21333526999036587, 0.0] imu_quat_wxyz=[0.9998411701341142, 0.0, 0.017822303578527005, 0.0] status=0x0003
joint_pos=[6.497440655979327, -11.511940855591988, 7.549224033308356, 15.497514330343778, -40.62922745220431, 16.77719569942847] joint_vel=[0.7912217518414022, -7.687040523362745, 27.091536467531707, 67.12406365642117, -0.48105454693957095, 11.55369441278299] imu_ang_vel=[0.0, 0.33135422181791635, 0.0] imu_quat_wxyz=[0.999784487147104, 0.0, 0.020760039980747377, 0.0] status=0x0003
joint_pos=[6.461699509099351, -11.6532675417896, 8.082637787325268, 16.779271308193998, -40.50326948347159, 16.711915852315563] joint_vel=[-3.2804965939700783, -6.726694676911534, 27.02286328688009, 62.36939707613203, 10.094131745586367, -11.169415404305658] imu_ang_vel=[0.0, 0.31664569330894926, 0.0] imu_quat_wxyz=[0.9997095375514469, 0.0, 0.024100633366622066, 0.0] status=0x0003
joint_pos=[6.303180215726853, -11.791355632499823, 8.615988901960698, 17.861823738299226, -40.057740723930564, 16.22879413546661] joint_vel=[-10.53751402769972, -7.024878365396539, 27.25368943105359, 49.55315271821689, 29.0567777559817, -31.056982147315185] imu_ang_vel=[0.0, 0.21481095767862973, 0.0] imu_quat_wxyz=[0.9996436695464701, 0.0, 0.026693331295806907, 0.0] status=0x0003
joint_pos=[5.924604753178553, -11.870504905364404, 9.238628152010373, 18.60945559260744, -39.15344733961758, 15.431239661578262] joint_vel=[-21.499880847642054, -6.213608280306578, 26.807834731875566, 29.235261304854642, 55.29731631891088, -44.58829588283935] imu_ang_vel=[0.0, 0.08946944940442891, 0.0] imu_quat_wxyz=[0.9996085601487539, 0.0, 0.027977249281069674, 0.0] status=0x0003
joint_pos=[5.342548868376502, -11.949670605650015, 9.712216659570343, 18.900363244597894, -37.671267346931685, 14.386233530392413] joint_vel=[-33.4950939146764, -2.491130891877044, 23.67572580619013, 6.583986899791883, 84.42006413784749, -56.27059651397153] imu_ang_vel=[0.0, -0.12380325327284022, 0.0] imu_quat_wxyz=[0.999624254579728, 0.0, 0.02741075803262632, 0.0] status=0x0003
joint_pos=[4.513796769009848, -11.855396724193552, 10.199327171666683, 18.76666967403412, -35.59567546734345, 13.220182201549514] joint_vel=[-44.183163205909196, 5.953569846721827, 18.81898636469429, -15.11669923103072, 115.09073562593159, -59.3426643728436] imu_ang_vel=[0.0, -0.2484428810936291, 0.0] imu_quat_wxyz=[0.9996772328430781, 0.0, 0.025405317065650645, 0.0] status=0x0003
joint_pos=[3.4759093391107423, -11.564185285217523, 10.581051404718302, 18.221099267489503, -32.97317843148814, 11.982030263520752] joint_vel=[-54.79898562609229, 16.965256246046085, 14.424750669930171, -34.90360048675264, 140.43534091082853, -63.23309129675452] imu_ang_vel=[0.0, -0.31744496237334413, 0.0] imu_quat_wxyz=[0.999749686590294, 0.0, 0.02237329127797183, 0.0] status=0x0003
joint_pos=[2.260025372048493, -11.064641022943253, 10.847796997734246, 17.324190017928956, -29.95158940511462, 10.686053439451342] joint_vel=[-63.05345222148498, 27.478507541813205, 8.904613826339498, -51.066767016156426, 157.17765698256048, -65.58939418169457] imu_ang_vel=[0.0, -0.3796137196022288, 0.0] imu_quat_wxyz=[0.9998267640769416, 0.0, 0.018612948058587896, 0.0] status=0x0003
joint_pos=[0.9205025499151036, -10.38271094391621, 11.027745458080071, 16.14482978254089, -26.686788662691722, 9.388787716212056] joint_vel=[-68.11330505727688, 35.89384633599212, 4.989572853240345, -64.08219659989334, 166.7147714463069, -64.43504517588076] imu_ang_vel=[0.0, -0.40063473470810473, 0.0] imu_quat_wxyz=[0.9998950803784603, 0.0, 0.014485449076656972, 0.0] status=0x0003
joint_pos=[-0.45215689160119843, -9.620008257995082, 11.18138519724967, 14.74138838682483, -23.310495008330296, 8.09790650406003] joint_vel=[-67.88010903594862, 37.45640214106081, 4.900036689033992, -74.3603087458825, 170.0568919513682, -64.5710013754329] imu_ang_vel=[0.0, -0.3817404930128625, 0.0] imu_quat_wxyz=[0.999945947485629, 0.0, 0.01039721631339702, 0.0] status=0x0003
joint_pos=[-1.7270811373023822, -8.986000258333949, 11.425628480136155, 13.167247445645888, -19.96499491253398, 6.818603152299508] joint_vel=[-60.35573562160186, 26.388067110465386, 11.569322333315105, -82.08660663049783, 165.83407150339767, -63.62317454072713] imu_ang_vel=[0.0, -0.3335073305696859, 0.0] imu_quat_wxyz=[0.9999776595382042, 0.0, 0.006684341739874003, 0.0] status=0x0003
joint_pos=[-2.713713427790334, -8.823530955747259, 11.861531058106786, 11.457839536375607, -16.773881236898024, 5.662658776288744] joint_vel=[-43.41317407540443, -1.6066171661166095, 27.749174667498764, -87.39438413466826, 155.68223485638708, -54.644967649824366] imu_ang_vel=[0.0, -0.2844002937242555, 0.0] imu_quat_wxyz=[0.9999937304720523, 0.0, 0.003541047385781368, 0.0] status=0x0003
joint_pos=[-3.2548731273449043, -9.37333310187947, 12.816057389486565, 9.688441659864969, -13.78307051079671, 4.876957877846984] joint_vel=[-16.3332004332024, -45.12917623315326, 51.774846543917256, -90.67457369825415, 146.33947174205096, -31.09154109796102] imu_ang_vel=[0.0, -0.15870897234222753, 0.0] imu_quat_wxyz=[0.9999988351528498, 0.0, 0.0015263331692580429, 0.0] status=0x0003
joint_pos=[-3.142026829551737, -10.955007710278489, 14.266869082069274, 7.875447586411478, -10.90919141155688, 4.680774878498558] joint_vel=[17.893413697159456, -98.24408804270087, 83.67184708883634, -90.8749224974335, 141.9064119364151, 1.1225032564988324] imu_ang_vel=[0.0, 0.028259968553427328, 0.0] imu_quat_wxyz=[0.9999994428135237, 0.0, 0.0010556384997421403, 0.0] status=0x0003
joint_pos=[-2.6336597915019313, -13.061936805443246, 16.37801392845926, 6.759861582748764, -9.36210032871913, 3.3315313273616316] joint_vel=[27.480603889640776, -100.07387687139703, 118.27594542153646, -35.26381279001214, 43.81010368245164, -98.74001430476991] imu_ang_vel=[0.0, -0.007133379834003104, 0.0] imu_quat_wxyz=[0.9999988423524672, 0.0, 0.0015216089265838683, 0.0] status=0x0003
joint_pos=[-1.8510835321512678, -14.511612359163811, 19.384185692985625, 6.230002984094048, -8.50851056075914, 2.8798513772649237] joint_vel=[45.18459150440164, -57.4216794469456, 167.56343770510853, -21.453189274213123, 44.23191129368779, 3.526613984732415] imu_ang_vel=[0.0, 0.3700124037696254, 0.0] imu_quat_wxyz=[0.9999939041374653, 0.0, 0.0034916597643580324, 0.0] status=0x0003
joint_pos=[-0.5839121968463095, -15.967142802647658, 22.825244558797845, 5.944656462089381, -7.514526124889539, 2.8759051081909606] joint_vel=[73.31054697967512, -80.93111715734129, 174.25749371746406, -10.50544247484858, 53.01508431407324, -2.2426639656799465] imu_ang_vel=[0.0, 0.6419834686399849, 0.0] imu_quat_wxyz=[0.9999594230029948, 0.0, 0.009008459774999866, 0.0] status=0x0003
joint_pos=[0.9996303423109816, -18.116544745299908, 26.12008954393306, 5.5799764324849175, -6.330101536238484, 2.7595446337227894] joint_vel=[82.29308445172367, -121.85306101539783, 159.42971641187862, -22.730192708289305, 63.06154433301774, -7.8161131199066585] imu_ang_vel=[0.0, 0.5918728088376557, 0.0] imu_quat_wxyz=[0.9998808372008104, 0.0, 0.015437337808265644, 0.0] status=0x0003
joint_pos=[2.5858936591624215, -20.732448424624213, 29.12499272082727, 4.961888825909289, -4.948722451451556, 2.5422671523984066] joint_vel=[77.5854950760238, -135.42147880656856, 145.16937282599736, -35.594051101018096, 72.92672629934918, -12.518030454179614] imu_ang_vel=[0.0, 0.4586775763488608, 0.0] imu_quat_wxyz=[0.999789428815945, 0.0, 0.020520673183071145, 0.0] status=0x0003
joint_pos=[4.094172021661138, -23.331722218956212, 31.69866047064143, 4.189280246259743, -3.3164267463189256, 2.2024343387832706] joint_vel=[74.2002233374216, -126.63886539106355, 119.76677944474716, -40.474471269684805, 87.12688633800948, -19.43840120057075] imu_ang_vel=[0.0, 0.463434755781972, 0.0] imu_quat_wxyz=[0.9996878551101855, 0.0, 0.02498384168210727, 0.0] status=0x0003
joint_pos=[5.508188581782828, -25.683949679867514, 33.764222880623784, 3.2994076598005293, -1.345485434857657, 1.7087174865187182] joint_vel=[68.79660204168636, -112.36873483724264, 94.39617287241221, -46.87184696410677, 105.70045127455671, -27.808361412856637] imu_ang_vel=[0.0, 0.5241296259919402, 0.0] imu_quat_wxyz=[0.9995504685139897, 0.0, 0.02998100888002065, 0.0] status=0x0003
joint_pos=[6.813639099368353, -27.88553788031391, 35.42699292570989, 2.3641029008285046, 0.7051016047964703, 1.1856078024849805] joint_vel=[59.063118019848496, -111.84568427819954, 77.06156041709782, -32.48149083674166, 58.122325981885226, -5.422999420341223] imu_ang_vel=[0.0, 0.589775724048195, 0.0] imu_quat_wxyz=[0.9993649199517749, 0.0, 0.03563364659675707, 0.0] status=0x0003
joint_pos=[7.765778794218455, -30.14391551196073, 36.7336679412433, 1.9902292655929665, 0.7234035367492947, 1.6400055809776424] joint_vel=[42.76592414366439, -111.7838760168252, 58.98323882932727, -17.423145818100455, -12.51323349895215, 29.708876689730744] imu_ang_vel=[0.0, 0.05922303129235884, 0.0] imu_quat_wxyz=[0.9992919982453143, 0.0, 0.037623160990096015, 0.0] status=0x0003
joint_pos=[8.439307771893011, -31.601481714187017, 38.066410443701606, 1.686236529278462, 0.46236135504442, 2.2484898022155777] joint_vel=[28.930503536340975, -50.97844905276443, 70.75187954577069, -14.491357413914628, -11.6258840982984, 30.10539628636152] imu_ang_vel=[0.0, 0.058304063368567444, 0.0] imu_quat_wxyz=[0.9992799356727329, 0.0, 0.03794219500633713, 0.0] status=0x0003
joint_pos=[8.966365342904322, -32.01228263945819, 39.31702256898208, 1.453424599148112, 0.2951011313086756, 2.822527213353729] joint_vel=[25.05656769890052, -3.7102893306049913, 58.126877712653126, -10.0373017960176, -6.611484301895357, 28.01045942163277] imu_ang_vel=[0.0, 0.17567993331904344, 0.0] imu_quat_wxyz=[0.9992306012201344, 0.0, 0.03921996411585298, 0.0] status=0x0003
joint_pos=[9.41320533131161, -31.77458509742382, 40.06844609315555, 1.2041554131093655, 0.2069871565648158, 3.361047626318718] joint_vel=[20.885437747286105, 20.571446102175816, 26.55354263033691, -13.78536376647046, -3.3709765977223505, 26.56931740598652] imu_ang_vel=[0.0, 0.17845315496102154, 0.0] imu_quat_wxyz=[0.9991537494003504, 0.0, 0.041131314824859724, 0.0] status=0x0003
joint_pos=[9.77353774223287, -31.265111168906323, 40.22257924608491, 0.8114362515448665, 0.1640900058869623, 3.8780190886493804] joint_vel=[16.45779541405572, 28.158780618183897, -1.9414208992011037, -22.91885165117188, -1.6074816082681405, 25.729825062165418] imu_ang_vel=[0.0, 0.06120466463381242, 0.0] imu_quat_wxyz=[0.999105824289544, 0.0, 0.042279449744655806, 0.0] status=0x0003
joint_pos=[10.091437366079235, -30.660486616863622, 39.859866741618006, 0.25943284244122916, 0.1442183337269078, 4.46951929287621] joint_vel=[14.67199229954772, 32.61522736121638, -26.960667634748134, -29.485333782236196, -0.8032767099192374, 22.861704352025452] imu_ang_vel=[0.0, -0.05967681406209496, 0.0] imu_quat_wxyz=[0.9991117871496379, 0.0, 0.04213830536052373, 0.0] status=0x0003
joint_pos=[10.40737371884922, -29.91504464489024, 39.04544832882936, -0.3539951792685184, 0.13534820698138159, 4.929214689234388] joint_vel=[16.414402900492888, 39.85255242738738, -48.04342835886263, -31.4064323658131, -0.308284714654818, 23.28454402486182] imu_ang_vel=[0.0, -0.1096629500973471, 0.0] imu_quat_wxyz=[0.9991526124669596, 0.0, 0.04115892370373042, 0.0] status=0x0003
joint_pos=[10.785295837852203, -29.031088960123203, 37.848439140619554, -0.9689710267315719, 0.1318085973557238, 5.39755985360037] joint_vel=[20.242472856837384, 46.59995703049163, -66.10858087792114, -30.46843328466822, -0.12572465040065647, 23.65330171862103] imu_ang_vel=[0.0, -0.1041831296636193, 0.0] imu_quat_wxyz=[0.9991974901699952, 0.0, 0.04005465813089008, 0.0] status=0x0003
joint_pos=[11.265878818998837, -28.062993445264848, 36.331737771775835, -1.5571894106510402, 0.13067023413599316, 5.949455164412069] joint_vel=[25.172943500444966, 50.46857347073569, -81.11271087264275, -28.24814899176392, -0.08867942340465972, 21.897222888018316] imu_ang_vel=[0.0, -0.07400203303354029, 0.0] imu_quat_wxyz=[0.9992312439286986, 0.0, 0.039203586018447215, 0.0] status=0x0003
joint_pos=[11.851541095418934, -27.050431986332548, 34.55962096511658, -2.0868905452375235, 0.13104244711423046, 6.3956134317906015] joint_vel=[31.494543312031396, 50.6886056066137, -92.52685775288813, -25.593636399585957, 0.04280340919165022, 22.767974807918236] imu_ang_vel=[0.0, -0.028038336769022097, 0.0] imu_quat_wxyz=[0.9992494247967157, 0.0, 0.038737411418841794, 0.0] status=0x0003
joint_pos=[12.579522333429159, -26.06015848481339, 32.60076502510979, -2.5576658706139583, 0.1335417362827362, 6.933201075341314] joint_vel=[38.04756198803059, 49.928962905533744, -100.88533591854025, -21.822744752602944, 0.006692503969479967, 21.526879470543786] imu_ang_vel=[0.0, 0.03327820708649867, 0.0] imu_quat_wxyz=[0.9992456500110017, 0.0, 0.0388346615034903, 0.0] status=0x0003
joint_pos=[13.427866159698999, -25.05589914742932, 30.500404343404092, -2.9306214617925455, 0.13615530087089334, 7.3701724618861535] joint_vel=[44.758014796958975, 50.33369942231516, -107.11913182940194, -16.965911313360174, 0.14799554292463749, 22.42843180714042] imu_ang_vel=[0.0, 0.11519834004949076, 0.0] imu_quat_wxyz=[0.9992136544415385, 0.0, 0.03964937297846857, 0.0] status=0x0003
joint_pos=[14.386174078716438, -23.973771741121258, 28.31839351794441, -3.1960565925090276, 0.13895830182342886, 7.891746170273001] joint_vel=[48.781921223463165, 56.92874490717346, -110.13253119924433, -10.77175852868915, 0.07272082947199217, 22.036037759370377] imu_ang_vel=[0.0, 0.22182978207216467, 0.0] imu_quat_wxyz=[0.9991404235278519, 0.0, 0.041453758244393, 0.0] status=0x0003
joint_pos=[15.381944598383082, -22.63580140149706, 26.12132540929545, -3.308573930994054, 0.1327045529707526, 8.422058264941214] joint_vel=[49.4206057213758, 73.19453650519725, -109.66984089064466, -2.315199591885107, -0.4564757656264873, 22.732328146224926] imu_ang_vel=[0.0, 0.3682225927020498, 0.0] imu_quat_wxyz=[0.9990073260702027, 0.0, 0.04454618342870453, 0.0] status=0x0003
joint_pos=[16.281745148229913, -20.65287218836667, 23.944185092733385, -3.179486326337015, 0.09022933297640554, 9.000178712159647] joint_vel=[41.74154582612127, 114.24008014766433, -108.36865863449648, 11.619269831880851, -2.611312029604465, 26.805273381761605] imu_ang_vel=[0.0, 0.6030779775547416, 0.0] imu_quat_wxyz=[0.998770418992252, 0.0, 0.049574692596539204, 0.0] status=0x0003
joint_pos=[16.603326042694118, -17.171867873531273, 21.516324090352356, -2.1391754032607655, -1.459398601861653, 10.357032230611834] joint_vel=[2.7321453218907346, 206.2888455908811, -128.13152651207415, 73.42143653856043, -117.15920329144504, 96.50503406879736] imu_ang_vel=[0.0, 0.757319170614618, 0.0] imu_quat_wxyz=[0.9983928156227893, 0.0, 0.056672618721910546, 0.0] status=0x0003
joint_pos=[16.17637650674766, -14.258232556980172, 16.976879170910014, -0.17671306628090377, -5.392678877628852, 12.837383716528723] joint_vel=[-28.709915952159623, 119.14565420638496, -271.8668237391377, 108.93169759339794, -237.45732648843259, 137.911691126097] imu_ang_vel=[0.0, 0.49096929979564596, 0.0] imu_quat_wxyz=[0.9979972461389778, 0.0, 0.06325738454138526, 0.0] status=0x0003
sim t=    2.02s  x= 0.337m z= 0.531m pitch= 7.54deg action=[-1.0, 1.0, 0.205, 1.0, -1.0, 0.059]
joint_pos=[15.274548992523888, -11.788865637676329, 11.843287429702357, 2.333830135248396, -11.214457727990899, 15.147145751363514] joint_vel=[-54.336887011484635, 126.23027129009424, -250.62987721462468, 134.37480291026034, -319.78037490620295, 103.21261722935735] imu_ang_vel=[0.0, 0.11231650422430506, 0.0] imu_quat_wxyz=[0.9978390781959052, 0.0, 0.06570520546460684, 0.0] status=0x0003
joint_pos=[14.01704695475396, -9.325923616027083, 7.530912791642753, 5.216661912520351, -17.944842436107074, 16.515393149029457] joint_vel=[-67.80101294317497, 122.27928934602367, -198.6653432815759, 149.29548907116958, -344.5869231575071, 49.70012226595325] imu_ang_vel=[0.0, -0.09333653018420544, 0.0] imu_quat_wxyz=[0.997860705722612, 0.0, 0.06537592809873355, 0.0] status=0x0003
joint_pos=[12.74592184272679, -7.559864652622243, 4.514512395466265, 7.9904571808501395, -24.55266309901305, 16.889276939411896] joint_vel=[-61.305545568836386, 70.13582222364067, -126.50367772144632, 132.47897010204642, -321.68437620696596, 2.5075199303345324] imu_ang_vel=[0.0, -0.2984855454527656, 0.0] imu_quat_wxyz=[0.9979996077650862, 0.0, 0.06322011468460065, 0.0] status=0x0003
joint_pos=[11.592747024403671, -7.060638801793438, 2.927208808285139, 10.053533028214753, -30.294990599920446, 15.946837286113928] joint_vel=[-55.66998799651399, 0.42534732759095895, -54.790064511654066, 86.62703802748604, -267.6144763392168, -73.49591178363144] imu_ang_vel=[0.0, -0.6423219340332292, 0.0] imu_quat_wxyz=[0.998302308419213, 0.0, 0.058245180099907715, 0.0] status=0x0003
joint_pos=[10.515557997867552, -7.6151869722741825, 2.680642835037259, 11.256541275625759, -34.81315802666004, 13.977047962494463] joint_vel=[-58.81662975809076, -36.880998017536186, 73.96296261038708, 49.56639784804166, -200.34371893994754, -111.7444886090089] imu_ang_vel=[0.0, -0.9185510281672619, 0.0] imu_quat_wxyz=[0.9987489819055119, 0.0, 0.0500047112050799, 0.0] status=0x0003
joint_pos=[9.473523809848215, -8.72588108171074, 3.7452168534626016, 11.76649532740137, -37.93603961887713, 12.56504632876085] joint_vel=[-52.03873895419862, -58.97380098823984, 55.24929324654128, 14.094007464408726, -133.7016809892323, -48.24831621905207] imu_ang_vel=[0.0, -0.9449552423297443, 0.0] imu_quat_wxyz=[0.9991630613901937, 0.0, 0.04090448329188314, 0.0] status=0x0003
joint_pos=[8.471678561418326, -9.788958847739591, 4.792199525890971, 11.856239510328608, -39.82421682282168, 12.510521811616055] joint_vel=[-48.65474504246308, -50.27204607792296, 51.32331395677273, -0.5863898989222913, -72.37391681836166, 21.391932015917963] imu_ang_vel=[0.0, -0.8486946427387909, 0.0] imu_quat_wxyz=[0.9994915518209915, 0.0, 0.03188475871739229, 0.0] status=0x0003
joint_pos=[7.636254686736222, -10.54344951936954, 5.673458928803745, 11.957331456030822, -40.689203651092406, 13.517896790585729] joint_vel=[-37.83775203936324, -31.05658119642158, 40.50936638639595, 8.206374909909396, -26.750039189156585, 65.8904231327743] imu_ang_vel=[0.0, -0.5558793251360731, 0.0] imu_quat_wxyz=[0.9996858358167906, 0.0, 0.02506451011459762, 0.0] status=0x0003
joint_pos=[7.081176288925388, -11.017334298581282, 6.39539464336272, 12.438924809711994, -41.05741118005272, 14.921411210186983] joint_vel=[-22.18375817707791, -19.78071826795518, 33.56344447634354, 32.78943206651459, -13.550255170818613, 72.42773050017574] imu_ang_vel=[0.0, -0.21691697664066442, 0.0] imu_quat_wxyz=[0.9997663636031311, 0.0, 0.021615230921084673, 0.0] status=0x0003
joint_pos=[6.779151934843044, -11.273149728014255, 7.006368095568859, 13.383722960328425, -41.271765887244214, 16.310152926615853] joint_vel=[-11.202564013289019, -9.007139080842824, 28.427143172032842, 55.13418333599151, -8.992473752590774, 67.78599524510871] imu_ang_vel=[0.0, 0.07323270398780296, 0.0] imu_quat_wxyz=[0.9997730693215265, 0.0, 0.02130281341546165, 0.0] status=0x0003
joint_pos=[6.676026038885259, -11.391965417644291, 7.545316145902042, 14.683961010076564, -41.35702056406769, 17.251806075485067] joint_vel=[-1.894707497712967, -4.231963600683365, 26.15817842813532, 70.39369333674652, -1.579408627258609, 35.98442092781527] imu_ang_vel=[0.0, 0.2956474290621045, 0.0] imu_quat_wxyz=[0.9997244483923997, 0.0, 0.02347397040366513, 0.0] status=0x0003
joint_pos=[6.6585604222254915, -11.43855496695502, 8.043631397496867, 16.1624219398924, -41.32330726958597, 17.536428849841343] joint_vel=[-0.41330455138879696, -1.2294700754066592, 24.66515452407112, 75.80323820038379, 3.5442834233270557, 2.9378709452783864] imu_ang_vel=[0.0, 0.3896015617534444, 0.0] imu_quat_wxyz=[0.9996317175787359, 0.0, 0.027137229235614624, 0.0] status=0x0003
joint_pos=[6.580445283697575, -11.47433146924067, 8.535097533016685, 17.59004427775494, -41.12347852592901, 17.271272365280147] joint_vel=[-5.927995738445418, -2.0676835078952576, 25.176415015752728, 68.89009805184867, 13.602184634677503, -21.891723505818913] imu_ang_vel=[0.0, 0.33272624214217816, 0.0] imu_quat_wxyz=[0.9995252936317793, 0.0, 0.030808884924729923, 0.0] status=0x0003
joint_pos=[6.315860546315857, -11.486951491513302, 9.133894469177262, 18.76772769543209, -40.59024190629978, 16.617998663520563] joint_vel=[-20.43441053305423, 5.903967063844762, 45.2080001573217, 55.556745343878724, 32.25690321730161, -38.28899952505618] imu_ang_vel=[0.0, 0.18230554943532573, 0.0] imu_quat_wxyz=[0.9994466375084162, 0.0, 0.0332628737952775, 0.0] status=0x0003
joint_pos=[5.87379702322612, -11.580394817194751, 9.611201838014255, 19.503358712534315, -39.50607086890212, 15.661783573329686] joint_vel=[-26.125693598810813, -4.760983693012622, 24.02230492286527, 28.537798462920577, 64.63766367918797, -52.74826193065836] imu_ang_vel=[0.0, -0.014479058200353771, 0.0] imu_quat_wxyz=[0.9994223270945031, 0.0, 0.033985469027337074, 0.0] status=0x0003
joint_pos=[5.136132212258447, -11.556098756457372, 10.125512685389868, 19.73918151153618, -37.80584358243713, 14.514753936071603] joint_vel=[-41.27184321314547, 1.9875415674153718, 21.812659530785936, 1.725534701786123, 96.89017163293374, -59.77067030969824] imu_ang_vel=[0.0, -0.1919430472491158, 0.0] imu_quat_wxyz=[0.9994667886098123, 0.0, 0.03265177584739755, 0.0] status=0x0003
joint_pos=[4.147914233096861, -11.36783616429195, 10.530736927451338, 19.49534883047376, -35.494285461970115, 13.172860100770015] joint_vel=[-52.91382411304347, 11.743286141259084, 16.07560621833426, -20.546448583705978, 126.27313538078708, -70.94823324096036] imu_ang_vel=[0.0, -0.3344584208080844, 0.0] imu_quat_wxyz=[0.9995610433310657, 0.0, 0.02962635068501604, 0.0] status=0x0003
joint_pos=[2.9510472606496085, -10.978316145251144, 10.83205892276786, 18.852118055901908, -32.70912940202751, 11.744278745039214] joint_vel=[-62.701516207396295, 22.05257789418942, 10.927301370216757, -39.244514757407124, 146.6561900549957, -71.62470453792291] imu_ang_vel=[0.0, -0.42781683886622235, 0.0] imu_quat_wxyz=[0.999674280415512, 0.0, 0.025521227943192688, 0.0] status=0x0003
joint_pos=[1.5849113859824446, -10.367329477787777, 11.022245472154188, 17.868303529075593, -29.59157632191947, 10.340001520272802] joint_vel=[-70.33376610441334, 33.5808489024774, 4.262778993672854, -55.435725886491106, 161.09118912164402, -69.40402617350962] imu_ang_vel=[0.0, -0.49146626161191076, 0.0] imu_quat_wxyz=[0.999784079818067, 0.0, 0.02077964731031295, 0.0] status=0x0003
joint_pos=[0.12578953769407772, -9.551814859978997, 11.116286313898238, 16.622097601604164, -26.27084148890844, 8.944005835885303] joint_vel=[-73.271501237706, 43.038821747013074, 0.006484958112165295, -66.94025911427028, 168.81365659901834, -69.96326691803931] imu_ang_vel=[0.0, -0.47191623737716953, 0.0] imu_quat_wxyz=[0.9998724426991904, 0.0, 0.0159717979812614, 0.0] status=0x0003
joint_pos=[-1.335303240101203, -8.659228061202146, 11.182361815399409, 15.173166385114703, -22.91220294385903, 7.542749871580383] joint_vel=[-71.91469076533025, 43.990453864672325, 0.31737625812564607, -76.31795497274913, 167.3978473589938, -70.07510684247943] imu_ang_vel=[0.0, -0.4340233560922321, 0.0] imu_quat_wxyz=[0.9999334471118108, 0.0, 0.011536955711606754, 0.0] status=0x0003
joint_pos=[-2.6579127898022716, -7.950366932489838, 11.371249809774978, 13.56635440138151, -19.66116764519676, 6.190932563997121] joint_vel=[-61.824032058078174, 28.937997590493474, 9.244270719626519, -83.57791163349162, 159.8746531863196, -66.23436517849078] imu_ang_vel=[0.0, -0.37529498832088953, 0.0] imu_quat_wxyz=[0.9999710417023264, 0.0, 0.007610240256659501, 0.0] status=0x0003
joint_pos=[-3.6570243942969984, -7.762085849851883, 11.868598474760455, 11.837840505677406, -16.611937264602854, 5.035769763496296] joint_vel=[-42.13760446201332, -3.57941663146628, 27.56609797721915, -89.28026149603453, 148.47327296893747, -53.217402530805856] imu_ang_vel=[0.0, -0.2897482008961108, 0.0] imu_quat_wxyz=[0.999990152162153, 0.0, 0.0044379701118917045, 0.0] status=0x0003
joint_pos=[-4.140858938615411, -8.417170807774088, 12.873958849029185, 10.034332743347589, -13.794919158222715, 4.311351620857431] joint_vel=[-16.438420945601184, -44.43720019223229, 71.7608388652903, -88.95044980192854, 135.4725993659827, -27.066122348342173] imu_ang_vel=[0.0, -0.15921864736007396, 0.0] imu_quat_wxyz=[0.9999973123584743, 0.0, 0.0023184641096802724, 0.0] status=0x0003
joint_pos=[-3.907012496981254, -10.201183356804755, 14.40742126753586, 8.191846321719845, -11.092303989372624, 4.229346505441332] joint_vel=[25.116698484507584, -109.6543557983814, 87.96674256100161, -92.18640009918825, 133.7735944622791, 7.907691802255422] imu_ang_vel=[0.0, 0.0398628767516832, 0.0] imu_quat_wxyz=[0.9999980414071948, 0.0, 0.001979187149856179, 0.0] status=0x0003
joint_pos=[-3.261313615272583, -12.589076429279352, 16.574159470648983, 7.034951040065267, -9.583010371830925, 3.1104044790366405] joint_vel=[34.183828663642686, -116.16447478044877, 119.22342719221807, -37.69694022069974, 43.33142790745202, -86.80313296149596] imu_ang_vel=[0.0, -0.032549885211743304, 0.0] imu_quat_wxyz=[0.9999970445541171, 0.0, 0.002431230764696104, 0.0] status=0x0003
joint_pos=[-2.33385509570622, -14.33606204702328, 19.622066680608413, 6.4481864858463, -8.692740439856982, 2.9296085486571033] joint_vel=[51.058964848220725, -71.06781718626576, 170.04176400123293, -21.09937146116436, 40.99736752927599, 4.017473680634095] imu_ang_vel=[0.0, 0.3321103328861438, 0.0] imu_quat_wxyz=[0.9999910465193929, 0.0, 0.004231652283627013, 0.0] status=0x0003
joint_pos=[-0.937820944658811, -15.97492471390489, 23.10158798851334, 6.212630146994778, -7.771644277293115, 2.933599384956202] joint_vel=[80.08062795030548, -87.57422299009905, 175.89307102595663, -6.842141131563014, 49.12924015517473, -1.6932184219519208] imu_ang_vel=[0.0, 0.6402489639866754, 0.0] imu_quat_wxyz=[0.9999544799558773, 0.0, 0.009541384394884158, 0.0] status=0x0003
joint_pos=[0.7742984404104256, -18.177937489244297, 26.452764882544194, 5.9434787278483086, -6.675284663838277, 2.8365101532571884] joint_vel=[88.53329187608463, -122.32055443762249, 162.88482769790187, -17.31227699876023, 58.32615398542011, -6.635844336326624] imu_ang_vel=[0.0, 0.6202697506130002, 0.0] imu_quat_wxyz=[0.9998693655604682, 0.0, 0.01616328598109579, 0.0] status=0x0003
joint_pos=[2.470614575649431, -20.784353782042082, 29.52118607884946, 5.424735465315484, -5.394316774706612, 2.646447777739541] joint_vel=[82.67756384181902, -134.42711591323, 148.19480526156983, -30.861447360958877, 67.69961509444835, -11.034166593693502] imu_ang_vel=[0.0, 0.4803694194419734, 0.0] imu_quat_wxyz=[0.9997683465904682, 0.0, 0.021523316560451068, 0.0] status=0x0003
joint_pos=[4.049515384699936, -23.350018476617766, 32.134308070394425, 4.720897672176157, -3.8705550073051738, 2.3386495712493285] joint_vel=[76.86699599498765, -124.59015814480661, 121.17499219720575, -37.7360376314962, 81.53915354457374, -17.729654362412166] imu_ang_vel=[0.0, 0.4528613675186846, 0.0] imu_quat_wxyz=[0.9996614080021888, 0.0, 0.026020556317675247, 0.0] status=0x0003
joint_pos=[5.488293712499044, -25.635997654813206, 34.21039403363564, 3.8669110897536942, -2.0149931953229396, 1.8807327719372142] joint_vel=[69.24469689281439, -108.36886539829717, 94.4515108809895, -45.58282066813019, 99.78265045948237, -25.934253768876317] imu_ang_vel=[0.0, 0.4834445409258458, 0.0] imu_quat_wxyz=[0.9995281317780315, 0.0, 0.03071666948609903, 0.0] status=0x0003
joint_pos=[6.8138901632467554, -27.69973959287945, 35.85406967742061, 2.831506833572159, 0.2634178168464487, 1.2350843634286295] joint_vel=[64.69718770386515, -100.11823677718928, 75.57438580550821, -55.37744464701148, 122.68789585034258, -36.16393987742349] imu_ang_vel=[0.0, 0.5284670966812832, 0.0] imu_quat_wxyz=[0.9993580431643464, 0.0, 0.03582599004533483, 0.0] status=0x0003
joint_pos=[7.8236913311121175, -29.831091418345054, 37.187492290756474, 2.3420557782517446, 0.6806146171598765, 1.4876781721411694] joint_vel=[45.08045868738904, -107.40229035884994, 61.78857615531518, -17.79523175546042, -5.308656463036579, 26.023853408520306] imu_ang_vel=[0.0, 0.11357870720562863, 0.0] imu_quat_wxyz=[0.9992476293699801, 0.0, 0.0387836975864183, 0.0] status=0x0003
joint_pos=[8.515645915896927, -31.32158463246377, 38.53106495413634, 2.0194327250866295, 0.4607828080521374, 2.068755357472767] joint_vel=[29.182148735313646, -55.86773326556994, 70.06749013566866, -16.240578538652805, -11.00708463574262, 29.50974171948033] imu_ang_vel=[0.0, 0.04415808959655219, 0.0] imu_quat_wxyz=[0.999228770743402, 0.0, 0.039266572534788276, 0.0] status=0x0003
joint_pos=[9.056555900413775, -31.893854488419812, 39.68945004911548, 1.7501161649974462, 0.29672981158980527, 2.6232581718290056] joint_vel=[25.951145501523428, -13.334341583888136, 51.409322787831336, -11.958443023352007, -6.5744175342342555, 27.01651266219513] imu_ang_vel=[0.0, 0.13320781844295382, 0.0] imu_quat_wxyz=[0.9991924750030883, 0.0, 0.040179570644829764, 0.0] status=0x0003
joint_pos=[9.505391670333609, -31.838129146819497, 40.38938808884885, 1.4523176454504736, 0.20773025038174997, 3.1516758798352784] joint_vel=[20.577205327285338, 11.60367072062069, 26.20553572759426, -16.49390432559065, -3.430636664088966, 26.1038061899641] imu_ang_vel=[0.0, 0.12410127191011025, 0.0] imu_quat_wxyz=[0.9991345796722109, 0.0, 0.04159437105227834, 0.0] status=0x0003
joint_pos=[9.843987589451615, -31.4158597148538, 40.5400655211589, 1.030465650030806, 0.1632625995496094, 3.6584605306974427] joint_vel=[14.945741345858824, 26.378342396479304, -2.015956255708523, -23.667545627860818, -1.6805055935947655, 25.236879226944875] imu_ang_vel=[0.0, 0.030378905240839724, 0.0] imu_quat_wxyz=[0.9991047976429692, 0.0, 0.04230370346437175, 0.0] status=0x0003
joint_pos=[10.118237724194097, -30.776594804976245, 40.177511877850634, 0.4743849113422236, 0.14288886256814604, 4.25491377302227] joint_vel=[11.987246273458673, 36.54936880427215, -26.951131565297764, -29.22478193650326, -0.9071366652533823, 22.481328780006038] imu_ang_vel=[0.0, -0.06596833642281652, 0.0] imu_quat_wxyz=[0.9991169933278624, 0.0, 0.04201468366526208, 0.0] status=0x0003
joint_pos=[10.369482169264142, -29.942077066709217, 39.356700460916336, -0.1379047476829243, 0.13305966416491144, 4.704606229692485] joint_vel=[12.890776276793304, 44.57380248466755, -48.538435535919554, -31.465389941509738, -0.3368389580991165, 22.83296781134035] imu_ang_vel=[0.0, -0.11596048918691317, 0.0] imu_quat_wxyz=[0.9991596797984058, 0.0, 0.0409870011728988, 0.0] status=0x0003
joint_pos=[10.670678768134511, -28.97121747671853, 38.15250883066976, -0.7621427410890901, 0.12933198229548817, 5.1655860839344685] joint_vel=[16.23834909436878, 50.72220946968056, -66.39594949504497, -31.151771302449188, -0.12984499883708212, 23.32067672392697] imu_ang_vel=[0.0, -0.11857353067339972, 0.0] imu_quat_wxyz=[0.9992086698755107, 0.0, 0.03977479158477947, 0.0] status=0x0003
joint_pos=[11.072630924531511, -27.934778111213838, 36.62440291049728, -1.3706722833828837, 0.12914437791649475, 5.733560768563244] joint_vel=[21.209054855063894, 53.71538692487535, -81.87791882765488, -29.434882318844014, -0.2270693236689341, 23.41966721758096] imu_ang_vel=[0.0, -0.08761519590840779, 0.0] imu_quat_wxyz=[0.9992493901653935, 0.0, 0.038738304739484655, 0.0] status=0x0003
joint_pos=[11.579887794246362, -26.871768469725247, 34.81465390679712, -1.9209217895314814, 0.12868596256490353, 6.164940607763951] joint_vel=[27.739466048252762, 52.66926066508189, -94.98575546588944, -26.673587216835266, 0.03585202409528522, 22.01496630796749] imu_ang_vel=[0.0, -0.052448108744126705, 0.0] imu_quat_wxyz=[0.9992761168924217, 0.0, 0.03804263671728458, 0.0] status=0x0003
joint_pos=[12.236179410313978, -25.850957357670048, 32.80516520779124, -2.4160587662373727, 0.13243818119885714, 6.702336687144474] joint_vel=[36.94133102065896, 48.55774382469287, -103.10406619426526, -24.666632160911465, 0.44392007966218405, 40.90430775753063] imu_ang_vel=[0.0, 0.006384049731751206, 0.0] imu_quat_wxyz=[0.9992827132142817, 0.0, 0.03786897240622616, 0.0] status=0x0003
joint_pos=[13.044046803823456, -24.846974252940008, 30.66504746994656, -2.7962984146633816, 0.13474856924464138, 7.124681848427263] joint_vel=[43.58864074832274, 49.485627348856006, -108.77463073101025, -16.82771593737767, 0.17783170585630892, 21.08147107017979] imu_ang_vel=[0.0, 0.10135288895963096, 0.0] imu_quat_wxyz=[0.9992586125468288, 0.0, 0.03849967858290154, 0.0] status=0x0003
joint_pos=[13.978177865324618, -23.78256374377668, 28.459837084202288, -3.067290206646587, 0.13855862890202156, 7.640809789402367] joint_vel=[47.50529576576284, 56.17549401754898, -111.04792930362736, -11.301178365691642, 0.0007841662186753396, 22.457915724374224] imu_ang_vel=[0.0, 0.2090058960291346, 0.0] imu_quat_wxyz=[0.999192979698004, 0.0, 0.040167017840811496, 0.0] status=0x0003
joint_pos=[14.947662234244717, -22.4837033588307, 26.278380287516423, -3.1966438342833587, 0.13559651803121814, 8.156410554564985] joint_vel=[50.26427449430689, 68.50123617160678, -107.75253285722486, -4.61903010553983, 0.02807925991612425, 37.73183388547646] imu_ang_vel=[0.0, 0.34019269878990716, 0.0] imu_quat_wxyz=[0.9990743556805772, 0.0, 0.043016645864588754, 0.0] status=0x0003
joint_pos=[15.867548906415482, -20.666616147486536, 24.13689169318124, -3.090030687802128, 0.09985996779582038, 8.632441804533999] joint_vel=[44.79572835902196, 102.00799703647478, -106.45101504385335, 10.024759697097913, -1.8658739065909227, 24.50151199463653] imu_ang_vel=[0.0, 0.5583271492424201, 0.0] imu_quat_wxyz=[0.9988621504094481, 0.0, 0.047690716910243104, 0.0] status=0x0003
joint_pos=[16.311962089263673, -17.5057412353013, 21.81954949886509, -2.1989342121041897, -1.1683661513255292, 9.831913477048314] joint_vel=[8.675005517933965, 189.32456279644168, -120.81317953277191, 64.52021246869397, -98.86138990375554, 75.52330009243923] imu_ang_vel=[0.0, 0.7303310003103886, 0.0] imu_quat_wxyz=[0.998515860397083, 0.0, 0.05446169787541649, 0.0] status=0x0003
joint_pos=[15.95723360443056, -14.152988012679183, 17.964702956991964, -0.41117634065286846, -4.697341551426873, 12.353821139808545] joint_vel=[-23.841598668026297, 111.17238720684257, -261.35040234213926, 100.25656893362849, -217.80982580063537, 142.0894681540472] imu_ang_vel=[0.0, 0.5150009757947075, 0.0] imu_quat_wxyz=[0.9981294145919022, 0.0, 0.06113650077021675, 0.0] status=0x0003
sim t=    3.02s  x= 0.529m z= 0.531m pitch= 7.33deg action=[-1.0, 0.986, 0.078, 1.0, -1.0, 0.09]
joint_pos=[15.137325773562498, -11.753776440276434, 12.835672165832111, 1.9557004801790026, -10.198072366448901, 14.800424428065307] joint_vel=[-50.73290846989494, 125.25409999270624, -255.70591879158457, 128.0545992006428, -305.80258213119436, 111.46917757457327] imu_ang_vel=[0.0, 0.13605719359932522, 0.0] imu_quat_wxyz=[0.9979625577574511, 0.0, 0.06380229865926462, 0.0] status=0x0003
joint_pos=[13.858328992803417, -9.218999574458653, 8.29941501445787, 4.703437400123599, -16.78518554525742, 16.35364809782634] joint_vel=[-71.44266099072854, 128.3135227487995, -213.20677952028285, 142.30799529088893, -341.23635700541786, 59.442614052482256] imu_ang_vel=[0.0, -0.13039956039146075, 0.0] imu_quat_wxyz=[0.9979877659322589, 0.0, 0.06340677447669686, 0.0] status=0x0003
joint_pos=[12.571172963996462, -7.256038541185507, 4.978521188176165, 7.515142108981293, -23.477511488084946, 16.884859699183735] joint_vel=[-60.54365974552898, 82.10133426646229, -142.3089668018941, 139.25462424089937, -329.9751149300551, 9.336876601138046] imu_ang_vel=[0.0, -0.261948152529402, 0.0] imu_quat_wxyz=[0.9981276079815355, 0.0, 0.06116598879326749, 0.0] status=0x0003
joint_pos=[11.42119630278232, -6.524977639358797, 3.1763138635627524, 9.73248495898183, -29.440925308673602, 16.192745890765774] joint_vel=[-55.83662207752807, 11.844839531137197, -62.88167080187653, 94.83829049962222, -280.10602850823653, -57.95525502298456] imu_ang_vel=[0.0, -0.5841432498735698, 0.0] imu_quat_wxyz=[0.99838580144512, 0.0, 0.05679605155981631, 0.0] status=0x0003
joint_pos=[10.44551049198608, -6.992021361563807, 2.2831915329483112, 11.089366872659541, -34.238727335124025, 14.268990343195615] joint_vel=[-44.79691610568227, -42.86779162146201, -35.05614357771777, 52.657368259164016, -217.50449522057187, -116.41871477182072] imu_ang_vel=[0.0, -0.8569436323858979, 0.0] imu_quat_wxyz=[0.9987915235006668, 0.0, 0.04914766101471227, 0.0] status=0x0003
joint_pos=[9.38454264919398, -8.026243416734674, 3.049798659388487, 11.61432727017172, -37.5534088909669, 12.61619779170455] joint_vel=[-53.957482194152206, -61.37020157377991, 57.494542575623484, 9.995659571179107, -136.2065240295441, -64.40740442207664] imu_ang_vel=[0.0, -0.9278630500257137, 0.0] imu_quat_wxyz=[0.9992091666814474, 0.0, 0.03976230903465459, 0.0] status=0x0003
joint_pos=[8.434584843343764, -9.226437725271925, 4.111690934210477, 11.687176548389655, -39.548066267560806, 11.992771555987233] joint_vel=[-43.97859374627862, -59.254691180863084, 53.11277785249751, 0.4685034026300677, -79.33571793988268, -13.271715499883602] imu_ang_vel=[0.0, -0.8838141857486739, 0.0] imu_quat_wxyz=[0.9995421309200399, 0.0, 0.030257701760477314, 0.0] status=0x0003
joint_pos=[7.628304557735076, -10.121104585111826, 5.03558234637049, 11.768015207343954, -40.62287783157252, 12.808262617786069] joint_vel=[-38.081703779663734, -37.074222304673796, 42.4893683938996, 6.026544271104795, -39.18300006058182, 69.70689016509836] imu_ang_vel=[0.0, -0.6166208973209341, 0.0] imu_quat_wxyz=[0.9997353468104336, 0.0, 0.023005137205024097, 0.0] status=0x0003
joint_pos=[7.074124701242679, -10.721464888041188, 5.811046707385328, 12.138032958653037, -41.05855414846568, 14.333019598856733] joint_vel=[-21.921628732968415, -26.314951048379687, 36.6601821112635, 25.35443314097783, -11.873842967518009, 79.70362453649355] imu_ang_vel=[0.0, -0.2748547076520525, 0.0] imu_quat_wxyz=[0.9998212091878003, 0.0, 0.01890898353283568, 0.0] status=0x0003
joint_pos=[6.800350860574877, -11.10170983458436, 6.467425817623989, 12.944420197038278, -41.191526958296265, 15.79521130449027] joint_vel=[-9.166588919457265, -15.08751716512405, 30.614747567609164, 48.524246853748615, -3.586597844679981, 69.53154493606695] imu_ang_vel=[0.0, 0.042327006987470085, 0.0] imu_quat_wxyz=[0.9998347947461125, 0.0, 0.01817644670993292, 0.0] status=0x0003
joint_pos=[6.709371084728452, -11.324899165693179, 7.051936558017392, 14.121663036544254, -41.225321894382034, 16.81046994374321] joint_vel=[-2.051453880032864, -9.040443408236166, 28.27586634414224, 64.49878127733136, -0.6193251993095839, 40.69059258981507] imu_ang_vel=[0.0, 0.25269967358059664, 0.0] imu_quat_wxyz=[0.9997997283690682, 0.0, 0.020012574875250964, 0.0] status=0x0003
joint_pos=[6.709094837484232, -11.460319176295677, 7.592037629824079, 15.518002370775651, -41.185888633363085, 17.25658615434705] joint_vel=[0.8859700929369988, -5.4565944883154645, 26.66667671323942, 72.59846780797832, 3.4611019326596715, 12.462489165862882] imu_ang_vel=[0.0, 0.36591604007305695, 0.0] imu_quat_wxyz=[0.9997279835059879, 0.0, 0.023322928526475592, 0.0] status=0x0003
joint_pos=[6.669828173592283, -11.559942095038565, 8.117006360410906, 16.90817600873497, -40.988571484956935, 17.189503705622514] joint_vel=[-3.6212623680126317, -4.70536225776543, 26.633913564308884, 67.75746789599893, 13.45200472803837, -11.794590327782089] imu_ang_vel=[0.0, 0.3424643609510746, 0.0] imu_quat_wxyz=[0.9996365282407496, 0.0, 0.02695944003092606, 0.0] status=0x0003
joint_pos=[6.494335318500026, -11.665672908812603, 8.645654252622375, 18.085824852031113, -40.47889047218536, 16.670208043678198] joint_vel=[-11.67578124041097, -5.619923752477918, 27.136140220455335, 53.951554290813775, 32.17739599935785, -33.49784634958202] imu_ang_vel=[0.0, 0.22318378123306162, 0.0] imu_quat_wxyz=[0.999558570292551, 0.0, 0.0297096710636676, 0.0] status=0x0003
joint_pos=[6.083578692172152, -11.727186429541753, 9.2673030045188, 18.904221846619663, -39.51274522591244, 15.803865082420502] joint_vel=[-23.44328183537646, -5.4707138140375475, 27.020673088744715, 32.3393710061989, 58.337297370824515, -48.55801391935782] imu_ang_vel=[0.0, 0.07634688837037319, 0.0] imu_quat_wxyz=[0.9995209657011558, 0.0, 0.03094897613538976, 0.0] status=0x0003
joint_pos=[5.451564466318577, -11.794836290891554, 9.747049294966507, 19.23789387802366, -37.96644204908382, 14.67284009764542] joint_vel=[-36.29117162103536, -2.011674187604391, 24.032201370405723, 8.174910512477135, 87.71391529676244, -60.745163855409835] imu_ang_vel=[0.0, -0.1536476529761988, 0.0] imu_quat_wxyz=[0.9995453810779562, 0.0, 0.03015014370982924, 0.0] status=0x0003
joint_pos=[4.558542532462923, -11.690304413265592, 10.23612175665112, 19.119252994497042, -35.82229246904775, 13.412018058165375] joint_vel=[-47.71948204375418, 6.680039571943556, 19.081603236060946, -14.766751416259725, 118.53810172761713, -64.2160094671691] imu_ang_vel=[0.0, -0.29122656061010016, 0.0] imu_quat_wxyz=[0.9996147056596165, 0.0, 0.027756805094213355, 0.0] status=0x0003
joint_pos=[3.4446748095121325, -11.379824277697216, 10.607172929031163, 18.568246239214588, -33.134041810298896, 12.080134706838004] joint_vel=[-58.725840882186915, 18.230167455300574, 13.037752473162485, -35.53270382426306, 143.54072527661577, -67.8116882688155] imu_ang_vel=[0.0, -0.3903912046798895, 0.0] imu_quat_wxyz=[0.9997059922217051, 0.0, 0.024247249658800898, 0.0] status=0x0003
joint_pos=[2.1456274085236084, -10.831787472660212, 10.854783089591551, 17.658114451579273, -30.052149817248424, 10.708061988152533] joint_vel=[-67.13589733522731, 30.526655574295546, 6.882491554493344, -51.87730916879749, 160.11696859086223, -68.97576319624739] imu_ang_vel=[0.0, -0.4422396889605437, 0.0] imu_quat_wxyz=[0.9997995212488433, 0.0, 0.020022919631856137, 0.0] status=0x0003
joint_pos=[0.7232204779196089, -10.07601556792993, 11.004889484428316, 16.465933332518716, -26.744109465898596, 9.340147902292324] joint_vel=[-72.10353347770943, 39.94229660693695, 2.538168173396953, -64.75845325257428, 168.4176321001365, -68.0417170953222] imu_ang_vel=[0.0, -0.4523015267750562, 0.0] imu_quat_wxyz=[0.999879060486836, 0.0, 0.015551990225118814, 0.0] status=0x0003
joint_pos=[-0.7254556305765172, -9.232713956036223, 11.117979364414285, 15.052538449458535, -23.355139891790223, 7.979298654349123] joint_vel=[-71.5236782497146, 41.729619208207666, 2.3487959113298427, -74.79893667559793, 170.0148069304872, -68.0034574978722] imu_ang_vel=[0.0, -0.4281330944387743, 0.0] imu_quat_wxyz=[0.9999372111398879, 0.0, 0.011205970631025547, 0.0] status=0x0003
joint_pos=[-2.066894109022893, -8.523181641680937, 11.327276526067672, 13.469239341373541, -20.025959580528294, 6.6420124338098026] joint_vel=[-63.425581961494004, 30.092628954711508, 9.496841623171658, -82.61641163105134, 164.51145335576885, -66.22802863349737] imu_ang_vel=[0.0, -0.3753300156510183, 0.0] imu_quat_wxyz=[0.999973330783081, 0.0, 0.007303267939138798, 0.0] status=0x0003
joint_pos=[-3.120887834797769, -8.26932321245445, 11.817879888564216, 11.765267777085477, -16.87938300661752, 5.442930160338352] joint_vel=[-45.316526738404775, 0.5140199816907779, 26.118892926070536, -88.0428047475446, 153.5594275042671, -56.597087262283296] imu_ang_vel=[0.0, -0.29175010043561816, 0.0] imu_quat_wxyz=[0.9999915444867317, 0.0, 0.004112293160866487, 0.0] status=0x0003
joint_pos=[-3.674563661732803, -8.844365568923934, 12.695306297433433, 9.965337577526315, -13.952478725201352, 4.621134009034084] joint_vel=[-17.85798371581908, -45.14458941630436, 53.35115590926783, -91.33903179549793, 142.0021280348942, -32.78236603573916] imu_ang_vel=[0.0, -0.1733744860428009, 0.0] imu_quat_wxyz=[0.9999982059836016, 0.0, 0.0018942094864323774, 0.0] status=0x0003
joint_pos=[-3.6062985632132207, -10.403089097086957, 14.25721337054361, 8.142269320528422, -11.163165366833796, 4.426999102604351] joint_vel=[17.211724943490804, -100.53443675967836, 83.6431510271624, -93.04736712492651, 138.3886070140523, 2.1299446684909777] imu_ang_vel=[0.0, 0.005970724966941423, 0.0] imu_quat_wxyz=[0.999999126428524, 0.0, 0.0013217950631505165, 0.0] status=0x0003
joint_pos=[-3.0874610125164414, -12.599424177233889, 16.339029400457388, 6.968025251094445, -9.622270642965935, 3.1961060795563503] joint_vel=[28.556792077235613, -106.10581210825035, 115.29899804859039, -38.14533847151855, 43.82096623820841, -92.21218784871805] imu_ang_vel=[0.0, -0.03432849074705435, 0.0] imu_quat_wxyz=[0.9999988177795228, 0.0, 0.0015376734232897425, 0.0] status=0x0003
joint_pos=[-2.256425743694685, -14.170417247527796, 19.292329448785082, 6.37255945615335, -8.72987568160977, 2.9788147773923677] joint_vel=[46.71674176615424, -62.99784624696616, 164.887879266773, -21.61348065311946, 40.98138825773938, 4.103563857442578] imu_ang_vel=[0.0, 0.3390047188768154, 0.0] imu_quat_wxyz=[0.9999942601956663, 0.0, 0.0033881522577968, 0.0] status=0x0003
joint_pos=[-0.9433898912674851, -15.707920888171625, 22.706327001909145, 6.1015434757803, -7.796518547807573, 2.984122313438025] joint_vel=[76.03682908175776, -84.18502971415454, 173.61759336027518, -9.318389841345477, 50.09880919052858, -1.6961721338199205] imu_ang_vel=[0.0, 0.6279111498373711, 0.0] imu_quat_wxyz=[0.9999624155226086, 0.0, 0.008669921694569118, 0.0] status=0x0003
joint_pos=[0.7112216847513104, -17.906070095357382, 26.01847767486015, 5.777457251589926, -6.671212163615388, 2.882269016096788] joint_vel=[86.29857899008668, -123.81594002106775, 161.10138001970583, -20.226877337577058, 60.05484490395592, -6.9978911636703955] imu_ang_vel=[0.0, 0.5996134021296105, 0.0] imu_quat_wxyz=[0.999886024765852, 0.0, 0.015097598416369724, 0.0] status=0x0003
joint_pos=[2.3757335559021127, -20.551099071957168, 29.07133732434786, 5.208254223745412, -5.352756814320272, 2.6847833765211617] joint_vel=[81.44256991470166, -136.587838013834, 147.9545933033708, -33.175080791065945, 69.67381081164316, -11.430921444100802] imu_ang_vel=[0.0, 0.4681020060990146, 0.0] imu_quat_wxyz=[0.9997941400318004, 0.0, 0.020289838788731182, 0.0] status=0x0003
joint_pos=[3.947728044560679, -23.163212119356864, 31.69449526832162, 4.475936894986372, -3.792401978914457, 2.371209463893107] joint_vel=[77.00999634433897, -126.98952643046708, 122.07351974661641, -38.67482519953788, 83.30707338073738, -17.979846860684518] imu_ang_vel=[0.0, 0.4599189215235614, 0.0] imu_quat_wxyz=[0.9996930141466756, 0.0, 0.024776550735217104, 0.0] status=0x0003
joint_pos=[5.402145389765639, -25.504280310234304, 33.797540086490805, 3.615206646688998, -1.904798466528412, 1.9106271284273066] joint_vel=[70.37603030535294, -111.3094421988847, 96.03841342819581, -45.59320703059188, 101.30777382724435, -26.017145593426704] imu_ang_vel=[0.0, 0.5062348572443237, 0.0] imu_quat_wxyz=[0.9995604115541585, 0.0, 0.029647658485639466, 0.0] status=0x0003
joint_pos=[6.760400106830631, -27.638325452432785, 35.484197998053176, 2.5852374104092712, 0.40495179055725045, 1.2631690931082917] joint_vel=[66.60530040279005, -103.94133764748824, 78.02165652583764, -54.956571600545956, 124.29305328161355, -36.26036642444782] imu_ang_vel=[0.0, 0.5609040445984936, 0.0] imu_quat_wxyz=[0.9993855676304205, 0.0, 0.03504978191119146, 0.0] status=0x0003
joint_pos=[7.806858899060746, -29.859181661763746, 36.868398653316135, 2.131036156285863, 0.7804847947432278, 1.5486535830788055] joint_vel=[46.992606894146085, -112.13285128245312, 64.37685927437037, -15.787348666279827, -8.008546725064965, 27.99773056453589] imu_ang_vel=[0.0, 0.13675350312000573, 0.0] imu_quat_wxyz=[0.9992670293622994, 0.0, 0.03828059599125216, 0.0] status=0x0003
joint_pos=[8.536547613244098, -31.430118328357036, 38.265569260992514, 1.845963469575801, 0.51658836376155, 2.1638639803035677] joint_vel=[31.073175682513966, -59.485499004182905, 72.797819384249, -14.471055143105247, -12.832558866929807, 31.04324793132085] imu_ang_vel=[0.0, 0.06990769843962832, 0.0] imu_quat_wxyz=[0.9992389212435449, 0.0, 0.03900741303953206, 0.0] status=0x0003
joint_pos=[9.116880755515895, -32.06536326032207, 39.47107900417629, 1.6085173349552278, 0.32711510453839626, 2.7428489149713204] joint_vel=[27.970818941154537, -16.21842005994873, 53.5655270964596, -10.455170632949999, -7.565261488457936, 28.10125224920819] imu_ang_vel=[0.0, 0.16163627493108262, 0.0] imu_quat_wxyz=[0.999191797451634, 0.0, 0.04019641657377923, 0.0] status=0x0003
joint_pos=[9.605124479854634, -32.06111102076397, 40.21050997665591, 1.3351046180400343, 0.22477298238798823, 3.289495468188101] joint_vel=[22.528012654600087, 9.184481550498987, 28.083131956522678, -15.42778012010565, -3.9433065637730937, 26.936255695231903] imu_ang_vel=[0.0, 0.15000844094443944, 0.0] imu_quat_wxyz=[0.9991224418925263, 0.0, 0.04188491502576226, 0.0] status=0x0003
joint_pos=[9.981064105360229, -31.68181749884472, 40.39545138259617, 0.9293862338556167, 0.17348640086097655, 3.8105820424301653] joint_vel=[16.769352910875917, 24.38495396912932, -0.3915225996908014, -23.00293270956464, -1.941050151203582, 25.905097396379787] imu_ang_vel=[0.0, 0.05108492123820056, 0.0] imu_quat_wxyz=[0.9990827215411653, 0.0, 0.042821904650521374, 0.0] status=0x0003
joint_pos=[10.28965813089507, -31.073798190885448, 40.06293523173168, 0.38481968007879014, 0.14927783023644156, 4.406139054996373] joint_vel=[13.791230413156182, 34.9838241409012, -25.469066481230705, -28.839932798579348, -0.966818844126208, 23.113477491841415] imu_ang_vel=[0.0, -0.05107665424638147, 0.0] imu_quat_wxyz=[0.9990875802232012, 0.0, 0.042708395471481864, 0.0] status=0x0003
joint_pos=[10.575609532929862, -30.26045236468563, 39.27304203454852, -0.22153950406039263, 0.1380446727827977, 4.87136322380056] joint_vel=[14.578735260979611, 43.81183840735682, -46.96068028321919, -31.20788488665441, -0.40220123668301516, 23.556353437690397] imu_ang_vel=[0.0, -0.1023730312705676, 0.0] imu_quat_wxyz=[0.9991249159586221, 0.0, 0.0418258569628439, 0.0] status=0x0003
joint_pos=[10.90993124847409, -29.296598024005235, 38.098039016711006, -0.8412674763732506, 0.13335640954410408, 5.344919670196507] joint_vel=[17.878238493104433, 50.60445350079141, -65.00086945738403, -30.946563052543144, -0.16813435005439048, 23.905578705729248] imu_ang_vel=[0.0, -0.10678464504238341, 0.0] imu_quat_wxyz=[0.9991698895723461, 0.0, 0.04073735106736387, 0.0] status=0x0003
joint_pos=[11.340821137002745, -28.25152176238168, 36.59449656897588, -1.4440905225232024, 0.13163137333133, 5.90147122257841] joint_vel=[22.62599780046691, 54.230667524488375, -80.69766330479487, -29.11682068604245, -0.10943193019118727, 22.099631467221958] imu_ang_vel=[0.0, -0.08447533665405133, 0.0] imu_quat_wxyz=[0.9992073611130812, 0.0, 0.039807656266510436, 0.0] status=0x0003
joint_pos=[11.876091679418685, -27.16516901377642, 34.8134984252175, -1.9922872358642427, 0.13164454074631377, 6.351307069477421] joint_vel=[28.99362059986242, 54.328393636162076, -93.43085412555553, -26.551549474509258, 0.0262757443703859, 22.941328777373915] imu_ang_vel=[0.0, -0.04160026233012642, 0.0] imu_quat_wxyz=[0.9992308615264432, 0.0, 0.039213331573866216, 0.0] status=0x0003
joint_pos=[12.556041925813913, -26.107523276189735, 32.82389653075282, -2.4829108332802434, 0.1337682245594713, 6.892795629774438] joint_vel=[35.70039987040534, 53.14653491120426, -102.76246420311783, -22.832285963825463, -0.009834746613780644, 21.6809847491336] imu_ang_vel=[0.0, 0.0183476893579895, 0.0] imu_quat_wxyz=[0.9992327215692299, 0.0, 0.03916590539423166, 0.0] status=0x0003
joint_pos=[13.362288207619681, -25.050632454349092, 30.679871347852227, -2.875916945257949, 0.13607604185720168, 7.3326076185314895] joint_vel=[42.78804862774639, 52.633017727322745, -109.46465632705254, -17.96843023146573, 0.13476066632367453, 22.56098864635972] imu_ang_vel=[0.0, 0.09982515102021472, 0.0] imu_quat_wxyz=[0.9992065566623225, 0.0, 0.03982784356483352, 0.0] status=0x0003
joint_pos=[14.28894903721739, -23.939399866367136, 28.45020331795269, -3.1605918676089577, 0.13873747392230795, 7.85655358771401] joint_vel=[47.409865185893295, 57.91763525904489, -112.53526370083311, -11.712134448849357, 0.06759293750608705, 22.10663215202614] imu_ang_vel=[0.0, 0.20674252121526726, 0.0] imu_quat_wxyz=[0.9991393372591325, 0.0, 0.041479931790945467, 0.0] status=0x0003
joint_pos=[15.26714459010827, -22.601383855302107, 26.20632103377382, -3.29140832771877, 0.13387494281228698, 8.38696477680761] joint_vel=[48.80876787371783, 72.65042931178016, -111.97707166302675, -3.2092681532416227, -0.37690107517029864, 22.68787044557896] imu_ang_vel=[0.0, 0.35368101423602477, 0.0] imu_quat_wxyz=[0.9990127104275702, 0.0, 0.04442526763182959, 0.0] status=0x0003
joint_pos=[16.170662747436243, -20.678039288982728, 23.99618895400869, -3.1884830473619523, 0.09534198196428882, 8.96096714295899] joint_vel=[42.383705840110615, 109.9178671041632, -109.66597950023923, 10.022298811670991, -2.2173064449539055, 26.4671459787899] imu_ang_vel=[0.0, 0.5791643328005536, 0.0] imu_quat_wxyz=[0.9987859117664539, 0.0, 0.04926157180656499, 0.0] status=0x0003
joint_pos=[16.54436664844884, -17.3197609704193, 21.573836293872297, -2.215584184900162, -1.335599868493789, 10.25476191800017] joint_vel=[6.394512750970713, 199.17617448004552, -127.01113679082327, 69.00809591114238, -108.12482753449852, 91.95308577115962] imu_ang_vel=[0.0, 0.7503890356208158, 0.0] imu_quat_wxyz=[0.9984198064662122, 0.0, 0.05619510704653409, 0.0] status=0x0003
joint_pos=[16.082509334006314, -13.757497931969851, 17.541093890238024, -0.278838557489664, -5.153231195602178, 12.715965781574107] joint_vel=[-29.605475274533863, 121.8637643896909, -271.3592341424535, 107.96429794253275, -232.1120355414998, 136.08643898244014] imu_ang_vel=[0.0, 0.5133935083113934, 0.0] imu_quat_wxyz=[0.9980130410290922, 0.0, 0.06300769743343788, 0.0] status=0x0003
sim t=    4.02s  x= 0.725m z= 0.531m pitch= 7.55deg action=[-1.0, 0.965, 0.135, 1.0, -1.0, 0.068]
joint_pos=[15.154420168632381, -11.191432124681688, 12.359647779621769, 2.2257439276675828, -10.890716986731112, 15.015799171687053] joint_vel=[-55.91296507851403, 132.3151301337581, -254.42325527975908, 134.47318039827067, -316.22842370814686, 103.42682595299068] imu_ang_vel=[0.0, 0.13956893558352346, 0.0] imu_quat_wxyz=[0.997839435337616, 0.0, 0.06569978146925443, 0.0] status=0x0003
joint_pos=[13.803352544645287, -8.585559655560195, 7.918515309177177, 5.0896672739234425, -17.650009933996515, 16.432071173119557] joint_vel=[-74.15683377267224, 129.9039679114514, -206.61693096464904, 147.75701416798717, -348.8012088251839, 53.24535838054422] imu_ang_vel=[0.0, -0.1263138847153265, 0.0] imu_quat_wxyz=[0.9978626851973551, 0.0, 0.06534570751567538, 0.0] status=0x0003
joint_pos=[12.451767899747844, -6.675687423760244, 4.670716242481986, 7.896600320817068, -24.39278374662917, 16.86895702425137] joint_vel=[-64.01225081339739, 76.98308801211732, -140.22658510011286, 135.86759335422542, -329.7782519051562, 5.431009971917958] imu_ang_vel=[0.0, -0.3238949572413873, 0.0] imu_quat_wxyz=[0.9980255621996371, 0.0, 0.0628090534564745, 0.0] status=0x0003
joint_pos=[11.251803513578958, -6.0879963356315505, 2.837734729146346, 9.991669614964186, -30.242205766119962, 16.050998331406998] joint_vel=[-57.77613830139843, 3.4702522844384442, -66.48083727062915, 87.23118144697078, -271.45381568442457, -65.50577343670483] imu_ang_vel=[0.0, -0.6780063232758679, 0.0] imu_quat_wxyz=[0.998341892864241, 0.0, 0.05756270452510196, 0.0] status=0x0003
joint_pos=[10.236448933684109, -6.708119421175028, 1.853554576592659, 11.169843754208372, -34.79517106265822, 14.049661894996483] joint_vel=[-46.77241207614413, -50.1845432743731, -40.137946101902266, 43.00543169072436, -203.32748620097757, -118.32613614199343] imu_ang_vel=[0.0, -0.9471904745235112, 0.0] imu_quat_wxyz=[0.9987999493212781, 0.0, 0.04897612924488978, 0.0] status=0x0003
joint_pos=[9.146332801841588, -7.8967481132919675, 2.952604269579845, 11.53020103223424, -37.734271396300734, 12.37516702313455] joint_vel=[-56.54322702665329, -63.70081224240844, 61.26735376512928, 2.5239163828503086, -120.09313909757097, -64.75355939531198] imu_ang_vel=[0.0, -1.026506553746784, 0.0] imu_quat_wxyz=[0.9992386763471369, 0.0, 0.039013685957902666, 0.0] status=0x0003
joint_pos=[8.187096005547803, -9.096740165103384, 4.10315553124493, 11.533666991614375, -39.43531224160411, 11.764419103223423] joint_vel=[-42.98150391507504, -58.26480170135825, 56.553088094161744, -0.9683437195553358, -65.35334750175359, -12.12334804077504] imu_ang_vel=[0.0, -0.8427390103705139, 0.0] imu_quat_wxyz=[0.9995634260854447, 0.0, 0.02954584966332468, 0.0] status=0x0003
joint_pos=[7.402301267708112, -9.985304127166481, 5.08553484566559, 11.629982128851733, -40.356517510118984, 12.603817457670178] joint_vel=[-37.0188307448886, -37.120319766299865, 45.23786308621417, 8.013242583394513, -35.01617600488404, 70.91262236399038] imu_ang_vel=[0.0, -0.5660047308405187, 0.0] imu_quat_wxyz=[0.9997389354432147, 0.0, 0.022848653327225125, 0.0] status=0x0003
joint_pos=[6.871190059828991, -10.580361429458778, 5.901634482404174, 12.072277699442044, -40.7681522026576, 14.235892759628971] joint_vel=[-20.757173130858536, -25.85657117703912, 38.38629916486883, 29.874384925252592, -12.31132461898596, 87.28373087748791] imu_ang_vel=[0.0, -0.22609713662212705, 0.0] imu_quat_wxyz=[0.999815024962745, 0.0, 0.019233196789552764, 0.0] status=0x0003
joint_pos=[6.616919375875623, -10.952721033639875, 6.58724601382293, 12.964435185387545, -40.900349546631716, 15.847442622603799] joint_vel=[-8.311384043316059, -14.716181449815236, 31.997790235217522, 52.69119606263091, -3.27978539077371, 76.93306772161294] imu_ang_vel=[0.0, 0.08517131264049116, 0.0] imu_quat_wxyz=[0.9998202681315279, 0.0, 0.018958676994972133, 0.0] status=0x0003
joint_pos=[6.539881820240481, -11.165108911355876, 7.193272447678586, 14.22846436857172, -40.932671966890425, 16.938206130039035] joint_vel=[-1.4504791508492694, -8.394085306715244, 29.221725951822823, 68.92095063335796, -0.6290390713593884, 42.519634215286] imu_ang_vel=[0.0, 0.29001591922024333, 0.0] imu_quat_wxyz=[0.9997755481880575, 0.0, 0.02118615692543761, 0.0] status=0x0003
joint_pos=[6.541640805182277, -11.29190408873841, 7.753857841257184, 15.712320509677761, -40.92467071425117, 17.387457961393583] joint_vel=[0.7888005186471201, -5.168745702393477, 27.719524160957082, 77.0022211141463, 1.0209474663943219, 11.723320326303378] imu_ang_vel=[0.0, 0.38934983287766983, 0.0] imu_quat_wxyz=[0.9996926946544483, 0.0, 0.024789438366527645, 0.0] status=0x0003
joint_pos=[6.497670700899716, -11.396296117117405, 8.304078004635555, 17.180705995336496, -40.77992503517551, 17.296179719543737] joint_vel=[-3.93653323692506, -5.231168552467816, 28.029210098348333, 71.3863663646453, 10.718911739563975, -13.254781816212878] imu_ang_vel=[0.0, 0.35399191167224886, 0.0] imu_quat_wxyz=[0.999591422071862, 0.0, 0.02858301804135739, 0.0] status=0x0003
joint_pos=[6.312110930604312, -11.519220467422485, 8.862071850568178, 18.412202944767735, -40.30729016535354, 16.732117523743206] joint_vel=[-12.280766238324981, -6.664382464257114, 28.695297139298532, 56.12073442497062, 30.81509766014758, -36.148737210547914] imu_ang_vel=[0.0, 0.224331321686404, 0.0] imu_quat_wxyz=[0.9995074446655857, 0.0, 0.031382607572844966, 0.0] status=0x0003
joint_pos=[5.885766776380145, -11.607758955419065, 9.499046482806635, 19.252363755562076, -39.3492144259785, 15.795501536541378] joint_vel=[-24.36712376690998, -6.622998602526892, 26.830644133837524, 32.833618241487756, 58.323798228893445, -52.521512539642146] imu_ang_vel=[0.0, 0.03350653260362125, 0.0] imu_quat_wxyz=[0.9994696834700332, 0.0, 0.032563043842854, 0.0] status=0x0003
joint_pos=[5.206260563543054, -11.638995601840229, 10.072776818178447, 19.599846861092768, -37.789275046022965, 14.595646502724165] joint_vel=[-41.27554687973606, 4.895636882072243, 38.995400719272624, 10.34863322388039, 87.8568557340978, -63.86135188024695] imu_ang_vel=[0.0, -0.15792214146044226, 0.0] imu_quat_wxyz=[0.9994980910368936, 0.0, 0.03167911005071917, 0.0] status=0x0003
joint_pos=[4.29253852861533, -11.536285881519987, 10.54070806655263, 19.470211997311942, -35.61698445133759, 13.256213396101854] joint_vel=[-51.61023307443288, 12.302828383139621, 28.82193327756233, -13.088269266662158, 118.0351372782958, -68.46509813114918] imu_ang_vel=[0.0, -0.30188862522758403, 0.0] imu_quat_wxyz=[0.9995728225628203, 0.0, 0.02922622784069927, 0.0] status=0x0003
joint_pos=[3.144061398736303, -11.242627998359774, 10.922111829442045, 18.885167596074524, -32.90584625208865, 11.90231296086018] joint_vel=[-61.07144968874784, 17.55081102179387, 14.603775378055849, -37.710689352897866, 144.5410702651352, -67.18427851908342] imu_ang_vel=[0.0, -0.4014959253095687, 0.0] imu_quat_wxyz=[0.9996734901090232, 0.0, 0.025552165725134007, 0.0] status=0x0003
joint_pos=[1.7945896800216425, -10.72904434891524, 11.198724820752597, 17.90704767070786, -29.79717469723296, 10.525049465091568] joint_vel=[-70.0394379364415, 28.498966632100043, 9.705548461294415, -55.76169691483321, 161.57996052201597, -69.70615757101687] imu_ang_vel=[0.0, -0.471854979233702, 0.0] imu_quat_wxyz=[0.99978138816312, 0.0, 0.02090875134063987, 0.0] status=0x0003
joint_pos=[0.3444609154337138, -10.031593053413571, 11.382952450030016, 16.65109705161758, -26.462741904513376, 9.085050447123916] joint_vel=[-72.87591607253707, 36.83853322583815, 4.6146949111415525, -67.42121936612654, 169.5781806353485, -73.17484103922158] imu_ang_vel=[0.0, -0.4862734846984855, 0.0] imu_quat_wxyz=[0.9998718855150333, 0.0, 0.016006641015908048, 0.0] status=0x0003
joint_pos=[-1.1145841884429364, -9.215130493723608, 11.516556972334365, 15.19875592890486, -23.054878887224692, 7.66208364994523] joint_vel=[-71.97721037465278, 41.52757013505508, 3.0885263617318013, -76.283937470291, 170.7947299992409, -70.0191965625258] imu_ang_vel=[0.0, -0.4327566755903092, 0.0] imu_quat_wxyz=[0.9999339407413222, 0.0, 0.011494092114203307, 0.0] status=0x0003
joint_pos=[-2.4568043693749764, -8.508014697311113, 11.737717540547997, 13.591474966950356, -19.714785931021247, 6.332088333333437] joint_vel=[-63.309247154987276, 30.16933558890503, 10.2568216522997, -83.60223066246701, 164.89104258421438, -64.58853355387407] imu_ang_vel=[0.0, -0.3627393527532427, 0.0] imu_quat_wxyz=[0.9999706295394842, 0.0, 0.007664206312963909, 0.0] status=0x0003
joint_pos=[-3.4937594765182967, -8.273150511387215, 12.240059431274398, 11.871962455316224, -16.574546624521656, 5.192236720941385] joint_vel=[-44.31473939437323, -0.5274901007464637, 27.556274285581313, -88.51777249403922, 152.73209606873647, -52.92286265216923] imu_ang_vel=[0.0, -0.27429837224610565, 0.0] imu_quat_wxyz=[0.9999892332672109, 0.0, 0.004640404040135123, 0.0] status=0x0003
joint_pos=[-4.040173910573808, -8.849725845636822, 13.233907368995595, 10.080672157474773, -13.691637754639183, 4.455673767642838] joint_vel=[-16.334864949692506, -47.9422980849898, 55.588370954805704, -91.73576418273069, 139.65028255308866, -28.255524814888517] imu_ang_vel=[0.0, -0.12317345679243472, 0.0] imu_quat_wxyz=[0.9999963429834471, 0.0, 0.002704444440577708, 0.0] status=0x0003
joint_pos=[-3.906446799127677, -10.553993996420285, 14.75640498666356, 8.226106733483949, -10.960133048333766, 4.326409923877149] joint_vel=[19.281213470033965, -105.92956946610464, 88.09942272487994, -93.36138622509775, 134.507469797349, 4.741155170593492] imu_ang_vel=[0.0, 0.010629354769725168, 0.0] imu_quat_wxyz=[0.9999976991431201, 0.0, 0.002145159310156014, 0.0] status=0x0003
joint_pos=[-3.352503856273365, -12.835461384466976, 16.91266045209508, 7.082509988249145, -9.498220824005806, 3.074988425999026] joint_vel=[30.489275272574734, -109.80109081145011, 118.31206013275444, -36.40656251051969, 40.578820028445286, -93.48163326133611] imu_ang_vel=[0.0, -0.039535905919405465, 0.0] imu_quat_wxyz=[0.999997226305899, 0.0, 0.0023552877761413324, 0.0] status=0x0003
joint_pos=[-2.462248976675208, -14.453847340878582, 19.899186782614862, 6.527220935195932, -8.648783699026895, 2.8681348386293384] joint_vel=[50.20978709044787, -64.68401275886595, 165.84596197250033, -19.420478371631265, 39.726284244592414, 4.624611216959659] imu_ang_vel=[0.0, 0.3632430155818035, 0.0] imu_quat_wxyz=[0.9999906277294853, 0.0, 0.004329486481090316, 0.0] status=0x0003
joint_pos=[-1.0897484515380984, -16.006541380924098, 23.301554151119422, 6.294368376402762, -7.740814313019927, 2.88343244968225] joint_vel=[78.72334518516368, -84.43065780001503, 172.21476939244687, -7.557211610496696, 48.76800574542805, -1.0925700868613457] imu_ang_vel=[0.0, 0.6533385617930489, 0.0] imu_quat_wxyz=[0.9999510767180619, 0.0, 0.009891621221451988, 0.0] status=0x0003
joint_pos=[0.6103230029274495, -18.204386438159712, 26.55995465913026, 5.995465101206621, -6.639622189200122, 2.7955334940043217] joint_vel=[88.34430355348195, -123.65773868217799, 157.7296911093953, -19.2381707451412, 58.89279088685405, -6.213903636915569] imu_ang_vel=[0.0, 0.6147062764200891, 0.0] imu_quat_wxyz=[0.9998636588034038, 0.0, 0.016512534762127006, 0.0] status=0x0003
joint_pos=[2.3034835884291676, -20.82742785040744, 29.550523997654306, 5.434716851019999, -5.33810341832766, 2.612585687617231] joint_vel=[82.54075142650511, -134.96909402172457, 144.98289228638893, -33.05442502953678, 68.97854881372677, -10.739590910743681] imu_ang_vel=[0.0, 0.4724871826565613, 0.0] imu_quat_wxyz=[0.9997626090317294, 0.0, 0.021788198229069636, 0.0] status=0x0003
joint_pos=[3.8942358095707372, -23.394719055248313, 32.1259884457758, 4.699382988763087, -3.78465528121974, 2.309167017034972] joint_vel=[77.86460680800099, -124.40535458054433, 120.00668166558047, -38.97325712319396, 83.1456949664454, -17.570372975911976] imu_ang_vel=[0.0, 0.45934270699392254, 0.0] imu_quat_wxyz=[0.9996545833689675, 0.0, 0.026281437354452923, 0.0] status=0x0003
joint_pos=[5.3646817677987615, -25.678419962352955, 34.197385555721226, 3.8283080907081963, -1.8958379657462636, 1.8541951271793948] joint_vel=[71.15103364515083, -108.2865558160812, 94.717269968768, -46.23192907158757, 101.48690572702125, -25.812270655503617] imu_ang_vel=[0.0, 0.5020439499337709, 0.0] imu_quat_wxyz=[0.9995155182022121, 0.0, 0.031124409600240904, 0.0] status=0x0003
joint_pos=[6.739128980988045, -27.755740971764535, 35.86698531011868, 2.7820225247961123, 0.41828556950596013, 1.210026136276608] joint_vel=[67.43331652533358, -101.21144528680551, 77.41971756436463, -55.873213792551724, 124.53118578130064, -36.12436300497483] imu_ang_vel=[0.0, 0.5519810859380578, 0.0] imu_quat_wxyz=[0.9993352551864422, 0.0, 0.03645610705284412, 0.0] status=0x0003
joint_pos=[7.801688003245887, -29.929329557837068, 37.243948849415524, 2.3092058076827726, 0.790115259076146, 1.501985217038569] joint_vel=[47.80441008367548, -109.95893944961816, 64.14036777292799, -16.780829749180377, -8.270316826551252, 28.344918003037932] imu_ang_vel=[0.0, 0.12149973017918053, 0.0] imu_quat_wxyz=[0.9992172777795589, 0.0, 0.03955795478545068, 0.0] status=0x0003
joint_pos=[8.548389828736633, -31.460705033388162, 38.63559848726884, 2.0031595953554393, 0.5216979598518818, 2.123423662451608] joint_vel=[31.942177704062036, -57.61444245253088, 72.49909518385675, -15.555966665923314, -13.023454833134762, 31.329365856969787] imu_ang_vel=[0.0, 0.05249511925848351, 0.0] imu_quat_wxyz=[0.9991950528636604, 0.0, 0.040115412658814124, 0.0] status=0x0003
joint_pos=[9.146049175208828, -32.060021686153185, 39.8309139068222, 1.7441270013721923, 0.32943188199359186, 2.7075116223138025] joint_vel=[28.829491089156594, -14.464058987364377, 52.942054506399394, -11.530031796727556, -7.676362832959203, 28.3402684159703] imu_ang_vel=[0.0, 0.14461326919089523, 0.0] imu_quat_wxyz=[0.9991537605737406, 0.0, 0.041131043402182314, 0.0] status=0x0003
joint_pos=[9.651837447606345, -32.023579093940924, 40.55214356981921, 1.4506982710945049, 0.22548447966753654, 3.2585728013640054] joint_vel=[23.40833910416062, 10.711653601486983, 27.019519832236107, -16.38559631544111, -4.006769989425524, 27.149379361560428] imu_ang_vel=[0.0, 0.13512170169982318, 0.0] imu_quat_wxyz=[0.999089594121817, 0.0, 0.04266125780498117, 0.0] status=0x0003
joint_pos=[10.045172163405743, -31.61757291925206, 40.710621235447505, 1.0274950613925165, 0.1732966928180911, 3.7837342458977705] joint_vel=[17.625903563495953, 25.6117374547795, -1.8530668027261306, -23.82843951681691, -1.9763423513334042, 26.10820102080321] imu_ang_vel=[0.0, 0.038873794051748144, 0.0] imu_quat_wxyz=[0.9990549080434954, 0.0, 0.04346597191140332, 0.0] status=0x0003
joint_pos=[10.370409539995821, -30.99098667979512, 40.34317247853404, 0.46764037179648854, 0.14863980865702728, 4.3832068924897944] joint_vel=[14.603697582051467, 35.742729289853884, -27.368701149987654, -29.565823557804066, -0.9834682929938612, 23.302476408885823] imu_ang_vel=[0.0, -0.06110109353846844, 0.0] imu_quat_wxyz=[0.9990645122191666, 0.0, 0.04324465775420881, 0.0] status=0x0003
joint_pos=[10.671422460840338, -30.16953532829978, 39.50993239712412, -0.15286834199696414, 0.13725631169377103, 4.852013767399466] joint_vel=[15.29208219029557, 44.017960065600036, -49.269545053103435, -31.902521836831276, -0.4065418493600414, 23.739393319139808] imu_ang_vel=[0.0, -0.11136872222814985, 0.0] imu_quat_wxyz=[0.999106242580327, 0.0, 0.042269563955887476, 0.0] status=0x0003
joint_pos=[11.018253312978125, -29.207928231016634, 38.2854388520617, -0.7864239719235618, 0.13259270123960754, 5.329080733469154] joint_vel=[18.448864325955746, 50.31317290082557, -67.56175941437208, -31.633327887400842, -0.16560371055796938, 24.085118053572856] imu_ang_vel=[0.0, -0.11543221496626048, 0.0] imu_quat_wxyz=[0.9991552903457019, 0.0, 0.04109386540830755, 0.0] status=0x0003
joint_pos=[11.458156960924898, -28.172267741658658, 36.73021100457733, -1.4027294545647149, 0.13097396300177336, 5.888906782459116] joint_vel=[23.008147034061764, 53.65172942224939, -83.29178536438312, -29.78233991471727, -0.104343636633115, 22.290515398227445] imu_ang_vel=[0.0, -0.09271049734751739, 0.0] imu_quat_wxyz=[0.9991964736069769, 0.0, 0.04008000912402461, 0.0] status=0x0003
joint_pos=[11.998467026329491, -27.098330854389303, 34.89915681999652, -1.9635181374783761, 0.1310903707135325, 6.342558179003434] joint_vel=[29.169230268965237, 53.684275675779894, -95.88210132242851, -27.157852278654087, 0.03110761565652929, 23.134754939487124] imu_ang_vel=[0.0, -0.04890667284846575, 0.0] imu_quat_wxyz=[0.9992231759953245, 0.0, 0.03940868627367383, 0.0] status=0x0003
joint_pos=[12.679111731345897, -26.05210059659402, 32.86390259471483, -2.465274270578492, 0.13334509675999542, 6.887568191034258] joint_vel=[35.65807470363499, 52.60727078766976, -104.95133407691198, -23.36065080124011, -0.0034831538922255323, 21.893979555737516] imu_ang_vel=[0.0, 0.012439978174504943, 0.0] imu_quat_wxyz=[0.9992275941023991, 0.0, 0.03929650346190007, 0.0] status=0x0003
joint_pos=[13.481389763313075, -25.00286815615108, 30.68040687775695, -2.867880627928798, 0.13576664607051786, 7.331794118111466] joint_vel=[42.50084753124688, 52.33661505804174, -111.32069022890839, -18.417665143155045, 0.1396685968750733, 22.784107012824467] imu_ang_vel=[0.0, 0.09545488607047602, 0.0] imu_quat_wxyz=[0.9992033183635151, 0.0, 0.039909003637523956, 0.0] status=0x0003
joint_pos=[14.398802925888669, -23.892765247427576, 28.418561378774605, -3.1605413523687114, 0.13848909271771065, 7.860199115551125] joint_vel=[46.85206221910546, 57.98773428839149, -114.00924271367856, -12.082173726914686, 0.07014736081072956, 22.35876053304415] imu_ang_vel=[0.0, 0.20402491591887126, 0.0] imu_quat_wxyz=[0.9991373615629238, 0.0, 0.041527493652752635, 0.0] status=0x0003
joint_pos=[15.362315731933329, -22.547621496610205, 26.151478581755935, -3.2971747247488987, 0.1330174733144109, 8.396019354642686] joint_vel=[47.980104704048955, 73.16000037033268, -112.96685471762248, -3.4593658267926015, -0.4108799660236967, 22.986624819559136] imu_ang_vel=[0.0, 0.35299794365163595, 0.0] imu_quat_wxyz=[0.999011265334267, 0.0, 0.04445775225117378, 0.0] status=0x0003
joint_pos=[16.24383560523061, -20.595883880549195, 23.92381405775077, -3.193794513172181, 0.09331362028694239, 8.976914657841023] joint_vel=[41.13456208519667, 111.83945117774496, -110.48012921411603, 10.19763988371426, -2.2742600732044496, 26.833167988228404] imu_ang_vel=[0.0, 0.5851378174077253, 0.0] imu_quat_wxyz=[0.9987828524339876, 0.0, 0.04932356114300205, 0.0] status=0x0003
joint_pos=[16.57649891847905, -17.186733873432562, 21.479953638899918, -2.197686522498257, -1.3937919623921566, 10.305617340890931] joint_vel=[3.9457758039373005, 202.04182392861844, -128.22820625085888, 70.7690145040031, -112.471726018246, 94.37243302492452] imu_ang_vel=[0.0, 0.7505091227793885, 0.0] imu_quat_wxyz=[0.9984140568329848, 0.0, 0.056297167942103425, 0.0] status=0x0003
joint_pos=[16.084320845250254, -13.597703877778915, 17.415191971112158, -0.23273539287339928, -5.292400323996596, 12.82474336124264] joint_vel=[-30.403697124931774, 122.45828499920638, -273.2647858206407, 109.11646368145561, -235.8563014389121, 139.57024681695154] imu_ang_vel=[0.0, 0.5019927978883794, 0.0] imu_quat_wxyz=[0.9980092312023535, 0.0, 0.06306801435662424, 0.0] status=0x0003
sim t=    5.02s  x= 0.925m z= 0.531m pitch= 7.54deg action=[-1.0, 0.955, 0.147, 1.0, -1.0, 0.05]
joint_pos=[15.142197443023043, -11.029151089774007, 12.224501871854118, 2.2916454774264836, -11.09083758662342, 15.144441918083446] joint_vel=[-56.55861154994554, 132.18601198211525, -254.11456345490362, 135.37133225796157, -318.8842385646189, 103.08841578830952] imu_ang_vel=[0.0, 0.12827789519430388, 0.0] imu_quat_wxyz=[0.9978429827038127, 0.0, 0.06564588234427696, 0.0] status=0x0003
joint_pos=[13.802169434732331, -8.435901340122316, 7.799352196675651, 5.183346685682958, -17.87677774525842, 16.525609153626245] joint_vel=[-72.94463947031787, 129.00288561780283, -205.53978975136056, 149.4165014635461, -349.3993203030992, 50.739251426969155] imu_ang_vel=[0.0, -0.11813408797823616, 0.0] imu_quat_wxyz=[0.997867081837818, 0.0, 0.06527853387199618, 0.0] status=0x0003
joint_pos=[12.457289885037914, -6.561761033797975, 4.585900280614264, 7.987458663379518, -24.616350698642993, 16.919279838934585] joint_vel=[-64.14513078319844, 74.67895977760504, -138.1739705133164, 134.7282363959324, -329.215184955709, 3.4585527829346936] imu_ang_vel=[0.0, -0.33563293255450727, 0.0] imu_quat_wxyz=[0.9980292473916009, 0.0, 0.0627504689301573, 0.0] status=0x0003
joint_pos=[11.263910532989716, -6.022232241049389, 2.763973782940339, 10.059996359684817, -30.44289262706923, 16.037010932475162] joint_vel=[-57.18845602306898, 0.9801881734532942, -66.72075433614425, 86.1111961313623, -270.003162474375, -69.38208074179842] imu_ang_vel=[0.0, -0.6938466783527415, 0.0] imu_quat_wxyz=[0.9983553423632552, 0.0, 0.057328966280123024, 0.0] status=0x0003
joint_pos=[10.246022189334171, -6.680255953271467, 1.7738677045634914, 11.201348704621974, -34.95672916637181, 14.016265295875641] joint_vel=[-47.28297835651066, -51.765381810744024, -40.46393066891516, 40.77199873285932, -201.09988353756557, -117.74086894690457] imu_ang_vel=[0.0, -0.9694047351388554, 0.0] imu_quat_wxyz=[0.9988204622462595, 0.0, 0.048555990342783996, 0.0] status=0x0003
joint_pos=[9.151450611761904, -7.892933444246031, 2.8789204160815136, 11.523575151621127, -37.835755379275255, 12.347095923859236] joint_vel=[-56.591184841660045, -64.69958609533302, 61.54847191238477, 0.7871204380092394, -116.71406001008799, -64.65681029009683] imu_ang_vel=[0.0, -1.0397319653720738, 0.0] imu_quat_wxyz=[0.9992621329414744, 0.0, 0.03840819794334532, 0.0] status=0x0003
joint_pos=[8.19351043133735, -9.101333376656338, 4.030564132402467, 11.504445515128104, -39.480445693469555, 11.745648660021281] joint_vel=[-42.95401862809802, -58.388135823623706, 56.47554297138497, -1.915756068388808, -62.802759377793926, -11.459156135004879] imu_ang_vel=[0.0, -0.8454689874389072, 0.0] imu_quat_wxyz=[0.9995827577056374, 0.0, 0.02888443348229077, 0.0] status=0x0003
joint_pos=[7.411070706913227, -9.993096434966052, 5.012783612381581, 11.590306220460956, -40.36773297485116, 12.587182289048068] joint_vel=[-36.85257880313046, -37.301794290636046, 45.24600306039042, 7.721088630246133, -33.79905194611133, 70.71917827821301] imu_ang_vel=[0.0, -0.5659825737441342, 0.0] imu_quat_wxyz=[0.9997539909200432, 0.0, 0.022180118111635654, 0.0] status=0x0003
joint_pos=[6.882749739501135, -10.58871620358319, 5.828163965207345, 12.030406601223921, -40.76401164067332, 14.2284728586594] joint_vel=[-20.63334759442303, -25.79911402225695, 38.32243838427676, 29.864940269868587, -11.794390430634385, 88.09290229604665] imu_ang_vel=[0.0, -0.22424500939582193, 0.0] imu_quat_wxyz=[0.9998274509665932, 0.0, 0.018576013933154036, 0.0] status=0x0003
joint_pos=[6.631110290465125, -10.961069087398759, 6.513358835972726, 12.922077080178113, -40.88747117057336, 15.846654109466135] joint_vel=[-8.176885843839202, -14.745332498264759, 32.00777053939151, 52.658588810380444, -2.8905316143922324, 77.00864612829044] imu_ang_vel=[0.0, 0.08745388803554499, 0.0] imu_quat_wxyz=[0.9998320967103723, 0.0, 0.018324256812779174, 0.0] status=0x0003
joint_pos=[6.55614251501403, -11.173293633980412, 7.119174474697908, 14.18675557110537, -40.91797273475012, 16.935332300324724] joint_vel=[-1.3730772502844422, -8.360776277274173, 29.2084938427317, 68.98308939886599, -0.7020334978284254, 42.3184338401967] imu_ang_vel=[0.0, 0.2922354031454749, 0.0] imu_quat_wxyz=[0.9997883262362256, 0.0, 0.020574321902959297, 0.0] status=0x0003
joint_pos=[6.55776202857694, -11.300654900685243, 7.680619962561405, 15.67068471682144, -40.91604107517243, 17.38136526270446] joint_vel=[0.7378764165981005, -5.23997331465395, 27.79465134245675, 76.99081643468962, 0.5274858801117076, 11.586785139855664] imu_ang_vel=[0.0, 0.3893611059336706, 0.0] imu_quat_wxyz=[0.9997074268494673, 0.0, 0.02418802807210651, 0.0] status=0x0003
joint_pos=[6.512968017210155, -11.407780383519636, 8.233089948843167, 17.138592891943915, -40.78354233492852, 17.28995119228676] joint_vel=[-3.9729304934479064, -5.404343549168898, 28.168085419292478, 71.35499540703836, 10.04103921302618, -13.192301933714402] imu_ang_vel=[0.0, 0.3530703084328493, 0.0] imu_quat_wxyz=[0.9996086545754775, 0.0, 0.027973875273254286, 0.0] status=0x0003
joint_pos=[6.326538870308246, -11.534988835454678, 8.79451043960897, 18.368389042610417, -40.32462851087939, 16.72693662500196] joint_vel=[-12.327398802175598, -6.90276752453568, 28.88727036885536, 56.005467064462835, 30.124903412354094, -36.10176161995487] imu_ang_vel=[0.0, 0.22299463577016027, 0.0] imu_quat_wxyz=[0.9995267450305894, 0.0, 0.030761761467042535, 0.0] status=0x0003
joint_pos=[5.900077407342591, -11.629063838027614, 9.436738185231139, 19.20649405497678, -39.38025345164017, 15.790436842963812] joint_vel=[-24.32717532706105, -6.963868921819981, 27.0633651409431, 32.72242365835744, 57.65446599794765, -52.538236969814875] imu_ang_vel=[0.0, 0.03268352038053004, 0.0] imu_quat_wxyz=[0.9994900425372352, 0.0, 0.03193203515148643, 0.0] status=0x0003
joint_pos=[5.2222314358651305, -11.66749032604761, 10.016744054798977, 19.5523275151205, -37.83332775813411, 14.592223135439832] joint_vel=[-41.200093098712976, 4.585227411454684, 39.45449593887111, 10.303955772432044, 87.20028466429429, -63.72560821205457] imu_ang_vel=[0.0, -0.15766509799350745, 0.0] imu_quat_wxyz=[0.9995179516114523, 0.0, 0.031046165728582244, 0.0] status=0x0003
joint_pos=[4.3260746296065955, -11.60242278382956, 10.44650743650647, 19.411474245862237, -35.663405156633246, 13.257537909559684] joint_vel=[-48.73697345669964, 6.188602977910687, 20.25671750249332, -15.160108448929037, 119.14037961011931, -68.2111982812125] imu_ang_vel=[0.0, -0.29990110426320193, 0.0] imu_quat_wxyz=[0.9995907392458714, 0.0, 0.028606887525424604, 0.0] status=0x0003
joint_pos=[3.155363502971, -11.26277913721075, 10.882655338231151, 18.83495957119613, -32.9646855213572, 11.914378494085666] joint_vel=[-64.38193604070551, 24.081380196180945, 25.12722144898771, -35.94102559571946, 143.2367467945828, -66.50322930425452] imu_ang_vel=[0.0, -0.41616247841331033, 0.0] imu_quat_wxyz=[0.999689195340103, 0.0, 0.024930156843816657, 0.0] status=0x0003
joint_pos=[1.8197729496940682, -10.732159515805861, 11.150122882695335, 17.877216765098442, -29.861416966512678, 10.532910234895553] joint_vel=[-71.06513243911179, 33.58035352615646, 20.234452998035728, -52.194376601940675, 160.24945239157026, -70.31657853527405] imu_ang_vel=[0.0, -0.46848023381394344, 0.0] imu_quat_wxyz=[0.999791198730839, 0.0, 0.020434258987101155, 0.0] status=0x0003
joint_pos=[0.39385505870545595, -10.032089003305066, 11.338227370787381, 16.644332916465075, -26.52905609674752, 9.133015428380174] joint_vel=[-71.86055697355594, 36.84349927001003, 5.435021119575311, -66.51096068630586, 169.60146063475844, -69.74725669209596] imu_ang_vel=[0.0, -0.44619798040486414, 0.0] imu_quat_wxyz=[0.9998747066831944, 0.0, 0.015829432560769588, 0.0] status=0x0003
joint_pos=[-1.0663264632110647, -9.237150022482426, 11.483750034534578, 15.17702879770231, -23.122256563193613, 7.754247062827911] joint_vel=[-72.62627584338368, 39.7378168599888, 3.7159152417528714, -77.95233999014651, 170.72135972036196, -68.46610043830641] imu_ang_vel=[0.0, -0.44620297544445325, 0.0] imu_quat_wxyz=[0.9999356882684786, 0.0, 0.01134104611770741, 0.0] status=0x0003
joint_pos=[-2.417476985810764, -8.55748569615798, 11.714492623886434, 13.543188514128477, -19.77286010197743, 6.4142298625620136] joint_vel=[-63.56604992247606, 28.861267320342957, 10.407578366851475, -84.7953365093864, 165.70145813293053, -66.19073977746426] imu_ang_vel=[0.0, -0.38041738953803744, 0.0] imu_quat_wxyz=[0.9999734511709047, 0.0, 0.007286765630246923, 0.0] status=0x0003
joint_pos=[-3.470050060769534, -8.317111143670513, 12.214385405310072, 11.804255996147754, -16.61223066489792, 5.243764269600341] joint_vel=[-45.22247663795859, 0.323385829476429, 26.661610309629555, -89.4790888151811, 153.94246021301817, -54.41979733963245] imu_ang_vel=[0.0, -0.2845834416144285, 0.0] imu_quat_wxyz=[0.9999915288792679, 0.0, 0.004116086697868357, 0.0] status=0x0003
joint_pos=[-4.005320467566382, -8.908611408637483, 13.112866508069818, 9.991425365607826, -13.697588862734, 4.484032094215143] joint_vel=[-16.475022230563365, -46.32294576822238, 54.599794058157556, -91.56074311174694, 140.83754210971142, -29.188781609900715] imu_ang_vel=[0.0, -0.1514744895865064, 0.0] imu_quat_wxyz=[0.9999978774973618, 0.0, 0.002060339965010196, 0.0] status=0x0003
joint_pos=[-3.8862470238431492, -10.519753121024934, 14.702345289860094, 8.171448400724614, -10.934991385825663, 4.375613312616132] joint_vel=[19.99908280252797, -103.25779603290769, 85.93285552393029, -92.53963411050746, 136.85294668392237, 6.795810047018818] imu_ang_vel=[0.0, 0.03799808184937268, 0.0] imu_quat_wxyz=[0.9999984094537898, 0.0, 0.0017835610139648622, 0.0] status=0x0003
joint_pos=[-3.3101493555123325, -12.788037108309453, 16.823939813101745, 7.04603480484952, -9.452321464208865, 3.136222384129265] joint_vel=[31.794914691160624, -110.40902869771067, 116.76911035399252, -35.46699997525547, 41.15693063780089, -93.41362367140448] imu_ang_vel=[0.0, -0.015487428647299913, 0.0] imu_quat_wxyz=[0.9999974076087333, 0.0, 0.002277010279460041, 0.0] status=0x0003
joint_pos=[-2.4246912613945297, -14.431566935660696, 19.783307242053464, 6.522218293730682, -8.641854054861174, 2.7615831167963334] joint_vel=[50.721151661504166, -66.72247772754051, 164.79372228525838, -20.858702483162723, 42.38047874391091, 6.0987278722126295] imu_ang_vel=[0.0, 0.3694705514234628, 0.0] imu_quat_wxyz=[0.999991190623532, 0.0, 0.004197460581218678, 0.0] status=0x0003
joint_pos=[-1.0461060946852725, -16.02235830346035, 23.18360405451548, 6.264172609514777, -7.689952402865043, 2.8031566636350385] joint_vel=[78.89985544986712, -86.25787490281458, 172.61951579225772, -8.7068690176314, 50.7349315233567, -0.06925432543272846] imu_ang_vel=[0.0, 0.6562919770436801, 0.0] imu_quat_wxyz=[0.999951974133352, 0.0, 0.009800480947997252, 0.0] status=0x0003
joint_pos=[0.6499656716035551, -18.232989203406408, 26.459040173666086, 5.950303294306758, -6.557764800735465, 2.727688339343514] joint_vel=[87.94174542080181, -123.63958435817354, 158.82343068380166, -19.774560599839976, 60.24089491641788, -5.80428485701688] imu_ang_vel=[0.0, 0.6194668701191516, 0.0] imu_quat_wxyz=[0.9998645938501389, 0.0, 0.016455818572670814, 0.0] status=0x0003
joint_pos=[2.334885733016896, -20.84796983891131, 29.473635239722313, 5.385740102574545, -5.2349894749922425, 2.5492669402119] joint_vel=[82.12821249432976, -134.35680709176845, 146.24232052767726, -33.06514391907803, 69.90777337703327, -10.596641099515375] imu_ang_vel=[0.0, 0.4816695181447312, 0.0] imu_quat_wxyz=[0.9997622227240142, 0.0, 0.0218059169478987, 0.0] status=0x0003
joint_pos=[3.921715263119068, -23.412424647316882, 32.078954138942095, 4.651804990389771, -3.6639076037480023, 2.2458414250536065] joint_vel=[77.78963196823372, -124.52465102105671, 121.62201817422054, -38.86709043504062, 84.01493494591625, -17.642506333490093] imu_ang_vel=[0.0, 0.4703509497520751, 0.0] imu_quat_wxyz=[0.9996513080968811, 0.0, 0.026405723246951573, 0.0] status=0x0003
joint_pos=[5.392837029365476, -25.710138469882143, 34.18293073663267, 3.7806942968449264, -1.7569185727146943, 1.7872759056592797] joint_vel=[71.24570408175403, -109.30905831436769, 96.35097526946113, -46.29964442032653, 102.42746076819536, -26.04621737343438] imu_ang_vel=[0.0, 0.511252947467793, 0.0] imu_quat_wxyz=[0.9995084493066844, 0.0, 0.031350594325263596, 0.0] status=0x0003
joint_pos=[6.770382031375304, -27.814475276355658, 35.877203963964995, 2.730618660207272, 0.5788295896273253, 1.1359072178903196] joint_vel=[67.62325691089514, -102.74404417245644, 78.43793697834916, -56.13497241733422, 125.70033452816723, -36.54782536460487] imu_ang_vel=[0.0, 0.5594154443742657, 0.0] imu_quat_wxyz=[0.9993240392470981, 0.0, 0.03676227118751427, 0.0] status=0x0003
joint_pos=[7.8280691614513636, -30.023303067416307, 37.267796104460594, 2.275438430808958, 0.9004802539114215, 1.4539770839816382] joint_vel=[47.45746365119652, -111.75075073218893, 64.64344550121486, -15.776159306202642, -11.334206384453731, 29.93157011857989] imu_ang_vel=[0.0, 0.11353173468039543, 0.0] imu_quat_wxyz=[0.9992059053007706, 0.0, 0.03984418165889973, 0.0] status=0x0003
joint_pos=[8.564451852065185, -31.567516801594923, 38.67905801232649, 1.9868621476385084, 0.5825587923697962, 2.101570684508188] joint_vel=[31.352822951154778, -57.61180699417457, 73.73734865017894, -14.786182816627628, -15.067345206349794, 32.4296626098282] imu_ang_vel=[0.0, 0.0475062861253585, 0.0] imu_quat_wxyz=[0.9991863572139624, 0.0, 0.04033142146629365, 0.0] status=0x0003
joint_pos=[9.153511198632497, -32.153605212213655, 39.89712269420702, 1.743377125642339, 0.3616255923077521, 2.701380834044496] joint_vel=[28.491136813002967, -13.437074130360946, 54.025527329670055, -10.737408037015715, -8.797281236336117, 28.966114039157183] imu_ang_vel=[0.0, 0.1476188381438988, 0.0] imu_quat_wxyz=[0.9991449254073247, 0.0, 0.04134510893432882, 0.0] status=0x0003
joint_pos=[9.654472311194318, -32.09627085883896, 40.633709487731494, 1.4626685859964748, 0.242386199189571, 3.2615327025240655] joint_vel=[23.21213775535182, 11.804579629332913, 27.61647792815415, -15.824134158515973, -4.597531781880174, 27.515649418292085] imu_ang_vel=[0.0, 0.14057949701348774, 0.0] imu_quat_wxyz=[0.9990782130227668, 0.0, 0.04292696429093345, 0.0] status=0x0003
joint_pos=[10.043907295735314, -31.672069267658607, 40.79518974036033, 1.046418898438564, 0.18222420821476312, 3.7917365950031114] joint_vel=[17.432926612370043, 26.415915303151664, -1.9425113422221938, -23.596225870499467, -2.283014283786859, 26.312166999456284] imu_ang_vel=[0.0, 0.041917600476063, 0.0] imu_quat_wxyz=[0.9990414287229812, 0.0, 0.043774692404910456, 0.0] status=0x0003
joint_pos=[10.365952570499804, -31.034229120338853, 40.4202592769638, 0.4880261186948631, 0.15345382095152799, 4.393967019879642] joint_vel=[14.465028424483881, 36.169144037523225, -27.89515730095867, -29.58056093200063, -1.1411775315546857, 23.415916164521022] imu_ang_vel=[0.0, -0.06133069245817951, 0.0] imu_quat_wxyz=[0.999050670500613, 0.0, 0.04356326172677483, 0.0] status=0x0003
joint_pos=[10.66512833057459, -30.206329235330287, 39.57476956134264, -0.13396640152459208, 0.13991824173191572, 4.864317897171635] joint_vel=[15.22662555365549, 44.2818866106999, -49.92763281741529, -32.00992631135732, -0.48972539662012116, 23.799158807029354] imu_ang_vel=[0.0, -0.11330930626131294, 0.0] imu_quat_wxyz=[0.9990933413168201, 0.0, 0.04257341114348102, 0.0] status=0x0003
joint_pos=[11.01187716155514, -29.239283652764076, 38.33776046781672, -0.7694006520685283, 0.13410214695809286, 5.342186246893484] joint_vel=[18.478887192326216, 50.58979143293921, -68.16972997184034, -31.72007754186714, -0.2104472173571877, 24.11394582139651] imu_ang_vel=[0.0, -0.11730980580451819, 0.0] imu_quat_wxyz=[0.9991435965873604, 0.0, 0.04137720868393588, 0.0] status=0x0003
joint_pos=[11.453456770585367, -28.19780779991704, 36.771799651472655, -1.386978655474748, 0.13185957240471746, 5.902285331868652] joint_vel=[23.12363594037299, 53.95002047753003, -83.78980973490974, -29.83450428595189, -0.12765832279921027, 22.303003500257596] imu_ang_vel=[0.0, -0.09400817170787272, 0.0] imu_quat_wxyz=[0.999185687665014, 0.0, 0.04034800571766884, 0.0] status=0x0003
joint_pos=[11.997031162624669, -27.118459242477197, 34.932568148723234, -1.948616611326517, 0.13170365039585072, 6.355986947960578] joint_vel=[29.358540310852966, 53.939428888943446, -96.24290575032492, -27.194913559857707, 0.020779317046876706, 23.13222478076709] imu_ang_vel=[0.0, -0.04986905432902166, 0.0] imu_quat_wxyz=[0.999212988904344, 0.0, 0.039666141794322575, 0.0] status=0x0003
joint_pos=[12.682179759402784, -26.06818923848318, 32.891871446548144, -2.451128166539969, 0.13376271416065574, 6.900790243343721] joint_vel=[35.90447690672665, 52.77929925868248, -105.1757472682549, -23.40072286840548, -0.01096110835455555, 21.88531538669386] imu_ang_vel=[0.0, 0.011428175496684604, 0.0] imu_quat_wxyz=[0.999217818700473, 0.0, 0.039544288986762745, 0.0] status=0x0003
joint_pos=[13.489920647410264, -25.016496210466055, 30.705195516511743, -2.8546198343885316, 0.13605763326702286, 7.344746529361929] joint_vel=[42.78842186432414, 52.432562259869044, -111.44455227258467, -18.465001317027937, 0.13436510229439383, 22.768294134810205] imu_ang_vel=[0.0, 0.0942765640579047, 0.0] imu_quat_wxyz=[0.9991938368869148, 0.0, 0.04014568877483171, 0.0] status=0x0003
joint_pos=[14.413298768056489, -23.904987454663857, 28.441641802669153, -3.1483418686020856, 0.13869992608351256, 7.8727248339888165] joint_vel=[47.156882793503534, 58.04316480318703, -114.07392302772891, -12.139282126882492, 0.06697348548070522, 22.341360911950957] imu_ang_vel=[0.0, 0.2026665664926146, 0.0] imu_quat_wxyz=[0.9991280374997079, 0.0, 0.04175122371838062, 0.0] status=0x0003
joint_pos=[15.382785895264636, -22.558546809233917, 26.173515060161307, -3.2861958990015046, 0.1332058674311835, 8.408118923056346] joint_vel=[48.27598672958122, 73.22916541204397, -113.01219662166305, -3.522943447091683, -0.41126150202678285, 22.970600462300226] imu_ang_vel=[0.0, 0.3515495077307989, 0.0] imu_quat_wxyz=[0.99900192327225, 0.0, 0.044667183684953815, 0.0] status=0x0003
joint_pos=[16.26981131746776, -20.605046425215907, 23.945247729310115, -3.1842805739856472, 0.0934835258166366, 8.988672675722775] joint_vel=[41.39883591915292, 111.93713926184395, -110.50199089219598, 10.118676552613893, -2.27498631791102, 26.821389095408417] imu_ang_vel=[0.0, 0.5835067435217859, 0.0] imu_quat_wxyz=[0.9987732558995295, 0.0, 0.049517504984127526, 0.0] status=0x0003
joint_pos=[16.607234127913724, -17.192497743798597, 21.501120451855723, -2.1899643688537522, -1.39281311194477, 10.3167408824721] joint_vel=[4.167553848075757, 202.2526939517172, -128.2371549440896, 70.675645356858, -112.4109835401754, 94.32231583926001] imu_ang_vel=[0.0, 0.74913454392097, 0.0] imu_quat_wxyz=[0.9984039636104614, 0.0, 0.056475883763962814, 0.0] status=0x0003
joint_pos=[16.11809450729636, -13.602289853804505, 17.43307077942566, -0.2265413977534401, -5.289967177313956, 12.834714580637478] joint_vel=[-30.314351939816838, 122.34766480510503, -273.5541763692154, 109.06821640737249, -235.7834550904592, 139.4804688079433] imu_ang_vel=[0.0, 0.5016185911355031, 0.0] imu_quat_wxyz=[0.9979985876177527, 0.0, 0.06323621678255918, 0.0] status=0x0003
sim t=    6.02s  x= 1.126m z= 0.531m pitch= 7.56deg action=[-1.0, 0.956, 0.146, 1.0, -1.0, 0.05]
joint_pos=[15.177210469921183, -11.034656360275589, 12.236892986078, 2.2973155340343983, -11.087209249773034, 15.151666747226553] joint_vel=[-56.51151499118306, 132.17607384842992, -254.3817874914123, 135.35778040277066, -318.8320309097727, 102.92580047289358] imu_ang_vel=[0.0, 0.1281247017468305, 0.0] imu_quat_wxyz=[0.9978320528134035, 0.0, 0.06581181032450971, 0.0] status=0x0003
joint_pos=[13.833845515824072, -8.43962641325298, 7.805806976604144, 5.186814110649437, -17.875068981466473, 16.530700147118484] joint_vel=[-73.22981840641539, 129.14677538467546, -205.85342454764174, 149.25364280481406, -349.577058398557, 50.66204685742552] imu_ang_vel=[0.0, -0.12161712179476318, 0.0] imu_quat_wxyz=[0.9978574089229582, 0.0, 0.06542622912533144, 0.0] status=0x0003
joint_pos=[12.484296784282924, -6.561173797661681, 4.585181885649024, 7.990432487961955, -24.61926250629085, 16.92474902770638] joint_vel=[-64.35037320118768, 74.93468617509797, -138.56042964051386, 134.7801396566839, -329.47321350476267, 3.5287314454190595] imu_ang_vel=[0.0, -0.33856957711854196, 0.0] imu_quat_wxyz=[0.9980222700174407, 0.0, 0.06286134383891774, 0.0] status=0x0003
joint_pos=[11.286128878125586, -6.017183048033466, 2.7598569026993927, 10.062887456059991, -30.449298142011898, 16.04811411230318] joint_vel=[-57.446569534789845, 1.1874513368704174, -66.77718745348558, 86.0766156861686, -270.13103153382923, -68.98721052591509] imu_ang_vel=[0.0, -0.6968496334073161, 0.0] imu_quat_wxyz=[0.9983505494848386, 0.0, 0.05741237099546479, 0.0] status=0x0003
joint_pos=[10.26503187192437, -6.672903335867818, 1.7697329083101994, 11.20450423574042, -34.96454219535698, 14.027754014800282] joint_vel=[-47.3901636782782, -51.69980316279291, -40.43510494010813, 40.811131265044615, -201.1384536114616, -117.9223716799886] imu_ang_vel=[0.0, -0.9716267733064157, 0.0] imu_quat_wxyz=[0.9988177018387024, 0.0, 0.048612740034407756, 0.0] status=0x0003
joint_pos=[9.168349632307024, -7.884998716202385, 2.8669301612815565, 11.526590524834566, -37.846035394301566, 12.355451419648894] joint_vel=[-56.708079099859546, -64.70120802258648, 61.22736632212336, 0.7629181767891544, -116.85508492333663, -64.80161396581175] imu_ang_vel=[0.0, -1.042981339761247, 0.0] imu_quat_wxyz=[0.9992609978759118, 0.0, 0.03843771746653224, 0.0] status=0x0003
joint_pos=[8.207858131691363, -9.09424519151538, 4.01397656735797, 11.505544374471492, -39.4914836795847, 11.75148982157571] joint_vel=[-43.086758420307056, -58.45262569932688, 56.29328847920433, -2.0512058251018153, -62.784015301785566, -11.574353051166563] imu_ang_vel=[0.0, -0.8493313177538927, 0.0] imu_quat_wxyz=[0.9995829683304293, 0.0, 0.028877143621349514, 0.0] status=0x0003
joint_pos=[7.422977949548173, -9.987279118108608, 4.9933976352213065, 11.58788710073598, -40.3763395807958, 12.58984474351359] joint_vel=[-36.96778663969513, -37.36476590606243, 45.12889555206057, 7.522752173335314, -33.62086330689, 70.53719130133] imu_ang_vel=[0.0, -0.5695523905261899, 0.0] imu_quat_wxyz=[0.9997549871570321, 0.0, 0.022135167825035093, 0.0] status=0x0003
joint_pos=[6.8923764689329605, -10.58403807141769, 5.807013822075137, 12.024144695287902, -40.76977033071053, 14.226762937047889] joint_vel=[-20.746074262852463, -25.852957697531647, 38.24656575089705, 29.675665286583683, -11.672678938662136, 87.8548039333482] imu_ang_vel=[0.0, -0.2274937807963266, 0.0] imu_quat_wxyz=[0.999828903871959, 0.0, 0.0184976480179784, 0.0] status=0x0003
joint_pos=[6.638739138967403, -10.957605222132512, 6.491216449862409, 12.912374691695197, -40.89188352520485, 15.842422550061976] joint_vel=[-8.26930386126587, -14.81001080652637, 31.96931751387005, 52.495599298686294, -2.8538270307994136, 76.94248502937076] imu_ang_vel=[0.0, 0.08456229732264105, 0.0] imu_quat_wxyz=[0.9998340835882266, 0.0, 0.018215523470141274, 0.0] status=0x0003
joint_pos=[6.562406544973885, -11.1714346973971, 7.096705018272157, 14.17383180946489, -40.921532216747586, 16.931143218059056] joint_vel=[-1.420404742510009, -8.452264599180394, 29.203978057272543, 68.8281495817998, -0.6557553445005985, 42.35716351995283] imu_ang_vel=[0.0, 0.28983130419197745, 0.0] imu_quat_wxyz=[0.9997910897669262, 0.0, 0.020439589591331773, 0.0] status=0x0003
joint_pos=[6.563764677423568, -11.300785873002207, 7.658299046929261, 15.655207862139902, -40.919090511340606, 17.37770554670193] joint_vel=[0.7358442143918428, -5.339940579429922, 27.807250525417217, 76.8683826109925, 0.5534906797471136, 11.605888239194789] imu_ang_vel=[0.0, 0.3878921362283835, 0.0] imu_quat_wxyz=[0.9997110982540308, 0.0, 0.02403580719925001, 0.0] status=0x0003
joint_pos=[6.519079823759989, -11.409917820320088, 8.211192553201345, 17.12102896554326, -40.786952999806424, 17.286716023180276] joint_vel=[-3.963103587800482, -5.505450575034372, 28.193314127514302, 71.26040186866491, 9.998192218678614, -13.170026736491725] imu_ang_vel=[0.0, 0.35198621956474413, 0.0] imu_quat_wxyz=[0.9996132361799266, 0.0, 0.027809675544570808, 0.0] status=0x0003
joint_pos=[6.3331304706377205, -11.539115776425085, 8.77324416230775, 18.349439261200587, -40.329637435011335, 16.724926978111238] joint_vel=[-12.295418161004198, -7.0018712009825865, 28.921772333553207, 55.95000758555348, 30.024343447299838, -36.01972153338055] imu_ang_vel=[0.0, 0.22238429458023715, 0.0] imu_quat_wxyz=[0.9995320317979512, 0.0, 0.0305894983590668, 0.0] status=0x0003
joint_pos=[5.907620050089236, -11.635123185570244, 9.416639331420196, 19.186970338063585, -39.38770574856409, 15.790599083757028] joint_vel=[-24.26077230359776, -7.078200932202016, 27.10326504938645, 32.701841177280265, 57.525939741456575, -52.415839395116855] imu_ang_vel=[0.0, 0.03263589142171697, 0.0] imu_quat_wxyz=[0.9994956013404517, 0.0, 0.03175756447035715, 0.0] status=0x0003
joint_pos=[5.248581554538101, -11.706912100185876, 9.926785292670234, 19.5202085293267, -37.83533654657225, 14.594430981714423] joint_vel=[-37.68543929076695, -1.7180763141157447, 25.333328813391596, 7.789533497115706, 88.70730564013661, -63.680228540841966] imu_ang_vel=[0.0, -0.15720725628771526, 0.0] imu_quat_wxyz=[0.9995232722752845, 0.0, 0.03087439359902534, 0.0] status=0x0003
joint_pos=[4.322960048163172, -11.598600470238043, 10.427291286898818, 19.382836664125712, -35.67482237096805, 13.262957563052602] joint_vel=[-49.733244363683774, 7.25394772436241, 20.118947616287084, -15.846708390993035, 119.10065191180838, -68.05766156270298] imu_ang_vel=[0.0, -0.30217968785528143, 0.0] imu_quat_wxyz=[0.9995959696038619, 0.0, 0.02842353869093757, 0.0] status=0x0003
joint_pos=[3.1558758767453075, -11.247074713821092, 10.86083243271171, 18.81820849944999, -32.98491956081029, 11.879767836734304] joint_vel=[-63.57169966612535, 24.431092416074698, 25.100696187456194, -34.63826016866568, 142.5793789711456, -69.65535839824847] imu_ang_vel=[0.0, -0.401997587187043, 0.0] imu_quat_wxyz=[0.9996923514386017, 0.0, 0.024803275492547364, 0.0] status=0x0003
joint_pos=[1.8322827616490445, -10.709311185321154, 11.126022397066762, 17.885180717505687, -29.904337484728273, 10.487730918205452] joint_vel=[-70.60296890905593, 33.978283917553156, 20.14458854124712, -50.97973756758482, 158.84372561704336, -69.44137853318188] imu_ang_vel=[0.0, -0.45347860021600017, 0.0] imu_quat_wxyz=[0.9997902857204894, 0.0, 0.020478881291275695, 0.0] status=0x0003
joint_pos=[0.4071234763684907, -9.999556669980361, 11.31140356752051, 16.66366022142306, -26.58566412221019, 9.120960949755558] joint_vel=[-72.06024115712005, 37.38874153708337, 5.298650366512645, -66.29184642757852, 169.3200735150202, -67.67410798027417] imu_ang_vel=[0.0, -0.43986521032378484, 0.0] imu_quat_wxyz=[0.9998724134251668, 0.0, 0.015973630499430996, 0.0] status=0x0003
joint_pos=[-1.0542321359856854, -9.202821499191671, 11.4555781386425, 15.197580991478349, -23.175192995972324, 7.761559340988651] joint_vel=[-72.64283100253384, 39.63842241626977, 3.8237369155370073, -77.95148896955776, 171.15052992209996, -68.08844476814394] imu_ang_vel=[0.0, -0.44486471194656696, 0.0] imu_quat_wxyz=[0.9999337375556628, 0.0, 0.011511754773391494, 0.0] status=0x0003
joint_pos=[-2.4128093015873793, -8.52185607894486, 11.687687243077436, 13.559968437508472, -19.82044321637371, 6.423961095213899] joint_vel=[-64.13548940280774, 29.02604932297486, 10.43890532857168, -85.0838388849709, 165.87332260815393, -66.20742776387424] imu_ang_vel=[0.0, -0.3855275668031009, 0.0] imu_quat_wxyz=[0.9999723703108405, 0.0, 0.007433613853244077, 0.0] status=0x0003
joint_pos=[-3.4730870050560223, -8.279057166763508, 12.18836418839595, 11.817478385921708, -16.651647811469406, 5.250097195291379] joint_vel=[-45.50903191188305, 0.42988877991445196, 26.704957224309332, -89.59363710328566, 154.48279626779535, -54.670940614389586] imu_ang_vel=[0.0, -0.2882565016882229, 0.0] imu_quat_wxyz=[0.9999911347633049, 0.0, 0.004210747534305385, 0.0] status=0x0003
joint_pos=[-4.01390855440841, -8.866330424121214, 13.086712701385832, 10.002022492429898, -13.723677737932963, 4.488262094866658] joint_vel=[-16.746370738156067, -46.05291260231322, 54.56135231108961, -91.70096686017756, 141.57313309144396, -29.215524092923314] imu_ang_vel=[0.0, -0.15290275398690273, 0.0] imu_quat_wxyz=[0.9999977227338012, 0.0, 0.0021341338317081068, 0.0] status=0x0003
joint_pos=[-3.8989792054254955, -10.474584380344638, 14.676074862041139, 8.182099246092958, -10.954151045608503, 4.3759322081220855] joint_vel=[19.821916137884386, -103.17304641978752, 85.95043703709621, -92.45759776620254, 136.98231777018492, 6.5095617130373755] imu_ang_vel=[0.0, 0.03669360174010291, 0.0] imu_quat_wxyz=[0.9999982968178833, 0.0, 0.001845633043857342, 0.0] status=0x0003
joint_pos=[-3.326058903352412, -12.743530165186764, 16.79497609391293, 7.054090255782393, -9.470622620522196, 3.1392164132410274] joint_vel=[31.637941878717488, -110.5368114273837, 116.48953117768905, -35.668654376499504, 41.12402336559618, -93.13621849891436] imu_ang_vel=[0.0, -0.016774496055852572, 0.0] imu_quat_wxyz=[0.9999972954245171, 0.0, 0.0023257565760584943, 0.0] status=0x0003
joint_pos=[-2.4426943758276707, -14.393177110813856, 19.748359338949527, 6.526145004305583, -8.661702772190297, 2.7717603729206703] joint_vel=[50.645205535364546, -67.12378506171508, 164.48392806769087, -21.07180645713817, 42.279644326125506, 6.503619594501799] imu_ang_vel=[0.0, 0.3668825774158075, 0.0] imu_quat_wxyz=[0.9999910820157466, 0.0, 0.004223255731832753, 0.0] status=0x0003
joint_pos=[-1.0645597974777217, -15.991992097950765, 23.145817760547985, 6.2643813086109965, -7.710933372001432, 2.8190724648132126] joint_vel=[78.90966292259863, -86.65659551509609, 172.5675030249429, -8.881496061217058, 50.713911237060195, 0.15224100064631924] imu_ang_vel=[0.0, 0.65415685303784, 0.0] imu_quat_wxyz=[0.9999519655937207, 0.0, 0.009801352215610452, 0.0] status=0x0003
joint_pos=[0.6334104224550925, -18.209697520325197, 26.423269704966838, 5.948821020519155, -6.579041582736294, 2.7467489233094913] joint_vel=[88.08398058659202, -123.96644524184207, 159.00611108174274, -19.811053840821256, 60.232177924973115, -5.6782766096960104] imu_ang_vel=[0.0, 0.6191362598008333, 0.0] imu_quat_wxyz=[0.999864766853116, 0.0, 0.01644530345612678, 0.0] status=0x0003
joint_pos=[2.322238402703062, -20.83036421414871, 29.442704233952625, 5.384633981651947, -5.256399948563203, 2.5702757520634747] joint_vel=[82.35304509432957, -134.6162784959967, 146.5159943536521, -33.01661068089027, 69.90348928813661, -10.514270948563324] imu_ang_vel=[0.0, 0.4828714650725586, 0.0] imu_quat_wxyz=[0.9997623012257825, 0.0, 0.021802317485253138, 0.0] status=0x0003
joint_pos=[3.9140984820511973, -23.400407948864423, 32.053603979471866, 4.65191125544163, -3.6854068579567505, 2.2681824379085307] joint_vel=[78.05571353286966, -124.81425223775676, 121.90369846852083, -38.800500398452364, 84.01113427556662, -17.583348264999202] imu_ang_vel=[0.0, 0.4720389219687443, 0.0] imu_quat_wxyz=[0.9996509803415093, 0.0, 0.026418128288340746, 0.0] status=0x0003
joint_pos=[5.390532013413824, -25.704310557839772, 34.16272972525147, 3.7817816724582625, -1.778265259301644, 1.8105030534271485] joint_vel=[71.51089068653495, -109.62882689927582, 96.59526377218094, -46.26080442588367, 102.44209346320618, -26.00877289239282] imu_ang_vel=[0.0, 0.5127151286815143, 0.0] imu_quat_wxyz=[0.9995075590119831, 0.0, 0.03137896553277769, 0.0] status=0x0003
joint_pos=[6.773180949983414, -27.814766575136044, 35.861077434615666, 2.7320951648433613, 0.5582639673756186, 1.1595131767129905] joint_vel=[67.87301040036466, -103.04183307752392, 78.61987261546739, -56.126637809403036, 125.75387602215218, -36.53777796090559] imu_ang_vel=[0.0, 0.5606247247650906, 0.0] imu_quat_wxyz=[0.9993225199050098, 0.0, 0.03680354888731952, 0.0] status=0x0003
joint_pos=[7.836269189314036, -30.028686645860333, 37.254448154126855, 2.274927431634405, 0.8871986477802714, 1.4747261290071505] joint_vel=[47.724740120519876, -111.98869528767047, 64.75901139926484, -15.885994815787626, -10.941344003978822, 29.77228798418971] imu_ang_vel=[0.0, 0.11570286313431145, 0.0] imu_quat_wxyz=[0.9992035347083498, 0.0, 0.03990358663503316, 0.0] status=0x0003
joint_pos=[8.577932285392096, -31.57930681980155, 38.66619316582299, 1.9843761923645917, 0.575401296155513, 2.1198846629298242] joint_vel=[31.613213143292413, -57.977933673802966, 73.71249112714563, -14.876598653330907, -14.817707582596448, 32.33394800598053] imu_ang_vel=[0.0, 0.0488747469412856, 0.0] imu_quat_wxyz=[0.9991832494172799, 0.0, 0.04040834176164439, 0.0] status=0x0003
joint_pos=[9.171412024656016, -32.172456886910176, 39.884233887765916, 1.7391193138336727, 0.35795563789949414, 2.718497331199207] joint_vel=[28.690322618517563, -13.782244487943267, 54.037115496709596, -10.82643485232906, -8.661138904390192, 28.924899711605768] imu_ang_vel=[0.0, 0.14795913922992412, 0.0] imu_quat_wxyz=[0.9991414416252977, 0.0, 0.04142921224114562, 0.0] status=0x0003
joint_pos=[9.675694733685193, -32.11917552490103, 40.62209510291712, 1.457292473093722, 0.24058001852857389, 3.278210623705361] joint_vel=[23.36954662767429, 11.640625522433501, 27.709380825386457, -15.866411366095672, -4.525541417919876, 27.50323802337723] imu_ang_vel=[0.0, 0.14088446465818444, 0.0] imu_quat_wxyz=[0.9990744907194514, 0.0, 0.043013509432139906, 0.0] status=0x0003
joint_pos=[10.080139676107418, -31.714526676869582, 40.788535114413285, 1.030340387986537, 0.18350009212622412, 3.923681514878994] joint_vel=[19.96981372504014, 22.856120125754707, -1.2976022135900795, -25.664759766668393, -1.8240609105853445, 49.37383364723232] imu_ang_vel=[0.0, 0.042428976024080356, 0.0] imu_quat_wxyz=[0.9990374488406302, 0.0, 0.04386542846029564, 0.0] status=0x0003
joint_pos=[10.42430218253645, -31.087061172023603, 40.417999246972045, 0.49918099623714957, 0.15441117304399413, 4.3933088571189405] joint_vel=[17.12717684001224, 33.88398745682655, -27.40447631842391, -28.373544324869748, -0.9987609111143484, 22.952135215779368] imu_ang_vel=[0.0, -0.04908049205046794, 0.0] imu_quat_wxyz=[0.9990439005751782, 0.0, 0.04371824245704995, 0.0] status=0x0003
joint_pos=[10.76256989601028, -30.287423531558737, 39.581719390999694, -0.10854634105186428, 0.14189871789993658, 4.858076074618393] joint_vel=[16.788830655908594, 43.35778832552921, -49.483362617659886, -31.56559467804612, -0.466732165294329, 23.50080065967275] imu_ang_vel=[0.0, -0.10898023555270774, 0.0] imu_quat_wxyz=[0.9990825256513771, 0.0, 0.04282647473310521, 0.0] status=0x0003
joint_pos=[11.135894068726257, -29.320039588445347, 38.373315270875125, -0.743704709173874, 0.13687669126848584, 5.436591673012229] joint_vel=[21.12043001682742, 49.27425505705041, -65.94572779792244, -32.99635677645182, 0.08779963494808073, 44.560895556808305] imu_ang_vel=[0.0, -0.11505229591877315, 0.0] imu_quat_wxyz=[0.999132422070759, 0.0, 0.04164616629437462, 0.0] status=0x0003
joint_pos=[11.593252514657317, -28.2344898216592, 36.8571778082177, -1.3258078109671976, 0.13305840915252168, 5.877338055941354] joint_vel=[25.21192278702319, 55.10207172764462, -80.736994988711, -28.086193889018553, -0.059325119193231635, 21.815872802813807] imu_ang_vel=[0.0, -0.07665904019408078, 0.0] imu_quat_wxyz=[0.9991706809242606, 0.0, 0.040717936850352146, 0.0] status=0x0003
joint_pos=[12.16483155934486, -27.129512942612546, 35.05513157501165, -1.864509076705979, 0.13318489017517826, 6.323451869966748] joint_vel=[30.376133174084423, 55.285905309174154, -95.02441866696708, -26.377495916916587, 0.021108275572044987, 22.728190977091614] imu_ang_vel=[0.0, -0.04123326221797227, 0.0] imu_quat_wxyz=[0.9991922352079569, 0.0, 0.04018553346823886, 0.0] status=0x0003
joint_pos=[12.84708349036339, -26.03812822966566, 33.04128945956665, -2.360785283603429, 0.13393372187002617, 6.856076517412734] joint_vel=[35.22968068075374, 55.06577846875738, -103.74527805965688, -23.433478540192283, -0.018398932930273178, 21.686920698821265] imu_ang_vel=[0.0, 0.005563864797773821, 0.0] imu_quat_wxyz=[0.9991972250637533, 0.0, 0.04006127088467332, 0.0] status=0x0003
joint_pos=[13.642233143902377, -24.94542389787172, 30.874925298831936, -2.774482294809213, 0.13701669034230135, 7.382580526114788] joint_vel=[43.482577946383515, 52.98059210962815, -110.48191586541807, -20.01685623808848, 0.3964195609733845, 39.26244155875712] imu_ang_vel=[0.0, 0.08557547264089228, 0.0] imu_quat_wxyz=[0.9991761816689357, 0.0, 0.04058273013839777, 0.0] status=0x0003
joint_pos=[14.548352923878754, -23.791542498042073, 28.590842907841672, -3.0519782247332348, 0.13863035336227783, 7.815802368914955] joint_vel=[47.50734132467397, 58.84314670089525, -115.90104868049119, -11.287290538043246, 0.13492905599506394, 21.82520320844892] imu_ang_vel=[0.0, 0.20536436251789186, 0.0] imu_quat_wxyz=[0.9991110045372777, 0.0, 0.042156857241875186, 0.0] status=0x0003
joint_pos=[15.50240671921896, -22.4189137210585, 26.274932814644266, -3.1875945247342736, 0.13226573694131652, 8.345749506134608] joint_vel=[46.88567404753024, 74.8091510333295, -115.70005277890347, -3.816427108869287, -0.47907577338413987, 22.72365524704731] imu_ang_vel=[0.0, 0.342654606768307, 0.0] imu_quat_wxyz=[0.9989844140773465, 0.0, 0.04505707969388071, 0.0] status=0x0003
joint_pos=[16.337285589768918, -20.404747359660284, 24.015138186942416, -3.091897326357683, 0.08531969958859727, 8.929830780679175] joint_vel=[38.041084839136374, 115.75203762206799, -111.48630626498496, 10.01539471667198, -3.3587539678102525, 27.295433961770826] imu_ang_vel=[0.0, 0.5710180286334869, 0.0] imu_quat_wxyz=[0.9987602977961044, 0.0, 0.04977818343648936, 0.0] status=0x0003
joint_pos=[16.595033812034426, -16.920646242507885, 21.51203495520366, -2.0887607280056257, -1.4617014700708788, 10.288928851534084] joint_vel=[-0.08590913758177829, 205.6411859704362, -132.2324308864419, 71.41197869477914, -116.46018699724102, 96.60443991138003] imu_ang_vel=[0.0, 0.7280811280827373, 0.0] imu_quat_wxyz=[0.9983998606212713, 0.0, 0.056548371430360976, 0.0] status=0x0003
joint_pos=[16.135611448008046, -14.018283866032574, 16.923020912031276, -0.16235664875488512, -5.38723677908214, 12.75170144624557] joint_vel=[-29.831837773842217, 118.62166306501928, -273.5446002428272, 107.23934692264538, -237.18318235807664, 136.5475396111653] imu_ang_vel=[0.0, 0.45748583069870963, 0.0] imu_quat_wxyz=[0.9980245949840479, 0.0, 0.06282442046630482, 0.0] status=0x0003
sim t=    7.02s  x= 1.325m z= 0.531m pitch= 7.45deg action=[-1.0, 1.0, 0.207, 1.0, -1.0, 0.069]
joint_pos=[15.211305257318273, -11.549420117575158, 11.766333236163604, 2.3211377207983266, -11.205339200654983, 15.05908614778753] joint_vel=[-55.452361050010005, 126.47368249983015, -251.52370398395527, 133.21072062932404, -319.6421201216549, 103.7594287165268] imu_ang_vel=[0.0, 0.08578175086459323, 0.0] imu_quat_wxyz=[0.9978868112268723, 0.0, 0.06497624165388949, 0.0] status=0x0003
joint_pos=[13.942783762464648, -9.08300274186029, 7.4510279195826286, 5.185877400708809, -17.913309593557194, 16.44993642022322] joint_vel=[-68.03766690451077, 122.4241603819541, -198.41466328227443, 148.54006595864115, -342.9267991976498, 51.14452333392764] imu_ang_vel=[0.0, -0.1059714217088769, 0.0] imu_quat_wxyz=[0.997920160299457, 0.0, 0.06446203276275247, 0.0] status=0x0003
joint_pos=[12.670659871084553, -7.332962213915606, 4.457536053080123, 7.937516119664903, -24.48564835238698, 16.841599373027506] joint_vel=[-61.245963925922794, 68.80052542450956, -124.88759780757333, 131.17111115892712, -319.8562762917699, 3.09772026353075] imu_ang_vel=[0.0, -0.31320895929799014, 0.0] imu_quat_wxyz=[0.9980645067017873, 0.0, 0.062187140649156404, 0.0] status=0x0003
joint_pos=[11.525258276165395, -6.859346668890022, 2.8961178524606246, 9.985216581967464, -30.202054971759352, 15.89108130392629] joint_vel=[-55.1149590846465, -0.7853467737786178, -53.6867302797092, 86.15628298243077, -266.6057651072213, -74.43292023764938] imu_ang_vel=[0.0, -0.6536430366345527, 0.0] imu_quat_wxyz=[0.9983700942719964, 0.0, 0.057071489058242574, 0.0] status=0x0003
joint_pos=[10.507265093801728, -7.488157032131037, 2.1569844237326894, 11.146838181530235, -34.72882931869457, 13.930813846455612] joint_vel=[-48.45146829946671, -48.48520238809644, -28.080456385000907, 42.328826592586445, -203.94374654579997, -110.40773841683213] imu_ang_vel=[0.0, -0.9295371922015453, 0.0] imu_quat_wxyz=[0.9988122358076835, 0.0, 0.048724917658796434, 0.0] status=0x0003
joint_pos=[9.380861770845062, -8.577678919096654, 3.4280519886227667, 11.534530972496594, -37.70748819182684, 12.443986670953336] joint_vel=[-56.02623406108441, -60.899633204531995, 59.17633654951355, 3.706798784056997, -121.4804954417231, -54.69520036966402] imu_ang_vel=[0.0, -1.0015210558698047, 0.0] imu_quat_wxyz=[0.9992357061074725, 0.0, 0.03908968712973821, 0.0] status=0x0003
joint_pos=[8.41843446995785, -9.689066127728502, 4.527607306671312, 11.568402455271725, -39.43439127603871, 12.013801030173164] joint_vel=[-43.58418986822412, -52.95561486925166, 53.68966203582445, 0.6273406556335481, -66.53016709559203, -3.993458237475029] imu_ang_vel=[0.0, -0.8069852315489227, 0.0] imu_quat_wxyz=[0.9995507895689381, 0.0, 0.02997030317018099, 0.0] status=0x0003
joint_pos=[7.630071476435759, -10.482318651364908, 5.4589380116337916, 11.715981841277678, -40.39940277524891, 12.895733693074552] joint_vel=[-36.98363507040052, -32.624189967167894, 42.83086096507711, 11.109602245792397, -37.76804578489906, 69.8249063593897] imu_ang_vel=[0.0, -0.5273992996763923, 0.0] imu_quat_wxyz=[0.9997203311112107, 0.0, 0.023648669368302556, 0.0] status=0x0003
joint_pos=[7.095993565329426, -10.99491773643269, 6.232508122039028, 12.223223361131957, -40.88967095457903, 14.493815213281774] joint_vel=[-21.01996249634141, -21.917643925426592, 36.38347074932511, 33.20235897678667, -16.891766013261265, 85.25645338166638] imu_ang_vel=[0.0, -0.19412031681875078, 0.0] imu_quat_wxyz=[0.9997921400315628, 0.0, 0.020388151733493263, 0.0] status=0x0003
joint_pos=[6.830638955599637, -11.29370034254831, 6.88289135753394, 13.166494922187898, -41.09432522918812, 16.04755726295911] joint_vel=[-9.029282975734757, -11.157682348740012, 30.359560491514145, 54.82304378891869, -6.36185136365533, 73.5862198156762] imu_ang_vel=[0.0, 0.10821742745854886, 0.0] imu_quat_wxyz=[0.9997923706214392, 0.0, 0.02037684095149928, 0.0] status=0x0003
joint_pos=[6.736864423337381, -11.437686759504144, 7.455061438396172, 14.462407116528082, -41.16974803860143, 17.060664181915264] joint_vel=[-2.3635083127907768, -5.024726472590709, 27.571621901268763, 70.22486617221675, -2.251740024994434, 38.355654204515986] imu_ang_vel=[0.0, 0.30689339768172835, 0.0] imu_quat_wxyz=[0.9997401926861125, 0.0, 0.022793576462123735, 0.0] status=0x0003
joint_pos=[6.7187841601976395, -11.503362123648946, 7.984565737459688, 15.961541692670112, -41.17545578526679, 17.44024789520782] joint_vel=[-0.28809548819574826, -2.2822401037437614, 26.243872681386552, 77.49560997368594, 0.6675042585324655, 8.618526801933875] imu_ang_vel=[0.0, 0.3997436156922337, 0.0] imu_quat_wxyz=[0.9996481152683785, 0.0, 0.02652631976695215, 0.0] status=0x0003
joint_pos=[6.645190656877381, -11.554810196265123, 8.505980082457937, 17.425901664107673, -41.02101675728404, 17.30708937869167] joint_vel=[-5.645373668157589, -2.7067473601386416, 26.626030842139954, 70.80835287553992, 11.678362846605806, -14.805218271113104] imu_ang_vel=[0.0, 0.3489845016216213, 0.0] imu_quat_wxyz=[0.9995399179261115, 0.0, 0.030330718294532162, 0.0] status=0x0003
joint_pos=[6.419500211546403, -11.626428930512917, 9.035039116039606, 18.634291087467187, -40.507843077344205, 16.731868140835484] joint_vel=[-14.449212989412189, -4.069793900218919, 27.205234795331965, 54.65099214214265, 33.44182803078452, -36.17426975971446] imu_ang_vel=[0.0, 0.20852703215860358, 0.0] imu_quat_wxyz=[0.9994551245399896, 0.0, 0.03300687853696297, 0.0] status=0x0003
joint_pos=[5.9515685287950495, -11.665889384350809, 9.631765324262528, 19.4398474176472, -39.483262651143356, 15.79382589491743] joint_vel=[-26.67657942781703, -3.7236705251047324, 25.20849222032461, 31.1230055162929, 61.872996714835026, -52.60761503390331] imu_ang_vel=[0.0, 0.01145680380504417, 0.0] imu_quat_wxyz=[0.9994220510905166, 0.0, 0.03399358460099099, 0.0] status=0x0003
joint_pos=[5.230391644467925, -11.643656378614866, 10.174333532851653, 19.755929013325098, -37.851908043865585, 14.59028222739117] joint_vel=[-39.699108939161306, 1.2189371703011922, 23.455966920534788, 6.510426965752409, 93.09711042297837, -64.18098320343226] imu_ang_vel=[0.0, -0.15222520478907428, 0.0] imu_quat_wxyz=[0.9994559366740651, 0.0, 0.03298227777105819, 0.0] status=0x0003
joint_pos=[4.265513044821767, -11.483910871847092, 10.621270899314993, 19.595488541313777, -35.623406268561176, 13.234686825420523] joint_vel=[-54.703431388886365, 14.91834505033668, 30.131198745192087, -14.722600512242037, 120.73329261169019, -69.58523125342238] imu_ang_vel=[0.0, -0.32583664585372724, 0.0] imu_quat_wxyz=[0.9995418654970981, 0.0, 0.030266468551533327, 0.0] status=0x0003
joint_pos=[3.085696190915487, -11.139172659100767, 10.974658672311362, 19.006082045815706, -32.88041896597523, 11.836059557577327] joint_vel=[-61.85024302699464, 19.626583703463275, 13.306834164278731, -37.20683567207982, 145.7798834727834, -70.02334727181687] imu_ang_vel=[0.0, -0.40856585080528446, 0.0] imu_quat_wxyz=[0.9996505122680374, 0.0, 0.026435834056267243, 0.0] status=0x0003
joint_pos=[1.7215692965365033, -10.590795989848298, 11.222390907319442, 18.032613942570666, -29.75381222579742, 10.441830033894117] joint_vel=[-70.65095807908449, 30.05826140470426, 7.491678298218608, -55.74943892641776, 162.2721825891512, -69.48846695555183] imu_ang_vel=[0.0, -0.4941181357001156, 0.0] imu_quat_wxyz=[0.999762986794772, 0.0, 0.02177085747499505, 0.0] status=0x0003
joint_pos=[0.24876551492940197, -9.842598728859496, 11.380712460596214, 16.77167458638157, -26.398273613806374, 9.013137272172147] joint_vel=[-74.1643763411654, 39.79987140402843, 3.174162660797589, -67.89968435961781, 170.8612232881134, -72.42529930179701] imu_ang_vel=[0.0, -0.48604210709603535, 0.0] imu_quat_wxyz=[0.9998580732838469, 0.0, 0.016847352584708056, 0.0] status=0x0003
joint_pos=[-1.2418343541858863, -8.96783256534546, 11.546174627134171, 15.321923769695571, -22.992407029098615, 7.566986927753374] joint_vel=[-75.23263614650757, 47.23619781093055, 13.264293997089995, -74.60295180855626, 169.36923198938365, -72.17158077634132] imu_ang_vel=[0.0, -0.4383633958064568, 0.0] imu_quat_wxyz=[0.9999242120114331, 0.0, 0.012311386327887286, 0.0] status=0x0003
joint_pos=[-2.5898365266300987, -8.256349558729331, 11.750007630256048, 13.714292759270513, -19.678551225327702, 6.2010235980388515] joint_vel=[-65.97071981491976, 34.885272078226194, 21.4572599903997, -81.26859976236517, 162.15765678556434, -66.11995133995269] imu_ang_vel=[0.0, -0.37245099162445955, 0.0] imu_quat_wxyz=[0.9999648545003902, 0.0, 0.008383899093712932, 0.0] status=0x0003
joint_pos=[-3.629150223210148, -8.036630447938135, 12.247888432815955, 11.983803628097819, -16.5598318498173, 5.061161585923556] joint_vel=[-47.37666858913343, 4.052476928085232, 40.65687690309301, -86.91178916638674, 150.90421132980293, -52.01195940696476] imu_ang_vel=[0.0, -0.29238716113421254, 0.0] imu_quat_wxyz=[0.9999864607250679, 0.0, 0.005203687783885859, 0.0] status=0x0003
joint_pos=[-4.158551598839321, -8.692530112457042, 13.160413590488636, 10.145121952335163, -13.68863371780912, 4.357388770563337] joint_vel=[-16.496985087755604, -50.032802356973164, 55.18825226397308, -93.54994923312817, 138.46901317111156, -26.146823993290884] imu_ang_vel=[0.0, -0.1872182358980697, 0.0] imu_quat_wxyz=[0.9999955731300963, 0.0, 0.0029755201579188795, 0.0] status=0x0003
joint_pos=[-4.049524872910971, -10.398722898322617, 14.696544220118204, 8.245002543057629, -10.956375676816263, 4.318922755634381] joint_vel=[17.717515365610467, -105.23246701908778, 88.29748977521191, -96.06477879651467, 135.26380717656238, 10.693902095647694] imu_ang_vel=[0.0, -0.01829748118159943, 0.0] imu_quat_wxyz=[0.999997802260526, 0.0, 0.002096538603938045, 0.0] status=0x0003
joint_pos=[-3.512971971397132, -12.688718524439805, 16.855439444578575, 7.0663199680846125, -9.496544262874265, 3.158936232644229] joint_vel=[30.024521670864278, -110.90964867603847, 118.38126411124495, -37.70286327327766, 40.110578797344246, -89.44241212650118] imu_ang_vel=[0.0, -0.06856926970473683, 0.0] imu_quat_wxyz=[0.9999979453484009, 0.0, 0.0020271405912292047, 0.0] status=0x0003
joint_pos=[-2.6291367237025294, -14.328204724982742, 19.83773018960552, 6.539583969676733, -8.702985472190655, 2.7759210556413594] joint_vel=[51.64159833266306, -66.04463851258423, 165.67391425556573, -19.91346356243003, 41.50273894664407, 4.884873933545618] imu_ang_vel=[0.0, 0.3530100840651932, 0.0] imu_quat_wxyz=[0.9999934460451828, 0.0, 0.0036204787915514085, 0.0] status=0x0003
joint_pos=[-1.2266065100316275, -15.887223217705033, 23.27819527346178, 6.312797901769191, -7.778586462887798, 2.8044702002090274] joint_vel=[80.24540786555049, -84.1631787635844, 175.23237920118595, -6.794490134312192, 49.06635274970875, -0.47234875768098583] imu_ang_vel=[0.0, 0.6593622429149605, 0.0] imu_quat_wxyz=[0.9999575610154999, 0.0, 0.009212826272800142, 0.0] status=0x0003
joint_pos=[0.5097789828643473, -18.076387534679906, 26.585791040243492, 6.0469120694650345, -6.691768814611622, 2.7275704701099333] joint_vel=[90.31961772847218, -123.1328646731066, 159.8901001600812, -17.113133810999603, 57.62880607189448, -5.665395443533427] imu_ang_vel=[0.0, 0.6280855150146463, 0.0] imu_quat_wxyz=[0.9998729558350002, 0.0, 0.015939642084427764, 0.0] status=0x0003
joint_pos=[2.229666444922014, -20.684015136180008, 29.60490495775223, 5.526915499423838, -5.431162043382431, 2.558955742324172] joint_vel=[83.52308675394191, -134.07220873466662, 146.01759093809284, -31.070331341439807, 66.49946403148901, -9.89325319964113] imu_ang_vel=[0.0, 0.47761778452899734, 0.0] imu_quat_wxyz=[0.9997728041584925, 0.0, 0.021315254281023602, 0.0] status=0x0003
joint_pos=[3.832691360205489, -23.23834211362933, 32.19472758312229, 4.827182171300151, -3.935625074796176, 2.274021561286154] joint_vel=[78.27150345026715, -123.89967243296744, 120.55363644280227, -37.30631250010457, 80.00446016156666, -16.561693844147552] imu_ang_vel=[0.0, 0.4526810787742839, 0.0] imu_quat_wxyz=[0.9996675011735031, 0.0, 0.02578540473842234, 0.0] status=0x0003
joint_pos=[5.300797085872876, -25.505507980176958, 34.270265088725274, 3.9856935866530567, -2.116477344321034, 1.8417692193089474] joint_vel=[70.74163255582589, -107.2869974298873, 94.74243246561734, -44.84901511109702, 97.79008406176395, -24.580707722078895] imu_ang_vel=[0.0, 0.48526103209010013, 0.0] imu_quat_wxyz=[0.9995348503145945, 0.0, 0.030497262280098702, 0.0] status=0x0003
joint_pos=[6.658533624871333, -27.551649634776744, 35.9320399606764, 2.967003367468108, 0.11651694717298104, 1.225274246848651] joint_vel=[66.35871125085771, -99.34609423931035, 76.80633419906646, -54.48476318805728, 120.24681838819295, -34.635985724604204] imu_ang_vel=[0.0, 0.5289442330286627, 0.0] imu_quat_wxyz=[0.9993654578914634, 0.0, 0.03561855658762377, 0.0] status=0x0003
joint_pos=[7.709485451199568, -29.66525366486576, 37.29015467302534, 2.4637426113930956, 0.5740119020654872, 1.465535532109728] joint_vel=[47.21031050788801, -106.57255647140154, 63.021152641447614, -18.788212927019202, -2.4983928713897083, 24.997030084691573] imu_ang_vel=[0.0, 0.1275123217358256, 0.0] imu_quat_wxyz=[0.9992523055813668, 0.0, 0.038663028726714434, 0.0] status=0x0003
joint_pos=[8.446494761412271, -31.166562108551997, 38.63708771764, 2.120824066579606, 0.4011695952657433, 2.029719121722487] joint_vel=[31.477422913113, -57.176828544081225, 69.66257338573483, -17.22854494539639, -9.044133405855778, 28.844251528785158] imu_ang_vel=[0.0, 0.05220405864287692, 0.0] imu_quat_wxyz=[0.9992291408626924, 0.0, 0.03925715286168421, 0.0] status=0x0003
joint_pos=[9.025938175547259, -31.776230434540675, 39.784582901403915, 1.8289594670723375, 0.26480390929070413, 2.5769302647602452] joint_vel=[27.666997088715576, -15.514980936085312, 50.78992703358762, -13.17105486400734, -5.489212452584269, 26.80959022323227] imu_ang_vel=[0.0, 0.13028075107853285, 0.0] imu_quat_wxyz=[0.9991922923631175, 0.0, 0.04018411230994641, 0.0] status=0x0003
joint_pos=[9.505308401912096, -31.76197188590056, 40.47473099854693, 1.510452353528211, 0.1906495206946837, 3.1042102692553115] joint_vel=[21.99997824756338, 9.572050229977975, 25.786981699701965, -17.439912383038575, -2.8562982274805306, 26.13263872900706] imu_ang_vel=[0.0, 0.11852908816905434, 0.0] imu_quat_wxyz=[0.9991366929974344, 0.0, 0.04154357599136913, 0.0] status=0x0003
joint_pos=[9.869834602001887, -31.372137603363957, 40.62356672248766, 1.0745025075158712, 0.15397079701364158, 3.6137535566698484] joint_vel=[16.167727261886384, 24.99007704811903, -1.9327300945013886, -24.239324814497394, -1.3802751398415831, 25.423851892729296] imu_ang_vel=[0.0, 0.028051160004527734, 0.0] imu_quat_wxyz=[0.9991085993770306, 0.0, 0.04221382061444044, 0.0] status=0x0003
joint_pos=[10.165814050518415, -30.753681227726357, 40.26455018300614, 0.5104754159592169, 0.1375343937505615, 4.215069552320841] joint_vel=[12.996096475760714, 35.704449739623335, -26.724347638293807, -29.52613825471437, -0.7520640621447309, 22.750363155971787] imu_ang_vel=[0.0, -0.0645874656089383, 0.0] imu_quat_wxyz=[0.9991207515590108, 0.0, 0.04192521680513402, 0.0] status=0x0003
joint_pos=[10.43383204510972, -29.933113370777903, 39.44603840083281, -0.107413908025117, 0.12996528620876194, 4.670606300201983] joint_vel=[13.6318244436486, 43.959397599119676, -48.483238555761076, -31.73095361554201, -0.24698830529941987, 23.141960300185993] imu_ang_vel=[0.0, -0.11356427994928513, 0.0] imu_quat_wxyz=[0.9991623930053432, 0.0, 0.04092080649053876, 0.0] status=0x0003
joint_pos=[10.746427141996802, -28.9744746044391, 38.23920029421703, -0.7379670619615555, 0.12755175834359211, 5.137930176391019] joint_vel=[16.710861072237638, 50.11320993164103, -66.62840635180149, -31.49366046642367, -0.07751598571285813, 23.648346219711193] imu_ang_vel=[0.0, -0.11737008157465309, 0.0] imu_quat_wxyz=[0.9992105797522692, 0.0, 0.0397267832970917, 0.0] status=0x0003
joint_pos=[11.154524316329022, -27.949107874905263, 36.70317291182426, -1.3541511547494072, 0.1280393631668333, 5.71230545442175] joint_vel=[21.425345584932778, 53.18851359674718, -82.36038392113028, -29.842349270447333, -0.19573447052736645, 23.760916185521133] imu_ang_vel=[0.0, -0.0878620794126173, 0.0] imu_quat_wxyz=[0.999251137664005, 0.0, 0.038693201950624166, 0.0] status=0x0003
joint_pos=[11.663387739364707, -26.893958440071245, 34.88110399514056, -1.9125831872293388, 0.1280441781092105, 6.150623766721217] joint_vel=[27.742796785279765, 52.35136991741987, -95.67250699446775, -27.081936972219353, 0.05637831287304515, 22.363270453263922] imu_ang_vel=[0.0, -0.053054117206204614, 0.0] imu_quat_wxyz=[0.9992780420308404, 0.0, 0.0379920348890395, 0.0] status=0x0003
joint_pos=[12.3175592126943, -25.876298652847527, 32.85572744501433, -2.415377829409605, 0.13210366316346536, 6.694603348233185] joint_vel=[36.76926198069599, 48.496289274057, -103.95632394223621, -25.02990868775872, 0.4550188237030953, 41.17616977335378] imu_ang_vel=[0.0, 0.006181740808959198, 0.0] imu_quat_wxyz=[0.9992847849268908, 0.0, 0.03781426468434491, 0.0] status=0x0003
joint_pos=[13.120282673912468, -24.87084306531894, 30.697367390810186, -2.8024799466493864, 0.1346071226862718, 7.124187398411357] joint_vel=[43.27899905123808, 49.6413784028951, -109.71903104776909, -17.15410875712298, 0.1851539223556689, 21.444954705724665] imu_ang_vel=[0.0, 0.10183586319561735, 0.0] imu_quat_wxyz=[0.9992606403912023, 0.0, 0.038447009831249, 0.0] status=0x0003
joint_pos=[14.046946563072318, -23.801068323359207, 28.473186232527897, -3.079241444593318, 0.1385179491108633, 7.647245404194596] joint_vel=[47.099377552770974, 56.50017084784029, -111.99680528651668, -11.569780360633072, 0.005735047229086614, 22.8239793055714] imu_ang_vel=[0.0, 0.21037826192889078, 0.0] imu_quat_wxyz=[0.9991946825394824, 0.0, 0.04012463563477039, 0.0] status=0x0003
joint_pos=[15.007454810070307, -22.493557240423396, 26.274061116663574, -3.2127555044898264, 0.13525718677134776, 8.170082355593022] joint_vel=[49.78774003031173, 68.99929974921092, -108.60102699409347, -4.791320269731143, 0.00928061781665903, 38.043971453621246] imu_ang_vel=[0.0, 0.3428885933798201, 0.0] imu_quat_wxyz=[0.9990752468780739, 0.0, 0.0429959425471246, 0.0] status=0x0003
joint_pos=[15.916141288115327, -20.65721593250878, 24.115880792247765, -3.1061892326244402, 0.09890762202199505, 8.654210278980267] joint_vel=[44.18538915489816, 103.23482716266898, -107.27812696882715, 10.120804271290917, -1.8962890866394535, 24.909831002984987] imu_ang_vel=[0.0, 0.5651280931057793, 0.0] imu_quat_wxyz=[0.9988607870760211, 0.0, 0.04771926279681688, 0.0] status=0x0003
joint_pos=[16.341308712057902, -17.46406259177856, 21.779248056015117, -2.201472750689973, -1.1985627834562154, 9.87593777386242] joint_vel=[7.612742074019188, 191.1149550069879, -121.85220522628381, 65.58126720230833, -101.09652299691724, 77.0483254395924] imu_ang_vel=[0.0, 0.735215060835246, 0.0] imu_quat_wxyz=[0.9985108160052829, 0.0, 0.05455410452444453, 0.0] status=0x0003
joint_pos=[15.974427895000868, -14.09252310013215, 17.89700997399947, -0.39663699813745035, -4.768166006821915, 12.429998104409083] joint_vel=[-24.105338454707333, 111.66837579862641, -262.9380837204378, 100.96895174994984, -219.67243929733735, 143.87469074742413] imu_ang_vel=[0.0, 0.5145533583622278, 0.0] imu_quat_wxyz=[0.9981212881954629, 0.0, 0.06126903011334343, 0.0] status=0x0003
sim t=    8.02s  x= 1.523m z= 0.531m pitch= 7.35deg action=[-1.0, 0.984, 0.085, 1.0, -1.0, 0.079]
joint_pos=[15.1485873260135, -11.686216086700446, 12.75461349528273, 1.9830029589569784, -10.298937599024223, 14.881576130136546] joint_vel=[-51.041177904463055, 125.52752778644113, -255.88972736308588, 128.65049991343486, -307.103118295771, 110.8962175167081] imu_ang_vel=[0.0, 0.13643784900675626, 0.0] imu_quat_wxyz=[0.997953956100871, 0.0, 0.06393669918459029, 0.0] status=0x0003
joint_pos=[13.862637446063045, -9.144727201805983, 8.218830879055696, 4.7421125698397555, -16.90844348685517, 16.408294820285406] joint_vel=[-71.80907267257007, 128.6829487885034, -213.0774642682901, 142.8606694156862, -342.2516063272511, 57.716809008998034] imu_ang_vel=[0.0, -0.12951294433208088, 0.0] imu_quat_wxyz=[0.9979787764344303, 0.0, 0.06354810608064837, 0.0] status=0x0003
joint_pos=[12.567217256937225, -7.187520518502929, 4.906775278998534, 7.553853531737497, -23.61671847556578, 16.910582339848396] joint_vel=[-60.97751458172143, 81.43940141652635, -141.7061256513565, 138.94737319937033, -330.65429069907714, 8.042138241180359] imu_ang_vel=[0.0, -0.26858906197422444, 0.0] imu_quat_wxyz=[0.9981207010205175, 0.0, 0.061278594911360375, 0.0] status=0x0003
joint_pos=[11.412068031337455, -6.477244319069599, 3.1177997703630007, 9.758329962060104, -29.578735754283468, 16.18903445365953] joint_vel=[-55.99669128828559, 10.595643874187544, -62.1998010863516, 94.01093544645114, -279.63158664106646, -59.51802112831267] imu_ang_vel=[0.0, -0.5935544684837094, 0.0] imu_quat_wxyz=[0.998384608654261, 0.0, 0.05681701507715877, 0.0] status=0x0003
joint_pos=[10.433568212300509, -6.967530882434657, 2.231400837696954, 11.094546917236174, -34.357180187034515, 14.241568808325136] joint_vel=[-44.92334356648264, -43.990015241231, -34.90013722854328, 51.51263656384405, -216.27086543510836, -117.40056653671715] imu_ang_vel=[0.0, -0.8658262298813362, 0.0] imu_quat_wxyz=[0.9987950197143427, 0.0, 0.04907655849614661, 0.0] status=0x0003
joint_pos=[9.37498319974181, -8.030865374001845, 3.0075066137339954, 11.594102613703186, -37.63283360990758, 12.583159279399894] joint_vel=[-53.99345840558213, -62.02641122195266, 56.42842090933863, 8.744160462501458, -134.51277059229997, -64.28238841031505] imu_ang_vel=[0.0, -0.9880430821137437, 0.0] imu_quat_wxyz=[0.9992149651973663, 0.0, 0.03961632650342588, 0.0] status=0x0003
joint_pos=[8.428989750380746, -9.208434193043367, 4.085331792715876, 11.652971443549657, -39.552639373605125, 11.990423882585906] joint_vel=[-43.305558120307715, -57.462610281759034, 53.526466573978105, -0.044458873327866806, -74.37702668037639, -10.988005916004354] imu_ang_vel=[0.0, -0.8554246969810925, 0.0] imu_quat_wxyz=[0.9995432653300684, 0.0, 0.030220204057953465, 0.0] status=0x0003
joint_pos=[7.633680625818638, -10.091962456090581, 5.0212439404902005, 11.727753011160967, -40.57392674702537, 12.763716870606345] joint_vel=[-37.63162099166572, -37.184682776835004, 43.29674268635767, 5.838416819816484, -37.78865490120576, 65.2437356322348] imu_ang_vel=[0.0, -0.5968801116871364, 0.0] imu_quat_wxyz=[0.9997296503168331, 0.0, 0.023251371516161235, 0.0] status=0x0003
joint_pos=[7.079689421492654, -10.688763339690194, 5.806624665595127, 12.10693512699044, -41.02587779345512, 14.269791895237349] joint_vel=[-22.170531021027216, -25.97717614122752, 36.99369733714438, 26.172696123218763, -13.90922172060912, 80.65355189093344] imu_ang_vel=[0.0, -0.2682717444180527, 0.0] imu_quat_wxyz=[0.999814514220947, 0.0, 0.019259728791749132, 0.0] status=0x0003
joint_pos=[6.7994718807047265, -11.06876551654296, 6.47249028453202, 12.92106321758621, -41.18526697655761, 15.783031542983089] joint_vel=[-9.529740277508557, -15.255072159184955, 31.16266742456818, 48.67593974836343, -4.503621884820715, 72.94000348915426] imu_ang_vel=[0.0, 0.041848603268967936, 0.0] imu_quat_wxyz=[0.9998280324290415, 0.0, 0.018544691129043122, 0.0] status=0x0003
joint_pos=[6.705970733626572, -11.291321690872271, 7.062873916299789, 14.103043923174933, -41.21859570337814, 16.8404406990509] joint_vel=[-2.0579294659269878, -8.912626640428448, 28.483199797828533, 64.81976949433584, -0.21981223796724117, 42.109939245818204] imu_ang_vel=[0.0, 0.2567763100976714, 0.0] imu_quat_wxyz=[0.9997920497756737, 0.0, 0.020392577212230287, 0.0] status=0x0003
joint_pos=[6.703478465602566, -11.424631956614748, 7.6076815043301975, 15.508544099454074, -41.180506635260436, 17.292600499588772] joint_vel=[0.6999833131047215, -5.359669677131944, 26.88619665149653, 73.11622152319205, 3.1293219210628282, 12.165868749428009] imu_ang_vel=[0.0, 0.36845376300443655, 0.0] imu_quat_wxyz=[0.9997180818500242, 0.0, 0.02374356380386761, 0.0] status=0x0003
joint_pos=[6.662894353367367, -11.526022801613697, 8.138829599588256, 16.912782850709682, -40.99609335108003, 17.22387618918831] joint_vel=[-3.623004237080248, -4.896642112111362, 26.980351667073805, 68.56031304219054, 12.634213342654872, -11.762179793919064] imu_ang_vel=[0.0, 0.3443397889213915, 0.0] imu_quat_wxyz=[0.9996246296900789, 0.0, 0.0273970749711098, 0.0] status=0x0003
joint_pos=[6.488245611387341, -11.637279862364405, 8.675056819857392, 18.104024587112082, -40.496731079832436, 16.710199428434635] joint_vel=[-11.60857787170878, -5.944269289647237, 27.539907946691496, 54.56230401660509, 31.831606928798102, -33.08371603978906] imu_ang_vel=[0.0, 0.22529570540954272, 0.0] imu_quat_wxyz=[0.999544859834518, 0.0, 0.03016741915367672, 0.0] status=0x0003
joint_pos=[6.0793480066306, -11.705750524471986, 9.303401919963973, 18.932460847478204, -39.53068629261312, 15.84273086130892] joint_vel=[-23.357512599780044, -5.791609943810431, 27.397274682229, 32.79549295602513, 58.51115106978157, -48.86487100950904] imu_ang_vel=[0.0, 0.07826558981874378, 0.0] imu_quat_wxyz=[0.9995060175032099, 0.0, 0.03142802849166926, 0.0] status=0x0003
joint_pos=[5.447806264934586, -11.778727079606766, 9.790060695057592, 19.27451003596506, -37.980543061511575, 14.702308791631866] joint_vel=[-36.300074331687725, -2.2510796581597514, 24.357758811634206, 8.571662595077067, 87.91577527652171, -61.30177268938184] imu_ang_vel=[0.0, -0.15219011327376053, 0.0] imu_quat_wxyz=[0.9995302350513185, 0.0, 0.03064815195498511, 0.0] status=0x0003
joint_pos=[4.553634210650637, -11.679004749171728, 10.28466531868116, 19.16266452769058, -35.83210191473631, 13.432671847096652] joint_vel=[-47.82330849082123, 6.474663996339873, 19.393763576856216, -14.445047172506314, 118.74901254403528, -64.5938957151739] imu_ang_vel=[0.0, -0.2912307548976666, 0.0] imu_quat_wxyz=[0.9996006109763611, 0.0, 0.02825983962597019, 0.0] status=0x0003
joint_pos=[3.436516668311585, -11.371544715453947, 10.660123599044725, 18.616212085803756, -33.13740983977571, 12.09558300779886] joint_vel=[-58.94262219637815, 18.151381652022515, 13.281752546661858, -35.340485654920585, 143.91236346503808, -68.0081350859789] imu_ang_vel=[0.0, -0.39159091274384394, 0.0] imu_quat_wxyz=[0.9996938811240274, 0.0, 0.02474154488262576, 0.0] status=0x0003
joint_pos=[2.131937628893572, -10.82332157269613, 10.910340516952678, 17.7087340893825, -30.047124318307358, 10.717937377682059] joint_vel=[-67.46883061169521, 30.630822447652452, 7.0254432798002036, -51.75961050425338, 160.54929008721308, -69.29745041110745] imu_ang_vel=[0.0, -0.44423903794736874, 0.0] imu_quat_wxyz=[0.9997898713437579, 0.0, 0.020499101405481224, 0.0] status=0x0003
joint_pos=[0.7033671288114806, -10.066482812082054, 11.05555453935996, 16.517323172006854, -26.730806632810097, 9.342592464405364] joint_vel=[-72.54537268981903, 40.2407418761265, 2.591746478317233, -64.6617020924694, 168.74729732815686, -68.43527636884973] imu_ang_vel=[0.0, -0.4569896566545325, 0.0] imu_quat_wxyz=[0.9998720080119468, 0.0, 0.01599898728537425, 0.0] status=0x0003
joint_pos=[-0.7554300268174189, -9.215021137042276, 11.169927405085076, 15.105250306965356, -23.33603469265913, 7.974997533947162] joint_vel=[-72.07236875649467, 42.23269754056527, 2.4087361702144414, -74.74151803885219, 170.27181520511732, -68.30992077908819] imu_ang_vel=[0.0, -0.43062935229865884, 0.0] imu_quat_wxyz=[0.9999324150992622, 0.0, 0.011626058392967983, 0.0] status=0x0003
joint_pos=[-2.1079819464214995, -8.496622376333994, 11.379225376109941, 13.52260279687048, -20.005371894562888, 6.629007835635764] joint_vel=[-64.00303832364393, 30.53937313258205, 9.52247472013328, -82.58579883291429, 164.47508794667382, -66.73139639858084] imu_ang_vel=[0.0, -0.37879005720512415, 0.0] imu_quat_wxyz=[0.9999704111043176, 0.0, 0.007692653369413145, 0.0] status=0x0003
joint_pos=[-3.1706795876989955, -8.240860789889275, 11.86265829198963, 11.816744642913587, -16.862030065786655, 5.420213183861072] joint_vel=[-45.84894813685148, 0.7290042086814017, 26.28506248463939, -88.06287910770301, 153.22673612818758, -57.065391415546614] imu_ang_vel=[0.0, -0.2994550955380231, 0.0] imu_quat_wxyz=[0.9999900931870657, 0.0, 0.004451238897619207, 0.0] status=0x0003
joint_pos=[-3.753613114374513, -8.770697156679434, 12.822168355817851, 10.033020354180513, -13.949008330154706, 4.594363455161984] joint_vel=[-22.122756758813296, -36.99720590063522, 68.97984208337755, -88.07347735530134, 140.2961079603759, -32.78451309907973] imu_ang_vel=[0.0, -0.17671172274117244, 0.0] imu_quat_wxyz=[0.9999976006387871, 0.0, 0.0021905973315495845, 0.0] status=0x0003
joint_pos=[-3.6470879035610877, -10.39287149670654, 14.288052586493471, 8.207346023330597, -11.175415249683656, 4.377611085678363] joint_vel=[18.32875956627242, -101.1106783007252, 84.32633017905435, -91.36915032191557, 136.620988332089, 0.5116409253096329] imu_ang_vel=[0.0, 0.010936352647580742, 0.0] imu_quat_wxyz=[0.9999987041493827, 0.0, 0.0016098756335000306, 0.0] status=0x0003
joint_pos=[-3.1337287880140425, -12.601433560863581, 16.3701500123105, 7.028893482516175, -9.649237162342853, 3.1570253724703345] joint_vel=[27.532794624816837, -106.8648370055938, 114.4070460678973, -39.321183828239036, 43.29110109501541, -91.01208762816788] imu_ang_vel=[0.0, -0.0491051561243519, 0.0] imu_quat_wxyz=[0.999998347044849, 0.0, 0.0018182154904728565, 0.0] status=0x0003
joint_pos=[-2.3399838476044708, -14.187979619505516, 19.319614325777284, 6.402287981993568, -8.787308960034823, 2.9726311241695496] joint_vel=[44.363161478022235, -63.79606876317796, 165.07155838580715, -23.349132106959242, 38.88424240040006, 5.723170920105351] imu_ang_vel=[0.0, 0.29758880945460137, 0.0] imu_quat_wxyz=[0.9999944073614732, 0.0, 0.0033444350458851925, 0.0] status=0x0003
joint_pos=[-1.0560688926220156, -15.710388068064209, 22.703639956061647, 6.12124838476671, -7.8915699716130865, 3.0022320301430847] joint_vel=[75.07730921768626, -82.5676539522862, 171.22523151893515, -9.133191559488923, 48.303365408977285, -0.6211619541500821] imu_ang_vel=[0.0, 0.6068454825159687, 0.0] imu_quat_wxyz=[0.9999656453034431, 0.0, 0.008289041734036091, 0.0] status=0x0003
joint_pos=[0.5791859466796573, -17.844862979945223, 25.99454532996613, 5.807417466768034, -6.79952237785815, 2.920231884169131] joint_vel=[85.33475917993512, -119.76991083960095, 160.75646854103616, -19.526100770681232, 58.45483986106063, -6.07332246751076] imu_ang_vel=[0.0, 0.5945655110982719, 0.0] imu_quat_wxyz=[0.9998930523404216, 0.0, 0.014624769446212067, 0.0] status=0x0003
joint_pos=[2.2398468730623935, -20.42952102706861, 29.04412544299433, 5.259315028424896, -5.516339046974388, 2.7407947794888248] joint_vel=[81.67206638834979, -134.14001712885656, 147.88500395001665, -31.928165271053263, 67.80508454314521, -10.529223751824903] imu_ang_vel=[0.0, 0.4700332045801669, 0.0] imu_quat_wxyz=[0.9998036692882206, 0.0, 0.019814713669651526, 0.0] status=0x0003
joint_pos=[3.8177287538734186, -23.00264039043871, 31.668442751762576, 4.549074238504285, -3.995758463202348, 2.4455629873828237] joint_vel=[77.33798746080528, -125.31789119878319, 122.19803575367719, -37.64959307505374, 81.23483196465826, -17.040156666569363] imu_ang_vel=[0.0, 0.4584967453629659, 0.0] imu_quat_wxyz=[0.9997044764534836, 0.0, 0.024309663898669284, 0.0] status=0x0003
joint_pos=[5.279866685083478, -25.31914210123303, 33.77134249916661, 3.707408288305543, -2.1527215780905347, 2.004181293470824] joint_vel=[70.79033234468946, -110.3266861743597, 95.95916943617021, -44.679207053821195, 98.97633293780041, -25.023548927809852] imu_ang_vel=[0.0, 0.4996860482614595, 0.0] imu_quat_wxyz=[0.9995755271309299, 0.0, 0.02913358132677212, 0.0] status=0x0003
joint_pos=[6.644024850729725, -27.434386230717795, 35.44589765914061, 2.694787688792049, 0.1061933772081303, 1.3779648961648774] joint_vel=[66.83036790787966, -103.02498625214274, 77.13510341057764, -54.111240538657, 121.61711427315304, -35.142901042845594] imu_ang_vel=[0.0, 0.5495928164319156, 0.0] imu_quat_wxyz=[0.999406752503336, 0.0, 0.0344404275631968, 0.0] status=0x0003
joint_pos=[7.7083274729709, -29.626331564777434, 36.81032618996287, 2.2093705853940127, 0.5729844601206185, 1.6165356974011205] joint_vel=[47.994822251778785, -110.59187070412953, 63.3312702787881, -17.694837223970783, -2.2995989954637293, 25.052750674375083] imu_ang_vel=[0.0, 0.15062467222963236, 0.0] imu_quat_wxyz=[0.9992887877758474, 0.0, 0.037708336286255625, 0.0] status=0x0003
joint_pos=[8.462104962848821, -31.20397321311434, 38.16805836929671, 1.8907356143458858, 0.40186944857387397, 2.1828573416330586] joint_vel=[32.351616933481054, -60.874726597450646, 70.32751322640983, -15.958533150543948, -8.994085961294603, 28.974007592612224] imu_ang_vel=[0.0, 0.07750250790597855, 0.0] imu_quat_wxyz=[0.9992567209802993, 0.0, 0.03854874285499235, 0.0] status=0x0003
joint_pos=[9.061124827665699, -31.882833930261018, 39.334623712576615, 1.6255489078334096, 0.26625402275937377, 2.732232497880372] joint_vel=[28.70942943169975, -18.83634178712432, 51.8991268108955, -11.805269917437839, -5.458997312088448, 26.916746497428836] imu_ang_vel=[0.0, 0.15680368681550175, 0.0] imu_quat_wxyz=[0.9992101758100728, 0.0, 0.039736941975994276, 0.0] status=0x0003
joint_pos=[9.561144262740056, -31.9282312992485, 40.05600572660118, 1.3327021885273156, 0.19265224008612764, 3.261471454011078] joint_vel=[23.0329645864339, 6.78451733172732, 27.590970140179245, -16.204839564773973, -2.8326286960726366, 26.227921569747185] imu_ang_vel=[0.0, 0.14318213253913895, 0.0] imu_quat_wxyz=[0.9991445986054108, 0.0, 0.04135300566624607, 0.0] status=0x0003
joint_pos=[9.946462232304336, -31.587673296519363, 40.24497337974335, 0.9191892839895911, 0.15639074823784502, 3.772549043937579] joint_vel=[17.217371178784973, 22.71359913266436, 0.14243954442419554, -23.183577950522594, -1.362654733471826, 25.493110728438488] imu_ang_vel=[0.0, 0.049178909199929524, 0.0] imu_quat_wxyz=[0.9991071313777121, 0.0, 0.04224855062838406, 0.0] status=0x0003
joint_pos=[10.261400546311995, -31.00363134594397, 39.933346319350846, 0.37522908018094686, 0.13997558382202244, 4.362535102854069] joint_vel=[14.031861195165602, 34.05482281661981, -24.152315051843186, -28.690694413174807, -0.667661404084948, 22.86088651806372] imu_ang_vel=[0.0, -0.04866464999594168, 0.0] imu_quat_wxyz=[0.9991115020211129, 0.0, 0.042145065299698144, 0.0] status=0x0003
joint_pos=[10.549145042684724, -30.203731325017237, 39.17316602272589, -0.22732581419490638, 0.13283403752661704, 4.824106793887223] joint_vel=[14.585166993057285, 43.28362924041355, -45.38578879118492, -30.994576723638666, -0.243937277407487, 23.40729043281783] imu_ang_vel=[0.0, -0.09871813033098997, 0.0] imu_quat_wxyz=[0.9991468975650645, 0.0, 0.0412974222695136, 0.0] status=0x0003
joint_pos=[10.88071712861285, -29.24847877479894, 38.02874773886087, -0.8436990457684495, 0.13032694577701112, 5.295457650114088] joint_vel=[17.661904681157836, 50.22871941052915, -63.49739945203987, -30.803694542505035, -0.0834960475464684, 23.81631402867189] imu_ang_vel=[0.0, -0.10410785020382327, 0.0] imu_quat_wxyz=[0.9991900012558864, 0.0, 0.04024104111801279, 0.0] status=0x0003
joint_pos=[11.304877116509648, -28.209347364314198, 36.55230468601313, -1.4447107089974762, 0.12973126723602965, 5.8511435628711235] joint_vel=[22.218755862087647, 53.9814434833155, -79.42420020417086, -29.049410587840125, -0.07096031129358667, 22.03952663564102] imu_ang_vel=[0.0, -0.08317454680948505, 0.0] imu_quat_wxyz=[0.9992262878738979, 0.0, 0.03932970406385266, 0.0] status=0x0003
joint_pos=[11.830180618023823, -27.126221889497977, 34.792469959855474, -1.9922233043392101, 0.13028480572470358, 6.300174067287144] joint_vel=[28.445879991408177, 54.21526348938761, -92.48892354358894, -26.535222544166473, 0.04862181879337348, 22.910862464233062] imu_ang_vel=[0.0, -0.041194008047745846, 0.0] imu_quat_wxyz=[0.99924923839101, 0.0, 0.03874221954130217, 0.0] status=0x0003
joint_pos=[12.49808055516213, -26.06980265388174, 32.817141102382664, -2.4829697587384496, 0.1327468923109783, 6.841740540186381] joint_vel=[35.06278897991944, 53.11953279192281, -102.17289490568133, -22.845069207674218, 0.0016048557630043646, 21.655819777616202] imu_ang_vel=[0.0, 0.018262846449271026, 0.0] imu_quat_wxyz=[0.9992510398942043, 0.0, 0.038695726771199535, 0.0] status=0x0003
joint_pos=[13.291280592039037, -25.013923764502348, 30.681008138879598, -2.876588201552562, 0.13525870733983264, 7.281188436795449] joint_vel=[42.1284079059463, 52.56870725378364, -109.17488242390425, -18.008482376529884, 0.14343133994720708, 22.547424027511926] imu_ang_vel=[0.0, 0.09931529653874153, 0.0] imu_quat_wxyz=[0.9992253244113999, 0.0, 0.03935417455534494, 0.0] status=0x0003
joint_pos=[14.205669110555435, -23.906659840099902, 28.45389430154752, -3.162341313260587, 0.13807766297470514, 7.8051428610320155] joint_vel=[46.81819026145936, 57.649199406865, -112.49541482345613, -11.771060827649062, 0.07404494242251942, 22.078170889277324] imu_ang_vel=[0.0, 0.20576449510347203, 0.0] imu_quat_wxyz=[0.9991592070571017, 0.0, 0.040998523790787646, 0.0] status=0x0003
joint_pos=[15.175178717115639, -22.580072342068544, 26.20853693902731, -3.295867781131675, 0.1343539841157721, 8.342275333587743] joint_vel=[48.52542719540425, 71.91300959987207, -112.11251307489957, -3.473464640475727, -0.39186344254958205, 24.028873206096595] imu_ang_vel=[0.0, 0.3547041262649973, 0.0] imu_quat_wxyz=[0.9990346753702118, 0.0, 0.04392854889403317, 0.0] status=0x0003
joint_pos=[16.07674713273211, -20.69075290859714, 23.993639729676495, -3.198257364932012, 0.09706760209172159, 8.911775660145782] joint_vel=[44.41863594458545, 105.7955269551513, -109.75921106104418, 8.630058425335996, -1.791493226403967, 39.99902018048476] imu_ang_vel=[0.0, 0.5699104951213159, 0.0] imu_quat_wxyz=[0.9988126286228644, 0.0, 0.04871686467214505, 0.0] status=0x0003
joint_pos=[16.46721609004565, -17.384132096018263, 21.57559610887643, -2.208486824950352, -1.359230477721213, 10.161403420833022] joint_vel=[6.85502359761221, 197.13077138278007, -126.59970008456324, 70.99707960945659, -109.99398966510829, 81.94252574653355] imu_ang_vel=[0.0, 0.7508642133254734, 0.0] imu_quat_wxyz=[0.9984533188846878, 0.0, 0.05559649276844702, 0.0] status=0x0003
joint_pos=[16.04356627298461, -13.856094451105596, 17.6155064211266, -0.27760087729501376, -5.137140823571505, 12.695850789854214] joint_vel=[-28.85263348393304, 121.0528931395627, -266.4621529004471, 108.3593082852548, -231.4954899179208, 137.63632989315454] imu_ang_vel=[0.0, 0.5266651909357053, 0.0] imu_quat_wxyz=[0.9980436997206132, 0.0, 0.06252018432466688, 0.0] status=0x0003
sim t=    9.02s  x= 1.718m z= 0.531m pitch= 7.51deg action=[-1.0, 0.964, 0.145, 1.0, -1.0, 0.074]
joint_pos=[15.131140468874007, -11.312838668588865, 12.532451298688922, 2.231920406448685, -10.864121631700256, 15.03421965716625] joint_vel=[-55.112329188581946, 130.98549684117515, -249.46947315032588, 134.63609542714, -315.7539833096166, 105.55255999303576] imu_ang_vel=[0.0, 0.15037030792385633, 0.0] imu_quat_wxyz=[0.997863346228073, 0.0, 0.06533561245226668, 0.0] status=0x0003
joint_pos=[13.808181906337404, -8.720030616155846, 8.111283731693671, 5.102844295016874, -17.600008317029115, 16.458333276032487] joint_vel=[-72.42967949204171, 129.6150363437797, -207.6872406150755, 148.2164353415159, -347.26476656913127, 52.71310847410645] imu_ang_vel=[0.0, -0.10771032857708196, 0.0] imu_quat_wxyz=[0.9978771743843895, 0.0, 0.06512407268151092, 0.0] status=0x0003
joint_pos=[12.472392197538005, -6.803104304441042, 4.825510239275539, 7.916163725299873, -24.338532008092773, 16.88947938008112] joint_vel=[-63.73798092575224, 77.67606243065956, -142.58540422247756, 136.10745730353466, -330.29390105764145, 5.270675104996072] imu_ang_vel=[0.0, -0.31655535586955524, 0.0] imu_quat_wxyz=[0.9980306024771028, 0.0, 0.0627289129444404, 0.0] status=0x0003
joint_pos=[11.279022303339042, -6.187216623486242, 2.928454518486608, 10.027261132584464, -30.2043664892456, 16.093516904447938] joint_vel=[-57.41666005555036, 5.278304733542014, -70.16067314554158, 88.34606474495958, -272.43391318755647, -63.73350234108053] imu_ang_vel=[0.0, -0.6678133394309562, 0.0] imu_quat_wxyz=[0.9983426320646405, 0.0, 0.057549882730079945, 0.0] status=0x0003
joint_pos=[10.266976542691769, -6.7757344079727515, 1.88338780280827, 11.220065748004064, -34.76933265123093, 14.123184993854162] joint_vel=[-46.71365422587193, -48.72083736777677, -42.86185264973671, 43.52784072763997, -203.71920476584046, -116.89518281140971] imu_ang_vel=[0.0, -0.9392105907933, 0.0] imu_quat_wxyz=[0.9987956445652012, 0.0, 0.049063840020775164, 0.0] status=0x0003
joint_pos=[9.154099184174134, -7.8954244743333, 3.0997302124420214, 11.61158519230433, -37.72356332868346, 12.423380891655373] joint_vel=[-55.009951110182314, -64.51251034172407, 57.75705107273804, 2.8880799736899094, -119.54531708156082, -67.56523361391602] imu_ang_vel=[0.0, -1.0151073695266326, 0.0] imu_quat_wxyz=[0.9992264471964236, 0.0, 0.03932565604300647, 0.0] status=0x0003
joint_pos=[8.213259375274376, -9.103003892189863, 4.195001038059056, 11.621510429335725, -39.43001191510331, 11.748962343316839] joint_vel=[-42.36819962248778, -58.43728441945763, 54.23822844993132, -0.6441779354523675, -66.06736637948268, -15.506502422235046] imu_ang_vel=[0.0, -0.8409024380546638, 0.0] imu_quat_wxyz=[0.9995527990015932, 0.0, 0.029903210665088706, 0.0] status=0x0003
joint_pos=[7.432631571818698, -9.987197760768465, 5.139167709672125, 11.71971408709554, -40.36067550470447, 12.557177656126846] joint_vel=[-37.024236405489944, -36.69688961364058, 43.53453356990773, 7.983507823827976, -35.34559671518053, 70.33080626974221] imu_ang_vel=[0.0, -0.5677302774092616, 0.0] imu_quat_wxyz=[0.9997308306844371, 0.0, 0.023200564195838748, 0.0] status=0x0003
joint_pos=[6.899227495673668, -10.573451792752795, 5.926908758504357, 12.156205246159912, -40.76778284465443, 14.195363007311009] joint_vel=[-20.928026064061534, -25.41181388236784, 37.135128833662165, 29.443277714592618, -11.768395458729918, 88.06441712755813] imu_ang_vel=[0.0, -0.23010685428956587, 0.0] imu_quat_wxyz=[0.9998088289222538, 0.0, 0.01955263688384743, 0.0] status=0x0003
joint_pos=[6.635746203785727, -10.935195804362088, 6.591215244058004, 13.033521361734334, -40.883457298345746, 15.816624724966683] joint_vel=[-8.926291823885911, -14.142109791983259, 31.014425984165047, 51.77826820520497, -2.2970247926842795, 77.26054551532037] imu_ang_vel=[0.0, 0.07613685034004727, 0.0] imu_quat_wxyz=[0.9998154664644531, 0.0, 0.01921023212947122, 0.0] status=0x0003
joint_pos=[6.54627700375047, -11.139612236781398, 7.182118726831641, 14.280050401960708, -40.90182796900711, 16.90366724822841] joint_vel=[-2.083918614609961, -8.111538763924667, 28.57300764970956, 68.09898095675787, -0.25358370825822807, 42.06684619567309] imu_ang_vel=[0.0, 0.2779763312242718, 0.0] imu_quat_wxyz=[0.9997725838188098, 0.0, 0.021325586610003663, 0.0] status=0x0003
joint_pos=[6.53982147716325, -11.264716831793187, 7.733841815267205, 15.748978096515073, -40.886219568224995, 17.348570902324276] joint_vel=[0.3960794109584251, -5.159595439760599, 27.35640503594914, 76.21265987417144, 1.3953341981536844, 11.630740707878712] imu_ang_vel=[0.0, 0.37866115595000327, 0.0] imu_quat_wxyz=[0.9996920375896744, 0.0, 0.02481592190117139, 0.0] status=0x0003
joint_pos=[6.4894082274008085, -11.371278051347453, 8.279000044680512, 17.199840096153064, -40.73101673886656, 17.252874620813138] joint_vel=[-4.216975220264734, -5.407356581429974, 27.835383542780725, 70.46119663545079, 11.323428081260523, -13.544022414458732] imu_ang_vel=[0.0, 0.3437722083926448, 0.0] imu_quat_wxyz=[0.9995936698991336, 0.0, 0.028504299633249332, 0.0] status=0x0003
joint_pos=[6.298885810087801, -11.497201924252352, 8.833420191805306, 18.413016252762148, -40.24724509845362, 16.683713156809926] joint_vel=[-12.509101991619525, -6.801845553089603, 28.52456528854705, 55.20921358207158, 31.344040881983346, -36.385288375099755] imu_ang_vel=[0.0, 0.21543827118444234, 0.0] imu_quat_wxyz=[0.9995128667293527, 0.0, 0.03120944155974776, 0.0] status=0x0003
joint_pos=[5.868112928438654, -11.587470917922332, 9.467382397151399, 19.236391279410178, -39.28300055411943, 15.745786284719605] joint_vel=[-24.574365646136364, -6.698891093309963, 26.65273835426045, 32.02674748080333, 58.513152832902904, -52.49607192665935] imu_ang_vel=[0.0, 0.025815877845442793, 0.0] imu_quat_wxyz=[0.9994779194012865, 0.0, 0.03230926537814697, 0.0] status=0x0003
joint_pos=[5.185722344814325, -11.619142084910049, 10.037905600629337, 19.570416637683522, -37.72314294250187, 14.550383607294732] joint_vel=[-41.40040594802541, 4.933510518389831, 38.892641206227125, 9.761888010339641, 87.73536617195768, -63.533293684388155] imu_ang_vel=[0.0, -0.1633654338726362, 0.0] imu_quat_wxyz=[0.9995081175842297, 0.0, 0.03136116839707177, 0.0] status=0x0003
joint_pos=[4.284419640894342, -11.5443490356689, 10.457495703756265, 19.420690718699245, -35.5483228585074, 13.218863414304728] joint_vel=[-49.01002983310697, 6.722177879094251, 19.724723881888547, -15.55896524263987, 119.23000593704974, -68.07207385888498] imu_ang_vel=[0.0, -0.3049739945486379, 0.0] imu_quat_wxyz=[0.9995831986069171, 0.0, 0.028869171494252027, 0.0] status=0x0003
joint_pos=[3.1089900931551613, -11.19483980919011, 10.882855361009408, 18.83802757355549, -32.85368972354748, 11.875647766883823] joint_vel=[-64.59544786018283, 24.54872695151644, 24.568446084195713, -36.200210384955284, 142.86804292124125, -66.58234830682869] imu_ang_vel=[0.0, -0.42078673794967303, 0.0] imu_quat_wxyz=[0.9996838356470751, 0.0, 0.025144159281067766, 0.0] status=0x0003
joint_pos=[1.7703101312008862, -10.658462294554182, 11.141928152280812, 17.875893439066342, -29.762470324403825, 10.492152963580287] joint_vel=[-68.64891703804074, 29.03910437729478, 8.76177084199405, -54.32991151628351, 160.53521375389366, -70.47805217311019] imu_ang_vel=[0.0, -0.4535589622507736, 0.0] imu_quat_wxyz=[0.9997867383395261, 0.0, 0.02065133991807405, 0.0] status=0x0003
joint_pos=[0.32984346464168407, -9.948180391232494, 11.316352597170704, 16.630758025735133, -26.450516125007926, 9.084077266667824] joint_vel=[-73.0013596102093, 37.566517468803845, 5.047592154170592, -67.29343128636695, 168.42142680455106, -70.31465760660464] imu_ang_vel=[0.0, -0.46015821276751157, 0.0] imu_quat_wxyz=[0.9998735932006496, 0.0, 0.015899610687746698, 0.0] status=0x0003
joint_pos=[-1.1343244450206007, -9.141514348243128, 11.45237545910159, 15.166759841079372, -23.06922841504683, 7.680895223521839] joint_vel=[-72.32301757028571, 40.28203068914754, 3.23571249318103, -77.25868072188156, 169.39541831432228, -70.03419427908682] imu_ang_vel=[0.0, -0.446147026084566, 0.0] imu_quat_wxyz=[0.9999358230018759, 0.0, 0.011329160496745793, 0.0] status=0x0003
joint_pos=[-2.4740722873763574, -8.454611821676686, 11.676465656789906, 13.547912934345081, -19.74261127713679, 6.334625031635168] joint_vel=[-62.83758692651402, 29.110439049257774, 10.10125168127237, -84.02702827619595, 164.6799232374653, -65.83127654057883] imu_ang_vel=[0.0, -0.37123632933187656, 0.0] imu_quat_wxyz=[0.9999730143552946, 0.0, 0.007346465897684045, 0.0] status=0x0003
joint_pos=[-3.5119978524893947, -8.222991792553964, 12.180344928853955, 11.817441576736849, -16.60408810684802, 5.188514339208201] joint_vel=[-44.45833874469077, -0.5525723303964376, 27.019370643637544, -89.279317755554, 152.80987990098674, -52.74521148820417] imu_ang_vel=[0.0, -0.27963593382657836, 0.0] imu_quat_wxyz=[0.9999909549783708, 0.0, 0.004253229531312647, 0.0] status=0x0003
joint_pos=[-4.024747224671745, -8.845353561036337, 13.0902609010736, 10.009598749095334, -13.709930768919778, 4.453187819486478] joint_vel=[-15.157987933736528, -48.234336891027624, 55.34881960932212, -91.28260435545694, 139.87557862267852, -28.212490801526076] imu_ang_vel=[0.0, -0.1482246793284543, 0.0] imu_quat_wxyz=[0.9999975135382182, 0.0, 0.0022300038971021577, 0.0] status=0x0003
joint_pos=[-3.8884010354615635, -10.487569340975352, 14.692274399574476, 8.186480472408675, -10.957175860067512, 4.361250158710494] joint_vel=[20.618251004198918, -104.62024892864288, 86.48210366440891, -92.93504498410127, 136.6190905998738, 7.606462104595122] imu_ang_vel=[0.0, 0.03624037997260247, 0.0] imu_quat_wxyz=[0.999998079626299, 0.0, 0.0019597815475585795, 0.0] status=0x0003
joint_pos=[-3.2985323145605565, -12.783111839512541, 16.826268441106993, 7.05655666693704, -9.470018250467659, 3.1323684802352845] joint_vel=[32.52313410608628, -111.78289688934815, 117.4643289085625, -35.624176854187894, 41.55852118176586, -93.08479728801157] imu_ang_vel=[0.0, -0.01699784336506088, 0.0] imu_quat_wxyz=[0.999997046841393, 0.0, 0.0024302897960464882, 0.0] status=0x0003
joint_pos=[-2.381540307272151, -14.448851195678289, 19.80728137178344, 6.491613737194475, -8.579721422908667, 2.938990004140737] joint_vel=[51.156049961110696, -66.86543388001101, 165.74892319206117, -20.074595757877574, 40.86312133177653, 7.500683873193236] imu_ang_vel=[0.0, 0.45230366865508903, 0.0] imu_quat_wxyz=[0.9999896183214143, 0.0, 0.004556670867203696, 0.0] status=0x0003
joint_pos=[-0.9952987355271461, -16.156107557294465, 23.15895439287692, 6.216005975098918, -7.640013671291383, 2.898284757336414] joint_vel=[79.482496686949, -95.16530580033599, 168.3558048014808, -10.882642190193277, 50.92376645938729, -4.113624711773488] imu_ang_vel=[0.0, 0.6154850601977099, 0.0] imu_quat_wxyz=[0.9999506333919943, 0.0, 0.00993633629409677, 0.0] status=0x0003
joint_pos=[0.7015549075202567, -18.469367672570673, 26.43047757437599, 5.86898104090288, -6.49481673969208, 2.7618606544041966] joint_vel=[87.6872845521279, -126.65586426150298, 160.81313963257674, -21.115764124946026, 61.14506637988187, -8.411915414167293] imu_ang_vel=[0.0, 0.5891398652478894, 0.0] imu_quat_wxyz=[0.9998689567030921, 0.0, 0.01618855835058538, 0.0] status=0x0003
joint_pos=[2.386175239194393, -21.076231004180922, 29.51665472298202, 5.305149955483405, -5.155435427283187, 2.545690008870614] joint_vel=[82.25178433284636, -132.04850935182003, 150.67625283004347, -32.24451630787864, 70.68895512586198, -12.171366567085208] imu_ang_vel=[0.0, 0.488128213409558, 0.0] imu_quat_wxyz=[0.999769851403896, 0.0, 0.021453303331463607, 0.0] status=0x0003
joint_pos=[3.978829112767562, -23.579438167531585, 32.15729642406284, 4.597938032469021, -3.572362439646328, 2.2179648013316813] joint_vel=[78.17395264743024, -121.05406659875794, 121.95991035170995, -37.24003670295718, 84.50976545597769, -18.664424117400404] imu_ang_vel=[0.0, 0.4955558450108177, 0.0] imu_quat_wxyz=[0.999655203459136, 0.0, 0.026257840678038557, 0.0] status=0x0003
joint_pos=[5.450093182902379, -25.828744619729697, 34.27090203091235, 3.7445044750942253, -1.6565574696326986, 1.7450383994912886] joint_vel=[71.0408861050882, -107.47802199698475, 96.9051900672614, -45.8210784052597, 102.82936969155021, -26.641059654449062] imu_ang_vel=[0.0, 0.525033052197205, 0.0] imu_quat_wxyz=[0.999506557110737, 0.0, 0.031410862653563514, 0.0] status=0x0003
joint_pos=[6.7896561096032295, -27.939836378529403, 35.97906764778087, 2.8040371926345755, 0.3610686624346757, 1.2342433905075427] joint_vel=[60.833900251529975, -107.30932419403473, 79.21185320494082, -34.70376163272385, 60.84943545542028, -6.795217405915896] imu_ang_vel=[0.0, 0.5613884807962549, 0.0] imu_quat_wxyz=[0.9993197387044095, 0.0, 0.036878989082549773, 0.0] status=0x0003
joint_pos=[7.778476575626475, -30.097601080546532, 37.3106164676446, 2.3596511601521684, 0.5069011354598827, 1.624884996610686] joint_vel=[44.45546019198638, -106.60902584697793, 59.73455794747444, -21.00186749510573, -6.047885766320094, 26.46820000946651] imu_ang_vel=[0.0, 0.055573561955295496, 0.0] imu_quat_wxyz=[0.9992472303844365, 0.0, 0.0387939759374152, 0.0] status=0x0003
joint_pos=[8.48403439531794, -31.49870771753204, 38.610987965958415, 1.985324883896445, 0.3443369725955782, 2.183205957907583] joint_vel=[30.44783176284491, -49.47001201804442, 67.8591913256531, -17.950919056476845, -7.646126047012016, 28.05603282643588] imu_ang_vel=[0.0, 0.03766535760239858, 0.0] imu_quat_wxyz=[0.9992397772440826, 0.0, 0.038985479004316856, 0.0] status=0x0003
joint_pos=[9.030020920817314, -31.899302006225422, 39.79409623796028, 1.6832686426907941, 0.23221134958198658, 2.728836973690406] joint_vel=[25.6747836235943, -3.755805045607889, 54.49337474050603, -13.5228709022805, -4.467013051140559, 26.90638387003986] imu_ang_vel=[0.0, 0.13728015756610515, 0.0] imu_quat_wxyz=[0.9992020082567126, 0.0, 0.03994179134381089, 0.0] status=0x0003
joint_pos=[9.485324313358708, -31.65972927016554, 40.48759243928733, 1.3752950205482104, 0.1730593228833138, 3.252957132059839] joint_vel=[21.19032516570762, 20.747596835388176, 24.053585335635447, -16.426966868766492, -2.2568581133316004, 26.02517466652742] imu_ang_vel=[0.0, 0.1409129663046756, 0.0] imu_quat_wxyz=[0.9991403474457198, 0.0, 0.04145559197558803, 0.0] status=0x0003
joint_pos=[9.850059426060005, -31.131367490092583, 40.59889625174275, 0.9445250028643972, 0.14507887857308152, 3.763453582806617] joint_vel=[16.621579823535242, 29.533720173984918, -3.888871174513988, -24.412551960138234, -1.0357002475966135, 25.506047669512697] imu_ang_vel=[0.0, 0.037309464154055484, 0.0] imu_quat_wxyz=[0.9991047366674003, 0.0, 0.042305143526109035, 0.0] status=0x0003
joint_pos=[10.169966207881565, -30.49588111633596, 40.1946134752844, 0.3698473595148492, 0.1332092883971468, 4.3644725025099484] joint_vel=[14.59424865640377, 34.48049727000826, -29.15124495243014, -30.289999808185293, -0.5769014461470834, 22.78604760526985] imu_ang_vel=[0.0, -0.07084284309764308, 0.0] imu_quat_wxyz=[0.9991174825138803, 0.0, 0.0420030491170103, 0.0] status=0x0003
joint_pos=[10.481140780764198, -29.724317845755834, 39.32685103625921, -0.25890902041114977, 0.12819746829172074, 4.819818321351333] joint_vel=[16.090745123191248, 40.83181389892379, -50.9623776605506, -32.159003715793204, -0.1449234991808927, 23.130520243667018] imu_ang_vel=[0.0, -0.11973528309851783, 0.0] imu_quat_wxyz=[0.9991623608722674, 0.0, 0.04092159107557776, 0.0] status=0x0003
joint_pos=[10.8486265886525, -28.833347238808887, 38.067642365649085, -0.8908151068496849, 0.12705121900422023, 5.286737271884031] joint_vel=[19.604327010249545, 46.595911313485686, -69.31823049070107, -31.362347230812606, -0.032726361041067936, 23.63198374197247] imu_ang_vel=[0.0, -0.11604931495183249, 0.0] imu_quat_wxyz=[0.9992113147557256, 0.0, 0.03970829213318542, 0.0] status=0x0003
joint_pos=[11.31421015623068, -27.874081309396175, 36.485972328085595, -1.498303035866422, 0.1275940770887317, 5.849163427601859] joint_vel=[24.220709375258572, 49.97316146890243, -84.4118195463135, -29.145883431639533, -0.0932512205676089, 21.933285163015633] imu_ang_vel=[0.0, -0.0854835885095688, 0.0] imu_quat_wxyz=[0.9992495857376894, 0.0, 0.03873325964924853, 0.0] status=0x0003
joint_pos=[11.878005848353514, -26.87435374759314, 34.64653632716573, -2.0447689665026854, 0.12854309507657824, 6.292957609345565] joint_vel=[30.330287569337926, 49.955984670330615, -95.92407680880555, -26.404172035548413, 0.07695436787675398, 22.68998833919951] imu_ang_vel=[0.0, -0.039856749795255594, 0.0] imu_quat_wxyz=[0.9992722735778361, 0.0, 0.03814345630094691, 0.0] status=0x0003
joint_pos=[12.581471716632036, -25.90026435397172, 32.62506029804125, -2.531565965371866, 0.13215893889461242, 6.83950630662343] joint_vel=[36.854637833993394, 49.08257987090768, -103.87310858755707, -22.72002617482254, -0.015013198019898425, 23.211061592783025] imu_ang_vel=[0.0, 0.027673867580625157, 0.0] imu_quat_wxyz=[0.9992727034550264, 0.0, 0.03813219282552226, 0.0] status=0x0003
joint_pos=[13.403097215371218, -24.91720044683296, 30.468158861855002, -2.917296008473409, 0.13481424469523606, 7.273928659304698] joint_vel=[43.4615009263551, 49.053756860477534, -109.84333374415172, -17.57416269776138, 0.16496655870096716, 22.274546307560318] imu_ang_vel=[0.0, 0.1061383571801337, 0.0] imu_quat_wxyz=[0.9992447941272887, 0.0, 0.038856677798190395, 0.0] status=0x0003
joint_pos=[14.334639067151457, -23.858329082999322, 28.24505577067767, -3.194757241375524, 0.13816856079976225, 7.801546431208349] joint_vel=[47.31041972125053, 55.96484063963373, -111.84346831970822, -11.299453426433733, 0.044930546205211024, 22.001906734141595] imu_ang_vel=[0.0, 0.2149879531626979, 0.0] imu_quat_wxyz=[0.9991763345944399, 0.0, 0.04057896482686454, 0.0] status=0x0003
joint_pos=[15.301839151467654, -22.54052054358684, 26.02942036741244, -3.3173345214502667, 0.1327836146240174, 8.336320060534097] joint_vel=[48.08788905927018, 72.15925524079114, -110.17845168960024, -2.8956665341735457, -0.476061792106284, 23.973926804950807] imu_ang_vel=[0.0, 0.3646306680244019, 0.0] imu_quat_wxyz=[0.9990490427718886, 0.0, 0.04360057495691132, 0.0] status=0x0003
joint_pos=[16.17912305698524, -20.59591797117503, 23.85015711604385, -3.198334800678805, 0.09284894801108587, 8.909058773433356] joint_vel=[42.782029324922064, 109.95689235595609, -108.05987407573686, 9.980422338930577, -1.9189947898368243, 40.2445105613907] imu_ang_vel=[0.0, 0.592250303445884, 0.0] imu_quat_wxyz=[0.9988205696315355, 0.0, 0.04855378132478246, 0.0] status=0x0003
joint_pos=[16.494369362567017, -17.171992764526745, 21.4401263367342, -2.1427404547443194, -1.4894660936468387, 10.227213222436212] joint_vel=[1.9096435966224825, 203.91006697086993, -126.89395763270267, 75.34780446203324, -119.70654623895415, 87.12042677723404] imu_ang_vel=[0.0, 0.7550289359188149, 0.0] imu_quat_wxyz=[0.9984540508091188, 0.0, 0.05558334663243725, 0.0] status=0x0003
joint_pos=[16.008876086351815, -13.579541872776726, 17.437613592120464, -0.14090707110086323, -5.450980194336311, 12.887584302539912] joint_vel=[-30.505047209518054, 122.43239801586022, -269.7176356285306, 111.28712484843452, -240.01828858486272, 145.52202561813695] imu_ang_vel=[0.0, 0.5013264289229924, 0.0] imu_quat_wxyz=[0.9980507738396035, 0.0, 0.06240715374192772, 0.0] status=0x0003
sim t=   10.02s  x= 1.917m z= 0.531m pitch= 7.46deg action=[-1.0, 0.943, 0.164, 1.0, -1.0, 0.041]
joint_pos=[15.068151489981737, -11.03002534917418, 12.342079752099448, 2.417621330964051, -11.316797768747751, 15.283752106479985] joint_vel=[-56.386445482057916, 130.71198521104006, -248.6941206547012, 136.8153670559585, -321.80575545570207, 105.77059872217332] imu_ang_vel=[0.0, 0.12368968867117415, 0.0] imu_quat_wxyz=[0.9978879768880508, 0.0, 0.06495833728069852, 0.0] status=0x0003
joint_pos=[13.776090978939331, -8.463147399567402, 7.946975194753099, 5.3491437729971265, -18.094373694989912, 16.646477463602434] joint_vel=[-69.32816912293005, 127.76629521408799, -206.06908351813993, 151.7206915185704, -347.15888926130776, 47.903418766802574] imu_ang_vel=[0.0, -0.08794650080976549, 0.0] imu_quat_wxyz=[0.997903732785855, 0.0, 0.06471584112145148, 0.0] status=0x0003
joint_pos=[12.465930975387204, -6.621018754752695, 4.715647390428209, 8.152309000332055, -24.789376207463892, 16.982364171483894] joint_vel=[-63.426742553573014, 72.83052547231894, -139.28560543262546, 133.37920319409756, -327.019700549722, 0.5415725401969564] imu_ang_vel=[0.0, -0.33684638115691096, 0.0] imu_quat_wxyz=[0.9980523370624312, 0.0, 0.06238214876244022, 0.0] status=0x0003
joint_pos=[11.295495524624844, -6.104114557623267, 2.819819128258441, 10.21003588156713, -30.572074354780824, 16.035464801966146] joint_vel=[-55.79944048011595, 0.21670545691914525, -71.82214307223596, 85.70847581962641, -267.82146263813195, -72.77986689245805] imu_ang_vel=[0.0, -0.6981843872541783, 0.0] imu_quat_wxyz=[0.9983815110743619, 0.0, 0.05687141940266512, 0.0] status=0x0003
joint_pos=[10.282659943600569, -6.76572318331594, 1.7417275633284577, 11.320749641413045, -35.03007100047772, 14.016578498860792] joint_vel=[-47.64483096738335, -51.627037128525366, -44.514052563771045, 38.625491749492255, -197.98022937675776, -115.78038461188551] imu_ang_vel=[0.0, -0.9842727141017539, 0.0] imu_quat_wxyz=[0.998846669673484, 0.0, 0.04801385718925176, 0.0] status=0x0003
joint_pos=[9.189621621704147, -7.976335610417032, 2.8418827820221537, 11.611431959594958, -37.82699727054381, 12.328153000291692] joint_vel=[-56.177447845166164, -64.51191341296621, 61.327630619515105, -0.48707433048978427, -112.28869678858459, -67.17276651596845] imu_ang_vel=[0.0, -1.0405500634183273, 0.0] imu_quat_wxyz=[0.9992864921548664, 0.0, 0.037769122267032364, 0.0] status=0x0003
joint_pos=[8.22996357133907, -9.17382660211392, 3.985708793150182, 11.56831479535287, -39.41443058739923, 11.677891173620804] joint_vel=[-43.311591785547854, -57.65018806020573, 55.96168874042396, -3.0812578265909156, -60.81145926252888, -13.861205765198319] imu_ang_vel=[0.0, -0.8493789969861949, 0.0] imu_quat_wxyz=[0.9996012633034062, 0.0, 0.028236756227204743, 0.0] status=0x0003
joint_pos=[7.437363817114162, -10.052883757053124, 4.959197648578825, 11.631969708650503, -40.28156145250575, 12.483846585904157] joint_vel=[-37.44578382040545, -36.717583329516586, 44.82851866433597, 6.638404555281878, -33.34379272424352, 69.27309326485576] imu_ang_vel=[0.0, -0.5750698227635576, 0.0] imu_quat_wxyz=[0.9997697525960592, 0.0, 0.021457907493848422, 0.0] status=0x0003
joint_pos=[6.896873587764129, -10.633509760369465, 5.763641081670532, 12.048050728366505, -40.66737335966637, 14.125110451199536] joint_vel=[-21.25218780701027, -24.948955397589092, 37.73012811631911, 28.60270352211271, -11.2325495057525, 88.86429132415358] imu_ang_vel=[0.0, -0.23238321961313207, 0.0] imu_quat_wxyz=[0.9998422347111829, 0.0, 0.01776247977473104, 0.0] status=0x0003
joint_pos=[6.63293992720125, -10.990826970664665, 6.4370806219320285, 12.911941275049674, -40.778773127946145, 15.747947735090332] joint_vel=[-8.792294088145734, -14.040089110649266, 31.441102116776484, 51.202424855965354, -2.2687055315036244, 76.95308525291883] imu_ang_vel=[0.0, 0.07906991855731557, 0.0] imu_quat_wxyz=[0.9998480634982665, 0.0, 0.017431291368295132, 0.0] status=0x0003
joint_pos=[6.546566658215324, -11.190389970712191, 7.03225324006919, 14.150559859261941, -40.807190360428145, 16.838607535713614] joint_vel=[-1.9135994530073912, -7.765576047523308, 28.686198401498537, 67.7700364324741, -0.8874711044501824, 42.49920272446221] imu_ang_vel=[0.0, 0.2836143859262902, 0.0] imu_quat_wxyz=[0.9998079932354956, 0.0, 0.0195953224625475, 0.0] status=0x0003
joint_pos=[6.54286235631685, -11.31071926776428, 7.586469914726416, 15.612577132505463, -40.80993383069045, 17.29421000575151] joint_vel=[0.5077342738055879, -4.998267465281504, 27.492668777587387, 75.9032852393602, 0.1299762394688808, 12.229136512978958] imu_ang_vel=[0.0, 0.3837951318865639, 0.0] imu_quat_wxyz=[0.9997320793469158, 0.0, 0.023146695761860264, 0.0] status=0x0003
joint_pos=[6.496372414203702, -11.415822699027308, 8.134301457520571, 17.060782678237278, -40.68894567549706, 17.214007789570033] joint_vel=[-3.978110466499968, -5.380230383957713, 27.9752776534109, 70.42629337178865, 9.366456042530759, -12.676263304535523] imu_ang_vel=[0.0, 0.34912581308842094, 0.0] imu_quat_wxyz=[0.9996385441054294, 0.0, 0.026884589243234103, 0.0] status=0x0003
joint_pos=[6.311378431784775, -11.543773299342924, 8.692876032992407, 18.274078564139554, -40.24833356521789, 16.659757262737298] joint_vel=[-12.212829181356312, -6.9744749079329385, 28.766596533718907, 55.23759954939981, 29.075593008267962, -35.70587540634146] imu_ang_vel=[0.0, 0.22089149794697363, 0.0] imu_quat_wxyz=[0.999560487083048, 0.0, 0.029645111946149837, 0.0] status=0x0003
joint_pos=[5.889498150727718, -11.641119509212482, 9.335684380215548, 19.09999032948628, -39.32944613643351, 15.73208718031926] joint_vel=[-23.991503463957898, -7.259543496648239, 27.03205322488093, 32.170488101756746, 56.278765445459726, -52.074105344248636] imu_ang_vel=[0.0, 0.03275760710609008, 0.0] imu_quat_wxyz=[0.999525279062444, 0.0, 0.030809357590564555, 0.0] status=0x0003
joint_pos=[5.238173081139812, -11.718812671021755, 9.84598744926734, 19.424538463328265, -37.80350240879495, 14.54558637272307] joint_vel=[-37.23511967547244, -2.079018472536819, 25.383183576299473, 7.408852509913237, 87.34665137237033, -63.121498158002474] imu_ang_vel=[0.0, -0.15514782934980667, 0.0] imu_quat_wxyz=[0.9995517268050461, 0.0, 0.029939028725904888, 0.0] status=0x0003
joint_pos=[4.322882357671451, -11.616080023506251, 10.348303560234335, 19.281712591434342, -35.66843170983348, 13.226968707292572] joint_vel=[-49.13179450013899, 6.909228130399977, 20.15814289785102, -16.083391489593946, 117.88921456478823, -67.37104063156606] imu_ang_vel=[0.0, -0.2969990128750164, 0.0] imu_quat_wxyz=[0.9996210242219046, 0.0, 0.027528311491089735, 0.0] status=0x0003
joint_pos=[3.1832666662031195, -11.297870157460205, 10.728300671172503, 18.704349589128096, -32.99522140737018, 11.858987798947384] joint_vel=[-60.14754706158822, 19.074100078405028, 13.819301310636929, -36.71540140816955, 142.60811460321653, -68.88610802920886] imu_ang_vel=[0.0, -0.3949641638039605, 0.0] imu_quat_wxyz=[0.999712598098579, 0.0, 0.023973343592185004, 0.0] status=0x0003
joint_pos=[1.8460578448514324, -10.714773579789572, 11.043941303111659, 17.775358695270057, -29.932441604650542, 10.488106892797951] joint_vel=[-71.04683368682073, 35.99070333088267, 19.197828389428523, -51.3710613535316, 158.4521370589803, -68.27535356238725] imu_ang_vel=[0.0, -0.44526652443038306, 0.0] imu_quat_wxyz=[0.9998053680436394, 0.0, 0.019728812207602503, 0.0] status=0x0003
joint_pos=[0.4271546840486604, -9.975290827617831, 11.208304124223941, 16.564894568062236, -26.63245514633296, 9.12320058674151] joint_vel=[-73.85724850160888, 43.32231573216866, 15.352263085166156, -63.25382191532498, 167.10332411022372, -68.10694546555374] imu_ang_vel=[0.0, -0.442684092339936, 0.0] imu_quat_wxyz=[0.9998829013064182, 0.0, 0.015303060970263757, 0.0] status=0x0003
joint_pos=[-1.0053705753810855, -9.160496463261516, 11.347179479860657, 15.134104091729776, -23.241316652425162, 7.788034625976842] joint_vel=[-70.81278986475589, 40.32570212461696, 4.139494526675988, -75.80708685862649, 170.36514284773222, -65.97278710242682] imu_ang_vel=[0.0, -0.3952226004279568, 0.0] imu_quat_wxyz=[0.9999379462302159, 0.0, 0.011140183521725142, 0.0] status=0x0003
joint_pos=[-2.3472248894089764, -8.493373674585335, 11.585885238184357, 13.50415292145785, -19.900367264955076, 6.498780273273338] joint_vel=[-64.07430773099586, 27.712486308716798, 11.940093097874339, -85.52038932921391, 165.23201447839483, -63.63252595728361] imu_ang_vel=[0.0, -0.366125367863185, 0.0] imu_quat_wxyz=[0.9999738941708755, 0.0, 0.007225716347524788, 0.0] status=0x0003
joint_pos=[-3.4032719444515567, -8.2984156833119, 12.104014297001871, 11.744590478659058, -16.741369624211163, 5.33396889194586] joint_vel=[-45.511221312799194, -2.354095415564501, 28.798633549960027, -90.45506614976773, 154.03467875737576, -55.35315934081885] imu_ang_vel=[0.0, -0.2890320216684663, 0.0] imu_quat_wxyz=[0.9999926896712461, 0.0, 0.0038236898497197892, 0.0] status=0x0003
joint_pos=[-3.946745814910913, -8.926006323008366, 13.005663590842572, 9.906707457503124, -13.80365882973406, 4.536429882462698] joint_vel=[-17.109506296988407, -47.455267918061615, 54.40645242034486, -92.83541477813367, 142.5380370443312, -31.584230212633525] imu_ang_vel=[0.0, -0.18051609673422184, 0.0] imu_quat_wxyz=[0.9999989158114343, 0.0, 0.0014725406465815253, 0.0] status=0x0003
joint_pos=[-3.8291073926499863, -10.55744379144938, 14.512409366046715, 8.053470926843055, -10.985244427966466, 4.406057327707155] joint_vel=[18.723979410510577, -100.84000675441911, 86.42394765768644, -92.81917460557369, 139.7162386234898, 6.43475843052977] imu_ang_vel=[0.0, 0.02889965903086769, 0.0] imu_quat_wxyz=[0.999999591221397, 0.0, 0.0009041886079963705, 0.0] status=0x0003
joint_pos=[-3.3770676476703856, -12.598747987194239, 16.949234754271217, 7.052397650029717, -9.573213041221102, 3.0580193140572214] joint_vel=[25.713479616640214, -101.15200023438544, 129.9461019736075, -28.45169803899513, 36.119791327582746, -100.10580438253614] imu_ang_vel=[0.0, 0.022198222010294956, 0.0] imu_quat_wxyz=[0.9999986130100941, 0.0, 0.001665526309623247, 0.0] status=0x0003
joint_pos=[-2.55033442532192, -14.150314977327376, 20.03348426906051, 6.629436722372553, -8.871651146664346, 3.051912351072145] joint_vel=[47.380350998675574, -65.97716392129232, 167.65757425422694, -15.196203395267572, 37.826750265333025, 2.3774999236847867] imu_ang_vel=[0.0, 0.39930797721622263, 0.0] imu_quat_wxyz=[0.9999916468255408, 0.0, 0.0040873315430773865, 0.0] status=0x0003
joint_pos=[-1.2344305789513053, -15.811369878050797, 23.378921148842245, 6.453895326306209, -8.012227791099543, 3.0383918632473055] joint_vel=[75.89349942459454, -92.14482927920619, 166.86892156027642, -5.460573659768694, 46.137040718311574, -2.32205028370579] imu_ang_vel=[0.0, 0.6485045023887065, 0.0] imu_quat_wxyz=[0.9999522902413482, 0.0, 0.00976817491051146, 0.0] status=0x0003
joint_pos=[0.38925332879191493, -18.17036732917856, 26.512021476921092, 6.170161377486171, -6.960072714961014, 2.92519106879594] joint_vel=[83.98761896457026, -131.89834344872855, 150.9788226307361, -19.22227763613685, 56.54574531591039, -7.500737552879959] imu_ang_vel=[0.0, 0.5732582523727402, 0.0] imu_quat_wxyz=[0.9998703201403808, 0.0, 0.01610412687395155, 0.0] status=0x0003
joint_pos=[1.9941190642244195, -20.90559974904802, 29.34067153191323, 5.619551156447609, -5.6990093878409755, 2.7121347914982197] joint_vel=[78.11876835069037, -139.11577673165274, 136.18434422181278, -32.28159276004893, 67.15193411936443, -12.318927778898928] imu_ang_vel=[0.0, 0.4347933393642738, 0.0] imu_quat_wxyz=[0.9997806139795034, 0.0, 0.020945737293475156, 0.0] status=0x0003
joint_pos=[3.486690393576368, -23.475867069441474, 31.788329252036508, 4.9114303579403, -4.183622458573746, 2.382880179407376] joint_vel=[72.71397917427105, -122.34304513490163, 114.92226126225705, -37.272827238691846, 81.19267002814709, -18.780607927710047] imu_ang_vel=[0.0, 0.43726615698714416, 0.0] imu_quat_wxyz=[0.9996834548117692, 0.0, 0.025159296007745757, 0.0] status=0x0003
joint_pos=[4.859153040165815, -25.669931969812787, 33.81564681882675, 4.09266451512598, -2.345535937695874, 1.9122157635165467] joint_vel=[66.41129008605219, -102.46557267282085, 94.06139480707785, -43.10265456780299, 98.6048708021917, -26.408929511439954] imu_ang_vel=[0.0, 0.4963240221378519, 0.0] imu_quat_wxyz=[0.9995534033876147, 0.0, 0.02988300145963223, 0.0] status=0x0003
joint_pos=[6.143471138072057, -27.610048686678375, 35.51278491525629, 3.117570768433016, -0.10474686547787584, 1.2654020600809488] joint_vel=[63.070958858772784, -93.77915220630194, 79.88317410539631, -52.07214240851764, 120.3963190481775, -36.024230605704204] imu_ang_vel=[0.0, 0.5502766422625001, 0.0] imu_quat_wxyz=[0.9993804079184448, 0.0, 0.03519659456201239, 0.0] status=0x0003
joint_pos=[7.206327819353818, -29.585774793265244, 36.957827037508004, 2.4810191474124514, 0.9253991947865686, 1.2043024336461317] joint_vel=[45.83455455383969, -102.13939752721805, 68.04538026527462, -16.592936911814245, -0.06353197278216076, 22.3289855264178] imu_ang_vel=[0.0, 0.2011658143050023, 0.0] imu_quat_wxyz=[0.9992233767065373, 0.0, 0.039403596830562604, 0.0] status=0x0003
joint_pos=[7.903453237195313, -31.08341586517316, 38.36581575026223, 2.203618754800902, 0.6420780313138023, 1.7958765432754007] joint_vel=[29.428672885057022, -59.10553875543068, 71.64872806991825, -14.478419561222525, -15.76470519381818, 30.839684302383105] imu_ang_vel=[0.0, 0.02967549124741906, 0.0] imu_quat_wxyz=[0.9991977740833728, 0.0, 0.040047575043102496, 0.0] status=0x0003
joint_pos=[8.42617162511625, -31.669864148174174, 39.610098256370485, 1.9517524323857156, 0.3965357323695894, 2.3752906657043] joint_vel=[24.447375076600363, -12.617843627274928, 57.156536689567474, -11.65457124034752, -10.006275493798917, 28.02666867072356] imu_ang_vel=[0.0, 0.09760561649803692, 0.0] imu_quat_wxyz=[0.9991738063059769, 0.0, 0.040641171144866796, 0.0] status=0x0003
joint_pos=[8.855857152127527, -31.561559411919376, 40.44744359729443, 1.6704086006062153, 0.25836882906504066, 2.9163181227365236] joint_vel=[19.88963288502944, 15.477130478096283, 33.66767035043978, -15.352505467249614, -5.369688448792201, 26.5114069242305] imu_ang_vel=[0.0, 0.10962992924305531, 0.0] imu_quat_wxyz=[0.9991260761972638, 0.0, 0.04179813228673594, 0.0] status=0x0003
joint_pos=[9.194702191078173, -31.05735705576524, 40.72522007724258, 1.2759201430129756, 0.18734307282041818, 3.425996821063091] joint_vel=[15.347902642143932, 30.59315176208927, 3.639573607548744, -22.162966146862743, -2.7082819234722497, 25.252573768083337] imu_ang_vel=[0.0, 0.035004454582699567, 0.0] imu_quat_wxyz=[0.9990966907605858, 0.0, 0.04249473510032008, 0.0] status=0x0003
joint_pos=[9.473464532314756, -30.350200152540957, 40.45746097314508, 0.748481028491398, 0.1528226946031583, 3.9193022141818776] joint_vel=[13.179881510157717, 37.96889927865071, -22.48504461495838, -28.76100982776302, -1.2945091566214109, 24.59959004982161] imu_ang_vel=[0.0, -0.06404750812045355, 0.0] imu_quat_wxyz=[0.9991076153423817, 0.0, 0.04223710412492282, 0.0] status=0x0003
joint_pos=[9.759875866297088, -29.52765573691063, 39.71244395792429, 0.1262482233382447, 0.13716814010152312, 4.516399067861829] joint_vel=[13.948745932278019, 44.356917868572744, -45.35083607357831, -31.682477292752573, -0.8514351554525263, 23.979961521041723] imu_ang_vel=[0.0, -0.11560877021956054, 0.0] imu_quat_wxyz=[0.9991509826065125, 0.0, 0.041198470316755074, 0.0] status=0x0003
joint_pos=[10.087579620477127, -28.58010090374562, 38.542019078826115, -0.49884395352182853, 0.12848563227762927, 4.951066402946474] joint_vel=[17.84819982796926, 48.88504025381596, -65.48908680969507, -31.251583511143213, -0.2723386028731462, 22.065388864182534] imu_ang_vel=[0.0, -0.13024248186803858, 0.0] imu_quat_wxyz=[0.9992047004049273, 0.0, 0.039874386373955004, 0.0] status=0x0003
joint_pos=[10.512645893904628, -27.570302501777856, 37.023533901226884, -1.1016755036918335, 0.12581351085177964, 5.398586026263692] joint_vel=[23.090974047111086, 51.35184580605096, -81.43373197753358, -29.61028321857463, -0.08508795271634029, 22.718827069062353] imu_ang_vel=[0.0, -0.10448868256949624, 0.0] imu_quat_wxyz=[0.9992504612834497, 0.0, 0.03871066551756555, 0.0] status=0x0003
joint_pos=[11.067162307919316, -26.560849778025137, 35.229927717492885, -1.667686117353602, 0.12643692411804033, 5.954519601307954] joint_vel=[29.238336057504924, 51.22991422576621, -94.19130857872217, -27.003297347822848, -0.18399152448429834, 22.906816424656466] imu_ang_vel=[0.0, -0.055027824068129484, 0.0] imu_quat_wxyz=[0.9992801528324528, 0.0, 0.0379364752599632, 0.0] status=0x0003
joint_pos=[11.741838728606291, -25.56657081931372, 33.210996071046104, -2.1586133230569065, 0.1269421038142029, 6.376181117516615] joint_vel=[36.28111950524909, 48.71721916828218, -104.44104113164214, -23.406345243554604, 0.08483990935721201, 21.579484681771127] imu_ang_vel=[0.0, -0.0038905798709406563, 0.0] imu_quat_wxyz=[0.9992903533405405, 0.0, 0.03766682519854368, 0.0] status=0x0003
joint_pos=[12.564453504638474, -24.613804311702015, 31.048401461705847, -2.5766934071755387, 0.13150717935077436, 6.902957939975541] joint_vel=[45.086630759793884, 45.5620634593898, -109.80142260885295, -20.43892114313371, 0.47043355302162093, 39.99463377298761] imu_ang_vel=[0.0, 0.07155643617262689, 0.0] imu_quat_wxyz=[0.9992746753944207, 0.0, 0.03808048207907928, 0.0] status=0x0003
joint_pos=[13.515380819435634, -23.62128575147192, 28.8112039369146, -2.86088780584293, 0.1341341415123587, 7.3228791754213765] joint_vel=[50.151976173419264, 50.354878430082124, -112.6497562396508, -11.644624393162603, 0.18442230151317585, 21.043623295307913] imu_ang_vel=[0.0, 0.1862530383404495, 0.0] imu_quat_wxyz=[0.9992203185756352, 0.0, 0.0394810707251721, 0.0] status=0x0003
joint_pos=[14.536754145205744, -22.436859214431482, 26.573731706867818, -3.0118257687018017, 0.136682556375144, 7.834021085317421] joint_vel=[50.600123907332005, 64.95409300047211, -111.43403937162552, -4.727074219177756, -0.00018712520392473052, 21.390697343850835] imu_ang_vel=[0.0, 0.31575782471385305, 0.0] imu_quat_wxyz=[0.9991113292673582, 0.0, 0.04214916048526228, 0.0] status=0x0003
joint_pos=[15.496157446643686, -20.82944143835242, 24.44033128720106, -2.997553413314653, 0.11044315467459806, 8.379185452922002] joint_vel=[47.69685541218466, 87.75737278293013, -103.87340178317193, 2.9003370995074493, -1.2653692132817032, 39.323199031025766] imu_ang_vel=[0.0, 0.4696956862866261, 0.0] imu_quat_wxyz=[0.9989312336852383, 0.0, 0.04622110306005047, 0.0] status=0x0003
joint_pos=[16.09596489446194, -18.06224920674231, 22.203378526245928, -2.2944825227594245, -0.8651720310202953, 9.355049946057386] joint_vel=[21.283273115219394, 165.26910351938565, -115.84303503414627, 51.733630360529745, -72.79068988699595, 61.55547886720004] imu_ang_vel=[0.0, 0.6918538260512271, 0.0] imu_quat_wxyz=[0.9986357278658129, 0.0, 0.052217650559155566, 0.0] status=0x0003
joint_pos=[15.794233855812701, -14.205081669975591, 19.050089727777234, -0.6533607895232735, -3.977833922204517, 11.527510483967895] joint_vel=[-27.12168091938041, 118.84739071102348, -245.88796604783326, 96.5142407295316, -200.7996702144768, 119.05543447387583] imu_ang_vel=[0.0, 0.6180313364244109, 0.0] imu_quat_wxyz=[0.998252481112789, 0.0, 0.05909301102635415, 0.0] status=0x0003
sim t=   11.02s  x= 2.111m z= 0.531m pitch= 7.18deg action=[-1.0, 0.895, -0.061, 1.0, -1.0, 0.212]
joint_pos=[14.952682674318522, -11.718431336869362, 13.988527199129706, 1.6457616002415443, -9.213979883423425, 13.855691061154207] joint_vel=[-51.10141954457424, 129.30704357397957, -257.49088984393404, 124.98793217674488, -294.72586813803844, 114.73977600266777] imu_ang_vel=[0.0, 0.1862058284651621, 0.0] imu_quat_wxyz=[0.9980552976295667, 0.0, 0.06233476456646862, 0.0] status=0x0003
joint_pos=[13.674063729435387, -9.10160319428223, 9.31220556244139, 4.3495322528848925, -15.664747860923091, 15.71803460370277] joint_vel=[-71.19420406529059, 132.32985685310788, -223.05159463663063, 140.57204567163518, -336.8035618925211, 81.3829228368863] imu_ang_vel=[0.0, -0.09361754557034374, 0.0] imu_quat_wxyz=[0.9980540660836309, 0.0, 0.062354479982846864, 0.0] status=0x0003
joint_pos=[12.375165654781261, -6.979179685202868, 5.648804905955117, 7.191938453370633, -22.34098261853024, 16.601422637245157] joint_vel=[-61.59877148521122, 92.19604362954544, -163.4826721345763, 142.61710391091412, -331.1469161588925, 24.253416004711134] imu_ang_vel=[0.0, -0.22421665255319576, 0.0] imu_quat_wxyz=[0.9981699560479569, 0.0, 0.06047097521307077, 0.0] status=0x0003
joint_pos=[11.196211404869365, -6.035834198301027, 3.4329723438362065, 9.5205639861734, -28.410351155236533, 16.284037636395833] joint_vel=[-57.443573456310006, 22.598993558895156, -83.60094911374033, 101.581777678363, -287.624802995143, -37.2069257630913] imu_ang_vel=[0.0, -0.5493109730844246, 0.0] imu_quat_wxyz=[0.9984045009603134, 0.0, 0.05646638347005726, 0.0] status=0x0003
joint_pos=[10.218502110149675, -6.362433948539804, 2.2492495631466447, 11.024429626532006, -33.353851776346836, 14.593444769606357] joint_vel=[-44.08112377882722, -37.861876419893406, -46.39056585911313, 60.3180325169715, -224.63811089599872, -109.63040807752333] imu_ang_vel=[0.0, -0.8214624828491104, 0.0] imu_quat_wxyz=[0.9987910169626757, 0.0, 0.04915795393081361, 0.0] status=0x0003
joint_pos=[9.2268592221518, -7.415305549791616, 2.5487650005131455, 11.673445943307284, -36.85717302010954, 12.810114527938449] joint_vel=[-51.02234112643195, -65.05855348467087, 60.416992127547175, 16.7722128725612, -144.22964049382577, -78.19087955740981] imu_ang_vel=[0.0, -0.913760818278081, 0.0] imu_quat_wxyz=[0.9992047632743205, 0.0, 0.03987281091055878, 0.0] status=0x0003
joint_pos=[8.300060151902294, -8.718349259883867, 3.702250863287757, 11.818400119760184, -39.020674712391546, 11.903334910534465] joint_vel=[-43.70610266862591, -65.2601470011468, 58.03750648588932, 2.252322765879174, -88.06342413320374, -27.6315847226008] imu_ang_vel=[0.0, -0.9062991823782434, 0.0] imu_quat_wxyz=[0.9995391187589119, 0.0, 0.03035704318042117, 0.0] status=0x0003
joint_pos=[7.482703974574459, -9.749018648062593, 4.727699049852329, 11.875829010785498, -40.22838525959218, 12.47085729233491] joint_vel=[-39.06534082562203, -44.35532409476176, 47.781954536275435, 3.2168376381913895, -44.684889560221485, 58.37386560729034] imu_ang_vel=[0.0, -0.6737015728900666, 0.0] imu_quat_wxyz=[0.9997437081158128, 0.0, 0.02263886222504425, 0.0] status=0x0003
joint_pos=[6.8950381259522935, -10.466846061900702, 5.588587916693508, 12.157471398277364, -40.72422702098458, 13.89055328490001] joint_vel=[-23.949584060758788, -31.451290590552368, 40.527503130422055, 20.057959624181432, -13.48236507398628, 77.7125564627027] imu_ang_vel=[0.0, -0.3373452694680786, 0.0] imu_quat_wxyz=[0.9998395407890577, 0.0, 0.0179134774604536, 0.0] status=0x0003
joint_pos=[6.586346616224838, -10.944488096825138, 6.314240184733344, 12.85899349594175, -40.88025495047652, 15.36159165503235] joint_vel=[-10.74470756104943, -19.8443123713301, 33.921309378703, 43.310956817749414, -4.479369059424789, 71.27586895918618] imu_ang_vel=[0.0, -0.013830810455652556, 0.0] imu_quat_wxyz=[0.9998623563295622, 0.0, 0.016591214394841604, 0.0] status=0x0003
joint_pos=[6.473421244971448, -11.247517805885625, 6.956246755280899, 13.947752422365465, -40.92800967354189, 16.47320091647469] joint_vel=[-2.8628555675853993, -12.636128755286157, 30.867752839593013, 60.49736023189484, -1.1467265117733156, 47.14469927574239] imu_ang_vel=[0.0, 0.21409217127949354, 0.0] imu_quat_wxyz=[0.9998386374714066, 0.0, 0.017963825297561967, 0.0] status=0x0003
joint_pos=[6.474740859161159, -11.445553025887818, 7.54495715613359, 15.284050111191046, -40.88846169100448, 17.044717807222373] joint_vel=[1.4577234928202027, -8.347072840044913, 28.928137504784853, 70.13082468927911, 3.760753196888658, 18.628938144750045] imu_ang_vel=[0.0, 0.3551421349109399, 0.0] imu_quat_wxyz=[0.9997783184503496, 0.0, 0.021055022122793574, 0.0] status=0x0003
joint_pos=[6.465375642902778, -11.590042934449107, 8.108740269221164, 16.654394126736893, -40.69261292928774, 17.063213926990827] joint_vel=[-1.5885186595791492, -6.606915445484453, 28.36602785592729, 67.59045266886622, 13.159926226497987, -8.206403820035483] imu_ang_vel=[0.0, 0.3642748138770897, 0.0] imu_quat_wxyz=[0.9996928954259511, 0.0, 0.024781340457661668, 0.0] status=0x0003
joint_pos=[6.33894481887155, -11.725865972378633, 8.668686932162084, 17.851830680256555, -40.21308870712834, 16.602352315348025] joint_vel=[-8.99400615744367, -6.9077826651838565, 28.586554918649412, 55.579168566993005, 29.98951332919578, -30.936576140275736] imu_ang_vel=[0.0, 0.26645808361999374, 0.0] imu_quat_wxyz=[0.9996107813409755, 0.0, 0.027897774586597392, 0.0] status=0x0003
joint_pos=[5.987544521562255, -11.812029335064848, 9.320419572950346, 18.717984737678282, -39.305094487368166, 15.7849757637277] joint_vel=[-20.266567719421012, -6.80048941807622, 28.419822459741685, 35.10733503154701, 55.065109611836434, -46.17497098066801] imu_ang_vel=[0.0, 0.13160455306116892, 0.0] imu_quat_wxyz=[0.9995604158047962, 0.0, 0.029647515176539182, 0.0] status=0x0003
joint_pos=[5.417207959513375, -11.908018766296, 9.827551560276001, 19.108749421322976, -37.82586062067144, 14.695754136317655] joint_vel=[-33.27086551309629, -3.476070352200737, 25.449719396863394, 11.086446224741705, 84.31802784932647, -58.81320337998956] imu_ang_vel=[0.0, -0.1001146522656213, 0.0] imu_quat_wxyz=[0.9995678346478558, 0.0, 0.029396325236274, 0.0] status=0x0003
joint_pos=[4.579656432409184, -11.83371149181432, 10.345096921947771, 19.045299745531374, -35.74291074228411, 13.458017059047682] joint_vel=[-45.09560091491934, 5.1628593149927795, 20.52602494797218, -12.084808267716756, 115.67301006078085, -63.47825998422881] imu_ang_vel=[0.0, -0.24369507095493745, 0.0] imu_quat_wxyz=[0.9996217498720197, 0.0, 0.02750194870916206, 0.0] status=0x0003
joint_pos=[3.511841962726414, -11.558152414584658, 10.746838441341673, 18.54038596641255, -33.10194062117216, 12.13296372972407] joint_vel=[-56.610674098118345, 16.356192786233034, 14.690905938250788, -33.425059616374085, 141.4520007071022, -67.68162203762557] imu_ang_vel=[0.0, -0.3537259258906896, 0.0] imu_quat_wxyz=[0.9997022026781349, 0.0, 0.02440299081025363, 0.0] status=0x0003
joint_pos=[2.246759032782066, -11.048857142385266, 11.027438296219026, 17.66259916952725, -30.048609573740872, 10.760932932018408] joint_vel=[-65.6814454017403, 28.563636297453762, 8.617063868700512, -50.51397530132589, 159.04871845635708, -69.0409705178681] imu_ang_vel=[0.0, -0.41758585340544874, 0.0] imu_quat_wxyz=[0.9997904640953335, 0.0, 0.020470171079837274, 0.0] status=0x0003
joint_pos=[0.8450131469784059, -10.328190359871458, 11.208873905116457, 16.489689919526043, -26.748526949521032, 9.391451819830436] joint_vel=[-71.32163184152118, 38.32386939887618, 4.115894463577083, -63.99202816057874, 168.37896965925412, -68.12564616903195] imu_ang_vel=[0.0, -0.43720386261764466, 0.0] imu_quat_wxyz=[0.9998690515686556, 0.0, 0.0161826980197106, 0.0] status=0x0003
joint_pos=[-0.5974668991237541, -9.506841049052381, 11.346921237494385, 15.086089362876423, -23.349427062041, 8.031349223183273] joint_vel=[-71.49358985174948, 40.948366196370095, 3.5098055518077267, -74.43576557030399, 170.80831211870841, -67.90005230690039] imu_ang_vel=[0.0, -0.4197202729802636, 0.0] imu_quat_wxyz=[0.9999286818992212, 0.0, 0.011942826938627884, 0.0] status=0x0003
joint_pos=[-1.9492665886733127, -8.797648933759827, 11.570288425070487, 13.506263430534554, -19.997403174841843, 6.6972418848331925] joint_vel=[-64.26766683370711, 30.534643291915295, 10.043693535440106, -82.51727011433015, 165.82710682335343, -66.03840044771248] imu_ang_vel=[0.0, -0.37207344817242327, 0.0] imu_quat_wxyz=[0.9999672742671115, 0.0, 0.008090141828387163, 0.0] status=0x0003
joint_pos=[-3.0262364723319823, -8.526281726387689, 12.056095823530661, 11.801566745926857, -16.82208447200157, 5.497322559443452] joint_vel=[-46.81580889036145, 1.9465525142393465, 26.224103177996255, -87.99246922318594, 154.94888083131912, -56.75481383891061] imu_ang_vel=[0.0, -0.2949660077018092, 0.0] imu_quat_wxyz=[0.9999879923049658, 0.0, 0.0049005352650134575, 0.0] status=0x0003
joint_pos=[-3.6349607729026467, -9.021729147023574, 13.009016112113104, 10.020454899887344, -13.877410669664613, 4.666772604413639] joint_vel=[-23.5895485899486, -34.988734642009625, 68.43205160159297, -87.91942434661848, 141.81354680208258, -33.31125022513481] imu_ang_vel=[0.0, -0.17435558980576712, 0.0] imu_quat_wxyz=[0.9999964304629522, 0.0, 0.002671902197717413, 0.0] status=0x0003
joint_pos=[-3.5614284164781154, -10.602278659420216, 14.465797440099687, 8.199229653408464, -11.082564193836664, 4.43405202288892] joint_vel=[16.579020539019503, -98.97882569797828, 83.84947575087484, -91.12561898073949, 137.4446266826063, -0.3594607956485519] imu_ang_vel=[0.0, 0.010054416601403118, 0.0] imu_quat_wxyz=[0.999997803783898, 0.0, 0.0020958118666913063, 0.0] status=0x0003
joint_pos=[-3.084483695431568, -12.764390906099427, 16.53044018770529, 7.032105072351204, -9.57495627311969, 3.149516735789854] joint_vel=[25.831601469616274, -104.47001839717309, 113.1822703690748, -38.95021793433021, 42.31005883772383, -94.09861776791989] imu_ang_vel=[0.0, -0.05180582469676403, 0.0] imu_quat_wxyz=[0.9999974273891182, 0.0, 0.002268306669116344, 0.0] status=0x0003
joint_pos=[-2.323904053384401, -14.298186071347947, 19.44813610570809, 6.401035788940917, -8.724229374642862, 2.9602310462276376] joint_vel=[42.71060691708618, -61.087808151003756, 163.30684781210553, -23.899861457435613, 38.83331731007023, 6.215504647020345] imu_ang_vel=[0.0, 0.29821850743009776, 0.0] imu_quat_wxyz=[0.9999928189595791, 0.0, 0.003789726807339297, 0.0] status=0x0003
joint_pos=[-1.0672415895454306, -15.780600286619194, 22.787254627126128, 6.1051256569596175, -7.8220942942380765, 2.9960636481290392] joint_vel=[73.87624986112074, -80.96566556854273, 168.7231539005236, -9.98342018219364, 48.82174042954521, -0.39810494219155] imu_ang_vel=[0.0, 0.6070125727872493, 0.0] imu_quat_wxyz=[0.9999618277386616, 0.0, 0.00873745189144296, 0.0] status=0x0003
joint_pos=[0.5491683295771059, -17.896703507566006, 26.030613953598237, 5.7688777398554185, -6.711184059209801, 2.9159298457626384] joint_vel=[84.53681157222864, -119.2296711901648, 158.44648227385701, -20.79679517622634, 59.6301154183315, -6.057328666038314] imu_ang_vel=[0.0, 0.5934467282791457, 0.0] imu_quat_wxyz=[0.999886474094863, 0.0, 0.015067810794635626, 0.0] status=0x0003
joint_pos=[2.2026575092516616, -20.47985360462172, 29.044932204521395, 5.19642040045454, -5.398391274866128, 2.7339958166285] joint_vel=[81.55661021059699, -134.31662205764854, 146.41507186489474, -33.11955142053501, 69.46014310360067, -10.744093092749594] imu_ang_vel=[0.0, 0.4724412560237692, 0.0] imu_quat_wxyz=[0.9997946915565035, 0.0, 0.020262643841217287, 0.0] status=0x0003
joint_pos=[3.788018991356494, -23.062542511006665, 31.651622005909037, 4.466192541944677, -3.839966168104118, 2.431878114180505] joint_vel=[77.98324996288278, -125.95704778993986, 121.63201904703573, -38.548452360964134, 83.27155538953973, -17.46896583980346] imu_ang_vel=[0.0, 0.4681508853389039, 0.0] imu_quat_wxyz=[0.9996918329728947, 0.0, 0.024824163375512055, 0.0] status=0x0003
joint_pos=[5.27162524022966, -25.400024801969504, 33.75279543211715, 3.6088384171843266, -1.9517743783046475, 1.9793818824852087] joint_vel=[72.10113510819569, -111.59685601149951, 96.12926879805333, -45.4081068947177, 101.37397146957704, -25.658868110007912] imu_ang_vel=[0.0, 0.5156017390053387, 0.0] imu_quat_wxyz=[0.9995563206059452, 0.0, 0.02978526375080224, 0.0] status=0x0003
joint_pos=[6.668939582829218, -27.55057614862679, 35.43841014149164, 2.581429457488312, 0.36054086432392324, 1.337515592737627] joint_vel=[68.68102022742818, -105.05986742128748, 77.8922538393951, -54.86532405917115, 124.45840729111343, -36.01455187117554] imu_ang_vel=[0.0, 0.5694085332680627, 0.0] imu_quat_wxyz=[0.999377558357546, 0.0, 0.03527741276382861, 0.0] status=0x0003
joint_pos=[7.760724629170495, -29.799673308914116, 36.82329122883054, 2.124522234521604, 0.7518739687057165, 1.621410799873156] joint_vel=[49.33460682286863, -113.7177648943165, 64.49651127260084, -15.952823934065892, -7.159485253851541, 27.87737530693037] imu_ang_vel=[0.0, 0.14652285496717557, 0.0] imu_quat_wxyz=[0.9992547117326275, 0.0, 0.03860079118546218, 0.0] status=0x0003
joint_pos=[8.538300589961018, -31.409335484298225, 38.2217635276932, 1.8367394056392397, 0.5011847243059147, 2.235546273007457] joint_vel=[33.48931816520244, -61.6139189111739, 72.83349020660604, -14.586687644291771, -12.294541927377214, 31.04374957963574] imu_ang_vel=[0.0, 0.07776486386032426, 0.0] imu_quat_wxyz=[0.9992229487927302, 0.0, 0.039414446665670136, 0.0] status=0x0003
joint_pos=[9.164973848988605, -32.086269399409005, 39.43146485092899, 1.5971905530738786, 0.3192839422705724, 2.8157795598685724] joint_vel=[30.230086824366378, -18.27413768256774, 53.8685865488411, -10.557560080490605, -7.268632217756085, 28.203530306496138] imu_ang_vel=[0.0, 0.16735263023852376, 0.0] imu_quat_wxyz=[0.9991727022146863, 0.0, 0.04066830644373601, 0.0] status=0x0003
joint_pos=[9.696341106020956, -32.118724776211856, 40.181215707789825, 1.3225325586619407, 0.22104768863151106, 3.365070100379197] joint_vel=[24.62444224882231, 7.477108398096638, 28.713181748613856, -15.469351574392325, -3.7835864773626606, 27.090277228806645] imu_ang_vel=[0.0, 0.15499308638418122, 0.0] imu_quat_wxyz=[0.9991003816648277, 0.0, 0.04240786904803799, 0.0] status=0x0003
joint_pos=[10.124051390764008, -31.78584451727552, 40.381139631458474, 0.9063730977302077, 0.17405423544983567, 4.003598611033296] joint_vel=[21.079163114182897, 19.61855918278944, 0.6820440710548408, -25.033304566310004, -1.4382972806690166, 48.88718208079985] imu_ang_vel=[0.0, 0.05595032675838296, 0.0] imu_quat_wxyz=[0.9990580462173121, 0.0, 0.04339378167948886, 0.0] status=0x0003
joint_pos=[10.487465830575475, -31.208768667789336, 40.062375038983305, 0.3885350940895984, 0.15024352595009288, 4.470846753188473] joint_vel=[18.005170072558556, 31.793312013201316, -24.499047253572954, -27.671280776474802, -0.7968922467630916, 22.86532986154571] imu_ang_vel=[0.0, -0.035256270189202216, 0.0] imu_quat_wxyz=[0.9990584989384093, 0.0, 0.043383357395810104, 0.0] status=0x0003
joint_pos=[10.840545599566203, -30.43840032106379, 39.290476031644744, -0.20522496970333393, 0.14045000246854375, 4.9346190763307] joint_vel=[17.457230576511176, 42.24848763317302, -46.098829766522535, -30.87059520449167, -0.36237090515591835, 23.464974148463] imu_ang_vel=[0.0, -0.09574365923389552, 0.0] imu_quat_wxyz=[0.9990910526181991, 0.0, 0.04262708737714729, 0.0] status=0x0003
joint_pos=[11.224772099460935, -29.48385160146968, 38.150516050793875, -0.8276277272311648, 0.13680906336238155, 5.511940916841268] joint_vel=[21.596245433552, 48.90358407576691, -62.511248039517405, -32.380608541986305, 0.1379603186400715, 44.378951113567325] imu_ang_vel=[0.0, -0.10356687983136169, 0.0] imu_quat_wxyz=[0.9991356285684057, 0.0, 0.041569167963972184, 0.0] status=0x0003
joint_pos=[11.68979935536764, -28.398516049607945, 36.69969082763468, -1.3991086099128713, 0.1336339516670245, 5.953227542672406] joint_vel=[25.541885446583247, 55.30168073265397, -77.56984714111138, -27.590919704870732, -0.039423947358525814, 21.84864740705912] imu_ang_vel=[0.0, -0.06708066166349391, 0.0] imu_quat_wxyz=[0.9991696393858273, 0.0, 0.04074348695921696, 0.0] status=0x0003
joint_pos=[12.266582546736867, -27.28326547363106, 34.95480398330351, -1.9287265273901544, 0.13397582558948695, 6.400116960520692] joint_vel=[30.600304669105807, 55.97359267474152, -92.33461741400602, -25.947226581620882, 0.028905832671964823, 22.76835606169354] imu_ang_vel=[0.0, -0.03291534717596687, 0.0] imu_quat_wxyz=[0.9991876963666131, 0.0, 0.04029823109741947, 0.0] status=0x0003
joint_pos=[12.952397349232236, -26.17352351650393, 32.986562735840764, -2.416885184114923, 0.1348102869087031, 6.93323769130971] joint_vel=[35.38649757750709, 56.10694666410485, -101.68495340547692, -23.046031135275317, -0.015456078371458655, 21.75143809881305] imu_ang_vel=[0.0, 0.013221399931803005, 0.0] imu_quat_wxyz=[0.9991895481356496, 0.0, 0.040252290574279065, 0.0] status=0x0003
joint_pos=[13.749749370908228, -25.056403563610182, 30.852106109748057, -2.8230707873448737, 0.13784977738786358, 7.460673602680517] joint_vel=[43.563919448920565, 54.3033750942505, -109.13906865138948, -19.642009026007518, 0.3917409487126097, 39.22837723224764] imu_ang_vel=[0.0, 0.09299126844486592, 0.0] imu_quat_wxyz=[0.9991653570747525, 0.0, 0.04084836865386769, 0.0] status=0x0003
joint_pos=[14.65628122837794, -23.87235930758305, 28.5865755850947, -3.0933234689186953, 0.13934729606689542, 7.896080793122668] joint_vel=[47.49059218450741, 60.4567845861502, -115.19876674905255, -10.925152848956605, 0.12848624164393, 21.94170447020873] imu_ang_vel=[0.0, 0.21309077819088282, 0.0] imu_quat_wxyz=[0.9990965610742908, 0.0, 0.04249778405429914, 0.0] status=0x0003
joint_pos=[15.608974798033227, -22.464516808812906, 26.2774875142594, -3.2205339102006802, 0.13180440404380794, 8.428717094044867] joint_vel=[46.79469744956732, 76.64507706946063, -115.55155252281143, -3.3741843217605183, -0.5451434324161518, 22.899627638754964] imu_ang_vel=[0.0, 0.3514985398203802, 0.0] imu_quat_wxyz=[0.9989652046150609, 0.0, 0.0454809846901919, 0.0] status=0x0003
joint_pos=[16.435778503888553, -20.387474242950745, 24.00727113078118, -3.106663974316753, 0.07782482692246402, 9.019854835248715] joint_vel=[37.40951387511806, 119.57547444852669, -112.36570886345356, 11.387273601853707, -4.469428602935316, 28.040562907498295] imu_ang_vel=[0.0, 0.5888111358373352, 0.0] imu_quat_wxyz=[0.998732275835024, 0.0, 0.05033727451296489, 0.0] status=0x0003
joint_pos=[16.63178829323064, -16.811542646941696, 21.46618343690615, -2.0901191365540606, -1.5464649878399797, 10.42446086416378] joint_vel=[-4.543963241446279, 210.64291013676072, -134.67802760195832, 71.71001481637046, -121.88707233235036, 99.61483913784335] imu_ang_vel=[0.0, 0.7051889353802099, 0.0] imu_quat_wxyz=[0.9983698234882636, 0.0, 0.057076225768820016, 0.0] status=0x0003
joint_pos=[16.114720756965664, -13.86920057694553, 16.795203897037634, -0.16313247339693937, -5.564728729410782, 12.933000277980241] joint_vel=[-32.232552035275326, 119.96098329357852, -277.87561076028084, 107.22872850189708, -241.3726581467697, 138.2766516973707] imu_ang_vel=[0.0, 0.4166099763710812, 0.0] imu_quat_wxyz=[0.9980152705614765, 0.0, 0.06297237272092274, 0.0] status=0x0003
sim t=   12.02s  x= 2.310m z= 0.531m pitch= 7.43deg action=[-1.0, 1.0, 0.239, 1.0, -0.968, 0.051]
joint_pos=[15.147934578694779, -11.381054429669229, 11.623901308773782, 2.3122893372233966, -11.406479850314467, 15.228136058513456] joint_vel=[-57.39344019638782, 127.22420539369456, -250.3655176664753, 132.59845806325995, -319.1588493448607, 101.90309283323948] imu_ang_vel=[0.0, 0.06011481681616634, 0.0] imu_quat_wxyz=[0.9978979595748951, 0.0, 0.0648048013364818, 0.0] status=0x0003
joint_pos=[13.896264167792873, -8.918532679583645, 7.345608465354697, 5.205292309798764, -18.088727107194643, 16.515812393265417] joint_vel=[-65.65602347830132, 121.70447187322415, -196.18853465421003, 151.06089968110015, -341.19630597745436, 44.227782163413565] imu_ang_vel=[0.0, -0.08167537591540418, 0.0] imu_quat_wxyz=[0.9979301224122652, 0.0, 0.06430762615927793, 0.0] status=0x0003
joint_pos=[12.63552250167197, -7.197389259097595, 4.406366237282422, 7.965388725283981, -24.647451588299894, 16.82993652043108] joint_vel=[-61.66360664474088, 66.92450278598125, -121.91664366126058, 130.42450783832098, -319.76294863335636, 0.8461413021510645] imu_ang_vel=[0.0, -0.3188630700014408, 0.0] imu_quat_wxyz=[0.9980643682742086, 0.0, 0.062189362284919024, 0.0] status=0x0003
joint_pos=[11.496164377703403, -6.757674098085228, 2.8476094029818455, 10.009570476362082, -30.360928613418835, 15.829936536674612] joint_vel=[-54.416692081798764, -2.409583716130745, -55.06856861012444, 86.2938767454636, -266.43524986221325, -77.0238420336341] imu_ang_vel=[0.0, -0.6644318528782688, 0.0] imu_quat_wxyz=[0.9983782679886135, 0.0, 0.05692832342565701, 0.0] status=0x0003
joint_pos=[10.471611384285795, -7.402491818940986, 2.07285990394446, 11.150580055561246, -34.86217568338632, 13.911604775859825] joint_vel=[-49.33302727231975, -48.84664189239667, -30.088807182701373, 40.66451589272466, -202.065049983632, -105.80344968064536] imu_ang_vel=[0.0, -0.9496365692099127, 0.0] imu_quat_wxyz=[0.9988262634786138, 0.0, 0.04843650880638138, 0.0] status=0x0003
joint_pos=[9.340990731634024, -8.503485863207672, 3.3432319325209714, 11.514901329575087, -37.779009793652875, 12.455711980303125] joint_vel=[-55.84776357248991, -61.53341103224961, 59.29666535396056, 2.7857248361973386, -117.84219977263417, -54.77796989226683] imu_ang_vel=[0.0, -1.009947380503374, 0.0] imu_quat_wxyz=[0.9992529501626627, 0.0, 0.03864636582157789, 0.0] status=0x0003
joint_pos=[8.38104221028351, -9.622874837265355, 4.444390711289214, 11.537878888452932, -39.45405154960472, 12.021285361050547] joint_vel=[-43.423345803513755, -53.22880295563821, 53.703826385068524, 0.3674174522274202, -64.54150996872538, -4.27957531355648] imu_ang_vel=[0.0, -0.8107342983314855, 0.0] imu_quat_wxyz=[0.9995652123170158, 0.0, 0.029485357817723545, 0.0] status=0x0003
joint_pos=[7.599294385529637, -10.42796290161847, 5.3808802284585475, 11.686582708518193, -40.39692851268647, 12.883480584910277] joint_vel=[-36.55815882214086, -33.39618923537425, 43.189333045847654, 11.331931404144953, -37.15631579946468, 68.46224227191664] imu_ang_vel=[0.0, -0.5282569318033998, 0.0] imu_quat_wxyz=[0.9997319892629472, 0.0, 0.023150586263645755, 0.0] status=0x0003
joint_pos=[7.073055431753474, -10.952762700986677, 6.159920990610816, 12.197193490181899, -40.8759357466351, 14.477181764633325] joint_vel=[-20.645628730814114, -22.439996564295907, 36.635461282303275, 33.34135295339668, -16.354701219111647, 85.64907489530484] imu_ang_vel=[0.0, -0.19303331251075417, 0.0] imu_quat_wxyz=[0.9998021303895626, 0.0, 0.019892211251950984, 0.0] status=0x0003
joint_pos=[6.814074924051176, -11.262672489302059, 6.815378408752592, 13.139947219886576, -41.067547901135306, 16.027177569189455] joint_vel=[-8.741120723611314, -11.734709233614629, 30.638849520992007, 54.70644240593416, -5.649098493656121, 73.08899028048029] imu_ang_vel=[0.0, 0.10870843449572444, 0.0] imu_quat_wxyz=[0.9998021460044395, 0.0, 0.019891426417366503, 0.0] status=0x0003
joint_pos=[6.724316379917496, -11.415914256002475, 7.3917315984826635, 14.43484212247638, -41.136145239204694, 17.03413424738296] joint_vel=[-2.2118249337757607, -5.426555743774592, 27.753374788705116, 70.21013689996006, -2.1189189204014176, 38.14918993553662] imu_ang_vel=[0.0, 0.3063338684171131, 0.0] imu_quat_wxyz=[0.9997511853902588, 0.0, 0.022306216863747983, 0.0] status=0x0003
joint_pos=[6.707214212859142, -11.490073834795167, 7.925781069377552, 15.932285092418761, -41.14331657635715, 17.41569795370137] joint_vel=[-0.28056362149078296, -2.7290062275213174, 26.48991377890503, 77.38627696347646, 0.4612984445276587, 8.88156847205031] imu_ang_vel=[0.0, 0.3968278240906186, 0.0] imu_quat_wxyz=[0.9996614131248562, 0.0, 0.026020359513569995, 0.0] status=0x0003
joint_pos=[6.634695429711098, -11.550067597698463, 8.451948110676433, 17.394976784507623, -40.9932934482243, 17.289217587573617] joint_vel=[-5.565306353748103, -3.1251325654144604, 26.86380327775736, 70.7386044896442, 11.44929310664907, -14.433705631247992] imu_ang_vel=[0.0, 0.3469587067041453, 0.0] imu_quat_wxyz=[0.9995559319829387, 0.0, 0.029798302597947638, 0.0] status=0x0003
joint_pos=[6.410247269736213, -11.629232537782881, 8.985697038796104, 18.60180835207791, -40.48612081490416, 16.718401553545863] joint_vel=[-14.395517160734796, -4.426563117577215, 27.436389400757974, 54.56769089848396, 33.10098052660394, -36.035178274295234] imu_ang_vel=[0.0, 0.20719600422019574, 0.0] imu_quat_wxyz=[0.9994730457276425, 0.0, 0.032459680588536086, 0.0] status=0x0003
joint_pos=[5.944293058615806, -11.675857010617188, 9.587864535102346, 19.40702437810145, -39.47061589494261, 15.78117732663555] joint_vel=[-26.536635106930948, -4.11293118619827, 25.45090101847863, 31.13062747687104, 61.36377193647522, -52.61973481018053] imu_ang_vel=[0.0, 0.011295910994755215, 0.0] imu_quat_wxyz=[0.9994407140625261, 0.0, 0.03344038089178875, 0.0] status=0x0003
joint_pos=[5.225859025131048, -11.65991669436743, 10.135747100512827, 19.723761735032593, -37.85030439336384, 14.579383066754264] joint_vel=[-39.53682237521542, 0.8868774155040859, 23.690125264516944, 6.542100935161268, 92.5298504445351, -64.0408347613684] imu_ang_vel=[0.0, -0.1507027478662433, 0.0] imu_quat_wxyz=[0.9994737881744303, 0.0, 0.032436811684473134, 0.0] status=0x0003
joint_pos=[4.265023381781237, -11.507272072523374, 10.588167071041418, 19.564089679253524, -35.63225703916301, 13.226963524182231] joint_vel=[-54.50008405003976, 14.58945716751123, 30.50113277768162, -14.664890255216621, 120.22538589933598, -69.41600493281175] imu_ang_vel=[0.0, -0.32370677903523304, 0.0] imu_quat_wxyz=[0.9995577058553223, 0.0, 0.029738740142194103, 0.0] status=0x0003
joint_pos=[3.089930523464226, -11.166695784785771, 10.944106408277026, 18.97612148916656, -32.89698437742345, 11.832668348544042] joint_vel=[-61.615659344301186, 19.524122223795402, 13.37507196449552, -37.11062436508801, 145.4520408788737, -69.78093061293464] imu_ang_vel=[0.0, -0.4046461206774218, 0.0] imu_quat_wxyz=[0.9996635049117024, 0.0, 0.025939871773982125, 0.0] status=0x0003
joint_pos=[1.72757968206873, -10.61549490911504, 11.197779669282022, 18.005376134143116, -29.776808252496036, 10.445811178091937] joint_vel=[-70.7471005269785, 30.352217856747583, 8.602998337122497, -55.518403256116905, 161.96796780768253, -69.05315714211959] imu_ang_vel=[0.0, -0.4710060852198323, 0.0] imu_quat_wxyz=[0.9997728002413915, 0.0, 0.021315438008325763, 0.0] status=0x0003
joint_pos=[0.25772182321258363, -9.882073948665388, 11.361317174131463, 16.743455627735365, -26.431266484618167, 9.019382331717757] joint_vel=[-74.02156002269952, 38.63021900171751, 3.6204070682778156, -68.01628463278871, 170.2235326689392, -72.48311653482483] imu_ang_vel=[0.0, -0.4911446177389887, 0.0] imu_quat_wxyz=[0.9998656822276489, 0.0, 0.016389554705303972, 0.0] status=0x0003
joint_pos=[-1.2170968807482558, -9.043476155604662, 11.477974839824096, 15.28182484786103, -23.020922776280965, 7.583593609609936] joint_vel=[-72.61446353280647, 42.33878279292385, 2.4721537439484194, -76.65138072672862, 170.61084528084177, -71.3724189855191] imu_ang_vel=[0.0, -0.4399107185640567, 0.0] imu_quat_wxyz=[0.9999302855483305, 0.0, 0.011807795866893194, 0.0] status=0x0003
joint_pos=[-2.5756208909403453, -8.324074308205676, 11.68949820800752, 13.662652772709416, -19.694407972113343, 6.235768702938611] joint_vel=[-64.23679147892959, 30.713338673279537, 9.861608052138616, -84.31493138346625, 163.92994467549468, -65.2324651861095] imu_ang_vel=[0.0, -0.3754900800205654, 0.0] imu_quat_wxyz=[0.9999689878074678, 0.0, 0.007875495115123001, 0.0] status=0x0003
joint_pos=[-3.621067647086228, -8.089252558287553, 12.188681061971673, 11.931098794851316, -16.572265159147427, 5.088696449771498] joint_vel=[-44.47611976906221, -0.7949658291452475, 27.559959626241415, -89.05595270945946, 151.8605243274048, -53.13154628700479] imu_ang_vel=[0.0, -0.2839452530382846, 0.0] imu_quat_wxyz=[0.9999888076509345, 0.0, 0.004731233756906783, 0.0] status=0x0003
joint_pos=[-4.165749182436314, -8.67721349550901, 13.185680764467024, 10.128435075662198, -13.70727382379203, 4.362956248520569] joint_vel=[-16.121077219801748, -48.649289510169595, 55.837762117406605, -92.3219819706234, 138.74520187670737, -27.31336649587625] imu_ang_vel=[0.0, -0.12934676594327285, 0.0] imu_quat_wxyz=[0.9999962900828694, 0.0, 0.002723934745495807, 0.0] status=0x0003
joint_pos=[-4.0216019829622, -10.401648332079159, 14.715814753321046, 8.265449233316623, -10.996697678231634, 4.260078341930508] joint_vel=[19.971671909396857, -107.10497013586135, 88.55462588911585, -93.69197176216821, 133.38293442475108, 6.2605919529935905] imu_ang_vel=[0.0, 0.008689607468863353, 0.0] imu_quat_wxyz=[0.9999977324330233, 0.0, 0.0021295841874981025, 0.0] status=0x0003
joint_pos=[-3.4497701435061714, -12.71525218183646, 16.879884661547877, 7.114900815194576, -9.537104277424813, 3.0563603937397485] joint_vel=[31.487234547768256, -111.70621658222284, 118.61787708420317, -36.72372856262004, 40.696929972421124, -90.98030630476971] imu_ang_vel=[0.0, -0.041408062400205774, 0.0] imu_quat_wxyz=[0.9999972879842706, 0.0, 0.002328953435330443, 0.0] status=0x0003
joint_pos=[-2.536253246192727, -14.376569049980137, 19.87480717361157, 6.560436642191254, -8.687509336462472, 2.862409270884205] joint_vel=[51.467489867870974, -66.93192469935315, 166.31798295973104, -19.171713218266422, 39.54434791915576, 4.628967945472189] imu_ang_vel=[0.0, 0.36126742685982566, 0.0] imu_quat_wxyz=[0.9999908218694508, 0.0, 0.004284410911715131, 0.0] status=0x0003
joint_pos=[-1.140235465136142, -15.963256292701612, 23.294235921917387, 6.33605814484435, -7.7870174046996565, 2.8803795620736494] joint_vel=[79.85122021534724, -85.82071879895224, 173.27227970223396, -7.032626315049223, 48.28544347514064, -0.9193326682792748] imu_ang_vel=[0.0, 0.6537272515278627, 0.0] imu_quat_wxyz=[0.999951565636256, 0.0, 0.00984207201764383, 0.0] status=0x0003
joint_pos=[0.5813357645880203, -18.178439406313494, 26.573865895128687, 6.052462390476324, -6.699883020692653, 2.7967003455339885] joint_vel=[89.3885112525063, -124.2314845621123, 158.7934426379651, -18.337501289184708, 58.06317234783435, -5.981964399216327] imu_ang_vel=[0.0, 0.6180149190091381, 0.0] imu_quat_wxyz=[0.9998641271007918, 0.0, 0.01648415411756882, 0.0] status=0x0003
joint_pos=[2.2902091501274398, -20.80583512283658, 29.581995907332093, 5.508595468343705, -5.417956713945611, 2.6191560025189586] joint_vel=[83.18387124357109, -134.99138108040938, 145.76174835164286, -32.240611065551185, 67.91176480390763, -10.438439177791635] imu_ang_vel=[0.0, 0.4738051973039847, 0.0] imu_quat_wxyz=[0.9997626523931291, 0.0, 0.021786208478194454, 0.0] status=0x0003
joint_pos=[3.88804576524808, -23.36990472755655, 32.169138246012096, 4.786300183383455, -3.888030181783594, 2.3225853815733846] joint_vel=[78.05884731839818, -124.14525820822847, 120.48603750082493, -38.4083544956286, 81.90080358729168, -17.195135327691837] imu_ang_vel=[0.0, 0.45542020030346336, 0.0] imu_quat_wxyz=[0.9996550938462186, 0.0, 0.026262013390214393, 0.0] status=0x0003
joint_pos=[5.356897512088702, -25.642885639375546, 34.24669573384721, 3.924145743480629, -2.026167924843088, 1.876091480619551] joint_vel=[70.91953968709157, -107.60036051749252, 94.93367438408623, -45.847787253905196, 100.07185351566804, -25.354145020719226] imu_ang_vel=[0.0, 0.49328869334862585, 0.0] imu_quat_wxyz=[0.999518308461558, 0.0, 0.03103467496439632, 0.0] status=0x0003
joint_pos=[6.722240902321965, -27.700083187824465, 35.91658578123052, 2.8849448490883853, 0.25673569592493933, 1.2424849329255168] joint_vel=[66.85356735128946, -100.03032351570802, 77.32642514654151, -55.530991914344106, 122.87760345242881, -35.55143427817598] imu_ang_vel=[0.0, 0.5399721853909066, 0.0] imu_quat_wxyz=[0.999342491875963, 0.0, 0.03625719144033037, 0.0] status=0x0003
joint_pos=[7.778627039659415, -29.840026800853295, 37.287942331320714, 2.3914804641732417, 0.6769689738056462, 1.5071521855354497] joint_vel=[47.50404881775065, -108.11141816991996, 63.758619790694596, -18.024680986748287, -5.183930112899211, 26.636124676331015] imu_ang_vel=[0.0, 0.12333666418158891, 0.0] imu_quat_wxyz=[0.9992266178112554, 0.0, 0.03932132064770021, 0.0] status=0x0003
joint_pos=[8.520790866751211, -31.35390524914684, 38.65943293456171, 2.0626586578081487, 0.4589482924182154, 2.0998877082856304] joint_vel=[31.73571152310084, -57.28862670992574, 71.15420019593623, -16.599515024712503, -10.935145453991062, 30.09750819105147] imu_ang_vel=[0.0, 0.050747102962980455, 0.0] imu_quat_wxyz=[0.9992043694252805, 0.0, 0.039882679466501605, 0.0] status=0x0003
joint_pos=[9.110477192137743, -31.956340044997713, 39.83086808964857, 1.7836735502297634, 0.29595705765967073, 2.6659449602418914] joint_vel=[28.321873474991847, -14.888315467058247, 51.82895900126408, -12.511997892870214, -6.531964779903531, 27.600918924224654] imu_ang_vel=[0.0, 0.13594319408762134, 0.0] imu_quat_wxyz=[0.9991657803471559, 0.0, 0.040838013948513587, 0.0] status=0x0003
joint_pos=[9.604987770500088, -31.928345934929787, 40.53532833462278, 1.4750964591892546, 0.20758792197667586, 3.205754695930486] joint_vel=[22.81309350187211, 10.291807220072275, 26.328794748348624, -17.026701462726017, -3.405390202125774, 26.675537719576806] imu_ang_vel=[0.0, 0.12578527700230277, 0.0] imu_quat_wxyz=[0.999106204964594, 0.0, 0.042270453052298346, 0.0] status=0x0003
joint_pos=[9.986738536845397, -31.527168025601735, 40.68691333508954, 1.0439273128991324, 0.16350502823582752, 3.7238094617685054] joint_vel=[17.055118029881196, 25.471338543941723, -2.0120027489587993, -24.0949781883872, -1.6648685291039, 25.80164338356429] imu_ang_vel=[0.0, 0.03309855201441936, 0.0] imu_quat_wxyz=[0.9990750044755408, 0.0, 0.0430015747641673, 0.0] status=0x0003
joint_pos=[10.300286387546983, -30.90029382587641, 40.32041425915253, 0.481792641973783, 0.1430224342916965, 4.31910540164069] joint_vel=[14.006488473574665, 35.850510384270976, -27.212371336999276, -29.58964076492709, -0.8239546076337989, 23.073013272750632] imu_ang_vel=[0.0, -0.06342557682525832, 0.0] imu_quat_wxyz=[0.9990860035969478, 0.0, 0.042745261920822335, 0.0] status=0x0003
joint_pos=[10.588924589306973, -30.07639277620093, 39.4915032207252, -0.13812111697896814, 0.13381841462608068, 4.7842002448209655] joint_vel=[14.66190598929781, 44.14771396794208, -49.021143996621994, -31.8429553151174, -0.32227326856231125, 23.57404051377285] imu_ang_vel=[0.0, -0.11202992794754198, 0.0] imu_quat_wxyz=[0.9991277064915555, 0.0, 0.04175914415938496, 0.0] status=0x0003
joint_pos=[10.922717629214107, -29.113807658742463, 38.27190045785873, -0.7706048907319807, 0.13031646772986394, 5.258461402224262] joint_vel=[17.7857915393096, 50.31581213500981, -67.3195771053749, -31.58305753090466, -0.12052016642992734, 23.957401715801957] imu_ang_vel=[0.0, -0.11596759125739113, 0.0] imu_quat_wxyz=[0.9991763398637703, 0.0, 0.04057883507986987, 0.0] status=0x0003
joint_pos=[11.34927370497936, -28.079886756535227, 36.72096168774101, -1.3862077940514606, 0.1293068872640966, 5.816684152742378] joint_vel=[22.33305744552699, 53.52190965612828, -83.09432192695351, -29.748505677977327, -0.08384952260356368, 22.164527515441858] imu_ang_vel=[0.0, -0.0935492415487781, 0.0] imu_quat_wxyz=[0.9992172683573748, 0.0, 0.03955819278513643, 0.0] status=0x0003
joint_pos=[11.876215576042613, -27.01001619061602, 34.89312881013649, -1.9465674722234612, 0.12973979353120974, 6.268069202321796] joint_vel=[28.505563659699625, 53.439955040153535, -95.74078445473455, -27.143427281358314, 0.04501329546172018, 23.02774808633901] imu_ang_vel=[0.0, -0.0500228865827453, 0.0] imu_quat_wxyz=[0.9992440168297695, 0.0, 0.038876661763934964, 0.0] status=0x0003
joint_pos=[12.544176207442488, -25.97062818002959, 32.86029925211374, -2.448376107221233, 0.132216591432142, 6.81174276917425] joint_vel=[35.03386212030138, 52.2205729922008, -104.84327438960302, -23.365623099753254, 0.0036804944997088, 21.771974475898933] imu_ang_vel=[0.0, 0.010940202852137537, 0.0] imu_quat_wxyz=[0.9992488832415218, 0.0, 0.03875137856349749, 0.0] status=0x0003
joint_pos=[13.33513212097203, -24.932198884566937, 30.67931558114317, -2.851555443667408, 0.1348035868122727, 7.253507657895272] joint_vel=[41.967690073673495, 51.71241340771999, -111.18604286879315, -18.460004144780015, 0.1471829918481426, 22.662504695738736] imu_ang_vel=[0.0, 0.09324381406642002, 0.0] imu_quat_wxyz=[0.9992256947502154, 0.0, 0.03934477031257615, 0.0] status=0x0003
joint_pos=[14.24433791644805, -23.839750031796147, 28.420707503214228, -3.145545879087308, 0.13770164094706372, 7.779715874064291] joint_vel=[46.50493014897464, 56.97001187872565, -113.834581548284, -12.158838861934758, 0.07771664832010264, 22.200032908494645] imu_ang_vel=[0.0, 0.2008334108520399, 0.0] imu_quat_wxyz=[0.9991617872617028, 0.0, 0.04093559424266115, 0.0] status=0x0003
joint_pos=[15.205396674486538, -22.523127848189223, 26.15760999240373, -3.2860068439078107, 0.13399450511837913, 8.31935851508994] joint_vel=[48.04281088914801, 71.51347710610638, -112.75613909644095, -3.7953704129056938, -0.39149756394409574, 24.159489062469948] imu_ang_vel=[0.0, 0.3509547256371143, 0.0] imu_quat_wxyz=[0.9990392804571588, 0.0, 0.0438236934048495, 0.0] status=0x0003
joint_pos=[16.095329546283974, -20.63790863318783, 23.937523083484052, -3.193772232851646, 0.09655699638430505, 8.891742609380907] joint_vel=[43.78217705405375, 105.70070998508976, -109.81289521068582, 8.391935759463031, -1.800042525283646, 40.14507411358065] imu_ang_vel=[0.0, 0.5676289277635541, 0.0] imu_quat_wxyz=[0.9988191267400571, 0.0, 0.04858345457282382, 0.0] status=0x0003
joint_pos=[16.469375857599672, -17.331252380122535, 21.52235459355268, -2.20412669013997, -1.3725458386576856, 10.150728410692263] joint_vel=[5.930258622204553, 197.18472716198187, -126.35026919314092, 71.11814242235894, -110.98464968277688, 82.5849485167376] imu_ang_vel=[0.0, 0.7473047438380971, 0.0] imu_quat_wxyz=[0.9984622520836602, 0.0, 0.055435829244499975, 0.0] status=0x0003
joint_pos=[16.032623999840908, -13.804785131516415, 17.570934716391164, -0.27128985191471944, -5.170046075270837, 12.701844166897088] joint_vel=[-29.29582732381584, 121.01198061393661, -265.92056388858344, 108.41969557795365, -232.42480847496213, 138.72126486067265] imu_ang_vel=[0.0, 0.5205857215767057, 0.0] imu_quat_wxyz=[0.998056572260963, 0.0, 0.06231435281455676, 0.0] status=0x0003
sim t=   13.02s  x= 2.509m z= 0.531m pitch= 7.48deg action=[-1.0, 0.96, 0.148, 1.0, -1.0, 0.072]
joint_pos=[15.11315265705898, -11.265406139082588, 12.502724530556065, 2.2390893593306758, -10.912414132706207, 15.053159211512325] joint_vel=[-55.41333377389001, 130.70553572009135, -248.61756426099078, 134.6678855997685, -316.4325112272146, 105.9654053479078] imu_ang_vel=[0.0, 0.14475809379227153, 0.0] imu_quat_wxyz=[0.9978805665675252, 0.0, 0.06507207440119618, 0.0] status=0x0003
joint_pos=[13.792894617431863, -8.680798815114548, 8.097724920520976, 5.114204125298491, -17.652469729073136, 16.47900781148726] joint_vel=[-72.05411162438058, 129.13332569307047, -206.89490943072747, 148.52407886089355, -347.2130593477512, 52.62714995621233] imu_ang_vel=[0.0, -0.10628332903287953, 0.0] imu_quat_wxyz=[0.9978956242484622, 0.0, 0.06484075189085782, 0.0] status=0x0003
joint_pos=[12.461973052285256, -6.776373065142114, 4.827268581965837, 7.926778439574612, -24.385941694801115, 16.90661398338272] joint_vel=[-63.565444548219055, 76.96681854129585, -141.82844941174284, 135.8794081033334, -329.9351953206805, 5.045677973014044] imu_ang_vel=[0.0, -0.31750563430964923, 0.0] imu_quat_wxyz=[0.9980476074905413, 0.0, 0.06245777119307306, 0.0] status=0x0003
joint_pos=[11.274421571161177, -6.172878829607745, 2.9334860587814253, 10.035530422354881, -30.24483569119339, 16.099274831792673] joint_vel=[-57.06020886474916, 4.701436955915297, -70.31113177353706, 88.28957148793616, -272.095935343783, -64.4858747565556] imu_ang_vel=[0.0, -0.6686158451718544, 0.0] imu_quat_wxyz=[0.9983590945291411, 0.0, 0.057263586780375325, 0.0] status=0x0003
joint_pos=[10.265622694125467, -6.768936880977729, 1.8825096828712349, 11.22465258133858, -34.80297516182268, 14.129460973161734] joint_vel=[-46.656183180372565, -48.991594141901714, -43.23705174048617, 43.274329879232276, -203.3770292012345, -116.45312253101498] imu_ang_vel=[0.0, -0.9417202558546056, 0.0] imu_quat_wxyz=[0.9988103955334985, 0.0, 0.04876262681825506, 0.0] status=0x0003
joint_pos=[9.1832572551354, -7.943667635506231, 2.959593711871073, 11.593289472021887, -37.735602359788025, 12.433625321601568] joint_vel=[-55.98844397043563, -63.225955184776915, 60.442190129322185, 2.9940907332055504, -119.64377926870957, -67.38637949851257] imu_ang_vel=[0.0, -1.018782003738593, 0.0] imu_quat_wxyz=[0.9992446807398762, 0.0, 0.038859593578200034, 0.0] status=0x0003
joint_pos=[8.226590061348709, -9.137000676063726, 4.097976870363775, 11.598627704452785, -39.44034008311989, 11.769072549317299] joint_vel=[-43.08636393339338, -58.010692719902565, 56.042193703171556, -1.087105573414987, -65.89519652183591, -14.843245034094554] imu_ang_vel=[0.0, -0.8435475517556879, 0.0] imu_quat_wxyz=[0.9995668647548885, 0.0, 0.02942928616331551, 0.0] status=0x0003
joint_pos=[7.437232779700749, -10.024838097888425, 5.073918594314204, 11.685589857682999, -40.37070130880995, 12.561893989269675] joint_vel=[-37.3145467980675, -37.2015166593138, 45.01875381312934, 7.353010592839411, -35.430725584115876, 68.7953989075375] imu_ang_vel=[0.0, -0.5734898709183632, 0.0] imu_quat_wxyz=[0.9997428572277282, 0.0, 0.022676406728982787, 0.0] status=0x0003
joint_pos=[6.897719007953453, -10.617565624047202, 5.88397803125821, 12.108188385395065, -40.78005487540756, 14.174794842995015] joint_vel=[-21.243743083825876, -25.628469077447, 38.05869826353128, 28.71467214674536, -11.901909563071182, 86.9465656797379] imu_ang_vel=[0.0, -0.23481269774535696, 0.0] imu_quat_wxyz=[0.9998199776010874, 0.0, 0.018973992457072233, 0.0] status=0x0003
joint_pos=[6.633346453255824, -10.9852630639859, 6.562938747617433, 12.974994556083756, -40.89976296044213, 15.779631170885734] joint_vel=[-8.826718189450961, -14.4779141678819, 31.669877393555804, 51.36682893620656, -2.537378664937213, 76.59883024189985] imu_ang_vel=[0.0, 0.07598055115062854, 0.0] imu_quat_wxyz=[0.9998268160430225, 0.0, 0.018610156401063994, 0.0] status=0x0003
joint_pos=[6.546484129327173, -11.192115346637577, 7.162378358550038, 14.21504243278424, -40.92144521454969, 16.87396699007767] joint_vel=[-1.9358243222894962, -8.108022325874016, 28.881580717176586, 67.81898587273602, -0.34065457895534457, 42.97851294371778] imu_ang_vel=[0.0, 0.2814411992981106, 0.0] imu_quat_wxyz=[0.9997847309362422, 0.0, 0.020748295996198797, 0.0] status=0x0003
joint_pos=[6.54365164803117, -11.315160689211075, 7.717763951340381, 15.680673596614271, -40.906736450205976, 17.33716706036137] joint_vel=[0.5993463927776637, -5.0003303778335955, 27.47275631822741, 76.11880796502824, 1.3739050842819978, 12.546547558144304] imu_ang_vel=[0.0, 0.38429277899832376, 0.0] imu_quat_wxyz=[0.9997049883329217, 0.0, 0.02428860437063063, 0.0] status=0x0003
joint_pos=[6.498719539014634, -11.416137974674596, 8.263157898055796, 17.13454882311876, -40.755038051022034, 17.25957325346752] joint_vel=[-3.906582503941711, -5.058127710708614, 27.785554906809168, 70.74870922892872, 11.063147006704943, -12.645619143366684] imu_ang_vel=[0.0, 0.3522955528064098, 0.0] imu_quat_wxyz=[0.9996065044299051, 0.0, 0.028050602514494725, 0.0] status=0x0003
joint_pos=[6.314997146980869, -11.535264263374033, 8.81651265041387, 18.356452122803496, -40.27977646945974, 16.7054522935484] joint_vel=[-12.155068068057346, -6.464332155902411, 28.460307273245053, 55.72854291365457, 30.826909971917694, -35.71242697758011] imu_ang_vel=[0.0, 0.22519769647109475, 0.0] imu_quat_wxyz=[0.9995240027137267, 0.0, 0.03085073741630955, 0.0] status=0x0003
joint_pos=[5.8927178515191185, -11.62086450547334, 9.450690284973819, 19.1922097382823, -39.3266011592708, 15.77768722273267] joint_vel=[-24.093106089779965, -6.559500037435066, 26.647001975354108, 32.688804810347214, 57.95158809803962, -52.07719548286594] imu_ang_vel=[0.0, 0.03612994772758134, 0.0] imu_quat_wxyz=[0.9994861861156998, 0.0, 0.032052515718623935, 0.0] status=0x0003
joint_pos=[5.219432800649834, -11.652071966470801, 10.022998290340226, 19.538651778701094, -37.77717299160903, 14.58733397415802] joint_vel=[-40.98459102378935, 4.938621262532931, 39.107764115907884, 10.376134314744096, 87.22464508502448, -63.369315111963324] imu_ang_vel=[0.0, -0.15454660873500242, 0.0] imu_quat_wxyz=[0.9995131531728012, 0.0, 0.031200266578418054, 0.0] status=0x0003
joint_pos=[4.327303539058298, -11.581822982440844, 10.445811506556591, 19.39934213422267, -35.60947523816669, 13.25595407444585] joint_vel=[-48.55208037678847, 6.410983562898903, 19.929115015923035, -15.074307243107613, 118.94820554569021, -68.14817223416472] imu_ang_vel=[0.0, -0.29813495858519495, 0.0] imu_quat_wxyz=[0.9995856344934088, 0.0, 0.028784706258868503, 0.0] status=0x0003
joint_pos=[3.1595106481946416, -11.239350825850613, 10.876658539598516, 18.82419267496535, -32.91705935872146, 11.911572182861986] joint_vel=[-64.26008080765493, 24.18158919525275, 24.899635229304252, -35.88106065312474, 142.85124939407845, -66.63078000703612] imu_ang_vel=[0.0, -0.4162786228890865, 0.0] imu_quat_wxyz=[0.9996845828315175, 0.0, 0.02511443507178111, 0.0] status=0x0003
joint_pos=[1.8257990551371819, -10.707697757325393, 11.13935190179276, 17.866952593369042, -29.82255095777672, 10.526837154400353] joint_vel=[-70.99192250606434, 33.61430441736439, 20.008471357943744, -52.18457937590283, 159.7791593885524, -70.49868751333217] imu_ang_vel=[0.0, -0.47012240539561645, 0.0] imu_quat_wxyz=[0.9997876439577662, 0.0, 0.02060744985142539, 0.0] status=0x0003
joint_pos=[0.40065183208433736, -10.00747417666394, 11.323216478705111, 16.633475035570427, -26.499949211201717, 9.124426927067413] joint_vel=[-71.8412872563816, 36.836874880328196, 5.231532017340547, -66.56221748358311, 169.10423401025488, -69.8427511399322] imu_ang_vel=[0.0, -0.4491337386536363, 0.0] imu_quat_wxyz=[0.999872342117734, 0.0, 0.01597809337803027, 0.0] status=0x0003
joint_pos=[-1.0590078221171113, -9.213980694059941, 11.465724986734804, 15.164718880475169, -23.102891145284833, 7.74525210320284] joint_vel=[-72.59251166410677, 39.622236202872784, 3.5793203593740577, -78.03997562547349, 170.24302841996263, -68.44629069458749] imu_ang_vel=[0.0, -0.44985711345407753, 0.0] imu_quat_wxyz=[0.9999343841218788, 0.0, 0.011455455067292968, 0.0] status=0x0003
joint_pos=[-2.4085411522349434, -8.537565313111065, 11.694569445739686, 13.529466967995779, -19.76226460922362, 6.40689728102112] joint_vel=[-63.45353548185277, 28.662172882049852, 10.31652551146076, -84.86127980637748, 165.2893527371098, -66.07393960436002] imu_ang_vel=[0.0, -0.38363442436750805, 0.0] imu_quat_wxyz=[0.9999728678227655, 0.0, 0.007366384344702125, 0.0] status=0x0003
joint_pos=[-3.4578898007883185, -8.301722123628837, 12.19336098234462, 11.789630313071799, -16.60839904138148, 5.240512817399894] joint_vel=[-45.02729048285718, 0.06809167089740678, 26.60211288497241, -89.51838376156904, 153.6498884173428, -54.169372324734965] imu_ang_vel=[0.0, -0.28680395127372244, 0.0] imu_quat_wxyz=[0.9999913067853001, 0.0, 0.0041696946923927706, 0.0] status=0x0003
joint_pos=[-3.988329511676947, -8.898646195058399, 13.090941329756893, 9.976288004470337, -13.697241842548397, 4.487284975093238] joint_vel=[-16.2073204093483, -46.60410731623415, 54.56297073530189, -91.57833421659716, 140.7298524655857, -28.82368638641651] imu_ang_vel=[0.0, -0.1525614131529508, 0.0] imu_quat_wxyz=[0.9999977977248538, 0.0, 0.002098700894019919, 0.0] status=0x0003
joint_pos=[-3.863462320064734, -10.51491749461937, 14.679683431822468, 8.1563035990346, -10.934394329143977, 4.385646556697748] joint_vel=[20.30626981613333, -103.51183727876787, 85.87758562092665, -92.53336375466387, 136.9341574184169, 7.120578729814531] imu_ang_vel=[0.0, 0.03790678028780638, 0.0] imu_quat_wxyz=[0.9999983479465551, 0.0, 0.001817719494442645, 0.0] status=0x0003
joint_pos=[-3.282035577340063, -12.786522504785102, 16.80382552636841, 7.0314841942585415, -9.447848894295143, 3.1506757140303825] joint_vel=[32.031697884106066, -110.50577771822148, 117.07648086204135, -35.42425186505587, 41.40065132453678, -93.25745889301008] imu_ang_vel=[0.0, -0.01470316664032538, 0.0] imu_quat_wxyz=[0.9999973197547827, 0.0, 0.0023152717445049844, 0.0] status=0x0003
joint_pos=[-2.392684268985297, -14.432235945074115, 19.77131937942868, 6.509127530389297, -8.632286287804213, 2.7719907936147465] joint_vel=[50.898310236063004, -66.83462328090178, 165.2509471658487, -20.771144923416077, 42.630766700237146, 5.812056820990118] imu_ang_vel=[0.0, 0.3706314488746735, 0.0] imu_quat_wxyz=[0.9999909820563748, 0.0, 0.004246858359664874, 0.0] status=0x0003
joint_pos=[-1.0118846449748422, -16.02572046991471, 23.180278854383015, 6.252663921111604, -7.676858283641705, 2.8090459200424536] joint_vel=[78.96949415040157, -86.40583395231836, 173.03930331911113, -8.628285177902537, 50.858564625861284, -0.2645650703699716] imu_ang_vel=[0.0, 0.6568123410764953, 0.0] imu_quat_wxyz=[0.9999513980167686, 0.0, 0.009859087397423976, 0.0] status=0x0003
joint_pos=[0.6838375653538484, -18.238875527398054, 26.46224032936865, 5.939737733454963, -6.542785690912471, 2.7302042294652495] joint_vel=[87.87589875283612, -123.75450120497729, 159.09930640757642, -19.74437565930612, 60.32009813216381, -5.957932289486729] imu_ang_vel=[0.0, 0.6190747192266756, 0.0] imu_quat_wxyz=[0.9998636332659115, 0.0, 0.01651408103076632, 0.0] status=0x0003
joint_pos=[2.3663858585735813, -20.856360981499382, 29.47937714369803, 5.375245609150833, -5.21848221403444, 2.5488927934048085] joint_vel=[81.98030089613252, -134.48851354794917, 146.2896047644839, -33.07594461964035, 69.98365141444661, -10.735682800169204] imu_ang_vel=[0.0, 0.48063689924692704, 0.0] imu_quat_wxyz=[0.9997611297872517, 0.0, 0.021855968670318204, 0.0] status=0x0003
joint_pos=[3.9492906099866882, -23.423204607365285, 32.083602297370646, 4.640582048302976, -3.6456407326002007, 2.242732752634441] joint_vel=[77.56680506579814, -124.63801706538364, 121.51284455907344, -38.917160437899305, 84.11055823365965, -17.778730792196377] imu_ang_vel=[0.0, 0.468928653135278, 0.0] imu_quat_wxyz=[0.9996503263255889, 0.0, 0.026442864389917768, 0.0] status=0x0003
joint_pos=[5.415493693539304, -25.722516941242255, 34.18447052994007, 3.768408721869768, -1.7363515548500132, 1.781384443863636] joint_vel=[70.98740839262035, -109.37100127930202, 96.17104803944198, -46.35402425338472, 102.55421521266712, -26.18831202994603] imu_ang_vel=[0.0, 0.5100019171677007, 0.0] imu_quat_wxyz=[0.9995077139311196, 0.0, 0.03137403053780699, 0.0] status=0x0003
joint_pos=[6.78767636755475, -27.827276663315235, 35.874978718868306, 2.7173693394125933, 0.6023377435820496, 1.127096236108803] joint_vel=[67.35033547719489, -102.74312432030135, 78.24550815214691, -56.17937154746865, 125.8596222590598, -36.697757030239025] imu_ang_vel=[0.0, 0.5586762882577077, 0.0] imu_quat_wxyz=[0.9993235270078613, 0.0, 0.03677619295914509, 0.0] status=0x0003
joint_pos=[7.838785663561398, -30.036183826609093, 37.26210810162414, 2.265011805945582, 0.9165881043089796, 1.447305891669918] joint_vel=[47.117231304755514, -111.74422796547509, 64.4813418819837, -15.605725170424488, -11.782995295442417, 30.08071903190635] imu_ang_vel=[0.0, 0.11125256749706756, 0.0] imu_quat_wxyz=[0.9992060127536416, 0.0, 0.03984148688200946, 0.0] status=0x0003
joint_pos=[8.568035326178455, -31.57688966390456, 38.672797107179086, 1.9796619387169403, 0.5914281891415245, 2.0971601287414443] joint_vel=[30.990324550660663, -57.3421129682497, 73.78049534637448, -14.634127340542765, -15.3660273710288, 32.51358130581711] imu_ang_vel=[0.0, 0.04607877766817078, 0.0] imu_quat_wxyz=[0.9991872134773849, 0.0, 0.04031020247156722, 0.0] status=0x0003
joint_pos=[9.150649679157437, -32.15651217765635, 39.89181945473536, 1.7392795374139431, 0.3663021192201791, 2.6977798447872585] joint_vel=[28.191945475664244, -13.084468923413477, 54.07592351354395, -10.579025632123239, -8.961296617931284, 28.983643866623506] imu_ang_vel=[0.0, 0.1474966288095989, 0.0] imu_quat_wxyz=[0.9991460586973431, 0.0, 0.04131771278235829, 0.0] status=0x0003
joint_pos=[9.64664515641012, -32.09558455127435, 40.62882476872246, 1.4608455618969565, 0.24481425954535938, 3.257802260494259] joint_vel=[22.971780476803186, 11.977463250082211, 27.618926780306776, -15.725901308250428, -4.684315982443887, 27.497078336424416] imu_ang_vel=[0.0, 0.1404185839806197, 0.0] imu_quat_wxyz=[0.9990794196786287, 0.0, 0.04289887148416209, 0.0] status=0x0003
joint_pos=[10.031282808404395, -31.668150618538068, 40.78983477733482, 1.0460134172864546, 0.18347375349342687, 3.787364865931242] joint_vel=[17.19401958898497, 26.570531815672847, -1.9799234790105653, -23.539996839940468, -2.328465467409981, 26.273928048473273] imu_ang_vel=[0.0, 0.04149350830378756, 0.0] imu_quat_wxyz=[0.9990427916177765, 0.0, 0.04374357686060907, 0.0] status=0x0003
joint_pos=[10.348750197572176, -31.02740110831942, 40.413998618989766, 0.4884841011648825, 0.154084788268276, 4.388785905327772] joint_vel=[14.241658103859619, 36.310250916546806, -27.944856390197504, -29.543647248632663, -1.1651237752707875, 23.365212166696015] imu_ang_vel=[0.0, -0.061933007261430494, 0.0] imu_quat_wxyz=[0.9990522653794343, 0.0, 0.04352667044721475, 0.0] status=0x0003
joint_pos=[10.643782104945727, -30.196764874361925, 39.567652776182264, -0.13277430261505363, 0.14021333247186532, 4.858101757251615] joint_vel=[15.028917069617972, 44.4159723168201, -49.96673735816822, -31.973344605815956, -0.5028710321840725, 23.74594350686247] imu_ang_vel=[0.0, -0.11385609220008515, 0.0] imu_quat_wxyz=[0.9990951509052843, 0.0, 0.04253092330936592, 0.0] status=0x0003
joint_pos=[10.986984771069915, -29.22721886795895, 38.33065262670672, -0.7674108602081481, 0.13420900178445622, 5.334921595242132] joint_vel=[18.31335364159507, 50.709534256227826, -68.14814882166009, -31.678473740213544, -0.21788284286149565, 24.060739951075604] imu_ang_vel=[0.0, -0.11770124720414751, 0.0] imu_quat_wxyz=[0.9991455435814232, 0.0, 0.04133016744924135, 0.0] status=0x0003
joint_pos=[11.425728275516333, -28.183834411954326, 36.76563646090259, -1.38411322038561, 0.13185710586040592, 5.894083474662147] joint_vel=[22.994316496393054, 54.03354802486346, -83.72929375325737, -29.788606072442562, -0.1321304025818703, 22.245112580961475] imu_ang_vel=[0.0, -0.09427784873731315, 0.0] imu_quat_wxyz=[0.9991877091338621, 0.0, 0.040297914534434286, 0.0] status=0x0003
joint_pos=[11.967164024032598, -27.10347715283174, 34.92791510953472, -1.9448722215535241, 0.13165167699727484, 6.346635248775446] joint_vel=[29.264309336378563, 53.97136335814894, -96.15949386123792, -27.152202993151704, 0.018949748224971273, 23.074886394062922] imu_ang_vel=[0.0, -0.05012724994726489, 0.0] imu_quat_wxyz=[0.9992150757000563, 0.0, 0.03961353927296654, 0.0] status=0x0003
joint_pos=[12.650849720029003, -26.053437424513238, 32.88911453544698, -2.4466699848725537, 0.13367773400674796, 6.890442960152271] joint_vel=[35.841888927378676, 52.74585676841595, -105.07544052287311, -23.367969375391652, -0.012495109593245053, 21.823342216655657] imu_ang_vel=[0.0, 0.011022834403670271, 0.0] imu_quat_wxyz=[0.9992200298628204, 0.0, 0.03948837703608903, 0.0] status=0x0003
joint_pos=[13.457791872305815, -25.00339872559371, 30.704655138322327, -2.8496731434446305, 0.1359559002448601, 7.333146164760646] joint_vel=[42.76120088685605, 52.32275462553356, -111.32825932357181, -18.445590432088004, 0.13378333062162145, 22.705667249705385] imu_ang_vel=[0.0, 0.09363380037841693, 0.0] imu_quat_wxyz=[0.9991963013752881, 0.0, 0.040084302637619536, 0.0] status=0x0003
joint_pos=[14.381220807513511, -23.89530863868989, 28.443560411706073, -3.143180831139886, 0.13860060861951992, 7.859925498601426] joint_vel=[47.17491824868849, 57.84019009013449, -113.94787737343691, -12.132876627724047, 0.0671455882737101, 22.271311864775562] imu_ang_vel=[0.0, 0.20173590413022663, 0.0] imu_quat_wxyz=[0.9991309396593984, 0.0, 0.04168171559962058, 0.0] status=0x0003
joint_pos=[15.351712591741938, -22.55429397366231, 26.177834456007698, -3.28128637618721, 0.13335327663311172, 8.393859010263487] joint_vel=[48.34244346724415, 72.92183779444593, -112.89584972151685, -3.5437612225655752, -0.3977801121152942, 22.88647473145737] imu_ang_vel=[0.0, 0.35020664464244655, 0.0] imu_quat_wxyz=[0.9990055481356921, 0.0, 0.04458603810729685, 0.0] status=0x0003
joint_pos=[16.24164480405054, -20.613340950118296, 23.953133740926464, -3.181609025966784, 0.09405808760065167, 8.972484356693045] joint_vel=[41.58695966929201, 111.13345333541125, -110.29104382371564, 9.956569143294633, -2.254567521835778, 26.715310174632467] imu_ang_vel=[0.0, 0.580018781784547, 0.0] imu_quat_wxyz=[0.998778503928142, 0.0, 0.049411538035789994, 0.0] status=0x0003
joint_pos=[16.58851023588578, -17.222156630334737, 21.51655797918028, -2.1967835143513725, -1.3739434016694985, 10.289509024356223] joint_vel=[4.805202262756887, 201.03731396796874, -127.77017653729732, 70.02385759763992, -110.99069726466092, 93.55869076631691] imu_ang_vel=[0.0, 0.747525219323929, 0.0] imu_quat_wxyz=[0.9984115680013247, 0.0, 0.05634128931020422, 0.0] status=0x0003
joint_pos=[16.10674307569091, -13.644031978037377, 17.46350754545267, -0.243770445425454, -5.2451850625583445, 12.789532311105374] joint_vel=[-30.147986308411518, 122.10971877768284, -272.59347352577146, 108.63288793842617, -234.59379356471948, 138.43918944080067] imu_ang_vel=[0.0, 0.5040833906899751, 0.0] imu_quat_wxyz=[0.9980069525949508, 0.0, 0.06310406145518498, 0.0] status=0x0003
sim t=   14.02s  x= 2.708m z= 0.531m pitch= 7.55deg action=[-1.0, 0.958, 0.143, 1.0, -1.0, 0.056]
joint_pos=[15.169190958916351, -11.078858883547895, 12.276288136140314, 2.2724599597637436, -11.023184905280006, 15.1033228763615] joint_vel=[-56.346781874573594, 132.1156348947529, -254.204744299396, 135.00687634969026, -317.9976174623003, 103.23986444606591] imu_ang_vel=[0.0, 0.13057838054050003, 0.0] imu_quat_wxyz=[0.99783911849026, 0.0, 0.06570459352724871, 0.0] status=0x0003
joint_pos=[13.823103249213403, -8.48230925096247, 7.84526347844655, 5.152397178422902, -17.801030480506032, 16.49806646979295] joint_vel=[-73.53150586193402, 129.2951192801436, -205.94742372086642, 148.70547953632519, -349.2618540082063, 51.69758198925636] imu_ang_vel=[0.0, -0.12408666659739423, 0.0] imu_quat_wxyz=[0.997864479044763, 0.0, 0.0653183087711524, 0.0] status=0x0003
joint_pos=[12.473543016095185, -6.595203190274057, 4.618080266295723, 7.956602265975099, -24.543275361690455, 16.908589820336474] joint_vel=[-64.19035697580047, 75.53414920887488, -139.00780048197157, 135.1298286244533, -329.4920004732919, 4.237989391870852] imu_ang_vel=[0.0, -0.33396635435237876, 0.0] imu_quat_wxyz=[0.9980288027866981, 0.0, 0.06275753985100055, 0.0] status=0x0003
joint_pos=[11.275788266086268, -6.037645956452754, 2.791282604945941, 10.036987373374062, -30.378903700679054, 16.052709444781897] joint_vel=[-57.50418232982583, 1.9165909301906174, -66.65264885835441, 86.49888263936244, -270.5500624900434, -67.77532157156868] imu_ang_vel=[0.0, -0.6905167389275331, 0.0] imu_quat_wxyz=[0.9983526603517746, 0.0, 0.05737565309897741, 0.0] status=0x0003
joint_pos=[10.257588682042977, -6.681734211809862, 1.8029972997457038, 11.19194265490728, -34.90703307018598, 14.040204421660052] joint_vel=[-47.13682341406597, -51.19552204898433, -40.36098333213981, 41.61121162983288, -201.90410674908404, -117.96841811660813] imu_ang_vel=[0.0, -0.963401761540434, 0.0] imu_quat_wxyz=[0.9988159882482278, 0.0, 0.048647935410622144, 0.0] status=0x0003
joint_pos=[9.164643812088329, -7.886077309023757, 2.891677962544729, 11.528007043518008, -37.809322144521296, 12.368611128249796] joint_vel=[-56.57142589372002, -64.38179984753988, 60.85918831692824, 1.418538385409797, -118.00757968232715, -64.72413690870349] imu_ang_vel=[0.0, -1.0377813695215783, 0.0] imu_quat_wxyz=[0.9992570052861077, 0.0, 0.03854137240213146, 0.0] status=0x0003
joint_pos=[8.206695941641716, -9.092609326509395, 4.033905060820895, 11.51696361691997, -39.47407307961738, 11.76270524025941] joint_vel=[-42.96674411564805, -58.41507639124305, 56.12746340452397, -1.6359107552281045, -63.645989686312, -11.764365515797387] imu_ang_vel=[0.0, -0.8469607333073477, 0.0] imu_quat_wxyz=[0.9995790063839873, 0.0, 0.029013962094148943, 0.0] status=0x0003
joint_pos=[7.423117023768851, -9.985633090788959, 5.010831803714599, 11.604046977068196, -40.370959913228056, 12.597527929702414] joint_vel=[-36.93267560120302, -37.38416853024337, 45.03232539346533, 7.662397690246463, -34.077357420766084, 70.36851227359574] imu_ang_vel=[0.0, -0.5691739859044599, 0.0] imu_quat_wxyz=[0.999751709769208, 0.0, 0.02228270211498485, 0.0] status=0x0003
joint_pos=[6.892462526029035, -10.58358215792688, 5.823381835817902, 12.040909693722512, -40.770647131643784, 14.22817238000706] joint_vel=[-20.768528576476758, -25.935379354011744, 38.21475475374602, 29.645520689187677, -11.905784068715509, 87.4641843749566] imu_ang_vel=[0.0, -0.22867684638783056, 0.0] imu_quat_wxyz=[0.9998262778616719, 0.0, 0.01863904764935596, 0.0] status=0x0003
joint_pos=[6.6380714527849545, -10.958612053476815, 6.507185715038787, 12.927818615700277, -40.89623027274386, 15.839097454624481] joint_vel=[-8.314347323408038, -14.87898166278532, 31.952341612816074, 52.40962328821277, -2.9935940134981416, 76.78843259628894] imu_ang_vel=[0.0, 0.08282665450036107, 0.0] imu_quat_wxyz=[0.9998317967913277, 0.0, 0.018340614085276968, 0.0] status=0x0003
joint_pos=[6.560898363495105, -11.173904226991214, 7.1125935453314915, 14.186753688438294, -40.9264194888041, 16.926262986748924] joint_vel=[-1.4597404925641673, -8.528460991816551, 29.204760051345406, 68.6799888471982, -0.6197653634759515, 42.3204925635313] imu_ang_vel=[0.0, 0.2880833922111421, 0.0] imu_quat_wxyz=[0.9997888892110575, 0.0, 0.020546946491387986, 0.0] status=0x0003
joint_pos=[6.5620405197472795, -11.304428153970582, 7.674020723067551, 15.665570909789588, -40.92226479325041, 17.372486486860236] joint_vel=[0.7346489550845445, -5.382926392237826, 27.79199287245859, 76.73860795729148, 0.6984552981592427, 11.597903658429138] imu_ang_vel=[0.0, 0.38684961364947956, 0.0] imu_quat_wxyz=[0.9997088401718022, 0.0, 0.02412954376589213, 0.0] status=0x0003
joint_pos=[6.5173693714599255, -11.413788262441892, 8.226365698152756, 17.12897340760837, -40.78637805755691, 17.28152145470608] joint_vel=[-3.9609381642445394, -5.499579963412041, 28.15720314959139, 71.14468457850182, 10.209066515592356, -13.163826238962567] imu_ang_vel=[0.0, 0.35147350120771004, 0.0] imu_quat_wxyz=[0.9996108145070163, 0.0, 0.0278965861821741, 0.0] status=0x0003
joint_pos=[6.331616069209405, -11.542260663990794, 8.787407312712737, 18.35564711946537, -40.32475215233779, 16.720545690788022] joint_vel=[-12.281397326031232, -6.9484997694649415, 28.861873850474673, 55.87947906951531, 30.24228553608436, -35.960668810696404] imu_ang_vel=[0.0, 0.2224120374611061, 0.0] imu_quat_wxyz=[0.9995294256346778, 0.0, 0.030674538145032477, 0.0] status=0x0003
joint_pos=[5.906363382677569, -11.636674523742661, 9.42925484536536, 19.192244606820424, -39.37880404184556, 15.787888175169382] joint_vel=[-24.251134833879778, -6.97936843368783, 27.02292907808511, 32.67019343527972, 57.7155193776144, -52.31927382608702] imu_ang_vel=[0.0, 0.03301612907116036, 0.0] imu_quat_wxyz=[0.9994928129043908, 0.0, 0.031845202974205684, 0.0] status=0x0003
joint_pos=[5.230927247779596, -11.67213996213287, 9.99562971436487, 19.5379975032296, -37.83345565752472, 14.593698085513099] joint_vel=[-40.98187848441549, 5.216996213149215, 36.840893412104755, 10.340076920841978, 86.80889263640405, -63.52776897975569] imu_ang_vel=[0.0, -0.1567522679995687, 0.0] imu_quat_wxyz=[0.9995204215046875, 0.0, 0.030966546386251508, 0.0] status=0x0003
joint_pos=[4.322003546859901, -11.586250490215154, 10.489778143168811, 19.404035860259874, -35.66704502097545, 13.262142783249274] joint_vel=[-51.48924730390468, 10.937395807235928, 32.425201477745205, -13.366790859813054, 118.1412509065518, -68.0370156604177] imu_ang_vel=[0.0, -0.3007888675803864, 0.0] imu_quat_wxyz=[0.9995932605686099, 0.0, 0.028518650490778383, 0.0] status=0x0003
joint_pos=[3.1829512278055576, -11.297922921839579, 10.873867511459908, 18.82361851734889, -32.965648748326394, 11.912938172768216] joint_vel=[-63.010244712189305, 22.107005255438427, 25.693489530541378, -35.34680517937611, 142.9224776429468, -67.01135960516562] imu_ang_vel=[0.0, -0.41300499272157337, 0.0] imu_quat_wxyz=[0.9996911696365185, 0.0, 0.024850862173566184, 0.0] status=0x0003
joint_pos=[1.8534671615465128, -10.789846265737637, 11.154376549941198, 17.860103623994767, -29.861519783011502, 10.555743542572568] joint_vel=[-68.7408545575145, 28.064901664592607, 9.61070328414144, -54.94779339684977, 161.53971739488048, -68.23260641905627] imu_ang_vel=[0.0, -0.45593397365265276, 0.0] imu_quat_wxyz=[0.9997921296904267, 0.0, 0.02038865883477803, 0.0] status=0x0003
joint_pos=[0.40926913207864035, -10.093380622616559, 11.342081039112484, 16.601065385778906, -26.517272376663637, 9.165075543401361] joint_vel=[-73.23202471678665, 37.01612798330035, 5.606985544887202, -68.03069048138602, 170.37206120377118, -70.18021359906551] imu_ang_vel=[0.0, -0.46526545141920583, 0.0] imu_quat_wxyz=[0.9998785964894368, 0.0, 0.015581793295836125, 0.0] status=0x0003
joint_pos=[-1.056877861822306, -9.288275190151756, 11.480690704215226, 15.132597279471542, -23.10208004858416, 7.755049743568398] joint_vel=[-72.37272517470451, 40.503578914180544, 3.2182111505478606, -77.17608913347794, 170.93142991642165, -70.63078361923124] imu_ang_vel=[0.0, -0.4453595502532382, 0.0] imu_quat_wxyz=[0.9999396067087248, 0.0, 0.01099012898926949, 0.0] status=0x0003
joint_pos=[-2.4078485255695177, -8.581882487962961, 11.700562736898862, 13.515714733535136, -19.752670925545893, 6.411065711725101] joint_vel=[-63.64349114365317, 30.431851514592704, 9.632286258967863, -83.94201812638909, 165.600967278087, -65.33806564377032] imu_ang_vel=[0.0, -0.37073817055927066, 0.0] imu_quat_wxyz=[0.9999753298717676, 0.0, 0.0070242186647007055, 0.0] status=0x0003
joint_pos=[-3.4554207840938305, -8.323671700855318, 12.193599922375462, 11.7942675437948, -16.595620745797554, 5.262843596384869] joint_vel=[-44.7611546234572, 0.7749754223874101, 26.44326818564631, -88.6280223015638, 153.7393143720565, -53.17104863729687] imu_ang_vel=[0.0, -0.27364727574983927, 0.0] imu_quat_wxyz=[0.999992153596135, 0.0, 0.0039614070939426324, 0.0] status=0x0003
joint_pos=[-3.9805464537150694, -8.916155454724473, 13.090474139988064, 9.996644248736335, -13.691233328735775, 4.510690404969695] joint_vel=[-15.952505157665465, -46.64387191296882, 54.65297134454171, -90.85023168157807, 140.15227854647344, -29.275987647842342] imu_ang_vel=[0.0, -0.14515088879015783, 0.0] imu_quat_wxyz=[0.9999980159556562, 0.0, 0.0019920052086277286, 0.0] status=0x0003
joint_pos=[-3.859713951345117, -10.531400626532662, 14.680135498246889, 8.18315633097733, -10.942539083057868, 4.389233302384471] joint_vel=[19.84849013405317, -103.40110984306567, 85.92330594601029, -92.42654641118726, 136.1492901403224, 5.842250914880038] imu_ang_vel=[0.0, 0.03530902544248736, 0.0] imu_quat_wxyz=[0.9999985112553849, 0.0, 0.0017255396297621117, 0.0] status=0x0003
joint_pos=[-3.2861160785567605, -12.800137736452688, 16.801439915694143, 7.055828036716006, -9.4594503551382, 3.1359480753934417] joint_vel=[31.674869382826675, -110.35044450891745, 116.76082723595627, -35.65150330690078, 41.47275577592874, -94.10695010806548] imu_ang_vel=[0.0, -0.018194358223877622, 0.0] imu_quat_wxyz=[0.9999976219676555, 0.0, 0.002180839066477922, 0.0] status=0x0003
joint_pos=[-2.4063922214621143, -14.435637927788358, 19.765641391130117, 6.527767181004717, -8.643611404371935, 2.750494818501558] joint_vel=[50.35215669897653, -66.12819562957166, 165.16838236005657, -21.0934016847081, 42.618723276249796, 5.748067563523994] imu_ang_vel=[0.0, 0.3665210101073743, 0.0] imu_quat_wxyz=[0.9999917009620983, 0.0, 0.004074065160159956, 0.0] status=0x0003
joint_pos=[-1.033873030041551, -16.01566822575632, 23.17225983441587, 6.2669612452449455, -7.689094508407564, 2.7870526346076514] joint_vel=[78.62885558201977, -85.75282340629245, 172.90394362127805, -8.788621838267696, 50.79512431380275, -0.2689138883947447] imu_ang_vel=[0.0, 0.654035560147531, 0.0] imu_quat_wxyz=[0.9999534290270614, 0.0, 0.009650895140953733, 0.0] status=0x0003
joint_pos=[0.6554587830791114, -18.216823408034706, 26.451929801090202, 5.950950300053199, -6.557466051191299, 2.7091560225319715] joint_vel=[87.56818993665975, -123.18561950859731, 158.9959511988798, -19.89585792925323, 60.164731528233965, -5.885713096786477] imu_ang_vel=[0.0, 0.6161889041824742, 0.0] imu_quat_wxyz=[0.9998674750739845, 0.0, 0.016279812320016976, 0.0] status=0x0003
joint_pos=[2.3334047234415625, -20.82503070789322, 29.470590824898704, 5.384916944179935, -5.238337275084882, 2.5305105769126826] joint_vel=[81.79217841380355, -134.08290390739816, 146.46150108672745, -33.11229005216842, 69.66534639016832, -10.569353277643636] imu_ang_vel=[0.0, 0.47792094877099317, 0.0] imu_quat_wxyz=[0.9997668460776741, 0.0, 0.021592903554184355, 0.0] status=0x0003
joint_pos=[3.913471154757522, -23.38366688110837, 32.07928232258565, 4.651471637738922, -3.6742751405602356, 2.2289448204528206] joint_vel=[77.44945711114605, -124.22512733631676, 121.76334066917062, -38.80214448623585, 83.60101680821523, -17.51161498776075] imu_ang_vel=[0.0, 0.46697146849641336, 0.0] imu_quat_wxyz=[0.9996578478282404, 0.0, 0.026156973743353004, 0.0] status=0x0003
joint_pos=[5.377905387578095, -25.675151465090046, 34.18389795477342, 3.7831002976169197, -1.7775346697214482, 1.7740818074424611] joint_vel=[70.91350629968312, -108.99159015739453, 96.32421879152561, -46.12159596846293, 101.85638476256622, -25.828379014211393] imu_ang_vel=[0.0, 0.5084514277341482, 0.0] imu_quat_wxyz=[0.999517160671283, 0.0, 0.03107161926286729, 0.0] status=0x0003
joint_pos=[6.748474245703433, -27.773104154152172, 35.875589221521494, 2.737450708823218, 0.5449103999888134, 1.1280988510331484] joint_vel=[67.26410359855268, -102.42425235481738, 78.25397137118738, -55.88801398430947, 124.97786772810863, -36.24771927142091] imu_ang_vel=[0.0, 0.556656897671529, 0.0] imu_quat_wxyz=[0.9993352510049972, 0.0, 0.0364562216744852, 0.0] status=0x0003
joint_pos=[7.801201924353001, -29.973819083756407, 37.261449904480706, 2.2798391320225946, 0.8752197229054528, 1.4412086475930084] joint_vel=[47.233523584574485, -111.32947720948914, 64.3786549407401, -15.955765690435433, -10.684410286812529, 29.574327902857434] imu_ang_vel=[0.0, 0.11530360165957086, 0.0] imu_quat_wxyz=[0.9992180873760296, 0.0, 0.03953749942256513, 0.0] status=0x0003
joint_pos=[8.534035856578585, -31.51499342275215, 38.66435005919152, 1.9883005436654735, 0.5683417808314195, 2.08259805682052] joint_vel=[31.19595091296108, -57.61220230721855, 73.23695079836708, -14.905892853520024, -14.603544015596146, 32.161663378795915] imu_ang_vel=[0.0, 0.04916940722173553, 0.0] imu_quat_wxyz=[0.9991979191367009, 0.0, 0.040043955759726496, 0.0] status=0x0003
joint_pos=[9.119411310819297, -32.10441327096103, 39.87331686650128, 1.7425759058532424, 0.3539621068270357, 2.678518410079135] joint_vel=[28.291378156031104, -13.696468466195848, 53.59520284574688, -10.847046012492582, -8.540231112306389, 28.808084500911207] imu_ang_vel=[0.0, 0.1478312845731957, 0.0] imu_quat_wxyz=[0.9991564449986178, 0.0, 0.04106578159154057, 0.0] status=0x0003
joint_pos=[9.615977067149691, -32.051878428656195, 40.60310592055463, 1.4606015063515414, 0.2382404566967938, 3.2363131415124515] joint_vel=[22.991227361693863, 11.534054951340032, 27.326545382017482, -15.867431532689904, -4.4615512052735316, 27.417791450482163] imu_ang_vel=[0.0, 0.1405367934134408, 0.0] imu_quat_wxyz=[0.999090201181977, 0.0, 0.04264703860946037, 0.0] status=0x0003
joint_pos=[10.001228505137348, -31.633072931308117, 40.761574284079664, 1.0443019345326474, 0.17992232306154798, 3.765083249116847] joint_vel=[17.23063509629706, 26.147103923079015, -2.018333944850491, -23.576962778547145, -2.2119688096771766, 26.2511360988444] imu_ang_vel=[0.0, 0.04229179208564271, 0.0] imu_quat_wxyz=[0.9990535808515242, 0.0, 0.04349646638230646, 0.0] status=0x0003
joint_pos=[10.319257864974054, -30.999934145490123, 40.38767121889312, 0.4868058563087307, 0.1521057724032112, 4.366650240162564] joint_vel=[14.263814787838289, 35.95588587330026, -27.776296021478327, -29.519522896367782, -1.1047905978994272, 23.36921533600304] imu_ang_vel=[0.0, -0.060472228704535586, 0.0] imu_quat_wxyz=[0.9990624613724803, 0.0, 0.04329201169224344, 0.0] status=0x0003
joint_pos=[10.614443246932767, -30.175591614445217, 39.546373310357446, -0.13369923580428125, 0.13906696186886608, 4.836294950023438] joint_vel=[15.028780348777538, 44.124085020500615, -49.6696460399905, -31.928285885604293, -0.4705392838412908, 23.768519213994157] imu_ang_vel=[0.0, -0.11212042551395153, 0.0] imu_quat_wxyz=[0.9991044055083749, 0.0, 0.04231296366076141, 0.0] status=0x0003
joint_pos=[10.957289831740486, -29.211279425531668, 38.31543635946045, -0.767473345022893, 0.13351110617412532, 5.313683985246048] joint_vel=[18.28609098181446, 50.465117072405086, -67.84198658468931, -31.636506571388665, -0.20043427589993057, 24.092669779775434] imu_ang_vel=[0.0, -0.11604391687115446, 0.0] imu_quat_wxyz=[0.9991538305789686, 0.0, 0.04112934280260114, 0.0] status=0x0003
joint_pos=[11.395183828394611, -28.17219999955796, 36.756402588047955, -1.3834986939908331, 0.1314040753223738, 5.8737017229841175] joint_vel=[22.942532926909106, 53.83667750635964, -83.43457453960443, -29.757841887502455, -0.12268063583935343, 22.277803865664396] imu_ang_vel=[0.0, -0.09285491235393067, 0.0] imu_quat_wxyz=[0.9991951748302467, 0.0, 0.040112374598778706, 0.0] status=0x0003
joint_pos=[11.93536839719407, -27.095308380465234, 34.92424787934664, -1.9438084654466334, 0.13130602556956966, 6.326975979679145] joint_vel=[29.196216156092028, 53.81167224627192, -95.89021353386507, -27.134677257291933, 0.02295384866770856, 23.112547832676754] imu_ang_vel=[0.0, -0.04897473156303966, 0.0] imu_quat_wxyz=[0.9992219189057775, 0.0, 0.039440547387881456, 0.0] status=0x0003
joint_pos=[12.617694901400828, -26.04820079355832, 32.89035061992562, -2.4453977136755776, 0.1334132647258152, 6.871671995644225] joint_vel=[35.77281236216693, 52.609060568542695, -104.843879548802, -23.35983984388629, -0.009568420576260438, 21.855749234382756] imu_ang_vel=[0.0, 0.011952334378527685, 0.0] imu_quat_wxyz=[0.9992264516617779, 0.0, 0.03932554258255812, 0.0] status=0x0003
