Log file: /home/cx/robot_deploy/log_sim2sim/2026-08-02_23-25-20.txt
Loaded ONNX policy: /home/cx/mjlab-recovered/logs/rsl_rl/custom_biped_velocity_nolinvel/2026-07-30_23-56-50/2026-07-30_23-56-50.onnx
  input=obs[1,65] output=actions[1,6]
  velocity_command=[0.3, 0.0, 0.0]
  startup=move 0s + hold 0s
MuJoCo sim2sim started
  robot=/home/cx/mjlab-recovered/src/mjlab/asset_zoo/robots/custom_biped/mjcf/biped.xml
  physics=200 Hz, policy=50 Hz
  command=[0.3, 0.0, 0.0]
  press R in the viewer to reset; close the viewer or press Ctrl+C to stop
joint_pos=[10.0, -20.0, 10.0, 10.0, -20.0, 10.0] joint_vel=[0.0, 0.0, 0.0, 0.0, 0.0, 0.0] imu_ang_vel=[0.0, 0.0, 0.0] imu_quat_wxyz=[1.0, 0.0, 0.0, 0.0] status=0x0003
ONNX startup: moving from measured joint positions to [10.0, -20.0, 10.0, 10.0, -20.0, 10.0] deg over 0 s.
ONNX startup: move command complete; waiting for measured joints to enter +/-2 deg.
ONNX startup: measured joints reached the default pose; holding before inference.
ONNX startup complete: history, last_action and gait phase reset; actor inference started.
sim t=    0.02s  x= 0.000m z= 0.521m pitch=-0.34deg action=[-0.759, 1.0, 0.995, 0.143, 0.231, 0.319]
joint_pos=[9.370411495984888, -19.579540396365232, 10.93738142656274, 9.50928438364496, -19.861495229360052, 10.431124937814893] joint_vel=[-37.97047336524091, -6.64238932875265, 35.45374021990337, -44.86350491166308, 8.138326121125974, 26.748596933896717] imu_ang_vel=[0.0, -0.42659195491256274, 0.0] imu_quat_wxyz=[0.9999987901476043, 0.0, -0.0015555395615583663, 0.0] status=0x0003
joint_pos=[9.299635504450368, -19.903810079756383, 11.65306141394745, 9.238567579747478, -19.629034820926545, 9.981044402053865] joint_vel=[15.398796472717933, -21.764209748513988, 35.839384143179004, 2.773389459591147, 13.253492524148552, -49.04303054470396] imu_ang_vel=[0.0, 0.04741769569214143, 0.0] imu_quat_wxyz=[0.999992001695578, 0.0, -0.003999568085559266, 0.0] status=0x0003
joint_pos=[9.412931943694181, -20.46930111751681, 12.757222893167603, 9.272307037049739, -19.87118479512171, 10.217916329114903] joint_vel=[0.4632260898612968, -32.202669022187344, 65.85697200150875, 0.9351254687435091, -26.593336456565275, 42.507115747801286] imu_ang_vel=[0.0, 0.02949403190338541, 0.0] imu_quat_wxyz=[0.9999962079815332, 0.0, -0.0027539104114125785, 0.0] status=0x0003
joint_pos=[9.690738962310979, -20.93234843599839, 13.416850211499487, 9.81850065559696, -20.802824725781576, 10.778308184696085] joint_vel=[21.235510530598887, -18.52231676339011, 15.44444682652508, 41.72456960867972, -57.42654275757878, 20.212642069318544] imu_ang_vel=[0.0, 0.2710329281604395, 0.0] imu_quat_wxyz=[0.9999989022942407, 0.0, -0.0014816917066545609, 0.0] status=0x0003
joint_pos=[10.028144311829905, -21.144895968729724, 13.318246820086484, 10.842971858057151, -22.443530051733347, 12.251851729073929] joint_vel=[14.385531403792596, -6.519610967004814, -15.952961663830314, 56.38275743140608, -95.31100351820257, 102.15170461381969] imu_ang_vel=[0.0, 0.32296687458547046, 0.0] imu_quat_wxyz=[0.9999981701270344, 0.0, 0.0019130453687044582, 0.0] status=0x0003
joint_pos=[10.350655504614588, -21.20329912856618, 12.799953313298529, 12.152661000307008, -24.43041109761187, 13.843342337363332] joint_vel=[17.001140758932742, -1.0372446797073382, -31.39534437969439, 70.46298190254421, -101.33221216542269, 67.42460527537818] imu_ang_vel=[0.0, 0.38676059435931104, 0.0] imu_quat_wxyz=[0.9999853440851434, 0.0, 0.005414020217667788, 0.0] status=0x0003
joint_pos=[10.800877836748455, -21.256317652192678, 12.115158756612912, 13.83659624333802, -26.7504717326058, 14.884867266418494] joint_vel=[25.42171827325695, -3.54665958330172, -36.020395823779076, 91.62380538667279, -123.79358467830602, 43.798571680462636] imu_ang_vel=[0.0, 0.517856693899637, 0.0] imu_quat_wxyz=[0.9999494257304384, 0.0, 0.010057135843092356, 0.0] status=0x0003
joint_pos=[11.220922718706445, -21.48134338817186, 12.29708586334365, 15.716970708498057, -29.35378147177613, 15.48919115159969] joint_vel=[18.391174219878486, -14.024268288308546, 25.892310502067343, 95.30128179695302, -133.9319461357743, 22.96826241597604] imu_ang_vel=[0.0, 0.5241916870501605, 0.0] imu_quat_wxyz=[0.9998813142194547, 0.0, 0.015406410184599012, 0.0] status=0x0003
joint_pos=[11.592266218573922, -21.69294157242504, 12.77100917068356, 17.700741876705834, -32.004350607747035, 15.69751863545629] joint_vel=[18.502465115427462, -8.66232164493455, 23.77947235532134, 101.30685380735025, -131.36696017132468, 3.7769874040981133] imu_ang_vel=[0.0, 0.5751111010413754, 0.0] imu_quat_wxyz=[0.9997830834517685, 0.0, 0.020827530906808823, 0.0] status=0x0003
joint_pos=[11.71895723195744, -21.6930157582199, 13.193207658035929, 19.550144736629356, -34.4813105815799, 15.805086568944523] joint_vel=[-0.22173141775850522, 4.737293688415381, 20.20468219991686, 87.77315105333254, -119.42686200033967, 6.26365338511116] imu_ang_vel=[0.0, 0.4767545243233469, 0.0] imu_quat_wxyz=[0.9996576108968086, 0.0, 0.026166027136053937, 0.0] status=0x0003
joint_pos=[11.50160947843038, -21.306267641010788, 13.46509275511347, 21.14069314449992, -36.506820441894085, 15.80522109177792] joint_vel=[-16.855977888948964, 27.757569801547668, 10.651153326359417, 75.12014618616412, -91.01037316246709, -2.962594766464118] imu_ang_vel=[0.0, 0.4070200875366875, 0.0] imu_quat_wxyz=[0.9995374270091637, 0.0, 0.030412694847722965, 0.0] status=0x0003
joint_pos=[10.92099126167779, -20.514387078705425, 13.571108018539782, 22.428516304429863, -38.008106465792864, 15.658866982184161] joint_vel=[-35.89690277883091, 46.58432251828306, 2.882017101206783, 58.61461871689473, -66.06547454722902, -9.595676269470063] imu_ang_vel=[0.0, 0.2920151949849229, 0.0] imu_quat_wxyz=[0.9994270358142738, 0.0, 0.03384671451550617, 0.0] status=0x0003
joint_pos=[9.993287925324292, -19.426724085704908, 13.681579528748394, 23.38506098222358, -38.95887988132808, 15.30655042654017] joint_vel=[-55.78914273054636, 65.94271023505652, 19.102402120966993, 44.38655345203252, -38.40241737878792, -21.781105548654786] imu_ang_vel=[0.0, 0.14062648602981181, 0.0] imu_quat_wxyz=[0.9993572767127185, 0.0, 0.03584736365953818, 0.0] status=0x0003
joint_pos=[8.878199677977465, -18.343203873601382, 13.646395737777592, 23.91099765810685, -39.19513415894811, 14.737962116026152] joint_vel=[-59.23973104025456, 54.65446179299325, -1.756166319200805, 18.727426680362463, 1.440185197643201, -31.834347701691485] imu_ang_vel=[0.0, -0.016488588359638026, 0.0] imu_quat_wxyz=[0.9993376386009762, 0.0, 0.036390714137326606, 0.0] status=0x0003
joint_pos=[7.535970736111192, -17.180822701381917, 13.677166101646934, 23.96287568467845, -38.61046293233613, 13.952583988089156] joint_vel=[-69.94024807465402, 57.55283981012143, -1.5268465895436483, -7.1064952972937805, 45.29566564685224, -43.19050566541978] imu_ang_vel=[0.0, -0.13999005231747605, 0.0] imu_quat_wxyz=[0.9993750560566764, 0.0, 0.03534822954144609, 0.0] status=0x0003
joint_pos=[6.046860004825914, -15.97348994100102, 13.660378880137143, 23.54281149828911, -37.16076513141403, 12.836394922627441] joint_vel=[-76.08534181424227, 60.40056679893117, -3.521220565282984, -29.27117312744758, 88.00322106170697, -62.48045211913344] imu_ang_vel=[0.0, -0.2429862598559157, 0.0] imu_quat_wxyz=[0.9994526438462584, 0.0, 0.03308190908524007, 0.0] status=0x0003
joint_pos=[4.427438718312525, -14.71293595044118, 13.630655289693715, 22.68834259966743, -34.97058548564603, 11.539075645435197] joint_vel=[-82.74579113921455, 62.91412269880513, -3.9751397031708375, -50.80542007293353, 121.80337624759025, -66.0678349753349] imu_ang_vel=[0.0, -0.327419062169585, 0.0] imu_quat_wxyz=[0.9995503846108322, 0.0, 0.0299838060348812, 0.0] status=0x0003
joint_pos=[2.693319974876839, -13.374812510295408, 13.57384872863495, 21.42995343339288, -32.17265571522124, 10.18115376837101] joint_vel=[-87.8677962856694, 67.50473492499181, -6.462912104633778, -70.34579860549718, 150.17827537058758, -68.80374781988733] imu_ang_vel=[0.0, -0.3946030647225451, 0.0] imu_quat_wxyz=[0.9996560511759311, 0.0, 0.026225547608089983, 0.0] status=0x0003
joint_pos=[0.8834656979248721, -11.929637917570094, 13.486694945237572, 19.830176144071796, -28.90952964421236, 8.7534238831689] joint_vel=[-90.83676564769448, 73.2475890460298, -8.054703277941387, -86.12631250927183, 170.5228592369559, -72.70452030730947] imu_ang_vel=[0.0, -0.3898175505253799, 0.0] imu_quat_wxyz=[0.9997511922461779, 0.0, 0.022305909583467332, 0.0] status=0x0003
joint_pos=[-0.9530764898155362, -10.401975135388884, 13.439357851273419, 17.97189196503683, -25.384114910354448, 7.259520342582584] joint_vel=[-92.9265664247588, 79.58392010294885, 2.9727949097192656, -96.17717355352342, 178.9141871871347, -75.68143689745445] imu_ang_vel=[0.0, -0.35620423123247313, 0.0] imu_quat_wxyz=[0.999826114106042, 0.0, 0.01864782967564067, 0.0] status=0x0003
joint_pos=[-2.668164682407694, -9.033527362521308, 13.42930354176719, 15.911277311706408, -21.788815833338997, 5.816661013862683] joint_vel=[-84.57404699961967, 67.87019662467607, 9.763344617782248, -104.56678222740618, 178.85075759954935, -70.15430374414237] imu_ang_vel=[0.0, -0.2960253599990673, 0.0] imu_quat_wxyz=[0.9998799024263662, 0.0, 0.015497765124057815, 0.0] status=0x0003
joint_pos=[-4.1092719584639585, -8.143270835517386, 13.717448307761954, 13.69695276519778, -18.292024174234825, 4.676028798199655] joint_vel=[-65.39307362006377, 32.08471508877592, 18.034924666556762, -114.09829206423805, 172.2282468980522, -49.98265818665379] imu_ang_vel=[0.0, -0.21457293620190104, 0.0] imu_quat_wxyz=[0.9999150819471863, 0.0, 0.01303184156410145, 0.0] status=0x0003
joint_pos=[-5.048184523429123, -8.180140919566096, 14.46480294563812, 11.367626823671872, -15.032985320004032, 4.080698170131868] joint_vel=[-36.911607098847746, -20.43247905998717, 48.166877519119645, -117.9240048250548, 157.45353226054, -18.958564922862255] imu_ang_vel=[0.0, -0.1500947852403089, 0.0] imu_quat_wxyz=[0.9999374268939725, 0.0, 0.01118670177762613, 0.0] status=0x0003
joint_pos=[-5.283119594351294, -9.348572467310067, 15.96704968778912, 9.06390524429564, -11.985367079082227, 4.2383703201238285] joint_vel=[3.562522990240988, -82.8301423089301, 83.10687385485195, -115.51034970109276, 149.79584370856782, 22.17429891938942] imu_ang_vel=[0.0, 0.05204873770517211, 0.0] imu_quat_wxyz=[0.9999403566078439, 0.0, 0.010921686086778343, 0.0] status=0x0003
joint_pos=[-4.865865407089528, -11.369271669964535, 17.964262436209594, 7.589116126004199, -10.347562883893753, 4.367806264532188] joint_vel=[29.15387454145918, -103.73401533583502, 106.66408790075891, -51.470285473563855, 47.26360975451059, 2.1749939627687205] imu_ang_vel=[0.0, 0.023661137754196954, 0.0] imu_quat_wxyz=[0.9999313343452451, 0.0, 0.011718643033122367, 0.0] status=0x0003
sim t=    0.52s  x= 0.097m z= 0.528m pitch= 1.76deg action=[0.638, -0.008, 0.518, -0.284, 1.0, 0.566]
joint_pos=[-3.8944364482074105, -13.29455982072929, 20.650069141689002, 6.818539813050743, -9.249120311562033, 4.364899010753139] joint_vel=[59.294017896841126, -91.63260878396602, 148.97545425140842, -31.505580988787433, 59.4516901934178, -2.1315131526546223] imu_ang_vel=[0.0, 0.40047077990088636, 0.0] imu_quat_wxyz=[0.9999005128996863, 0.0, 0.01410547067432346, 0.0] status=0x0003
joint_pos=[-2.3145641128244705, -15.488906421347455, 23.82206640358643, 6.312810742533172, -7.953439800795108, 4.268146431320332] joint_vel=[89.7879024651332, -119.24046023783292, 163.55997672999138, -22.12297996496186, 68.1808208037, -6.590158242121268] imu_ang_vel=[0.0, 0.6619948178556176, 0.0] imu_quat_wxyz=[0.9998015197129346, 0.0, 0.019922880808417146, 0.0] status=0x0003
joint_pos=[-0.33921737915697053, -18.270112546588173, 27.116019285348937, 5.808288907061308, -6.491116292625255, 4.088487356402298] joint_vel=[103.60855381824015, -149.54881573266763, 165.10314443865693, -27.203845709793782, 76.35596390494595, -10.462180611616139] imu_ang_vel=[0.0, 0.6902275302369392, 0.0] imu_quat_wxyz=[0.999637621161148, 0.0, 0.026918884807531015, 0.0] status=0x0003
joint_pos=[1.725058164572722, -21.34253253827863, 30.248762044955992, 5.143936164923252, -4.82652381646765, 3.8119661802344864] joint_vel=[102.94620547247627, -155.44341084966732, 151.95897786953446, -36.78363804953049, 87.70132950064972, -15.62713108559337] imu_ang_vel=[0.0, 0.636639627191039, 0.0] imu_quat_wxyz=[0.9994383145549826, 0.0, 0.033512018732027374, 0.0] status=0x0003
joint_pos=[3.748294590169903, -24.3600989888081, 32.99385824403362, 4.292444901751951, -2.852403334249214, 3.394695623489953] joint_vel=[100.18672099418674, -147.9763812917722, 129.2895212166378, -46.01801061532758, 105.64484791432811, -23.802596804954522] imu_ang_vel=[0.0, 0.6289057349284713, 0.0] imu_quat_wxyz=[0.9992089367068259, 0.0, 0.039768087774174114, 0.0] status=0x0003
joint_pos=[5.700155665457448, -27.16854841065114, 35.35468569090573, 3.2320805007338467, -0.44089590553769414, 2.7837288527842237] joint_vel=[96.22621536037755, -135.93208140330333, 111.95799512880926, -57.14425168005758, 129.86687209857013, -34.535696784488636] imu_ang_vel=[0.0, 0.6598989923624861, 0.0] imu_quat_wxyz=[0.9989311645491822, 0.0, 0.046222597205422836, 0.0] status=0x0003
joint_pos=[7.429964513203321, -29.93799697649702, 37.423678198400886, 2.5079492687028253, 0.7545812942828194, 2.764031110381682] joint_vel=[79.13280369846974, -140.40941463423917, 98.74920101305042, -20.21769496900474, 6.318961895485358, 25.436376887250383] imu_ang_vel=[0.0, 0.3098203552075041, 0.0] imu_quat_wxyz=[0.9986717692874427, 0.0, 0.05152375401975974, 0.0] status=0x0003
joint_pos=[8.795973104486428, -32.17871218043802, 39.43211592098621, 2.168719806749006, 0.5580656454538319, 3.440111859975148] joint_vel=[62.93010776307521, -95.54067300650784, 101.29181461961166, -17.355813542872728, -12.414998425691934, 35.68020922628317] imu_ang_vel=[0.0, 0.12850647094781292, 0.0] imu_quat_wxyz=[0.9985841229270397, 0.0, 0.05319538925541352, 0.0] status=0x0003
joint_pos=[9.975249880872507, -33.460575243323504, 41.27177889787445, 1.852854113890691, 0.3586024260500772, 4.127201824096204] joint_vel=[56.88104376861986, -46.38862019959016, 86.97903769243156, -15.083432048586253, -8.218300371460595, 33.80703278752232] imu_ang_vel=[0.0, 0.17856143746566638, 0.0] imu_quat_wxyz=[0.9985043331303233, 0.0, 0.05467263227583294, 0.0] status=0x0003
joint_pos=[11.025843603321599, -33.93147684050226, 42.70449506198631, 1.500518206822383, 0.24569737439269485, 4.789941361250167] joint_vel=[50.145297400834394, -10.727198131035362, 63.39177561209039, -18.987303747137613, -4.377826955827687, 32.8886227085793] imu_ang_vel=[0.0, 0.18080210575939165, 0.0] imu_quat_wxyz=[0.9983989329455032, 0.0, 0.05656474779649141, 0.0] status=0x0003
joint_pos=[11.966196687383144, -33.88913974326346, 43.539925114727055, 1.0284212836557671, 0.18934539235018205, 5.523086104355006] joint_vel=[44.3367515223235, 10.641276550839436, 29.97490584380068, -25.35650160582337, -2.269949399662534, 29.92123934749678] imu_ang_vel=[0.0, 0.10707757796736887, 0.0] imu_quat_wxyz=[0.99831757266005, 0.0, 0.05798296403380728, 0.0] status=0x0003
joint_pos=[12.818939089496897, -33.55144750249921, 43.71290468551555, 0.4303803012929644, 0.16304562758576197, 6.116223100107189] joint_vel=[41.67707411424345, 20.372880362430575, -2.3245470642411012, -32.493662089409995, -0.9370635213472152, 30.022823823060946] imu_ang_vel=[0.0, 0.0007480966052505199, 0.0] imu_quat_wxyz=[0.9982931360643548, 0.0, 0.0584021787846619, 0.0] status=0x0003
joint_pos=[13.662289552817237, -33.07875167691902, 43.30282433104325, -0.2845395477127548, 0.15411472120456116, 6.806970885372479] joint_vel=[43.6962321677313, 23.728391412106884, -29.971320836294012, -38.569436175539565, -0.05412246593642784, 48.404308201227984] imu_ang_vel=[0.0, -0.0802602183057689, 0.0] imu_quat_wxyz=[0.9983239074887668, 0.0, 0.05787379144621737, 0.0] status=0x0003
joint_pos=[14.544210738350214, -32.48304802714441, 42.37623567844449, -1.0232049480387, 0.14987128740961708, 7.380883119570469] joint_vel=[45.528205264455586, 31.37788761494442, -54.793503816586075, -37.03736917071704, -0.07162325624365701, 28.602914945990445] imu_ang_vel=[0.0, -0.10014841620200327, 0.0] imu_quat_wxyz=[0.9983798358684017, 0.0, 0.056900820129266914, 0.0] status=0x0003
joint_pos=[15.498828668786276, -31.78034972253839, 41.00512478365897, -1.761890940466176, 0.15008050479623966, 8.035085243036107] joint_vel=[47.97607048162082, 38.299747688715534, -75.98529967268337, -36.367610618405386, -0.07200659410727867, 28.236410252286046] imu_ang_vel=[0.0, -0.08946278418406778, 0.0] imu_quat_wxyz=[0.9984332138014417, 0.0, 0.05595638996687246, 0.0] status=0x0003
joint_pos=[16.519471915223672, -30.956219310062473, 39.282063310826736, -2.459786789428873, 0.15170487465163657, 8.687133292678876] joint_vel=[53.81573679025368, 41.46794126128063, -91.33891750269576, -34.87126263453104, 0.2997918787689287, 44.277421844791874] imu_ang_vel=[0.0, -0.04407246211961599, 0.0] imu_quat_wxyz=[0.9984695352970494, 0.0, 0.0553044942449901, 0.0] status=0x0003
joint_pos=[17.640402647108285, -30.043473061417618, 37.29070903470671, -3.0646923736806198, 0.15336057547911952, 9.265779104996863] joint_vel=[58.33142583140332, 46.55052693649312, -103.70022223016538, -28.43659934023241, 0.1414607891241091, 29.229387258953867] imu_ang_vel=[0.0, 0.04345181797683794, 0.0] imu_quat_wxyz=[0.9984653158190265, 0.0, 0.055380620314435934, 0.0] status=0x0003
joint_pos=[18.86201399316256, -29.037126600697512, 35.0844995050549, -3.570594464407342, 0.1562867171854744, 9.920825567787446] joint_vel=[61.802098014943795, 53.03411559053137, -113.79981695958597, -23.200348444686615, 0.09124890902092062, 29.8559793291313] imu_ang_vel=[0.0, 0.14569188391106258, 0.0] imu_quat_wxyz=[0.9984054243159133, 0.0, 0.05645005488536822, 0.0] status=0x0003
joint_pos=[20.132589703185385, -27.81060698811364, 32.75176844657942, -3.941754851068279, 0.15822265178493905, 10.651563879477752] joint_vel=[64.71542084859357, 65.51878556062411, -117.99019468107053, -16.150642807269275, 0.1966384849310206, 42.67317319868844] imu_ang_vel=[0.0, 0.292087727207152, 0.0] imu_quat_wxyz=[0.9982714610450443, 0.0, 0.058771507237714175, 0.0] status=0x0003
joint_pos=[21.392588428165556, -26.17476114787555, 30.365020980189847, -4.101057625587805, 0.14885274888448458, 11.34965183658987] joint_vel=[63.8455626190363, 88.94570068803758, -119.75019558014881, -4.428729485597561, -0.3371115782477853, 43.70334984123412] imu_ang_vel=[0.0, 0.5034046714720082, 0.0] imu_quat_wxyz=[0.9980171092440011, 0.0, 0.06294322565810835, 0.0] status=0x0003
joint_pos=[22.48968844290354, -23.696437349917456, 27.9122632721297, -3.959600763023131, 0.10176601440920924, 12.12534116826705] joint_vel=[50.09687293239008, 142.9924691557151, -124.0137236517019, 13.180643790752054, -2.5724559776879734, 37.66394753018933] imu_ang_vel=[0.0, 0.8068706449671138, 0.0] imu_quat_wxyz=[0.9975639982077393, 0.0, 0.06975721811962912, 0.0] status=0x0003
joint_pos=[22.759414034607772, -19.488382262587507, 25.197509187260067, -3.0151617947225127, -1.4416065209905775, 13.730151072372374] joint_vel=[-7.407640971082819, 247.76882820873814, -141.91187057633957, 66.73488951755421, -119.43403695265773, 101.50293453437237] imu_ang_vel=[0.0, 0.8909921954375251, 0.0] imu_quat_wxyz=[0.9969070041604075, 0.0, 0.07859023511812031, 0.0] status=0x0003
joint_pos=[22.316830662322737, -16.44382566628519, 20.053307057980877, -1.157948219644031, -5.3680019017166485, 16.314937723277396] joint_vel=[-27.87174703667885, 116.84575345633719, -304.193747091679, 106.14964187842322, -237.91103316527924, 137.0318818022926] imu_ang_vel=[0.0, 0.5300017868773375, 0.0] imu_quat_wxyz=[0.9963082679408461, 0.0, 0.08584774448237484, 0.0] status=0x0003
joint_pos=[21.43099467320612, -14.034318953026672, 14.553824942128264, 1.3341636987563181, -11.119749810004876, 18.45436101846195] joint_vel=[-53.39788249384146, 122.61863336994074, -261.54061315567236, 134.5301658062529, -314.14654591253066, 90.62126483515063] imu_ang_vel=[0.0, 0.17404231169517612, 0.0] imu_quat_wxyz=[0.9960451674502346, 0.0, 0.08884832243230094, 0.0] status=0x0003
joint_pos=[20.131949059261782, -11.623910631932212, 10.093136968840174, 4.208400063362408, -17.719873460745138, 19.721244257626523] joint_vel=[-71.44887294854104, 119.94865417420736, -204.33316096175358, 148.596405248031, -337.6184939827328, 48.656230216122914] imu_ang_vel=[0.0, -0.09261051860452568, 0.0] imu_quat_wxyz=[0.996046122455648, 0.0, 0.08883761557509365, 0.0] status=0x0003
sim t=    1.02s  x= 0.225m z= 0.529m pitch= 9.90deg action=[-0.755, 0.988, 0.718, 0.815, -0.54, 0.014]
joint_pos=[18.627854995140016, -9.371034035974228, 6.729324343822764, 7.246829867766432, -24.35716473494922, 20.421994163575345] joint_vel=[-77.52454893725222, 109.50501846655322, -150.1473283339315, 153.6179407503393, -327.55890285744425, 27.7776872979231] imu_ang_vel=[0.0, -0.2345668169079305, 0.0] imu_quat_wxyz=[0.9962158633643938, 0.0, 0.08691348331033207, 0.0] status=0x0003
joint_pos=[17.040825173229383, -7.877426400572801, 4.691175237712172, 9.922507041620722, -30.477584563539267, 20.516356664109676] joint_vel=[-80.46930779612121, 55.97792729658335, -76.97743165255841, 122.55211526310347, -293.4003853723538, -7.145149084730072] imu_ang_vel=[0.0, -0.5727001915272355, 0.0] imu_quat_wxyz=[0.9965714518408803, 0.0, 0.08273657822124462, 0.0] status=0x0003
joint_pos=[15.471666547435257, -7.424895305303179, 3.637998880005102, 11.880622419611838, -35.65610822506589, 19.829532635400998] joint_vel=[-77.43068332414518, 4.508706167989062, -40.091488360291585, 84.062087079952, -239.46673613404081, -48.73716264904072] imu_ang_vel=[0.0, -0.9387812618182815, 0.0] imu_quat_wxyz=[0.9972050252274082, 0.0, 0.07471370464114496, 0.0] status=0x0003
joint_pos=[13.958371719263877, -7.794279471942345, 3.1121868011456093, 13.063571966221073, -39.61912876332544, 18.806895472278022] joint_vel=[-74.58521801646047, -31.273213375136994, -19.046937616329913, 45.191363728983724, -175.0842192228824, -52.245320889711664] imu_ang_vel=[0.0, -1.1936832850903432, 0.0] imu_quat_wxyz=[0.9979718333710459, 0.0, 0.06365704829815322, 0.0] status=0x0003
joint_pos=[12.554562790896522, -8.6513025804885, 2.82811622156832, 13.593803989127586, -42.224197847038695, 17.941698919178386] joint_vel=[-67.54874618075391, -49.5142480743465, -11.68761378406846, 16.04634450480414, -105.25980284164513, -38.30451902171012] imu_ang_vel=[0.0, -1.2515375180508916, 0.0] imu_quat_wxyz=[0.9986887948887394, 0.0, 0.0511926846695648, 0.0] status=0x0003
joint_pos=[11.310655451835547, -9.667912118000894, 2.6487540892067107, 13.74146196757427, -43.62175659826053, 17.370367358498317] joint_vel=[-58.86945835495785, -51.884423136289065, -7.619046973996347, 2.601510744214471, -50.11630498664376, -23.25635198390659] imu_ang_vel=[0.0, -1.1275150011377038, 0.0] imu_quat_wxyz=[0.9992268663665997, 0.0, 0.039315003894002776, 0.0] status=0x0003
joint_pos=[10.21595643513206, -10.634760622671674, 3.7292414292158518, 13.884949569580673, -44.09806103625021, 17.01183383873401] joint_vel=[-51.29461299441314, -44.94233693130292, 55.111231984092, 8.523259006231024, -12.513187998978339, -14.850988819519909] imu_ang_vel=[0.0, -0.8114196251869247, 0.0] imu_quat_wxyz=[0.9995508725248152, 0.0, 0.02996753634986774, 0.0] status=0x0003
joint_pos=[9.378380898919904, -11.379547838511835, 4.741142959722491, 14.331200194236086, -44.30517527559204, 16.841503910420393] joint_vel=[-36.66205564945623, -33.18381151556544, 48.576654501858776, 29.785638106694325, -8.984962355937698, -5.101147469164176] imu_ang_vel=[0.0, -0.4670118929760665, 0.0] imu_quat_wxyz=[0.9997134594064034, 0.0, 0.02393739922550894, 0.0] status=0x0003
joint_pos=[8.73957704682226, -11.86731981633897, 5.631395214167853, 15.126081050834266, -44.43866996148186, 17.019277502070548] joint_vel=[-29.343732092571333, -19.611115399314482, 42.48542625899314, 45.14524247248196, -5.2587773476769275, 16.38083819646338] imu_ang_vel=[0.0, -0.18222576200538299, 0.0] imu_quat_wxyz=[0.9997768856979183, 0.0, 0.02112294544261049, 0.0] status=0x0003
joint_pos=[8.207192036556727, -12.108565818914167, 6.400439219515581, 16.14938648533855, -44.38987778347222, 17.35639957172577] joint_vel=[-25.18793033054061, -7.869130525839095, 36.832507531161816, 54.448126758949506, 6.836434628794675, 17.11821396083129] imu_ang_vel=[0.0, 0.024631826305286774, 0.0] imu_quat_wxyz=[0.9997868115986163, 0.0, 0.020647792944354943, 0.0] status=0x0003
joint_pos=[7.720005502184837, -12.161332146115326, 7.075091216809094, 17.312342130171608, -44.13627790547574, 17.518762421758904] joint_vel=[-23.95415292791816, 0.12910170085475395, 32.803249692448226, 60.13778493252566, 15.974407997147058, 3.3149021908531715] imu_ang_vel=[0.0, 0.14683756890411775, 0.0] imu_quat_wxyz=[0.9997638011689859, 0.0, 0.02173342752859031, 0.0] status=0x0003
joint_pos=[7.204846920200783, -12.10003742939927, 7.70405432817469, 18.507877901865406, -43.707309470013094, 17.437041178539175] joint_vel=[-26.85217950117998, 4.760971797839044, 31.163844281783593, 59.52438161117513, 24.526988463803253, -8.024601406662818] imu_ang_vel=[0.0, 0.17272022210287716, 0.0] imu_quat_wxyz=[0.9997251216725814, 0.0, 0.02344527877297183, 0.0] status=0x0003
joint_pos=[6.62203214809834, -11.987739164035862, 8.318500943152337, 19.611412296868117, -43.01951299867697, 17.11596695370532] joint_vel=[-30.48459066833722, 6.1625080022389245, 31.053752734083957, 52.72131913670026, 39.892886195038514, -20.31253982865448] imu_ang_vel=[0.0, 0.14475498477450677, 0.0] imu_quat_wxyz=[0.999686632281746, 0.0, 0.0250327233272972, 0.0] status=0x0003
joint_pos=[5.9360115442070205, -11.845336984956367, 8.928997259811727, 20.497960504375, -41.941548906617044, 16.526189095008995] joint_vel=[-36.449392354745676, 7.713072074769139, 30.863124653252974, 39.641991374794046, 61.67037168207314, -34.3458940243007] imu_ang_vel=[0.0, 0.0765627800514669, 0.0] imu_quat_wxyz=[0.9996596072163623, 0.0, 0.02608964737263079, 0.0] status=0x0003
joint_pos=[5.086524885514949, -11.614142537468165, 9.616823328948914, 21.092929391937506, -40.404951254481226, 15.651927680215136] joint_vel=[-43.871316645476455, 10.08207276009532, 29.979658774428344, 22.822138363835577, 86.33247729173469, -48.706091128372925] imu_ang_vel=[0.0, 0.018163373284172182, 0.0] imu_quat_wxyz=[0.9996518926041665, 0.0, 0.02638358605095006, 0.0] status=0x0003
joint_pos=[4.100689518513646, -11.357765945919004, 10.151882337005016, 21.305719392627477, -38.36465886689494, 14.538252786557564] joint_vel=[-52.52618888010342, 14.694114564933985, 26.637811712675212, 4.0435724824648265, 110.54313984065453, -59.339452592774485] imu_ang_vel=[0.0, -0.12149738725560663, 0.0] imu_quat_wxyz=[0.9996728390386797, 0.0, 0.02557762475966382, 0.0] status=0x0003
joint_pos=[2.918227045898314, -10.909610018950795, 10.689763459789198, 21.152480517033013, -35.82882705145902, 13.285023008665464] joint_vel=[-61.319504553073116, 24.35086221292264, 21.51001861200537, -15.202778303823779, 136.29407192750412, -64.38515157902927] imu_ang_vel=[0.0, -0.19253907145560495, 0.0] imu_quat_wxyz=[0.9997134101010035, 0.0, 0.023939458310976023, 0.0] status=0x0003
joint_pos=[1.5509536414924503, -10.250824889494966, 11.108187691812896, 20.611597894720372, -32.84229115753813, 11.88500258112787] joint_vel=[-71.09242105417461, 35.93141473363714, 15.828782598014923, -34.447070255481094, 156.78739786149694, -72.94422265857212] imu_ang_vel=[0.0, -0.25583169419648494, 0.0] imu_quat_wxyz=[0.9997653838501726, 0.0, 0.021660499876900947, 0.0] status=0x0003
joint_pos=[0.010897851739603708, -9.390649927432857, 11.43477970823037, 19.70902118194709, -29.551145917750954, 10.324442905505453] joint_vel=[-79.2263664274857, 45.426844335093264, 11.899636888534078, -51.82713911445143, 168.94100934083502, -80.68365948694556] imu_ang_vel=[0.0, -0.307016756075206, 0.0] imu_quat_wxyz=[0.9998230729747238, 0.0, 0.018810176697204556, 0.0] status=0x0003
joint_pos=[-1.652563314564173, -8.381448539206888, 11.760908330369272, 18.4942649634635, -26.11247686371819, 8.63047694848966] joint_vel=[-85.80808301035499, 54.458021458116065, 20.864966382614334, -65.26006161448448, 172.99399078988037, -86.7570464355946] imu_ang_vel=[0.0, -0.33262218973916546, 0.0] imu_quat_wxyz=[0.9998783205490879, 0.0, 0.015599490246013377, 0.0] status=0x0003
joint_pos=[-3.303961429572577, -7.411382176093834, 12.0575951965765, 17.003883910232076, -22.65867176654898, 6.859594566209752] joint_vel=[-81.31112542469538, 46.44735940226392, 13.745601215228415, -79.26564530341894, 171.89165613548872, -89.41503983502685] imu_ang_vel=[0.0, -0.30319778091291555, 0.0] imu_quat_wxyz=[0.9999229182249195, 0.0, 0.012416022251949137, 0.0] status=0x0003
joint_pos=[-4.82454681737708, -6.743813177170271, 12.545328032473334, 15.260425173073493, -19.335997514114787, 5.227279523860836] joint_vel=[-72.26836525230978, 24.77308108095396, 26.074180511266725, -92.42548960299372, 162.88714468859783, -77.39873492411999] imu_ang_vel=[0.0, -0.3122581706463081, 0.0] imu_quat_wxyz=[0.9999564054210426, 0.0, 0.009337411709219583, 0.0] status=0x0003
joint_pos=[-6.008012761982512, -6.741620302683759, 13.435187493907094, 13.31999618314295, -16.27549362406442, 4.060057174770787] joint_vel=[-50.904741159095956, -15.336111866526505, 49.47652136154829, -100.7617032031597, 147.6227665742551, -48.16770128628969] imu_ang_vel=[0.0, -0.25945950563259423, 0.0] imu_quat_wxyz=[0.9999786414911498, 0.0, 0.006535790810188377, 0.0] status=0x0003
joint_pos=[-6.614761816993864, -7.705249556358664, 14.911195358922997, 11.286375369855358, -13.490102167644501, 3.69399654883475] joint_vel=[-17.42979644300499, -69.48340961490491, 80.56019098421925, -103.87712581132749, 134.93624823503907, -2.71250292918216] imu_ang_vel=[0.0, -0.10299836472325281, 0.0] imu_quat_wxyz=[0.9999880414560987, 0.0, 0.004890495352808776, 0.0] status=0x0003
joint_pos=[-6.508923603053204, -9.784301156890585, 16.93276601315384, 9.393907998761906, -11.172461536964178, 3.7687080137619247] joint_vel=[9.270748424862443, -114.84710524337567, 104.3514412840478, -66.31861118345392, 52.37320170459307, -61.68186858491501] imu_ang_vel=[0.0, 0.15658811466332487, 0.0] imu_quat_wxyz=[0.9999855540374682, 0.0, 0.005375101522554864, 0.0] status=0x0003
sim t=    1.52s  x= 0.354m z= 0.526m pitch= 0.54deg action=[0.603, -0.196, 0.362, -0.453, 0.721, 0.606]
joint_pos=[-6.028739744732182, -12.22257884817518, 19.27147854302245, 8.355512889167619, -10.401771941069942, 2.4370601485272276] joint_vel=[32.49607945769814, -125.44416227554404, 123.65151124308902, -45.5555985281733, 33.112781079094695, -66.40470838669651] imu_ang_vel=[0.0, -0.021790794251517673, 0.0] imu_quat_wxyz=[0.9999888621885309, 0.0, 0.0047196926687482045, 0.0] status=0x0003
joint_pos=[-4.984206983773644, -14.317550210954673, 22.206073960808048, 7.626375564003416, -9.81722617087584, 3.252837972235806] joint_vel=[58.89682421537373, -94.04091913965438, 159.37581869086247, -26.80220783167644, 24.83806127249302, 37.303434331663496] imu_ang_vel=[0.0, 0.3343933347113086, 0.0] imu_quat_wxyz=[0.9999771134262706, 0.0, 0.006765546811863794, 0.0] status=0x0003
joint_pos=[-3.4465312296722526, -16.365798825520486, 25.39048145828662, 7.228250331280776, -9.162298682815214, 3.716866592435807] joint_vel=[86.74669000526329, -106.60144985331479, 158.9728146664275, -16.27133096163002, 37.21019196130617, 15.624287216984168] imu_ang_vel=[0.0, 0.5992162411214357, 0.0] imu_quat_wxyz=[0.9999293677307771, 0.0, 0.011885266068887637, 0.0] status=0x0003
joint_pos=[-1.6086139670001116, -18.785041003348347, 28.340342112631387, 6.770488681396892, -8.263892276922657, 3.8423553099485965] joint_vel=[95.08178182671972, -128.2170148301795, 141.09799059755838, -27.110016131739673, 49.24251306446727, 8.422870368777334] imu_ang_vel=[0.0, 0.5713425944878726, 0.0] imu_quat_wxyz=[0.9998386473640979, 0.0, 0.0179632746772689, 0.0] status=0x0003
joint_pos=[0.284044222828227, -21.352698728680313, 31.108963734437214, 6.082801115772002, -7.104212313809031, 3.927291300747403] joint_vel=[94.35293017532857, -128.0887443699964, 136.886540955736, -38.58736602103095, 63.28136935883304, 1.867341159906096] imu_ang_vel=[0.0, 0.4896134413588669, 0.0] imu_quat_wxyz=[0.9997320190135025, 0.0, 0.023149301483758666, 0.0] status=0x0003
joint_pos=[2.1480006685885735, -23.71726027857904, 33.661620553587355, 5.231290602238887, -5.639038274893148, 3.863749058489315] joint_vel=[92.57901919996365, -112.4283501364415, 122.60159023885018, -44.981860455251514, 79.41382002740868, -5.903515361772763] imu_ang_vel=[0.0, 0.4974732853365005, 0.0] imu_quat_wxyz=[0.9996080218731612, 0.0, 0.02799647489998564, 0.0] status=0x0003
joint_pos=[3.976803890116682, -25.79629827299164, 35.853470089499844, 4.228801194649289, -3.798629053727226, 3.624715954567442] joint_vel=[90.84669630123491, -98.97771790370439, 102.56799763841323, -53.19061781018973, 99.79161633722892, -15.398726461896457] imu_ang_vel=[0.0, 0.539264790514559, 0.0] imu_quat_wxyz=[0.9994479844629616, 0.0, 0.03322237729187506, 0.0] status=0x0003
joint_pos=[5.790221590279086, -27.747028979099163, 37.682152214387166, 3.0144639945975746, -1.4935994929315797, 3.1730124706044673] joint_vel=[90.61944005372057, -96.50035400701715, 85.42085097494845, -65.15637080928059, 124.7912946975459, -26.832283538781855] imu_ang_vel=[0.0, 0.5681627347763734, 0.0] imu_quat_wxyz=[0.9992464897716878, 0.0, 0.038813047792721524, 0.0] status=0x0003
joint_pos=[7.58146965787895, -29.76477391498357, 39.17336893418099, 1.6737337408654502, 0.9493453507693611, 2.6581023116381535] joint_vel=[83.7956291765715, -107.07891990205054, 68.70841739183858, -50.733961008199124, 68.37121506383387, -0.752147819456086] imu_ang_vel=[0.0, 0.6023916803308818, 0.0] imu_quat_wxyz=[0.999000635481001, 0.0, 0.04469597642468568, 0.0] status=0x0003
joint_pos=[9.048222785411308, -32.02265121238698, 40.235474312449035, 0.9943164853644099, 0.9311404898100685, 3.3221454466425957] joint_vel=[69.33810423587519, -113.97390708361455, 44.677924500325446, -32.570795409257315, -16.931168514770196, 41.58364437336423] imu_ang_vel=[0.0, -0.05601664000081047, 0.0] imu_quat_wxyz=[0.998948902757589, 0.0, 0.045837644784708594, 0.0] status=0x0003
joint_pos=[10.274271938377678, -33.4885202584096, 41.2622203517625, 0.3926246234811258, 0.5873276853870917, 4.170512595145469] joint_vel=[57.1179792252706, -50.3344712145694, 54.93137745331678, -29.389815156311155, -15.206787367707381, 41.986724427435554] imu_ang_vel=[0.0, -0.05710738908177354, 0.0] imu_quat_wxyz=[0.9989894657341128, 0.0, 0.04494493689251081, 0.0] status=0x0003
joint_pos=[11.3789758669728, -33.80868148003713, 42.23578644509579, -0.12864190753897445, 0.37003906416891275, 5.086193146966495] joint_vel=[55.73899199674755, 0.8449615612113511, 45.628860955064766, -25.33605769147617, -8.281171771219032, 61.169282120685345] imu_ang_vel=[0.0, 0.10060221237587608, 0.0] imu_quat_wxyz=[0.9989736064419338, 0.0, 0.04529606641195725, 0.0] status=0x0003
joint_pos=[12.444527033568775, -33.369976560128, 42.751646555084314, -0.582620189788766, 0.2529658543872037, 5.815395168375303] joint_vel=[53.32087026671759, 31.52498294962097, 15.464550215768298, -22.33594185917807, -4.408711594796148, 35.70273003789231] imu_ang_vel=[0.0, 0.18489141604104364, 0.0] imu_quat_wxyz=[0.9988974576910908, 0.0, 0.04694538335422871, 0.0] status=0x0003
joint_pos=[13.479240400367445, -32.65150475228319, 42.64356428554395, -1.1186560805830092, 0.19689905255788173, 6.525222865860193] joint_vel=[50.79834678290093, 38.35123137718644, -16.56350216803642, -29.313890917607125, -2.097303209075674, 35.76857880389209] imu_ang_vel=[0.0, 0.12763635026316006, 0.0] imu_quat_wxyz=[0.9988199407782747, 0.0, 0.04856671600678506, 0.0] status=0x0003
joint_pos=[14.51436393218423, -31.92148918784637, 41.899410469058296, -1.7763713320314263, 0.17123811016508939, 7.314335315008014] joint_vel=[51.22810007201739, 36.646851430460764, -48.37572970046816, -34.28621328765067, -1.063092483483016, 34.17031619836598] imu_ang_vel=[0.0, 0.04994014246198114, 0.0] imu_quat_wxyz=[0.9987815061771248, 0.0, 0.04935081477092269, 0.0] status=0x0003
joint_pos=[15.595715289261461, -31.21038128472798, 40.56083654100595, -2.479815085197252, 0.16202106548372858, 8.07323751747995] joint_vel=[56.772298180265764, 33.51833715794001, -76.606979933262, -36.50786288563831, -0.0769551491790878, 49.96662543504311] imu_ang_vel=[0.0, 0.025837455272627062, 0.0] imu_quat_wxyz=[0.9987673259029762, 0.0, 0.04963696917236308, 0.0] status=0x0003
joint_pos=[16.780171485487962, -30.48889771047437, 38.69342153574285, -3.1317947208682204, 0.158739520156301, 8.74282195933188] joint_vel=[61.65715987519792, 36.041456279324535, -102.06235092489199, -31.243335168094475, -0.0401660678606463, 33.62957579417456] imu_ang_vel=[0.0, 0.07784653621998865, 0.0] imu_quat_wxyz=[0.9987412534721031, 0.0, 0.05015883384781048, 0.0] status=0x0003
joint_pos=[18.07578105479945, -29.685178988497633, 36.42741046283907, -3.695195037222599, 0.1594061962491255, 9.481454053954316] joint_vel=[65.71442145134382, 43.13793713887939, -119.26671375948821, -26.121439863516215, 0.00817418251885519, 33.92195115806231] imu_ang_vel=[0.0, 0.16820026277659525, 0.0] imu_quat_wxyz=[0.9986739205306506, 0.0, 0.05148204009108076, 0.0] status=0x0003
joint_pos=[19.443615568144466, -28.65893487640328, 33.94621461158554, -4.119438185363889, 0.16070206167165216, 10.286553582374575] joint_vel=[70.08858628386227, 55.47546112002492, -126.45321787442768, -18.669324738379903, 0.17850482888033034, 46.20965314691427] imu_ang_vel=[0.0, 0.3131153508243569, 0.0] imu_quat_wxyz=[0.9985401910358852, 0.0, 0.054013765708547046, 0.0] status=0x0003
joint_pos=[20.841559990523947, -27.232932968113843, 31.393808042837207, -4.32353541448949, 0.15971759696348928, 11.046702250246186] joint_vel=[71.50673929626026, 78.25922636055009, -127.92862698471127, -6.454054758864765, 0.11552821432257736, 46.494315435267936] imu_ang_vel=[0.0, 0.5287199717802145, 0.0] imu_quat_wxyz=[0.9982920319635781, 0.0, 0.05842104858722036, 0.0] status=0x0003
joint_pos=[22.155143126863017, -25.146498567431475, 28.8504867766935, -4.264767477381536, 0.12632672112025986, 11.86270807448032] joint_vel=[62.70365934210267, 118.42317899859266, -126.58143792221989, 7.836368363523242, -1.905568219532882, 39.62841527383534] imu_ang_vel=[0.0, 0.7806181887670188, 0.0] imu_quat_wxyz=[0.9978700133769799, 0.0, 0.06523370603473364, 0.0] status=0x0003
joint_pos=[22.980853393821594, -21.53988001813855, 26.20170259921247, -3.449521927845535, -0.8875618880818721, 13.26554466061359] joint_vel=[29.431853100913784, 214.36640561853926, -135.40837124094455, 58.82074938515781, -77.19201186001219, 88.77515641769392] imu_ang_vel=[0.0, 1.06717930049624, 0.0] imu_quat_wxyz=[0.9971994089812667, 0.0, 0.07478862699242696, 0.0] status=0x0003
joint_pos=[22.90484218941836, -17.848021504755867, 21.897156883405895, -1.6768657909007554, -4.077540099618631, 15.561872267405406] joint_vel=[-11.425771445901406, 109.89384474949229, -290.94493350005064, 103.040523754804, -203.7827092256662, 117.55546247956558] imu_ang_vel=[0.0, 0.8813999689512478, 0.0] imu_quat_wxyz=[0.996362759977114, 0.0, 0.08521297161106303, 0.0] status=0x0003
joint_pos=[22.319508299930302, -15.525154214238846, 16.30803796218166, 0.7811390981297428, -9.37508468399509, 17.54747780917277] joint_vel=[-39.38905438752001, 119.98426691636115, -275.243702426312, 133.61008049175177, -297.8358840391896, 89.22602987421129] imu_ang_vel=[0.0, 0.44595789402092706, 0.0] imu_quat_wxyz=[0.9958336563760551, 0.0, 0.09118842486136612, 0.0] status=0x0003
joint_pos=[21.255483024842114, -13.180060228561462, 11.502836250887116, 3.6956991002112827, -16.015834593258997, 19.112472422518213] joint_vel=[-60.90728427289422, 116.11487423566876, -223.60682063734455, 152.12769212778193, -349.7546882815313, 72.19759166043798] imu_ang_vel=[0.0, 0.09464946386142384, 0.0] imu_quat_wxyz=[0.9956304687143337, 0.0, 0.09338077836298139, 0.0] status=0x0003
sim t=    2.02s  x= 0.500m z= 0.528m pitch= 10.58deg action=[-1.0, 1.0, 0.653, 1.0, -0.588, 0.117]
joint_pos=[19.841810392586847, -10.928529972342847, 7.73422697919392, 6.81500145670488, -23.04092566794639, 20.399025562163235] joint_vel=[-76.32432765396926, 111.46467217535272, -171.08659576418646, 157.9490671302571, -350.8428985495749, 60.08951655215312] imu_ang_vel=[0.0, -0.15183298629405326, 0.0] imu_quat_wxyz=[0.9956951622442827, 0.0, 0.09268842367486699, 0.0] status=0x0003
joint_pos=[18.26200498517083, -9.167900161455995, 5.240457205746045, 9.72426355219759, -29.622160475053423, 21.122541962733436] joint_vel=[-80.6471734212469, 75.83837294444186, -100.81100872477496, 138.38353496259836, -316.1511720372038, 23.456462589126886] imu_ang_vel=[0.0, -0.4067790526043385, 0.0] imu_quat_wxyz=[0.9959747889836287, 0.0, 0.08963380896188897, 0.0] status=0x0003
joint_pos=[16.644742505241286, -8.330701529142452, 3.9251667249615707, 12.003421400536949, -35.284128021080114, 20.891601451329333] joint_vel=[-81.07053476948926, 23.436175255053314, -47.449000448375685, 100.23878588206641, -264.35455443083526, -30.136710987663907] imu_ang_vel=[0.0, -0.7617334523933237, 0.0] imu_quat_wxyz=[0.9965089927463171, 0.0, 0.0834854920074176, 0.0] status=0x0003
joint_pos=[15.06781298061867, -8.410483026141748, 3.3531105039024753, 13.522712041967997, -39.80876834609981, 19.935229149218323] joint_vel=[-77.6350217205141, -18.981355886369712, -18.745413998893625, 62.353497040227516, -204.86254693260867, -57.11235008199827] imu_ang_vel=[0.0, -1.053182554549226, 0.0] imu_quat_wxyz=[0.9972596671247675, 0.0, 0.07398078349272784, 0.0] status=0x0003
joint_pos=[13.576201357232268, -9.103387255558015, 3.121939380574718, 14.34280861535047, -43.0394955105772, 18.93284660076832] joint_vel=[-72.73332227523179, -43.50261683003602, -7.755408728559149, 29.05346485894888, -137.37535302903507, -46.2190308186168] imu_ang_vel=[0.0, -1.186111205686438, 0.0] imu_quat_wxyz=[0.9980448253488506, 0.0, 0.06250221271588904, 0.0] status=0x0003
joint_pos=[12.161975310504287, -10.019472916699756, 3.4403050715312995, 14.682914811955902, -44.966248538143034, 18.25646185126596] joint_vel=[-75.21498089739698, -41.12775466013628, 88.50431689783792, 14.266724998820637, -71.19214335590708, -27.120718725857355] imu_ang_vel=[0.0, -1.1451678162328263, 0.0] imu_quat_wxyz=[0.9987106236141557, 0.0, 0.050765049790423455, 0.0] status=0x0003
joint_pos=[10.968230659673486, -11.01306154116494, 4.633177471795515, 14.938262478520626, -45.83640746593065, 17.97877791365213] joint_vel=[-55.20259905181165, -46.85817045945813, 57.820964321153745, 14.004034379368914, -30.483980564984115, -6.584398356923139] imu_ang_vel=[0.0, -0.8395614680219823, 0.0] imu_quat_wxyz=[0.9991416276375805, 0.0, 0.04142472597044297, 0.0] status=0x0003
joint_pos=[9.963673073635963, -11.759885243473693, 5.709403107065414, 15.357579436230752, -46.22355220487445, 18.09141132551588] joint_vel=[-47.34631722918425, -32.35340538293904, 51.58423390814317, 24.6633778267671, -12.986343218211507, 12.192233793690106] imu_ang_vel=[0.0, -0.5613958813383553, 0.0] imu_quat_wxyz=[0.9993949683189148, 0.0, 0.03478070296637496, 0.0] status=0x0003
joint_pos=[9.153612874707008, -12.203707097117048, 6.634946435712957, 16.057258547768548, -46.252293015205055, 18.40379870716005] joint_vel=[-36.71925833765457, -16.68558562933484, 43.70129347319924, 40.63939886861954, 4.976850059053907, 17.4791846433029] imu_ang_vel=[0.0, -0.247244945216526, 0.0] imu_quat_wxyz=[0.9995169417556952, 0.0, 0.031078660578319362, 0.0] status=0x0003
joint_pos=[8.521814243478476, -12.388547089662548, 7.421485921735443, 17.056462144233596, -46.02844387422186, 18.69470996085401] joint_vel=[-28.837652022103693, -5.103049576998372, 37.421795180818656, 55.040594338302455, 14.77471937792381, 12.983810722694203] imu_ang_vel=[0.0, 0.010802468376482749, 0.0] imu_quat_wxyz=[0.9995412406903164, 0.0, 0.030287095589755182, 0.0] status=0x0003
joint_pos=[7.971367273086233, -12.36974534483177, 8.109410889934892, 18.25836851914404, -45.62829711962471, 18.82916437795337] joint_vel=[-26.842209125511683, 4.223555369116521, 33.10540799536811, 62.812966960001816, 22.965755213521895, 3.38483630913369] imu_ang_vel=[0.0, 0.16121667960090894, 0.0] imu_quat_wxyz=[0.9995059509964184, 0.0, 0.03143014353682266, 0.0] status=0x0003
joint_pos=[7.4345892664215745, -12.229968311959036, 8.738088055100118, 19.53029446840637, -45.0258893872788, 18.72540438136655] joint_vel=[-26.949840680613722, 8.63090725573415, 31.04449688012173, 63.97128995358342, 34.14648029576816, -9.750145181651382] imu_ang_vel=[0.0, 0.2240659328935983, 0.0] imu_quat_wxyz=[0.9994387516650467, 0.0, 0.03349898013690949, 0.0] status=0x0003
joint_pos=[6.840723072970299, -12.026247705587686, 9.33855595347787, 20.71628961452644, -44.13313812908449, 18.338742969812927] joint_vel=[-31.29709425414944, 11.153318958760956, 30.068208578087116, 56.66747909220583, 50.48467871706993, -24.420563455790784] imu_ang_vel=[0.0, 0.20066100724988967, 0.0] imu_quat_wxyz=[0.9993636730710305, 0.0, 0.03566859887882496, 0.0] status=0x0003
joint_pos=[6.105244871660295, -11.744837937924435, 10.017474344178, 21.693088699522743, -42.86590738465018, 17.64279113540865] joint_vel=[-37.85078573625056, 11.980426138470937, 29.646072670009165, 43.02907921450205, 71.70901919028816, -40.34627459627374] imu_ang_vel=[0.0, 0.15011124589258007, 0.0] imu_quat_wxyz=[0.9993049298542993, 0.0, 0.03727810575785752, 0.0] status=0x0003
joint_pos=[5.238604077396184, -11.487376564983524, 10.560392553478227, 22.31789234282092, -41.132396733176776, 16.656346575047888] joint_vel=[-46.64065741499668, 13.737971699911714, 27.516342032108962, 24.847455420090633, 94.84850314098928, -54.05306085710055] imu_ang_vel=[0.0, -0.012549649686668399, 0.0] imu_quat_wxyz=[0.9992902460469273, 0.0, 0.03766967156044166, 0.0] status=0x0003
joint_pos=[4.159870240311291, -11.10281987291143, 11.131449411158377, 22.5585681545652, -38.896509107517716, 15.456212887724222] joint_vel=[-56.500820366397825, 20.074162176240886, 23.982102221780618, 4.086785748413976, 121.67085365494702, -63.14431331777475] imu_ang_vel=[0.0, -0.1303477343162299, 0.0] imu_quat_wxyz=[0.9993209710296639, 0.0, 0.03684558128635819, 0.0] status=0x0003
joint_pos=[2.8791360446487784, -10.564381515149478, 11.611402998363271, 22.37677269240501, -36.15571987723438, 14.053011784143276] joint_vel=[-67.11873963350618, 29.074663228393288, 19.627161150194407, -17.17722438246578, 145.82285467095645, -73.84809347070045] imu_ang_vel=[0.0, -0.23181617413872846, 0.0] imu_quat_wxyz=[0.9993891678367229, 0.0, 0.03494697713139899, 0.0] status=0x0003
joint_pos=[1.387159161025775, -9.8628457460338, 12.086405911092694, 21.780339448831267, -33.024009761330646, 12.436161468121401] joint_vel=[-79.17499048050081, 39.538617119262696, 28.226987707203172, -36.4200239713858, 162.02430050420233, -84.48733655703053] imu_ang_vel=[0.0, -0.3333644940051441, 0.0] imu_quat_wxyz=[0.9994864590560647, 0.0, 0.03204400355089128, 0.0] status=0x0003
joint_pos=[-0.23509611798150268, -9.091265849376407, 12.48254996591787, 20.79069535724638, -29.62807384079313, 10.604299225053607] joint_vel=[-82.64005052273998, 39.128620252171565, 17.241234506577374, -56.36125170744994, 173.53457148451426, -95.2932496317318] imu_ang_vel=[0.0, -0.37558399528231456, 0.0] imu_quat_wxyz=[0.999596860776701, 0.0, 0.028392180708157626, 0.0] status=0x0003
joint_pos=[-1.9565232262936552, -8.262052838772208, 12.87270528620102, 19.44377451608419, -26.10385628182501, 8.618822587211227] joint_vel=[-87.15533990811149, 41.56149290095195, 16.969353213641632, -74.10633440608815, 177.61493787163252, -101.32163118729943] imu_ang_vel=[0.0, -0.4258192920880293, 0.0] imu_quat_wxyz=[0.9997049387656793, 0.0, 0.024290644444094477, 0.0] status=0x0003
joint_pos=[-3.68912707202232, -7.453215563150299, 13.358715980345597, 17.812847269180445, -22.59107672775357, 6.603871761053924] joint_vel=[-86.71384426211289, 40.84105140135636, 30.326003488808194, -85.36258240891732, 173.96491643389422, -100.3466895790646] imu_ang_vel=[0.0, -0.408573864117517, 0.0] imu_quat_wxyz=[0.9997974576160732, 0.0, 0.02012569860740824, 0.0] status=0x0003
joint_pos=[-5.239588864719482, -6.9181863802601695, 13.953592193024665, 15.978644702847271, -19.225463476486794, 4.806841714946739] joint_vel=[-72.91631081932097, 19.985916568512142, 31.646949045766775, -94.94024802809112, 164.53481586578488, -84.16291375662394] imu_ang_vel=[0.0, -0.3231149665355375, 0.0] imu_quat_wxyz=[0.9998634280423079, 0.0, 0.01652650185261918, 0.0] status=0x0003
joint_pos=[-6.474805162156153, -6.962746210351091, 14.963935606615049, 13.969045342589764, -16.11226311471396, 3.6408170979235694] joint_vel=[-56.043867961868195, -13.482114014338288, 62.86434654256222, -103.32608938623999, 150.23199787027804, -44.43347585582471] imu_ang_vel=[0.0, -0.2773533084009558, 0.0] imu_quat_wxyz=[0.9999073468196155, 0.0, 0.013612412576664077, 0.0] status=0x0003
joint_pos=[-7.13142733215201, -8.007742998525924, 16.444324551221566, 11.829496099585999, -13.266283177189454, 3.417114308313339] joint_vel=[-21.04453720002586, -71.6637920076521, 85.22238597116487, -108.21603198316477, 137.1271960455384, 6.150997224780461] imu_ang_vel=[0.0, -0.133116645015885, 0.0] imu_quat_wxyz=[0.9999317396562438, 0.0, 0.011684007362113231, 0.0] status=0x0003
joint_pos=[-7.187359427909698, -10.012599779197863, 18.461326663321426, 10.132110125030538, -11.512096224961262, 2.964493815159646] joint_vel=[2.9718061212716815, -110.5583564121821, 90.98594155447971, -58.54844535953054, 29.161102452796523, -76.2450811209438] imu_ang_vel=[0.0, -0.21096627986724562, 0.0] imu_quat_wxyz=[0.9999379944910447, 0.0, 0.01113585080842385, 0.0] status=0x0003
sim t=    2.52s  x= 0.639m z= 0.526m pitch= 1.25deg action=[0.666, 0.181, 0.463, -0.46, 0.958, 0.917]
joint_pos=[-6.735814191712309, -11.83587367032552, 20.746436170325115, 9.116930381834251, -10.97778066123803, 3.2736229175842753] joint_vel=[31.33025961781378, -80.14362778253658, 126.64541319267319, -42.92586203734515, 21.230845545287334, 34.84932544637637] imu_ang_vel=[0.0, 0.06793539225513083, 0.0] imu_quat_wxyz=[0.999944270588439, 0.0, 0.010557258988700805, 0.0] status=0x0003
joint_pos=[-5.596273746228334, -13.612095536321164, 23.46032027208188, 8.494173433082535, -10.38233848601899, 3.7445002835194803] joint_vel=[71.12030465547727, -93.12857270233967, 140.39653212099446, -24.850197011687992, 34.59057296000779, 17.512150885137068] imu_ang_vel=[0.0, 0.42263208965647, 0.0] imu_quat_wxyz=[0.9999101717422035, 0.0, 0.013403299835378173, 0.0] status=0x0003
joint_pos=[-3.8495129126118397, -15.923379489263784, 26.268730336642268, 7.967361940729636, -9.53493380012249, 3.990697244679755] joint_vel=[96.22210234274567, -127.49759389467337, 140.249964687717, -27.44285627669585, 46.867920090544175, 9.76233634574496] imu_ang_vel=[0.0, 0.5240710283165371, 0.0] imu_quat_wxyz=[0.9998279554649865, 0.0, 0.01854884014446511, 0.0] status=0x0003
joint_pos=[-1.8863699614071734, -18.58668474486921, 29.106392224841734, 7.295007248802863, -8.49142222413263, 4.1319778937378215] joint_vel=[99.15736906702388, -135.85691838761196, 142.6165939952579, -37.22994350445309, 55.44719027015591, 5.574346435115331] imu_ang_vel=[0.0, 0.4488842730277857, 0.0] imu_quat_wxyz=[0.9997255973761002, 0.0, 0.023424985613646247, 0.0] status=0x0003
joint_pos=[0.132173149572446, -21.19439685693869, 31.828618304653105, 6.507672277247774, -7.245202034158815, 4.165655187661607] joint_vel=[101.85467700642202, -126.9367782675376, 132.52995065056044, -40.73993309849767, 66.51489628986602, -0.22523614197809516] imu_ang_vel=[0.0, 0.44785864683176674, 0.0] imu_quat_wxyz=[0.9996138005113226, 0.0, 0.02778938335605062, 0.0] status=0x0003
joint_pos=[2.1335002234378107, -23.521116604506084, 34.30423763527673, 5.622663122229137, -5.748035918848673, 4.081221123317107] joint_vel=[99.07039070381988, -110.12036722632587, 119.02338568423632, -46.381097457918834, 80.10002949057302, -6.462607533234576] imu_ang_vel=[0.0, 0.47509024563766267, 0.0] imu_quat_wxyz=[0.9994737692467774, 0.0, 0.032437394896005056, 0.0] status=0x0003
joint_pos=[4.100410305333398, -25.62055236118086, 36.50875755475994, 4.593688601022623, -3.9240586945604266, 3.847351776275031] joint_vel=[97.94033683157006, -101.8153883427645, 105.44556466521657, -54.47969698297769, 98.11735362058576, -14.711523539839439] imu_ang_vel=[0.0, 0.5019209235912074, 0.0] imu_quat_wxyz=[0.9993020257745376, 0.0, 0.03735587347265766, 0.0] status=0x0003
joint_pos=[6.048288667917247, -27.632967049736777, 38.406804069067654, 3.3563150568721127, -1.66788024520327, 3.4151125603728767] joint_vel=[97.11538566661956, -99.70384460736855, 89.2010497940449, -66.23723555042167, 121.9142427886064, -25.613231228047933] imu_ang_vel=[0.0, 0.5219986293077299, 0.0] imu_quat_wxyz=[0.9990961822623808, 0.0, 0.042506688752894185, 0.0] status=0x0003
joint_pos=[7.962882628416509, -29.69019384600737, 39.93155982324747, 1.9929786998006171, 0.7361894563784065, 2.9141948930802575] joint_vel=[90.02563159897188, -108.21441625075053, 69.27261731525864, -52.741821640284144, 69.50779961072115, -1.4444770195477767] imu_ang_vel=[0.0, 0.5598893425065711, 0.0] imu_quat_wxyz=[0.9988502551020518, 0.0, 0.04793921028308628, 0.0] status=0x0003
joint_pos=[9.54809064192575, -31.95393158533497, 40.96563076346584, 1.2570071865624703, 0.7947980736542597, 3.5386764430991886] joint_vel=[74.94553479661428, -113.88510316659199, 42.22222914045878, -35.375898737653415, -12.918655089991995, 39.552466948855916] imu_ang_vel=[0.0, -0.07063328374762115, 0.0] imu_quat_wxyz=[0.9988045331044432, 0.0, 0.048882559773555746, 0.0] status=0x0003
joint_pos=[10.88173882893319, -33.45467080987186, 41.90367416047306, 0.600580790796062, 0.5131157030418853, 4.354528554094945] joint_vel=[62.332269661007636, -53.10248672887185, 49.43662055996353, -32.06262402241914, -12.679902099696278, 40.65725078561528] imu_ang_vel=[0.0, -0.07918910681561854, 0.0] imu_quat_wxyz=[0.9988563842749226, 0.0, 0.04781133331364159, 0.0] status=0x0003
joint_pos=[12.073453470185372, -33.83736990535233, 42.75956410678386, 0.027321555179060382, 0.32950552609201866, 5.236753901137827] joint_vel=[57.09422871876697, 1.114060660775774, 39.04954786580894, -25.917683160843897, -7.420966799784229, 36.91485455918015] imu_ang_vel=[0.0, 0.06855994473780547, 0.0] imu_quat_wxyz=[0.9988525451964343, 0.0, 0.04789147058303032, 0.0] status=0x0003
joint_pos=[13.181416495548682, -33.43975541300499, 43.15015665829382, -0.4862083538204782, 0.23177987689548424, 5.960126908698709] joint_vel=[54.4125586102987, 30.365022605642253, 9.08195661222681, -25.512625191292873, -3.7141548910603905, 36.28689892624497] imu_ang_vel=[0.0, 0.14427075257921276, 0.0] imu_quat_wxyz=[0.998791880770709, 0.0, 0.04914039994250994, 0.0] status=0x0003
joint_pos=[14.250890616884341, -32.75127699749318, 42.922660912856905, -1.0733893327726949, 0.18707728042542288, 6.770924434411183] joint_vel=[54.281132352739576, 34.8685671275649, -22.067252859819273, -32.47179646756226, -1.3817998673048522, 54.63022408328654] imu_ang_vel=[0.0, 0.10439943536855607, 0.0] imu_quat_wxyz=[0.9987272346019501, 0.0, 0.0504371972292414, 0.0] status=0x0003
joint_pos=[15.325416803972866, -32.0404404340044, 42.04296722127212, -1.731594889984067, 0.1667457482663904, 7.4535429271736335] joint_vel=[54.702941473164756, 34.037786931241065, -55.424671680145416, -34.16868183876763, -0.650762086678324, 34.02409640022836] imu_ang_vel=[0.0, 0.04928355875813419, 0.0] imu_quat_wxyz=[0.9986916939285088, 0.0, 0.05113609760438992, 0.0] status=0x0003
joint_pos=[16.45465968371006, -31.360449089706904, 40.55059063228895, -2.4379225425255973, 0.1610247470777787, 8.21333197574196] joint_vel=[56.54717634834757, 34.91752971858785, -84.93172028327072, -35.58793790172036, -0.33388146748502945, 34.95169053868502] imu_ang_vel=[0.0, 0.027597890079168567, 0.0] imu_quat_wxyz=[0.9986754823524596, 0.0, 0.051451734160105726, 0.0] status=0x0003
joint_pos=[17.637249724244683, -30.605230616058414, 38.562069991334305, -3.1093576196489887, 0.15914344161651664, 8.957853668154874] joint_vel=[59.82181110126128, 40.06840083439486, -107.16175766845285, -32.23467163824185, -0.166535358875076, 34.641519504456326] imu_ang_vel=[0.0, 0.07233202452747177, 0.0] imu_quat_wxyz=[0.9986514950851493, 0.0, 0.051915232487162004, 0.0] status=0x0003
joint_pos=[18.891938266864774, -29.700862811602796, 36.216796361715126, -3.6765301901478846, 0.15954547442248235, 9.699379855087455] joint_vel=[63.65008195161302, 48.70154702577288, -122.61176155839948, -26.00714648676876, -0.052178174233745794, 34.93514550056463] imu_ang_vel=[0.0, 0.17764656008960414, 0.0] imu_quat_wxyz=[0.9985823495163374, 0.0, 0.05322866929044349, 0.0] status=0x0003
joint_pos=[20.203796195855507, -28.550491914656583, 33.6477527597857, -4.088105505581123, 0.16035164687598014, 10.45126387416992] joint_vel=[66.02172881349652, 62.9224640758536, -131.49064801949817, -17.369966813668306, -0.041825257533358716, 35.88408147856577] imu_ang_vel=[0.0, 0.33240110513084675, 0.0] imu_quat_wxyz=[0.9984359329076371, 0.0, 0.05590785167448592, 0.0] status=0x0003
joint_pos=[21.509501573528517, -26.974394673057336, 31.008604396675217, -4.293311037317119, 0.152834411087029, 11.230366101777848] joint_vel=[64.20929974916491, 88.06828529858775, -132.10615608229023, -6.051079051314149, -0.46483929548443964, 36.86239496777683] imu_ang_vel=[0.0, 0.5370111549878483, 0.0] imu_quat_wxyz=[0.9981714512262446, 0.0, 0.060446289852170924, 0.0] status=0x0003
joint_pos=[22.66594161750999, -24.58660215815687, 28.363591846238418, -4.212555056980872, 0.11068729191449561, 12.126775282895974] joint_vel=[54.566109361281136, 136.40966794746134, -132.14915789427894, 9.38683004127427, -2.1358476429341495, 51.00292816290789] imu_ang_vel=[0.0, 0.8258110150788277, 0.0] imu_quat_wxyz=[0.9977184666101178, 0.0, 0.06751193513116949, 0.0] status=0x0003
joint_pos=[23.136565492601374, -20.505513980203453, 25.523738898472136, -3.269201168726626, -1.3012174333042583, 13.72220553532461] joint_vel=[6.642519156054185, 240.9518203533437, -147.08011649868118, 67.8749066109745, -107.83521563004167, 98.21680448010515] imu_ang_vel=[0.0, 1.0247213754169258, 0.0] imu_quat_wxyz=[0.9970235902235959, 0.0, 0.07709708514367589, 0.0] status=0x0003
joint_pos=[22.868710602181814, -17.461968652168455, 20.368188518042146, -1.3845788487920279, -5.007237425555037, 16.201197997087824] joint_vel=[-20.57559192314967, 116.73960562728206, -304.27683169799747, 107.59598727839652, -227.76815028059897, 129.37665807597057] imu_ang_vel=[0.0, 0.7254905532682349, 0.0] imu_quat_wxyz=[0.9962759583846514, 0.0, 0.08622189249108468, 0.0] status=0x0003
joint_pos=[22.12216685905529, -15.09891110770554, 14.818758841527421, 1.1484369242447736, -10.69629434093055, 18.252020559479945] joint_vel=[-46.66751785917708, 119.05684689751088, -265.34510623776015, 136.87049308718483, -314.895612559839, 87.90040314629401] imu_ang_vel=[0.0, 0.3203841607129772, 0.0] imu_quat_wxyz=[0.9958612179283091, 0.0, 0.09088693319914008, 0.0] status=0x0003
joint_pos=[20.950429816368995, -12.808045174577368, 10.284797669015312, 4.074312810679553, -17.42604513017186, 19.611887248432147] joint_vel=[-65.28361029992887, 112.5658323251895, -207.95636738020548, 151.26039659234263, -347.2317784136867, 57.22392597522449] imu_ang_vel=[0.0, 0.004693931427772705, 0.0] imu_quat_wxyz=[0.9957568960685975, 0.0, 0.09202284461932463, 0.0] status=0x0003
sim t=    3.02s  x= 0.785m z= 0.528m pitch= 10.36deg action=[-0.888, 1.0, 0.736, 0.934, -0.531, 0.056]
joint_pos=[19.526667591503017, -10.683943823278176, 6.8700233376647875, 7.169768031261848, -24.272646252889906, 20.53022131695757] joint_vel=[-74.70931189655744, 103.57034808490853, -152.12948768354033, 156.5883827155808, -338.43933643276205, 39.88323073057397] imu_ang_vel=[0.0, -0.1778184124455617, 0.0] imu_quat_wxyz=[0.9958683304991736, 0.0, 0.09080896601541527, 0.0] status=0x0003
joint_pos=[17.970501258971765, -9.175865174809466, 4.7690696925630185, 9.947671856641088, -30.564318024472545, 20.898431884295423] joint_vel=[-79.6793008139016, 60.5050512123624, -80.63311641255298, 128.9129888030112, -300.6368966931717, 7.016797732945977] imu_ang_vel=[0.0, -0.4747392801183346, 0.0] imu_quat_wxyz=[0.9961767241029101, 0.0, 0.0873609429642013, 0.0] status=0x0003
joint_pos=[16.373679023774844, -8.604903878258359, 3.7285276454649687, 12.033030519066168, -35.908759893151036, 20.417680603491377] joint_vel=[-79.99947472930677, 11.144829924699795, -37.02693003216339, 90.43037370761152, -248.33756967176416, -40.50593263846469] imu_ang_vel=[0.0, -0.8387333036493407, 0.0] imu_quat_wxyz=[0.9967623356134189, 0.0, 0.08040426793698315, 0.0] status=0x0003
joint_pos=[14.799608796042667, -8.836845410292696, 3.2950795602423835, 13.370709665081732, -40.10577686775035, 19.47399998910256] joint_vel=[-77.92785848027239, -24.201204388508106, -13.551587521256991, 53.682573083744195, -188.31097950266525, -50.5947382095916] imu_ang_vel=[0.0, -1.1000658020919212, 0.0] imu_quat_wxyz=[0.9975262261623689, 0.0, 0.07029529229089686, 0.0] status=0x0003
joint_pos=[13.307618213356285, -9.564843397246932, 3.1409850303158997, 14.060816119127125, -43.007427377719694, 18.646268234748106] joint_vel=[-72.58676077929744, -43.34916148476574, -4.596267390135739, 23.768744183959235, -120.96117051690896, -36.31323734842802] imu_ang_vel=[0.0, -1.1819593751098862, 0.0] imu_quat_wxyz=[0.9982788672468373, 0.0, 0.05864557279429736, 0.0] status=0x0003
joint_pos=[11.901675105165344, -10.438172085092159, 3.8271242849399947, 14.381072321937197, -44.64227730822266, 18.11289153560029] joint_vel=[-66.33854684138956, -49.92884442944869, 60.586310883658975, 10.753487243125136, -56.356212346461106, -21.572509421516315] imu_ang_vel=[0.0, -0.9742660988217973, 0.0] imu_quat_wxyz=[0.9988678195638643, 0.0, 0.04757183031723051, 0.0] status=0x0003
joint_pos=[10.71818760036555, -11.308130525978985, 4.926793103314208, 14.710982094375069, -45.46847950438099, 17.840600994018793] joint_vel=[-55.39411962064238, -39.887893047011, 53.50319444830366, 19.675788333136442, -32.8074299746982, -9.296632993840186] imu_ang_vel=[0.0, -0.7802900634046057, 0.0] imu_quat_wxyz=[0.9992492039165198, 0.0, 0.038743108705953405, 0.0] status=0x0003
joint_pos=[9.751191653988029, -11.904437451091741, 5.9120040891266505, 15.30751622253683, -45.924675702046905, 17.999958428611627] joint_vel=[-44.37232538584473, -24.431087607924226, 46.90551546614452, 35.295970349766144, -17.035172351648544, 17.227549609474774] imu_ang_vel=[0.0, -0.4581568824201239, 0.0] imu_quat_wxyz=[0.999458739936837, 0.0, 0.032897221218061136, 0.0] status=0x0003
joint_pos=[8.98618655680454, -12.234673775441351, 6.773353901572317, 16.17738705590336, -46.02823882699865, 18.4125244116446] joint_vel=[-34.886263423148364, -12.203250658773259, 41.28369031881814, 47.98732077199922, 1.3358645645630842, 22.473214461853033] imu_ang_vel=[0.0, -0.16344861797675841, 0.0] imu_quat_wxyz=[0.9995439816319045, 0.0, 0.03019650283458112, 0.0] status=0x0003
joint_pos=[8.374643515467586, -12.347307027685176, 7.522809194547554, 17.290024719256508, -45.8565942344307, 18.68839676023314] joint_vel=[-28.260835017469297, -2.0311917126810104, 35.97666373074903, 59.780397646319514, 12.720402099828108, 9.160621117747501] imu_ang_vel=[0.0, 0.06148583433801157, 0.0] imu_quat_wxyz=[0.9995491765644615, 0.0, 0.03002405084772905, 0.0] status=0x0003
joint_pos=[7.827355895439676, -12.298717875808562, 8.19670697525512, 18.562015586836665, -45.50678628232428, 18.720702379688486] joint_vel=[-26.97068339863594, 4.980603182371608, 32.84105628264214, 65.63393227033097, 20.201417211502573, -2.030203837464062] imu_ang_vel=[0.0, 0.17988027924164265, 0.0] imu_quat_wxyz=[0.9995045835235143, 0.0, 0.031473600294311316, 0.0] status=0x0003
joint_pos=[7.2721806514650496, -12.156931461204907, 8.828209418451387, 19.855468370120132, -44.940140399560036, 18.538338664226444] joint_vel=[-28.299675375458914, 8.362161977823972, 31.438260913742464, 64.08145931592081, 32.905163461042235, -12.881085132559493] imu_ang_vel=[0.0, 0.21318305155911388, 0.0] imu_quat_wxyz=[0.9994372636829397, 0.0, 0.03354334452552411, 0.0] status=0x0003
joint_pos=[6.646872274391651, -11.96353333985514, 9.438062958407249, 21.01824939018095, -44.0366704767415, 18.104486553138166] joint_vel=[-32.98131457440934, 10.493444646591657, 30.630388059894493, 54.80381107793987, 52.01532159259248, -26.363043974433968] imu_ang_vel=[0.0, 0.17527353193267128, 0.0] imu_quat_wxyz=[0.9993697601203696, 0.0, 0.03549764156891031, 0.0] status=0x0003
joint_pos=[5.87626411352876, -11.692685090084616, 10.11063650262449, 21.941589055808446, -42.715660156771115, 17.37600871791336] joint_vel=[-39.608424576320274, 11.716215592043648, 28.190927159992015, 39.888174118687196, 74.89259580188428, -41.7940706079071] imu_ang_vel=[0.0, 0.08738544368674711, 0.0] imu_quat_wxyz=[0.9993219288214731, 0.0, 0.03681959500769533, 0.0] status=0x0003
joint_pos=[4.968877947890607, -11.407104517785463, 10.652336830340166, 22.509327771778622, -40.906479320738356, 16.373651827243165] joint_vel=[-48.57471134140463, 15.795379280161015, 27.144418864436858, 21.996722648753643, 99.0384803261598, -54.50223968205208] imu_ang_vel=[0.0, -0.026280156997205314, 0.0] imu_quat_wxyz=[0.9993157390326305, 0.0, 0.03698721024445424, 0.0] status=0x0003
joint_pos=[3.852958926675435, -10.979743223535852, 11.203099841308378, 22.695577317797262, -38.6021692145968, 15.152946195290696] joint_vel=[-58.506628190644115, 22.58233143283921, 23.235113304147905, 1.5614018579752909, 124.52497369921315, -64.47716831266567] imu_ang_vel=[0.0, -0.1406098807196917, 0.0] imu_quat_wxyz=[0.9993491510650687, 0.0, 0.03607317930993083, 0.0] status=0x0003
joint_pos=[2.527639307751157, -10.386294497355788, 11.729399328322788, 22.475607778859995, -35.83012034298214, 13.737002997314116] joint_vel=[-71.0064590756692, 34.71669812780587, 30.409597699835754, -17.55721425844896, 145.959643278075, -74.08555474922031] imu_ang_vel=[0.0, -0.24095302586545722, 0.0] imu_quat_wxyz=[0.999418524411188, 0.0, 0.03409711224962866, 0.0] status=0x0003
joint_pos=[1.040042747482804, -9.707229242317156, 12.160325040204576, 21.833684542662912, -32.67978544907305, 12.103915390516036] joint_vel=[-76.69440659433627, 34.57623496083664, 18.781130324126547, -39.800599227047535, 163.4152650559068, -85.60718244033976] imu_ang_vel=[0.0, -0.3148072146386553, 0.0] imu_quat_wxyz=[0.9995129093139321, 0.0, 0.031208077717144858, 0.0] status=0x0003
joint_pos=[-0.596420240644185, -8.941003787081762, 12.566207283684534, 20.79416896750799, -29.284681071388622, 10.261280372420408] joint_vel=[-83.784866384618, 39.077281951427096, 17.21059808833143, -59.41780813361644, 173.26754040071364, -95.54316885839977] imu_ang_vel=[0.0, -0.39877047945566546, 0.0] imu_quat_wxyz=[0.9996219335549409, 0.0, 0.027495271518598093, 0.0] status=0x0003
joint_pos=[-2.330375570412533, -8.092591951226664, 13.01931467231808, 19.418598353531085, -25.775870315077647, 8.246985392103818] joint_vel=[-88.70569233361417, 45.37588356910132, 27.7132272149299, -73.59528181917912, 176.04201658036126, -103.37898977585056] imu_ang_vel=[0.0, -0.4141677280635603, 0.0] imu_quat_wxyz=[0.9997261527481891, 0.0, 0.02340127157452138, 0.0] status=0x0003
joint_pos=[-4.006944892441284, -7.348964847027684, 13.494556238493265, 17.775673626837936, -22.293931522126076, 6.206988860516479] joint_vel=[-81.61889687864395, 33.76546592346284, 23.76827739563971, -86.54302854126254, 172.39024267840276, -101.16644583093148] imu_ang_vel=[0.0, -0.36222188449368037, 0.0] imu_quat_wxyz=[0.9998091167196272, 0.0, 0.019537915045338264, 0.0] status=0x0003
joint_pos=[-5.5196597776065985, -6.886527882499627, 14.193697657105092, 15.925906615021317, -18.97825422604079, 4.493471730515877] joint_vel=[-72.76172498755788, 18.20682127531588, 43.4187818405374, -95.49382018107762, 161.58631723853702, -77.32277171029594] imu_ang_vel=[0.0, -0.3237564944221879, 0.0] imu_quat_wxyz=[0.9998698211848565, 0.0, 0.01613507619328976, 0.0] status=0x0003
joint_pos=[-6.67641538518465, -7.059760233027024, 15.226961769244458, 13.897676952035722, -15.91256946280385, 3.458193732239685] joint_vel=[-49.76231375077418, -23.290913952196597, 57.39845666964685, -104.75175519988036, 148.28140969096123, -38.0723597115194] imu_ang_vel=[0.0, -0.2297008087360266, 0.0] imu_quat_wxyz=[0.99990974931688, 0.0, 0.013434776553931382, 0.0] status=0x0003
joint_pos=[-7.268624181952287, -8.204511231836472, 16.850604106136757, 11.756801607326823, -13.089068219052013, 3.3629795403793787] joint_vel=[-17.481282254944325, -78.46956729032854, 90.07960882298964, -109.50600495267962, 137.34590423211236, 12.688336682963454] imu_ang_vel=[0.0, -0.08487829178231712, 0.0] imu_quat_wxyz=[0.9999298033889821, 0.0, 0.011848556640857825, 0.0] status=0x0003
joint_pos=[-7.250860565692021, -10.383962849942078, 18.883706154075846, 10.041544086612195, -11.376199758451788, 2.9566260590428217] joint_vel=[5.191612836749312, -117.23082254773735, 96.14727447856322, -57.193899912753224, 24.565859974196652, -77.51249747818736] imu_ang_vel=[0.0, -0.23032365847353958, 0.0] imu_quat_wxyz=[0.9999359628973, 0.0, 0.011316806291950187, 0.0] status=0x0003
sim t=    3.52s  x= 0.925m z= 0.526m pitch= 1.29deg action=[0.677, 0.21, 0.462, -0.413, 1.0, 0.93]
joint_pos=[-6.711611718973214, -12.265249000563003, 21.243281018669244, 9.095786694162815, -10.948115064672269, 3.425300720026539] joint_vel=[35.99686438802911, -81.86502293686307, 130.2059641234746, -40.46941267200184, 23.802910374192734, 28.90820789709822] imu_ang_vel=[0.0, 0.11255005389994019, 0.0] imu_quat_wxyz=[0.9999419148833891, 0.0, 0.010778073081071106, 0.0] status=0x0003
joint_pos=[-5.505773626135611, -14.037142983992956, 24.018550814567135, 8.513053589801824, -10.318949020824272, 3.8299690642549207] joint_vel=[73.7120368040345, -91.83703074294809, 143.2015609878252, -23.105845093522653, 35.80949210515434, 15.856794290665922] imu_ang_vel=[0.0, 0.47670853458834256, 0.0] imu_quat_wxyz=[0.9998989094069546, 0.0, 0.014218683721882739, 0.0] status=0x0003
joint_pos=[-3.698857079655454, -16.37892473723856, 26.820265856453798, 8.007890554066092, -9.446481503175388, 4.0532237606202335] joint_vel=[99.43914295469907, -130.5878628188563, 138.23095709082662, -26.731984252700673, 48.1666338487576, 8.763044399902759] imu_ang_vel=[0.0, 0.5618767226443749, 0.0] imu_quat_wxyz=[0.9998037974662903, 0.0, 0.019808245050613144, 0.0] status=0x0003
joint_pos=[-1.6932937730240412, -19.102930417714184, 29.607655722163685, 7.323790696411272, -8.365735451898887, 4.174070609863876] joint_vel=[100.67699195633395, -138.86120274441967, 139.84166232114288, -38.536169159652616, 57.63895401804966, 4.536251960713787] imu_ang_vel=[0.0, 0.46259996418457916, 0.0] imu_quat_wxyz=[0.9996894734866614, 0.0, 0.02491900078176736, 0.0] status=0x0003
joint_pos=[0.3460336838867079, -21.750817553318228, 32.27590627730378, 6.502660233371788, -7.064669281585805, 4.184920082928833] joint_vel=[102.63969877190306, -128.3927064801413, 129.8779998969475, -42.64813620585015, 69.60853199803009, -1.4633498001267211] imu_ang_vel=[0.0, 0.4541473673478749, 0.0] imu_quat_wxyz=[0.9995690837513064, 0.0, 0.0293538210216994, 0.0] status=0x0003
joint_pos=[2.3605079005991905, -24.079940756421536, 34.692598585488675, 5.578061268363071, -5.490179595682156, 4.069823820885323] joint_vel=[99.66986686598803, -109.50335279779951, 115.92671261676759, -48.40612182218811, 84.43232116700143, -8.176720507080208] imu_ang_vel=[0.0, 0.4878087647834505, 0.0] imu_quat_wxyz=[0.9994185770088376, 0.0, 0.03409557052800523, 0.0] status=0x0003
joint_pos=[4.343372123216499, -26.160796200205855, 36.849049503054225, 4.505902711614598, -3.5645073760576547, 3.7960229239002667] joint_vel=[98.85762143453691, -100.71637384892021, 103.41737332198703, -56.72313530095869, 103.66213147032046, -16.90867406199763] imu_ang_vel=[0.0, 0.5219691077919285, 0.0] imu_quat_wxyz=[0.9992318337929108, 0.0, 0.03918854851683945, 0.0] status=0x0003
joint_pos=[6.317046060985559, -28.16275174164659, 38.72018594301568, 3.2189067778617635, -1.1835776132366849, 3.3140904627473478] joint_vel=[98.6196099725872, -99.50489912606601, 88.22282733886685, -68.86627467717962, 128.58455171937527, -28.29582910966123] imu_ang_vel=[0.0, 0.5460871836182771, 0.0] imu_quat_wxyz=[0.9990063630531446, 0.0, 0.04456777512203938, 0.0] status=0x0003
joint_pos=[8.20535896469265, -30.27821580471498, 40.23399533201327, 2.0076864445016764, 0.7272468960187108, 3.0566786389571057] joint_vel=[87.13289812007595, -112.47461238456917, 68.9056576405545, -40.594787956845316, 30.09476065570845, 18.70256261145515] imu_ang_vel=[0.0, 0.32644207174085993, 0.0] imu_quat_wxyz=[0.9987686452153859, 0.0, 0.049610415586070516, 0.0] status=0x0003
joint_pos=[9.743015943827862, -32.26023718058556, 41.4423885666464, 1.3514422144616165, 0.6346076244383608, 3.776398224025882] joint_vel=[72.15566429900414, -90.47356443862826, 55.84411006366177, -32.60622844953734, -12.164666199394508, 40.269697620783454] imu_ang_vel=[0.0, -0.028758692107852132, 0.0] imu_quat_wxyz=[0.9987392851907688, 0.0, 0.050198010086379315, 0.0] status=0x0003
joint_pos=[11.078895662660122, -33.40321822909258, 42.45930876545978, 0.7484189197957044, 0.41084043221578526, 4.576291228662217] joint_vel=[63.93246269840841, -38.36244090279248, 48.18176888783172, -29.126888976296467, -9.629504892259082, 39.66581141373497] imu_ang_vel=[0.0, 0.00805682696401822, 0.0] imu_quat_wxyz=[0.9987525421588554, 0.0, 0.049933551157751374, 0.0] status=0x0003
joint_pos=[12.299801698735903, -33.64827409168203, 43.19948976737586, 0.17983167502591108, 0.2749402869447641, 5.447398733090984] joint_vel=[58.4448745756572, 3.5949507667521243, 30.829973009393054, -27.180925885521614, -5.4759036229352125, 36.57764590547868] imu_ang_vel=[0.0, 0.09422483418036784, 0.0] imu_quat_wxyz=[0.9987199045941111, 0.0, 0.05058213288830112, 0.0] status=0x0003
joint_pos=[13.432657757885325, -33.29874743654059, 43.412831154434166, -0.3872299545816829, 0.20470009746712453, 6.164831625754449] joint_vel=[55.58865676921007, 25.228141037498336, 0.26301959180495105, -29.007755657730375, -2.6357984773779335, 36.11041755606619] imu_ang_vel=[0.0, 0.11254456466783436, 0.0] imu_quat_wxyz=[0.9986626471487174, 0.0, 0.0517002629579026, 0.0] status=0x0003
joint_pos=[14.538820936063294, -32.73259602555816, 43.00967490506282, -1.035231823202136, 0.1746262828847202, 6.96969089514477] joint_vel=[56.40863779677533, 28.31936093066005, -30.834802545488404, -35.23352155448979, -0.8288283972907766, 53.778502813273306] imu_ang_vel=[0.0, 0.06426568306704225, 0.0] imu_quat_wxyz=[0.9986166242267159, 0.0, 0.05258172513372007, 0.0] status=0x0003
joint_pos=[15.662710806921718, -32.12244861531088, 41.9826066672735, -1.730631973477205, 0.1615718465726474, 7.654951986057223] joint_vel=[57.28843786633033, 29.96812333201327, -62.04988599060696, -35.482709925402794, -0.38140953629488633, 34.1857985779087] imu_ang_vel=[0.0, 0.02753659928599914, 0.0] imu_quat_wxyz=[0.9985957706293307, 0.0, 0.05297628602698783, 0.0] status=0x0003
joint_pos=[16.844150976754044, -31.488238108995866, 40.39154127886443, -2.44583034635682, 0.15875044114791131, 8.410161474655705] joint_vel=[59.12484699625811, 33.599841455459746, -88.94951648903682, -35.46489259473085, -0.1569195270393117, 33.813540910332605] imu_ang_vel=[0.0, 0.024978569039444936, 0.0] imu_quat_wxyz=[0.9985832971822067, 0.0, 0.05321088787750654, 0.0] status=0x0003
joint_pos=[18.07574766265629, -30.73349914354969, 38.35678438786161, -3.110045484260506, 0.15839796935416248, 9.156004139583063] joint_vel=[62.04919596414805, 40.841197826877575, -108.56603327683628, -31.560962252943092, -0.061179923408169745, 33.90248045725014] imu_ang_vel=[0.0, 0.08333421735187367, 0.0] imu_quat_wxyz=[0.998553799605945, 0.0, 0.05376159681901374, 0.0] status=0x0003
joint_pos=[19.37029213582782, -29.794140008722806, 36.00750017456093, -3.6620825047393066, 0.1595136864909078, 9.903557238081726] joint_vel=[65.3668337384153, 51.05910462349172, -122.1750081711707, -25.03257399818466, 0.005314912745626645, 34.47936004319049] imu_ang_vel=[0.0, 0.19677219248687053, 0.0] imu_quat_wxyz=[0.9984722792820165, 0.0, 0.05525493195520983, 0.0] status=0x0003
joint_pos=[20.707516621040025, -28.575587550889352, 33.45737781690452, -4.05491213502234, 0.16041580056145305, 10.666226742537429] joint_vel=[66.89596623417859, 66.97849637838203, -130.2801025320004, -16.288375820892448, -0.011399419373559923, 35.70472822533399] imu_ang_vel=[0.0, 0.35679664262527316, 0.0] imu_quat_wxyz=[0.998306518079615, 0.0, 0.058172983074236545, 0.0] status=0x0003
joint_pos=[22.02331538191632, -26.898629821490143, 30.83981589984801, -4.241884594913638, 0.1496427275468329, 11.511323488230898] joint_vel=[65.38608191188742, 92.85467095699522, -131.0251408494477, -5.671791211512119, -0.49805609826487035, 47.943072983366804] imu_ang_vel=[0.0, 0.5657985169554492, 0.0] imu_quat_wxyz=[0.998014288318122, 0.0, 0.06298793783632257, 0.0] status=0x0003
joint_pos=[23.14496036315128, -24.274788467420528, 28.177203720691434, -4.100339054750549, 0.09949781406480619, 12.380714816889185] joint_vel=[51.137295326739654, 152.16110008559218, -134.07995036611084, 13.888900496695431, -2.7010758554408354, 42.54649318121111] imu_ang_vel=[0.0, 0.8948050786967863, 0.0] imu_quat_wxyz=[0.997508360769344, 0.0, 0.07054835359706348, 0.0] status=0x0003
joint_pos=[23.360042870600388, -19.823367319598734, 25.26301403501261, -3.171041279485447, -1.48141729953628, 14.100496352969833] joint_vel=[-12.270876576237704, 261.61035517201907, -151.82918989956258, 65.23271408424947, -122.24639832299478, 107.3986527581793] imu_ang_vel=[0.0, 0.9357972333017422, 0.0] imu_quat_wxyz=[0.9967858793864348, 0.0, 0.0801118633899613, 0.0] status=0x0003
joint_pos=[22.94043396960841, -16.761804467790444, 19.841635457015297, -1.386018816094359, -5.3756281888932955, 16.94244976475393] joint_vel=[-25.896915839985464, 114.221037992677, -318.74529197620353, 102.89652954748078, -236.53249001097063, 146.3776046661503] imu_ang_vel=[0.0, 0.5519909954115668, 0.0] imu_quat_wxyz=[0.9961464919826153, 0.0, 0.08770499706817968, 0.0] status=0x0003
joint_pos=[22.086585683067, -14.430084805348258, 14.178483803060741, 1.061513013626368, -11.141498049973906, 19.063924205068002] joint_vel=[-51.948620044029234, 117.93158766835887, -266.42579556544587, 132.850033220268, -316.02866621186143, 84.2335860881738] imu_ang_vel=[0.0, 0.19383325149777808, 0.0] imu_quat_wxyz=[0.9958575546171998, 0.0, 0.09092706369311025, 0.0] status=0x0003
joint_pos=[20.81420797420103, -12.139228420918858, 9.680753854778265, 3.9208653315181112, -17.83978078339223, 20.141146786551122] joint_vel=[-70.14219646280979, 113.16246761974398, -204.63440800689284, 148.33647430809773, -344.1768329377088, 37.51464560914147] imu_ang_vel=[0.0, -0.08628557811673533, 0.0] imu_quat_wxyz=[0.9958475598264916, 0.0, 0.09103646295645533, 0.0] status=0x0003
sim t=    4.02s  x= 1.073m z= 0.528m pitch= 10.17deg action=[-0.764, 1.0, 0.775, 0.858, -0.566, 0.036]
joint_pos=[19.357257247019188, -10.04084213390843, 6.377459556502377, 6.994496696785006, -24.640963001398802, 20.70109448261619] joint_vel=[-74.57313213723803, 101.20878105658159, -145.36051421492252, 156.47045870202444, -336.59582272969993, 22.936308204368924] imu_ang_vel=[0.0, -0.21571817143453464, 0.0] imu_quat_wxyz=[0.9960118581392043, 0.0, 0.0892209529543897, 0.0] status=0x0003
joint_pos=[17.802184635323577, -8.61874026599766, 4.431218187538507, 9.745541686174919, -30.91169910336368, 20.795395077116638] joint_vel=[-79.6447668672379, 55.08474472906866, -72.36135178703952, 126.86333200422814, -300.0489998881667, -4.486995008915348] imu_ang_vel=[0.0, -0.5229172495546321, 0.0] imu_quat_wxyz=[0.9963459456103729, 0.0, 0.08540934764867256, 0.0] status=0x0003
joint_pos=[16.210736423381423, -8.142576086472575, 3.472574643237029, 11.787590693251122, -36.24410622727567, 20.201407696236224] joint_vel=[-79.63717784442254, 6.877357972182657, -35.23176296817377, 88.21302117741986, -247.71613986032048, -43.03808662716959] imu_ang_vel=[0.0, -0.8959399471859328, 0.0] imu_quat_wxyz=[0.9969619183547489, 0.0, 0.07789052156982278, 0.0] status=0x0003
joint_pos=[14.631208263111283, -8.437063960582527, 3.047379830957253, 13.062609889587854, -40.39282947039052, 19.32209224014009] joint_vel=[-78.53053348775792, -26.733678796317296, -13.88398327033632, 50.057179768754565, -184.91253772954155, -44.30060880786299] imu_ang_vel=[0.0, -1.1618817425327532, 0.0] imu_quat_wxyz=[0.997740475136408, 0.0, 0.0671858934194893, 0.0] status=0x0003
joint_pos=[13.146394180107354, -9.210129522628884, 2.8892811338566684, 13.691424135108418, -43.18736701847857, 18.58260189542348] joint_vel=[-71.68189048141947, -45.46325204012338, -4.734641736777948, 21.01667153513405, -114.52067872720524, -32.909530229399735] imu_ang_vel=[0.0, -1.2243019664626458, 0.0] imu_quat_wxyz=[0.9984858609634798, 0.0, 0.055008957961575906, 0.0] status=0x0003
joint_pos=[11.822582458722675, -10.173681109835398, 3.101115553785946, 13.944955814181883, -44.71712573261826, 18.06090149592153] joint_vel=[-63.99150366622718, -51.041869025086044, 51.65360318700983, 9.176053930641404, -51.82582394232196, -22.47812670322161] imu_ang_vel=[0.0, -1.1010550764483886, 0.0] imu_quat_wxyz=[0.9990578613145168, 0.0, 0.04339803850018793, 0.0] status=0x0003
joint_pos=[10.687769786278054, -11.049967463393536, 4.210520034769104, 14.241770620408374, -45.36900584420975, 17.75357425474358] joint_vel=[-52.317029451861984, -39.864187427143634, 53.88022390424082, 17.631940067081388, -22.03803334269782, -11.486722870165483] imu_ang_vel=[0.0, -0.7587624844023492, 0.0] imu_quat_wxyz=[0.9994022796003738, 0.0, 0.03456998017900005, 0.0] status=0x0003
joint_pos=[9.773509337921631, -11.677296760643127, 5.206297237525014, 14.79295461866725, -45.68066516798297, 17.729100670881717] joint_vel=[-42.01487441675667, -26.835062554421715, 47.65723097064327, 32.90720653865851, -11.819550028223004, 3.9703474889428416] imu_ang_vel=[0.0, -0.45116188158569576, 0.0] imu_quat_wxyz=[0.9995817184491547, 0.0, 0.028920375900648682, 0.0] status=0x0003
joint_pos=[9.04088123879823, -12.046556785205876, 6.07292322255313, 15.631968049516306, -45.766987470740354, 17.978161179718374] joint_vel=[-33.69487781427124, -13.894301942805221, 41.31148019793903, 46.90421532452946, -0.18115901214034721, 17.014546446336304] imu_ang_vel=[0.0, -0.17493240594135986, 0.0] imu_quat_wxyz=[0.9996578827893546, 0.0, 0.026155637577869227, 0.0] status=0x0003
joint_pos=[8.434576248735416, -12.196627713839945, 6.824850539217217, 16.703786389090915, -45.638341309302156, 18.249193159034704] joint_vel=[-28.5413537247619, -3.924712778282062, 36.128627558627564, 57.22575952125564, 10.225468578008943, 11.7082594289696] imu_ang_vel=[0.0, 0.027575773991717775, 0.0] imu_quat_wxyz=[0.9996687643566078, 0.0, 0.02573638610475546, 0.0] status=0x0003
joint_pos=[7.883542794742131, -12.181894116478297, 7.495612302841726, 17.921426748505635, -45.31733493640559, 18.33078224557921] joint_vel=[-27.071887213615167, 3.277396941524902, 32.66895625561774, 62.82880305366485, 19.33640540354557, 0.3868141261548674] imu_ang_vel=[0.0, 0.14430384625010956, 0.0] imu_quat_wxyz=[0.9996404161982132, 0.0, 0.02681488957767909, 0.0] status=0x0003
joint_pos=[7.323850802913319, -12.072610847789411, 8.125451568465918, 19.163704388177432, -44.78217213621651, 18.18294153633414] joint_vel=[-28.587186522919836, 6.763718394237449, 31.34674956156125, 61.65636069602513, 30.93002567103946, -11.527056073942981] imu_ang_vel=[0.0, 0.17781454251130255, 0.0] imu_quat_wxyz=[0.9995927842320104, 0.0, 0.028535341443507885, 0.0] status=0x0003
joint_pos=[6.703294261787621, -11.917752985842428, 8.739169312056383, 20.29467967778608, -43.93947014303798, 17.775450597583266] joint_vel=[-32.45175159514999, 8.370939190888407, 30.93106193600769, 53.6689244265664, 48.384060616175404, -25.06626620928116] imu_ang_vel=[0.0, 0.14851539482057766, 0.0] imu_quat_wxyz=[0.9995445020092824, 0.0, 0.030179272738351234, 0.0] status=0x0003
joint_pos=[5.947785568733206, -11.683955162945185, 9.441322101443562, 21.21099109616143, -42.70405712330055, 17.08702885647834] joint_vel=[-43.935443166391536, 19.485420073472973, 49.76931160678567, 43.74160186711606, 67.47955271433116, -39.297975734669755] imu_ang_vel=[0.0, 0.07208877942117807, 0.0] imu_quat_wxyz=[0.9995123298013884, 0.0, 0.031226632463342355, 0.0] status=0x0003
joint_pos=[5.0975931883607855, -11.487639713430742, 10.007674321706274, 21.78873453287734, -40.97583783372385, 16.135429882126825] joint_vel=[-44.844705307646514, 10.309017668486998, 28.2379737712072, 22.858580110138913, 95.07714943099752, -51.86991596151648] imu_ang_vel=[0.0, -0.028743257080833782, 0.0] imu_quat_wxyz=[0.9995059214973742, 0.0, 0.03143108161811979, 0.0] status=0x0003
joint_pos=[4.032626464680809, -11.15249953435982, 10.608268792338214, 21.977419839022627, -38.744984767679306, 15.022943466467318] joint_vel=[-56.34522933242156, 17.82030689734467, 25.975654124228257, 1.095414922429592, 121.285530248235, -57.59530118617007] imu_ang_vel=[0.0, -0.12420732196906348, 0.0] imu_quat_wxyz=[0.999535350622735, 0.0, 0.030480860478112878, 0.0] status=0x0003
joint_pos=[2.7745135276057153, -10.64711797559606, 11.096273017688596, 21.75973732432183, -36.00592697406617, 13.672477482843115] joint_vel=[-68.2742453431615, 32.6146531204268, 31.82241029984463, -16.152312346102796, 144.7136013128181, -72.72161698119947] imu_ang_vel=[0.0, -0.23244751035484465, 0.0] imu_quat_wxyz=[0.9995954444269164, 0.0, 0.028442002056034147, 0.0] status=0x0003
joint_pos=[1.3477769765714684, -9.97726907607549, 11.511990725268184, 21.17080543298702, -32.87864572935341, 12.115272999678822] joint_vel=[-73.57398767262012, 35.20078533322527, 17.13510015599711, -36.38140502094363, 162.27362821255028, -80.51425799967481] imu_ang_vel=[0.0, -0.2826912682255521, 0.0] imu_quat_wxyz=[0.9996673963099426, 0.0, 0.025789469845272688, 0.0] status=0x0003
joint_pos=[-0.25082732681884873, -9.146785301408544, 11.856936799080195, 20.203398585400873, -29.50006262075728, 10.429826724096827] joint_vel=[-82.52155442325541, 43.66386159075943, 13.167490002257695, -55.716954705646636, 172.6380365774801, -86.21266502120709] imu_ang_vel=[0.0, -0.3657686234309283, 0.0] imu_quat_wxyz=[0.9997485652314563, 0.0, 0.022423343141569154, 0.0] status=0x0003
joint_pos=[-1.9644474111651802, -8.184106731576732, 12.215738379211148, 18.913172165442937, -25.997017439301466, 8.583204600682803] joint_vel=[-87.85792785111508, 51.78462279067091, 22.67019714538004, -68.9905929269786, 175.93724295254862, -95.50850711560841] imu_ang_vel=[0.0, -0.38113206132827815, 0.0] imu_quat_wxyz=[0.9998259513626699, 0.0, 0.0186565533186579, 0.0] status=0x0003
joint_pos=[-3.642412950931529, -7.282408613527699, 12.564614422284915, 17.362214492640238, -22.522421982116285, 6.643817479869648] joint_vel=[-82.22089934977723, 42.568649634176325, 16.746872921016806, -81.9314234125448, 171.86716671736235, -97.65971851006506] imu_ang_vel=[0.0, -0.33715372683240935, 0.0] imu_quat_wxyz=[0.9998862377210697, 0.0, 0.015083488190881709, 0.0] status=0x0003
joint_pos=[-5.170225616785304, -6.678171679437863, 13.09871585936931, 15.582057595597268, -19.219162190288852, 4.919433428260743] joint_vel=[-72.41940639718158, 22.169587169007745, 28.425054933951962, -93.72144663090062, 161.3497964779662, -80.04833486373465] imu_ang_vel=[0.0, -0.32377771725219934, 0.0] imu_quat_wxyz=[0.9999304599126315, 0.0, 0.011793020771337016, 0.0] status=0x0003
joint_pos=[-6.359428153069214, -6.7211296381571275, 14.027835887532891, 13.608518183916956, -16.178844420424415, 3.7738301812088944] joint_vel=[-51.36077406807582, -17.215054700890143, 51.62523367894777, -102.52223333672015, 146.86648329491507, -45.08919258291162] imu_ang_vel=[0.0, -0.2634363444119571, 0.0] imu_quat_wxyz=[0.9999600531903544, 0.0, 0.008938233804486443, 0.0] status=0x0003
joint_pos=[-6.972645786282392, -7.73096382755268, 15.538215445837494, 11.534231570338639, -13.406059643960313, 3.4981370559006106] joint_vel=[-17.95004270570033, -71.46032619320374, 82.9907782603382, -105.81507996559513, 134.2491353855863, 2.480289232062936] imu_ang_vel=[0.0, -0.10975719456690702, 0.0] imu_quat_wxyz=[0.9999737758618692, 0.0, 0.007242070736756419, 0.0] status=0x0003
joint_pos=[-6.87702253811102, -9.85557731336333, 17.606300265780835, 9.62849595838281, -11.1394680117713, 3.637110944339215] joint_vel=[8.155992316823589, -117.58787368584986, 105.12999812577944, -63.44513585535187, 43.757002470114124, -67.48330620452525] imu_ang_vel=[0.0, 0.15921394536601213, 0.0] imu_quat_wxyz=[0.9999702002065397, 0.0, 0.007720019358330872, 0.0] status=0x0003
sim t=    4.52s  x= 1.208m z= 0.526m pitch= 0.78deg action=[0.614, -0.207, 0.34, -0.462, 0.772, 0.643]
joint_pos=[-6.364860361686877, -12.347412199139097, 19.906880067757232, 8.57880311454204, -10.465236978045159, 2.71593244196301] joint_vel=[38.63384315777176, -126.6637133669621, 119.68915612741145, -49.302839073913546, 26.918356915805166, 17.29016502679482] imu_ang_vel=[0.0, -0.041822351741152695, 0.0] imu_quat_wxyz=[0.9999770899865846, 0.0, 0.006769010412309696, 0.0] status=0x0003
joint_pos=[-5.240445058026684, -14.58892265078915, 22.798513377473515, 7.849820056203425, -9.835205885830115, 3.1771297234908364] joint_vel=[65.63625021274282, -103.59591031230549, 157.85499757085086, -29.134877034674226, 34.55618297013123, 21.285425159746527] imu_ang_vel=[0.0, 0.3514608562229637, 0.0] imu_quat_wxyz=[0.9999618943391732, 0.0, 0.008729826436551272, 0.0] status=0x0003
joint_pos=[-3.591445845847428, -16.79107896816137, 25.958746937809053, 7.3864764214192125, -9.018881646837748, 3.5008757213244177] joint_vel=[91.70466032016306, -113.23616937408967, 157.93885090338605, -20.114814050020968, 44.53560543792654, 13.615994074690182] imu_ang_vel=[0.0, 0.6041285148898915, 0.0] imu_quat_wxyz=[0.9999022064179947, 0.0, 0.013984906164361727, 0.0] status=0x0003
joint_pos=[-1.698470721814566, -19.14726600384249, 28.983116432881594, 6.8974124083101, -8.032362030935627, 3.7142799702026688] joint_vel=[96.2164561489835, -119.95970625032568, 147.47630855562596, -27.043676113541554, 52.299297314797016, 9.067155689976863] imu_ang_vel=[0.0, 0.6035201904844949, 0.0] imu_quat_wxyz=[0.9997949454782662, 0.0, 0.020250111014774978, 0.0] status=0x0003
joint_pos=[0.251818417715556, -21.555633813693277, 31.82929424085559, 6.250814395429715, -6.828242687872927, 3.8043230271653026] joint_vel=[98.20780122138264, -120.28809393492475, 139.42019320591208, -35.46835535919843, 65.05416935462296, 2.1237952522232115] imu_ang_vel=[0.0, 0.5586663687526067, 0.0] imu_quat_wxyz=[0.9996623480915064, 0.0, 0.025984414716822245, 0.0] status=0x0003
joint_pos=[2.1897379147250295, -23.85724500623162, 34.39152821803469, 5.424858280026861, -5.3293041806505785, 3.7436094118661982] joint_vel=[96.17422863084379, -111.86755354718063, 121.96838282171375, -44.736619372993495, 81.05076113961239, -5.825852968241726] imu_ang_vel=[0.0, 0.5355633642059485, 0.0] imu_quat_wxyz=[0.9995067043022888, 0.0, 0.03140617860831006, 0.0] status=0x0003
joint_pos=[4.095214460664109, -26.002975510924472, 36.576119775148136, 4.3976988880173, -3.445241007246057, 3.496218553050222] joint_vel=[94.80260811469661, -104.45992035587751, 102.34248798776501, -55.26600518512502, 102.2948348821467, -16.047639451862654] imu_ang_vel=[0.0, 0.5390030073936724, 0.0] imu_quat_wxyz=[0.9993241746947592, 0.0, 0.036758589073011154, 0.0] status=0x0003
joint_pos=[5.980351787092048, -28.061210887484346, 38.38234612806114, 3.128665097791613, -1.0764401012470477, 3.0220584325392608] joint_vel=[94.00392093752814, -101.81013992851979, 83.82154994046394, -68.26831566346438, 128.38968745201308, -28.18361079781011] imu_ang_vel=[0.0, 0.5529930196991758, 0.0] imu_quat_wxyz=[0.9991078880696204, 0.0, 0.042230652340012394, 0.0] status=0x0003
joint_pos=[7.773261473809189, -30.2068029430539, 39.82450619702615, 1.9345568298192626, 0.8163914537933198, 2.7737423439305764] joint_vel=[82.21427159858003, -113.56775238388133, 65.76317051210657, -39.38682259657701, 28.187578470001377, 19.59024019821367] imu_ang_vel=[0.0, 0.3283895208212712, 0.0] imu_quat_wxyz=[0.9988797499680185, 0.0, 0.04732066254638451, 0.0] status=0x0003
joint_pos=[9.21428601042318, -32.18452035354473, 41.026785621588445, 1.3078680249280792, 0.6855301865864374, 3.5115626146333185] joint_vel=[67.41804505511863, -89.52042871018871, 57.060438217084744, -31.055047376844094, -13.849597524908145, 41.024268515816196] imu_ang_vel=[0.0, -0.023076870872214293, 0.0] imu_quat_wxyz=[0.9988504193446199, 0.0, 0.04793578804063802, 0.0] status=0x0003
joint_pos=[10.46278921060749, -33.28667738443795, 42.10586967669449, 0.7400046294374126, 0.43717720580811814, 4.32204793349328] joint_vel=[59.78802425298883, -35.714306875877874, 52.301419381151135, -27.254147468349068, -10.607022011291923, 40.041034370414934] imu_ang_vel=[0.0, 0.025086693826593887, 0.0] imu_quat_wxyz=[0.9988571063699327, 0.0, 0.04779624519023404, 0.0] status=0x0003
joint_pos=[11.610700175256055, -33.48000822831353, 42.934261588016184, 0.20516140720954026, 0.28846658769299177, 5.211590235165603] joint_vel=[55.11988374066745, 6.282334728713793, 35.374350306390845, -25.674514839985303, -6.074829232741528, 38.636332912669744] imu_ang_vel=[0.0, 0.12089755960594473, 0.0] imu_quat_wxyz=[0.9988160832866293, 0.0, 0.048645984088691654, 0.0] status=0x0003
joint_pos=[12.68077818977668, -33.1003321758614, 43.225394757543256, -0.3386021758205669, 0.21052941462421398, 5.923278100004825] joint_vel=[52.69744628452168, 25.927870777291716, 3.7762738137576766, -28.183510205955475, -2.913614582809159, 35.72319824133048] imu_ang_vel=[0.0, 0.122108842785546, 0.0] imu_quat_wxyz=[0.998753255488565, 0.0, 0.04991928135493667, 0.0] status=0x0003
joint_pos=[13.721884436954834, -32.52290604270637, 42.897148236915704, -0.9738842297653852, 0.17504333617987916, 6.632832456058697] joint_vel=[51.62731132351976, 30.509031212782407, -27.196745989497593, -33.807974799012925, -1.2980987665435955, 35.79565645016972] imu_ang_vel=[0.0, 0.059565889178151823, 0.0] imu_quat_wxyz=[0.9987084952224677, 0.0, 0.05080690475195351, 0.0] status=0x0003
joint_pos=[14.782536276576499, -31.922342965648667, 41.962694083529826, -1.6971931941840461, 0.16037975349278635, 7.411137524400248] joint_vel=[52.898285271076475, 30.73933462080884, -57.250005231638134, -36.99238202779146, -0.5649281418992612, 34.191637157965786] imu_ang_vel=[0.0, 0.0035372232484185296, 0.0] imu_quat_wxyz=[0.9986965414060229, 0.0, 0.051041337988417666, 0.0] status=0x0003
joint_pos=[15.896889834341238, -31.29017571484252, 40.47375325356609, -2.4357903217129366, 0.15623042104821952, 8.174101974000283] joint_vel=[56.36814718756327, 33.0908507426591, -83.69745881449613, -36.52144674134641, -0.27249342813476574, 34.98700308817277] imu_ang_vel=[0.0, 0.0072514868370736445, 0.0] imu_quat_wxyz=[0.9986970126589401, 0.0, 0.051032116418083646, 0.0] status=0x0003
joint_pos=[17.097628366189497, -30.586207071377213, 38.52205560638476, -3.1181352255671366, 0.15657261485479787, 8.917433046149169] joint_vel=[63.15068691643006, 35.09689045356826, -104.75954152844992, -33.60094580020878, 0.2583352610935137, 47.79689187514488] imu_ang_vel=[0.0, 0.06323288624150623, 0.0] imu_quat_wxyz=[0.998678604626234, 0.0, 0.05139109516052548, 0.0] status=0x0003
joint_pos=[18.414644471609783, -29.767585448536074, 36.23568911217973, -3.6803459691285485, 0.15903083537677767, 9.654787429121477] joint_vel=[69.26108832849326, 41.9756241125293, -119.06223027837997, -26.279101878544058, 0.33019170336665055, 46.002408588130315] imu_ang_vel=[0.0, 0.1793114078256093, 0.0] imu_quat_wxyz=[0.9986102932715492, 0.0, 0.05270182323326759, 0.0] status=0x0003
joint_pos=[19.824250873855352, -28.717774190230944, 33.757882259874826, -4.075049111516197, 0.16090489675229935, 10.39952794939097] joint_vel=[71.35829436717898, 57.935512285447594, -126.29414741879386, -16.343753423135997, 0.01011262995293425, 35.111476014570115] imu_ang_vel=[0.0, 0.34177276235172777, 0.0] imu_quat_wxyz=[0.998460642749117, 0.0, 0.05546480759021867, 0.0] status=0x0003
joint_pos=[21.23302300591401, -27.21677347924111, 31.25264714636417, -4.261818262376779, 0.15629440189186086, 11.163741434784685] joint_vel=[69.25713380717474, 85.01612664912156, -124.61503927058824, -5.1703104382195075, -0.31265246193899937, 36.12081288137542] imu_ang_vel=[0.0, 0.5453928413921341, 0.0] imu_quat_wxyz=[0.9981926189761895, 0.0, 0.06009571882801499, 0.0] status=0x0003
joint_pos=[22.508253580270765, -24.94617885639672, 28.771279429830717, -4.179557471673435, 0.11801623993584084, 12.045124418484926] joint_vel=[60.998389764054195, 128.98773227514016, -123.60449024460658, 9.004298229322536, -1.9548918849734958, 50.28576522041544] imu_ang_vel=[0.0, 0.8157181341631657, 0.0] imu_quat_wxyz=[0.9977429046407936, 0.0, 0.06714980445952248, 0.0] status=0x0003
joint_pos=[23.211315397794838, -21.05514694635712, 26.07486355982281, -3.2356519528885683, -1.1424238158159388, 13.542305069735457] joint_vel=[22.161898209799684, 229.67613761122968, -140.56464975568502, 66.91367425984545, -94.1609005970343, 97.32313197896416] imu_ang_vel=[0.0, 1.082133625630047, 0.0] imu_quat_wxyz=[0.9970337961022645, 0.0, 0.07696498833825652, 0.0] status=0x0003
joint_pos=[23.055825181149284, -17.209791638905404, 21.563854099861054, -1.328210081144767, -4.64659253453953, 16.06465010787985] joint_vel=[-13.181866687047748, 113.38398527745782, -304.19397126582743, 108.96707903775884, -218.31283057246438, 131.53213325459078] imu_ang_vel=[0.0, 0.8380896380351649, 0.0] imu_quat_wxyz=[0.9961792184926659, 0.0, 0.08733249477337458, 0.0] status=0x0003
joint_pos=[22.41682611429981, -14.808689438319792, 15.872267967598406, 1.2381250576155733, -10.178180212527067, 18.171410999290845] joint_vel=[-42.4517788913892, 123.96561027237077, -276.1489926979148, 138.73596527120006, -307.95131972156946, 91.03868980243858] imu_ang_vel=[0.0, 0.42180550372124137, 0.0] imu_quat_wxyz=[0.9956647013966166, 0.0, 0.09301506540763396, 0.0] status=0x0003
joint_pos=[21.286838242398595, -12.349175903015716, 11.039883332930323, 4.238010387289376, -16.931227101694894, 19.635985423071897] joint_vel=[-64.32390507438032, 122.83926290779867, -225.21237302420477, 155.94529472461997, -352.8737772759588, 63.54127666633203] imu_ang_vel=[0.0, 0.08771140013980026, 0.0] imu_quat_wxyz=[0.9954708644694117, 0.0, 0.09506712361548614, 0.0] status=0x0003
sim t=    5.02s  x= 1.354m z= 0.528m pitch= 10.77deg action=[-1.0, 1.0, 0.637, 1.0, -0.608, 0.093]
joint_pos=[19.79675228691344, -9.933010214948748, 7.215853397328317, 7.437730228931088, -24.021108369729948, 20.732786036797037] joint_vel=[-80.37673829431176, 120.57924352170505, -174.505413633172, 162.08921016490496, -354.1312438388727, 50.16729606443927] imu_ang_vel=[0.0, -0.15009537381335067, 0.0] imu_quat_wxyz=[0.9955370399979828, 0.0, 0.09437161645354408, 0.0] status=0x0003
joint_pos=[18.116520035253597, -8.139884266701237, 4.692246321948553, 10.308591910219512, -30.648788774729546, 21.315001027779214] joint_vel=[-86.15692068503272, 73.20777228691398, -101.3778259032484, 133.0775177733589, -317.9894836803375, 17.923266921243606] imu_ang_vel=[0.0, -0.5045967773143344, 0.0] imu_quat_wxyz=[0.9958656433454712, 0.0, 0.0908384302160195, 0.0] status=0x0003
joint_pos=[16.416148517785768, -7.424665994302272, 3.3272579713349635, 12.417937564847149, -36.23774790658032, 20.941617895752067] joint_vel=[-84.4387189500328, 15.312802361260003, -51.013584937258685, 89.9871488618489, -257.7458031090329, -38.09159830097446] imu_ang_vel=[0.0, -0.9071014434222948, 0.0] imu_quat_wxyz=[0.9965223720117765, 0.0, 0.08332563879156614, 0.0] status=0x0003
joint_pos=[14.792073253382984, -7.7035883212229885, 2.7043140224420883, 13.686725724886326, -40.530422908388175, 19.804795107310927] joint_vel=[-79.34159257949884, -30.173081379152364, -20.681043907607904, 48.555437779109255, -190.5894789521956, -66.69100677940115] imu_ang_vel=[0.0, -1.2000914124197155, 0.0] imu_quat_wxyz=[0.9973801003753858, 0.0, 0.07233903078688031, 0.0] status=0x0003
joint_pos=[13.28926518531661, -8.622110890379004, 2.466124558818012, 14.232341557567885, -43.43080344700045, 18.599828574036636] joint_vel=[-72.6195705795535, -54.88805808895013, -7.249245587575595, 15.363621843548936, -119.6440072980694, -56.633731444722486] imu_ang_vel=[0.0, -1.3052525518883789, 0.0] imu_quat_wxyz=[0.9982260182393844, 0.0, 0.05953836166661084, 0.0] status=0x0003
joint_pos=[11.907400407367739, -9.789120574654278, 3.010529456603156, 14.33097482133193, -44.97766496427322, 17.773003420530458] joint_vel=[-67.74757710573553, -60.415493348038645, 64.1452945356621, 0.1667993402431365, -52.01577289453159, -33.09941344667195] imu_ang_vel=[0.0, -1.1654756300089837, 0.0] imu_quat_wxyz=[0.9988944280838172, 0.0, 0.04700980262778844, 0.0] status=0x0003
joint_pos=[10.69771379019782, -10.823863916600533, 4.220906420698324, 14.43922516692383, -45.6296779862574, 17.404573877757127] joint_vel=[-56.25678805464098, -47.266651022237966, 58.3415876135614, 8.142001667347413, -21.624341991483128, -10.503230188563826] imu_ang_vel=[0.0, -0.8723888742408418, 0.0] imu_quat_wxyz=[0.9993121864208555, 0.0, 0.03708306986711471, 0.0] status=0x0003
joint_pos=[9.712736884617915, -11.55284659276941, 5.283956499668502, 14.820147677322055, -45.8879485383383, 17.540407854733115] joint_vel=[-45.28817490410398, -30.69045309427441, 50.33055087308658, 24.93932022715485, -7.885009480040561, 16.06531494170356] imu_ang_vel=[0.0, -0.5362424515558006, 0.0] imu_quat_wxyz=[0.9995366486785832, 0.0, 0.03043826454294947, 0.0] status=0x0003
joint_pos=[8.943986352307956, -11.980467295610062, 6.1944815870333, 15.537616695395624, -45.869177225677156, 17.99997850248267] joint_vel=[-34.67350608518095, -16.319908142994862, 43.15999288947691, 41.86902404328883, 5.817145381277004, 26.691290693843275] imu_ang_vel=[0.0, -0.21427137426287424, 0.0] imu_quat_wxyz=[0.9996326919913407, 0.0, 0.027101311815947292, 0.0] status=0x0003
joint_pos=[8.348510979223457, -12.160592540742709, 6.973370124996329, 16.5613252501859, -45.63542046894043, 18.40290644850233] joint_vel=[-27.159110466325327, -4.925656806289904, 37.128272121497254, 56.26858954818445, 15.060479402358261, 16.647039318880047] imu_ang_vel=[0.0, 0.03824622766608857, 0.0] imu_quat_wxyz=[0.9996461692078579, 0.0, 0.026599556162740127, 0.0] status=0x0003
joint_pos=[7.838096321980257, -12.153548873034577, 7.660255620002165, 17.798366410824148, -45.25680487780008, 18.55163775656476] joint_vel=[-24.6806494276691, 3.2096160703138725, 33.286022263163005, 64.86018905595705, 21.11860480415387, 2.6478226083743666] imu_ang_vel=[0.0, 0.18652680015298329, 0.0] imu_quat_wxyz=[0.9996078687114908, 0.0, 0.028001942969570058, 0.0] status=0x0003
joint_pos=[7.33341039495933, -12.041017190725093, 8.298810844632817, 19.10478454227165, -44.71497174434555, 18.442259153680148] joint_vel=[-25.65659755501519, 7.068051742646984, 31.707008951696896, 65.51628114185604, 30.454192696265938, -9.78826107325164] imu_ang_vel=[0.0, 0.23592364188944712, 0.0] imu_quat_wxyz=[0.9995422567165463, 0.0, 0.03025354587472166, 0.0] status=0x0003
joint_pos=[6.764731851740476, -11.878997049488612, 8.917708257527188, 20.31656966803082, -43.899261218389185, 18.06262320463242] joint_vel=[-30.060641841014302, 8.769986567002967, 31.18695050613381, 57.81577652917082, 46.54737681653789, -23.86105766689521] imu_ang_vel=[0.0, 0.20348297403151405, 0.0] imu_quat_wxyz=[0.99947249741217, 0.0, 0.03247655949573, 0.0] status=0x0003
joint_pos=[6.04799067026198, -11.642800321121518, 9.624565975668396, 21.311081381577647, -42.70905993588349, 17.384473748684336] joint_vel=[-42.207073285982744, 19.360655956623177, 49.86486597675258, 47.48440168053169, 65.01182810912354, -39.1550649644175] imu_ang_vel=[0.0, 0.11271589793591927, 0.0] imu_quat_wxyz=[0.9994221320808694, 0.0, 0.033991203375716324, 0.0] status=0x0003
joint_pos=[5.2194060228049555, -11.453318376725877, 10.203057967258346, 21.95467121385368, -41.03366450730474, 16.428488810477724] joint_vel=[-44.07320443430766, 9.74560409407924, 28.972101419161444, 25.86114702719553, 92.37139694110539, -52.282852690296316] imu_ang_vel=[0.0, -0.00722170699401696, 0.0] imu_quat_wxyz=[0.9994052375646123, 0.0, 0.03448436063523334, 0.0] status=0x0003
joint_pos=[4.163281068868671, -11.139808500432371, 10.82028815596277, 22.19096083515013, -38.84919435948371, 15.299790709155726] joint_vel=[-56.150052667620265, 16.56662870682195, 27.0768040807506, 3.179815379657613, 119.14543736457173, -58.616334206119355] imu_ang_vel=[0.0, -0.1207428562096598, 0.0] imu_quat_wxyz=[0.9994341018006603, 0.0, 0.03363742198664219, 0.0] status=0x0003
joint_pos=[2.902989842642927, -10.666072160116036, 11.33058735268843, 22.0008846720968, -36.13823655322505, 13.926997264615315] joint_vel=[-65.98880347594512, 26.19163698092182, 21.701037572686914, -17.14140778739938, 144.89854295604647, -73.93465852230769] imu_ang_vel=[0.0, -0.2225980020729364, 0.0] imu_quat_wxyz=[0.9995004111591795, 0.0, 0.03160582371385095, 0.0] status=0x0003
joint_pos=[1.4559873503210838, -10.036240797898962, 11.770867443670292, 21.412563259607808, -33.02363147093544, 12.335433678473533] joint_vel=[-74.91713609871601, 32.96293019006597, 18.11230641679674, -36.93393371835807, 161.85357455528475, -82.52664163269999] imu_ang_vel=[0.0, -0.32698765367814925, 0.0] imu_quat_wxyz=[0.999587778533749, 0.0, 0.028710155101719932, 0.0] status=0x0003
joint_pos=[-0.16518525082235164, -9.222882241957759, 12.202044413044971, 20.45977754469515, -29.64220372065138, 10.59331677197133] joint_vel=[-84.89538960675225, 46.128907999708105, 25.63905385343174, -53.14061320766087, 172.48452633751023, -89.45694859021621] imu_ang_vel=[0.0, -0.3772188006763969, 0.0] imu_quat_wxyz=[0.9996841956205822, 0.0, 0.02512984334271772, 0.0] status=0x0003
joint_pos=[-1.856890361002682, -8.339446132422502, 12.555940496799021, 19.176268754968167, -26.120272516807297, 8.689842771893598] joint_vel=[-86.9912397357389, 48.132329253500444, 25.430450330877818, -68.13794534599539, 176.58673985172567, -98.09872700000872] imu_ang_vel=[0.0, -0.3832181297548306, 0.0] imu_quat_wxyz=[0.9997723021416774, 0.0, 0.02133878793020616, 0.0] status=0x0003
joint_pos=[-3.5409091131844677, -7.498874314089094, 12.961203615390215, 17.614335938759783, -22.61000527897143, 6.746301019627076] joint_vel=[-83.12863630180614, 39.76584325092231, 19.510668313405365, -83.27238646968499, 174.2927942289976, -96.59229850121783] imu_ang_vel=[0.0, -0.3536703840619019, 0.0] imu_quat_wxyz=[0.9998438413788978, 0.0, 0.017671809660855443, 0.0] status=0x0003
joint_pos=[-5.1069168542495404, -6.916283627042161, 13.576420155173794, 15.811122755110437, -19.25935122149505, 5.018595521547939] joint_vel=[-76.03831839055708, 24.152111313246376, 39.17725761512958, -93.73103633990885, 163.24722487933232, -80.8571808033932] imu_ang_vel=[0.0, -0.3491227141963238, 0.0] imu_quat_wxyz=[0.9998997974037988, 0.0, 0.014156099457205192, 0.0] status=0x0003
joint_pos=[-6.33094920749733, -6.955275698457619, 14.514243690020912, 13.82423004770887, -16.166153977586276, 3.817301965580262] joint_vel=[-53.14474886675389, -16.193804169899945, 52.1722340111552, -102.56042128630551, 149.511531815775, -48.91401838688586] imu_ang_vel=[0.0, -0.25688845103280883, 0.0] imu_quat_wxyz=[0.9999377076068462, 0.0, 0.011161581696399402, 0.0] status=0x0003
joint_pos=[-7.009682168748818, -7.936618607186878, 16.025179341066327, 11.720620971616617, -13.344134457179873, 3.4883969811535898] joint_vel=[-22.251964115064602, -69.82682780488184, 83.91077211002641, -107.90321672671611, 136.59252087623136, 0.4400753929980341] imu_ang_vel=[0.0, -0.1205692663874585, 0.0] imu_quat_wxyz=[0.9999571566675359, 0.0, 0.009256610036989939, 0.0] status=0x0003
joint_pos=[-6.993314528103168, -10.054188108754301, 18.083704607634857, 9.777467829197453, -11.085504648090994, 3.575114925460993] joint_vel=[4.159302362266599, -117.89349026036352, 103.34731331076553, -64.38968890210528, 39.09329318514508, -73.94478069549429] imu_ang_vel=[0.0, 0.10561055547253857, 0.0] imu_quat_wxyz=[0.9999571134147054, 0.0, 0.009261281300661237, 0.0] status=0x0003
sim t=    5.52s  x= 1.492m z= 0.526m pitch= 0.90deg action=[0.622, -0.176, 0.321, -0.464, 0.795, 0.673]
joint_pos=[-6.518866725506444, -12.498555330921876, 20.308254889887188, 8.689737508430614, -10.492441119467673, 2.9962079969669553] joint_vel=[36.382138440992236, -123.60782819938665, 115.18827383255638, -51.08382059109715, 25.5468386186775, 18.919933646098876] imu_ang_vel=[0.0, -0.04494068944527019, 0.0] imu_quat_wxyz=[0.9999690787790666, 0.0, 0.007863935766830955, 0.0] status=0x0003
joint_pos=[-5.4278902799271185, -14.716008370065586, 23.085688767806225, 7.926533681621557, -9.85690360764297, 3.3499326434477696] joint_vel=[64.57819016010019, -103.31002197131504, 151.46489544484842, -31.132402780575756, 35.48564868686792, 16.17911630966735] imu_ang_vel=[0.0, 0.31963778550989164, 0.0] imu_quat_wxyz=[0.9999547451666728, 0.0, 0.009513549214378563, 0.0] status=0x0003
joint_pos=[-3.777382835261135, -16.925848946767168, 26.1439024880826, 7.426317172110455, -9.011862282143477, 3.5966636026714385] joint_vel=[92.39968890763511, -113.9815290776836, 153.53213363669903, -21.864336323843403, 46.26315079844118, 10.280432004153301] imu_ang_vel=[0.0, 0.5843596881674239, 0.0] imu_quat_wxyz=[0.9998946400365193, 0.0, 0.014515812972048802, 0.0] status=0x0003
joint_pos=[-1.8637586541877158, -19.27695701284518, 29.1191290017218, 6.909255011022903, -7.9884520039018785, 3.7583128156626873] joint_vel=[97.43798010683044, -119.14035496593824, 146.0665280709464, -28.241828386563153, 54.20476075989452, 6.821114715997708] imu_ang_vel=[0.0, 0.5974335553457452, 0.0] imu_quat_wxyz=[0.9997863762844093, 0.0, 0.020668860541635355, 0.0] status=0x0003
joint_pos=[0.12219286860129244, -21.665739942561064, 31.93995037995994, 6.250292589297422, -6.751784320943198, 3.8144165323570056] joint_vel=[100.28264546407043, -119.21546613728383, 138.23013626708433, -35.75164306630243, 66.45527553916007, 0.774715623453698] imu_ang_vel=[0.0, 0.5654889840827686, 0.0] imu_quat_wxyz=[0.9996508482475874, 0.0, 0.02642312619427989, 0.0] status=0x0003
joint_pos=[2.102007315829069, -23.94593682627211, 34.49215093672148, 5.4196401874885485, -5.230064336210568, 3.734020101540372] joint_vel=[98.27840988355814, -110.79407499633844, 121.83493629977136, -44.94761085410746, 82.04758655411868, -6.6115891116061665] imu_ang_vel=[0.0, 0.5441519247199227, 0.0] imu_quat_wxyz=[0.9994899604903373, 0.0, 0.03193460316058321, 0.0] status=0x0003
joint_pos=[4.052064525737441, -26.075946082416554, 36.690764632583196, 4.3893372185538135, -3.330020034820555, 3.4758119395280502] joint_vel=[97.09684445888384, -103.8289875439265, 103.48855972429581, -55.39728988574831, 102.98766256914142, -16.45700456567631] imu_ang_vel=[0.0, 0.5469736385951159, 0.0] imu_quat_wxyz=[0.9993015568596898, 0.0, 0.037368415243360195, 0.0] status=0x0003
joint_pos=[5.9839692699921825, -28.124635251648165, 38.524750819058575, 3.1175628273404175, -0.9487877115608899, 2.995766123904758] joint_vel=[96.3637343409938, -101.41622224244033, 85.33742428011283, -68.41256144355661, 128.97622614980597, -28.406446305497152] imu_ang_vel=[0.0, 0.5603883574937862, 0.0] imu_quat_wxyz=[0.9990786683167057, 0.0, 0.042916366511134243, 0.0] status=0x0003
joint_pos=[7.822112619039611, -30.267704196735423, 39.9947381931413, 1.9273423530266234, 0.9323937583459374, 2.7549358280832554] joint_vel=[84.3077181135299, -113.6376137815592, 67.08239251937133, -38.68124036980105, 25.96427300496876, 20.7916751432727] imu_ang_vel=[0.0, 0.32899026280167404, 0.0] imu_quat_wxyz=[0.998844417581582, 0.0, 0.04806068524386723, 0.0] status=0x0003
joint_pos=[9.301161552119394, -32.24287416847162, 41.22033626479738, 1.3137368677675956, 0.7532787148265462, 3.5196078378754887] joint_vel=[69.245223838134, -89.26420200279233, 58.14450883081743, -30.54725778421238, -16.018883566437125, 42.28227950890815] imu_ang_vel=[0.0, -0.028513504742135886, 0.0] imu_quat_wxyz=[0.9988168090811349, 0.0, 0.048631079537469285, 0.0] status=0x0003
joint_pos=[10.585287402834009, -33.332977414380615, 42.316340464473875, 0.7526240523185431, 0.4733454341407139, 4.349978780258056] joint_vel=[61.541634468405974, -34.91890379826158, 53.01924004097233, -27.006144386082244, -11.860882532574635, 40.897575083428066] imu_ang_vel=[0.0, 0.02271773810008237, 0.0] imu_quat_wxyz=[0.9988254639077634, 0.0, 0.04845299422575739, 0.0] status=0x0003
joint_pos=[11.76736732427148, -33.50976802599666, 43.15081960667631, 0.2200829871481903, 0.30739155626820863, 5.252811643970861] joint_vel=[56.80274216167764, 7.098455446098688, 35.45765425311458, -25.62795254060952, -6.7417026299352365, 39.2489390156714] imu_ang_vel=[0.0, 0.12085228363725765, 0.0] imu_quat_wxyz=[0.9987841930823211, 0.0, 0.049296406044423584, 0.0] status=0x0003
joint_pos=[12.870051941033548, -33.11612206700625, 43.431481844749506, -0.32417162014528866, 0.22045419920780676, 5.974701976556415] joint_vel=[54.292220351707094, 26.557635193088263, 2.9281945641111347, -28.23987687603205, -3.259578577671975, 36.1927630755723] imu_ang_vel=[0.0, 0.12361519154229657, 0.0] imu_quat_wxyz=[0.9987199964462732, 0.0, 0.05058031927890535, 0.0] status=0x0003
joint_pos=[13.941899660836135, -32.53120330141053, 43.075185748002994, -0.9618483177012251, 0.1803807254698643, 6.692417442197675] joint_vel=[53.12638531489924, 30.738343776481106, -28.89453422162452, -33.95824544437384, -1.472913278652066, 36.184901864517684] imu_ang_vel=[0.0, 0.06124732630444668, 0.0] imu_quat_wxyz=[0.9986737588120452, 0.0, 0.051485177092254995, 0.0] status=0x0003
joint_pos=[15.031362548698963, -31.93137268013689, 42.09825135508449, -1.6887682965967612, 0.16343396363794324, 7.4769791870160685] joint_vel=[54.30958780357119, 30.53675314780666, -59.59778131543876, -37.19438112259657, -0.6504840569044936, 34.565222910813624] imu_ang_vel=[0.0, 0.005114736544754245, 0.0] imu_quat_wxyz=[0.998660827946811, 0.0, 0.05173539141235865, 0.0] status=0x0003
joint_pos=[16.172163917574682, -31.30545147864149, 40.55760839946728, -2.431150353251794, 0.15816179211432982, 8.245755612479073] joint_vel=[57.650015847733286, 32.69302632369936, -86.40329652064578, -36.71027675204026, -0.3111999072108491, 35.34531246952042] imu_ang_vel=[0.0, 0.009164691487346296, 0.0] imu_quat_wxyz=[0.9986603927586647, 0.0, 0.05174379127112304, 0.0] status=0x0003
joint_pos=[17.39563744998711, -30.606477450292843, 38.55071075257561, -3.1161030278048583, 0.1580274071412808, 8.995195516763356] joint_vel=[64.18018415235015, 34.96095219899299, -107.55010643609343, -33.678485675898216, 0.23348372412330834, 47.89794497267395] imu_ang_vel=[0.0, 0.06689072225280714, 0.0] imu_quat_wxyz=[0.9986402002412408, 0.0, 0.05213204832091836, 0.0] status=0x0003
joint_pos=[18.728782841853246, -29.782355798134336, 36.21119024201871, -3.6786375069718473, 0.1601033696540014, 9.739701714305848] joint_vel=[69.89883389240893, 42.538775857871414, -121.65432086667046, -26.230603214945344, 0.3083210627397063, 46.18437321075839] imu_ang_vel=[0.0, 0.18558766611919952, 0.0] imu_quat_wxyz=[0.9985681490773611, 0.0, 0.053494407634939144, 0.0] status=0x0003
joint_pos=[20.144215897714915, -28.70747875528072, 33.68808721728451, -4.070988373416836, 0.1614088242841117, 10.495247443715346] joint_vel=[71.43698085587057, 59.59270997533712, -128.3839148376496, -16.171143110376356, -0.017932042380026145, 35.70327059847106] imu_ang_vel=[0.0, 0.3519106249376917, 0.0] imu_quat_wxyz=[0.9984114800833193, 0.0, 0.05634284726418896, 0.0] status=0x0003
joint_pos=[21.543702009955386, -27.151438600731094, 31.150544447569803, -4.250598397702757, 0.1543712965474388, 11.271687372487044] joint_vel=[68.50735065300942, 88.35993305311689, -125.97277751491525, -4.721899997161075, -0.44268935722230934, 36.813386811006126] imu_ang_vel=[0.0, 0.5605850967914734, 0.0] imu_quat_wxyz=[0.9981313357464767, 0.0, 0.06110512745223798, 0.0] status=0x0003
joint_pos=[22.785514390056733, -24.753436197362472, 28.634398664454768, -4.144086653338309, 0.11206667932658534, 12.16976264293669] joint_vel=[58.81908280204133, 137.03945938927015, -125.54549997055167, 10.648601905108265, -2.1489541534464895, 51.150558629147106] imu_ang_vel=[0.0, 0.8498123037605628, 0.0] imu_quat_wxyz=[0.9976571730299344, 0.0, 0.06841173219499347, 0.0] status=0x0003
joint_pos=[23.34145435001694, -20.65951680738969, 25.879131211615228, -3.1778809691656993, -1.2955481229673977, 13.76375771031097] joint_vel=[10.80192762268681, 241.62303466861104, -144.1213932960154, 68.8515401712893, -107.482452411165, 98.09963817311602] imu_ang_vel=[0.0, 1.0490406253831324, 0.0] imu_quat_wxyz=[0.9969348377637111, 0.0, 0.07823636784158104, 0.0] status=0x0003
joint_pos=[23.13359294253186, -17.64392754327067, 20.71276507351304, -1.275103992665744, -4.993558702725249, 16.242737320837943] joint_vel=[-18.049551612942786, 114.79440279447682, -306.1165374041501, 108.45418423217436, -227.37765649298194, 129.4304727370628] imu_ang_vel=[0.0, 0.7508613305537306, 0.0] imu_quat_wxyz=[0.9961562319117011, 0.0, 0.08759430131852836, 0.0] status=0x0003
joint_pos=[22.431190325046273, -15.307811725374632, 15.093563188902221, 1.2716095790514725, -10.676836024980506, 18.302718383771033] joint_vel=[-44.639284255716944, 118.03176790845201, -269.7192753742092, 137.4607066707831, -314.66835809459025, 88.57457847494743] imu_ang_vel=[0.0, 0.3397546210401653, 0.0] imu_quat_wxyz=[0.9957152235336435, 0.0, 0.09247266419513622, 0.0] status=0x0003
joint_pos=[21.294673593961598, -13.031858874372167, 10.456748691722723, 4.207807255462134, -17.409097771472158, 19.682195212051287] joint_vel=[-63.6600082069175, 111.94730325971858, -213.54496790396507, 151.73259543582918, -347.5574463039245, 58.365780795850426] imu_ang_vel=[0.0, 0.018587774674834315, 0.0] imu_quat_wxyz=[0.9955941221442667, 0.0, 0.09376749944296751, 0.0] status=0x0003
sim t=    6.02s  x= 1.640m z= 0.528m pitch= 10.56deg action=[-0.932, 1.0, 0.727, 0.963, -0.532, 0.064]
joint_pos=[19.880042140529138, -10.908416689050007, 6.935792309440875, 7.309117612963856, -24.277242865934074, 20.633735813832143] joint_vel=[-74.89071598747252, 103.84664800601175, -157.34159618251866, 156.785749113316, -339.92239482679327, 41.816373907199626] imu_ang_vel=[0.0, -0.18147583887483382, 0.0] imu_quat_wxyz=[0.9957036640674441, 0.0, 0.09259704834748456, 0.0] status=0x0003
joint_pos=[18.31373105704239, -9.3754434295916, 4.745791580547749, 10.10009434893422, -30.596025745675238, 21.051414870776455] joint_vel=[-80.36967789858875, 62.306966078011286, -84.70710647333323, 129.82692591359154, -301.9093748122307, 9.778228987219766] imu_ang_vel=[0.0, -0.47672767466040733, 0.0] imu_quat_wxyz=[0.9960229492542644, 0.0, 0.08909705134760074, 0.0] status=0x0003
joint_pos=[16.694016468823406, -8.771957243132618, 3.6663341940926752, 12.198294332163218, -35.962258054168686, 20.6058450614456] joint_vel=[-81.40061050817903, 12.703920297502796, -37.8363194349928, 90.92606212033526, -249.3221198541291, -39.28363496459362] imu_ang_vel=[0.0, -0.8438326701757939, 0.0] imu_quat_wxyz=[0.9966228146614683, 0.0, 0.08211556062192232, 0.0] status=0x0003
joint_pos=[15.091819369214331, -8.981983834438255, 3.244251929942459, 13.546642930673556, -40.184215419013306, 19.64838123515193] joint_vel=[-79.34529345839479, -23.339898942800144, -12.231918407254106, 54.23385150292625, -189.7006179535178, -52.30575248561697] imu_ang_vel=[0.0, -1.108475252482466, 0.0] imu_quat_wxyz=[0.9974094576943923, 0.0, 0.07193311964441886, 0.0] status=0x0003
joint_pos=[13.56620952574764, -9.698908408942648, 3.1334402990043397, 14.242916824834177, -43.12279279218784, 18.785274709847265] joint_vel=[-74.42083443456153, -42.93624457327706, -2.0110475972623125, 23.941026647014155, -123.06342197769297, -38.11148168606987] imu_ang_vel=[0.0, -1.1974816226837124, 0.0] imu_quat_wxyz=[0.9981886337889088, 0.0, 0.06016187642213121, 0.0] status=0x0003
joint_pos=[12.122198381600901, -10.566849151197593, 3.854341562524826, 14.55992528827692, -44.799000961617786, 18.22959794068397] joint_vel=[-68.24372690706771, -49.755851481042974, 61.58335408867906, 10.388757689150282, -58.43711238559305, -22.319695682655556] imu_ang_vel=[0.0, -0.9965750634815865, 0.0] imu_quat_wxyz=[0.9988040698227736, 0.0, 0.04889202496792341, 0.0] status=0x0003
joint_pos=[10.89877296585287, -11.433040771113337, 4.969302078399654, 14.87293683144488, -45.6511385346551, 17.95909569823734] joint_vel=[-57.44041081830007, -39.69290836294749, 54.18111724443582, 18.567735501959284, -33.662109349203476, -8.758561585671552] imu_ang_vel=[0.0, -0.8064210319996395, 0.0] imu_quat_wxyz=[0.999207139954062, 0.0, 0.03981320716575932, 0.0] status=0x0003
joint_pos=[9.894182686651543, -12.02512024948874, 5.964869932361908, 15.444878624423104, -46.11055586834466, 18.12126374771211] joint_vel=[-46.157645260209264, -24.211126907570296, 47.354499322355935, 33.9989213289461, -16.80699906989083, 17.15642777812694] imu_ang_vel=[0.0, -0.48208581737580947, 0.0] imu_quat_wxyz=[0.999431498646272, 0.0, 0.03371467801517389, 0.0] status=0x0003
joint_pos=[9.098354077213228, -12.349810406556207, 6.833108334655467, 16.292151805962853, -46.20613899577757, 18.52734998595863] joint_vel=[-36.29008755644769, -11.894161184601039, 41.56136317549434, 46.94675147939302, 1.8314247072166827, 22.014549338879956] imu_ang_vel=[0.0, -0.18164395993852958, 0.0] imu_quat_wxyz=[0.9995253107741459, 0.0, 0.03080832877400383, 0.0] status=0x0003
joint_pos=[8.463745672879961, -12.456152749221658, 7.587505659375391, 17.38724222910212, -46.021913942631166, 18.793733309365912] joint_vel=[-29.250545172344456, -1.7825433213468884, 36.22118409197815, 58.98510216060887, 13.413671325057939, 8.678297100843361] imu_ang_vel=[0.0, 0.04978340198957708, 0.0] imu_quat_wxyz=[0.9995349432150994, 0.0, 0.030494217353263908, 0.0] status=0x0003
joint_pos=[7.901254643342584, -12.400905913072872, 8.264617465265207, 18.646425271391376, -45.65457425778122, 18.819249441436195] joint_vel=[-27.603123514208345, 5.362386082637171, 32.95396545625147, 65.07874080610301, 21.182597630673307, -2.3447286179643254] imu_ang_vel=[0.0, 0.17459712047830464, 0.0] imu_quat_wxyz=[0.9994921871449357, 0.0, 0.03186483698738928, 0.0] status=0x0003
joint_pos=[7.335747801122883, -12.249133641437993, 8.896482827970885, 19.931172927687673, -45.06677374030758, 18.62823875217491] joint_vel=[-28.752486816750146, 8.930710846756575, 31.404484874433667, 63.712537239046746, 34.004979345138565, -13.37599122448571] imu_ang_vel=[0.0, 0.2128055064343656, 0.0] imu_quat_wxyz=[0.9994247378163346, 0.0, 0.03391450192396802, 0.0] status=0x0003
joint_pos=[6.7024766657403525, -12.042726451140656, 9.504250348613533, 21.088729380387775, -44.14246819910212, 18.184574228608774] joint_vel=[-33.35077818979082, 11.19410213135598, 30.4865617425858, 54.6025494861072, 53.024295228954564, -26.851090705539058] imu_ang_vel=[0.0, 0.17754736028174628, 0.0] imu_quat_wxyz=[0.9993559827629545, 0.0, 0.03588341839749332, 0.0] status=0x0003
joint_pos=[5.924592647957412, -11.75721372218752, 10.172766422522166, 22.00883784805798, -42.80266214124682, 17.44808020774718] joint_vel=[-39.98121109697139, 12.489318319360121, 27.993823493434448, 39.75757339103172, 75.78516082429084, -42.14775241207023] imu_ang_vel=[0.0, 0.09033742097957143, 0.0] imu_quat_wxyz=[0.9993065903607776, 0.0, 0.037233566328207214, 0.0] status=0x0003
joint_pos=[5.0094806050213725, -11.456071600724798, 10.709990000142241, 22.574012064013232, -40.97645039574702, 16.438698909075978] joint_vel=[-48.97062714437782, 16.58141412384704, 26.905947308777904, 21.870578867666705, 99.86675918859534, -54.85200755990604] imu_ang_vel=[0.0, -0.023778250755442286, 0.0] imu_quat_wxyz=[0.9992993009467385, 0.0, 0.03742869390400633, 0.0] status=0x0003
joint_pos=[3.88501487821544, -11.013373727641484, 11.255256624781769, 22.75722301942092, -38.65675317627695, 15.209625775628071] joint_vel=[-58.96648055965647, 23.3674427585926, 22.984994412506484, 1.4064711305742628, 125.25237859854595, -64.93178175219194] imu_ang_vel=[0.0, -0.13935586913893183, 0.0] imu_quat_wxyz=[0.999332483571856, 0.0, 0.03653200347785797, 0.0] status=0x0003
joint_pos=[2.5507477922823005, -10.409425261505692, 11.779642347849693, 22.532905354722743, -35.872627589837705, 13.783042595833427] joint_vel=[-71.44688765384521, 35.09889471787682, 30.37652139999858, -17.81109265734926, 146.49291931531306, -74.65871411761283] imu_ang_vel=[0.0, -0.24217530761986034, 0.0] imu_quat_wxyz=[0.999402822444084, 0.0, 0.034554283248228526, 0.0] status=0x0003
joint_pos=[1.0553806691585204, -9.72577142057576, 12.211809654930159, 21.885506803290717, -32.71250734619331, 12.135649349709569] joint_vel=[-77.0548740812623, 34.721326400907685, 18.893567713612242, -40.0867007286401, 163.8796795524565, -86.39788226886479] imu_ang_vel=[0.0, -0.3170374780472297, 0.0] imu_quat_wxyz=[0.9994991819337123, 0.0, 0.031644672756086276, 0.0] status=0x0003
joint_pos=[-0.5881833458881109, -8.958382899441922, 12.620883081042367, 20.839535246159414, -29.30922394069855, 10.276276211318798] joint_vel=[-84.1384421821373, 39.08859059382919, 17.403435171395948, -59.76065752473791, 173.64426753213053, -96.40401730237689] imu_ang_vel=[0.0, -0.4015603088807351, 0.0] imu_quat_wxyz=[0.9996105387181619, 0.0, 0.027906466698353494, 0.0] status=0x0003
joint_pos=[-2.32846289677061, -8.111868696554831, 13.078880532370299, 19.456839103097483, -25.793330597784777, 8.246559353527475] joint_vel=[-89.0007536161091, 45.22021109283093, 27.983818821778083, -73.96014585384127, 176.3838003849845, -104.10138816154742] imu_ang_vel=[0.0, -0.4171770154633118, 0.0] imu_quat_wxyz=[0.999717151496226, 0.0, 0.02378270388900298, 0.0] status=0x0003
joint_pos=[-4.010415246569836, -7.372423676839649, 13.560658183013578, 17.806713042485708, -22.304705433569417, 6.196002483214292] joint_vel=[-81.8728351654432, 33.52373761202782, 24.12305318886872, -86.9013311781639, 172.72069783092138, -101.58999306320322] imu_ang_vel=[0.0, -0.36497263829259385, 0.0] imu_quat_wxyz=[0.9998021648467319, 0.0, 0.019890479325254094, 0.0] status=0x0003
joint_pos=[-5.527387281804382, -6.912469725710821, 14.263977384924122, 15.951570430962054, -18.982376841116473, 4.477374277930492] joint_vel=[-72.94978033268998, 18.139667240836054, 43.54704139120388, -95.71566604935506, 161.9226262073141, -77.488268280845] imu_ang_vel=[0.0, -0.324506942376411, 0.0] imu_quat_wxyz=[0.9998643533538419, 0.0, 0.016470424776048046, 0.0] status=0x0003
joint_pos=[-6.689477752728398, -7.083925427931484, 15.299938894485123, 13.919037936377938, -15.908882146950395, 3.4430033788195846] joint_vel=[-50.069913381293446, -23.120294063178346, 57.52867180876304, -104.96440054916346, 148.70387925835507, -37.91421434609066] imu_ang_vel=[0.0, -0.2301252076299526, 0.0] imu_quat_wxyz=[0.999905226672417, 0.0, 0.013767268181541302, 0.0] status=0x0003
joint_pos=[-7.287577998745117, -8.225653247444322, 16.925980326133907, 11.774285840020418, -13.077135242469279, 3.352555833913174] joint_vel=[-17.779015704530252, -78.30568707075712, 90.2250255596991, -109.67910376251493, 137.74634875957025, 12.96961971735642] imu_ang_vel=[0.0, -0.08525003178092004, 0.0] imu_quat_wxyz=[0.9999258390264901, 0.0, 0.012178524014422418, 0.0] status=0x0003
joint_pos=[-7.275339704125962, -10.403612817143678, 18.959234530383178, 10.059088088760085, -11.367051894483394, 2.9408520345963933] joint_vel=[4.935679148912113, -117.24854500014936, 95.87593388604957, -57.05992428777235, 23.95469205300739, -78.30344364450275] imu_ang_vel=[0.0, -0.23321490328740593, 0.0] imu_quat_wxyz=[0.9999322598977181, 0.0, 0.01163939929044473, 0.0] status=0x0003
sim t=    6.52s  x= 1.781m z= 0.526m pitch= 1.33deg action=[0.677, 0.212, 0.461, -0.414, 1.0, 0.935]
joint_pos=[-6.738585899968511, -12.281781146869857, 21.310894649670228, 9.113250016419071, -10.951437223257141, 3.4364291062103374] joint_vel=[35.86073965381507, -81.63799793499135, 129.75829708832688, -40.498897936150854, 23.2340039424027, 30.229331041131687] imu_ang_vel=[0.0, 0.11112832972688949, 0.0] imu_quat_wxyz=[0.9999385887416568, 0.0, 0.011082361902761849, 0.0] status=0x0003
joint_pos=[-5.532653202488078, -14.050307317482286, 24.073052507061618, 8.529703193783995, -10.328822983150129, 3.8611380330521547] joint_vel=[73.77846609476398, -91.71022744451992, 142.43899321474584, -23.144081192184444, 35.62358408595021, 16.40602290509031] imu_ang_vel=[0.0, 0.47731297095566216, 0.0] imu_quat_wxyz=[0.9998945809948061, 0.0, 0.014519879380394826, 0.0] status=0x0003
joint_pos=[-3.7224704102867303, -16.394319042807293, 26.858200774194504, 8.021740158524473, -9.454424218847366, 4.0831921814339] joint_vel=[99.67494853318617, -130.82027509410307, 137.36421957108152, -26.942117362333093, 48.39599536198426, 8.665238433370835] imu_ang_vel=[0.0, 0.56231380518078, 0.0] imu_quat_wxyz=[0.9997976621102124, 0.0, 0.02011553725242418, 0.0] status=0x0003
joint_pos=[-1.7108704119796183, -19.124205788382113, 29.631638871607876, 7.331840736976323, -8.36600643003815, 4.201575750843475] joint_vel=[101.01545226289348, -139.18683489400533, 139.2350272227937, -38.86926173119084, 58.10645831200625, 4.390409486921885] imu_ang_vel=[0.0, 0.4629735695782234, 0.0] imu_quat_wxyz=[0.9996816708949254, 0.0, 0.02523007880942927, 0.0] status=0x0003
joint_pos=[0.3372376248028969, -21.77937646756433, 32.291951609532454, 6.504226337045845, -7.053979467601661, 4.209057834222543] joint_vel=[103.13565682649832, -128.77510145261948, 129.59359498185523, -42.969651674189144, 70.21056639173145, -1.6582060123302043] imu_ang_vel=[0.0, 0.4554745931618228, 0.0] imu_quat_wxyz=[0.9995596472655156, 0.0, 0.029673415011388864, 0.0] status=0x0003
joint_pos=[2.3632018666313304, -24.116642706954565, 34.706084525904345, 5.573327773385915, -5.4659525950947385, 4.0894005117105765] joint_vel=[100.28795338114925, -109.92178435612146, 115.8826488691763, -48.71932894333519, 85.15545476411911, -8.426992346951472] imu_ang_vel=[0.0, 0.4903066162234423, 0.0] imu_quat_wxyz=[0.9994069094120761, 0.0, 0.03443587401827185, 0.0] status=0x0003
joint_pos=[4.359663148604017, -26.206731531695365, 36.86474444799011, 4.494758540625445, -3.524440412615438, 3.809972491697027] joint_vel=[99.57176321249162, -101.19992592375475, 103.61050660159019, -57.05002171154502, 104.49851656932168, -17.211420765061106] imu_ang_vel=[0.0, 0.5252961083632011, 0.0] imu_quat_wxyz=[0.9992172274985652, 0.0, 0.039559224841755135, 0.0] status=0x0003
joint_pos=[6.348676242848101, -28.219371383640336, 38.7419664962217, 3.2009276999876706, -1.1252541730471406, 3.3212584609831883] joint_vel=[99.41607498530685, -100.06579012152788, 88.58648837002052, -69.21894562061775, 129.54704635913126, -28.658141120986112] imu_ang_vel=[0.0, 0.5501283220772741, 0.0] imu_quat_wxyz=[0.9989880637811792, 0.0, 0.044976087232335635, 0.0] status=0x0003
joint_pos=[8.25205573102999, -30.347858912003954, 40.26407169446317, 1.9879372525156365, 0.7893525343098368, 3.0638214559606216] joint_vel=[87.78303572180774, -113.21573407501728, 69.34470603639072, -40.29680771378549, 29.121391144410882, 19.261912272480075] imu_ang_vel=[0.0, 0.32689640318968854, 0.0] imu_quat_wxyz=[0.9987465639513501, 0.0, 0.05005298188291819, 0.0] status=0x0003
joint_pos=[9.80093494565421, -32.33973598161886, 41.48270384855759, 1.3391734597311789, 0.6718774991581186, 3.7974996905832823] joint_vel=[72.69058422064633, -90.81287202920744, 56.39580678389578, -32.27008340669692, -13.320988575769146, 40.93169056291101] imu_ang_vel=[0.0, -0.03172157866643613, 0.0] imu_quat_wxyz=[0.9987182668160421, 0.0, 0.05061445967271566, 0.0] status=0x0003
joint_pos=[11.147296735715813, -33.48144511438238, 42.51128954423168, 0.7419706241528702, 0.4310205487234973, 4.607716908202366] joint_vel=[64.45264783291344, -38.0737858735367, 48.781957753582546, -28.860471417914177, -10.312164865206682, 40.100093154069626] imu_ang_vel=[0.0, 0.007651278954976783, 0.0] imu_quat_wxyz=[0.9987324229807572, 0.0, 0.05033435493761731, 0.0] status=0x0003
joint_pos=[12.378646919923565, -33.716591657117654, 43.26150562425604, 0.17787590322749236, 0.2856939858859082, 5.485223456839974] joint_vel=[58.96919477281194, 4.202247774623254, 31.279468857422838, -26.977299206626267, -5.841327824001167, 36.87343087767131] imu_ang_vel=[0.0, 0.09597793306705746, 0.0] imu_quat_wxyz=[0.9986989975851023, 0.0, 0.050993256637636736, 0.0] status=0x0003
joint_pos=[13.522148388294616, -33.35480279577631, 43.478299052612286, -0.38603901345727404, 0.21050703482909952, 6.207203531848864] joint_vel=[56.124036899232394, 25.842991341194036, 0.2838395341315356, -28.873212956259728, -2.8262220840216004, 36.309189397172446] imu_ang_vel=[0.0, 0.11496070087588371, 0.0] imu_quat_wxyz=[0.9986400816384634, 0.0, 0.05213432022308479, 0.0] status=0x0003
joint_pos=[14.639173112034703, -32.7785101994051, 43.070131811679964, -1.0323190203891888, 0.17787410429128417, 7.0147426764075895] joint_vel=[56.94819673461155, 28.77476528872771, -31.232182024967862, -35.16707239238762, -0.9285953136607259, 53.816901043546736] imu_ang_vel=[0.0, 0.06629224555976362, 0.0] imu_quat_wxyz=[0.9985924816409626, 0.0, 0.05303824667297942, 0.0] status=0x0003
joint_pos=[15.774152194983253, -32.16177178898593, 42.03077715917998, -1.7272303183166362, 0.16351512493827428, 7.702796274121922] joint_vel=[57.8430456105286, 30.23727135103345, -62.78156363514921, -35.4747047755186, -0.4318768348147784, 34.31914786629068] imu_ang_vel=[0.0, 0.02910318831971768, 0.0] imu_quat_wxyz=[0.9985705361061211, 0.0, 0.053449830876569425, 0.0] status=0x0003
joint_pos=[16.966754558780302, -31.523041969222348, 40.422208713356575, -2.4420660288479983, 0.1600100531145868, 8.459914452919781] joint_vel=[59.68977751994497, 33.79173066256109, -89.89910203833256, -35.44533829396642, -0.18227365452424105, 33.94282737988181] imu_ang_vel=[0.0, 0.026768643822403307, 0.0] imu_quat_wxyz=[0.9985570819113914, 0.0, 0.053700597432495216, 0.0] status=0x0003
joint_pos=[18.209005227295805, -30.763359041263424, 38.36729471551708, -3.1054139506318172, 0.1593258274635903, 9.20774592568526] joint_vel=[62.569674797960275, 41.1086470458905, -109.60255534649632, -31.507794130317723, -0.07280052974707664, 34.03825664479641] imu_ang_vel=[0.0, 0.08583921283621633, 0.0] imu_quat_wxyz=[0.9985261215640822, 0.0, 0.05427323976134017, 0.0] status=0x0003
joint_pos=[19.51239878315189, -29.814934160413404, 35.99778338849087, -3.6554991042626064, 0.16020508663633992, 9.957684510728322] joint_vel=[65.77210053923683, 51.605649809359846, -123.1704759866629, -24.913414643420364, -0.003167675204197207, 34.634664842603904] imu_ang_vel=[0.0, 0.20056725596996086, 0.0] imu_quat_wxyz=[0.9984420238568189, 0.0, 0.05579896949496045, 0.0] status=0x0003
joint_pos=[20.861086583818583, -28.585140661791698, 33.431266075062254, -4.048836813636522, 0.16155059321885204, 10.772381088874997] joint_vel=[68.54611852289682, 66.61116876624641, -130.9132449847737, -16.90983469944123, 0.17537221662913122, 46.45230122302237] imu_ang_vel=[0.0, 0.36156187122687716, 0.0] imu_quat_wxyz=[0.9982718937437621, 0.0, 0.05876415711335271, 0.0] status=0x0003
joint_pos=[22.18183050812108, -26.875022925940275, 30.800498639241834, -4.216823605299248, 0.14799264811590934, 11.568856796163345] joint_vel=[64.85674506166805, 95.60718655316978, -131.69170062773182, -3.9065329964515314, -0.8157945949510479, 38.40672390893052] imu_ang_vel=[0.0, 0.584514618733205, 0.0] imu_quat_wxyz=[0.9979691633383885, 0.0, 0.06369889344154123, 0.0] status=0x0003
joint_pos=[23.288600522966515, -24.166444662471967, 28.137726756015493, -4.052483211999483, 0.08730306470890864, 12.444107458822582] joint_vel=[49.46339393361886, 157.97723357488542, -133.8001439336144, 15.071585879697144, -3.2923597287310424, 42.52155481324931] imu_ang_vel=[0.0, 0.9122798101006103, 0.0] imu_quat_wxyz=[0.9974436093655813, 0.0, 0.07145800260126013, 0.0] status=0x0003
joint_pos=[23.45466620391266, -19.610277672596613, 25.224395329003702, -3.121683494362486, -1.5163814456840141, 14.22896495723985] joint_vel=[-14.502853183684524, 266.1198993688892, -151.8681567594834, 64.01615699362021, -122.46636321992112, 115.95772131658761] imu_ang_vel=[0.0, 0.9338321455067798, 0.0] imu_quat_wxyz=[0.9967047407371968, 0.0, 0.08111510212036464, 0.0] status=0x0003
joint_pos=[22.929732205597094, -16.423396197272314, 19.75101911880267, -1.294825663881418, -5.525368824608621, 16.88999345627248] joint_vel=[-30.795471140275065, 120.52101906257812, -322.29058932629795, 104.92780824604056, -241.71757755606166, 136.9711193850826] imu_ang_vel=[0.0, 0.537511835310182, 0.0] imu_quat_wxyz=[0.9960691288041502, 0.0, 0.08857929014922877, 0.0] status=0x0003
joint_pos=[21.981630245526926, -13.966549963826795, 14.043922987192936, 1.195868413398928, -11.394131129502037, 18.91821303848016] joint_vel=[-56.56725013705689, 124.2172793893826, -267.8984786542925, 135.07879243944924, -321.11491056265635, 82.11263608636197] imu_ang_vel=[0.0, 0.18697365255576473, 0.0] imu_quat_wxyz=[0.9957866616989937, 0.0, 0.09170018747185787, 0.0] status=0x0003
joint_pos=[20.62097281800951, -11.538584750675446, 9.520286265376413, 4.095065725674963, -18.158996611967755, 20.022187016559815] joint_vel=[-74.46123584037366, 120.40998338367255, -205.8178118867442, 150.2147617049173, -346.5172157420355, 40.70838532244284] imu_ang_vel=[0.0, -0.07947057367975655, 0.0] imu_quat_wxyz=[0.9957756122567317, 0.0, 0.09182009602876168, 0.0] status=0x0003
sim t=    7.02s  x= 1.929m z= 0.528m pitch= 10.25deg action=[-0.78, 0.989, 0.731, 0.819, -0.555, 0.042]
joint_pos=[19.041096528012122, -9.272049299083472, 6.136383834754903, 7.15597775633722, -24.971284349702245, 20.64757599201417] joint_vel=[-81.73986827550024, 110.30491319641976, -150.9142353471119, 154.46997267563737, -336.19411351057283, 26.252286580264283] imu_ang_vel=[0.0, -0.23517859390708193, 0.0] imu_quat_wxyz=[0.995945691409099, 0.0, 0.08995654375114435, 0.0] status=0x0003
joint_pos=[17.36719585333601, -7.782138171871122, 4.103597521752969, 9.828493617340762, -31.23389564059135, 20.749638294353478] joint_vel=[-84.8853127900241, 55.24260343337667, -76.15868090184621, 121.8403899280576, -299.66344801782896, -5.671547711808352] imu_ang_vel=[0.0, -0.589229335612629, 0.0] imu_quat_wxyz=[0.9963232214407586, 0.0, 0.0856740241724948, 0.0] status=0x0003
joint_pos=[15.708981067788622, -7.359741488619389, 3.0912831365036744, 11.755057019349907, -36.50206965088618, 20.1014451431644] joint_vel=[-81.90809523876052, 2.5724377977824266, -37.36845808459696, 82.01436099844682, -242.97314107404645, -46.55677121176009] imu_ang_vel=[0.0, -0.964700370532128, 0.0] imu_quat_wxyz=[0.9969983308315693, 0.0, 0.07742304772523927, 0.0] status=0x0003
joint_pos=[14.11822133536549, -7.783230405399456, 2.6535535229839944, 12.898203246702051, -40.51012516189077, 19.09287611123233] joint_vel=[-78.13060215842866, -34.403171612618756, -13.700549251393543, 43.23386900117796, -176.64592995990552, -52.329241750301215] imu_ang_vel=[0.0, -1.2126494459021024, 0.0] imu_quat_wxyz=[0.997810563449569, 0.0, 0.06613682384612714, 0.0] status=0x0003
joint_pos=[12.657677466539187, -8.708343026061275, 2.5039859507413125, 13.402538150414715, -43.135179795465014, 18.215102932991744] joint_vel=[-69.99877731724, -53.072907116558675, -4.173253996693573, 15.115466911149612, -105.94187879378346, -39.22265728860246] imu_ang_vel=[0.0, -1.2520333539064243, 0.0] imu_quat_wxyz=[0.9985629406746982, 0.0, 0.05359154327969204, 0.0] status=0x0003
joint_pos=[11.352794366184183, -9.801702850785547, 3.058315521808575, 13.574862370488932, -44.486369698328595, 17.635917571920686] joint_vel=[-63.25644019776623, -55.69725804436887, 61.178391557450624, 5.753646946315259, -44.554350873402434, -23.414606985417727] imu_ang_vel=[0.0, -1.0585521262792723, 0.0] imu_quat_wxyz=[0.9991192298133249, 0.0, 0.041961465861291944, 0.0] status=0x0003
joint_pos=[10.251342080058922, -10.74785854037328, 4.215080636337963, 13.853949846850881, -45.085078911099885, 17.361669643110382] joint_vel=[-50.37371683662474, -42.95850472474813, 55.74995041324261, 18.301051690547194, -21.63169689098303, -8.467419722117198] imu_ang_vel=[0.0, -0.7414903152167339, 0.0] imu_quat_wxyz=[0.9994466073266987, 0.0, 0.033263780650308584, 0.0] status=0x0003
joint_pos=[9.380886836284844, -11.410655916944846, 5.238426239032455, 14.44603290661741, -45.39674097187963, 17.50483748350473] joint_vel=[-39.68228693181466, -27.892006583553492, 48.69876257948505, 35.712328498504654, -12.040150099825988, 15.535228100673402] imu_ang_vel=[0.0, -0.41227460128681537, 0.0] imu_quat_wxyz=[0.9996103522128446, 0.0, 0.027913146524762712, 0.0] status=0x0003
joint_pos=[8.701886113451668, -11.797480363040572, 6.124318776560273, 15.351337802407755, -45.46955471230048, 17.933625873671293] joint_vel=[-30.827702576851223, -14.68287692271307, 42.249696202886135, 50.516628353714864, 0.9361533920898942, 24.61729805473665] imu_ang_vel=[0.0, -0.1222656367590938, 0.0] imu_quat_wxyz=[0.9996713660395606, 0.0, 0.025635130594535035, 0.0] status=0x0003
joint_pos=[8.158154736318169, -11.957958708071416, 6.8913425592111865, 16.516145255254877, -45.33717623684144, 18.291368220843328] joint_vel=[-25.27937157867028, -4.297304231698098, 36.79970125487231, 62.44591763854458, 9.892402364698926, 14.290733801996614] imu_ang_vel=[0.0, 0.08985502292385174, 0.0] imu_quat_wxyz=[0.9996669979389473, 0.0, 0.02580490712505409, 0.0] status=0x0003
joint_pos=[7.663744900074948, -11.952565241971374, 7.57951907092378, 17.843398062133595, -45.054893680997765, 18.404218956554725] joint_vel=[-24.476042346423977, 2.727453679959143, 33.61415321088744, 68.44463968252686, 16.498661582367852, 1.36929837857928] imu_ang_vel=[0.0, 0.19962384368969566, 0.0] imu_quat_wxyz=[0.9996223272887416, 0.0, 0.02748095314649677, 0.0] status=0x0003
joint_pos=[7.151893183175438, -11.861700714221932, 8.23139488416866, 19.193478143487674, -44.58312004208386, 18.272860040627254] joint_vel=[-26.317016657980602, 5.637628448054982, 32.58465361527434, 66.91964591479787, 27.579987284238086, -10.78853999884059] imu_ang_vel=[0.0, 0.22273694101861405, 0.0] imu_quat_wxyz=[0.999559231950116, 0.0, 0.029687401760580844, 0.0] status=0x0003
joint_pos=[6.566023144869085, -11.733387437908872, 8.87127675894835, 20.413663035792663, -43.799101823726886, 17.87096268113853] joint_vel=[-31.01551704418533, 6.926637531969779, 32.335212610326295, 57.68521733567774, 45.6840811352914, -25.031523656823005] imu_ang_vel=[0.0, 0.17836332432610674, 0.0] imu_quat_wxyz=[0.9994976773640171, 0.0, 0.031692159029248844, 0.0] status=0x0003
joint_pos=[5.831095524862899, -11.533593935239798, 9.598927615294826, 21.395116016711373, -42.607429806008994, 17.168703310246297] joint_vel=[-42.986884138884584, 17.362245716867754, 50.58957882593368, 46.48364706277495, 65.654181950266, -40.38018418192118] imu_ang_vel=[0.0, 0.08681931333477585, 0.0] imu_quat_wxyz=[0.9994572570789008, 0.0, 0.0329422414586504, 0.0] status=0x0003
joint_pos=[4.984010489378969, -11.363799195689111, 10.19430404934915, 22.018081229886004, -40.90858390806112, 16.195549886736835] joint_vel=[-44.927851577876055, 8.992224233568738, 29.699751797772386, 24.74906949262749, 93.86707039462286, -52.947183728425465] imu_ang_vel=[0.0, -0.02516568713877375, 0.0] imu_quat_wxyz=[0.999448112749887, 0.0, 0.03321851773768889, 0.0] status=0x0003
joint_pos=[3.9132453785446, -11.055601449772578, 10.818966598247036, 22.232928720317005, -38.689311709830136, 15.061446169621345] joint_vel=[-56.849604711260966, 16.65548714554972, 27.355665611352226, 2.155073832832784, 120.99100769206973, -58.673423433773436] imu_ang_vel=[0.0, -0.13000880329540923, 0.0] imu_quat_wxyz=[0.999479905996869, 0.0, 0.03224775199126105, 0.0] status=0x0003
joint_pos=[2.640884842655156, -10.573818454036637, 11.331458521685697, 22.02465170979083, -35.94551184219636, 13.692423894292359] joint_vel=[-66.55731548246364, 26.81946766437183, 21.74496021830378, -17.974942037464622, 146.40474398381562, -73.61401111443124] imu_ang_vel=[0.0, -0.22400345473701005, 0.0] imu_quat_wxyz=[0.9995445284095236, 0.0, 0.03017839834356744, 0.0] status=0x0003
joint_pos=[1.1856657323183069, -9.930948369698905, 11.773618808979858, 21.422937479050358, -32.809894183097484, 12.103663742345878] joint_vel=[-75.24115090068327, 33.63952343251531, 18.20056503380469, -37.51786805199921, 162.64183637571122, -82.48312302882015] imu_ang_vel=[0.0, -0.3221509667760147, 0.0] imu_quat_wxyz=[0.9996270104800897, 0.0, 0.02731006991273609, 0.0] status=0x0003
joint_pos=[-0.4358276918035118, -9.106762109819442, 12.207095140124279, 20.463236472154158, -29.422873895445726, 10.355669472596444] joint_vel=[-84.73822210040301, 46.59310418531168, 25.758006264812742, -53.35837872833433, 172.47819950045286, -89.93173793096014] imu_ang_vel=[0.0, -0.3657916122480062, 0.0] imu_quat_wxyz=[0.9997163256804953, 0.0, 0.02381739213033071, 0.0] status=0x0003
joint_pos=[-2.1204295162297515, -8.219965114244548, 12.56682308529961, 19.17657807677429, -25.910087533699507, 8.44209586714151] joint_vel=[-84.45370606218438, 44.30227648505004, 15.884623199672223, -70.02066213905245, 176.75253276918042, -98.65375063667732] imu_ang_vel=[0.0, -0.35258290587951924, 0.0] imu_quat_wxyz=[0.9997958633918784, 0.0, 0.020204740643927164, 0.0] status=0x0003
joint_pos=[-3.8001474108120203, -7.390108466304549, 12.976458248590559, 17.601678233166275, -22.426211738037047, 6.498761762760269] joint_vel=[-83.03283269810856, 38.92884936734795, 19.543045870787992, -84.22486819424165, 172.62476115438616, -96.29839334479395] imu_ang_vel=[0.0, -0.36327001466880565, 0.0] imu_quat_wxyz=[0.999862316966642, 0.0, 0.016593586414588378, 0.0] status=0x0003
joint_pos=[-5.346274015093027, -6.822136860139884, 13.610616549510853, 15.800621447134114, -19.113319136467258, 4.786255849169624] joint_vel=[-74.49183821087811, 23.47589614245437, 40.29216355406734, -93.06835790784666, 161.23916336656822, -79.84923905320994] imu_ang_vel=[0.0, -0.32591620167009194, 0.0] imu_quat_wxyz=[0.9999129335808491, 0.0, 0.013195652986510318, 0.0] status=0x0003
joint_pos=[-6.52466203492625, -6.896689216642739, 14.579770794499153, 13.830536986366093, -16.062550564747216, 3.6226691764632086] joint_vel=[-50.46684489144876, -18.566975613108827, 54.03211192380937, -101.61917550232445, 147.3289934922615, -46.56150893925775] imu_ang_vel=[0.0, -0.22321576906729934, 0.0] imu_quat_wxyz=[0.9999446750947963, 0.0, 0.010518875869697596, 0.0] status=0x0003
joint_pos=[-7.152740497729701, -7.94213714634714, 16.138992912209677, 11.732459142436541, -13.280831289735527, 3.378303513896351] joint_vel=[-19.787752737036474, -73.53186850195821, 86.59302551736468, -108.00887968580129, 134.6792712349113, 5.665303766539793] imu_ang_vel=[0.0, -0.09494929398612573, 0.0] imu_quat_wxyz=[0.9999602533912495, 0.0, 0.00891580830368739, 0.0] status=0x0003
joint_pos=[-7.161211437184709, -10.038471017646664, 18.114379338605964, 9.998081402967603, -11.5264115692208, 2.9845385868335277] joint_vel=[4.467970427083367, -113.52444703893866, 94.34026694792135, -59.75768251676153, 30.489434619885444, -71.24074513717356] imu_ang_vel=[0.0, -0.1967975170844149, 0.0] imu_quat_wxyz=[0.9999653343196322, 0.0, 0.008326473384709, 0.0] status=0x0003
sim t=    7.52s  x= 2.068m z= 0.525m pitch= 0.99deg action=[0.674, 0.182, 0.458, -0.437, 0.96, 0.883]
joint_pos=[-6.659235389136163, -11.927033839368354, 20.456185398484692, 8.915660319594462, -10.765794455958497, 3.2157713500919254] joint_vel=[41.21801020480561, -83.38843025568036, 129.60338044753468, -60.05061816722735, 57.14455873976256, 102.84082752549553] imu_ang_vel=[0.0, 0.1687146936275813, 0.0] imu_quat_wxyz=[0.9999698350789189, 0.0, 0.007767170156485521, 0.0] status=0x0003
joint_pos=[-5.428145927375793, -13.84476756897769, 23.269678232396366, 8.357399725049538, -10.195556667518737, 3.582324100484001] joint_vel=[76.89687425996243, -103.40265189579863, 147.3874794454474, -22.206983672216374, 35.26655982147746, 10.438745074278305] imu_ang_vel=[0.0, 0.43716647651911844, 0.0] imu_quat_wxyz=[0.9999364689814707, 0.0, 0.011272000748241794, 0.0] status=0x0003
joint_pos=[-3.6132430539434583, -16.267170890250334, 26.268462586491594, 7.860709036297214, -9.3183097992617, 3.721185879948536] joint_vel=[98.31453461015352, -130.44918643736224, 151.1277583348123, -26.5135238632601, 48.87108244152824, 4.852865208742866] imu_ang_vel=[0.0, 0.5339963903238978, 0.0] imu_quat_wxyz=[0.9998630714999419, 0.0, 0.01654805881975681, 0.0] status=0x0003
joint_pos=[-1.6473090958567695, -18.82756030319288, 29.344122099776268, 7.251169759278393, -8.27204075804007, 3.810013023202297] joint_vel=[98.22874691818369, -126.25452570106417, 155.0701266891717, -32.812796638911934, 54.53268596624267, 4.061838871237765] imu_ang_vel=[0.0, 0.49253408133681514, 0.0] imu_quat_wxyz=[0.9997648057197434, 0.0, 0.02168716773034002, 0.0] status=0x0003
joint_pos=[0.37696271942745135, -21.271693073101666, 32.26850117710222, 6.5741316004669885, -7.058876399193009, 3.8292822150184818] joint_vel=[102.79829345559354, -119.56051222051295, 141.3653457206767, -34.599700519207175, 64.40344705304521, -0.5276801649865311] imu_ang_vel=[0.0, 0.5182039666617113, 0.0] imu_quat_wxyz=[0.9996440835841255, 0.0, 0.026677821411313814, 0.0] status=0x0003
joint_pos=[2.356012725700519, -23.510500387650513, 34.82598799127216, 5.765810145271576, -5.619266095635423, 3.7524323636183925] joint_vel=[96.80417308524399, -107.41217663907753, 120.56500427002214, -43.80319746706625, 76.74390034460272, -5.679020019487331] imu_ang_vel=[0.0, 0.4965991199822277, 0.0] imu_quat_wxyz=[0.9994941788629441, 0.0, 0.031802302103605545, 0.0] status=0x0003
joint_pos=[4.260636374670396, -25.603063440151622, 37.004278522213234, 4.758609952578863, -3.8607141733098826, 3.5342747441741476] joint_vel=[94.349788122776, -102.79700374863762, 102.60227610827779, -54.205963317508676, 94.85700845154342, -13.874752365627511] imu_ang_vel=[0.0, 0.47734993848674484, 0.0] imu_quat_wxyz=[0.9993291364925128, 0.0, 0.0366234481873134, 0.0] status=0x0003
joint_pos=[6.109656265011471, -27.608514904934985, 38.815183705168856, 3.514458364606268, -1.670382295435019, 3.120670969750459] joint_vel=[91.4289592511149, -98.63322902157277, 84.03984491608281, -66.89322411360854, 118.57054705093104, -24.608705597013135] imu_ang_vel=[0.0, 0.4759088426314684, 0.0] imu_quat_wxyz=[0.9991436964054989, 0.0, 0.04137479828538296, 0.0] status=0x0003
joint_pos=[7.903569185275703, -29.61022405751804, 40.222444533294905, 2.141923611410089, 0.675604619745358, 2.636389384320237] joint_vel=[83.95032285349045, -104.3996790007287, 63.02845424687168, -53.5818232206565, 68.35747245102738, -1.4001425297324988] imu_ang_vel=[0.0, 0.5159364365420984, 0.0] imu_quat_wxyz=[0.9989257129278177, 0.0, 0.04634026382802684, 0.0] status=0x0003
joint_pos=[9.366233578682731, -31.774141308447824, 41.14810197619737, 1.3821799910322103, 0.7494891795824972, 3.2441840028929265] joint_vel=[68.73833303119136, -108.31629825701226, 37.247849654975575, -36.495643509515766, -11.800381672934275, 38.529536441743396] imu_ang_vel=[0.0, -0.09124177242599912, 0.0] imu_quat_wxyz=[0.9988940549633222, 0.0, 0.04701773026137675, 0.0] status=0x0003
joint_pos=[10.579176977061586, -33.169742487513616, 42.00901674012278, 0.7093267317558815, 0.48649777540959466, 4.042476203275512] joint_vel=[56.388441905608204, -48.030047924075504, 46.17912391832341, -32.6961047661602, -11.899521637193688, 39.84392522192433] imu_ang_vel=[0.0, -0.09292999963967861, 0.0] imu_quat_wxyz=[0.998951190270123, 0.0, 0.045787765373562044, 0.0] status=0x0003
joint_pos=[11.65804382467223, -33.473168722233694, 42.80835863789592, 0.12318762069297816, 0.3155425806839668, 4.925735886142177] joint_vel=[54.1274991253529, 0.859205222854154, 36.949753007301965, -28.570169051905186, -6.468047347451531, 59.90212537269613] imu_ang_vel=[0.0, 0.05463277095772329, 0.0] imu_quat_wxyz=[0.9989541995944033, 0.0, 0.04572206374066036, 0.0] status=0x0003
joint_pos=[12.684263696429143, -33.04328167250194, 43.15653553633549, -0.3864752577641694, 0.22312785176956557, 5.632625497456988] joint_vel=[51.15552047935306, 30.82903909322068, 7.251090564673265, -24.891507441708104, -3.455659409929366, 34.737327064135464] imu_ang_vel=[0.0, 0.1394064135879209, 0.0] imu_quat_wxyz=[0.9988994874080013, 0.0, 0.046902175386993906, 0.0] status=0x0003
joint_pos=[13.665381566080438, -32.32881425891833, 42.89574997953022, -0.9656642773574882, 0.1799237882212673, 6.327464109041013] joint_vel=[47.82680262640885, 38.42341337412597, -23.881711390400085, -31.243936781571023, -1.602542041520703, 35.109363471722226] imu_ang_vel=[0.0, 0.08904679761796055, 0.0] imu_quat_wxyz=[0.9988420904289312, 0.0, 0.048109026050863486, 0.0] status=0x0003
joint_pos=[14.632038388558787, -31.588888590049645, 42.01977951219245, -1.6562437602451525, 0.16098080887925956, 7.106539509453132] joint_vel=[47.54162910364393, 37.37632116606329, -54.573416363392816, -35.75134055324898, -0.804987210758242, 33.66572768864166] imu_ang_vel=[0.0, 0.01843136880650904, 0.0] imu_quat_wxyz=[0.9988206090590598, 0.0, 0.04855297023755481, 0.0] status=0x0003
joint_pos=[15.621206613807146, -30.85041378359806, 40.572671268024386, -2.3813952263172653, 0.15405508630021922, 7.780625630091508] joint_vel=[50.42408123564745, 36.64537698989027, -81.79492539017585, -36.630049845990534, -0.19515283984114049, 34.29486349771617] imu_ang_vel=[0.0, -0.002530803839099721, 0.0] imu_quat_wxyz=[0.9988208253196952, 0.0, 0.04854852116885643, 0.0] status=0x0003
joint_pos=[16.6977322654289, -30.11313016633792, 38.62367391899077, -3.0819591884847415, 0.1532014277775352, 8.528598084201377] joint_vel=[54.84695481770418, 37.75395164957302, -105.81967779179816, -33.75490391544328, -0.04129006617067163, 33.67009289458742] imu_ang_vel=[0.0, 0.037214083692398314, 0.0] imu_quat_wxyz=[0.998812100431571, 0.0, 0.04872769265493034, 0.0] status=0x0003
joint_pos=[17.865455596728047, -29.298688323150202, 36.29314803495478, -3.689209483157113, 0.1545247273605098, 9.266834592340235] joint_vel=[59.52736207688252, 43.037930381281676, -122.20897761911516, -28.12189345872776, 0.04350686643721868, 33.77019273833072] imu_ang_vel=[0.0, 0.1307119327248946, 0.0] imu_quat_wxyz=[0.998766988890146, 0.0, 0.049643749891713294, 0.0] status=0x0003
joint_pos=[19.11333944750921, -28.301990937063188, 33.741283399525486, -4.150223106265327, 0.15627550969808152, 10.01039124720338] joint_vel=[63.20759591386317, 54.181276523011896, -130.39872670606547, -19.89175721953726, 0.05193921964101463, 34.52821813408854] imu_ang_vel=[0.0, 0.27538334326694636, 0.0] imu_quat_wxyz=[0.998656912373494, 0.0, 0.05181091939581457, 0.0] status=0x0003
joint_pos=[20.404707780078585, -26.96103186945175, 31.127891975726065, -4.414875084005084, 0.15778813253997345, 10.827333076251865] joint_vel=[65.5261524413834, 73.8243832915476, -130.63954488717283, -9.66593386472337, 0.17368485179301668, 46.64278632493368] imu_ang_vel=[0.0, 0.47561603875169356, 0.0] imu_quat_wxyz=[0.99844414380987, 0.0, 0.055761023051731425, 0.0] status=0x0003
joint_pos=[21.634805800223706, -25.022473661477594, 28.556277472090695, -4.411960987892489, 0.12866780004366749, 11.633696090715171] joint_vel=[59.439972029435, 109.34396950106424, -127.29955273424616, 5.141668412663356, -1.6777396121824124, 39.00548511524946] imu_ang_vel=[0.0, 0.7291550621396059, 0.0] imu_quat_wxyz=[0.9980735306581937, 0.0, 0.062042142125233055, 0.0] status=0x0003
joint_pos=[22.457459281191785, -21.67880932530058, 25.92070558526823, -3.7076182927460377, -0.710882610704204, 12.896082201068934] joint_vel=[30.168448111143505, 199.4978323948172, -134.06247576278437, 52.51486191417682, -65.19599685072377, 73.69707714940003] imu_ang_vel=[0.0, 1.0407205286024657, 0.0] imu_quat_wxyz=[0.9974611241007403, 0.0, 0.07121310207881397, 0.0] status=0x0003
joint_pos=[22.32479583038827, -17.245351400173174, 22.321214278805982, -2.0631867808856676, -3.614449906818333, 15.245489383713041] joint_vel=[-12.454147753746808, 112.89023960186445, -283.64417264428164, 97.96084531434272, -190.8402586555837, 122.61523258581866] imu_ang_vel=[0.0, 1.0165045277675955, 0.0] imu_quat_wxyz=[0.9966427193322849, 0.0, 0.08187362213770923, 0.0] status=0x0003
joint_pos=[21.724641367625477, -14.825533665450545, 16.603992965398042, 0.31579229913752466, -8.697381212525372, 17.325547878529687] joint_vel=[-40.721418044218154, 128.13733901415787, -287.4650387359571, 130.41640151991987, -288.3624530873739, 93.82546640758076] imu_ang_vel=[0.0, 0.4762575905527044, 0.0] imu_quat_wxyz=[0.9961107646264695, 0.0, 0.08810984391808989, 0.0] status=0x0003
joint_pos=[20.606540036627784, -12.265718745001873, 11.549841187407266, 3.2147964577508126, -15.296531144732366, 18.985711314916752] joint_vel=[-64.34854200747424, 128.26075524538805, -236.2550956882116, 152.6700665417752, -351.77269640000907, 77.00532913257807] imu_ang_vel=[0.0, 0.128177979794847, 0.0] imu_quat_wxyz=[0.9958833116302381, 0.0, 0.09064452336677559, 0.0] status=0x0003
sim t=    8.02s  x= 2.212m z= 0.529m pitch= 10.31deg action=[-1.0, 1.0, 0.642, 1.0, -0.665, 0.111]
joint_pos=[19.10660844435838, -9.751754569968497, 7.579601504004086, 6.379972140348413, -22.470559885182695, 20.342135280874945] joint_vel=[-81.08539602742223, 125.13124337856993, -179.96807959066606, 161.18027821040369, -361.23153493961286, 62.85251082812953] imu_ang_vel=[0.0, -0.12126510990238773, 0.0] imu_quat_wxyz=[0.9959175088647306, 0.0, 0.09026802056470049, 0.0] status=0x0003
joint_pos=[17.457338764935532, -7.806162778465116, 4.954941094456959, 9.354227177925504, -29.305426361427003, 21.065811818216734] joint_vel=[-83.38435299338299, 82.60465319092269, -106.28061761375905, 141.60114873621714, -330.04811338213494, 21.980215655037508] imu_ang_vel=[0.0, -0.3990862936732151, 0.0] imu_quat_wxyz=[0.9961733462963481, 0.0, 0.08739945153567079, 0.0] status=0x0003
joint_pos=[15.823886035566199, -6.933764982579907, 3.5648157112757732, 11.660162858527315, -35.19199975576383, 20.74951082106923] joint_vel=[-80.79285247028068, 22.379165690383974, -50.37351510602492, 100.51547198302507, -274.1160678266494, -35.88636044393777] imu_ang_vel=[0.0, -0.7763937355405361, 0.0] imu_quat_wxyz=[0.9966995723956595, 0.0, 0.08117858329824108, 0.0] status=0x0003
joint_pos=[14.28243557762666, -7.11809583450304, 2.9321645810942267, 13.134329267928575, -39.83497624898326, 19.600280400031327] joint_vel=[-74.9640054743241, -26.72864819321895, -21.793931460795662, 58.66931422690464, -208.7163302849526, -68.82009140523844] imu_ang_vel=[0.0, -1.0910649572298674, 0.0] imu_quat_wxyz=[0.99744868403691, 0.0, 0.07138713268535513, 0.0] status=0x0003
joint_pos=[12.859263154881674, -8.000803305455166, 2.617047126480916, 13.846032136494008, -43.07981347597859, 18.39334565613999] joint_vel=[-68.86523762138383, -54.0359318697972, -12.602199878694575, 22.674513641477464, -136.37257522184277, -55.64024057185472] imu_ang_vel=[0.0, -1.23828072765175, 0.0] imu_quat_wxyz=[0.9982326697712703, 0.0, 0.0594267364182308, 0.0] status=0x0003
joint_pos=[11.557686345306056, -9.179994134752095, 2.7187395696695082, 14.02220237525578, -44.91064052091543, 17.619468294323525] joint_vel=[-64.24223194820193, -63.0583710898844, 57.832133048913654, 2.7414991433094626, -61.988422954144426, -29.69180553319965] imu_ang_vel=[0.0, -1.193954750464087, 0.0] imu_quat_wxyz=[0.9988868470813378, 0.0, 0.04717061296934798, 0.0] status=0x0003
joint_pos=[10.406165679677175, -10.277818159576317, 3.975767527705318, 14.140995257137021, -45.62027410907777, 17.314160935777046] joint_vel=[-53.314608628276474, -50.48912464615061, 60.9344442420767, 7.331955401990922, -20.949383457494783, -7.459183860598622] imu_ang_vel=[0.0, -0.8483028098318364, 0.0] imu_quat_wxyz=[0.9992988994084387, 0.0, 0.037439412937211675, 0.0] status=0x0003
joint_pos=[9.474501296491766, -11.087374590939776, 5.094142095752959, 14.4985722780418, -45.869573296138434, 17.39753484638903] joint_vel=[-42.76569205894543, -35.212081885225885, 53.20883869049881, 23.56923777244174, -7.571496594018584, 10.412441615828817] imu_ang_vel=[0.0, -0.5258836254550182, 0.0] imu_quat_wxyz=[0.9995202192930102, 0.0, 0.030973072570425596, 0.0] status=0x0003
joint_pos=[8.757657379852672, -11.599725504554483, 6.058220112172399, 15.210770785180012, -45.88136135951613, 17.81715499092348] joint_vel=[-32.03189331980356, -20.442173896953577, 45.67612452277284, 42.212348050234326, 3.2724591178831983, 26.64819145080671] imu_ang_vel=[0.0, -0.204798055302652, 0.0] imu_quat_wxyz=[0.9996159176645039, 0.0, 0.027713122374642733, 0.0] status=0x0003
joint_pos=[8.212390975203103, -11.860268101549448, 6.886104454092087, 16.239241070598325, -45.68420637254029, 18.289224597900628] joint_vel=[-24.711755430709562, -8.923456286004708, 39.54345121407773, 56.45376574284342, 13.640361193134785, 21.97410952547164] imu_ang_vel=[0.0, 0.048147755835675266, 0.0] imu_quat_wxyz=[0.9996269468417632, 0.0, 0.02731239915889339, 0.0] status=0x0003
joint_pos=[7.7553708350257455, -11.917324688435789, 7.608695694053266, 17.4897908183701, -45.30636814053676, 18.540891678214205] joint_vel=[-21.870852002367958, 0.36884689428825235, 34.84003924458129, 65.81649843470714, 21.858354088337677, 7.565978159503287] imu_ang_vel=[0.0, 0.2080061737590154, 0.0] imu_quat_wxyz=[0.9995831331084993, 0.0, 0.028871439260903388, 0.0] status=0x0003
joint_pos=[7.302859008832199, -11.849765164098155, 8.272525315361818, 18.828619571238686, -44.75744499208415, 18.514784940194883] joint_vel=[-23.15800787407092, 5.127860697265343, 32.787296848681585, 67.50572594415118, 30.590894283684992, -5.924800112121528] imu_ang_vel=[0.0, 0.26227781887267104, 0.0] imu_quat_wxyz=[0.9995075707551054, 0.0, 0.03137859147935106, 0.0] status=0x0003
joint_pos=[6.785502449249236, -11.723933685106148, 8.912269026146399, 20.096506937358015, -43.954920519866285, 18.21193564392982] joint_vel=[-27.462777298316457, 7.021365532970991, 32.18315832277683, 61.071800882585336, 45.446360539045386, -20.03926968875298] imu_ang_vel=[0.0, 0.23312134511189359, 0.0] imu_quat_wxyz=[0.9994257779259326, 0.0, 0.03388383710775031, 0.0] status=0x0003
joint_pos=[6.14598275250984, -11.571820872856762, 9.546061427647771, 21.14393104880828, -42.777427023117625, 17.608815089521723] joint_vel=[-34.527715604673205, 7.998054858516125, 32.09586602827824, 47.51424383168463, 66.32357483549971, -35.51754067989561] imu_ang_vel=[0.0, 0.14270846400368098, 0.0] imu_quat_wxyz=[0.9993625517031809, 0.0, 0.03570000354771712, 0.0] status=0x0003
joint_pos=[5.323801791436528, -11.355581771648703, 10.238366080823807, 21.87235788638421, -41.14237692031449, 16.706660406305055] joint_vel=[-43.06420691008679, 9.404125066534291, 29.896888797002173, 28.998544446140773, 91.09129150641611, -50.208418478735304] imu_ang_vel=[0.0, 0.017873655320625206, 0.0] imu_quat_wxyz=[0.9993351957255711, 0.0, 0.036457736958491235, 0.0] status=0x0003
joint_pos=[4.311942239064893, -11.068469667751788, 10.877573065894886, 22.199190597027336, -38.99305227345365, 15.549557765581325] joint_vel=[-53.39180108277159, 14.655073076426863, 28.38457558018326, 8.305057261362371, 117.19717165861707, -61.901239731681216] imu_ang_vel=[0.0, -0.08308221487986961, 0.0] imu_quat_wxyz=[0.999354804774925, 0.0, 0.03591621045254594, 0.0] status=0x0003
joint_pos=[3.0979323765878277, -10.650771033878312, 11.426779257217868, 22.103738430105103, -36.33976266202365, 14.17732837612592] joint_vel=[-63.88790009707132, 22.79872191900043, 23.907369048945483, -12.661662996482418, 141.52809109007458, -72.13669060664748] imu_ang_vel=[0.0, -0.20053107017468155, 0.0] imu_quat_wxyz=[0.9994155635398688, 0.0, 0.03418378788675203, 0.0] status=0x0003
joint_pos=[1.6765301438766032, -10.081627926686332, 11.912790029611157, 21.581441671502866, -33.257974972950024, 12.629024482585129] joint_vel=[-74.2127350654144, 30.203007312299885, 21.188936846965564, -34.19153803775818, 161.19574017270372, -80.16891310703403] imu_ang_vel=[0.0, -0.3056848228161558, 0.0] imu_quat_wxyz=[0.9995072244364405, 0.0, 0.03138962088594064, 0.0] status=0x0003
joint_pos=[0.0810715241509928, -9.377285797391867, 12.350700570042967, 20.653429904095116, -29.863562399833018, 10.895311992387645] joint_vel=[-81.9362173377238, 36.62100577033994, 18.29293732094843, -53.86642229826675, 174.47020984430523, -90.0966083348863] imu_ang_vel=[0.0, -0.39244253394293427, 0.0] imu_quat_wxyz=[0.999615272649033, 0.0, 0.027736378400927176, 0.0] status=0x0003
joint_pos=[-1.6360043441096324, -8.539778953628083, 12.807092071286805, 19.386991106899202, -26.31047807402413, 8.98034030605806] joint_vel=[-88.43524357380748, 45.931485750636256, 27.41427252955035, -68.16747474490361, 178.80245470661492, -98.67171492395663] imu_ang_vel=[0.0, -0.41112279916761973, 0.0] imu_quat_wxyz=[0.9997193104217462, 0.0, 0.023691778529023447, 0.0] status=0x0003
joint_pos=[-3.342324599737782, -7.734468701212926, 13.24410919790849, 17.83866718013545, -22.75854089838716, 6.984698424552978] joint_vel=[-84.09077934191312, 38.298577375452965, 20.971223086879032, -82.17607289914703, 176.2767391455831, -100.28003639064828] imu_ang_vel=[0.0, -0.3710398648637641, 0.0] imu_quat_wxyz=[0.9998041042236835, 0.0, 0.01979275568175796, 0.0] status=0x0003
joint_pos=[-4.934956886232269, -7.149240035101549, 13.873715623080514, 16.061735868889233, -19.357677433563804, 5.191014512007851] joint_vel=[-77.62819476140093, 25.316156634928493, 39.61379271717256, -92.22362076098104, 166.0201892369523, -83.94248415418424] imu_ang_vel=[0.0, -0.3527931364482141, 0.0] imu_quat_wxyz=[0.9998690913982377, 0.0, 0.01618023690996861, 0.0] status=0x0003
joint_pos=[-6.212709525162709, -7.150590832191791, 14.805798746323179, 14.08904800074179, -16.21483451148726, 3.927907144350324] joint_vel=[-56.55675702958591, -13.607213155774787, 51.67396474152878, -102.20621852902039, 151.79909246438714, -52.002679140391486] imu_ang_vel=[0.0, -0.2742028645616907, 0.0] imu_quat_wxyz=[0.9999143839225575, 0.0, 0.013085290396941262, 0.0] status=0x0003
joint_pos=[-6.967122173430573, -8.07524183100585, 16.299172157631716, 11.989782856932731, -13.359082286484302, 3.5175719222166157] joint_vel=[-26.311154697486227, -66.69490707355965, 83.07969237249847, -107.69844265856737, 137.90178526729076, -4.050694086277321] imu_ang_vel=[0.0, -0.14871181625173172, 0.0] imu_quat_wxyz=[0.9999401734539703, 0.0, 0.010938441975147496, 0.0] status=0x0003
joint_pos=[-7.121730185623247, -10.011959034424152, 18.178035687959248, 10.236293670698112, -11.592966313459163, 2.9617575249630668] joint_vel=[-3.0700854056270903, -104.94430898039957, 87.58091754826955, -62.076143101450846, 29.698970009935223, -77.80701239050869] imu_ang_vel=[0.0, -0.24566024784102497, 0.0] imu_quat_wxyz=[0.9999518391185607, 0.0, 0.009814246960833415, 0.0] status=0x0003
sim t=    8.52s  x= 2.351m z= 0.526m pitch= 1.01deg action=[0.684, 0.184, 0.44, -0.47, 0.922, 0.891]
joint_pos=[-6.787325634581934, -11.746299949288089, 20.361365972576515, 9.218748566386251, -11.144360276091021, 3.0253148271343986] joint_vel=[27.039137373381156, -76.51991831525174, 120.90259945540852, -44.915863787563616, 20.916164357715754, 31.27768447027338] imu_ang_vel=[0.0, 0.024581653399916137, 0.0] imu_quat_wxyz=[0.999963428297891, 0.0, 0.008552313530776191, 0.0] status=0x0003
joint_pos=[-5.759828091748834, -13.374762409117908, 23.031375045746334, 8.559683340731377, -10.58955609089562, 3.525561502836049] joint_vel=[64.83777382916993, -83.66550666583714, 140.11480138249834, -26.619216721125735, 31.699333210766806, 21.87234261530518] imu_ang_vel=[0.0, 0.37850855076620166, 0.0] imu_quat_wxyz=[0.9999397066368109, 0.0, 0.010981033243218545, 0.0] status=0x0003
joint_pos=[-4.105972081996015, -15.505483689971102, 25.836632131617527, 8.029211652470766, -9.813988580599682, 3.850861627922005] joint_vel=[92.47187140534737, -118.737533830597, 140.1641810754734, -26.770607071526406, 42.93665752930738, 13.325253607930254] imu_ang_vel=[0.0, 0.499783739761594, 0.0] imu_quat_wxyz=[0.9998754554493525, 0.0, 0.01578206545258828, 0.0] status=0x0003
joint_pos=[-2.210969692912942, -18.011907227709596, 28.674085780980437, 7.375353358413379, -8.863190856106058, 4.059759693902965] joint_vel=[95.93894608879174, -128.5411540872437, 142.64486883195335, -36.17604639986926, 50.404290860228755, 8.8906253778734] imu_ang_vel=[0.0, 0.42615933370531406, 0.0] imu_quat_wxyz=[0.9997908066725435, 0.0, 0.02045343230523186, 0.0] status=0x0003
joint_pos=[-0.2452832961413149, -20.501012488105477, 31.405802239007212, 6.615752356882085, -7.732043508590291, 4.15950744758666] joint_vel=[99.54410063921765, -121.78001644068519, 133.23769656730877, -39.195104612840744, 60.427137580346205, 3.0488356793442426] imu_ang_vel=[0.0, 0.4208394386970669, 0.0] imu_quat_wxyz=[0.9996983200608194, 0.0, 0.024561532272551086, 0.0] status=0x0003
joint_pos=[1.714297325652369, -22.739013867561795, 33.886103331249586, 5.770393578144295, -6.377303298455391, 4.147808983324005] joint_vel=[97.0917206297779, -106.09165486823422, 119.00076852541248, -44.146306521624666, 72.3474236319077, -2.6006355536220074] imu_ang_vel=[0.0, 0.44420712418183406, 0.0] imu_quat_wxyz=[0.9995818235541181, 0.0, 0.0289167429048296, 0.0] status=0x0003
joint_pos=[3.640125375724178, -24.76211082220602, 36.07811130957556, 4.795263122651734, -4.731844294068003, 4.000141091689761] joint_vel=[95.82902702399008, -98.12049119207857, 104.49533895715223, -51.51842104568818, 88.46859689814319, -10.098402618329496] imu_ang_vel=[0.0, 0.46592042880720885, 0.0] imu_quat_wxyz=[0.9994388561237912, 0.0, 0.03349586347547731, 0.0] status=0x0003
joint_pos=[5.539296740148785, -26.698484497780413, 37.9486853154106, 3.6261926290978845, -2.695857754724065, 3.6720399661458987] joint_vel=[94.48120200105151, -95.8417534017837, 87.59921900648672, -62.546569740573126, 110.06259969087073, -20.025844300820964] imu_ang_vel=[0.0, 0.4788031719416887, 0.0] imu_quat_wxyz=[0.9992684060467263, 0.0, 0.038244642459237706, 0.0] status=0x0003
joint_pos=[7.433301299172036, -28.638673666949213, 39.43713963703328, 2.209983023111817, -0.14218288789756173, 3.1036936204138956] joint_vel=[94.86873176232393, -97.44610711457685, 67.33455133643501, -75.69982058634213, 138.55080692844484, -33.2519760312314] imu_ang_vel=[0.0, 0.5092679010504524, 0.0] imu_quat_wxyz=[0.9990664613875562, 0.0, 0.04319960336098883, 0.0] status=0x0003
joint_pos=[9.148158975060346, -30.787938199530483, 40.49785403480948, 1.1590926062050346, 1.057960380535956, 3.1834077653857356] joint_vel=[78.47104533736272, -113.6223943666509, 45.257309670974465, -34.92629927199441, 0.41432562827332037, 33.39447436136968] imu_ang_vel=[0.0, 0.10409492999043232, 0.0] imu_quat_wxyz=[0.9989057390675709, 0.0, 0.04676884067271888, 0.0] status=0x0003
joint_pos=[10.516851254755753, -32.52101308453815, 41.406985021379874, 0.5470831958668018, 0.737292673558631, 4.021350495110458] joint_vel=[63.511736654466276, -70.91660739979449, 45.57686708302241, -30.682503940536105, -17.953299015385568, 43.4808175748263] imu_ang_vel=[0.0, -0.07104401219011691, 0.0] imu_quat_wxyz=[0.9989253720269637, 0.0, 0.04634761181325311, 0.0] status=0x0003
joint_pos=[11.734688924013035, -33.29660952873305, 42.167584606216266, -0.009309609469381074, 0.4585802099591642, 4.95430930843984] joint_vel=[60.87517593606093, -22.668812115274108, 34.27777403101511, -27.433853532856006, -11.079106877629624, 61.00265802110772] imu_ang_vel=[0.0, 0.04089378797365695, 0.0] imu_quat_wxyz=[0.9989329597510112, 0.0, 0.04618378420056897, 0.0] status=0x0003
joint_pos=[12.876261056498127, -33.25947147522044, 42.590041203750296, -0.5070659955892443, 0.3000529108337533, 5.709741479368553] joint_vel=[56.28550220807953, 13.560204593356795, 14.362012879423263, -24.467644249073746, -6.079791717862584, 36.90059236653724] imu_ang_vel=[0.0, 0.13341682989696813, 0.0] imu_quat_wxyz=[0.9988826629209387, 0.0, 0.04725913367777896, 0.0] status=0x0003
joint_pos=[13.953903546616287, -32.76971877409881, 42.48255037270089, -1.050082135213135, 0.22088633492500154, 6.436258725354919] joint_vel=[52.49053057561225, 30.57957557313015, -15.92210340140159, -28.633121885579875, -2.9938683485467346, 36.47716298428432] imu_ang_vel=[0.0, 0.122852029462662, 0.0] imu_quat_wxyz=[0.9988172859526364, 0.0, 0.048621284250927106, 0.0] status=0x0003
joint_pos=[14.999780688690807, -32.10866394292287, 41.76560212261976, -1.6848063058027385, 0.183542891032485, 7.237154915491344] joint_vel=[51.13953365375335, 35.59167931207835, -46.6246513262862, -32.84623845401732, -1.5022335325871727, 34.8174828661021] imu_ang_vel=[0.0, 0.07277422008803927, 0.0] imu_quat_wxyz=[0.9987710529602936, 0.0, 0.04956191853213979, 0.0] status=0x0003
joint_pos=[16.05906052847784, -31.398394281507294, 40.45786460291945, -2.3689629751177734, 0.16849178168604903, 8.00735304503475] joint_vel=[55.10082573126119, 34.04888278368326, -75.18328179762194, -35.78493493214909, -0.30311971920146435, 50.37435531382161] imu_ang_vel=[0.0, 0.04577081090557049, 0.0] imu_quat_wxyz=[0.9987450411977885, 0.0, 0.050083357343809656, 0.0] status=0x0003
joint_pos=[17.19295433617579, -30.655928117149255, 38.616763245753354, -3.01874777779312, 0.16258011457311208, 8.688561507649263] joint_vel=[58.65153650402753, 37.38767129235179, -100.81096635030916, -31.45918685278665, -0.1283597758168187, 34.19638187527717] imu_ang_vel=[0.0, 0.08471112250183338, 0.0] imu_quat_wxyz=[0.9987125563139089, 0.0, 0.05072701312848398, 0.0] status=0x0003
joint_pos=[18.4158376288334, -29.812968862825475, 36.364696178416246, -3.5926047120461546, 0.1619357515920207, 9.437535729488678] joint_vel=[61.74495008517138, 45.42352390564801, -118.8649172721127, -26.81512657827678, -0.03751719614710289, 34.47623018827322] imu_ang_vel=[0.0, 0.16585752671145, 0.0] imu_quat_wxyz=[0.9986441868015461, 0.0, 0.05205562570442115, 0.0] status=0x0003
joint_pos=[19.694564694545203, -28.725006711647886, 33.87756814359886, -4.032190540017683, 0.16223283083528187, 10.253115690311704] joint_vel=[65.3671744046767, 59.00209369286968, -127.12439071943514, -19.472002077908485, 0.13221662607774975, 46.68401329694062] imu_ang_vel=[0.0, 0.30772491393051116, 0.0] imu_quat_wxyz=[0.9985116144384719, 0.0, 0.054539488735010966, 0.0] status=0x0003
joint_pos=[20.991219466557943, -27.218271876895972, 31.30513832565941, -4.252267749310483, 0.15835565254225284, 11.025650355627317] joint_vel=[64.77538905082567, 83.97127690854745, -129.23913217654004, -6.513556314674415, -0.2649879795984722, 36.865470798556274] imu_ang_vel=[0.0, 0.524028956814254, 0.0] imu_quat_wxyz=[0.998264457290263, 0.0, 0.05889034989687756, 0.0] status=0x0003
joint_pos=[22.182330973723083, -25.018846630465784, 28.725123244692462, -4.207781692072894, 0.12204673963901828, 11.850774354696044] joint_vel=[56.05835798242776, 124.82954633183822, -128.7683972350712, 7.216883119727521, -2.0152425604405764, 39.63166253330377] imu_ang_vel=[0.0, 0.7770937569635824, 0.0] imu_quat_wxyz=[0.997842393869461, 0.0, 0.06565483224305316, 0.0] status=0x0003
joint_pos=[22.86422541029942, -21.29269294191861, 26.00797910228345, -3.380152882511185, -0.969593100836016, 13.305595184533916] joint_vel=[21.821267275743015, 220.14397283094448, -139.48948737369702, 60.217433499408635, -83.29945411065279, 92.2886223370022] imu_ang_vel=[0.0, 1.054478282729769, 0.0] imu_quat_wxyz=[0.9971727861248231, 0.0, 0.07514276154133447, 0.0] status=0x0003
joint_pos=[22.689482170996722, -17.526790292613455, 21.576519478645732, -1.586538662347828, -4.271866441764391, 15.68624279986348] joint_vel=[-14.555968284080645, 113.47773897262415, -297.99650075853765, 103.7615324461677, -209.03366878765402, 122.38740925286278] imu_ang_vel=[0.0, 0.8401357673955997, 0.0] imu_quat_wxyz=[0.9963497750803395, 0.0, 0.08536466304834109, 0.0] status=0x0003
joint_pos=[22.03735413544524, -15.128217042932295, 15.923448754996215, 0.8865752468852369, -9.653547897306334, 17.70952053138587] joint_vel=[-42.75097945273844, 123.73407665386581, -276.4880247159729, 134.37490925533373, -301.4595934157988, 89.52568489088235] imu_ang_vel=[0.0, 0.42273912142643344, 0.0] imu_quat_wxyz=[0.9958457872168116, 0.0, 0.09105585144585, 0.0] status=0x0003
joint_pos=[20.9101677138402, -12.704253738992561, 11.120378019738133, 3.810292277190874, -16.320988245200514, 19.226820242703386] joint_vel=[-63.9452756794613, 120.19293149701149, -222.79132526577445, 152.42822865949668, -349.82133943503385, 68.38643676834515] imu_ang_vel=[0.0, 0.08624157537278913, 0.0] imu_quat_wxyz=[0.9956561729262436, 0.0, 0.0931063118905806, 0.0] status=0x0003
sim t=    9.02s  x= 2.497m z= 0.528m pitch= 10.55deg action=[-1.0, 1.0, 0.664, 1.0, -0.595, 0.096]
joint_pos=[19.436146696148842, -10.364622050776926, 7.376248922697131, 6.9401423444533945, -23.348837210661053, 20.409718918730697] joint_vel=[-79.34102511783458, 116.0911850817952, -169.63562227291087, 158.60589409382203, -351.01524526661353, 54.17836075255009] imu_ang_vel=[0.0, -0.15076715375223768, 0.0] imu_quat_wxyz=[0.9957223432526494, 0.0, 0.09239596932471168, 0.0] status=0x0003
joint_pos=[17.8115616478764, -8.603212797637232, 4.937276919938102, 9.816581583403769, -29.929714764413816, 21.030150848287136] joint_vel=[-82.4362303767941, 73.28359207743749, -97.40725314842433, 135.44236711765612, -316.0551746197426, 18.709597280482015] imu_ang_vel=[0.0, -0.43660182336023906, 0.0] imu_quat_wxyz=[0.9960132721236712, 0.0, 0.08920516663006557, 0.0] status=0x0003
joint_pos=[16.175007156008782, -7.852942294713652, 3.665427011149699, 12.007109027335385, -35.54247562088439, 20.694455426233162] joint_vel=[-81.55952002266764, 18.038603869417813, -45.9389064425025, 94.97935222837332, -260.626922732584, -35.62771581641375] imu_ang_vel=[0.0, -0.8071085047629019, 0.0] imu_quat_wxyz=[0.9965801498538114, 0.0, 0.0826317427950961, 0.0] status=0x0003
joint_pos=[14.60215756019282, -8.04862082612824, 3.1027512755246875, 13.40758642095894, -39.95322281024869, 19.640374790937674] joint_vel=[-76.97788356222331, -25.196098717374802, -18.757879736365368, 56.020549394532175, -198.12944660209737, -61.666844569239885] imu_ang_vel=[0.0, -1.0918684170043607, 0.0] imu_quat_wxyz=[0.9973537511235412, 0.0, 0.07270141071397149, 0.0] status=0x0003
joint_pos=[13.131293076466203, -8.855637687435854, 2.86335385752874, 14.10394355016314, -43.031759920068076, 18.582140762834683] joint_vel=[-71.46523989190855, -48.966398262548566, -8.385478763718865, 22.949627282338632, -129.29178473159763, -48.06685676082731] imu_ang_vel=[0.0, -1.2085374760579701, 0.0] imu_quat_wxyz=[0.998142080590251, 0.0, 0.06092936036891247, 0.0] status=0x0003
joint_pos=[11.735502048341807, -9.8672507246777, 3.5622339029716406, 14.36410720520372, -44.76725123686045, 17.896488609287893] joint_vel=[-66.37390821692668, -57.01800213654907, 66.10319885590847, 6.938033232404818, -59.50413093180727, -26.96165907064183] imu_ang_vel=[0.0, -1.0247058583462856, 0.0] imu_quat_wxyz=[0.9987784630426502, 0.0, 0.04941236446641145, 0.0] status=0x0003
joint_pos=[10.550077003593236, -10.869472519003612, 4.7605012584201765, 14.600395758959863, -45.60353067532551, 17.59353255592718] joint_vel=[-55.48485191377258, -46.30613863114705, 58.111324497888745, 14.518644998018726, -31.83204233588148, -8.762058317212237] imu_ang_vel=[0.0, -0.8271863556821213, 0.0] imu_quat_wxyz=[0.9991954762088425, 0.0, 0.04010486658479877, 0.0] status=0x0003
joint_pos=[9.582246708259065, -11.574192296972862, 5.822853663694388, 15.102712719894715, -46.024383953268995, 17.812191189089656] joint_vel=[-44.364286382056335, -29.356889479618594, 50.344010660400755, 30.83552531106217, -14.818351551153958, 21.49053920597745] imu_ang_vel=[0.0, -0.4952126330918398, 0.0] imu_quat_wxyz=[0.9994271171964461, 0.0, 0.03384431137431027, 0.0] status=0x0003
joint_pos=[8.832665179116642, -11.986573375165394, 6.741971228867317, 15.912613353836319, -46.08002104821592, 18.333295765109657] joint_vel=[-33.681814917518665, -15.893942300952947, 43.82803134042891, 45.797171605478574, 3.8395254271869987, 28.51777725897678] imu_ang_vel=[0.0, -0.1755190502636231, 0.0] imu_quat_wxyz=[0.9995220552720366, 0.0, 0.030913767560161145, 0.0] status=0x0003
joint_pos=[8.257937200348165, -12.158384248576837, 7.53323639022405, 17.01014530550098, -45.86275650347472, 18.72712997721001] joint_vel=[-26.09135332075119, -4.525194930287941, 37.749787946993266, 59.825124737659124, 14.890212924999014, 14.974431800603302] imu_ang_vel=[0.0, 0.07549400007188119, 0.0] imu_quat_wxyz=[0.999526013072872, 0.0, 0.030785535412734714, 0.0] status=0x0003
joint_pos=[7.76100538360605, -12.142673857632309, 8.233151496334184, 18.310301840420138, -45.48272898450049, 18.84790432574338] joint_vel=[-24.2190616065182, 3.6579560899894368, 33.927854672821795, 67.78809713848092, 21.321837361976264, 1.6109647790932096] imu_ang_vel=[0.0, 0.21563659622785458, 0.0] imu_quat_wxyz=[0.9994711357193086, 0.0, 0.03251843883023036, 0.0] status=0x0003
joint_pos=[7.262253457497273, -12.020571812455353, 8.882476990714482, 19.66559473660125, -44.91603155116917, 18.730535818619934] joint_vel=[-25.450390623389183, 7.564282446883422, 32.21860699884591, 67.6939095015057, 32.283597475177125, -9.845213905656133] imu_ang_vel=[0.0, 0.25849640227120113, 0.0] imu_quat_wxyz=[0.9993867715463305, 0.0, 0.03501543742697878, 0.0] status=0x0003
joint_pos=[6.691136439946048, -11.843962113362878, 9.50775418651693, 20.908637022956952, -44.04114414110188, 18.350102626815527] joint_vel=[-30.360775337600817, 9.630872716982884, 31.41807719554581, 59.04069044261435, 50.1369793556049, -23.890808020728194] imu_ang_vel=[0.0, 0.21925998285793405, 0.0] imu_quat_wxyz=[0.999299515289067, 0.0, 0.037422970793829134, 0.0] status=0x0003
joint_pos=[5.967433169572965, -11.595276944249903, 10.19836402584976, 21.91561396262806, -42.76338924737088, 17.660153000755095] joint_vel=[-37.4132952027951, 10.445920566345563, 29.161726686039326, 44.03580280300577, 72.58795178885315, -40.16329856444015] imu_ang_vel=[0.0, 0.1227453747397565, 0.0] imu_quat_wxyz=[0.9992338870287244, 0.0, 0.03913615992233294, 0.0] status=0x0003
joint_pos=[5.097743575891579, -11.343677482046349, 10.763858534338473, 22.55987052886555, -40.99959334630122, 16.675818603698172] joint_vel=[-46.864888572458376, 13.846908729136802, 28.48278848867619, 25.64288364663621, 96.79226384847966, -53.99233596105375] imu_ang_vel=[0.0, -0.003609036962439041, 0.0] imu_quat_wxyz=[0.9992163664054468, 0.0, 0.039580969006531276, 0.0] status=0x0003
joint_pos=[4.009506103642493, -10.963854253141685, 11.345474519160073, 22.80871542083134, -38.7335657252808, 15.455898939564532] joint_vel=[-57.381284756537966, 19.970048968448193, 24.973794956681314, 4.3228957262278564, 122.81883884273783, -64.6869689969317] imu_ang_vel=[0.0, -0.1310603434165278, 0.0] imu_quat_wxyz=[0.9992465825559154, 0.0, 0.03881065897822557, 0.0] status=0x0003
joint_pos=[2.7022721289410105, -10.431675256004763, 11.911388070465101, 22.633294771478162, -35.9847050551861, 14.030828774435511] joint_vel=[-70.21160768809548, 31.369474880947347, 32.507350306746936, -15.637169381856355, 145.11195507577474, -74.67288957691856] imu_ang_vel=[0.0, -0.24447121304319594, 0.0] imu_quat_wxyz=[0.999321199276848, 0.0, 0.036839390275657066, 0.0] status=0x0003
joint_pos=[1.226171493103463, -9.822299946175029, 12.388950175535872, 22.02044643172264, -32.83743569903839, 12.3815430461623] joint_vel=[-76.22487348264784, 30.97549325293692, 21.233614453544583, -38.61638674775136, 163.65384875768945, -86.53459528885105] imu_ang_vel=[0.0, -0.32572826801381827, 0.0] imu_quat_wxyz=[0.9994264024602808, 0.0, 0.033865411045798606, 0.0] status=0x0003
joint_pos=[-0.406515957434166, -9.125722701840887, 12.843968814022572, 20.996695449851796, -29.426353421770866, 10.516346682234625] joint_vel=[-83.74250160478206, 35.63294298341754, 19.697803919880933, -58.84972652482747, 174.37527631967296, -96.77693430657845] imu_ang_vel=[0.0, -0.41417045576323536, 0.0] imu_quat_wxyz=[0.9995494604876792, 0.0, 0.030014597095236177, 0.0] status=0x0003
joint_pos=[-2.145832076568558, -8.339901443847499, 13.345046477833574, 19.62704908325082, -25.88809133682317, 8.474902112923354] joint_vel=[-89.13923835248983, 42.40773789205185, 30.062578997257464, -73.44989782856088, 177.71293805046733, -104.80053432213272] imu_ang_vel=[0.0, -0.4322461227526507, 0.0] imu_quat_wxyz=[0.9996684489393671, 0.0, 0.025748634821283825, 0.0] status=0x0003
joint_pos=[-3.8391226776229606, -7.64395352141478, 13.86348558770315, 17.983666371364937, -22.368688933981545, 6.401485432790185] joint_vel=[-82.67095734035426, 31.691367935750254, 25.81483727896612, -86.65813928508497, 174.3685952532168, -102.96845649894547] imu_ang_vel=[0.0, -0.38115448088271775, 0.0] imu_quat_wxyz=[0.9997645778087608, 0.0, 0.021697671738463556, 0.0] status=0x0003
joint_pos=[-5.381455701914726, -7.197143982671884, 14.585511750109001, 16.134244572152742, -19.012290902392532, 4.641546220851406] joint_vel=[-74.47312405555009, 18.122347319647332, 44.07272254853596, -95.40536433630434, 163.6546532561521, -79.91868932170127] imu_ang_vel=[0.0, -0.3383983551059272, 0.0] imu_quat_wxyz=[0.9998357275934405, 0.0, 0.018125060763910333, 0.0] status=0x0003
joint_pos=[-6.587488305918532, -7.344656316355362, 15.62226824630132, 14.10616648599133, -15.904109494795732, 3.5448943632513927] joint_vel=[-52.64733817245011, -21.221116254472086, 57.34163501351217, -104.77503558158607, 150.43018397171457, -41.389992171839005] imu_ang_vel=[0.0, -0.24507493231294186, 0.0] imu_quat_wxyz=[0.9998832157568649, 0.0, 0.015282501356478463, 0.0] status=0x0003
joint_pos=[-7.246745168006692, -8.438718791872395, 17.231788892177327, 11.959947457105448, -13.04605840764586, 3.385874760556697] joint_vel=[-20.97723083338325, -75.63624355144977, 88.35079519157387, -109.98910834442066, 138.8293320415577, 9.451404662318165] imu_ang_vel=[0.0, -0.12526228073331316, 0.0] imu_quat_wxyz=[0.9999085798766085, 0.0, 0.01352153427477986, 0.0] status=0x0003
joint_pos=[-7.349452522464368, -10.379526150701443, 19.0258825730555, 10.448012238550021, -11.906201081087893, 2.853195900717111] joint_vel=[6.628130404800737, -102.02515450316326, 80.96688992652822, -57.2037591062736, 10.32435448448156, 21.223576462085177] imu_ang_vel=[0.0, -0.2681469068111264, 0.0] imu_quat_wxyz=[0.9999284007646618, 0.0, 0.011966342140595615, 0.0] status=0x0003
sim t=    9.52s  x= 2.639m z= 0.526m pitch= 1.34deg action=[0.76, 0.174, 0.461, -0.503, 1.0, 0.769]
joint_pos=[-6.825311540523396, -12.119546810209558, 21.15282264656191, 9.502396445593325, -11.533468977820661, 3.463867977056817] joint_vel=[36.53318119065752, -78.37149593347, 119.94071985327162, -41.30359134472736, 23.838588524290095, 27.487088912206694] imu_ang_vel=[0.0, 0.07634543022352365, 0.0] imu_quat_wxyz=[0.9999367284234534, 0.0, 0.011248962165500915, 0.0] status=0x0003
joint_pos=[-5.654078404136627, -13.788734584833623, 23.797419721591346, 8.86809900635999, -10.92542935588443, 3.906172575784697] joint_vel=[70.7306074548489, -85.81521496779399, 138.68181875445103, -26.6751067621506, 34.24916673738596, 19.16219754778309] imu_ang_vel=[0.0, 0.3918674173851922, 0.0] imu_quat_wxyz=[0.9999013507450933, 0.0, 0.014045952375603911, 0.0] status=0x0003
joint_pos=[-3.9420227587685495, -15.811086123657844, 26.67063519562939, 8.353983476440476, -10.140647050406672, 4.211084725885729] joint_vel=[93.7450902231286, -109.1418833775502, 146.16124069865182, -25.43365859404479, 42.23591132978341, 13.088663529983082] imu_ang_vel=[0.0, 0.5037496242468353, 0.0] imu_quat_wxyz=[0.9998220881939481, 0.0, 0.01886244839603554, 0.0] status=0x0003
joint_pos=[-1.9865166496831033, -18.129684620728163, 29.54239006562124, 7.753506405976333, -9.194831776247758, 4.399372901001675] joint_vel=[99.94556064296998, -119.27559411850939, 142.0665651915597, -32.801379316806596, 50.41661461138624, 7.655500670626509] imu_ang_vel=[0.0, 0.4592942532799942, 0.0] imu_quat_wxyz=[0.999718415424828, 0.0, 0.023729514543518335, 0.0] status=0x0003
joint_pos=[0.03479529233606745, -20.516439369780727, 32.199783435311836, 7.009061517752915, -8.064151474636569, 4.479048285476277] joint_vel=[101.62539524860603, -118.98540826566838, 127.83478598025118, -39.87818729215794, 60.3610505455134, 2.102543729212975] imu_ang_vel=[0.0, 0.4083077936368895, 0.0] imu_quat_wxyz=[0.9996085777152709, 0.0, 0.027976621634020878, 0.0] status=0x0003
joint_pos=[2.022127708699505, -22.76069620247525, 34.56620032342843, 6.118289168101707, -6.7119352982382035, 4.448736085793317] joint_vel=[98.07826646142385, -108.12680608134472, 113.14828684149248, -47.30060827925007, 72.1829703578288, -3.5052457940754467] imu_ang_vel=[0.0, 0.38154316747213407, 0.0] imu_quat_wxyz=[0.999491966611905, 0.0, 0.03187175361141274, 0.0] status=0x0003
joint_pos=[3.9496005235362395, -24.799392433981545, 36.63616946164967, 5.075407234374498, -5.070148773905954, 4.283024196860591] joint_vel=[95.40831762410058, -98.20664612605275, 98.26872452169353, -55.02998998006882, 88.27927304237524, -10.979103960405265] imu_ang_vel=[0.0, 0.38829205096092667, 0.0] imu_quat_wxyz=[0.9993626297222598, 0.0, 0.03569781946575504, 0.0] status=0x0003
joint_pos=[5.834789181953679, -26.696377028058365, 38.375653008364175, 3.851568426925665, -3.042467657118794, 3.9396477874325626] joint_vel=[93.62382912484897, -92.73619940015055, 80.87970525091121, -64.84735680113407, 109.52501885123384, -20.731428558966257] imu_ang_vel=[0.0, 0.41344587915804865, 0.0] imu_quat_wxyz=[0.9992105932192753, 0.0, 0.03972644457265052, 0.0] status=0x0003
joint_pos=[7.706144475298457, -28.55316996039589, 39.73890088595468, 2.401967590141174, -0.5116680653019654, 3.3650421155016286] joint_vel=[93.57353872599505, -92.69207465508671, 61.32726041394957, -77.00657119231664, 137.06301880888094, -33.38957106179158] imu_ang_vel=[0.0, 0.4554702883166475, 0.0] imu_quat_wxyz=[0.9990267951293015, 0.0, 0.04410739862740278, 0.0] status=0x0003
joint_pos=[9.4064475619917, -30.60016552512212, 40.69526021212152, 1.2959198298633317, 0.7654194278751696, 3.3923150078940294] joint_vel=[78.12391188718621, -108.32070761633383, 40.47367563468751, -38.57772096100637, 7.597056053919811, 29.1328061132583] imu_ang_vel=[0.0, 0.08432506222201154, 0.0] imu_quat_wxyz=[0.9988808968841268, 0.0, 0.04729644637773839, 0.0] status=0x0003
joint_pos=[10.775907535426315, -32.27259155609602, 41.49468223542106, 0.6190660395461429, 0.5722907265158481, 4.152105869700439] joint_vel=[63.68805109976245, -69.17424352123348, 39.713634268093585, -33.531531835456406, -12.522353040898853, 40.021139877337056] imu_ang_vel=[0.0, -0.0853351775236505, 0.0] imu_quat_wxyz=[0.9989071096796255, 0.0, 0.046739557459357935, 0.0] status=0x0003
joint_pos=[11.992175532778303, -33.04685916458493, 42.13650256037596, 0.01243376313916205, 0.36993794101466887, 5.03013222258545] joint_vel=[58.339970276055766, -20.179045732144598, 27.831616042468312, -28.002847978656536, -8.589933951998315, 38.37446005278507] imu_ang_vel=[0.0, 0.02164292325290057, 0.0] imu_quat_wxyz=[0.9989236099866877, 0.0, 0.046385573308560246, 0.0] status=0x0003
joint_pos=[13.100092856465759, -33.02395024099158, 42.437652491967405, -0.5377598567846248, 0.2530298435267009, 5.748519699547307] joint_vel=[53.88936501714327, 12.745153013267176, 8.25604901759869, -27.340196883135363, -4.5008895026105815, 35.956896338861775] imu_ang_vel=[0.0, 0.0928228123845901, 0.0] imu_quat_wxyz=[0.9988901280923316, 0.0, 0.04710108278676324, 0.0] status=0x0003
joint_pos=[14.137164485140042, -32.561270178416876, 42.239273256516825, -1.1209381243312455, 0.19540676919220012, 6.458684467490327] joint_vel=[50.66098873828835, 28.928216672045227, -19.626004592625, -30.174380288832847, -2.160678232703369, 35.760815771392096] imu_ang_vel=[0.0, 0.09160673825791413, 0.0] imu_quat_wxyz=[0.9988431405386327, 0.0, 0.04808721866485296, 0.0] status=0x0003
joint_pos=[15.149528185581893, -31.936090232782316, 41.45725106765058, -1.7768018763454851, 0.16983027945568885, 7.236708339874124] joint_vel=[49.668875182507215, 33.53518564807299, -49.60604718292503, -33.717307377578834, -0.9724978149667026, 34.11617608602164] imu_ang_vel=[0.0, 0.05059488445546046, 0.0] imu_quat_wxyz=[0.9988092508168597, 0.0, 0.04878606853050885, 0.0] status=0x0003
joint_pos=[16.17592531769531, -31.25733849506404, 40.09653763496198, -2.4720804198237523, 0.16059866611925594, 7.998258156868893] joint_vel=[51.318148674402515, 35.14986613076925, -77.95226509401118, -34.9488447347355, -0.4626198741303689, 34.876889560694984] imu_ang_vel=[0.0, 0.03501160010177542, 0.0] imu_quat_wxyz=[0.9987913531514321, 0.0, 0.04915112277386195, 0.0] status=0x0003
joint_pos=[17.25842035078808, -30.52131632061373, 38.2320434330307, -3.141095789833862, 0.15890088455965584, 8.739381503551275] joint_vel=[56.78946520845393, 36.4161246357199, -101.14597423176713, -33.43383797045164, 0.18286504155940989, 47.776755774959206] imu_ang_vel=[0.0, 0.06808618276512364, 0.0] imu_quat_wxyz=[0.9987670529812086, 0.0, 0.049642460446996745, 0.0] status=0x0003
joint_pos=[18.43644461345398, -29.675331164278813, 35.98789731287662, -3.708491269286413, 0.1600694442266289, 9.474509311015678] joint_vel=[62.022603944862595, 43.34244130250599, -117.75819083991688, -26.784942542166956, 0.27719188000916234, 45.95425090498942] imu_ang_vel=[0.0, 0.1701812277472768, 0.0] imu_quat_wxyz=[0.9987034846737781, 0.0, 0.050905301300087025, 0.0] status=0x0003
joint_pos=[19.695826757520887, -28.59429317733562, 33.51567769578418, -4.115434041456344, 0.16131419906512254, 10.214363651727231] joint_vel=[63.72191062832477, 59.58337696746451, -126.5633402784491, -17.018397377159303, -0.011345171221725356, 34.84596921251255] imu_ang_vel=[0.0, 0.3268161266632094, 0.0] imu_quat_wxyz=[0.9985659786203839, 0.0, 0.05353490769502648, 0.0] status=0x0003
joint_pos=[20.95648709021369, -27.076021832663628, 30.998509790597875, -4.318754947476532, 0.1562998322535226, 10.981053035812362] joint_vel=[62.0323668277529, 85.4446549754022, -125.38761394182058, -6.154610481219254, -0.3822950888344816, 36.95507488536737] imu_ang_vel=[0.0, 0.527621714125794, 0.0] imu_quat_wxyz=[0.9983171047674769, 0.0, 0.05799101937957728, 0.0] status=0x0003
joint_pos=[22.090315162739333, -24.81456283515718, 28.505315718071078, -4.2501112849629274, 0.11748952443524716, 11.810036649181576] joint_vel=[53.09343452656795, 128.87068335671455, -124.17178239101679, 8.916486769830827, -2.130345670415611, 39.686352539911844] imu_ang_vel=[0.0, 0.7959574012440584, 0.0] imu_quat_wxyz=[0.997895171082314, 0.0, 0.06484772571647596, 0.0] status=0x0003
joint_pos=[22.697129630941053, -21.0028298967181, 25.813727670376647, -3.3651649865313322, -1.0472406151662685, 13.300153415283491] joint_vel=[17.620406560046504, 224.54172593391263, -139.9894700330605, 63.71456638007777, -88.91475876809535, 95.02140800768773] imu_ang_vel=[0.0, 1.0672184156476412, 0.0] imu_quat_wxyz=[0.9972192584994553, 0.0, 0.07452348943653037, 0.0] status=0x0003
joint_pos=[22.47342608376469, -17.194176793085568, 21.356434530327654, -1.5126760550545766, -4.4618478126096335, 15.75469792425801] joint_vel=[-15.686276120138684, 115.21684717249154, -299.31600017867197, 106.2076485305125, -214.32003234663873, 127.54274510486096] imu_ang_vel=[0.0, 0.823215142592632, 0.0] imu_quat_wxyz=[0.9964019387188797, 0.0, 0.08475362244327841, 0.0] status=0x0003
joint_pos=[21.79434466914404, -14.753800220218075, 15.699998837157082, 1.003962509760949, -9.928544118309748, 17.83342588143434] joint_vel=[-44.20560668465757, 126.02107168728762, -276.0416284925512, 136.40301919502315, -305.126642758275, 91.02223220168193] imu_ang_vel=[0.0, 0.4103446716509307, 0.0] imu_quat_wxyz=[0.9959141699712674, 0.0, 0.09030485064735815, 0.0] status=0x0003
