host_time_ns,host_elapsed_s,stm32_time_ms,command_seq,onnx_raw_left_leg,onnx_raw_left_knee,onnx_raw_left_ankle,onnx_raw_right_leg,onnx_raw_right_knee,onnx_raw_right_ankle,action_left_leg,action_left_knee,action_left_ankle,action_right_leg,action_right_knee,action_right_ankle,target_deg_left_leg,target_deg_left_knee,target_deg_left_ankle,target_deg_right_leg,target_deg_right_knee,target_deg_right_ankle,position_deg_left_leg,position_deg_left_knee,position_deg_left_ankle,position_deg_right_leg,position_deg_right_knee,position_deg_right_ankle,velocity_deg_s_left_leg,velocity_deg_s_left_knee,velocity_deg_s_left_ankle,velocity_deg_s_right_leg,velocity_deg_s_right_knee,velocity_deg_s_right_ankle
529479059321831,0.000000000,0,1,-2.793618679046631,0.9870631694793701,0.36786094307899475,2.2285263538360596,-0.6514812707901001,0.6758309006690979,-1.0,0.9870631694793701,0.36786094307899475,1.0,-0.6514812707901001,0.6758309006690979,-0.31324100494384766,-0.20590628683567047,15.269218444824219,20.31324005126953,-33.064491271972656,19.680564880371094,10.0,-20.0,10.0,10.0,-20.0,10.0,0.0,0.0,0.0,0.0,0.0,0.0
529479078993184,0.019671353,20,2,-3.189723491668701,1.0913225412368774,0.4416879713535309,3.181807518005371,-0.9911031723022461,0.7283199429512024,-1.0,1.0,0.4416879713535309,1.0,-0.9911031723022461,0.7283199429512024,-0.31324100494384766,0.05352306738495827,16.326711654663086,20.31324005126953,-39.87510681152344,20.432415008544922,9.582515366658118,-19.176499039880397,9.70601948945379,10.456790770725943,-21.512980809606578,11.439250931882635,-18.827169431128176,21.311702661843274,-56.985584004055745,24.10464664530676,-103.24372970308924,97.14504462322064
529479099100628,0.039778797,40,3,-3.358564615249634,1.1697720289230347,0.7445622086524963,3.2863564491271973,-1.0700674057006836,0.804067075252533,-1.0,1.0,0.7445622086524963,1.0,-1.0,0.804067075252533,-0.31324100494384766,0.05352306738495827,20.665067672729492,20.31324005126953,-40.05351638793945,21.517410278320312,8.925369723620529,-18.702344456142907,9.432430722860504,11.204868447155048,-24.694961522239325,13.69368464245612,-39.71531098434397,29.008229171700517,-13.723789287153654,42.02630607179819,-181.35302330238267,114.14641625505286
529479119215610,0.059893779,60,4,-3.19368839263916,1.0780093669891357,0.37582725286483765,3.5782785415649414,-1.1311802864074707,0.8190869688987732,-1.0,1.0,0.37582725286483765,1.0,-1.0,0.8190869688987732,-0.31324100494384766,0.05352306738495827,15.383326530456543,20.31324005126953,-40.05351638793945,21.732553482055664,8.0041849973097,-18.09546470662745,9.528504172857776,12.051179607075497,-28.484005189169658,15.909082177155137,-48.81150875386437,32.28149351595043,13.059484247455101,41.44745756207253,-187.74293171577162,104.80628374925651
529479139123157,0.079801326,80,5,-2.9427878856658936,0.94378662109375,0.06675015389919281,4.080643177032471,-1.164427399635315,0.8287124037742615,-1.0,0.94378662109375,0.06675015389919281,1.0,-1.0,0.8287124037742615,-0.31324100494384766,-1.0737534761428833,10.956125259399414,20.31324005126953,-40.05351638793945,21.87042808532715,6.975633299796134,-17.1256404073852,9.284926259565127,12.842038853592195,-31.92551819199259,17.727384022322223,-52.196136544568226,57.1686960018152,-22.67247555277565,38.057119082652996,-159.7043770860075,81.66737019377193
529479159180020,0.099858189,100,6,-3.1821248531341553,0.8047093749046326,0.030481602996587753,4.55079984664917,-1.2591149806976318,0.6990970969200134,-1.0,0.8047093749046326,0.030481602996587753,1.0,-1.0,0.6990970969200134,-0.31324100494384766,-3.862741470336914,10.436615943908691,20.31324005126953,-40.05351638793945,20.013826370239258,5.98245696697603,-15.765892078600588,8.399073128602545,13.555830007587016,-34.63635903818127,19.073431968983797,-47.83635369227285,69.34820905833848,-27.73147236429376,34.18709620076185,-118.48743223941496,58.747517103527
529479179085222,0.119763391,120,7,-3.3528196811676025,0.6464160084724426,-0.12739011645317078,4.91736364364624,-1.246573567390442,0.5472419857978821,-1.0,0.6464160084724426,-0.12739011645317078,1.0,-1.0,0.5472419857978821,-0.31324100494384766,-7.037081241607666,8.175270080566406,20.31324005126953,-40.05351638793945,17.83866310119629,5.168364523211902,-14.501687396373255,7.991555891525605,14.189515476944308,-36.53102938600761,19.729515290070022,-36.475742833374355,59.54144976887929,-17.770919582180845,29.915381437402846,-81.13434674155326,21.112239837012382
529479199209385,0.139887554,140,8,-3.5163843631744385,0.5898504853248596,-0.23420335352420807,5.1863298416137695,-1.2352397441864014,0.6082926988601685,-1.0,0.5898504853248596,-0.23420335352420807,1.0,-1.0,0.6082926988601685,-0.31324100494384766,-8.171419143676758,6.6452836990356445,20.31324005126953,-40.05351638793945,18.713150024414062,4.62023223447579,-13.59782872864417,7.768983941656814,14.719685560665404,-37.76540585883624,19.63200930050357,-22.756618618273983,37.531020818324755,-7.016426326573164,24.25985478320483,-50.806877154510694,-15.114793869716197
529479219192387,0.159870556,160,9,-3.6866796016693115,0.5457661151885986,-0.31441107392311096,5.3766350746154785,-1.1799721717834473,0.5450174808502197,-1.0,0.5457661151885986,-0.31441107392311096,1.0,-1.0,0.5450174808502197,-0.31324100494384766,-9.055465698242188,5.496392726898193,20.31324005126953,-40.05351638793945,17.806798934936523,4.296205570701666,-13.078374333601511,7.735163842685218,15.128414019324383,-38.482476084269706,19.335464273829185,-12.964218611172127,20.066140609060838,1.3591719810555811,18.19098522376095,-27.619672145719115,-14.080576294481865
529479239048188,0.179726357,180,10,-3.898862361907959,0.5270456075668335,-0.342395156621933,5.460402488708496,-1.1264828443527222,0.45055103302001953,-1.0,0.5270456075668335,-0.342395156621933,1.0,-1.0,0.45055103302001953,-0.31324100494384766,-9.430877685546875,5.095550060272217,20.31324005126953,-40.05351638793945,16.45366668701172,4.12289330056384,-12.848808565007822,7.837903539332373,15.428493669331203,-38.815143239793734,18.962101830810674,-6.627249702097123,7.15298482020493,7.27553988455073,13.184478308752524,-10.850350790492897,-19.739131861419157
529479259297551,0.199975720,200,11,-4.028615951538086,0.5386723279953003,-0.3691372275352478,5.437100887298584,-1.0697102546691895,0.41845202445983887,-1.0,0.5386723279953003,-0.3691372275352478,1.0,-1.0,0.41845202445983887,-0.31324100494384766,-9.197720527648926,4.712498188018799,20.31324005126953,-40.05351638793945,15.993882179260254,4.01466600273973,-12.77711481142414,8.119662303778929,15.659667611294912,-38.89615440061777,18.39362808481214,-2.6807260359887684,-2.1651217028884373,8.843745599909154,9.023273485328673,0.23421963510630914,-30.824384295488706
529479279118651,0.219796820,220,12,-4.051381587982178,0.5643965005874634,-0.35618019104003906,5.345287799835205,-0.9908167123794556,0.3876148462295532,-1.0,0.5643965005874634,-0.35618019104003906,1.0,-0.9908167123794556,0.3876148462295532,-0.31324100494384766,-8.68186092376709,4.898094177246094,20.31324005126953,-39.869361877441406,15.552172660827637,3.9639539385647216,-12.835910703256491,8.307330301101642,15.813028923057269,-38.8210789222914,17.738400393113555,-2.5284831582483283,-3.2768633301285353,9.768245648582834,6.959348093840066,5.36785448194817,-32.22396165350801
529479299124308,0.239802477,240,13,-4.040774345397949,0.561019241809845,-0.3675934076309204,5.238436698913574,-0.8992175459861755,0.34713807702064514,-1.0,0.561019241809845,-0.3675934076309204,1.0,-0.8992175459861755,0.34713807702064514,-0.31324100494384766,-8.749587059020996,4.734611511230469,20.31324005126953,-38.03247833251953,14.97238540649414,3.875663413525753,-12.823418901865377,8.595219208891052,15.953068565237842,-38.67442568640263,17.10383302188342,-8.638619931468416,8.741164439513113,29.174195727357326,9.471314150305588,6.452133227922356,-30.154363361723384
529479318995986,0.259674155,260,14,-4.0680251121521,0.5593591332435608,-0.37343311309814453,5.152378559112549,-0.8046578764915466,0.279494047164917,-1.0,0.5593591332435608,-0.37343311309814453,1.0,-0.8046578764915466,0.279494047164917,-0.31324100494384766,-8.782877922058105,4.650964260101318,20.31324005126953,-36.1362190246582,14.003456115722656,3.834221040602548,-12.838874856904146,8.731668142485049,16.017619617013395,-38.2922921861632,16.48966644607319,-1.7891504381931616,-0.11554670903339173,6.365034980991231,2.338395566493127,23.024795038219228,-29.55168206374313
529479339049279,0.279727448,280,15,-3.9735829830169678,0.6210044026374817,-0.2894345819950104,4.926446437835693,-0.7619783282279968,0.23620770871639252,-1.0,0.6210044026374817,-0.2894345819950104,1.0,-0.7619783282279968,0.23620770871639252,-0.31324100494384766,-7.546672821044922,5.854154586791992,20.31324005126953,-35.28034591674805,13.38342571258545,3.820665175550547,-12.811356093328595,8.85452922575658,16.025948239281433,-37.59635045100153,15.82882474005503,-0.1255896081033454,2.013100524530143,6.049501010146934,-0.198688205995006,39.46256277271746,-33.051921132907054
529479359033427,0.299711596,300,16,-3.986417531967163,0.6178934574127197,-0.2871326506137848,4.71279764175415,-0.6239532232284546,0.18602097034454346,-1.0,0.6178934574127197,-0.2871326506137848,1.0,-0.6239532232284546,0.18602097034454346,-0.31324100494384766,-7.609058380126953,5.887126922607422,20.31324005126953,-32.512454986572266,12.664552688598633,3.797545997770909,-12.663757444327858,9.051520866548055,16.02544458003479,-36.67629968944273,15.144723792026998,0.7560446545636791,5.385837707880623,2.612562628497003,-1.4317658484806808,49.08561820529351,-33.29644077439184
529479379025355,0.319703524,320,17,-3.9349558353424072,0.6355738639831543,-0.2418140321969986,4.437212944030762,-0.5323498249053955,0.15681865811347961,-1.0,0.6355738639831543,-0.2418140321969986,1.0,-0.5323498249053955,0.15681865811347961,-0.31324100494384766,-7.254504203796387,6.536268711090088,20.31324005126953,-30.675487518310547,12.246260643005371,3.827580903471655,-12.507372024570973,9.099514901233587,15.960912636188658,-35.457413340099286,14.448247088702713,1.9304860875783911,8.71779152706337,2.5025604579148624,-3.5932501500815777,65.00770448245109,-33.936458175993096
529479399090985,0.339769154,340,18,-3.855501413345337,0.6369451284408569,-0.22007744014263153,4.12866735458374,-0.41069573163986206,0.0907014012336731,-1.0,0.6369451284408569,-0.22007744014263153,1.0,-0.41069573163986206,0.0907014012336731,-0.31324100494384766,-7.227005481719971,6.847621917724609,20.31324005126953,-28.23589515686035,11.299201011657715,3.8846497034529563,-12.307110102475862,9.158474495861084,15.867944641413429,-33.983120487110725,13.78824204024711,3.3132090015406797,10.336504212984815,3.187439378900343,-4.640515064126257,75.94844879525871,-31.193801425049784
529479419019778,0.359697947,360,19,-3.789630889892578,0.603244423866272,-0.22186285257339478,3.7837040424346924,-0.27215927839279175,-0.003499286249279976,-1.0,0.603244423866272,-0.22186285257339478,1.0,-0.27215927839279175,-0.003499286249279976,-0.31324100494384766,-7.902822971343994,6.822048187255859,20.31324005126953,-25.45775032043457,9.949875831604004,3.949938361424962,-12.043339423608563,9.338625764399492,15.772788511146915,-32.29236583295356,13.111213971430944,5.807053218806628,9.47866298010397,3.514847821416617,-5.952365597778428,87.91531632864974,-33.536302525205734
529479439045461,0.379723630,380,20,-3.6202237606048584,0.6418508887290955,-0.0727120190858841,3.3093886375427246,-0.17904718220233917,0.051875222474336624,-1.0,0.6418508887290955,-0.0727120190858841,1.0,-0.17904718220233917,0.051875222474336624,-0.31324100494384766,-7.128627777099609,8.958476066589355,20.31324005126953,-23.590524673461914,10.743057250976562,4.106648158026559,-11.897734117833684,9.413014495115826,15.621949245158925,-30.348337194281935,12.309924692682523,8.40049541549747,6.228607746317186,4.925733145858655,-7.532967287977591,98.94689010555388,-40.955815135295374
529479459100766,0.399778935,400,21,-3.264110803604126,0.5700193047523499,0.027338329702615738,2.763444185256958,-0.007652439177036285,0.045499302446842194,-1.0,0.5700193047523499,0.027338329702615738,1.0,-0.007652439177036285,0.045499302446842194,-0.31324100494384766,-8.569103240966797,10.391592025756836,20.31324005126953,-20.153457641601562,10.651728630065918,4.284148102032319,-11.806718366327154,9.571972087622614,15.454457119185882,-28.295689904200522,11.6763560935361,8.901264514766174,3.556464976317116,9.14119928502121,-8.131219923549446,101.70549607485476,-26.5550247752675
529479478990984,0.419669153,420,22,-2.9262335300445557,0.5053788423538208,0.22500114142894745,2.1584129333496094,0.1303989738225937,0.031740352511405945,-1.0,0.5053788423538208,0.22500114142894745,1.0,0.1303989738225937,0.031740352511405945,-0.31324100494384766,-9.865372657775879,13.22290325164795,20.31324005126953,-17.385040283203125,10.454646110534668,4.512341066458046,-11.88034373356595,9.86158835137343,15.241970314264439,-26.09775524816195,11.254753915326706,12.254893865544314,-7.189692636264785,16.87559694516154,-11.097367665008665,110.91029835133246,-17.878597816677793
529479499116319,0.439794488,440,23,-2.3191683292388916,0.35177382826805115,0.4557473361492157,1.4144930839538574,0.3043738901615143,0.0724266767501831,-1.0,0.35177382826805115,0.4557473361492157,1.0,0.3043738901615143,0.0724266767501831,-0.31324100494384766,-12.945693969726562,16.528099060058594,20.31324005126953,-13.89622974395752,11.037434577941895,4.820422023274693,-12.26686731588347,10.367928044427341,14.96353092165129,-23.758101785875514,10.947985116205327,16.347657150216918,-24.891841368614333,28.829707347652544,-14.539131537166616,116.77728934003082,-13.553280672127757
529479519286382,0.459964551,460,24,-1.5495835542678833,0.1359996646642685,0.7898281216621399,0.5898329019546509,0.4843186140060425,0.11033158004283905,-1.0,0.1359996646642685,0.7898281216621399,0.5898329019546509,0.4843186140060425,0.11033158004283905,-0.31324100494384766,-17.27272605895996,21.313453674316406,16.083086013793945,-10.287704467773438,11.580382347106934,5.250681718080517,-13.173970700720632,11.202182568045906,14.584567128622787,-21.278348994897506,10.809032297016167,23.08902838490808,-54.41823090568759,47.075650953284566,-20.256625042547636,124.16094642839442,-3.845694091145488
529479539188918,0.479867087,480,25,-0.40014371275901794,-0.2519945800304413,1.0811234712600708,-0.3012983500957489,0.7804771065711975,0.07108819484710693,-0.40014371275901794,-0.2519945800304413,1.0,-0.3012983500957489,0.7804771065711975,0.07108819484710693,5.873220920562744,-25.053377151489258,24.323944091796875,6.892637252807617,-4.348683834075928,11.01826286315918,5.633712936349436,-14.879318861751067,12.53940122708331,13.757168221238778,-18.56180377417576,10.845405214952693,16.818395333299684,-98.79100416816676,74.85136683646023,-49.78920260214256,137.4147909798735,4.196170719410703
529479559061503,0.499739672,500,26,1.1537001132965088,-1.0418587923049927,1.2547720670700073,-1.0383384227752686,1.309639811515808,0.09705664217472076,1.0,-1.0,1.0,-1.0,1.0,0.09705664217472076,20.31324005126953,-40.05351638793945,24.323944091796875,-0.31324100494384766,0.05352306738495827,11.390233039855957,5.9822994808590835,-17.698155587876286,14.613077677618485,12.292662637448291,-15.899650513184987,10.239340872931384,3.8013270834693778,-139.74017350708928,118.29631911233452,-62.73407839217507,36.42966620692618,-126.64138585769392
529479579142199,0.519820368,520,27,2.011965274810791,-1.4760936498641968,1.2904140949249268,-1.381719708442688,1.499879002571106,0.20292086899280548,1.0,-1.0,1.0,-1.0,1.0,0.20292086899280548,20.31324005126953,-40.05351638793945,24.323944091796875,-0.31324100494384766,0.05352306738495827,12.906625747680664,6.862732339740716,-21.969934717349382,17.16175174853044,11.082726116120332,-15.033427479444619,7.807204672397315,60.825148166369445,-240.73617399991824,125.47575039823775,-60.3058102116286,47.071366691815875,-114.1047717614482
529479599089968,0.539768137,540,28,2.564793348312378,-1.6662476062774658,1.347565770149231,-1.5900591611862183,1.3309329748153687,-0.11288662254810333,1.0,-1.0,1.0,-1.0,1.0,-0.11288662254810333,20.31324005126953,-40.05351638793945,24.323944091796875,-0.31324100494384766,0.05352306738495827,8.383017539978027,8.301752423124071,-26.89550148454492,19.36560711675501,9.882559730722987,-14.09781227922643,6.046610052128663,75.29023438181011,-241.3744855818624,99.46471619034905,-59.784460161889584,46.54670218560969,-73.76295354294503
529479619123129,0.559801298,560,29,2.8173434734344482,-1.7562971115112305,1.5081613063812256,-1.7419553995132446,0.9566296935081482,-0.15620920062065125,1.0,-1.0,1.0,-1.0,0.9566296935081482,-0.15620920062065125,20.31324005126953,-40.05351638793945,24.323944091796875,-0.31324100494384766,-0.8162041306495667,7.762466907501221,9.878716224324002,-31.157908961945868,20.979313268272378,8.62326658459765,-13.000335985520428,5.810915557908759,78.81812778121441,-196.05994725463117,70.21697698030465,-63.5722712188694,62.6935894844218,-12.84302210149979
529479639106037,0.579784206,580,30,3.077524423599243,-1.8346775770187378,1.7740387916564941,-1.790875792503357,1.0441737174987793,-0.4001620411872864,1.0,-1.0,1.0,-1.0,1.0,-0.4001620411872864,20.31324005126953,-40.05351638793945,24.323944091796875,-0.31324100494384766,0.05352306738495827,4.268100261688232,11.38642734143634,-34.43517052361077,22.084628026104827,7.3990425600763094,-11.661101481118928,5.5313154137860145,72.69652325971862,-144.14965623413704,47.14822419055175,-59.36443602666387,68.02882173044715,-13.853511980499798
529479659020149,0.599698318,600,31,3.3612239360809326,-1.7700350284576416,1.899469256401062,-1.8869423866271973,1.0248662233352661,-0.4694657623767853,1.0,-1.0,1.0,-1.0,1.0,-0.4694657623767853,20.31324005126953,-40.05351638793945,24.323944091796875,-0.31324100494384766,0.05352306738495827,3.275397777557373,12.76209976356323,-36.67139550041976,22.812556994327316,6.2486479766201874,-10.153119999438662,5.166190917207193,66.21477117725085,-93.41842494553057,30.752837350855987,-55.85957703465205,77.66414342696442,-19.06793579359172
529479679014280,0.619692449,620,32,3.576033592224121,-1.6496162414550781,1.9470278024673462,-1.9518821239471436,0.9867626428604126,-0.5780594348907471,1.0,-1.0,1.0,-1.0,0.9867626428604126,-0.5780594348907471,20.31324005126953,-40.05351638793945,24.323944091796875,-0.31324100494384766,-0.2119322270154953,1.7199081182479858,13.997681006733922,-38.008254734058035,23.28491853538972,5.204833636478662,-8.594463424514668,4.780538552973629,58.996507415401126,-52.272484749817664,19.926952762608526,-49.71533105598402,76.64612010460552,-18.494961162787913
529479699072072,0.639750241,640,33,3.6700618267059326,-1.5220754146575928,1.939764380455017,-2.0008904933929443,0.9230554103851318,-0.6427519917488098,1.0,-1.0,1.0,-1.0,0.9230554103851318,-0.6427519917488098,20.31324005126953,-40.05351638793945,24.323944091796875,-0.31324100494384766,-1.489486575126648,0.7932555675506592,15.089597677783285,-38.658001492482875,23.591719058774423,4.296022757202146,-7.134127757685804,4.4340523759848605,51.88533412570762,-21.966641255671647,12.985166042035662,-42.82930955781263,69.91693916359033,-15.807504585064226
529479719133924,0.659812093,660,34,3.714935302734375,-1.3938510417938232,1.888916015625,-2.0690653324127197,0.8737892508506775,-0.7062525153160095,1.0,-1.0,1.0,-1.0,0.8737892508506775,-0.7062525153160095,20.31324005126953,-40.05351638793945,24.323944091796875,-0.31324100494384766,-2.4774460792541504,-0.11632238328456879,16.04778129595444,-38.852563729012594,23.794263802311907,3.525529694971252,-5.902490355798059,4.3005835751049695,47.51259061618523,-5.177536748188583,8.793495697671107,-39.05315567429585,61.640868929720526,10.11750415427725
529479739095163,0.679773332,680,35,3.7554738521575928,-1.333345651626587,1.840924620628357,-2.092069387435913,0.9123455286026001,-0.7418896555900574,1.0,-1.0,1.0,-1.0,0.9123455286026001,-0.7418896555900574,20.31324005126953,-40.05351638793945,24.323944091796875,-0.31324100494384766,-1.7042584419250488,-0.6267867684364319,16.831412819467047,-38.74297285061326,23.92777978436624,2.9436087499833876,-5.072292197736319,4.195685542155937,36.31657463029386,8.834103513710689,5.744691960693189,-26.702648063194534,35.256183295148915,-2.5168798750191375
529479759101626,0.699779795,700,36,3.7510499954223633,-1.228875994682312,1.7573986053466797,-2.1209094524383545,0.8749875426292419,-0.687278151512146,1.0,-1.0,1.0,-1.0,0.8749875426292419,-0.687278151512146,20.31324005126953,-40.05351638793945,24.323944091796875,-0.31324100494384766,-2.4534175395965576,0.15546534955501556,17.479778888049026,-38.489575092130494,24.01917493796399,2.4433752568518536,-4.449080036305618,4.184614287478244,30.19081516058899,14.36141143127199,3.958579879146797,-23.996095779823815,28.729365895795837,0.6516506917029476
529479779231373,0.719909542,720,37,3.788347005844116,-1.1465097665786743,1.6718851327896118,-2.12087082862854,0.8552923202514648,-0.7283492684364319,1.0,-1.0,1.0,-1.0,0.8552923202514648,-0.7283492684364319,20.31324005126953,-40.05351638793945,24.323944091796875,-0.31324100494384766,-2.848374843597412,-0.43283504247665405,18.01456073209973,-38.18939184843929,24.082803335248197,2.0107552744925092,-4.01826812707768,4.352170897886754,23.491715423069387,15.960645559087997,2.717841498196098,-18.908967464768736,15.294560110220628,5.387265150773233
529479799136185,0.739814354,740,38,3.7722597122192383,-1.0537521839141846,1.5532238483428955,-2.122084617614746,0.7998378872871399,-0.7068185806274414,1.0,-1.0,1.0,-1.0,0.7998378872871399,-0.7068185806274414,20.31324005126953,-40.05351638793945,24.323944091796875,-0.31324100494384766,-3.9604320526123047,-0.12443067133426666,18.4172315286403,-37.889305868695715,24.126670860937097,1.6737380996573183,-3.822937603911538,4.516258965501352,18.223342796210986,14.28099802694694,1.9100402915347099,-15.776016623854801,7.025147996414034,9.697901528033837
529479819084662,0.759762831,760,39,3.7378408908843994,-0.9718757271766663,1.4378970861434937,-2.113886833190918,0.7739250063896179,-0.700764536857605,1.0,-0.9718757271766663,1.0,-1.0,0.7739250063896179,-0.700764536857605,20.31324005126953,-39.48952865600586,24.323944091796875,-0.31324100494384766,-4.480076313018799,-0.037712886929512024,18.724734196725244,-37.64530033113511,24.157079528536112,1.4051811878914684,-3.8152939236059873,4.850977921839309,12.600637228997414,11.802368471797864,1.2618842684854636,-11.013765458884304,-4.738404639292397,13.696614108062015
529479839082223,0.779760392,780,40,3.6979098320007324,-0.8641083836555481,1.2959531545639038,-2.130784273147583,0.7005301117897034,-0.697738766670227,1.0,-0.8641083836555481,1.0,-1.0,0.7005301117897034,-0.697738766670227,20.31324005126953,-37.32841491699219,24.323944091796875,-0.31324100494384766,-5.951902389526367,0.005628075450658798,18.921795912136417,-37.412630322112804,24.175914547075834,1.2144210181166109,-3.9805892993212826,5.260987617321557,10.194308354767212,9.749801475429331,0.899693222432689,-11.000783105816506,-5.906942888864239,33.41466321881431
529479859252990,0.799931159,800,41,3.6596686840057373,-0.7984911799430847,1.1535534858703613,-2.125359058380127,0.6732932329177856,-0.6871864199638367,1.0,-0.7984911799430847,1.0,-1.0,0.6732932329177856,-0.6871864199638367,20.31324005126953,-36.01255798339844,24.323944091796875,-0.31324100494384766,-6.498098373413086,0.15677930414676666,18.964994306304607,-36.97475587659115,24.18053048738424,1.1580028447553479,-4.357556725379556,5.656996251677174,-0.11564514073591418,25.526796468170946,0.0913720716486655,-0.846066264579253,-21.46011598677787,21.010252534385668
529479879081824,0.819759993,820,42,3.5280027389526367,-0.6642485857009888,0.9474790692329407,-2.088106393814087,0.6052718758583069,-0.6020188331604004,1.0,-0.6642485857009888,0.9474790692329407,-1.0,0.6052718758583069,-0.6020188331604004,20.31324005126953,-33.32052230834961,23.571638107299805,-0.31324100494384766,-7.862165451049805,1.376715064048767,18.896376341689745,-36.30477322416076,24.1813594922913,1.190670917830643,-4.829744760856973,6.178964644442694,-5.962755606504753,37.42591193216538,0.029209060886514294,4.159933509103135,-26.37583509538618,22.113082546078083
529479899134177,0.839812346,840,43,3.4062116146087646,-0.5333927273750305,0.7329288721084595,-2.040161609649658,0.5439602136611938,-0.6252433657646179,1.0,-0.5333927273750305,0.7329288721084595,-1.0,0.5439602136611938,-0.6252433657646179,20.31324005126953,-30.696401596069336,20.498432159423828,-0.31324100494384766,-9.091680526733398,1.0440481901168823,18.697891799611103,-35.309769519813564,24.080652532871543,1.3453726832780672,-5.452628911408499,6.775757184899658,-9.690179955521941,52.92386800035465,-6.683412504678461,7.110171635508253,-28.934823499722803,42.32025507921766
529479919188016,0.859866185,860,44,3.1434457302093506,-0.3841586410999298,0.5307998061180115,-1.9969232082366943,0.5075928568840027,-0.5838669538497925,1.0,-0.3841586410999298,0.5307998061180115,-1.0,0.5075928568840027,-0.5838669538497925,20.31324005126953,-27.703731536865234,17.603145599365234,-0.31324100494384766,-9.820974349975586,1.6367216110229492,18.370706997279967,-33.915391906767134,23.469862131675104,1.6408179214778367,-6.240628756736376,7.340679376698428,-17.590423682226458,74.3598605411133,-38.74911416659196,16.274567857893015,-40.523837758695215,28.725406778151186
529479939206607,0.879884776,880,45,2.7137911319732666,-0.22225098311901093,0.3736168146133423,-1.9831700325012207,0.4974467158317566,-0.4911826550960541,1.0,-0.22225098311901093,0.3736168146133423,-1.0,0.4974467158317566,-0.4911826550960541,20.31324005126953,-24.456912994384766,15.351665496826172,-0.31324100494384766,-10.024439811706543,2.9643263816833496,17.97123578725602,-32.15111140306002,22.214739764270462,2.011666746098916,-7.0661876594152195,8.005647904907098,-21.578718950302815,93.20539693149026,-69.90974641922689,20.726982037739287,-43.38367495113697,29.05630128129176
529479959094162,0.899772331,900,46,2.2058370113372803,-0.07619187235832214,0.2523915767669678,-1.9584758281707764,0.49271756410598755,-0.46210429072380066,1.0,-0.07619187235832214,0.2523915767669678,-1.0,0.49271756410598755,-0.46210429072380066,20.31324005126953,-21.52791404724121,13.615242004394531,-0.31324100494384766,-10.11927604675293,3.380843162536621,17.505213560222312,-30.03058864291515,20.512910179771474,2.4451142096929877,-7.900588100443553,8.68566376116557,-21.4016021285711,107.8632225873725,-87.60541931880483,19.391785138029412,-35.83730620447324,45.392472745414025
529479979159670,0.919837839,920,47,1.5169528722763062,0.038852620869874954,0.08997411280870438,-1.8097028732299805,0.5194970965385437,-0.2950298488140106,1.0,0.038852620869874954,0.08997411280870438,-1.0,0.5194970965385437,-0.2950298488140106,20.31324005126953,-19.220867156982422,11.288783073425293,-0.31324100494384766,-9.58225154876709,5.774008274078369,16.990658299726643,-27.624010251650596,18.633247252018066,2.9336808888985204,-8.720830410560252,9.251826159961382,-25.309325715134396,121.57109096165544,-92.59428551013778,24.342022787811956,-39.164025001227266,27.474329405369232
529479999039586,0.939717755,940,48,0.637635350227356,0.21431571245193481,-0.11650916188955307,-1.545287847518921,0.4575958847999573,-0.10989722609519958,0.637635350227356,0.21431571245193481,-0.11650916188955307,-1.0,0.4575958847999573,-0.10989722609519958,16.576086044311523,-15.702213287353516,8.33112907409668,-0.31324100494384766,-10.823589324951172,8.425836563110352,16.506396341392296,-25.12412264992413,16.645627756730477,3.3910757664910784,-9.415759074199892,9.899915308734263,-24.192341739700783,124.28324956060496,-98.17783714943491,23.81855812950234,-36.00514958818322,27.192314523696055
529480019237289,0.959915458,960,49,-0.39407721161842346,0.4055297076702118,-0.16349676251411438,-1.0154317617416382,0.38648712635040283,0.18825577199459076,-0.39407721161842346,0.4055297076702118,-0.16349676251411438,-1.0,0.38648712635040283,0.18825577199459076,5.935786247253418,-11.86769962310791,7.6580810546875,-0.31324100494384766,-12.249570846557617,12.696564674377441,15.724028103207209,-22.440764596827638,14.464202905185951,3.7131331158201095,-10.260420972873968,10.533065818641498,-44.500002551336266,134.6458703805709,-109.00676573427948,12.35398590990741,-44.56702689424736,33.95087671146473
529480039266558,0.979944727,980,50,-1.7350765466690063,0.8317976593971252,0.11219871044158936,-0.004981547594070435,-0.0666363537311554,0.9469910860061646,-1.0,0.8317976593971252,0.11219871044158936,-0.004981547594070435,-0.0666363537311554,0.9469910860061646,-0.31324100494384766,-3.319526433944702,11.60712718963623,9.948623657226562,-21.336292266845703,23.564645767211914,13.926189558125024,-19.362770608292813,12.417476226783128,3.451840519014145,-11.477262515470624,11.478376729495558,-107.94810324434852,157.7017279610037,-95.45739771136095,-23.226785599898104,-68.3871977670505,52.82814300059008
529480059252936,0.999931105,1000,51,-2.912090301513672,1.2311738729476929,0.3243500590324402,1.327487826347351,-0.7260174751281738,1.4773513078689575,-1.0,1.0,0.3243500590324402,1.0,-0.7260174751281738,1.0,-0.31324100494384766,0.05352306738495827,14.645970344543457,20.31324005126953,-34.5592041015625,24.323944091796875,11.322067505288254,-15.40951769571391,11.380942006560504,3.61966463902259,-14.21912170036347,13.327460645140263,-137.95367601860673,210.7512901277836,-31.859682673584217,23.538477600698446,-166.97114129988836,108.33635153400667
529480079090670,1.019768839,1020,52,-3.218644142150879,1.37594735622406,0.40564197301864624,2.3040735721588135,-1.093674898147583,1.5135618448257446,-1.0,1.0,0.40564197301864624,1.0,-1.0,1.0,-0.31324100494384766,0.05352306738495827,15.810391426086426,20.31324005126953,-40.05351638793945,24.323944091796875,9.813608367107808,-13.77507485299115,9.126610996741077,4.76848275811908,-18.57580554777122,15.932727731008614,-63.36006547859616,73.26744725099299,-92.3942340180497,79.3270055191906,-238.32521639448828,134.45491595800453
529480099054384,1.039732553,1040,53,-2.779926300048828,1.2578907012939453,0.2855500280857086,2.4925594329833984,-1.2407218217849731,1.0887064933776855,-1.0,1.0,0.2855500280857086,1.0,-1.0,1.0,-0.31324100494384766,0.05352306738495827,14.090201377868652,20.31324005126953,-40.05351638793945,24.323944091796875,8.714318267281508,-12.565610531084777,7.927302283953731,6.774427405302865,-23.8769513794536,18.416359881491125,-51.66099199638014,54.39581800740588,-44.085621320336,106.87114314284794,-268.9352051243298,114.76517962231357
529480119111310,1.059789479,1060,54,-3.007598400115967,1.1116536855697632,0.017186051234602928,3.239931583404541,-1.3675647974014282,1.1704257726669312,-1.0,1.0,0.017186051234602928,1.0,-1.0,1.0,-0.31324100494384766,0.05352306738495827,10.246170997619629,20.31324005126953,-40.05351638793945,24.323944091796875,7.726856738703475,-11.550657841162238,7.203417796171276,8.892165492219183,-28.883575517804868,20.325875409628747,-48.35051760101173,48.46570608719048,-31.175505119237997,102.93773864015787,-234.26518109699407,83.86725005193853
529480139030484,1.079708653,1080,55,-2.6922402381896973,0.9478839635848999,-0.2834600806236267,3.8674428462982178,-1.463263750076294,1.2590891122817993,-1.0,0.9478839635848999,-0.2834600806236267,1.0,-1.0,1.0,-0.31324100494384766,-0.9915863275527954,5.939733028411865,20.31324005126953,-40.05351638793945,24.323944091796875,6.783224855469431,-10.53682955760253,6.274657836995865,10.782523532506975,-32.88738406057727,21.657564927900395,-46.15556089150939,50.08996222943937,-51.183598998055274,88.66792012026029,-178.522189542799,57.04403255476278
529480159317401,1.099995570,1100,56,-3.0194435119628906,0.8912347555160522,-0.16671894490718842,4.324225425720215,-1.5874398946762085,1.242120623588562,-1.0,0.8912347555160522,-0.16671894490718842,1.0,-1.0,1.0,-0.31324100494384766,-2.127603769302368,7.611926078796387,20.31324005126953,-40.05351638793945,24.323944091796875,5.9282649473786515,-9.573729009148796,4.77203219471027,12.34847859768117,-35.76597502687201,22.542177259606294,-40.45666096019133,44.75244842214153,-83.34800137659326,71.82874700307946,-123.49879669752987,37.398306401514716
529480179059586,1.119737755,1120,57,-3.352524757385254,0.7864072918891907,-0.23021866381168365,4.658669471740723,-1.6124765872955322,1.1121965646743774,-1.0,0.7864072918891907,-0.23021866381168365,1.0,-1.0,1.0,-0.31324100494384766,-4.229763507843018,6.702360153198242,20.31324005126953,-40.05351638793945,24.323944091796875,5.13477136799722,-8.921604711620429,4.787189873397209,13.634754431619104,-37.4878625773556,23.10790658232356,-38.080866762670425,29.658234344701146,4.738305075954811,59.694873476803984,-69.46046841646977,23.88695380313622
529480199020521,1.139698690,1140,58,-3.5374510288238525,0.6577890515327454,-0.4971301853656769,5.077611446380615,-1.4495075941085815,1.002838373184204,-1.0,0.6577890515327454,-0.4971301853656769,1.0,-1.0,1.0,-0.31324100494384766,-6.809011936187744,2.879134178161621,20.31324005126953,-40.05351638793945,24.323944091796875,4.470286381645359,-8.54949660029879,4.986676816780772,14.677896796281892,-38.43477667532044,23.4748627970031,-30.821005544748296,12.949958522207863,12.89297541439298,47.850709157007124,-35.28391214985611,15.477008434606661
529480219212220,1.159890389,1160,59,-3.685870409011841,0.6946974396705627,-0.4664314389228821,5.2766547203063965,-1.424553632736206,0.9386377930641174,-1.0,0.6946974396705627,-0.4664314389228821,1.0,-1.0,0.9386377930641174,-0.31324100494384766,-6.068868637084961,3.318861246109009,20.31324005126953,-40.05351638793945,23.444995880126953,3.9188340810868287,-8.44531755550626,5.397269467041625,15.53513325557296,-38.84456138646961,23.71331754551761,-29.13496188056375,6.704313127428853,36.96710812657864,42.08908167951781,-14.198329816170883,10.224297439599676
529480239062423,1.179740592,1180,60,-3.842012643814087,0.675567626953125,-0.5179953575134277,5.3959832191467285,-1.325684905052185,0.6543900966644287,-1.0,0.675567626953125,-0.5179953575134277,1.0,-1.0,0.6543900966644287,-0.31324100494384766,-6.452488899230957,2.5802626609802246,20.31324005126953,-40.05351638793945,19.373445510864258,3.4665824485604864,-8.54822125198526,5.75102894582859,16.21550957661435,-38.86498273430663,23.751225535805965,-22.058496659637214,-6.478058611534756,18.083413218052762,31.491851301485074,3.812396178078457,-1.03268491747204
529480259271486,1.199949655,1200,61,-3.8039281368255615,0.7213670611381531,-0.5080420970916748,5.356968402862549,-1.3342756032943726,0.6012775897979736,-1.0,0.7213670611381531,-0.5080420970916748,1.0,-1.0,0.6012775897979736,-0.31324100494384766,-5.534047603607178,2.722832679748535,20.31324005126953,-40.05351638793945,18.6126651763916,3.038288386081899,-8.706123681971606,6.123344154398539,16.7863525137103,-38.67093917173228,23.089737569666266,-21.06560378713329,-8.531813381534848,18.971938375856766,26.816607467144994,12.289631943957595,-44.64299286653646
529480279099835,1.219778004,1220,62,-3.8391239643096924,0.6893875598907471,-0.5832059979438782,5.382572650909424,-1.2771337032318115,0.5175384879112244,-1.0,0.6893875598907471,-0.5832059979438782,1.0,-1.0,0.5175384879112244,-0.31324100494384766,-6.175350189208984,1.6461890935897827,20.31324005126953,-40.05351638793945,17.413190841674805,2.5959104961452746,-8.795060598354283,6.551511756219201,17.28938911587666,-38.37733271889569,22.001335447430943,-20.813661548634027,-5.298472266719408,15.22049478494417,22.833845891823294,16.278553885539925,-56.21992093366457
529480299124080,1.239802249,1240,63,-3.809474468231201,0.6524088382720947,-0.6082190871238708,5.39479398727417,-1.2263193130493164,0.41801050305366516,-1.0,0.6524088382720947,-0.6082190871238708,1.0,-1.0,0.41801050305366516,-0.31324100494384766,-6.916903972625732,1.2879029512405396,20.31324005126953,-40.05351638793945,15.987557411193848,2.1918893475511156,-8.874267506120198,6.841674981253587,17.71249922197372,-38.056051791652784,20.789599241175353,-19.748882069696972,-3.2751342103983525,14.342770624730449,20.12306069156291,15.597602029727378,-59.92737741129026
529480319173185,1.259851354,1260,64,-3.8596596717834473,0.6463710069656372,-0.6047300100326538,5.373400688171387,-1.176557183265686,0.3476034104824066,-1.0,0.6463710069656372,-0.6047300100326538,1.0,-1.0,0.3476034104824066,-0.31324100494384766,-7.037983417510986,1.337880253791809,20.31324005126953,-40.05351638793945,14.97905158996582,1.8213709184229383,-8.946701221779545,7.203493646064257,18.08981021708212,-37.77523361300997,19.51385178149198,-16.453102036340013,-6.030745573356253,13.57328966552495,16.841652880653314,13.619366817352946,-62.840880572083016
529480339316934,1.279995103,1280,65,-3.8410720825195312,0.6290549039840698,-0.6182129383087158,5.297675609588623,-1.0618038177490234,0.25242120027542114,-1.0,0.6290549039840698,-0.6182129383087158,1.0,-1.0,0.25242120027542114,-0.31324100494384766,-7.385231971740723,1.1447515487670898,20.31324005126953,-40.05351638793945,13.615666389465332,1.5047600675746875,-9.04964178959345,7.565894325848809,18.40179986423811,-37.549818515401604,18.25250678226197,-13.71765773553207,-7.45322392560941,14.155287469477894,13.551028448135702,10.955996443015295,-60.723740479642764
529480359247467,1.299925636,1300,66,-3.798043727874756,0.6602831482887268,-0.5455887317657471,5.151149272918701,-0.9618062973022461,0.2284141182899475,-1.0,0.6602831482887268,-0.5455887317657471,1.0,-0.9618062973022461,0.2284141182899475,-0.31324100494384766,-6.75899600982666,2.185016632080078,20.31324005126953,-39.287601470947266,13.271790504455566,1.266572155492838,-9.211723344426698,7.833351086067996,18.630516591370153,-37.36983918998186,16.997725163833906,-11.041454692432056,-8.054817308508726,13.645058804914651,10.260110839637903,7.746862784496431,-61.06728959874561
529480379033312,1.319711481,1320,67,-3.713132381439209,0.6376480460166931,-0.5396581888198853,4.977610111236572,-0.805691659450531,0.13287384808063507,-1.0,0.6376480460166931,-0.5396581888198853,1.0,-0.805691659450531,0.13287384808063507,-0.31324100494384766,-7.212909698486328,2.269965410232544,20.31324005126953,-36.156951904296875,11.903276443481445,1.0643809661471535,-9.322245767125345,8.172944157388226,18.790996468786812,-37.17717602851928,15.873159702059159,-8.034641206417872,-6.516657510458771,12.09725991663814,5.644088329094387,10.90046299143811,-52.05847558170719
529480398982624,1.339660793,1340,68,-3.7671828269958496,0.599972665309906,-0.5419720411300659,4.798028469085693,-0.6426383852958679,-0.029666371643543243,-1.0,0.599972665309906,-0.5419720411300659,1.0,-0.6426383852958679,-0.029666371643543243,-0.31324100494384766,-7.968433856964111,2.2368218898773193,20.31324005126953,-32.88716125488281,9.57505989074707,0.9568897656353427,-9.400970790821255,8.496585130929862,18.822790474657225,-36.668378294279044,14.789138998701345,-2.2158159227250747,-5.461094968782692,12.155705920677901,-1.4393772262414952,32.676709161197884,-52.87962391219866
529480419228952,1.359907121,1360,69,-3.7624645233154297,0.6066758036613464,-0.48012402653694153,4.5055694580078125,-0.5039841532707214,-0.0636855810880661,-1.0,0.6066758036613464,-0.48012402653694153,1.0,-0.5039841532707214,-0.0636855810880661,-0.31324100494384766,-7.834012031555176,3.122729539871216,20.31324005126953,-30.10665512084961,9.087770462036133,1.009572215472687,-9.517724437653786,8.730843983821092,18.689069022369818,-35.613253511315186,13.507397974445999,5.028933395781396,-5.811143891087958,12.18065000683704,-8.763000036344916,60.79846720445448,-65.91769651082535
529480439505491,1.380183660,1380,70,-3.6923210620880127,0.5623312592506409,-0.42678302526474,4.1105217933654785,-0.2994229793548584,-0.11595682799816132,-1.0,0.5623312592506409,-0.42678302526474,1.0,-0.2994229793548584,-0.11595682799816132,-0.31324100494384766,-8.723276138305664,3.8867828845977783,20.31324005126953,-26.004484176635742,8.33903980255127,1.1839130130382989,-9.606884126674439,9.054475368432584,18.441135470699027,-34.050778877525794,12.218463695096862,11.92700580969452,-6.125153364128009,11.907633732746929,-14.77311756595915,84.9252825187295,-61.156422967957226
529480459099389,1.399777558,1400,71,-3.6708197593688965,0.5202615857124329,-0.2913895845413208,3.580083131790161,-0.10335496068000793,-0.1514875292778015,-1.0,0.5202615857124329,-0.2913895845413208,1.0,-0.10335496068000793,-0.1514875292778015,-0.31324100494384766,-9.56692123413086,5.826150894165039,20.31324005126953,-22.072629928588867,7.830100059509277,1.5031446011866811,-9.739743397557309,9.424781090058351,18.069790715050853,-31.965223420969597,11.050080570467676,15.337006936049205,-2.2204157942670495,31.876370521129985,-17.61893316555941,109.43260869919692,-54.74234761328521
529480479182877,1.419861046,1420,72,-3.4882524013519287,0.43613144755363464,-0.15659199655056,2.9623944759368896,0.11468149721622467,-0.14061132073402405,-1.0,0.43613144755363464,-0.15659199655056,1.0,0.11468149721622467,-0.14061132073402405,-0.31324100494384766,-11.254027366638184,7.756983757019043,20.31324005126953,-17.700231552124023,7.985890865325928,2.0057952074493337,-10.064064565576187,9.7980786793098,17.558649445429047,-29.37231489982098,10.036491592657626,27.286620404163276,-18.704023382604863,20.234614240378924,-26.825136586119573,134.50040953203512,-46.757179988525614
529480499176191,1.439854360,1440,73,-2.986483097076416,0.3290078938007355,0.2542622685432434,2.0428597927093506,0.27835214138031006,-0.0227469801902771,-1.0,0.3290078938007355,0.2542622685432434,1.0,0.27835214138031006,-0.0227469801902771,-0.31324100494384766,-13.402231216430664,13.642037391662598,20.31324005126953,-14.418057441711426,9.674172401428223,2.6593916193520144,-10.63362985420088,10.33973901185981,16.932642866123818,-26.365769268118513,9.269305563182698,34.68264441697966,-32.735227619790585,29.86091701071789,-32.40098576918568,153.85153465544087,-33.217712237251476
529480519246095,1.459924264,1460,74,-2.183405637741089,0.07100291550159454,0.6827874183654785,0.967738926410675,0.5149990916252136,0.08209235966205597,-1.0,0.07100291550159454,0.6827874183654785,0.967738926410675,0.5149990916252136,0.08209235966205597,-0.31324100494384766,-18.576139450073242,19.780208587646484,19.98052215576172,-9.672452926635742,11.175885200500488,3.456910001204681,-11.6527391590987,11.29120833521005,16.212524893645888,-23.159346920946977,8.995460765157079,43.441413008869254,-62.8309518511158,46.43675645254252,-38.4719790527343,159.99806145804055,-5.1112226619090295
529480539196694,1.479874863,1480,75,-1.1320686340332031,-0.28102707862854004,1.1346428394317627,-0.10189516097307205,0.7927610874176025,0.09933321177959442,-1.0,-0.28102707862854004,1.0,-0.10189516097307205,0.7927610874176025,0.09933321177959442,-0.31324100494384766,-25.63558006286621,24.323944091796875,8.949130058288574,-4.102346420288086,11.422842979431152,4.475426454294656,-13.5804164992467,12.649148645988934,15.284019731971448,-19.798294962908525,9.223650736355427,52.95163946410797,-110.62164147112391,76.32454423738514,-49.028421758066216,167.39474275056386,17.826709911394975
529480559302873,1.499981042,1500,76,0.3605913519859314,-0.8401532173156738,1.3549879789352417,-1.0180010795593262,1.1612203121185303,-0.06199633702635765,0.3605913519859314,-0.8401532173156738,1.0,-1.0,1.0,-0.06199633702635765,13.718864440917969,-36.84803009033203,24.323944091796875,-0.31324100494384766,0.05352306738495827,9.111967086791992,5.157576559717544,-16.66789557669509,14.729139198343482,13.336905908482729,-15.975575496403886,9.681001584988548,25.159636818513636,-173.0619749576701,115.18357755673046,-116.88317711766602,196.2590414504636,24.233779737123427
529480579092663,1.519770832,1520,77,1.898362398147583,-1.7224442958831787,1.4626953601837158,-1.3059800863265991,1.9027634859085083,0.09601297974586487,1.0,-1.0,1.0,-1.0,1.0,0.09601297974586487,20.31324005126953,-40.05351638793945,24.323944091796875,-0.31324100494384766,0.05352306738495827,11.375283241271973,5.639178054346659,-20.88666859063153,17.202255587241243,11.521280203241917,-14.695458454800242,7.1561823441020165,29.73180656087286,-227.1537467732578,122.73638865160167,-93.57996678250625,63.732260512353044,-124.02943419310378
529480599018963,1.539697132,1540,78,2.253253936767578,-1.8270325660705566,1.5368677377700806,-1.519362211227417,1.7260363101959229,0.21297958493232727,1.0,-1.0,1.0,-1.0,1.0,0.21297958493232727,20.31324005126953,-40.05351638793945,24.323944091796875,-0.31324100494384766,0.05352306738495827,13.05070686340332,6.847562233274029,-25.83563465769599,19.376146472536995,9.972811905950591,-13.550668836361764,5.187187144128537,72.65278154643701,-248.91571046265474,98.44330727411017,-69.7513890369597,53.74251538394582,-84.44698182799691
529480619034302,1.559712471,1560,79,2.7043728828430176,-1.8633159399032593,1.5977829694747925,-1.8342458009719849,1.427527904510498,-0.18071062862873077,1.0,-1.0,1.0,-1.0,1.0,-0.18071062862873077,20.31324005126953,-40.05351638793945,24.323944091796875,-0.31324100494384766,0.05352306738495827,7.411510467529297,8.473691784752823,-30.36550053754138,20.97706018634462,8.714844974513674,-12.62602286238887,4.778851541032469,83.96284262203218,-210.24617921230814,69.60933664252325,-60.01790861571695,46.1509912978777,-1.831605106715043
529480639253782,1.579931951,1580,80,2.9352478981018066,-1.9168493747711182,1.8159476518630981,-1.6915420293807983,1.200981855392456,-0.29890987277030945,1.0,-1.0,1.0,-1.0,1.0,-0.29890987277030945,20.31324005126953,-40.05351638793945,24.323944091796875,-0.31324100494384766,0.05352306738495827,5.718430995941162,10.15569290069692,-33.91771804086283,22.072479923415877,7.562524758154136,-11.482860192018624,4.58759085950052,82.93524089077172,-157.2195853996083,46.725687297299125,-56.072471864268515,61.666530456783654,-11.79377068791543
529480659143428,1.599821597,1600,81,3.205263376235962,-1.892541766166687,2.0001320838928223,-1.6619317531585693,1.2158924341201782,-0.35793450474739075,1.0,-1.0,1.0,-1.0,1.0,-0.35793450474739075,20.31324005126953,-40.05351638793945,24.323944091796875,-0.31324100494384766,0.05352306738495827,4.872965335845947,11.736020429766238,-36.392125651416414,22.794769129604585,6.492337943175698,-10.148655116819304,4.29015859683701,76.13423235781893,-104.3980829841952,30.53933583192787,-51.74940254161465,68.00543215737926,-15.43614306181424
529480679371647,1.620049816,1620,82,3.4292173385620117,-1.7803053855895996,2.059309959411621,-1.6424765586853027,1.198336124420166,-0.47139787673950195,1.0,-1.0,1.0,-1.0,1.0,-0.47139787673950195,20.31324005126953,-40.05351638793945,24.323944091796875,-0.31324100494384766,0.05352306738495827,3.2477223873138428,13.148715961840374,-37.91037111234566,23.26452203730753,5.520476277525901,-8.800993703607702,3.983125947543551,67.15239250812664,-60.1548728574693,19.83964185365084,-46.56581771775693,65.8235180687559,-14.505375066717333
529480699123410,1.639801579,1640,83,3.4789254665374756,-1.6606210470199585,2.066026210784912,-1.6454418897628784,1.1542776823043823,-0.522408664226532,1.0,-1.0,1.0,-1.0,1.0,-0.522408664226532,20.31324005126953,-40.05351638793945,24.323944091796875,-0.31324100494384766,0.05352306738495827,2.5170466899871826,14.383372599823723,-38.67743270841177,23.57075686256104,4.648500929326705,-7.530762717402258,3.702579052028075,58.44555657227722,-26.705843782533385,12.990391889294257,-41.72762387069036,61.171057622668734,-12.879022638000702
529480719104639,1.659782808,1660,84,3.506511688232422,-1.5526000261306763,2.036886215209961,-1.6534700393676758,1.1248960494995117,-0.5561366081237793,1.0,-1.0,1.0,-1.0,1.0,-0.5561366081237793,20.31324005126953,-40.05351638793945,24.323944091796875,-0.31324100494384766,0.05352306738495827,2.0339295864105225,15.44877481213864,-38.91234529797496,23.77357113627213,3.873073234147321,-6.398131000197083,3.482837502999487,50.21082932583611,-4.143911546415562,8.685742820122162,-36.97884442289406,53.34884889560729,-9.400395505246886
529480739272068,1.679950237,1680,85,3.5319480895996094,-1.4546955823898315,1.9784685373306274,-1.6762280464172363,1.0966074466705322,-0.5786005854606628,1.0,-1.0,1.0,-1.0,1.0,-0.5786005854606628,20.31324005126953,-40.05351638793945,24.323944091796875,-0.31324100494384766,0.05352306738495827,1.7121567726135254,16.359365775716917,-38.82395560042056,23.911584540499724,3.187463966715707,-5.441846643471385,3.343981821183222,42.752152328151254,8.637700171682248,5.975472934507513,-32.67922478759443,44.26536751986145,-5.23107199479043
529480759036503,1.699714672,1700,86,3.557645797729492,-1.3635936975479126,1.9004570245742798,-1.722902536392212,1.0594443082809448,-0.5956555008888245,1.0,-1.0,1.0,-1.0,1.0,-0.5956555008888245,20.31324005126953,-40.05351638793945,24.323944091796875,-0.31324100494384766,0.05352306738495827,1.4678630828857422,17.143149760736694,-38.56512877834812,24.00783384262098,2.566464198872002,-4.629169109453967,3.366537199492083,35.54142952280309,15.916685262629203,4.141962065304039,-28.112246212096775,34.86364250062418,-3.405202001700595
529480779104859,1.719783028,1720,87,3.5872676372528076,-1.2742751836776733,1.8040621280670166,-1.7790316343307495,1.0058842897415161,-0.6041297912597656,1.0,-1.0,1.0,-1.0,1.0,-0.6041297912597656,20.31324005126953,-40.05351638793945,24.323944091796875,-0.31324100494384766,0.05352306738495827,1.346477746963501,17.77755666469007,-38.22346868397171,24.075706252630855,2.043374422344613,-4.023180059357502,3.353563309795487,29.509480964641913,17.369134053152546,2.9924509852485452,-24.989018611488223,27.703841088407188,0.9272350675192517
529480799408011,1.740086180,1740,88,3.6168315410614014,-1.18720543384552,1.696407675743103,-1.8460692167282104,0.9364997148513794,-0.6193583607673645,1.0,-1.0,1.0,-1.0,0.9364997148513794,-0.6193583607673645,20.31324005126953,-40.05351638793945,24.323944091796875,-0.31324100494384766,-1.2198820114135742,1.1283446550369263,18.29924278411988,-37.88746624071013,24.12476762484443,1.58228112222414,-3.544130052204432,3.4162989970899598,24.087515740432444,16.210853587961562,2.162433581660358,-21.87465653289189,21.796860731364955,4.417185956740318
529480819056504,1.759734673,1760,89,3.6278202533721924,-1.0911566019058228,1.5691840648651123,-1.9062901735305786,0.871394157409668,-0.6273515224456787,1.0,-1.0,1.0,-1.0,0.871394157409668,-0.6273515224456787,20.31324005126953,-40.05351638793945,24.323944091796875,-0.31324100494384766,-2.525477647781372,1.0138510465621948,18.724070952194225,-37.60937789238092,24.160080075100197,1.1985527600337265,-3.235753380324822,3.666124445543258,17.97701431630065,13.97320161655022,1.4499397990039018,-15.895645708055675,9.331882364840933,8.264155939568314
529480839261542,1.779939711,1780,90,3.603018045425415,-0.9934210777282715,1.4345722198486328,-1.9366300106048584,0.8198419809341431,-0.622808575630188,1.0,-0.9934210777282715,1.0,-1.0,0.8198419809341431,-0.622808575630188,20.31324005126953,-39.92158889770508,24.323944091796875,-0.31324100494384766,-3.559279680252075,1.0789239406585693,19.01074685667704,-37.38551456214702,24.183360334812264,0.9525853154462599,-3.2240789075795093,3.927709484056259,12.2553040683233,9.67010887946127,1.0001060481481077,-10.630417848290353,-3.2352135339415575,15.341102307657959
529480859284608,1.799962777,1800,91,3.56148624420166,-0.8754222989082336,1.2845323085784912,-1.9760851860046387,0.7353140711784363,-0.6408854126930237,1.0,-0.8754222989082336,1.0,-1.0,0.7353140711784363,-0.6408854126930237,20.31324005126953,-37.5552978515625,24.323944091796875,-0.31324100494384766,-5.254361629486084,0.8199923634529114,19.199145225713767,-37.244133431497694,24.19886896180558,0.7874341847856158,-3.4098051056586347,4.405754956767274,9.871179138751891,3.883231357572294,0.7776717214922513,-9.614300720919763,-7.639812935902069,38.8401914027589
529480879049041,1.819727210,1820,92,3.517334222793579,-0.7976936101913452,1.1289377212524414,-1.9856469631195068,0.6932699084281921,-0.6259399652481079,1.0,-0.7976936101913452,1.0,-1.0,0.6932699084281921,-0.6259399652481079,20.31324005126953,-35.99656295776367,24.323944091796875,-0.31324100494384766,-6.0974955558776855,1.0340701341629028,19.21427049313866,-36.91135900368919,24.202674808944074,0.7755941697688271,-3.852890258934858,4.876771952949766,-1.9115549201600213,20.478676468537756,0.07078205232451465,1.549435567335743,-25.154149418369414,24.990815783954634
529480899102820,1.839780989,1840,93,3.3876094818115234,-0.633595883846283,0.8972367644309998,-1.9819722175598145,0.5864039063453674,-0.5633856058120728,1.0,-0.633595883846283,0.8972367644309998,-1.0,0.5864039063453674,-0.5633856058120728,20.31324005126953,-32.70582580566406,22.851966857910156,-0.31324100494384766,-8.240534782409668,1.9300951957702637,19.099198306964077,-36.31838659353493,24.203196167649537,0.865915926777098,-4.418259947002765,5.512143792526812,-5.525147671341085,31.717898534604227,0.0330634118152563,3.5994594282545593,-25.21511241665651,44.53048588156413
529480919053900,1.859732069,1860,94,3.2661421298980713,-0.5173026919364929,0.6907229423522949,-1.9261736869812012,0.5613194108009338,-0.5860698819160461,1.0,-0.5173026919364929,0.6907229423522949,-1.0,0.5613194108009338,-0.5860698819160461,20.31324005126953,-30.373741149902344,19.893875122070312,-0.31324100494384766,-8.74356746673584,1.6051669120788574,18.807187033182586,-35.282882581855056,23.987176740796226,1.1362578016328084,-5.231411064790557,6.1583062945083284,-17.02350186743674,58.37706634741591,-14.53573246893815,16.046377218988848,-43.9798301611371,33.901768047783705
529480939411488,1.880089657,1880,95,2.902095079421997,-0.2992194592952728,0.44338762760162354,-1.9071060419082642,0.4605076313018799,-0.5031461119651794,1.0,-0.2992194592952728,0.44338762760162354,-1.0,0.4605076313018799,-0.5031461119651794,20.31324005126953,-26.00040054321289,16.351058959960938,-0.31324100494384766,-10.765198707580566,2.7929623126983643,18.41318634027053,-33.83654788379643,23.228420944178673,1.5027260949679992,-6.1120791912009835,6.92685803982527,-21.525504482946378,78.09119990192637,-45.87123406441852,20.59089936264276,-45.7387267606228,34.44075545071146
529480959276280,1.899954449,1900,96,2.462582588195801,-0.1453522890806198,0.29662996530532837,-1.853926420211792,0.4892471432685852,-0.4750621020793915,1.0,-0.1453522890806198,0.29662996530532837,-1.0,0.4892471432685852,-0.4750621020793915,20.31324005126953,-22.914823532104492,14.248909950256348,-0.31324100494384766,-10.188870429992676,3.1952362060546875,17.88799279229688,-31.87036222145955,21.750663608214385,2.014774582852685,-7.152384852774477,7.668782801994632,-27.653869964083906,105.09026036945039,-82.11803848854535,27.38255675864772,-53.92166327739715,38.30482924138636
529480979061335,1.919739504,1920,97,1.7768206596374512,0.01332920417189598,0.15049482882022858,-1.7728097438812256,0.4836195111274719,-0.3479892313480377,1.0,0.01332920417189598,0.15049482882022858,-1.0,0.4836195111274719,-0.3479892313480377,20.31324005126953,-19.73270034790039,12.155678749084473,-0.31324100494384766,-10.301724433898926,5.015420913696289,17.305301605397375,-29.472731452154342,19.834443569756473,2.5726653065419383,-8.140761468296226,8.471264520411387,-29.944582463880778,124.19628533441164,-97.43872211805102,29.059700747236,-48.96564655063738,34.75041273785825
529480999027913,1.939706082,1940,98,0.9561314582824707,0.18228989839553833,-0.05352180451154709,-1.5649946928024292,0.463567852973938,-0.2329598218202591,0.9561314582824707,0.18228989839553833,-0.05352180451154709,-1.0,0.463567852973938,-0.2329598218202591,19.86081314086914,-16.344444274902344,9.233355522155762,-0.31324100494384766,-10.70383071899414,6.663095951080322,16.70657659637634,-26.79704447638314,17.746870429371608,3.142757877384993,-9.03157272592806,9.259569362136158,-26.67011296977114,133.1960384143801,-102.77152525929453,24.95460396355109,-36.39992408245577,51.75444288710533
529481019053286,1.959731455,1960,99,0.034811750054359436,0.3139823079109192,-0.17075136303901672,-1.227576732635498,0.4335256814956665,-0.03082311525940895,0.034811750054359436,0.3139823079109192,-0.17075136303901672,-1.0,0.4335256814956665,-0.03082311525940895,10.359021186828613,-13.703547477722168,7.554166793823242,-0.31324100494384766,-11.306282043457031,9.558490753173828,16.05900532297064,-23.91192225514636,15.481424009192635,3.729885861824316,-9.936694736705494,9.94687241307462,-32.13132475501823,143.94129380934837,-112.74930311180078,28.45509279616452,-44.27105038824385,34.16879548567247
529481039107896,1.979786065,1980,100,-1.3531099557876587,0.6733286380767822,-0.09228892624378204,-0.3600912392139435,0.1246461272239685,0.590434730052948,-1.0,0.6733286380767822,-0.09228892624378204,-0.3600912392139435,0.1246461272239685,0.590434730052948,-0.31324100494384766,-6.497387886047363,8.678057670593262,6.28629207611084,-17.50040626525879,18.457351684570312,14.72641388010416,-20.8063686370563,13.229688470359426,3.8261834263692203,-10.958770588361194,10.778185478419443,-80.135412970128,155.52046226107453,-107.94039053223281,-5.126347746327585,-54.21787571737844,44.551174794093214
529481059256310,1.999934479,2000,101,-2.692030906677246,1.180668830871582,0.31047847867012024,0.9957578182220459,-0.5756615400314331,1.3252135515213013,-1.0,1.0,0.31047847867012024,0.9957578182220459,-0.5756615400314331,1.0,-0.31324100494384766,0.05352306738495827,14.447275161743164,20.269489288330078,-31.544038772583008,24.323944091796875,12.295726270633793,-17.00539519387833,11.528000027598084,3.7616220253076027,-13.021956882534868,12.271411295896055,-137.82703866631806,200.24958771394142,-72.25341539201183,-1.1816053761362528,-124.91970506382245,86.98558400422304
529481079011580,2.019689749,2020,102,-3.2603330612182617,1.3885360956192017,0.48365074396133423,2.136530876159668,-1.0162136554718018,1.5535612106323242,-1.0,1.0,0.48365074396133423,1.0,-1.0,1.0,-0.31324100494384766,0.05352306738495827,16.927785873413086,20.31324005126953,-40.05351638793945,24.323944091796875,10.29001123900068,-13.95361189717853,9.868182719149793,4.837317994700136,-17.01281637326287,14.81318076186799,-64.56544178562547,80.17385671106528,-126.84500347282503,68.13631358297116,-217.17755115254178,138.24106774303306
529481099018581,2.039696750,2040,103,-2.9643614292144775,1.2564539909362793,0.3993382751941681,2.3084914684295654,-1.1204520463943481,1.0902795791625977,-1.0,1.0,0.3993382751941681,1.0,-1.0,1.0,-0.31324100494384766,0.05352306738495827,15.720097541809082,20.31324005126953,-40.05351638793945,24.323944091796875,9.144693438004508,-12.690550067605537,8.319714068628835,6.721812890171612,-22.24909951777932,17.509602787814718,-54.57622020611935,54.82075822564886,-52.00846912432386,103.0811850284201,-273.8681183293118,127.61746635665408
529481119385543,2.060063712,2060,104,-3.090540647506714,1.1158561706542969,0.02571967989206314,3.0639126300811768,-1.2952734231948853,1.1968395709991455,-1.0,1.0,0.02571967989206314,1.0,-1.0,1.0,-0.31324100494384766,0.05352306738495827,10.368406295776367,20.31324005126953,-40.05351638793945,24.323944091796875,8.082401187628083,-11.710660554258864,7.675494145912439,8.805610566276195,-27.500637912639434,19.67920607795835,-52.54377310453892,46.16044597901079,-22.192951542251816,102.18313106911364,-249.50411683281598,96.36211834830387
529481139342376,2.080020545,2080,105,-2.7134876251220703,0.9605724811553955,-0.3045196235179901,3.747227191925049,-1.3888113498687744,1.2817208766937256,-1.0,0.9605724811553955,-0.3045196235179901,1.0,-1.0,1.0,-0.31324100494384766,-0.7371378540992737,5.638077259063721,20.31324005126953,-40.05351638793945,24.323944091796875,7.043755358449564,-10.683697844328279,6.8174812574746175,10.703086097129276,-31.850580273643327,21.226240058764425,-51.02063924412328,51.99175451926413,-50.0114711667397,89.47022031440356,-196.30018029038774,66.66249953923825
529481159044131,2.099722300,2100,106,-2.993506669998169,0.8787435293197632,-0.1909969598054886,4.249716281890869,-1.5270636081695557,1.2131054401397705,-1.0,0.8787435293197632,-0.1909969598054886,1.0,-1.0,1.0,-0.31324100494384766,-2.378095865249634,7.264169692993164,20.31324005126953,-40.05351638793945,24.323944091796875,6.091019742809917,-9.631099725699865,5.2368886269589865,12.293623512772133,-35.066663917042334,22.265479826055028,-45.17964779886334,50.18037221241771,-89.23543949780694,73.20156107992868,-139.50239906610435,44.05571700567572
529481178929209,2.119607378,2120,107,-3.3430235385894775,0.7925686240196228,-0.19934190809726715,4.59376859664917,-1.6027793884277344,1.0944124460220337,-1.0,0.7925686240196228,-0.19934190809726715,1.0,-1.0,1.0,-0.31324100494384766,-4.106206893920898,7.144637107849121,20.31324005126953,-40.05351638793945,24.323944091796875,5.252926250795518,-8.950012686513157,4.835719458759216,13.57789143283066,-37.09399820306963,22.93441835979922,-40.62306998534758,29.270139106223926,5.8398645775294025,59.83290557522724,-81.39518010727943,28.09339428152887
529481199204382,2.139882551,2140,108,-3.4763545989990234,0.6569420695304871,-0.5074388384819031,5.023021697998047,-1.431626319885254,1.0045466423034668,-1.0,0.6569420695304871,-0.5074388384819031,1.0,-1.0,1.0,-0.31324100494384766,-6.8259968757629395,2.731473684310913,20.31324005126953,-40.05351638793945,24.323944091796875,4.544779142999418,-8.579584036928278,5.062581494258688,14.622538543403103,-38.23729765322973,23.365693980265338,-32.74989984668243,13.014773173029964,14.199106418512201,47.88762630793485,-43.86230379326275,18.170207777979282
529481219041326,2.159719495,2160,109,-3.6845815181732178,0.651884138584137,-0.4949807822704315,5.281079292297363,-1.3766082525253296,0.9002419114112854,-1.0,0.651884138584137,-0.4949807822704315,1.0,-1.0,0.9002419114112854,-0.31324100494384766,-6.927425861358643,2.9099221229553223,20.31324005126953,-40.05351638793945,22.895015716552734,3.966272572558493,-8.462687672699841,5.472130739262278,15.481932560174242,-38.777943468733056,23.644329099159815,-25.185974873097106,-1.2408576215856426,17.723967700467654,38.80463887957171,-16.432669141572802,11.622675510622143
529481239198528,2.179876697,2180,110,-3.8494439125061035,0.6878921985626221,-0.48160454630851746,5.357564926147461,-1.3437585830688477,0.6535798907279968,-1.0,0.6878921985626221,-0.48160454630851746,1.0,-1.0,0.6535798907279968,-0.31324100494384766,-6.2053375244140625,3.101522445678711,20.31324005126953,-40.05351638793945,19.361839294433594,3.5122020984000892,-8.595350533143309,5.854513262192878,16.162077844005207,-38.875402592308845,23.633891882622912,-21.711352579981934,-8.999644524325962,20.387913642836637,31.493462789091417,0.610121284541928,-5.316643437012824
529481259252288,2.199930457,2200,111,-3.8280084133148193,0.6749626398086548,-0.5720569491386414,5.369274616241455,-1.294149398803711,0.5981408357620239,-1.0,0.6749626398086548,-0.5720569491386414,1.0,-1.0,0.5981408357620239,-0.31324100494384766,-6.464621067047119,1.8058874607086182,20.31324005126953,-40.05351638793945,18.56773567199707,3.058479244332125,-8.733289577218034,6.359285061449945,16.74797057462053,-38.7355282766651,22.947321938390633,-25.933785612910434,-0.7975603102594261,39.354706289434944,30.123308674899853,8.24679702217814,-44.498434639886284
529481279099630,2.219777799,2220,112,-3.840359687805176,0.6309587359428406,-0.6460256576538086,5.450136661529541,-1.2247451543807983,0.5123347043991089,-1.0,0.6309587359428406,-0.6460256576538086,1.0,-1.0,0.5123347043991089,-0.31324100494384766,-7.3470540046691895,0.7463637590408325,20.31324005126953,-40.05351638793945,17.338653564453125,2.65043266172096,-8.894320542220184,6.708771385828174,17.232746841813054,-38.4465749307711,21.87121101781781,-20.223326886123495,-7.091977952572516,16.764236211374083,22.96206775682099,15.438643384351606,-55.27844799663528
529481299113191,2.239791360,2240,113,-3.806966543197632,0.6259702444076538,-0.634206235408783,5.434039115905762,-1.1979385614395142,0.368045836687088,-1.0,0.6259702444076538,-0.634206235408783,1.0,-1.0,0.368045836687088,-0.31324100494384766,-7.4470906257629395,0.9156644940376282,20.31324005126953,-40.05351638793945,15.271866798400879,2.2524441707974368,-9.011543946764299,7.1150226305005955,17.670375806157455,-38.14245277454253,20.67628696530573,-18.043847461157036,-7.893687992312035,16.063053335708148,20.007975507935157,15.826028107675183,-59.23332924062689
529481319124475,2.259802644,2260,114,-3.903697967529297,0.655375063419342,-0.5851941108703613,5.369050025939941,-1.1583147048950195,0.34630832076072693,-1.0,0.655375063419342,-0.5851941108703613,1.0,-1.0,0.34630832076072693,-0.31324100494384766,-6.857420921325684,1.6177114248275757,20.31324005126953,-40.05351638793945,14.960500717163086,1.9163992962773038,-9.178200870957443,7.418191625081842,18.03128940159261,-37.845732926776094,19.317564635683254,-16.23001895921401,-8.255350130489475,15.28380449019033,16.929686843252487,13.920548747217898,-68.73960270839076
529481339137822,2.279815991,2280,115,-3.79951548576355,0.6385641098022461,-0.6018864512443542,5.260515213012695,-1.0497877597808838,0.3016875684261322,-1.0,0.6385641098022461,-0.6018864512443542,1.0,-1.0,0.3016875684261322,-0.31324100494384766,-7.1945390701293945,1.3786113262176514,20.31324005126953,-40.05351638793945,14.321355819702148,1.594206707114432,-9.292710533736845,7.782608522179211,18.341993905773236,-37.60313140852479,18.02578870159524,-14.48604324088796,-6.731885119958266,13.19090322851401,13.50823247294971,11.619899983791962,-60.38026761793554
529481359162218,2.299840387,2300,116,-3.8110437393188477,0.6116209030151367,-0.5914698839187622,5.16934061050415,-0.9057716131210327,0.1658216416835785,-1.0,0.6116209030151367,-0.5914698839187622,1.0,-0.9057716131210327,0.1658216416835785,-0.31324100494384766,-7.7348456382751465,1.5278176069259644,20.31324005126953,-38.163909912109375,12.375219345092773,1.3146998847979012,-9.385324603634132,8.122460434437063,18.590254398575983,-37.41935315608985,16.91258666357613,-11.924824447142724,-6.293938629706776,12.905347930095575,10.506314918273967,8.845686505648718,-51.61101142961762
529481378996899,2.319675068,2320,117,-3.807157278060913,0.6449217200279236,-0.5140314698219299,4.980129241943359,-0.8074093461036682,0.12982186675071716,-1.0,0.6449217200279236,-0.5140314698219299,1.0,-0.8074093461036682,0.12982186675071716,-0.31324100494384766,-7.067047119140625,2.6370410919189453,20.31324005126953,-36.191402435302734,11.8595609664917,1.13595708269549,-9.522721479626737,8.370523317858053,18.725078835487384,-37.0956983065536,15.753973057793287,-7.412734258321553,-6.851208830144449,12.756045458526197,4.946925788682297,19.140992767319506,-58.133848130000295
529481399124449,2.339802618,2340,118,-3.7158899307250977,0.6119926571846008,-0.5273996591567993,4.756628036499023,-0.628395140171051,0.02726433053612709,-1.0,0.6119926571846008,-0.5273996591567993,1.0,-0.628395140171051,0.02726433053612709,-0.31324100494384766,-7.727390289306641,2.4455559253692627,20.31324005126953,-32.601531982421875,10.390532493591309,1.0342092815167263,-9.601163375268039,8.689777379629659,18.758101490227624,-36.488449530235414,14.62521087793885,-2.2039554342289267,-4.787108468303304,11.195239328537266,-0.7978670267916409,35.47952707723853,-53.46061460798786
529481418974080,2.359652249,2360,119,-3.7790729999542236,0.5723549127578735,-0.5118521451950073,4.500065803527832,-0.454062819480896,-0.12241828441619873,-1.0,0.5723549127578735,-0.5118521451950073,1.0,-0.454062819480896,-0.12241828441619873,-0.31324100494384766,-8.522266387939453,2.668257713317871,20.31324005126953,-29.105558395385742,8.24648666381836,1.0569284238651573,-9.647744127329402,8.993885003832746,18.655777694024653,-35.39709716250449,13.483352945137485,4.631509106403094,-4.049524474420292,11.391129945026236,-7.9706715889515936,63.22393177373614,-56.194816765320624
529481439264152,2.379942321,2380,120,-3.7702672481536865,0.575121283531189,-0.41219213604927063,4.086630344390869,-0.3003852963447571,-0.12729425728321075,-1.0,0.575121283531189,-0.41219213604927063,1.0,-0.3003852963447571,-0.12729425728321075,-0.31324100494384766,-8.466792106628418,4.095782279968262,20.31324005126953,-26.023780822753906,8.176643371582031,1.2513606632355094,-9.755263166895991,9.22542453293154,18.39697422443436,-33.72200786010488,12.163693238124393,12.09613123460967,-5.84575253178138,12.318953755211743,-14.676415788144599,91.20402829627318,-67.1300971644076
529481459363274,2.400041443,2400,121,-3.6372745037078857,0.5156227350234985,-0.2950797379016876,3.541701078414917,-0.08654338121414185,-0.13439185917377472,-1.0,0.5156227350234985,-0.2950797379016876,1.0,-0.08654338121414185,-0.13439185917377472,-0.31324100494384766,-9.659947395324707,5.773293495178223,20.31324005126953,-21.735498428344727,8.07497787475586,1.5655915737573287,-9.878544124759197,9.577058679914272,18.037936322540247,-31.581655344065616,10.924932604258803,18.769243942680646,-8.761640848148488,13.645048668072114,-20.021444212930266,112.34923023693196,-57.221777902763435
529481479169123,2.419847292,2420,122,-3.4449944496154785,0.4471648633480072,-0.06339475512504578,2.851919651031494,0.10547537356615067,-0.12123338878154755,-1.0,0.4471648633480072,-0.06339475512504578,1.0,0.10547537356615067,-0.12123338878154755,-0.31324100494384766,-11.032768249511719,9.091936111450195,20.31324005126953,-17.884845733642578,8.263458251953125,2.0418424717835233,-10.169642700256812,9.945248159008472,17.548328695968184,-28.99529479261623,9.943936982394149,25.948851458004604,-17.16070226613906,20.347633979619868,-25.745842418554027,133.9793936180017,-43.59333330171831
529481499167679,2.439845848,2440,123,-2.951716899871826,0.2933095395565033,0.23843401670455933,1.9831639528274536,0.3159639835357666,-0.027972515672445297,-1.0,0.2933095395565033,0.23843401670455933,1.0,0.3159639835357666,-0.027972515672445297,-0.31324100494384766,-14.118109703063965,13.415314674377441,20.31324005126953,-13.66380786895752,9.599322319030762,2.6549848200966597,-10.711254085385786,10.587090161708375,16.959806490180256,-26.056712732384383,9.264107804115017,34.104799395349936,-34.79941526128544,29.75234861830092,-31.728591901117912,149.91762441450044,-28.57889802061197
529481519075773,2.459753942,2460,124,-2.1527035236358643,0.07141830027103424,0.6964522004127502,0.9347293972969055,0.5224849581718445,0.07912784814834595,-1.0,0.07141830027103424,0.6964522004127502,0.9347293972969055,0.5224849581718445,0.07912784814834595,-0.31324100494384766,-18.56781005859375,19.975942611694336,19.64008903503418,-9.522335052490234,11.133421897888184,3.469563226190585,-11.82501995305246,11.459974420999906,16.219342917676425,-22.85576827515473,9.021325389853931,42.857308203316734,-64.69606521055083,49.182125040278365,-38.494744906310395,160.6331846588286,-4.8147669021552
529481539313519,2.479991688,2480,125,-1.057181715965271,-0.3027910590171814,1.1375929117202759,-0.14929696917533875,0.7979727983474731,0.09828202426433563,-1.0,-0.3027910590171814,1.0,-0.14929696917533875,0.7979727983474731,0.09828202426433563,-0.31324100494384766,-26.072025299072266,24.323944091796875,8.4602632522583,-3.9978342056274414,11.407785415649414,4.4522211128040325,-13.771812070885602,12.860830167438031,15.272762176240388,-19.493537954456475,9.243650181211825,50.68039776134193,-111.16363073852564,78.07966529786893,-50.296256175255564,167.13735207876096,17.302194393244267
529481559064655,2.499742824,2500,126,0.42556247115135193,-0.8561318516731262,1.3486648797988892,-1.0232709646224976,1.1670749187469482,-0.07557560503482819,0.42556247115135193,-0.8561318516731262,1.0,-1.0,1.0,-0.07557560503482819,14.38892650604248,-37.16845703125,24.323944091796875,-0.31324100494384766,0.05352306738495827,8.917458534240723,5.083456254097642,-16.886123474655598,14.975498468616678,13.285124218137868,-15.687566632798271,9.692247883594979,22.536024504855583,-174.76371194099983,117.05146185058281,-119.2047440285466,195.14450312739962,23.84211368411559
529481579192544,2.519870713,2520,127,1.931365966796875,-1.7326143980026245,1.4608579874038696,-1.3094640970230103,1.9068241119384766,0.09415362775325775,1.0,-1.0,1.0,-1.0,1.0,0.09415362775325775,20.31324005126953,-40.05351638793945,24.323944091796875,-0.31324100494384766,0.05352306738495827,11.348650932312012,5.581883856705528,-21.14566943133538,17.426674472711362,11.507621721042325,-14.480098408277653,7.08802779697143,32.446369309526176,-229.53152728507868,120.5581505667574,-90.81829807647115,60.905598149570444,-127.10662847679862
529481599051712,2.539729881,2540,128,2.279710054397583,-1.8226197957992554,1.537645936012268,-1.528529167175293,1.7096267938613892,0.20805378258228302,1.0,-1.0,1.0,-1.0,1.0,0.20805378258228302,20.31324005126953,-40.05351638793945,24.323944091796875,-0.31324100494384766,0.05352306738495827,12.980149269104004,6.820357671988299,-26.0938967876686,19.544967586208585,9.994261097003648,-13.380442572275284,5.098337082760912,73.63383901303366,-247.7965691295216,95.54924416314273,-68.51254959121268,51.86394712225358,-84.53888777518812
529481619052250,2.559730419,2560,129,2.719324827194214,-1.865309238433838,1.6067376136779785,-1.8182933330535889,1.4225493669509888,-0.18263041973114014,1.0,-1.0,1.0,-1.0,1.0,-0.18263041973114014,20.31324005126953,-40.05351638793945,24.323944091796875,-0.31324100494384766,0.05352306738495827,7.384011268615723,8.455509552609197,-30.585756010095075,21.093056298860866,8.751215121857015,-12.479984514288729,4.650652363362724,84.16164948279126,-207.99600482791337,67.17275527246619,-59.46032865649079,45.03267521784569,-4.053816661288849
529481639222685,2.579900854,2580,130,2.935283899307251,-1.9176411628723145,1.8356072902679443,-1.6525733470916748,1.2068754434585571,-0.2926880717277527,1.0,-1.0,1.0,-1.0,1.0,-0.2926880717277527,20.31324005126953,-40.05351638793945,24.323944091796875,-0.31324100494384766,0.05352306738495827,5.807551383972168,10.137470784449462,-34.08813291712198,22.147923508807672,7.605727006050099,-11.362460032523531,4.431989820204161,82.85287263059088,-154.66795646954722,44.944623551436436,-55.830652494916,60.283723824160994,-12.74308491585521
529481659247711,2.599925880,2600,131,3.1934003829956055,-1.8939939737319946,2.0165762901306152,-1.6158746480941772,1.2330055236816406,-0.3504945933818817,1.0,-1.0,1.0,-1.0,1.0,-0.3504945933818817,20.31324005126953,-40.05351638793945,24.323944091796875,-0.31324100494384766,0.05352306738495827,4.979534149169922,11.714524358130522,-36.51380994781504,22.84206857126386,6.538596214068356,-10.062093621776997,4.127917428877559,75.94350791883072,-102.06697934281401,29.338588552008325,-51.64781152503011,66.17237756043922,-15.490798788617914
529481679078299,2.619756468,2620,132,3.4034159183502197,-1.7853480577468872,2.0745739936828613,-1.5884504318237305,1.224022388458252,-0.4580589830875397,1.0,-1.0,1.0,-1.0,1.0,-0.4580589830875397,20.31324005126953,-40.05351638793945,24.323944091796875,-0.31324100494384766,0.05352306738495827,3.4387879371643066,13.12348244533207,-37.99042652055251,23.293410794585895,5.5670520373456736,-8.753690639208475,3.825974656855962,66.9800027019467,-58.23465835031551,19.068287115185626,-46.60326399033588,63.82091636115917,-14.11192560559391
529481699091394,2.639769563,2640,133,3.446502208709717,-1.6694376468658447,2.0812366008758545,-1.5841208696365356,1.1877403259277344,-0.5056437849998474,1.0,-1.0,1.0,-1.0,1.0,-0.5056437849998474,20.31324005126953,-40.05351638793945,24.323944091796875,-0.31324100494384766,0.05352306738495827,2.757185935974121,14.355104894936927,-38.72496865937075,23.588075945834067,4.693103353162299,-7.5258357357535886,3.5580720782927733,58.313313635345004,-25.25318173201952,12.512161321072211,-41.86690628658553,59.02682357942934,-12.157925020257384
529481719312238,2.659990407,2660,134,3.4702415466308594,-1.564594030380249,2.052126407623291,-1.5861507654190063,1.1636165380477905,-0.5371016263961792,1.0,-1.0,1.0,-1.0,1.0,-0.5371016263961792,20.31324005126953,-40.05351638793945,24.323944091796875,-0.31324100494384766,0.05352306738495827,2.3065855503082275,15.418697859922316,-38.93713206403172,23.78386271897959,3.913681339864691,-6.436601889725586,3.355349892272823,50.170872988018544,-3.2826561190618486,8.40382288822114,-37.22430450077575,51.192239126259906,-8.50626524707269
529481739066895,2.679745064,2680,135,3.4934585094451904,-1.4699699878692627,1.9941657781600952,-1.6042954921722412,1.139231562614441,-0.5578324198722839,1.0,-1.0,1.0,-1.0,1.0,-0.5578324198722839,20.31324005126953,-40.05351638793945,24.323944091796875,-0.31324100494384766,0.05352306738495827,2.009638786315918,16.328952888632198,-38.834882789849935,23.9176928485665,3.222097556193926,-5.522004352320539,3.2353754100759153,42.75467551115855,9.235287037522081,5.80401842376739,-33.00968975461303,42.250172730674585,-4.282035213365373
529481759081310,2.699759479,2700,136,3.526931047439575,-1.3641408681869507,1.9051483869552612,-1.6772013902664185,1.0722070932388306,-0.6000510454177856,1.0,-1.0,1.0,-1.0,1.0,-0.6000510454177856,20.31324005126953,-40.05351638793945,24.323944091796875,-0.31324100494384766,0.05352306738495827,1.4049015045166016,17.11797806243509,-38.581161953096526,24.01257796949393,2.5838654298690478,-4.739702992193503,3.3071852138278786,39.916396181132306,11.995005913845503,4.3477385336405545,-34.38126740884181,42.544299781742794,21.24110050820487
529481779072259,2.719750428,2720,137,3.581228733062744,-1.3183603286743164,1.8302171230316162,-1.737267255783081,1.0638036727905273,-0.6268749237060547,1.0,-1.0,1.0,-1.0,1.0,-0.6268749237060547,20.31324005126953,-40.05351638793945,24.323944091796875,-0.31324100494384766,0.05352306738495827,1.0206778049468994,17.756704347249755,-38.22492118744661,24.077984198043474,2.0527396573186767,-4.153581050937274,3.2966174334746112,29.763587266706644,18.035337927048364,2.901843050382541,-25.397157723775035,27.04961749305021,0.45222035755887585
529481799170720,2.739848889,2740,138,3.5891306400299072,-1.208825707435608,1.7036927938461304,-1.803483486175537,0.9845077991485596,-0.5719049572944641,1.0,-1.0,1.0,-1.0,0.9845077991485596,-0.5719049572944641,20.31324005126953,-40.05351638793945,24.323944091796875,-0.31324100494384766,-0.2571497857570648,1.808064579963684,18.288321862151324,-37.87869688467717,24.12601243775099,1.5792168421831583,-3.6677519686766025,3.341363242242931,24.705044856895498,16.637275368992338,2.129371379808073,-22.57963637396637,22.588797241577204,3.3705147626210734
529481819276263,2.759954432,2760,139,3.624453067779541,-1.1212620735168457,1.5984869003295898,-1.8588727712631226,0.9159801006317139,-0.6221371293067932,1.0,-1.0,1.0,-1.0,0.9159801006317139,-0.6221371293067932,20.31324005126953,-40.05351638793945,24.323944091796875,-0.31324100494384766,-1.6313718557357788,1.0885417461395264,18.713230588936085,-37.58313774325916,24.16105567378597,1.1813825930792747,-3.3261041199703465,3.477790729965801,19.220344416697305,13.59725099347447,1.5423212081434399,-18.384810288348444,14.27202747176367,8.450517120317624
529481839225086,2.779903255,2780,140,3.5944793224334717,-1.0161716938018799,1.454055905342102,-1.9061954021453857,0.8266264200210571,-0.6123931407928467,1.0,-1.0,1.0,-1.0,0.8266264200210571,-0.6123931407928467,20.31324005126953,-40.05351638793945,24.323944091796875,-0.31324100494384766,-3.423227548599243,1.2281140089035034,19.042159535046856,-37.36263199993331,24.185608432221855,0.8728854358040602,-3.1608435885600095,3.7878855524125536,13.41826106022642,10.55255782724604,0.9985500825779741,-12.339133372058145,2.8011720913680582,11.790609945831402
529481859418163,2.800096332,2800,141,3.542341470718384,-0.910637617111206,1.3110630512237549,-1.9200096130371094,0.7724967002868652,-0.6054757237434387,1.0,-0.910637617111206,1.0,-1.0,0.7724967002868652,-0.6054757237434387,20.31324005126953,-38.26148986816406,24.323944091796875,-0.31324100494384766,-4.508718490600586,1.3271987438201904,19.2359661710464,-37.210809166902116,24.20088362070619,0.7117019881208265,-3.3108296191307898,4.138103784901463,7.54840454392488,6.043032784401723,0.6269669382954683,-6.0762138666316625,-12.01790419388023,20.06934132258869
529481878987976,2.819666145,2820,142,3.4893672466278076,-0.7913190126419067,1.1425597667694092,-1.9667081832885742,0.6690681576728821,-0.6083813309669495,1.0,-0.7913190126419067,1.0,-1.0,0.6690681576728821,-0.6083813309669495,20.31324005126953,-35.86872863769531,24.323944091796875,-0.31324100494384766,-6.582825660705566,1.285578966140747,19.29723531487069,-36.97348953780209,24.205462207823015,0.6581563962469295,-3.670941951427195,4.703574129501913,-0.4408570738070592,15.764374695480612,0.12091215623380949,0.48794559703807544,-22.755511441772672,25.154336795853606
529481899042021,2.839720190,2840,143,3.3792614936828613,-0.6682891845703125,0.9284115433692932,-1.929779052734375,0.6169073581695557,-0.5584105253219604,1.0,-0.6682891845703125,0.9284115433692932,-1.0,0.6169073581695557,-0.5584105253219604,20.31324005126953,-33.40155029296875,23.29851531982422,-0.31324100494384766,-7.628833293914795,2.0013580322265625,19.16742342382597,-36.41085568822673,24.205990760645417,0.7824847966073623,-4.306444819326493,5.275686309065741,-9.134747187108115,33.22179222273033,0.011248014165336533,8.618062164913725,-35.126055648833,30.585806038906924
529481919179828,2.859857997,2860,144,3.2178738117218018,-0.507847011089325,0.6855275630950928,-1.8985888957977295,0.5218991637229919,-0.5515380501747131,1.0,-0.507847011089325,0.6855275630950928,-1.0,0.5218991637229919,-0.5515380501747131,20.31324005126953,-30.184120178222656,19.8194580078125,-0.31324100494384766,-9.534082412719727,2.0997989177703857,18.894614959905255,-35.46175551583191,24.06042804992981,1.0317300185544256,-5.099750786326803,6.035902196920328,-16.643686310970548,54.28083379796862,-9.947624295538288,15.61659330208286,-43.49715899100049,34.82480132780847
529481939167655,2.879845824,2880,145,2.905222177505493,-0.317419171333313,0.44777294993400574,-1.8354754447937012,0.492207407951355,-0.5011317133903503,1.0,-0.317419171333313,0.44777294993400574,-1.0,0.492207407951355,-0.5011317133903503,20.31324005126953,-26.36536979675293,16.41387367248535,-0.31324100494384766,-10.12950611114502,2.8218164443969727,18.465165180557293,-34.02603088501627,23.321221547084665,1.4460413872559834,-6.098253896498268,6.776590154384102,-23.1148414019913,78.02747455200314,-46.27688501472521,22.595834291043904,-51.84150064854492,38.23358291274324
529481959196028,2.899874197,2900,146,2.440218925476074,-0.14583420753479004,0.3018573522567749,-1.823527216911316,0.4747393727302551,-0.4597373306751251,1.0,-0.14583420753479004,0.3018573522567749,-1.0,0.4747393727302551,-0.4597373306751251,20.31324005126953,-22.92448616027832,14.323786735534668,-0.31324100494384766,-10.479802131652832,3.4147472381591797,17.93599374856436,-32.076919869012855,21.836209829005927,1.9503956039288526,-7.1404726344253096,7.633565415802605,-28.459979183017307,104.90721307459218,-82.52929807386269,27.629690895582854,-53.9738073400486,38.130851191639614
529481979255047,2.919933216,2920,147,1.81019127368927,0.020548760890960693,0.14364661276340485,-1.7865169048309326,0.4615408778190613,-0.3990271985530853,1.0,0.020548760890960693,0.14364661276340485,-1.0,0.4615408778190613,-0.3990271985530853,20.31324005126953,-19.587923049926758,12.057584762573242,-0.31324100494384766,-10.744478225708008,4.284355640411377,17.336073607840632,-29.672318681350305,19.914619968774,2.518542824677884,-8.148134359073286,8.472921157875124,-27.74730811570067,122.83891872111712,-97.47818290603718,25.868546017446185,-43.259470230756165,53.18220155340514
529481999012064,2.939690233,2940,148,1.0181889533996582,0.15649697184562683,-0.02510789968073368,-1.581430435180664,0.4841591715812683,-0.24158458411693573,1.0,0.15649697184562683,-0.02510789968073368,-1.0,0.4841591715812683,-0.24158458411693573,20.31324005126953,-16.861682891845703,9.640355110168457,-0.31324100494384766,-10.290902137756348,6.539555072784424,16.696620094070393,-26.931587322868328,17.79565173561144,3.1417957795954767,-9.119577673482292,9.186504774258504,-31.285951425608488,138.5859375705923,-104.90709597548074,31.00102015115887,-46.501316957863054,34.73658500038913
529482019219626,2.959897795,2960,149,0.023622289299964905,0.3339593708515167,-0.22334329783916473,-1.2532875537872314,0.41118258237838745,-0.04544105753302574,0.023622289299964905,0.3339593708515167,-0.22334329783916473,-1.0,0.41118258237838745,-0.04544105753302574,10.243621826171875,-13.302936553955078,6.800841808319092,-0.31324100494384766,-11.754340171813965,9.349103927612305,16.10125334848079,-24.07232122729802,15.56762647579143,3.7233798618512366,-9.93948467699103,9.97829188909228,-25.550898439500244,139.57906366127287,-109.33270862136823,24.497322235181578,-31.692497591603463,52.76377243723333
529482039195822,2.979873991,2980,150,-1.2556524276733398,0.6584481000900269,-0.0691034272313118,-0.4098530113697052,0.13973036408424377,0.4839252233505249,-1.0,0.6584481000900269,-0.0691034272313118,-0.4098530113697052,0.13973036408424377,0.4839252233505249,-0.31324100494384766,-6.795795440673828,9.010165214538574,5.7730865478515625,-17.197914123535156,16.931716918945312,14.770769566008898,-20.920232278666926,13.219399821419314,3.847822343288074,-10.961301146545608,10.79596396911782,-81.12188136616467,159.47048537038899,-115.75683216980454,-3.8719014206813465,-55.02913465770062,44.01954261239554
529482059201345,2.999879514,3000,151,-2.7158429622650146,1.174141526222229,0.28539368510246277,0.9431671500205994,-0.560805082321167,1.3699002265930176,-1.0,1.0,0.28539368510246277,0.9431671500205994,-0.560805082321167,1.0,-0.31324100494384766,0.05352306738495827,14.087963104248047,19.727108001708984,-31.246116638183594,24.323944091796875,12.313612624332867,-17.09116063199846,11.494738205751359,3.743894227422294,-12.948236904971647,12.229009047035866,-139.0521115989628,200.440087564323,-70.67895696392974,-4.378352775867725,-119.11987397476116,83.07668522578776
529482079262394,3.019940563,3020,152,-3.2737622261047363,1.3872305154800415,0.4863142967224121,2.1222057342529297,-1.006406307220459,1.5289958715438843,-1.0,1.0,0.4863142967224121,1.0,-1.0,1.0,-0.31324100494384766,0.05352306738495827,16.965938568115234,20.31324005126953,-40.05351638793945,24.323944091796875,10.2728071568683,-14.00590476383229,9.83106161369227,4.761163078606606,-16.846699327797214,14.72986645982176,-66.95225955152685,83.04155868398347,-127.2811176997857,65.06421085092686,-213.15319265307517,137.38878345855332
529482099371787,3.040049956,3040,153,-2.973694086074829,1.2706114053726196,0.4073742628097534,2.299741506576538,-1.1242382526397705,1.115734338760376,-1.0,1.0,0.4073742628097534,1.0,-1.0,1.0,-0.31324100494384766,0.05352306738495827,15.835205078125,20.31324005126953,-40.05351638793945,24.323944091796875,9.107775741295638,-12.706251725191015,8.277957640643518,6.62255778355863,-22.05810839223386,17.431902695409086,-54.928936196399576,56.0748591942342,-51.89620620450342,102.77504759294762,-273.8971680256154,128.32634242624712
529482119145467,3.059823636,3060,154,-3.118053674697876,1.1165515184402466,0.03262286260724068,3.056023120880127,-1.3002090454101562,1.1792759895324707,-1.0,1.0,0.03262286260724068,1.0,-1.0,1.0,-0.31324100494384766,0.05352306738495827,10.467287063598633,20.31324005126953,-40.05351638793945,24.323944091796875,8.049687552515044,-11.715660082536516,7.652496779979822,8.714680855463632,-27.3332464538379,19.620144951756686,-52.0993285419367,46.37703462800636,-20.95407002827319,102.88390935276047,-251.15896062566085,97.33867520407992
529482139084216,3.079762385,3080,155,-2.7224855422973633,0.9598124027252197,-0.3057207763195038,3.7417774200439453,-1.3905844688415527,1.2671476602554321,-1.0,0.9598124027252197,-0.3057207763195038,1.0,-1.0,1.0,-0.31324100494384766,-0.7523794174194336,5.6208720207214355,20.31324005126953,-40.05351638793945,24.323944091796875,7.022964361096403,-10.688950826313794,6.820380811435349,10.629397986890973,-31.722403565386617,21.18515830148367,-50.38355152751157,51.89769617226029,-48.72198264082404,90.36731934187708,-198.3440586927765,67.4918093646713
529482159077201,3.099755370,3100,156,-2.9953677654266357,0.8744669556617737,-0.19737975299358368,4.249634742736816,-1.5248671770095825,1.1998350620269775,-1.0,0.8744669556617737,-0.19737975299358368,1.0,-1.0,1.0,-0.31324100494384766,-2.463855743408203,7.1727423667907715,20.31324005126953,-40.05351638793945,24.323944091796875,6.082594549999564,-9.636086891749027,5.250386616705596,12.23688281785338,-34.97854356654647,22.238191641003308,-44.589779622646326,50.24009678554812,-89.02699689641561,73.99478611936367,-141.4348938420717,44.66089319773274
529482179027377,3.119705546,3120,157,-3.3709301948547363,0.7315024137496948,-0.25998175144195557,4.6406779289245605,-1.5637540817260742,1.0131425857543945,-1.0,0.7315024137496948,-0.25998175144195557,1.0,-1.0,1.0,-0.31324100494384766,-5.330798625946045,6.276035308837891,20.31324005126953,-40.05351638793945,24.323944091796875,5.22708515018325,-8.902284283198538,4.978614458575511,13.555668251922883,-37.05121500192766,22.917563327987935,-39.17973523734662,28.065759253172956,5.06981216445469,60.24903348153454,-81.90499410117376,28.385273119163973
529482199045805,3.139723974,3140,158,-3.5099704265594482,0.6663684248924255,-0.4835682213306427,5.035160064697266,-1.4389514923095703,1.0048877000808716,-1.0,0.6663684248924255,-0.4835682213306427,1.0,-1.0,1.0,-0.31324100494384766,-6.636964321136475,3.073395013809204,20.31324005126953,-40.05351638793945,24.323944091796875,4.5663571521031985,-8.61445366737822,5.184586372267218,14.599726978366805,-38.21369304219052,23.35373286095604,-30.2675991259356,7.788530007146228,14.053777661245666,47.71700986842389,-45.059337747315375,18.386970770860373
529482219063963,3.159742132,3160,159,-3.6336982250213623,0.6900523900985718,-0.46591809391975403,5.2284674644470215,-1.3928086757659912,0.9438657164573669,-1.0,0.6900523900985718,-0.46591809391975403,1.0,-1.0,0.9438657164573669,-0.31324100494384766,-6.162017822265625,3.32621431350708,20.31324005126953,-40.05351638793945,23.519878387451172,4.028997887039291,-8.5898801274987,5.5092465413011285,15.437497848149103,-38.76025984387896,23.635263925582063,-25.298446591534667,-1.880144255534009,17.82756900240492,38.63574139276903,-17.842805775197967,11.86118750144254
529482239165561,3.179843730,3180,160,-3.8428754806518555,0.6717314720153809,-0.5153734683990479,5.353178977966309,-1.3282506465911865,0.6512342691421509,-1.0,0.6717314720153809,-0.5153734683990479,1.0,-1.0,0.6512342691421509,-0.31324100494384766,-6.529417037963867,2.6178183555603027,20.31324005126953,-40.05351638793945,19.328243255615234,3.5261350867040107,-8.629259532447302,5.986733045537182,16.138183004788477,-38.88798593591271,23.706667800732266,-27.947696462303984,3.1444199914317412,38.89207217861697,35.17478736238146,-2.314246660294454,0.7038055522932999
529482259124285,3.199802454,3200,161,-3.8520421981811523,0.6409834623336792,-0.5936195254325867,5.417992115020752,-1.25737726688385,0.5678393244743347,-1.0,0.6409834623336792,-0.5936195254325867,1.0,-1.0,0.5678393244743347,-0.31324100494384766,-7.146022796630859,1.4970263242721558,20.31324005126953,-40.05351638793945,18.133697509765625,3.095072582116506,-8.777037229983938,6.349371850096361,16.70990374718162,-38.726923382918315,23.057907124822286,-21.112001104384664,-7.90644548769094,18.135846515438345,26.891574166692433,11.103794514635064,-44.347416019059715
529482279068672,3.219746841,3220,162,-3.776613712310791,0.6791947484016418,-0.5959917306900024,5.39622163772583,-1.2752186059951782,0.541704535484314,-1.0,0.6791947484016418,-0.5959917306900024,1.0,-1.0,0.541704535484314,-0.31324100494384766,-6.379751682281494,1.463046908378601,20.31324005126953,-40.05351638793945,17.75934410095215,2.670629484666124,-8.91399481307808,6.79488358972377,17.217759155206206,-38.46204606303588,21.905856943686814,-23.687009786305897,-1.9411242755306612,34.897538196036095,26.292578624736237,12.627662794707819,-60.53874509652934
529482298994514,3.239672683,3240,163,-3.836017608642578,0.619046688079834,-0.6528817415237427,5.441246032714844,-1.1692800521850586,0.38657867908477783,-1.0,0.619046688079834,-0.6528817415237427,1.0,-1.0,0.38657867908477783,-0.31324100494384766,-7.58593225479126,0.6481575965881348,20.31324005126953,-40.05351638793945,15.537330627441406,2.2843439635930727,-9.043362308917345,7.101955947262447,17.641387863036314,-38.14354282077217,20.715227930302174,-19.230842037206152,-4.8634044233115326,14.399456080458501,20.065430802282094,15.762843658547585,-56.65130031594483
529482319141167,3.259819336,3260,164,-3.8211710453033447,0.6415642499923706,-0.5984751582145691,5.370694160461426,-1.1592994928359985,0.34572747349739075,-1.0,0.6415642499923706,-0.5984751582145691,1.0,-1.0,0.34572747349739075,-0.31324100494384766,-7.13437557220459,1.4274744987487793,20.31324005126953,-40.05351638793945,14.952179908752441,1.9209092648366075,-9.141462976410855,7.453263143535473,18.02103040037487,-37.85646019372053,19.414756071111036,-16.085111069392816,-7.64853846661168,13.770587162685569,16.993156304322895,14.354082517105143,-65.86972124950094
529482339120619,3.279798788,3280,165,-3.8531148433685303,0.6509236693382263,-0.5907948613166809,5.271827220916748,-1.0633665323257446,0.29530495405197144,-1.0,0.6509236693382263,-0.5907948613166809,1.0,-1.0,0.29530495405197144,-0.31324100494384766,-6.946686267852783,1.5374865531921387,20.31324005126953,-40.05351638793945,14.229930877685547,1.5985284913245554,-9.251855648839431,7.815129717077644,18.33684166175159,-37.61718792918028,18.135129901450387,-18.248171989433153,-0.2962524417553261,29.841268426544293,16.809094811924215,9.266071140912329,-60.61039244425635
529482359273809,3.299951978,3300,166,-3.768245220184326,0.6141316294670105,-0.6054256558418274,5.174989700317383,-0.8994594812393188,0.20681209862232208,-1.0,0.6141316294670105,-0.6054256558418274,1.0,-0.8994594812393188,0.20681209862232208,-0.31324100494384766,-7.684496879577637,1.327915906906128,20.31324005126953,-38.03732681274414,12.962364196777344,1.3381628673816208,-9.376179448129779,8.066786362047857,18.57250245109871,-37.41837421048785,16.988102447937376,-12.359693589399946,-5.317011088933103,12.101428669551092,10.661933066780218,8.724441576860425,-53.69817948103469
529482379076423,3.319754592,3320,167,-3.75396728515625,0.6495248675346375,-0.5127399563789368,4.9836835861206055,-0.8162374496459961,0.11538361012935638,-1.0,0.6495248675346375,-0.5127399563789368,1.0,-0.8162374496459961,0.11538361012935638,-0.31324100494384766,-6.974737644195557,2.655540704727173,20.31324005126953,-36.36843490600586,11.652748107910156,1.1367946019673316,-9.463959430547858,8.382232870427119,18.723421078366034,-37.091326800646115,15.884726600716142,-7.231816217630746,-6.338064379850624,11.28174632433343,4.824323982039849,20.343788350080597,-53.561435269584805
529482399018959,3.339697128,3340,168,-3.740899085998535,0.6174854040145874,-0.5272582173347473,4.761604309082031,-0.6365426182746887,0.017973817884922028,-1.0,0.6174854040145874,-0.5272582173347473,1.0,-0.6365426182746887,0.017973817884922028,-0.31324100494384766,-7.617241859436035,2.4475820064544678,20.31324005126953,-32.76491928100586,10.257455825805664,1.0250706993432062,-9.52178429090648,8.6967227339753,18.762276979292917,-36.491359794157816,14.751186049394379,-6.866381364955555,3.15024780348316,27.70881974945957,2.654830781669849,32.41524116126677,-55.55407996064402
529482419242610,3.359920779,3360,169,-3.7558305263519287,0.5808553099632263,-0.5291354060173035,4.532382965087891,-0.46281588077545166,-0.07359850406646729,-1.0,0.5808553099632263,-0.5291354060173035,1.0,-0.46281588077545166,-0.07359850406646729,-0.31324100494384766,-8.35180377960205,2.4206931591033936,20.31324005126953,-29.28108787536621,8.945777893066406,1.058572022117167,-9.596742012406185,8.908912712966872,18.648079351692164,-35.41118916032602,13.54987719768074,3.8667834470181544,-3.232191708972188,10.488909062881403,-7.752395378687961,61.493440087084004,-59.30276993652824
529482438987178,3.379665347,3380,170,-3.7071728706359863,0.580654501914978,-0.4089074730873108,4.107738018035889,-0.3160717487335205,-0.14820268750190735,-1.0,0.580654501914978,-0.4089074730873108,1.0,-0.3160717487335205,-0.14820268750190735,-0.31324100494384766,-8.355831146240234,4.142831325531006,20.31324005126953,-26.338350296020508,7.877152442932129,1.2218323317152457,-9.650525504381722,9.204874549156317,18.412182310719476,-33.781169138734,12.294367694375003,11.854423007393914,-5.070368532447207,10.596031673350693,-14.39382564121725,89.67290770683024,-61.539464520974036
529482459083389,3.399761558,3400,171,-3.6650424003601074,0.5216790437698364,-0.2976936101913452,3.5577588081359863,-0.09986187517642975,-0.1401280015707016,-1.0,0.5216790437698364,-0.2976936101913452,1.0,-0.09986187517642975,-0.1401280015707016,-0.31324100494384766,-9.538496017456055,5.7358527183532715,20.31324005126953,-22.002580642700195,7.9928131103515625,1.521493028466867,-9.74998206023622,9.552409898061622,18.067649656753925,-31.690843902708256,11.046491506858217,13.843822140138496,-0.12762231462057222,30.940340076958766,-15.815733078707646,107.43480629941874,-60.028888402430134
529482479074667,3.419752836,3420,172,-3.474395513534546,0.44018882513046265,-0.1509447693824768,2.9517362117767334,0.11057226359844208,-0.12595601379871368,-1.0,0.44018882513046265,-0.1509447693824768,1.0,0.11057226359844208,-0.12595601379871368,-0.31324100494384766,-11.172662734985352,7.837874889373779,20.31324005126953,-17.782634735107422,8.195812225341797,1.9971491508675616,-10.043407089446593,9.90072192045048,17.58654561007432,-29.14446603726502,10.007373331458384,25.94892315159645,-17.30806663498535,19.10185680076315,-25.439535935731648,132.05673368068202,-46.368369917323626
529482498990500,3.439668669,3440,173,-2.972377300262451,0.33246809244155884,0.24293728172779083,2.045870542526245,0.27644431591033936,-0.04327525943517685,-1.0,0.33246809244155884,0.24293728172779083,1.0,0.27644431591033936,-0.04327525943517685,-0.31324100494384766,-13.332842826843262,13.479819297790527,20.31324005126953,-14.456316947937012,9.380126953125,2.624160958864972,-10.592975897243294,10.426505360695183,16.986302435641576,-26.200009199689088,9.280089813738535,33.37335587138291,-31.937043352639265,29.21049705727085,-31.197562465562996,150.5253026949831,-30.66049388182103
529482519236967,3.459915136,3460,174,-2.196233034133911,0.08019718527793884,0.6674379706382751,0.9847885370254517,0.505241334438324,0.07857327163219452,-1.0,0.08019718527793884,0.6674379706382751,0.9847885370254517,0.505241334438324,0.07857327163219452,-0.31324100494384766,-18.391761779785156,19.56034278869629,20.156360626220703,-9.868130683898926,11.125478744506836,3.395927026473223,-11.593793445011451,11.36134192773359,16.28784401910402,-23.051750960333003,8.98582797273932,42.16013039317845,-61.824669267048336,45.67141374945893,-37.45029719468892,157.32942182739853,-7.5346027151826425
529482539099373,3.479777542,3480,175,-1.1452593803405762,-0.27309441566467285,1.1237989664077759,-0.08282958716154099,0.7827468514442444,0.10458789765834808,-1.0,-0.27309441566467285,1.0,-0.08282958716154099,0.7827468514442444,0.10458789765834808,-0.31324100494384766,-25.476503372192383,24.323944091796875,9.145757675170898,-4.303167343139648,11.4981107711792,4.396154468215159,-13.491590994825389,12.698116609504602,15.393324136080217,-19.75498606541623,9.185421896240314,52.20804056546004,-108.91107912526411,75.1706303503756,-47.06604913438072,164.02806293706888,16.84905566069747
529482559175167,3.499853336,3500,176,0.357461154460907,-0.831460177898407,1.3490867614746094,-1.0085362195968628,1.1523516178131104,-0.06508545577526093,0.357461154460907,-0.831460177898407,1.0,-1.0,1.0,-0.06508545577526093,13.6865816116333,-36.673702239990234,24.323944091796875,-0.31324100494384766,0.05352306738495827,9.067718505859375,5.070683388366947,-16.55131756294041,14.760285010874115,13.487392645297827,-15.999027648087475,9.65052152637709,24.941325817118866,-171.83429380808434,114.38908492881146,-114.84870962016194,193.04523821252036,25.154214548489932
529482579157550,3.519835719,3520,177,1.891674280166626,-1.714150309562683,1.4574404954910278,-1.3040560483932495,1.8903536796569824,0.09406585991382599,1.0,-1.0,1.0,-1.0,1.0,0.09406585991382599,20.31324005126953,-40.05351638793945,24.323944091796875,-0.31324100494384766,0.05352306738495827,11.347393035888672,5.553639456472452,-20.757606955900258,17.221432674598713,11.675508835712483,-14.722560141228369,7.1571300073279325,29.623725218402594,-226.62961539774247,122.20949228306684,-93.61716557750788,63.68654744323559,-123.53455977723976
529482599151035,3.539829204,3540,178,2.248654842376709,-1.8247387409210205,1.535523533821106,-1.5090686082839966,1.7243515253067017,0.21513178944587708,1.0,-1.0,1.0,-1.0,1.0,0.21513178944587708,20.31324005126953,-40.05351638793945,24.323944091796875,-0.31324100494384766,0.05352306738495827,13.081534385681152,6.763977958940524,-25.71810479637378,19.38755984016771,10.120201306661299,-13.575639390248906,5.184836226573254,72.83567025732333,-249.9732320322081,98.11874594731157,-70.24337031183055,53.90004896564324,-84.87877022809523
529482619328857,3.560007026,3560,179,2.6969664096832275,-1.865510106086731,1.5999051332473755,-1.8187147378921509,1.4362753629684448,-0.17399869859218597,1.0,-1.0,1.0,-1.0,1.0,-0.17399869859218597,20.31324005126953,-40.05351638793945,24.323944091796875,-0.31324100494384766,0.05352306738495827,7.507651329040527,8.394107191090168,-30.278122051017753,20.98346517644829,8.850367187394754,-12.649385316481142,4.748432396215935,84.15306787622019,-211.87728744830682,69.39142155487845,-60.65878355664909,46.095946951294216,-3.279213446765571
529482639042251,3.579720420,3580,180,2.9215450286865234,-1.92184317111969,1.8197154998779297,-1.673177719116211,1.2158249616622925,-0.28805842995643616,1.0,-1.0,1.0,-1.0,1.0,-0.28805842995643616,20.31324005126953,-40.05351638793945,24.323944091796875,-0.31324100494384766,0.05352306738495827,5.873866081237793,10.07912884894695,-33.862451018859346,22.075382967211088,7.684520675948511,-11.512684845859106,4.535364753099812,83.06916915794979,-158.76422321897903,46.57379648342288,-56.76700572780906,61.22018654464619,-12.671900602687195
529482658951904,3.599630073,3600,181,3.186765432357788,-1.900472640991211,2.0052599906921387,-1.6344513893127441,1.2359827756881714,-0.34653788805007935,1.0,-1.0,1.0,-1.0,1.0,-0.34653788805007935,20.31324005126953,-40.05351638793945,24.323944091796875,-0.31324100494384766,0.05352306738495827,5.036210060119629,11.661548311020532,-36.3642470014464,22.79530705712115,6.600610618818137,-10.19160680471631,4.226639315408103,76.22889064559925,-105.64596966003177,30.43941609153933,-52.429095321640474,67.25917820760309,-15.852567108472622
529482679100292,3.619778461,3620,182,3.4048991203308105,-1.791052222251892,2.066072702407837,-1.6054753065109253,1.223260521888733,-0.4575813114643097,1.0,-1.0,1.0,-1.0,1.0,-0.4575813114643097,20.31324005126953,-40.05351638793945,24.323944091796875,-0.31324100494384766,0.05352306738495827,3.4456300735473633,13.07622312804,-37.90299978472327,23.263571010203872,5.615514375244302,-8.860415474647565,3.914653170418883,67.2600004196503,-61.04543712150503,19.779033778016743,-47.216108174534504,64.97496704520528,-14.672298086893797
529482698927539,3.639605708,3640,183,3.45109486579895,-1.6731173992156982,2.0749616622924805,-1.5999412536621094,1.1832159757614136,-0.5067502856254578,1.0,-1.0,1.0,-1.0,1.0,-0.5067502856254578,20.31324005126953,-40.05351638793945,24.323944091796875,-0.31324100494384766,0.05352306738495827,2.7413363456726074,14.313348267932883,-38.6837153597176,23.568974103602518,4.731231782347666,-7.608322177275971,3.63334709408676,58.58210288110255,-27.268611123189388,12.95889278479537,-42.323828154279816,60.248272479301896,-12.861083700336174
529482719173332,3.659851501,3660,184,3.475677967071533,-1.5664104223251343,2.0476419925689697,-1.6006085872650146,1.1571658849716187,-0.5387891530990601,1.0,-1.0,1.0,-1.0,1.0,-0.5387891530990601,20.31324005126953,-40.05351638793945,24.323944091796875,-0.31324100494384766,0.05352306738495827,2.2824134826660156,15.38177440005879,-38.92587801238904,23.77140039952584,3.944644055858134,-6.49472954276567,3.4157627862265483,50.35878312394769,-4.327002456117586,8.669592380921435,-37.51258869548419,52.40183640741176,-9.25795147953323
529482738969113,3.679647282,3680,185,3.4980626106262207,-1.4696861505508423,1.990824818611145,-1.6171460151672363,1.1317087411880493,-0.5599657893180847,1.0,-1.0,1.0,-1.0,1.0,-0.5599657893180847,20.31324005126953,-40.05351638793945,24.323944091796875,-0.31324100494384766,0.05352306738495827,1.9790805578231812,16.29597240849383,-38.839448002874725,23.90934705506871,3.249006479476693,-5.557740684021647,3.2811034177762894,42.95138179419177,8.586674910654907,5.978156834175618,-33.16551644191933,43.304964873424694,-4.995665440107616
529482759087274,3.699765443,3700,186,3.5414235591888428,-1.3684500455856323,1.910874605178833,-1.6982743740081787,1.0607861280441284,-0.5962048172950745,1.0,-1.0,1.0,-1.0,1.0,-0.5962048172950745,20.31324005126953,-40.05351638793945,24.323944091796875,-0.31324100494384766,0.05352306738495827,1.4599946737289429,17.08801011066664,-38.589807874054564,24.006445089470223,2.611109627523491,-4.757685015726532,3.3343088342941,35.99048459218962,16.09660229506187,4.114203012191539,-28.782707381655246,34.23706679807686,-1.8484304293587408
529482779053594,3.719731763,3720,187,3.5604848861694336,-1.2905583381652832,1.8149043321609497,-1.7236154079437256,1.0406421422958374,-0.587374210357666,1.0,-1.0,1.0,-1.0,1.0,-0.587374210357666,20.31324005126953,-40.05351638793945,24.323944091796875,-0.31324100494384766,0.05352306738495827,1.5864838361740112,17.728436755392686,-38.23992718205942,24.073959420343588,2.0804076577411488,-4.161175970502705,3.310394292691519,29.886725926424806,17.752050200283872,2.989975843183159,-25.440814233678093,27.52458140928718,0.2946620256552392
529482799039836,3.739718005,3740,188,3.5829405784606934,-1.2048282623291016,1.7095829248428345,-1.7793536186218262,0.9746078848838806,-0.5976705551147461,1.0,-1.0,1.0,-1.0,0.9746078848838806,-0.5976705551147461,20.31324005126953,-40.05351638793945,24.323944091796875,-0.31324100494384766,-0.45567774772644043,1.4389995336532593,18.257588026449877,-37.897898418714014,24.12328318060153,1.6110700194298104,-3.6891869496075813,3.3671483198661565,24.451174853663566,16.469626128473863,2.1815146767103113,-22.2645963342486,21.362284374944736,4.235639153925072
529482819122733,3.759800902,3760,189,3.595974922180176,-1.1130696535110474,1.5886653661727905,-1.8440427780151367,0.8991096019744873,-0.6053502559661865,1.0,-1.0,1.0,-1.0,0.8991096019744873,-0.6053502559661865,20.31324005126953,-40.05351638793945,24.323944091796875,-0.31324100494384766,-1.9696847200393677,1.328995943069458,18.680174460699906,-37.603588845162434,24.158900159873475,1.2179390190081423,-3.362130846436356,3.5067837684622414,19.187524452892998,13.5903784537798,1.56118043339217,-18.20961827004219,13.79121658134554,8.437376873052896
529482839203722,3.779881891,3780,190,3.5818898677825928,-1.0153605937957764,1.4554880857467651,-1.8904887437820435,0.837052047252655,-0.6107025146484375,1.0,-1.0,1.0,-1.0,0.837052047252655,-0.6107025146484375,20.31324005126953,-40.05351638793945,24.323944091796875,-0.31324100494384766,-3.2141571044921875,1.2523305416107178,19.00501354531457,-37.384253220010045,24.183714730847118,0.9188082137463085,-3.2326091466834974,3.8342634931561155,13.127206021413286,10.499019468508061,1.007915063294066,-11.819408177513928,0.6254414355760203,12.825493941751503
529482859109294,3.799787463,3800,191,3.534329414367676,-0.9089332222938538,1.3123940229415894,-1.9125715494155884,0.7744602560997009,-0.602275550365448,1.0,-0.9089332222938538,1.0,-1.0,0.7744602560997009,-0.602275550365448,20.31324005126953,-38.22731018066406,24.323944091796875,-0.31324100494384766,-4.4693427085876465,1.3730378150939941,19.19685717521442,-37.229737790310935,24.199185558939977,0.7547152994053495,-3.38736234562491,4.184755820523355,7.576885793709274,6.257561698627021,0.6384014288307301,-6.504387444958514,-11.357062590014511,19.642783635343484
529482878995176,3.819673345,3820,192,3.48539400100708,-0.7903382778167725,1.1427794694900513,-1.9589262008666992,0.6685203909873962,-0.6064293384552002,1.0,-0.7903382778167725,1.0,-1.0,0.6685203909873962,-0.6064293384552002,20.31324005126953,-35.849063873291016,24.323944091796875,-0.31324100494384766,-6.593810558319092,1.3135392665863037,19.260431714541934,-36.984972136556166,24.203878179642086,0.6930166085560998,-3.731146503411492,4.740552596006609,-0.2828639204673597,16.20894518394602,0.12410077097020503,0.1100199845236975,-21.905055548266425,24.63188219795198
529482899047559,3.839725728,3840,193,3.3773796558380127,-0.6663583517074585,0.9278028011322021,-1.9212868213653564,0.6170642971992493,-0.5566112399101257,1.0,-0.6663583517074585,0.9278028011322021,-1.0,0.6170642971992493,-0.5566112399101257,20.31324005126953,-33.36282730102539,23.289794921875,-0.31324100494384766,-7.625686168670654,2.0271308422088623,19.134928464238893,-36.414295974184036,24.204434845458657,0.8115580917923942,-4.353104880676607,5.30355923014665,-8.893830915018912,33.59664352628124,0.012282240500212488,8.368835011325503,-34.54389053103046,30.176157307256798
529482919132067,3.859810236,3860,194,3.2115607261657715,-0.5077612996101379,0.6860940456390381,-1.8926289081573486,0.5240409970283508,-0.5498561859130859,1.0,-0.5077612996101379,0.6860940456390381,-1.0,0.5240409970283508,-0.5498561859130859,20.31324005126953,-30.18239974975586,19.827571868896484,-0.31324100494384766,-9.491131782531738,2.123889923095703,18.86714005883717,-35.45667676396693,24.057720079264154,1.0562977559410478,-5.135916626999068,6.056385530488159,-16.391182709759722,54.7248943503205,-10.026164536200701,15.409747314615005,-43.025379023117495,34.46997423480658
529482939254552,3.879932721,3880,195,2.8990676403045654,-0.31826555728912354,0.44959330558776855,-1.8295115232467651,0.49464404582977295,-0.49900826811790466,1.0,-0.31826555728912354,0.44959330558776855,-1.0,0.49464404582977295,-0.49900826811790466,20.31324005126953,-26.382343292236328,16.43994903564453,-0.31324100494384766,-10.080643653869629,2.8522326946258545,18.443744131524085,-34.01567671816054,23.319438289924165,1.4654371917670357,-6.123481110444221,6.7893108405382385,-22.790572755547533,78.20036096354987,-46.18240393069203,22.315288990333116,-51.27259032794626,37.83845032511169
529482959102201,3.899780370,3900,196,2.4360098838806152,-0.14744848012924194,0.3041887879371643,-1.8168325424194336,0.47713178396224976,-0.4574028253555298,1.0,-0.14744848012924194,0.3041887879371643,-1.0,0.47713178396224976,-0.4574028253555298,20.31324005126953,-22.956859588623047,14.357183456420898,-0.31324100494384766,-10.431825637817383,3.4481866359710693,17.92168581599611,-32.06706678856254,21.839571373750907,1.9635530130608714,-7.154312002611375,7.638892009094816,-28.100338108318997,104.79472803466808,-82.21755671968351,27.313682901046185,-53.43152282340939,37.7539147528182
529482979390852,3.920069021,3920,197,1.8084309101104736,0.01859934628009796,0.14628764986991882,-1.7800071239471436,0.4637081027030945,-0.39625489711761475,1.0,0.01859934628009796,0.14628764986991882,-1.0,0.4637081027030945,-0.39625489711761475,20.31324005126953,-19.627016067504883,12.095416069030762,-0.31324100494384766,-10.701018333435059,4.324066162109375,17.329129433376742,-29.668005228373048,19.925542820165216,2.525113765289808,-8.152125798187472,8.471786488341793,-27.37420912840497,122.48664512421792,-97.08838193269435,25.524624979484727,-42.77870667920331,52.92441807866356
529482999316366,3.939994535,3940,198,1.0203580856323242,0.15384750068187714,-0.02190549485385418,-1.5766544342041016,0.4864175319671631,-0.2391275018453598,1.0,0.15384750068187714,-0.02190549485385418,-1.0,0.4864175319671631,-0.2391275018453598,20.31324005126953,-16.914813995361328,9.686225891113281,-0.31324100494384766,-10.245614051818848,6.574749946594238,16.69640057280183,-26.935644770364128,17.81437593240294,3.1421139842717896,-9.116530475798212,9.180173833483204,-30.9678842905589,138.14249538610443,-104.53236063783388,30.695990018792823,-46.19786162929687,34.50832081816456
529483019209653,3.959887822,3960,199,0.029957100749015808,0.33148548007011414,-0.22045530378818512,-1.251330852508545,0.413265585899353,-0.04340095445513725,0.029957100749015808,0.33148548007011414,-0.22045530378818512,-1.0,0.413265585899353,-0.04340095445513725,10.308954238891602,-13.352546691894531,6.842209815979004,-0.31324100494384766,-11.712568283081055,9.378326416015625,16.10699610818772,-24.086474830724754,15.594070360671834,3.7176810630391635,-9.931343901998735,9.96840636911972,-25.261954081200198,139.0553475956855,-108.95759153747983,24.192747173627193,-31.447418432716294,52.6449882867146
529483039297140,3.979975309,3980,200,-1.2439501285552979,0.6543590426445007,-0.0688210278749466,-0.4137008488178253,0.144466370344162,0.48242971301078796,-1.0,0.6543590426445007,-0.0688210278749466,-0.4137008488178253,0.144466370344162,0.48242971301078796,-0.31324100494384766,-6.877795219421387,9.01421070098877,5.733403205871582,-17.10293960571289,16.910295486450195,14.785967026665068,-20.945041374935954,13.251568482565204,3.840136385408197,-10.949315700672685,10.782787433209817,-80.5720598582949,158.94826826424844,-115.51739989118386,-3.8907207763833465,-54.84495857809232,43.86192276853318
529483059304232,3.999982401,4000,201,-2.7064449787139893,1.1724739074707031,0.28573083877563477,0.9364498853683472,-0.5566729307174683,1.3687825202941895,-1.0,1.0,0.28573083877563477,0.9364498853683472,-0.5566729307174683,1.0,-0.31324100494384766,0.05352306738495827,14.092791557312012,19.6578311920166,-31.163251876831055,24.323944091796875,12.335220912719828,-17.1268912602099,11.525204865746751,3.7291933604856253,-12.926987928394338,12.210094870562282,-138.8377591266142,199.8926704630952,-70.89265062464018,-4.869476118844859,-118.53917547010387,82.74391996456912
529483079319831,4.019998000,4020,202,-3.2677438259124756,1.3875834941864014,0.486996054649353,2.1138436794281006,-1.0034799575805664,1.5301332473754883,-1.0,1.0,0.486996054649353,1.0,-1.0,1.0,-0.31324100494384766,0.05352306738495827,16.975704193115234,20.31324005126953,-40.05351638793945,24.323944091796875,10.291387893307062,-14.042026410341807,9.860120047452831,4.735801506499638,-16.813555312239167,14.707057660901148,-67.31137344193579,83.27406972773656,-127.19584035503651,64.54003077273258,-212.54911669242532,137.37808008437008
529483099430101,4.040108270,4040,203,-2.973212957382202,1.271391749382019,0.4084884822368622,2.296363115310669,-1.1222673654556274,1.1175720691680908,-1.0,1.0,0.4084884822368622,1.0,-1.0,1.0,-0.31324100494384766,0.05352306738495827,15.851165771484375,20.31324005126953,-40.05351638793945,24.323944091796875,9.122198600441747,-12.737949660085278,8.306760823939197,6.59332869754519,-22.02257737185321,17.41255483093355,-55.0744027047524,56.314312890740254,-52.00039218571716,102.73564448509885,-273.999934391553,128.56401577468503
529483119200482,4.059878651,4060,204,-3.115793466567993,1.1179288625717163,0.03397718071937561,3.050902843475342,-1.2989635467529297,1.1799551248550415,-1.0,1.0,0.03397718071937561,1.0,-1.0,1.0,-0.31324100494384766,0.05352306738495827,10.486685752868652,20.31324005126953,-40.05351638793945,24.323944091796875,8.06242188345603,-11.742643095727573,7.678098785091738,8.68743103771304,-27.303590746766982,19.605938803551194,-52.15625446001117,46.605018770661715,-21.135809919397204,103.0395554301395,-251.52726078231012,97.59191842118194
529483139173713,4.079851882,4080,205,-2.7193922996520996,0.9617180228233337,-0.3038482367992401,3.7366843223571777,-1.3903261423110962,1.2680481672286987,-1.0,0.9617180228233337,-0.3038482367992401,1.0,-1.0,1.0,-0.31324100494384766,-0.7141645550727844,5.647694110870361,20.31324005126953,-40.05351638793945,24.323944091796875,7.035017813844674,-10.711805597913308,6.842589170532419,10.60598312338566,-31.70078070063306,21.17540036021885,-50.41022699057703,52.0943364356069,-48.87724381709786,90.57023330191006,-198.74869887201118,67.69267822057698
529483159297885,4.099976054,4100,206,-2.9903461933135986,0.875495970249176,-0.19721218943595886,4.245763778686523,-1.524375319480896,1.2013791799545288,-1.0,0.875495970249176,-0.19721218943595886,1.0,-1.0,1.0,-0.31324100494384766,-2.4432218074798584,7.175142288208008,20.31324005126953,-40.05351638793945,24.323944091796875,6.093231158091323,-9.652484792344714,5.269810770695079,12.217753544171268,-34.96403834134392,22.231710471527457,-44.68254976719501,50.62513454646458,-89.14135430387353,74.21408301579487,-141.75952454790894,44.80369808938302
529483179261086,4.119939255,4120,207,-3.341752290725708,0.7887322902679443,-0.20217259228229523,4.591796875,-1.600638747215271,1.085106372833252,-1.0,0.7887322902679443,-0.20217259228229523,1.0,-1.0,1.0,-0.31324100494384766,-4.183138847351074,7.104090690612793,20.31324005126953,-40.05351638793945,24.323944091796875,5.264802747999045,-8.964288251014809,4.863130285516536,13.519703009572092,-37.03237139898401,22.91244329748506,-40.171655261395294,29.56837428477523,5.592647670917103,60.63258925761721,-83.27693864373062,28.594942140306934
529483199000166,4.139678335,4140,208,-3.4737167358398438,0.6529879570007324,-0.5099549293518066,5.020730495452881,-1.4292882680892944,0.9989029765129089,-1.0,0.6529879570007324,-0.5099549293518066,1.0,-1.0,0.9989029765129089,-0.31324100494384766,-6.905290126800537,2.6954333782196045,20.31324005126953,-40.05351638793945,24.308229446411133,4.564940891101162,-8.591684438358362,5.087254339201334,14.576902857545944,-38.20736352327771,23.351412802392755,-32.364244715983986,13.033336593072647,14.105017735445086,48.41584273236921,-45.26720182980945,18.492840190390456
529483219081436,4.159759605,4160,209,-3.6828911304473877,0.6459445953369141,-0.5000640153884888,5.280600547790527,-1.371505618095398,0.8964688181877136,-1.0,0.6459445953369141,-0.5000640153884888,1.0,-1.0,0.8964688181877136,-0.31324100494384766,-7.046534061431885,2.8371100425720215,20.31324005126953,-40.05351638793945,22.840967178344727,3.9923008208120896,-8.478743257111116,5.505566957010639,15.444234342217129,-38.76879285071576,23.63253196402776,-24.966618202989235,-1.16375243336864,17.68624809326286,39.19234140721264,-17.45137959650421,11.675819731267195
529483239080588,4.179758757,4180,210,-3.8491408824920654,0.6849817037582397,-0.4820176661014557,5.3561015129089355,-1.341051697731018,0.6561453938484192,-1.0,0.6849817037582397,-0.4820176661014557,1.0,-1.0,0.6561453938484192,-0.31324100494384766,-6.263703346252441,3.0956051349639893,20.31324005126953,-40.05351638793945,19.398590087890625,3.543082010752803,-8.613979637825881,5.884079089806111,16.12966170254609,-38.88194332128786,23.616063898897266,-21.474135284568327,-9.243035804972404,20.255530294315204,31.691625264148527,-0.028897714258431663,-5.749819255178395
529483259072283,4.199750452,4200,211,-3.824723243713379,0.6731665134429932,-0.5719513893127441,5.365678310394287,-1.2911818027496338,0.601249635219574,-1.0,0.6731665134429932,-0.5719513893127441,1.0,-1.0,0.601249635219574,-0.31324100494384766,-6.500638961791992,1.8073993921279907,20.31324005126953,-40.05351638793945,18.61226463317871,3.0926724478733303,-8.75676460359045,6.387239648468814,16.717656874411944,-38.750817205852925,22.933150775331388,-25.801900870889604,-1.0397249915629196,39.27689060955506,30.18105480371575,7.922752881526514,-44.074001642674645
529483279165485,4.219843654,4220,212,-3.8405566215515137,0.6301367282867432,-0.6437020301818848,5.445899963378906,-1.2214367389678955,0.5154383778572083,-1.0,0.6301367282867432,-0.6437020301818848,1.0,-1.0,0.5154383778572083,-0.31324100494384766,-7.363537788391113,0.7796472907066345,20.31324005126953,-40.05351638793945,17.38311004638672,2.6857691910060684,-8.920932402361474,6.735101918869412,17.20315650849854,-38.46549793024338,21.869547763312877,-20.19936685765819,-7.212106823236851,16.66684653346721,22.987355751816022,15.33531788761376,-54.59632235566838
529483298963817,4.239641986,4240,213,-3.807269334793091,0.6260280013084412,-0.6314876675605774,5.428442001342773,-1.1949198246002197,0.37222781777381897,-1.0,0.6260280013084412,-0.6314876675605774,1.0,-1.0,0.37222781777381897,-0.31324100494384766,-7.445931911468506,0.9546051025390625,20.31324005126953,-40.05351638793945,15.331768989562988,2.287181733131362,-9.039303092034435,7.139491333552688,17.641281955159513,-38.161562173143956,20.687770588827178,-18.09400995304797,-7.934077185018352,15.955885333200332,20.035259599079794,15.865021526817754,-58.61167733130769
529483319023691,4.259701860,4260,214,-3.9020755290985107,0.6564357280731201,-0.5817049145698547,5.362354278564453,-1.1554334163665771,0.3507692813873291,-1.0,0.6564357280731201,-0.5817049145698547,1.0,-1.0,0.3507692813873291,-0.31324100494384766,-6.836150646209717,1.6676905155181885,20.31324005126953,-40.05351638793945,15.024398803710938,1.9492269458368434,-9.205193830905657,7.439827223471293,18.003093590541376,-37.863022293092776,19.341984026853677,-16.34714848484378,-8.18207272383366,15.12945884196926,16.988203436920323,14.034798042476636,-68.10768980482791
529483339114431,4.279792600,4280,215,-3.796088218688965,0.6397770643234253,-0.5987158417701721,5.253740310668945,-1.047258973121643,0.30599886178970337,-1.0,0.6397770643234253,-0.5987158417701721,1.0,-1.0,0.30599886178970337,-0.31324100494384766,-7.170215129852295,1.4240269660949707,20.31324005126953,-40.05351638793945,14.383111000061035,1.6238009001974436,-9.31641729529802,7.800875068070781,18.31558837129602,-37.617637200916434,18.06194961625762,-14.659601160585723,-6.544936225061109,12.991413663980426,13.611225549334083,11.771829836436304,-59.8342224036965
529483359268299,4.299946468,4300,216,-3.8070759773254395,0.6128764152526855,-0.5888381600379944,5.163534164428711,-0.9043516516685486,0.1699894517660141,-1.0,0.6128764152526855,-0.5888381600379944,1.0,-0.9043516516685486,0.1699894517660141,-0.31324100494384766,-7.709667682647705,1.565514326095581,20.31324005126953,-38.135433197021484,12.434918403625488,1.3402791636212368,-9.404243295983306,8.136757849517275,18.56657501425734,-37.4308041546901,16.9576425014284,-12.12800658089489,-6.053680817017326,12.688438975848383,10.65518432966878,9.001968661557386,-51.22483083379748
529483379299172,4.319977341,4320,217,-3.8030574321746826,0.6466892957687378,-0.5116938948631287,4.975155830383301,-0.8076959848403931,0.13394086062908173,-1.0,0.6466892957687378,-0.5116938948631287,1.0,-0.8076959848403931,0.13394086062908173,-0.31324100494384766,-7.0316009521484375,2.6705243587493896,20.31324005126953,-36.197147369384766,11.918560981750488,1.1574609713269994,-9.53624584447354,8.380281014410814,18.704329552006723,-37.101442086670694,15.804694204002882,-7.614875042156391,-6.574297120159727,12.532206965893293,5.096058321533528,19.48135173851315,-57.90215957690505
529483399053870,4.339732039,4340,218,-3.711261749267578,0.6127864718437195,-0.5275315642356873,4.7539472579956055,-0.6287381649017334,0.02976861596107483,-1.0,0.6127864718437195,-0.5275315642356873,1.0,-0.6287381649017334,0.02976861596107483,-0.31324100494384766,-7.711472034454346,2.443666458129883,20.31324005126953,-32.60841369628906,10.426403045654297,1.052357313269302,-9.60903400949733,8.695342987558405,18.742142677050502,-36.48973989477172,14.679400709772933,-2.3751602509678302,-4.510536371399734,10.973945376748645,-0.5416956651713354,35.64366079918209,-53.318114883311935
529483419169073,4.359847242,4360,219,-3.7757091522216797,0.574830174446106,-0.5107042193412781,4.498946189880371,-0.4568387269973755,-0.11903728544712067,-1.0,0.574830174446106,-0.5107042193412781,1.0,-0.4568387269973755,-0.11903728544712067,-0.31324100494384766,-8.472628593444824,2.6847004890441895,20.31324005126953,-29.161224365234375,8.294916152954102,1.0710024360176085,-9.650317620971942,8.995078104609146,18.644978039409835,-35.39673726947024,13.536210451598684,4.41434633952728,-3.8002215786911666,11.178070991642908,-7.7150406374438445,63.26628403031791,-56.3437793684371
529483439115815,4.379793984,4380,220,-3.764444351196289,0.5774310231208801,-0.4127468168735504,4.0874924659729,-0.30351656675338745,-0.1243559867143631,-1.0,0.5774310231208801,-0.4127468168735504,1.0,-0.30351656675338745,-0.1243559867143631,-0.31324100494384766,-8.420473098754883,4.087836742401123,20.31324005126953,-26.08657455444336,8.218730926513672,1.259759857751473,-9.751895166205308,9.222218825134886,18.392096106441322,-33.72632699417039,12.214681684557364,11.783092589061654,-5.531351047197935,12.095820224698667,-14.366435443319283,90.84447186074831,-67.19921887422986
529483459254222,4.399932391,4400,221,-3.6345043182373047,0.5189338326454163,-0.29654553532600403,3.5465481281280518,-0.09096132218837738,-0.13320642709732056,-1.0,0.5189338326454163,-0.29654553532600403,1.0,-0.09096132218837738,-0.13320642709732056,-0.31324100494384766,-9.593547821044922,5.752297401428223,20.31324005126953,-21.824092864990234,8.091958045959473,1.5671234221444856,-9.868229184859654,9.569065143812786,18.039531808651855,-31.595872654821193,10.974082651961695,18.417498821042983,-8.408051487166816,13.398040410786617,-19.698628691018065,111.80381009758705,-57.320681594049745
529483479118121,4.419796290,4420,222,-3.4453976154327393,0.45111143589019775,-0.0679183155298233,2.8612310886383057,0.10087806731462479,-0.1220378577709198,-1.0,0.45111143589019775,-0.0679183155298233,1.0,0.10087806731462479,-0.1220378577709198,-0.31324100494384766,-10.953625679016113,9.027141571044922,20.31324005126953,-17.97703742980957,8.251935005187988,2.035632476827778,-10.150639646052223,9.931521295648873,17.556797851873583,-29.022941841314562,9.98757363893586,25.551753227165978,-16.694842934916515,20.048165093494628,-25.399590899488583,133.2645960434874,-43.9308248396198
529483499169438,4.439847607,4440,223,-2.958588123321533,0.2986307144165039,0.23116905987262726,1.9983258247375488,0.3108771741390228,-0.02974044904112816,-1.0,0.2986307144165039,0.23116905987262726,1.0,0.3108771741390228,-0.02974044904112816,-0.31324100494384766,-14.011401176452637,13.311251640319824,20.31324005126953,-13.765815734863281,9.57399845123291,2.6404476139868356,-10.680314638406493,10.565665195288886,16.975290973070173,-26.098521741461163,9.296500563603662,33.686580363247664,-34.14409331009829,29.34598236473218,-31.380170004859746,149.22994095563595,-29.21025979685572
529483519080481,4.459758650,4460,224,-2.1654560565948486,0.07847321033477783,0.6871713399887085,0.9538235664367676,0.5167834758758545,0.07747289538383484,-1.0,0.07847321033477783,0.6871713399887085,0.9538235664367676,0.5167834758758545,0.07747289538383484,-0.31324100494384766,-18.426334381103516,19.843002319335938,19.83700942993164,-9.636670112609863,11.10971736907959,3.4463483787542484,-11.777320953738442,11.428258206457194,16.2419346561175,-22.910517239875453,9.039311812119372,42.429026396043874,-63.78579631112502,48.62949379660119,-38.1426760758614,160.0227242045457,-5.542923267749996
529483539109921,4.479788090,4480,225,-1.0868521928787231,-0.2899817228317261,1.1289256811141968,-0.12518340349197388,0.7887768745422363,0.09910759329795837,-1.0,-0.2899817228317261,1.0,-0.12518340349197388,0.7887768745422363,0.09910759329795837,-0.31324100494384766,-25.815153121948242,24.323944091796875,8.708952903747559,-4.182244300842285,11.419610977172852,4.430313592611631,-13.700909466871165,12.81451544820109,15.31674096545825,-19.563867294234996,9.248369816141446,50.956541354863475,-109.89301118437596,77.28084288105693,-48.927649589868,166.31619323397808,16.690898315665457
529483559035041,4.499713210,4500,226,0.4055021107196808,-0.8455075621604919,1.3454729318618774,-1.0162839889526367,1.1589641571044922,-0.0718766301870346,0.4055021107196808,-0.8455075621604919,1.0,-1.0,1.0,-0.0718766301870346,14.182040214538574,-36.95540237426758,24.323944091796875,-0.31324100494384766,0.05352306738495827,8.970441818237305,5.070767390910718,-16.785394198557476,14.912433595393031,13.365243225953645,-15.781452168700763,9.6922743444814,23.062026618824707,-173.1818402002131,116.1460692214142,-117.25019267397123,193.8459624175958,23.766680501952823
529483579060573,4.519738742,4520,227,1.919217824935913,-1.723954677581787,1.4579640626907349,-1.3096692562103271,1.8971465826034546,0.09315970540046692,1.0,-1.0,1.0,-1.0,1.0,0.09315970540046692,20.31324005126953,-40.05351638793945,24.323944091796875,-0.31324100494384766,0.05352306738495827,11.334413528442383,5.5609638565221555,-21.01481837492335,17.365284856150623,11.584357593552182,-14.559143186621501,7.1186062808371355,31.443376652076978,-227.96988330653525,121.00846990744617,-91.46459069129523,61.68585761646112,-126.01035460695795
529483599125182,4.539803351,4540,228,2.269256114959717,-1.820553183555603,1.5356088876724243,-1.522802472114563,1.7097758054733276,0.20891165733337402,1.0,-1.0,1.0,-1.0,1.0,0.20891165733337402,20.31324005126953,-40.05351638793945,24.323944091796875,-0.31324100494384766,0.05352306738495827,12.992438316345215,6.789587575817468,-25.96073601582179,19.49764439789314,10.05960741008206,-13.443717248224928,5.131933200352025,73.36273096912859,-248.3373844001342,96.31648397622507,-69.03381856728059,52.60442164680331,-84.81026153004447
529483619227691,4.559905860,4560,229,2.7118263244628906,-1.8638486862182617,1.6038861274719238,-1.8171544075012207,1.4238067865371704,-0.17984363436698914,1.0,-1.0,1.0,-1.0,1.0,-0.17984363436698914,20.31324005126953,-40.05351638793945,24.323944091796875,-0.31324100494384766,0.05352306738495827,7.423928737640381,8.423123219153224,-30.474812379777187,21.06009421301167,8.807554348211667,-12.532565567412409,4.679263028972705,84.16142441945638,-209.32670835070928,67.83833277065756,-59.88713266569981,45.47202613104568,-4.239742224405104
529483639167965,4.579846134,4580,230,2.929661750793457,-1.9182984828948975,1.830704927444458,-1.6581240892410278,1.2085081338882446,-0.2900550663471222,1.0,-1.0,1.0,-1.0,1.0,-0.2900550663471222,20.31324005126953,-40.05351638793945,24.323944091796875,-0.31324100494384766,0.05352306738495827,5.845266819000244,10.106031967652076,-34.00634082780731,22.12602882480138,7.654275265756446,-11.408329214141569,4.456027285167521,82.9193093177788,-156.14769217112672,45.429676640588006,-56.20597141092949,60.58004340950592,-12.972797590950075
529483658998991,4.599677160,4600,231,3.189174175262451,-1.8960914611816406,2.0135579109191895,-1.620086669921875,1.2341514825820923,-0.3482600152492523,1.0,-1.0,1.0,-1.0,1.0,-0.3482600152492523,20.31324005126953,-40.05351638793945,24.323944091796875,-0.31324100494384766,0.05352306738495827,5.011542320251465,11.68466205667481,-36.46000032514738,22.82781147640279,6.580075441480945,-10.1025619871239,4.147390214049782,76.02674524839996,-103.39412656298822,29.66358716874179,-51.98774170674544,66.43291862436631,-15.712717389200076
529483679029567,4.619707736,4620,232,3.401052713394165,-1.7877877950668335,2.072751760482788,-1.5913035869598389,1.2249412536621094,-0.45665839314460754,1.0,-1.0,1.0,-1.0,1.0,-0.45665839314460754,20.31324005126953,-40.05351638793945,24.323944091796875,-0.31324100494384766,0.05352306738495827,3.4588499069213867,13.095372385101133,-37.959860254219045,23.28412524529544,5.602254493553615,-8.788946177202638,3.8411023427680573,67.06948912100079,-59.29073949223317,19.276472304782892,-46.89984964517117,64.08038729093619,-14.322560193216189
529483699158812,4.639836981,4640,233,3.444960594177246,-1.6715630292892456,2.080402135848999,-1.5856480598449707,1.1882524490356445,-0.5046076774597168,1.0,-1.0,1.0,-1.0,1.0,-0.5046076774597168,20.31324005126953,-40.05351638793945,24.323944091796875,-0.31324100494384766,0.05352306738495827,2.772027015686035,14.328905362799949,-38.711836711259515,23.581928347185507,4.722955178191311,-7.555682983673885,3.5689300234007435,58.41198298055443,-26.015761765247053,12.642611440820712,-42.11595600607981,59.29864444811542,-12.366683811090338
529483719205253,4.659883422,4660,234,3.4687278270721436,-1.5662788152694702,2.0521080493927,-1.5863593816757202,1.1640475988388062,-0.5361948609352112,1.0,-1.0,1.0,-1.0,1.0,-0.5361948609352112,20.31324005126953,-40.05351638793945,24.323944091796875,-0.31324100494384766,0.05352306738495827,2.3195738792419434,15.394573927385565,-38.93586806752643,23.779676868907988,3.939166411836213,-6.461074126282462,3.3621589615136145,50.27704313667341,-3.780035170153011,8.485461966945381,-37.42413584240266,51.45429335549454,-8.701393766564907
529483739184157,4.679862326,4680,235,3.4914631843566895,-1.4712737798690796,1.9947736263275146,-1.6032309532165527,1.139871597290039,-0.5568866729736328,1.0,-1.0,1.0,-1.0,1.0,-0.5568866729736328,20.31324005126953,-40.05351638793945,24.323944091796875,-0.31324100494384766,0.05352306738495827,2.0231854915618896,16.307000780521978,-38.84079118473432,23.91474580870833,3.244154313319713,-5.541628098974769,3.238557565344248,42.86409899180967,8.953000554574224,5.856028359338324,-33.16500186290772,42.47788674601527,-4.4534727464267485
529483759006650,4.699684819,4700,236,3.5242161750793457,-1.3651823997497559,1.9062304496765137,-1.674959659576416,1.0732470750808716,-0.5989752411842346,1.0,-1.0,1.0,-1.0,1.0,-0.5989752411842346,20.31324005126953,-40.05351638793945,24.323944091796875,-0.31324100494384766,0.05352306738495827,1.4203113317489624,17.09822101188164,-38.59066015796737,24.01043804920849,2.60322599841013,-4.755310055988702,3.307449700011186,40.027922963612156,11.868139585216687,4.38248852428887,-34.51085595081316,42.73943569546908,21.126243477480195
529483779053885,4.719732054,4720,237,3.577918529510498,-1.319339632987976,1.8316583633422852,-1.733913540840149,1.0655015707015991,-0.625609278678894,1.0,-1.0,1.0,-1.0,1.0,-0.625609278678894,20.31324005126953,-40.05351638793945,24.323944091796875,-0.31324100494384766,0.05352306738495827,1.0388067960739136,17.739066162347502,-38.2354635926843,24.076389053423874,2.070036812546363,-4.166430392000208,3.294450667599764,29.86773520044794,18.01920400154021,2.925576034479446,-25.492725307970087,27.166324613097597,0.341578794349447
529483799266179,4.739944348,4740,238,3.5852575302124023,-1.2097938060760498,1.7053837776184082,-1.799063801765442,0.9868630766868591,-0.5703386664390564,1.0,-1.0,1.0,-1.0,0.9868630766868591,-0.5703386664390564,20.31324005126953,-40.05351638793945,24.323944091796875,-0.31324100494384766,-0.2099190205335617,1.8305000066757202,18.27269565704075,-37.88872489869666,24.12480750974985,1.5947718662699013,-3.6789961920605667,3.3374122741291328,24.80370320489826,16.683427725483384,2.1467103116408808,-22.66314778042069,22.649129702603258,3.292515608350836
529483819196072,4.759874241,4760,239,3.6204347610473633,-1.1223458051681519,1.6006336212158203,-1.8543812036514282,0.9180087447166443,-0.6204397678375244,1.0,-1.0,1.0,-1.0,0.9180087447166443,-0.6204397678375244,20.31324005126953,-40.05351638793945,24.323944091796875,-0.31324100494384766,-1.5906895399093628,1.1128545999526978,18.699897351990757,-37.59150008787795,24.1601559901377,1.194169738156649,-3.33299512765895,3.4709124011901835,19.34496978669944,13.695980437028883,1.5565943080564768,-18.544662142780304,14.557523575522225,8.2741021168513
529483839177514,4.779855683,4780,240,3.5910418033599854,-1.0173288583755493,1.4562971591949463,-1.901692509651184,0.8284460306167603,-0.6108204126358032,1.0,-1.0,1.0,-1.0,0.8284460306167603,-0.6108204126358032,20.31324005126953,-40.05351638793945,24.323944091796875,-0.31324100494384766,-3.3867387771606445,1.2506417036056519,19.031562225958858,-37.36888869162211,24.18496820610675,0.8823746000950906,-3.161514705614271,3.7775562891780465,13.55709335466649,10.662064162444342,1.010584107054415,-12.498912537469362,3.1087662808746592,11.604253073023848
529483859357419,4.800035588,4800,241,3.5392889976501465,-0.9118630886077881,1.3133691549301147,-1.9158072471618652,0.7743997573852539,-0.6040030121803284,1.0,-0.9118630886077881,1.0,-1.0,0.7743997573852539,-0.6040030121803284,20.31324005126953,-38.28606414794922,24.323944091796875,-0.31324100494384766,-4.470556735992432,1.3482937812805176,19.228187203021523,-37.21500434241676,24.200460859266773,0.7182090643122582,-3.3059134401175574,4.124442750267879,7.689072144557635,6.141403517845568,0.6371217841498101,-6.2189480155482375,-11.757625469598452,19.915962741899094
529483879057798,4.819735967,4820,242,3.4863100051879883,-0.7927374839782715,1.1452863216400146,-1.9627933502197266,0.6712823510169983,-0.6070716381072998,1.0,-0.7927374839782715,1.0,-1.0,0.6712823510169983,-0.6070716381072998,20.31324005126953,-35.897178649902344,24.323944091796875,-0.31324100494384766,-6.538423538208008,1.3043389320373535,19.292713086248657,-36.97832385545515,24.205204568320454,0.6616830314977351,-3.6614070057961223,4.687509583217826,-0.275467501640605,15.677941968254203,0.12586070203170055,0.34172883044817565,-22.55036840580416,25.03025993126146
529483898989242,4.839667411,4840,243,3.376641035079956,-0.6699873805046082,0.9316815137863159,-1.9262688159942627,0.6191518902778625,-0.5570877194404602,1.0,-0.6699873805046082,0.9316815137863159,-1.0,0.6191518902778625,-0.5570877194404602,20.31324005126953,-33.435604095458984,23.345352172851562,-0.31324100494384766,-7.583822250366211,2.020305871963501,19.166268774908495,-36.41885357344719,24.205766270185354,0.7828898521299834,-4.292874620828343,5.25726816636667,-8.968047461615665,33.03364496163756,0.012123568339654757,8.45869738060905,-34.92926187070114,30.475519044691477
529483919010068,4.859688237,4860,244,3.2171380519866943,-0.510569155216217,0.6891858577728271,-1.8953133821487427,0.5239927172660828,-0.5501875281333923,1.0,-0.510569155216217,0.6891858577728271,-1.0,0.5239927172660828,-0.5501875281333923,20.31324005126953,-30.238706588745117,19.871858596801758,-0.31324100494384766,-9.49209976196289,2.1191437244415283,18.8966283772917,-35.47458444144374,24.067246088205767,1.0289331642302264,-5.082466732072226,6.015807372290152,-16.496410179302295,54.028121055713086,-9.468452832563472,15.463323692040776,-43.326205403403065,34.734879450953194
529483939098642,4.879776811,4880,245,2.9063754081726074,-0.3198601007461548,0.4502127468585968,-1.8314406871795654,0.4935407042503357,-0.4997657239437103,1.0,-0.3198601007461548,0.4502127468585968,-1.0,0.4935407042503357,-0.4997657239437103,20.31324005126953,-26.41431999206543,16.448820114135742,-0.31324100494384766,-10.10276985168457,2.8413829803466797,18.470151332224162,-34.04588589638296,23.339476065261646,1.4402822519448504,-6.078323052135311,6.7551922485530485,-22.969849694984365,77.63948908866683,-45.69088378370352,22.45090802518345,-51.727957672273675,38.18260606906604
529483959177308,4.899855477,4900,246,2.444087505340576,-0.14806592464447021,0.30367594957351685,-1.819643497467041,0.4756004214286804,-0.4589500427246094,1.0,-0.14806592464447021,0.30367594957351685,-1.0,0.4756004214286804,-0.4589500427246094,20.31324005126953,-22.969242095947266,14.349837303161621,-0.31324100494384766,-10.46253490447998,3.4260244369506836,17.94340272003524,-32.1042250783177,21.86258807696391,1.9422847437083643,-7.1198593810159245,7.612210188584596,-28.35753487878832,104.55585457273422,-82.21224319664789,27.528800754089335,-53.980322268087264,38.14409938879011
529483979047193,4.919725362,4920,247,1.816739559173584,0.018315542489290237,0.14639613032341003,-1.784860372543335,0.4621145725250244,-0.39950910210609436,1.0,0.018315542489290237,0.14639613032341003,-1.0,0.4621145725250244,-0.39950910210609436,20.31324005126953,-19.632705688476562,12.096969604492188,-0.31324100494384766,-10.7329740524292,4.2774529457092285,17.344949391438398,-29.705402555328792,19.944000910006068,2.5089402320921104,-8.1287493127392,8.452540116502675,-27.688036840534814,122.58453929494968,-97.40121130315235,25.80457709886264,-43.34178415436124,53.261275826209
529483999076839,4.939755008,4940,248,1.0274338722229004,0.154141366481781,-0.022248195484280586,-1.5820691585540771,0.4850727915763855,-0.24266131222248077,1.0,0.154141366481781,-0.022248195484280586,-1.0,0.4850727915763855,-0.24266131222248077,20.31324005126953,-16.90892219543457,9.681317329406738,-0.31324100494384766,-10.272581100463867,6.524132251739502,16.70616538799937,-26.96849428962992,17.82725213896066,3.1313628727405094,-9.102125836245333,9.167268101760648,-31.263622351155952,138.42787749369384,-104.78664893037751,30.968719519428415,-46.599942188547764,34.79668434297311
529484019088319,4.959766488,4960,249,0.03408898413181305,0.33239197731018066,-0.22189417481422424,-1.2548161745071411,0.41244298219680786,-0.04613172635436058,0.03408898413181305,0.33239197731018066,-0.22189417481422424,-1.0,0.41244298219680786,-0.04613172635436058,10.351567268371582,-13.334369659423828,6.82159948348999,-0.31324100494384766,-11.729063987731934,9.339210510253906,16.111111933275605,-24.111639302391787,15.601781347209593,3.71233539307565,-9.923179559192482,9.959809720855075,-25.53913217064109,139.4788578532124,-109.20709787732525,24.47079647918248,-31.734028783439378,52.79194885897311
529484039324786,4.980002955,4980,250,-1.2422925233840942,0.6542549729347229,-0.07163362950086594,-0.41688206791877747,0.14479948580265045,0.47858649492263794,-1.0,0.6542549729347229,-0.07163362950086594,-0.41688206791877747,0.14479948580265045,0.47858649492263794,-0.31324100494384766,-6.879881858825684,8.973922729492188,5.700594425201416,-17.09626007080078,16.85524559020996,14.788318107831188,-20.961442449146734,13.252545494144877,3.841815498291711,-10.943994557561453,10.776916774202853,-80.57829434121709,159.38758370835325,-115.87570726715855,-3.5044456106442006,-54.933976794453905,43.96159702183128
529484059034170,4.999712339,5000,251,-2.7073991298675537,1.1723601818084717,0.28447237610816956,0.9349116086959839,-0.5565487146377563,1.3662595748901367,-1.0,1.0,0.28447237610816956,0.9349116086959839,-0.5565487146377563,1.0,-0.31324100494384766,0.05352306738495827,14.0747652053833,19.641965866088867,-31.16075897216797,24.323944091796875,12.335031860053803,-17.13637627326448,11.516671659515369,3.7334604042585258,-12.919638718521185,12.204200114489534,-139.01224991043932,200.18012701329718,-71.39704202240605,-4.857029933130949,-118.35361686964382,82.69873552650486
529484079019308,5.019697477,5020,252,-3.2705001831054688,1.3880512714385986,0.4876852333545685,2.1143267154693604,-1.0044454336166382,1.53048837184906,-1.0,1.0,0.4876852333545685,1.0,-1.0,1.0,-0.31324100494384766,0.05352306738495827,16.98557472229004,20.31324005126953,-40.05351638793945,24.323944091796875,10.28811826848383,-14.045415926184306,9.846715362345995,4.740228925437661,-16.804201486190973,14.70151422098255,-67.45664547971867,83.61822726458172,-127.30268035995327,64.51571059200084,-212.49383032826802,137.42655675356875
529484099262494,5.039940663,5040,253,-2.97666335105896,1.27191162109375,0.4090970754623413,2.2971370220184326,-1.122903823852539,1.1178406476974487,-1.0,1.0,0.4090970754623413,1.0,-1.0,1.0,-0.31324100494384766,0.05352306738495827,15.859882354736328,20.31324005126953,-40.05351638793945,24.323944091796875,9.1173432321187,-12.737173860059968,8.292450645880315,6.597632507764576,-22.013524151482592,17.408362367421365,-55.12209837779025,56.43561694881192,-51.9417858518861,102.73369336818001,-274.0446347555219,128.6358175098067
529484119206186,5.059884355,5060,254,-3.1182444095611572,1.1178056001663208,0.03394783288240433,3.051478147506714,-1.2993519306182861,1.179266095161438,-1.0,1.0,0.03394783288240433,1.0,-1.0,1.0,-0.31324100494384766,0.05352306738495827,10.486266136169434,20.31324005126953,-40.05351638793945,24.323944091796875,8.057254568431773,-11.74125216576075,7.666873371991098,8.691642357841328,-27.295910792299228,19.603079227364674,-52.157094934976776,46.59568359128516,-20.947313490083328,103.0317286788797,-251.6049077976252,97.65356945120811
529484139252110,5.079930279,5080,255,-2.722285270690918,0.9607994556427002,-0.3044286370277405,3.738231658935547,-1.3901828527450562,1.2658946514129639,-1.0,0.9607994556427002,-0.3044286370277405,1.0,-1.0,1.0,-0.31324100494384766,-0.7325855493545532,5.63938045501709,20.31324005126953,-40.05351638793945,24.323944091796875,7.030087158737851,-10.710959481350626,6.8343344016358,10.609938973276488,-31.69476502055127,21.17356653133769,-50.3924200952564,52.05939264323734,-48.750059594796824,90.55400716788884,-198.83252199767742,67.7376322331379
