host_time_ns,host_elapsed_s,stm32_time_ms,command_seq,onnx_raw_left_leg,onnx_raw_left_knee,onnx_raw_left_ankle,onnx_raw_right_leg,onnx_raw_right_knee,onnx_raw_right_ankle,action_left_leg,action_left_knee,action_left_ankle,action_right_leg,action_right_knee,action_right_ankle,target_deg_left_leg,target_deg_left_knee,target_deg_left_ankle,target_deg_right_leg,target_deg_right_knee,target_deg_right_ankle,position_deg_left_leg,position_deg_left_knee,position_deg_left_ankle,position_deg_right_leg,position_deg_right_knee,position_deg_right_ankle,velocity_deg_s_left_leg,velocity_deg_s_left_knee,velocity_deg_s_left_ankle,velocity_deg_s_right_leg,velocity_deg_s_right_knee,velocity_deg_s_right_ankle
528216013956275,0.000000000,88496,1,0.0,0.0,0.0,0.0,0.0,0.0,0.0,0.0,0.0,0.0,0.0,0.0,9.935999870300293,-20.052000045776367,10.295999526977539,9.972000122070312,-20.01599884033203,10.368000030517578,9.935999870300293,-20.052000045776367,10.295999526977539,9.972000122070312,-20.01599884033203,10.368000030517578,-0.09000000357627869,0.6299999952316284,0.0,-1.53000009059906,-0.0,0.6299999952316284
528216034717798,0.020761523,88516,2,0.0,0.0,0.0,0.0,0.0,0.0,0.0,0.0,0.0,0.0,0.0,0.0,9.936004638671875,-20.0519962310791,10.295975685119629,9.972002029418945,-20.0159969329834,10.36797046661377,9.935999870300293,-20.052000045776367,10.295999526977539,9.972000122070312,-20.01599884033203,10.368000030517578,-0.0,0.9900000095367432,0.0,-0.09000000357627869,-0.18000000715255737,0.09000000357627869
528216055376809,0.041420534,88536,3,0.0,0.0,0.0,0.0,0.0,0.0,0.0,0.0,0.0,0.0,0.0,0.0,9.936020851135254,-20.051982879638672,10.295904159545898,9.97200870513916,-20.015993118286133,10.367881774902344,9.935999870300293,-20.052000045776367,10.295999526977539,9.972000122070312,-20.01599884033203,10.368000030517578,-0.09000000357627869,0.09000000357627869,0.0,-0.9900000095367432,-0.0,0.09000000357627869
528216075921532,0.061965257,88556,4,0.0,0.0,0.0,0.0,0.0,0.0,0.0,0.0,0.0,0.0,0.0,0.0,9.93604564666748,-20.051963806152344,10.295787811279297,9.972020149230957,-20.015987396240234,10.36773681640625,9.935999870300293,-20.052000045776367,10.295999526977539,9.972000122070312,-20.01599884033203,10.368000030517578,-0.809999942779541,-1.350000023841858,0.0,0.7200000286102295,-0.0,1.350000023841858
528216096522379,0.082566104,88576,5,0.0,0.0,0.0,0.0,0.0,0.0,0.0,0.0,0.0,0.0,0.0,0.0,9.936080932617188,-20.05193519592285,10.295625686645508,9.97203540802002,-20.01597785949707,10.367534637451172,9.935999870300293,-20.052000045776367,10.295999526977539,9.972000122070312,-20.01599884033203,10.368000030517578,-0.09000000357627869,0.7200000286102295,0.27000001072883606,0.7200000286102295,-0.0,-0.09000000357627869
528216117095523,0.103139248,88596,6,0.0,0.0,0.0,0.0,0.0,0.0,0.0,0.0,0.0,0.0,0.0,0.0,9.936125755310059,-20.051897048950195,10.295417785644531,9.972055435180664,-20.015968322753906,10.367277145385742,9.935999870300293,-20.052000045776367,10.295999526977539,9.972000122070312,-20.01599884033203,10.368000030517578,-0.5400000214576721,-0.27000001072883606,0.6299999952316284,0.44999998807907104,-0.0,0.9900000095367432
528216137702642,0.123746367,88616,7,0.0,0.0,0.0,0.0,0.0,0.0,0.0,0.0,0.0,0.0,0.0,0.0,9.936180114746094,-20.05185317993164,10.295166015625,9.972079277038574,-20.015953063964844,10.366963386535645,9.935999870300293,-20.052000045776367,10.331999778747559,9.972000122070312,-20.01599884033203,10.403999328613281,0.18000000715255737,-0.7200000286102295,1.709999918937683,0.9900000095367432,-0.0,1.350000023841858
528216160544166,0.146587891,88636,8,0.0,0.0,0.0,0.0,0.0,0.0,0.0,0.0,0.0,0.0,0.0,0.0,9.936251640319824,-20.051795959472656,10.294835090637207,9.972110748291016,-20.01593589782715,10.366552352905273,9.935999870300293,-20.052000045776367,10.403999328613281,9.972000122070312,-20.01599884033203,10.4399995803833,-0.09000000357627869,-1.2599999904632568,1.350000023841858,0.5400000214576721,-0.0,1.7999999523162842
528216181131378,0.167175103,88656,9,0.0,0.0,0.0,0.0,0.0,0.0,0.0,0.0,0.0,0.0,0.0,0.0,9.936326026916504,-20.051734924316406,10.294489860534668,9.972143173217773,-20.01591682434082,10.36612319946289,9.935999870300293,-20.052000045776367,10.403999328613281,9.972000122070312,-20.01599884033203,10.47599983215332,0.27000001072883606,-0.27000001072883606,1.350000023841858,-0.809999942779541,-0.0,2.5199999809265137
528216201789654,0.187833379,88676,10,0.0,0.0,0.0,0.0,0.0,0.0,0.0,0.0,0.0,0.0,0.0,0.0,9.936409950256348,-20.051666259765625,10.294100761413574,9.972179412841797,-20.01589584350586,10.365639686584473,9.935999870300293,-20.052000045776367,10.4399995803833,9.972000122070312,-20.01599884033203,10.54800033569336,0.18000000715255737,0.09000000357627869,1.619999885559082,2.700000047683716,-0.09000000357627869,1.619999885559082
528216222342753,0.208386478,88696,11,0.0,0.0,0.0,0.0,0.0,0.0,0.0,0.0,0.0,0.0,0.0,0.0,9.936503410339355,-20.051591873168945,10.293671607971191,9.972220420837402,-20.015872955322266,10.365105628967285,9.935999870300293,-20.052000045776367,10.47599983215332,9.972000122070312,-20.01599884033203,10.584000587463379,-0.0,1.440000057220459,0.36000001430511475,1.1700000762939453,-0.0,0.6299999952316284
528216243293133,0.229336858,88716,12,0.0,0.0,0.0,0.0,0.0,0.0,0.0,0.0,0.0,0.0,0.0,0.0,9.936607360839844,-20.05150604248047,10.293190002441406,9.97226619720459,-20.015846252441406,10.364507675170898,9.935999870300293,-20.052000045776367,10.47599983215332,9.972000122070312,-20.01599884033203,10.584000587463379,-0.36000001430511475,-0.6299999952316284,0.0,1.440000057220459,-0.0,0.18000000715255737
528216253789306,0.239833031,88736,13,0.0,0.0,0.0,0.0,0.0,0.0,0.0,0.0,0.0,0.0,0.0,0.0,9.936662673950195,-20.05146026611328,10.292932510375977,9.9722900390625,-20.015832901000977,10.36418628692627,9.935999870300293,-20.052000045776367,10.47599983215332,9.972000122070312,-20.01599884033203,10.584000587463379,-0.09000000357627869,-0.36000001430511475,0.36000001430511475,0.09000000357627869,0.09000000357627869,-0.09000000357627869
528216274432924,0.260476649,88756,14,0.0,0.0,0.0,0.0,0.0,0.0,0.0,0.0,0.0,0.0,0.0,0.0,9.936779022216797,-20.051366806030273,10.29239559173584,9.97234058380127,-20.015804290771484,10.363519668579102,9.935999870300293,-20.052000045776367,10.47599983215332,9.972000122070312,-20.01599884033203,10.584000587463379,-0.18000000715255737,-1.1700000762939453,0.0,-0.9900000095367432,-0.18000000715255737,-0.0
528216295090854,0.281134579,88776,15,0.0,0.0,0.0,0.0,0.0,0.0,0.0,0.0,0.0,0.0,0.0,0.0,9.936903953552246,-20.051265716552734,10.291815757751465,9.972395896911621,-20.015771865844727,10.362798690795898,9.899999618530273,-20.052000045776367,10.47599983215332,9.972000122070312,-20.01599884033203,10.584000587463379,-0.0,0.0,0.0,-0.18000000715255737,-0.09000000357627869,-0.0
528216315720890,0.301764615,88796,16,0.0,0.0,0.0,0.0,0.0,0.0,0.0,0.0,0.0,0.0,0.0,0.0,9.93703842163086,-20.051156997680664,10.291196823120117,9.972454071044922,-20.01573944091797,10.362030029296875,9.899999618530273,-20.052000045776367,10.47599983215332,9.972000122070312,-20.01599884033203,10.584000587463379,-0.0,-1.619999885559082,0.0,-0.18000000715255737,-0.0,0.27000001072883606
528216336329082,0.322372807,88816,17,0.0,0.0,0.0,0.0,0.0,0.0,0.0,0.0,0.0,0.0,0.0,0.0,9.937180519104004,-20.051040649414062,10.290538787841797,9.972517013549805,-20.015703201293945,10.361210823059082,9.899999618530273,-20.052000045776367,10.47599983215332,9.972000122070312,-20.01599884033203,10.584000587463379,0.27000001072883606,-0.18000000715255737,0.0,0.0,-0.0,-0.0
528216356998428,0.343042153,88836,18,0.0,0.0,0.0,0.0,0.0,0.0,0.0,0.0,0.0,0.0,0.0,0.0,9.937332153320312,-20.050918579101562,10.289838790893555,9.972582817077637,-20.01566505432129,10.36034107208252,9.899999618530273,-20.052000045776367,10.47599983215332,9.972000122070312,-20.01599884033203,10.584000587463379,-0.0,0.0,0.27000001072883606,-0.9900000095367432,-0.0,-0.0
528216377655176,0.363698901,88856,19,0.0,0.0,0.0,0.0,0.0,0.0,0.0,0.0,0.0,0.0,0.0,0.0,9.937491416931152,-20.05078887939453,10.289100646972656,9.972652435302734,-20.015625,10.35942268371582,9.899999618530273,-20.052000045776367,10.47599983215332,9.972000122070312,-20.01599884033203,10.584000587463379,-0.0,-0.44999998807907104,0.0,0.6299999952316284,-0.0,-0.18000000715255737
528216398269493,0.384313218,88876,20,0.0,0.0,0.0,0.0,0.0,0.0,0.0,0.0,0.0,0.0,0.0,0.0,9.93765926361084,-20.05065155029297,10.288324356079102,9.972725868225098,-20.015583038330078,10.358457565307617,9.899999618530273,-20.052000045776367,10.47599983215332,9.972000122070312,-20.01599884033203,10.584000587463379,-0.0,0.18000000715255737,0.0,-1.8899999856948853,-0.0,-0.0
528216418908895,0.404952620,88896,21,0.0,0.0,0.0,0.0,0.0,0.0,0.0,0.0,0.0,0.0,0.0,0.0,9.937835693359375,-20.050508499145508,10.287508964538574,9.972803115844727,-20.015539169311523,10.357444763183594,9.899999618530273,-20.052000045776367,10.47599983215332,9.972000122070312,-20.01599884033203,10.584000587463379,0.27000001072883606,0.0,0.0,1.2599999904632568,-0.0,-0.0
528216439618549,0.425662274,88916,22,0.0,0.0,0.0,0.0,0.0,0.0,0.0,0.0,0.0,0.0,0.0,0.0,9.938020706176758,-20.050357818603516,10.286653518676758,9.972884178161621,-20.015493392944336,10.356380462646484,9.899999618530273,-20.052000045776367,10.47599983215332,9.972000122070312,-20.01599884033203,10.584000587463379,-0.36000001430511475,0.7200000286102295,-0.44999998807907104,0.7200000286102295,0.09000000357627869,-0.18000000715255737
528216460253499,0.446297224,88936,23,0.0,0.0,0.0,0.0,0.0,0.0,0.0,0.0,0.0,0.0,0.0,0.0,9.938213348388672,-20.050201416015625,10.28576374053955,9.972968101501465,-20.015445709228516,10.355274200439453,9.899999618530273,-20.052000045776367,10.47599983215332,9.972000122070312,-20.01599884033203,10.584000587463379,-0.0,-0.18000000715255737,0.0,-1.619999885559082,-0.0,0.09000000357627869
528216480873820,0.466917545,88956,24,0.0,0.0,0.0,0.0,0.0,0.0,0.0,0.0,0.0,0.0,0.0,0.0,9.938413619995117,-20.050039291381836,10.28483772277832,9.973055839538574,-20.015396118164062,10.35412311553955,9.899999618530273,-20.052000045776367,10.47599983215332,9.972000122070312,-20.01599884033203,10.584000587463379,-0.36000001430511475,-0.18000000715255737,-0.18000000715255737,-1.619999885559082,-0.0,-0.0
528216501476128,0.487519853,88976,25,0.0,0.0,0.0,0.0,0.0,0.0,0.0,0.0,0.0,0.0,0.0,0.0,9.938621520996094,-20.049869537353516,10.283876419067383,9.973146438598633,-20.015342712402344,10.352928161621094,9.899999618530273,-20.052000045776367,10.47599983215332,9.972000122070312,-20.01599884033203,10.584000587463379,-0.0,-0.36000001430511475,0.0,1.8899999856948853,-0.0,-0.0
528216522058157,0.508101882,88996,26,0.0,0.0,0.0,0.0,0.0,0.0,0.0,0.0,0.0,0.0,0.0,0.0,9.938836097717285,-20.04969596862793,10.282879829406738,9.973240852355957,-20.015289306640625,10.351689338684082,9.899999618530273,-20.052000045776367,10.47599983215332,9.972000122070312,-20.01599884033203,10.584000587463379,-0.0,0.6299999952316284,-0.09000000357627869,1.53000009059906,-0.0,0.36000001430511475
528216542545148,0.528588873,89016,27,0.0,0.0,0.0,0.0,0.0,0.0,0.0,0.0,0.0,0.0,0.0,0.0,9.939058303833008,-20.049514770507812,10.281854629516602,9.97333812713623,-20.015233993530273,10.350414276123047,9.899999618530273,-20.052000045776367,10.47599983215332,9.972000122070312,-20.01599884033203,10.584000587463379,-0.09000000357627869,-0.8999999761581421,0.09000000357627869,0.09000000357627869,-0.0,-0.18000000715255737
528216563065140,0.549108865,89036,28,0.0,0.0,0.0,0.0,0.0,0.0,0.0,0.0,0.0,0.0,0.0,0.0,9.939288139343262,-20.049327850341797,10.280791282653809,9.973438262939453,-20.01517677307129,10.349092483520508,9.899999618530273,-20.052000045776367,10.47599983215332,9.972000122070312,-20.01599884033203,10.584000587463379,-0.18000000715255737,-0.809999942779541,0.0,-0.44999998807907104,-0.0,0.09000000357627869
528216573442564,0.559486289,89056,29,0.0,0.0,0.0,0.0,0.0,0.0,0.0,0.0,0.0,0.0,0.0,0.0,9.939407348632812,-20.049232482910156,10.280241012573242,9.973490715026855,-20.015146255493164,10.348408699035645,9.899999618530273,-20.052000045776367,10.47599983215332,9.972000122070312,-20.01599884033203,10.584000587463379,-0.36000001430511475,-0.7200000286102295,0.09000000357627869,-1.0800000429153442,-0.0,0.27000001072883606
528216593986989,0.580030714,89076,30,0.0,0.0,0.0,0.0,0.0,0.0,0.0,0.0,0.0,0.0,0.0,0.0,9.939647674560547,-20.049036026000977,10.27912712097168,9.97359561920166,-20.015087127685547,10.347023963928223,9.899999618530273,-20.052000045776367,10.47599983215332,9.972000122070312,-20.01599884033203,10.584000587463379,0.44999998807907104,-0.27000001072883606,0.18000000715255737,-0.6299999952316284,-0.0,-0.09000000357627869
528216614652273,0.600695998,89096,31,0.0,0.0,0.0,0.0,0.0,0.0,0.0,0.0,0.0,0.0,0.0,0.0,9.939897537231445,-20.0488338470459,10.277974128723145,9.973705291748047,-20.015024185180664,10.345589637756348,9.899999618530273,-20.052000045776367,10.47599983215332,9.972000122070312,-20.01599884033203,10.584000587463379,-0.44999998807907104,0.6299999952316284,0.0,0.0,-0.0,0.18000000715255737
528216635358137,0.621401862,89116,32,0.0,0.0,0.0,0.0,0.0,0.0,0.0,0.0,0.0,0.0,0.0,0.0,9.940155029296875,-20.04862403869629,10.27678394317627,9.973817825317383,-20.01495933532715,10.344110488891602,9.899999618530273,-20.052000045776367,10.47599983215332,9.972000122070312,-20.01599884033203,10.584000587463379,0.09000000357627869,1.0800000429153442,0.0,0.0,-0.0,-0.0
528216656224580,0.642268305,89136,33,0.0,0.0,0.0,0.0,0.0,0.0,0.0,0.0,0.0,0.0,0.0,0.0,9.940421104431152,-20.04840850830078,10.275552749633789,9.973934173583984,-20.014894485473633,10.342578887939453,9.899999618530273,-20.052000045776367,10.47599983215332,9.972000122070312,-20.01599884033203,10.584000587463379,-0.44999998807907104,0.0,0.0,-0.9900000095367432,-0.0,-0.09000000357627869
528216677079513,0.663123238,89156,34,0.0,0.0,0.0,0.0,0.0,0.0,0.0,0.0,0.0,0.0,0.0,0.0,9.940694808959961,-20.048185348510742,10.274287223815918,9.974054336547852,-20.01482582092285,10.3410062789917,9.899999618530273,-20.052000045776367,10.47599983215332,9.972000122070312,-20.01599884033203,10.584000587463379,-0.36000001430511475,0.44999998807907104,0.0,-0.09000000357627869,0.09000000357627869,-0.0
528216697933025,0.683976750,89176,35,0.0,0.0,0.0,0.0,0.0,0.0,0.0,0.0,0.0,0.0,0.0,0.0,9.940974235534668,-20.047958374023438,10.272991180419922,9.974176406860352,-20.014755249023438,10.339395523071289,9.899999618530273,-20.052000045776367,10.47599983215332,9.972000122070312,-20.01599884033203,10.584000587463379,0.09000000357627869,0.18000000715255737,0.0,0.18000000715255737,-0.0,-0.09000000357627869
528216719445204,0.705488929,89196,36,0.0,0.0,0.0,0.0,0.0,0.0,0.0,0.0,0.0,0.0,0.0,0.0,9.94127082824707,-20.04771614074707,10.271620750427246,9.974306106567383,-20.014680862426758,10.337690353393555,9.899999618530273,-20.052000045776367,10.47599983215332,9.972000122070312,-20.01599884033203,10.584000587463379,-0.0,-0.36000001430511475,0.0,2.9700000286102295,-0.0,-0.0
528216740235623,0.726279348,89216,37,0.0,0.0,0.0,0.0,0.0,0.0,0.0,0.0,0.0,0.0,0.0,0.0,9.941564559936523,-20.0474796295166,10.270263671875,9.974434852600098,-20.01460838317871,10.336004257202148,9.899999618530273,-20.052000045776367,10.47599983215332,9.972000122070312,-20.01599884033203,10.584000587463379,-0.0,-0.5400000214576721,0.09000000357627869,2.1600000858306885,-0.0,-0.0
528216760993848,0.747037573,89236,38,0.0,0.0,0.0,0.0,0.0,0.0,0.0,0.0,0.0,0.0,0.0,0.0,9.941864013671875,-20.0472354888916,10.268877029418945,9.974565505981445,-20.0145320892334,10.334280967712402,9.935999870300293,-20.052000045776367,10.47599983215332,9.972000122070312,-20.01599884033203,10.584000587463379,0.18000000715255737,-0.6299999952316284,0.0,4.139999866485596,-0.0,0.44999998807907104
528216781521825,0.767565550,89256,39,0.0,0.0,0.0,0.0,0.0,0.0,0.0,0.0,0.0,0.0,0.0,0.0,9.942166328430176,-20.04698944091797,10.267477989196777,9.974698066711426,-20.01445770263672,10.332540512084961,9.935999870300293,-20.052000045776367,10.47599983215332,9.972000122070312,-20.01599884033203,10.584000587463379,0.36000001430511475,-0.36000001430511475,-0.36000001430511475,-0.09000000357627869,0.27000001072883606,-0.0
528216802270236,0.788313961,89276,40,0.0,0.0,0.0,0.0,0.0,0.0,0.0,0.0,0.0,0.0,0.0,0.0,9.94247817993164,-20.046735763549805,10.266035079956055,9.974834442138672,-20.014379501342773,10.330747604370117,9.899999618530273,-20.052000045776367,10.47599983215332,9.972000122070312,-20.01599884033203,10.584000587463379,-0.09000000357627869,-0.18000000715255737,-0.09000000357627869,1.53000009059906,-0.0,-0.18000000715255737
528216822885640,0.808929365,89296,41,0.0,0.0,0.0,0.0,0.0,0.0,0.0,0.0,0.0,0.0,0.0,0.0,9.942794799804688,-20.046478271484375,10.264572143554688,9.97497272491455,-20.014299392700195,10.328927993774414,9.935999870300293,-20.052000045776367,10.47599983215332,9.972000122070312,-20.01599884033203,10.584000587463379,0.09000000357627869,-0.7200000286102295,0.09000000357627869,1.350000023841858,-0.0,-0.0
528216833233228,0.819276953,89316,42,0.0,0.0,0.0,0.0,0.0,0.0,0.0,0.0,0.0,0.0,0.0,0.0,9.94295597076416,-20.046348571777344,10.263826370239258,9.975043296813965,-20.014259338378906,10.32800006866455,9.899999618530273,-20.052000045776367,10.47599983215332,9.972000122070312,-20.01599884033203,10.584000587463379,-0.09000000357627869,0.809999942779541,0.0,-1.0800000429153442,-0.0,-0.0
528216853901056,0.839944781,89336,43,0.0,0.0,0.0,0.0,0.0,0.0,0.0,0.0,0.0,0.0,0.0,0.0,9.943282127380371,-20.046083450317383,10.26231861114502,9.975186347961426,-20.014177322387695,10.326126098632812,9.935999870300293,-20.052000045776367,10.47599983215332,9.972000122070312,-20.01599884033203,10.584000587463379,-0.0,0.9900000095367432,0.0,-0.809999942779541,-0.0,-0.0
528216874834001,0.860877726,89356,44,0.0,0.0,0.0,0.0,0.0,0.0,0.0,0.0,0.0,0.0,0.0,0.0,9.943617820739746,-20.04581069946289,10.260765075683594,9.975333213806152,-20.01409339904785,10.32419490814209,9.899999618530273,-20.052000045776367,10.47599983215332,9.972000122070312,-20.01599884033203,10.584000587463379,0.18000000715255737,0.27000001072883606,0.18000000715255737,-1.2599999904632568,-0.18000000715255737,-0.0
528216896137633,0.882181358,89376,45,0.0,0.0,0.0,0.0,0.0,0.0,0.0,0.0,0.0,0.0,0.0,0.0,9.943965911865234,-20.0455265045166,10.259154319763184,9.975485801696777,-20.014007568359375,10.322192192077637,9.899999618530273,-20.052000045776367,10.47599983215332,9.972000122070312,-20.01599884033203,10.584000587463379,-0.5400000214576721,0.09000000357627869,0.0,-0.5400000214576721,-0.18000000715255737,-0.27000001072883606
528216917266292,0.903310017,89396,46,0.0,0.0,0.0,0.0,0.0,0.0,0.0,0.0,0.0,0.0,0.0,0.0,9.944318771362305,-20.04524040222168,10.257525444030762,9.975639343261719,-20.013919830322266,10.320167541503906,9.899999618530273,-20.052000045776367,10.47599983215332,9.972000122070312,-20.01599884033203,10.584000587463379,0.18000000715255737,-0.44999998807907104,0.0,2.9700000286102295,-0.0,-0.0
528216938372948,0.924416673,89416,47,0.0,0.0,0.0,0.0,0.0,0.0,0.0,0.0,0.0,0.0,0.0,0.0,9.94467544555664,-20.044950485229492,10.255874633789062,9.97579574584961,-20.013830184936523,10.318114280700684,9.899999618530273,-20.052000045776367,10.47599983215332,9.972000122070312,-20.01599884033203,10.584000587463379,-0.0,0.0,-0.09000000357627869,0.09000000357627869,0.27000001072883606,-0.27000001072883606
528216959539708,0.945583433,89436,48,0.0,0.0,0.0,0.0,0.0,0.0,0.0,0.0,0.0,0.0,0.0,0.0,9.945039749145508,-20.044654846191406,10.254190444946289,9.97595500946045,-20.01373863220215,10.316020965576172,9.899999618530273,-20.052000045776367,10.47599983215332,9.972000122070312,-20.01599884033203,10.584000587463379,-0.0,-0.809999942779541,0.27000001072883606,-0.6299999952316284,-0.0,-0.0
528216980471934,0.966515659,89456,49,0.0,0.0,0.0,0.0,0.0,0.0,0.0,0.0,0.0,0.0,0.0,0.0,9.945405006408691,-20.044357299804688,10.252498626708984,9.976115226745605,-20.013647079467773,10.313918113708496,9.899999618530273,-20.052000045776367,10.47599983215332,9.972000122070312,-20.01599884033203,10.584000587463379,0.27000001072883606,-0.809999942779541,0.09000000357627869,-0.9900000095367432,-0.0,-0.09000000357627869
528217001252504,0.987296229,89476,50,0.0,0.0,0.0,0.0,0.0,0.0,0.0,0.0,0.0,0.0,0.0,0.0,9.945773124694824,-20.044057846069336,10.2507963180542,9.976275444030762,-20.0135555267334,10.31180191040039,9.899999618530273,-20.052000045776367,10.47599983215332,9.972000122070312,-20.01599884033203,10.584000587463379,-0.27000001072883606,-0.6299999952316284,0.0,0.09000000357627869,-0.0,-0.09000000357627869
528217022242348,1.008286073,89496,51,0.0,0.0,0.0,0.0,0.0,0.0,0.0,0.0,0.0,0.0,0.0,0.0,9.946149826049805,-20.043752670288086,10.249053001403809,9.9764404296875,-20.013460159301758,10.3096342086792,9.899999618530273,-20.052000045776367,10.47599983215332,9.972000122070312,-20.01599884033203,10.584000587463379,0.5400000214576721,-0.09000000357627869,0.09000000357627869,0.18000000715255737,-0.09000000357627869,0.09000000357627869
528217043140122,1.029183847,89516,52,0.0,0.0,0.0,0.0,0.0,0.0,0.0,0.0,0.0,0.0,0.0,0.0,9.946531295776367,-20.043441772460938,10.24729061126709,9.976607322692871,-20.01336669921875,10.307442665100098,9.899999618530273,-20.052000045776367,10.47599983215332,9.972000122070312,-20.01599884033203,10.584000587463379,-0.44999998807907104,1.1700000762939453,0.0,0.8999999761581421,-0.0,0.18000000715255737
528217053784119,1.039827844,89536,53,0.0,0.0,0.0,0.0,0.0,0.0,0.0,0.0,0.0,0.0,0.0,0.0,9.946727752685547,-20.043283462524414,10.246384620666504,9.976693153381348,-20.013317108154297,10.306316375732422,9.899999618530273,-20.052000045776367,10.47599983215332,9.972000122070312,-20.01599884033203,10.584000587463379,-0.0,0.5400000214576721,0.0,-0.18000000715255737,-0.0,-0.0
528217074698625,1.060742350,89556,54,0.0,0.0,0.0,0.0,0.0,0.0,0.0,0.0,0.0,0.0,0.0,0.0,9.947115898132324,-20.04296875,10.244587898254395,9.976862907409668,-20.013219833374023,10.304081916809082,9.899999618530273,-20.052000045776367,10.47599983215332,9.972000122070312,-20.01599884033203,10.584000587463379,-0.0,0.0,0.09000000357627869,0.44999998807907104,-0.0,-0.0
528217095872579,1.081916304,89576,55,0.0,0.0,0.0,0.0,0.0,0.0,0.0,0.0,0.0,0.0,0.0,0.0,9.947514533996582,-20.042644500732422,10.242745399475098,9.97703742980957,-20.013120651245117,10.30179214477539,9.899999618530273,-20.052000045776367,10.47599983215332,9.972000122070312,-20.01599884033203,10.584000587463379,-0.0,-0.27000001072883606,0.0,1.619999885559082,-0.0,0.27000001072883606
528217116820418,1.102864143,89596,56,0.0,0.0,0.0,0.0,0.0,0.0,0.0,0.0,0.0,0.0,0.0,0.0,9.947914123535156,-20.04231834411621,10.24089527130127,9.977212905883789,-20.013019561767578,10.299492835998535,9.899999618530273,-20.052000045776367,10.47599983215332,9.972000122070312,-20.01599884033203,10.584000587463379,-0.09000000357627869,-0.36000001430511475,0.0,0.5400000214576721,-0.0,-0.18000000715255737
528217137732619,1.123776344,89616,57,0.0,0.0,0.0,0.0,0.0,0.0,0.0,0.0,0.0,0.0,0.0,0.0,9.94831657409668,-20.0419921875,10.239032745361328,9.977388381958008,-20.01291847229004,10.297176361083984,9.899999618530273,-20.052000045776367,10.47599983215332,9.972000122070312,-20.01599884033203,10.584000587463379,-0.09000000357627869,0.0,-0.09000000357627869,-0.7200000286102295,-0.0,-0.0
528217158624064,1.144667789,89636,58,0.0,0.0,0.0,0.0,0.0,0.0,0.0,0.0,0.0,0.0,0.0,0.0,9.948724746704102,-20.04166030883789,10.237147331237793,9.977566719055176,-20.0128173828125,10.294832229614258,9.899999618530273,-20.052000045776367,10.47599983215332,9.972000122070312,-20.01599884033203,10.584000587463379,-0.0,0.5400000214576721,0.0,-1.350000023841858,-0.0,0.18000000715255737
528217179430195,1.165473920,89656,59,0.0,0.0,0.0,0.0,0.0,0.0,0.0,0.0,0.0,0.0,0.0,0.0,9.949134826660156,-20.04132652282715,10.235249519348145,9.977746963500977,-20.012714385986328,10.292472839355469,9.899999618530273,-20.052000045776367,10.47599983215332,9.972000122070312,-20.01599884033203,10.584000587463379,-0.0,-0.09000000357627869,0.0,1.53000009059906,0.27000001072883606,-0.0
528217200178143,1.186221868,89676,60,0.0,0.0,0.0,0.0,0.0,0.0,0.0,0.0,0.0,0.0,0.0,0.0,9.949548721313477,-20.040990829467773,10.233336448669434,9.977927207946777,-20.012611389160156,10.290095329284668,9.899999618530273,-20.052000045776367,10.47599983215332,9.972000122070312,-20.01599884033203,10.584000587463379,-0.36000001430511475,-0.27000001072883606,0.0,0.0,-0.0,-0.0
528217221042485,1.207086210,89696,61,0.0,0.0,0.0,0.0,0.0,0.0,0.0,0.0,0.0,0.0,0.0,0.0,9.949967384338379,-20.040651321411133,10.231396675109863,9.978111267089844,-20.01250648498535,10.28768253326416,9.899999618530273,-20.052000045776367,10.47599983215332,9.972000122070312,-20.01599884033203,10.584000587463379,-0.0,0.809999942779541,0.09000000357627869,-1.1700000762939453,-0.27000001072883606,0.09000000357627869
528217242220452,1.228264177,89716,62,0.0,0.0,0.0,0.0,0.0,0.0,0.0,0.0,0.0,0.0,0.0,0.0,9.950398445129395,-20.040300369262695,10.229405403137207,9.978299140930176,-20.012399673461914,10.285207748413086,9.899999618530273,-20.052000045776367,10.47599983215332,9.972000122070312,-20.01599884033203,10.584000587463379,-0.0,-0.18000000715255737,0.0,-1.350000023841858,-0.0,-0.0
528217263161191,1.249204916,89736,63,0.0,0.0,0.0,0.0,0.0,0.0,0.0,0.0,0.0,0.0,0.0,0.0,9.950828552246094,-20.03995132446289,10.227416038513184,9.978487968444824,-20.012290954589844,10.282733917236328,9.899999618530273,-20.052000045776367,10.47599983215332,9.972000122070312,-20.01599884033203,10.584000587463379,-0.0,0.7200000286102295,0.0,-1.619999885559082,-0.0,-0.36000001430511475
528217274133371,1.260177096,89756,64,0.0,0.0,0.0,0.0,0.0,0.0,0.0,0.0,0.0,0.0,0.0,0.0,9.951055526733398,-20.039766311645508,10.226367950439453,9.978586196899414,-20.012235641479492,10.281431198120117,9.899999618530273,-20.052000045776367,10.47599983215332,9.972000122070312,-20.01599884033203,10.584000587463379,-0.0,0.0,-0.27000001072883606,2.3400001525878906,-0.0,-0.18000000715255737
528217294915436,1.280959161,89776,65,0.0,0.0,0.0,0.0,0.0,0.0,0.0,0.0,0.0,0.0,0.0,0.0,9.95148754119873,-20.03941535949707,10.224366188049316,9.978775978088379,-20.012126922607422,10.278942108154297,9.899999618530273,-20.052000045776367,10.47599983215332,9.972000122070312,-20.01599884033203,10.584000587463379,-0.0,-0.8999999761581421,0.0,0.6299999952316284,-0.0,0.18000000715255737
528217315628028,1.301671753,89796,66,0.0,0.0,0.0,0.0,0.0,0.0,0.0,0.0,0.0,0.0,0.0,0.0,9.951922416687012,-20.0390625,10.222355842590332,9.978965759277344,-20.01201820373535,10.276442527770996,9.899999618530273,-20.052000045776367,10.47599983215332,9.972000122070312,-20.01599884033203,10.584000587463379,-0.0,-0.809999942779541,0.0,0.18000000715255737,-0.18000000715255737,-0.0
528217336552384,1.322596109,89816,67,0.0,0.0,0.0,0.0,0.0,0.0,0.0,0.0,0.0,0.0,0.0,0.0,9.952364921569824,-20.0387020111084,10.220309257507324,9.979159355163574,-20.01190757751465,10.273898124694824,9.935999870300293,-20.052000045776367,10.47599983215332,9.972000122070312,-20.01599884033203,10.584000587463379,0.5400000214576721,-0.09000000357627869,-0.27000001072883606,-1.7999999523162842,-0.09000000357627869,0.27000001072883606
528217357563990,1.343607715,89836,68,0.0,0.0,0.0,0.0,0.0,0.0,0.0,0.0,0.0,0.0,0.0,0.0,9.952813148498535,-20.03833770751953,10.218236923217773,9.979355812072754,-20.011795043945312,10.271322250366211,9.899999618530273,-20.052000045776367,10.47599983215332,9.972000122070312,-20.01599884033203,10.584000587463379,-0.36000001430511475,-0.36000001430511475,0.09000000357627869,-0.8999999761581421,-0.0,-0.0
528217378309213,1.364352938,89856,69,0.0,0.0,0.0,0.0,0.0,0.0,0.0,0.0,0.0,0.0,0.0,0.0,9.953259468078613,-20.037975311279297,10.216172218322754,9.979551315307617,-20.01168441772461,10.268754959106445,9.899999618530273,-20.052000045776367,10.47599983215332,9.972000122070312,-20.01599884033203,10.584000587463379,-0.0,0.0,-0.09000000357627869,0.0,0.09000000357627869,-0.09000000357627869
528217398965275,1.385009000,89876,70,0.0,0.0,0.0,0.0,0.0,0.0,0.0,0.0,0.0,0.0,0.0,0.0,9.953706741333008,-20.037612915039062,10.214103698730469,9.97974681854248,-20.011571884155273,10.266182899475098,9.899999618530273,-20.052000045776367,10.47599983215332,9.972000122070312,-20.01599884033203,10.584000587463379,0.09000000357627869,-0.7200000286102295,0.0,0.809999942779541,-0.18000000715255737,-0.0
528217419849507,1.405893232,89896,71,0.0,0.0,0.0,0.0,0.0,0.0,0.0,0.0,0.0,0.0,0.0,0.0,9.954161643981934,-20.037242889404297,10.211999893188477,9.97994613647461,-20.011457443237305,10.263567924499512,9.899999618530273,-20.052000045776367,10.47599983215332,9.972000122070312,-20.01599884033203,10.584000587463379,-0.0,0.6299999952316284,0.0,-0.5400000214576721,-0.0,-0.0
528217440939871,1.426983596,89916,72,0.0,0.0,0.0,0.0,0.0,0.0,0.0,0.0,0.0,0.0,0.0,0.0,9.95462417602539,-20.036867141723633,10.209858894348145,9.980148315429688,-20.011343002319336,10.260906219482422,9.899999618530273,-20.052000045776367,10.47599983215332,9.972000122070312,-20.01599884033203,10.584000587463379,-0.0,0.7200000286102295,0.09000000357627869,2.1600000858306885,-0.0,-0.0
528217462048265,1.448091990,89936,73,0.0,0.0,0.0,0.0,0.0,0.0,0.0,0.0,0.0,0.0,0.0,0.0,9.95509147644043,-20.036487579345703,10.207700729370117,9.980352401733398,-20.011226654052734,10.258222579956055,9.899999618530273,-20.052000045776367,10.47599983215332,9.972000122070312,-20.01599884033203,10.584000587463379,-0.0,0.0,-0.18000000715255737,0.6299999952316284,0.18000000715255737,-0.18000000715255737
528217482862731,1.468906456,89956,74,0.0,0.0,0.0,0.0,0.0,0.0,0.0,0.0,0.0,0.0,0.0,0.0,9.955554962158203,-20.036109924316406,10.205556869506836,9.980555534362793,-20.011110305786133,10.2555570602417,9.899999618530273,-20.052000045776367,10.47599983215332,9.972000122070312,-20.01599884033203,10.584000587463379,-0.27000001072883606,0.6299999952316284,0.0,0.0,-0.18000000715255737,-0.0
528217493612594,1.479656319,89976,75,0.0,0.0,0.0,0.0,0.0,0.0,0.0,0.0,0.0,0.0,0.0,0.0,9.955794334411621,-20.03591537475586,10.204446792602539,9.980660438537598,-20.011049270629883,10.254178047180176,9.899999618530273,-20.052000045776367,10.47599983215332,9.972000122070312,-20.01599884033203,10.584000587463379,-0.18000000715255737,-0.7200000286102295,0.18000000715255737,2.069999933242798,-0.0,-0.0
528217514627033,1.500670758,89996,76,0.0,0.0,0.0,0.0,0.0,0.0,0.0,0.0,0.0,0.0,0.0,0.0,9.956266403198242,-20.035531997680664,10.202265739440918,9.980866432189941,-20.01093101501465,10.251466751098633,9.935999870300293,-20.052000045776367,10.47599983215332,9.972000122070312,-20.01599884033203,10.584000587463379,0.18000000715255737,1.1700000762939453,0.09000000357627869,-2.880000114440918,-0.0,-0.0
528217535555016,1.521598741,90016,77,0.0,0.0,0.0,0.0,0.0,0.0,0.0,0.0,0.0,0.0,0.0,0.0,9.956738471984863,-20.03514862060547,10.200081825256348,9.981073379516602,-20.010814666748047,10.248750686645508,9.899999618530273,-20.052000045776367,10.47599983215332,9.972000122070312,-20.01599884033203,10.584000587463379,-0.09000000357627869,-0.44999998807907104,-0.18000000715255737,-1.1700000762939453,0.18000000715255737,-0.09000000357627869
528217556681354,1.542725079,90036,78,0.0,0.0,0.0,0.0,0.0,0.0,0.0,0.0,0.0,0.0,0.0,0.0,9.9572172164917,-20.034759521484375,10.197868347167969,9.981282234191895,-20.01069450378418,10.24599838256836,9.899999618530273,-20.052000045776367,10.47599983215332,9.972000122070312,-20.01599884033203,10.584000587463379,-0.09000000357627869,-0.27000001072883606,0.09000000357627869,0.7200000286102295,-0.0,-0.0
528217577627555,1.563671280,90056,79,0.0,0.0,0.0,0.0,0.0,0.0,0.0,0.0,0.0,0.0,0.0,0.0,9.957695007324219,-20.034372329711914,10.195657730102539,9.981492042541504,-20.010574340820312,10.243249893188477,9.899999618530273,-20.052000045776367,10.47599983215332,9.972000122070312,-20.01599884033203,10.584000587463379,-0.0,0.27000001072883606,-0.09000000357627869,0.18000000715255737,0.09000000357627869,-0.0
528217598498635,1.584542360,90076,80,0.0,0.0,0.0,0.0,0.0,0.0,0.0,0.0,0.0,0.0,0.0,0.0,9.958173751831055,-20.03398323059082,10.193445205688477,9.981700897216797,-20.010454177856445,10.240499496459961,9.899999618530273,-20.052000045776367,10.47599983215332,9.972000122070312,-20.01599884033203,10.584000587463379,0.36000001430511475,0.0,0.0,0.27000001072883606,-0.0,0.09000000357627869
528217619545491,1.605589216,90096,81,0.0,0.0,0.0,0.0,0.0,0.0,0.0,0.0,0.0,0.0,0.0,0.0,9.958657264709473,-20.03359031677246,10.191205978393555,9.981912612915039,-20.010334014892578,10.237715721130371,9.899999618530273,-20.052000045776367,10.47599983215332,9.972000122070312,-20.01599884033203,10.584000587463379,-0.44999998807907104,-0.7200000286102295,0.0,-1.1700000762939453,0.27000001072883606,-0.09000000357627869
528217640641996,1.626685721,90116,82,0.0,0.0,0.0,0.0,0.0,0.0,0.0,0.0,0.0,0.0,0.0,0.0,9.959145545959473,-20.033193588256836,10.188949584960938,9.982126235961914,-20.010211944580078,10.23491096496582,9.899999618530273,-20.052000045776367,10.47599983215332,9.972000122070312,-20.01599884033203,10.584000587463379,-0.0,-0.18000000715255737,0.09000000357627869,-1.0800000429153442,-0.0,-0.0
528217661526554,1.647570279,90136,83,0.0,0.0,0.0,0.0,0.0,0.0,0.0,0.0,0.0,0.0,0.0,0.0,9.959630966186523,-20.032798767089844,10.18670654296875,9.982337951660156,-20.010089874267578,10.232121467590332,9.899999618530273,-20.052000045776367,10.47599983215332,9.972000122070312,-20.01599884033203,10.584000587463379,-0.0,0.0,0.0,0.27000001072883606,-0.0,-0.09000000357627869
528217682338652,1.668382377,90156,84,0.0,0.0,0.0,0.0,0.0,0.0,0.0,0.0,0.0,0.0,0.0,0.0,9.960115432739258,-20.032405853271484,10.184462547302246,9.982550621032715,-20.00996971130371,10.22933292388916,9.899999618530273,-20.052000045776367,10.47599983215332,9.972000122070312,-20.01599884033203,10.584000587463379,0.09000000357627869,0.6299999952316284,-0.27000001072883606,0.18000000715255737,-0.0,-0.09000000357627869
528217703367813,1.689411538,90176,85,0.0,0.0,0.0,0.0,0.0,0.0,0.0,0.0,0.0,0.0,0.0,0.0,9.960606575012207,-20.032005310058594,10.18218994140625,9.982765197753906,-20.00984764099121,10.226507186889648,9.899999618530273,-20.052000045776367,10.47599983215332,9.972000122070312,-20.01599884033203,10.584000587463379,-0.0,1.0800000429153442,-0.18000000715255737,-3.3299999237060547,-0.0,-0.09000000357627869
528217714306548,1.700350273,90196,86,0.0,0.0,0.0,0.0,0.0,0.0,0.0,0.0,0.0,0.0,0.0,0.0,9.96086311340332,-20.031797409057617,10.181005477905273,9.982877731323242,-20.009782791137695,10.2250337600708,9.935999870300293,-20.052000045776367,10.47599983215332,9.972000122070312,-20.01599884033203,10.584000587463379,0.27000001072883606,-2.5199999809265137,0.09000000357627869,2.3400001525878906,-0.0,-0.09000000357627869
528217735458195,1.721501920,90216,87,0.0,0.0,0.0,0.0,0.0,0.0,0.0,0.0,0.0,0.0,0.0,0.0,9.961359977722168,-20.03139305114746,10.178705215454102,9.983095169067383,-20.009658813476562,10.222174644470215,9.899999618530273,-20.052000045776367,10.47599983215332,9.972000122070312,-20.01599884033203,10.584000587463379,-0.0,-0.09000000357627869,-0.27000001072883606,0.7200000286102295,-0.09000000357627869,0.09000000357627869
528217756464350,1.742508075,90236,88,0.0,0.0,0.0,0.0,0.0,0.0,0.0,0.0,0.0,0.0,0.0,0.0,9.9618558883667,-20.030990600585938,10.176412582397461,9.983311653137207,-20.00953483581543,10.219324111938477,9.935999870300293,-20.052000045776367,10.47599983215332,9.972000122070312,-20.01599884033203,10.584000587463379,0.27000001072883606,0.36000001430511475,0.0,-0.809999942779541,-0.0,-0.0
528217777525384,1.763569109,90256,89,0.0,0.0,0.0,0.0,0.0,0.0,0.0,0.0,0.0,0.0,0.0,0.0,9.962353706359863,-20.03058624267578,10.174113273620605,9.983529090881348,-20.009410858154297,10.216465950012207,9.899999618530273,-20.052000045776367,10.47599983215332,9.972000122070312,-20.01599884033203,10.584000587463379,-0.0,-1.709999918937683,-0.09000000357627869,0.809999942779541,0.18000000715255737,-0.09000000357627869
528217798569345,1.784613070,90276,90,0.0,0.0,0.0,0.0,0.0,0.0,0.0,0.0,0.0,0.0,0.0,0.0,9.962851524353027,-20.030181884765625,10.171807289123535,9.983747482299805,-20.00928497314453,10.21359920501709,9.899999618530273,-20.052000045776367,10.47599983215332,9.972000122070312,-20.01599884033203,10.584000587463379,0.09000000357627869,0.0,0.0,-0.9900000095367432,-0.0,-0.0
528217819639484,1.805683209,90296,91,0.0,0.0,0.0,0.0,0.0,0.0,0.0,0.0,0.0,0.0,0.0,0.0,9.96335220336914,-20.029775619506836,10.16949462890625,9.983965873718262,-20.0091609954834,10.210722923278809,9.899999618530273,-20.052000045776367,10.47599983215332,9.972000122070312,-20.01599884033203,10.584000587463379,-0.09000000357627869,-0.6299999952316284,0.0,-3.690000057220459,-0.0,-0.0
528217840553958,1.826597683,90316,92,0.0,0.0,0.0,0.0,0.0,0.0,0.0,0.0,0.0,0.0,0.0,0.0,9.963850021362305,-20.02937126159668,10.167190551757812,9.984184265136719,-20.009035110473633,10.20785903930664,9.899999618530273,-20.052000045776367,10.47599983215332,9.935999870300293,-20.01599884033203,10.584000587463379,0.18000000715255737,0.809999942779541,0.0,-4.949999809265137,-0.0,0.09000000357627869
528217862560803,1.848604528,90336,93,0.0,0.0,0.0,0.0,0.0,0.0,0.0,0.0,0.0,0.0,0.0,0.0,9.964375495910645,-20.02894401550293,10.164762496948242,9.984414100646973,-20.0089054107666,10.204839706420898,9.899999618530273,-20.052000045776367,10.47599983215332,9.972000122070312,-20.01599884033203,10.584000587463379,-0.7200000286102295,0.6299999952316284,0.27000001072883606,-1.440000057220459,-0.0,-0.0
528217883128648,1.869172373,90356,94,0.0,0.0,0.0,0.0,0.0,0.0,0.0,0.0,0.0,0.0,0.0,0.0,9.964866638183594,-20.028545379638672,10.162489891052246,9.984628677368164,-20.00878143310547,10.202014923095703,9.899999618530273,-20.052000045776367,10.47599983215332,9.972000122070312,-20.01599884033203,10.584000587463379,-0.0,0.36000001430511475,0.0,-1.9800000190734863,-0.0,-0.0
528217893552897,1.879596622,90376,95,0.0,0.0,0.0,0.0,0.0,0.0,0.0,0.0,0.0,0.0,0.0,0.0,9.965115547180176,-20.028343200683594,10.161337852478027,9.98473834991455,-20.00872039794922,10.200582504272461,9.935999870300293,-20.052000045776367,10.47599983215332,9.972000122070312,-20.01599884033203,10.584000587463379,0.18000000715255737,0.09000000357627869,-0.09000000357627869,0.6299999952316284,-0.0,-0.0
528217914142759,1.900186484,90396,96,0.0,0.0,0.0,0.0,0.0,0.0,0.0,0.0,0.0,0.0,0.0,0.0,9.965608596801758,-20.027942657470703,10.159058570861816,9.984953880310059,-20.008596420288086,10.197749137878418,9.899999618530273,-20.052000045776367,10.47599983215332,9.972000122070312,-20.01599884033203,10.584000587463379,-0.0,0.09000000357627869,0.0,1.2599999904632568,-0.09000000357627869,-0.0
528217934794209,1.920837934,90416,97,0.0,0.0,0.0,0.0,0.0,0.0,0.0,0.0,0.0,0.0,0.0,0.0,9.966102600097656,-20.02754020690918,10.156770706176758,9.985169410705566,-20.008472442626953,10.194905281066895,9.935999870300293,-20.052000045776367,10.47599983215332,9.972000122070312,-20.01599884033203,10.584000587463379,-0.18000000715255737,-0.09000000357627869,0.0,0.0,0.09000000357627869,-0.0
528217955373566,1.941417291,90436,98,0.0,0.0,0.0,0.0,0.0,0.0,0.0,0.0,0.0,0.0,0.0,0.0,9.966595649719238,-20.02713966369629,10.154491424560547,9.98538589477539,-20.00834846496582,10.192070007324219,9.899999618530273,-20.052000045776367,10.47599983215332,9.972000122070312,-20.01599884033203,10.584000587463379,0.18000000715255737,-0.18000000715255737,0.09000000357627869,-4.409999847412109,0.18000000715255737,-0.27000001072883606
528217976252364,1.962296089,90456,99,0.0,0.0,0.0,0.0,0.0,0.0,0.0,0.0,0.0,0.0,0.0,0.0,9.967097282409668,-20.0267333984375,10.15217399597168,9.985604286193848,-20.008224487304688,10.189189910888672,9.899999618530273,-20.052000045776367,10.47599983215332,9.972000122070312,-20.01599884033203,10.584000587463379,-0.0,-1.2599999904632568,0.0,-2.700000047683716,-0.09000000357627869,0.09000000357627869
528217997011389,1.983055114,90476,100,0.0,0.0,0.0,0.0,0.0,0.0,0.0,0.0,0.0,0.0,0.0,0.0,9.967595100402832,-20.02632713317871,10.149869918823242,9.985822677612305,-20.008100509643555,10.186326026916504,9.899999618530273,-20.052000045776367,10.47599983215332,9.972000122070312,-20.01599884033203,10.584000587463379,-0.6299999952316284,-0.5400000214576721,-0.09000000357627869,-2.9700000286102295,-0.0,-0.0
528218017698746,2.003742471,90496,101,0.0,0.0,0.0,0.0,0.0,0.0,0.0,0.0,0.0,0.0,0.0,0.0,9.968091011047363,-20.025924682617188,10.147574424743652,9.986040115356445,-20.00797462463379,10.183470726013184,9.899999618530273,-20.052000045776367,10.47599983215332,9.972000122070312,-20.01599884033203,10.584000587463379,-0.0,-0.6299999952316284,-0.09000000357627869,-1.8899999856948853,-0.0,-0.0
528218038493205,2.024536930,90516,102,0.0,0.0,0.0,0.0,0.0,0.0,0.0,0.0,0.0,0.0,0.0,0.0,9.968589782714844,-20.0255184173584,10.145268440246582,9.986257553100586,-20.007850646972656,10.180604934692383,9.899999618530273,-20.052000045776367,10.47599983215332,9.972000122070312,-20.01599884033203,10.584000587463379,0.36000001430511475,0.7200000286102295,0.0,-1.0800000429153442,-0.0,-0.0
528218059469287,2.045513012,90536,103,0.0,0.0,0.0,0.0,0.0,0.0,0.0,0.0,0.0,0.0,0.0,0.0,9.969093322753906,-20.025110244750977,10.142940521240234,9.986477851867676,-20.00772476196289,10.17771053314209,9.935999870300293,-20.052000045776367,10.47599983215332,9.972000122070312,-20.01599884033203,10.584000587463379,0.18000000715255737,0.36000001430511475,-0.09000000357627869,0.9900000095367432,-0.09000000357627869,-0.09000000357627869
528218080305059,2.066348784,90556,104,0.0,0.0,0.0,0.0,0.0,0.0,0.0,0.0,0.0,0.0,0.0,0.0,9.969593048095703,-20.024703979492188,10.140628814697266,9.98669719696045,-20.007600784301758,10.174836158752441,9.935999870300293,-20.052000045776367,10.47599983215332,9.972000122070312,-20.01599884033203,10.584000587463379,-0.0,0.0,-0.36000001430511475,1.350000023841858,-0.0,-0.27000001072883606
528218101575909,2.087619634,90576,105,0.0,0.0,0.0,0.0,0.0,0.0,0.0,0.0,0.0,0.0,0.0,0.0,9.970102310180664,-20.024290084838867,10.138273239135742,9.986919403076172,-20.00747299194336,10.171908378601074,9.899999618530273,-20.052000045776367,10.47599983215332,9.972000122070312,-20.01599884033203,10.584000587463379,0.09000000357627869,0.0,0.0,0.36000001430511475,-0.0,-0.0
528218122814027,2.108857752,90596,106,0.0,0.0,0.0,0.0,0.0,0.0,0.0,0.0,0.0,0.0,0.0,0.0,9.970610618591309,-20.02387809753418,10.1359224319458,9.987141609191895,-20.00734519958496,10.168985366821289,9.899999618530273,-20.052000045776367,10.47599983215332,9.972000122070312,-20.01599884033203,10.584000587463379,-0.0,0.809999942779541,0.0,-2.700000047683716,-0.09000000357627869,-0.0
528218133785007,2.119828732,90616,107,0.0,0.0,0.0,0.0,0.0,0.0,0.0,0.0,0.0,0.0,0.0,0.0,9.97087287902832,-20.023664474487305,10.134708404541016,9.98725700378418,-20.007280349731445,10.167475700378418,9.935999870300293,-20.052000045776367,10.47599983215332,9.972000122070312,-20.01599884033203,10.584000587463379,0.09000000357627869,0.44999998807907104,-0.27000001072883606,-0.9900000095367432,-0.0,0.36000001430511475
528218154880047,2.140923772,90636,108,0.0,0.0,0.0,0.0,0.0,0.0,0.0,0.0,0.0,0.0,0.0,0.0,9.9713773727417,-20.02325439453125,10.13237476348877,9.98747730255127,-20.00715446472168,10.16457462310791,9.899999618530273,-20.052000045776367,10.47599983215332,9.972000122070312,-20.01599884033203,10.584000587463379,-0.0,-0.27000001072883606,0.09000000357627869,0.8999999761581421,-0.09000000357627869,-0.0
528218175742808,2.161786533,90656,109,0.0,0.0,0.0,0.0,0.0,0.0,0.0,0.0,0.0,0.0,0.0,0.0,9.97187614440918,-20.022850036621094,10.130071640014648,9.987695693969727,-20.007028579711914,10.161710739135742,9.899999618530273,-20.052000045776367,10.47599983215332,9.972000122070312,-20.01599884033203,10.584000587463379,-0.0,0.0,0.0,3.239999771118164,-0.0,-0.27000001072883606
528218196625666,2.182669391,90676,110,0.0,0.0,0.0,0.0,0.0,0.0,0.0,0.0,0.0,0.0,0.0,0.0,9.972373008728027,-20.022445678710938,10.127771377563477,9.987913131713867,-20.00690460205078,10.158851623535156,9.899999618530273,-20.052000045776367,10.47599983215332,9.972000122070312,-20.01599884033203,10.584000587463379,-0.27000001072883606,-0.36000001430511475,0.0,0.6299999952316284,-0.27000001072883606,0.18000000715255737
528218217477052,2.203520777,90696,111,0.0,0.0,0.0,0.0,0.0,0.0,0.0,0.0,0.0,0.0,0.0,0.0,9.972868919372559,-20.022043228149414,10.125478744506836,9.988129615783691,-20.00678062438965,10.156000137329102,9.935999870300293,-20.052000045776367,10.47599983215332,9.972000122070312,-20.01599884033203,10.584000587463379,0.5400000214576721,-0.09000000357627869,0.0,-0.27000001072883606,-0.0,-0.0
528218238410655,2.224454380,90716,112,0.0,0.0,0.0,0.0,0.0,0.0,0.0,0.0,0.0,0.0,0.0,0.0,9.97336483001709,-20.021638870239258,10.12318229675293,9.988347053527832,-20.006656646728516,10.153145790100098,9.899999618530273,-20.052000045776367,10.47599983215332,9.972000122070312,-20.01599884033203,10.584000587463379,-0.0,-0.6299999952316284,-0.09000000357627869,0.809999942779541,0.27000001072883606,0.09000000357627869
528218259497798,2.245541523,90736,113,0.0,0.0,0.0,0.0,0.0,0.0,0.0,0.0,0.0,0.0,0.0,0.0,9.973864555358887,-20.02123260498047,10.12087345123291,9.988565444946289,-20.006532669067383,10.150275230407715,9.935999870300293,-20.052000045776367,10.47599983215332,9.972000122070312,-20.01599884033203,10.584000587463379,0.18000000715255737,-0.27000001072883606,0.0,0.0,-0.09000000357627869,0.09000000357627869
528218280403532,2.266447257,90756,114,0.0,0.0,0.0,0.0,0.0,0.0,0.0,0.0,0.0,0.0,0.0,0.0,9.974358558654785,-20.020832061767578,10.118589401245117,9.988781929016113,-20.00640869140625,10.147435188293457,9.935999870300293,-20.052000045776367,10.47599983215332,9.972000122070312,-20.01599884033203,10.584000587463379,0.809999942779541,-0.27000001072883606,0.0,0.44999998807907104,-0.09000000357627869,-0.0
528218301196526,2.287240251,90776,115,0.0,0.0,0.0,0.0,0.0,0.0,0.0,0.0,0.0,0.0,0.0,0.0,9.974847793579102,-20.020435333251953,10.116326332092285,9.988995552062988,-20.00628662109375,10.144621849060059,9.935999870300293,-20.052000045776367,10.47599983215332,9.972000122070312,-20.01599884033203,10.584000587463379,-0.0,0.36000001430511475,0.27000001072883606,-0.27000001072883606,-0.0,-0.0
528218322040273,2.308083998,90796,116,0.0,0.0,0.0,0.0,0.0,0.0,0.0,0.0,0.0,0.0,0.0,0.0,9.975336074829102,-20.020036697387695,10.114065170288086,9.989209175109863,-20.00616455078125,10.14181137084961,9.935999870300293,-20.052000045776367,10.47599983215332,9.972000122070312,-20.01599884033203,10.584000587463379,-0.09000000357627869,0.18000000715255737,0.18000000715255737,0.809999942779541,-0.0,-0.18000000715255737
528218343014031,2.329057756,90816,117,0.0,0.0,0.0,0.0,0.0,0.0,0.0,0.0,0.0,0.0,0.0,0.0,9.97582721710205,-20.019638061523438,10.111796379089355,9.989423751831055,-20.006040573120117,10.13899040222168,9.935999870300293,-20.052000045776367,10.47599983215332,9.972000122070312,-20.01599884033203,10.54800033569336,-0.09000000357627869,0.809999942779541,0.09000000357627869,-1.0800000429153442,-0.0,-0.809999942779541
528218353639200,2.339682925,90836,118,0.0,0.0,0.0,0.0,0.0,0.0,0.0,0.0,0.0,0.0,0.0,0.0,9.976075172424316,-20.019437789916992,10.110647201538086,9.989532470703125,-20.005979537963867,10.137561798095703,9.935999870300293,-20.052000045776367,10.47599983215332,9.972000122070312,-20.01599884033203,10.54800033569336,0.18000000715255737,0.8999999761581421,-0.09000000357627869,0.809999942779541,-0.0,-0.27000001072883606
528218374418818,2.360462543,90856,119,0.0,0.0,0.0,0.0,0.0,0.0,0.0,0.0,0.0,0.0,0.0,0.0,9.976558685302734,-20.019044876098633,10.108413696289062,9.989744186401367,-20.005859375,10.134784698486328,9.935999870300293,-20.052000045776367,10.47599983215332,9.972000122070312,-20.01599884033203,10.54800033569336,-0.18000000715255737,-0.27000001072883606,-0.18000000715255737,-0.7200000286102295,-0.0,-0.18000000715255737
528218395204348,2.381248073,90876,120,0.0,0.0,0.0,0.0,0.0,0.0,0.0,0.0,0.0,0.0,0.0,0.0,9.97704029083252,-20.018653869628906,10.106184005737305,9.989954948425293,-20.0057373046875,10.132013320922852,9.935999870300293,-20.052000045776367,10.4399995803833,9.972000122070312,-20.01599884033203,10.54800033569336,-0.0,-0.44999998807907104,-0.36000001430511475,-2.9700000286102295,-0.0,-0.0
528218416054829,2.402098554,90896,121,0.0,0.0,0.0,0.0,0.0,0.0,0.0,0.0,0.0,0.0,0.0,0.0,9.977521896362305,-20.01826286315918,10.103959083557129,9.990165710449219,-20.005617141723633,10.129246711730957,9.935999870300293,-20.052000045776367,10.4399995803833,9.972000122070312,-20.01599884033203,10.54800033569336,-0.09000000357627869,-0.5400000214576721,0.0,-1.2599999904632568,0.27000001072883606,-0.09000000357627869
528218437159606,2.423203331,90916,122,0.0,0.0,0.0,0.0,0.0,0.0,0.0,0.0,0.0,0.0,0.0,0.0,9.978005409240723,-20.017868041992188,10.10171890258789,9.990377426147461,-20.005496978759766,10.12646198272705,9.935999870300293,-20.052000045776367,10.4399995803833,9.972000122070312,-20.01599884033203,10.54800033569336,-0.0,-0.7200000286102295,-0.09000000357627869,1.53000009059906,-0.09000000357627869,-0.18000000715255737
528218458538376,2.444582101,90936,123,0.0,0.0,0.0,0.0,0.0,0.0,0.0,0.0,0.0,0.0,0.0,0.0,9.978494644165039,-20.017471313476562,10.099457740783691,9.990591049194336,-20.005374908447266,10.123650550842285,9.935999870300293,-20.052000045776367,10.4399995803833,9.972000122070312,-20.01599884033203,10.54800033569336,0.09000000357627869,-1.0800000429153442,0.0,2.1600000858306885,-0.09000000357627869,0.18000000715255737
528218479621973,2.465665698,90956,124,0.0,0.0,0.0,0.0,0.0,0.0,0.0,0.0,0.0,0.0,0.0,0.0,9.978975296020508,-20.017080307006836,10.097235679626465,9.990801811218262,-20.0052547454834,10.120887756347656,9.935999870300293,-20.052000045776367,10.4399995803833,9.972000122070312,-20.01599884033203,10.54800033569336,-0.0,0.0,0.0,0.0,-0.27000001072883606,-0.09000000357627869
528218500509736,2.486553461,90976,125,0.0,0.0,0.0,0.0,0.0,0.0,0.0,0.0,0.0,0.0,0.0,0.0,9.979447364807129,-20.01669692993164,10.095049858093262,9.991007804870605,-20.005136489868164,10.118170738220215,9.935999870300293,-20.052000045776367,10.4399995803833,9.972000122070312,-20.01599884033203,10.54800033569336,0.18000000715255737,-0.18000000715255737,0.09000000357627869,1.619999885559082,-0.0,-0.09000000357627869
528218521527226,2.507570951,90996,126,0.0,0.0,0.0,0.0,0.0,0.0,0.0,0.0,0.0,0.0,0.0,0.0,9.979920387268066,-20.016311645507812,10.092862129211426,9.991214752197266,-20.00501823425293,10.115450859069824,9.935999870300293,-20.052000045776367,10.4399995803833,9.972000122070312,-20.01599884033203,10.54800033569336,-0.36000001430511475,-0.5400000214576721,0.0,0.44999998807907104,0.27000001072883606,-0.09000000357627869
528218542629863,2.528673588,91016,127,0.0,0.0,0.0,0.0,0.0,0.0,0.0,0.0,0.0,0.0,0.0,0.0,9.980393409729004,-20.015928268432617,10.090676307678223,9.991421699523926,-20.004899978637695,10.112733840942383,9.935999870300293,-20.052000045776367,10.4399995803833,9.972000122070312,-20.01599884033203,10.54800033569336,0.6299999952316284,0.9900000095367432,0.0,-0.18000000715255737,-0.0,-0.0
528218553526232,2.539569957,91036,128,0.0,0.0,0.0,0.0,0.0,0.0,0.0,0.0,0.0,0.0,0.0,0.0,9.980636596679688,-20.015731811523438,10.089552879333496,9.991528511047363,-20.004838943481445,10.111336708068848,9.935999870300293,-20.052000045776367,10.4399995803833,9.972000122070312,-20.01599884033203,10.54800033569336,0.5400000214576721,0.6299999952316284,0.0,-1.7999999523162842,-0.0,-0.0
528218574760925,2.560804650,91056,129,0.0,0.0,0.0,0.0,0.0,0.0,0.0,0.0,0.0,0.0,0.0,0.0,9.981106758117676,-20.015348434448242,10.087377548217773,9.99173355102539,-20.00472068786621,10.108631134033203,9.935999870300293,-20.052000045776367,10.4399995803833,9.972000122070312,-20.01599884033203,10.54800033569336,-0.0,-0.36000001430511475,-0.27000001072883606,1.619999885559082,-0.0,0.18000000715255737
528218595715927,2.581759652,91076,130,0.0,0.0,0.0,0.0,0.0,0.0,0.0,0.0,0.0,0.0,0.0,0.0,9.981569290161133,-20.014972686767578,10.085237503051758,9.991936683654785,-20.004606246948242,10.105971336364746,9.935999870300293,-20.052000045776367,10.4399995803833,9.972000122070312,-20.01599884033203,10.54800033569336,-0.18000000715255737,-0.6299999952316284,0.0,2.5199999809265137,-0.0,-0.7200000286102295
528218616351257,2.602394982,91096,131,0.0,0.0,0.0,0.0,0.0,0.0,0.0,0.0,0.0,0.0,0.0,0.0,9.98202133178711,-20.014606475830078,10.083147048950195,9.992134094238281,-20.004491806030273,10.103371620178223,9.935999870300293,-20.052000045776367,10.4399995803833,9.972000122070312,-20.01599884033203,10.54800033569336,-0.0,-0.8999999761581421,0.0,0.6299999952316284,-0.0,-0.809999942779541
528218637230582,2.623274307,91116,132,0.0,0.0,0.0,0.0,0.0,0.0,0.0,0.0,0.0,0.0,0.0,0.0,9.982475280761719,-20.014236450195312,10.081048965454102,9.992332458496094,-20.004379272460938,10.100764274597168,9.935999870300293,-20.052000045776367,10.4399995803833,9.972000122070312,-20.01599884033203,10.54800033569336,-0.0,-0.09000000357627869,0.0,0.18000000715255737,-0.0,0.09000000357627869
528218658573498,2.644617223,91136,133,0.0,0.0,0.0,0.0,0.0,0.0,0.0,0.0,0.0,0.0,0.0,0.0,9.982934951782227,-20.01386260986328,10.078920364379883,9.992533683776855,-20.00426483154297,10.098116874694824,9.935999870300293,-20.052000045776367,10.4399995803833,9.972000122070312,-20.01599884033203,10.51200008392334,-0.18000000715255737,-0.809999942779541,0.0,-0.09000000357627869,-0.0,-0.27000001072883606
528218679480922,2.665524647,91156,134,0.0,0.0,0.0,0.0,0.0,0.0,0.0,0.0,0.0,0.0,0.0,0.0,9.983384132385254,-20.013498306274414,10.076844215393066,9.992730140686035,-20.004152297973633,10.095536231994629,9.935999870300293,-20.052000045776367,10.4399995803833,9.972000122070312,-20.01599884033203,10.51200008392334,0.18000000715255737,-0.27000001072883606,0.0,1.9800000190734863,-0.0,-0.0
528218700355036,2.686398761,91176,135,0.0,0.0,0.0,0.0,0.0,0.0,0.0,0.0,0.0,0.0,0.0,0.0,9.983827590942383,-20.013137817382812,10.074792861938477,9.992924690246582,-20.00404167175293,10.092986106872559,9.935999870300293,-20.052000045776367,10.4399995803833,9.972000122070312,-20.01599884033203,10.51200008392334,-0.18000000715255737,0.0,0.18000000715255737,1.709999918937683,-0.09000000357627869,0.7200000286102295
528218721540544,2.707584269,91196,136,0.0,0.0,0.0,0.0,0.0,0.0,0.0,0.0,0.0,0.0,0.0,0.0,9.984273910522461,-20.012775421142578,10.072728157043457,9.993119239807129,-20.003929138183594,10.090418815612793,9.935999870300293,-20.052000045776367,10.4399995803833,9.972000122070312,-20.01599884033203,10.51200008392334,-0.0,0.18000000715255737,0.0,-0.5400000214576721,-0.0,-0.36000001430511475
528218742712916,2.728756641,91216,137,0.0,0.0,0.0,0.0,0.0,0.0,0.0,0.0,0.0,0.0,0.0,0.0,9.984716415405273,-20.012414932250977,10.07068157196045,9.99331283569336,-20.00381851196289,10.087875366210938,9.935999870300293,-20.052000045776367,10.4399995803833,9.972000122070312,-20.01599884033203,10.51200008392334,0.09000000357627869,-0.5400000214576721,-0.5400000214576721,0.0,-0.0,0.09000000357627869
528218753643203,2.739686928,91236,138,0.0,0.0,0.0,0.0,0.0,0.0,0.0,0.0,0.0,0.0,0.0,0.0,9.984943389892578,-20.012231826782227,10.06963062286377,9.993412971496582,-20.003761291503906,10.086568832397461,9.935999870300293,-20.052000045776367,10.4399995803833,9.972000122070312,-20.01599884033203,10.51200008392334,-0.0,-0.09000000357627869,0.0,0.0,-0.0,-0.09000000357627869
528218774851307,2.760895032,91256,139,0.0,0.0,0.0,0.0,0.0,0.0,0.0,0.0,0.0,0.0,0.0,0.0,9.985380172729492,-20.011877059936523,10.067610740661621,9.993603706359863,-20.003652572631836,10.084056854248047,9.935999870300293,-20.052000045776367,10.4399995803833,9.972000122070312,-20.01599884033203,10.51200008392334,0.36000001430511475,0.09000000357627869,-0.27000001072883606,-0.09000000357627869,-0.0,0.18000000715255737
528218795923863,2.781967588,91276,140,0.0,0.0,0.0,0.0,0.0,0.0,0.0,0.0,0.0,0.0,0.0,0.0,9.985811233520508,-20.011526107788086,10.065618515014648,9.993791580200195,-20.0035457611084,10.08158016204834,9.935999870300293,-20.052000045776367,10.4399995803833,9.972000122070312,-20.01599884033203,10.51200008392334,-0.6299999952316284,0.0,-0.18000000715255737,-0.27000001072883606,-0.0,0.27000001072883606
528218816917699,2.802961424,91296,141,0.0,0.0,0.0,0.0,0.0,0.0,0.0,0.0,0.0,0.0,0.0,0.0,9.986236572265625,-20.011180877685547,10.063652038574219,9.993977546691895,-20.00343894958496,10.07913589477539,9.935999870300293,-20.052000045776367,10.4399995803833,9.972000122070312,-20.01599884033203,10.51200008392334,-0.5400000214576721,-0.7200000286102295,-0.09000000357627869,-0.8999999761581421,-0.0,-0.0
528218837884313,2.823928038,91316,142,0.0,0.0,0.0,0.0,0.0,0.0,0.0,0.0,0.0,0.0,0.0,0.0,9.986656188964844,-20.010839462280273,10.061713218688965,9.994161605834961,-20.003334045410156,10.0767240524292,9.935999870300293,-20.052000045776367,10.4399995803833,9.972000122070312,-20.01599884033203,10.51200008392334,-0.27000001072883606,-0.09000000357627869,0.0,2.3400001525878906,-0.0,-0.8999999761581421
528218859197151,2.845240876,91336,143,0.0,0.0,0.0,0.0,0.0,0.0,0.0,0.0,0.0,0.0,0.0,0.0,9.987077713012695,-20.010496139526367,10.059759140014648,9.994346618652344,-20.00322914123535,10.074295043945312,9.935999870300293,-20.052000045776367,10.4399995803833,9.972000122070312,-20.01599884033203,10.51200008392334,0.809999942779541,-0.44999998807907104,0.0,0.8999999761581421,-0.09000000357627869,0.8999999761581421
528218880154211,2.866197936,91356,144,0.0,0.0,0.0,0.0,0.0,0.0,0.0,0.0,0.0,0.0,0.0,0.0,9.987489700317383,-20.010162353515625,10.057854652404785,9.994526863098145,-20.00312614440918,10.071927070617676,9.935999870300293,-20.052000045776367,10.4399995803833,9.972000122070312,-20.01599884033203,10.51200008392334,-0.0,-0.6299999952316284,0.18000000715255737,0.44999998807907104,-0.0,-0.09000000357627869
528218900921777,2.886965502,91376,145,0.0,0.0,0.0,0.0,0.0,0.0,0.0,0.0,0.0,0.0,0.0,0.0,9.987892150878906,-20.009836196899414,10.055994033813477,9.994702339172363,-20.00302505493164,10.06961441040039,9.935999870300293,-20.052000045776367,10.4399995803833,9.972000122070312,-20.01599884033203,10.51200008392334,-0.0,-0.36000001430511475,0.44999998807907104,-2.3400001525878906,-0.0,-1.0800000429153442
528218922045549,2.908089274,91396,146,0.0,0.0,0.0,0.0,0.0,0.0,0.0,0.0,0.0,0.0,0.0,0.0,9.988296508789062,-20.009506225585938,10.054123878479004,9.994879722595215,-20.0029239654541,10.067289352416992,9.935999870300293,-20.052000045776367,10.4399995803833,9.972000122070312,-20.01599884033203,10.51200008392334,0.09000000357627869,0.0,0.0,0.809999942779541,-0.18000000715255737,0.09000000357627869
528218943035592,2.929079317,91416,147,0.0,0.0,0.0,0.0,0.0,0.0,0.0,0.0,0.0,0.0,0.0,0.0,9.988694190979004,-20.009183883666992,10.052284240722656,9.9950532913208,-20.002824783325195,10.06500244140625,9.935999870300293,-20.052000045776367,10.4399995803833,9.972000122070312,-20.01599884033203,10.51200008392334,0.5400000214576721,-0.18000000715255737,0.0,2.430000066757202,0.09000000357627869,0.27000001072883606
528218953916434,2.939960159,91436,148,0.0,0.0,0.0,0.0,0.0,0.0,0.0,0.0,0.0,0.0,0.0,0.0,9.988898277282715,-20.009017944335938,10.051338195800781,9.995142936706543,-20.00277328491211,10.063826560974121,9.935999870300293,-20.052000045776367,10.4399995803833,9.972000122070312,-20.01599884033203,10.51200008392334,-0.5400000214576721,0.0,0.0,-1.1700000762939453,-0.0,-0.0
528218974903018,2.960946743,91456,149,0.0,0.0,0.0,0.0,0.0,0.0,0.0,0.0,0.0,0.0,0.0,0.0,9.989288330078125,-20.00870132446289,10.049535751342773,9.99531364440918,-20.002676010131836,10.061585426330566,9.935999870300293,-20.052000045776367,10.4399995803833,9.972000122070312,-20.01599884033203,10.51200008392334,-0.5400000214576721,0.0,0.0,-2.880000114440918,-0.0,-0.0
528218995785239,2.981828964,91476,150,0.0,0.0,0.0,0.0,0.0,0.0,0.0,0.0,0.0,0.0,0.0,0.0,9.98967170715332,-20.008390426635742,10.04776382446289,9.99548053741455,-20.002580642700195,10.059382438659668,9.935999870300293,-20.052000045776367,10.4399995803833,9.972000122070312,-20.01599884033203,10.51200008392334,0.18000000715255737,1.350000023841858,0.0,0.9900000095367432,0.09000000357627869,-0.09000000357627869
528219016514190,3.002557915,91496,151,0.0,0.0,0.0,0.0,0.0,0.0,0.0,0.0,0.0,0.0,0.0,0.0,9.990046501159668,-20.008085250854492,10.046029090881348,9.995644569396973,-20.002487182617188,10.057226181030273,9.935999870300293,-20.052000045776367,10.4399995803833,9.972000122070312,-20.01599884033203,10.51200008392334,-0.0,-0.09000000357627869,0.0,1.619999885559082,-0.0,-0.0
528219037598075,3.023641800,91516,152,0.0,0.0,0.0,0.0,0.0,0.0,0.0,0.0,0.0,0.0,0.0,0.0,9.990422248840332,-20.007780075073242,10.044291496276855,9.995809555053711,-20.002391815185547,10.055065155029297,9.935999870300293,-20.052000045776367,10.4399995803833,9.972000122070312,-20.01599884033203,10.51200008392334,-0.18000000715255737,-0.27000001072883606,0.0,-1.53000009059906,0.09000000357627869,0.6299999952316284
528219058939239,3.044982964,91536,153,0.0,0.0,0.0,0.0,0.0,0.0,0.0,0.0,0.0,0.0,0.0,0.0,9.99079704284668,-20.007474899291992,10.042556762695312,9.995973587036133,-20.00229835510254,10.052908897399902,9.935999870300293,-20.052000045776367,10.4399995803833,9.972000122070312,-20.01599884033203,10.51200008392334,-1.2599999904632568,-1.2599999904632568,0.0,0.18000000715255737,-0.18000000715255737,-0.0
528219079839785,3.065883510,91556,154,0.0,0.0,0.0,0.0,0.0,0.0,0.0,0.0,0.0,0.0,0.0,0.0,9.991159439086914,-20.00718116760254,10.040881156921387,9.996131896972656,-20.002208709716797,10.050825119018555,9.935999870300293,-20.052000045776367,10.4399995803833,9.972000122070312,-20.01599884033203,10.51200008392334,-1.350000023841858,-0.6299999952316284,0.0,2.9700000286102295,-0.18000000715255737,0.6299999952316284
528219100542552,3.086586277,91576,155,0.0,0.0,0.0,0.0,0.0,0.0,0.0,0.0,0.0,0.0,0.0,0.0,9.9915132522583,-20.006893157958984,10.0392484664917,9.996286392211914,-20.002119064331055,10.048795700073242,9.935999870300293,-20.052000045776367,10.4399995803833,9.972000122070312,-20.01599884033203,10.47599983215332,-0.0,-0.44999998807907104,0.0,-0.5400000214576721,-0.0,-0.18000000715255737
528219121858697,3.107902422,91596,156,0.0,0.0,0.0,0.0,0.0,0.0,0.0,0.0,0.0,0.0,0.0,0.0,9.991869926452637,-20.006603240966797,10.037598609924316,9.996442794799805,-20.002031326293945,10.046744346618652,9.935999870300293,-20.052000045776367,10.4399995803833,9.972000122070312,-20.01599884033203,10.47599983215332,0.18000000715255737,-0.809999942779541,-0.18000000715255737,0.18000000715255737,-0.09000000357627869,0.09000000357627869
528219143229541,3.129273266,91616,157,0.0,0.0,0.0,0.0,0.0,0.0,0.0,0.0,0.0,0.0,0.0,0.0,9.992222785949707,-20.006317138671875,10.035964965820312,9.996597290039062,-20.001941680908203,10.044713973999023,9.935999870300293,-20.052000045776367,10.403999328613281,9.972000122070312,-20.01599884033203,10.47599983215332,0.6299999952316284,-0.18000000715255737,-0.809999942779541,-1.2599999904632568,-0.09000000357627869,-0.7200000286102295
528219153963883,3.140007608,91636,158,0.0,0.0,0.0,0.0,0.0,0.0,0.0,0.0,0.0,0.0,0.0,0.0,9.99239730834961,-20.006174087524414,10.03515625,9.996673583984375,-20.00189781188965,10.043708801269531,9.935999870300293,-20.052000045776367,10.403999328613281,9.972000122070312,-20.01599884033203,10.47599983215332,0.09000000357627869,0.0,-0.18000000715255737,-0.809999942779541,-0.0,0.18000000715255737
528219174948772,3.160992497,91656,159,0.0,0.0,0.0,0.0,0.0,0.0,0.0,0.0,0.0,0.0,0.0,0.0,9.9927339553833,-20.005901336669922,10.033598899841309,9.996820449829102,-20.001813888549805,10.04177188873291,9.935999870300293,-20.052000045776367,10.403999328613281,9.972000122070312,-20.01599884033203,10.47599983215332,-0.09000000357627869,0.5400000214576721,-0.09000000357627869,1.709999918937683,-0.0,-0.18000000715255737
528219195552834,3.181596559,91676,160,0.0,0.0,0.0,0.0,0.0,0.0,0.0,0.0,0.0,0.0,0.0,0.0,9.993059158325195,-20.00563621520996,10.032094955444336,9.996963500976562,-20.001733779907227,10.039902687072754,9.935999870300293,-20.052000045776367,10.403999328613281,9.972000122070312,-20.01599884033203,10.47599983215332,-0.0,0.0,-0.18000000715255737,1.350000023841858,-0.18000000715255737,0.809999942779541
528219216252616,3.202296341,91696,161,0.0,0.0,0.0,0.0,0.0,0.0,0.0,0.0,0.0,0.0,0.0,0.0,9.993379592895508,-20.0053768157959,10.030613899230957,9.997102737426758,-20.00165367126465,10.038061141967773,9.935999870300293,-20.052000045776367,10.403999328613281,9.972000122070312,-20.01599884033203,10.47599983215332,-0.18000000715255737,-0.809999942779541,0.0,0.809999942779541,-0.09000000357627869,-0.9900000095367432
528219237162131,3.223205856,91716,162,0.0,0.0,0.0,0.0,0.0,0.0,0.0,0.0,0.0,0.0,0.0,0.0,9.993696212768555,-20.00511932373047,10.02914810180664,9.997241973876953,-20.00157356262207,10.036238670349121,9.935999870300293,-20.052000045776367,10.403999328613281,9.972000122070312,-20.01599884033203,10.47599983215332,-0.36000001430511475,0.0,-0.18000000715255737,0.8999999761581421,-0.0,-0.44999998807907104
528219258124254,3.244167979,91736,163,0.0,0.0,0.0,0.0,0.0,0.0,0.0,0.0,0.0,0.0,0.0,0.0,9.99400806427002,-20.004865646362305,10.02770709991455,9.9973783493042,-20.001495361328125,10.034446716308594,9.935999870300293,-20.052000045776367,10.403999328613281,9.972000122070312,-20.01599884033203,10.47599983215332,0.5400000214576721,0.18000000715255737,0.0,-0.27000001072883606,-0.09000000357627869,-0.0
528219279048055,3.265091780,91756,164,0.0,0.0,0.0,0.0,0.0,0.0,0.0,0.0,0.0,0.0,0.0,0.0,9.99431324005127,-20.00461769104004,10.026297569274902,9.997511863708496,-20.001419067382812,10.032694816589355,9.935999870300293,-20.052000045776367,10.403999328613281,9.972000122070312,-20.01599884033203,10.47599983215332,-0.18000000715255737,0.0,0.27000001072883606,1.350000023841858,0.18000000715255737,-0.0
528219299934626,3.285978351,91776,165,0.0,0.0,0.0,0.0,0.0,0.0,0.0,0.0,0.0,0.0,0.0,0.0,9.994610786437988,-20.004377365112305,10.024922370910645,9.997641563415527,-20.001344680786133,10.030984878540039,9.935999870300293,-20.052000045776367,10.403999328613281,9.972000122070312,-20.01599884033203,10.4399995803833,-0.0,-1.619999885559082,0.0,-1.619999885559082,0.27000001072883606,-0.7200000286102295
528219320994202,3.307037927,91796,166,0.0,0.0,0.0,0.0,0.0,0.0,0.0,0.0,0.0,0.0,0.0,0.0,9.994902610778809,-20.004138946533203,10.023568153381348,9.997769355773926,-20.001272201538086,10.029301643371582,9.935999870300293,-20.052000045776367,10.403999328613281,9.972000122070312,-20.01599884033203,10.4399995803833,-0.0,0.0,0.18000000715255737,0.9900000095367432,-0.0,-0.44999998807907104
528219342427897,3.328471622,91816,167,0.0,0.0,0.0,0.0,0.0,0.0,0.0,0.0,0.0,0.0,0.0,0.0,9.995194435119629,-20.003902435302734,10.022222518920898,9.997897148132324,-20.00119972229004,10.027627944946289,9.935999870300293,-20.052000045776367,10.403999328613281,9.972000122070312,-20.01599884033203,10.4399995803833,-0.0,1.440000057220459,-0.18000000715255737,0.09000000357627869,-0.09000000357627869,-0.0
528219363454138,3.349497863,91836,168,0.0,0.0,0.0,0.0,0.0,0.0,0.0,0.0,0.0,0.0,0.0,0.0,9.99547290802002,-20.00367546081543,10.020933151245117,9.998019218444824,-20.001129150390625,10.02602481842041,9.935999870300293,-20.052000045776367,10.403999328613281,9.972000122070312,-20.01599884033203,10.4399995803833,-0.0,0.0,-0.09000000357627869,-2.7899999618530273,-0.18000000715255737,-0.0
528219374430404,3.360474129,91856,169,0.0,0.0,0.0,0.0,0.0,0.0,0.0,0.0,0.0,0.0,0.0,0.0,9.995615005493164,-20.00356101989746,10.020275115966797,9.99808120727539,-20.001094818115234,10.025206565856934,9.935999870300293,-20.052000045776367,10.403999328613281,9.972000122070312,-20.01599884033203,10.4399995803833,-0.27000001072883606,-0.8999999761581421,0.0,-2.880000114440918,-0.0,-0.27000001072883606
528219395494231,3.381537956,91876,170,0.0,0.0,0.0,0.0,0.0,0.0,0.0,0.0,0.0,0.0,0.0,0.0,9.995882987976074,-20.003341674804688,10.019034385681152,9.998198509216309,-20.001026153564453,10.023664474487305,9.935999870300293,-20.052000045776367,10.403999328613281,9.972000122070312,-20.01599884033203,10.4399995803833,0.36000001430511475,1.2599999904632568,0.7200000286102295,-0.7200000286102295,-0.09000000357627869,-0.44999998807907104
528219416449305,3.402493030,91896,171,0.0,0.0,0.0,0.0,0.0,0.0,0.0,0.0,0.0,0.0,0.0,0.0,9.996142387390137,-20.003131866455078,10.01783561706543,9.998311996459961,-20.00096321105957,10.022173881530762,9.935999870300293,-20.052000045776367,10.368000030517578,9.972000122070312,-20.01599884033203,10.4399995803833,-0.0,-0.36000001430511475,-0.6299999952316284,0.09000000357627869,0.09000000357627869,-0.18000000715255737
528219437632901,3.423676626,91916,172,0.0,0.0,0.0,0.0,0.0,0.0,0.0,0.0,0.0,0.0,0.0,0.0,9.996397018432617,-20.002925872802734,10.0166597366333,9.99842357635498,-20.000898361206055,10.020711898803711,9.935999870300293,-20.052000045776367,10.368000030517578,9.972000122070312,-20.01599884033203,10.4399995803833,-0.0,-1.0800000429153442,-0.09000000357627869,-1.350000023841858,-0.0,-0.0
528219458892053,3.444935778,91936,173,0.0,0.0,0.0,0.0,0.0,0.0,0.0,0.0,0.0,0.0,0.0,0.0,9.996644973754883,-20.002723693847656,10.01551342010498,9.998531341552734,-20.000837326049805,10.019287109375,9.935999870300293,-20.052000045776367,10.368000030517578,9.972000122070312,-20.01599884033203,10.4399995803833,-0.0,1.0800000429153442,0.18000000715255737,0.27000001072883606,0.09000000357627869,0.18000000715255737
528219479987406,3.466031131,91956,174,0.0,0.0,0.0,0.0,0.0,0.0,0.0,0.0,0.0,0.0,0.0,0.0,9.996883392333984,-20.00252914428711,10.014410972595215,9.998636245727539,-20.000776290893555,10.017916679382324,9.935999870300293,-20.052000045776367,10.368000030517578,9.972000122070312,-20.01599884033203,10.4399995803833,-0.5400000214576721,0.6299999952316284,-0.809999942779541,0.0,-0.18000000715255737,-0.0
528219500932187,3.486975912,91976,175,0.0,0.0,0.0,0.0,0.0,0.0,0.0,0.0,0.0,0.0,0.0,0.0,9.997111320495605,-20.002344131469727,10.013354301452637,9.998735427856445,-20.00071907043457,10.016602516174316,9.935999870300293,-20.052000045776367,10.368000030517578,9.972000122070312,-20.01599884033203,10.4399995803833,-0.44999998807907104,1.0800000429153442,-0.5400000214576721,-1.1700000762939453,0.27000001072883606,-0.27000001072883606
528219522138476,3.508182201,91996,176,0.0,0.0,0.0,0.0,0.0,0.0,0.0,0.0,0.0,0.0,0.0,0.0,9.997335433959961,-20.00216293334961,10.012320518493652,9.998833656311035,-20.00066375732422,10.015317916870117,9.935999870300293,-20.052000045776367,10.368000030517578,9.972000122070312,-20.01599884033203,10.4399995803833,-0.0,0.18000000715255737,-0.44999998807907104,-0.09000000357627869,-0.0,0.09000000357627869
528219543115999,3.529159724,92016,177,0.0,0.0,0.0,0.0,0.0,0.0,0.0,0.0,0.0,0.0,0.0,0.0,9.99754810333252,-20.001989364624023,10.011333465576172,9.998927116394043,-20.0006103515625,10.014091491699219,9.935999870300293,-20.052000045776367,10.368000030517578,9.972000122070312,-20.01599884033203,10.4399995803833,0.44999998807907104,-0.36000001430511475,-0.18000000715255737,1.2599999904632568,-0.0,-0.09000000357627869
528219553907452,3.539951177,92036,178,0.0,0.0,0.0,0.0,0.0,0.0,0.0,0.0,0.0,0.0,0.0,0.0,9.997654914855957,-20.001903533935547,10.010841369628906,9.998973846435547,-20.00058364868164,10.01347827911377,9.935999870300293,-20.052000045776367,10.368000030517578,9.972000122070312,-20.01599884033203,10.4399995803833,-0.27000001072883606,-0.44999998807907104,0.7200000286102295,-0.36000001430511475,-0.0,-0.0
528219574813630,3.560857355,92056,179,0.0,0.0,0.0,0.0,0.0,0.0,0.0,0.0,0.0,0.0,0.0,0.0,9.997855186462402,-20.001739501953125,10.009915351867676,9.99906063079834,-20.000534057617188,10.012327194213867,9.935999870300293,-20.052000045776367,10.368000030517578,9.972000122070312,-20.01599884033203,10.4399995803833,-0.0,1.2599999904632568,0.0,0.36000001430511475,-0.18000000715255737,-0.09000000357627869
528219595586797,3.581630522,92076,180,0.0,0.0,0.0,0.0,0.0,0.0,0.0,0.0,0.0,0.0,0.0,0.0,9.998045921325684,-20.001585006713867,10.009032249450684,9.999144554138184,-20.000486373901367,10.011229515075684,9.935999870300293,-20.052000045776367,10.368000030517578,9.972000122070312,-20.01599884033203,10.4399995803833,-0.0,-1.440000057220459,-0.5400000214576721,0.18000000715255737,-0.0,-0.09000000357627869
528219616409116,3.602452841,92096,181,0.0,0.0,0.0,0.0,0.0,0.0,0.0,0.0,0.0,0.0,0.0,0.0,9.998229026794434,-20.001436233520508,10.008186340332031,9.999224662780762,-20.00044059753418,10.010177612304688,9.935999870300293,-20.052000045776367,10.368000030517578,9.972000122070312,-20.01599884033203,10.4399995803833,0.09000000357627869,-1.440000057220459,-0.7200000286102295,-1.8899999856948853,-0.18000000715255737,-0.0
528219637551381,3.623595106,92116,182,0.0,0.0,0.0,0.0,0.0,0.0,0.0,0.0,0.0,0.0,0.0,0.0,9.998406410217285,-20.001293182373047,10.007367134094238,9.99930191040039,-20.000396728515625,10.009159088134766,9.935999870300293,-20.052000045776367,10.368000030517578,9.972000122070312,-20.01599884033203,10.4399995803833,0.18000000715255737,-0.9900000095367432,0.0,0.9900000095367432,-0.0,-0.0
528219658840304,3.644884029,92136,183,0.0,0.0,0.0,0.0,0.0,0.0,0.0,0.0,0.0,0.0,0.0,0.0,9.998576164245605,-20.00115394592285,10.006582260131836,9.99937629699707,-20.000354766845703,10.008183479309082,9.935999870300293,-20.052000045776367,10.368000030517578,9.972000122070312,-20.01599884033203,10.4399995803833,0.09000000357627869,0.0,0.18000000715255737,0.5400000214576721,-0.09000000357627869,-0.27000001072883606
528219679632329,3.665676054,92156,184,0.0,0.0,0.0,0.0,0.0,0.0,0.0,0.0,0.0,0.0,0.0,0.0,9.998733520507812,-20.001026153564453,10.005853652954102,9.999444961547852,-20.000314712524414,10.007277488708496,9.935999870300293,-20.052000045776367,10.368000030517578,9.972000122070312,-20.01599884033203,10.4399995803833,0.18000000715255737,-0.7200000286102295,0.0,-1.53000009059906,-0.0,-0.09000000357627869
528219700451186,3.686494911,92176,185,0.0,0.0,0.0,0.0,0.0,0.0,0.0,0.0,0.0,0.0,0.0,0.0,9.998882293701172,-20.000905990600586,10.005166053771973,9.999509811401367,-20.000276565551758,10.006422996520996,9.935999870300293,-20.052000045776367,10.368000030517578,9.972000122070312,-20.01599884033203,10.4399995803833,-0.27000001072883606,0.36000001430511475,0.36000001430511475,0.09000000357627869,-0.0,-0.0
528219721577414,3.707621139,92196,186,0.0,0.0,0.0,0.0,0.0,0.0,0.0,0.0,0.0,0.0,0.0,0.0,9.9990234375,-20.000791549682617,10.004509925842285,9.99957275390625,-20.000242233276367,10.005607604980469,9.935999870300293,-20.052000045776367,10.368000030517578,9.972000122070312,-20.01599884033203,10.4399995803833,-0.27000001072883606,0.18000000715255737,-0.6299999952316284,0.6299999952316284,-0.0,-0.09000000357627869
528219742728182,3.728771907,92216,187,0.0,0.0,0.0,0.0,0.0,0.0,0.0,0.0,0.0,0.0,0.0,0.0,9.999156951904297,-20.000682830810547,10.00389575958252,9.99963092803955,-20.000207901000977,10.004843711853027,9.935999870300293,-20.052000045776367,10.331999778747559,9.972000122070312,-20.01599884033203,10.4399995803833,0.09000000357627869,0.36000001430511475,-0.8999999761581421,-1.2599999904632568,0.18000000715255737,-0.09000000357627869
528219753581378,3.739625103,92236,188,0.0,0.0,0.0,0.0,0.0,0.0,0.0,0.0,0.0,0.0,0.0,0.0,9.999220848083496,-20.000629425048828,10.003596305847168,9.999658584594727,-20.000192642211914,10.004470825195312,9.935999870300293,-20.052000045776367,10.331999778747559,9.972000122070312,-20.01599884033203,10.4399995803833,0.09000000357627869,0.0,0.5400000214576721,-1.0800000429153442,0.18000000715255737,-0.18000000715255737
528219774778464,3.760822189,92256,189,0.0,0.0,0.0,0.0,0.0,0.0,0.0,0.0,0.0,0.0,0.0,0.0,9.999340057373047,-20.000534057617188,10.003046035766602,9.999711036682129,-20.00016212463379,10.00378704071045,9.935999870300293,-20.052000045776367,10.331999778747559,9.972000122070312,-20.01599884033203,10.403999328613281,-0.18000000715255737,0.0,0.0,0.18000000715255737,-0.0,-0.09000000357627869
528219795974715,3.782018440,92276,190,0.0,0.0,0.0,0.0,0.0,0.0,0.0,0.0,0.0,0.0,0.0,0.0,9.999449729919434,-20.000444412231445,10.002538681030273,9.99975872039795,-20.00013542175293,10.003156661987305,9.935999870300293,-20.052000045776367,10.331999778747559,9.972000122070312,-20.01599884033203,10.403999328613281,0.09000000357627869,-0.8999999761581421,0.09000000357627869,1.2599999904632568,-0.0,-0.0
528219816938329,3.802982054,92296,191,0.0,0.0,0.0,0.0,0.0,0.0,0.0,0.0,0.0,0.0,0.0,0.0,9.99954891204834,-20.000364303588867,10.002080917358398,9.999802589416504,-20.000110626220703,10.00258731842041,9.935999870300293,-20.052000045776367,10.331999778747559,9.972000122070312,-20.01599884033203,10.403999328613281,-0.27000001072883606,0.0,-0.27000001072883606,1.7999999523162842,-0.18000000715255737,0.09000000357627869
528219837881688,3.823925413,92316,192,0.0,0.0,0.0,0.0,0.0,0.0,0.0,0.0,0.0,0.0,0.0,0.0,9.999638557434082,-20.00029182434082,10.001667976379395,9.99984073638916,-20.00008773803711,10.002074241638184,9.935999870300293,-20.052000045776367,10.331999778747559,9.972000122070312,-20.01599884033203,10.403999328613281,-0.0,-1.440000057220459,-1.53000009059906,-1.350000023841858,-0.0,-0.0
528219858952163,3.844995888,92336,193,0.0,0.0,0.0,0.0,0.0,0.0,0.0,0.0,0.0,0.0,0.0,0.0,9.99971866607666,-20.000226974487305,10.001296997070312,9.999876022338867,-20.00006866455078,10.001612663269043,9.935999870300293,-20.052000045776367,10.331999778747559,9.972000122070312,-20.01599884033203,10.403999328613281,-0.09000000357627869,0.27000001072883606,0.36000001430511475,-0.18000000715255737,-0.0,-0.0
528219879870587,3.865914312,92356,194,0.0,0.0,0.0,0.0,0.0,0.0,0.0,0.0,0.0,0.0,0.0,0.0,9.999788284301758,-20.00016975402832,10.00097370147705,9.999906539916992,-20.000051498413086,10.00121021270752,9.935999870300293,-20.052000045776367,10.331999778747559,9.972000122070312,-20.01599884033203,10.403999328613281,-0.36000001430511475,0.09000000357627869,0.09000000357627869,-0.809999942779541,-0.0,-0.27000001072883606
528219900979838,3.887023563,92376,195,0.0,0.0,0.0,0.0,0.0,0.0,0.0,0.0,0.0,0.0,0.0,0.0,9.999849319458008,-20.000120162963867,10.000693321228027,9.999933242797852,-20.000036239624023,10.000862121582031,9.935999870300293,-20.052000045776367,10.331999778747559,9.972000122070312,-20.01599884033203,10.403999328613281,-0.09000000357627869,0.27000001072883606,1.1700000762939453,2.880000114440918,-0.18000000715255737,-0.0
528219922114228,3.908157953,92396,196,0.0,0.0,0.0,0.0,0.0,0.0,0.0,0.0,0.0,0.0,0.0,0.0,9.999899864196777,-20.000078201293945,10.000459671020508,9.999955177307129,-20.000022888183594,10.000571250915527,9.935999870300293,-20.052000045776367,10.331999778747559,9.972000122070312,-20.01599884033203,10.403999328613281,-0.27000001072883606,0.0,0.0,2.1600000858306885,-0.09000000357627869,-0.09000000357627869
528219943044089,3.929087814,92416,197,0.0,0.0,0.0,0.0,0.0,0.0,0.0,0.0,0.0,0.0,0.0,0.0,9.999939918518066,-20.000045776367188,10.000274658203125,9.99997329711914,-20.00001335144043,10.000341415405273,9.935999870300293,-20.052000045776367,10.331999778747559,9.972000122070312,-20.01599884033203,10.403999328613281,-0.6299999952316284,-0.09000000357627869,0.0,0.5400000214576721,-0.0,-0.0
528219953902004,3.939945729,92436,198,0.0,0.0,0.0,0.0,0.0,0.0,0.0,0.0,0.0,0.0,0.0,0.0,9.999956130981445,-20.000032424926758,10.00019645690918,9.999979972839355,-20.000009536743164,10.000245094299316,9.935999870300293,-20.052000045776367,10.331999778747559,9.972000122070312,-20.01599884033203,10.403999328613281,0.09000000357627869,-0.09000000357627869,0.0,-1.350000023841858,-0.0,-0.0
528219974886414,3.960930139,92456,199,0.0,0.0,0.0,0.0,0.0,0.0,0.0,0.0,0.0,0.0,0.0,0.0,9.999980926513672,-20.00001335144043,10.000082969665527,9.999991416931152,-20.000001907348633,10.000102996826172,9.935999870300293,-20.052000045776367,10.331999778747559,9.972000122070312,-20.01599884033203,10.403999328613281,-0.36000001430511475,0.0,-0.6299999952316284,-0.809999942779541,-0.09000000357627869,-0.0
528219996178667,3.982222392,92476,200,0.0,0.0,0.0,0.0,0.0,0.0,0.0,0.0,0.0,0.0,0.0,0.0,9.999995231628418,-20.000001907348633,10.000016212463379,9.99999713897705,-19.999998092651367,10.000020980834961,9.935999870300293,-20.052000045776367,10.331999778747559,9.972000122070312,-20.01599884033203,10.403999328613281,-0.09000000357627869,0.0,-0.18000000715255737,0.36000001430511475,-0.27000001072883606,-0.0
528220017627390,4.003671115,92496,201,0.0,0.0,0.0,0.0,0.0,0.0,0.0,0.0,0.0,0.0,0.0,0.0,9.999999046325684,-19.999998092651367,9.999999046325684,9.999999046325684,-19.999998092651367,9.999999046325684,9.935999870300293,-20.052000045776367,10.331999778747559,9.972000122070312,-20.01599884033203,10.403999328613281,-0.09000000357627869,0.27000001072883606,0.18000000715255737,0.809999942779541,-0.27000001072883606,-0.0
528220038667690,4.024711415,92516,202,0.0,0.0,0.0,0.0,0.0,0.0,0.0,0.0,0.0,0.0,0.0,0.0,9.999999046325684,-19.999998092651367,9.999999046325684,9.999999046325684,-19.999998092651367,9.999999046325684,9.935999870300293,-20.052000045776367,10.331999778747559,9.972000122070312,-20.01599884033203,10.403999328613281,-0.27000001072883606,0.6299999952316284,0.27000001072883606,0.809999942779541,-0.0,-0.0
528220059633928,4.045677653,92536,203,0.0,0.0,0.0,0.0,0.0,0.0,0.0,0.0,0.0,0.0,0.0,0.0,9.999999046325684,-19.999998092651367,9.999999046325684,9.999999046325684,-19.999998092651367,9.999999046325684,9.935999870300293,-20.052000045776367,10.331999778747559,9.972000122070312,-20.01599884033203,10.403999328613281,-0.0,0.18000000715255737,-0.44999998807907104,0.0,0.27000001072883606,-0.0
528220080767396,4.066811121,92556,204,0.0,0.0,0.0,0.0,0.0,0.0,0.0,0.0,0.0,0.0,0.0,0.0,9.999999046325684,-19.999998092651367,9.999999046325684,9.999999046325684,-19.999998092651367,9.999999046325684,9.935999870300293,-20.052000045776367,10.331999778747559,9.972000122070312,-20.01599884033203,10.403999328613281,-0.27000001072883606,0.0,0.0,0.7200000286102295,-0.0,-0.0
528220101872523,4.087916248,92576,205,0.0,0.0,0.0,0.0,0.0,0.0,0.0,0.0,0.0,0.0,0.0,0.0,9.999999046325684,-19.999998092651367,9.999999046325684,9.999999046325684,-19.999998092651367,9.999999046325684,9.935999870300293,-20.052000045776367,10.331999778747559,9.972000122070312,-20.01599884033203,10.403999328613281,0.18000000715255737,-0.18000000715255737,0.0,-0.809999942779541,0.18000000715255737,-0.0
528220123059342,4.109103067,92596,206,0.0,0.0,0.0,0.0,0.0,0.0,0.0,0.0,0.0,0.0,0.0,0.0,9.999999046325684,-19.999998092651367,9.999999046325684,9.999999046325684,-19.999998092651367,9.999999046325684,9.935999870300293,-20.052000045776367,10.331999778747559,9.972000122070312,-20.01599884033203,10.403999328613281,-0.27000001072883606,0.0,0.0,-0.18000000715255737,-0.0,-0.0
528220133994489,4.120038214,92616,207,0.0,0.0,0.0,0.0,0.0,0.0,0.0,0.0,0.0,0.0,0.0,0.0,9.999999046325684,-19.999998092651367,9.999999046325684,9.999999046325684,-19.999998092651367,9.999999046325684,9.935999870300293,-20.052000045776367,10.331999778747559,9.972000122070312,-20.01599884033203,10.403999328613281,-0.09000000357627869,0.0,0.0,1.0800000429153442,0.09000000357627869,-0.0
528220155320937,4.141364662,92636,208,0.0,0.0,0.0,0.0,0.0,0.0,0.0,0.0,0.0,0.0,0.0,0.0,9.999999046325684,-19.999998092651367,9.999999046325684,9.999999046325684,-19.999998092651367,9.999999046325684,9.935999870300293,-20.052000045776367,10.331999778747559,9.972000122070312,-20.01599884033203,10.403999328613281,-0.18000000715255737,0.5400000214576721,-0.27000001072883606,0.0,-0.0,-0.0
528220176480128,4.162523853,92656,209,0.0,0.0,0.0,0.0,0.0,0.0,0.0,0.0,0.0,0.0,0.0,0.0,9.999999046325684,-19.999998092651367,9.999999046325684,9.999999046325684,-19.999998092651367,9.999999046325684,9.935999870300293,-20.052000045776367,10.331999778747559,9.972000122070312,-20.01599884033203,10.403999328613281,-0.0,0.0,-0.18000000715255737,-1.619999885559082,-0.09000000357627869,-0.0
528220197506508,4.183550233,92676,210,0.0,0.0,0.0,0.0,0.0,0.0,0.0,0.0,0.0,0.0,0.0,0.0,9.999999046325684,-19.999998092651367,9.999999046325684,9.999999046325684,-19.999998092651367,9.999999046325684,9.935999870300293,-20.052000045776367,10.331999778747559,9.972000122070312,-20.01599884033203,10.403999328613281,0.18000000715255737,0.0,0.0,0.0,-0.0,-0.0
528220218435920,4.204479645,92696,211,0.0,0.0,0.0,0.0,0.0,0.0,0.0,0.0,0.0,0.0,0.0,0.0,9.999999046325684,-19.999998092651367,9.999999046325684,9.999999046325684,-19.999998092651367,9.999999046325684,9.935999870300293,-20.052000045776367,10.331999778747559,9.972000122070312,-20.01599884033203,10.403999328613281,-0.0,0.0,-0.09000000357627869,-0.5400000214576721,-0.0,-0.0
528220239340649,4.225384374,92716,212,0.0,0.0,0.0,0.0,0.0,0.0,0.0,0.0,0.0,0.0,0.0,0.0,9.999999046325684,-19.999998092651367,9.999999046325684,9.999999046325684,-19.999998092651367,9.999999046325684,9.935999870300293,-20.052000045776367,10.331999778747559,9.972000122070312,-20.01599884033203,10.403999328613281,0.09000000357627869,0.18000000715255737,0.18000000715255737,-0.5400000214576721,-0.09000000357627869,-0.0
528220260221946,4.246265671,92736,213,0.0,0.0,0.0,0.0,0.0,0.0,0.0,0.0,0.0,0.0,0.0,0.0,9.999999046325684,-19.999998092651367,9.999999046325684,9.999999046325684,-19.999998092651367,9.999999046325684,9.935999870300293,-20.052000045776367,10.331999778747559,9.972000122070312,-20.01599884033203,10.403999328613281,-0.0,0.0,-0.27000001072883606,0.0,-0.0,-0.0
528220281065227,4.267108952,92756,214,0.0,0.0,0.0,0.0,0.0,0.0,0.0,0.0,0.0,0.0,0.0,0.0,9.999999046325684,-19.999998092651367,9.999999046325684,9.999999046325684,-19.999998092651367,9.999999046325684,9.935999870300293,-20.052000045776367,10.331999778747559,9.972000122070312,-20.01599884033203,10.403999328613281,-0.0,0.6299999952316284,0.0,-1.709999918937683,-0.0,-0.0
528220301956108,4.287999833,92776,215,0.0,0.0,0.0,0.0,0.0,0.0,0.0,0.0,0.0,0.0,0.0,0.0,9.999999046325684,-19.999998092651367,9.999999046325684,9.999999046325684,-19.999998092651367,9.999999046325684,9.935999870300293,-20.052000045776367,10.331999778747559,9.972000122070312,-20.01599884033203,10.403999328613281,0.09000000357627869,0.36000001430511475,0.09000000357627869,0.5400000214576721,0.18000000715255737,-0.0
528220323167636,4.309211361,92796,216,0.0,0.0,0.0,0.0,0.0,0.0,0.0,0.0,0.0,0.0,0.0,0.0,9.999999046325684,-19.999998092651367,9.999999046325684,9.999999046325684,-19.999998092651367,9.999999046325684,9.935999870300293,-20.052000045776367,10.331999778747559,9.972000122070312,-20.01599884033203,10.403999328613281,-0.18000000715255737,0.0,0.0,1.0800000429153442,-0.0,-0.0
528220334074565,4.320118290,92816,217,0.0,0.0,0.0,0.0,0.0,0.0,0.0,0.0,0.0,0.0,0.0,0.0,9.999999046325684,-19.999998092651367,9.999999046325684,9.999999046325684,-19.999998092651367,9.999999046325684,9.935999870300293,-20.052000045776367,10.331999778747559,9.972000122070312,-20.01599884033203,10.403999328613281,-0.0,0.0,0.9900000095367432,0.27000001072883606,0.09000000357627869,-0.0
528220355264121,4.341307846,92836,218,0.0,0.0,0.0,0.0,0.0,0.0,0.0,0.0,0.0,0.0,0.0,0.0,9.999999046325684,-19.999998092651367,9.999999046325684,9.999999046325684,-19.999998092651367,9.999999046325684,9.935999870300293,-20.052000045776367,10.331999778747559,9.972000122070312,-20.01599884033203,10.403999328613281,-0.0,0.0,0.0,-1.53000009059906,-0.0,-0.0
528220376496776,4.362540501,92856,219,0.0,0.0,0.0,0.0,0.0,0.0,0.0,0.0,0.0,0.0,0.0,0.0,9.999999046325684,-19.999998092651367,9.999999046325684,9.999999046325684,-19.999998092651367,9.999999046325684,9.935999870300293,-20.052000045776367,10.331999778747559,9.972000122070312,-20.01599884033203,10.403999328613281,-0.18000000715255737,0.6299999952316284,-0.09000000357627869,-0.36000001430511475,-0.0,-0.0
528220397492311,4.383536036,92876,220,0.0,0.0,0.0,0.0,0.0,0.0,0.0,0.0,0.0,0.0,0.0,0.0,9.999999046325684,-19.999998092651367,9.999999046325684,9.999999046325684,-19.999998092651367,9.999999046325684,9.935999870300293,-20.052000045776367,10.331999778747559,9.972000122070312,-20.01599884033203,10.403999328613281,-0.0,0.18000000715255737,0.0,-0.18000000715255737,0.09000000357627869,-0.0
528220418356212,4.404399937,92896,221,0.0,0.0,0.0,0.0,0.0,0.0,0.0,0.0,0.0,0.0,0.0,0.0,9.999999046325684,-19.999998092651367,9.999999046325684,9.999999046325684,-19.999998092651367,9.999999046325684,9.935999870300293,-20.052000045776367,10.331999778747559,9.972000122070312,-20.01599884033203,10.403999328613281,-0.0,0.18000000715255737,-0.09000000357627869,0.8999999761581421,0.09000000357627869,-0.0
528220439299162,4.425342887,92916,222,0.0,0.0,0.0,0.0,0.0,0.0,0.0,0.0,0.0,0.0,0.0,0.0,9.999999046325684,-19.999998092651367,9.999999046325684,9.999999046325684,-19.999998092651367,9.999999046325684,9.935999870300293,-20.052000045776367,10.331999778747559,9.972000122070312,-20.01599884033203,10.403999328613281,-0.18000000715255737,0.0,0.0,0.27000001072883606,-0.0,-0.0
528220460259748,4.446303473,92936,223,0.0,0.0,0.0,0.0,0.0,0.0,0.0,0.0,0.0,0.0,0.0,0.0,9.999999046325684,-19.999998092651367,9.999999046325684,9.999999046325684,-19.999998092651367,9.999999046325684,9.935999870300293,-20.052000045776367,10.331999778747559,9.972000122070312,-20.01599884033203,10.403999328613281,-0.0,0.44999998807907104,0.0,0.36000001430511475,0.18000000715255737,-0.18000000715255737
528220481043582,4.467087307,92956,224,0.0,0.0,0.0,0.0,0.0,0.0,0.0,0.0,0.0,0.0,0.0,0.0,9.999999046325684,-19.999998092651367,9.999999046325684,9.999999046325684,-19.999998092651367,9.999999046325684,9.935999870300293,-20.052000045776367,10.331999778747559,9.972000122070312,-20.01599884033203,10.403999328613281,-0.0,0.18000000715255737,0.27000001072883606,-1.1700000762939453,-0.0,-0.0
528220501997926,4.488041651,92976,225,0.0,0.0,0.0,0.0,0.0,0.0,0.0,0.0,0.0,0.0,0.0,0.0,9.999999046325684,-19.999998092651367,9.999999046325684,9.999999046325684,-19.999998092651367,9.999999046325684,9.935999870300293,-20.052000045776367,10.331999778747559,9.972000122070312,-20.01599884033203,10.403999328613281,-0.0,0.0,0.0,-0.27000001072883606,-0.09000000357627869,-0.0
528220523154224,4.509197949,92996,226,0.0,0.0,0.0,0.0,0.0,0.0,0.0,0.0,0.0,0.0,0.0,0.0,9.999999046325684,-19.999998092651367,9.999999046325684,9.999999046325684,-19.999998092651367,9.999999046325684,9.935999870300293,-20.052000045776367,10.331999778747559,9.972000122070312,-20.01599884033203,10.403999328613281,0.5400000214576721,-0.809999942779541,0.09000000357627869,0.36000001430511475,-0.0,-0.0
528220534192451,4.520236176,93016,227,0.0,0.0,0.0,0.0,0.0,0.0,0.0,0.0,0.0,0.0,0.0,0.0,9.999999046325684,-19.999998092651367,9.999999046325684,9.999999046325684,-19.999998092651367,9.999999046325684,9.935999870300293,-20.052000045776367,10.331999778747559,9.972000122070312,-20.01599884033203,10.403999328613281,0.27000001072883606,0.0,-0.09000000357627869,0.0,-0.0,0.09000000357627869
528220555346056,4.541389781,93036,228,0.0,0.0,0.0,0.0,0.0,0.0,0.0,0.0,0.0,0.0,0.0,0.0,9.999999046325684,-19.999998092651367,9.999999046325684,9.999999046325684,-19.999998092651367,9.999999046325684,9.935999870300293,-20.052000045776367,10.331999778747559,9.972000122070312,-20.01599884033203,10.403999328613281,-0.09000000357627869,0.18000000715255737,0.0,0.5400000214576721,-0.0,-0.0
528220576458813,4.562502538,93056,229,0.0,0.0,0.0,0.0,0.0,0.0,0.0,0.0,0.0,0.0,0.0,0.0,9.999999046325684,-19.999998092651367,9.999999046325684,9.999999046325684,-19.999998092651367,9.999999046325684,9.935999870300293,-20.052000045776367,10.331999778747559,9.972000122070312,-20.01599884033203,10.403999328613281,-0.0,0.0,1.440000057220459,-1.440000057220459,0.18000000715255737,-0.0
528220597553536,4.583597261,93076,230,0.0,0.0,0.0,0.0,0.0,0.0,0.0,0.0,0.0,0.0,0.0,0.0,9.999999046325684,-19.999998092651367,9.999999046325684,9.999999046325684,-19.999998092651367,9.999999046325684,9.935999870300293,-20.052000045776367,10.331999778747559,9.972000122070312,-20.01599884033203,10.403999328613281,-0.09000000357627869,0.0,-0.09000000357627869,-0.18000000715255737,-0.0,-0.09000000357627869
528220618667208,4.604710933,93096,231,0.0,0.0,0.0,0.0,0.0,0.0,0.0,0.0,0.0,0.0,0.0,0.0,9.999999046325684,-19.999998092651367,9.999999046325684,9.999999046325684,-19.999998092651367,9.999999046325684,9.935999870300293,-20.052000045776367,10.331999778747559,9.972000122070312,-20.01599884033203,10.403999328613281,-0.0,0.09000000357627869,-0.09000000357627869,-1.440000057220459,-0.0,-0.0
528220639736576,4.625780301,93116,232,0.0,0.0,0.0,0.0,0.0,0.0,0.0,0.0,0.0,0.0,0.0,0.0,9.999999046325684,-19.999998092651367,9.999999046325684,9.999999046325684,-19.999998092651367,9.999999046325684,9.935999870300293,-20.052000045776367,10.331999778747559,9.972000122070312,-20.01599884033203,10.403999328613281,0.27000001072883606,0.27000001072883606,0.27000001072883606,-0.6299999952316284,-0.0,-0.09000000357627869
528220660684256,4.646727981,93136,233,0.0,0.0,0.0,0.0,0.0,0.0,0.0,0.0,0.0,0.0,0.0,0.0,9.999999046325684,-19.999998092651367,9.999999046325684,9.999999046325684,-19.999998092651367,9.999999046325684,9.935999870300293,-20.052000045776367,10.331999778747559,9.972000122070312,-20.01599884033203,10.403999328613281,-0.18000000715255737,0.44999998807907104,0.0,-1.0800000429153442,-0.0,-0.18000000715255737
528220681386678,4.667430403,93156,234,0.0,0.0,0.0,0.0,0.0,0.0,0.0,0.0,0.0,0.0,0.0,0.0,9.999999046325684,-19.999998092651367,9.999999046325684,9.999999046325684,-19.999998092651367,9.999999046325684,9.935999870300293,-20.052000045776367,10.331999778747559,9.972000122070312,-20.01599884033203,10.403999328613281,-0.0,0.5400000214576721,0.0,1.7999999523162842,-0.0,0.18000000715255737
528220702178359,4.688222084,93176,235,0.0,0.0,0.0,0.0,0.0,0.0,0.0,0.0,0.0,0.0,0.0,0.0,9.999999046325684,-19.999998092651367,9.999999046325684,9.999999046325684,-19.999998092651367,9.999999046325684,9.935999870300293,-20.052000045776367,10.331999778747559,9.972000122070312,-20.01599884033203,10.403999328613281,0.36000001430511475,0.0,0.0,0.6299999952316284,-0.0,0.09000000357627869
528220723176808,4.709220533,93196,236,0.0,0.0,0.0,0.0,0.0,0.0,0.0,0.0,0.0,0.0,0.0,0.0,9.999999046325684,-19.999998092651367,9.999999046325684,9.999999046325684,-19.999998092651367,9.999999046325684,9.935999870300293,-20.052000045776367,10.331999778747559,9.972000122070312,-20.01599884033203,10.403999328613281,-0.27000001072883606,0.36000001430511475,0.0,1.0800000429153442,0.18000000715255737,-0.0
528220734029129,4.720072854,93216,237,0.0,0.0,0.0,0.0,0.0,0.0,0.0,0.0,0.0,0.0,0.0,0.0,9.999999046325684,-19.999998092651367,9.999999046325684,9.999999046325684,-19.999998092651367,9.999999046325684,9.935999870300293,-20.052000045776367,10.331999778747559,9.972000122070312,-20.01599884033203,10.403999328613281,-0.0,0.0,0.27000001072883606,-1.1700000762939453,-0.0,-0.0
528220755179832,4.741223557,93236,238,0.0,0.0,0.0,0.0,0.0,0.0,0.0,0.0,0.0,0.0,0.0,0.0,9.999999046325684,-19.999998092651367,9.999999046325684,9.999999046325684,-19.999998092651367,9.999999046325684,9.935999870300293,-20.052000045776367,10.331999778747559,9.972000122070312,-20.01599884033203,10.403999328613281,-0.18000000715255737,0.18000000715255737,0.18000000715255737,0.809999942779541,-0.0,-0.0
528220776391439,4.762435164,93256,239,0.0,0.0,0.0,0.0,0.0,0.0,0.0,0.0,0.0,0.0,0.0,0.0,9.999999046325684,-19.999998092651367,9.999999046325684,9.999999046325684,-19.999998092651367,9.999999046325684,9.935999870300293,-20.052000045776367,10.331999778747559,9.972000122070312,-20.01599884033203,10.403999328613281,-0.0,0.0,0.18000000715255737,1.1700000762939453,-0.0,0.27000001072883606
528220797311125,4.783354850,93276,240,0.0,0.0,0.0,0.0,0.0,0.0,0.0,0.0,0.0,0.0,0.0,0.0,9.999999046325684,-19.999998092651367,9.999999046325684,9.999999046325684,-19.999998092651367,9.999999046325684,9.935999870300293,-20.052000045776367,10.331999778747559,9.972000122070312,-20.01599884033203,10.403999328613281,-0.18000000715255737,0.0,0.18000000715255737,-0.5400000214576721,-0.0,0.18000000715255737
528220818334281,4.804378006,93296,241,0.0,0.0,0.0,0.0,0.0,0.0,0.0,0.0,0.0,0.0,0.0,0.0,9.999999046325684,-19.999998092651367,9.999999046325684,9.999999046325684,-19.999998092651367,9.999999046325684,9.935999870300293,-20.052000045776367,10.331999778747559,9.972000122070312,-20.01599884033203,10.403999328613281,-0.0,0.18000000715255737,0.0,-0.8999999761581421,-0.0,-0.0
528220839315032,4.825358757,93316,242,0.0,0.0,0.0,0.0,0.0,0.0,0.0,0.0,0.0,0.0,0.0,0.0,9.999999046325684,-19.999998092651367,9.999999046325684,9.999999046325684,-19.999998092651367,9.999999046325684,9.935999870300293,-20.052000045776367,10.331999778747559,9.972000122070312,-20.01599884033203,10.403999328613281,-0.27000001072883606,0.18000000715255737,-0.44999998807907104,-2.069999933242798,-0.0,0.18000000715255737
528220861122990,4.847166715,93336,243,0.0,0.0,0.0,0.0,0.0,0.0,0.0,0.0,0.0,0.0,0.0,0.0,9.999999046325684,-19.999998092651367,9.999999046325684,9.999999046325684,-19.999998092651367,9.999999046325684,9.935999870300293,-20.052000045776367,10.331999778747559,9.972000122070312,-20.01599884033203,10.403999328613281,-0.0,-0.44999998807907104,0.18000000715255737,-1.1700000762939453,0.09000000357627869,0.18000000715255737
528220881968328,4.868012053,93356,244,0.0,0.0,0.0,0.0,0.0,0.0,0.0,0.0,0.0,0.0,0.0,0.0,9.999999046325684,-19.999998092651367,9.999999046325684,9.999999046325684,-19.999998092651367,9.999999046325684,9.935999870300293,-20.052000045776367,10.331999778747559,9.972000122070312,-20.01599884033203,10.403999328613281,0.09000000357627869,-1.2599999904632568,1.2599999904632568,-1.440000057220459,-0.0,-0.0
528220902728211,4.888771936,93376,245,0.0,0.0,0.0,0.0,0.0,0.0,0.0,0.0,0.0,0.0,0.0,0.0,9.999999046325684,-19.999998092651367,9.999999046325684,9.999999046325684,-19.999998092651367,9.999999046325684,9.935999870300293,-20.052000045776367,10.331999778747559,9.972000122070312,-20.01599884033203,10.403999328613281,-0.09000000357627869,0.18000000715255737,1.2599999904632568,-1.619999885559082,-0.0,-0.18000000715255737
528220923638789,4.909682514,93396,246,0.0,0.0,0.0,0.0,0.0,0.0,0.0,0.0,0.0,0.0,0.0,0.0,9.999999046325684,-19.999998092651367,9.999999046325684,9.999999046325684,-19.999998092651367,9.999999046325684,9.935999870300293,-20.052000045776367,10.331999778747559,9.972000122070312,-20.01599884033203,10.403999328613281,-0.0,0.0,0.0,-1.709999918937683,-0.0,-0.27000001072883606
528220934627403,4.920671128,93416,247,0.0,0.0,0.0,0.0,0.0,0.0,0.0,0.0,0.0,0.0,0.0,0.0,9.999999046325684,-19.999998092651367,9.999999046325684,9.999999046325684,-19.999998092651367,9.999999046325684,9.935999870300293,-20.052000045776367,10.331999778747559,9.972000122070312,-20.01599884033203,10.403999328613281,-0.0,0.18000000715255737,0.09000000357627869,-1.53000009059906,-0.0,-0.27000001072883606
528220955650553,4.941694278,93436,248,0.0,0.0,0.0,0.0,0.0,0.0,0.0,0.0,0.0,0.0,0.0,0.0,9.999999046325684,-19.999998092651367,9.999999046325684,9.999999046325684,-19.999998092651367,9.999999046325684,9.935999870300293,-20.052000045776367,10.331999778747559,9.972000122070312,-20.01599884033203,10.403999328613281,0.809999942779541,0.0,-0.09000000357627869,1.619999885559082,0.18000000715255737,0.09000000357627869
528220976756873,4.962800598,93456,249,0.0,0.0,0.0,0.0,0.0,0.0,0.0,0.0,0.0,0.0,0.0,0.0,9.999999046325684,-19.999998092651367,9.999999046325684,9.999999046325684,-19.999998092651367,9.999999046325684,9.935999870300293,-20.052000045776367,10.331999778747559,9.972000122070312,-20.01599884033203,10.403999328613281,-0.0,0.0,0.0,0.8999999761581421,-0.27000001072883606,0.18000000715255737
528220997567626,4.983611351,93476,250,0.0,0.0,0.0,0.0,0.0,0.0,0.0,0.0,0.0,0.0,0.0,0.0,9.999999046325684,-19.999998092651367,9.999999046325684,9.999999046325684,-19.999998092651367,9.999999046325684,9.935999870300293,-20.052000045776367,10.331999778747559,9.972000122070312,-20.01599884033203,10.403999328613281,-0.0,-0.09000000357627869,-0.09000000357627869,0.5400000214576721,-0.0,0.09000000357627869
528221019431212,5.005474937,93496,251,-2.06487774848938,1.1640444993972778,0.39630836248397827,2.4827752113342285,-0.9058986902236938,0.7730141878128052,-1.0,1.0,0.39630836248397827,1.0,-0.9058986902236938,0.7730141878128052,-0.31324100494384766,0.05352306738495827,15.67669677734375,20.31324005126953,-38.16645812988281,21.07261085510254,9.935999870300293,-20.052000045776367,10.331999778747559,9.972000122070312,-20.01599884033203,10.403999328613281,0.18000000715255737,0.09000000357627869,0.0,0.7200000286102295,-0.0,-0.0
528221040392944,5.026436669,93516,252,-2.770447254180908,1.2264726161956787,0.32971468567848206,3.569035053253174,-1.4319223165512085,0.6875085830688477,-1.0,1.0,0.32971468567848206,1.0,-1.0,0.6875085830688477,-0.31324100494384766,0.05352306738495827,14.722813606262207,20.31324005126953,-40.05351638793945,19.84783363342285,9.935999870300293,-20.052000045776367,10.331999778747559,9.972000122070312,-20.01599884033203,10.403999328613281,-0.0,0.9900000095367432,0.0,-1.0800000429153442,-0.09000000357627869,-0.0
528221061370544,5.047414269,93536,253,-2.929063081741333,1.2357228994369507,0.3478541970252991,3.7257421016693115,-1.4833390712738037,0.7616150975227356,-1.0,1.0,0.3478541970252991,1.0,-1.0,0.7616150975227356,-0.31324100494384766,0.05352306738495827,14.982644081115723,20.31324005126953,-40.05351638793945,20.909332275390625,9.935999870300293,-20.052000045776367,10.331999778747559,9.972000122070312,-20.01599884033203,10.403999328613281,0.09000000357627869,0.0,-0.18000000715255737,0.6299999952316284,-0.0,-0.0
528221082361581,5.068405306,93556,254,-3.3826282024383545,1.6417350769042969,1.2884197235107422,2.5939533710479736,0.7715213298797607,1.2634445428848267,-1.0,1.0,1.0,1.0,0.7715213298797607,1.0,-0.31324100494384766,0.05352306738495827,24.323944091796875,20.31324005126953,-4.528278350830078,24.323944091796875,6.228000164031982,-14.435999870300293,14.039999961853027,13.572000503540039,-25.595998764038086,15.300000190734863,-135.80999755859375,444.8699951171875,205.11000061035156,180.36000061035156,-429.030029296875,374.58001708984375
528221103029053,5.089072778,93576,255,-2.3312129974365234,0.8824278712272644,0.6189005970954895,3.734454870223999,-0.37036019563674927,0.7805395722389221,-1.0,0.8824278712272644,0.6189005970954895,1.0,-0.37036019563674927,0.7805395722389221,-0.31324100494384766,-2.3042120933532715,18.865097045898438,20.31324005126953,-27.427024841308594,21.180404663085938,5.2920002937316895,-4.932000160217285,15.119999885559082,15.552000045776367,-35.67599868774414,20.34000015258789,-57.869998931884766,456.57000732421875,20.520000457763672,79.73999786376953,-508.67999267578125,146.97000122070312
528221113475014,5.099518739,93596,256,-2.3312129974365234,0.8824278712272644,0.6189005970954895,3.734454870223999,-0.37036019563674927,0.7805395722389221,-1.0,0.8824278712272644,0.6189005970954895,1.0,-0.37036019563674927,0.7805395722389221,-0.31324100494384766,-2.3042120933532715,18.865097045898438,20.31324005126953,-27.427024841308594,21.180404663085938,3.9600000381469727,1.4759999513626099,15.300000190734863,16.992000579833984,-43.055999755859375,22.14000129699707,-67.68000030517578,131.0399932861328,-0.44999998807907104,68.1300048828125,-188.3699951171875,31.68000030517578
528221134164066,5.120207791,93616,257,-2.4954047203063965,0.15952478349208832,-1.537356972694397,4.884561061859131,-0.662405252456665,-0.5482267737388611,-1.0,0.15952478349208832,-1.0,1.0,-0.662405252456665,-0.5482267737388611,-0.31324100494384766,-16.80096435546875,-4.323945045471191,20.31324005126953,-33.2835578918457,2.1472294330596924,2.7360000610351562,1.440000057220459,19.691999435424805,17.423999786376953,-37.47599792480469,24.65999984741211,-44.63999938964844,-69.4800033569336,315.7200012207031,-0.18000000715255737,560.25,98.37000274658203
528221154900583,5.140944308,93636,258,-2.4661993980407715,0.6233298778533936,-1.235070824623108,4.972052574157715,0.2207411378622055,-0.2026980221271515,-1.0,0.6233298778533936,-1.0,1.0,0.2207411378622055,-0.2026980221271515,-0.31324100494384766,-7.500039100646973,-4.323945045471191,20.31324005126953,-15.57336139678955,7.096563816070557,2.303999900817871,-1.5480000972747803,20.15999984741211,17.423999786376953,-27.93600082397461,23.075998306274414,-12.24000072479248,-126.2699966430664,-53.099998474121094,2.1600000858306885,290.42999267578125,-68.76000213623047
528221175684550,5.161728275,93656,259,-3.5156314373016357,-0.08312879502773285,-1.336786150932312,4.4983811378479,0.2035466730594635,0.12606503069400787,-1.0,-0.08312879502773285,-1.0,1.0,0.2035466730594635,0.12606503069400787,-0.31324100494384766,-21.667024612426758,-4.323945045471191,20.31324005126953,-15.918171882629395,11.805747032165527,1.7999999523162842,-2.9160001277923584,19.54800033569336,17.604000091552734,-25.416000366210938,22.14000129699707,-37.79999923706055,-33.119998931884766,-27.35999870300293,5.400000095367432,39.51000213623047,-26.82000160217285
528221196693059,5.182736784,93676,260,-3.298002004623413,1.32538640499115,0.5714673399925232,3.1877403259277344,-0.35627633333206177,1.1135815382003784,-1.0,1.0,0.5714673399925232,1.0,-0.35627633333206177,1.0,-0.31324100494384766,0.05352306738495827,18.185665130615234,20.31324005126953,-27.144594192504883,24.323944091796875,1.5839999914169312,-8.604000091552734,13.968000411987305,17.5679988861084,-28.979999542236328,15.947999954223633,4.139999866485596,-437.1299743652344,-307.3500061035156,-4.409999847412109,-237.50999450683594,-461.5199890136719
528221217659497,5.203703222,93696,261,-2.5765395164489746,1.3507194519042969,0.056724317371845245,3.188711404800415,-1.3900384902954102,1.252947211265564,-1.0,1.0,0.056724317371845245,1.0,-1.0,1.0,-0.31324100494384766,0.05352306738495827,10.812515258789062,20.31324005126953,-40.05351638793945,24.323944091796875,1.9800000190734863,-11.12399959564209,8.96399974822998,17.423999786376953,-26.20800018310547,7.308000564575195,29.34000015258789,-33.65999984741211,-321.2099914550781,-6.929999828338623,339.6600036621094,-251.27999877929688
528221238518868,5.224562593,93716,262,-2.965348482131958,2.195234775543213,1.6902884244918823,2.8109843730926514,-1.3845796585083008,1.811263084411621,-1.0,1.0,1.0,1.0,-1.0,1.0,-0.31324100494384766,0.05352306738495827,24.323944091796875,20.31324005126953,-40.05351638793945,24.323944091796875,2.052000045776367,-15.983999252319336,2.052000045776367,17.31599998474121,-17.74799919128418,8.640000343322754,4.860000133514404,-366.1199951171875,-249.48001098632812,-5.579999923706055,425.3399963378906,101.97000122070312
528221259313686,5.245357411,93736,263,-2.7427709102630615,1.6632893085479736,1.1508452892303467,2.3135037422180176,-0.8725455403327942,1.1601920127868652,-1.0,1.0,1.0,1.0,-0.8725455403327942,1.0,-0.31324100494384766,0.05352306738495827,24.323944091796875,20.31324005126953,-37.49760818481445,24.323944091796875,2.2679998874664307,-15.300000190734863,5.400000095367432,17.100000381469727,-17.496000289916992,14.9399995803833,-0.6299999952316284,292.2300109863281,370.3499755859375,-5.760000228881836,-246.24000549316406,432.80999755859375
528221280077016,5.266120741,93756,264,-3.464995861053467,1.8011155128479004,0.6539336442947388,2.8113081455230713,-0.025877945125102997,1.7069973945617676,-1.0,1.0,0.6539336442947388,1.0,-0.025877945125102997,1.0,-0.31324100494384766,0.05352306738495827,19.36690902709961,20.31324005126953,-20.51894187927246,24.323944091796875,2.0160000324249268,-7.019999980926514,13.428000450134277,17.243999481201172,-26.711997985839844,23.040000915527344,-16.28999900817871,434.1600036621094,316.3500061035156,33.38999938964844,-539.9100341796875,269.2799987792969
528221301053247,5.287096972,93776,265,-1.3131248950958252,1.635774850845337,0.27582383155822754,3.758446216583252,-0.7910404801368713,0.862167239189148,-1.0,1.0,0.27582383155822754,1.0,-0.7910404801368713,0.862167239189148,-0.31324100494384766,0.05352306738495827,13.950883865356445,20.31324005126953,-35.8631477355957,22.349634170532227,1.440000057220459,-2.628000020980835,21.131999969482422,17.74799919128418,-37.512001037597656,25.740001678466797,-35.099998474121094,110.43000030517578,447.0299987792969,18.989999771118164,-445.1400146484375,52.380001068115234
528221322099351,5.308143076,93796,266,-1.887970209121704,-1.272047996520996,-3.0570621490478516,4.916091442108154,1.3463683128356934,-2.9157869815826416,-1.0,-1.0,-1.0,1.0,1.0,-1.0,-0.31324100494384766,-40.05351638793945,-4.323945045471191,20.31324005126953,0.05352306738495827,-4.323945045471191,0.36000001430511475,-1.7280000448226929,28.619998931884766,18.288000106811523,-40.03199768066406,25.919998168945312,-77.22000122070312,3.690000057220459,182.97000122070312,26.90999984741211,-31.94999885559082,-18.09000015258789
528221343126636,5.329170361,93816,267,-1.5755223035812378,0.7087517976760864,-0.9125317931175232,3.314906358718872,-0.11521005630493164,-0.4874209463596344,-1.0,0.7087517976760864,-0.9125317931175232,1.0,-0.11521005630493164,-0.4874209463596344,-0.31324100494384766,-5.787028789520264,-3.0710551738739014,20.31324005126953,-22.310365676879883,3.0182087421417236,-0.2160000056028366,-2.0160000324249268,25.595998764038086,18.79199981689453,-34.560001373291016,25.560001373291016,-0.18000000715255737,-16.110000610351562,-199.6199951171875,24.65999984741211,451.260009765625,-52.55999755859375
528221353518064,5.339561789,93836,268,-1.5755223035812378,0.7087517976760864,-0.9125317931175232,3.314906358718872,-0.11521005630493164,-0.4874209463596344,-1.0,0.7087517976760864,-0.9125317931175232,1.0,-0.11521005630493164,-0.4874209463596344,-0.31324100494384766,-5.787028789520264,-3.0710551738739014,20.31324005126953,-22.310365676879883,3.0182087421417236,0.14399999380111694,-2.2679998874664307,19.440000534057617,19.007999420166016,-33.19200134277344,22.968000411987305,1.440000057220459,-2.069999933242798,-303.3900146484375,1.440000057220459,-134.27999877929688,-67.13999938964844
528221374466641,5.360510366,93856,269,-1.6746255159378052,1.3715518712997437,1.0852220058441162,3.1374740600585938,-0.347101628780365,0.5256636142730713,-1.0,1.0,1.0,1.0,-0.347101628780365,0.5256636142730713,-0.31324100494384766,0.05352306738495827,24.323944091796875,20.31324005126953,-26.960607528686523,17.52957534790039,-0.2160000056028366,-9.86400032043457,10.584000587463379,19.007999420166016,-27.468000411987305,15.65999984741211,-30.330001831054688,-590.6700439453125,-469.260009765625,2.9700000286102295,525.4199829101562,-513.0
528221395516957,5.381560682,93876,270,-2.636122226715088,0.538760244846344,0.6858540177345276,1.9652528762817383,-0.5116997957229614,0.8866701722145081,-1.0,0.538760244846344,0.6858540177345276,1.0,-0.5116997957229614,0.8866701722145081,-0.31324100494384766,-9.195958137512207,19.824134826660156,20.31324005126953,-30.261381149291992,22.70061492919922,-0.3959999978542328,-14.760000228881836,5.436000347137451,18.61199951171875,-18.43199920654297,4.5,-1.9800000190734863,-46.08000183105469,-246.4199981689453,-60.84000015258789,256.5899963378906,-533.25
528221416740287,5.402784012,93896,271,-2.472989082336426,1.242260217666626,0.9273601174354553,1.2641304731369019,-0.03517509996891022,1.9006837606430054,-1.0,1.0,0.9273601174354553,1.0,-0.03517509996891022,1.0,-0.31324100494384766,0.05352306738495827,23.28345489501953,20.31324005126953,-20.70538330078125,24.323944091796875,0.035999998450279236,-14.039999961853027,1.5480000972747803,18.288000106811523,-16.920000076293945,0.7559999823570251,47.970001220703125,78.1199951171875,-140.49000549316406,-2.1600000858306885,-7.019999980926514,3.1500000953674316
528221437557101,5.423600826,93916,272,-2.950918197631836,1.0410369634628296,0.5002536773681641,1.4828766584396362,-0.21483354270458221,0.23609913885593414,-1.0,1.0,0.5002536773681641,1.0,-0.21483354270458221,0.23609913885593414,-0.31324100494384766,0.05352306738495827,17.165605545043945,20.31324005126953,-24.30816650390625,13.38187026977539,0.4320000112056732,-8.675999641418457,6.443999767303467,18.288000106811523,-21.059999465942383,6.300000190734863,0.44999998807907104,303.2099914550781,467.1000061035156,13.229999542236328,-236.16000366210938,424.8900146484375
528221458705945,5.444749670,93936,273,-3.534498929977417,1.098847508430481,0.35333412885665894,2.9301435947418213,0.5037475228309631,0.23051847517490387,-1.0,1.0,0.35333412885665894,1.0,0.5037475228309631,0.23051847517490387,-0.31324100494384766,0.05352306738495827,15.061136245727539,20.31324005126953,-9.898086547851562,13.301932334899902,0.36000001430511475,-9.756000518798828,16.488000869750977,18.468000411987305,-26.279998779296875,16.70400047302246,-7.199999809265137,-220.58999633789062,486.2699890136719,15.75,-205.65000915527344,553.1400146484375
528221479674765,5.465718490,93956,274,-2.370251178741455,0.7921669483184814,-0.12604328989982605,2.7309718132019043,0.4618488550186157,-0.11093245446681976,-1.0,0.7921669483184814,-0.12604328989982605,1.0,0.4618488550186157,-0.11093245446681976,-0.31324100494384766,-4.114261627197266,8.194561958312988,20.31324005126953,-10.738302230834961,8.411008834838867,0.25200000405311584,-7.8480000495910645,25.95599937438965,18.972000122070312,-24.04800033569336,25.236000061035156,-12.0600004196167,291.8699951171875,438.3899841308594,36.53999710083008,269.9100036621094,263.07000732421875
528221500629936,5.486673661,93976,275,-0.4976828694343567,0.2739223539829254,0.4578666687011719,1.3116798400878906,1.0226647853851318,0.3964518904685974,-0.4976828694343567,0.2739223539829254,0.4578666687011719,1.0,1.0,0.3964518904685974,4.867276191711426,-14.506890296936035,16.558456420898438,20.31324005126953,0.05352306738495827,15.678752899169922,0.14399999380111694,-3.6720001697540283,26.532001495361328,19.29599952697754,-22.643999099731445,23.040000915527344,-3.419999837875366,123.93000030517578,-170.82000732421875,9.809999465942383,7.740000247955322,-324.5400085449219
528221521701763,5.507745488,93996,276,1.050146460533142,0.14368805289268494,0.1620836853981018,0.23484545946121216,0.7671148180961609,-0.3462393581867218,1.0,0.14368805289268494,0.1620836853981018,0.23484545946121216,0.7671148180961609,-0.3462393581867218,20.31324005126953,-17.118547439575195,12.321677207946777,12.422016143798828,-4.616643905639648,5.040485858917236,0.07199999690055847,-2.5920000076293945,21.96000099182129,19.29599952697754,-17.856000900268555,16.52400016784668,-0.7200000286102295,17.549999237060547,-188.91000366210938,1.2599999904632568,363.05999755859375,-247.13999938964844
528221542695002,5.528738727,94016,277,0.4915882647037506,0.6878684759140015,0.0750228688120842,-1.9990971088409424,-0.18768168985843658,-1.3557709455490112,0.4915882647037506,0.6878684759140015,0.0750228688120842,-1.0,-0.18768168985843658,-1.0,15.069867134094238,-6.205812931060791,11.074623107910156,-0.31324100494384766,-23.763675689697266,-4.323945045471191,-0.1080000028014183,-5.2920002937316895,15.012001037597656,19.152000427246094,-10.403999328613281,10.368000030517578,-16.020000457763672,-119.70000457763672,-420.3900146484375,-25.28999900817871,259.739990234375,-260.82000732421875
528221553458225,5.539501950,94036,278,0.4915882647037506,0.6878684759140015,0.0750228688120842,-1.9990971088409424,-0.18768168985843658,-1.3557709455490112,0.4915882647037506,0.6878684759140015,0.0750228688120842,-1.0,-0.18768168985843658,-1.0,15.069867134094238,-6.205812931060791,11.074623107910156,-0.31324100494384766,-23.763675689697266,-4.323945045471191,2.4839999675750732,-10.980000495910645,15.335999488830566,18.756000518798828,-4.176000118255615,11.375999450683594,123.75,-391.4100036621094,220.3199920654297,6.210000038146973,381.0600280761719,135.6300048828125
528221574667980,5.560711705,94056,279,-0.9531861543655396,0.39169347286224365,0.0028912723064422607,-0.23135307431221008,0.477078378200531,0.22536084055900574,-0.9531861543655396,0.39169347286224365,0.0028912723064422607,-0.23135307431221008,0.477078378200531,0.22536084055900574,0.16956114768981934,-12.14516544342041,10.041414260864258,7.613998889923096,-10.432896614074707,13.228055953979492,6.624000072479248,-18.648000717163086,14.832000732421875,16.884000778198242,-2.7360000610351562,8.100000381469727,226.25999450683594,-249.92999267578125,-84.05999755859375,-110.07000732421875,-7.740000247955322,-314.19000244140625
528221595675356,5.581719081,94076,280,1.2643837928771973,-0.5440030097961426,0.30187106132507324,-0.744479238986969,2.241921901702881,0.8352324366569519,1.0,-0.5440030097961426,0.30187106132507324,-0.744479238986969,1.0,0.8352324366569519,20.31324005126953,-30.90917205810547,14.323983192443848,2.3220064640045166,0.05352306738495827,21.963821411132812,9.288000106811523,-16.416000366210938,12.780000686645508,12.384000778198242,-8.675999641418457,0.1080000028014183,16.020000457763672,300.510009765625,-83.69999694824219,-277.02001953125,-456.0299987792969,-342.3599853515625
528221616688196,5.602731921,94096,281,0.8618835210800171,0.577775776386261,1.4283885955810547,0.5943815112113953,1.665771722793579,3.021174907684326,0.8618835210800171,0.577775776386261,1.0,0.5943815112113953,1.0,1.0,18.888811111450195,-8.413559913635254,24.323944091796875,16.12999725341797,0.05352306738495827,24.323944091796875,8.711999893188477,-10.872000694274902,11.844000816345215,6.839999675750732,-19.2239990234375,-3.0960001945495605,-22.14000129699707,160.64999389648438,-28.89000129699707,-192.239990234375,-530.72998046875,-37.26000213623047
528221637670428,5.623714153,94116,282,1.2661798000335693,0.1326776146888733,2.3693759441375732,0.5830981135368347,1.8401672840118408,1.2061349153518677,1.0,0.1326776146888733,1.0,0.5830981135368347,1.0,1.0,20.31324005126953,-17.339344024658203,24.323944091796875,16.013629913330078,0.05352306738495827,24.323944091796875,4.680000305175781,-13.319999694824219,10.54800033569336,7.308000564575195,-20.447999954223633,1.9800000190734863,-211.32000732421875,-188.72999572753906,-33.38999938964844,47.43000030517578,202.13999938964844,406.8899841308594
528221658846808,5.644890533,94136,283,-2.140448570251465,0.036960769444704056,-1.2514718770980835,-0.9600455164909363,1.613958716392517,-0.6043785214424133,-1.0,0.036960769444704056,-1.0,-0.9600455164909363,1.0,-0.6043785214424133,-0.31324100494384766,-19.258804321289062,-4.323945045471191,0.09881917387247086,0.05352306738495827,1.3429150581359863,8.208000183105469,-20.591999053955078,13.176000595092773,3.815999984741211,-12.02400016784668,12.491999626159668,85.58999633789062,-501.3000183105469,132.38999938964844,-132.92999267578125,501.9300231933594,562.4100341796875
528221679754378,5.665798103,94156,284,0.7112082242965698,0.8449192643165588,-2.3175065517425537,-5.402332782745361,0.5316957235336304,-3.071289300918579,0.7112082242965698,0.8449192643165588,-1.0,-1.0,0.5316957235336304,-1.0,17.33485984802246,-3.056391716003418,-4.323945045471191,-0.31324100494384766,-9.337627410888672,-4.323945045471191,12.420000076293945,-21.131999969482422,19.2239990234375,8.819999694824219,-2.4839999675750732,23.219999313354492,194.1300048828125,243.54000854492188,399.239990234375,233.27999877929688,315.0899963378906,470.8799743652344
528221700959151,5.687002876,94176,285,1.5852479934692383,0.18917126953601837,-0.055356793105602264,-0.490635484457016,1.7937411069869995,0.7286890149116516,1.0,0.18917126953601837,-0.055356793105602264,-0.490635484457016,1.0,0.7286890149116516,20.31324005126953,-16.20644760131836,9.207071304321289,4.939957618713379,0.05352306738495827,20.437700271606445,17.5679988861084,-20.736000061035156,23.760000228881836,15.263999938964844,0.3240000009536743,29.23200225830078,277.9200134277344,-42.84000015258789,53.19000244140625,231.75,49.95000076293945,144.27000427246094
528221721975770,5.708019495,94196,286,3.697096109390259,-1.043501615524292,0.7465259432792664,-0.7563340663909912,2.890606641769409,0.7339258790016174,1.0,-1.0,0.7465259432792664,-0.7563340663909912,1.0,0.7339258790016174,20.31324005126953,-40.05351638793945,20.693193435668945,2.19974422454834,0.05352306738495827,20.512712478637695,16.631999969482422,-22.14000129699707,17.711999893188477,11.699999809265137,-0.14399999380111694,24.30000114440918,-226.8000030517578,-26.459999084472656,-508.5899963378906,-358.55999755859375,-34.7400016784668,-469.3500061035156
528221742932937,5.728976662,94216,287,1.210815668106079,-0.176703542470932,-1.6170556545257568,-2.91125750541687,1.035402774810791,-1.2904027700424194,1.0,-0.176703542470932,-1.0,-1.0,1.0,-1.0,20.31324005126953,-23.54352569580078,-4.323945045471191,-0.31324100494384766,0.05352306738495827,-4.323945045471191,15.87600040435791,-17.38800048828125,6.76800012588501,4.068000316619873,-4.5,13.319999694824219,-130.41000366210938,389.2499694824219,-558.6300048828125,-375.3000183105469,-335.1600036621094,-561.780029296875
528221753476092,5.739519817,94236,288,1.210815668106079,-0.176703542470932,-1.6170556545257568,-2.91125750541687,1.035402774810791,-1.2904027700424194,1.0,-0.176703542470932,-1.0,-1.0,1.0,-1.0,20.31324005126953,-23.54352569580078,-4.323945045471191,-0.31324100494384766,0.05352306738495827,-4.323945045471191,16.308000564575195,-15.58799934387207,2.1600000858306885,3.815999984741211,-4.860000133514404,9.684000015258789,38.52000045776367,-57.78000259399414,-73.07999420166016,-46.8900032043457,206.27999877929688,83.79000091552734
528221774361887,5.760405612,94256,289,-2.637493848800659,1.532837986946106,0.5640683174133301,-0.8424925208091736,-0.5945818424224854,0.1671966165304184,-1.0,1.0,0.5640683174133301,-0.8424925208091736,-0.5945818424224854,0.1671966165304184,-0.31324100494384766,0.05352306738495827,18.079681396484375,1.3111716508865356,-31.923458099365234,12.394914627075195,17.171998977661133,-22.392000198364258,7.308000564575195,2.9519999027252197,-1.6920000314712524,14.36400032043457,45.179996490478516,-498.4200134277344,420.47998046875,38.790000915527344,86.66999816894531,219.69000244140625
528221795595559,5.781639284,94276,290,-0.8957555294036865,1.5357651710510254,-0.816347062587738,0.5524081587791443,-0.7061737775802612,-0.25063443183898926,-0.8957555294036865,1.0,-0.816347062587738,0.5524081587791443,-0.7061737775802612,-0.25063443183898926,0.7618572115898132,0.05352306738495827,-1.6933104991912842,15.697117805480957,-34.16127014160156,6.40992546081543,16.920000076293945,-27.215999603271484,7.48799991607666,1.5480000972747803,-0.7919999957084656,10.872000694274902,-29.610000610351562,-91.71000671386719,-257.489990234375,1.8899999856948853,28.71000099182129,-397.71002197265625
528221816613722,5.802657447,94296,291,-1.7954896688461304,1.0472480058670044,0.3778698444366455,0.233767569065094,-0.7364404797554016,1.9426898956298828,-1.0,1.0,0.3778698444366455,0.233767569065094,-0.7364404797554016,1.0,-0.31324100494384766,0.05352306738495827,15.412585258483887,12.410900115966797,-34.76822280883789,24.323944091796875,16.992000579833984,-27.4320011138916,-0.7200000286102295,1.403999924659729,-0.5759999752044678,1.0800000429153442,12.329999923706055,20.790000915527344,-448.8299865722656,-7.559999942779541,6.03000020980835,-525.4199829101562
528221837644091,5.823687816,94316,292,-0.27718955278396606,0.8796926736831665,2.727276086807251,0.4272949695587158,1.4563826322555542,1.659022569656372,-0.27718955278396606,0.8796926736831665,1.0,0.4272949695587158,1.0,1.0,7.1412763595581055,-2.3590617179870605,24.323944091796875,14.406794548034668,0.05352306738495827,24.323944091796875,12.204000473022461,-20.520000457763672,-1.2239999771118164,2.052000045776367,-7.344000339508057,-0.3240000009536743,-287.0099792480469,527.9400024414062,206.010009765625,-37.88999938964844,-539.9100341796875,223.11001586914062
528221858666240,5.844709965,94336,293,-1.292832374572754,1.9033076763153076,2.102168560028076,0.6555578112602234,0.2989831566810608,2.9781839847564697,-1.0,1.0,1.0,0.6555578112602234,0.2989831566810608,1.0,-0.31324100494384766,0.05352306738495827,24.323944091796875,16.76092529296875,-14.00433349609375,24.323944091796875,9.071999549865723,-10.656000137329102,-2.6640000343322754,3.239999771118164,-17.531999588012695,0.4320000112056732,-200.42999267578125,430.1099853515625,-209.33999633789062,171.08999633789062,-441.80999755859375,-25.110000610351562
528221879869124,5.865912849,94356,294,-1.6121244430541992,2.534426212310791,2.253643751144409,1.4885810613632202,-0.44502538442611694,3.221323013305664,-1.0,1.0,1.0,1.0,-0.44502538442611694,1.0,-0.31324100494384766,0.05352306738495827,24.323944091796875,20.31324005126953,-28.924325942993164,24.323944091796875,5.507999897003174,-3.815999984741211,-1.6920000314712524,6.73199987411499,-24.51599884033203,4.0320000648498535,-107.45999908447266,288.3599853515625,206.09999084472656,166.67999267578125,-318.69000244140625,275.94000244140625
528221900744572,5.886788297,94376,295,-1.3812315464019775,1.9159809350967407,1.7134982347488403,2.506049394607544,-0.7533162832260132,1.8249174356460571,-1.0,1.0,1.0,1.0,-0.7533162832260132,1.0,-0.31324100494384766,0.05352306738495827,24.323944091796875,20.31324005126953,-35.10664367675781,24.323944091796875,6.948000431060791,-2.0160000324249268,4.104000091552734,9.972000122070312,-23.7239990234375,10.584000587463379,175.3199920654297,34.560001373291016,306.0,142.65000915527344,259.6499938964844,344.25
528221921641125,5.907684850,94396,296,0.13659188151359558,1.3069359064102173,0.33097875118255615,2.3151490688323975,-0.22289709746837616,1.2701808214187622,0.13659188151359558,1.0,0.33097875118255615,1.0,-0.22289709746837616,1.0,11.408703804016113,0.05352306738495827,14.740920066833496,20.31324005126953,-24.46986961364746,24.323944091796875,5.1479997634887695,-0.9359999895095825,12.24000072479248,13.7160005569458,-17.243999481201172,16.920000076293945,-224.45999145507812,29.15999984741211,500.3999938964844,158.5800018310547,250.65000915527344,259.739990234375
528221942752830,5.928796555,94416,297,-1.324781894683838,0.6160480380058289,0.8894880414009094,2.816504716873169,0.651406466960907,1.2765644788742065,-1.0,0.6160480380058289,0.8894880414009094,1.0,0.651406466960907,1.0,-0.31324100494384766,-7.646065711975098,22.740976333618164,20.31324005126953,-6.937004566192627,24.323944091796875,4.464000225067139,-1.1160000562667847,17.711999893188477,15.731999397277832,-20.304000854492188,20.483999252319336,-4.230000019073486,-22.05000114440918,197.37001037597656,58.31999969482422,-350.9100036621094,121.68000030517578
528221963628090,5.949671815,94436,298,0.34472566843032837,-0.45291993021965027,0.028735287487506866,2.144049882888794,1.15567147731781,-0.5791071057319641,0.34472566843032837,-0.45291993021965027,0.028735287487506866,1.0,1.0,-0.5791071057319641,13.555237770080566,-29.0826358795166,10.411602020263672,20.31324005126953,0.05352306738495827,1.7049013376235962,3.9240000247955322,-1.2960000038146973,20.124000549316406,17.171998977661133,-29.66400146484375,22.104000091552734,-48.2400016784668,-2.5199999809265137,91.3499984741211,78.93000030517578,-494.19000244140625,61.019996643066406
528221974412024,5.960455749,94456,299,0.34472566843032837,-0.45291993021965027,0.028735287487506866,2.144049882888794,1.15567147731781,-0.5791071057319641,0.34472566843032837,-0.45291993021965027,0.028735287487506866,1.0,1.0,-0.5791071057319641,13.555237770080566,-29.0826358795166,10.411602020263672,20.31324005126953,0.05352306738495827,1.7049013376235962,7.48799991607666,-1.2960000038146973,16.559999465942383,18.288000106811523,-31.031999588012695,22.823999404907227,259.9200134277344,0.27000001072883606,-314.1000061035156,54.18000030517578,151.1999969482422,37.97999954223633
528221995511171,5.981554896,94476,300,-0.7828778028488159,1.4612252712249756,1.4289917945861816,2.0023984909057617,-0.09156361222267151,1.288954734802246,-0.7828778028488159,1.0,1.0,1.0,-0.09156361222267151,1.0,1.9259920120239258,0.05352306738495827,24.323944091796875,20.31324005126953,-21.836172103881836,24.323944091796875,5.687999725341797,-5.615999698638916,17.13599967956543,19.332000732421875,-23.29199981689453,23.148000717163086,-184.8599853515625,-332.82000732421875,201.60000610351562,35.54999923706055,507.4200134277344,9.270000457763672
528222016448689,6.002492414,94496,301,-2.3837168216705322,0.04282499477267265,-2.8673343658447266,2.38761568069458,0.068479023873806,-2.066394090652466,-1.0,0.04282499477267265,-1.0,1.0,0.068479023873806,-1.0,-0.31324100494384766,-19.141206741333008,-4.323945045471191,20.31324005126953,-18.626752853393555,-4.323945045471191,9.071999549865723,-15.04800033569336,14.184000015258789,18.576000213623047,-11.44800090789795,17.38800048828125,314.19000244140625,-584.3699951171875,-303.8399963378906,-88.91999816894531,568.8900146484375,-453.1499938964844
528222037749525,6.023793250,94516,302,-1.0625438690185547,1.1667125225067139,-1.1128803491592407,-1.696444034576416,-0.6687321662902832,-1.4024189710617065,-1.0,1.0,-1.0,-1.0,-0.6687321662902832,-1.0,-0.31324100494384766,0.05352306738495827,-4.323945045471191,-0.31324100494384766,-33.410430908203125,-4.323945045471191,15.335999488830566,-26.20800018310547,8.244000434875488,18.288000106811523,-0.7200000286102295,6.839999675750732,225.08999633789062,-542.969970703125,-178.3800048828125,4.5,466.0199890136719,-532.8900146484375
528222059103668,6.045147393,94536,303,-1.2053228616714478,0.8419778347015381,1.913780927658081,0.6569281816482544,1.167768120765686,2.7879927158355713,-1.0,0.8419778347015381,1.0,0.6569281816482544,1.0,1.0,-0.31324100494384766,-3.115377187728882,24.323944091796875,16.775056838989258,0.05352306738495827,24.323944091796875,13.932000160217285,-25.847999572753906,11.411999702453613,18.79199981689453,-2.4119999408721924,3.384000062942505,-79.19999694824219,342.0,298.16998291015625,28.350000381469727,-355.32000732421875,116.63999938964844
528222080393643,6.066437368,94556,304,-1.2189531326293945,1.7765153646469116,1.9391056299209595,1.3323856592178345,0.0347445122897625,2.645611524581909,-1.0,1.0,1.0,1.0,0.0347445122897625,1.0,-0.31324100494384766,0.05352306738495827,24.323944091796875,20.31324005126953,-19.30324935913086,24.323944091796875,9.61199951171875,-22.643999099731445,9.82800006866455,17.784000396728516,-11.375999450683594,1.2599999904632568,-223.74000549316406,87.02999877929688,-309.41998291015625,-68.48999786376953,-480.9599914550781,-260.9100036621094
528222101706487,6.087750212,94576,305,0.5722031593322754,0.9816813468933105,1.416435718536377,1.209097146987915,0.28939762711524963,2.7367234230041504,0.5722031593322754,0.9816813468933105,1.0,1.0,0.28939762711524963,1.0,15.901267051696777,-0.31383010745048523,24.323944091796875,20.31324005126953,-14.19655704498291,24.323944091796875,5.940000057220459,-16.812000274658203,1.7280000448226929,12.491999626159668,-20.95199966430664,-5.544000148773193,-80.37000274658203,407.9700012207031,-433.0799865722656,-353.3399963378906,-452.8800048828125,-365.0400085449219
528222122863630,6.108907355,94596,306,-1.9409905672073364,0.619387686252594,-0.20582720637321472,0.4056170582771301,-0.2782750725746155,-0.9489805102348328,-1.0,0.619387686252594,-0.20582720637321472,0.4056170582771301,-0.2782750725746155,-0.9489805102348328,-0.31324100494384766,-7.579094409942627,7.051741600036621,14.18322467803955,-25.580394744873047,-3.593144655227661,2.7720000743865967,-7.883999824523926,1.7280000448226929,16.200000762939453,-20.95199966430664,-5.544000148773193,-170.5500030517578,383.8499755859375,-433.0799865722656,0.7200000286102295,-452.8800048828125,-365.0400085449219
528222133558895,6.119602620,94616,307,-1.9409905672073364,0.619387686252594,-0.20582720637321472,0.4056170582771301,-0.2782750725746155,-0.9489805102348328,-1.0,0.619387686252594,-0.20582720637321472,0.4056170582771301,-0.2782750725746155,-0.9489805102348328,-0.31324100494384766,-7.579094409942627,7.051741600036621,14.18322467803955,-25.580394744873047,-3.593144655227661,1.0440000295639038,-1.0800000429153442,-2.6640000343322754,16.200000762939453,2.124000072479248,4.427999973297119,6.210000038146973,185.6699981689453,0.0,0.0,-0.0,-0.0
528222154502521,6.140546246,94636,308,-6.156192302703857,-0.03518127277493477,-0.9398750066757202,3.744605779647827,1.1361112594604492,-0.24369274079799652,-1.0,-0.03518127277493477,-0.9398750066757202,1.0,1.0,-0.24369274079799652,-0.31324100494384766,-20.705507278442383,-3.4627177715301514,20.31324005126953,0.05352306738495827,6.509357929229736,6.839999675750732,-0.1080000028014183,1.2599999904632568,10.980000495910645,0.1080000028014183,4.427999973297119,423.1800231933594,-2.3400001525878906,214.739990234375,52.470001220703125,-154.62001037597656,-0.0
528222175915561,6.161959286,94656,309,-0.6090478301048279,2.116995334625244,2.1934409141540527,1.8014742136001587,-0.7986308336257935,2.5124638080596924,-0.6090478301048279,1.0,1.0,1.0,-0.7986308336257935,1.0,3.718742847442627,0.05352306738495827,24.323944091796875,20.31324005126953,-36.01536178588867,24.323944091796875,5.687999725341797,-4.751999855041504,6.624000072479248,10.187999725341797,0.1080000028014183,-3.419999837875366,-245.16000366210938,-334.71002197265625,128.4300079345703,-3.3299999237060547,-154.62001037597656,127.79999542236328
528222197061450,6.183105175,94676,310,-2.513097047805786,1.6762447357177734,0.5655307769775391,2.8795766830444336,-1.1703684329986572,2.025355339050293,-1.0,1.0,0.5655307769775391,1.0,-1.0,1.0,-0.31324100494384766,0.05352306738495827,18.100629806518555,20.31324005126953,-40.05351638793945,24.323944091796875,4.860000133514404,-8.279999732971191,7.452000141143799,9.468000411987305,0.1080000028014183,-3.5280001163482666,-63.18000030517578,-96.1199951171875,6.929999828338623,-35.54999923706055,-154.62001037597656,-5.940000057220459
528222217825252,6.203868977,94696,311,-3.2347872257232666,1.1027653217315674,-0.3036665916442871,2.1429150104522705,-0.5227599740028381,-0.5772742033004761,-1.0,1.0,-0.3036665916442871,1.0,-0.5227599740028381,-0.5772742033004761,-0.31324100494384766,0.05352306738495827,5.650295734405518,20.31324005126953,-30.483177185058594,1.7311557531356812,4.3919997215271,-14.112000465393066,2.7720000743865967,12.743999481201172,-24.91200065612793,1.0440000295639038,33.75,-421.6499938964844,-369.45001220703125,175.41000366210938,673.2899780273438,367.8299865722656
528222238618496,6.224662221,94716,312,-2.429044723510742,1.3392024040222168,1.6403582096099854,1.9022002220153809,-0.21988530457019806,0.6890256404876709,-1.0,1.0,1.0,1.0,-0.21988530457019806,0.6890256404876709,-0.31324100494384766,0.05352306738495827,24.323944091796875,20.31324005126953,-24.409473419189453,19.869564056396484,6.875999927520752,-13.679999351501465,4.427999973297119,15.371999740600586,-22.31999969482422,11.484000205993652,78.93000030517578,283.5899963378906,352.0799865722656,106.73999786376953,-186.12001037597656,576.719970703125
528222259668163,6.245711888,94736,313,-3.022698402404785,1.302042841911316,0.5552879571914673,2.6195147037506104,0.33651039004325867,1.8114463090896606,-1.0,1.0,0.5552879571914673,1.0,0.33651039004325867,1.0,-0.31324100494384766,0.05352306738495827,17.95391273498535,20.31324005126953,-13.25178050994873,24.323944091796875,5.579999923706055,-5.363999843597412,13.032000541687012,16.992000579833984,-30.347999572753906,22.607999801635742,-20.8799991607666,429.3899841308594,449.0999755859375,65.15999603271484,-499.40997314453125,538.3800048828125
528222280646045,6.266689770,94756,314,-1.2774286270141602,1.8286848068237305,-0.08386806398630142,3.2038776874542236,-1.082397222518921,1.1349561214447021,-1.0,1.0,-0.08386806398630142,1.0,-1.0,1.0,-0.31324100494384766,0.05352306738495827,8.798677444458008,20.31324005126953,-40.05351638793945,24.323944091796875,4.680000305175781,-1.403999924659729,13.500000953674316,16.739999771118164,-33.156002044677734,23.7239990234375,-39.150001525878906,77.48999786376953,-215.9099884033203,7.019999980926514,-16.739999771118164,-257.489990234375
528222301409281,6.287453006,94776,315,-1.885174036026001,1.0595210790634155,0.06973353028297424,4.119570255279541,-0.7831771969795227,-0.02755139395594597,-1.0,1.0,0.06973353028297424,1.0,-0.7831771969795227,-0.02755139395594597,-0.31324100494384766,0.05352306738495827,10.998857498168945,20.31324005126953,-35.70545959472656,9.605354309082031,3.5999999046325684,-1.2599999904632568,15.408000946044922,16.847999572753906,-29.016000747680664,23.003999710083008,-49.22999954223633,-17.639999389648438,267.6600036621094,5.309999942779541,278.010009765625,51.38999938964844
528222322637186,6.308680911,94796,316,-2.9397265911102295,0.40821677446365356,-1.436873435974121,5.053495407104492,0.44968903064727783,-0.833950936794281,-1.0,0.40821677446365356,-1.0,1.0,0.44968903064727783,-0.833950936794281,-0.31324100494384766,-11.813815116882324,-4.323945045471191,20.31324005126953,-10.982149124145508,-1.945467472076416,3.563999891281128,-1.7280000448226929,19.583999633789062,16.488000869750977,-21.168001174926758,26.172000885009766,-9.0,-19.350000381469727,112.59000396728516,-21.239999771118164,470.969970703125,132.92999267578125
528222333464349,6.319508074,94816,317,-2.9397265911102295,0.40821677446365356,-1.436873435974121,5.053495407104492,0.44968903064727783,-0.833950936794281,-1.0,0.40821677446365356,-1.0,1.0,0.44968903064727783,-0.833950936794281,-0.31324100494384766,-11.813815116882324,-4.323945045471191,20.31324005126953,-10.982149124145508,-1.945467472076416,3.0239999294281006,-2.0160000324249268,15.767999649047852,16.739999771118164,-21.168001174926758,26.856000900268555,-22.229999542236328,-4.680000305175781,-364.7699890136719,19.079999923706055,-297.80999755859375,-8.550000190734863
528222354545251,6.340588976,94836,318,-1.207598328590393,0.5357174277305603,-1.0823432207107544,4.098962306976318,-0.6430044770240784,0.7784003615379333,-1.0,0.5357174277305603,-1.0,1.0,-0.6430044770240784,0.7784003615379333,-0.31324100494384766,-9.256977081298828,-4.323945045471191,20.31324005126953,-32.89450454711914,21.149761199951172,2.3400001525878906,-2.0160000324249268,12.276000022888184,17.38800048828125,-29.988000869750977,21.131999969482422,-46.17000198364258,0.0,-128.8800048828125,41.7599983215332,-491.5799865722656,-417.510009765625
528222375670233,6.361713958,94856,319,-4.3010663986206055,1.0053417682647705,-0.6702361106872559,4.38926362991333,-1.4119449853897095,-0.11980625987052917,-1.0,1.0,-0.6702361106872559,1.0,-1.0,-0.11980625987052917,-0.31324100494384766,0.05352306738495827,0.3995745778083801,20.31324005126953,-40.05351638793945,8.283900260925293,1.8360000848770142,-6.76800012588501,5.4720001220703125,17.604000091552734,-29.808000564575195,9.86400032043457,-8.550000190734863,-364.5000305175781,-452.3399963378906,-3.5999999046325684,304.6499938964844,-617.9400024414062
528222396642146,6.382685871,94876,320,-3.5519611835479736,1.7169467210769653,0.6756572127342224,3.280891180038452,-1.1638331413269043,1.4813063144683838,-1.0,1.0,0.6756572127342224,1.0,-1.0,1.0,-0.31324100494384766,0.05352306738495827,19.67807388305664,20.31324005126953,-40.05351638793945,24.323944091796875,1.944000005722046,-13.46399974822998,-0.25200000405311584,17.280000686645508,-20.304000854492188,-1.2960000038146973,29.15999984741211,-198.90000915527344,12.24000072479248,-36.900001525878906,517.3200073242188,-538.469970703125
528222417467274,6.403510999,94896,321,-2.4559760093688965,1.2980995178222656,0.47808411717414856,3.2002124786376953,-0.5251243710517883,2.081524133682251,-1.0,1.0,0.47808411717414856,1.0,-0.5251243710517883,1.0,-0.31324100494384766,0.05352306738495827,16.84804916381836,20.31324005126953,-30.53059196472168,24.323944091796875,2.303999900817871,-13.067999839782715,-0.2160000056028366,16.884000778198242,-19.152000427246094,-0.4320000112056732,1.9800000190734863,46.97999954223633,-37.349998474121094,8.100000381469727,-228.77999877929688,358.8299865722656
528222438315167,6.424358892,94916,322,-3.2047648429870605,1.3673338890075684,1.5736172199249268,2.683983325958252,-0.6254477500915527,1.547121286392212,-1.0,1.0,1.0,1.0,-0.6254477500915527,1.0,-0.31324100494384766,0.05352306738495827,24.323944091796875,20.31324005126953,-32.54242706298828,24.323944091796875,2.1600000858306885,-7.52400016784668,2.124000072479248,17.027999877929688,-28.079999923706055,5.328000068664551,-3.690000057220459,389.52001953125,116.54999542236328,7.380000114440918,-548.4599609375,188.5500030517578
528222459512820,6.445556545,94936,323,-2.9418866634368896,0.6134294271469116,-0.31015950441360474,0.4645114839076996,0.9451848268508911,-0.8487752079963684,-1.0,0.6134294271469116,-0.31015950441360474,0.4645114839076996,0.9451848268508911,-0.8487752079963684,-0.31324100494384766,-7.698578357696533,5.5572919845581055,14.790616989135742,-1.0457139015197754,-2.1578094959259033,1.871999979019165,-2.0880000591278076,8.675999641418457,17.38800048828125,-38.48400115966797,12.780000686645508,-15.300000190734863,144.5399932861328,462.5999755859375,33.38999938964844,-439.9200134277344,491.1299743652344
528222480638498,6.466682223,94956,324,-2.310767650604248,1.7687515020370483,1.3514405488967896,3.1047451496124268,-0.029409177601337433,1.4534826278686523,-1.0,1.0,1.0,1.0,-0.029409177601337433,1.0,-0.31324100494384766,0.05352306738495827,24.323944091796875,20.31324005126953,-20.58975601196289,24.323944091796875,1.871999979019165,-0.972000002861023,16.45199966430664,17.784000396728516,-38.447998046875,21.996000289916992,15.119999885559082,8.819999694824219,350.9100036621094,28.619998931884766,237.4199981689453,423.3599853515625
528222501449748,6.487493473,94976,325,-0.642067551612854,0.7007704377174377,-0.1799851655960083,2.3513898849487305,0.7785550355911255,0.49824801087379456,-0.642067551612854,0.7007704377174377,-0.1799851655960083,1.0,0.7785550355911255,0.49824801087379456,3.378202438354492,-5.947082996368408,7.421901702880859,20.31324005126953,-4.387228488922119,17.13687515258789,1.7640000581741333,-1.2599999904632568,24.408000946044922,18.0,-35.53200149536133,26.099998474121094,-23.579999923706055,-30.420000076293945,417.2400207519531,-7.289999961853027,96.38999938964844,101.87999725341797
528222522587985,6.508631710,94996,326,-0.04986858367919922,0.5322643518447876,0.12805871665477753,2.5109095573425293,0.4543968439102173,0.6941106915473938,-0.04986858367919922,0.5322643518447876,0.12805871665477753,1.0,0.4543968439102173,0.6941106915473938,9.485692977905273,-9.326224327087402,11.834304809570312,20.31324005126953,-10.887742042541504,19.942401885986328,1.3320000171661377,-5.868000030517578,22.716001510620117,14.508000373840332,-27.288000106811523,20.520000457763672,-34.290000915527344,-344.8800048828125,-339.4800109863281,-175.3199920654297,616.9500122070312,-491.22003173828125
528222543790868,6.529834593,95016,327,-0.3233191967010498,-0.08305129408836365,-1.0372841358184814,-1.7869988679885864,0.20961003005504608,-1.0806565284729004,-0.3233191967010498,-0.08305129408836365,-1.0,-1.0,0.20961003005504608,-1.0,6.665530681610107,-21.665470123291016,-4.323945045471191,-0.31324100494384766,-15.796579360961914,-4.323945045471191,0.828000009059906,-5.076000213623047,22.211999893188477,16.055999755859375,-18.468000411987305,18.540000915527344,-16.829999923706055,214.02000427246094,170.27999877929688,-8.730000495910645,216.08999633789062,175.58999633789062
528222554376389,6.540420114,95036,328,-0.3233191967010498,-0.08305129408836365,-1.0372841358184814,-1.7869988679885864,0.20961003005504608,-1.0806565284729004,-0.3233191967010498,-0.08305129408836365,-1.0,-1.0,0.20961003005504608,-1.0,6.665530681610107,-21.665470123291016,-4.323945045471191,-0.31324100494384766,-15.796579360961914,-4.323945045471191,3.312000036239624,-6.696000099182129,18.720001220703125,16.59600067138672,-11.95199966430664,17.064001083374023,108.18000030517578,-166.41000366210938,-372.1500244140625,35.0099983215332,385.1099853515625,-197.27999877929688
528222575408331,6.561452056,95056,329,-1.0040053129196167,1.2809315919876099,-1.3822599649429321,-1.4002254009246826,-0.09075199067592621,-2.3620681762695312,-1.0,1.0,-1.0,-1.0,-0.09075199067592621,-1.0,-0.31324100494384766,0.05352306738495827,-4.323945045471191,-0.31324100494384766,-21.819894790649414,-4.323945045471191,8.064000129699707,-10.51200008392334,11.411999702453613,17.423999786376953,-7.48799991607666,17.171998977661133,239.22000122070312,-136.52999877929688,-240.66000366210938,35.279998779296875,74.61000061035156,29.249998092651367
528222596524497,6.582568222,95076,330,0.35101744532585144,0.15309005975723267,0.47731417417526245,-0.44434353709220886,1.1707905530929565,0.8938112258911133,0.35101744532585144,0.15309005975723267,0.47731417417526245,-0.44434353709220886,1.0,0.8938112258911133,13.620126724243164,-16.930002212524414,16.837018966674805,5.417377471923828,0.05352306738495827,22.802900314331055,8.17199993133545,-16.45199966430664,3.815999984741211,13.7160005569458,-10.692000389099121,10.727999687194824,-65.87999725341797,-393.92999267578125,-482.1299743652344,-225.0,-197.19000244140625,-492.3900146484375
528222617485744,6.603529469,95096,331,0.7067385911941528,0.16994215548038483,1.7973904609680176,0.7915582060813904,0.9248759150505066,2.0827434062957764,0.7067385911941528,0.16994215548038483,1.0,0.7915582060813904,0.9248759150505066,1.0,17.28876495361328,-16.592060089111328,24.323944091796875,18.163528442382812,-1.4529792070388794,24.323944091796875,5.615999698638916,-23.652000427246094,-1.5480000972747803,6.948000431060791,-13.176000595092773,0.5400000214576721,-70.0199966430664,-217.88999938964844,-169.74000549316406,-403.91998291015625,-83.43000030517578,-416.7900085449219
528222638421600,6.624465325,95116,332,-1.0716041326522827,1.3621094226837158,2.5157973766326904,0.36145833134651184,1.026278018951416,3.361253499984741,-1.0,1.0,1.0,0.36145833134651184,1.0,1.0,-0.31324100494384766,0.05352306738495827,24.323944091796875,13.727805137634277,0.05352306738495827,24.323944091796875,1.0440000295639038,-19.6560001373291,-3.2760000228881836,0.4320000112056732,-18.0,-3.7080001831054688,-308.3399963378906,419.94000244140625,-51.480003356933594,-199.25999450683594,-290.1600036621094,-218.3400115966797
528222659597632,6.645641357,95136,333,-4.041015625,0.4880400002002716,-0.21363189816474915,2.0456697940826416,-0.9868028163909912,0.4929361045360565,-1.0,0.4880400002002716,-0.21363189816474915,1.0,-0.9868028163909912,0.4929361045360565,-0.31324100494384766,-10.213077545166016,6.939947605133057,20.31324005126953,-39.78886795043945,17.060789108276367,3.563999891281128,-16.812000274658203,1.7999999523162842,0.3959999978542328,-15.335999488830566,-0.0,327.1499938964844,19.170000076293945,427.67999267578125,60.21000289916992,361.79998779296875,428.2200012207031
528222680519412,6.666563137,95156,334,-1.902136206626892,0.31498435139656067,-1.369388222694397,0.9506644606590271,0.5738429427146912,-1.9087437391281128,-1.0,0.31498435139656067,-1.0,0.9506644606590271,0.5738429427146912,-1.0,-0.31324100494384766,-13.683453559875488,-4.323945045471191,19.80443000793457,-8.492425918579102,-4.323945045471191,11.052000045776367,-16.739999771118164,13.032000541687012,7.199999809265137,-6.192000389099121,11.592000007629395,430.3800048828125,-11.699999809265137,585.5399780273438,502.739990234375,463.22998046875,603.5399780273438
528222701507648,6.687551373,95176,335,-0.7738665342330933,1.075168251991272,1.3003160953521729,0.6734837889671326,1.1134209632873535,1.262055516242981,-0.7738665342330933,1.0,1.0,0.6734837889671326,1.0,1.0,2.018927812576294,0.05352306738495827,24.323944091796875,16.945798873901367,0.05352306738495827,24.323944091796875,12.0600004196167,-11.880000114440918,23.940000534057617,12.636000633239746,1.187999963760376,22.8960018157959,-66.41999816894531,398.2500305175781,513.8099975585938,150.02999877929688,211.13999938964844,522.989990234375
528222722787275,6.708831000,95196,336,1.5460541248321533,-0.69570392370224,1.2169971466064453,-1.6194496154785156,1.2466586828231812,-0.4645397663116455,1.0,-0.69570392370224,1.0,-1.0,1.0,-0.4645397663116455,20.31324005126953,-33.95131301879883,24.323944091796875,-0.31324100494384766,0.05352306738495827,3.3459575176239014,8.96399974822998,-9.251999855041504,23.976001739501953,14.97599983215332,-5.003999710083008,25.45199966430664,-216.00001525878906,34.82999801635742,-276.6600036621094,129.60000610351562,-583.2899780273438,-17.280000686645508
528222733441063,6.719484788,95216,337,1.5460541248321533,-0.69570392370224,1.2169971466064453,-1.6194496154785156,1.2466586828231812,-0.4645397663116455,1.0,-0.69570392370224,1.0,-1.0,1.0,-0.4645397663116455,20.31324005126953,-33.95131301879883,24.323944091796875,-0.31324100494384766,0.05352306738495827,3.3459575176239014,6.479999542236328,-11.77199935913086,12.67199993133545,15.58799934387207,-11.627999305725098,18.215999603271484,-52.380001068115234,-112.40999603271484,-701.1900024414062,-3.509999990463257,-156.14999389648438,-544.4099731445312
528222754709121,6.740752846,95236,338,1.8513730764389038,0.24112127721309662,-1.2739940881729126,-3.7524218559265137,0.6675986051559448,-1.6943745613098145,1.0,0.24112127721309662,-1.0,-1.0,0.6675986051559448,-1.0,20.31324005126953,-15.164669036865234,-4.323945045471191,-0.31324100494384766,-6.612295627593994,-4.323945045471191,6.839999675750732,-7.955999851226807,10.47599983215332,13.896000862121582,-8.279999732971191,15.408000946044922,-12.600000381469727,346.8600158691406,180.45001220703125,-37.97999954223633,341.2799987792969,162.0
528222775759539,6.761803264,95256,339,-2.3411810398101807,1.2083816528320312,-0.7797213792800903,0.7669143080711365,0.5624305009841919,0.4744109511375427,-1.0,1.0,-0.7797213792800903,0.7669143080711365,0.5624305009841919,0.4744109511375427,-0.31324100494384766,0.05352306738495827,-1.1686862707138062,17.90937042236328,-8.721285820007324,16.795434951782227,11.34000015258789,-10.007999420166016,17.496000289916992,10.043999671936035,-3.419999837875366,12.743999481201172,269.7300109863281,-384.2099914550781,420.02996826171875,-252.0900115966797,157.5,-317.70001220703125
528222796661322,6.782705047,95276,340,-1.6635313034057617,0.6242577433586121,-1.0516960620880127,0.9945462346076965,0.6917515993118286,0.5467392802238464,-1.0,0.6242577433586121,-1.0,0.9945462346076965,0.6917515993118286,0.5467392802238464,-0.31324100494384766,-7.48143196105957,-4.323945045471191,20.256994247436523,-6.12794303894043,17.83146095275879,16.739999771118164,-21.09600067138672,24.51599884033203,4.176000118255615,-1.440000057220459,5.111999988555908,314.010009765625,-645.47998046875,220.3199920654297,-336.510009765625,66.41999816894531,-317.1600036621094
528222817489751,6.803533476,95296,341,1.67067289352417,-0.46872478723526,-0.5817903876304626,-3.344576120376587,-0.337124228477478,-1.0556162595748901,1.0,-0.46872478723526,-0.5817903876304626,-1.0,-0.337124228477478,-1.0,20.31324005126953,-29.399581909179688,1.6664661169052124,-0.31324100494384766,-26.760526657104492,-4.323945045471191,20.520000457763672,-23.579999923706055,20.26799964904785,0.7919999957084656,-4.751999855041504,-2.3400001525878906,106.3800048828125,128.61000061035156,-454.1400146484375,-91.44000244140625,-240.47999572753906,-405.7200012207031
528222838572606,6.824616331,95316,342,3.3009836673736572,-1.2141038179397583,2.324425458908081,-3.745084285736084,0.3165203928947449,-0.8550094962120056,1.0,-1.0,1.0,-1.0,0.3165203928947449,-0.8550094962120056,20.31324005126953,-40.05351638793945,24.323944091796875,-0.31324100494384766,-13.65264892578125,-2.2471091747283936,20.736000061035156,-16.3799991607666,9.0,1.2239999771118164,-7.883999824523926,-1.403999924659729,-113.66999816894531,448.20001220703125,-553.1400146484375,120.42000579833984,-55.26000213623047,284.30999755859375
528222859522511,6.845566236,95336,343,-0.2139061689376831,-0.06768310070037842,2.5282528400421143,-1.9242451190948486,1.8904579877853394,-1.083070158958435,-0.2139061689376831,-0.06768310070037842,1.0,-1.0,1.0,-1.0,7.793933391571045,-21.357282638549805,24.323944091796875,-0.31324100494384766,0.05352306738495827,-4.323945045471191,16.416000366210938,-10.872000694274902,0.2879999876022339,6.192000389099121,-6.4079999923706055,5.832000255584717,-274.67999267578125,185.22000122070312,-411.84002685546875,319.1400146484375,71.45999908447266,375.1200256347656
528222880567079,6.866610804,95356,344,-3.290215492248535,1.4402040243148804,2.193493366241455,1.5630632638931274,2.1721155643463135,1.563408374786377,-1.0,1.0,1.0,1.0,1.0,1.0,-0.31324100494384766,0.05352306738495827,24.323944091796875,20.31324005126953,0.05352306738495827,24.323944091796875,15.911999702453613,-13.392000198364258,0.2879999876022339,4.211999893188477,-9.899999618530273,5.832000255584717,167.0399932861328,-272.42999267578125,-411.84002685546875,-2.430000066757202,-285.8399963378906,375.1200256347656
528222901593972,6.887637697,95376,345,0.22383823990821838,-0.009438380599021912,0.9672756195068359,-1.585486888885498,1.4071333408355713,0.7047004699707031,0.22383823990821838,-0.009438380599021912,0.9672756195068359,-1.0,1.0,0.7047004699707031,12.308497428894043,-20.189271926879883,23.855201721191406,-0.31324100494384766,0.05352306738495827,20.09408950805664,18.0,-19.763999938964844,-2.6640000343322754,4.211999893188477,-13.176000595092773,4.427999973297119,103.59000396728516,-313.2900085449219,0.0,0.0,-77.8499984741211,-0.0
528222922457189,6.908500914,95396,346,1.529403805732727,-0.5106793642044067,0.4883556365966797,-1.5444097518920898,2.237534523010254,1.302189826965332,1.0,-0.5106793642044067,0.4883556365966797,-1.0,1.0,1.0,20.31324005126953,-30.240917205810547,16.99517822265625,-0.31324100494384766,0.05352306738495827,24.323944091796875,16.488000869750977,-20.987998962402344,-2.6640000343322754,4.211999893188477,-13.176000595092773,4.427999973297119,-244.6199951171875,0.0,0.0,0.0,-77.8499984741211,-0.0
528222934426553,6.920470278,95416,347,1.529403805732727,-0.5106793642044067,0.4883556365966797,-1.5444097518920898,2.237534523010254,1.302189826965332,1.0,-0.5106793642044067,0.4883556365966797,-1.0,1.0,1.0,20.31324005126953,-30.240917205810547,16.99517822265625,-0.31324100494384766,0.05352306738495827,24.323944091796875,11.375999450683594,-22.392000198364258,-2.375999927520752,4.283999919891357,-13.176000595092773,7.452000141143799,-321.57000732421875,-52.02000045776367,-69.56999969482422,-229.5,-77.8499984741211,250.11000061035156
528222955151088,6.941194813,95436,348,-0.5133281946182251,0.5461646318435669,-1.2848291397094727,-1.1523336172103882,1.1366629600524902,0.23612043261528015,-0.5133281946182251,0.5461646318435669,-1.0,-1.0,1.0,0.23612043261528015,4.705922603607178,-9.047473907470703,-4.323945045471191,-0.31324100494384766,0.05352306738495827,13.38217544555664,10.116000175476074,-24.33599853515625,-2.375999927520752,-0.1080000028014183,-9.180000305175781,8.244000434875488,-39.33000183105469,-206.09999084472656,-69.56999969482422,-163.52999877929688,-99.9000015258789,164.8800048828125
528222975978087,6.962021812,95456,349,-1.0353517532348633,0.4544513523578644,-1.4980945587158203,-2.8475732803344727,0.45833104848861694,-1.9003545045852661,-1.0,0.4544513523578644,-1.0,-1.0,0.45833104848861694,-1.0,-0.31324100494384766,-10.886648178100586,-4.323945045471191,-0.31324100494384766,-10.808847427368164,-4.323945045471191,13.572000503540039,-30.347999572753906,-5.328000068664551,0.6840000152587891,-5.111999988555908,15.731999397277832,294.57000732421875,-364.1400146484375,651.510009765625,35.63999938964844,351.80999755859375,477.3599853515625
528222996893755,6.982937480,95476,350,-0.6340253353118896,0.9476639032363892,-1.1447111368179321,-1.4110112190246582,0.8109886646270752,-0.08363942801952362,-0.6340253353118896,0.9476639032363892,-1.0,-1.0,0.8109886646270752,-0.08363942801952362,3.4611434936523438,-0.996000349521637,-4.323945045471191,-0.31324100494384766,-3.7368202209472656,8.801952362060547,17.711999893188477,-35.06399917602539,5.940000057220459,1.1519999504089355,1.4759999513626099,24.588001251220703,130.22999572753906,-87.20999908447266,597.6900024414062,7.110000133514404,206.72999572753906,313.91998291015625
528223017798626,7.003842351,95496,351,0.5024333000183105,0.6179114580154419,0.4207020103931427,-0.03836389631032944,0.48753124475479126,1.2136939764022827,0.5024333000183105,0.6179114580154419,0.4207020103931427,-0.03836389631032944,0.48753124475479126,1.0,15.18171501159668,-7.608697891235352,16.026111602783203,9.60434341430664,-10.22327995300293,24.323944091796875,16.59600067138672,-29.411998748779297,7.452000141143799,0.035999998450279236,2.9160001277923584,23.075998306274414,-156.60000610351562,493.91998291015625,-213.20999145507812,-195.20999145507812,11.15999984741211,-296.19000244140625
528223038656026,7.024699751,95516,352,0.420044869184494,0.46976879239082336,2.0841894149780273,0.060968294739723206,0.7239599823951721,0.9084277153015137,0.420044869184494,0.46976879239082336,1.0,0.060968294739723206,0.7239599823951721,0.9084277153015137,14.332022666931152,-10.579480171203613,24.323944091796875,10.628779411315918,-5.482051372528076,23.012266159057617,10.763999938964844,-18.143999099731445,3.5280001163482666,-2.555999994277954,-2.0880000591278076,13.248000144958496,-343.2599792480469,578.1599731445312,-166.77000427246094,-147.60000610351562,-376.4700012207031,-547.2000122070312
528223062333221,7.048376946,95536,353,-2.644796133041382,2.374953269958496,1.730307698249817,1.3377612829208374,-1.041959524154663,2.029439687728882,-1.0,1.0,1.0,1.0,-1.0,1.0,-0.31324100494384766,0.05352306738495827,24.323944091796875,20.31324005126953,-40.05351638793945,24.323944091796875,6.624000072479248,-6.803999900817871,0.5759999752044678,-3.6720001697540283,-3.419999837875366,7.8480000495910645,-137.52000427246094,549.27001953125,-174.77999877929688,-2.25,40.31999969482422,-145.97999572753906
528223083070144,7.069113869,95556,354,-2.7228739261627197,-0.2857353687286377,-2.193721294403076,2.7324719429016113,0.09302718192338943,-2.7855422496795654,-1.0,-0.2857353687286377,-1.0,1.0,0.09302718192338943,-1.0,-0.31324100494384766,-25.729999542236328,-4.323945045471191,20.31324005126953,-18.134475708007812,-4.323945045471191,9.64799976348877,-3.419999837875366,3.8520002365112305,0.8640000224113464,-7.056000232696533,11.916000366210938,224.72999572753906,20.520000457763672,361.3499755859375,373.22998046875,-246.78001403808594,383.4900207519531
528223093492259,7.079535984,95576,355,-2.7228739261627197,-0.2857353687286377,-2.193721294403076,2.7324719429016113,0.09302718192338943,-2.7855422496795654,-1.0,-0.2857353687286377,-1.0,1.0,0.09302718192338943,-1.0,-0.31324100494384766,-25.729999542236328,-4.323945045471191,20.31324005126953,-18.134475708007812,-4.323945045471191,14.32800006866455,-6.300000190734863,13.607999801635742,7.704000473022461,-6.335999965667725,20.628000259399414,143.82000732421875,-147.77999877929688,504.989990234375,255.239990234375,95.66999816894531,331.2900085449219
528223114166675,7.100210400,95596,356,-0.7619776725769043,1.7066954374313354,1.2892109155654907,1.4825325012207031,0.1344889998435974,2.0148231983184814,-0.7619776725769043,1.0,1.0,1.0,0.1344889998435974,1.0,2.141540765762329,0.05352306738495827,24.323944091796875,20.31324005126953,-17.303020477294922,24.323944091796875,12.85200023651123,-3.74399995803833,23.50800132751465,14.039999961853027,-12.491999626159668,25.055999755859375,-68.30999755859375,274.5899963378906,450.6300048828125,87.93000030517578,-563.760009765625,117.36000061035156
528223134833853,7.120877578,95616,357,-0.6277608871459961,1.2456451654434204,-0.07593873888254166,2.568981409072876,-0.30849313735961914,1.8736646175384521,-0.6277608871459961,1.0,-0.07593873888254166,1.0,-0.30849313735961914,1.0,3.5257503986358643,0.05352306738495827,8.912256240844727,20.31324005126953,-26.186372756958008,24.323944091796875,8.604000091552734,-6.443999767303467,22.57200050354004,16.631999969482422,-21.02400016784668,20.591999053955078,-231.2100067138672,-349.4700012207031,-316.44000244140625,59.220001220703125,-222.8400115966797,-415.5299987792969
528223155529952,7.141573677,95636,358,-0.20053112506866455,0.6381703019142151,-0.24922223389148712,2.588233232498169,-0.4868110418319702,-0.38293716311454773,-0.20053112506866455,0.6381703019142151,-0.24922223389148712,1.0,-0.4868110418319702,-0.38293716311454773,7.931873321533203,-7.202436447143555,6.430153846740723,20.31324005126953,-29.76227378845215,4.514828681945801,4.9679999351501465,-16.70400047302246,12.347999572753906,17.5679988861084,-22.751998901367188,10.007999420166016,-136.52999877929688,-585.8099975585938,-647.6400146484375,46.79999923706055,-8.369999885559082,-635.4000244140625
528223177472089,7.163515814,95656,359,-1.7921772003173828,1.286887288093567,0.8790165185928345,1.9350088834762573,-0.9658684730529785,1.4255485534667969,-1.0,1.0,0.8790165185928345,1.0,-0.9658684730529785,1.0,-0.31324100494384766,0.05352306738495827,22.59098243713379,20.31324005126953,-39.36906433105469,24.323944091796875,3.74399995803833,-18.720001220703125,12.347999572753906,18.576000213623047,-21.63599967956543,10.007999420166016,-85.58999633789062,182.33999633789062,-647.6400146484375,92.87999725341797,62.81999969482422,-635.4000244140625
528223198069459,7.184113184,95676,360,-2.6558516025543213,0.9629622101783752,-0.1582927405834198,2.2675819396972656,-0.7624948024749756,2.2898921966552734,-1.0,0.9629622101783752,-0.1582927405834198,1.0,-0.7624948024749756,1.0,-0.31324100494384766,-0.6892155408859253,7.732622146606445,20.31324005126953,-35.29070281982422,24.323944091796875,3.815999984741211,-9.720000267028809,0.0,20.15999984741211,-24.91200065612793,-0.0,-8.010000228881836,548.010009765625,0.0,30.059999465942383,-301.04998779296875,-0.0
528223218742707,7.204786432,95696,361,-3.7744369506835938,0.5396261215209961,-0.39469411969184875,2.767024040222168,-0.8099110126495361,0.91616290807724,-1.0,0.5396261215209961,-0.39469411969184875,1.0,-0.8099110126495361,0.91616290807724,-0.31324100494384766,-9.178594589233398,4.3464226722717285,20.31324005126953,-36.2415657043457,23.123064041137695,6.01200008392334,-6.839999675750732,-2.2320001125335693,20.483999252319336,-31.031999588012695,6.803999900817871,88.20000457763672,-1.9800000190734863,166.67999267578125,7.019999980926514,-193.77000427246094,121.40999603271484
528223239398820,7.225442545,95716,362,-2.0949931144714355,2.7524123191833496,2.3271713256835938,2.927762508392334,-1.069322943687439,3.6950926780700684,-1.0,1.0,1.0,1.0,-1.0,1.0,-0.31324100494384766,0.05352306738495827,24.323944091796875,20.31324005126953,-40.05351638793945,24.323944091796875,3.563999891281128,-2.880000114440918,-2.2320001125335693,20.8439998626709,-37.11600112915039,13.7160005569458,-95.58000183105469,283.77001953125,166.67999267578125,0.0,-380.8799743652344,431.3700256347656
528223261347503,7.247391228,95736,363,-3.355548143386841,2.2599449157714844,2.0586910247802734,3.227468729019165,-0.6152268052101135,2.2588932514190674,-1.0,1.0,1.0,1.0,-0.6152268052101135,1.0,-0.31324100494384766,0.05352306738495827,24.323944091796875,20.31324005126953,-32.337459564208984,24.323944091796875,2.2679998874664307,-1.2239999771118164,-2.2320001125335693,19.40399932861328,-38.880001068115234,22.788000106811523,-49.86000061035156,6.210000038146973,166.67999267578125,-45.36000061035156,0.09000000357627869,423.72003173828125
528223282396920,7.268440645,95756,364,-1.7508755922317505,0.9862561225891113,-0.553705096244812,3.0195350646972656,-0.21888457238674164,-0.7016178965568542,-1.0,0.9862561225891113,-0.553705096244812,1.0,-0.21888457238674164,-0.7016178965568542,-0.31324100494384766,-0.22209042310714722,2.068758249282837,20.31324005126953,-24.389406204223633,-0.04993636533617973,1.2599999904632568,-6.01200008392334,10.116000175476074,19.152000427246094,-38.987998962402344,25.740001678466797,-83.33999633789062,-370.16998291015625,-472.5,3.1500000953674316,11.430000305175781,58.04999923706055
528223303244343,7.289288068,95776,365,-3.6348888874053955,0.6490899920463562,-0.5474256873130798,2.4167211055755615,-0.5259613990783691,-0.4900262653827667,-1.0,0.6490899920463562,-0.5474256873130798,1.0,-0.5259613990783691,-0.4900262653827667,-0.31324100494384766,-6.983458042144775,2.1587042808532715,20.31324005126953,-30.54737663269043,2.9808902740478516,0.07199999690055847,-5.687999725341797,10.223999977111816,19.440000534057617,-41.11199951171875,26.711997985839844,-39.959999084472656,225.8100128173828,269.010009765625,12.24000072479248,-86.66999816894531,4.409999847412109
528223313931552,7.299975277,95796,366,-3.6348888874053955,0.6490899920463562,-0.5474256873130798,2.4167211055755615,-0.5259613990783691,-0.4900262653827667,-1.0,0.6490899920463562,-0.5474256873130798,1.0,-0.5259613990783691,-0.4900262653827667,-0.31324100494384766,-6.983458042144775,2.1587042808532715,20.31324005126953,-30.54737663269043,2.9808902740478516,-0.36000001430511475,-2.303999900817871,17.892000198364258,19.619998931884766,-37.2239990234375,26.387998580932617,-8.819999694824219,85.68000030517578,388.3500061035156,7.289999961853027,338.30999755859375,-18.0
528223335113445,7.321157170,95816,367,-3.3512706756591797,0.9340171217918396,-1.0175793170928955,4.163745403289795,-0.33329159021377563,1.542283058166504,-1.0,0.9340171217918396,-1.0,1.0,-0.33329159021377563,1.0,-0.31324100494384766,-1.2696654796600342,-4.323945045471191,20.31324005126953,-26.683670043945312,24.323944091796875,-0.25200000405311584,-2.303999900817871,17.100000381469727,19.691999435424805,-29.196001052856445,19.72800064086914,18.26999855041504,-11.15999984741211,-285.0299987792969,0.0,447.2099914550781,-512.0999755859375
528223356195404,7.342239129,95836,368,-0.7808527946472168,0.5840035080909729,-1.0610994100570679,4.849845886230469,-1.6429805755615234,0.9662427306175232,-0.7808527946472168,0.5840035080909729,-1.0,1.0,-1.0,0.9662427306175232,1.9468770027160645,-8.288671493530273,-4.323945045471191,20.31324005126953,-40.05351638793945,23.840404510498047,-0.3240000009536743,-6.624000072479248,8.136000633239746,19.583999633789062,-27.756000518798828,8.423999786376953,-2.880000114440918,-274.0500183105469,-483.2099914550781,-16.829999923706055,-88.29000091552734,-549.3599853515625
528223377284067,7.363327792,95856,369,-4.924564838409424,1.1988779306411743,1.005393147468567,3.4797542095184326,-0.06232726573944092,1.635115623474121,-1.0,1.0,1.0,1.0,-0.06232726573944092,1.0,-0.31324100494384766,0.05352306738495827,24.323944091796875,20.31324005126953,-21.249879837036133,24.323944091796875,-0.3240000009536743,-9.180000305175781,4.139999866485596,19.29599952697754,-28.836000442504883,-0.1080000028014183,1.440000057220459,-45.09000015258789,107.7300033569336,-19.079999923706055,-40.95000076293945,-252.80999755859375
528223398367413,7.384411138,95876,370,-4.455393314361572,0.6730002760887146,-1.9487121105194092,2.878028631210327,0.1493244469165802,-0.8745350241661072,-1.0,0.6730002760887146,-1.0,1.0,0.1493244469165802,-0.8745350241661072,-0.31324100494384766,-6.503973007202148,-4.323945045471191,20.31324005126953,-17.005517959594727,-2.526791572570801,-0.25200000405311584,-5.97599983215332,1.0080000162124634,18.86400032043457,-26.604000091552734,3.1679999828338623,3.690000057220459,198.72000122070312,-243.17999267578125,-6.569999694824219,101.06999969482422,416.6100158691406
528223419225899,7.405269624,95896,371,-3.7724533081054688,1.4951410293579102,1.8258939981460571,3.1115710735321045,-1.1246085166931152,1.4121047258377075,-1.0,1.0,1.0,1.0,-1.0,1.0,-0.31324100494384766,0.05352306738495827,24.323944091796875,20.31324005126953,-40.05351638793945,24.323944091796875,1.619999885559082,-8.315999984741211,0.14399999380111694,18.720001220703125,-30.816001892089844,13.104000091552734,65.15999603271484,-238.58999633789062,9.989999771118164,5.670000076293945,-386.72998046875,503.1000061035156
528223440328400,7.426372125,95916,372,-4.468196868896484,1.6513360738754272,0.5934211611747742,3.0292060375213623,-1.2107646465301514,0.5760499835014343,-1.0,1.0,0.5934211611747742,1.0,-1.0,0.5760499835014343,-0.31324100494384766,0.05352306738495827,18.50012969970703,20.31324005126953,-40.05351638793945,18.251306533813477,0.7559999823570251,-6.228000164031982,6.659999847412109,19.04400062561035,-30.347999572753906,22.0679988861084,-9.180000305175781,273.4200134277344,501.0299987792969,13.139999389648438,255.59999084472656,316.9800109863281
528223461246214,7.447289939,95936,373,-2.0259060859680176,2.021559476852417,-0.022724511101841927,3.2529377937316895,-0.7575830817222595,1.5375422239303589,-1.0,1.0,-0.022724511101841927,1.0,-0.7575830817222595,1.0,-0.31324100494384766,0.05352306738495827,9.674494743347168,20.31324005126953,-35.19220733642578,24.323944091796875,0.6840000152587891,-7.056000232696533,7.4160003662109375,19.260000228881836,-22.211999893188477,19.40399932861328,-7.110000133514404,-162.5399932861328,-236.79000854492188,0.6299999952316284,472.04998779296875,-409.67999267578125
528223482057616,7.468101341,95956,374,-0.565371036529541,1.648817539215088,1.2233643531799316,3.160430669784546,-0.4133937954902649,1.7427469491958618,-0.565371036529541,1.0,1.0,1.0,-0.4133937954902649,1.0,4.169191837310791,0.05352306738495827,24.323944091796875,20.31324005126953,-28.28999900817871,24.323944091796875,-0.07199999690055847,-4.464000225067139,10.295999526977539,19.260000228881836,-22.968000411987305,18.720001220703125,-51.93000030517578,227.33999633789062,375.21002197265625,3.9600000381469727,-323.72998046875,205.2899932861328
528223502828200,7.488871925,95976,375,-3.6813387870788574,0.19607441127300262,-1.1645056009292603,4.410916328430176,0.6541048884391785,-1.118118405342102,-1.0,0.19607441127300262,-1.0,1.0,0.6541048884391785,-1.0,-0.31324100494384766,-16.068016052246094,-4.323945045471191,20.31324005126953,-6.88289213180542,-4.323945045471191,-0.36000001430511475,-2.2679998874664307,18.288000106811523,19.11600112915039,-32.400001525878906,17.963998794555664,-0.8999999761581421,39.869998931884766,429.92999267578125,-22.589998245239258,-495.2699890136719,-123.12000274658203
528223523742320,7.509786045,95996,376,-2.531574249267578,-0.4121949076652527,-3.1922857761383057,4.420077323913574,0.405001163482666,-1.6383085250854492,-1.0,-0.4121949076652527,-1.0,1.0,0.405001163482666,-1.0,-0.31324100494384766,-28.26595687866211,-4.323945045471191,20.31324005126953,-11.87829875946045,-4.323945045471191,-0.3240000009536743,-2.303999900817871,19.619998931884766,18.395999908447266,-37.90800094604492,20.700000762939453,0.809999942779541,-6.479999542236328,-61.11000061035156,-34.92000198364258,-126.54000091552734,218.87998962402344
528223534176932,7.520220657,96016,377,-2.531574249267578,-0.4121949076652527,-3.1922857761383057,4.420077323913574,0.405001163482666,-1.6383085250854492,-1.0,-0.4121949076652527,-1.0,1.0,0.405001163482666,-1.0,-0.31324100494384766,-28.26595687866211,-4.323945045471191,20.31324005126953,-11.87829875946045,-4.323945045471191,2.880000114440918,-2.4119999408721924,22.68000030517578,17.856000900268555,-34.41600036621094,23.29199981689453,153.80999755859375,-1.7999999523162842,255.0600128173828,-9.899999618530273,309.33001708984375,79.29000091552734
528223554891517,7.540935242,96036,378,-1.7552903890609741,1.1877267360687256,-0.060973502695560455,3.481879472732544,-0.7240963578224182,-1.01034414768219,-1.0,1.0,-0.060973502695560455,1.0,-0.7240963578224182,-1.0,-0.31324100494384766,0.05352306738495827,9.126617431640625,20.31324005126953,-34.52068328857422,-4.323945045471191,1.1160000562667847,-7.740000247955322,19.512001037597656,17.892000198364258,-24.84000015258789,16.884000778198242,-113.04000091552734,-415.9800109863281,-416.1600036621094,3.239999771118164,620.6400146484375,-535.22998046875
528223577583900,7.563627625,96056,379,-2.982450008392334,0.6625152230262756,0.05183965712785721,2.481060028076172,-0.297147274017334,0.028997838497161865,-1.0,0.6625152230262756,0.05183965712785721,1.0,-0.297147274017334,0.028997838497161865,-0.31324100494384766,-6.714235305786133,10.742547035217285,20.31324005126953,-25.958847045898438,10.415362358093262,0.828000009059906,-18.468000411987305,8.100000381469727,17.604000091552734,-13.751999855041504,5.111999988555908,-3.239999771118164,-575.4600219726562,-595.7999877929688,-4.409999847412109,490.9499816894531,-545.2200317382812
528223598392233,7.584435958,96076,380,-2.160762071609497,1.4121795892715454,2.7989203929901123,1.2364957332611084,-0.07388468086719513,2.315514087677002,-1.0,1.0,1.0,1.0,-0.07388468086719513,1.0,-0.31324100494384766,0.05352306738495827,24.323944091796875,20.31324005126953,-21.481645584106445,24.323944091796875,0.7559999823570251,-29.08799934387207,2.880000114440918,17.74799919128418,-9.86400032043457,0.5400000214576721,-13.049999237060547,-491.30999755859375,-11.520000457763672,14.220000267028809,39.51000213623047,-217.52999877929688
528223619218026,7.605261751,96096,381,-2.5894510746002197,1.042919397354126,1.7667981386184692,1.42081618309021,0.17864379286766052,2.467658519744873,-1.0,1.0,1.0,1.0,0.17864379286766052,1.0,-0.31324100494384766,0.05352306738495827,24.323944091796875,20.31324005126953,-16.417560577392578,24.323944091796875,0.5400000214576721,-28.11600112915039,6.73199987411499,18.32400131225586,-16.09200096130371,-4.3919997215271,-11.25,373.3199768066406,314.19000244140625,24.029998779296875,-512.2799682617188,-158.94000244140625
528223640019845,7.626063570,96116,382,-1.0601527690887451,1.0396782159805298,0.24698612093925476,1.786962866783142,0.3303278088569641,2.232224225997925,-1.0,1.0,0.24698612093925476,1.0,0.3303278088569641,1.0,-0.31324100494384766,0.05352306738495827,13.53781509399414,20.31324005126953,-13.375761985778809,24.323944091796875,0.18000000715255737,-17.5679988861084,13.968000411987305,19.007999420166016,-25.631999969482422,-0.6840000152587891,-32.130001068115234,577.6199951171875,307.6199951171875,29.610000610351562,-330.0299987792969,364.7699890136719
528223661490488,7.647534213,96136,383,-1.5731221437454224,0.6453893780708313,0.13088348507881165,3.056837320327759,-0.06297288835048676,-0.34092065691947937,-1.0,0.6453893780708313,0.13088348507881165,1.0,-0.06297288835048676,-0.34092065691947937,-0.31324100494384766,-7.057668209075928,11.87476634979248,20.31324005126953,-21.262826919555664,5.116670608520508,-0.18000000715255737,-5.97599983215332,21.492000579833984,19.440000534057617,-25.595998764038086,10.116000175476074,-17.100000381469727,580.4099731445312,442.6200256347656,12.600000381469727,87.4800033569336,624.5999755859375
528223682652854,7.668696579,96156,384,-1.9099195003509521,0.6156506538391113,0.19000805914402008,2.8034346103668213,0.611208975315094,-0.6573658585548401,-1.0,0.6156506538391113,0.19000805914402008,1.0,0.611208975315094,-0.6573658585548401,-0.31324100494384766,-7.6540350914001465,12.721663475036621,20.31324005126953,-7.743105888366699,0.58392733335495,-0.25200000405311584,0.18000000715255737,29.08799934387207,19.619998931884766,-20.95199966430664,21.600000381469727,-5.490000247955322,149.84999084472656,238.67999267578125,4.5,228.77999877929688,536.2200317382812
528223703749478,7.689793203,96176,385,-0.1823578029870987,0.8073293566703796,1.7499539852142334,2.404005289077759,1.0569372177124023,0.48399537801742554,-0.1823578029870987,0.8073293566703796,1.0,1.0,1.0,0.48399537801742554,8.11929988861084,-3.810202121734619,24.323944091796875,20.31324005126953,0.05352306738495827,16.932720184326172,-0.36000001430511475,1.1160000562667847,26.13599967956543,19.691999435424805,-16.09200096130371,28.871999740600586,-4.409999847412109,-1.9800000190734863,-351.80999755859375,1.619999885559082,179.63999938964844,174.69000244140625
528223714408949,7.700452674,96196,386,-0.1823578029870987,0.8073293566703796,1.7499539852142334,2.404005289077759,1.0569372177124023,0.48399537801742554,-0.1823578029870987,0.8073293566703796,1.0,1.0,1.0,0.48399537801742554,8.11929988861084,-3.810202121734619,24.323944091796875,20.31324005126953,0.05352306738495827,16.932720184326172,-0.3959999978542328,-3.419999837875366,18.07200050354004,19.72800064086914,-18.540000915527344,24.65999984741211,2.25,-317.1600036621094,-301.67999267578125,-0.7200000286102295,-277.739990234375,-423.3599853515625
528223735294045,7.721337770,96216,387,0.7056312561035156,0.15892288088798523,1.542748212814331,0.7478377223014832,0.9929288625717163,0.842886209487915,0.7056312561035156,0.15892288088798523,1.0,0.7478377223014832,0.9929288625717163,0.842886209487915,17.27734375,-16.81303596496582,24.323944091796875,17.712629318237305,-0.08827847987413406,22.073453903198242,-0.25200000405311584,-7.271999835968018,14.904000282287598,19.871999740600586,-16.631999969482422,13.032000541687012,30.869998931884766,-113.22000122070312,-124.10999298095703,8.369999885559082,309.41998291015625,-635.8499755859375
528223756020953,7.742064678,96236,388,-0.26409149169921875,0.42953193187713623,-0.053804561495780945,-0.018979065120220184,0.25133514404296875,0.5288927555084229,-0.26409149169921875,0.42953193187713623,-0.053804561495780945,-0.018979065120220184,0.25133514404296875,0.5288927555084229,7.276360511779785,-11.386370658874512,9.229305267333984,9.804264068603516,-14.959843635559082,17.575828552246094,4.5,-5.6519999504089355,17.92799949645996,19.908000946044922,-7.595999717712402,9.432000160217285,353.1600036621094,74.33999633789062,320.66998291015625,-13.769999504089355,508.3199768066406,119.8800048828125
528223777482976,7.763526701,96256,389,1.0932282209396362,0.05611163005232811,-1.481308937072754,-0.19319316744804382,0.6976202130317688,-1.521550178527832,1.0,0.05611163005232811,-1.0,-0.19319316744804382,0.6976202130317688,-1.0,20.31324005126953,-18.8747615814209,-4.323945045471191,8.007551193237305,-6.010256290435791,-4.323945045471191,7.667999744415283,-5.2920002937316895,23.940000534057617,19.871999740600586,0.6840000152587891,12.923999786376953,62.459999084472656,-8.369999885559082,185.22000122070312,4.320000171661377,254.61000061035156,130.6800079345703
528223798217360,7.784261085,96276,390,-0.8504519462585449,0.1198519766330719,-1.2796437740325928,-0.8784749507904053,0.9592351913452148,-0.8545988202095032,-0.8504519462585449,0.1198519766330719,-1.0,-0.8784749507904053,0.9592351913452148,-0.8545988202095032,1.2290838956832886,-17.59654426574707,-4.323945045471191,0.9400755763053894,-0.7639549374580383,-2.2412266731262207,13.139999389648438,-10.47599983215332,25.416000366210938,18.143999099731445,2.700000047683716,17.74799919128418,371.25,-385.4700012207031,21.239999771118164,-57.14999771118164,18.09000015258789,233.27999877929688
528223818867411,7.804911136,96296,391,2.5314104557037354,-0.9803363084793091,0.622086226940155,-2.439887523651123,1.8170392513275146,-1.0192489624023438,1.0,-0.9803363084793091,0.622086226940155,-1.0,1.0,-1.0,20.31324005126953,-39.65919494628906,18.91072654724121,-0.31324100494384766,0.05352306738495827,-4.323945045471191,11.95199966430664,-14.292000770568848,20.124000549316406,13.7160005569458,-2.555999994277954,17.496000289916992,-260.82000732421875,-76.2300033569336,-412.8299865722656,-330.1199951171875,-424.79998779296875,-59.30999755859375
528223839601001,7.825644726,96316,392,-0.54068922996521,0.25017911195755005,-1.1917518377304077,-2.81413197517395,0.44977569580078125,-1.2114757299423218,-0.54068922996521,0.25017911195755005,-1.0,-1.0,0.44977569580078125,-1.0,4.423741340637207,-14.983026504516602,-4.323945045471191,-0.31324100494384766,-10.980412483215332,-4.323945045471191,12.959999084472656,-18.86400032043457,8.819999694824219,8.640000343322754,-6.192000389099121,10.800000190734863,135.17999267578125,-307.97998046875,-621.0900268554688,-148.13999938964844,-74.8800048828125,-500.5799865722656
528223861482044,7.847525769,96336,393,1.500089406967163,-1.3127076625823975,0.5472348928451538,-3.116755962371826,1.9680935144424438,-1.387510061264038,1.0,-1.0,0.5472348928451538,-1.0,1.0,-1.0,20.31324005126953,-40.05351638793945,17.83856201171875,-0.31324100494384766,0.05352306738495827,-4.323945045471191,10.043999671936035,-20.591999053955078,-2.5920000076293945,3.06000018119812,-3.0960001945495605,0.5759999752044678,-295.6499938964844,-7.110000133514404,-548.4599609375,-330.8399963378906,193.50001525878906,-500.0400085449219
528223882383000,7.868426725,96356,394,-2.5702319145202637,0.875688374042511,1.0230681896209717,-0.5603089332580566,-0.1425045281648636,1.7154396772384644,-1.0,0.875688374042511,1.0,-0.5603089332580566,-0.1425045281648636,1.0,-0.31324100494384766,-2.4393627643585205,24.323944091796875,4.221398830413818,-22.857715606689453,24.323944091796875,12.347999572753906,-26.387998580932617,-1.7999999523162842,-1.5119999647140503,-0.035999998450279236,-7.740000247955322,320.0400085449219,-464.1300048828125,341.82000732421875,-164.33999633789062,101.79000091552734,-247.77000427246094
528223903327507,7.889371232,96376,395,1.9756648540496826,0.007387813180685043,1.7174012660980225,-0.4861176311969757,1.6847240924835205,2.0316927433013916,1.0,0.007387813180685043,1.0,-0.4861176311969757,1.0,1.0,20.31324005126953,-19.85184669494629,24.323944091796875,4.986551284790039,0.05352306738495827,24.323944091796875,10.4399995803833,-26.532001495361328,-1.4759999513626099,-2.628000020980835,-3.2760000228881836,-9.288000106811523,-264.7799987792969,260.010009765625,-197.8199920654297,-23.040000915527344,-303.3900146484375,5.579999923706055
528223914050603,7.900094328,96396,396,1.9756648540496826,0.007387813180685043,1.7174012660980225,-0.4861176311969757,1.6847240924835205,2.0316927433013916,1.0,0.007387813180685043,1.0,-0.4861176311969757,1.0,1.0,20.31324005126953,-19.85184669494629,24.323944091796875,4.986551284790039,0.05352306738495827,24.323944091796875,12.204000473022461,-28.331998825073242,1.5839999914169312,-2.700000047683716,-2.2679998874664307,-8.496000289916992,217.97999572753906,-319.32000732421875,348.0299987792969,0.0,241.74000549316406,52.380001068115234
528223934882881,7.920926606,96416,397,-1.6417264938354492,0.9593237042427063,2.58976411819458,0.9408116936683655,1.1992628574371338,2.2023866176605225,-1.0,0.9593237042427063,1.0,0.9408116936683655,1.0,1.0,-0.31324100494384766,-0.7621790766716003,24.323944091796875,19.702816009521484,0.05352306738495827,24.323944091796875,10.043999671936035,-26.352001190185547,11.15999984741211,0.3240000009536743,-4.644000053405762,-1.3320000171661377,-159.1199951171875,351.989990234375,496.8899841308594,23.1299991607666,-311.5799865722656,501.6600036621094
528223955884514,7.941928239,96436,398,-3.0296261310577393,-0.3563069999217987,0.2952357828617096,2.1427958011627197,1.2726670503616333,-1.7231310606002808,-1.0,-0.3563069999217987,0.2952357828617096,1.0,1.0,-1.0,-0.31324100494384766,-27.14520835876465,14.2289400100708,20.31324005126953,0.05352306738495827,-4.323945045471191,13.139999389648438,-22.104000091552734,21.492000579833984,0.7559999823570251,-4.751999855041504,10.47599983215332,232.82998657226562,123.39000701904297,543.1499633789062,35.63999938964844,229.41000366210938,697.5
528223978988712,7.965032437,96456,399,1.9350311756134033,-0.16500523686408997,0.2353263646364212,-0.08843093365430832,1.6546680927276611,-0.15078522264957428,1.0,-0.16500523686408997,0.2353263646364212,-0.08843093365430832,1.0,-0.15078522264957428,20.31324005126953,-23.308935165405273,13.370800971984863,9.087989807128906,0.05352306738495827,7.840160369873047,15.119999885559082,-20.8439998626709,27.25200080871582,2.9519999027252197,-1.3680000305175781,22.42799949645996,-34.64999771118164,21.510000228881836,141.9300079345703,111.87000274658203,102.41999816894531,562.3200073242188
528224000106008,7.986149733,96476,400,-0.7760938405990601,0.8926563262939453,2.6422300338745117,0.22270485758781433,1.531553864479065,0.3616551458835602,-0.7760938405990601,0.8926563262939453,1.0,0.22270485758781433,1.0,0.3616551458835602,1.9959570169448853,-2.0990962982177734,24.323944091796875,12.296808242797852,0.05352306738495827,15.180326461791992,9.61199951171875,-15.119999885559082,27.86400032043457,7.667999744415283,-0.4320000112056732,29.555997848510742,-309.5099792480469,453.510009765625,-13.410000801086426,260.9100036621094,17.46000099182129,183.42001342773438
528224020990414,8.007034139,96496,401,-0.42443591356277466,1.0789135694503784,2.0928566455841064,0.0038704276084899902,1.1045564413070679,0.022803345695137978,-0.42443591356277466,1.0,1.0,0.0038704276084899902,1.0,0.022803345695137978,5.622689723968506,0.05352306738495827,24.323944091796875,10.039916038513184,0.05352306738495827,10.32663345336914,5.507999897003174,-15.408000946044922,22.68000030517578,12.56399917602539,-0.3240000009536743,24.695999145507812,-195.38999938964844,-280.0799865722656,-394.6500244140625,239.49000549316406,0.36000001430511475,-487.260009765625
528224041913346,8.027957071,96516,402,1.476602554321289,1.047747015953064,-0.9020715355873108,-2.344733715057373,-0.05337376892566681,-0.8799980878829956,1.0,1.0,-0.9020715355873108,-1.0,-0.05337376892566681,-0.8799980878829956,20.31324005126953,0.05352306738495827,-2.9212231636047363,-0.31324100494384766,-21.070329666137695,-2.605044364929199,6.588000297546387,-21.81599998474121,15.58799934387207,12.384000778198242,-0.2879999876022339,13.968000411987305,-56.70000076293945,-218.4300079345703,-226.0800018310547,69.84000396728516,7.46999979019165,-557.010009765625
528224063015167,8.049058892,96536,403,0.5349835157394409,1.0498731136322021,0.7045727968215942,-0.04795130342245102,0.576899528503418,2.3082308769226074,0.5349835157394409,1.0,0.7045727968215942,-0.04795130342245102,0.576899528503418,1.0,15.517412185668945,0.05352306738495827,20.092260360717773,9.50546646118164,-8.431131362915039,24.323944091796875,2.6640000343322754,-18.25200080871582,17.963998794555664,13.319999694824219,-0.18000000715255737,11.95199966430664,-255.50999450683594,404.4599914550781,314.7300109863281,-3.870000123977661,-0.36000001430511475,118.5300064086914
528224073656166,8.059699891,96556,404,0.5349835157394409,1.0498731136322021,0.7045727968215942,-0.04795130342245102,0.576899528503418,2.3082308769226074,0.5349835157394409,1.0,0.7045727968215942,-0.04795130342245102,0.576899528503418,1.0,15.517412185668945,0.05352306738495827,20.092260360717773,9.50546646118164,-8.431131362915039,24.323944091796875,3.2760000228881836,-8.208000183105469,23.579999923706055,10.872000694274902,-0.18000000715255737,10.260000228881836,47.880001068115234,517.0499877929688,173.97000122070312,-98.82000732421875,0.5400000214576721,-103.41000366210938
528224094436670,8.080480395,96576,405,-2.4403693675994873,0.1599031686782837,-1.8272061347961426,1.0088598728179932,0.968837320804596,0.774195671081543,-1.0,0.1599031686782837,-1.0,1.0,0.968837320804596,0.774195671081543,-0.31324100494384766,-16.793376922607422,-4.323945045471191,20.31324005126953,-0.5713981986045837,21.089534759521484,6.300000190734863,0.828000009059906,18.32400131225586,7.344000339508057,-5.97599983215332,4.104000091552734,242.27999877929688,312.75,-499.5899963378906,-134.9099884033203,-459.1800231933594,-415.8899841308594
528224115296824,8.101340549,96596,406,0.11870920658111572,0.3746642768383026,-1.7894490957260132,-3.20731258392334,0.6706520915031433,-2.3010177612304688,0.11870920658111572,0.3746642768383026,-1.0,-1.0,0.6706520915031433,-1.0,11.224275588989258,-12.48666000366211,-4.323945045471191,-0.31324100494384766,-6.551062107086182,-4.323945045471191,9.899999618530273,2.5199999809265137,15.696000099182129,8.892000198364258,-10.763999938964844,4.427999973297119,145.35000610351562,-13.859999656677246,-4.769999980926514,104.57999420166016,-89.3699951171875,325.79998779296875
528224136095307,8.122139032,96616,407,-0.9352016448974609,0.7280104160308838,0.6270161867141724,-1.4793087244033813,0.28272366523742676,-1.917701244354248,-0.9352016448974609,0.7280104160308838,0.6270161867141724,-1.0,0.28272366523742676,-1.0,0.355040043592453,-5.400826454162598,18.98134422302246,-0.31324100494384766,-14.33039379119873,-4.323945045471191,12.636000633239746,1.2599999904632568,15.515999794006348,9.576000213623047,-10.584000587463379,14.36400032043457,114.47999572753906,-71.63999938964844,-28.170000076293945,-55.16999816894531,50.57999801635742,535.1400146484375
528224156970649,8.143014374,96636,408,-1.3920842409133911,0.6701787710189819,1.0589181184768677,-0.4258759319782257,1.1832259893417358,-0.10472902655601501,-1.0,0.6701787710189819,1.0,-0.4258759319782257,1.0,-0.10472902655601501,-0.31324100494384766,-6.560554504394531,24.323944091796875,5.6078386306762695,0.05352306738495827,8.499866485595703,9.61199951171875,-5.111999988555908,9.324000358581543,11.484000205993652,-5.507999897003174,22.104000091552734,-208.8900146484375,-472.95001220703125,-482.3100280761719,154.44000244140625,354.1499938964844,237.14999389648438
528224177687423,8.163731148,96656,409,0.14103466272354126,0.5034793019294739,2.712545871734619,-0.16561201214790344,0.8536874651908875,1.7757948637008667,0.14103466272354126,0.5034793019294739,1.0,-0.16561201214790344,0.8536874651908875,1.0,11.454524040222168,-9.903465270996094,24.323944091796875,8.29200267791748,-2.880558729171753,24.323944091796875,9.82800006866455,-13.428000450134277,-0.8640000224113464,9.288000106811523,-4.932000160217285,18.61199951171875,-140.22000122070312,-264.41998291015625,-458.3699951171875,-56.25,-88.11000061035156,-425.4300231933594
528224198528466,8.184572191,96676,410,1.1310688257217407,-0.10473772883415222,2.367605686187744,-0.3463985323905945,1.7946627140045166,3.450035572052002,1.0,-0.10473772883415222,1.0,-0.3463985323905945,1.0,1.0,20.31324005126953,-22.100358963012695,24.323944091796875,6.427508354187012,0.05352306738495827,24.323944091796875,3.815999984741211,-11.555999755859375,0.972000002861023,4.248000144958496,-10.152000427246094,7.0920000076293945,-349.83001708984375,245.07000732421875,359.9100036621094,-354.05999755859375,-365.489990234375,-625.1400146484375
528224219184310,8.205228035,96696,411,-1.7819454669952393,1.447426199913025,-0.44715505838394165,1.7667659521102905,-0.4418143033981323,2.356546401977539,-1.0,1.0,-0.44715505838394165,1.0,-0.4418143033981323,1.0,-0.31324100494384766,0.05352306738495827,3.594974994659424,20.31324005126953,-28.85993194580078,24.323944091796875,-0.5759999752044678,-9.539999961853027,11.44800090789795,1.871999979019165,-8.675999641418457,3.131999969482422,-70.19999694824219,62.90999984741211,584.8200073242188,-128.33999633789062,289.3500061035156,-25.28999900817871
528224239947213,8.225990938,96716,412,-3.1821160316467285,-0.36621126532554626,-2.5935633182525635,3.959212303161621,0.9978745579719543,-1.6350094079971313,-1.0,-0.36621126532554626,-1.0,1.0,0.9978745579719543,-1.0,-0.31324100494384766,-27.34382438659668,-4.323945045471191,20.31324005126953,0.010900981724262238,-4.323945045471191,3.7080001831054688,-11.15999984741211,21.059999465942383,3.635999917984009,-2.7360000610351562,9.144000053405762,275.4900207519531,-67.86000061035156,264.7799987792969,104.66999816894531,186.75,455.8500061035156
528224261537381,8.247581106,96736,413,-0.9409689903259277,0.3119959831237793,-1.30616295337677,-1.246624231338501,0.48483139276504517,-1.4869672060012817,-0.9409689903259277,0.3119959831237793,-1.0,-1.0,0.48483139276504517,-1.0,0.29556021094322205,-13.743379592895508,-4.323945045471191,-0.31324100494384766,-10.277421951293945,-4.323945045471191,10.692000389099121,-16.739999771118164,23.976001739501953,4.9679999351501465,0.972000002861023,19.47599983215332,345.05999755859375,-403.739990234375,92.5199966430664,118.88999938964844,122.48999786376953,500.6700134277344
528224282470317,8.268514042,96756,414,-0.0949384868144989,0.32679328322410583,1.5994096994400024,-1.6839267015457153,0.8840888142585754,-0.6361968517303467,-0.0949384868144989,0.32679328322410583,1.0,-1.0,0.8840888142585754,-0.6361968517303467,9.020874977111816,-13.44664192199707,24.323944091796875,-0.31324100494384766,-2.270904541015625,0.8871510028839111,10.872000694274902,-16.45199966430664,18.79199981689453,10.043999671936035,-4.751999855041504,24.444000244140625,-90.80999755859375,279.6300048828125,-461.5199890136719,90.54000091552734,-518.1300048828125,157.5900115966797
528224303235215,8.289278940,96776,415,0.18616163730621338,0.8520249128341675,1.4648939371109009,-1.7614179849624634,0.03158411383628845,-0.7985055446624756,0.18616163730621338,0.8520249128341675,1.0,-1.0,0.03158411383628845,-0.7985055446624756,11.919928550720215,-2.913898468017578,24.323944091796875,-0.31324100494384766,-19.366626739501953,-1.4377496242523193,10.872000694274902,-20.987998962402344,18.79199981689453,10.043999671936035,-0.0,24.444000244140625,-90.80999755859375,-3.239999771118164,-461.5199890136719,90.54000091552734,-0.0,157.5900115966797
528224313834120,8.299877845,96796,416,0.18616163730621338,0.8520249128341675,1.4648939371109009,-1.7614179849624634,0.03158411383628845,-0.7985055446624756,0.18616163730621338,0.8520249128341675,1.0,-1.0,0.03158411383628845,-0.7985055446624756,11.919928550720215,-2.913898468017578,24.323944091796875,-0.31324100494384766,-19.366626739501953,-1.4377496242523193,10.872000694274902,-20.987998962402344,-2.6640000343322754,4.211999893188477,2.124000072479248,24.444000244140625,-90.80999755859375,0.0,0.0,0.0,-0.0,157.5900115966797
528224334472418,8.320516143,96816,417,-1.1628644466400146,1.0723035335540771,1.2617777585983276,0.623310923576355,-0.6723671555519104,0.6184727549552917,-1.0,1.0,1.0,0.623310923576355,-0.6723671555519104,0.6184727549552917,-0.31324100494384766,0.05352306738495827,24.323944091796875,16.428354263305664,-33.48332595825195,18.858966827392578,10.872000694274902,-16.163999557495117,0.5040000081062317,3.2760000228881836,1.403999924659729,4.355999946594238,-90.80999755859375,-1.1700000762939453,215.10000610351562,-119.9699935913086,-231.92999267578125,-204.75001525878906
528224355428794,8.341472519,96836,418,-1.793674349784851,1.0689339637756348,-2.146942138671875,0.16268688440322876,0.25698038935661316,-0.16356787085533142,-1.0,1.0,-1.0,0.16268688440322876,0.25698038935661316,-0.16356787085533142,-0.31324100494384766,0.05352306738495827,-4.323945045471191,11.677827835083008,-14.846635818481445,7.657061576843262,7.883999824523926,-11.12399959564209,9.61199951171875,3.2760000228881836,1.403999924659729,10.835999488830566,270.45001220703125,388.1700134277344,568.7099609375,-119.9699935913086,-231.92999267578125,-190.88999938964844
528224378596673,8.364640398,96856,419,0.22367843985557556,0.7480162382125854,-1.4985053539276123,-0.0455436185002327,1.0776256322860718,0.5682743787765503,0.22367843985557556,0.7480162382125854,-1.0,-0.0455436185002327,1.0,0.5682743787765503,12.306848526000977,-4.999638557434082,-4.323945045471191,9.53029727935791,0.05352306738495827,18.139928817749023,10.007999420166016,-4.860000133514404,20.77199935913086,10.763999938964844,1.403999924659729,4.104000091552734,63.089996337890625,175.58999633789062,516.510009765625,-298.6199951171875,-231.92999267578125,-434.07000732421875
528224399464490,8.385508215,96876,420,-0.9643259048461914,1.7532542943954468,1.376916527748108,2.5694425106048584,-0.45772385597229004,2.17579984664917,-0.9643259048461914,1.0,1.0,1.0,-0.45772385597229004,1.0,0.05467480793595314,0.05352306738495827,24.323944091796875,20.31324005126953,-29.178972244262695,24.323944091796875,7.127999782562256,-1.7280000448226929,28.187999725341797,10.727999687194824,1.403999924659729,4.211999893188477,-111.23999786376953,86.49000549316406,213.1199951171875,-5.309999942779541,-231.92999267578125,276.57000732421875
528224420439467,8.406483192,96896,421,-2.131486177444458,0.9779887199401855,1.699015498161316,2.6206700801849365,0.6657906174659729,0.06924113631248474,-1.0,0.9779887199401855,1.0,1.0,0.6657906174659729,0.06924113631248474,-0.31324100494384766,-0.3878813087940216,24.323944091796875,20.31324005126953,-6.648551940917969,10.991806030273438,4.464000225067139,-1.5480000972747803,23.075998306274414,10.763999938964844,-25.09200096130371,5.832000255584717,-148.22999572753906,-5.849999904632568,-490.2300109863281,1.440000057220459,302.94000244140625,54.27000045776367
528224441501189,8.427544914,96916,422,-0.9056422710418701,0.4798838198184967,-1.308115839958191,-1.8849399089813232,0.5263220071792603,-1.3593921661376953,-0.9056422710418701,0.4798838198184967,-1.0,-1.0,0.5263220071792603,-1.0,0.659892737865448,-10.376638412475586,-4.323945045471191,-0.31324100494384766,-9.445388793945312,-4.323945045471191,5.21999979019165,-5.039999961853027,10.4399995803833,10.47599983215332,-15.156000137329102,11.052000045776367,106.91999816894531,-186.02999877929688,-644.8499755859375,149.49000549316406,592.6500244140625,379.79998779296875
528224462652725,8.448696450,96936,423,-2.2369821071624756,0.7178966403007507,0.9688778519630432,-0.49439552426338196,1.0511293411254883,-0.7332198023796082,-1.0,0.7178966403007507,0.9688778519630432,-0.49439552426338196,1.0,-0.7332198023796082,-0.31324100494384766,-5.603642463684082,23.87815284729004,4.901179790496826,0.05352306738495827,-0.5026003122329712,2.807999849319458,-3.635999917984009,8.315999984741211,15.767999649047852,-13.139999389648438,20.411998748779297,-119.61000061035156,113.8499984741211,224.45999145507812,191.61000061035156,-220.4099884033203,469.0799865722656
528224483378933,8.469422658,96956,424,-4.7890167236328125,1.6761282682418823,-0.017196455970406532,2.21791934967041,0.05181136727333069,2.370499610900879,-1.0,1.0,-0.017196455970406532,1.0,0.05181136727333069,1.0,-0.31324100494384766,0.05352306738495827,9.753677368164062,20.31324005126953,-18.96099853515625,24.323944091796875,3.5999999046325684,-2.9519999027252197,14.651999473571777,18.288000106811523,-11.807999610900879,21.275999069213867,5.21999979019165,4.769999980926514,405.2699890136719,67.58999633789062,252.1800079345703,-219.14999389648438
528224493710736,8.479754461,96976,425,-4.7890167236328125,1.6761282682418823,-0.017196455970406532,2.21791934967041,0.05181136727333069,2.370499610900879,-1.0,1.0,-0.017196455970406532,1.0,0.05181136727333069,1.0,-0.31324100494384766,0.05352306738495827,9.753677368164062,20.31324005126953,-18.96099853515625,24.323944091796875,3.74399995803833,-7.452000141143799,13.896000862121582,14.220000267028809,-7.559999942779541,11.77199935913086,-32.040000915527344,-346.22998046875,-315.6300048828125,-286.55999755859375,105.66000366210938,-575.72998046875
528224514341987,8.500385712,96996,426,-0.6821638345718384,1.7885229587554932,-0.666109561920166,2.5315775871276855,-0.9043353199958801,2.515650987625122,-0.6821638345718384,1.0,-0.666109561920166,1.0,-0.9043353199958801,1.0,2.964679718017578,0.05352306738495827,0.458683043718338,20.31324005126953,-38.13510513305664,24.323944091796875,0.5040000081062317,-9.395999908447266,14.579999923706055,7.308000564575195,-2.375999927520752,0.6840000152587891,-141.66000366210938,-18.810001373291016,274.5899963378906,-322.8299865722656,354.1499938964844,-482.8499755859375
528224535031345,8.521075070,97016,427,-1.31916081905365,1.308985710144043,-1.1661535501480103,-1.480863332748413,0.5179998278617859,-2.257560968399048,-1.0,1.0,-1.0,-1.0,0.5179998278617859,-1.0,-0.31324100494384766,0.05352306738495827,-4.323945045471191,-0.31324100494384766,-9.61227798461914,-4.323945045471191,-0.972000002861023,-5.687999725341797,13.572000503540039,8.17199993133545,-3.3480000495910645,0.6840000152587891,-20.8799991607666,210.69000244140625,-240.66000366210938,173.0699920654297,-308.1600036621094,317.8800048828125
528224555867032,8.541910757,97036,428,-2.8099019527435303,0.8471298217773438,-0.5471790432929993,0.6268216967582703,-0.12435288727283478,-2.6461899280548096,-1.0,0.8471298217773438,-0.5471790432929993,0.6268216967582703,-0.12435288727283478,-1.0,-0.31324100494384766,-3.0120620727539062,2.1622371673583984,16.464563369750977,-22.493711471557617,-4.323945045471191,0.14399999380111694,-3.384000062942505,7.164000034332275,14.9399995803833,-12.347999572753906,9.324000358581543,66.23999786376953,58.04999923706055,-264.5099792480469,316.9800109863281,-512.9099731445312,483.92999267578125
528224577696776,8.563740501,97056,429,-3.151721715927124,1.8277537822723389,1.6089119911193848,1.366619348526001,-0.5479514002799988,0.36007043719291687,-1.0,1.0,1.0,1.0,-0.5479514002799988,0.36007043719291687,-0.31324100494384766,0.05352306738495827,24.323944091796875,20.31324005126953,-30.98835563659668,15.157628059387207,3.06000018119812,-2.6640000343322754,0.5040000081062317,19.11600112915039,-24.263999938964844,19.979999542236328,104.76000213623047,14.9399995803833,-383.4000244140625,193.4099884033203,-640.7100219726562,497.7900085449219
528224598777718,8.584821443,97076,430,-1.6088709831237793,2.6712474822998047,2.1227190494537354,1.901462435722351,-1.5587230920791626,3.1593210697174072,-1.0,1.0,1.0,1.0,-1.0,1.0,-0.31324100494384766,0.05352306738495827,24.323944091796875,20.31324005126953,-40.05351638793945,24.323944091796875,1.0800000429153442,-2.303999900817871,-4.535999774932861,16.488000869750977,-25.992000579833984,19.72800064086914,-146.3400115966797,11.070000648498535,-100.08000183105469,-300.510009765625,227.25001525878906,-333.0
528224619969313,8.606013038,97096,431,-2.6788392066955566,1.0750752687454224,-1.481445550918579,3.1644535064697266,-1.3454926013946533,0.8951997756958008,-1.0,1.0,-1.0,1.0,-1.0,0.8951997756958008,-0.31324100494384766,0.05352306738495827,-4.323945045471191,20.31324005126953,-40.05351638793945,22.822790145874023,-0.972000002861023,-4.104000091552734,-0.7559999823570251,15.444000244140625,-25.09200096130371,9.144000053405762,-38.970001220703125,-73.80000305175781,253.52999877929688,-97.55999755859375,-15.84000015258789,-570.1500244140625
528224641056451,8.627100176,97116,432,-3.116699457168579,0.370851993560791,-1.6829348802566528,5.163609504699707,-0.78577721118927,0.4793637692928314,-1.0,0.370851993560791,-1.0,1.0,-0.78577721118927,0.4793637692928314,-0.31324100494384766,-12.5631103515625,-4.323945045471191,20.31324005126953,-35.757598876953125,16.866378784179688,-0.46799999475479126,-2.4839999675750732,8.136000633239746,17.171998977661133,-29.08799934387207,6.263999938964844,99.62999725341797,75.33000183105469,556.9200439453125,17.010000228881836,-315.8999938964844,152.19000244140625
528224662209245,8.648252970,97136,433,-1.677931547164917,0.6233768463134766,-0.6179453730583191,3.9536666870117188,0.0933268815279007,-0.41574305295944214,-1.0,0.6233768463134766,-0.6179453730583191,1.0,0.0933268815279007,-0.41574305295944214,-0.31324100494384766,-7.4990973472595215,1.1485841274261475,20.31324005126953,-18.12846565246582,4.044919013977051,0.7559999823570251,-1.9800000190734863,18.035999298095703,17.604000091552734,-37.36800003051758,13.788000106811523,72.54000091552734,-1.53000009059906,457.91998291015625,19.619998931884766,-440.54998779296875,488.15997314453125
528224683415533,8.669459258,97156,434,-1.6640710830688477,0.5082511901855469,-0.3362109661102295,3.709543466567993,-0.19236446917057037,-0.3666743338108063,-1.0,0.5082511901855469,-0.3362109661102295,1.0,-0.19236446917057037,-0.3666743338108063,-0.31324100494384766,-9.807771682739258,5.184132099151611,20.31324005126953,-23.85758399963379,4.747776508331299,1.3320000171661377,-2.19599986076355,17.351999282836914,17.74799919128418,-42.768001556396484,19.187999725341797,4.5,-14.130000114440918,-322.55999755859375,10.260000228881836,-125.72999572753906,171.72000122070312
528224693958040,8.680001765,97176,435,-1.6640710830688477,0.5082511901855469,-0.3362109661102295,3.709543466567993,-0.19236446917057037,-0.3666743338108063,-1.0,0.5082511901855469,-0.3362109661102295,1.0,-0.19236446917057037,-0.3666743338108063,-0.31324100494384766,-9.807771682739258,5.184132099151611,20.31324005126953,-23.85758399963379,4.747776508331299,1.187999963760376,-7.199999809265137,7.199999809265137,18.0,-40.428001403808594,17.280000686645508,-20.8799991607666,-373.8599853515625,-565.8300170898438,4.409999847412109,160.47000122070312,-168.02999877929688
528224714757832,8.700801557,97196,436,-2.6797149181365967,0.8214163184165955,0.8212647438049316,2.6522939205169678,-0.7246312499046326,-0.2741456925868988,-1.0,0.8214163184165955,0.8212647438049316,1.0,-0.7246312499046326,-0.2741456925868988,-0.31324100494384766,-3.5277087688446045,21.763750076293945,20.31324005126953,-34.53140640258789,6.073151588439941,0.8640000224113464,-10.763999938964844,0.035999998450279236,18.215999603271484,-33.012001037597656,10.656000137329102,-13.589999198913574,-63.18000030517578,-162.0,10.529999732971191,500.30999755859375,-451.1700134277344
528224735640673,8.721684398,97216,437,-1.7193515300750732,0.6457615494728088,0.8315325379371643,2.7516818046569824,-0.01903625577688217,1.0205758810043335,-1.0,0.6457615494728088,0.8315325379371643,1.0,-0.01903625577688217,1.0,-0.31324100494384766,-7.050205230712891,21.910825729370117,20.31324005126953,-20.381742477416992,24.323944091796875,0.6119999885559082,-12.600000381469727,2.8439998626708984,18.43199920654297,-24.48000144958496,3.2760000228881836,-5.130000114440918,-33.38999938964844,171.27000427246094,7.740000247955322,255.69000244140625,-225.71998596191406
528224756591555,8.742635280,97236,438,-1.1617693901062012,0.707672119140625,-0.01563430391252041,2.929781436920166,-0.18716652691364288,1.0836573839187622,-1.0,0.707672119140625,-0.01563430391252041,1.0,-0.18716652691364288,1.0,-0.31324100494384766,-5.808680057525635,9.776054382324219,20.31324005126953,-23.753345489501953,24.323944091796875,0.4320000112056732,-12.491999626159668,4.464000225067139,18.61199951171875,-22.031999588012695,1.440000057220459,-3.1500000953674316,27.000001907348633,36.36000061035156,5.670000076293945,54.630001068115234,-20.8799991607666
528224777649462,8.763693187,97256,439,-2.199206590652466,1.4335236549377441,1.8359848260879517,2.7221109867095947,-0.12901481986045837,2.1795265674591064,-1.0,1.0,1.0,1.0,-0.12901481986045837,1.0,-0.31324100494384766,0.05352306738495827,24.323944091796875,20.31324005126953,-22.587200164794922,24.323944091796875,1.0080000162124634,-7.991999626159668,9.935999870300293,18.576000213623047,-26.5679988861084,2.124000072479248,42.84000015258789,272.70001220703125,384.2099914550781,2.069999933242798,-377.6400146484375,-1.53000009059906
528224798499733,8.784543458,97276,440,-2.3143930435180664,0.8831560611724854,-0.23994629085063934,2.5885939598083496,0.30393970012664795,-0.09574179351329803,-1.0,0.8831560611724854,-0.23994629085063934,1.0,0.30393970012664795,-0.09574179351329803,-0.31324100494384766,-2.289608955383301,6.563021659851074,20.31324005126953,-13.904937744140625,8.628599166870117,1.2599999904632568,-7.740000247955322,19.04400062561035,18.79199981689453,-26.891998291015625,8.315999984741211,-6.210000038146973,-17.81999969482422,461.5199890136719,9.539999961853027,220.22999572753906,460.6199951171875
528224819394783,8.805438508,97296,441,-0.5239274501800537,0.40141788125038147,0.4869673550128937,2.0826194286346436,0.7050800919532776,-0.44150611758232117,-0.5239274501800537,0.40141788125038147,0.4869673550128937,1.0,0.7050800919532776,-0.44150611758232117,4.596609592437744,-11.950156211853027,16.975292205810547,20.31324005126953,-5.860659599304199,3.6758902072906494,1.0080000162124634,-7.271999835968018,19.04400062561035,19.007999420166016,-23.7239990234375,18.468000411987305,-8.819999694824219,0.27000001072883606,-237.8699951171875,9.630000114440918,84.42000579833984,510.5699768066406
528224840447159,8.826490884,97316,442,-0.45865535736083984,-0.45302271842956543,1.4304218292236328,0.15038719773292542,0.7335215210914612,-0.23950882256031036,-0.45865535736083984,-0.45302271842956543,1.0,0.15038719773292542,0.7335215210914612,-0.23950882256031036,5.269776344299316,-29.084699630737305,24.323944091796875,11.550978660583496,-5.290308952331543,6.56928825378418,0.6119999885559082,-3.6720001697540283,20.26799964904785,19.187999725341797,-22.211999893188477,25.12799835205078,-36.9900016784668,218.7899932861328,254.79000854492188,4.320000171661377,37.44000244140625,184.32000732421875
528224861232734,8.847276459,97336,443,0.5652854442596436,0.007418390363454819,0.4103010892868042,0.20403426885604858,0.8935804963111877,-0.4362557530403137,0.5652854442596436,0.007418390363454819,0.4103010892868042,0.20403426885604858,0.8935804963111877,-0.4362557530403137,15.829923629760742,-19.851232528686523,15.877128601074219,12.104253768920898,-2.0805625915527344,3.751096248626709,0.1080000028014183,-3.563999891281128,17.74799919128418,19.187999725341797,-17.856000900268555,21.600000381469727,-8.460000038146973,-15.75,-336.7799987792969,-5.490000247955322,321.2099914550781,-371.8800048828125
528224882118316,8.868162041,97356,444,0.8420443534851074,0.7344573140144348,-0.9087392091751099,-2.3306784629821777,0.4398074150085449,-1.2130244970321655,0.8420443534851074,0.7344573140144348,-0.9087392091751099,-1.0,0.4398074150085449,-1.0,18.684206008911133,-5.271543025970459,-3.016730546951294,-0.31324100494384766,-11.18031120300293,-4.323945045471191,2.375999927520752,-8.423999786376953,15.983999252319336,18.972000122070312,-9.61199951171875,11.555999755859375,87.75,-377.82000732421875,-11.789999961853027,4.050000190734863,435.9599914550781,-538.2899780273438
528224903085710,8.889129435,97376,445,0.8045552968978882,0.09901553392410278,1.6062757968902588,0.14896613359451294,0.826082706451416,1.173100233078003,0.8045552968978882,0.09901553392410278,1.0,0.14896613359451294,0.826082706451416,1.0,18.297571182250977,-18.014387130737305,24.323944091796875,11.536322593688965,-3.4341318607330322,24.323944091796875,3.995999813079834,-18.576000213623047,19.908000946044922,15.552000045776367,-5.111999988555908,4.9679999351501465,56.070003509521484,-561.5999755859375,285.47998046875,-169.55999755859375,106.91999816894531,-210.50999450683594
528224913654974,8.899698699,97396,446,0.8045552968978882,0.09901553392410278,1.6062757968902588,0.14896613359451294,0.826082706451416,1.173100233078003,0.8045552968978882,0.09901553392410278,1.0,0.14896613359451294,0.826082706451416,1.0,18.297571182250977,-18.014387130737305,24.323944091796875,11.536322593688965,-3.4341318607330322,24.323944091796875,6.984000205993652,-24.695999145507812,18.648000717163086,14.435999870300293,-2.2679998874664307,1.1160000562667847,196.74000549316406,-136.97999572753906,-243.8100128173828,46.2599983215332,79.19999694824219,-101.52000427246094
528224934422830,8.920466555,97416,447,1.5596606731414795,-0.30252549052238464,0.5746667385101318,0.5148496031761169,2.2198495864868164,1.8152709007263184,1.0,-0.30252549052238464,0.5746667385101318,0.5148496031761169,1.0,1.0,20.31324005126953,-26.066699981689453,18.23149299621582,15.309765815734863,0.05352306738495827,24.323944091796875,10.872000694274902,-20.304000854492188,9.86400032043457,12.743999481201172,-6.228000164031982,-2.628000020980835,113.30999755859375,400.59002685546875,-553.22998046875,-155.97000122070312,-343.16998291015625,-186.6599884033203
528224955502159,8.941545884,97436,448,0.003382161259651184,-0.8222556710243225,0.8019965291023254,-2.462470054626465,0.6613628268241882,-0.9322718977928162,0.003382161259651184,-0.8222556710243225,0.8019965291023254,-1.0,0.6613628268241882,-0.9322718977928162,10.034879684448242,-36.4891242980957,21.48775291442871,-0.31324100494384766,-6.737344264984131,-3.353811264038086,12.204000473022461,-19.2239990234375,9.144000053405762,14.184000015258789,-6.300000190734863,2.5199999809265137,60.38999938964844,-135.36000061035156,269.4599914550781,78.1199951171875,175.22999572753906,458.7300109863281
528224976305486,8.962349211,97456,449,-0.06696130335330963,0.008357435464859009,0.6000996828079224,-1.1119608879089355,1.054508090019226,-1.6425386667251587,-0.06696130335330963,0.008357435464859009,0.6000996828079224,-1.0,1.0,-1.0,9.30941104888916,-19.8324031829834,18.595792770385742,-0.31324100494384766,0.05352306738495827,-4.323945045471191,13.896000862121582,-20.591999053955078,17.676000595092773,14.292000770568848,-4.427999973297119,14.07599925994873,78.02999877929688,-24.84000015258789,494.6399841308594,-12.420000076293945,28.170000076293945,588.7799682617188
528224997272304,8.983316029,97476,450,1.6549750566482544,1.0561168193817139,-1.6590393781661987,-3.470288038253784,1.4568238258361816,-0.964621901512146,1.0,1.0,-1.0,-1.0,1.0,-0.964621901512146,20.31324005126953,0.05352306738495827,-4.323945045471191,-0.31324100494384766,0.05352306738495827,-3.8171911239624023,14.471999168395996,-25.020000457763672,19.6560001373291,16.59600067138672,-2.3400001525878906,23.796001434326172,-19.170000076293945,-324.3600158691406,-48.150001525878906,86.76000213623047,69.56999969482422,456.6600036621094
528225018011647,9.004055372,97496,451,2.3045499324798584,-0.5227859616279602,0.8904881477355957,-0.34872904419898987,2.1738579273223877,0.5393304824829102,1.0,-0.5227859616279602,0.8904881477355957,-0.34872904419898987,1.0,0.5393304824829102,20.31324005126953,-30.483699798583984,22.75530242919922,6.403472900390625,0.05352306738495827,17.725337982177734,10.331999778747559,-33.336002349853516,21.275999069213867,11.699999809265137,-6.047999858856201,24.371999740600586,-319.7699890136719,-459.989990234375,66.77999877929688,-403.469970703125,-270.3599853515625,-291.1499938964844
528225038735236,9.024778961,97516,452,0.7315338850021362,-0.7271379232406616,2.77579927444458,0.3136570453643799,0.9946452379226685,0.7605894207954407,0.7315338850021362,-0.7271379232406616,1.0,0.3136570453643799,0.9946452379226685,0.7605894207954407,17.544483184814453,-34.5816764831543,24.323944091796875,13.234819412231445,-0.05385945364832878,20.89463996887207,5.184000015258789,-33.37199783325195,18.79199981689453,3.815999984741211,-4.5,13.572000503540039,-113.22000122070312,266.5799865722656,-95.1300048828125,-402.4800109863281,219.69000244140625,-655.5599975585938
528225059586129,9.045629854,97536,453,1.7888845205307007,0.24628223478794098,-1.4581040143966675,-0.8840192556381226,-0.3614264130592346,-0.4586412012577057,1.0,0.24628223478794098,-1.0,-0.8840192556381226,-0.3614264130592346,-0.4586412012577057,20.31324005126953,-15.061172485351562,-4.323945045471191,0.8828966617584229,-27.24786949157715,3.430448293685913,7.164000034332275,-22.788000106811523,11.880000114440918,0.1080000028014183,-1.871999979019165,1.2960000038146973,243.90000915527344,630.5399780273438,-504.0,-87.93000030517578,87.02999877929688,-591.1199951171875
528225080725128,9.066768853,97556,454,0.18225857615470886,0.2776874899864197,0.07592383027076721,-1.0067222118377686,-0.05277805030345917,-1.1415916681289673,0.18225857615470886,0.2776874899864197,0.07592383027076721,-1.0,-0.05277805030345917,-1.0,11.87967586517334,-14.43138599395752,11.08752727508545,-0.31324100494384766,-21.05838394165039,-4.323945045471191,12.636000633239746,-20.01599884033203,10.584000587463379,3.9600000381469727,-1.0440000295639038,-0.3240000009536743,178.64999389648438,-187.65000915527344,207.27000427246094,292.5,35.279998779296875,221.57998657226562
528225101457012,9.087500737,97576,455,-1.316921353340149,0.5969329476356506,1.8418105840682983,0.5040751099586487,0.771393358707428,-0.5504173636436462,-1.0,0.5969329476356506,1.0,0.5040751099586487,0.771393358707428,-0.5504173636436462,-0.31324100494384766,-8.029390335083008,24.323944091796875,15.198647499084473,-4.5308451652526855,2.115851640701294,12.959999084472656,-27.756000518798828,18.0,9.071999549865723,-0.972000002861023,8.208000183105469,32.57999801635742,-458.82000732421875,367.1099853515625,229.5,-3.7799999713897705,486.8999938964844
528225122450287,9.108494012,97596,456,0.8685722351074219,0.47586193680763245,0.9548439979553223,0.4428303837776184,1.3865433931350708,1.7263487577438354,0.8685722351074219,0.47586193680763245,0.9548439979553223,0.4428303837776184,1.0,1.0,18.957794189453125,-10.457290649414062,23.67713165283203,14.567014694213867,0.05352306738495827,24.323944091796875,14.112000465393066,-28.15199851989746,15.731999397277832,8.387999534606934,-7.4160003662109375,10.152000427246094,-43.470001220703125,250.74000549316406,-400.4999694824219,-19.350000381469727,-502.6499938964844,-169.9199981689453
528225143705373,9.129749098,97616,457,2.5592620372772217,-0.3221949338912964,1.441079020500183,0.6059302687644958,2.2767536640167236,2.3242990970611572,1.0,-0.3221949338912964,1.0,0.6059302687644958,1.0,1.0,20.31324005126953,-26.46114158630371,24.323944091796875,16.24910545349121,0.05352306738495827,24.323944091796875,9.539999961853027,-19.944000244140625,8.17199993133545,4.248000144958496,-18.215999603271484,2.5920000076293945,-314.1000061035156,451.3499755859375,-232.5600128173828,-189.5399932861328,-527.1300048828125,-461.1600036621094
528225154486776,9.140530501,97636,458,2.5592620372772217,-0.3221949338912964,1.441079020500183,0.6059302687644958,2.2767536640167236,2.3242990970611572,1.0,-0.3221949338912964,1.0,0.6059302687644958,1.0,1.0,20.31324005126953,-26.46114158630371,24.323944091796875,16.24910545349121,0.05352306738495827,24.323944091796875,4.464000225067139,-10.51200008392334,11.015999794006348,4.607999801635742,-18.756000518798828,1.1519999504089355,-141.75,443.6099853515625,303.75,82.16999816894531,259.3800048828125,116.0999984741211
528225175881997,9.161925722,97656,459,-2.663770914077759,-0.30529284477233887,-0.8680725693702698,2.0543854236602783,0.5105839967727661,-1.983866810798645,-1.0,-0.30529284477233887,-0.8680725693702698,1.0,0.5105839967727661,-1.0,-0.31324100494384766,-26.122196197509766,-2.4342238903045654,20.31324005126953,-9.760991096496582,-4.323945045471191,9.0,-7.4160003662109375,17.027999877929688,8.496000289916992,-9.935999870300293,8.567999839782715,370.6199951171875,11.609999656677246,261.0,230.30999755859375,528.8399658203125,489.9599914550781
528225196871635,9.182915360,97676,460,0.15844184160232544,1.124070405960083,0.3321371376514435,0.5266126990318298,0.459003210067749,-1.4980344772338867,0.15844184160232544,1.0,0.3321371376514435,0.5266126990318298,0.459003210067749,-1.0,11.634047508239746,0.05352306738495827,14.757512092590332,15.431081771850586,-10.795368194580078,-4.323945045471191,15.65999984741211,-13.607999801635742,20.916000366210938,12.780000686645508,-3.9600000381469727,19.512001037597656,323.82000732421875,-468.53997802734375,123.93000030517578,161.73001098632812,153.36000061035156,548.1000366210938
528225217524292,9.203568017,97696,461,1.0322710275650024,-0.33297228813171387,1.899511456489563,-0.37539759278297424,0.7548632025718689,0.5533890724182129,1.0,-0.33297228813171387,1.0,-0.37539759278297424,0.7548632025718689,0.5533890724182129,20.31324005126953,-26.677265167236328,24.323944091796875,6.1284332275390625,-4.862332820892334,17.926713943481445,14.904000282287598,-23.976001739501953,22.104000091552734,14.97599983215332,-3.1679999828338623,27.17999839782715,-108.7199935913086,-504.45001220703125,22.229999542236328,61.20000076293945,-20.06999969482422,228.8699951171875
528225238485954,9.224529679,97716,462,1.1023781299591064,-0.6221597194671631,1.9238064289093018,-0.9365001320838928,2.459524393081665,0.2561672031879425,1.0,-0.6221597194671631,1.0,-0.9365001320838928,1.0,0.2561672031879425,20.31324005126953,-32.47649383544922,24.323944091796875,0.3416486084461212,0.05352306738495827,13.669322967529297,8.819999694824219,-28.331998825073242,15.983999252319336,17.5679988861084,-7.883999824523926,23.29199981689453,-373.8599853515625,-94.68000793457031,-497.9700012207031,41.220001220703125,-337.1400146484375,-471.7799987792969
528225259677770,9.245721495,97736,463,0.9904638528823853,0.12762762606143951,0.40605539083480835,-1.2368916273117065,0.04935475066304207,0.4059581160545349,0.9904638528823853,0.12762762606143951,0.40605539083480835,-1.0,0.04935475066304207,0.4059581160545349,20.214889526367188,-17.440614700317383,15.816312789916992,-0.31324100494384766,-19.01026153564453,15.814919471740723,7.164000034332275,-22.536001205444336,9.82800006866455,14.399999618530273,-13.428000450134277,10.763999938964844,-106.4699935913086,491.66998291015625,-147.69000244140625,-141.66000366210938,-141.75,-682.8300170898438
528225280826051,9.266869776,97756,464,0.7728098630905151,0.7043905854225159,-2.183333158493042,-3.3366575241088867,1.076204538345337,-1.9302946329116821,0.7728098630905151,0.7043905854225159,-1.0,-1.0,1.0,-1.0,17.970172882080078,-5.874486446380615,-4.323945045471191,-0.31324100494384766,0.05352306738495827,-4.323945045471191,8.928000450134277,-20.736000061035156,13.751999855041504,11.088000297546387,-10.54800033569336,7.056000232696533,186.3900146484375,-179.82000732421875,368.9100036621094,-193.67999267578125,240.57000732421875,117.89999389648438
528225301785269,9.287828994,97776,465,-1.2839317321777344,1.7710814476013184,0.9077723622322083,1.1958754062652588,-0.5104225277900696,2.3886492252349854,-1.0,1.0,0.9077723622322083,1.0,-0.5104225277900696,1.0,-0.31324100494384766,0.05352306738495827,23.002880096435547,20.31324005126953,-30.235767364501953,24.323944091796875,10.619999885559082,-27.86400032043457,19.836000442504883,7.271999835968018,-4.5,7.559999942779541,-0.6299999952316284,-357.29998779296875,198.72000122070312,-145.0800018310547,271.44000244140625,28.619998931884766
528225322818763,9.308862488,97796,466,-0.9074891805648804,0.42606720328330994,0.1640089601278305,1.4320317506790161,0.5425911545753479,0.8344234824180603,-0.9074891805648804,0.42606720328330994,0.1640089601278305,1.0,0.5425911545753479,0.8344234824180603,0.640845000743866,-11.455850601196289,12.349254608154297,20.31324005126953,-9.119134902954102,21.952234268188477,11.015999794006348,-26.711997985839844,17.676000595092773,5.111999988555908,-7.199999809265137,10.007999420166016,49.5,271.1700134277344,-257.8500061035156,-70.91999816894531,-339.75,98.7300033569336
528225333678449,9.319722174,97816,467,-0.9074891805648804,0.42606720328330994,0.1640089601278305,1.4320317506790161,0.5425911545753479,0.8344234824180603,-0.9074891805648804,0.42606720328330994,0.1640089601278305,1.0,0.5425911545753479,0.8344234824180603,0.640845000743866,-11.455850601196289,12.349254608154297,20.31324005126953,-9.119134902954102,21.952234268188477,10.907999992370605,-17.92799949645996,8.496000289916992,4.139999866485596,-7.019999980926514,5.400000095367432,30.150001525878906,511.3800048828125,-544.4099731445312,-52.83000183105469,232.47000122070312,-396.989990234375
528225354818849,9.340862574,97836,468,-1.2890431880950928,0.860431432723999,2.1493866443634033,0.3599119186401367,1.0122172832489014,-0.0036163590848445892,-1.0,0.860431432723999,1.0,0.3599119186401367,1.0,-0.0036163590848445892,-0.31324100494384766,-2.7453174591064453,24.323944091796875,13.711856842041016,0.05352306738495827,9.948199272155762,6.9120001792907715,-7.8480000495910645,7.199999809265137,7.452000141143799,-10.331999778747559,7.056000232696533,-253.52999877929688,476.5500183105469,241.02000427246094,228.3300018310547,-413.4599914550781,388.7099914550781
528225375762927,9.361806652,97856,469,-3.0144197940826416,2.4738409519195557,1.8774265050888062,2.1327826976776123,0.1060745120048523,1.4029351472854614,-1.0,1.0,1.0,1.0,0.1060745120048523,1.0,-0.31324100494384766,0.05352306738495827,24.323944091796875,20.31324005126953,-17.872831344604492,24.323944091796875,3.8520002365112305,-6.156000137329102,8.567999839782715,12.600000381469727,-15.156000137329102,16.236000061035156,-202.77000427246094,-70.0199966430664,-17.639999389648438,325.8900146484375,-91.16999816894531,418.04998779296875
528225396864497,9.382908222,97876,470,-1.2260416746139526,2.273108720779419,0.4543346166610718,1.922139048576355,-1.1413617134094238,0.6065124869346619,-1.0,1.0,0.4543346166610718,1.0,-1.0,0.6065124869346619,-0.31324100494384766,0.05352306738495827,16.507862091064453,20.31324005126953,-40.05351638793945,18.68764877319336,4.607999801635742,-7.8480000495910645,8.35200023651123,15.87600040435791,-15.444000244140625,20.663999557495117,-3.3299999237060547,-93.7800064086914,26.549999237060547,130.5,5.039999961853027,135.36000061035156
528225417840876,9.403884601,97896,471,-0.6973403692245483,2.572404384613037,1.1715072393417358,2.5872433185577393,-1.304384469985962,3.254295587539673,-0.6973403692245483,1.0,1.0,1.0,-1.0,1.0,2.8081603050231934,0.05352306738495827,24.323944091796875,20.31324005126953,-40.05351638793945,24.323944091796875,3.2039999961853027,-5.003999710083008,13.932000160217285,13.500000953674316,-10.872000694274902,16.847999572753906,-74.33999633789062,258.1199951171875,392.66998291015625,-137.97000122070312,353.8800048828125,-361.08001708984375
528225438868986,9.424912711,97916,472,-1.251054048538208,-0.22804896533489227,-2.0985429286956787,4.020678520202637,0.48122459650039673,-0.4200228452682495,-1.0,-0.22804896533489227,-1.0,1.0,0.48122459650039673,-0.4200228452682495,-0.31324100494384766,-24.573183059692383,-4.323945045471191,20.31324005126953,-10.349750518798828,3.9836153984069824,1.9079999923706055,-0.3959999978542328,20.77199935913086,15.191999435424805,-11.627999305725098,17.13599967956543,-59.30999755859375,108.54000091552734,238.23001098632812,46.17000198364258,-264.33001708984375,240.75
528225459740955,9.445784680,97936,473,-0.6478711366653442,1.018714189529419,-0.16231340169906616,3.583261013031006,-0.48120439052581787,-0.6867551803588867,-0.6478711366653442,1.0,-0.16231340169906616,1.0,-0.48120439052581787,-0.6867551803588867,3.3183486461639404,0.05352306738495827,7.6750311851501465,20.31324005126953,-29.649843215942383,0.1629563570022583,1.4759999513626099,-0.3959999978542328,18.972000122070312,16.95599937438965,-21.70800018310547,18.288000106811523,-20.969999313354492,-29.15999984741211,-258.29998779296875,129.69000244140625,-630.6300048828125,9.09000015258789
528225480794594,9.466838319,97956,474,-2.3749637603759766,0.0371287502348423,-1.7718180418014526,1.0822396278381348,0.3423047661781311,-2.4119937419891357,-1.0,0.0371287502348423,-1.0,1.0,0.3423047661781311,-1.0,-0.31324100494384766,-19.255435943603516,-4.323945045471191,20.31324005126953,-13.135581970214844,-4.323945045471191,3.2039999961853027,-0.8999999761581421,20.01599884033203,18.395999908447266,-33.84000015258789,22.031999588012695,38.70000076293945,-18.989999771118164,219.3300018310547,44.72999954223633,-595.9800415039062,217.8000030517578
528225501870602,9.487914327,97976,475,-1.8670037984848022,0.9221763610839844,-0.8119567036628723,4.0146803855896,-0.5790040493011475,-0.22634948790073395,-1.0,0.9221763610839844,-0.8119567036628723,1.0,-0.5790040493011475,-0.22634948790073395,-0.31324100494384766,-1.507115364074707,-1.6304233074188232,20.31324005126953,-31.61107063293457,6.757781982421875,1.403999924659729,-7.704000473022461,15.911999702453613,18.720001220703125,-34.30799865722656,18.107999801635742,-69.84000396728516,-511.55999755859375,-441.8999938964844,5.309999942779541,303.9300231933594,-407.6099853515625
528225523031710,9.509075435,97996,476,-2.1315619945526123,0.26548656821250916,-1.0037161111831665,4.440552711486816,-1.1113340854644775,0.9708458781242371,-1.0,0.26548656821250916,-1.0,1.0,-1.0,0.9708458781242371,-0.31324100494384766,-14.676057815551758,-4.323945045471191,20.31324005126953,-40.05351638793945,23.906339645385742,3.492000102996826,-9.360000610351562,6.4079999923706055,18.972000122070312,-33.65999984741211,7.704000473022461,74.79000091552734,191.4300079345703,-472.7699890136719,26.90999984741211,-148.0500030517578,-560.969970703125
528225533593396,9.519637121,98016,477,-2.1315619945526123,0.26548656821250916,-1.0037161111831665,4.440552711486816,-1.1113340854644775,0.9708458781242371,-1.0,0.26548656821250916,-1.0,1.0,-1.0,0.9708458781242371,-0.31324100494384766,-14.676057815551758,-4.323945045471191,20.31324005126953,-40.05351638793945,23.906339645385742,1.3680000305175781,-11.699999809265137,1.6920000314712524,18.827999114990234,-29.84400177001953,-2.8439998626708984,-90.9000015258789,-315.8999938964844,-56.070003509521484,-38.15999984741211,395.0999755859375,-495.17999267578125
528225554640355,9.540684080,98036,478,-4.16684627532959,0.8374583721160889,0.09438178688287735,3.7029688358306885,-1.0259523391723633,0.6583306789398193,-1.0,0.8374583721160889,0.09438178688287735,1.0,-1.0,0.6583306789398193,-0.31324100494384766,-3.2060086727142334,11.351919174194336,20.31324005126953,-40.05351638793945,19.42989158630371,1.1519999504089355,-10.692000389099121,0.6119999885559082,18.143999099731445,-28.511999130249023,-4.3919997215271,29.42999839782715,244.1699981689453,-50.48999786376953,-33.47999954223633,-166.22999572753906,208.0800018310547
528225575587776,9.561631501,98056,479,-3.6196277141571045,0.8802921772003174,0.0241042822599411,3.514003038406372,-0.497527539730072,-0.2540457248687744,-1.0,0.8802921772003174,0.0241042822599411,1.0,-0.497527539730072,-0.2540457248687744,-0.31324100494384766,-2.3470406532287598,10.345267295837402,20.31324005126953,-29.9771785736084,6.361062526702881,1.5839999914169312,-12.312000274658203,-1.8360000848770142,17.74799919128418,-35.42399978637695,4.895999908447266,4.860000133514404,-254.33999633789062,-55.79999923706055,0.44999998807907104,-411.3000183105469,606.510009765625
528225596382482,9.582426207,98076,480,-4.958252429962158,1.8853286504745483,1.7368857860565186,3.874298334121704,-1.1978598833084106,1.0891783237457275,-1.0,1.0,1.0,1.0,-1.0,1.0,-0.31324100494384766,0.05352306738495827,24.323944091796875,20.31324005126953,-40.05351638793945,24.323944091796875,1.619999885559082,-18.107999801635742,-0.9359999895095825,18.0,-42.768001556396484,16.236000061035156,-2.7899999618530273,-187.82998657226562,41.939998626708984,26.549999237060547,-227.33999633789062,590.3099975585938
528225617331612,9.603375337,98096,481,-3.2924368381500244,1.9066959619522095,1.816532015800476,3.43634295463562,-0.5399682521820068,1.3328410387039185,-1.0,1.0,1.0,1.0,-0.5399682521820068,1.0,-0.31324100494384766,0.05352306738495827,24.323944091796875,20.31324005126953,-30.828262329101562,24.323944091796875,1.619999885559082,-18.107999801635742,-0.9359999895095825,18.0,-42.768001556396484,16.236000061035156,-2.7899999618530273,-187.82998657226562,41.939998626708984,26.549999237060547,-227.33999633789062,590.3099975585938
528225638208287,9.624252012,98116,482,-1.1436704397201538,2.0159523487091064,1.6096458435058594,3.0174167156219482,-0.38997793197631836,2.2274110317230225,-1.0,1.0,1.0,1.0,-0.38997793197631836,1.0,-0.31324100494384766,0.05352306738495827,24.323944091796875,20.31324005126953,-27.82042694091797,24.323944091796875,1.619999885559082,-18.107999801635742,-0.9359999895095825,18.0,-42.768001556396484,16.236000061035156,-2.7899999618530273,-187.82998657226562,41.939998626708984,26.549999237060547,-227.33999633789062,590.3099975585938
528225658857272,9.644900997,98136,483,-2.3672947883605957,1.2156355381011963,-0.022340307012200356,0.8851107954978943,0.33367717266082764,-0.37372228503227234,-1.0,1.0,-0.022340307012200356,0.8851107954978943,0.33367717266082764,-0.37372228503227234,-0.31324100494384766,0.05352306738495827,9.679998397827148,19.128360748291016,-13.308595657348633,4.646821975708008,1.619999885559082,-18.107999801635742,-0.9359999895095825,18.0,-42.768001556396484,16.236000061035156,-2.7899999618530273,-187.82998657226562,41.939998626708984,26.549999237060547,-227.33999633789062,590.3099975585938
528225679560621,9.665604346,98156,484,-2.416672706604004,2.240870475769043,1.7630512714385986,3.2310800552368164,-0.8843201398849487,1.7619820833206177,-1.0,1.0,1.0,1.0,-0.8843201398849487,1.0,-0.31324100494384766,0.05352306738495827,24.323944091796875,20.31324005126953,-37.733734130859375,24.323944091796875,1.619999885559082,-18.107999801635742,-0.9359999895095825,18.0,-42.768001556396484,16.236000061035156,-2.7899999618530273,-187.82998657226562,41.939998626708984,26.549999237060547,-227.33999633789062,590.3099975585938
528225700566459,9.686610184,98176,485,-2.30898118019104,1.81894052028656,1.1235167980194092,2.931878089904785,-0.467407763004303,1.0071932077407837,-1.0,1.0,1.0,1.0,-0.467407763004303,1.0,-0.31324100494384766,0.05352306738495827,24.323944091796875,20.31324005126953,-29.3731689453125,24.323944091796875,1.619999885559082,-18.107999801635742,-0.9359999895095825,18.0,-42.768001556396484,16.236000061035156,-2.7899999618530273,-187.82998657226562,41.939998626708984,26.549999237060547,-227.33999633789062,590.3099975585938
528225721647967,9.707691692,98196,486,-2.3798935413360596,1.8990309238433838,1.5042332410812378,3.181574583053589,-0.5871061086654663,1.100650429725647,-1.0,1.0,1.0,1.0,-0.5871061086654663,1.0,-0.31324100494384766,0.05352306738495827,24.323944091796875,20.31324005126953,-31.773542404174805,24.323944091796875,1.619999885559082,-18.107999801635742,-0.9359999895095825,18.0,-42.768001556396484,16.236000061035156,-2.7899999618530273,-187.82998657226562,41.939998626708984,26.549999237060547,-227.33999633789062,590.3099975585938
528225742578413,9.728622138,98216,487,-2.259279727935791,1.948105812072754,1.517379641532898,3.0138161182403564,-0.5604957342147827,1.008191704750061,-1.0,1.0,1.0,1.0,-0.5604957342147827,1.0,-0.31324100494384766,0.05352306738495827,24.323944091796875,20.31324005126953,-31.239910125732422,24.323944091796875,1.619999885559082,-18.107999801635742,-0.9359999895095825,18.0,-42.768001556396484,16.236000061035156,-2.7899999618530273,-187.82998657226562,41.939998626708984,26.549999237060547,-227.33999633789062,590.3099975585938
528225763594379,9.749638104,98236,488,-2.1529226303100586,1.9321675300598145,1.5630968809127808,2.924588680267334,-0.5084435939788818,0.9875362515449524,-1.0,1.0,1.0,1.0,-0.5084435939788818,0.9875362515449524,-0.31324100494384766,0.05352306738495827,24.323944091796875,20.31324005126953,-30.196083068847656,24.145414352416992,1.619999885559082,-18.107999801635742,-0.9359999895095825,18.0,-42.768001556396484,16.236000061035156,-2.7899999618530273,-187.82998657226562,41.939998626708984,26.549999237060547,-227.33999633789062,590.3099975585938
528225774393556,9.760437281,98256,489,-2.1529226303100586,1.9321675300598145,1.5630968809127808,2.924588680267334,-0.5084435939788818,0.9875362515449524,-1.0,1.0,1.0,1.0,-0.5084435939788818,0.9875362515449524,-0.31324100494384766,0.05352306738495827,24.323944091796875,20.31324005126953,-30.196083068847656,24.145414352416992,1.619999885559082,-18.107999801635742,-0.9359999895095825,18.0,-42.768001556396484,16.236000061035156,-2.7899999618530273,-187.82998657226562,41.939998626708984,26.549999237060547,-227.33999633789062,590.3099975585938
528225795571645,9.781615370,98276,490,-2.1130247116088867,1.8189129829406738,1.5137600898742676,2.7772884368896484,-0.41124457120895386,0.8823171854019165,-1.0,1.0,1.0,1.0,-0.41124457120895386,0.8823171854019165,-0.31324100494384766,0.05352306738495827,24.323944091796875,20.31324005126953,-28.24690055847168,22.638261795043945,1.619999885559082,-18.107999801635742,-0.9359999895095825,18.0,-42.768001556396484,16.236000061035156,-2.7899999618530273,-187.82998657226562,41.939998626708984,26.549999237060547,-227.33999633789062,590.3099975585938
528225816695421,9.802739146,98296,491,-1.950938105583191,1.7853151559829712,1.6361684799194336,2.7463955879211426,-0.3474605679512024,0.9685717225074768,-1.0,1.0,1.0,1.0,-0.3474605679512024,0.9685717225074768,-0.31324100494384766,0.05352306738495827,24.323944091796875,20.31324005126953,-26.96780776977539,23.873767852783203,1.619999885559082,-18.107999801635742,-0.9359999895095825,18.0,-42.768001556396484,16.236000061035156,-2.7899999618530273,-187.82998657226562,41.939998626708984,26.549999237060547,-227.33999633789062,590.3099975585938
528225837683101,9.823726826,98316,492,-1.9387729167938232,1.6958497762680054,1.6310923099517822,2.5848324298858643,-0.2611994743347168,0.8520178198814392,-1.0,1.0,1.0,1.0,-0.2611994743347168,0.8520178198814392,-0.31324100494384766,0.05352306738495827,24.323944091796875,20.31324005126953,-25.23796844482422,22.204254150390625,1.619999885559082,-18.107999801635742,-0.9359999895095825,18.0,-42.768001556396484,16.236000061035156,-2.7899999618530273,-187.82998657226562,41.939998626708984,26.549999237060547,-227.33999633789062,590.3099975585938
528225858444576,9.844488301,98336,493,-1.7667714357376099,1.629669427871704,1.693620204925537,2.4533421993255615,-0.16186513006687164,0.8850934505462646,-1.0,1.0,1.0,1.0,-0.16186513006687164,0.8850934505462646,-0.31324100494384766,0.05352306738495827,24.323944091796875,20.31324005126953,-23.24596405029297,22.678028106689453,1.619999885559082,-18.107999801635742,-0.9359999895095825,18.0,-42.768001556396484,16.236000061035156,-2.7899999618530273,-187.82998657226562,41.939998626708984,26.549999237060547,-227.33999633789062,590.3099975585938
528225879248266,9.865291991,98356,494,-1.5800211429595947,1.5872001647949219,1.787427306175232,2.348950147628784,-0.0776033103466034,0.9230568408966064,-1.0,1.0,1.0,1.0,-0.0776033103466034,0.9230568408966064,-0.31324100494384766,0.05352306738495827,24.323944091796875,20.31324005126953,-21.556217193603516,23.221813201904297,1.619999885559082,-18.107999801635742,-0.9359999895095825,18.0,-42.768001556396484,16.236000061035156,-2.7899999618530273,-187.82998657226562,41.939998626708984,26.549999237060547,-227.33999633789062,590.3099975585938
528225899926308,9.885970033,98376,495,-1.3325790166854858,1.4897792339324951,1.820648193359375,2.20127534866333,0.058031558990478516,0.9718939661979675,-1.0,1.0,1.0,1.0,0.058031558990478516,0.9718939661979675,-0.31324100494384766,0.05352306738495827,24.323944091796875,20.31324005126953,-18.836259841918945,23.92135238647461,1.619999885559082,-18.107999801635742,-0.9359999895095825,18.0,-42.768001556396484,16.236000061035156,-2.7899999618530273,-187.82998657226562,41.939998626708984,26.549999237060547,-227.33999633789062,590.3099975585938
528225920636456,9.906680181,98396,496,-1.1514726877212524,1.407349944114685,1.8354592323303223,2.006009817123413,0.1630352884531021,0.9401169419288635,-1.0,1.0,1.0,1.0,0.1630352884531021,0.9401169419288635,-0.31324100494384766,0.05352306738495827,24.323944091796875,20.31324005126953,-16.730566024780273,23.466182708740234,1.619999885559082,-18.107999801635742,-0.9359999895095825,18.0,-42.768001556396484,16.236000061035156,-2.7899999618530273,-187.82998657226562,41.939998626708984,26.549999237060547,-227.33999633789062,590.3099975585938
528225941579628,9.927623353,98416,497,-1.0197467803955078,1.31394362449646,1.8581126928329468,1.8261908292770386,0.25758177042007446,0.8980662226676941,-1.0,1.0,1.0,1.0,0.25758177042007446,0.8980662226676941,-0.31324100494384766,0.05352306738495827,24.323944091796875,20.31324005126953,-14.834575653076172,22.863847732543945,1.619999885559082,-18.107999801635742,-0.9359999895095825,18.0,-42.768001556396484,16.236000061035156,-2.7899999618530273,-187.82998657226562,41.939998626708984,26.549999237060547,-227.33999633789062,590.3099975585938
528225962421071,9.948464796,98436,498,-0.8449498414993286,1.2154477834701538,1.8780988454818726,1.6670722961425781,0.3662470579147339,0.8973994255065918,-0.8449498414993286,1.0,1.0,1.0,0.3662470579147339,0.8973994255065918,1.2858282327651978,0.05352306738495827,24.323944091796875,20.31324005126953,-12.655455589294434,22.854297637939453,1.619999885559082,-18.107999801635742,-0.9359999895095825,18.0,-42.768001556396484,16.236000061035156,-2.7899999618530273,-187.82998657226562,41.939998626708984,26.549999237060547,-227.33999633789062,590.3099975585938
528225983411446,9.969455171,98456,499,-0.6819381713867188,1.0989775657653809,1.9439784288406372,1.500601053237915,0.48147785663604736,0.887673020362854,-0.6819381713867188,1.0,1.0,1.0,0.48147785663604736,0.887673020362854,2.9670071601867676,0.05352306738495827,24.323944091796875,20.31324005126953,-10.344672203063965,22.714977264404297,1.619999885559082,-18.107999801635742,-0.9359999895095825,18.0,-42.768001556396484,16.236000061035156,-2.7899999618530273,-187.82998657226562,41.939998626708984,26.549999237060547,-227.33999633789062,590.3099975585938
528225994336601,9.980380326,98476,500,-0.6819381713867188,1.0989775657653809,1.9439784288406372,1.500601053237915,0.48147785663604736,0.887673020362854,-0.6819381713867188,1.0,1.0,1.0,0.48147785663604736,0.887673020362854,2.9670071601867676,0.05352306738495827,24.323944091796875,20.31324005126953,-10.344672203063965,22.714977264404297,1.619999885559082,-18.107999801635742,-0.9359999895095825,18.0,-42.768001556396484,16.236000061035156,-2.7899999618530273,-187.82998657226562,41.939998626708984,26.549999237060547,-227.33999633789062,590.3099975585938
528226015617954,10.001661679,98496,501,-0.5752162933349609,0.9929544925689697,2.0212526321411133,1.3302497863769531,0.5720495581626892,0.8578488230705261,-0.5752162933349609,0.9929544925689697,1.0,1.0,0.5720495581626892,0.8578488230705261,4.067655563354492,-0.08776450902223587,24.323944091796875,20.31324005126953,-8.528390884399414,22.287776947021484,1.619999885559082,-18.107999801635742,-0.9359999895095825,18.0,-42.768001556396484,16.236000061035156,-2.7899999618530273,-187.82998657226562,41.939998626708984,26.549999237060547,-227.33999633789062,590.3099975585938
528226036708873,10.022752598,98516,502,-0.43650171160697937,0.9256103038787842,2.114746570587158,1.2517842054367065,0.6517706513404846,0.8871021270751953,-0.43650171160697937,0.9256103038787842,1.0,1.0,0.6517706513404846,0.8871021270751953,5.498251914978027,-1.4382516145706177,24.323944091796875,20.31324005126953,-6.929701328277588,22.70680046081543,1.619999885559082,-18.107999801635742,-0.9359999895095825,18.0,-42.768001556396484,16.236000061035156,-2.7899999618530273,-187.82998657226562,41.939998626708984,26.549999237060547,-227.33999633789062,590.3099975585938
528226057835098,10.043878823,98536,503,-0.2612028121948242,0.8679496049880981,2.197030544281006,1.1986695528030396,0.7524451613426208,0.9368337392807007,-0.2612028121948242,0.8679496049880981,1.0,1.0,0.7524451613426208,0.9368337392807007,7.30615234375,-2.594552993774414,24.323944091796875,20.31324005126953,-4.910823822021484,23.419153213500977,1.619999885559082,-18.107999801635742,-0.9359999895095825,18.0,-42.768001556396484,16.236000061035156,-2.7899999618530273,-187.82998657226562,41.939998626708984,26.549999237060547,-227.33999633789062,590.3099975585938
528226079063674,10.065107399,98556,504,-0.09933729469776154,0.8086380958557129,2.2794320583343506,1.155685305595398,0.8473454117774963,0.9842071533203125,-0.09933729469776154,0.8086380958557129,1.0,1.0,0.8473454117774963,0.9842071533203125,8.975509643554688,-3.783957004547119,24.323944091796875,20.31324005126953,-3.0077385902404785,24.097726821899414,1.619999885559082,-18.107999801635742,-0.9359999895095825,18.0,-42.768001556396484,16.236000061035156,-2.7899999618530273,-187.82998657226562,41.939998626708984,26.549999237060547,-227.33999633789062,590.3099975585938
528226100057805,10.086101530,98576,505,0.028185278177261353,0.7588900327682495,2.3389642238616943,1.1170036792755127,0.9251744747161865,1.0140883922576904,0.028185278177261353,0.7588900327682495,1.0,1.0,0.9251744747161865,1.0,10.290680885314941,-4.781581401824951,24.323944091796875,20.31324005126953,-1.4469925165176392,24.323944091796875,1.619999885559082,-18.107999801635742,-0.9359999895095825,18.0,-42.768001556396484,16.236000061035156,-2.7899999618530273,-187.82998657226562,41.939998626708984,26.549999237060547,-227.33999633789062,590.3099975585938
528226120898873,10.106942598,98596,506,0.1340707540512085,0.7123586535453796,2.3731186389923096,1.0786226987838745,0.9907288551330566,1.0401573181152344,0.1340707540512085,0.7123586535453796,1.0,1.0,0.9907288551330566,1.0,11.382702827453613,-5.714698791503906,24.323944091796875,20.31324005126953,-0.1323963850736618,24.323944091796875,1.619999885559082,-18.107999801635742,-0.9359999895095825,18.0,-42.768001556396484,16.236000061035156,-2.7899999618530273,-187.82998657226562,41.939998626708984,26.549999237060547,-227.33999633789062,590.3099975585938
528226142007469,10.128051194,98616,507,0.2254679799079895,0.6729922890663147,2.3684134483337402,1.02621591091156,1.047418475151062,1.0540968179702759,0.2254679799079895,0.6729922890663147,1.0,1.0,1.0,1.0,12.32530403137207,-6.5041327476501465,24.323944091796875,20.31324005126953,0.05352306738495827,24.323944091796875,1.619999885559082,-18.107999801635742,-0.9359999895095825,18.0,-42.768001556396484,16.236000061035156,-2.7899999618530273,-187.82998657226562,41.939998626708984,26.549999237060547,-227.33999633789062,590.3099975585938
528226163054987,10.149098712,98636,508,0.27477842569351196,0.6560272574424744,2.362919807434082,1.0137436389923096,1.0779949426651,1.064934492111206,0.27477842569351196,0.6560272574424744,1.0,1.0,1.0,1.0,12.833854675292969,-6.84434175491333,24.323944091796875,20.31324005126953,0.05352306738495827,24.323944091796875,1.619999885559082,-18.107999801635742,-0.9359999895095825,18.0,-42.768001556396484,16.236000061035156,-2.7899999618530273,-187.82998657226562,41.939998626708984,26.549999237060547,-227.33999633789062,590.3099975585938
528226173762173,10.159805898,98656,509,0.27477842569351196,0.6560272574424744,2.362919807434082,1.0137436389923096,1.0779949426651,1.064934492111206,0.27477842569351196,0.6560272574424744,1.0,1.0,1.0,1.0,12.833854675292969,-6.84434175491333,24.323944091796875,20.31324005126953,0.05352306738495827,24.323944091796875,1.619999885559082,-18.107999801635742,-0.9359999895095825,18.0,-42.768001556396484,16.236000061035156,-2.7899999618530273,-187.82998657226562,41.939998626708984,26.549999237060547,-227.33999633789062,590.3099975585938
528226194805893,10.180849618,98676,510,0.30508604645729065,0.6318616271018982,2.310983657836914,0.9748095273971558,1.0971704721450806,1.0655791759490967,0.30508604645729065,0.6318616271018982,1.0,0.9748095273971558,1.0,1.0,13.146424293518066,-7.328948020935059,24.323944091796875,20.053443908691406,0.05352306738495827,24.323944091796875,1.619999885559082,-18.107999801635742,-0.9359999895095825,18.0,-42.768001556396484,16.236000061035156,-2.7899999618530273,-187.82998657226562,41.939998626708984,26.549999237060547,-227.33999633789062,590.3099975585938
528226215847473,10.201891198,98696,511,0.3266325294971466,0.6346244812011719,2.2837941646575928,0.9926216006278992,1.110047459602356,1.1101306676864624,0.3266325294971466,0.6346244812011719,1.0,0.9926216006278992,1.0,1.0,13.36863899230957,-7.273542404174805,24.323944091796875,20.237144470214844,0.05352306738495827,24.323944091796875,1.619999885559082,-18.107999801635742,-0.9359999895095825,18.0,-42.768001556396484,16.236000061035156,-2.7899999618530273,-187.82998657226562,41.939998626708984,26.549999237060547,-227.33999633789062,590.3099975585938
528226236719506,10.222763231,98716,512,0.2703566551208496,0.6650692820549011,2.285597562789917,1.0334525108337402,1.0691066980361938,1.11802077293396,0.2703566551208496,0.6650692820549011,1.0,1.0,1.0,1.0,12.788251876831055,-6.663017272949219,24.323944091796875,20.31324005126953,0.05352306738495827,24.323944091796875,1.619999885559082,-18.107999801635742,-0.9359999895095825,18.0,-42.768001556396484,16.236000061035156,-2.7899999618530273,-187.82998657226562,41.939998626708984,26.549999237060547,-227.33999633789062,590.3099975585938
528226257825732,10.243869457,98736,513,0.20228776335716248,0.7029616236686707,2.184206247329712,1.0505390167236328,1.0210952758789062,1.1123557090759277,0.20228776335716248,0.7029616236686707,1.0,1.0,1.0,1.0,12.086240768432617,-5.90314245223999,24.323944091796875,20.31324005126953,0.05352306738495827,24.323944091796875,1.619999885559082,-18.107999801635742,-0.9359999895095825,18.0,-42.768001556396484,16.236000061035156,-2.7899999618530273,-187.82998657226562,41.939998626708984,26.549999237060547,-227.33999633789062,590.3099975585938
528226279140795,10.265184520,98756,514,0.10128705203533173,0.7752512693405151,2.151752471923828,1.1389338970184326,0.9381285905838013,1.1262943744659424,0.10128705203533173,0.7752512693405151,1.0,1.0,0.9381285905838013,1.0,11.044596672058105,-4.453481197357178,24.323944091796875,20.31324005126953,-1.1872166395187378,24.323944091796875,1.619999885559082,-18.107999801635742,-0.9359999895095825,18.0,-42.768001556396484,16.236000061035156,-2.7899999618530273,-187.82998657226562,41.939998626708984,26.549999237060547,-227.33999633789062,590.3099975585938
528226300642057,10.286685782,98776,515,-0.02788536250591278,0.8610109686851501,2.1369473934173584,1.2809633016586304,0.8457430005073547,1.1889854669570923,-0.02788536250591278,0.8610109686851501,1.0,1.0,0.8457430005073547,1.0,9.712410926818848,-2.7336959838867188,24.323944091796875,20.31324005126953,-3.039872884750366,24.323944091796875,1.619999885559082,-18.107999801635742,-0.9359999895095825,18.0,-42.768001556396484,16.236000061035156,-2.7899999618530273,-187.82998657226562,41.939998626708984,26.549999237060547,-227.33999633789062,590.3099975585938
528226321746505,10.307790230,98796,516,-0.2080508917570114,0.9488750696182251,2.0372393131256104,1.380652666091919,0.7216134071350098,1.1628044843673706,-0.2080508917570114,0.9488750696182251,1.0,1.0,0.7216134071350098,1.0,7.854320049285889,-0.9717121720314026,24.323944091796875,20.31324005126953,-5.529108047485352,24.323944091796875,1.619999885559082,-18.107999801635742,-0.9359999895095825,18.0,-42.768001556396484,16.236000061035156,-2.7899999618530273,-187.82998657226562,41.939998626708984,26.549999237060547,-227.33999633789062,590.3099975585938
528226343033803,10.329077528,98816,517,-0.4100678861141205,1.0383511781692505,1.8953849077224731,1.4919177293777466,0.600421130657196,1.1606043577194214,-0.4100678861141205,1.0,1.0,1.0,0.600421130657196,1.0,5.770870685577393,0.05352306738495827,24.323944091796875,20.31324005126953,-7.959440231323242,24.323944091796875,1.619999885559082,-18.107999801635742,-0.9359999895095825,18.0,-42.768001556396484,16.236000061035156,-2.7899999618530273,-187.82998657226562,41.939998626708984,26.549999237060547,-227.33999633789062,590.3099975585938
528226353741372,10.339785097,98836,518,-0.4100678861141205,1.0383511781692505,1.8953849077224731,1.4919177293777466,0.600421130657196,1.1606043577194214,-0.4100678861141205,1.0,1.0,1.0,0.600421130657196,1.0,5.770870685577393,0.05352306738495827,24.323944091796875,20.31324005126953,-7.959440231323242,24.323944091796875,1.619999885559082,-18.107999801635742,-0.9359999895095825,18.0,-42.768001556396484,16.236000061035156,-2.7899999618530273,-187.82998657226562,41.939998626708984,26.549999237060547,-227.33999633789062,590.3099975585938
528226374448738,10.360492463,98856,519,-0.6643483638763428,1.17583429813385,1.8997790813446045,1.7244842052459717,0.4171634316444397,1.1442397832870483,-0.6643483638763428,1.0,1.0,1.0,0.4171634316444397,1.0,3.1484148502349854,0.05352306738495827,24.323944091796875,20.31324005126953,-11.63440227508545,24.323944091796875,1.619999885559082,-18.107999801635742,-0.9359999895095825,18.0,-42.768001556396484,16.236000061035156,-2.7899999618530273,-187.82998657226562,41.939998626708984,26.549999237060547,-227.33999633789062,590.3099975585938
528226395507859,10.381551584,98876,520,-0.9214339256286621,1.294661283493042,1.7885569334030151,1.907554030418396,0.2560143768787384,1.1100190877914429,-0.9214339256286621,1.0,1.0,1.0,0.2560143768787384,1.0,0.4970294237136841,0.05352306738495827,24.323944091796875,20.31324005126953,-14.866008758544922,24.323944091796875,1.619999885559082,-18.107999801635742,-0.9359999895095825,18.0,-42.768001556396484,16.236000061035156,-2.7899999618530273,-187.82998657226562,41.939998626708984,26.549999237060547,-227.33999633789062,590.3099975585938
528226416274861,10.402318586,98896,521,-1.2042707204818726,1.4164012670516968,1.718149185180664,2.1201725006103516,0.07783694565296173,1.065011978149414,-1.0,1.0,1.0,1.0,0.07783694565296173,1.0,-0.31324100494384766,0.05352306738495827,24.323944091796875,20.31324005126953,-18.4390926361084,24.323944091796875,1.619999885559082,-18.107999801635742,-0.9359999895095825,18.0,-42.768001556396484,16.236000061035156,-2.7899999618530273,-187.82998657226562,41.939998626708984,26.549999237060547,-227.33999633789062,590.3099975585938
528226437073738,10.423117463,98916,522,-1.3900057077407837,1.5010229349136353,1.6446255445480347,2.285475969314575,-0.037244126200675964,1.06271493434906,-1.0,1.0,1.0,1.0,-0.037244126200675964,1.0,-0.31324100494384766,0.05352306738495827,24.323944091796875,20.31324005126953,-20.74687385559082,24.323944091796875,1.619999885559082,-18.107999801635742,-0.9359999895095825,18.0,-42.768001556396484,16.236000061035156,-2.7899999618530273,-187.82998657226562,41.939998626708984,26.549999237060547,-227.33999633789062,590.3099975585938
528226457872115,10.443915840,98936,523,-1.543397068977356,1.580843210220337,1.6148592233657837,2.4349846839904785,-0.14481326937675476,1.0701102018356323,-1.0,1.0,1.0,1.0,-0.14481326937675476,1.0,-0.31324100494384766,0.05352306738495827,24.323944091796875,20.31324005126953,-22.90401268005371,24.323944091796875,1.619999885559082,-18.107999801635742,-0.9359999895095825,18.0,-42.768001556396484,16.236000061035156,-2.7899999618530273,-187.82998657226562,41.939998626708984,26.549999237060547,-227.33999633789062,590.3099975585938
528226478751631,10.464795356,98956,524,-1.720678687095642,1.6497703790664673,1.5865094661712646,2.583939790725708,-0.25322991609573364,1.0536174774169922,-1.0,1.0,1.0,1.0,-0.25322991609573364,1.0,-0.31324100494384766,0.05352306738495827,24.323944091796875,20.31324005126953,-25.078149795532227,24.323944091796875,1.619999885559082,-18.107999801635742,-0.9359999895095825,18.0,-42.768001556396484,16.236000061035156,-2.7899999618530273,-187.82998657226562,41.939998626708984,26.549999237060547,-227.33999633789062,590.3099975585938
528226499593010,10.485636735,98976,525,-1.8993113040924072,1.7187422513961792,1.5722254514694214,2.7400848865509033,-0.36153990030288696,1.0375196933746338,-1.0,1.0,1.0,1.0,-0.36153990030288696,1.0,-0.31324100494384766,0.05352306738495827,24.323944091796875,20.31324005126953,-27.250146865844727,24.323944091796875,1.619999885559082,-18.107999801635742,-0.9359999895095825,18.0,-42.768001556396484,16.236000061035156,-2.7899999618530273,-187.82998657226562,41.939998626708984,26.549999237060547,-227.33999633789062,590.3099975585938
528226520453466,10.506497191,98996,526,-2.0734381675720215,1.7765425443649292,1.5539216995239258,2.886718273162842,-0.45941704511642456,1.0206682682037354,-1.0,1.0,1.0,1.0,-0.45941704511642456,1.0,-0.31324100494384766,0.05352306738495827,24.323944091796875,20.31324005126953,-29.212928771972656,24.323944091796875,1.619999885559082,-18.107999801635742,-0.9359999895095825,18.0,-42.768001556396484,16.236000061035156,-2.7899999618530273,-187.82998657226562,41.939998626708984,26.549999237060547,-227.33999633789062,590.3099975585938
528226541108702,10.527152427,99016,527,-2.217120885848999,1.8206923007965088,1.519037127494812,3.0046963691711426,-0.5367527604103088,1.0123718976974487,-1.0,1.0,1.0,1.0,-0.5367527604103088,1.0,-0.31324100494384766,0.05352306738495827,24.323944091796875,20.31324005126953,-30.763782501220703,24.323944091796875,1.619999885559082,-18.107999801635742,-0.9359999895095825,18.0,-42.768001556396484,16.236000061035156,-2.7899999618530273,-187.82998657226562,41.939998626708984,26.549999237060547,-227.33999633789062,590.3099975585938
528226562056610,10.548100335,99036,528,-2.3044564723968506,1.8588206768035889,1.4634157419204712,3.0672190189361572,-0.5951575040817261,1.0159552097320557,-1.0,1.0,1.0,1.0,-0.5951575040817261,1.0,-0.31324100494384766,0.05352306738495827,24.323944091796875,20.31324005126953,-31.935001373291016,24.323944091796875,1.619999885559082,-18.107999801635742,-0.9359999895095825,18.0,-42.768001556396484,16.236000061035156,-2.7899999618530273,-187.82998657226562,41.939998626708984,26.549999237060547,-227.33999633789062,590.3099975585938
528226582701660,10.568745385,99056,529,-2.438826560974121,1.9029195308685303,1.463498592376709,3.1815123558044434,-0.6722797155380249,1.0008574724197388,-1.0,1.0,1.0,1.0,-0.6722797155380249,1.0,-0.31324100494384766,0.05352306738495827,24.323944091796875,20.31324005126953,-33.48157501220703,24.323944091796875,1.619999885559082,-18.107999801635742,-0.9359999895095825,18.0,-42.768001556396484,16.236000061035156,-2.7899999618530273,-187.82998657226562,41.939998626708984,26.549999237060547,-227.33999633789062,590.3099975585938
528226603350855,10.589394580,99076,530,-2.54250168800354,1.9419103860855103,1.4603251218795776,3.2802703380584717,-0.7345691919326782,0.9978915452957153,-1.0,1.0,1.0,1.0,-0.7345691919326782,0.9978915452957153,-0.31324100494384766,0.05352306738495827,24.323944091796875,20.31324005126953,-34.73069763183594,24.29374122619629,1.619999885559082,-18.107999801635742,-0.9359999895095825,18.0,-42.768001556396484,16.236000061035156,-2.7899999618530273,-187.82998657226562,41.939998626708984,26.549999237060547,-227.33999633789062,590.3099975585938
528226613695348,10.599739073,99096,531,-2.54250168800354,1.9419103860855103,1.4603251218795776,3.2802703380584717,-0.7345691919326782,0.9978915452957153,-1.0,1.0,1.0,1.0,-0.7345691919326782,0.9978915452957153,-0.31324100494384766,0.05352306738495827,24.323944091796875,20.31324005126953,-34.73069763183594,24.29374122619629,1.619999885559082,-18.107999801635742,-0.9359999895095825,18.0,-42.768001556396484,16.236000061035156,-2.7899999618530273,-187.82998657226562,41.939998626708984,26.549999237060547,-227.33999633789062,590.3099975585938
528226634383103,10.620426828,99116,532,-2.622670888900757,1.965713381767273,1.4520682096481323,3.3609423637390137,-0.7775673270225525,1.0068320035934448,-1.0,1.0,1.0,1.0,-0.7775673270225525,1.0,-0.31324100494384766,0.05352306738495827,24.323944091796875,20.31324005126953,-35.592960357666016,24.323944091796875,1.619999885559082,-18.107999801635742,-0.9359999895095825,18.0,-42.768001556396484,16.236000061035156,-2.7899999618530273,-187.82998657226562,41.939998626708984,26.549999237060547,-227.33999633789062,590.3099975585938
528226655174329,10.641218054,99136,533,-2.661841869354248,1.9874563217163086,1.4497519731521606,3.416551113128662,-0.807812511920929,1.0309863090515137,-1.0,1.0,1.0,1.0,-0.807812511920929,1.0,-0.31324100494384766,0.05352306738495827,24.323944091796875,20.31324005126953,-36.19948196411133,24.323944091796875,1.619999885559082,-18.107999801635742,-0.9359999895095825,18.0,-42.768001556396484,16.236000061035156,-2.7899999618530273,-187.82998657226562,41.939998626708984,26.549999237060547,-227.33999633789062,590.3099975585938
528226676125259,10.662168984,99156,534,-2.692919969558716,2.0102663040161133,1.4693286418914795,3.473484754562378,-0.8349257111549377,1.055956482887268,-1.0,1.0,1.0,1.0,-0.8349257111549377,1.0,-0.31324100494384766,0.05352306738495827,24.323944091796875,20.31324005126953,-36.74319839477539,24.323944091796875,1.619999885559082,-18.107999801635742,-0.9359999895095825,18.0,-42.768001556396484,16.236000061035156,-2.7899999618530273,-187.82998657226562,41.939998626708984,26.549999237060547,-227.33999633789062,590.3099975585938
528226697404687,10.683448412,99176,535,-2.717628002166748,2.031627893447876,1.4864648580551147,3.5060763359069824,-0.8540368676185608,1.0582716464996338,-1.0,1.0,1.0,1.0,-0.8540368676185608,1.0,-0.31324100494384766,0.05352306738495827,24.323944091796875,20.31324005126953,-37.12644577026367,24.323944091796875,1.619999885559082,-18.107999801635742,-0.9359999895095825,18.0,-42.768001556396484,16.236000061035156,-2.7899999618530273,-187.82998657226562,41.939998626708984,26.549999237060547,-227.33999633789062,590.3099975585938
528226718622433,10.704666158,99196,536,-2.714143753051758,2.0483860969543457,1.4958921670913696,3.5038833618164062,-0.8572289347648621,1.0563420057296753,-1.0,1.0,1.0,1.0,-0.8572289347648621,1.0,-0.31324100494384766,0.05352306738495827,24.323944091796875,20.31324005126953,-37.19045639038086,24.323944091796875,1.619999885559082,-18.107999801635742,-0.9359999895095825,18.0,-42.768001556396484,16.236000061035156,-2.7899999618530273,-187.82998657226562,41.939998626708984,26.549999237060547,-227.33999633789062,590.3099975585938
528226739520799,10.725564524,99216,537,-2.674356698989868,2.034060001373291,1.472813606262207,3.4619414806365967,-0.827385425567627,1.0608574151992798,-1.0,1.0,1.0,1.0,-0.827385425567627,1.0,-0.31324100494384766,0.05352306738495827,24.323944091796875,20.31324005126953,-36.59199142456055,24.323944091796875,1.619999885559082,-18.107999801635742,-0.9359999895095825,18.0,-42.768001556396484,16.236000061035156,-2.7899999618530273,-187.82998657226562,41.939998626708984,26.549999237060547,-227.33999633789062,590.3099975585938
528226760523039,10.746566764,99236,538,-2.6526033878326416,2.0178167819976807,1.4600683450698853,3.408747911453247,-0.7966361045837402,1.0289300680160522,-1.0,1.0,1.0,1.0,-0.7966361045837402,1.0,-0.31324100494384766,0.05352306738495827,24.323944091796875,20.31324005126953,-35.97535705566406,24.323944091796875,1.619999885559082,-18.107999801635742,-0.9359999895095825,18.0,-42.768001556396484,16.236000061035156,-2.7899999618530273,-187.82998657226562,41.939998626708984,26.549999237060547,-227.33999633789062,590.3099975585938
528226781626559,10.767670284,99256,539,-2.602030038833618,2.016558885574341,1.488495945930481,3.363537311553955,-0.7711995840072632,1.0243682861328125,-1.0,1.0,1.0,1.0,-0.7711995840072632,1.0,-0.31324100494384766,0.05352306738495827,24.323944091796875,20.31324005126953,-35.46526336669922,24.323944091796875,1.619999885559082,-18.107999801635742,-0.9359999895095825,18.0,-42.768001556396484,16.236000061035156,-2.7899999618530273,-187.82998657226562,41.939998626708984,26.549999237060547,-227.33999633789062,590.3099975585938
528226802592378,10.788636103,99276,540,-2.5319015979766846,1.990694522857666,1.506946325302124,3.3133621215820312,-0.7213470339775085,1.030971884727478,-1.0,1.0,1.0,1.0,-0.7213470339775085,1.0,-0.31324100494384766,0.05352306738495827,24.323944091796875,20.31324005126953,-34.465545654296875,24.323944091796875,1.619999885559082,-18.107999801635742,-0.9359999895095825,18.0,-42.768001556396484,16.236000061035156,-2.7899999618530273,-187.82998657226562,41.939998626708984,26.549999237060547,-227.33999633789062,590.3099975585938
528226823798405,10.809842130,99296,541,-2.4300737380981445,1.972142219543457,1.5377062559127808,3.232316017150879,-0.6671549081802368,1.0397709608078003,-1.0,1.0,1.0,1.0,-0.6671549081802368,1.0,-0.31324100494384766,0.05352306738495827,24.323944091796875,20.31324005126953,-33.37880325317383,24.323944091796875,1.619999885559082,-18.107999801635742,-0.9359999895095825,18.0,-42.768001556396484,16.236000061035156,-2.7899999618530273,-187.82998657226562,41.939998626708984,26.549999237060547,-227.33999633789062,590.3099975585938
528226834628713,10.820672438,99316,542,-2.4300737380981445,1.972142219543457,1.5377062559127808,3.232316017150879,-0.6671549081802368,1.0397709608078003,-1.0,1.0,1.0,1.0,-0.6671549081802368,1.0,-0.31324100494384766,0.05352306738495827,24.323944091796875,20.31324005126953,-33.37880325317383,24.323944091796875,1.619999885559082,-18.107999801635742,-0.9359999895095825,18.0,-42.768001556396484,16.236000061035156,-2.7899999618530273,-187.82998657226562,41.939998626708984,26.549999237060547,-227.33999633789062,590.3099975585938
528226855549515,10.841593240,99336,543,-2.2617762088775635,1.9256387948989868,1.5196350812911987,3.079681873321533,-0.5734325051307678,1.049554467201233,-1.0,1.0,1.0,1.0,-0.5734325051307678,1.0,-0.31324100494384766,0.05352306738495827,24.323944091796875,20.31324005126953,-31.499338150024414,24.323944091796875,1.619999885559082,-18.107999801635742,-0.9359999895095825,18.0,-42.768001556396484,16.236000061035156,-2.7899999618530273,-187.82998657226562,41.939998626708984,26.549999237060547,-227.33999633789062,590.3099975585938
528226876553135,10.862596860,99356,544,-2.1215062141418457,1.8712679147720337,1.5264487266540527,2.943368911743164,-0.4832824468612671,1.043723702430725,-1.0,1.0,1.0,1.0,-0.4832824468612671,1.0,-0.31324100494384766,0.05352306738495827,24.323944091796875,20.31324005126953,-29.691513061523438,24.323944091796875,1.619999885559082,-18.107999801635742,-0.9359999895095825,18.0,-42.768001556396484,16.236000061035156,-2.7899999618530273,-187.82998657226562,41.939998626708984,26.549999237060547,-227.33999633789062,590.3099975585938
528226897664923,10.883708648,99376,545,-1.992470145225525,1.812768816947937,1.5534611940383911,2.82255220413208,-0.39410048723220825,1.03694486618042,-1.0,1.0,1.0,1.0,-0.39410048723220825,1.0,-0.31324100494384766,0.05352306738495827,24.323944091796875,20.31324005126953,-27.903100967407227,24.323944091796875,1.619999885559082,-18.107999801635742,-0.9359999895095825,18.0,-42.768001556396484,16.236000061035156,-2.7899999618530273,-187.82998657226562,41.939998626708984,26.549999237060547,-227.33999633789062,590.3099975585938
528226918651440,10.904695165,99396,546,-1.8309619426727295,1.747287392616272,1.5818979740142822,2.68747615814209,-0.291098415851593,1.0486000776290894,-1.0,1.0,1.0,1.0,-0.291098415851593,1.0,-0.31324100494384766,0.05352306738495827,24.323944091796875,20.31324005126953,-25.837547302246094,24.323944091796875,1.619999885559082,-18.107999801635742,-0.9359999895095825,18.0,-42.768001556396484,16.236000061035156,-2.7899999618530273,-187.82998657226562,41.939998626708984,26.549999237060547,-227.33999633789062,590.3099975585938
528226939617112,10.925660837,99416,547,-1.6592614650726318,1.678460717201233,1.6166374683380127,2.5409553050994873,-0.18495871126651764,1.0562750101089478,-1.0,1.0,1.0,1.0,-0.18495871126651764,1.0,-0.31324100494384766,0.05352306738495827,24.323944091796875,20.31324005126953,-23.709070205688477,24.323944091796875,1.619999885559082,-18.107999801635742,-0.9359999895095825,18.0,-42.768001556396484,16.236000061035156,-2.7899999618530273,-187.82998657226562,41.939998626708984,26.549999237060547,-227.33999633789062,590.3099975585938
528226960564132,10.946607857,99436,548,-1.5016090869903564,1.6052736043930054,1.6596976518630981,2.3959782123565674,-0.08345147967338562,1.0470983982086182,-1.0,1.0,1.0,1.0,-0.08345147967338562,1.0,-0.31324100494384766,0.05352306738495827,24.323944091796875,20.31324005126953,-21.673494338989258,24.323944091796875,1.619999885559082,-18.107999801635742,-0.9359999895095825,18.0,-42.768001556396484,16.236000061035156,-2.7899999618530273,-187.82998657226562,41.939998626708984,26.549999237060547,-227.33999633789062,590.3099975585938
528226981516152,10.967559877,99456,549,-1.3269284963607788,1.5164424180984497,1.6839873790740967,2.234037399291992,0.03316657990217209,1.0438677072525024,-1.0,1.0,1.0,1.0,0.03316657990217209,1.0,-0.31324100494384766,0.05352306738495827,24.323944091796875,20.31324005126953,-19.33489227294922,24.323944091796875,1.619999885559082,-18.107999801635742,-0.9359999895095825,18.0,-42.768001556396484,16.236000061035156,-2.7899999618530273,-187.82998657226562,41.939998626708984,26.549999237060547,-227.33999633789062,590.3099975585938
528227002371850,10.988415575,99476,550,-1.1641387939453125,1.4241423606872559,1.7119932174682617,2.067373752593994,0.1439054310321808,1.0267939567565918,-1.0,1.0,1.0,1.0,0.1439054310321808,1.0,-0.31324100494384766,0.05352306738495827,24.323944091796875,20.31324005126953,-17.114187240600586,24.323944091796875,1.619999885559082,-18.107999801635742,-0.9359999895095825,18.0,-42.768001556396484,16.236000061035156,-2.7899999618530273,-187.82998657226562,41.939998626708984,26.549999237060547,-227.33999633789062,590.3099975585938
528227023074537,11.009118262,99496,551,-0.9979941844940186,1.3404111862182617,1.757654070854187,1.9233509302139282,0.2475060224533081,1.0245143175125122,-0.9979941844940186,1.0,1.0,1.0,0.2475060224533081,1.0,-0.29255491495132446,0.05352306738495827,24.323944091796875,20.31324005126953,-15.03663158416748,24.323944091796875,1.619999885559082,-18.107999801635742,-0.9359999895095825,18.0,-42.768001556396484,16.236000061035156,-2.7899999618530273,-187.82998657226562,41.939998626708984,26.549999237060547,-227.33999633789062,590.3099975585938
528227033610619,11.019654344,99516,552,-0.9979941844940186,1.3404111862182617,1.757654070854187,1.9233509302139282,0.2475060224533081,1.0245143175125122,-0.9979941844940186,1.0,1.0,1.0,0.2475060224533081,1.0,-0.29255491495132446,0.05352306738495827,24.323944091796875,20.31324005126953,-15.03663158416748,24.323944091796875,1.619999885559082,-18.107999801635742,-0.9359999895095825,18.0,-42.768001556396484,16.236000061035156,-2.7899999618530273,-187.82998657226562,41.939998626708984,26.549999237060547,-227.33999633789062,590.3099975585938
528227054303217,11.040346942,99536,553,-0.8310538530349731,1.2589648962020874,1.7948333024978638,1.7852340936660767,0.34907859563827515,1.0219459533691406,-0.8310538530349731,1.0,1.0,1.0,0.34907859563827515,1.0,1.4291410446166992,0.05352306738495827,24.323944091796875,20.31324005126953,-12.99974250793457,24.323944091796875,1.619999885559082,-18.107999801635742,-0.9359999895095825,18.0,-42.768001556396484,16.236000061035156,-2.7899999618530273,-187.82998657226562,41.939998626708984,26.549999237060547,-227.33999633789062,590.3099975585938
528227075433558,11.061477283,99556,554,-0.6271172761917114,1.1589202880859375,1.8755580186843872,1.642372488975525,0.4756820797920227,1.0348176956176758,-0.6271172761917114,1.0,1.0,1.0,0.4756820797920227,1.0,3.5323879718780518,0.05352306738495827,24.323944091796875,20.31324005126953,-10.460897445678711,24.323944091796875,1.619999885559082,-18.107999801635742,-0.9359999895095825,18.0,-42.768001556396484,16.236000061035156,-2.7899999618530273,-187.82998657226562,41.939998626708984,26.549999237060547,-227.33999633789062,590.3099975585938
528227096516240,11.082559965,99576,555,-0.4417482316493988,1.043263554573059,1.9639817476272583,1.4876309633255005,0.6007363796234131,1.0355597734451294,-0.4417482316493988,1.0,1.0,1.0,0.6007363796234131,1.0,5.444143772125244,0.05352306738495827,24.323944091796875,20.31324005126953,-7.953118801116943,24.323944091796875,1.619999885559082,-18.107999801635742,-0.9359999895095825,18.0,-42.768001556396484,16.236000061035156,-2.7899999618530273,-187.82998657226562,41.939998626708984,26.549999237060547,-227.33999633789062,590.3099975585938
528227117669635,11.103713360,99596,556,-0.27381157875061035,0.9406093955039978,2.044377565383911,1.349069595336914,0.711448609828949,1.0362446308135986,-0.27381157875061035,0.9406093955039978,1.0,1.0,0.711448609828949,1.0,7.176115036010742,-1.1374671459197998,24.323944091796875,20.31324005126953,-5.732947826385498,24.323944091796875,1.619999885559082,-18.107999801635742,-0.9359999895095825,18.0,-42.768001556396484,16.236000061035156,-2.7899999618530273,-187.82998657226562,41.939998626708984,26.549999237060547,-227.33999633789062,590.3099975585938
528227138883489,11.124927214,99616,557,-0.12411338835954666,0.8556578159332275,2.1344330310821533,1.2504305839538574,0.8082034587860107,1.0422418117523193,-0.12411338835954666,0.8556578159332275,1.0,1.0,0.8082034587860107,1.0,8.719987869262695,-2.841046094894409,24.323944091796875,20.31324005126953,-3.7926723957061768,24.323944091796875,1.619999885559082,-18.107999801635742,-0.9359999895095825,18.0,-42.768001556396484,16.236000061035156,-2.7899999618530273,-187.82998657226562,41.939998626708984,26.549999237060547,-227.33999633789062,590.3099975585938
528227159784276,11.145828001,99636,558,0.0054598599672317505,0.7809343934059143,2.208889961242676,1.1594904661178589,0.8959500789642334,1.0440857410430908,0.0054598599672317505,0.7809343934059143,1.0,1.0,0.8959500789642334,1.0,10.056307792663574,-4.339514255523682,24.323944091796875,20.31324005126953,-2.0330450534820557,24.323944091796875,1.619999885559082,-18.107999801635742,-0.9359999895095825,18.0,-42.768001556396484,16.236000061035156,-2.7899999618530273,-187.82998657226562,41.939998626708984,26.549999237060547,-227.33999633789062,590.3099975585938
528227180480708,11.166524433,99656,559,0.10840147733688354,0.7116835117340088,2.2537121772766113,1.0667715072631836,0.9701266288757324,1.0338268280029297,0.10840147733688354,0.7116835117340088,1.0,1.0,0.9701266288757324,1.0,11.117969512939453,-5.728237628936768,24.323944091796875,20.31324005126953,-0.5455425381660461,24.323944091796875,1.619999885559082,-18.107999801635742,-0.9359999895095825,18.0,-42.768001556396484,16.236000061035156,-2.7899999618530273,-187.82998657226562,41.939998626708984,26.549999237060547,-227.33999633789062,590.3099975585938
528227201385721,11.187429446,99676,560,0.17349135875701904,0.6615814566612244,2.304978847503662,1.00245201587677,1.018676519393921,1.0226993560791016,0.17349135875701904,0.6615814566612244,1.0,1.0,1.0,1.0,11.789258003234863,-6.732960224151611,24.323944091796875,20.31324005126953,0.05352306738495827,24.323944091796875,1.619999885559082,-18.107999801635742,-0.9359999895095825,18.0,-42.768001556396484,16.236000061035156,-2.7899999618530273,-187.82998657226562,41.939998626708984,26.549999237060547,-227.33999633789062,590.3099975585938
528227222554056,11.208597781,99696,561,0.2147579789161682,0.6289574503898621,2.337099075317383,0.9648482799530029,1.052085280418396,1.0183546543121338,0.2147579789161682,0.6289574503898621,1.0,0.9648482799530029,1.0,1.0,12.214850425720215,-7.387186527252197,24.323944091796875,19.950712203979492,0.05352306738495827,24.323944091796875,1.619999885559082,-18.107999801635742,-0.9359999895095825,18.0,-42.768001556396484,16.236000061035156,-2.7899999618530273,-187.82998657226562,41.939998626708984,26.549999237060547,-227.33999633789062,590.3099975585938
528227243503076,11.229546801,99716,562,0.23543936014175415,0.6086608171463013,2.337184190750122,0.9398610591888428,1.0720570087432861,1.007479190826416,0.23543936014175415,0.6086608171463013,1.0,0.9398610591888428,1.0,1.0,12.428141593933105,-7.794206142425537,24.323944091796875,19.693012237548828,0.05352306738495827,24.323944091796875,1.619999885559082,-18.107999801635742,-0.9359999895095825,18.0,-42.768001556396484,16.236000061035156,-2.7899999618530273,-187.82998657226562,41.939998626708984,26.549999237060547,-227.33999633789062,590.3099975585938
528227254056380,11.240100105,99736,563,0.23543936014175415,0.6086608171463013,2.337184190750122,0.9398610591888428,1.0720570087432861,1.007479190826416,0.23543936014175415,0.6086608171463013,1.0,0.9398610591888428,1.0,1.0,12.428141593933105,-7.794206142425537,24.323944091796875,19.693012237548828,0.05352306738495827,24.323944091796875,1.619999885559082,-18.107999801635742,-0.9359999895095825,18.0,-42.768001556396484,16.236000061035156,-2.7899999618530273,-187.82998657226562,41.939998626708984,26.549999237060547,-227.33999633789062,590.3099975585938
528227274697562,11.260741287,99756,564,0.23692840337753296,0.6145172119140625,2.350924253463745,0.9557278752326965,1.0726464986801147,1.0133743286132812,0.23692840337753296,0.6145172119140625,1.0,0.9557278752326965,1.0,1.0,12.443499565124512,-7.676764011383057,24.323944091796875,19.85664939880371,0.05352306738495827,24.323944091796875,1.619999885559082,-18.107999801635742,-0.9359999895095825,18.0,-42.768001556396484,16.236000061035156,-2.7899999618530273,-187.82998657226562,41.939998626708984,26.549999237060547,-227.33999633789062,590.3099975585938
528227295401267,11.281444992,99776,565,0.20752111077308655,0.6375806927680969,2.361675977706909,0.9898499250411987,1.0492217540740967,1.0202175378799438,0.20752111077308655,0.6375806927680969,1.0,0.9898499250411987,1.0,1.0,12.140213966369629,-7.214260578155518,24.323944091796875,20.208559036254883,0.05352306738495827,24.323944091796875,1.619999885559082,-18.107999801635742,-0.9359999895095825,18.0,-42.768001556396484,16.236000061035156,-2.7899999618530273,-187.82998657226562,41.939998626708984,26.549999237060547,-227.33999633789062,590.3099975585938
528227316285848,11.302329573,99796,566,0.15007799863815308,0.6744933724403381,2.3563661575317383,1.0336779356002808,1.0051556825637817,1.0233769416809082,0.15007799863815308,0.6744933724403381,1.0,1.0,1.0,1.0,11.547789573669434,-6.4740309715271,24.323944091796875,20.31324005126953,0.05352306738495827,24.323944091796875,1.619999885559082,-18.107999801635742,-0.9359999895095825,18.0,-42.768001556396484,16.236000061035156,-2.7899999618530273,-187.82998657226562,41.939998626708984,26.549999237060547,-227.33999633789062,590.3099975585938
528227337336418,11.323380143,99816,567,0.0665283352136612,0.7260299921035767,2.343146562576294,1.0976234674453735,0.9417454600334167,1.0262641906738281,0.0665283352136612,0.7260299921035767,1.0,1.0,0.9417454600334167,1.0,10.686121940612793,-5.440540790557861,24.323944091796875,20.31324005126953,-1.11468505859375,24.323944091796875,1.619999885559082,-18.107999801635742,-0.9359999895095825,18.0,-42.768001556396484,16.236000061035156,-2.7899999618530273,-187.82998657226562,41.939998626708984,26.549999237060547,-227.33999633789062,590.3099975585938
528227358611325,11.344655050,99836,568,-0.0481291189789772,0.7981858253479004,2.3160529136657715,1.1922699213027954,0.8582746386528015,1.0260244607925415,-0.0481291189789772,0.7981858253479004,1.0,1.0,0.8582746386528015,1.0,9.503632545471191,-3.9935619831085205,24.323944091796875,20.31324005126953,-2.788569688796997,24.323944091796875,1.619999885559082,-18.107999801635742,-0.9359999895095825,18.0,-42.768001556396484,16.236000061035156,-2.7899999618530273,-187.82998657226562,41.939998626708984,26.549999237060547,-227.33999633789062,590.3099975585938
528227379409148,11.365452873,99856,569,-0.19223913550376892,0.8897989988327026,2.283221960067749,1.319320797920227,0.753118634223938,1.0290807485580444,-0.19223913550376892,0.8897989988327026,1.0,1.0,0.753118634223938,1.0,8.017391204833984,-2.1563947200775146,24.323944091796875,20.31324005126953,-4.897316932678223,24.323944091796875,1.619999885559082,-18.107999801635742,-0.9359999895095825,18.0,-42.768001556396484,16.236000061035156,-2.7899999618530273,-187.82998657226562,41.939998626708984,26.549999237060547,-227.33999633789062,590.3099975585938
528227400335020,11.386378745,99876,570,-0.3616163730621338,0.9940416812896729,2.233982801437378,1.468266248703003,0.6306079030036926,1.0317554473876953,-0.3616163730621338,0.9940416812896729,1.0,1.0,0.6306079030036926,1.0,6.270562648773193,-0.0659625455737114,24.323944091796875,20.31324005126953,-7.354089260101318,24.323944091796875,1.619999885559082,-18.107999801635742,-0.9359999895095825,18.0,-42.768001556396484,16.236000061035156,-2.7899999618530273,-187.82998657226562,41.939998626708984,26.549999237060547,-227.33999633789062,590.3099975585938
528227421036928,11.407080653,99896,571,-0.5593723058700562,1.105661153793335,2.1704752445220947,1.633697509765625,0.49206387996673584,1.029626488685608,-0.5593723058700562,1.0,1.0,1.0,0.49206387996673584,1.0,4.231058120727539,0.05352306738495827,24.323944091796875,20.31324005126953,-10.132384300231934,24.323944091796875,1.619999885559082,-18.107999801635742,-0.9359999895095825,18.0,-42.768001556396484,16.236000061035156,-2.7899999618530273,-187.82998657226562,41.939998626708984,26.549999237060547,-227.33999633789062,590.3099975585938
528227441717224,11.427760949,99916,572,-0.778260350227356,1.2164353132247925,2.0909337997436523,1.798674464225769,0.3524332642555237,1.0102347135543823,-0.778260350227356,1.0,1.0,1.0,0.3524332642555237,1.0,1.973612904548645,0.05352306738495827,24.323944091796875,20.31324005126953,-12.932470321655273,24.323944091796875,1.619999885559082,-18.107999801635742,-0.9359999895095825,18.0,-42.768001556396484,16.236000061035156,-2.7899999618530273,-187.82998657226562,41.939998626708984,26.549999237060547,-227.33999633789062,590.3099975585938
528227462446851,11.448490576,99936,573,-1.0101313591003418,1.327772617340088,2.001765727996826,1.976502776145935,0.20654956996440887,0.9893025159835815,-1.0,1.0,1.0,1.0,0.20654956996440887,0.9893025159835815,-0.31324100494384766,0.05352306738495827,24.323944091796875,20.31324005126953,-15.857951164245605,24.170713424682617,1.619999885559082,-18.107999801635742,-0.9359999895095825,18.0,-42.768001556396484,16.236000061035156,-2.7899999618530273,-187.82998657226562,41.939998626708984,26.549999237060547,-227.33999633789062,590.3099975585938
528227483299311,11.469343036,99956,574,-1.2460227012634277,1.4343619346618652,1.9081581830978394,2.1604509353637695,0.060081031173467636,0.9683850407600403,-1.0,1.0,1.0,1.0,0.060081031173467636,0.9683850407600403,-0.31324100494384766,0.05352306738495827,24.323944091796875,20.31324005126953,-18.795162200927734,23.87109375,1.619999885559082,-18.107999801635742,-0.9359999895095825,18.0,-42.768001556396484,16.236000061035156,-2.7899999618530273,-187.82998657226562,41.939998626708984,26.549999237060547,-227.33999633789062,590.3099975585938
528227493858577,11.479902302,99976,575,-1.2460227012634277,1.4343619346618652,1.9081581830978394,2.1604509353637695,0.060081031173467636,0.9683850407600403,-1.0,1.0,1.0,1.0,0.060081031173467636,0.9683850407600403,-0.31324100494384766,0.05352306738495827,24.323944091796875,20.31324005126953,-18.795162200927734,23.87109375,1.619999885559082,-18.107999801635742,-0.9359999895095825,18.0,-42.768001556396484,16.236000061035156,-2.7899999618530273,-187.82998657226562,41.939998626708984,26.549999237060547,-227.33999633789062,590.3099975585938
528227514657465,11.500701190,99996,576,-1.3772159814834595,1.501579999923706,1.8320471048355103,2.2912535667419434,-0.02351480722427368,0.9850834012031555,-1.0,1.0,1.0,1.0,-0.02351480722427368,0.9850834012031555,-0.31324100494384766,0.05352306738495827,24.323944091796875,20.31324005126953,-20.4715518951416,24.110279083251953,1.619999885559082,-18.107999801635742,-0.9359999895095825,18.0,-42.768001556396484,16.236000061035156,-2.7899999618530273,-187.82998657226562,41.939998626708984,26.549999237060547,-227.33999633789062,590.3099975585938
528227535516014,11.521559739,100016,577,-1.5213878154754639,1.5741188526153564,1.7908114194869995,2.4360103607177734,-0.12074558436870575,1.0067280530929565,-1.0,1.0,1.0,1.0,-0.12074558436870575,1.0,-0.31324100494384766,0.05352306738495827,24.323944091796875,20.31324005126953,-22.421371459960938,24.323944091796875,1.619999885559082,-18.107999801635742,-0.9359999895095825,18.0,-42.768001556396484,16.236000061035156,-2.7899999618530273,-187.82998657226562,41.939998626708984,26.549999237060547,-227.33999633789062,590.3099975585938
528227556387614,11.542431339,100036,578,-1.6546698808670044,1.6346311569213867,1.7314107418060303,2.5653185844421387,-0.20821841061115265,1.0276567935943604,-1.0,1.0,1.0,1.0,-0.20821841061115265,1.0,-0.31324100494384766,0.05352306738495827,24.323944091796875,20.31324005126953,-24.17551040649414,24.323944091796875,1.619999885559082,-18.107999801635742,-0.9359999895095825,18.0,-42.768001556396484,16.236000061035156,-2.7899999618530273,-187.82998657226562,41.939998626708984,26.549999237060547,-227.33999633789062,590.3099975585938
528227577163930,11.563207655,100056,579,-1.7909724712371826,1.6869434118270874,1.668327808380127,2.6790506839752197,-0.29220443964004517,1.0378026962280273,-1.0,1.0,1.0,1.0,-0.29220443964004517,1.0,-0.31324100494384766,0.05352306738495827,24.323944091796875,20.31324005126953,-25.859725952148438,24.323944091796875,1.619999885559082,-18.107999801635742,-0.9359999895095825,18.0,-42.768001556396484,16.236000061035156,-2.7899999618530273,-187.82998657226562,41.939998626708984,26.549999237060547,-227.33999633789062,590.3099975585938
528227598198521,11.584242246,100076,580,-1.9230802059173584,1.734799861907959,1.612780213356018,2.7914791107177734,-0.3724415898323059,1.052350401878357,-1.0,1.0,1.0,1.0,-0.3724415898323059,1.0,-0.31324100494384766,0.05352306738495827,24.323944091796875,20.31324005126953,-27.46876335144043,24.323944091796875,1.619999885559082,-18.107999801635742,-0.9359999895095825,18.0,-42.768001556396484,16.236000061035156,-2.7899999618530273,-187.82998657226562,41.939998626708984,26.549999237060547,-227.33999633789062,590.3099975585938
528227619090239,11.605133964,100096,581,-2.0469186305999756,1.7771035432815552,1.5600510835647583,2.8952560424804688,-0.4462290406227112,1.067150592803955,-1.0,1.0,1.0,1.0,-0.4462290406227112,1.0,-0.31324100494384766,0.05352306738495827,24.323944091796875,20.31324005126953,-28.948461532592773,24.323944091796875,1.619999885559082,-18.107999801635742,-0.9359999895095825,18.0,-42.768001556396484,16.236000061035156,-2.7899999618530273,-187.82998657226562,41.939998626708984,26.549999237060547,-227.33999633789062,590.3099975585938
528227639850653,11.625894378,100116,582,-2.1649270057678223,1.8108500242233276,1.5090855360031128,2.990696430206299,-0.5100414156913757,1.079626441001892,-1.0,1.0,1.0,1.0,-0.5100414156913757,1.0,-0.31324100494384766,0.05352306738495827,24.323944091796875,20.31324005126953,-30.228124618530273,24.323944091796875,1.619999885559082,-18.107999801635742,-0.9359999895095825,18.0,-42.768001556396484,16.236000061035156,-2.7899999618530273,-187.82998657226562,41.939998626708984,26.549999237060547,-227.33999633789062,590.3099975585938
528227660791125,11.646834850,100136,583,-2.2658932209014893,1.8453153371810913,1.47049880027771,3.0776777267456055,-0.5710916519165039,1.0952606201171875,-1.0,1.0,1.0,1.0,-0.5710916519165039,1.0,-0.31324100494384766,0.05352306738495827,24.323944091796875,20.31324005126953,-31.4523983001709,24.323944091796875,1.619999885559082,-18.107999801635742,-0.9359999895095825,18.0,-42.768001556396484,16.236000061035156,-2.7899999618530273,-187.82998657226562,41.939998626708984,26.549999237060547,-227.33999633789062,590.3099975585938
528227681635126,11.667678851,100156,584,-2.352931499481201,1.877679705619812,1.4411503076553345,3.1574368476867676,-0.6260197758674622,1.1114851236343384,-1.0,1.0,1.0,1.0,-0.6260197758674622,1.0,-0.31324100494384766,0.05352306738495827,24.323944091796875,20.31324005126953,-32.553897857666016,24.323944091796875,1.619999885559082,-18.107999801635742,-0.9359999895095825,18.0,-42.768001556396484,16.236000061035156,-2.7899999618530273,-187.82998657226562,41.939998626708984,26.549999237060547,-227.33999633789062,590.3099975585938
528227702601387,11.688645112,100176,585,-2.4381942749023438,1.8982064723968506,1.407297968864441,3.2240941524505615,-0.6692463755607605,1.1128125190734863,-1.0,1.0,1.0,1.0,-0.6692463755607605,1.0,-0.31324100494384766,0.05352306738495827,24.323944091796875,20.31324005126953,-33.420745849609375,24.323944091796875,1.619999885559082,-18.107999801635742,-0.9359999895095825,18.0,-42.768001556396484,16.236000061035156,-2.7899999618530273,-187.82998657226562,41.939998626708984,26.549999237060547,-227.33999633789062,590.3099975585938
528227723343076,11.709386801,100196,586,-2.501532793045044,1.9190534353256226,1.3841891288757324,3.277031421661377,-0.7052897810935974,1.1183645725250244,-1.0,1.0,1.0,1.0,-0.7052897810935974,1.0,-0.31324100494384766,0.05352306738495827,24.323944091796875,20.31324005126953,-34.14353942871094,24.323944091796875,1.619999885559082,-18.107999801635742,-0.9359999895095825,18.0,-42.768001556396484,16.236000061035156,-2.7899999618530273,-187.82998657226562,41.939998626708984,26.549999237060547,-227.33999633789062,590.3099975585938
528227733763267,11.719806992,100216,587,-2.501532793045044,1.9190534353256226,1.3841891288757324,3.277031421661377,-0.7052897810935974,1.1183645725250244,-1.0,1.0,1.0,1.0,-0.7052897810935974,1.0,-0.31324100494384766,0.05352306738495827,24.323944091796875,20.31324005126953,-34.14353942871094,24.323944091796875,1.619999885559082,-18.107999801635742,-0.9359999895095825,18.0,-42.768001556396484,16.236000061035156,-2.7899999618530273,-187.82998657226562,41.939998626708984,26.549999237060547,-227.33999633789062,590.3099975585938
528227754686548,11.740730273,100236,588,-2.553088903427124,1.9402403831481934,1.382217288017273,3.334519147872925,-0.7359245419502258,1.125266671180725,-1.0,1.0,1.0,1.0,-0.7359245419502258,1.0,-0.31324100494384766,0.05352306738495827,24.323944091796875,20.31324005126953,-34.75787353515625,24.323944091796875,1.619999885559082,-18.107999801635742,-0.9359999895095825,18.0,-42.768001556396484,16.236000061035156,-2.7899999618530273,-187.82998657226562,41.939998626708984,26.549999237060547,-227.33999633789062,590.3099975585938
528227775700707,11.761744432,100256,589,-2.590407133102417,1.9579646587371826,1.380795955657959,3.3708057403564453,-0.7587307095527649,1.124422550201416,-1.0,1.0,1.0,1.0,-0.7587307095527649,1.0,-0.31324100494384766,0.05352306738495827,24.323944091796875,20.31324005126953,-35.2152214050293,24.323944091796875,1.619999885559082,-18.107999801635742,-0.9359999895095825,18.0,-42.768001556396484,16.236000061035156,-2.7899999618530273,-187.82998657226562,41.939998626708984,26.549999237060547,-227.33999633789062,590.3099975585938
528227796697526,11.782741251,100276,590,-2.6104555130004883,1.9729671478271484,1.3877898454666138,3.394970178604126,-0.7727365493774414,1.1234333515167236,-1.0,1.0,1.0,1.0,-0.7727365493774414,1.0,-0.31324100494384766,0.05352306738495827,24.323944091796875,20.31324005126953,-35.496089935302734,24.323944091796875,1.619999885559082,-18.107999801635742,-0.9359999895095825,18.0,-42.768001556396484,16.236000061035156,-2.7899999618530273,-187.82998657226562,41.939998626708984,26.549999237060547,-227.33999633789062,590.3099975585938
528227817613711,11.803657436,100296,591,-2.6144819259643555,1.9822800159454346,1.3965405225753784,3.4012610912323,-0.7754469513893127,1.117801308631897,-1.0,1.0,1.0,1.0,-0.7754469513893127,1.0,-0.31324100494384766,0.05352306738495827,24.323944091796875,20.31324005126953,-35.55044174194336,24.323944091796875,1.619999885559082,-18.107999801635742,-0.9359999895095825,18.0,-42.768001556396484,16.236000061035156,-2.7899999618530273,-187.82998657226562,41.939998626708984,26.549999237060547,-227.33999633789062,590.3099975585938
528227838321257,11.824364982,100316,592,-2.598005533218384,1.9850590229034424,1.4081536531448364,3.3907830715179443,-0.7655231952667236,1.1119410991668701,-1.0,1.0,1.0,1.0,-0.7655231952667236,1.0,-0.31324100494384766,0.05352306738495827,24.323944091796875,20.31324005126953,-35.35143280029297,24.323944091796875,1.619999885559082,-18.107999801635742,-0.9359999895095825,18.0,-42.768001556396484,16.236000061035156,-2.7899999618530273,-187.82998657226562,41.939998626708984,26.549999237060547,-227.33999633789062,590.3099975585938
528227858964876,11.845008601,100336,593,-2.5640244483947754,1.9813385009765625,1.4209822416305542,3.3599281311035156,-0.7438746690750122,1.1045928001403809,-1.0,1.0,1.0,1.0,-0.7438746690750122,1.0,-0.31324100494384766,0.05352306738495827,24.323944091796875,20.31324005126953,-34.91730499267578,24.323944091796875,1.619999885559082,-18.107999801635742,-0.9359999895095825,18.0,-42.768001556396484,16.236000061035156,-2.7899999618530273,-187.82998657226562,41.939998626708984,26.549999237060547,-227.33999633789062,590.3099975585938
528227879631794,11.865675519,100356,594,-2.505812406539917,1.970834732055664,1.4366825819015503,3.310607433319092,-0.7092254757881165,1.102708339691162,-1.0,1.0,1.0,1.0,-0.7092254757881165,1.0,-0.31324100494384766,0.05352306738495827,24.323944091796875,20.31324005126953,-34.22246551513672,24.323944091796875,1.619999885559082,-18.107999801635742,-0.9359999895095825,18.0,-42.768001556396484,16.236000061035156,-2.7899999618530273,-187.82998657226562,41.939998626708984,26.549999237060547,-227.33999633789062,590.3099975585938
528227900407596,11.886451321,100376,595,-2.4282467365264893,1.9547040462493896,1.4574710130691528,3.245447874069214,-0.6641685366630554,1.1017239093780518,-1.0,1.0,1.0,1.0,-0.6641685366630554,1.0,-0.31324100494384766,0.05352306738495827,24.323944091796875,20.31324005126953,-33.31891632080078,24.323944091796875,1.619999885559082,-18.107999801635742,-0.9359999895095825,18.0,-42.768001556396484,16.236000061035156,-2.7899999618530273,-187.82998657226562,41.939998626708984,26.549999237060547,-227.33999633789062,590.3099975585938
528227921519196,11.907562921,100396,596,-2.332618236541748,1.9309993982315063,1.479770541191101,3.1631557941436768,-0.6077249646186829,1.099230408668518,-1.0,1.0,1.0,1.0,-0.6077249646186829,1.0,-0.31324100494384766,0.05352306738495827,24.323944091796875,20.31324005126953,-32.18702697753906,24.323944091796875,1.619999885559082,-18.107999801635742,-0.9359999895095825,18.0,-42.768001556396484,16.236000061035156,-2.7899999618530273,-187.82998657226562,41.939998626708984,26.549999237060547,-227.33999633789062,590.3099975585938
528227942490385,11.928534110,100416,597,-2.225219488143921,1.8979119062423706,1.5046944618225098,3.0690042972564697,-0.5406275391578674,1.093144416809082,-1.0,1.0,1.0,1.0,-0.5406275391578674,1.0,-0.31324100494384766,0.05352306738495827,24.323944091796875,20.31324005126953,-30.84148597717285,24.323944091796875,1.619999885559082,-18.107999801635742,-0.9359999895095825,18.0,-42.768001556396484,16.236000061035156,-2.7899999618530273,-187.82998657226562,41.939998626708984,26.549999237060547,-227.33999633789062,590.3099975585938
528227963592675,11.949636400,100436,598,-2.1083312034606934,1.857102870941162,1.5343109369277954,2.9637787342071533,-0.465797483921051,1.0838298797607422,-1.0,1.0,1.0,1.0,-0.465797483921051,1.0,-0.31324100494384766,0.05352306738495827,24.323944091796875,20.31324005126953,-29.340879440307617,24.323944091796875,1.619999885559082,-18.107999801635742,-0.9359999895095825,18.0,-42.768001556396484,16.236000061035156,-2.7899999618530273,-187.82998657226562,41.939998626708984,26.549999237060547,-227.33999633789062,590.3099975585938
528227974029619,11.960073344,100456,599,-2.1083312034606934,1.857102870941162,1.5343109369277954,2.9637787342071533,-0.465797483921051,1.0838298797607422,-1.0,1.0,1.0,1.0,-0.465797483921051,1.0,-0.31324100494384766,0.05352306738495827,24.323944091796875,20.31324005126953,-29.340879440307617,24.323944091796875,1.619999885559082,-18.107999801635742,-0.9359999895095825,18.0,-42.768001556396484,16.236000061035156,-2.7899999618530273,-187.82998657226562,41.939998626708984,26.549999237060547,-227.33999633789062,590.3099975585938
528227994756626,11.980800351,100476,600,-1.9754467010498047,1.8106811046600342,1.5695933103561401,2.8467698097229004,-0.3834129571914673,1.0768392086029053,-1.0,1.0,1.0,1.0,-0.3834129571914673,1.0,-0.31324100494384766,0.05352306738495827,24.323944091796875,20.31324005126953,-27.688779830932617,24.323944091796875,1.619999885559082,-18.107999801635742,-0.9359999895095825,18.0,-42.768001556396484,16.236000061035156,-2.7899999618530273,-187.82998657226562,41.939998626708984,26.549999237060547,-227.33999633789062,590.3099975585938
528228015588249,12.001631974,100496,601,-1.8375754356384277,1.7574485540390015,1.612027883529663,2.7245848178863525,-0.296577513217926,1.0673941373825073,-1.0,1.0,1.0,1.0,-0.296577513217926,1.0,-0.31324100494384766,0.05352306738495827,24.323944091796875,20.31324005126953,-25.94742202758789,24.323944091796875,1.619999885559082,-18.107999801635742,-0.9359999895095825,18.0,-42.768001556396484,16.236000061035156,-2.7899999618530273,-187.82998657226562,41.939998626708984,26.549999237060547,-227.33999633789062,590.3099975585938
528228036526100,12.022569825,100516,602,-1.6922444105148315,1.6963120698928833,1.6568527221679688,2.5947375297546387,-0.2039848417043686,1.0572925806045532,-1.0,1.0,1.0,1.0,-0.2039848417043686,1.0,-0.31324100494384766,0.05352306738495827,24.323944091796875,20.31324005126953,-24.090612411499023,24.323944091796875,1.619999885559082,-18.107999801635742,-0.9359999895095825,18.0,-42.768001556396484,16.236000061035156,-2.7899999618530273,-187.82998657226562,41.939998626708984,26.549999237060547,-227.33999633789062,590.3099975585938
528228057658640,12.043702365,100536,603,-1.545792818069458,1.6258541345596313,1.7027101516723633,2.4586541652679443,-0.10667307674884796,1.0441710948944092,-1.0,1.0,1.0,1.0,-0.10667307674884796,1.0,-0.31324100494384766,0.05352306738495827,24.323944091796875,20.31324005126953,-22.139169692993164,24.323944091796875,1.619999885559082,-18.107999801635742,-0.9359999895095825,18.0,-42.768001556396484,16.236000061035156,-2.7899999618530273,-187.82998657226562,41.939998626708984,26.549999237060547,-227.33999633789062,590.3099975585938
528228078621933,12.064665658,100556,604,-1.3927263021469116,1.5510987043380737,1.7523579597473145,2.3195183277130127,-0.008081451058387756,1.0328583717346191,-1.0,1.0,1.0,1.0,-0.008081451058387756,1.0,-0.31324100494384766,0.05352306738495827,24.323944091796875,20.31324005126953,-20.162059783935547,24.323944091796875,1.619999885559082,-18.107999801635742,-0.9359999895095825,18.0,-42.768001556396484,16.236000061035156,-2.7899999618530273,-187.82998657226562,41.939998626708984,26.549999237060547,-227.33999633789062,590.3099975585938
528228099683796,12.085727521,100576,605,-1.238450527191162,1.4729567766189575,1.804443597793579,2.180976629257202,0.09016091376543045,1.0221147537231445,-1.0,1.0,1.0,1.0,0.09016091376543045,1.0,-0.31324100494384766,0.05352306738495827,24.323944091796875,20.31324005126953,-18.19195556640625,24.323944091796875,1.619999885559082,-18.107999801635742,-0.9359999895095825,18.0,-42.768001556396484,16.236000061035156,-2.7899999618530273,-187.82998657226562,41.939998626708984,26.549999237060547,-227.33999633789062,590.3099975585938
528228120673888,12.106717613,100596,606,-1.086562991142273,1.391474723815918,1.8551945686340332,2.0427143573760986,0.18724840879440308,1.0099685192108154,-1.0,1.0,1.0,1.0,0.18724840879440308,1.0,-0.31324100494384766,0.05352306738495827,24.323944091796875,20.31324005126953,-16.24500846862793,24.323944091796875,1.619999885559082,-18.107999801635742,-0.9359999895095825,18.0,-42.768001556396484,16.236000061035156,-2.7899999618530273,-187.82998657226562,41.939998626708984,26.549999237060547,-227.33999633789062,590.3099975585938
528228141654555,12.127698280,100616,607,-0.9396402835845947,1.3096519708633423,1.9048259258270264,1.9098920822143555,0.281490683555603,0.9994332790374756,-0.9396402835845947,1.0,1.0,1.0,0.281490683555603,0.9994332790374756,0.3092632591724396,0.05352306738495827,24.323944091796875,20.31324005126953,-14.355118751525879,24.315826416015625,1.619999885559082,-18.107999801635742,-0.9359999895095825,18.0,-42.768001556396484,16.236000061035156,-2.7899999618530273,-187.82998657226562,41.939998626708984,26.549999237060547,-227.33999633789062,590.3099975585938
528228162741149,12.148784874,100636,608,-0.7788428068161011,1.2192788124084473,1.9587162733078003,1.7711886167526245,0.38556456565856934,0.9948484301567078,-0.7788428068161011,1.0,1.0,1.0,0.38556456565856934,0.9948484301567078,1.9676066637039185,0.05352306738495827,24.323944091796875,20.31324005126953,-12.268071174621582,24.250150680541992,1.619999885559082,-18.107999801635742,-0.9359999895095825,18.0,-42.768001556396484,16.236000061035156,-2.7899999618530273,-187.82998657226562,41.939998626708984,26.549999237060547,-227.33999633789062,590.3099975585938
528228183544251,12.169587976,100656,609,-0.5863276720046997,1.1140841245651245,2.0212628841400146,1.6201435327529907,0.5105147361755371,1.0046807527542114,-0.5863276720046997,1.0,1.0,1.0,0.5105147361755371,1.0,3.9530608654022217,0.05352306738495827,24.323944091796875,20.31324005126953,-9.762380599975586,24.323944091796875,1.619999885559082,-18.107999801635742,-0.9359999895095825,18.0,-42.768001556396484,16.236000061035156,-2.7899999618530273,-187.82998657226562,41.939998626708984,26.549999237060547,-227.33999633789062,590.3099975585938
528228194211292,12.180255017,100676,610,-0.5863276720046997,1.1140841245651245,2.0212628841400146,1.6201435327529907,0.5105147361755371,1.0046807527542114,-0.5863276720046997,1.0,1.0,1.0,0.5105147361755371,1.0,3.9530608654022217,0.05352306738495827,24.323944091796875,20.31324005126953,-9.762380599975586,24.323944091796875,1.619999885559082,-18.107999801635742,-0.9359999895095825,18.0,-42.768001556396484,16.236000061035156,-2.7899999618530273,-187.82998657226562,41.939998626708984,26.549999237060547,-227.33999633789062,590.3099975585938
528228215117685,12.201161410,100696,611,-0.3949156403541565,1.0094045400619507,2.0885345935821533,1.4776737689971924,0.63372802734375,1.0204577445983887,-0.3949156403541565,1.0,1.0,1.0,0.63372802734375,1.0,5.9271392822265625,0.05352306738495827,24.323944091796875,20.31324005126953,-7.2915191650390625,24.323944091796875,1.619999885559082,-18.107999801635742,-0.9359999895095825,18.0,-42.768001556396484,16.236000061035156,-2.7899999618530273,-187.82998657226562,41.939998626708984,26.549999237060547,-227.33999633789062,590.3099975585938
528228236073476,12.222117201,100716,612,-0.2211402952671051,0.9097287654876709,2.1500701904296875,1.3479293584823608,0.7480570673942566,1.036393165588379,-0.2211402952671051,0.9097287654876709,1.0,1.0,0.7480570673942566,1.0,7.719325542449951,-1.7567330598831177,24.323944091796875,20.31324005126953,-4.9988203048706055,24.323944091796875,1.619999885559082,-18.107999801635742,-0.9359999895095825,18.0,-42.768001556396484,16.236000061035156,-2.7899999618530273,-187.82998657226562,41.939998626708984,26.549999237060547,-227.33999633789062,590.3099975585938
528228257056649,12.243100374,100736,613,-0.06660991907119751,0.8191648125648499,2.2114245891571045,1.232094407081604,0.8543432354927063,1.0439667701721191,-0.06660991907119751,0.8191648125648499,1.0,1.0,0.8543432354927063,1.0,9.313035011291504,-3.572859764099121,24.323944091796875,20.31324005126953,-2.8674070835113525,24.323944091796875,1.619999885559082,-18.107999801635742,-0.9359999895095825,18.0,-42.768001556396484,16.236000061035156,-2.7899999618530273,-187.82998657226562,41.939998626708984,26.549999237060547,-227.33999633789062,590.3099975585938
528228278171972,12.264215697,100756,614,0.062344878911972046,0.7412237524986267,2.2626914978027344,1.134292483329773,0.9443943500518799,1.0489197969436646,0.062344878911972046,0.7412237524986267,1.0,1.0,0.9443943500518799,1.0,10.642976760864258,-5.1358513832092285,24.323944091796875,20.31324005126953,-1.061566710472107,24.323944091796875,1.619999885559082,-18.107999801635742,-0.9359999895095825,18.0,-42.768001556396484,16.236000061035156,-2.7899999618530273,-187.82998657226562,41.939998626708984,26.549999237060547,-227.33999633789062,590.3099975585938
528228299366794,12.285410519,100776,615,0.1624055802822113,0.680092453956604,2.304506778717041,1.059739112854004,1.0147292613983154,1.0533549785614014,0.1624055802822113,0.680092453956604,1.0,1.0,1.0,1.0,11.6749267578125,-6.361749649047852,24.323944091796875,20.31324005126953,0.05352306738495827,24.323944091796875,1.619999885559082,-18.107999801635742,-0.9359999895095825,18.0,-42.768001556396484,16.236000061035156,-2.7899999618530273,-187.82998657226562,41.939998626708984,26.549999237060547,-227.33999633789062,590.3099975585938
528228320656343,12.306700068,100796,616,0.23122042417526245,0.6375260949134827,2.332453727722168,1.0096399784088135,1.0645127296447754,1.0559805631637573,0.23122042417526245,0.6375260949134827,1.0,1.0,1.0,1.0,12.38463020324707,-7.215354919433594,24.323944091796875,20.31324005126953,0.05352306738495827,24.323944091796875,1.619999885559082,-18.107999801635742,-0.9359999895095825,18.0,-42.768001556396484,16.236000061035156,-2.7899999618530273,-187.82998657226562,41.939998626708984,26.549999237060547,-227.33999633789062,590.3099975585938
528228341719553,12.327763278,100816,617,0.264187753200531,0.6160909533500671,2.3448877334594727,0.9892410039901733,1.0923603773117065,1.0562511682510376,0.264187753200531,0.6160909533500671,1.0,0.9892410039901733,1.0,1.0,12.724630355834961,-7.645205497741699,24.323944091796875,20.202280044555664,0.05352306738495827,24.323944091796875,1.619999885559082,-18.107999801635742,-0.9359999895095825,18.0,-42.768001556396484,16.236000061035156,-2.7899999618530273,-187.82998657226562,41.939998626708984,26.549999237060547,-227.33999633789062,590.3099975585938
528228362785530,12.348829255,100836,618,0.2689359784126282,0.6116111278533936,2.3472495079040527,0.9860178232192993,1.0972728729248047,1.0551097393035889,0.2689359784126282,0.6116111278533936,1.0,0.9860178232192993,1.0,1.0,12.773600578308105,-7.73504114151001,24.323944091796875,20.169038772583008,0.05352306738495827,24.323944091796875,1.619999885559082,-18.107999801635742,-0.9359999895095825,18.0,-42.768001556396484,16.236000061035156,-2.7899999618530273,-187.82998657226562,41.939998626708984,26.549999237060547,-227.33999633789062,590.3099975585938
528228383579493,12.369623218,100856,619,0.2453812062740326,0.6256958246231079,2.3439319133758545,1.003575325012207,1.0797878503799438,1.054708480834961,0.2453812062740326,0.6256958246231079,1.0,1.0,1.0,1.0,12.530674934387207,-7.452593803405762,24.323944091796875,20.31324005126953,0.05352306738495827,24.323944091796875,1.619999885559082,-18.107999801635742,-0.9359999895095825,18.0,-42.768001556396484,16.236000061035156,-2.7899999618530273,-187.82998657226562,41.939998626708984,26.549999237060547,-227.33999633789062,590.3099975585938
528228394197373,12.380241098,100876,620,0.2453812062740326,0.6256958246231079,2.3439319133758545,1.003575325012207,1.0797878503799438,1.054708480834961,0.2453812062740326,0.6256958246231079,1.0,1.0,1.0,1.0,12.530674934387207,-7.452593803405762,24.323944091796875,20.31324005126953,0.05352306738495827,24.323944091796875,1.619999885559082,-18.107999801635742,-0.9359999895095825,18.0,-42.768001556396484,16.236000061035156,-2.7899999618530273,-187.82998657226562,41.939998626708984,26.549999237060547,-227.33999633789062,590.3099975585938
528228414909746,12.400953471,100896,621,0.19429799914360046,0.6599446535110474,2.3390605449676514,1.0465501546859741,1.0399489402770996,1.0591545104980469,0.19429799914360046,0.6599446535110474,1.0,1.0,1.0,1.0,12.003840446472168,-6.76578426361084,24.323944091796875,20.31324005126953,0.05352306738495827,24.323944091796875,1.619999885559082,-18.107999801635742,-0.9359999895095825,18.0,-42.768001556396484,16.236000061035156,-2.7899999618530273,-187.82998657226562,41.939998626708984,26.549999237060547,-227.33999633789062,590.3099975585938
528228435792294,12.421836019,100916,622,0.11832629144191742,0.7093008756637573,2.323035955429077,1.1083307266235352,0.9803357720375061,1.0632469654083252,0.11832629144191742,0.7093008756637573,1.0,1.0,0.9803357720375061,1.0,11.22032642364502,-5.776018142700195,24.323944091796875,20.31324005126953,-0.340814471244812,24.323944091796875,1.619999885559082,-18.107999801635742,-0.9359999895095825,18.0,-42.768001556396484,16.236000061035156,-2.7899999618530273,-187.82998657226562,41.939998626708984,26.549999237060547,-227.33999633789062,590.3099975585938
528228456747850,12.442791575,100936,623,0.014173999428749084,0.7743002772331238,2.2986769676208496,1.1902191638946533,0.9008958339691162,1.0659499168395996,0.014173999428749084,0.7743002772331238,1.0,1.0,0.9008958339691162,1.0,10.14617919921875,-4.472550868988037,24.323944091796875,20.31324005126953,-1.9338637590408325,24.323944091796875,1.619999885559082,-18.107999801635742,-0.9359999895095825,18.0,-42.768001556396484,16.236000061035156,-2.7899999618530273,-187.82998657226562,41.939998626708984,26.549999237060547,-227.33999633789062,590.3099975585938
528228477499244,12.463542969,100956,624,-0.12339333444833755,0.8565697073936462,2.2573626041412354,1.299688458442688,0.8023245334625244,1.0648925304412842,-0.12339333444833755,0.8565697073936462,1.0,1.0,0.8023245334625244,1.0,8.72741413116455,-2.8227598667144775,24.323944091796875,20.31324005126953,-3.910566568374634,24.323944091796875,1.619999885559082,-18.107999801635742,-0.9359999895095825,18.0,-42.768001556396484,16.236000061035156,-2.7899999618530273,-187.82998657226562,41.939998626708984,26.549999237060547,-227.33999633789062,590.3099975585938
528228498382005,12.484425730,100976,625,-0.2909470796585083,0.9535284042358398,2.203249216079712,1.4326237440109253,0.6839927434921265,1.0618691444396973,-0.2909470796585083,0.9535284042358398,1.0,1.0,0.6839927434921265,1.0,6.999392032623291,-0.8783964514732361,24.323944091796875,20.31324005126953,-6.283535480499268,24.323944091796875,1.619999885559082,-18.107999801635742,-0.9359999895095825,18.0,-42.768001556396484,16.236000061035156,-2.7899999618530273,-187.82998657226562,41.939998626708984,26.549999237060547,-227.33999633789062,590.3099975585938
528228519311990,12.505355715,100996,626,-0.4878045320510864,1.0616440773010254,2.1375746726989746,1.5883156061172485,0.5481721758842468,1.0566983222961426,-0.4878045320510864,1.0,1.0,1.0,0.5481721758842468,1.0,4.969153881072998,0.05352306738495827,24.323944091796875,20.31324005126953,-9.00721549987793,24.323944091796875,1.619999885559082,-18.107999801635742,-0.9359999895095825,18.0,-42.768001556396484,16.236000061035156,-2.7899999618530273,-187.82998657226562,41.939998626708984,26.549999237060547,-227.33999633789062,590.3099975585938
528228540268432,12.526312157,101016,627,-0.7053442001342773,1.176931381225586,2.0654666423797607,1.762853741645813,0.4034481644630432,1.046827793121338,-0.7053442001342773,1.0,1.0,1.0,0.4034481644630432,1.0,2.7256150245666504,0.05352306738495827,24.323944091796875,20.31324005126953,-11.909441947937012,24.323944091796875,1.619999885559082,-18.107999801635742,-0.9359999895095825,18.0,-42.768001556396484,16.236000061035156,-2.7899999618530273,-187.82998657226562,41.939998626708984,26.549999237060547,-227.33999633789062,590.3099975585938
528228561045497,12.547089222,101036,628,-0.9393867254257202,1.2925491333007812,1.9856013059616089,1.946083664894104,0.2546384334564209,1.0288525819778442,-0.9393867254257202,1.0,1.0,1.0,0.2546384334564209,1.0,0.31187838315963745,0.05352306738495827,24.323944091796875,20.31324005126953,-14.893600463867188,24.323944091796875,1.619999885559082,-18.107999801635742,-0.9359999895095825,18.0,-42.768001556396484,16.236000061035156,-2.7899999618530273,-187.82998657226562,41.939998626708984,26.549999237060547,-227.33999633789062,590.3099975585938
528228581961637,12.568005362,101056,629,-1.1865525245666504,1.406240701675415,1.9001386165618896,2.139749526977539,0.1001458391547203,1.0076760053634644,-1.0,1.0,1.0,1.0,0.1001458391547203,1.0,-0.31324100494384766,0.05352306738495827,24.323944091796875,20.31324005126953,-17.991722106933594,24.323944091796875,1.619999885559082,-18.107999801635742,-0.9359999895095825,18.0,-42.768001556396484,16.236000061035156,-2.7899999618530273,-187.82998657226562,41.939998626708984,26.549999237060547,-227.33999633789062,590.3099975585938
528228602799644,12.588843369,101076,630,-1.3647135496139526,1.4888430833816528,1.8299469947814941,2.297825336456299,-0.009066253900527954,1.0078237056732178,-1.0,1.0,1.0,1.0,-0.009066253900527954,1.0,-0.31324100494384766,0.05352306738495827,24.323944091796875,20.31324005126953,-20.181808471679688,24.323944091796875,1.619999885559082,-18.107999801635742,-0.9359999895095825,18.0,-42.768001556396484,16.236000061035156,-2.7899999618530273,-187.82998657226562,41.939998626708984,26.549999237060547,-227.33999633789062,590.3099975585938
528228623560087,12.609603812,101096,631,-1.5138434171676636,1.5593398809432983,1.7777115106582642,2.4368886947631836,-0.10455775260925293,1.0202288627624512,-1.0,1.0,1.0,1.0,-0.10455775260925293,1.0,-0.31324100494384766,0.05352306738495827,24.323944091796875,20.31324005126953,-22.096750259399414,24.323944091796875,1.619999885559082,-18.107999801635742,-0.9359999895095825,18.0,-42.768001556396484,16.236000061035156,-2.7899999618530273,-187.82998657226562,41.939998626708984,26.549999237060547,-227.33999633789062,590.3099975585938
528228634268662,12.620312387,101116,632,-1.5138434171676636,1.5593398809432983,1.7777115106582642,2.4368886947631836,-0.10455775260925293,1.0202288627624512,-1.0,1.0,1.0,1.0,-0.10455775260925293,1.0,-0.31324100494384766,0.05352306738495827,24.323944091796875,20.31324005126953,-22.096750259399414,24.323944091796875,1.619999885559082,-18.107999801635742,-0.9359999895095825,18.0,-42.768001556396484,16.236000061035156,-2.7899999618530273,-187.82998657226562,41.939998626708984,26.549999237060547,-227.33999633789062,590.3099975585938
528228655373393,12.641417118,101136,633,-1.657233476638794,1.6247631311416626,1.7285312414169312,2.571106433868408,-0.1974296122789383,1.036534070968628,-1.0,1.0,1.0,1.0,-0.1974296122789383,1.0,-0.31324100494384766,0.05352306738495827,24.323944091796875,20.31324005126953,-23.959157943725586,24.323944091796875,1.619999885559082,-18.107999801635742,-0.9359999895095825,18.0,-42.768001556396484,16.236000061035156,-2.7899999618530273,-187.82998657226562,41.939998626708984,26.549999237060547,-227.33999633789062,590.3099975585938
528228676508894,12.662552619,101156,634,-1.8005180358886719,1.6847423315048218,1.6819381713867188,2.7000794410705566,-0.28810960054397583,1.049283504486084,-1.0,1.0,1.0,1.0,-0.28810960054397583,1.0,-0.31324100494384766,0.05352306738495827,24.323944091796875,20.31324005126953,-25.777610778808594,24.323944091796875,1.619999885559082,-18.107999801635742,-0.9359999895095825,18.0,-42.768001556396484,16.236000061035156,-2.7899999618530273,-187.82998657226562,41.939998626708984,26.549999237060547,-227.33999633789062,590.3099975585938
528228697673075,12.683716800,101176,635,-1.9364222288131714,1.7387031316757202,1.6365993022918701,2.821439743041992,-0.37336552143096924,1.0627065896987915,-1.0,1.0,1.0,1.0,-0.37336552143096924,1.0,-0.31324100494384766,0.05352306738495827,24.323944091796875,20.31324005126953,-27.48729133605957,24.323944091796875,1.619999885559082,-18.107999801635742,-0.9359999895095825,18.0,-42.768001556396484,16.236000061035156,-2.7899999618530273,-187.82998657226562,41.939998626708984,26.549999237060547,-227.33999633789062,590.3099975585938
528228718732630,12.704776355,101196,636,-2.065486431121826,1.786826491355896,1.5948526859283447,2.935088872909546,-0.45284396409988403,1.0749318599700928,-1.0,1.0,1.0,1.0,-0.45284396409988403,1.0,-0.31324100494384766,0.05352306738495827,24.323944091796875,20.31324005126953,-29.081113815307617,24.323944091796875,1.619999885559082,-18.107999801635742,-0.9359999895095825,18.0,-42.768001556396484,16.236000061035156,-2.7899999618530273,-187.82998657226562,41.939998626708984,26.549999237060547,-227.33999633789062,590.3099975585938
528228739757495,12.725801220,101216,637,-2.18418288230896,1.827574610710144,1.554570198059082,3.0383529663085938,-0.5235602855682373,1.086315393447876,-1.0,1.0,1.0,1.0,-0.5235602855682373,1.0,-0.31324100494384766,0.05352306738495827,24.323944091796875,20.31324005126953,-30.499223709106445,24.323944091796875,1.619999885559082,-18.107999801635742,-0.9359999895095825,18.0,-42.768001556396484,16.236000061035156,-2.7899999618530273,-187.82998657226562,41.939998626708984,26.549999237060547,-227.33999633789062,590.3099975585938
528228760519874,12.746563599,101236,638,-2.289686441421509,1.8645102977752686,1.5213208198547363,3.1325461864471436,-0.5878567099571228,1.0983974933624268,-1.0,1.0,1.0,1.0,-0.5878567099571228,1.0,-0.31324100494384766,0.05352306738495827,24.323944091796875,20.31324005126953,-31.788593292236328,24.323944091796875,1.619999885559082,-18.107999801635742,-0.9359999895095825,18.0,-42.768001556396484,16.236000061035156,-2.7899999618530273,-187.82998657226562,41.939998626708984,26.549999237060547,-227.33999633789062,590.3099975585938
528228781467346,12.767511071,101256,639,-2.3833274841308594,1.8950961828231812,1.4901233911514282,3.2143728733062744,-0.6429578065872192,1.1072051525115967,-1.0,1.0,1.0,1.0,-0.6429578065872192,1.0,-0.31324100494384766,0.05352306738495827,24.323944091796875,20.31324005126953,-32.8935661315918,24.323944091796875,1.619999885559082,-18.107999801635742,-0.9359999895095825,18.0,-42.768001556396484,16.236000061035156,-2.7899999618530273,-187.82998657226562,41.939998626708984,26.549999237060547,-227.33999633789062,590.3099975585938
528228802369333,12.788413058,101276,640,-2.4613213539123535,1.920332670211792,1.4625495672225952,3.282632350921631,-0.6883252263069153,1.1155550479888916,-1.0,1.0,1.0,1.0,-0.6883252263069153,1.0,-0.31324100494384766,0.05352306738495827,24.323944091796875,20.31324005126953,-33.803340911865234,24.323944091796875,1.619999885559082,-18.107999801635742,-0.9359999895095825,18.0,-42.768001556396484,16.236000061035156,-2.7899999618530273,-187.82998657226562,41.939998626708984,26.549999237060547,-227.33999633789062,590.3099975585938
528228823223077,12.809266802,101296,641,-2.522993803024292,1.9408174753189087,1.439813256263733,3.3372857570648193,-0.723933219909668,1.1236387491226196,-1.0,1.0,1.0,1.0,-0.723933219909668,1.0,-0.31324100494384766,0.05352306738495827,24.323944091796875,20.31324005126953,-34.51741027832031,24.323944091796875,1.619999885559082,-18.107999801635742,-0.9359999895095825,18.0,-42.768001556396484,16.236000061035156,-2.7899999618530273,-187.82998657226562,41.939998626708984,26.549999237060547,-227.33999633789062,590.3099975585938
528228843981555,12.830025280,101316,642,-2.5697336196899414,1.9567415714263916,1.4227218627929688,3.378765106201172,-0.7494664788246155,1.129852056503296,-1.0,1.0,1.0,1.0,-0.7494664788246155,1.0,-0.31324100494384766,0.05352306738495827,24.323944091796875,20.31324005126953,-35.029441833496094,24.323944091796875,1.619999885559082,-18.107999801635742,-0.9359999895095825,18.0,-42.768001556396484,16.236000061035156,-2.7899999618530273,-187.82998657226562,41.939998626708984,26.549999237060547,-227.33999633789062,590.3099975585938
528228854604999,12.840648724,101336,643,-2.5697336196899414,1.9567415714263916,1.4227218627929688,3.378765106201172,-0.7494664788246155,1.129852056503296,-1.0,1.0,1.0,1.0,-0.7494664788246155,1.0,-0.31324100494384766,0.05352306738495827,24.323944091796875,20.31324005126953,-35.029441833496094,24.323944091796875,1.619999885559082,-18.107999801635742,-0.9359999895095825,18.0,-42.768001556396484,16.236000061035156,-2.7899999618530273,-187.82998657226562,41.939998626708984,26.549999237060547,-227.33999633789062,590.3099975585938
528228875419876,12.861463601,101356,644,-2.5992724895477295,1.968709945678711,1.410788893699646,3.404742956161499,-0.7655412554740906,1.1338766813278198,-1.0,1.0,1.0,1.0,-0.7655412554740906,1.0,-0.31324100494384766,0.05352306738495827,24.323944091796875,20.31324005126953,-35.3517951965332,24.323944091796875,1.619999885559082,-18.107999801635742,-0.9359999895095825,18.0,-42.768001556396484,16.236000061035156,-2.7899999618530273,-187.82998657226562,41.939998626708984,26.549999237060547,-227.33999633789062,590.3099975585938
528228896319519,12.882363244,101376,645,-2.6111438274383545,1.9768726825714111,1.4043161869049072,3.4150524139404297,-0.7716710567474365,1.1360944509506226,-1.0,1.0,1.0,1.0,-0.7716710567474365,1.0,-0.31324100494384766,0.05352306738495827,24.323944091796875,20.31324005126953,-35.4747200012207,24.323944091796875,1.619999885559082,-18.107999801635742,-0.9359999895095825,18.0,-42.768001556396484,16.236000061035156,-2.7899999618530273,-187.82998657226562,41.939998626708984,26.549999237060547,-227.33999633789062,590.3099975585938
528228917238667,12.903282392,101396,646,-2.6048078536987305,1.9800584316253662,1.4019941091537476,3.40887451171875,-0.7668399214744568,1.136843204498291,-1.0,1.0,1.0,1.0,-0.7668399214744568,1.0,-0.31324100494384766,0.05352306738495827,24.323944091796875,20.31324005126953,-35.377838134765625,24.323944091796875,1.619999885559082,-18.107999801635742,-0.9359999895095825,18.0,-42.768001556396484,16.236000061035156,-2.7899999618530273,-187.82998657226562,41.939998626708984,26.549999237060547,-227.33999633789062,590.3099975585938
