Log file: /home/cx/robot_deploy/log/2026-07-17_16-09-02.txt
Connected to /dev/ttyACM0 at 921600 baud; loop rate 200 Hz.
joint_pos=[0.0, -0.0, -0.0, 0.0, 0.0, 0.0] joint_vel=[0.09000000357627869, -0.27000001072883606, 0.27000001072883606, 0.0, 0.0, 0.0] imu_ang_vel=[0.0, 0.0, 0.0] imu_quat_wxyz=[0.9921976923942566, 0.023100128397345543, 0.1125456839799881, -0.04841116815805435]
motion_test: initial joint positions=[0.0, -0.0, -0.0, 0.0, 0.0, 0.0]
motion_test: holding initial positions
joint_pos=[0.0, -0.0, -0.0, 0.0, 0.0, 0.0] joint_vel=[-0.5400000214576721, -0.0, -0.0, 0.0, 0.0, 0.0] imu_ang_vel=[0.0, 0.0, 0.0] imu_quat_wxyz=[0.9921976923942566, 0.023100128397345543, 0.1125456839799881, -0.04841116815805435]
joint_pos=[0.0, -0.0, -0.0, 0.0, 0.0, 0.0] joint_vel=[0.18000000715255737, -0.0, 0.09000000357627869, 0.0, 0.0, 0.0] imu_ang_vel=[0.0, 0.0, 0.0] imu_quat_wxyz=[0.9921948313713074, 0.02309969998896122, 0.11256510764360428, -0.0484219491481781]
joint_pos=[0.0, -0.0, -0.0, 0.0, 0.0, 0.0] joint_vel=[0.44999998807907104, -0.09000000357627869, -0.0, 0.0, 0.0, 0.0] imu_ang_vel=[0.0, 0.0, 0.0] imu_quat_wxyz=[0.9921948313713074, 0.02309969998896122, 0.11256510764360428, -0.0484219491481781]
joint_pos=[0.0, -0.0, -0.0, 0.0, 0.0, 0.0] joint_vel=[0.6299999952316284, -0.18000000715255737, -0.0, 0.0, 0.0, 0.0] imu_ang_vel=[0.0, 0.0, 0.0] imu_quat_wxyz=[0.992188572883606, 0.023136552423238754, 0.11259277164936066, -0.04846898093819618]
joint_pos=[0.0, -0.0, -0.0, 0.0, 0.0, 0.0] joint_vel=[0.0, -0.09000000357627869, 0.09000000357627869, 0.0, 0.0, 0.0] imu_ang_vel=[0.0, 0.0, 0.0] imu_quat_wxyz=[0.992188572883606, 0.023136552423238754, 0.11259277164936066, -0.04846898093819618]
joint_pos=[0.0, -0.0, -0.0, 0.0, 0.0, 0.0] joint_vel=[0.0, -0.0, 0.18000000715255737, 0.0, 0.0, 0.0] imu_ang_vel=[0.0, 0.0, 0.0] imu_quat_wxyz=[0.9921900629997253, 0.02315083146095276, 0.11256688833236694, -0.04849373921751976]
joint_pos=[0.0, -0.0, -0.0, 0.0, 0.0, 0.0] joint_vel=[-0.9900000095367432, -0.09000000357627869, 0.27000001072883606, 0.0, 0.0, 0.0] imu_ang_vel=[0.0, 0.0, 0.0] imu_quat_wxyz=[0.9921900629997253, 0.02315083146095276, 0.11256688833236694, -0.04849373921751976]
joint_pos=[0.0, -0.0, -0.0, 0.0, 0.0, 0.0] joint_vel=[0.36000001430511475, 0.18000000715255737, -0.0, 0.0, 0.0, 0.0] imu_ang_vel=[0.0, 0.0, 0.0] imu_quat_wxyz=[0.9921927452087402, 0.02312159538269043, 0.11254660040140152, -0.04849827662110329]
joint_pos=[0.0, -0.0, -0.0, 0.0, 0.0, 0.0] joint_vel=[-0.6299999952316284, -0.0, -0.27000001072883606, 0.0, 0.0, 0.0] imu_ang_vel=[0.0, 0.0, 0.0] imu_quat_wxyz=[0.9921927452087402, 0.02312159538269043, 0.11254660040140152, -0.04849827662110329]
joint_pos=[0.0, -0.0, -0.0, 0.0, 0.0, 0.0] joint_vel=[0.809999942779541, -0.0, -0.0, 0.0, 0.0, 0.0] imu_ang_vel=[0.0, 0.0, -0.010652969591319561] imu_quat_wxyz=[0.9921881556510925, 0.023094410076737404, 0.11254175752401352, -0.048615463078022]
joint_pos=[0.0, -0.0, -0.0, 0.0, 0.0, 0.0] joint_vel=[-0.44999998807907104, 0.18000000715255737, -0.09000000357627869, 0.0, 0.0, 0.0] imu_ang_vel=[0.0, 0.0, -0.010652969591319561] imu_quat_wxyz=[0.9921881556510925, 0.023094410076737404, 0.11254175752401352, -0.048615463078022]
joint_pos=[0.0, -0.0, -0.0, 0.0, 0.0, 0.0] joint_vel=[0.0, -0.09000000357627869, -0.09000000357627869, 0.0, 0.0, 0.0] imu_ang_vel=[0.0, 0.0, -0.011718266643583775] imu_quat_wxyz=[0.9921867847442627, 0.02305578626692295, 0.11247745901346207, -0.048812512308359146]
joint_pos=[0.0, -0.0, -0.0, 0.0, 0.0, 0.0] joint_vel=[0.44999998807907104, -0.0, -0.09000000357627869, 0.0, 0.0, 0.0] imu_ang_vel=[0.0, 0.0, -0.011718266643583775] imu_quat_wxyz=[0.9921867847442627, 0.02305578626692295, 0.11247745901346207, -0.048812512308359146]
joint_pos=[0.0, -0.0, -0.0, 0.0, 0.0, 0.0] joint_vel=[-0.6299999952316284, -0.09000000357627869, -0.0, 0.0, 0.0, 0.0] imu_ang_vel=[0.0, 0.0, -0.013848859816789627] imu_quat_wxyz=[0.9921731352806091, 0.02302704006433487, 0.11249770224094391, -0.0490548275411129]
joint_pos=[0.0, -0.0, -0.0, 0.0, 0.0, 0.0] joint_vel=[1.619999885559082, -0.0, -0.0, 0.0, 0.0, 0.0] imu_ang_vel=[0.0, 0.0, -0.013848859816789627] imu_quat_wxyz=[0.9921731352806091, 0.02302704006433487, 0.11249770224094391, -0.0490548275411129]
joint_pos=[0.0, -0.0, -0.0, 0.0, 0.0, 0.0] joint_vel=[0.18000000715255737, -0.0, -0.0, 0.0, 0.0, 0.0] imu_ang_vel=[0.0, 0.0, -0.01491415686905384] imu_quat_wxyz=[0.9921451210975647, 0.023053601384162903, 0.11259918659925461, -0.04937681928277016]
joint_pos=[0.0, -0.0, -0.0, 0.0, 0.0, 0.0] joint_vel=[0.44999998807907104, -0.0, -0.0, 0.0, 0.0, 0.0] imu_ang_vel=[0.0, 0.0, -0.01491415686905384] imu_quat_wxyz=[0.9921451210975647, 0.023053601384162903, 0.11259918659925461, -0.04937681928277016]
joint_pos=[0.0, -0.0, -0.0, 0.0, 0.0, 0.0] joint_vel=[-0.7200000286102295, -0.0, 0.09000000357627869, 0.0, 0.0, 0.0] imu_ang_vel=[0.0, 0.0, -0.01491415686905384] imu_quat_wxyz=[0.9921216368675232, 0.023057982325553894, 0.1126776933670044, -0.049666065722703934]
joint_pos=[0.0, -0.0, -0.0, 0.0, 0.0, 0.0] joint_vel=[0.8999999761581421, 0.09000000357627869, -0.0, 0.0, 0.0, 0.0] imu_ang_vel=[0.0, 0.0, -0.01491415686905384] imu_quat_wxyz=[0.9921216368675232, 0.023057982325553894, 0.1126776933670044, -0.049666065722703934]
joint_pos=[0.0, -0.0, -0.0, 0.0, 0.0, 0.0] joint_vel=[0.9900000095367432, -0.27000001072883606, -0.0, 0.0, 0.0, 0.0] imu_ang_vel=[0.0, 0.0, -0.012783562764525414] imu_quat_wxyz=[0.9920996427536011, 0.023064734414219856, 0.1127728521823883, -0.04988423362374306]
joint_pos=[0.0, -0.0, -0.0, 0.0, 0.0, 0.0] joint_vel=[-0.8999999761581421, 0.27000001072883606, -0.0, 0.0, 0.0, 0.0] imu_ang_vel=[0.0, 0.0, -0.012783562764525414] imu_quat_wxyz=[0.9920996427536011, 0.023064734414219856, 0.1127728521823883, -0.04988423362374306]
joint_pos=[0.0, -0.0, -0.0, 0.0, 0.0, 0.0] joint_vel=[-1.53000009059906, 0.27000001072883606, -0.09000000357627869, 0.0, 0.0, 0.0] imu_ang_vel=[0.0, 0.0, -0.010652969591319561] imu_quat_wxyz=[0.9920802116394043, 0.023102790117263794, 0.11284811794757843, -0.05008341372013092]
joint_pos=[0.0, -0.0, -0.0, 0.0, 0.0, 0.0] joint_vel=[0.6299999952316284, -0.09000000357627869, -0.0, 0.0, 0.0, 0.0] imu_ang_vel=[0.0, 0.0, -0.010652969591319561] imu_quat_wxyz=[0.9920802116394043, 0.023102790117263794, 0.11284811794757843, -0.05008341372013092]
joint_pos=[0.0, -0.0, -0.0, 0.0, 0.0, 0.0] joint_vel=[0.09000000357627869, 0.09000000357627869, -0.0, 0.0, 0.0, 0.0] imu_ang_vel=[0.0, 0.0, 0.0] imu_quat_wxyz=[0.9920786023139954, 0.023107372224330902, 0.11288515478372574, -0.0500289723277092]
joint_pos=[0.0, -0.0, -0.0, 0.0, 0.0, 0.0] joint_vel=[-0.27000001072883606, -0.0, -0.0, 0.0, 0.0, 0.0] imu_ang_vel=[0.0, 0.0, 0.0] imu_quat_wxyz=[0.9920786023139954, 0.023107372224330902, 0.11288515478372574, -0.0500289723277092]
joint_pos=[0.0, -0.0, -0.0, 0.0, 0.0, 0.0] joint_vel=[-0.09000000357627869, 0.18000000715255737, -0.0, 0.0, 0.0, 0.0] imu_ang_vel=[0.0, 0.0, 0.0] imu_quat_wxyz=[0.9920902848243713, 0.023040451109409332, 0.11285321414470673, -0.049901194870471954]
joint_pos=[0.0, -0.0, -0.0, 0.0, 0.0, 0.0] joint_vel=[0.0, -0.09000000357627869, 0.27000001072883606, 0.0, 0.0, 0.0] imu_ang_vel=[0.0, 0.0, 0.0] imu_quat_wxyz=[0.9920902848243713, 0.023040451109409332, 0.11285321414470673, -0.049901194870471954]
joint_pos=[0.0, -0.0, -0.0, 0.0, 0.0, 0.0] joint_vel=[0.18000000715255737, -0.09000000357627869, -0.0, 0.0, 0.0, 0.0] imu_ang_vel=[0.0, 0.0, 0.0] imu_quat_wxyz=[0.9920980334281921, 0.0230114683508873, 0.11284426599740982, -0.049779053777456284]
joint_pos=[0.0, -0.0, -0.0, 0.0, 0.0, 0.0] joint_vel=[1.7999999523162842, -0.0, 0.09000000357627869, 0.0, 0.0, 0.0] imu_ang_vel=[0.0, 0.0, 0.0] imu_quat_wxyz=[0.9920980334281921, 0.0230114683508873, 0.11284426599740982, -0.049779053777456284]
joint_pos=[0.0, -0.0, -0.0, 0.0, 0.0, 0.0] joint_vel=[0.36000001430511475, -0.18000000715255737, -0.09000000357627869, 0.0, 0.0, 0.0] imu_ang_vel=[0.0, 0.0, 0.0] imu_quat_wxyz=[0.992098331451416, 0.023015648126602173, 0.11289357393980026, -0.04965918883681297]
joint_pos=[0.0, -0.0, -0.0, 0.0, 0.0, 0.0] joint_vel=[0.5400000214576721, -0.27000001072883606, -0.0, 0.0, 0.0, 0.0] imu_ang_vel=[0.0, 0.0, 0.0] imu_quat_wxyz=[0.992098331451416, 0.023015648126602173, 0.11289357393980026, -0.04965918883681297]
joint_pos=[0.0, -0.0, -0.0, 0.0, 0.0, 0.0] joint_vel=[-0.5400000214576721, -0.0, -0.0, 0.0, 0.0, 0.0] imu_ang_vel=[0.0, 0.0, 0.0] imu_quat_wxyz=[0.9920982122421265, 0.023080073297023773, 0.1129402294754982, -0.04952527955174446]
joint_pos=[0.0, -0.0, -0.0, 0.0, 0.0, 0.0] joint_vel=[-0.5400000214576721, -0.0, -0.0, 0.0, 0.0, 0.0] imu_ang_vel=[0.0, 0.0, 0.0] imu_quat_wxyz=[0.9920982122421265, 0.023080073297023773, 0.1129402294754982, -0.04952527955174446]
joint_pos=[0.0, -0.0, -0.0, 0.0, 0.0, 0.0] joint_vel=[-1.2599999904632568, -0.0, -0.0, 0.0, 0.0, 0.0] imu_ang_vel=[0.0, 0.0, 0.0] imu_quat_wxyz=[0.9921050667762756, 0.023121388629078865, 0.11291323602199554, -0.04943104088306427]
joint_pos=[0.0, -0.0, -0.0, 0.0, 0.0, 0.0] joint_vel=[1.0800000429153442, -0.09000000357627869, -0.18000000715255737, 0.0, 0.0, 0.0] imu_ang_vel=[0.0, 0.0, 0.0] imu_quat_wxyz=[0.9921050667762756, 0.023121388629078865, 0.11291323602199554, -0.04943104088306427]
joint_pos=[0.0, -0.0, -0.0, 0.0, 0.0, 0.0] joint_vel=[0.18000000715255737, 0.09000000357627869, -0.0, 0.0, 0.0, 0.0] imu_ang_vel=[0.0, 0.0, 0.0] imu_quat_wxyz=[0.9921050667762756, 0.023121388629078865, 0.11291323602199554, -0.04943104088306427]
joint_pos=[0.0, -0.0, -0.0, 0.0, 0.0, 0.0] joint_vel=[-0.27000001072883606, 0.09000000357627869, 0.18000000715255737, 0.0, 0.0, 0.0] imu_ang_vel=[0.0, 0.0, 0.0] imu_quat_wxyz=[0.9921061992645264, 0.023143481463193893, 0.11290974915027618, -0.049406345933675766]
joint_pos=[0.0, -0.0, -0.0, 0.0, 0.0, 0.0] joint_vel=[-0.44999998807907104, -0.09000000357627869, -0.09000000357627869, 0.0, 0.0, 0.0] imu_ang_vel=[0.0, 0.0, 0.0] imu_quat_wxyz=[0.9921061992645264, 0.023143481463193893, 0.11290974915027618, -0.049406345933675766]
joint_pos=[0.0, -0.0, -0.0, 0.0, 0.0, 0.0] joint_vel=[0.27000001072883606, -0.0, -0.0, 0.0, 0.0, 0.0] imu_ang_vel=[0.0, 0.0, 0.0] imu_quat_wxyz=[0.9921099543571472, 0.023100966587662697, 0.11289447546005249, -0.049385905265808105]
joint_pos=[0.0, -0.0, -0.0, 0.0, 0.0, 0.0] joint_vel=[-1.2599999904632568, -0.0, -0.0, 0.0, 0.0, 0.0] imu_ang_vel=[0.0, 0.0, 0.0] imu_quat_wxyz=[0.9921099543571472, 0.023100966587662697, 0.11289447546005249, -0.049385905265808105]
joint_pos=[0.0, -0.0, -0.0, 0.0, 0.0, 0.0] joint_vel=[0.0, -0.0, -0.0, 0.0, 0.0, 0.0] imu_ang_vel=[0.0, 0.0, 0.0] imu_quat_wxyz=[0.9921208024024963, 0.02307920530438423, 0.11283545196056366, -0.04931331053376198]
joint_pos=[0.0, -0.0, -0.0, 0.0, 0.0, 0.0] joint_vel=[0.0, -0.0, 0.18000000715255737, 0.0, 0.0, 0.0] imu_ang_vel=[0.0, 0.0, 0.0] imu_quat_wxyz=[0.9921208024024963, 0.02307920530438423, 0.11283545196056366, -0.04931331053376198]
joint_pos=[0.0, -0.0, -0.0, 0.0, 0.0, 0.0] joint_vel=[0.36000001430511475, -0.0, 0.09000000357627869, 0.0, 0.0, 0.0] imu_ang_vel=[0.0, 0.0, 0.0] imu_quat_wxyz=[0.9921349883079529, 0.023083917796611786, 0.11277875304222107, -0.049152616411447525]
joint_pos=[0.0, -0.0, -0.0, 0.0, 0.0, 0.0] joint_vel=[0.7200000286102295, 0.18000000715255737, -0.0, 0.0, 0.0, 0.0] imu_ang_vel=[0.0, 0.0, 0.0] imu_quat_wxyz=[0.9921349883079529, 0.023083917796611786, 0.11277875304222107, -0.049152616411447525]
joint_pos=[0.0, -0.0, -0.0, 0.0, 0.0, 0.0] joint_vel=[0.0, 0.27000001072883606, -0.0, 0.0, 0.0, 0.0] imu_ang_vel=[0.0, 0.0, 0.0] imu_quat_wxyz=[0.9921481013298035, 0.023007379844784737, 0.11273348331451416, -0.04902852699160576]
joint_pos=[0.0, -0.0, -0.0, 0.0, 0.0, 0.0] joint_vel=[-0.09000000357627869, 0.18000000715255737, -0.18000000715255737, 0.0, 0.0, 0.0] imu_ang_vel=[0.0, 0.0, 0.0] imu_quat_wxyz=[0.9921481013298035, 0.023007379844784737, 0.11273348331451416, -0.04902852699160576]
joint_pos=[0.0, -0.0, -0.0, 0.0, 0.0, 0.0] joint_vel=[-0.27000001072883606, -0.09000000357627869, 0.09000000357627869, 0.0, 0.0, 0.0] imu_ang_vel=[0.0, 0.0, 0.0] imu_quat_wxyz=[0.9921548366546631, 0.022990915924310684, 0.11274491995573044, -0.04887412115931511]
joint_pos=[0.0, -0.0, -0.0, 0.0, 0.0, 0.0] joint_vel=[0.18000000715255737, 0.27000001072883606, -0.0, 0.0, 0.0, 0.0] imu_ang_vel=[0.0, 0.0, 0.0] imu_quat_wxyz=[0.9921548366546631, 0.022990915924310684, 0.11274491995573044, -0.04887412115931511]
joint_pos=[0.0, -0.0, -0.0, 0.0, 0.0, 0.0] joint_vel=[-0.09000000357627869, -0.18000000715255737, -0.0, 0.0, 0.0, 0.0] imu_ang_vel=[0.0, 0.0, 0.0] imu_quat_wxyz=[0.9921664595603943, 0.022926097735762596, 0.1127157136797905, -0.04873501509428024]
joint_pos=[0.0, -0.0, -0.0, 0.0, 0.0, 0.0] joint_vel=[0.6299999952316284, -0.09000000357627869, -0.0, 0.0, 0.0, 0.0] imu_ang_vel=[0.0, 0.0, 0.0] imu_quat_wxyz=[0.9921664595603943, 0.022926097735762596, 0.1127157136797905, -0.04873501509428024]
joint_pos=[0.0, -0.0, -0.0, 0.0, 0.0, 0.0] joint_vel=[0.809999942779541, 0.18000000715255737, -0.09000000357627869, 0.0, 0.0, 0.0] imu_ang_vel=[0.0, 0.0, 0.0] imu_quat_wxyz=[0.9921708703041077, 0.022939041256904602, 0.11273057013750076, -0.048606690019369125]
joint_pos=[0.0, -0.0, -0.0, 0.0, 0.0, 0.0] joint_vel=[0.9900000095367432, -0.09000000357627869, -0.0, 0.0, 0.0, 0.0] imu_ang_vel=[0.0, 0.0, 0.0] imu_quat_wxyz=[0.9921708703041077, 0.022939041256904602, 0.11273057013750076, -0.048606690019369125]
joint_pos=[0.0, -0.0, -0.0, 0.0, 0.0, 0.0] joint_vel=[-0.9900000095367432, -0.0, -0.09000000357627869, 0.0, 0.0, 0.0] imu_ang_vel=[0.0, 0.0, 0.0] imu_quat_wxyz=[0.9921781420707703, 0.022870928049087524, 0.11274491995573044, -0.0484563373029232]
joint_pos=[0.0, -0.0, -0.0, 0.0, 0.0, 0.0] joint_vel=[0.5400000214576721, -0.0, -0.0, 0.0, 0.0, 0.0] imu_ang_vel=[0.0, 0.0, 0.0] imu_quat_wxyz=[0.9921781420707703, 0.022870928049087524, 0.11274491995573044, -0.0484563373029232]
joint_pos=[0.0, -0.0, -0.0, 0.0, 0.0, 0.0] joint_vel=[-0.7200000286102295, -0.0, -0.09000000357627869, 0.0, 0.0, 0.0] imu_ang_vel=[0.0, 0.0, 0.0] imu_quat_wxyz=[0.9921873807907104, 0.022834504023194313, 0.11274582892656326, -0.04828232526779175]
joint_pos=[0.0, -0.0, -0.0, 0.0, 0.0, 0.0] joint_vel=[0.18000000715255737, -0.18000000715255737, -0.09000000357627869, 0.0, 0.0, 0.0] imu_ang_vel=[0.0, 0.0, 0.0] imu_quat_wxyz=[0.9921873807907104, 0.022834504023194313, 0.11274582892656326, -0.04828232526779175]
joint_pos=[0.0, -0.0, -0.0, 0.0, 0.0, 0.0] joint_vel=[1.350000023841858, -0.09000000357627869, -0.18000000715255737, 0.0, 0.0, 0.0] imu_ang_vel=[0.0, 0.0, 0.0] imu_quat_wxyz=[0.992193877696991, 0.02291417121887207, 0.1127186268568039, -0.04817463457584381]
joint_pos=[0.0, -0.0, -0.0, 0.0, 0.0, 0.0] joint_vel=[0.0, 0.18000000715255737, -0.0, 0.0, 0.0, 0.0] imu_ang_vel=[0.0, 0.0, 0.0] imu_quat_wxyz=[0.992193877696991, 0.02291417121887207, 0.1127186268568039, -0.04817463457584381]
joint_pos=[0.0, -0.0, -0.0, 0.0, 0.0, 0.0] joint_vel=[0.6299999952316284, -0.0, -0.09000000357627869, 0.0, 0.0, 0.0] imu_ang_vel=[0.0, 0.0, 0.0] imu_quat_wxyz=[0.9921957850456238, 0.023017454892396927, 0.1126919761300087, -0.04814821481704712]
joint_pos=[0.0, -0.0, -0.0, 0.0, 0.0, 0.0] joint_vel=[-0.09000000357627869, -0.09000000357627869, -0.0, 0.0, 0.0, 0.0] imu_ang_vel=[0.0, 0.0, 0.0] imu_quat_wxyz=[0.9921957850456238, 0.023017454892396927, 0.1126919761300087, -0.04814821481704712]
joint_pos=[0.0, -0.0, -0.0, 0.0, 0.0, 0.0] joint_vel=[-0.7200000286102295, -0.0, -0.09000000357627869, 0.0, 0.0, 0.0] imu_ang_vel=[0.0, 0.0, 0.0] imu_quat_wxyz=[0.9921894073486328, 0.023082803934812546, 0.11274722218513489, -0.04811795800924301]
joint_pos=[0.0, -0.0, -0.0, 0.0, 0.0, 0.0] joint_vel=[0.27000001072883606, 0.27000001072883606, -0.09000000357627869, 0.0, 0.0, 0.0] imu_ang_vel=[0.0, 0.0, 0.0] imu_quat_wxyz=[0.9921894073486328, 0.023082803934812546, 0.11274722218513489, -0.04811795800924301]
joint_pos=[0.0, -0.0, -0.0, 0.0, 0.0, 0.0] joint_vel=[0.6299999952316284, 0.18000000715255737, -0.18000000715255737, 0.0, 0.0, 0.0] imu_ang_vel=[0.0, 0.0, 0.0] imu_quat_wxyz=[0.9921910166740417, 0.023075496777892113, 0.11275056004524231, -0.04808222874999046]
joint_pos=[0.0, -0.0, -0.0, 0.0, 0.0, 0.0] joint_vel=[1.0800000429153442, -0.0, -0.0, 0.0, 0.0, 0.0] imu_ang_vel=[0.0, 0.0, 0.0] imu_quat_wxyz=[0.9921910166740417, 0.023075496777892113, 0.11275056004524231, -0.04808222874999046]
joint_pos=[0.0, -0.0, -0.0, 0.0, 0.0, 0.0] joint_vel=[-0.18000000715255737, 0.27000001072883606, 0.09000000357627869, 0.0, 0.0, 0.0] imu_ang_vel=[0.0, 0.0, 0.0] imu_quat_wxyz=[0.9921888709068298, 0.02309948205947876, 0.11277244985103607, -0.04806099832057953]
joint_pos=[0.0, -0.0, -0.0, 0.0, 0.0, 0.0] joint_vel=[-0.44999998807907104, -0.0, 0.36000001430511475, 0.0, 0.0, 0.0] imu_ang_vel=[0.0, 0.0, 0.0] imu_quat_wxyz=[0.9921888709068298, 0.02309948205947876, 0.11277244985103607, -0.04806099832057953]
joint_pos=[0.0, -0.0, -0.0, 0.0, 0.0, 0.0] joint_vel=[-0.36000001430511475, 0.27000001072883606, 0.09000000357627869, 0.0, 0.0, 0.0] imu_ang_vel=[0.0, 0.0, 0.0] imu_quat_wxyz=[0.9921846985816956, 0.023198531940579414, 0.1127963662147522, -0.048044007271528244]
joint_pos=[0.0, -0.0, -0.0, 0.0, 0.0, 0.0] joint_vel=[-1.1700000762939453, -0.0, 0.09000000357627869, 0.0, 0.0, 0.0] imu_ang_vel=[0.0, 0.0, 0.0] imu_quat_wxyz=[0.9921846985816956, 0.023198531940579414, 0.1127963662147522, -0.048044007271528244]
joint_pos=[0.0, -0.0, -0.0, 0.0, 0.0, 0.0] joint_vel=[0.8999999761581421, -0.09000000357627869, 0.09000000357627869, 0.0, 0.0, 0.0] imu_ang_vel=[0.0, 0.0, 0.0] imu_quat_wxyz=[0.9921843409538269, 0.023303797468543053, 0.11277104169130325, -0.048061683773994446]
joint_pos=[0.0, -0.0, -0.0, 0.0, 0.0, 0.0] joint_vel=[0.9900000095367432, -0.0, -0.09000000357627869, 0.0, 0.0, 0.0] imu_ang_vel=[0.0, 0.0, 0.0] imu_quat_wxyz=[0.9921843409538269, 0.023303797468543053, 0.11277104169130325, -0.048061683773994446]
joint_pos=[0.0, -0.0, -0.0, 0.0, 0.0, 0.0] joint_vel=[-0.9900000095367432, -0.0, -0.0, 0.0, 0.0, 0.0] imu_ang_vel=[0.0, 0.0, 0.0] imu_quat_wxyz=[0.9921936988830566, 0.023293502628803253, 0.11270744353532791, -0.04802008345723152]
joint_pos=[0.0, -0.0, -0.0, 0.0, 0.0, 0.0] joint_vel=[0.36000001430511475, -0.09000000357627869, -0.18000000715255737, 0.0, 0.0, 0.0] imu_ang_vel=[0.0, 0.0, 0.0] imu_quat_wxyz=[0.9921936988830566, 0.023293502628803253, 0.11270744353532791, -0.04802008345723152]
joint_pos=[0.0, -0.0, -0.0, 0.0, 0.0, 0.0] joint_vel=[-0.36000001430511475, -0.0, -0.09000000357627869, 0.0, 0.0, 0.0] imu_ang_vel=[0.0, 0.0, 0.0] imu_quat_wxyz=[0.9922049045562744, 0.023267477750778198, 0.11264874041080475, -0.04793892428278923]
joint_pos=[0.0, -0.0, -0.0, 0.0, 0.0, 0.0] joint_vel=[-0.44999998807907104, -0.0, -0.0, 0.0, 0.0, 0.0] imu_ang_vel=[0.0, 0.0, 0.0] imu_quat_wxyz=[0.9922049045562744, 0.023267477750778198, 0.11264874041080475, -0.04793892428278923]
joint_pos=[0.0, -0.0, -0.0, 0.0, 0.0, 0.0] joint_vel=[1.2599999904632568, 0.09000000357627869, -0.0, 0.0, 0.0, 0.0] imu_ang_vel=[0.0, 0.0, 0.0] imu_quat_wxyz=[0.9922112226486206, 0.02325948141515255, 0.1126134842634201, -0.04789762943983078]
joint_pos=[0.0, -0.0, -0.0, 0.0, 0.0, 0.0] joint_vel=[-0.8999999761581421, -0.0, 0.27000001072883606, 0.0, 0.0, 0.0] imu_ang_vel=[0.0, 0.0, 0.0] imu_quat_wxyz=[0.9922112226486206, 0.02325948141515255, 0.1126134842634201, -0.04789762943983078]
joint_pos=[0.0, -0.0, -0.0, 0.0, 0.0, 0.0] joint_vel=[0.6299999952316284, -0.0, 0.09000000357627869, 0.0, 0.0, 0.0] imu_ang_vel=[0.0, 0.0, 0.0] imu_quat_wxyz=[0.992215633392334, 0.023203350603580475, 0.11260335147380829, -0.04785582423210144]
joint_pos=[0.0, -0.0, -0.0, 0.0, 0.0, 0.0] joint_vel=[0.09000000357627869, -0.18000000715255737, -0.0, 0.0, 0.0, 0.0] imu_ang_vel=[0.0, 0.0, 0.0] imu_quat_wxyz=[0.992215633392334, 0.023203350603580475, 0.11260335147380829, -0.04785582423210144]
joint_pos=[0.0, -0.0, -0.0, 0.0, 0.0, 0.0] joint_vel=[-0.09000000357627869, -0.0, -0.0, 0.0, 0.0, 0.0] imu_ang_vel=[0.0, 0.0, 0.0] imu_quat_wxyz=[0.9922138452529907, 0.023140784353017807, 0.11262243241071701, -0.04787757620215416]
joint_pos=[0.0, -0.0, -0.0, 0.0, 0.0, 0.0] joint_vel=[-0.27000001072883606, -0.09000000357627869, 0.27000001072883606, 0.0, 0.0, 0.0] imu_ang_vel=[0.0, 0.0, 0.0] imu_quat_wxyz=[0.9922138452529907, 0.023140784353017807, 0.11262243241071701, -0.04787757620215416]
joint_pos=[0.0, -0.0, -0.0, 0.0, 0.0, 0.0] joint_vel=[0.7200000286102295, 0.27000001072883606, -0.0, 0.0, 0.0, 0.0] imu_ang_vel=[0.0, 0.0, 0.0] imu_quat_wxyz=[0.9922069311141968, 0.02319425158202648, 0.11262734979391098, -0.04798353090882301]
joint_pos=[0.0, -0.0, -0.0, 0.0, 0.0, 0.0] joint_vel=[-0.6299999952316284, -0.0, -0.09000000357627869, 0.0, 0.0, 0.0] imu_ang_vel=[0.0, 0.0, 0.0] imu_quat_wxyz=[0.9922069311141968, 0.02319425158202648, 0.11262734979391098, -0.04798353090882301]
joint_pos=[0.0, -0.0, -0.0, 0.0, 0.0, 0.0] joint_vel=[0.809999942779541, -0.09000000357627869, -0.0, 0.0, 0.0, 0.0] imu_ang_vel=[0.0, 0.0, 0.0] imu_quat_wxyz=[0.9922025203704834, 0.023253273218870163, 0.1126277819275856, -0.0480443574488163]
joint_pos=[0.0, -0.0, -0.0, 0.0, 0.0, 0.0] joint_vel=[-0.09000000357627869, 0.18000000715255737, -0.27000001072883606, 0.0, 0.0, 0.0] imu_ang_vel=[0.0, 0.0, 0.0] imu_quat_wxyz=[0.9922025203704834, 0.023253273218870163, 0.1126277819275856, -0.0480443574488163]
joint_pos=[0.0, -0.0, -0.0, 0.0, 0.0, 0.0] joint_vel=[-0.27000001072883606, -0.09000000357627869, -0.0, 0.0, 0.0, 0.0] imu_ang_vel=[0.0, 0.0, 0.0] imu_quat_wxyz=[0.9922023415565491, 0.023304758593440056, 0.11260240525007248, -0.04808350279927254]
joint_pos=[0.0, -0.0, -0.0, 0.0, 0.0, 0.0] joint_vel=[0.0, -0.27000001072883606, -0.09000000357627869, 0.0, 0.0, 0.0] imu_ang_vel=[0.0, 0.0, 0.0] imu_quat_wxyz=[0.9922023415565491, 0.023304758593440056, 0.11260240525007248, -0.04808350279927254]
joint_pos=[0.0, -0.0, -0.0, 0.0, 0.0, 0.0] joint_vel=[0.36000001430511475, -0.0, -0.09000000357627869, 0.0, 0.0, 0.0] imu_ang_vel=[0.0, 0.0, -0.010652969591319561] imu_quat_wxyz=[0.9921960234642029, 0.02330564707517624, 0.11257480084896088, -0.04827842488884926]
joint_pos=[0.0, -0.0, -0.0, 0.0, 0.0, 0.0] joint_vel=[-0.6299999952316284, 0.18000000715255737, 0.18000000715255737, 0.0, 0.0, 0.0] imu_ang_vel=[0.0, 0.0, -0.010652969591319561] imu_quat_wxyz=[0.9921960234642029, 0.02330564707517624, 0.11257480084896088, -0.04827842488884926]
joint_pos=[0.0, -0.0, -0.0, 0.0, 0.0, 0.0] joint_vel=[0.5400000214576721, -0.0, -0.0, 0.0, 0.0, 0.0] imu_ang_vel=[0.0, 0.0, -0.011718266643583775] imu_quat_wxyz=[0.9921815395355225, 0.023320205509662628, 0.11255339533090591, -0.04861823469400406]
joint_pos=[0.0, -0.0, -0.0, 0.0, 0.0, 0.0] joint_vel=[-1.0800000429153442, -0.0, 0.36000001430511475, 0.0, 0.0, 0.0] imu_ang_vel=[0.0, 0.0, -0.011718266643583775] imu_quat_wxyz=[0.9921815395355225, 0.023320205509662628, 0.11255339533090591, -0.04861823469400406]
joint_pos=[0.0, -0.0, -0.0, 0.0, 0.0, 0.0] joint_vel=[0.5400000214576721, -0.18000000715255737, -0.0, 0.0, 0.0, 0.0] imu_ang_vel=[0.0, 0.0, -0.012783562764525414] imu_quat_wxyz=[0.9921669960021973, 0.023290934041142464, 0.11255647987127304, -0.04891902580857277]
joint_pos=[0.0, -0.0, -0.0, 0.0, 0.0, 0.0] joint_vel=[-0.5400000214576721, -0.27000001072883606, -0.27000001072883606, 0.0, 0.0, 0.0] imu_ang_vel=[0.0, 0.0, -0.012783562764525414] imu_quat_wxyz=[0.9921669960021973, 0.023290934041142464, 0.11255647987127304, -0.04891902580857277]
joint_pos=[0.0, -0.0, -0.0, 0.0, 0.0, 0.0] joint_vel=[0.0, -0.0, 0.18000000715255737, 0.0, 0.0, 0.0] imu_ang_vel=[0.0, 0.0, -0.012783562764525414] imu_quat_wxyz=[0.992157518863678, 0.023259490728378296, 0.11256124079227448, -0.04911668226122856]
joint_pos=[0.0, -0.0, -0.0, 0.0, 0.0, 0.0] joint_vel=[0.6299999952316284, -0.0, -0.09000000357627869, 0.0, 0.0, 0.0] imu_ang_vel=[0.0, 0.0, -0.012783562764525414] imu_quat_wxyz=[0.992157518863678, 0.023259490728378296, 0.11256124079227448, -0.04911668226122856]
joint_pos=[0.0, -0.0, -0.0, 0.0, 0.0, 0.0] joint_vel=[0.0, 0.09000000357627869, -0.0, 0.0, 0.0, 0.0] imu_ang_vel=[0.0, 0.0, -0.010652969591319561] imu_quat_wxyz=[0.9921407699584961, 0.02326909638941288, 0.11263257265090942, -0.04928581416606903]
joint_pos=[0.0, -0.0, -0.0, 0.0, 0.0, 0.0] joint_vel=[-0.09000000357627869, -0.0, 0.18000000715255737, 0.0, 0.0, 0.0] imu_ang_vel=[0.0, 0.0, -0.010652969591319561] imu_quat_wxyz=[0.9921407699584961, 0.02326909638941288, 0.11263257265090942, -0.04928581416606903]
joint_pos=[0.0, -0.0, -0.0, 0.0, 0.0, 0.0] joint_vel=[0.809999942779541, -0.18000000715255737, -0.09000000357627869, 0.0, 0.0, 0.0] imu_ang_vel=[0.0, 0.0, -0.010652969591319561] imu_quat_wxyz=[0.9921237230300903, 0.02323426865041256, 0.11271173506975174, -0.049463383853435516]
joint_pos=[0.0, -0.0, -0.0, 0.0, 0.0, 0.0] joint_vel=[-0.809999942779541, -0.09000000357627869, 0.27000001072883606, 0.0, 0.0, 0.0] imu_ang_vel=[0.0, 0.0, -0.010652969591319561] imu_quat_wxyz=[0.9921237230300903, 0.02323426865041256, 0.11271173506975174, -0.049463383853435516]
joint_pos=[0.0, -0.0, -0.0, 0.0, 0.0, 0.0] joint_vel=[-0.9900000095367432, -0.0, 0.09000000357627869, 0.0, 0.0, 0.0] imu_ang_vel=[0.0, 0.0, 0.0] imu_quat_wxyz=[0.9921212196350098, 0.023269155994057655, 0.11275315284729004, -0.049404751509428024]
joint_pos=[0.0, -0.0, -0.0, 0.0, 0.0, 0.0] joint_vel=[0.6299999952316284, -0.09000000357627869, -0.0, 0.0, 0.0, 0.0] imu_ang_vel=[0.0, 0.0, 0.0] imu_quat_wxyz=[0.9921212196350098, 0.023269155994057655, 0.11275315284729004, -0.049404751509428024]
motion_test: joint 1 -> 20.000 deg
joint_pos=[0.0, -0.0, -0.0, 0.0, 0.0, 0.0] joint_vel=[-0.9900000095367432, 0.18000000715255737, -0.0, 0.0, 0.0, 0.0] imu_ang_vel=[0.0, 0.0, 0.0] imu_quat_wxyz=[0.9921269416809082, 0.02329346165060997, 0.11271784454584122, -0.049358416348695755]
joint_pos=[0.0, -0.0, -0.0, 0.0, 0.0, 0.0] joint_vel=[0.18000000715255737, -0.0, -0.0, 0.0, 0.0, 0.0] imu_ang_vel=[0.0, 0.0, 0.0] imu_quat_wxyz=[0.9921269416809082, 0.02329346165060997, 0.11271784454584122, -0.049358416348695755]
joint_pos=[0.18000000715255737, -0.0, -0.0, 0.0, 0.0, 0.0] joint_vel=[14.670000076293945, -0.0, -0.09000000357627869, 0.0, 0.0, 0.0] imu_ang_vel=[0.0, 0.039415985345840454, -0.012783562764525414] imu_quat_wxyz=[0.992139995098114, 0.023049265146255493, 0.11264165490865707, -0.04938497021794319]
joint_pos=[0.6119999885559082, -0.0, -0.0, 0.0, 0.0, 0.0] joint_vel=[16.200000762939453, -0.18000000715255737, -0.27000001072883606, 0.0, 0.0, 0.0] imu_ang_vel=[0.0, 0.039415985345840454, -0.012783562764525414] imu_quat_wxyz=[0.992139995098114, 0.023049265146255493, 0.11264165490865707, -0.04938497021794319]
joint_pos=[1.0440000295639038, -0.0, -0.0, 0.0, 0.0, 0.0] joint_vel=[16.200000762939453, 0.18000000715255737, -0.18000000715255737, 0.0, 0.0, 0.0] imu_ang_vel=[0.042611878365278244, 0.12144385278224945, -0.20027582347393036] imu_quat_wxyz=[0.9917151927947998, 0.020598839968442917, 0.11611339449882507, -0.05093477666378021]
joint_pos=[1.4759999513626099, -0.0, -0.0, 0.0, 0.0, 0.0] joint_vel=[12.329999923706055, 0.18000000715255737, 0.27000001072883606, 0.0, 0.0, 0.0] imu_ang_vel=[0.042611878365278244, 0.12144385278224945, -0.20027582347393036] imu_quat_wxyz=[0.9917151927947998, 0.020598839968442917, 0.11611339449882507, -0.05093477666378021]
joint_pos=[1.8360000848770142, -0.0, -0.0, 0.0, 0.0, 0.0] joint_vel=[33.93000030517578, 0.27000001072883606, -0.0, 0.0, 0.0, 0.0] imu_ang_vel=[0.054330144077539444, 0.0585913322865963, -0.20347172021865845] imu_quat_wxyz=[0.9915534853935242, 0.01853734813630581, 0.11849574744701385, -0.04936264827847481]
joint_pos=[2.2320001125335693, -0.0, -0.0, 0.0, 0.0, 0.0] joint_vel=[25.829999923706055, 0.27000001072883606, -0.27000001072883606, 0.0, 0.0, 0.0] imu_ang_vel=[0.054330144077539444, 0.0585913322865963, -0.20347172021865845] imu_quat_wxyz=[0.9915534853935242, 0.01853734813630581, 0.11849574744701385, -0.04936264827847481]
joint_pos=[2.5920000076293945, -0.0, -0.0, 0.0, 0.0, 0.0] joint_vel=[9.270000457763672, 0.09000000357627869, -0.0, 0.0, 0.0, 0.0] imu_ang_vel=[0.05326484516263008, 0.057526033371686935, -0.21838587522506714] imu_quat_wxyz=[0.9915145039558411, 0.015082507394254208, 0.12088492512702942, -0.04536764696240425]
joint_pos=[3.0239999294281006, -0.0, -0.0, 0.0, 0.0, 0.0] joint_vel=[16.3799991607666, -0.27000001072883606, -0.0, 0.0, 0.0, 0.0] imu_ang_vel=[0.05326484516263008, 0.057526033371686935, -0.21838587522506714] imu_quat_wxyz=[0.9915145039558411, 0.015082507394254208, 0.12088492512702942, -0.04536764696240425]
joint_pos=[3.419999837875366, -0.0, -0.0, 0.0, 0.0, 0.0] joint_vel=[18.09000015258789, -0.0, -0.09000000357627869, 0.0, 0.0, 0.0] imu_ang_vel=[0.04793836176395416, 0.057526033371686935, -0.20879819989204407] imu_quat_wxyz=[0.9913921356201172, 0.013622306287288666, 0.1225898489356041, -0.043905120342969894]
joint_pos=[3.8520002365112305, -0.0, -0.0, 0.0, 0.0, 0.0] joint_vel=[32.220001220703125, -0.44999998807907104, -0.09000000357627869, 0.0, 0.0, 0.0] imu_ang_vel=[0.04793836176395416, 0.057526033371686935, -0.20879819989204407] imu_quat_wxyz=[0.9913921356201172, 0.013622306287288666, 0.1225898489356041, -0.043905120342969894]
joint_pos=[4.211999893188477, -0.0, -0.0, 0.0, 0.0, 0.0] joint_vel=[15.75, -0.0, 0.27000001072883606, 0.0, 0.0, 0.0] imu_ang_vel=[0.042611878365278244, 0.06817900389432907, -0.18536166846752167] imu_quat_wxyz=[0.9909993410110474, 0.016601305454969406, 0.12371772527694702, -0.04835887625813484]
joint_pos=[4.607999801635742, -0.0, -0.0, 0.0, 0.0, 0.0] joint_vel=[11.970000267028809, -0.0, 0.09000000357627869, 0.0, 0.0, 0.0] imu_ang_vel=[0.042611878365278244, 0.06817900389432907, -0.18536166846752167] imu_quat_wxyz=[0.9909993410110474, 0.016601305454969406, 0.12371772527694702, -0.04835887625813484]
joint_pos=[5.039999961853027, -0.0, -0.0, 0.0, 0.0, 0.0] joint_vel=[18.630001068115234, 0.09000000357627869, -0.09000000357627869, 0.0, 0.0, 0.0] imu_ang_vel=[0.03622009605169296, 0.07137489318847656, -0.15766394138336182] imu_quat_wxyz=[0.9899820685386658, 0.02526782639324665, 0.12528687715530396, -0.060001518577337265]
joint_pos=[5.436000347137451, -0.0, -0.0, 0.0, 0.0, 0.0] joint_vel=[26.549999237060547, -0.27000001072883606, -0.09000000357627869, 0.0, 0.0, 0.0] imu_ang_vel=[0.03622009605169296, 0.07137489318847656, -0.15766394138336182] imu_quat_wxyz=[0.9899820685386658, 0.02526782639324665, 0.12528687715530396, -0.060001518577337265]
joint_pos=[5.760000228881836, -0.0, -0.0, 0.0, 0.0, 0.0] joint_vel=[12.690000534057617, -0.0, -0.18000000715255737, 0.0, 0.0, 0.0] imu_ang_vel=[0.028763016685843468, 0.07883197069168091, -0.11079087853431702] imu_quat_wxyz=[0.9880571365356445, 0.037927597761154175, 0.12761031091213226, -0.07758995145559311]
joint_pos=[6.192000389099121, -0.0, -0.0, 0.0, 0.0, 0.0] joint_vel=[14.220000267028809, -0.09000000357627869, -0.0, 0.0, 0.0, 0.0] imu_ang_vel=[0.028763016685843468, 0.07883197069168091, -0.11079087853431702] imu_quat_wxyz=[0.9880571365356445, 0.037927597761154175, 0.12761031091213226, -0.07758995145559311]
joint_pos=[6.588000297546387, -0.0, -0.0, 0.0, 0.0, 0.0] joint_vel=[13.319999694824219, 0.18000000715255737, -0.18000000715255737, 0.0, 0.0, 0.0] imu_ang_vel=[0.01491415686905384, 0.08309315890073776, -0.060721926391124725] imu_quat_wxyz=[0.9851970076560974, 0.05113041400909424, 0.13031065464019775, -0.0989527776837349]
joint_pos=[7.019999980926514, -0.0, -0.0, 0.0, 0.0, 0.0] joint_vel=[29.970001220703125, -0.27000001072883606, -0.0, 0.0, 0.0, 0.0] imu_ang_vel=[0.01491415686905384, 0.08309315890073776, -0.060721926391124725] imu_quat_wxyz=[0.9851970076560974, 0.05113041400909424, 0.13031065464019775, -0.0989527776837349]
joint_pos=[7.344000339508057, -0.0, -0.0, 0.0, 0.0, 0.0] joint_vel=[18.630001068115234, -0.0, -0.27000001072883606, 0.0, 0.0, 0.0] imu_ang_vel=[0.0, 0.08948494493961334, 0.0] imu_quat_wxyz=[0.9826195240020752, 0.0596613846719265, 0.13231739401817322, -0.11572106182575226]
joint_pos=[7.740000247955322, -0.0, -0.0, 0.0, 0.0, 0.0] joint_vel=[12.329999923706055, 0.09000000357627869, -0.0, 0.0, 0.0, 0.0] imu_ang_vel=[0.0, 0.08948494493961334, 0.0] imu_quat_wxyz=[0.9826195240020752, 0.0596613846719265, 0.13231739401817322, -0.11572106182575226]
joint_pos=[8.17199993133545, -0.0, -0.0, 0.0, 0.0, 0.0] joint_vel=[17.100000381469727, -0.0, -0.0, 0.0, 0.0, 0.0] imu_ang_vel=[0.0, 0.05539543926715851, 0.03728539124131203] imu_quat_wxyz=[0.9793053865432739, 0.06701651215553284, 0.13393831253051758, -0.1361253559589386]
joint_pos=[8.567999839782715, -0.0, -0.0, 0.0, 0.0, 0.0] joint_vel=[22.05000114440918, -0.18000000715255737, -0.0, 0.0, 0.0, 0.0] imu_ang_vel=[0.0, 0.05539543926715851, 0.03728539124131203] imu_quat_wxyz=[0.9793053865432739, 0.06701651215553284, 0.13393831253051758, -0.1361253559589386]
joint_pos=[8.96399974822998, -0.0, -0.0, 0.0, 0.0, 0.0] joint_vel=[31.94999885559082, -0.18000000715255737, -0.0, 0.0, 0.0, 0.0] imu_ang_vel=[-0.024501830339431763, 0.042611878365278244, 0.09055023640394211] imu_quat_wxyz=[0.9766572713851929, 0.07011713832616806, 0.13425853848457336, -0.15231092274188995]
joint_pos=[9.324000358581543, -0.0, -0.0, 0.0, 0.0, 0.0] joint_vel=[13.410000801086426, 0.09000000357627869, -0.0, 0.0, 0.0, 0.0] imu_ang_vel=[-0.024501830339431763, 0.042611878365278244, 0.09055023640394211] imu_quat_wxyz=[0.9766572713851929, 0.07011713832616806, 0.13425853848457336, -0.15231092274188995]
joint_pos=[9.720000267028809, -0.0, -0.0, 0.0, 0.0, 0.0] joint_vel=[13.049999237060547, -0.27000001072883606, 0.27000001072883606, 0.0, 0.0, 0.0] imu_ang_vel=[-0.042611878365278244, 0.03302420675754547, 0.14488038420677185] imu_quat_wxyz=[0.9753450751304626, 0.06901638209819794, 0.13372337818145752, -0.16142113506793976]
joint_pos=[10.152000427246094, -0.0, -0.0, 0.0, 0.0, 0.0] joint_vel=[24.56999969482422, -0.18000000715255737, -0.0, 0.0, 0.0, 0.0] imu_ang_vel=[-0.042611878365278244, 0.03302420675754547, 0.14488038420677185] imu_quat_wxyz=[0.9753450751304626, 0.06901638209819794, 0.13372337818145752, -0.16142113506793976]
joint_pos=[10.54800033569336, -0.0, -0.0, 0.0, 0.0, 0.0] joint_vel=[35.81999969482422, 0.18000000715255737, -0.18000000715255737, 0.0, 0.0, 0.0] imu_ang_vel=[-0.05539543926715851, 0.02663242258131504, 0.18216577172279358] imu_quat_wxyz=[0.9756751656532288, 0.0643913522362709, 0.13303551077842712, -0.16190508008003235]
joint_pos=[10.907999992370605, -0.0, -0.0, 0.0, 0.0, 0.0] joint_vel=[12.870000839233398, -0.0, 0.09000000357627869, 0.0, 0.0, 0.0] imu_ang_vel=[-0.05539543926715851, 0.02663242258131504, 0.18216577172279358] imu_quat_wxyz=[0.9756751656532288, 0.0643913522362709, 0.13303551077842712, -0.16190508008003235]
joint_pos=[11.303999900817871, -0.0, -0.0, 0.0, 0.0, 0.0] joint_vel=[16.020000457763672, -0.0, -0.0, 0.0, 0.0, 0.0] imu_ang_vel=[-0.06604841351509094, 0.02982831373810768, 0.2109287977218628] imu_quat_wxyz=[0.9775204658508301, 0.05707364156842232, 0.13296568393707275, -0.15335039794445038]
joint_pos=[11.736000061035156, -0.0, -0.0, 0.0, 0.0, 0.0] joint_vel=[17.010000228881836, -0.0, -0.27000001072883606, 0.0, 0.0, 0.0] imu_ang_vel=[-0.06604841351509094, 0.02982831373810768, 0.2109287977218628] imu_quat_wxyz=[0.9775204658508301, 0.05707364156842232, 0.13296568393707275, -0.15335039794445038]
joint_pos=[12.131999969482422, -0.0, -0.0, 0.0, 0.0, 0.0] joint_vel=[34.46999740600586, -0.18000000715255737, 0.36000001430511475, 0.0, 0.0, 0.0] imu_ang_vel=[-0.08522375673055649, 0.07457078248262405, 0.25034478306770325] imu_quat_wxyz=[0.9803170561790466, 0.048428039997816086, 0.13404226303100586, -0.13662336766719818]
joint_pos=[12.491999626159668, -0.0, -0.0, 0.0, 0.0, 0.0] joint_vel=[16.3799991607666, -0.0, -0.0, 0.0, 0.0, 0.0] imu_ang_vel=[-0.08522375673055649, 0.07457078248262405, 0.25034478306770325] imu_quat_wxyz=[0.9803170561790466, 0.048428039997816086, 0.13404226303100586, -0.13662336766719818]
joint_pos=[12.887999534606934, -0.0, -0.0, 0.0, 0.0, 0.0] joint_vel=[11.880000114440918, -0.18000000715255737, 0.09000000357627869, 0.0, 0.0, 0.0] imu_ang_vel=[-0.08841964602470398, 0.10759498924016953, 0.27378129959106445] imu_quat_wxyz=[0.9831910729408264, 0.03983311727643013, 0.13706569373607635, -0.11384860426187515]
joint_pos=[13.2839994430542, -0.0, -0.0, 0.0, 0.0, 0.0] joint_vel=[21.600000381469727, 0.09000000357627869, -0.0, 0.0, 0.0, 0.0] imu_ang_vel=[-0.08841964602470398, 0.10759498924016953, 0.27378129959106445] imu_quat_wxyz=[0.9831910729408264, 0.03983311727643013, 0.13706569373607635, -0.11384860426187515]
joint_pos=[13.7160005569458, -0.0, -0.0, 0.0, 0.0, 0.0] joint_vel=[31.229999542236328, 0.09000000357627869, 0.09000000357627869, 0.0, 0.0, 0.0] imu_ang_vel=[-0.08948494493961334, 0.11079087853431702, 0.25567126274108887] imu_quat_wxyz=[0.9858251214027405, 0.03219002112746239, 0.1414455622434616, -0.0842956155538559]
joint_pos=[14.039999961853027, -0.0, -0.0, 0.0, 0.0, 0.0] joint_vel=[11.880000114440918, -0.09000000357627869, -0.09000000357627869, 0.0, 0.0, 0.0] imu_ang_vel=[-0.08948494493961334, 0.11079087853431702, 0.25567126274108887] imu_quat_wxyz=[0.9858251214027405, 0.03219002112746239, 0.1414455622434616, -0.0842956155538559]
joint_pos=[14.471999168395996, -0.0, -0.0, 0.0, 0.0, 0.0] joint_vel=[13.949999809265137, -0.0, -0.18000000715255737, 0.0, 0.0, 0.0] imu_ang_vel=[-0.09481142461299896, 0.09268083423376083, 0.2546059787273407] imu_quat_wxyz=[0.9876548051834106, 0.028424512594938278, 0.14559468626976013, -0.050320208072662354]
joint_pos=[14.868000030517578, -0.0, -0.0, 0.0, 0.0, 0.0] joint_vel=[15.390000343322754, 0.09000000357627869, -0.0, 0.0, 0.0, 0.0] imu_ang_vel=[-0.09481142461299896, 0.09268083423376083, 0.2546059787273407] imu_quat_wxyz=[0.9876548051834106, 0.028424512594938278, 0.14559468626976013, -0.050320208072662354]
joint_pos=[15.300000190734863, -0.0, -0.0, 0.0, 0.0, 0.0] joint_vel=[24.209999084472656, 0.09000000357627869, -0.09000000357627869, 0.0, 0.0, 0.0] imu_ang_vel=[-0.09161553531885147, 0.09161553531885147, 0.2546059787273407] imu_quat_wxyz=[0.9883833527565002, 0.030852871015667915, 0.14795300364494324, -0.016006311401724815]
joint_pos=[15.696000099182129, -0.0, -0.0, 0.0, 0.0, 0.0] joint_vel=[35.279998779296875, 0.09000000357627869, -0.09000000357627869, 0.0, 0.0, 0.0] imu_ang_vel=[-0.09161553531885147, 0.09161553531885147, 0.2546059787273407] imu_quat_wxyz=[0.9883833527565002, 0.030852871015667915, 0.14795300364494324, -0.016006311401724815]
joint_pos=[16.055999755859375, -0.0, -0.0, 0.0, 0.0, 0.0] joint_vel=[12.780000686645508, 0.18000000715255737, -0.0, 0.0, 0.0, 0.0] imu_ang_vel=[-0.08522375673055649, 0.10652969032526016, 0.23223473131656647] imu_quat_wxyz=[0.9881978034973145, 0.0384715311229229, 0.14795738458633423, 0.00967639870941639]
joint_pos=[16.45199966430664, -0.0, -0.0, 0.0, 0.0, 0.0] joint_vel=[15.210000038146973, 0.09000000357627869, 0.18000000715255737, 0.0, 0.0, 0.0] imu_ang_vel=[-0.08522375673055649, 0.10652969032526016, 0.23223473131656647] imu_quat_wxyz=[0.9881978034973145, 0.0384715311229229, 0.14795738458633423, 0.00967639870941639]
joint_pos=[16.884000778198242, -0.0, -0.0, 0.0, 0.0, 0.0] joint_vel=[14.309999465942383, -0.0, -0.0, 0.0, 0.0, 0.0] imu_ang_vel=[-0.060721926391124725, 0.12037855386734009, 0.17364339530467987] imu_quat_wxyz=[0.9878828525543213, 0.04358464479446411, 0.14728203415870667, 0.022264905273914337]
joint_pos=[17.280000686645508, -0.0, -0.0, 0.0, 0.0, 0.0] joint_vel=[33.56999969482422, -0.0, -0.0, 0.0, 0.0, 0.0] imu_ang_vel=[-0.060721926391124725, 0.12037855386734009, 0.17364339530467987] imu_quat_wxyz=[0.9878828525543213, 0.04358464479446411, 0.14728203415870667, 0.022264905273914337]
joint_pos=[17.639999389648438, -0.0, -0.0, 0.0, 0.0, 0.0] joint_vel=[17.010000228881836, -0.0, -0.0, 0.0, 0.0, 0.0] imu_ang_vel=[-0.03728539124131203, 0.15766394138336182, 0.11824796348810196] imu_quat_wxyz=[0.9878424406051636, 0.04252786561846733, 0.1471310257911682, 0.026667241007089615]
joint_pos=[18.035999298095703, -0.0, -0.0, 0.0, 0.0, 0.0] joint_vel=[12.510000228881836, -0.0, -0.09000000357627869, 0.0, 0.0, 0.0] imu_ang_vel=[-0.03728539124131203, 0.15766394138336182, 0.11824796348810196] imu_quat_wxyz=[0.9878424406051636, 0.04252786561846733, 0.1471310257911682, 0.026667241007089615]
joint_pos=[18.43199920654297, -0.0, -0.0, 0.0, 0.0, 0.0] joint_vel=[19.709999084472656, -0.44999998807907104, -0.36000001430511475, 0.0, 0.0, 0.0] imu_ang_vel=[-0.012783562764525414, 0.15979453921318054, 0.06604841351509094] imu_quat_wxyz=[0.9906131029129028, 0.037243884056806564, 0.12826520204544067, 0.029097001999616623]
joint_pos=[18.86400032043457, -0.0, -0.0, 0.0, 0.0, 0.0] joint_vel=[32.310001373291016, -0.0, -0.27000001072883606, 0.0, 0.0, 0.0] imu_ang_vel=[-0.012783562764525414, 0.15979453921318054, 0.06604841351509094] imu_quat_wxyz=[0.9906131029129028, 0.037243884056806564, 0.12826520204544067, 0.029097001999616623]
joint_pos=[19.187999725341797, -0.0, -0.0, 0.0, 0.0, 0.0] joint_vel=[11.970000267028809, -0.0, -0.0, 0.0, 0.0, 0.0] imu_ang_vel=[0.0, 0.15340276062488556, 0.01811004802584648] imu_quat_wxyz=[0.994204044342041, 0.03201889246702194, 0.0979098454117775, 0.030768705531954765]
joint_pos=[19.619998931884766, -0.0, -0.0, 0.0, 0.0, 0.0] joint_vel=[13.679999351501465, -0.0, -0.0, 0.0, 0.0, 0.0] imu_ang_vel=[0.0, 0.15340276062488556, 0.01811004802584648] imu_quat_wxyz=[0.994204044342041, 0.03201889246702194, 0.0979098454117775, 0.030768705531954765]
joint_pos=[19.72800064086914, -0.0, -0.0, 0.0, 0.0, 0.0] joint_vel=[0.0, 0.18000000715255737, 0.09000000357627869, 0.0, 0.0, 0.0] imu_ang_vel=[0.025567125529050827, 0.011718266643583775, -0.019175345078110695] imu_quat_wxyz=[0.9965561628341675, 0.02899731695652008, 0.07096924632787704, 0.03159689903259277]
joint_pos=[19.72800064086914, -0.0, -0.0, 0.0, 0.0, 0.0] joint_vel=[0.0, -0.0, -0.0, 0.0, 0.0, 0.0] imu_ang_vel=[0.025567125529050827, 0.011718266643583775, -0.019175345078110695] imu_quat_wxyz=[0.9965561628341675, 0.02899731695652008, 0.07096924632787704, 0.03159689903259277]
joint_pos=[19.72800064086914, -0.0, -0.0, 0.0, 0.0, 0.0] joint_vel=[0.0, -0.0, -0.36000001430511475, 0.0, 0.0, 0.0] imu_ang_vel=[-0.02663242258131504, 0.05006895586848259, 0.08735434710979462] imu_quat_wxyz=[0.997685432434082, 0.028394676744937897, 0.0521065816283226, 0.033204711973667145]
joint_pos=[19.72800064086914, -0.0, -0.0, 0.0, 0.0, 0.0] joint_vel=[-0.27000001072883606, 0.27000001072883606, -0.18000000715255737, 0.0, 0.0, 0.0] imu_ang_vel=[-0.02663242258131504, 0.05006895586848259, 0.08735434710979462] imu_quat_wxyz=[0.997685432434082, 0.028394676744937897, 0.0521065816283226, 0.033204711973667145]
joint_pos=[19.72800064086914, -0.0, -0.0, 0.0, 0.0, 0.0] joint_vel=[0.09000000357627869, -0.0, -0.18000000715255737, 0.0, 0.0, 0.0] imu_ang_vel=[-0.017044750973582268, 0.06285251677036285, 0.06178722158074379] imu_quat_wxyz=[0.9980561137199402, 0.02533743344247341, 0.04431392624974251, 0.0357518345117569]
joint_pos=[19.72800064086914, -0.0, -0.0, 0.0, 0.0, 0.0] joint_vel=[0.0, -0.0, -0.0, 0.0, 0.0, 0.0] imu_ang_vel=[-0.017044750973582268, 0.06285251677036285, 0.06178722158074379] imu_quat_wxyz=[0.9980561137199402, 0.02533743344247341, 0.04431392624974251, 0.0357518345117569]
joint_pos=[19.72800064086914, -0.0, -0.0, 0.0, 0.0, 0.0] joint_vel=[0.0, 0.09000000357627869, -0.27000001072883606, 0.0, 0.0, 0.0] imu_ang_vel=[0.0, 0.02982831373810768, 0.024501830339431763] imu_quat_wxyz=[0.9982324838638306, 0.02412443794310093, 0.03982982784509659, 0.03692490980029106]
joint_pos=[19.72800064086914, -0.0, -0.0, 0.0, 0.0, 0.0] joint_vel=[0.0, -0.09000000357627869, -0.0, 0.0, 0.0, 0.0] imu_ang_vel=[0.0, 0.02982831373810768, 0.024501830339431763] imu_quat_wxyz=[0.9982324838638306, 0.02412443794310093, 0.03982982784509659, 0.03692490980029106]
joint_pos=[19.72800064086914, -0.0, -0.0, 0.0, 0.0, 0.0] joint_vel=[0.0, -0.0, 0.18000000715255737, 0.0, 0.0, 0.0] imu_ang_vel=[0.015979453921318054, 0.011718266643583775, -0.02982831373810768] imu_quat_wxyz=[0.9983073472976685, 0.024438777938485146, 0.03689916431903839, 0.03772904351353645]
joint_pos=[19.691999435424805, -0.0, -0.0, 0.0, 0.0, 0.0] joint_vel=[0.0, -0.09000000357627869, -0.0, 0.0, 0.0, 0.0] imu_ang_vel=[0.015979453921318054, 0.011718266643583775, -0.02982831373810768] imu_quat_wxyz=[0.9983073472976685, 0.024438777938485146, 0.03689916431903839, 0.03772904351353645]
joint_pos=[19.691999435424805, -0.0, -0.0, 0.0, 0.0, 0.0] joint_vel=[-0.09000000357627869, 0.44999998807907104, 0.09000000357627869, 0.0, 0.0, 0.0] imu_ang_vel=[0.0, -0.011718266643583775, 0.0468730665743351] imu_quat_wxyz=[0.998306393623352, 0.025106197223067284, 0.035379063338041306, 0.0387609638273716]
joint_pos=[19.72800064086914, -0.0, -0.0, 0.0, 0.0, 0.0] joint_vel=[0.0, 0.18000000715255737, 0.18000000715255737, 0.0, 0.0, 0.0] imu_ang_vel=[0.0, -0.011718266643583775, 0.0468730665743351] imu_quat_wxyz=[0.998306393623352, 0.025106197223067284, 0.035379063338041306, 0.0387609638273716]
joint_pos=[19.72800064086914, -0.0, -0.0, 0.0, 0.0, 0.0] joint_vel=[0.0, 0.09000000357627869, -0.0, 0.0, 0.0, 0.0] imu_ang_vel=[0.0, -0.021305939182639122, 0.03195890784263611] imu_quat_wxyz=[0.9983317255973816, 0.024719640612602234, 0.03337596729397774, 0.040107257664203644]
joint_pos=[19.72800064086914, -0.0, -0.0, 0.0, 0.0, 0.0] joint_vel=[0.0, 0.09000000357627869, 0.18000000715255737, 0.0, 0.0, 0.0] imu_ang_vel=[0.0, -0.021305939182639122, 0.03195890784263611] imu_quat_wxyz=[0.9983317255973816, 0.024719640612602234, 0.03337596729397774, 0.040107257664203644]
joint_pos=[19.72800064086914, -0.0, -0.0, 0.0, 0.0, 0.0] joint_vel=[0.09000000357627869, 0.09000000357627869, -0.0, 0.0, 0.0, 0.0] imu_ang_vel=[0.011718266643583775, -0.012783562764525414, -0.01491415686905384] imu_quat_wxyz=[0.9983884692192078, 0.023755595088005066, 0.03167397901415825, 0.04065670445561409]
joint_pos=[19.72800064086914, -0.0, -0.0, 0.0, 0.0, 0.0] joint_vel=[0.09000000357627869, -0.09000000357627869, -0.09000000357627869, 0.0, 0.0, 0.0] imu_ang_vel=[0.011718266643583775, -0.012783562764525414, -0.01491415686905384] imu_quat_wxyz=[0.9983884692192078, 0.023755595088005066, 0.03167397901415825, 0.04065670445561409]
joint_pos=[19.691999435424805, -0.0, -0.0, 0.0, 0.0, 0.0] joint_vel=[-0.09000000357627869, 0.18000000715255737, -0.0, 0.0, 0.0, 0.0] imu_ang_vel=[0.030893610790371895, 0.0, -0.05965662747621536] imu_quat_wxyz=[0.9984322190284729, 0.023323966190218925, 0.031092999503016472, 0.04027637466788292]
joint_pos=[19.691999435424805, -0.0, -0.0, 0.0, 0.0, 0.0] joint_vel=[0.0, -0.09000000357627869, -0.0, 0.0, 0.0, 0.0] imu_ang_vel=[0.030893610790371895, 0.0, -0.05965662747621536] imu_quat_wxyz=[0.9984322190284729, 0.023323966190218925, 0.031092999503016472, 0.04027637466788292]
joint_pos=[19.691999435424805, -0.0, -0.0, 0.0, 0.0, 0.0] joint_vel=[0.09000000357627869, -0.18000000715255737, 0.18000000715255737, 0.0, 0.0, 0.0] imu_ang_vel=[0.0468730665743351, 0.011718266643583775, -0.09481142461299896] imu_quat_wxyz=[0.998452365398407, 0.024054590612649918, 0.031317610293626785, 0.03915851190686226]
joint_pos=[19.691999435424805, -0.0, -0.0, 0.0, 0.0, 0.0] joint_vel=[0.09000000357627869, -0.27000001072883606, -0.09000000357627869, 0.0, 0.0, 0.0] imu_ang_vel=[0.0468730665743351, 0.011718266643583775, -0.09481142461299896] imu_quat_wxyz=[0.998452365398407, 0.024054590612649918, 0.031317610293626785, 0.03915851190686226]
joint_pos=[19.691999435424805, -0.0, -0.0, 0.0, 0.0, 0.0] joint_vel=[0.0, -0.0, -0.0, 0.0, 0.0, 0.0] imu_ang_vel=[0.05326484516263008, 0.01811004802584648, -0.12783563137054443] imu_quat_wxyz=[0.9984763860702515, 0.02506445161998272, 0.031965434551239014, 0.037346962839365005]
joint_pos=[19.691999435424805, -0.0, -0.0, 0.0, 0.0, 0.0] joint_vel=[0.0, 0.09000000357627869, -0.09000000357627869, 0.0, 0.0, 0.0] imu_ang_vel=[0.05326484516263008, 0.01811004802584648, -0.12783563137054443] imu_quat_wxyz=[0.9984763860702515, 0.02506445161998272, 0.031965434551239014, 0.037346962839365005]
joint_pos=[19.691999435424805, -0.0, -0.0, 0.0, 0.0, 0.0] joint_vel=[0.09000000357627869, 0.09000000357627869, 0.27000001072883606, 0.0, 0.0, 0.0] imu_ang_vel=[0.05646073818206787, 0.015979453921318054, -0.1608598381280899] imu_quat_wxyz=[0.9985332489013672, 0.02571488916873932, 0.03250366076827049, 0.034835778176784515]
motion_test: joint 1 returning to start
joint_pos=[19.691999435424805, -0.0, -0.0, 0.0, 0.0, 0.0] joint_vel=[0.0, -0.27000001072883606, -0.0, 0.0, 0.0, 0.0] imu_ang_vel=[0.05646073818206787, 0.015979453921318054, -0.1608598381280899] imu_quat_wxyz=[0.9985332489013672, 0.02571488916873932, 0.03250366076827049, 0.034835778176784515]
joint_pos=[19.691999435424805, -0.0, -0.0, 0.0, 0.0, 0.0] joint_vel=[0.0, -0.0, -0.27000001072883606, 0.0, 0.0, 0.0] imu_ang_vel=[0.06178722158074379, 0.0, -0.18216577172279358] imu_quat_wxyz=[0.9986194372177124, 0.025683734565973282, 0.03304735943675041, 0.03173856437206268]
joint_pos=[19.440000534057617, -0.0, -0.0, 0.0, 0.0, 0.0] joint_vel=[-15.480000495910645, 0.09000000357627869, -0.0, 0.0, 0.0, 0.0] imu_ang_vel=[0.06178722158074379, 0.0, -0.18216577172279358] imu_quat_wxyz=[0.9986194372177124, 0.025683734565973282, 0.03304735943675041, 0.03173856437206268]
joint_pos=[19.007999420166016, -0.0, -0.0, 0.0, 0.0, 0.0] joint_vel=[-21.149999618530273, -0.27000001072883606, -0.09000000357627869, 0.0, 0.0, 0.0] imu_ang_vel=[0.06285251677036285, -0.17364339530467987, -0.16512101888656616] imu_quat_wxyz=[0.9987195134162903, 0.026433119550347328, 0.031580932438373566, 0.029380954802036285]
joint_pos=[18.61199951171875, -0.0, -0.0, 0.0, 0.0, 0.0] joint_vel=[-16.559999465942383, -0.09000000357627869, -0.0, 0.0, 0.0, 0.0] imu_ang_vel=[0.06285251677036285, -0.17364339530467987, -0.16512101888656616] imu_quat_wxyz=[0.9987195134162903, 0.026433119550347328, 0.031580932438373566, 0.029380954802036285]
joint_pos=[18.18000030517578, -0.0, -0.0, 0.0, 0.0, 0.0] joint_vel=[-34.7400016784668, -0.0, 0.09000000357627869, 0.0, 0.0, 0.0] imu_ang_vel=[-0.03195890784263611, 0.0, 0.034089501947164536] imu_quat_wxyz=[0.9988069534301758, 0.027147958055138588, 0.027882540598511696, 0.029497234150767326]
joint_pos=[17.74799919128418, -0.0, -0.0, 0.0, 0.0, 0.0] joint_vel=[-26.729999542236328, -0.09000000357627869, 0.09000000357627869, 0.0, 0.0, 0.0] imu_ang_vel=[-0.03195890784263611, 0.0, 0.034089501947164536] imu_quat_wxyz=[0.9988069534301758, 0.027147958055138588, 0.027882540598511696, 0.029497234150767326]
joint_pos=[17.423999786376953, -0.0, -0.0, 0.0, 0.0, 0.0] joint_vel=[-10.529999732971191, 0.09000000357627869, -0.36000001430511475, 0.0, 0.0, 0.0] imu_ang_vel=[0.0, -0.057526033371686935, -0.06604841351509094] imu_quat_wxyz=[0.998943030834198, 0.027223287150263786, 0.020228968933224678, 0.03102142922580242]
joint_pos=[16.992000579833984, -0.0, -0.0, 0.0, 0.0, 0.0] joint_vel=[-15.569999694824219, 0.44999998807907104, -0.0, 0.0, 0.0, 0.0] imu_ang_vel=[0.0, -0.057526033371686935, -0.06604841351509094] imu_quat_wxyz=[0.998943030834198, 0.027223287150263786, 0.020228968933224678, 0.03102142922580242]
joint_pos=[16.59600067138672, -0.0, -0.0, 0.0, 0.0, 0.0] joint_vel=[-20.790000915527344, -0.0, -0.0, 0.0, 0.0, 0.0] imu_ang_vel=[0.0, -0.10759498924016953, -0.022371236234903336] imu_quat_wxyz=[0.9988420009613037, 0.034268997609615326, 0.006413038820028305, 0.03315334394574165]
joint_pos=[16.200000762939453, -0.0, -0.0, 0.0, 0.0, 0.0] joint_vel=[-31.049999237060547, -0.0, 0.09000000357627869, 0.0, 0.0, 0.0] imu_ang_vel=[0.0, -0.10759498924016953, -0.022371236234903336] imu_quat_wxyz=[0.9988420009613037, 0.034268997609615326, 0.006413038820028305, 0.03315334394574165]
joint_pos=[15.84000015258789, -0.0, -0.0, 0.0, 0.0, 0.0] joint_vel=[-13.949999809265137, 0.27000001072883606, 0.27000001072883606, 0.0, 0.0, 0.0] imu_ang_vel=[0.0, -0.10866028815507889, 0.024501830339431763] imu_quat_wxyz=[0.9981756210327148, 0.04594564065337181, -0.008058828301727772, 0.03833068162202835]
joint_pos=[15.444000244140625, -0.0, -0.0, 0.0, 0.0, 0.0] joint_vel=[-12.690000534057617, -0.0, -0.09000000357627869, 0.0, 0.0, 0.0] imu_ang_vel=[0.0, -0.10866028815507889, 0.024501830339431763] imu_quat_wxyz=[0.9981756210327148, 0.04594564065337181, -0.008058828301727772, 0.03833068162202835]
joint_pos=[15.04800033569336, -0.0, -0.0, 0.0, 0.0, 0.0] joint_vel=[-30.239999771118164, -0.0, -0.09000000357627869, 0.0, 0.0, 0.0] imu_ang_vel=[0.0, -0.0937461331486702, 0.02024064213037491] imu_quat_wxyz=[0.9970575571060181, 0.05890924111008644, -0.018919505178928375, 0.04525364190340042]
joint_pos=[14.61600112915039, -0.0, -0.0, 0.0, 0.0, 0.0] joint_vel=[-36.720001220703125, 0.09000000357627869, -0.0, 0.0, 0.0, 0.0] imu_ang_vel=[0.0, -0.0937461331486702, 0.02024064213037491] imu_quat_wxyz=[0.9970575571060181, 0.05890924111008644, -0.018919505178928375, 0.04525364190340042]
joint_pos=[14.255999565124512, -0.0, -0.0, 0.0, 0.0, 0.0] joint_vel=[-12.0600004196167, -0.0, -0.0, 0.0, 0.0, 0.0] imu_ang_vel=[0.0, -0.1289009302854538, 0.0] imu_quat_wxyz=[0.9956865906715393, 0.0721990168094635, -0.024897951632738113, 0.05268234387040138]
joint_pos=[13.859999656677246, -0.0, -0.0, 0.0, 0.0, 0.0] joint_vel=[-13.859999656677246, -0.0, -0.0, 0.0, 0.0, 0.0] imu_ang_vel=[0.0, -0.1289009302854538, 0.0] imu_quat_wxyz=[0.9956865906715393, 0.0721990168094635, -0.024897951632738113, 0.05268234387040138]
joint_pos=[13.428000450134277, -0.0, -0.0, 0.0, 0.0, 0.0] joint_vel=[-14.399999618530273, -0.0, -0.0, 0.0, 0.0, 0.0] imu_ang_vel=[0.0, -0.10013791173696518, 0.0] imu_quat_wxyz=[0.9944084882736206, 0.08324365317821503, -0.025381866842508316, 0.059815529733896255]
joint_pos=[13.032000541687012, -0.0, -0.0, 0.0, 0.0, 0.0] joint_vel=[-28.619998931884766, 0.27000001072883606, -0.0, 0.0, 0.0, 0.0] imu_ang_vel=[0.0, -0.10013791173696518, 0.0] imu_quat_wxyz=[0.9944084882736206, 0.08324365317821503, -0.025381866842508316, 0.059815529733896255]
joint_pos=[12.600000381469727, -0.0, -0.0, 0.0, 0.0, 0.0] joint_vel=[-32.400001525878906, -0.0, 0.09000000357627869, 0.0, 0.0, 0.0] imu_ang_vel=[0.011718266643583775, -0.13422740995883942, -0.03195890784263611] imu_quat_wxyz=[0.9933323264122009, 0.09228961914777756, -0.021071230992674828, 0.06579823791980743]
joint_pos=[12.276000022888184, -0.0, -0.0, 0.0, 0.0, 0.0] joint_vel=[-11.880000114440918, 0.27000001072883606, -0.0, 0.0, 0.0, 0.0] imu_ang_vel=[0.011718266643583775, -0.13422740995883942, -0.03195890784263611] imu_quat_wxyz=[0.9933323264122009, 0.09228961914777756, -0.021071230992674828, 0.06579823791980743]
joint_pos=[11.844000816345215, -0.0, -0.0, 0.0, 0.0, 0.0] joint_vel=[-13.410000801086426, -0.36000001430511475, -0.0, 0.0, 0.0, 0.0] imu_ang_vel=[0.027697719633579254, -0.14274978637695312, -0.0585913322865963] imu_quat_wxyz=[0.9926448464393616, 0.0983244925737381, -0.013008130714297295, 0.06942124664783478]
joint_pos=[11.44800090789795, -0.0, -0.0, 0.0, 0.0, 0.0] joint_vel=[-22.5, 0.09000000357627869, -0.0, 0.0, 0.0, 0.0] imu_ang_vel=[0.027697719633579254, -0.14274978637695312, -0.0585913322865963] imu_quat_wxyz=[0.9926448464393616, 0.0983244925737381, -0.013008130714297295, 0.06942124664783478]
joint_pos=[11.088000297546387, -0.0, -0.0, 0.0, 0.0, 0.0] joint_vel=[-21.8700008392334, -0.09000000357627869, -0.0, 0.0, 0.0, 0.0] imu_ang_vel=[0.030893610790371895, -0.11611736565828323, -0.08415845781564713] imu_quat_wxyz=[0.9925544857978821, 0.09945081919431686, -0.0018216687021777034, 0.0702979788184166]
joint_pos=[10.692000389099121, -0.0, -0.0, 0.0, 0.0, 0.0] joint_vel=[-13.049999237060547, -0.0, -0.0, 0.0, 0.0, 0.0] imu_ang_vel=[0.030893610790371895, -0.11611736565828323, -0.08415845781564713] imu_quat_wxyz=[0.9925544857978821, 0.09945081919431686, -0.0018216687021777034, 0.0702979788184166]
joint_pos=[10.295999526977539, -0.0, -0.0, 0.0, 0.0, 0.0] joint_vel=[-13.589999198913574, 0.09000000357627869, -0.0, 0.0, 0.0, 0.0] imu_ang_vel=[0.042611878365278244, -0.10759498924016953, -0.11079087853431702] imu_quat_wxyz=[0.9930139780044556, 0.09531358629465103, 0.011345339938998222, 0.06862720102071762]
joint_pos=[9.86400032043457, -0.0, -0.0, 0.0, 0.0, 0.0] joint_vel=[-23.219999313354492, -0.44999998807907104, 0.09000000357627869, 0.0, 0.0, 0.0] imu_ang_vel=[0.042611878365278244, -0.10759498924016953, -0.11079087853431702] imu_quat_wxyz=[0.9930139780044556, 0.09531358629465103, 0.011345339938998222, 0.06862720102071762]
joint_pos=[9.468000411987305, -0.0, -0.0, 0.0, 0.0, 0.0] joint_vel=[-34.11000061035156, 0.18000000715255737, 0.18000000715255737, 0.0, 0.0, 0.0] imu_ang_vel=[0.05646073818206787, -0.09268083423376083, -0.1491415649652481] imu_quat_wxyz=[0.9937690496444702, 0.08711172640323639, 0.02443643845617771, 0.06509559601545334]
joint_pos=[9.144000053405762, -0.0, -0.0, 0.0, 0.0, 0.0] joint_vel=[-10.710000038146973, -0.0, -0.18000000715255737, 0.0, 0.0, 0.0] imu_ang_vel=[0.05646073818206787, -0.09268083423376083, -0.1491415649652481] imu_quat_wxyz=[0.9937690496444702, 0.08711172640323639, 0.02443643845617771, 0.06509559601545334]
joint_pos=[8.711999893188477, -0.0, -0.0, 0.0, 0.0, 0.0] joint_vel=[-14.670000076293945, -0.0, 0.18000000715255737, 0.0, 0.0, 0.0] imu_ang_vel=[0.06924430280923843, -0.07563608139753342, -0.17151281237602234] imu_quat_wxyz=[0.9945722222328186, 0.07725576311349869, 0.03405723720788956, 0.060809485614299774]
joint_pos=[8.315999984741211, -0.0, -0.0, 0.0, 0.0, 0.0] joint_vel=[-13.410000801086426, 0.36000001430511475, 0.09000000357627869, 0.0, 0.0, 0.0] imu_ang_vel=[0.06924430280923843, -0.07563608139753342, -0.17151281237602234] imu_quat_wxyz=[0.9945722222328186, 0.07725576311349869, 0.03405723720788956, 0.060809485614299774]
joint_pos=[7.883999824523926, -0.0, -0.0, 0.0, 0.0, 0.0] joint_vel=[-26.279998779296875, -0.09000000357627869, 0.09000000357627869, 0.0, 0.0, 0.0] imu_ang_vel=[0.07776667922735214, -0.06285251677036285, -0.18323107063770294] imu_quat_wxyz=[0.9955461621284485, 0.06606592237949371, 0.03646938502788544, 0.05650709569454193]
joint_pos=[7.48799991607666, -0.0, -0.0, 0.0, 0.0, 0.0] joint_vel=[-33.65999984741211, 0.18000000715255737, -0.0, 0.0, 0.0, 0.0] imu_ang_vel=[0.07776667922735214, -0.06285251677036285, -0.18323107063770294] imu_quat_wxyz=[0.9955461621284485, 0.06606592237949371, 0.03646938502788544, 0.05650709569454193]
joint_pos=[7.127999782562256, -0.0, -0.0, 0.0, 0.0, 0.0] joint_vel=[-11.880000114440918, 0.18000000715255737, -0.18000000715255737, 0.0, 0.0, 0.0] imu_ang_vel=[0.07883197069168091, -0.05646073818206787, -0.19494934380054474] imu_quat_wxyz=[0.9966151118278503, 0.0551772378385067, 0.03121817111968994, 0.0523357056081295]
joint_pos=[6.73199987411499, -0.0, -0.0, 0.0, 0.0, 0.0] joint_vel=[-14.670000076293945, 0.09000000357627869, -0.27000001072883606, 0.0, 0.0, 0.0] imu_ang_vel=[0.07883197069168091, -0.05646073818206787, -0.19494934380054474] imu_quat_wxyz=[0.9966151118278503, 0.0551772378385067, 0.03121817111968994, 0.0523357056081295]
joint_pos=[6.300000190734863, -0.0, -0.0, 0.0, 0.0, 0.0] joint_vel=[-17.190000534057617, 0.09000000357627869, -0.09000000357627869, 0.0, 0.0, 0.0] imu_ang_vel=[0.07350549101829529, -0.06604841351509094, -0.19388404488563538] imu_quat_wxyz=[0.9974914789199829, 0.04695582017302513, 0.021187419071793556, 0.04854749143123627]
joint_pos=[5.9039998054504395, -0.0, -0.0, 0.0, 0.0, 0.0] joint_vel=[-33.75, -0.0, -0.0, 0.0, 0.0, 0.0] imu_ang_vel=[0.07350549101829529, -0.06604841351509094, -0.19388404488563538] imu_quat_wxyz=[0.9974914789199829, 0.04695582017302513, 0.021187419071793556, 0.04854749143123627]
joint_pos=[5.544000148773193, -0.0, -0.0, 0.0, 0.0, 0.0] joint_vel=[-14.309999465942383, 0.09000000357627869, -0.0, 0.0, 0.0, 0.0] imu_ang_vel=[0.07244019210338593, -0.07137489318847656, -0.18962284922599792] imu_quat_wxyz=[0.9979667663574219, 0.04335934668779373, 0.009455838240683079, 0.045747485011816025]
joint_pos=[5.1479997634887695, -0.0, -0.0, 0.0, 0.0, 0.0] joint_vel=[-12.24000072479248, -0.0, -0.18000000715255737, 0.0, 0.0, 0.0] imu_ang_vel=[0.07244019210338593, -0.07137489318847656, -0.18962284922599792] imu_quat_wxyz=[0.9979667663574219, 0.04335934668779373, 0.009455838240683079, 0.045747485011816025]
joint_pos=[4.716000080108643, -0.0, -0.0, 0.0, 0.0, 0.0] joint_vel=[-23.1299991607666, -0.0, -0.18000000715255737, 0.0, 0.0, 0.0] imu_ang_vel=[0.06604841351509094, -0.07244019210338593, -0.16299043595790863] imu_quat_wxyz=[0.9980249404907227, 0.04471611604094505, -0.0006109600653871894, 0.04411724954843521]
joint_pos=[4.320000171661377, -0.0, -0.0, 0.0, 0.0, 0.0] joint_vel=[-28.89000129699707, -0.0, 0.09000000357627869, 0.0, 0.0, 0.0] imu_ang_vel=[0.06604841351509094, -0.07244019210338593, -0.16299043595790863] imu_quat_wxyz=[0.9980249404907227, 0.04471611604094505, -0.0006109600653871894, 0.04411724954843521]
joint_pos=[3.995999813079834, -0.0, -0.0, 0.0, 0.0, 0.0] joint_vel=[-15.390000343322754, 0.18000000715255737, -0.09000000357627869, 0.0, 0.0, 0.0] imu_ang_vel=[0.07244019210338593, -0.18536166846752167, -0.15979453921318054] imu_quat_wxyz=[0.99763023853302, 0.05180851370096207, -0.009643957950174809, 0.04423556476831436]
joint_pos=[3.563999891281128, -0.0, -0.0, 0.0, 0.0, 0.0] joint_vel=[-15.930000305175781, 0.27000001072883606, -0.0, 0.0, 0.0, 0.0] imu_ang_vel=[0.07244019210338593, -0.18536166846752167, -0.15979453921318054] imu_quat_wxyz=[0.99763023853302, 0.05180851370096207, -0.009643957950174809, 0.04423556476831436]
joint_pos=[3.1679999828338623, -0.0, -0.0, 0.0, 0.0, 0.0] joint_vel=[-21.600000381469727, -0.0, -0.0, 0.0, 0.0, 0.0] imu_ang_vel=[0.0351547971367836, -0.10866028815507889, -0.07137489318847656] imu_quat_wxyz=[0.9966034293174744, 0.06455019861459732, -0.019983729347586632, 0.047070056200027466]
joint_pos=[2.8439998626708984, -0.0, -0.0, 0.0, 0.0, 0.0] joint_vel=[-12.870000839233398, 0.09000000357627869, -0.0, 0.0, 0.0, 0.0] imu_ang_vel=[0.0351547971367836, -0.10866028815507889, -0.07137489318847656] imu_quat_wxyz=[0.9966034293174744, 0.06455019861459732, -0.019983729347586632, 0.047070056200027466]
joint_pos=[2.4119999408721924, -0.0, -0.0, 0.0, 0.0, 0.0] joint_vel=[-17.81999969482422, 0.09000000357627869, -0.18000000715255737, 0.0, 0.0, 0.0] imu_ang_vel=[0.0, -0.08841964602470398, 0.017044750973582268] imu_quat_wxyz=[0.9952906370162964, 0.07706494629383087, -0.02546508237719536, 0.05300060659646988]
joint_pos=[1.9800000190734863, -0.0, -0.0, 0.0, 0.0, 0.0] joint_vel=[-12.959999084472656, -0.0, -0.0, 0.0, 0.0, 0.0] imu_ang_vel=[0.0, -0.08841964602470398, 0.017044750973582268] imu_quat_wxyz=[0.9952906370162964, 0.07706494629383087, -0.02546508237719536, 0.05300060659646988]
joint_pos=[1.5839999914169312, -0.0, -0.0, 0.0, 0.0, 0.0] joint_vel=[-16.110000610351562, -0.0, 0.09000000357627869, 0.0, 0.0, 0.0] imu_ang_vel=[0.0, -0.05965662747621536, 0.05326484516263008] imu_quat_wxyz=[0.9939661622047424, 0.08742073178291321, -0.02644328959286213, 0.060740694403648376]
joint_pos=[1.1519999504089355, -0.0, -0.0, 0.0, 0.0, 0.0] joint_vel=[-16.3799991607666, -0.0, 0.18000000715255737, 0.0, 0.0, 0.0] imu_ang_vel=[0.0, -0.05965662747621536, 0.05326484516263008] imu_quat_wxyz=[0.9939661622047424, 0.08742073178291321, -0.02644328959286213, 0.060740694403648376]
joint_pos=[0.7919999957084656, -0.0, -0.0, 0.0, 0.0, 0.0] joint_vel=[-30.239999771118164, 0.09000000357627869, 0.18000000715255737, 0.0, 0.0, 0.0] imu_ang_vel=[0.012783562764525414, -0.05646073818206787, 0.03302420675754547] imu_quat_wxyz=[0.9928956627845764, 0.09533745050430298, -0.022005243226885796, 0.067710742354393]
joint_pos=[0.4320000112056732, -0.0, -0.0, 0.0, 0.0, 0.0] joint_vel=[-15.029999732971191, -0.0, 0.18000000715255737, 0.0, 0.0, 0.0] imu_ang_vel=[0.012783562764525414, -0.05646073818206787, 0.03302420675754547] imu_quat_wxyz=[0.9928956627845764, 0.09533745050430298, -0.022005243226885796, 0.067710742354393]
joint_pos=[0.0, -0.0, -0.0, 0.0, 0.0, 0.0] joint_vel=[-15.480000495910645, -0.0, 0.18000000715255737, 0.0, 0.0, 0.0] imu_ang_vel=[0.011718266643583775, -0.09268083423376083, 0.042611878365278244] imu_quat_wxyz=[0.9921541810035706, 0.10045736283063889, -0.013585858978331089, 0.07316898554563522]
joint_pos=[-0.07199999690055847, -0.0, -0.0, 0.0, 0.0, 0.0] joint_vel=[2.609999895095825, -0.0, 0.18000000715255737, 0.0, 0.0, 0.0] imu_ang_vel=[0.011718266643583775, -0.09268083423376083, 0.042611878365278244] imu_quat_wxyz=[0.9921541810035706, 0.10045736283063889, -0.013585858978331089, 0.07316898554563522]
joint_pos=[-0.035999998450279236, -0.0, -0.0, 0.0, 0.0, 0.0] joint_vel=[0.0, -0.09000000357627869, 0.27000001072883606, 0.0, 0.0, 0.0] imu_ang_vel=[0.02343653328716755, 0.039415985345840454, -0.08309315890073776] imu_quat_wxyz=[0.9920424222946167, 0.10037104040384293, -0.0013106701662763953, 0.0759974792599678]
joint_pos=[-0.035999998450279236, -0.0, -0.0, 0.0, 0.0, 0.0] joint_vel=[0.0, -0.27000001072883606, -0.09000000357627869, 0.0, 0.0, 0.0] imu_ang_vel=[0.02343653328716755, 0.039415985345840454, -0.08309315890073776] imu_quat_wxyz=[0.9920424222946167, 0.10037104040384293, -0.0013106701662763953, 0.0759974792599678]
joint_pos=[-0.035999998450279236, -0.0, -0.0, 0.0, 0.0, 0.0] joint_vel=[0.09000000357627869, 0.09000000357627869, 0.18000000715255737, 0.0, 0.0, 0.0] imu_ang_vel=[0.07563608139753342, -0.08948494493961334, -0.22477765381336212] imu_quat_wxyz=[0.9921373128890991, 0.09973021596670151, 0.010136890225112438, 0.07493062317371368]
joint_pos=[0.0, -0.0, -0.0, 0.0, 0.0, 0.0] joint_vel=[2.609999895095825, -0.09000000357627869, 0.09000000357627869, 0.0, 0.0, 0.0] imu_ang_vel=[0.07563608139753342, -0.08948494493961334, -0.22477765381336212] imu_quat_wxyz=[0.9921373128890991, 0.09973021596670151, 0.010136890225112438, 0.07493062317371368]
joint_pos=[-0.035999998450279236, -0.0, -0.0, 0.0, 0.0, 0.0] joint_vel=[-2.069999933242798, 0.09000000357627869, 0.18000000715255737, 0.0, 0.0, 0.0] imu_ang_vel=[0.04793836176395416, -0.028763016685843468, -0.19388404488563538] imu_quat_wxyz=[0.9920665621757507, 0.10072033852338791, 0.01750066876411438, 0.07316526770591736]
joint_pos=[-0.035999998450279236, -0.0, -0.0, 0.0, 0.0, 0.0] joint_vel=[-1.350000023841858, -0.0, -0.0, 0.0, 0.0, 0.0] imu_ang_vel=[0.04793836176395416, -0.028763016685843468, -0.19388404488563538] imu_quat_wxyz=[0.9920665621757507, 0.10072033852338791, 0.01750066876411438, 0.07316526770591736]
joint_pos=[-0.035999998450279236, -0.0, -0.0, 0.0, 0.0, 0.0] joint_vel=[-0.809999942779541, 0.09000000357627869, -0.09000000357627869, 0.0, 0.0, 0.0] imu_ang_vel=[0.03835069015622139, 0.04367717355489731, -0.17044751346111298] imu_quat_wxyz=[0.9921137094497681, 0.09920105338096619, 0.02509571984410286, 0.07238553464412689]
joint_pos=[-0.035999998450279236, -0.0, -0.0, 0.0, 0.0, 0.0] joint_vel=[1.7999999523162842, -0.0, -0.0, 0.0, 0.0, 0.0] imu_ang_vel=[0.03835069015622139, 0.04367717355489731, -0.17044751346111298] imu_quat_wxyz=[0.9921137094497681, 0.09920105338096619, 0.02509571984410286, 0.07238553464412689]
joint_pos=[0.0, -0.0, -0.0, 0.0, 0.0, 0.0] joint_vel=[4.230000019073486, -0.27000001072883606, -0.0, 0.0, 0.0, 0.0] imu_ang_vel=[0.057526033371686935, 0.027697719633579254, -0.20453700423240662] imu_quat_wxyz=[0.99219810962677, 0.09723677486181259, 0.03185191750526428, 0.07122721523046494]
joint_pos=[0.0, -0.0, -0.0, 0.0, 0.0, 0.0] joint_vel=[0.0, -0.36000001430511475, -0.0, 0.0, 0.0, 0.0] imu_ang_vel=[0.057526033371686935, 0.027697719633579254, -0.20453700423240662] imu_quat_wxyz=[0.99219810962677, 0.09723677486181259, 0.03185191750526428, 0.07122721523046494]
joint_pos=[0.0, -0.0, -0.0, 0.0, 0.0, 0.0] joint_vel=[0.0, 0.09000000357627869, 0.09000000357627869, 0.0, 0.0, 0.0] imu_ang_vel=[0.051134251058101654, -0.07457078248262405, -0.15340276062488556] imu_quat_wxyz=[0.9920370578765869, 0.09832562506198883, 0.0355403870344162, 0.07022389769554138]
joint_pos=[0.0, -0.0, -0.0, 0.0, 0.0, 0.0] joint_vel=[0.9900000095367432, 0.36000001430511475, -0.0, 0.0, 0.0, 0.0] imu_ang_vel=[0.051134251058101654, -0.07457078248262405, -0.15340276062488556] imu_quat_wxyz=[0.9920370578765869, 0.09832562506198883, 0.0355403870344162, 0.07022389769554138]
joint_pos=[0.0, -0.0, -0.0, 0.0, 0.0, 0.0] joint_vel=[-0.18000000715255737, -0.18000000715255737, -0.09000000357627869, 0.0, 0.0, 0.0] imu_ang_vel=[0.013848859816789627, -0.09268083423376083, -0.0585913322865963] imu_quat_wxyz=[0.9918693900108337, 0.09893544763326645, 0.036694832146167755, 0.07113560289144516]
joint_pos=[0.0, -0.0, -0.0, 0.0, 0.0, 0.0] joint_vel=[-0.18000000715255737, -0.27000001072883606, 0.27000001072883606, 0.0, 0.0, 0.0] imu_ang_vel=[0.013848859816789627, -0.09268083423376083, -0.0585913322865963] imu_quat_wxyz=[0.9918693900108337, 0.09893544763326645, 0.036694832146167755, 0.07113560289144516]
joint_pos=[0.0, -0.0, -0.0, 0.0, 0.0, 0.0] joint_vel=[-0.09000000357627869, -0.0, 0.18000000715255737, 0.0, 0.0, 0.0] imu_ang_vel=[-0.019175345078110695, 0.0, 0.01811004802584648] imu_quat_wxyz=[0.9916895031929016, 0.09711999446153641, 0.04104676842689514, 0.0737214908003807]
joint_pos=[0.0, -0.0, -0.0, 0.0, 0.0, 0.0] joint_vel=[0.6299999952316284, 0.18000000715255737, 0.18000000715255737, 0.0, 0.0, 0.0] imu_ang_vel=[-0.019175345078110695, 0.0, 0.01811004802584648] imu_quat_wxyz=[0.9916895031929016, 0.09711999446153641, 0.04104676842689514, 0.0737214908003807]
joint_pos=[0.0, -0.0, -0.0, 0.0, 0.0, 0.0] joint_vel=[-0.6299999952316284, -0.0, -0.0, 0.0, 0.0, 0.0] imu_ang_vel=[-0.028763016685843468, 0.019175345078110695, 0.09587672352790833] imu_quat_wxyz=[0.9914182424545288, 0.09320760518312454, 0.048512354493141174, 0.07777304202318192]
joint_pos=[0.0, -0.0, -0.0, 0.0, 0.0, 0.0] joint_vel=[1.619999885559082, -0.09000000357627869, -0.0, 0.0, 0.0, 0.0] imu_ang_vel=[-0.028763016685843468, 0.019175345078110695, 0.09587672352790833] imu_quat_wxyz=[0.9914182424545288, 0.09320760518312454, 0.048512354493141174, 0.07777304202318192]
joint_pos=[0.0, -0.0, -0.0, 0.0, 0.0, 0.0] joint_vel=[-0.8999999761581421, 0.36000001430511475, 0.18000000715255737, 0.0, 0.0, 0.0] imu_ang_vel=[-0.04154657945036888, 0.0, 0.17896988987922668] imu_quat_wxyz=[0.9908683896064758, 0.09002005308866501, 0.055657900869846344, 0.08353650569915771]
joint_pos=[-0.035999998450279236, -0.0, -0.0, 0.0, 0.0, 0.0] joint_vel=[-0.18000000715255737, -0.0, -0.0, 0.0, 0.0, 0.0] imu_ang_vel=[-0.04154657945036888, 0.0, 0.17896988987922668] imu_quat_wxyz=[0.9908683896064758, 0.09002005308866501, 0.055657900869846344, 0.08353650569915771]
joint_pos=[-0.035999998450279236, -0.0, -0.0, 0.0, 0.0, 0.0] joint_vel=[-0.36000001430511475, -0.0, -0.18000000715255737, 0.0, 0.0, 0.0] imu_ang_vel=[-0.03728539124131203, 0.011718266643583775, 0.15446805953979492] imu_quat_wxyz=[0.9902006387710571, 0.08711182326078415, 0.06186410039663315, 0.08992854505777359]
joint_pos=[-0.035999998450279236, -0.0, -0.0, 0.0, 0.0, 0.0] joint_vel=[-0.27000001072883606, 0.09000000357627869, -0.18000000715255737, 0.0, 0.0, 0.0] imu_ang_vel=[-0.03728539124131203, 0.011718266643583775, 0.15446805953979492] imu_quat_wxyz=[0.9902006387710571, 0.08711182326078415, 0.06186410039663315, 0.08992854505777359]
motion_test: joint 2 -> -20.000 deg
joint_pos=[0.0, -0.0, -0.0, 0.0, 0.0, 0.0] joint_vel=[0.36000001430511475, -0.09000000357627869, -0.09000000357627869, 0.0, 0.0, 0.0] imu_ang_vel=[-0.04048128426074982, 0.0, 0.1438150852918625] imu_quat_wxyz=[0.9894525408744812, 0.0857243612408638, 0.06675215065479279, 0.09580762684345245]
joint_pos=[0.0, -0.0, -0.0, 0.0, 0.0, 0.0] joint_vel=[0.44999998807907104, -0.09000000357627869, -0.0, 0.0, 0.0, 0.0] imu_ang_vel=[-0.04048128426074982, 0.0, 0.1438150852918625] imu_quat_wxyz=[0.9894525408744812, 0.0857243612408638, 0.06675215065479279, 0.09580762684345245]
joint_pos=[0.0, -0.25200000405311584, -0.0, 0.0, 0.0, 0.0] joint_vel=[0.09000000357627869, -19.889999389648438, 0.09000000357627869, 0.0, 0.0, 0.0] imu_ang_vel=[-0.051134251058101654, -0.04154657945036888, 0.17790459096431732] imu_quat_wxyz=[0.9886445999145508, 0.08446472138166428, 0.07096067816019058, 0.10203973203897476]
joint_pos=[0.0, -0.7919999957084656, -0.0, 0.0, 0.0, 0.0] joint_vel=[1.2599999904632568, -22.40999984741211, -0.09000000357627869, 0.0, 0.0, 0.0] imu_ang_vel=[-0.051134251058101654, -0.04154657945036888, 0.17790459096431732] imu_quat_wxyz=[0.9886445999145508, 0.08446472138166428, 0.07096067816019058, 0.10203973203897476]
joint_pos=[0.0, -1.1160000562667847, -0.0, 0.0, 0.0, 0.0] joint_vel=[-0.5400000214576721, -12.510000228881836, 0.09000000357627869, 0.0, 0.0, 0.0] imu_ang_vel=[-0.06498311460018158, -0.05326484516263008, 0.21732057631015778] imu_quat_wxyz=[0.9879076480865479, 0.08264478296041489, 0.07271400094032288, 0.10918297618627548]
joint_pos=[0.0, -1.5119999647140503, -0.0, 0.0, 0.0, 0.0] joint_vel=[-0.9900000095367432, -19.350000381469727, -0.0, 0.0, 0.0, 0.0] imu_ang_vel=[-0.06498311460018158, -0.05326484516263008, 0.21732057631015778] imu_quat_wxyz=[0.9879076480865479, 0.08264478296041489, 0.07271400094032288, 0.10918297618627548]
joint_pos=[0.0, -1.944000005722046, -0.0, 0.0, 0.0, 0.0] joint_vel=[-1.9800000190734863, -16.649999618530273, -0.18000000715255737, 0.0, 0.0, 0.0] imu_ang_vel=[-0.0585913322865963, -0.0585913322865963, 0.21305938065052032] imu_quat_wxyz=[0.9872717261314392, 0.08022372424602509, 0.0722196102142334, 0.11680316925048828]
joint_pos=[0.0, -2.2679998874664307, -0.0, 0.0, 0.0, 0.0] joint_vel=[1.1700000762939453, -12.959999084472656, -0.0, 0.0, 0.0, 0.0] imu_ang_vel=[-0.0585913322865963, -0.0585913322865963, 0.21305938065052032] imu_quat_wxyz=[0.9872717261314392, 0.08022372424602509, 0.0722196102142334, 0.11680316925048828]
joint_pos=[0.0, -2.700000047683716, -0.0, 0.0, 0.0, 0.0] joint_vel=[0.0, -12.420000076293945, -0.27000001072883606, 0.0, 0.0, 0.0] imu_ang_vel=[-0.054330144077539444, -0.039415985345840454, 0.2109287977218628] imu_quat_wxyz=[0.9865738749504089, 0.07846225798130035, 0.07079990953207016, 0.12451077252626419]
joint_pos=[0.0, -3.0960001945495605, -0.0, 0.0, 0.0, 0.0] joint_vel=[-1.350000023841858, -14.489999771118164, 0.18000000715255737, 0.0, 0.0, 0.0] imu_ang_vel=[-0.054330144077539444, -0.039415985345840454, 0.2109287977218628] imu_quat_wxyz=[0.9865738749504089, 0.07846225798130035, 0.07079990953207016, 0.12451077252626419]
joint_pos=[0.0, -3.5280001163482666, -0.0, 0.0, 0.0, 0.0] joint_vel=[-0.09000000357627869, -19.529998779296875, -0.0, 0.0, 0.0, 0.0] imu_ang_vel=[-0.049003660678863525, -0.012783562764525414, 0.20240642130374908] imu_quat_wxyz=[0.9857492446899414, 0.07721900194883347, 0.06952414661645889, 0.13229531049728394]
joint_pos=[0.0, -3.9240000247955322, -0.0, 0.0, 0.0, 0.0] joint_vel=[0.809999942779541, -23.849998474121094, -0.0, 0.0, 0.0, 0.0] imu_ang_vel=[-0.049003660678863525, -0.012783562764525414, 0.20240642130374908] imu_quat_wxyz=[0.9857492446899414, 0.07721900194883347, 0.06952414661645889, 0.13229531049728394]
joint_pos=[0.0, -4.320000171661377, -0.0, 0.0, 0.0, 0.0] joint_vel=[-0.09000000357627869, -22.68000030517578, -0.18000000715255737, 0.0, 0.0, 0.0] imu_ang_vel=[-0.04474247246980667, 0.013848859816789627, 0.18536166846752167] imu_quat_wxyz=[0.9848148822784424, 0.07612229883670807, 0.06934409588575363, 0.13977228105068207]
joint_pos=[0.0, -4.716000080108643, -0.0, 0.0, 0.0, 0.0] joint_vel=[-0.809999942779541, -11.609999656677246, -0.0, 0.0, 0.0, 0.0] imu_ang_vel=[-0.04474247246980667, 0.013848859816789627, 0.18536166846752167] imu_quat_wxyz=[0.9848148822784424, 0.07612229883670807, 0.06934409588575363, 0.13977228105068207]
joint_pos=[0.0, -5.111999988555908, -0.0, 0.0, 0.0, 0.0] joint_vel=[-2.700000047683716, -16.829999923706055, -0.0, 0.0, 0.0, 0.0] imu_ang_vel=[-0.039415985345840454, 0.02024064213037491, 0.16192513704299927] imu_quat_wxyz=[0.9837971329689026, 0.07481705397367477, 0.07081186026334763, 0.14673519134521484]
joint_pos=[0.0, -5.507999897003174, -0.0, 0.0, 0.0, 0.0] joint_vel=[1.709999918937683, -20.8799991607666, -0.18000000715255737, 0.0, 0.0, 0.0] imu_ang_vel=[-0.039415985345840454, 0.02024064213037491, 0.16192513704299927] imu_quat_wxyz=[0.9837971329689026, 0.07481705397367477, 0.07081186026334763, 0.14673519134521484]
joint_pos=[0.0, -5.9039998054504395, -0.0, 0.0, 0.0, 0.0] joint_vel=[0.0, -30.780000686645508, -0.0, 0.0, 0.0, 0.0] imu_ang_vel=[-0.02982831373810768, -0.03622009605169296, 0.1523374617099762] imu_quat_wxyz=[0.9827735424041748, 0.07333740592002869, 0.07294289767742157, 0.15315678715705872]
joint_pos=[0.0, -6.300000190734863, -0.0, 0.0, 0.0, 0.0] joint_vel=[-0.44999998807907104, -16.200000762939453, -0.27000001072883606, 0.0, 0.0, 0.0] imu_ang_vel=[-0.02982831373810768, -0.03622009605169296, 0.1523374617099762] imu_quat_wxyz=[0.9827735424041748, 0.07333740592002869, 0.07294289767742157, 0.15315678715705872]
joint_pos=[0.0, -6.696000099182129, -0.0, 0.0, 0.0, 0.0] joint_vel=[-0.18000000715255737, -12.420000076293945, -0.0, 0.0, 0.0, 0.0] imu_ang_vel=[-0.010652969591319561, -0.11292147636413574, 0.11079087853431702] imu_quat_wxyz=[0.9819263815879822, 0.07154509425163269, 0.07372379302978516, 0.1589544117450714]
joint_pos=[0.0, -7.0920000076293945, -0.0, 0.0, 0.0, 0.0] joint_vel=[0.0, -17.729999542236328, -0.0, 0.0, 0.0, 0.0] imu_ang_vel=[-0.010652969591319561, -0.11292147636413574, 0.11079087853431702] imu_quat_wxyz=[0.9819263815879822, 0.07154509425163269, 0.07372379302978516, 0.1589544117450714]
joint_pos=[0.0, -7.52400016784668, -0.0, 0.0, 0.0, 0.0] joint_vel=[0.0, -20.25, -0.0, 0.0, 0.0, 0.0] imu_ang_vel=[0.0, -0.08415845781564713, 0.07989726960659027] imu_quat_wxyz=[0.9814157485961914, 0.06970585882663727, 0.07427636533975601, 0.1626259982585907]
joint_pos=[0.0, -7.8480000495910645, -0.0, 0.0, 0.0, 0.0] joint_vel=[0.0, -14.220000267028809, -0.0, 0.0, 0.0, 0.0] imu_ang_vel=[0.0, -0.08415845781564713, 0.07989726960659027] imu_quat_wxyz=[0.9814157485961914, 0.06970585882663727, 0.07427636533975601, 0.1626259982585907]
joint_pos=[0.0, -8.279999732971191, -0.0, 0.0, 0.0, 0.0] joint_vel=[0.0, -14.399999618530273, -0.0, 0.0, 0.0, 0.0] imu_ang_vel=[0.0, 0.0, 0.08841964602470398] imu_quat_wxyz=[0.9807338714599609, 0.0648316815495491, 0.07777949422597885, 0.16705812513828278]
joint_pos=[0.0, -8.675999641418457, -0.0, 0.0, 0.0, 0.0] joint_vel=[0.0, -11.609999656677246, -0.09000000357627869, 0.0, 0.0, 0.0] imu_ang_vel=[0.0, 0.0, 0.08841964602470398] imu_quat_wxyz=[0.9807338714599609, 0.0648316815495491, 0.07777949422597885, 0.16705812513828278]
joint_pos=[0.0, -9.071999549865723, -0.0, 0.0, 0.0, 0.0] joint_vel=[0.0, -21.149999618530273, 0.09000000357627869, 0.0, 0.0, 0.0] imu_ang_vel=[0.0, 0.0, 0.06711370497941971] imu_quat_wxyz=[0.9800436496734619, 0.05853646621108055, 0.08269154280424118, 0.1710260957479477]
joint_pos=[0.0, -9.503999710083008, -0.0, 0.0, 0.0, 0.0] joint_vel=[-0.18000000715255737, -32.7599983215332, -0.0, 0.0, 0.0, 0.0] imu_ang_vel=[0.0, 0.0, 0.06711370497941971] imu_quat_wxyz=[0.9800436496734619, 0.05853646621108055, 0.08269154280424118, 0.1710260957479477]
joint_pos=[0.0, -9.82800006866455, -0.0, 0.0, 0.0, 0.0] joint_vel=[-0.09000000357627869, -12.24000072479248, -0.0, 0.0, 0.0, 0.0] imu_ang_vel=[0.022371236234903336, -0.028763016685843468, 0.02024064213037491] imu_quat_wxyz=[0.9793722033500671, 0.053209252655506134, 0.08722205460071564, 0.17433053255081177]
joint_pos=[0.0, -10.260000228881836, -0.0, 0.0, 0.0, 0.0] joint_vel=[0.0, -14.670000076293945, -0.09000000357627869, 0.0, 0.0, 0.0] imu_ang_vel=[0.022371236234903336, -0.028763016685843468, 0.02024064213037491] imu_quat_wxyz=[0.9793722033500671, 0.053209252655506134, 0.08722205460071564, 0.17433053255081177]
joint_pos=[0.0, -10.692000389099121, -0.0, 0.0, 0.0, 0.0] joint_vel=[-0.09000000357627869, -14.670000076293945, 0.09000000357627869, 0.0, 0.0, 0.0] imu_ang_vel=[0.03835069015622139, -0.03835069015622139, -0.0351547971367836] imu_quat_wxyz=[0.9790143966674805, 0.048698265105485916, 0.08981354534626007, 0.17633125185966492]
joint_pos=[0.0, -11.088000297546387, -0.0, 0.0, 0.0, 0.0] joint_vel=[0.09000000357627869, -17.729999542236328, 0.09000000357627869, 0.0, 0.0, 0.0] imu_ang_vel=[0.03835069015622139, -0.03835069015622139, -0.0351547971367836] imu_quat_wxyz=[0.9790143966674805, 0.048698265105485916, 0.08981354534626007, 0.17633125185966492]
joint_pos=[0.0, -11.484000205993652, -0.0, 0.0, 0.0, 0.0] joint_vel=[0.0, -32.400001525878906, -0.0, 0.0, 0.0, 0.0] imu_ang_vel=[0.039415985345840454, 0.0, -0.054330144077539444] imu_quat_wxyz=[0.9788868427276611, 0.04365480691194534, 0.09236568957567215, 0.17704039812088013]
joint_pos=[0.0, -11.844000816345215, -0.0, 0.0, 0.0, 0.0] joint_vel=[0.0, -13.410000801086426, -0.0, 0.0, 0.0, 0.0] imu_ang_vel=[0.039415985345840454, 0.0, -0.054330144077539444] imu_quat_wxyz=[0.9788868427276611, 0.04365480691194534, 0.09236568957567215, 0.17704039812088013]
joint_pos=[0.0, -12.276000022888184, -0.0, 0.0, 0.0, 0.0] joint_vel=[0.0, -14.309999465942383, -0.0, 0.0, 0.0, 0.0] imu_ang_vel=[0.039415985345840454, 0.015979453921318054, -0.06391781568527222] imu_quat_wxyz=[0.9787660837173462, 0.03805931285023689, 0.0960955023765564, 0.17701449990272522]
joint_pos=[0.0, -12.67199993133545, -0.0, 0.0, 0.0, 0.0] joint_vel=[0.0, -14.039999961853027, -0.0, 0.0, 0.0, 0.0] imu_ang_vel=[0.039415985345840454, 0.015979453921318054, -0.06391781568527222] imu_quat_wxyz=[0.9787660837173462, 0.03805931285023689, 0.0960955023765564, 0.17701449990272522]
joint_pos=[0.0, -13.067999839782715, -0.0, 0.0, 0.0, 0.0] joint_vel=[0.0, -24.209999084472656, 0.09000000357627869, 0.0, 0.0, 0.0] imu_ang_vel=[0.042611878365278244, 0.0, -0.07776667922735214] imu_quat_wxyz=[0.9786314368247986, 0.034523479640483856, 0.09892401844263077, 0.17692513763904572]
joint_pos=[0.0, -13.500000953674316, -0.0, 0.0, 0.0, 0.0] joint_vel=[0.09000000357627869, -35.369998931884766, 0.09000000357627869, 0.0, 0.0, 0.0] imu_ang_vel=[0.042611878365278244, 0.0, -0.07776667922735214] imu_quat_wxyz=[0.9786314368247986, 0.034523479640483856, 0.09892401844263077, 0.17692513763904572]
joint_pos=[0.0, -13.824000358581543, -0.0, 0.0, 0.0, 0.0] joint_vel=[0.0, -12.329999923706055, -0.0, 0.0, 0.0, 0.0] imu_ang_vel=[0.0468730665743351, -0.01811004802584648, -0.09481142461299896] imu_quat_wxyz=[0.9784561395645142, 0.031136875972151756, 0.10163615643978119, 0.17698591947555542]
joint_pos=[0.0, -14.255999565124512, -0.0, 0.0, 0.0, 0.0] joint_vel=[-0.18000000715255737, -11.520000457763672, -0.0, 0.0, 0.0, 0.0] imu_ang_vel=[0.0468730665743351, -0.01811004802584648, -0.09481142461299896] imu_quat_wxyz=[0.9784561395645142, 0.031136875972151756, 0.10163615643978119, 0.17698591947555542]
joint_pos=[0.0, -14.651999473571777, -0.0, 0.0, 0.0, 0.0] joint_vel=[0.27000001072883606, -14.670000076293945, 0.09000000357627869, 0.0, 0.0, 0.0] imu_ang_vel=[0.04474247246980667, -0.012783562764525414, -0.10759498924016953] imu_quat_wxyz=[0.9784104228019714, 0.02866004779934883, 0.10298420488834381, 0.1768779307603836]
joint_pos=[0.0, -15.084000587463379, -0.0, 0.0, 0.0, 0.0] joint_vel=[0.0, -32.400001525878906, -0.0, 0.0, 0.0, 0.0] imu_ang_vel=[0.04474247246980667, -0.012783562764525414, -0.10759498924016953] imu_quat_wxyz=[0.9784104228019714, 0.02866004779934883, 0.10298420488834381, 0.1768779307603836]
joint_pos=[0.0, -15.444000244140625, -0.0, 0.0, 0.0, 0.0] joint_vel=[-0.18000000715255737, -18.540000915527344, 0.18000000715255737, 0.0, 0.0, 0.0] imu_ang_vel=[0.03728539124131203, 0.0, -0.10120321065187454] imu_quat_wxyz=[0.9783861041069031, 0.02611224725842476, 0.10424312949180603, 0.17666912078857422]
joint_pos=[0.0, -15.84000015258789, -0.0, 0.0, 0.0, 0.0] joint_vel=[0.0, -12.510000228881836, -0.18000000715255737, 0.0, 0.0, 0.0] imu_ang_vel=[0.03728539124131203, 0.0, -0.10120321065187454] imu_quat_wxyz=[0.9783861041069031, 0.02611224725842476, 0.10424312949180603, 0.17666912078857422]
joint_pos=[0.0, -16.236000061035156, -0.0, 0.0, 0.0, 0.0] joint_vel=[0.0, -13.589999198913574, -0.09000000357627869, 0.0, 0.0, 0.0] imu_ang_vel=[0.03302420675754547, 0.0, -0.10013791173696518] imu_quat_wxyz=[0.9783628582954407, 0.02368517406284809, 0.10539795458316803, 0.1764547973871231]
joint_pos=[0.0, -16.668001174926758, -0.0, 0.0, 0.0, 0.0] joint_vel=[0.0, -17.190000534057617, -0.0, 0.0, 0.0, 0.0] imu_ang_vel=[0.03302420675754547, 0.0, -0.10013791173696518] imu_quat_wxyz=[0.9783628582954407, 0.02368517406284809, 0.10539795458316803, 0.1764547973871231]
joint_pos=[0.0, -17.064001083374023, -0.0, 0.0, 0.0, 0.0] joint_vel=[0.18000000715255737, -31.76999855041504, -0.0, 0.0, 0.0, 0.0] imu_ang_vel=[0.02663242258131504, 0.0, -0.09055023640394211] imu_quat_wxyz=[0.978247880935669, 0.02175580896437168, 0.10652428865432739, 0.1766645908355713]
joint_pos=[0.0, -17.423999786376953, -0.0, 0.0, 0.0, 0.0] joint_vel=[0.0, -17.90999984741211, -0.0, 0.0, 0.0, 0.0] imu_ang_vel=[0.02663242258131504, 0.0, -0.09055023640394211] imu_quat_wxyz=[0.978247880935669, 0.02175580896437168, 0.10652428865432739, 0.1766645908355713]
joint_pos=[0.0, -17.81999969482422, -0.0, 0.0, 0.0, 0.0] joint_vel=[0.0, -12.600000381469727, -0.09000000357627869, 0.0, 0.0, 0.0] imu_ang_vel=[0.02024064213037491, -0.01811004802584648, -0.07670138031244278] imu_quat_wxyz=[0.978070080280304, 0.020393090322613716, 0.10734733939170837, 0.17731192708015442]
joint_pos=[0.0, -18.25200080871582, -0.0, 0.0, 0.0, 0.0] joint_vel=[0.0, -16.649999618530273, -0.0, 0.0, 0.0, 0.0] imu_ang_vel=[0.02024064213037491, -0.01811004802584648, -0.07670138031244278] imu_quat_wxyz=[0.978070080280304, 0.020393090322613716, 0.10734733939170837, 0.17731192708015442]
joint_pos=[0.0, -18.648000717163086, -0.0, 0.0, 0.0, 0.0] joint_vel=[0.09000000357627869, -15.210000038146973, -0.0, 0.0, 0.0, 0.0] imu_ang_vel=[0.013848859816789627, -0.025567125529050827, -0.06391781568527222] imu_quat_wxyz=[0.9778868556022644, 0.019399728626012802, 0.10746552050113678, 0.1783590167760849]
joint_pos=[0.0, -19.04400062561035, -0.0, 0.0, 0.0, 0.0] joint_vel=[0.0, -32.040000915527344, -0.0, 0.0, 0.0, 0.0] imu_ang_vel=[0.013848859816789627, -0.025567125529050827, -0.06391781568527222] imu_quat_wxyz=[0.9778868556022644, 0.019399728626012802, 0.10746552050113678, 0.1783590167760849]
joint_pos=[0.0, -19.40399932861328, -0.0, 0.0, 0.0, 0.0] joint_vel=[0.0, -16.020000457763672, -0.0, 0.0, 0.0, 0.0] imu_ang_vel=[0.0, -0.02663242258131504, -0.05539543926715851] imu_quat_wxyz=[0.9777249693870544, 0.01834404468536377, 0.10710687935352325, 0.17957015335559845]
joint_pos=[0.0, -19.799999237060547, -0.0, 0.0, 0.0, 0.0] joint_vel=[-0.18000000715255737, -11.520000457763672, -0.0, 0.0, 0.0, 0.0] imu_ang_vel=[0.0, -0.02663242258131504, -0.05539543926715851] imu_quat_wxyz=[0.9777249693870544, 0.01834404468536377, 0.10710687935352325, 0.17957015335559845]
joint_pos=[0.0, -19.944000244140625, -0.0, 0.0, 0.0, 0.0] joint_vel=[-0.18000000715255737, 1.350000023841858, -0.18000000715255737, 0.0, 0.0, 0.0] imu_ang_vel=[0.0, 0.0, -0.039415985345840454] imu_quat_wxyz=[0.9775905609130859, 0.017645396292209625, 0.10670080035924911, 0.18061110377311707]
joint_pos=[0.0, -19.944000244140625, -0.0, 0.0, 0.0, 0.0] joint_vel=[0.09000000357627869, 0.09000000357627869, -0.0, 0.0, 0.0, 0.0] imu_ang_vel=[0.0, 0.0, -0.039415985345840454] imu_quat_wxyz=[0.9775905609130859, 0.017645396292209625, 0.10670080035924911, 0.18061110377311707]
joint_pos=[0.0, -19.944000244140625, -0.0, 0.0, 0.0, 0.0] joint_vel=[0.0, -0.0, 0.09000000357627869, 0.0, 0.0, 0.0] imu_ang_vel=[0.0, 0.0, -0.0585913322865963] imu_quat_wxyz=[0.9774042367935181, 0.015648342669010162, 0.10646440833806992, 0.18193766474723816]
joint_pos=[0.0, -19.908000946044922, -0.0, 0.0, 0.0, 0.0] joint_vel=[0.0, 0.09000000357627869, 0.09000000357627869, 0.0, 0.0, 0.0] imu_ang_vel=[0.0, 0.0, -0.0585913322865963] imu_quat_wxyz=[0.9774042367935181, 0.015648342669010162, 0.10646440833806992, 0.18193766474723816]
joint_pos=[0.0, -19.908000946044922, -0.0, 0.0, 0.0, 0.0] joint_vel=[0.0, -0.0, -0.0, 0.0, 0.0, 0.0] imu_ang_vel=[0.019175345078110695, 0.02343653328716755, -0.1374233067035675] imu_quat_wxyz=[0.9772440195083618, 0.013989397324621677, 0.10813223570585251, 0.18195033073425293]
joint_pos=[0.0, -19.908000946044922, -0.0, 0.0, 0.0, 0.0] joint_vel=[0.44999998807907104, 0.18000000715255737, 0.09000000357627869, 0.0, 0.0, 0.0] imu_ang_vel=[0.019175345078110695, 0.02343653328716755, -0.1374233067035675] imu_quat_wxyz=[0.9772440195083618, 0.013989397324621677, 0.10813223570585251, 0.18195033073425293]
joint_pos=[0.0, -19.908000946044922, -0.0, 0.0, 0.0, 0.0] joint_vel=[0.09000000357627869, -0.0, -0.0, 0.0, 0.0, 0.0] imu_ang_vel=[0.015979453921318054, -0.042611878365278244, -0.11824796348810196] imu_quat_wxyz=[0.9770998358726501, 0.013412460684776306, 0.10984530299901962, 0.18174174427986145]
joint_pos=[0.0, -19.908000946044922, -0.0, 0.0, 0.0, 0.0] joint_vel=[0.09000000357627869, -0.0, -0.0, 0.0, 0.0, 0.0] imu_ang_vel=[0.015979453921318054, -0.042611878365278244, -0.11824796348810196] imu_quat_wxyz=[0.9770998358726501, 0.013412460684776306, 0.10984530299901962, 0.18174174427986145]
joint_pos=[0.0, -19.908000946044922, -0.0, 0.0, 0.0, 0.0] joint_vel=[0.0, -0.0, -0.0, 0.0, 0.0, 0.0] imu_ang_vel=[0.0, -0.0468730665743351, -0.0585913322865963] imu_quat_wxyz=[0.97696852684021, 0.01378430612385273, 0.10963260382413864, 0.18254587054252625]
joint_pos=[0.0, -19.908000946044922, -0.0, 0.0, 0.0, 0.0] joint_vel=[0.0, -0.0, -0.0, 0.0, 0.0, 0.0] imu_ang_vel=[0.0, -0.0468730665743351, -0.0585913322865963] imu_quat_wxyz=[0.97696852684021, 0.01378430612385273, 0.10963260382413864, 0.18254587054252625]
joint_pos=[0.0, -19.908000946044922, -0.0, 0.0, 0.0, 0.0] joint_vel=[-0.09000000357627869, -0.0, -0.0, 0.0, 0.0, 0.0] imu_ang_vel=[-0.010652969591319561, -0.05219954997301102, -0.025567125529050827] imu_quat_wxyz=[0.976909339427948, 0.012556087225675583, 0.10885054618120193, 0.18341781198978424]
joint_pos=[0.0, -19.908000946044922, -0.0, 0.0, 0.0, 0.0] joint_vel=[-0.18000000715255737, -0.0, -0.0, 0.0, 0.0, 0.0] imu_ang_vel=[-0.010652969591319561, -0.05219954997301102, -0.025567125529050827] imu_quat_wxyz=[0.976909339427948, 0.012556087225675583, 0.10885054618120193, 0.18341781198978424]
joint_pos=[0.0, -19.908000946044922, -0.0, 0.0, 0.0, 0.0] joint_vel=[0.0, -0.0, -0.0, 0.0, 0.0, 0.0] imu_ang_vel=[-0.01491415686905384, -0.0351547971367836, 0.0] imu_quat_wxyz=[0.9770046472549438, 0.010658863931894302, 0.10713855922222137, 0.18403670191764832]
joint_pos=[0.0, -19.908000946044922, -0.0, 0.0, 0.0, 0.0] joint_vel=[0.0, 0.18000000715255737, -0.0, 0.0, 0.0, 0.0] imu_ang_vel=[-0.01491415686905384, -0.0351547971367836, 0.0] imu_quat_wxyz=[0.9770046472549438, 0.010658863931894302, 0.10713855922222137, 0.18403670191764832]
joint_pos=[0.0, -19.908000946044922, -0.0, 0.0, 0.0, 0.0] joint_vel=[0.0, 0.18000000715255737, -0.0, 0.0, 0.0, 0.0] imu_ang_vel=[-0.02024064213037491, -0.025567125529050827, 0.01811004802584648] imu_quat_wxyz=[0.9770228266716003, 0.008533855900168419, 0.10613908618688583, 0.18462981283664703]
joint_pos=[0.0, -19.908000946044922, -0.0, 0.0, 0.0, 0.0] joint_vel=[0.0, -0.09000000357627869, -0.0, 0.0, 0.0, 0.0] imu_ang_vel=[-0.02024064213037491, -0.025567125529050827, 0.01811004802584648] imu_quat_wxyz=[0.9770228266716003, 0.008533855900168419, 0.10613908618688583, 0.18462981283664703]
joint_pos=[0.0, -19.908000946044922, -0.0, 0.0, 0.0, 0.0] joint_vel=[0.0, 0.18000000715255737, -0.0, 0.0, 0.0, 0.0] imu_ang_vel=[-0.022371236234903336, -0.015979453921318054, 0.03728539124131203] imu_quat_wxyz=[0.9768809080123901, 0.00655481219291687, 0.10576232522726059, 0.18567432463169098]
joint_pos=[0.0, -19.908000946044922, -0.0, 0.0, 0.0, 0.0] joint_vel=[0.0, -0.09000000357627869, -0.0, 0.0, 0.0, 0.0] imu_ang_vel=[-0.022371236234903336, -0.015979453921318054, 0.03728539124131203] imu_quat_wxyz=[0.9768809080123901, 0.00655481219291687, 0.10576232522726059, 0.18567432463169098]
joint_pos=[0.0, -19.908000946044922, -0.0, 0.0, 0.0, 0.0] joint_vel=[-0.27000001072883606, -0.0, -0.27000001072883606, 0.0, 0.0, 0.0] imu_ang_vel=[-0.02024064213037491, -0.012783562764525414, 0.04367717355489731] imu_quat_wxyz=[0.976608157157898, 0.0049344440922141075, 0.10603100061416626, 0.1870017647743225]
joint_pos=[0.0, -19.908000946044922, -0.0, 0.0, 0.0, 0.0] joint_vel=[0.0, 0.18000000715255737, -0.0, 0.0, 0.0, 0.0] imu_ang_vel=[-0.02024064213037491, -0.012783562764525414, 0.04367717355489731] imu_quat_wxyz=[0.976608157157898, 0.0049344440922141075, 0.10603100061416626, 0.1870017647743225]
joint_pos=[0.0, -19.908000946044922, -0.0, 0.0, 0.0, 0.0] joint_vel=[0.0, -0.0, -0.0, 0.0, 0.0, 0.0] imu_ang_vel=[-0.01811004802584648, -0.021305939182639122, 0.04793836176395416] imu_quat_wxyz=[0.9762656092643738, 0.0036645415239036083, 0.10675526410341263, 0.18840163946151733]
joint_pos=[0.0, -19.908000946044922, -0.0, 0.0, 0.0, 0.0] joint_vel=[0.0, -0.09000000357627869, -0.0, 0.0, 0.0, 0.0] imu_ang_vel=[-0.01811004802584648, -0.021305939182639122, 0.04793836176395416] imu_quat_wxyz=[0.9762656092643738, 0.0036645415239036083, 0.10675526410341263, 0.18840163946151733]
joint_pos=[0.0, -19.908000946044922, -0.0, 0.0, 0.0, 0.0] joint_vel=[0.0, -0.0, 0.18000000715255737, 0.0, 0.0, 0.0] imu_ang_vel=[-0.013848859816789627, -0.02663242258131504, 0.05006895586848259] imu_quat_wxyz=[0.9759207367897034, 0.0024530321825295687, 0.10755854845046997, 0.18974684178829193]
motion_test: joint 2 returning to start
joint_pos=[0.0, -19.908000946044922, -0.0, 0.0, 0.0, 0.0] joint_vel=[0.0, -0.09000000357627869, -0.09000000357627869, 0.0, 0.0, 0.0] imu_ang_vel=[-0.013848859816789627, -0.02663242258131504, 0.05006895586848259] imu_quat_wxyz=[0.9759207367897034, 0.0024530321825295687, 0.10755854845046997, 0.18974684178829193]
joint_pos=[0.0, -19.908000946044922, -0.0, 0.0, 0.0, 0.0] joint_vel=[0.0, -0.09000000357627869, -0.0, 0.0, 0.0, 0.0] imu_ang_vel=[-0.010652969591319561, -0.03622009605169296, 0.05219954997301102] imu_quat_wxyz=[0.9756468534469604, 0.0011845865519717336, 0.10802525281906128, 0.19089901447296143]
joint_pos=[0.0, -19.619998931884766, -0.0, 0.0, 0.0, 0.0] joint_vel=[-0.18000000715255737, 22.589998245239258, -0.0, 0.0, 0.0, 0.0] imu_ang_vel=[-0.010652969591319561, -0.03622009605169296, 0.05219954997301102] imu_quat_wxyz=[0.9756468534469604, 0.0011845865519717336, 0.10802525281906128, 0.19089901447296143]
joint_pos=[0.0, -19.11600112915039, -0.0, 0.0, 0.0, 0.0] joint_vel=[0.0, 28.350000381469727, -0.0, 0.0, 0.0, 0.0] imu_ang_vel=[0.0, -0.01811004802584648, 0.05326484516263008] imu_quat_wxyz=[0.9754824042320251, 0.0003070032689720392, 0.10747037082910538, 0.19205228984355927]
joint_pos=[0.0, -18.79199981689453, -0.0, 0.0, 0.0, 0.0] joint_vel=[0.0, 16.3799991607666, 0.09000000357627869, 0.0, 0.0, 0.0] imu_ang_vel=[0.0, -0.01811004802584648, 0.05326484516263008] imu_quat_wxyz=[0.9754824042320251, 0.0003070032689720392, 0.10747037082910538, 0.19205228984355927]
joint_pos=[0.0, -18.360000610351562, -0.0, 0.0, 0.0, 0.0] joint_vel=[0.0, 11.609999656677246, 0.09000000357627869, 0.0, 0.0, 0.0] imu_ang_vel=[0.015979453921318054, 0.03195890784263611, -0.030893610790371895] imu_quat_wxyz=[0.9754236936569214, -0.0017436252674087882, 0.10772379487752914, 0.1922004371881485]
joint_pos=[0.0, -17.92799949645996, -0.0, 0.0, 0.0, 0.0] joint_vel=[0.0, 19.709999084472656, -0.0, 0.0, 0.0, 0.0] imu_ang_vel=[0.015979453921318054, 0.03195890784263611, -0.030893610790371895] imu_quat_wxyz=[0.9754236936569214, -0.0017436252674087882, 0.10772379487752914, 0.1922004371881485]
joint_pos=[0.0, -17.531999588012695, -0.0, 0.0, 0.0, 0.0] joint_vel=[0.0, 28.530000686645508, -0.0, 0.0, 0.0, 0.0] imu_ang_vel=[0.04154657945036888, 0.05006895586848259, -0.12463974207639694] imu_quat_wxyz=[0.9756026864051819, -0.0025802087038755417, 0.10896449536085129, 0.19057677686214447]
joint_pos=[0.0, -17.20800018310547, -0.0, 0.0, 0.0, 0.0] joint_vel=[0.18000000715255737, 10.170000076293945, -0.0, 0.0, 0.0, 0.0] imu_ang_vel=[0.04154657945036888, 0.05006895586848259, -0.12463974207639694] imu_quat_wxyz=[0.9756026864051819, -0.0025802087038755417, 0.10896449536085129, 0.19057677686214447]
joint_pos=[0.0, -16.775999069213867, -0.0, 0.0, 0.0, 0.0] joint_vel=[0.0, 14.670000076293945, -0.0, 0.0, 0.0, 0.0] imu_ang_vel=[0.042611878365278244, 0.0, -0.08948494493961334] imu_quat_wxyz=[0.9757904410362244, -0.002364994725212455, 0.10944521427154541, 0.18933890759944916]
joint_pos=[0.0, -16.3439998626709, -0.0, 0.0, 0.0, 0.0] joint_vel=[0.0, 10.980000495910645, -0.0, 0.0, 0.0, 0.0] imu_ang_vel=[0.042611878365278244, 0.0, -0.08948494493961334] imu_quat_wxyz=[0.9757904410362244, -0.002364994725212455, 0.10944521427154541, 0.18933890759944916]
joint_pos=[0.0, -15.947999954223633, -0.0, 0.0, 0.0, 0.0] joint_vel=[0.0, 15.300000190734863, -0.0, 0.0, 0.0, 0.0] imu_ang_vel=[0.02663242258131504, 0.0, -0.042611878365278244] imu_quat_wxyz=[0.9761222004890442, -0.0019310982897877693, 0.11026860773563385, 0.18714271485805511]
joint_pos=[0.0, -15.515999794006348, -0.0, 0.0, 0.0, 0.0] joint_vel=[0.09000000357627869, 20.43000030517578, -0.0, 0.0, 0.0, 0.0] imu_ang_vel=[0.02663242258131504, 0.0, -0.042611878365278244] imu_quat_wxyz=[0.9761222004890442, -0.0019310982897877693, 0.11026860773563385, 0.18714271485805511]
joint_pos=[0.0, -15.191999435424805, -0.0, 0.0, 0.0, 0.0] joint_vel=[-0.09000000357627869, 14.9399995803833, -0.0, 0.0, 0.0, 0.0] imu_ang_vel=[0.02024064213037491, 0.022371236234903336, 0.01491415686905384] imu_quat_wxyz=[0.9766080379486084, -0.0035203995648771524, 0.11094462871551514, 0.1841616928577423]
joint_pos=[0.0, -14.760000228881836, -0.0, 0.0, 0.0, 0.0] joint_vel=[0.0, 13.410000801086426, -0.0, 0.0, 0.0, 0.0] imu_ang_vel=[0.02024064213037491, 0.022371236234903336, 0.01491415686905384] imu_quat_wxyz=[0.9766080379486084, -0.0035203995648771524, 0.11094462871551514, 0.1841616928577423]
joint_pos=[0.0, -14.36400032043457, -0.0, 0.0, 0.0, 0.0] joint_vel=[0.0, 12.510000228881836, -0.0, 0.0, 0.0, 0.0] imu_ang_vel=[0.01811004802584648, 0.025567125529050827, 0.022371236234903336] imu_quat_wxyz=[0.9770612716674805, -0.005329284351319075, 0.11148490756750107, 0.1813669502735138]
joint_pos=[0.0, -13.932000160217285, -0.0, 0.0, 0.0, 0.0] joint_vel=[0.0, 19.079999923706055, -0.0, 0.0, 0.0, 0.0] imu_ang_vel=[0.01811004802584648, 0.025567125529050827, 0.022371236234903336] imu_quat_wxyz=[0.9770612716674805, -0.005329284351319075, 0.11148490756750107, 0.1813669502735138]
joint_pos=[0.0, -13.53600025177002, -0.0, 0.0, 0.0, 0.0] joint_vel=[0.0, 36.27000045776367, -0.0, 0.0, 0.0, 0.0] imu_ang_vel=[0.019175345078110695, 0.03195890784263611, 0.0351547971367836] imu_quat_wxyz=[0.9773744940757751, -0.006579107139259577, 0.11214636266231537, 0.179218128323555]
joint_pos=[0.0, -13.176000595092773, -0.0, 0.0, 0.0, 0.0] joint_vel=[0.0, 11.15999984741211, -0.0, 0.0, 0.0, 0.0] imu_ang_vel=[0.019175345078110695, 0.03195890784263611, 0.0351547971367836] imu_quat_wxyz=[0.9773744940757751, -0.006579107139259577, 0.11214636266231537, 0.179218128323555]
joint_pos=[0.0, -12.780000686645508, -0.0, 0.0, 0.0, 0.0] joint_vel=[0.0, 15.75, -0.0, 0.0, 0.0, 0.0] imu_ang_vel=[0.011718266643583775, 0.034089501947164536, 0.05006895586848259] imu_quat_wxyz=[0.9775026440620422, -0.007398362271487713, 0.1133396252989769, 0.17773012816905975]
joint_pos=[0.0, -12.347999572753906, -0.0, 0.0, 0.0, 0.0] joint_vel=[0.0, 12.870000839233398, -0.0, 0.0, 0.0, 0.0] imu_ang_vel=[0.011718266643583775, 0.034089501947164536, 0.05006895586848259] imu_quat_wxyz=[0.9775026440620422, -0.007398362271487713, 0.1133396252989769, 0.17773012816905975]
joint_pos=[0.0, -11.95199966430664, -0.0, 0.0, 0.0, 0.0] joint_vel=[0.0, 23.940000534057617, -0.18000000715255737, 0.0, 0.0, 0.0] imu_ang_vel=[0.0, 0.027697719633579254, 0.06817900389432907] imu_quat_wxyz=[0.977541446685791, -0.0083392933011055, 0.11452177166938782, 0.17671431601047516]
joint_pos=[0.0, -11.555999755859375, -0.0, 0.0, 0.0, 0.0] joint_vel=[0.09000000357627869, 35.279998779296875, -0.0, 0.0, 0.0, 0.0] imu_ang_vel=[0.0, 0.027697719633579254, 0.06817900389432907] imu_quat_wxyz=[0.977541446685791, -0.0083392933011055, 0.11452177166938782, 0.17671431601047516]
joint_pos=[0.0, -11.196000099182129, -0.0, 0.0, 0.0, 0.0] joint_vel=[-0.27000001072883606, 10.800000190734863, -0.0, 0.0, 0.0, 0.0] imu_ang_vel=[0.0, 0.01811004802584648, 0.08841964602470398] imu_quat_wxyz=[0.9775171279907227, -0.008879737928509712, 0.11548158526420593, 0.17619682848453522]
joint_pos=[0.0, -10.763999938964844, -0.0, 0.0, 0.0, 0.0] joint_vel=[0.0, 14.850000381469727, -0.0, 0.0, 0.0, 0.0] imu_ang_vel=[0.0, 0.01811004802584648, 0.08841964602470398] imu_quat_wxyz=[0.9775171279907227, -0.008879737928509712, 0.11548158526420593, 0.17619682848453522]
joint_pos=[0.0, -10.368000030517578, -0.0, 0.0, 0.0, 0.0] joint_vel=[0.0, 12.0600004196167, -0.0, 0.0, 0.0, 0.0] imu_ang_vel=[0.0, 0.02024064213037491, 0.09161553531885147] imu_quat_wxyz=[0.9774788022041321, -0.009322968311607838, 0.11596807837486267, 0.17606696486473083]
joint_pos=[0.0, -9.935999870300293, -0.0, 0.0, 0.0, 0.0] joint_vel=[0.0, 24.56999969482422, -0.0, 0.0, 0.0, 0.0] imu_ang_vel=[0.0, 0.02024064213037491, 0.09161553531885147] imu_quat_wxyz=[0.9774788022041321, -0.009322968311607838, 0.11596807837486267, 0.17606696486473083]
joint_pos=[0.0, -9.539999961853027, -0.0, 0.0, 0.0, 0.0] joint_vel=[0.0, 23.399999618530273, -0.0, 0.0, 0.0, 0.0] imu_ang_vel=[0.0, 0.01811004802584648, 0.08415845781564713] imu_quat_wxyz=[0.9774811863899231, -0.009488066658377647, 0.11637406051158905, 0.1757768988609314]
joint_pos=[0.0, -9.180000305175781, -0.0, 0.0, 0.0, 0.0] joint_vel=[0.0, 10.890000343322754, -0.0, 0.0, 0.0, 0.0] imu_ang_vel=[0.0, 0.01811004802584648, 0.08415845781564713] imu_quat_wxyz=[0.9774811863899231, -0.009488066658377647, 0.11637406051158905, 0.1757768988609314]
joint_pos=[0.0, -8.7839994430542, -0.0, 0.0, 0.0, 0.0] joint_vel=[0.0, 13.679999351501465, -0.0, 0.0, 0.0, 0.0] imu_ang_vel=[0.0, 0.021305939182639122, 0.08415845781564713] imu_quat_wxyz=[0.9774762392044067, -0.009529609233140945, 0.11667076498270035, 0.1756051778793335]
joint_pos=[0.0, -8.35200023651123, -0.0, 0.0, 0.0, 0.0] joint_vel=[0.0, 13.229999542236328, -0.0, 0.0, 0.0, 0.0] imu_ang_vel=[0.0, 0.021305939182639122, 0.08415845781564713] imu_quat_wxyz=[0.9774762392044067, -0.009529609233140945, 0.11667076498270035, 0.1756051778793335]
joint_pos=[0.0, -7.955999851226807, -0.0, 0.0, 0.0, 0.0] joint_vel=[0.0, 23.1299991607666, -0.0, 0.0, 0.0, 0.0] imu_ang_vel=[0.0, 0.027697719633579254, 0.082027867436409] imu_quat_wxyz=[0.977481484413147, -0.00964414607733488, 0.11678086221218109, 0.1754966378211975]
joint_pos=[0.0, -7.595999717712402, -0.0, 0.0, 0.0, 0.0] joint_vel=[0.0, 29.42999839782715, -0.0, 0.0, 0.0, 0.0] imu_ang_vel=[0.0, 0.027697719633579254, 0.082027867436409] imu_quat_wxyz=[0.977481484413147, -0.00964414607733488, 0.11678086221218109, 0.1754966378211975]
joint_pos=[0.0, -7.199999809265137, -0.0, 0.0, 0.0, 0.0] joint_vel=[-0.09000000357627869, 10.350000381469727, 0.18000000715255737, 0.0, 0.0, 0.0] imu_ang_vel=[-0.010652969591319561, 0.02343653328716755, 0.05219954997301102] imu_quat_wxyz=[0.9774681925773621, -0.010413780808448792, 0.11744215339422226, 0.17508479952812195]
joint_pos=[0.0, -6.803999900817871, -0.0, 0.0, 0.0, 0.0] joint_vel=[0.0, 16.649999618530273, -0.0, 0.0, 0.0, 0.0] imu_ang_vel=[-0.010652969591319561, 0.02343653328716755, 0.05219954997301102] imu_quat_wxyz=[0.9774681925773621, -0.010413780808448792, 0.11744215339422226, 0.17508479952812195]
joint_pos=[0.0, -6.371999740600586, -0.0, 0.0, 0.0, 0.0] joint_vel=[0.0, 19.350000381469727, 0.09000000357627869, 0.0, 0.0, 0.0] imu_ang_vel=[-0.025567125529050827, 0.0, 0.12037855386734009] imu_quat_wxyz=[0.9774027466773987, -0.009832936339080334, 0.11749172955751419, 0.1754498928785324]
joint_pos=[0.0, -5.97599983215332, -0.0, 0.0, 0.0, 0.0] joint_vel=[0.0, 24.1200008392334, -0.0, 0.0, 0.0, 0.0] imu_ang_vel=[-0.025567125529050827, 0.0, 0.12037855386734009] imu_quat_wxyz=[0.9774027466773987, -0.009832936339080334, 0.11749172955751419, 0.1754498928785324]
joint_pos=[0.0, -5.6519999504089355, -0.0, 0.0, 0.0, 0.0] joint_vel=[0.0, 13.769999504089355, -0.0, 0.0, 0.0, 0.0] imu_ang_vel=[-0.039415985345840454, -0.017044750973582268, 0.1672516167163849] imu_quat_wxyz=[0.9771974086761475, -0.009578564204275608, 0.11699099093675613, 0.1769363135099411]
joint_pos=[0.0, -5.21999979019165, -0.0, 0.0, 0.0, 0.0] joint_vel=[0.0, 13.229999542236328, -0.0, 0.0, 0.0, 0.0] imu_ang_vel=[-0.039415985345840454, -0.017044750973582268, 0.1672516167163849] imu_quat_wxyz=[0.9771974086761475, -0.009578564204275608, 0.11699099093675613, 0.1769363135099411]
joint_pos=[0.0, -4.788000106811523, -0.0, 0.0, 0.0, 0.0] joint_vel=[0.0, 13.319999694824219, -0.0, 0.0, 0.0, 0.0] imu_ang_vel=[-0.045807767659425735, -0.02024064213037491, 0.18003518879413605] imu_quat_wxyz=[0.9769866466522217, -0.009894286282360554, 0.1160261258482933, 0.17871001362800598]
joint_pos=[0.0, -4.3919997215271, -0.0, 0.0, 0.0, 0.0] joint_vel=[-0.5400000214576721, 19.979999542236328, -0.0, 0.0, 0.0, 0.0] imu_ang_vel=[-0.045807767659425735, -0.02024064213037491, 0.18003518879413605] imu_quat_wxyz=[0.9769866466522217, -0.009894286282360554, 0.1160261258482933, 0.17871001362800598]
joint_pos=[0.0, -3.995999813079834, -0.0, 0.0, 0.0, 0.0] joint_vel=[0.0, 31.049999237060547, -0.27000001072883606, 0.0, 0.0, 0.0] imu_ang_vel=[-0.0351547971367836, 0.02343653328716755, 0.12250914424657822] imu_quat_wxyz=[0.9768264889717102, -0.011183654889464378, 0.11560296267271042, 0.17978034913539886]
joint_pos=[0.0, -3.563999891281128, -0.0, 0.0, 0.0, 0.0] joint_vel=[-1.0800000429153442, 33.84000015258789, -0.0, 0.0, 0.0, 0.0] imu_ang_vel=[-0.0351547971367836, 0.02343653328716755, 0.12250914424657822] imu_quat_wxyz=[0.9768264889717102, -0.011183654889464378, 0.11560296267271042, 0.17978034913539886]
joint_pos=[0.0, -3.239999771118164, -0.0, 0.0, 0.0, 0.0] joint_vel=[0.809999942779541, 11.699999809265137, -0.0, 0.0, 0.0, 0.0] imu_ang_vel=[-0.013848859816789627, 0.0, 0.030893610790371895] imu_quat_wxyz=[0.976875364780426, -0.012302792631089687, 0.1157374307513237, 0.17935433983802795]
joint_pos=[0.0, -2.807999849319458, -0.0, 0.0, 0.0, 0.0] joint_vel=[0.09000000357627869, 19.079999923706055, -0.27000001072883606, 0.0, 0.0, 0.0] imu_ang_vel=[-0.013848859816789627, 0.0, 0.030893610790371895] imu_quat_wxyz=[0.976875364780426, -0.012302792631089687, 0.1157374307513237, 0.17935433983802795]
joint_pos=[0.0, -2.375999927520752, -0.0, 0.0, 0.0, 0.0] joint_vel=[0.0, 13.949999809265137, -0.18000000715255737, 0.0, 0.0, 0.0] imu_ang_vel=[-0.010652969591319561, 0.015979453921318054, 0.0] imu_quat_wxyz=[0.9769765734672546, -0.012682784348726273, 0.11687365919351578, 0.1780349314212799]
joint_pos=[0.0, -2.0160000324249268, -0.0, 0.0, 0.0, 0.0] joint_vel=[0.0, 28.799999237060547, -0.0, 0.0, 0.0, 0.0] imu_ang_vel=[-0.010652969591319561, 0.015979453921318054, 0.0] imu_quat_wxyz=[0.9769765734672546, -0.012682784348726273, 0.11687365919351578, 0.1780349314212799]
joint_pos=[0.0, -1.619999885559082, -0.0, 0.0, 0.0, 0.0] joint_vel=[-0.09000000357627869, 16.739999771118164, -0.0, 0.0, 0.0, 0.0] imu_ang_vel=[-0.010652969591319561, 0.0, 0.010652969591319561] imu_quat_wxyz=[0.9771227240562439, -0.012699023820459843, 0.11786988377571106, 0.17656897008419037]
joint_pos=[0.0, -1.2239999771118164, -0.0, 0.0, 0.0, 0.0] joint_vel=[0.0, 13.679999351501465, -0.0, 0.0, 0.0, 0.0] imu_ang_vel=[-0.010652969591319561, 0.0, 0.010652969591319561] imu_quat_wxyz=[0.9771227240562439, -0.012699023820459843, 0.11786988377571106, 0.17656897008419037]
joint_pos=[0.0, -0.828000009059906, -0.0, 0.0, 0.0, 0.0] joint_vel=[0.0, 19.170000076293945, -0.0, 0.0, 0.0, 0.0] imu_ang_vel=[-0.010652969591319561, -0.02343653328716755, 0.0] imu_quat_wxyz=[0.9774287939071655, -0.012384793721139431, 0.11760500073432922, 0.1750670224428177]
joint_pos=[0.0, -0.3959999978542328, -0.0, 0.0, 0.0, 0.0] joint_vel=[0.0, 23.399999618530273, -0.0, 0.0, 0.0, 0.0] imu_ang_vel=[-0.010652969591319561, -0.02343653328716755, 0.0] imu_quat_wxyz=[0.9774287939071655, -0.012384793721139431, 0.11760500073432922, 0.1750670224428177]
joint_pos=[0.0, -0.0, -0.0, 0.0, 0.0, 0.0] joint_vel=[0.0, 31.139999389648438, -0.18000000715255737, 0.0, 0.0, 0.0] imu_ang_vel=[0.0, 0.0, -0.03195890784263611] imu_quat_wxyz=[0.9778405427932739, -0.012076245620846748, 0.11658533662557602, 0.17346414923667908]
joint_pos=[0.0, -0.0, -0.0, 0.0, 0.0, 0.0] joint_vel=[0.0, -5.849999904632568, -0.0, 0.0, 0.0, 0.0] imu_ang_vel=[0.0, 0.0, -0.03195890784263611] imu_quat_wxyz=[0.9778405427932739, -0.012076245620846748, 0.11658533662557602, 0.17346414923667908]
joint_pos=[0.0, -0.0, -0.0, 0.0, 0.0, 0.0] joint_vel=[0.27000001072883606, -0.0, -0.18000000715255737, 0.0, 0.0, 0.0] imu_ang_vel=[0.0, 0.0, -0.082027867436409] imu_quat_wxyz=[0.9783841371536255, -0.012093836441636086, 0.11562199145555496, 0.17102517187595367]
joint_pos=[0.0, -0.0, -0.0, 0.0, 0.0, 0.0] joint_vel=[0.0, -0.0, -0.0, 0.0, 0.0, 0.0] imu_ang_vel=[0.0, 0.0, -0.082027867436409] imu_quat_wxyz=[0.9783841371536255, -0.012093836441636086, 0.11562199145555496, 0.17102517187595367]
joint_pos=[0.0, -0.0, -0.0, 0.0, 0.0, 0.0] joint_vel=[0.0, -0.0, -0.0, 0.0, 0.0, 0.0] imu_ang_vel=[0.010652969591319561, 0.0, -0.08415845781564713] imu_quat_wxyz=[0.9788638353347778, -0.011325945146381855, 0.1153566762804985, 0.16849401593208313]
joint_pos=[0.0, -0.0, -0.0, 0.0, 0.0, 0.0] joint_vel=[0.27000001072883606, -0.0, -0.0, 0.0, 0.0, 0.0] imu_ang_vel=[0.010652969591319561, 0.0, -0.08415845781564713] imu_quat_wxyz=[0.9788638353347778, -0.011325945146381855, 0.1153566762804985, 0.16849401593208313]
joint_pos=[0.0, -0.0, -0.0, 0.0, 0.0, 0.0] joint_vel=[0.0, -0.18000000715255737, -0.0, 0.0, 0.0, 0.0] imu_ang_vel=[0.010652969591319561, 0.0, -0.08841964602470398] imu_quat_wxyz=[0.9792759418487549, -0.0103808818385005, 0.1154012531042099, 0.16611212491989136]
joint_pos=[0.0, -0.0, -0.0, 0.0, 0.0, 0.0] joint_vel=[0.0, -0.0, -0.0, 0.0, 0.0, 0.0] imu_ang_vel=[0.010652969591319561, 0.0, -0.08841964602470398] imu_quat_wxyz=[0.9792759418487549, -0.0103808818385005, 0.1154012531042099, 0.16611212491989136]
joint_pos=[0.0, -0.0, -0.0, 0.0, 0.0, 0.0] joint_vel=[0.0, -0.0, -0.0, 0.0, 0.0, 0.0] imu_ang_vel=[0.017044750973582268, 0.0, -0.11824796348810196] imu_quat_wxyz=[0.9796721935272217, -0.00965589564293623, 0.115897536277771, 0.16345283389091492]
joint_pos=[0.0, -0.0, -0.0, 0.0, 0.0, 0.0] joint_vel=[0.0, -0.0, -0.0, 0.0, 0.0, 0.0] imu_ang_vel=[0.017044750973582268, 0.0, -0.11824796348810196] imu_quat_wxyz=[0.9796721935272217, -0.00965589564293623, 0.115897536277771, 0.16345283389091492]
joint_pos=[0.0, -0.0, -0.0, 0.0, 0.0, 0.0] joint_vel=[0.0, 0.27000001072883606, -0.18000000715255737, 0.0, 0.0, 0.0] imu_ang_vel=[0.017044750973582268, 0.0, -0.11611736565828323] imu_quat_wxyz=[0.9799159169197083, -0.0089719844982028, 0.11660868674516678, 0.16151350736618042]
joint_pos=[0.0, -0.0, -0.0, 0.0, 0.0, 0.0] joint_vel=[0.18000000715255737, -0.0, -0.0, 0.0, 0.0, 0.0] imu_ang_vel=[0.017044750973582268, 0.0, -0.11611736565828323] imu_quat_wxyz=[0.9799159169197083, -0.0089719844982028, 0.11660868674516678, 0.16151350736618042]
joint_pos=[0.0, -0.0, -0.0, 0.0, 0.0, 0.0] joint_vel=[-0.18000000715255737, 0.18000000715255737, -0.0, 0.0, 0.0, 0.0] imu_ang_vel=[0.022371236234903336, -0.01491415686905384, -0.12144385278224945] imu_quat_wxyz=[0.9802435636520386, -0.008167936466634274, 0.11723437160253525, 0.159097358584404]
joint_pos=[0.0, -0.0, -0.0, 0.0, 0.0, 0.0] joint_vel=[0.0, -0.0, 0.09000000357627869, 0.0, 0.0, 0.0] imu_ang_vel=[0.022371236234903336, -0.01491415686905384, -0.12144385278224945] imu_quat_wxyz=[0.9802435636520386, -0.008167936466634274, 0.11723437160253525, 0.159097358584404]
joint_pos=[0.0, -0.0, -0.0, 0.0, 0.0, 0.0] joint_vel=[0.0, 0.09000000357627869, -0.27000001072883606, 0.0, 0.0, 0.0] imu_ang_vel=[0.02343653328716755, -0.02343653328716755, -0.1171826645731926] imu_quat_wxyz=[0.9806088805198669, -0.0071149165742099285, 0.11727051436901093, 0.15685418248176575]
joint_pos=[0.0, -0.0, -0.0, 0.0, 0.0, 0.0] joint_vel=[0.0, -0.09000000357627869, -0.27000001072883606, 0.0, 0.0, 0.0] imu_ang_vel=[0.02343653328716755, -0.02343653328716755, -0.1171826645731926] imu_quat_wxyz=[0.9806088805198669, -0.0071149165742099285, 0.11727051436901093, 0.15685418248176575]
joint_pos=[0.0, -0.0, -0.0, 0.0, 0.0, 0.0] joint_vel=[0.0, 0.27000001072883606, 0.09000000357627869, 0.0, 0.0, 0.0] imu_ang_vel=[0.024501830339431763, -0.025567125529050827, -0.11079087853431702] imu_quat_wxyz=[0.9808850884437561, -0.006145184393972158, 0.11685865372419357, 0.15546946227550507]
joint_pos=[0.0, -0.0, -0.0, 0.0, 0.0, 0.0] joint_vel=[0.0, -0.0, -0.0, 0.0, 0.0, 0.0] imu_ang_vel=[0.024501830339431763, -0.025567125529050827, -0.11079087853431702] imu_quat_wxyz=[0.9808850884437561, -0.006145184393972158, 0.11685865372419357, 0.15546946227550507]
joint_pos=[0.0, -0.0, -0.0, 0.0, 0.0, 0.0] joint_vel=[0.18000000715255737, -0.0, -0.27000001072883606, 0.0, 0.0, 0.0] imu_ang_vel=[0.025567125529050827, -0.02024064213037491, -0.10439909994602203] imu_quat_wxyz=[0.9812635183334351, -0.004716110415756702, 0.11594918370246887, 0.15380285680294037]
joint_pos=[0.0, -0.0, -0.0, 0.0, 0.0, 0.0] joint_vel=[0.27000001072883606, -0.36000001430511475, 0.09000000357627869, 0.0, 0.0, 0.0] imu_ang_vel=[0.025567125529050827, -0.02024064213037491, -0.10439909994602203] imu_quat_wxyz=[0.9812635183334351, -0.004716110415756702, 0.11594918370246887, 0.15380285680294037]
joint_pos=[0.0, -0.0, -0.0, 0.0, 0.0, 0.0] joint_vel=[0.0, -0.0, 0.18000000715255737, 0.0, 0.0, 0.0] imu_ang_vel=[0.02343653328716755, -0.01491415686905384, -0.09587672352790833] imu_quat_wxyz=[0.9815170168876648, -0.0038059428334236145, 0.11535846441984177, 0.1526511162519455]
joint_pos=[0.0, -0.0, -0.0, 0.0, 0.0, 0.0] joint_vel=[0.0, -0.09000000357627869, 0.18000000715255737, 0.0, 0.0, 0.0] imu_ang_vel=[0.02343653328716755, -0.01491415686905384, -0.09587672352790833] imu_quat_wxyz=[0.9815170168876648, -0.0038059428334236145, 0.11535846441984177, 0.1526511162519455]
joint_pos=[0.0, -0.0, -0.0, 0.0, 0.0, 0.0] joint_vel=[0.0, 0.27000001072883606, 0.18000000715255737, 0.0, 0.0, 0.0] imu_ang_vel=[0.022371236234903336, 0.0, -0.08309315890073776] imu_quat_wxyz=[0.9817471504211426, -0.002839237917214632, 0.11519547551870346, 0.15130846202373505]
joint_pos=[0.0, -0.0, -0.0, 0.0, 0.0, 0.0] joint_vel=[0.0, 0.27000001072883606, -0.18000000715255737, 0.0, 0.0, 0.0] imu_ang_vel=[0.022371236234903336, 0.0, -0.08309315890073776] imu_quat_wxyz=[0.9817471504211426, -0.002839237917214632, 0.11519547551870346, 0.15130846202373505]
motion_test: joint 3 -> 20.000 deg
joint_pos=[0.0, -0.0, -0.0, 0.0, 0.0, 0.0] joint_vel=[0.0, -0.18000000715255737, -0.18000000715255737, 0.0, 0.0, 0.0] imu_ang_vel=[0.022371236234903336, -0.010652969591319561, -0.0703095942735672] imu_quat_wxyz=[0.9818746447563171, -0.0021923361346125603, 0.11551567912101746, 0.1502443104982376]
joint_pos=[0.0, -0.0, -0.0, 0.0, 0.0, 0.0] joint_vel=[0.0, 0.18000000715255737, 0.27000001072883606, 0.0, 0.0, 0.0] imu_ang_vel=[0.022371236234903336, -0.010652969591319561, -0.0703095942735672] imu_quat_wxyz=[0.9818746447563171, -0.0021923361346125603, 0.11551567912101746, 0.1502443104982376]
joint_pos=[0.0, -0.0, 0.25200000405311584, 0.0, 0.0, 0.0] joint_vel=[-0.18000000715255737, -0.0, 36.630001068115234, 0.0, 0.0, 0.0] imu_ang_vel=[0.019175345078110695, -0.011718266643583775, -0.049003660678863525] imu_quat_wxyz=[0.9819461703300476, -0.0015299946535378695, 0.11574269831180573, 0.14960922300815582]
joint_pos=[0.0, -0.0, 0.7559999823570251, 0.0, 0.0, 0.0] joint_vel=[0.9900000095367432, 0.09000000357627869, 14.309999465942383, 0.0, 0.0, 0.0] imu_ang_vel=[0.019175345078110695, -0.011718266643583775, -0.049003660678863525] imu_quat_wxyz=[0.9819461703300476, -0.0015299946535378695, 0.11574269831180573, 0.14960922300815582]
joint_pos=[0.0, -0.0, 1.1160000562667847, 0.0, 0.0, 0.0] joint_vel=[0.6299999952316284, -0.18000000715255737, 29.8799991607666, 0.0, 0.0, 0.0] imu_ang_vel=[0.02343653328716755, -0.022371236234903336, -0.0468730665743351] imu_quat_wxyz=[0.9819667935371399, -0.0009211561409756541, 0.11616646498441696, 0.1491503268480301]
joint_pos=[0.0, -0.0, 1.5119999647140503, 0.0, 0.0, 0.0] joint_vel=[0.0, 0.27000001072883606, 22.94999885559082, 0.0, 0.0, 0.0] imu_ang_vel=[0.02343653328716755, -0.022371236234903336, -0.0468730665743351] imu_quat_wxyz=[0.9819667935371399, -0.0009211561409756541, 0.11616646498441696, 0.1491503268480301]
joint_pos=[0.0, -0.0, 1.9079999923706055, 0.0, 0.0, 0.0] joint_vel=[0.0, 0.09000000357627869, 16.3799991607666, 0.0, 0.0, 0.0] imu_ang_vel=[0.01811004802584648, -0.027697719633579254, -0.02024064213037491] imu_quat_wxyz=[0.9819585680961609, -0.00018764345441013575, 0.1162865161895752, 0.14911247789859772]
joint_pos=[0.0, -0.0, 2.303999900817871, 0.0, 0.0, 0.0] joint_vel=[0.0, -0.0, 13.589999198913574, 0.0, 0.0, 0.0] imu_ang_vel=[0.01811004802584648, -0.027697719633579254, -0.02024064213037491] imu_quat_wxyz=[0.9819585680961609, -0.00018764345441013575, 0.1162865161895752, 0.14911247789859772]
joint_pos=[0.0, -0.0, 2.700000047683716, 0.0, 0.0, 0.0] joint_vel=[0.0, -0.18000000715255737, 19.260000228881836, 0.0, 0.0, 0.0] imu_ang_vel=[0.015979453921318054, -0.030893610790371895, 0.0] imu_quat_wxyz=[0.9819842576980591, 0.00031086584203876555, 0.11580274254083633, 0.14931978285312653]
joint_pos=[0.0, -0.0, 3.1679999828338623, 0.0, 0.0, 0.0] joint_vel=[0.0, 0.09000000357627869, 20.790000915527344, 0.0, 0.0, 0.0] imu_ang_vel=[0.015979453921318054, -0.030893610790371895, 0.0] imu_quat_wxyz=[0.9819842576980591, 0.00031086584203876555, 0.11580274254083633, 0.14931978285312653]
joint_pos=[0.0, -0.0, 3.492000102996826, 0.0, 0.0, 0.0] joint_vel=[0.0, -0.09000000357627869, 18.450000762939453, 0.0, 0.0, 0.0] imu_ang_vel=[0.012783562764525414, -0.027697719633579254, 0.0] imu_quat_wxyz=[0.9819842576980591, 0.00031086584203876555, 0.11580274254083633, 0.14931978285312653]
joint_pos=[0.0, -0.0, 3.9240000247955322, 0.0, 0.0, 0.0] joint_vel=[0.0, -0.18000000715255737, 12.600000381469727, 0.0, 0.0, 0.0] imu_ang_vel=[0.012783562764525414, -0.027697719633579254, 0.0] imu_quat_wxyz=[0.9820078015327454, 0.0006358044920489192, 0.11508271098136902, 0.1497206836938858]
joint_pos=[0.0, -0.0, 4.320000171661377, 0.0, 0.0, 0.0] joint_vel=[0.0, -0.0, 15.300000190734863, 0.0, 0.0, 0.0] imu_ang_vel=[0.012783562764525414, -0.02024064213037491, 0.022371236234903336] imu_quat_wxyz=[0.9820078015327454, 0.0006358044920489192, 0.11508271098136902, 0.1497206836938858]
joint_pos=[0.0, -0.0, 4.716000080108643, 0.0, 0.0, 0.0] joint_vel=[-0.09000000357627869, -0.0, 16.28999900817871, 0.0, 0.0, 0.0] imu_ang_vel=[0.012783562764525414, -0.02024064213037491, 0.022371236234903336] imu_quat_wxyz=[0.9819761514663696, 0.0009595440933480859, 0.11432942003011703, 0.15050117671489716]
joint_pos=[0.0, -0.0, 5.1479997634887695, 0.0, 0.0, 0.0] joint_vel=[0.18000000715255737, 0.18000000715255737, 26.279998779296875, 0.0, 0.0, 0.0] imu_ang_vel=[0.0, -0.011718266643583775, 0.0351547971367836] imu_quat_wxyz=[0.9819761514663696, 0.0009595440933480859, 0.11432942003011703, 0.15050117671489716]
joint_pos=[0.0, -0.0, 5.544000148773193, 0.0, 0.0, 0.0] joint_vel=[0.0, 0.18000000715255737, 33.65999984741211, 0.0, 0.0, 0.0] imu_ang_vel=[0.0, -0.011718266643583775, 0.0351547971367836] imu_quat_wxyz=[0.9818753600120544, 0.0011787514667958021, 0.11388236284255981, 0.1514933556318283]
joint_pos=[0.0, -0.0, 5.9039998054504395, 0.0, 0.0, 0.0] joint_vel=[-0.09000000357627869, -0.18000000715255737, 12.690000534057617, 0.0, 0.0, 0.0] imu_ang_vel=[0.0, 0.0, 0.0468730665743351] imu_quat_wxyz=[0.9818753600120544, 0.0011787514667958021, 0.11388236284255981, 0.1514933556318283]
joint_pos=[0.0, -0.0, 6.335999965667725, 0.0, 0.0, 0.0] joint_vel=[-0.09000000357627869, -0.0, 18.0, 0.0, 0.0, 0.0] imu_ang_vel=[0.0, 0.0, 0.0468730665743351] imu_quat_wxyz=[0.9817015528678894, 0.0010357340797781944, 0.11395544558763504, 0.1525619924068451]
joint_pos=[0.0, -0.0, 6.73199987411499, 0.0, 0.0, 0.0] joint_vel=[0.0, 0.27000001072883606, 14.850000381469727, 0.0, 0.0, 0.0] imu_ang_vel=[0.0, 0.0, 0.05539543926715851] imu_quat_wxyz=[0.9817015528678894, 0.0010357340797781944, 0.11395544558763504, 0.1525619924068451]
joint_pos=[0.0, -0.0, 7.127999782562256, 0.0, 0.0, 0.0] joint_vel=[0.18000000715255737, -0.18000000715255737, 32.220001220703125, 0.0, 0.0, 0.0] imu_ang_vel=[0.0, 0.0, 0.05539543926715851] imu_quat_wxyz=[0.9814844131469727, 0.0007489644922316074, 0.11439752578735352, 0.15362560749053955]
joint_pos=[0.0, -0.0, 7.52400016784668, 0.0, 0.0, 0.0] joint_vel=[-0.09000000357627869, -0.36000001430511475, 30.330001831054688, 0.0, 0.0, 0.0] imu_ang_vel=[0.0, 0.0, 0.06285251677036285] imu_quat_wxyz=[0.9814844131469727, 0.0007489644922316074, 0.11439752578735352, 0.15362560749053955]
joint_pos=[0.0, -0.0, 7.920000076293945, 0.0, 0.0, 0.0] joint_vel=[0.27000001072883606, -0.0, 11.970000267028809, 0.0, 0.0, 0.0] imu_ang_vel=[0.0, 0.0, 0.06285251677036285] imu_quat_wxyz=[0.9812372922897339, 0.00036213311250321567, 0.11500684171915054, 0.15474653244018555]
joint_pos=[0.0, -0.0, 8.315999984741211, 0.0, 0.0, 0.0] joint_vel=[0.0, -0.09000000357627869, 15.029999732971191, 0.0, 0.0, 0.0] imu_ang_vel=[0.0, 0.0, 0.06817900389432907] imu_quat_wxyz=[0.9812372922897339, 0.00036213311250321567, 0.11500684171915054, 0.15474653244018555]
joint_pos=[0.0, -0.0, 8.711999893188477, 0.0, 0.0, 0.0] joint_vel=[0.0, -0.0, 16.3799991607666, 0.0, 0.0, 0.0] imu_ang_vel=[0.0, 0.0, 0.06817900389432907] imu_quat_wxyz=[0.9809974431991577, -4.816652653971687e-05, 0.1155281662940979, 0.15587520599365234]
joint_pos=[0.0, -0.0, 9.144000053405762, 0.0, 0.0, 0.0] joint_vel=[-0.18000000715255737, -0.0, 25.28999900817871, 0.0, 0.0, 0.0] imu_ang_vel=[0.0, 0.0, 0.06817900389432907] imu_quat_wxyz=[0.9809974431991577, -4.816652653971687e-05, 0.1155281662940979, 0.15587520599365234]
joint_pos=[0.0, -0.0, 9.539999961853027, 0.0, 0.0, 0.0] joint_vel=[-0.27000001072883606, -0.0, 32.220001220703125, 0.0, 0.0, 0.0] imu_ang_vel=[0.0, 0.0, 0.06817900389432907] imu_quat_wxyz=[0.9808111786842346, -0.0003865350445266813, 0.11564067751169205, 0.15695998072624207]
joint_pos=[0.0, -0.0, 9.899999618530273, 0.0, 0.0, 0.0] joint_vel=[0.0, 0.09000000357627869, 11.25, 0.0, 0.0, 0.0] imu_ang_vel=[0.0, 0.0, 0.0703095942735672] imu_quat_wxyz=[0.9808111786842346, -0.0003865350445266813, 0.11564067751169205, 0.15695998072624207]
joint_pos=[0.0, -0.0, 10.295999526977539, 0.0, 0.0, 0.0] joint_vel=[0.0, 0.27000001072883606, 16.649999618530273, 0.0, 0.0, 0.0] imu_ang_vel=[0.0, 0.0, 0.0703095942735672] imu_quat_wxyz=[0.9806615114212036, -0.0006355428486131132, 0.11546434462070465, 0.15802094340324402]
joint_pos=[0.0, -0.0, 10.727999687194824, 0.0, 0.0, 0.0] joint_vel=[0.0, -0.09000000357627869, 15.930000305175781, 0.0, 0.0, 0.0] imu_ang_vel=[0.0, 0.0, 0.06817900389432907] imu_quat_wxyz=[0.9806615114212036, -0.0006355428486131132, 0.11546434462070465, 0.15802094340324402]
joint_pos=[0.0, -0.0, 11.12399959564209, 0.0, 0.0, 0.0] joint_vel=[0.0, -0.0, 28.530000686645508, 0.0, 0.0, 0.0] imu_ang_vel=[0.0, 0.0, 0.06817900389432907] imu_quat_wxyz=[0.9805523157119751, -0.0009507352369837463, 0.11511801928281784, 0.15894664824008942]
joint_pos=[0.0, -0.0, 11.555999755859375, 0.0, 0.0, 0.0] joint_vel=[0.0, -0.09000000357627869, 34.380001068115234, 0.0, 0.0, 0.0] imu_ang_vel=[0.0, 0.010652969591319561, 0.06498311460018158] imu_quat_wxyz=[0.9805523157119751, -0.0009507352369837463, 0.11511801928281784, 0.15894664824008942]
joint_pos=[0.0, -0.0, 11.916000366210938, 0.0, 0.0, 0.0] joint_vel=[-0.09000000357627869, 0.09000000357627869, 12.600000381469727, 0.0, 0.0, 0.0] imu_ang_vel=[0.0, 0.010652969591319561, 0.06498311460018158] imu_quat_wxyz=[0.9804727435112, -0.0015138996532186866, 0.11482883244752884, 0.15964043140411377]
joint_pos=[0.0, -0.0, 12.312000274658203, 0.0, 0.0, 0.0] joint_vel=[0.0, -0.0, 18.360000610351562, 0.0, 0.0, 0.0] imu_ang_vel=[0.0, 0.015979453921318054, 0.05965662747621536] imu_quat_wxyz=[0.9804727435112, -0.0015138996532186866, 0.11482883244752884, 0.15964043140411377]
joint_pos=[0.0, -0.0, 12.708000183105469, 0.0, 0.0, 0.0] joint_vel=[-0.18000000715255737, -0.0, 15.480000495910645, 0.0, 0.0, 0.0] imu_ang_vel=[0.0, 0.015979453921318054, 0.05965662747621536] imu_quat_wxyz=[0.9803583025932312, -0.0020670266821980476, 0.11499182879924774, 0.16021886467933655]
joint_pos=[0.0, -0.0, 13.139999389648438, 0.0, 0.0, 0.0] joint_vel=[0.0, 0.09000000357627869, 32.400001525878906, 0.0, 0.0, 0.0] imu_ang_vel=[0.0, 0.01811004802584648, 0.05219954997301102] imu_quat_wxyz=[0.9803583025932312, -0.0020670266821980476, 0.11499182879924774, 0.16021886467933655]
joint_pos=[0.0, -0.0, 13.53600025177002, 0.0, 0.0, 0.0] joint_vel=[0.0, -0.0, 32.130001068115234, 0.0, 0.0, 0.0] imu_ang_vel=[0.0, 0.01811004802584648, 0.05219954997301102] imu_quat_wxyz=[0.9802154302597046, -0.0024868249893188477, 0.1155182421207428, 0.16070759296417236]
joint_pos=[0.0, -0.0, 13.896000862121582, 0.0, 0.0, 0.0] joint_vel=[0.0, -0.18000000715255737, 13.139999389648438, 0.0, 0.0, 0.0] imu_ang_vel=[0.0, 0.015979453921318054, 0.04474247246980667] imu_quat_wxyz=[0.9802154302597046, -0.0024868249893188477, 0.1155182421207428, 0.16070759296417236]
joint_pos=[0.0, -0.0, 14.32800006866455, 0.0, 0.0, 0.0] joint_vel=[0.0, -0.0, 15.029999732971191, 0.0, 0.0, 0.0] imu_ang_vel=[0.0, 0.015979453921318054, 0.04474247246980667] imu_quat_wxyz=[0.9800776839256287, -0.0028822538442909718, 0.11618813872337341, 0.16105791926383972]
joint_pos=[0.0, -0.0, 14.723999977111816, 0.0, 0.0, 0.0] joint_vel=[0.0, 0.09000000357627869, 18.18000030517578, 0.0, 0.0, 0.0] imu_ang_vel=[0.0, 0.011718266643583775, 0.034089501947164536] imu_quat_wxyz=[0.9800776839256287, -0.0028822538442909718, 0.11618813872337341, 0.16105791926383972]
joint_pos=[0.0, -0.0, 15.119999885559082, 0.0, 0.0, 0.0] joint_vel=[0.0, -0.18000000715255737, 25.919998168945312, 0.0, 0.0, 0.0] imu_ang_vel=[0.0, 0.011718266643583775, 0.034089501947164536] imu_quat_wxyz=[0.9799730777740479, -0.0032265654299408197, 0.11673405766487122, 0.1612929254770279]
joint_pos=[0.0, -0.0, 15.515999794006348, 0.0, 0.0, 0.0] joint_vel=[0.0, -0.0, 20.700000762939453, 0.0, 0.0, 0.0] imu_ang_vel=[0.0, 0.010652969591319561, 0.025567125529050827] imu_quat_wxyz=[0.9799730777740479, -0.0032265654299408197, 0.11673405766487122, 0.1612929254770279]
joint_pos=[0.0, -0.0, 15.911999702453613, 0.0, 0.0, 0.0] joint_vel=[0.0, 0.09000000357627869, 12.420000076293945, 0.0, 0.0, 0.0] imu_ang_vel=[0.0, 0.010652969591319561, 0.025567125529050827] imu_quat_wxyz=[0.9799278974533081, -0.0035430651623755693, 0.11697793751955032, 0.16138453781604767]
joint_pos=[0.0, -0.0, 16.308000564575195, 0.0, 0.0, 0.0] joint_vel=[0.0, 0.18000000715255737, 17.010000228881836, 0.0, 0.0, 0.0] imu_ang_vel=[0.0, 0.010652969591319561, 0.017044750973582268] imu_quat_wxyz=[0.9799278974533081, -0.0035430651623755693, 0.11697793751955032, 0.16138453781604767]
joint_pos=[0.0, -0.0, 16.739999771118164, 0.0, 0.0, 0.0] joint_vel=[0.0, -0.0, 16.920000076293945, 0.0, 0.0, 0.0] imu_ang_vel=[0.0, 0.010652969591319561, 0.017044750973582268] imu_quat_wxyz=[0.9799481630325317, -0.003803986357524991, 0.11689095944166183, 0.1613183617591858]
joint_pos=[0.0, -0.0, 17.13599967956543, 0.0, 0.0, 0.0] joint_vel=[0.0, -0.0, 27.719999313354492, 0.0, 0.0, 0.0] imu_ang_vel=[0.0, 0.012783562764525414, 0.0] imu_quat_wxyz=[0.9799481630325317, -0.003803986357524991, 0.11689095944166183, 0.1613183617591858]
joint_pos=[0.0, -0.0, 17.5679988861084, 0.0, 0.0, 0.0] joint_vel=[0.0, -0.0, 35.72999954223633, 0.0, 0.0, 0.0] imu_ang_vel=[0.0, 0.012783562764525414, 0.0] imu_quat_wxyz=[0.979986846446991, -0.003949279896914959, 0.11682489514350891, 0.16112756729125977]
joint_pos=[0.0, -0.0, 17.892000198364258, 0.0, 0.0, 0.0] joint_vel=[0.0, -0.0, 12.870000839233398, 0.0, 0.0, 0.0] imu_ang_vel=[0.0, 0.012783562764525414, 0.0] imu_quat_wxyz=[0.979986846446991, -0.003949279896914959, 0.11682489514350891, 0.16112756729125977]
joint_pos=[0.0, -0.0, 18.32400131225586, 0.0, 0.0, 0.0] joint_vel=[0.0, -0.18000000715255737, 18.450000762939453, 0.0, 0.0, 0.0] imu_ang_vel=[0.0, 0.01491415686905384, 0.0] imu_quat_wxyz=[0.980038583278656, -0.004039620514959097, 0.11687625199556351, 0.16077278554439545]
joint_pos=[0.0, -0.0, 18.720001220703125, 0.0, 0.0, 0.0] joint_vel=[0.0, -0.0, 15.84000015258789, 0.0, 0.0, 0.0] imu_ang_vel=[0.0, 0.01491415686905384, 0.0] imu_quat_wxyz=[0.980038583278656, -0.004039620514959097, 0.11687625199556351, 0.16077278554439545]
joint_pos=[0.0, -0.0, 19.11600112915039, 0.0, 0.0, 0.0] joint_vel=[0.0, -0.09000000357627869, 32.57999801635742, 0.0, 0.0, 0.0] imu_ang_vel=[0.0, 0.015979453921318054, 0.0] imu_quat_wxyz=[0.980068027973175, -0.004155928734689951, 0.1170680820941925, 0.1604505181312561]
joint_pos=[0.0, -0.0, 19.512001037597656, 0.0, 0.0, 0.0] joint_vel=[0.0, -0.18000000715255737, 20.520000457763672, 0.0, 0.0, 0.0] imu_ang_vel=[0.0, 0.015979453921318054, 0.0] imu_quat_wxyz=[0.980068027973175, -0.004155928734689951, 0.1170680820941925, 0.1604505181312561]
joint_pos=[0.0, -0.0, 19.908000946044922, 0.0, 0.0, 0.0] joint_vel=[0.0, -0.09000000357627869, 12.690000534057617, 0.0, 0.0, 0.0] imu_ang_vel=[0.0, 0.01491415686905384, -0.012783562764525414] imu_quat_wxyz=[0.980089545249939, -0.0043125213123857975, 0.11742635071277618, 0.16005243360996246]
joint_pos=[0.0, -0.0, 19.979999542236328, 0.0, 0.0, 0.0] joint_vel=[0.18000000715255737, -0.0, -6.210000038146973, 0.0, 0.0, 0.0] imu_ang_vel=[0.0, 0.01491415686905384, -0.012783562764525414] imu_quat_wxyz=[0.980089545249939, -0.0043125213123857975, 0.11742635071277618, 0.16005243360996246]
joint_pos=[0.0, -0.0, 19.979999542236328, 0.0, 0.0, 0.0] joint_vel=[-0.09000000357627869, -0.09000000357627869, 0.09000000357627869, 0.0, 0.0, 0.0] imu_ang_vel=[0.0, 0.0, -0.02024064213037491] imu_quat_wxyz=[0.980122983455658, -0.004472443833947182, 0.11789602786302567, 0.1594972163438797]
joint_pos=[0.0, -0.0, 19.944000244140625, 0.0, 0.0, 0.0] joint_vel=[0.0, -0.0, 1.1700000762939453, 0.0, 0.0, 0.0] imu_ang_vel=[0.0, 0.0, -0.02024064213037491] imu_quat_wxyz=[0.980122983455658, -0.004472443833947182, 0.11789602786302567, 0.1594972163438797]
joint_pos=[0.0, -0.0, 19.944000244140625, 0.0, 0.0, 0.0] joint_vel=[0.0, -0.0, -0.27000001072883606, 0.0, 0.0, 0.0] imu_ang_vel=[0.0, 0.0, -0.01491415686905384] imu_quat_wxyz=[0.9801845550537109, -0.004465525504201651, 0.11795461177825928, 0.15907515585422516]
joint_pos=[0.0, -0.0, 19.944000244140625, 0.0, 0.0, 0.0] joint_vel=[0.0, -0.0, 1.7999999523162842, 0.0, 0.0, 0.0] imu_ang_vel=[0.0, 0.0, -0.01491415686905384] imu_quat_wxyz=[0.9801845550537109, -0.004465525504201651, 0.11795461177825928, 0.15907515585422516]
joint_pos=[0.0, -0.0, 19.944000244140625, 0.0, 0.0, 0.0] joint_vel=[0.0, -0.0, 1.0800000429153442, 0.0, 0.0, 0.0] imu_ang_vel=[0.0, 0.0, -0.025567125529050827] imu_quat_wxyz=[0.980288565158844, -0.0044544776901602745, 0.1179201751947403, 0.15845872461795807]
joint_pos=[0.0, -0.0, 19.944000244140625, 0.0, 0.0, 0.0] joint_vel=[0.0, 0.09000000357627869, -0.18000000715255737, 0.0, 0.0, 0.0] imu_ang_vel=[0.0, 0.0, -0.025567125529050827] imu_quat_wxyz=[0.980288565158844, -0.0044544776901602745, 0.1179201751947403, 0.15845872461795807]
joint_pos=[0.0, -0.0, 19.944000244140625, 0.0, 0.0, 0.0] joint_vel=[0.09000000357627869, -0.0, -0.0, 0.0, 0.0, 0.0] imu_ang_vel=[0.0, 0.0, -0.024501830339431763] imu_quat_wxyz=[0.980398416519165, -0.004361668135970831, 0.11784957349300385, 0.15783347189426422]
joint_pos=[0.0, -0.0, 19.944000244140625, 0.0, 0.0, 0.0] joint_vel=[-0.09000000357627869, -0.0, 0.18000000715255737, 0.0, 0.0, 0.0] imu_ang_vel=[0.0, 0.0, -0.024501830339431763] imu_quat_wxyz=[0.980398416519165, -0.004361668135970831, 0.11784957349300385, 0.15783347189426422]
joint_pos=[0.0, -0.0, 19.944000244140625, 0.0, 0.0, 0.0] joint_vel=[-0.09000000357627869, -0.0, 0.18000000715255737, 0.0, 0.0, 0.0] imu_ang_vel=[0.0, 0.0, -0.02982831373810768] imu_quat_wxyz=[0.9805172085762024, -0.004229086916893721, 0.11763938516378403, 0.1572546511888504]
joint_pos=[0.0, -0.0, 19.944000244140625, 0.0, 0.0, 0.0] joint_vel=[0.0, -0.0, -0.809999942779541, 0.0, 0.0, 0.0] imu_ang_vel=[0.0, 0.0, -0.02982831373810768] imu_quat_wxyz=[0.9805172085762024, -0.004229086916893721, 0.11763938516378403, 0.1572546511888504]
joint_pos=[0.0, -0.0, 19.944000244140625, 0.0, 0.0, 0.0] joint_vel=[0.0, 0.18000000715255737, 1.0800000429153442, 0.0, 0.0, 0.0] imu_ang_vel=[0.0, 0.0, -0.028763016685843468] imu_quat_wxyz=[0.9805845022201538, -0.0040704733692109585, 0.11755841970443726, 0.15689904987812042]
joint_pos=[0.0, -0.0, 19.944000244140625, 0.0, 0.0, 0.0] joint_vel=[0.0, -0.27000001072883606, -1.350000023841858, 0.0, 0.0, 0.0] imu_ang_vel=[0.0, 0.0, -0.028763016685843468] imu_quat_wxyz=[0.9805845022201538, -0.0040704733692109585, 0.11755841970443726, 0.15689904987812042]
joint_pos=[0.0, -0.0, 19.944000244140625, 0.0, 0.0, 0.0] joint_vel=[0.0, 0.09000000357627869, -0.44999998807907104, 0.0, 0.0, 0.0] imu_ang_vel=[0.0, -0.010652969591319561, -0.03302420675754547] imu_quat_wxyz=[0.9806870818138123, -0.003975397441536188, 0.11745809018611908, 0.15633457899093628]
joint_pos=[0.0, -0.0, 19.944000244140625, 0.0, 0.0, 0.0] joint_vel=[0.09000000357627869, -0.0, 0.44999998807907104, 0.0, 0.0, 0.0] imu_ang_vel=[0.0, -0.010652969591319561, -0.03302420675754547] imu_quat_wxyz=[0.9806870818138123, -0.003975397441536188, 0.11745809018611908, 0.15633457899093628]
joint_pos=[0.0, -0.0, 19.944000244140625, 0.0, 0.0, 0.0] joint_vel=[-0.09000000357627869, 0.09000000357627869, 0.36000001430511475, 0.0, 0.0, 0.0] imu_ang_vel=[0.0, -0.01491415686905384, -0.03195890784263611] imu_quat_wxyz=[0.9807987213134766, -0.0038228598423302174, 0.11731798946857452, 0.15574225783348083]
joint_pos=[0.0, -0.0, 19.944000244140625, 0.0, 0.0, 0.0] joint_vel=[0.0, -0.09000000357627869, 0.9900000095367432, 0.0, 0.0, 0.0] imu_ang_vel=[0.0, -0.01491415686905384, -0.03195890784263611] imu_quat_wxyz=[0.9807987213134766, -0.0038228598423302174, 0.11731798946857452, 0.15574225783348083]
joint_pos=[0.0, -0.0, 19.944000244140625, 0.0, 0.0, 0.0] joint_vel=[0.0, -0.0, -0.09000000357627869, 0.0, 0.0, 0.0] imu_ang_vel=[0.0, -0.019175345078110695, -0.034089501947164536] imu_quat_wxyz=[0.9808999300003052, -0.003639248665422201, 0.11718127131462097, 0.1552116572856903]
joint_pos=[0.0, -0.0, 19.944000244140625, 0.0, 0.0, 0.0] joint_vel=[0.18000000715255737, -0.0, 0.44999998807907104, 0.0, 0.0, 0.0] imu_ang_vel=[0.0, -0.019175345078110695, -0.034089501947164536] imu_quat_wxyz=[0.9808999300003052, -0.003639248665422201, 0.11718127131462097, 0.1552116572856903]
joint_pos=[0.0, -0.0, 19.944000244140625, 0.0, 0.0, 0.0] joint_vel=[-0.18000000715255737, 0.09000000357627869, 0.6299999952316284, 0.0, 0.0, 0.0] imu_ang_vel=[0.010652969591319561, -0.02343653328716755, -0.03302420675754547] imu_quat_wxyz=[0.9810161590576172, -0.0033570697996765375, 0.1169421598315239, 0.15466256439685822]
joint_pos=[0.0, -0.0, 19.944000244140625, 0.0, 0.0, 0.0] joint_vel=[0.0, -0.18000000715255737, -0.8999999761581421, 0.0, 0.0, 0.0] imu_ang_vel=[0.010652969591319561, -0.02343653328716755, -0.03302420675754547] imu_quat_wxyz=[0.9810161590576172, -0.0033570697996765375, 0.1169421598315239, 0.15466256439685822]
joint_pos=[0.0, -0.0, 19.944000244140625, 0.0, 0.0, 0.0] joint_vel=[0.09000000357627869, -0.0, -0.36000001430511475, 0.0, 0.0, 0.0] imu_ang_vel=[0.013848859816789627, -0.024501830339431763, -0.03195890784263611] imu_quat_wxyz=[0.9811409711837769, -0.002946798224002123, 0.11657311767339706, 0.15415643155574799]
joint_pos=[0.0, -0.0, 19.944000244140625, 0.0, 0.0, 0.0] joint_vel=[0.18000000715255737, -0.18000000715255737, -1.1700000762939453, 0.0, 0.0, 0.0] imu_ang_vel=[0.013848859816789627, -0.024501830339431763, -0.03195890784263611] imu_quat_wxyz=[0.9811409711837769, -0.002946798224002123, 0.11657311767339706, 0.15415643155574799]
motion_test: joint 3 returning to start
joint_pos=[0.0, -0.0, 19.944000244140625, 0.0, 0.0, 0.0] joint_vel=[0.0, -0.0, 0.44999998807907104, 0.0, 0.0, 0.0] imu_ang_vel=[0.015979453921318054, -0.024501830339431763, -0.030893610790371895] imu_quat_wxyz=[0.981259286403656, -0.0024588534142822027, 0.11610595881938934, 0.15376445651054382]
joint_pos=[0.0, -0.0, 19.944000244140625, 0.0, 0.0, 0.0] joint_vel=[-0.09000000357627869, -0.18000000715255737, -0.8999999761581421, 0.0, 0.0, 0.0] imu_ang_vel=[0.015979453921318054, -0.024501830339431763, -0.030893610790371895] imu_quat_wxyz=[0.981259286403656, -0.0024588534142822027, 0.11610595881938934, 0.15376445651054382]
joint_pos=[0.0, -0.0, 19.691999435424805, 0.0, 0.0, 0.0] joint_vel=[0.0, -0.0, -20.700000762939453, 0.0, 0.0, 0.0] imu_ang_vel=[0.017044750973582268, -0.024501830339431763, -0.030893610790371895] imu_quat_wxyz=[0.9813742637634277, -0.0019991088192909956, 0.11567670106887817, 0.15336088836193085]
joint_pos=[0.0, -0.0, 19.152000427246094, 0.0, 0.0, 0.0] joint_vel=[-0.27000001072883606, 0.27000001072883606, -18.810001373291016, 0.0, 0.0, 0.0] imu_ang_vel=[0.017044750973582268, -0.024501830339431763, -0.030893610790371895] imu_quat_wxyz=[0.9813742637634277, -0.0019991088192909956, 0.11567670106887817, 0.15336088836193085]
joint_pos=[0.0, -0.0, 18.827999114990234, 0.0, 0.0, 0.0] joint_vel=[0.0, 0.27000001072883606, -15.210000038146973, 0.0, 0.0, 0.0] imu_ang_vel=[0.017044750973582268, -0.025567125529050827, -0.019175345078110695] imu_quat_wxyz=[0.9814650416374207, -0.0013932825531810522, 0.11538716405630112, 0.15300393104553223]
joint_pos=[0.0, -0.0, 18.43199920654297, 0.0, 0.0, 0.0] joint_vel=[0.0, 0.09000000357627869, -16.200000762939453, 0.0, 0.0, 0.0] imu_ang_vel=[0.017044750973582268, -0.025567125529050827, -0.019175345078110695] imu_quat_wxyz=[0.9814650416374207, -0.0013932825531810522, 0.11538716405630112, 0.15300393104553223]
joint_pos=[0.0, -0.0, 17.963998794555664, 0.0, 0.0, 0.0] joint_vel=[0.0, -0.0, -16.020000457763672, 0.0, 0.0, 0.0] imu_ang_vel=[0.021305939182639122, -0.024501830339431763, -0.02663242258131504] imu_quat_wxyz=[0.9815496206283569, -0.0010962426895275712, 0.1149950623512268, 0.15275853872299194]
joint_pos=[0.0, -0.0, 17.604000091552734, 0.0, 0.0, 0.0] joint_vel=[-0.09000000357627869, -0.0, -20.610000610351562, 0.0, 0.0, 0.0] imu_ang_vel=[0.021305939182639122, -0.024501830339431763, -0.02663242258131504] imu_quat_wxyz=[0.9815496206283569, -0.0010962426895275712, 0.1149950623512268, 0.15275853872299194]
joint_pos=[0.0, -0.0, 17.171998977661133, 0.0, 0.0, 0.0] joint_vel=[-0.09000000357627869, 0.09000000357627869, -30.869998931884766, 0.0, 0.0, 0.0] imu_ang_vel=[0.022371236234903336, -0.022371236234903336, -0.02024064213037491] imu_quat_wxyz=[0.981609046459198, -0.0006074401317164302, 0.11484719067811966, 0.15249007940292358]
joint_pos=[0.0, -0.0, 16.739999771118164, 0.0, 0.0, 0.0] joint_vel=[0.0, -0.18000000715255737, -19.440000534057617, 0.0, 0.0, 0.0] imu_ang_vel=[0.022371236234903336, -0.022371236234903336, -0.02024064213037491] imu_quat_wxyz=[0.981609046459198, -0.0006074401317164302, 0.11484719067811966, 0.15249007940292358]
joint_pos=[0.0, -0.0, 16.416000366210938, 0.0, 0.0, 0.0] joint_vel=[0.0, 0.09000000357627869, -14.670000076293945, 0.0, 0.0, 0.0] imu_ang_vel=[0.022371236234903336, -0.021305939182639122, -0.012783562764525414] imu_quat_wxyz=[0.9816328287124634, -0.00015991910186130553, 0.11474405974149704, 0.1524166613817215]
joint_pos=[0.0, -0.0, 15.983999252319336, 0.0, 0.0, 0.0] joint_vel=[0.0, 0.09000000357627869, -17.549999237060547, 0.0, 0.0, 0.0] imu_ang_vel=[0.022371236234903336, -0.021305939182639122, -0.012783562764525414] imu_quat_wxyz=[0.9816328287124634, -0.00015991910186130553, 0.11474405974149704, 0.1524166613817215]
joint_pos=[0.0, -0.0, 15.58799934387207, 0.0, 0.0, 0.0] joint_vel=[0.27000001072883606, -0.0, -10.619999885559082, 0.0, 0.0, 0.0] imu_ang_vel=[0.02343653328716755, -0.022371236234903336, -0.01811004802584648] imu_quat_wxyz=[0.9816548228263855, 1.483020150772063e-05, 0.11468366533517838, 0.1523197442293167]
joint_pos=[0.0, -0.0, 15.22800064086914, 0.0, 0.0, 0.0] joint_vel=[0.18000000715255737, -0.27000001072883606, -28.71000099182129, 0.0, 0.0, 0.0] imu_ang_vel=[0.02343653328716755, -0.022371236234903336, -0.01811004802584648] imu_quat_wxyz=[0.9816548228263855, 1.483020150772063e-05, 0.11468366533517838, 0.1523197442293167]
joint_pos=[0.0, -0.0, 14.760000228881836, 0.0, 0.0, 0.0] joint_vel=[0.0, -0.0, -29.700000762939453, 0.0, 0.0, 0.0] imu_ang_vel=[0.022371236234903336, -0.02024064213037491, -0.010652969591319561] imu_quat_wxyz=[0.9816663265228271, 0.0002797794295474887, 0.11465198546648026, 0.15226992964744568]
joint_pos=[0.0, -0.0, 14.399999618530273, 0.0, 0.0, 0.0] joint_vel=[0.0, -0.09000000357627869, -12.24000072479248, 0.0, 0.0, 0.0] imu_ang_vel=[0.022371236234903336, -0.02024064213037491, -0.010652969591319561] imu_quat_wxyz=[0.9816663265228271, 0.0002797794295474887, 0.11465198546648026, 0.15226992964744568]
joint_pos=[0.0, -0.0, 14.003999710083008, 0.0, 0.0, 0.0] joint_vel=[0.0, -0.18000000715255737, -21.420000076293945, 0.0, 0.0, 0.0] imu_ang_vel=[0.02024064213037491, -0.017044750973582268, 0.0] imu_quat_wxyz=[0.9816704392433167, 0.0005256534204818308, 0.11452608555555344, 0.15233677625656128]
joint_pos=[0.0, -0.0, 13.572000503540039, 0.0, 0.0, 0.0] joint_vel=[0.18000000715255737, -0.27000001072883606, -16.020000457763672, 0.0, 0.0, 0.0] imu_ang_vel=[0.02024064213037491, -0.017044750973582268, 0.0] imu_quat_wxyz=[0.9816704392433167, 0.0005256534204818308, 0.11452608555555344, 0.15233677625656128]
joint_pos=[0.0, -0.0, 13.176000595092773, 0.0, 0.0, 0.0] joint_vel=[-0.18000000715255737, 0.09000000357627869, -23.849998474121094, 0.0, 0.0, 0.0] imu_ang_vel=[0.01811004802584648, -0.01491415686905384, 0.0] imu_quat_wxyz=[0.9816756248474121, 0.0006686185370199382, 0.11444859206676483, 0.1523612141609192]
joint_pos=[0.0, -0.0, 12.815999984741211, 0.0, 0.0, 0.0] joint_vel=[0.09000000357627869, -0.0, -18.540000915527344, 0.0, 0.0, 0.0] imu_ang_vel=[0.01811004802584648, -0.01491415686905384, 0.0] imu_quat_wxyz=[0.9816756248474121, 0.0006686185370199382, 0.11444859206676483, 0.1523612141609192]
joint_pos=[0.0, -0.0, 12.384000778198242, 0.0, 0.0, 0.0] joint_vel=[0.09000000357627869, 0.18000000715255737, -18.810001373291016, 0.0, 0.0, 0.0] imu_ang_vel=[0.017044750973582268, -0.011718266643583775, 0.0] imu_quat_wxyz=[0.9817069172859192, 0.0006330623291432858, 0.11430178582668304, 0.15226973593235016]
joint_pos=[0.0, -0.0, 12.02400016784668, 0.0, 0.0, 0.0] joint_vel=[0.0, -0.09000000357627869, -14.309999465942383, 0.0, 0.0, 0.0] imu_ang_vel=[0.017044750973582268, -0.011718266643583775, 0.0] imu_quat_wxyz=[0.9817069172859192, 0.0006330623291432858, 0.11430178582668304, 0.15226973593235016]
joint_pos=[0.0, -0.0, 11.592000007629395, 0.0, 0.0, 0.0] joint_vel=[-0.18000000715255737, 0.18000000715255737, -21.420000076293945, 0.0, 0.0, 0.0] imu_ang_vel=[0.012783562764525414, 0.0, 0.0] imu_quat_wxyz=[0.9816997647285461, 0.0005575569230131805, 0.11441556364297867, 0.15223129093647003]
joint_pos=[0.0, -0.0, 11.15999984741211, 0.0, 0.0, 0.0] joint_vel=[-0.18000000715255737, -0.0, -18.360000610351562, 0.0, 0.0, 0.0] imu_ang_vel=[0.012783562764525414, 0.0, 0.0] imu_quat_wxyz=[0.9816997647285461, 0.0005575569230131805, 0.11441556364297867, 0.15223129093647003]
joint_pos=[0.0, -0.0, 10.835999488830566, 0.0, 0.0, 0.0] joint_vel=[-0.18000000715255737, -0.09000000357627869, -15.119999885559082, 0.0, 0.0, 0.0] imu_ang_vel=[0.010652969591319561, 0.0, 0.013848859816789627] imu_quat_wxyz=[0.9816432595252991, 0.0006204365054145455, 0.11454030871391296, 0.152500718832016]
joint_pos=[0.0, -0.0, 10.403999328613281, 0.0, 0.0, 0.0] joint_vel=[0.0, -0.09000000357627869, -15.569999694824219, 0.0, 0.0, 0.0] imu_ang_vel=[0.010652969591319561, 0.0, 0.013848859816789627] imu_quat_wxyz=[0.9816432595252991, 0.0006204365054145455, 0.11454030871391296, 0.152500718832016]
joint_pos=[0.0, -0.0, 9.972000122070312, 0.0, 0.0, 0.0] joint_vel=[0.0, -0.09000000357627869, -15.029999732971191, 0.0, 0.0, 0.0] imu_ang_vel=[0.0, 0.0, 0.015979453921318054] imu_quat_wxyz=[0.9815692901611328, 0.0003007859631907195, 0.11475763469934464, 0.15281423926353455]
joint_pos=[0.0, -0.0, 9.61199951171875, 0.0, 0.0, 0.0] joint_vel=[-0.09000000357627869, -0.0, -23.040000915527344, 0.0, 0.0, 0.0] imu_ang_vel=[0.0, 0.0, 0.015979453921318054] imu_quat_wxyz=[0.9815692901611328, 0.0003007859631907195, 0.11475763469934464, 0.15281423926353455]
joint_pos=[0.0, -0.0, 9.180000305175781, 0.0, 0.0, 0.0] joint_vel=[0.0, -0.0, -28.71000099182129, 0.0, 0.0, 0.0] imu_ang_vel=[0.0, 0.0, 0.019175345078110695] imu_quat_wxyz=[0.9814984798431396, -4.0255672502098605e-06, 0.11490102857351303, 0.15316160023212433]
joint_pos=[0.0, -0.0, 8.748000144958496, 0.0, 0.0, 0.0] joint_vel=[0.09000000357627869, -0.18000000715255737, -24.1200008392334, 0.0, 0.0, 0.0] imu_ang_vel=[0.0, 0.0, 0.019175345078110695] imu_quat_wxyz=[0.9814984798431396, -4.0255672502098605e-06, 0.11490102857351303, 0.15316160023212433]
joint_pos=[0.0, -0.0, 8.423999786376953, 0.0, 0.0, 0.0] joint_vel=[0.0, 0.36000001430511475, -14.489999771118164, 0.0, 0.0, 0.0] imu_ang_vel=[0.0, 0.0, 0.02663242258131504] imu_quat_wxyz=[0.981412410736084, -0.00017400858632754534, 0.11503902077674866, 0.15360833704471588]
joint_pos=[0.0, -0.0, 7.991999626159668, 0.0, 0.0, 0.0] joint_vel=[0.18000000715255737, -0.09000000357627869, -18.18000030517578, 0.0, 0.0, 0.0] imu_ang_vel=[0.0, 0.0, 0.02663242258131504] imu_quat_wxyz=[0.981412410736084, -0.00017400858632754534, 0.11503902077674866, 0.15360833704471588]
joint_pos=[0.0, -0.0, 7.595999717712402, 0.0, 0.0, 0.0] joint_vel=[-0.09000000357627869, -0.0, -12.420000076293945, 0.0, 0.0, 0.0] imu_ang_vel=[0.0, 0.0, 0.024501830339431763] imu_quat_wxyz=[0.9813274145126343, -0.00032966950675472617, 0.11509089171886444, 0.1541113257408142]
joint_pos=[0.0, -0.0, 7.235999584197998, 0.0, 0.0, 0.0] joint_vel=[0.0, 0.18000000715255737, -24.209999084472656, 0.0, 0.0, 0.0] imu_ang_vel=[0.0, 0.0, 0.024501830339431763] imu_quat_wxyz=[0.9813274145126343, -0.00032966950675472617, 0.11509089171886444, 0.1541113257408142]
joint_pos=[0.0, -0.0, 6.73199987411499, 0.0, 0.0, 0.0] joint_vel=[0.09000000357627869, -0.0, -35.54999923706055, 0.0, 0.0, 0.0] imu_ang_vel=[0.0, 0.0, 0.02663242258131504] imu_quat_wxyz=[0.9812321066856384, -0.0004700155113823712, 0.11511222273111343, 0.15470121800899506]
joint_pos=[0.0, -0.0, 6.4079999923706055, 0.0, 0.0, 0.0] joint_vel=[0.0, 0.27000001072883606, -12.329999923706055, 0.0, 0.0, 0.0] imu_ang_vel=[0.0, 0.0, 0.02663242258131504] imu_quat_wxyz=[0.9812321066856384, -0.0004700155113823712, 0.11511222273111343, 0.15470121800899506]
joint_pos=[0.0, -0.0, 6.01200008392334, 0.0, 0.0, 0.0] joint_vel=[0.0, -0.09000000357627869, -19.440000534057617, 0.0, 0.0, 0.0] imu_ang_vel=[0.0, 0.010652969591319561, 0.028763016685843468] imu_quat_wxyz=[0.9811305403709412, -0.0006364414002746344, 0.11524748802185059, 0.15524284541606903]
joint_pos=[0.0, -0.0, 5.579999923706055, 0.0, 0.0, 0.0] joint_vel=[0.0, 0.27000001072883606, -16.649999618530273, 0.0, 0.0, 0.0] imu_ang_vel=[0.0, 0.010652969591319561, 0.028763016685843468] imu_quat_wxyz=[0.9811305403709412, -0.0006364414002746344, 0.11524748802185059, 0.15524284541606903]
joint_pos=[0.0, -0.0, 5.184000015258789, 0.0, 0.0, 0.0] joint_vel=[0.0, -0.0, -23.489999771118164, 0.0, 0.0, 0.0] imu_ang_vel=[-0.010652969591319561, 0.011718266643583775, 0.027697719633579254] imu_quat_wxyz=[0.9810335040092468, -0.0009844984160736203, 0.11548803746700287, 0.15567539632320404]
joint_pos=[0.0, -0.0, 4.823999881744385, 0.0, 0.0, 0.0] joint_vel=[0.0, -0.0, -17.46000099182129, 0.0, 0.0, 0.0] imu_ang_vel=[-0.010652969591319561, 0.011718266643583775, 0.027697719633579254] imu_quat_wxyz=[0.9810335040092468, -0.0009844984160736203, 0.11548803746700287, 0.15567539632320404]
joint_pos=[0.0, -0.0, 4.3919997215271, 0.0, 0.0, 0.0] joint_vel=[0.0, -0.09000000357627869, -20.06999969482422, 0.0, 0.0, 0.0] imu_ang_vel=[-0.010652969591319561, 0.011718266643583775, 0.02663242258131504] imu_quat_wxyz=[0.9809185862541199, -0.001439620042219758, 0.1157892495393753, 0.156171515583992]
joint_pos=[0.0, -0.0, 4.0320000648498535, 0.0, 0.0, 0.0] joint_vel=[0.0, -0.0, -12.510000228881836, 0.0, 0.0, 0.0] imu_ang_vel=[-0.010652969591319561, 0.011718266643583775, 0.02663242258131504] imu_quat_wxyz=[0.9809185862541199, -0.001439620042219758, 0.1157892495393753, 0.156171515583992]
joint_pos=[0.0, -0.0, 3.5999999046325684, 0.0, 0.0, 0.0] joint_vel=[0.0, 0.18000000715255737, -21.690000534057617, 0.0, 0.0, 0.0] imu_ang_vel=[-0.013848859816789627, 0.012783562764525414, 0.027697719633579254] imu_quat_wxyz=[0.980838418006897, -0.0017687585204839706, 0.11599940806627274, 0.15651549398899078]
joint_pos=[0.0, -0.0, 3.1679999828338623, 0.0, 0.0, 0.0] joint_vel=[0.09000000357627869, 0.18000000715255737, -20.520000457763672, 0.0, 0.0, 0.0] imu_ang_vel=[-0.013848859816789627, 0.012783562764525414, 0.027697719633579254] imu_quat_wxyz=[0.980838418006897, -0.0017687585204839706, 0.11599940806627274, 0.15651549398899078]
joint_pos=[0.0, -0.0, 2.807999849319458, 0.0, 0.0, 0.0] joint_vel=[0.0, -0.09000000357627869, -17.100000381469727, 0.0, 0.0, 0.0] imu_ang_vel=[-0.013848859816789627, 0.010652969591319561, 0.02343653328716755] imu_quat_wxyz=[0.9807513952255249, -0.0021934998221695423, 0.11625328660011292, 0.15686653554439545]
joint_pos=[0.0, -0.0, 2.4119999408721924, 0.0, 0.0, 0.0] joint_vel=[0.0, -0.0, -15.480000495910645, 0.0, 0.0, 0.0] imu_ang_vel=[-0.013848859816789627, 0.010652969591319561, 0.02343653328716755] imu_quat_wxyz=[0.9807513952255249, -0.0021934998221695423, 0.11625328660011292, 0.15686653554439545]
joint_pos=[0.0, -0.0, 1.9800000190734863, 0.0, 0.0, 0.0] joint_vel=[0.0, -0.18000000715255737, -17.549999237060547, 0.0, 0.0, 0.0] imu_ang_vel=[-0.012783562764525414, 0.0, 0.017044750973582268] imu_quat_wxyz=[0.9806971549987793, -0.0025861139874905348, 0.11634797602891922, 0.1571286916732788]
joint_pos=[0.0, -0.0, 1.5839999914169312, 0.0, 0.0, 0.0] joint_vel=[0.0, -0.0, -15.480000495910645, 0.0, 0.0, 0.0] imu_ang_vel=[-0.012783562764525414, 0.0, 0.017044750973582268] imu_quat_wxyz=[0.9806971549987793, -0.0025861139874905348, 0.11634797602891922, 0.1571286916732788]
joint_pos=[0.0, -0.0, 1.2239999771118164, 0.0, 0.0, 0.0] joint_vel=[0.0, -0.0, -29.42999839782715, 0.0, 0.0, 0.0] imu_ang_vel=[-0.013848859816789627, 0.0, 0.015979453921318054] imu_quat_wxyz=[0.9806739687919617, -0.002944470150396228, 0.11636944115161896, 0.15725189447402954]
joint_pos=[0.0, -0.0, 0.7559999823570251, 0.0, 0.0, 0.0] joint_vel=[0.0, 0.09000000357627869, -36.0, 0.0, 0.0, 0.0] imu_ang_vel=[-0.013848859816789627, 0.0, 0.015979453921318054] imu_quat_wxyz=[0.9806739687919617, -0.002944470150396228, 0.11636944115161896, 0.15725189447402954]
joint_pos=[0.0, -0.0, 0.3959999978542328, 0.0, 0.0, 0.0] joint_vel=[0.0, 0.09000000357627869, -12.15000057220459, 0.0, 0.0, 0.0] imu_ang_vel=[-0.011718266643583775, 0.0, 0.010652969591319561] imu_quat_wxyz=[0.9806716442108154, -0.0033627485390752554, 0.11640465259552002, 0.15723124146461487]
joint_pos=[0.0, -0.0, 0.035999998450279236, 0.0, 0.0, 0.0] joint_vel=[0.0, 0.09000000357627869, -21.420000076293945, 0.0, 0.0, 0.0] imu_ang_vel=[-0.011718266643583775, 0.0, 0.010652969591319561] imu_quat_wxyz=[0.9806716442108154, -0.0033627485390752554, 0.11640465259552002, 0.15723124146461487]
joint_pos=[0.0, -0.0, -0.035999998450279236, 0.0, 0.0, 0.0] joint_vel=[0.0, -0.09000000357627869, 6.03000020980835, 0.0, 0.0, 0.0] imu_ang_vel=[0.0, 0.0, 0.0] imu_quat_wxyz=[0.9806774854660034, -0.0035168002359569073, 0.11639592051506042, 0.15719819068908691]
joint_pos=[0.0, -0.0, -0.0, 0.0, 0.0, 0.0] joint_vel=[0.0, -0.18000000715255737, -0.44999998807907104, 0.0, 0.0, 0.0] imu_ang_vel=[0.0, 0.0, 0.0] imu_quat_wxyz=[0.9806774854660034, -0.0035168002359569073, 0.11639592051506042, 0.15719819068908691]
joint_pos=[0.0, -0.0, -0.0, 0.0, 0.0, 0.0] joint_vel=[0.0, -0.09000000357627869, -0.0, 0.0, 0.0, 0.0] imu_ang_vel=[0.0, 0.0, 0.0] imu_quat_wxyz=[0.980683445930481, -0.0037398559506982565, 0.11642471700906754, 0.1571345329284668]
joint_pos=[0.0, -0.0, -0.0, 0.0, 0.0, 0.0] joint_vel=[0.09000000357627869, 0.18000000715255737, -0.0, 0.0, 0.0, 0.0] imu_ang_vel=[0.0, 0.0, 0.0] imu_quat_wxyz=[0.980683445930481, -0.0037398559506982565, 0.11642471700906754, 0.1571345329284668]
joint_pos=[0.0, -0.0, -0.0, 0.0, 0.0, 0.0] joint_vel=[-0.09000000357627869, -0.0, 0.18000000715255737, 0.0, 0.0, 0.0] imu_ang_vel=[0.0, 0.0, 0.0] imu_quat_wxyz=[0.9806674718856812, -0.0036715560127049685, 0.11673872172832489, 0.15700241923332214]
joint_pos=[0.0, -0.0, -0.0, 0.0, 0.0, 0.0] joint_vel=[0.0, -0.0, -0.18000000715255737, 0.0, 0.0, 0.0] imu_ang_vel=[0.0, 0.0, 0.0] imu_quat_wxyz=[0.9806674718856812, -0.0036715560127049685, 0.11673872172832489, 0.15700241923332214]
joint_pos=[0.0, -0.0, -0.0, 0.0, 0.0, 0.0] joint_vel=[0.18000000715255737, -0.0, 0.27000001072883606, 0.0, 0.0, 0.0] imu_ang_vel=[0.0, 0.0, -0.011718266643583775] imu_quat_wxyz=[0.9806742072105408, -0.003734706435352564, 0.11695892363786697, 0.15679483115673065]
joint_pos=[0.0, -0.0, -0.0, 0.0, 0.0, 0.0] joint_vel=[0.09000000357627869, -0.09000000357627869, 0.18000000715255737, 0.0, 0.0, 0.0] imu_ang_vel=[0.0, 0.0, -0.011718266643583775] imu_quat_wxyz=[0.9806742072105408, -0.003734706435352564, 0.11695892363786697, 0.15679483115673065]
joint_pos=[0.0, -0.0, -0.0, 0.0, 0.0, 0.0] joint_vel=[0.0, -0.0, -0.0, 0.0, 0.0, 0.0] imu_ang_vel=[0.0, 0.0, -0.013848859816789627] imu_quat_wxyz=[0.9807234406471252, -0.0037449358496814966, 0.11708202213048935, 0.15639401972293854]
joint_pos=[0.0, -0.0, -0.0, 0.0, 0.0, 0.0] joint_vel=[-0.18000000715255737, -0.0, -0.0, 0.0, 0.0, 0.0] imu_ang_vel=[0.0, 0.0, -0.013848859816789627] imu_quat_wxyz=[0.9807234406471252, -0.0037449358496814966, 0.11708202213048935, 0.15639401972293854]
joint_pos=[0.0, -0.0, -0.0, 0.0, 0.0, 0.0] joint_vel=[-0.27000001072883606, 0.09000000357627869, -0.0, 0.0, 0.0, 0.0] imu_ang_vel=[0.0, 0.0, -0.017044750973582268] imu_quat_wxyz=[0.9807947874069214, -0.003749628085643053, 0.11704838275909424, 0.15597175061702728]
joint_pos=[0.0, -0.0, -0.0, 0.0, 0.0, 0.0] joint_vel=[0.0, 0.09000000357627869, -0.0, 0.0, 0.0, 0.0] imu_ang_vel=[0.0, 0.0, -0.017044750973582268] imu_quat_wxyz=[0.9807947874069214, -0.003749628085643053, 0.11704838275909424, 0.15597175061702728]
joint_pos=[0.0, -0.0, -0.0, 0.0, 0.0, 0.0] joint_vel=[0.0, -0.0, -0.0, 0.0, 0.0, 0.0] imu_ang_vel=[0.0, 0.0, -0.019175345078110695] imu_quat_wxyz=[0.9808753728866577, -0.0036912451032549143, 0.11699128895998001, 0.1555083692073822]
joint_pos=[0.0, -0.0, -0.0, 0.0, 0.0, 0.0] joint_vel=[0.0, 0.09000000357627869, -0.0, 0.0, 0.0, 0.0] imu_ang_vel=[0.0, 0.0, -0.019175345078110695] imu_quat_wxyz=[0.9808753728866577, -0.0036912451032549143, 0.11699128895998001, 0.1555083692073822]
joint_pos=[0.0, -0.0, -0.0, 0.0, 0.0, 0.0] joint_vel=[-0.09000000357627869, -0.0, 0.27000001072883606, 0.0, 0.0, 0.0] imu_ang_vel=[0.0, -0.011718266643583775, -0.021305939182639122] imu_quat_wxyz=[0.980958104133606, -0.0035559721291065216, 0.11677775532007217, 0.15514971315860748]
joint_pos=[0.0, -0.0, -0.0, 0.0, 0.0, 0.0] joint_vel=[0.09000000357627869, -0.09000000357627869, 0.09000000357627869, 0.0, 0.0, 0.0] imu_ang_vel=[0.0, -0.011718266643583775, -0.021305939182639122] imu_quat_wxyz=[0.980958104133606, -0.0035559721291065216, 0.11677775532007217, 0.15514971315860748]
joint_pos=[0.0, -0.0, -0.0, 0.0, 0.0, 0.0] joint_vel=[0.0, -0.0, -0.09000000357627869, 0.0, 0.0, 0.0] imu_ang_vel=[0.011718266643583775, -0.013848859816789627, -0.022371236234903336] imu_quat_wxyz=[0.9810386896133423, -0.003193504177033901, 0.11660726368427277, 0.15477564930915833]
joint_pos=[0.0, -0.0, -0.0, 0.0, 0.0, 0.0] joint_vel=[-0.09000000357627869, -0.0, -0.09000000357627869, 0.0, 0.0, 0.0] imu_ang_vel=[0.011718266643583775, -0.013848859816789627, -0.022371236234903336] imu_quat_wxyz=[0.9810386896133423, -0.003193504177033901, 0.11660726368427277, 0.15477564930915833]
joint_pos=[0.0, -0.0, -0.0, 0.0, 0.0, 0.0] joint_vel=[0.0, -0.0, -0.0, 0.0, 0.0, 0.0] imu_ang_vel=[0.013848859816789627, -0.017044750973582268, -0.02343653328716755] imu_quat_wxyz=[0.9811065793037415, -0.00275949714705348, 0.1164008304476738, 0.15450875461101532]
joint_pos=[0.0, -0.0, -0.0, 0.0, 0.0, 0.0] joint_vel=[0.18000000715255737, 0.09000000357627869, -0.09000000357627869, 0.0, 0.0, 0.0] imu_ang_vel=[0.013848859816789627, -0.017044750973582268, -0.02343653328716755] imu_quat_wxyz=[0.9811065793037415, -0.00275949714705348, 0.1164008304476738, 0.15450875461101532]
joint_pos=[0.0, -0.0, -0.0, 0.0, 0.0, 0.0] joint_vel=[0.0, -0.0, -0.18000000715255737, 0.0, 0.0, 0.0] imu_ang_vel=[0.017044750973582268, -0.019175345078110695, -0.024501830339431763] imu_quat_wxyz=[0.9811791181564331, -0.0023739561438560486, 0.1162656620144844, 0.15415571630001068]
joint_pos=[0.0, -0.0, -0.0, 0.0, 0.0, 0.0] joint_vel=[0.0, 0.27000001072883606, -0.09000000357627869, 0.0, 0.0, 0.0] imu_ang_vel=[0.017044750973582268, -0.019175345078110695, -0.024501830339431763] imu_quat_wxyz=[0.9811791181564331, -0.0023739561438560486, 0.1162656620144844, 0.15415571630001068]
joint_pos=[0.0, -0.0, -0.0, 0.0, 0.0, 0.0] joint_vel=[0.0, 0.18000000715255737, 0.18000000715255737, 0.0, 0.0, 0.0] imu_ang_vel=[0.019175345078110695, -0.022371236234903336, -0.02343653328716755] imu_quat_wxyz=[0.9812612533569336, -0.001996679464355111, 0.11607418954372406, 0.15378236770629883]
motion_test: joint 4 -> 20.000 deg
joint_pos=[0.0, -0.0, -0.0, 0.0, 0.0, 0.0] joint_vel=[0.0, -0.18000000715255737, 0.18000000715255737, 0.0, 0.0, 0.0] imu_ang_vel=[0.019175345078110695, -0.022371236234903336, -0.02343653328716755] imu_quat_wxyz=[0.9812612533569336, -0.001996679464355111, 0.11607418954372406, 0.15378236770629883]
joint_pos=[0.0, -0.0, -0.0, 0.0, 0.0, 0.0] joint_vel=[-0.09000000357627869, -0.0, 0.18000000715255737, 0.0, 0.0, 0.0] imu_ang_vel=[0.021305939182639122, -0.024501830339431763, -0.021305939182639122] imu_quat_wxyz=[0.9813498854637146, -0.001626991550438106, 0.11583595722913742, 0.15340080857276917]
joint_pos=[0.0, -0.0, -0.0, 0.0, 0.0, 0.0] joint_vel=[0.18000000715255737, -0.0, 0.44999998807907104, 0.0, 0.0, 0.0] imu_ang_vel=[0.021305939182639122, -0.024501830339431763, -0.021305939182639122] imu_quat_wxyz=[0.9813498854637146, -0.001626991550438106, 0.11583595722913742, 0.15340080857276917]
joint_pos=[0.0, -0.0, -0.0, 0.0, 0.0, 0.0] joint_vel=[0.0, -0.0, -0.0, 0.0, 0.0, 0.0] imu_ang_vel=[0.021305939182639122, -0.024501830339431763, -0.02024064213037491] imu_quat_wxyz=[0.981447160243988, -0.0012247045524418354, 0.11553061753511429, 0.1530115157365799]
joint_pos=[0.0, -0.0, -0.0, 0.0, 0.0, 0.0] joint_vel=[0.0, -0.0, -0.0, 0.0, 0.0, 0.0] imu_ang_vel=[0.021305939182639122, -0.024501830339431763, -0.02024064213037491] imu_quat_wxyz=[0.981447160243988, -0.0012247045524418354, 0.11553061753511429, 0.1530115157365799]
joint_pos=[0.0, -0.0, -0.0, 0.0, 0.0, 0.0] joint_vel=[0.0, -0.09000000357627869, -0.0, 0.0, 0.0, 0.0] imu_ang_vel=[0.021305939182639122, -0.024501830339431763, -0.01811004802584648] imu_quat_wxyz=[0.9815383553504944, -0.0008620633161626756, 0.11520864069461823, 0.15267138183116913]
joint_pos=[0.0, -0.0, -0.0, 0.0, 0.0, 0.0] joint_vel=[0.0, -0.09000000357627869, 0.18000000715255737, 0.0, 0.0, 0.0] imu_ang_vel=[0.021305939182639122, -0.024501830339431763, -0.01811004802584648] imu_quat_wxyz=[0.9815383553504944, -0.0008620633161626756, 0.11520864069461823, 0.15267138183116913]
joint_pos=[0.0, -0.0, -0.0, 0.0, 0.0, 0.0] joint_vel=[0.0, -0.0, -0.09000000357627869, 0.0, 0.0, 0.0] imu_ang_vel=[0.021305939182639122, -0.022371236234903336, -0.015979453921318054] imu_quat_wxyz=[0.9816152453422546, -0.0006080259336158633, 0.11494790762662888, 0.152374729514122]
joint_pos=[0.0, -0.0, -0.0, 0.0, 0.0, 0.0] joint_vel=[-0.09000000357627869, -0.0, -0.09000000357627869, 0.0, 0.0, 0.0] imu_ang_vel=[0.021305939182639122, -0.022371236234903336, -0.015979453921318054] imu_quat_wxyz=[0.9816152453422546, -0.0006080259336158633, 0.11494790762662888, 0.152374729514122]
joint_pos=[0.0, -0.0, -0.0, 0.0, 0.0, 0.0] joint_vel=[0.0, 0.09000000357627869, 0.18000000715255737, 0.0, 0.0, 0.0] imu_ang_vel=[0.021305939182639122, -0.021305939182639122, -0.012783562764525414] imu_quat_wxyz=[0.9816822409629822, -0.0003517450822982937, 0.11475223302841187, 0.15209144353866577]
joint_pos=[0.0, -0.0, -0.0, 0.0, 0.0, 0.0] joint_vel=[0.09000000357627869, -0.0, -0.0, 0.0, 0.0, 0.0] imu_ang_vel=[0.021305939182639122, -0.021305939182639122, -0.012783562764525414] imu_quat_wxyz=[0.9816822409629822, -0.0003517450822982937, 0.11475223302841187, 0.15209144353866577]
joint_pos=[0.0, -0.0, -0.0, 0.0, 0.0, 0.0] joint_vel=[0.0, 0.09000000357627869, -0.0, 0.0, 0.0, 0.0] imu_ang_vel=[0.02024064213037491, -0.02024064213037491, 0.0] imu_quat_wxyz=[0.9817099571228027, -0.00013203578419052064, 0.11463947594165802, 0.15199770033359528]
joint_pos=[0.0, -0.0, -0.0, 0.0, 0.0, 0.0] joint_vel=[0.18000000715255737, -0.0, 0.27000001072883606, 0.0, 0.0, 0.0] imu_ang_vel=[0.02024064213037491, -0.02024064213037491, 0.0] imu_quat_wxyz=[0.9817099571228027, -0.00013203578419052064, 0.11463947594165802, 0.15199770033359528]
joint_pos=[0.0, -0.0, -0.0, 0.0, 0.0, 0.0] joint_vel=[0.18000000715255737, -0.18000000715255737, 0.09000000357627869, 0.0, 0.0, 0.0] imu_ang_vel=[0.019175345078110695, -0.019175345078110695, 0.0] imu_quat_wxyz=[0.9817160964012146, 8.432371396338567e-05, 0.11457151174545288, 0.15200869739055634]
joint_pos=[0.0, -0.0, -0.0, 0.0, 0.0, 0.0] joint_vel=[0.0, -0.0, -0.0, 0.0, 0.0, 0.0] imu_ang_vel=[0.019175345078110695, -0.019175345078110695, 0.0] imu_quat_wxyz=[0.9817160964012146, 8.432371396338567e-05, 0.11457151174545288, 0.15200869739055634]
joint_pos=[0.0, -0.0, -0.0, 0.0, 0.0, 0.0] joint_vel=[0.0, -0.27000001072883606, 0.09000000357627869, 0.0, 0.0, 0.0] imu_ang_vel=[0.01811004802584648, -0.01811004802584648, 0.0] imu_quat_wxyz=[0.9817187190055847, 0.0001739979925332591, 0.11456487327814102, 0.15199705958366394]
joint_pos=[0.0, -0.0, -0.0, 0.0, 0.0, 0.0] joint_vel=[0.0, -0.0, -0.0, 0.0, 0.0, 0.0] imu_ang_vel=[0.01811004802584648, -0.01811004802584648, 0.0] imu_quat_wxyz=[0.9817187190055847, 0.0001739979925332591, 0.11456487327814102, 0.15199705958366394]
joint_pos=[0.0, -0.0, -0.0, 0.0, 0.0, 0.0] joint_vel=[0.0, 0.27000001072883606, 0.09000000357627869, 0.0, 0.0, 0.0] imu_ang_vel=[0.01491415686905384, -0.015979453921318054, 0.0] imu_quat_wxyz=[0.9817317128181458, 0.0002828066935762763, 0.11447122693061829, 0.1519840508699417]
joint_pos=[0.0, -0.0, -0.0, 0.0, 0.0, 0.0] joint_vel=[0.0, -0.0, -0.0, 0.0, 0.0, 0.0] imu_ang_vel=[0.01491415686905384, -0.015979453921318054, 0.0] imu_quat_wxyz=[0.9817317128181458, 0.0002828066935762763, 0.11447122693061829, 0.1519840508699417]
joint_pos=[0.0, -0.0, -0.0, 0.0, 0.0, 0.0] joint_vel=[0.0, 0.09000000357627869, -0.0, 0.0, 0.0, 0.0] imu_ang_vel=[0.012783562764525414, -0.013848859816789627, 0.0] imu_quat_wxyz=[0.9817455410957336, 0.00028276280499994755, 0.1143813356757164, 0.15196172893047333]
joint_pos=[0.0, -0.0, -0.0, 0.0, 0.0, 0.0] joint_vel=[0.0, -0.0, -0.0, 0.0, 0.0, 0.0] imu_ang_vel=[0.012783562764525414, -0.013848859816789627, 0.0] imu_quat_wxyz=[0.9817455410957336, 0.00028276280499994755, 0.1143813356757164, 0.15196172893047333]
joint_pos=[0.0, -0.0, -0.0, 0.0, 0.0, 0.0] joint_vel=[0.0, -0.0, -0.0, 0.0, 0.0, 0.0] imu_ang_vel=[0.0, 0.0, 0.0] imu_quat_wxyz=[0.9817586541175842, 0.0001205501685035415, 0.11435844749212265, 0.15189462900161743]
joint_pos=[0.0, -0.0, -0.0, 0.0, 0.0, 0.0] joint_vel=[0.0, 0.18000000715255737, 0.18000000715255737, 0.0, 0.0, 0.0] imu_ang_vel=[0.0, 0.0, 0.0] imu_quat_wxyz=[0.9817586541175842, 0.0001205501685035415, 0.11435844749212265, 0.15189462900161743]
joint_pos=[0.0, -0.0, -0.0, 0.0, 0.0, 0.0] joint_vel=[-0.09000000357627869, -0.09000000357627869, 0.18000000715255737, 0.0, 0.0, 0.0] imu_ang_vel=[0.0, 0.0, 0.0] imu_quat_wxyz=[0.9817463159561157, -0.00011836341582238674, 0.11445192247629166, 0.15190382301807404]
joint_pos=[0.0, -0.0, -0.0, 0.0, 0.0, 0.0] joint_vel=[0.0, -0.0, -0.09000000357627869, 0.0, 0.0, 0.0] imu_ang_vel=[0.0, 0.0, 0.0] imu_quat_wxyz=[0.9817463159561157, -0.00011836341582238674, 0.11445192247629166, 0.15190382301807404]
joint_pos=[0.0, -0.0, -0.0, 0.0, 0.0, 0.0] joint_vel=[0.0, 0.09000000357627869, 0.36000001430511475, 0.0, 0.0, 0.0] imu_ang_vel=[0.0, 0.0, 0.0] imu_quat_wxyz=[0.981727659702301, -0.00022341521980706602, 0.11456294357776642, 0.1519412398338318]
joint_pos=[0.0, -0.0, -0.0, 0.0, 0.0, 0.0] joint_vel=[0.0, -0.0, -0.0, 0.0, 0.0, 0.0] imu_ang_vel=[0.0, 0.0, 0.0] imu_quat_wxyz=[0.981727659702301, -0.00022341521980706602, 0.11456294357776642, 0.1519412398338318]
joint_pos=[0.0, -0.0, -0.0, 0.0, 0.0, 0.0] joint_vel=[0.0, -0.0, -0.0, 0.0, 0.0, 0.0] imu_ang_vel=[0.0, 0.0, 0.0] imu_quat_wxyz=[0.9817009568214417, -0.00039870248292572796, 0.11466673016548157, 0.15203499794006348]
joint_pos=[0.0, -0.0, -0.0, 0.0, 0.0, 0.0] joint_vel=[0.0, -0.0, -0.0, 0.0, 0.0, 0.0] imu_ang_vel=[0.0, 0.0, 0.0] imu_quat_wxyz=[0.9817009568214417, -0.00039870248292572796, 0.11466673016548157, 0.15203499794006348]
joint_pos=[0.0, -0.0, -0.0, 0.0, 0.0, 0.0] joint_vel=[0.0, -0.0, 0.09000000357627869, 0.0, 0.0, 0.0] imu_ang_vel=[0.0, 0.0, 0.010652969591319561] imu_quat_wxyz=[0.9816374182701111, -0.00047255997196771204, 0.11477699875831604, 0.15236063301563263]
joint_pos=[0.0, -0.0, -0.0, 0.0, 0.0, 0.0] joint_vel=[0.0, 0.09000000357627869, -0.0, 0.0, 0.0, 0.0] imu_ang_vel=[0.0, 0.0, 0.010652969591319561] imu_quat_wxyz=[0.9816374182701111, -0.00047255997196771204, 0.11477699875831604, 0.15236063301563263]
joint_pos=[0.0, -0.0, -0.0, 0.0, 0.0, 0.0] joint_vel=[0.18000000715255737, -0.09000000357627869, 0.09000000357627869, 0.0, 0.0, 0.0] imu_ang_vel=[0.0, 0.0, 0.011718266643583775] imu_quat_wxyz=[0.9815772771835327, -0.0005460049142129719, 0.11488167196512222, 0.15266896784305573]
joint_pos=[0.0, -0.0, -0.0, 0.0, 0.0, 0.0] joint_vel=[0.0, -0.0, -0.09000000357627869, 0.0, 0.0, 0.0] imu_ang_vel=[0.0, 0.0, 0.011718266643583775] imu_quat_wxyz=[0.9815772771835327, -0.0005460049142129719, 0.11488167196512222, 0.15266896784305573]
joint_pos=[0.0, -0.0, -0.0, 0.0, 0.0, 0.0] joint_vel=[0.0, -0.0, -0.0, 0.0, 0.0, 0.0] imu_ang_vel=[0.0, 0.0, 0.010652969591319561] imu_quat_wxyz=[0.9815323948860168, -0.0006950099486857653, 0.11497557163238525, 0.15288643538951874]
joint_pos=[0.0, -0.0, -0.0, 0.0, 0.0, 0.0] joint_vel=[-0.09000000357627869, -0.0, -0.09000000357627869, 0.0, 0.0, 0.0] imu_ang_vel=[0.0, 0.0, 0.010652969591319561] imu_quat_wxyz=[0.9815323948860168, -0.0006950099486857653, 0.11497557163238525, 0.15288643538951874]
joint_pos=[0.0, -0.0, -0.0, 0.0, 0.0, 0.0] joint_vel=[-0.09000000357627869, -0.0, -0.0, 0.0, 0.0, 0.0] imu_ang_vel=[0.0, 0.0, 0.011718266643583775] imu_quat_wxyz=[0.9814887642860413, -0.0007741369190625846, 0.11504727602005005, 0.15311193466186523]
joint_pos=[0.0, -0.0, -0.0, 0.0, 0.0, 0.0] joint_vel=[0.0, 0.18000000715255737, -0.0, 0.0, 0.0, 0.0] imu_ang_vel=[0.0, 0.0, 0.011718266643583775] imu_quat_wxyz=[0.9814887642860413, -0.0007741369190625846, 0.11504727602005005, 0.15311193466186523]
joint_pos=[0.0, -0.0, -0.0, 0.0, 0.0, 0.0] joint_vel=[-0.18000000715255737, -0.0, -0.09000000357627869, 0.0, 0.0, 0.0] imu_ang_vel=[0.0, 0.011718266643583775, 0.010652969591319561] imu_quat_wxyz=[0.9814325571060181, -0.0009468630305491388, 0.11528570204973221, 0.15329177677631378]
joint_pos=[0.0, -0.0, -0.0, 0.0, 0.0, 0.0] joint_vel=[0.27000001072883606, 0.18000000715255737, -0.09000000357627869, 0.0, 0.0, 0.0] imu_ang_vel=[0.0, 0.011718266643583775, 0.010652969591319561] imu_quat_wxyz=[0.9814325571060181, -0.0009468630305491388, 0.11528570204973221, 0.15329177677631378]
joint_pos=[0.0, -0.0, -0.0, 0.0, 0.0, 0.0] joint_vel=[0.18000000715255737, -0.0, 0.27000001072883606, 0.0, 0.0, 0.0] imu_ang_vel=[-0.010652969591319561, 0.012783562764525414, 0.010652969591319561] imu_quat_wxyz=[0.9813529849052429, -0.001160549814812839, 0.11554078757762909, 0.1536068618297577]
joint_pos=[0.0, -0.0, -0.0, 0.0, 0.0, 0.0] joint_vel=[0.09000000357627869, -0.0, -0.0, 0.0, 0.0, 0.0] imu_ang_vel=[-0.010652969591319561, 0.012783562764525414, 0.010652969591319561] imu_quat_wxyz=[0.9813529849052429, -0.001160549814812839, 0.11554078757762909, 0.1536068618297577]
joint_pos=[0.0, -0.0, -0.0, 0.0, 0.0, 0.0] joint_vel=[-0.09000000357627869, 0.18000000715255737, -0.0, 0.0, 0.0, 0.0] imu_ang_vel=[-0.010652969591319561, 0.012783562764525414, 0.0] imu_quat_wxyz=[0.9812852740287781, -0.0013284845044836402, 0.11581791192293167, 0.15382951498031616]
joint_pos=[0.0, -0.0, -0.0, 0.0, 0.0, 0.0] joint_vel=[0.0, -0.09000000357627869, -0.0, 0.0, 0.0, 0.0] imu_ang_vel=[-0.010652969591319561, 0.012783562764525414, 0.0] imu_quat_wxyz=[0.9812852740287781, -0.0013284845044836402, 0.11581791192293167, 0.15382951498031616]
joint_pos=[0.0, -0.0, -0.0, 0.0, 0.0, 0.0] joint_vel=[-0.09000000357627869, -0.0, 0.18000000715255737, 0.0, 0.0, 0.0] imu_ang_vel=[-0.010652969591319561, 0.012783562764525414, 0.0] imu_quat_wxyz=[0.9812323451042175, -0.0016526824329048395, 0.1160849928855896, 0.1539626121520996]
joint_pos=[0.0, -0.0, -0.0, 0.0, 0.0, 0.0] joint_vel=[0.0, -0.27000001072883606, -0.0, 0.0, 0.0, 0.0] imu_ang_vel=[-0.010652969591319561, 0.012783562764525414, 0.0] imu_quat_wxyz=[0.9812323451042175, -0.0016526824329048395, 0.1160849928855896, 0.1539626121520996]
joint_pos=[0.0, -0.0, -0.0, 0.0, 0.0, 0.0] joint_vel=[0.0, 0.18000000715255737, -0.0, 0.0, 0.0, 0.0] imu_ang_vel=[0.0, 0.011718266643583775, 0.0] imu_quat_wxyz=[0.9811879992485046, -0.0018739384831860662, 0.11637091636657715, 0.1540268063545227]
joint_pos=[0.0, -0.0, -0.0, 0.0, 0.0, 0.0] joint_vel=[0.0, -0.0, 0.18000000715255737, 0.0, 0.0, 0.0] imu_ang_vel=[0.0, 0.011718266643583775, 0.0] imu_quat_wxyz=[0.9811879992485046, -0.0018739384831860662, 0.11637091636657715, 0.1540268063545227]
joint_pos=[0.0, -0.0, -0.0, 0.0, 0.0, 0.0] joint_vel=[-0.18000000715255737, 0.18000000715255737, -0.0, 0.0, 0.0, 0.0] imu_ang_vel=[0.0, 0.0, 0.0] imu_quat_wxyz=[0.9811504483222961, -0.0019557131454348564, 0.11657159775495529, 0.1541132777929306]
joint_pos=[0.0, -0.0, -0.0, 0.0, 0.0, 0.0] joint_vel=[0.0, -0.0, -0.09000000357627869, 0.0, 0.0, 0.0] imu_ang_vel=[0.0, 0.0, 0.0] imu_quat_wxyz=[0.9811504483222961, -0.0019557131454348564, 0.11657159775495529, 0.1541132777929306]
joint_pos=[0.0, -0.0, -0.0, 0.0, 0.0, 0.0] joint_vel=[-0.09000000357627869, -0.0, -0.09000000357627869, 0.0, 0.0, 0.0] imu_ang_vel=[0.0, 0.0, 0.0] imu_quat_wxyz=[0.9811319708824158, -0.001926562050357461, 0.1165786162018776, 0.1542261242866516]
joint_pos=[0.0, -0.0, -0.0, 0.0, 0.0, 0.0] joint_vel=[0.09000000357627869, 0.18000000715255737, 0.09000000357627869, 0.0, 0.0, 0.0] imu_ang_vel=[0.0, 0.0, 0.0] imu_quat_wxyz=[0.9811319708824158, -0.001926562050357461, 0.1165786162018776, 0.1542261242866516]
joint_pos=[0.0, -0.0, -0.0, 0.0, 0.0, 0.0] joint_vel=[0.0, 0.18000000715255737, -0.09000000357627869, 0.0, 0.0, 0.0] imu_ang_vel=[0.0, 0.0, 0.0] imu_quat_wxyz=[0.9811227917671204, -0.0019211232429370284, 0.11655661463737488, 0.15430103242397308]
joint_pos=[0.0, -0.0, -0.0, 0.0, 0.0, 0.0] joint_vel=[0.0, -0.36000001430511475, -0.09000000357627869, 0.0, 0.0, 0.0] imu_ang_vel=[0.0, 0.0, 0.0] imu_quat_wxyz=[0.9811227917671204, -0.0019211232429370284, 0.11655661463737488, 0.15430103242397308]
joint_pos=[0.0, -0.0, -0.0, 0.0, 0.0, 0.0] joint_vel=[0.18000000715255737, -0.0, 0.09000000357627869, 0.0, 0.0, 0.0] imu_ang_vel=[0.0, 0.0, 0.0] imu_quat_wxyz=[0.981107771396637, -0.0019672939088195562, 0.11654496937990189, 0.15440432727336884]
joint_pos=[0.0, -0.0, -0.0, 0.0, 0.0, 0.0] joint_vel=[-0.09000000357627869, 0.09000000357627869, -0.0, 0.0, 0.0, 0.0] imu_ang_vel=[0.0, 0.0, 0.0] imu_quat_wxyz=[0.981107771396637, -0.0019672939088195562, 0.11654496937990189, 0.15440432727336884]
joint_pos=[0.0, -0.0, -0.0, 0.0, 0.0, 0.0] joint_vel=[-0.09000000357627869, -0.0, -0.09000000357627869, 0.0, 0.0, 0.0] imu_ang_vel=[0.0, 0.0, 0.0] imu_quat_wxyz=[0.9810917377471924, -0.0021231251303106546, 0.11662330478429794, 0.15444594621658325]
joint_pos=[0.0, -0.0, -0.0, 0.0, 0.0, 0.0] joint_vel=[0.27000001072883606, 0.27000001072883606, -0.09000000357627869, 0.0, 0.0, 0.0] imu_ang_vel=[0.0, 0.0, 0.0] imu_quat_wxyz=[0.9810917377471924, -0.0021231251303106546, 0.11662330478429794, 0.15444594621658325]
joint_pos=[0.0, -0.0, -0.0, 0.0, 0.0, 0.0] joint_vel=[-0.09000000357627869, 0.09000000357627869, 0.36000001430511475, 0.0, 0.0, 0.0] imu_ang_vel=[0.0, 0.0, 0.0] imu_quat_wxyz=[0.9810795187950134, -0.002266047988086939, 0.11676017194986343, 0.1544172763824463]
joint_pos=[0.0, -0.0, -0.0, 0.0, 0.0, 0.0] joint_vel=[0.0, -0.0, -0.18000000715255737, 0.0, 0.0, 0.0] imu_ang_vel=[0.0, 0.0, 0.0] imu_quat_wxyz=[0.9810795187950134, -0.002266047988086939, 0.11676017194986343, 0.1544172763824463]
joint_pos=[0.0, -0.0, -0.0, 0.0, 0.0, 0.0] joint_vel=[-0.18000000715255737, 0.36000001430511475, -0.0, 0.0, 0.0, 0.0] imu_ang_vel=[0.0, 0.0, 0.0] imu_quat_wxyz=[0.981069028377533, -0.002419813070446253, 0.11689314246177673, 0.15438175201416016]
joint_pos=[0.0, -0.0, -0.0, 0.0, 0.0, 0.0] joint_vel=[0.0, -0.0, -0.0, 0.0, 0.0, 0.0] imu_ang_vel=[0.0, 0.0, 0.0] imu_quat_wxyz=[0.981069028377533, -0.002419813070446253, 0.11689314246177673, 0.15438175201416016]
joint_pos=[0.0, -0.0, -0.0, 0.0, 0.0, 0.0] joint_vel=[-0.09000000357627869, 0.44999998807907104, -0.0, 0.0, 0.0, 0.0] imu_ang_vel=[0.0, 0.0, 0.0] imu_quat_wxyz=[0.9810529947280884, -0.0024384926073253155, 0.11703421920537949, 0.15437664091587067]
joint_pos=[0.0, -0.0, -0.0, 0.0, 0.0, 0.0] joint_vel=[0.0, -0.09000000357627869, -0.18000000715255737, 0.0, 0.0, 0.0] imu_ang_vel=[0.0, 0.0, 0.0] imu_quat_wxyz=[0.9810529947280884, -0.0024384926073253155, 0.11703421920537949, 0.15437664091587067]
joint_pos=[0.0, -0.0, -0.0, 0.0, 0.0, 0.0] joint_vel=[0.0, -0.0, -0.0, 0.0, 0.0, 0.0] imu_ang_vel=[0.0, -0.010652969591319561, 0.0] imu_quat_wxyz=[0.9810574054718018, -0.002467754064127803, 0.11698398739099503, 0.15438556671142578]
joint_pos=[0.0, -0.0, -0.0, 0.0, 0.0, 0.0] joint_vel=[0.0, -0.09000000357627869, -0.0, 0.0, 0.0, 0.0] imu_ang_vel=[0.0, -0.010652969591319561, 0.0] imu_quat_wxyz=[0.9810574054718018, -0.002467754064127803, 0.11698398739099503, 0.15438556671142578]
joint_pos=[0.0, -0.0, -0.0, 0.0, 0.0, 0.0] joint_vel=[0.0, 0.18000000715255737, -0.0, 0.0, 0.0, 0.0] imu_ang_vel=[0.010652969591319561, -0.012783562764525414, 0.0] imu_quat_wxyz=[0.9810782670974731, -0.002518331864848733, 0.11678910255432129, 0.15439991652965546]
joint_pos=[0.0, -0.0, -0.0, 0.0, 0.0, 0.0] joint_vel=[0.0, -0.0, -0.09000000357627869, 0.0, 0.0, 0.0] imu_ang_vel=[0.010652969591319561, -0.012783562764525414, 0.0] imu_quat_wxyz=[0.9810782670974731, -0.002518331864848733, 0.11678910255432129, 0.15439991652965546]
joint_pos=[0.0, -0.0, -0.0, 0.0, 0.0, 0.0] joint_vel=[0.0, -0.0, -0.0, 0.0, 0.0, 0.0] imu_ang_vel=[0.012783562764525414, -0.01491415686905384, -0.010652969591319561] imu_quat_wxyz=[0.9811200499534607, -0.0023266507778316736, 0.11653865873813629, 0.1543264389038086]
joint_pos=[0.0, -0.0, -0.0, 0.0, 0.0, 0.0] joint_vel=[0.09000000357627869, -0.0, -0.0, 0.0, 0.0, 0.0] imu_ang_vel=[0.012783562764525414, -0.01491415686905384, -0.010652969591319561] imu_quat_wxyz=[0.9811200499534607, -0.0023266507778316736, 0.11653865873813629, 0.1543264389038086]
joint_pos=[0.0, -0.0, -0.0, 0.0, 0.0, 0.0] joint_vel=[0.0, -0.09000000357627869, 0.09000000357627869, 0.0, 0.0, 0.0] imu_ang_vel=[0.013848859816789627, -0.01811004802584648, -0.013848859816789627] imu_quat_wxyz=[0.9812052845954895, -0.002123358193784952, 0.11624525487422943, 0.15400832891464233]
joint_pos=[0.0, -0.0, -0.0, 0.0, 0.0, 0.0] joint_vel=[0.0, 0.18000000715255737, -0.09000000357627869, 0.0, 0.0, 0.0] imu_ang_vel=[0.013848859816789627, -0.01811004802584648, -0.013848859816789627] imu_quat_wxyz=[0.9812052845954895, -0.002123358193784952, 0.11624525487422943, 0.15400832891464233]
joint_pos=[0.0, -0.0, -0.0, 0.0, 0.0, 0.0] joint_vel=[0.0, -0.0, -0.18000000715255737, 0.0, 0.0, 0.0] imu_ang_vel=[0.01491415686905384, -0.02024064213037491, -0.017044750973582268] imu_quat_wxyz=[0.9813055396080017, -0.002020889660343528, 0.11600135266780853, 0.15355436503887177]
joint_pos=[0.0, -0.0, -0.0, 0.0, 0.0, 0.0] joint_vel=[0.0, -0.0, -0.0, 0.0, 0.0, 0.0] imu_ang_vel=[0.01491415686905384, -0.02024064213037491, -0.017044750973582268] imu_quat_wxyz=[0.9813055396080017, -0.002020889660343528, 0.11600135266780853, 0.15355436503887177]
joint_pos=[0.0, -0.0, -0.0, 0.0, 0.0, 0.0] joint_vel=[0.0, 0.09000000357627869, -0.0, 0.0, 0.0, 0.0] imu_ang_vel=[0.01811004802584648, -0.02024064213037491, -0.019175345078110695] imu_quat_wxyz=[0.9814113974571228, -0.0019322705920785666, 0.11578656733036041, 0.15304040908813477]
joint_pos=[0.0, -0.0, -0.0, 0.0, 0.0, 0.0] joint_vel=[0.0, -0.09000000357627869, -0.27000001072883606, 0.0, 0.0, 0.0] imu_ang_vel=[0.01811004802584648, -0.02024064213037491, -0.019175345078110695] imu_quat_wxyz=[0.9814113974571228, -0.0019322705920785666, 0.11578656733036041, 0.15304040908813477]
joint_pos=[0.0, -0.0, -0.0, 0.0, 0.0, 0.0] joint_vel=[0.0, -0.09000000357627869, -0.09000000357627869, 0.0, 0.0, 0.0] imu_ang_vel=[0.02024064213037491, -0.022371236234903336, -0.02343653328716755] imu_quat_wxyz=[0.9815071225166321, -0.0016940772766247392, 0.11554205417633057, 0.1526135504245758]
motion_test: joint 4 returning to start
joint_pos=[0.0, -0.0, -0.0, 0.0, 0.0, 0.0] joint_vel=[0.0, -0.18000000715255737, 0.18000000715255737, 0.0, 0.0, 0.0] imu_ang_vel=[0.02024064213037491, -0.022371236234903336, -0.02343653328716755] imu_quat_wxyz=[0.9815071225166321, -0.0016940772766247392, 0.11554205417633057, 0.1526135504245758]
joint_pos=[0.0, -0.0, -0.0, 0.0, 0.0, 0.0] joint_vel=[0.0, -0.0, 0.09000000357627869, 0.0, 0.0, 0.0] imu_ang_vel=[0.022371236234903336, -0.02343653328716755, -0.027697719633579254] imu_quat_wxyz=[0.9815942645072937, -0.001384918810799718, 0.11528744548559189, 0.15224860608577728]
joint_pos=[0.0, -0.0, -0.0, 0.0, 0.0, 0.0] joint_vel=[0.0, -0.0, 0.18000000715255737, 0.0, 0.0, 0.0] imu_ang_vel=[0.022371236234903336, -0.02343653328716755, -0.027697719633579254] imu_quat_wxyz=[0.9815942645072937, -0.001384918810799718, 0.11528744548559189, 0.15224860608577728]
joint_pos=[0.0, -0.0, -0.0, 0.0, 0.0, 0.0] joint_vel=[0.0, -0.0, -0.18000000715255737, 0.0, 0.0, 0.0] imu_ang_vel=[0.02343653328716755, -0.024501830339431763, -0.030893610790371895] imu_quat_wxyz=[0.981687605381012, -0.0010337436106055975, 0.11506710201501846, 0.151815265417099]
joint_pos=[0.0, -0.0, -0.0, 0.0, 0.0, 0.0] joint_vel=[0.0, -0.09000000357627869, 0.18000000715255737, 0.0, 0.0, 0.0] imu_ang_vel=[0.02343653328716755, -0.024501830339431763, -0.030893610790371895] imu_quat_wxyz=[0.981687605381012, -0.0010337436106055975, 0.11506710201501846, 0.151815265417099]
joint_pos=[0.0, -0.0, -0.0, 0.0, 0.0, 0.0] joint_vel=[0.0, -0.27000001072883606, 0.09000000357627869, 0.0, 0.0, 0.0] imu_ang_vel=[0.01811004802584648, -0.030893610790371895, -0.027697719633579254] imu_quat_wxyz=[0.9817718863487244, -0.0008314773440361023, 0.11491233855485916, 0.15138760209083557]
joint_pos=[0.0, -0.0, -0.0, 0.0, 0.0, 0.0] joint_vel=[0.0, -0.09000000357627869, 0.27000001072883606, 0.0, 0.0, 0.0] imu_ang_vel=[0.01811004802584648, -0.030893610790371895, -0.027697719633579254] imu_quat_wxyz=[0.9817718863487244, -0.0008314773440361023, 0.11491233855485916, 0.15138760209083557]
joint_pos=[0.0, -0.0, -0.0, 0.0, 0.0, 0.0] joint_vel=[-0.09000000357627869, 0.27000001072883606, -0.0, 0.0, 0.0, 0.0] imu_ang_vel=[-0.012783562764525414, -0.1608598381280899, -0.11505206674337387] imu_quat_wxyz=[0.9824197292327881, -0.0014669790398329496, 0.11078934371471405, 0.15024948120117188]
joint_pos=[0.0, -0.0, -0.0, 0.0, 0.0, 0.0] joint_vel=[0.0, -0.0, -0.27000001072883606, 0.0, 0.0, 0.0] imu_ang_vel=[-0.012783562764525414, -0.1608598381280899, -0.11505206674337387] imu_quat_wxyz=[0.9824197292327881, -0.0014669790398329496, 0.11078934371471405, 0.15024948120117188]
joint_pos=[0.0, -0.0, -0.0, 0.0, 0.0, 0.0] joint_vel=[0.0, -0.18000000715255737, -0.0, 0.0, 0.0, 0.0] imu_ang_vel=[0.0, -0.017044750973582268, 0.012783562764525414] imu_quat_wxyz=[0.9823861122131348, -0.0013391745742410421, 0.11156880110502243, 0.14989307522773743]
joint_pos=[0.0, -0.0, -0.0, 0.0, 0.0, 0.0] joint_vel=[0.0, -0.09000000357627869, 0.09000000357627869, 0.0, 0.0, 0.0] imu_ang_vel=[0.0, -0.017044750973582268, 0.012783562764525414] imu_quat_wxyz=[0.9823861122131348, -0.0013391745742410421, 0.11156880110502243, 0.14989307522773743]
joint_pos=[0.0, -0.0, -0.0, 0.0, 0.0, 0.0] joint_vel=[0.0, 0.09000000357627869, 0.09000000357627869, 0.0, 0.0, 0.0] imu_ang_vel=[0.0, -0.025567125529050827, 0.03835069015622139] imu_quat_wxyz=[0.9823064208030701, -0.0016251282067969441, 0.11091896891593933, 0.15089228749275208]
joint_pos=[0.0, -0.0, -0.0, 0.0, 0.0, 0.0] joint_vel=[0.09000000357627869, -0.0, -0.0, 0.0, 0.0, 0.0] imu_ang_vel=[0.0, -0.025567125529050827, 0.03835069015622139] imu_quat_wxyz=[0.9823064208030701, -0.0016251282067969441, 0.11091896891593933, 0.15089228749275208]
joint_pos=[0.0, -0.0, -0.0, 0.0, 0.0, 0.0] joint_vel=[0.0, -0.09000000357627869, 0.09000000357627869, 0.0, 0.0, 0.0] imu_ang_vel=[0.0, -0.013848859816789627, 0.04474247246980667] imu_quat_wxyz=[0.9822129607200623, -0.001085219089873135, 0.11016573011875153, 0.1520523726940155]
joint_pos=[0.0, -0.0, -0.0, 0.0, 0.0, 0.0] joint_vel=[0.0, -0.0, -0.09000000357627869, 0.0, 0.0, 0.0] imu_ang_vel=[0.0, -0.013848859816789627, 0.04474247246980667] imu_quat_wxyz=[0.9822129607200623, -0.001085219089873135, 0.11016573011875153, 0.1520523726940155]
joint_pos=[0.0, -0.0, -0.0, 0.0, 0.0, 0.0] joint_vel=[-0.09000000357627869, 0.36000001430511475, -0.09000000357627869, 0.0, 0.0, 0.0] imu_ang_vel=[-0.012783562764525414, 0.0, 0.04048128426074982] imu_quat_wxyz=[0.9820922613143921, -0.0012271030573174357, 0.10991979390382767, 0.15300580859184265]
joint_pos=[0.0, -0.0, -0.0, 0.0, 0.0, 0.0] joint_vel=[0.0, -0.18000000715255737, -0.0, 0.0, 0.0, 0.0] imu_ang_vel=[-0.012783562764525414, 0.0, 0.04048128426074982] imu_quat_wxyz=[0.9820922613143921, -0.0012271030573174357, 0.10991979390382767, 0.15300580859184265]
joint_pos=[0.0, -0.0, -0.0, 0.0, 0.0, 0.0] joint_vel=[0.09000000357627869, -0.27000001072883606, -0.18000000715255737, 0.0, 0.0, 0.0] imu_ang_vel=[0.0, 0.0, 0.02343653328716755] imu_quat_wxyz=[0.9819954037666321, -0.0020090939942747355, 0.1101328656077385, 0.15346574783325195]
joint_pos=[0.0, -0.0, -0.0, 0.0, 0.0, 0.0] joint_vel=[0.0, -0.0, 0.09000000357627869, 0.0, 0.0, 0.0] imu_ang_vel=[0.0, 0.0, 0.02343653328716755] imu_quat_wxyz=[0.9819954037666321, -0.0020090939942747355, 0.1101328656077385, 0.15346574783325195]
joint_pos=[0.0, -0.0, -0.0, 0.0, 0.0, 0.0] joint_vel=[0.0, -0.0, -0.09000000357627869, 0.0, 0.0, 0.0] imu_ang_vel=[0.0, 0.0, 0.02024064213037491] imu_quat_wxyz=[0.9819095730781555, -0.0034949220716953278, 0.11046714335680008, 0.15374808013439178]
joint_pos=[0.0, -0.0, -0.0, 0.0, 0.0, 0.0] joint_vel=[0.0, -0.0, -0.36000001430511475, 0.0, 0.0, 0.0] imu_ang_vel=[0.0, 0.0, 0.02024064213037491] imu_quat_wxyz=[0.9819095730781555, -0.0034949220716953278, 0.11046714335680008, 0.15374808013439178]
joint_pos=[0.0, -0.0, -0.0, 0.0, 0.0, 0.0] joint_vel=[0.09000000357627869, -0.0, 0.18000000715255737, 0.0, 0.0, 0.0] imu_ang_vel=[0.0, 0.0, 0.010652969591319561] imu_quat_wxyz=[0.9818257689476013, -0.004602611064910889, 0.11076086759567261, 0.15404213964939117]
joint_pos=[0.0, -0.0, -0.0, 0.0, 0.0, 0.0] joint_vel=[-0.18000000715255737, -0.09000000357627869, 0.09000000357627869, 0.0, 0.0, 0.0] imu_ang_vel=[0.0, 0.0, 0.010652969591319561] imu_quat_wxyz=[0.9818257689476013, -0.004602611064910889, 0.11076086759567261, 0.15404213964939117]
joint_pos=[0.0, -0.0, -0.0, 0.0, 0.0, 0.0] joint_vel=[0.09000000357627869, -0.0, 0.27000001072883606, 0.0, 0.0, 0.0] imu_ang_vel=[-0.028763016685843468, -0.011718266643583775, 0.027697719633579254] imu_quat_wxyz=[0.9816213250160217, -0.005428667645901442, 0.11179409921169281, 0.15457087755203247]
joint_pos=[0.0, -0.0, -0.0, 0.0, 0.0, 0.0] joint_vel=[0.0, 0.09000000357627869, -0.0, 0.0, 0.0, 0.0] imu_ang_vel=[-0.028763016685843468, -0.011718266643583775, 0.027697719633579254] imu_quat_wxyz=[0.9816213250160217, -0.005428667645901442, 0.11179409921169281, 0.15457087755203247]
joint_pos=[0.0, -0.0, -0.0, 0.0, 0.0, 0.0] joint_vel=[0.0, -0.18000000715255737, -0.0, 0.0, 0.0, 0.0] imu_ang_vel=[-0.03835069015622139, -0.01811004802584648, 0.04793836176395416] imu_quat_wxyz=[0.9814590215682983, -0.00732419453561306, 0.1120888739824295, 0.1553076058626175]
joint_pos=[0.0, -0.0, -0.0, 0.0, 0.0, 0.0] joint_vel=[0.0, -0.0, -0.0, 0.0, 0.0, 0.0] imu_ang_vel=[-0.03835069015622139, -0.01811004802584648, 0.04793836176395416] imu_quat_wxyz=[0.9814590215682983, -0.00732419453561306, 0.1120888739824295, 0.1553076058626175]
joint_pos=[0.0, -0.0, -0.0, 0.0, 0.0, 0.0] joint_vel=[0.09000000357627869, 0.27000001072883606, 0.09000000357627869, 0.0, 0.0, 0.0] imu_ang_vel=[-0.045807767659425735, -0.019175345078110695, 0.028763016685843468] imu_quat_wxyz=[0.9813493490219116, -0.006054634694010019, 0.1112716794013977, 0.15663757920265198]
joint_pos=[0.0, -0.0, -0.0, 0.0, 0.0, 0.0] joint_vel=[0.27000001072883606, -0.0, -0.0, 0.0, 0.0, 0.0] imu_ang_vel=[-0.045807767659425735, -0.019175345078110695, 0.028763016685843468] imu_quat_wxyz=[0.9813493490219116, -0.006054634694010019, 0.1112716794013977, 0.15663757920265198]
joint_pos=[0.0, -0.0, -0.0, 0.0, 0.0, 0.0] joint_vel=[-0.7200000286102295, 0.09000000357627869, -0.09000000357627869, 0.0, 0.0, 0.0] imu_ang_vel=[-0.03195890784263611, -0.042611878365278244, -0.07670138031244278] imu_quat_wxyz=[0.9816750884056091, -0.0061109913513064384, 0.10927922278642654, 0.1559956818819046]
joint_pos=[0.0, -0.0, -0.0, 0.0, 0.0, 0.0] joint_vel=[0.0, -0.27000001072883606, -0.09000000357627869, 0.0, 0.0, 0.0] imu_ang_vel=[-0.03195890784263611, -0.042611878365278244, -0.07670138031244278] imu_quat_wxyz=[0.9816750884056091, -0.0061109913513064384, 0.10927922278642654, 0.1559956818819046]
joint_pos=[-0.035999998450279236, -0.0, -0.0, 0.0, 0.0, 0.0] joint_vel=[-2.880000114440918, 0.09000000357627869, -0.0, 0.0, 0.0, 0.0] imu_ang_vel=[0.010652969591319561, -0.09161553531885147, -0.13209682703018188] imu_quat_wxyz=[0.9819817543029785, -0.008860426023602486, 0.10852530598640442, 0.1544525921344757]
joint_pos=[0.0, -0.0, -0.0, 0.0, 0.0, 0.0] joint_vel=[0.0, 0.18000000715255737, -0.0, 0.0, 0.0, 0.0] imu_ang_vel=[0.010652969591319561, -0.09161553531885147, -0.13209682703018188] imu_quat_wxyz=[0.9819817543029785, -0.008860426023602486, 0.10852530598640442, 0.1544525921344757]
joint_pos=[0.0, -0.0, -0.0, 0.0, 0.0, 0.0] joint_vel=[-0.44999998807907104, -0.0, -0.18000000715255737, 0.0, 0.0, 0.0] imu_ang_vel=[0.022371236234903336, -0.09268083423376083, -0.1257050335407257] imu_quat_wxyz=[0.9818059206008911, -0.0033567931968718767, 0.10681046545505524, 0.1569625735282898]
joint_pos=[0.0, -0.0, -0.0, 0.0, 0.0, 0.0] joint_vel=[0.09000000357627869, -0.0, 0.09000000357627869, 0.0, 0.0, 0.0] imu_ang_vel=[0.022371236234903336, -0.09268083423376083, -0.1257050335407257] imu_quat_wxyz=[0.9818059206008911, -0.0033567931968718767, 0.10681046545505524, 0.1569625735282898]
joint_pos=[0.0, -0.0, -0.0, 0.0, 0.0, 0.0] joint_vel=[-0.8999999761581421, 0.27000001072883606, -0.0, 0.0, 0.0, 0.0] imu_ang_vel=[-0.030893610790371895, -0.06924430280923843, 0.08096256852149963] imu_quat_wxyz=[0.9808976054191589, 0.01487717218697071, 0.09722303599119186, 0.16782791912555695]
joint_pos=[0.0, -0.0, -0.0, 0.0, 0.0, 0.0] joint_vel=[1.619999885559082, -0.0, -0.0, 0.0, 0.0, 0.0] imu_ang_vel=[-0.030893610790371895, -0.06924430280923843, 0.08096256852149963] imu_quat_wxyz=[0.9808976054191589, 0.01487717218697071, 0.09722303599119186, 0.16782791912555695]
joint_pos=[0.0, -0.0, -0.0, 0.0, 0.0, 0.0] joint_vel=[-2.3400001525878906, -0.18000000715255737, -0.09000000357627869, 0.0, 0.0, 0.0] imu_ang_vel=[-0.09268083423376083, 0.017044750973582268, 0.26525893807411194] imu_quat_wxyz=[0.9792563915252686, 0.03646286204457283, 0.04947055131196976, 0.19308021664619446]
joint_pos=[0.0, -0.0, -0.0, 0.0, 0.0, 0.0] joint_vel=[0.09000000357627869, -0.18000000715255737, 0.09000000357627869, 0.0, 0.0, 0.0] imu_ang_vel=[-0.09268083423376083, 0.017044750973582268, 0.26525893807411194] imu_quat_wxyz=[0.9792563915252686, 0.03646286204457283, 0.04947055131196976, 0.19308021664619446]
joint_pos=[0.0, -0.0, -0.0, 0.0, 0.0, 0.0] joint_vel=[1.1700000762939453, -0.0, 0.09000000357627869, 0.0, 0.0, 0.0] imu_ang_vel=[-0.12783563137054443, 0.11185617744922638, 0.3749845325946808] imu_quat_wxyz=[0.9661476016044617, 0.05177675560116768, 0.000707422208506614, 0.25273987650871277]
joint_pos=[0.0, -0.0, -0.0, 0.0, 0.0, 0.0] joint_vel=[0.44999998807907104, 0.18000000715255737, -0.18000000715255737, 0.0, 0.0, 0.0] imu_ang_vel=[-0.12783563137054443, 0.11185617744922638, 0.3749845325946808] imu_quat_wxyz=[0.9661476016044617, 0.05177675560116768, 0.000707422208506614, 0.25273987650871277]
joint_pos=[0.0, -0.0, -0.0, 0.0, 0.0, 0.0] joint_vel=[0.0, 0.09000000357627869, -0.09000000357627869, 0.0, 0.0, 0.0] imu_ang_vel=[-0.14488038420677185, 0.14168448746204376, 0.42931467294692993] imu_quat_wxyz=[0.9622608423233032, 0.03147989884018898, 0.025787003338336945, 0.26906898617744446]
joint_pos=[0.0, -0.0, -0.0, 0.0, 0.0, 0.0] joint_vel=[0.0, -0.0, -0.0, 0.0, 0.0, 0.0] imu_ang_vel=[-0.14488038420677185, 0.14168448746204376, 0.42931467294692993] imu_quat_wxyz=[0.9622608423233032, 0.03147989884018898, 0.025787003338336945, 0.26906898617744446]
joint_pos=[0.0, -0.0, -0.0, 0.0, 0.0, 0.0] joint_vel=[0.0, -0.09000000357627869, -0.0, 0.0, 0.0, 0.0] imu_ang_vel=[-0.15553335845470428, 0.19494934380054474, 0.40268224477767944] imu_quat_wxyz=[0.9593843817710876, 0.026456942781805992, 0.03238264098763466, 0.27898547053337097]
joint_pos=[0.0, -0.0, -0.0, 0.0, 0.0, 0.0] joint_vel=[0.0, 0.18000000715255737, -0.18000000715255737, 0.0, 0.0, 0.0] imu_ang_vel=[-0.15553335845470428, 0.19494934380054474, 0.40268224477767944] imu_quat_wxyz=[0.9593843817710876, 0.026456942781805992, 0.03238264098763466, 0.27898547053337097]
joint_pos=[0.0, -0.0, -0.0, 0.0, 0.0, 0.0] joint_vel=[0.0, -0.0, -0.27000001072883606, 0.0, 0.0, 0.0] imu_ang_vel=[-0.1257050335407257, 0.20666760206222534, 0.2982831299304962] imu_quat_wxyz=[0.9494973421096802, 0.039152901619672775, 0.0006919865263625979, 0.3113219141960144]
joint_pos=[0.0, -0.0, -0.0, 0.0, 0.0, 0.0] joint_vel=[0.0, -0.09000000357627869, -0.27000001072883606, 0.0, 0.0, 0.0] imu_ang_vel=[-0.1257050335407257, 0.20666760206222534, 0.2982831299304962] imu_quat_wxyz=[0.9494973421096802, 0.039152901619672775, 0.0006919865263625979, 0.3113219141960144]
joint_pos=[0.0, -0.0, -0.0, 0.0, 0.0, 0.0] joint_vel=[0.0, -0.0, 0.09000000357627869, 0.0, 0.0, 0.0] imu_ang_vel=[-0.06178722158074379, 0.11292147636413574, 0.1139867752790451] imu_quat_wxyz=[0.9310570955276489, 0.0278327614068985, 0.010107224807143211, 0.36366981267929077]
joint_pos=[0.0, -0.0, -0.0, 0.0, 0.0, 0.0] joint_vel=[0.18000000715255737, -0.0, -0.0, 0.0, 0.0, 0.0] imu_ang_vel=[-0.06178722158074379, 0.11292147636413574, 0.1139867752790451] imu_quat_wxyz=[0.9310570955276489, 0.0278327614068985, 0.010107224807143211, 0.36366981267929077]
joint_pos=[0.0, -0.0, -0.0, 0.0, 0.0, 0.0] joint_vel=[0.0, -0.0, -0.18000000715255737, 0.0, 0.0, 0.0] imu_ang_vel=[0.0, 0.13103152811527252, -0.04474247246980667] imu_quat_wxyz=[0.9440656304359436, 0.032458897680044174, 0.029710130766034126, 0.326808363199234]
joint_pos=[0.0, -0.0, -0.0, 0.0, 0.0, 0.0] joint_vel=[-0.09000000357627869, 0.27000001072883606, -0.18000000715255737, 0.0, 0.0, 0.0] imu_ang_vel=[0.0, 0.13103152811527252, -0.04474247246980667] imu_quat_wxyz=[0.9440656304359436, 0.032458897680044174, 0.029710130766034126, 0.326808363199234]
joint_pos=[0.0, -0.0, -0.0, 0.0, 0.0, 0.0] joint_vel=[0.0, 0.09000000357627869, -0.0, 0.0, 0.0, 0.0] imu_ang_vel=[0.019175345078110695, 0.08735434710979462, -0.09694202244281769] imu_quat_wxyz=[0.9468139410018921, 0.021457236260175705, 0.04421986639499664, 0.3180057108402252]
joint_pos=[0.0, -0.0, -0.0, 0.0, 0.0, 0.0] joint_vel=[0.09000000357627869, 0.09000000357627869, -0.18000000715255737, 0.0, 0.0, 0.0] imu_ang_vel=[0.019175345078110695, 0.08735434710979462, -0.09694202244281769] imu_quat_wxyz=[0.9468139410018921, 0.021457236260175705, 0.04421986639499664, 0.3180057108402252]
joint_pos=[0.0, -0.0, -0.0, 0.0, 0.0, 0.0] joint_vel=[0.0, -0.0, -0.0, 0.0, 0.0, 0.0] imu_ang_vel=[0.02024064213037491, 0.08628904819488525, -0.09907261282205582] imu_quat_wxyz=[0.9416836500167847, 0.03454511985182762, 0.016806000843644142, 0.3342992961406708]
joint_pos=[0.0, -0.0, -0.0, 0.0, 0.0, 0.0] joint_vel=[0.18000000715255737, -0.0, -0.0, 0.0, 0.0, 0.0] imu_ang_vel=[0.02024064213037491, 0.08628904819488525, -0.09907261282205582] imu_quat_wxyz=[0.9416836500167847, 0.03454511985182762, 0.016806000843644142, 0.3342992961406708]
joint_pos=[0.0, -0.0, -0.0, 0.0, 0.0, 0.0] joint_vel=[0.09000000357627869, 0.09000000357627869, 0.09000000357627869, 0.0, 0.0, 0.0] imu_ang_vel=[0.060721926391124725, 0.12463974207639694, -0.14701098203659058] imu_quat_wxyz=[0.9254673719406128, 0.04704936966300011, -0.02727954275906086, 0.37490320205688477]
joint_pos=[0.0, -0.0, -0.0, 0.0, 0.0, 0.0] joint_vel=[0.18000000715255737, -0.0, -0.18000000715255737, 0.0, 0.0, 0.0] imu_ang_vel=[0.060721926391124725, 0.12463974207639694, -0.14701098203659058] imu_quat_wxyz=[0.9254673719406128, 0.04704936966300011, -0.02727954275906086, 0.37490320205688477]
joint_pos=[0.0, -0.0, -0.0, 0.0, 0.0, 0.0] joint_vel=[-1.350000023841858, -0.18000000715255737, -0.09000000357627869, 0.0, 0.0, 0.0] imu_ang_vel=[0.164055734872818, 0.02982831373810768, -0.32385027408599854] imu_quat_wxyz=[0.893688976764679, 0.047974150627851486, -0.02937750332057476, 0.44514644145965576]
joint_pos=[0.0, -0.0, -0.0, 0.0, 0.0, 0.0] joint_vel=[-0.36000001430511475, -0.0, 0.27000001072883606, 0.0, 0.0, 0.0] imu_ang_vel=[0.164055734872818, 0.02982831373810768, -0.32385027408599854] imu_quat_wxyz=[0.893688976764679, 0.047974150627851486, -0.02937750332057476, 0.44514644145965576]
joint_pos=[0.0, -0.0, -0.0, 0.0, 0.0, 0.0] joint_vel=[0.27000001072883606, -0.09000000357627869, -0.0, 0.0, 0.0, 0.0] imu_ang_vel=[0.1139867752790451, 0.24927948415279388, -0.3771151006221771] imu_quat_wxyz=[0.8894181847572327, 0.020423103123903275, 0.03261836990714073, 0.455471396446228]
joint_pos=[0.0, -0.0, -0.0, 0.0, 0.0, 0.0] joint_vel=[-0.36000001430511475, 0.09000000357627869, 0.27000001072883606, 0.0, 0.0, 0.0] imu_ang_vel=[0.1139867752790451, 0.24927948415279388, -0.3771151006221771] imu_quat_wxyz=[0.8894181847572327, 0.020423103123903275, 0.03261836990714073, 0.455471396446228]
joint_pos=[0.0, -0.0, -0.0, 0.0, 0.0, 0.0] joint_vel=[0.0, -0.09000000357627869, -0.0, 0.0, 0.0, 0.0] imu_ang_vel=[0.16512101888656616, 0.02663242258131504, -0.49642837047576904] imu_quat_wxyz=[0.8918571472167969, 0.002740177558735013, 0.05728888511657715, 0.44866612553596497]
joint_pos=[0.0, -0.0, -0.0, 0.0, 0.0, 0.0] joint_vel=[-6.300000190734863, -0.0, -0.0, 0.0, 0.0, 0.0] imu_ang_vel=[0.16512101888656616, 0.02663242258131504, -0.49642837047576904] imu_quat_wxyz=[0.8918571472167969, 0.002740177558735013, 0.05728888511657715, 0.44866612553596497]
joint_pos=[0.0, -0.0, -0.0, 0.0, 0.0, 0.0] joint_vel=[-0.7200000286102295, -0.27000001072883606, -0.0, 0.0, 0.0, 0.0] imu_ang_vel=[0.23862650990486145, 0.0, -0.6636800169944763] imu_quat_wxyz=[0.8633780479431152, -0.019226131960749626, 0.08086444437503815, 0.4976641535758972]
joint_pos=[-0.035999998450279236, -0.0, -0.0, 0.0, 0.0, 0.0] joint_vel=[0.36000001430511475, -0.0, 0.09000000357627869, 0.0, 0.0, 0.0] imu_ang_vel=[0.23862650990486145, 0.0, -0.6636800169944763] imu_quat_wxyz=[0.8633780479431152, -0.019226131960749626, 0.08086444437503815, 0.4976641535758972]
joint_pos=[-0.035999998450279236, -0.0, -0.0, 0.0, 0.0, 0.0] joint_vel=[0.36000001430511475, -0.18000000715255737, -0.27000001072883606, 0.0, 0.0, 0.0] imu_ang_vel=[0.2194511741399765, -0.1608598381280899, -0.6359822750091553] imu_quat_wxyz=[0.8494704961776733, -0.0076285675168037415, 0.04266129434108734, 0.5258532166481018]
joint_pos=[-0.035999998450279236, -0.0, -0.0, 0.0, 0.0, 0.0] joint_vel=[0.36000001430511475, -0.09000000357627869, 0.09000000357627869, 0.0, 0.0, 0.0] imu_ang_vel=[0.2194511741399765, -0.1608598381280899, -0.6359822750091553] imu_quat_wxyz=[0.8494704961776733, -0.0076285675168037415, 0.04266129434108734, 0.5258532166481018]
joint_pos=[-0.035999998450279236, -0.0, -0.0, 0.0, 0.0, 0.0] joint_vel=[0.0, -0.0, -0.09000000357627869, 0.0, 0.0, 0.0] imu_ang_vel=[0.15127216279506683, -0.322784960269928, -0.5124078392982483] imu_quat_wxyz=[0.8532869815826416, -0.011865646578371525, 0.04924332723021507, 0.5189756155014038]
joint_pos=[-0.035999998450279236, -0.0, -0.0, 0.0, 0.0, 0.0] joint_vel=[0.18000000715255737, 0.36000001430511475, -0.09000000357627869, 0.0, 0.0, 0.0] imu_ang_vel=[0.15127216279506683, -0.322784960269928, -0.5124078392982483] imu_quat_wxyz=[0.8532869815826416, -0.011865646578371525, 0.04924332723021507, 0.5189756155014038]
joint_pos=[-0.035999998450279236, -0.0, -0.0, 0.0, 0.0, 0.0] joint_vel=[-1.0800000429153442, -0.27000001072883606, 0.27000001072883606, 0.0, 0.0, 0.0] imu_ang_vel=[0.09694202244281769, -0.39415985345840454, -0.33769911527633667] imu_quat_wxyz=[0.8853653073310852, -0.02526230551302433, 0.06222984939813614, 0.4600188732147217]
joint_pos=[-0.035999998450279236, -0.0, -0.0, 0.0, 0.0, 0.0] joint_vel=[1.709999918937683, -0.0, 0.18000000715255737, 0.0, 0.0, 0.0] imu_ang_vel=[0.09694202244281769, -0.39415985345840454, -0.33769911527633667] imu_quat_wxyz=[0.8853653073310852, -0.02526230551302433, 0.06222984939813614, 0.4600188732147217]
joint_pos=[-0.035999998450279236, -0.0, -0.0, 0.0, 0.0, 0.0] joint_vel=[0.18000000715255737, -0.0, 0.09000000357627869, 0.0, 0.0, 0.0] imu_ang_vel=[0.03195890784263611, -0.2599324584007263, -0.11292147636413574] imu_quat_wxyz=[0.8996357321739197, 0.0017576836980879307, 0.06372983753681183, 0.43196171522140503]
joint_pos=[0.0, -0.0, -0.0, 0.0, 0.0, 0.0] joint_vel=[-2.069999933242798, 0.09000000357627869, -0.0, 0.0, 0.0, 0.0] imu_ang_vel=[0.03195890784263611, -0.2599324584007263, -0.11292147636413574] imu_quat_wxyz=[0.8996357321739197, 0.0017576836980879307, 0.06372983753681183, 0.43196171522140503]
joint_pos=[0.0, -0.0, -0.0, 0.0, 0.0, 0.0] joint_vel=[1.1700000762939453, -0.0, -0.0, 0.0, 0.0, 0.0] imu_ang_vel=[-0.030893610790371895, -0.022371236234903336, 0.1374233067035675] imu_quat_wxyz=[0.8655005097389221, -0.017305700108408928, 0.06933677941560745, 0.49578386545181274]
motion_test: joint 5 -> -20.000 deg
joint_pos=[-0.035999998450279236, -0.0, -0.0, 0.0, 0.0, 0.0] joint_vel=[1.350000023841858, -0.0, -0.0, 0.0, 0.0, 0.0] imu_ang_vel=[-0.030893610790371895, -0.022371236234903336, 0.1374233067035675] imu_quat_wxyz=[0.8655005097389221, -0.017305700108408928, 0.06933677941560745, 0.49578386545181274]
joint_pos=[0.0, -0.0, -0.0, 0.0, 0.0, 0.0] joint_vel=[5.400000095367432, 0.44999998807907104, -0.36000001430511475, 0.0, 0.0, 0.0] imu_ang_vel=[-0.02663242258131504, -0.015979453921318054, 0.1725780963897705] imu_quat_wxyz=[0.8329222202301025, -0.01179485023021698, 0.021616389974951744, 0.5528419613838196]
joint_pos=[0.0, -0.0, -0.0, 0.0, 0.0, 0.0] joint_vel=[0.0, -0.0, -0.36000001430511475, 0.0, 0.0, 0.0] imu_ang_vel=[-0.02663242258131504, -0.015979453921318054, 0.1725780963897705] imu_quat_wxyz=[0.8329222202301025, -0.01179485023021698, 0.021616389974951744, 0.5528419613838196]
joint_pos=[0.0, -0.0, -0.0, 0.0, 0.0, 0.0] joint_vel=[0.0, -0.0, -0.0, 0.0, 0.0, 0.0] imu_ang_vel=[-0.0585913322865963, -0.24821418523788452, 0.39415985345840454] imu_quat_wxyz=[0.8100045919418335, -0.00021686007676180452, -0.011079210788011551, 0.586318850517273]
joint_pos=[0.0, -0.0, -0.0, 0.0, 0.0, 0.0] joint_vel=[0.0, -0.18000000715255737, -0.0, 0.0, 0.0, 0.0] imu_ang_vel=[-0.0585913322865963, -0.24821418523788452, 0.39415985345840454] imu_quat_wxyz=[0.8100045919418335, -0.00021686007676180452, -0.011079210788011551, 0.586318850517273]
joint_pos=[0.0, -0.0, -0.0, 0.0, 0.0, 0.0] joint_vel=[0.0, -0.0, -0.0, 0.0, 0.0, 0.0] imu_ang_vel=[-0.05219954997301102, -0.10759498924016953, 0.3813762962818146] imu_quat_wxyz=[0.7978830337524414, 0.00554168364033103, -0.014904089272022247, 0.6026025414466858]
joint_pos=[0.0, -0.0, -0.0, 0.0, 0.0, 0.0] joint_vel=[0.18000000715255737, 0.09000000357627869, -0.0, 0.0, 0.0, 0.0] imu_ang_vel=[-0.05219954997301102, -0.10759498924016953, 0.3813762962818146] imu_quat_wxyz=[0.7978830337524414, 0.00554168364033103, -0.014904089272022247, 0.6026025414466858]
joint_pos=[0.0, -0.0, -0.0, 0.0, 0.0, 0.0] joint_vel=[0.09000000357627869, -0.0, -0.0, 0.0, 0.0, 0.0] imu_ang_vel=[-0.0703095942735672, -0.034089501947164536, 0.2918913662433624] imu_quat_wxyz=[0.7961316704750061, -0.010072303004562855, 0.005851131863892078, 0.6050113439559937]
joint_pos=[0.0, -0.0, -0.0, 0.0, 0.0, 0.0] joint_vel=[0.18000000715255737, -0.09000000357627869, -0.0, 0.0, 0.0, 0.0] imu_ang_vel=[-0.0703095942735672, -0.034089501947164536, 0.2918913662433624] imu_quat_wxyz=[0.7961316704750061, -0.010072303004562855, 0.005851131863892078, 0.6050113439559937]
joint_pos=[0.0, -0.0, -0.0, 0.0, 0.0, 0.0] joint_vel=[-0.27000001072883606, 0.18000000715255737, -0.0, 0.0, 0.0, 0.0] imu_ang_vel=[-0.04474247246980667, -0.1874922662973404, 0.15446805953979492] imu_quat_wxyz=[0.8328447937965393, -0.028267018496990204, 0.02901562862098217, 0.5520222783088684]
joint_pos=[0.0, -0.0, -0.0, 0.0, 0.0, 0.0] joint_vel=[0.0, 0.09000000357627869, 0.09000000357627869, 0.0, 0.0, 0.0] imu_ang_vel=[-0.04474247246980667, -0.1874922662973404, 0.15446805953979492] imu_quat_wxyz=[0.8328447937965393, -0.028267018496990204, 0.02901562862098217, 0.5520222783088684]
joint_pos=[0.0, -0.0, -0.0, 0.0, 0.0, 0.0] joint_vel=[0.0, -0.09000000357627869, -0.0, 0.0, 0.0, 0.0] imu_ang_vel=[-0.021305939182639122, -0.2343653291463852, 0.082027867436409] imu_quat_wxyz=[0.8526661396026611, 0.008197111077606678, 0.03929264843463898, 0.5209118723869324]
joint_pos=[0.0, -0.0, -0.0, 0.0, 0.0, 0.0] joint_vel=[0.0, 0.18000000715255737, -0.0, 0.0, 0.0, 0.0] imu_ang_vel=[-0.021305939182639122, -0.2343653291463852, 0.082027867436409] imu_quat_wxyz=[0.8526661396026611, 0.008197111077606678, 0.03929264843463898, 0.5209118723869324]
joint_pos=[0.0, -0.0, -0.0, 0.0, 0.0, 0.0] joint_vel=[0.27000001072883606, 0.18000000715255737, -0.0, 0.0, 0.0, 0.0] imu_ang_vel=[-0.027697719633579254, -0.09481142461299896, 0.17683929204940796] imu_quat_wxyz=[0.8182428479194641, 0.0009349369793199003, 0.028337284922599792, 0.5741731524467468]
joint_pos=[0.0, -0.0, -0.0, 0.0, 0.0, 0.0] joint_vel=[0.27000001072883606, -0.0, -0.0, 0.0, 0.0, 0.0] imu_ang_vel=[-0.027697719633579254, -0.09481142461299896, 0.17683929204940796] imu_quat_wxyz=[0.8182428479194641, 0.0009349369793199003, 0.028337284922599792, 0.5741731524467468]
joint_pos=[0.0, -0.0, -0.0, 0.0, 0.0, 0.0] joint_vel=[0.18000000715255737, -0.18000000715255737, -0.0, 0.0, 0.0, 0.0] imu_ang_vel=[-0.0351547971367836, -0.06178722158074379, 0.3781804144382477] imu_quat_wxyz=[0.8041217923164368, 0.005281918216496706, 0.008753970265388489, 0.5943766236305237]
joint_pos=[0.0, -0.0, -0.0, 0.0, 0.0, 0.0] joint_vel=[-0.09000000357627869, -0.0, -0.0, 0.0, 0.0, 0.0] imu_ang_vel=[-0.0351547971367836, -0.06178722158074379, 0.3781804144382477] imu_quat_wxyz=[0.8041217923164368, 0.005281918216496706, 0.008753970265388489, 0.5943766236305237]
joint_pos=[0.0, -0.0, -0.0, 0.0, 0.0, 0.0] joint_vel=[0.0, -0.0, -0.09000000357627869, 0.0, 0.0, 0.0] imu_ang_vel=[-0.05219954997301102, 0.025567125529050827, 0.5369096398353577] imu_quat_wxyz=[0.7943087816238403, 0.003292207606136799, 0.012577197514474392, 0.6073751449584961]
joint_pos=[0.0, -0.0, -0.0, 0.0, 0.0, 0.0] joint_vel=[-0.09000000357627869, 0.18000000715255737, -0.0, 0.0, 0.0, 0.0] imu_ang_vel=[-0.05219954997301102, 0.025567125529050827, 0.5369096398353577] imu_quat_wxyz=[0.7943087816238403, 0.003292207606136799, 0.012577197514474392, 0.6073751449584961]
joint_pos=[0.0, -0.0, -0.0, 0.0, 0.0, 0.0] joint_vel=[0.0, -0.0, -0.0, 0.0, 0.0, 0.0] imu_ang_vel=[-0.042611878365278244, 0.06924430280923843, 0.4602082669734955] imu_quat_wxyz=[0.7888987064361572, -0.010012363083660603, 0.026949452236294746, 0.6138504147529602]
joint_pos=[0.0, -0.0, -0.0, 0.0, 0.0, 0.0] joint_vel=[0.0, -0.09000000357627869, -0.0, 0.0, 0.0, 0.0] imu_ang_vel=[-0.042611878365278244, 0.06924430280923843, 0.4602082669734955] imu_quat_wxyz=[0.7888987064361572, -0.010012363083660603, 0.026949452236294746, 0.6138504147529602]
joint_pos=[0.0, -0.0, -0.0, 0.0, 0.0, 0.0] joint_vel=[0.0, -0.18000000715255737, -0.0, 0.0, 0.0, 0.0] imu_ang_vel=[0.022371236234903336, 0.024501830339431763, 0.2780424952507019] imu_quat_wxyz=[0.7881827354431152, -0.02888551913201809, 0.04266619309782982, 0.613280713558197]
joint_pos=[0.0, -0.0, -0.0, 0.0, 0.0, 0.0] joint_vel=[0.0, 0.09000000357627869, -0.09000000357627869, 0.0, 0.0, 0.0] imu_ang_vel=[0.022371236234903336, 0.024501830339431763, 0.2780424952507019] imu_quat_wxyz=[0.7881827354431152, -0.02888551913201809, 0.04266619309782982, 0.613280713558197]
joint_pos=[0.0, -0.0, -0.0, 0.0, 0.0, 0.0] joint_vel=[-0.6299999952316284, 0.09000000357627869, -0.0, 0.0, 0.0, 0.0] imu_ang_vel=[0.024501830339431763, 0.08309315890073776, 0.17790459096431732] imu_quat_wxyz=[0.7880092263221741, -0.041200775653123856, 0.0549328438937664, 0.6118220686912537]
joint_pos=[0.0, -0.0, -0.0, 0.0, 0.0, 0.0] joint_vel=[0.0, 0.18000000715255737, -0.0, 0.0, 0.0, 0.0] imu_ang_vel=[0.024501830339431763, 0.08309315890073776, 0.17790459096431732] imu_quat_wxyz=[0.7880092263221741, -0.041200775653123856, 0.0549328438937664, 0.6118220686912537]
joint_pos=[0.0, -0.0, -0.0, 0.0, 0.0, 0.0] joint_vel=[-0.09000000357627869, -0.0, -0.0, 0.0, 0.0, 0.0] imu_ang_vel=[0.02024064213037491, 0.1171826645731926, 0.13635800778865814] imu_quat_wxyz=[0.7874799370765686, -0.049653079360723495, 0.06605371087789536, 0.6107756495475769]
joint_pos=[0.0, -0.0, -0.0, 0.0, 0.0, 0.0] joint_vel=[-0.5400000214576721, -0.0, -0.18000000715255737, 0.0, 0.0, 0.0] imu_ang_vel=[0.02024064213037491, 0.1171826645731926, 0.13635800778865814] imu_quat_wxyz=[0.7874799370765686, -0.049653079360723495, 0.06605371087789536, 0.6107756495475769]
joint_pos=[0.0, -0.0, -0.0, 0.0, 0.0, 0.0] joint_vel=[0.6299999952316284, -0.27000001072883606, -0.0, 0.0, 0.0, 0.0] imu_ang_vel=[0.0, 0.12783563137054443, 0.11611736565828323] imu_quat_wxyz=[0.7864575982093811, -0.05451051890850067, 0.07535768300294876, 0.6106013655662537]
joint_pos=[0.0, -0.0, -0.0, 0.0, 0.0, 0.0] joint_vel=[-1.0800000429153442, -0.0, -0.0, 0.0, 0.0, 0.0] imu_ang_vel=[0.0, 0.12783563137054443, 0.11611736565828323] imu_quat_wxyz=[0.7864575982093811, -0.05451051890850067, 0.07535768300294876, 0.6106013655662537]
joint_pos=[-0.07199999690055847, -0.0, -0.0, 0.0, 0.0, 0.0] joint_vel=[-0.27000001072883606, -0.09000000357627869, 0.27000001072883606, 0.0, 0.0, 0.0] imu_ang_vel=[-0.10226850211620331, -0.20560230314731598, 0.11824796348810196] imu_quat_wxyz=[0.7846317887306213, -0.05615951493382454, 0.07956060022115707, 0.6122655868530273]
joint_pos=[0.0, -0.0, -0.0, 0.0, 0.0, 0.0] joint_vel=[0.44999998807907104, -0.0, -0.0, 0.0, 0.0, 0.0] imu_ang_vel=[-0.10226850211620331, -0.20560230314731598, 0.11824796348810196] imu_quat_wxyz=[0.7846317887306213, -0.05615951493382454, 0.07956060022115707, 0.6122655868530273]
joint_pos=[0.0, -0.0, -0.0, 0.0, 0.0, 0.0] joint_vel=[-0.7200000286102295, -0.0, 0.09000000357627869, 0.0, 0.0, 0.0] imu_ang_vel=[-0.07563608139753342, 0.13316211104393005, 0.2428877055644989] imu_quat_wxyz=[0.7780956625938416, -0.04465290531516075, 0.06349673122167587, 0.62333083152771]
joint_pos=[-0.035999998450279236, -0.0, -0.0, 0.0, 0.0, 0.0] joint_vel=[1.7999999523162842, -0.0, -0.0, 0.0, 0.0, 0.0] imu_ang_vel=[-0.07563608139753342, 0.13316211104393005, 0.2428877055644989] imu_quat_wxyz=[0.7780956625938416, -0.04465290531516075, 0.06349673122167587, 0.62333083152771]
joint_pos=[0.0, -0.0, -0.0, 0.0, 0.0, 0.0] joint_vel=[1.0800000429153442, -0.0, -0.0, 0.0, 0.0, 0.0] imu_ang_vel=[-0.054330144077539444, 0.1171826645731926, 0.13635800778865814] imu_quat_wxyz=[0.7626706957817078, -0.034097444266080856, 0.033763885498046875, 0.645004391670227]
joint_pos=[-0.035999998450279236, -0.0, -0.0, 0.0, 0.0, 0.0] joint_vel=[2.430000066757202, 0.09000000357627869, 0.09000000357627869, 0.0, 0.0, 0.0] imu_ang_vel=[-0.054330144077539444, 0.1171826645731926, 0.13635800778865814] imu_quat_wxyz=[0.7626706957817078, -0.034097444266080856, 0.033763885498046875, 0.645004391670227]
joint_pos=[-0.035999998450279236, -0.0, -0.0, 0.0, 0.0, 0.0] joint_vel=[0.27000001072883606, 0.09000000357627869, 0.09000000357627869, 0.0, 0.0, 0.0] imu_ang_vel=[0.0, 0.07776667922735214, 0.04048128426074982] imu_quat_wxyz=[0.7353295683860779, -0.02656971849501133, 0.0013245083391666412, 0.6771872639656067]
joint_pos=[-0.035999998450279236, -0.0, -0.0, 0.0, 0.0, 0.0] joint_vel=[0.0, 0.18000000715255737, -0.0, 0.0, 0.0, 0.0] imu_ang_vel=[0.0, 0.07776667922735214, 0.04048128426074982] imu_quat_wxyz=[0.7353295683860779, -0.02656971849501133, 0.0013245083391666412, 0.6771872639656067]
joint_pos=[-0.035999998450279236, -0.0, -0.0, 0.0, 0.0, 0.0] joint_vel=[0.27000001072883606, -0.0, 0.09000000357627869, 0.0, 0.0, 0.0] imu_ang_vel=[0.03622009605169296, 0.015979453921318054, -0.10333380103111267] imu_quat_wxyz=[0.69615638256073, -0.023298094049096107, -0.019929056987166405, 0.7172351479530334]
joint_pos=[-0.035999998450279236, -0.0, -0.0, 0.0, 0.0, 0.0] joint_vel=[0.0, 0.36000001430511475, 0.09000000357627869, 0.0, 0.0, 0.0] imu_ang_vel=[0.03622009605169296, 0.015979453921318054, -0.10333380103111267] imu_quat_wxyz=[0.69615638256073, -0.023298094049096107, -0.019929056987166405, 0.7172351479530334]
joint_pos=[-0.035999998450279236, -0.0, -0.0, 0.0, 0.0, 0.0] joint_vel=[0.0, -0.0, -0.0, 0.0, 0.0, 0.0] imu_ang_vel=[0.04793836176395416, -0.025567125529050827, -0.15766394138336182] imu_quat_wxyz=[0.650492250919342, -0.0235526692122221, -0.0261872299015522, 0.7586957216262817]
joint_pos=[-0.035999998450279236, -0.0, -0.0, 0.0, 0.0, 0.0] joint_vel=[0.0, -0.09000000357627869, -0.0, 0.0, 0.0, 0.0] imu_ang_vel=[0.04793836176395416, -0.025567125529050827, -0.15766394138336182] imu_quat_wxyz=[0.650492250919342, -0.0235526692122221, -0.0261872299015522, 0.7586957216262817]
joint_pos=[-0.035999998450279236, -0.0, -0.0, 0.0, 0.0, 0.0] joint_vel=[0.0, -0.09000000357627869, -0.18000000715255737, 0.0, 0.0, 0.0] imu_ang_vel=[0.051134251058101654, -0.01491415686905384, -0.1906881481409073] imu_quat_wxyz=[0.6056333184242249, -0.02715167962014675, -0.026288392022252083, 0.7948458194732666]
joint_pos=[0.0, -0.0, -0.0, 0.0, 0.0, 0.0] joint_vel=[2.9700000286102295, -0.09000000357627869, -0.0, 0.0, 0.0, 0.0] imu_ang_vel=[0.051134251058101654, -0.01491415686905384, -0.1906881481409073] imu_quat_wxyz=[0.6056333184242249, -0.02715167962014675, -0.026288392022252083, 0.7948458194732666]
joint_pos=[0.0, -0.0, -0.0, 0.0, 0.0, 0.0] joint_vel=[-1.350000023841858, -0.0, -0.0, 0.0, 0.0, 0.0] imu_ang_vel=[0.045807767659425735, -0.05646073818206787, -0.12677033245563507] imu_quat_wxyz=[0.5648241639137268, -0.032793160527944565, -0.02150273323059082, 0.8242790699005127]
joint_pos=[0.0, -0.0, -0.0, 0.0, 0.0, 0.0] joint_vel=[-0.09000000357627869, -0.09000000357627869, -0.0, 0.0, 0.0, 0.0] imu_ang_vel=[0.045807767659425735, -0.05646073818206787, -0.12677033245563507] imu_quat_wxyz=[0.5648241639137268, -0.032793160527944565, -0.02150273323059082, 0.8242790699005127]
joint_pos=[0.0, -0.0, -0.0, 0.0, 0.0, 0.0] joint_vel=[0.18000000715255737, -0.0, -0.0, 0.0, 0.0, 0.0] imu_ang_vel=[-0.0585913322865963, 0.0, 0.04367717355489731] imu_quat_wxyz=[0.5256901383399963, -0.03325999528169632, -0.016662508249282837, 0.8498623371124268]
joint_pos=[0.0, -0.0, -0.0, 0.0, 0.0, 0.0] joint_vel=[0.0, 0.18000000715255737, -0.0, 0.0, 0.0, 0.0] imu_ang_vel=[-0.0585913322865963, 0.0, 0.04367717355489731] imu_quat_wxyz=[0.5256901383399963, -0.03325999528169632, -0.016662508249282837, 0.8498623371124268]
joint_pos=[0.0, -0.0, -0.0, 0.0, 0.0, 0.0] joint_vel=[-1.0800000429153442, -0.18000000715255737, -0.0, 0.0, 0.0, 0.0] imu_ang_vel=[-0.1257050335407257, 0.0, 0.1725780963897705] imu_quat_wxyz=[0.48882928490638733, -0.03530985489487648, -0.012091717682778835, 0.8715806603431702]
joint_pos=[0.0, -0.0, -0.0, 0.0, 0.0, 0.0] joint_vel=[-1.2599999904632568, -0.0, -0.0, 0.0, 0.0, 0.0] imu_ang_vel=[-0.1257050335407257, 0.0, 0.1725780963897705] imu_quat_wxyz=[0.48882928490638733, -0.03530985489487648, -0.012091717682778835, 0.8715806603431702]
joint_pos=[0.0, -0.0, -0.0, 0.0, 0.0, 0.0] joint_vel=[2.1600000858306885, -0.27000001072883606, -0.0, 0.0, 0.0, 0.0] imu_ang_vel=[-0.09800732135772705, -0.15979453921318054, 0.09800732135772705] imu_quat_wxyz=[0.4569976329803467, -0.04184708371758461, -0.01041176076978445, 0.8884219527244568]
joint_pos=[0.0, -0.0, -0.0, 0.0, 0.0, 0.0] joint_vel=[2.700000047683716, -0.0, -0.0, 0.0, 0.0, 0.0] imu_ang_vel=[-0.09800732135772705, -0.15979453921318054, 0.09800732135772705] imu_quat_wxyz=[0.4569976329803467, -0.04184708371758461, -0.01041176076978445, 0.8884219527244568]
joint_pos=[0.07199999690055847, -0.0, -0.0, 0.0, 0.0, 0.0] joint_vel=[-4.590000152587891, -0.0, -0.18000000715255737, 0.0, 0.0, 0.0] imu_ang_vel=[-0.07989726960659027, -0.31745848059654236, 0.10120321065187454] imu_quat_wxyz=[0.43152037262916565, -0.048394203186035156, -0.012508370913565159, 0.9007173180580139]
joint_pos=[0.07199999690055847, -0.0, -0.0, 0.0, 0.0, 0.0] joint_vel=[0.9900000095367432, -0.0, -0.0, 0.0, 0.0, 0.0] imu_ang_vel=[-0.07989726960659027, -0.31745848059654236, 0.10120321065187454] imu_quat_wxyz=[0.43152037262916565, -0.048394203186035156, -0.012508370913565159, 0.9007173180580139]
joint_pos=[0.1080000028014183, -0.0, -0.0, 0.0, 0.0, 0.0] joint_vel=[0.8999999761581421, 0.09000000357627869, -0.0, 0.0, 0.0, 0.0] imu_ang_vel=[0.0, -0.4889712929725647, -0.05006895586848259] imu_quat_wxyz=[0.41751185059547424, -0.04682737961411476, -0.01634022407233715, 0.9073168635368347]
joint_pos=[0.1080000028014183, -0.0, -0.0, 0.0, 0.0, 0.0] joint_vel=[-0.27000001072883606, -0.36000001430511475, -0.0, 0.0, 0.0, 0.0] imu_ang_vel=[0.0, -0.4889712929725647, -0.05006895586848259] imu_quat_wxyz=[0.41751185059547424, -0.04682737961411476, -0.01634022407233715, 0.9073168635368347]
joint_pos=[0.14399999380111694, -0.0, -0.0, 0.0, 0.0, 0.0] joint_vel=[1.709999918937683, -0.0, -0.0, 0.0, 0.0, 0.0] imu_ang_vel=[0.013848859816789627, -0.5337137579917908, -0.09268083423376083] imu_quat_wxyz=[0.41487613320350647, -0.03992164134979248, -0.014079148881137371, 0.9088926911354065]
joint_pos=[0.18000000715255737, -0.0, -0.0, 0.0, 0.0, 0.0] joint_vel=[2.5199999809265137, 0.09000000357627869, -0.0, 0.0, 0.0, 0.0] imu_ang_vel=[0.013848859816789627, -0.5337137579917908, -0.09268083423376083] imu_quat_wxyz=[0.41487613320350647, -0.03992164134979248, -0.014079148881137371, 0.9088926911354065]
joint_pos=[0.2160000056028366, -0.0, -0.0, 0.0, 0.0, 0.0] joint_vel=[-0.09000000357627869, 0.09000000357627869, 0.09000000357627869, 0.0, 0.0, 0.0] imu_ang_vel=[0.0, -0.3803110122680664, -0.16299043595790863] imu_quat_wxyz=[0.4222392439842224, -0.03973732516169548, -0.0008394034230150282, 0.9056126475334167]
joint_pos=[0.2879999876022339, -0.0, -0.0, 0.0, 0.0, 0.0] joint_vel=[2.069999933242798, -0.09000000357627869, -0.09000000357627869, 0.0, 0.0, 0.0] imu_ang_vel=[0.0, -0.3803110122680664, -0.16299043595790863] imu_quat_wxyz=[0.4222392439842224, -0.03973732516169548, -0.0008394034230150282, 0.9056126475334167]
joint_pos=[0.3240000009536743, -0.0, -0.0, 0.0, 0.0, 0.0] joint_vel=[-0.27000001072883606, -0.0, -0.09000000357627869, 0.0, 0.0, 0.0] imu_ang_vel=[0.0, -0.5827174186706543, -0.15340276062488556] imu_quat_wxyz=[0.4539342522621155, -0.07993026822805405, 0.024618001654744148, 0.8871013522148132]
joint_pos=[0.3240000009536743, -0.0, -0.0, 0.0, 0.0, 0.0] joint_vel=[0.7200000286102295, -0.0, 0.09000000357627869, 0.0, 0.0, 0.0] imu_ang_vel=[0.0, -0.5827174186706543, -0.15340276062488556] imu_quat_wxyz=[0.4539342522621155, -0.07993026822805405, 0.024618001654744148, 0.8871013522148132]
joint_pos=[0.3240000009536743, -0.0, -0.0, 0.0, 0.0, 0.0] joint_vel=[0.44999998807907104, -0.09000000357627869, 0.09000000357627869, 0.0, 0.0, 0.0] imu_ang_vel=[-0.010652969591319561, -0.6530269980430603, -0.16618631780147552] imu_quat_wxyz=[0.5199569463729858, -0.026371655985713005, 0.024199284613132477, 0.8534422516822815]
joint_pos=[0.3240000009536743, -0.0, -0.0, 0.0, 0.0, 0.0] joint_vel=[0.6299999952316284, -0.27000001072883606, 0.18000000715255737, 0.0, 0.0, 0.0] imu_ang_vel=[-0.010652969591319561, -0.6530269980430603, -0.16618631780147552] imu_quat_wxyz=[0.5199569463729858, -0.026371655985713005, 0.024199284613132477, 0.8534422516822815]
joint_pos=[0.36000001430511475, -0.0, -0.0, 0.0, 0.0, 0.0] joint_vel=[0.18000000715255737, -0.0, -0.0, 0.0, 0.0, 0.0] imu_ang_vel=[-0.04474247246980667, -0.7382507920265198, -0.04367717355489731] imu_quat_wxyz=[0.5218055844306946, -0.005376680288463831, 0.010360375046730042, 0.8529845476150513]
joint_pos=[0.36000001430511475, -0.0, -0.0, 0.0, 0.0, 0.0] joint_vel=[0.27000001072883606, 0.09000000357627869, 0.09000000357627869, 0.0, 0.0, 0.0] imu_ang_vel=[-0.04474247246980667, -0.7382507920265198, -0.04367717355489731] imu_quat_wxyz=[0.5218055844306946, -0.005376680288463831, 0.010360375046730042, 0.8529845476150513]
joint_pos=[0.3959999978542328, -0.0, -0.0, 0.0, 0.0, 0.0] joint_vel=[0.0, -0.09000000357627869, -0.0, 0.0, 0.0, 0.0] imu_ang_vel=[-0.08628904819488525, -0.3717886209487915, 0.4186616837978363] imu_quat_wxyz=[0.5095948576927185, 0.005436363629996777, -0.0015515133272856474, 0.8603959083557129]
joint_pos=[0.3959999978542328, -0.0, -0.0, 0.0, 0.0, 0.0] joint_vel=[0.0, -0.0, 0.09000000357627869, 0.0, 0.0, 0.0] imu_ang_vel=[-0.08628904819488525, -0.3717886209487915, 0.4186616837978363] imu_quat_wxyz=[0.5095948576927185, 0.005436363629996777, -0.0015515133272856474, 0.8603959083557129]
joint_pos=[0.3959999978542328, -0.0, -0.0, 0.0, 0.0, 0.0] joint_vel=[0.0, -0.0, -0.0, 0.0, 0.0, 0.0] imu_ang_vel=[-0.13103152811527252, 0.32704615592956543, 1.1878061294555664] imu_quat_wxyz=[0.4982152283191681, -0.0067935511469841, 0.007973279803991318, 0.8669900298118591]
joint_pos=[0.3959999978542328, -0.0, -0.0, 0.0, 0.0, 0.0] joint_vel=[0.27000001072883606, 0.09000000357627869, -0.0, 0.0, 0.0, 0.0] imu_ang_vel=[-0.13103152811527252, 0.32704615592956543, 1.1878061294555664] imu_quat_wxyz=[0.4982152283191681, -0.0067935511469841, 0.007973279803991318, 0.8669900298118591]
joint_pos=[0.3959999978542328, -0.0, -0.0, 0.0, 0.0, 0.0] joint_vel=[0.09000000357627869, -0.0, -0.0, 0.0, 0.0, 0.0] imu_ang_vel=[-0.15979453921318054, 0.43144527077674866, 0.667941153049469] imu_quat_wxyz=[0.5039547085762024, -0.05756783485412598, 0.029588282108306885, 0.8613014221191406]
joint_pos=[0.36000001430511475, -0.0, -0.0, 0.0, 0.0, 0.0] joint_vel=[-2.25, -0.0, -0.0, 0.0, 0.0, 0.0] imu_ang_vel=[-0.15979453921318054, 0.43144527077674866, 0.667941153049469] imu_quat_wxyz=[0.5039547085762024, -0.05756783485412598, 0.029588282108306885, 0.8613014221191406]
joint_pos=[0.3240000009536743, -0.0, -0.0, 0.0, 0.0, 0.0] joint_vel=[-1.2599999904632568, -0.09000000357627869, -0.18000000715255737, 0.0, 0.0, 0.0] imu_ang_vel=[-0.17044751346111298, 0.40481284260749817, -0.10333380103111267] imu_quat_wxyz=[0.5433860421180725, -0.12459462881088257, 0.05560734495520592, 0.8283208608627319]
joint_pos=[0.3959999978542328, -0.0, -0.0, 0.0, 0.0, 0.0] joint_vel=[0.18000000715255737, 0.18000000715255737, 0.8999999761581421, 0.0, 0.0, 0.0] imu_ang_vel=[-0.17044751346111298, 0.40481284260749817, -0.10333380103111267] imu_quat_wxyz=[0.5433860421180725, -0.12459462881088257, 0.05560734495520592, 0.8283208608627319]
joint_pos=[0.3959999978542328, -0.0, -0.0, 0.0, 0.0, 0.0] joint_vel=[-4.680000305175781, 0.09000000357627869, 4.769999980926514, 0.0, 0.0, 0.0] imu_ang_vel=[-0.2514100670814514, -0.26525893807411194, 0.030893610790371895] imu_quat_wxyz=[0.5886040925979614, -0.1673317849636078, 0.07427118718624115, 0.7874191403388977]
joint_pos=[0.36000001430511475, -0.0, -0.0, 0.0, 0.0, 0.0] joint_vel=[-0.8999999761581421, -0.0, -0.0, 0.0, 0.0, 0.0] imu_ang_vel=[-0.2514100670814514, -0.26525893807411194, 0.030893610790371895] imu_quat_wxyz=[0.5886040925979614, -0.1673317849636078, 0.07427118718624115, 0.7874191403388977]
motion_test: joint 5 returning to start
joint_pos=[0.2879999876022339, -0.0, -0.0, 0.0, 0.0, 0.0] joint_vel=[-5.309999942779541, -0.27000001072883606, -0.09000000357627869, 0.0, 0.0, 0.0] imu_ang_vel=[-0.1672516167163849, 0.06711370497941971, 0.5124078392982483] imu_quat_wxyz=[0.621997594833374, -0.19475023448467255, 0.08641315996646881, 0.7534746527671814]
joint_pos=[0.2160000056028366, -0.0, -0.0, 0.0, 0.0, 0.0] joint_vel=[0.0, -0.18000000715255737, -0.0, 0.0, 0.0, 0.0] imu_ang_vel=[-0.1672516167163849, 0.06711370497941971, 0.5124078392982483] imu_quat_wxyz=[0.621997594833374, -0.19475023448467255, 0.08641315996646881, 0.7534746527671814]
joint_pos=[0.2160000056028366, -0.0, -0.0, 0.0, 0.0, 0.0] joint_vel=[-0.09000000357627869, -0.09000000357627869, 0.18000000715255737, 0.0, 0.0, 0.0] imu_ang_vel=[-0.1672516167163849, 0.49323248863220215, 0.6381128430366516] imu_quat_wxyz=[0.6369885802268982, -0.20970222353935242, 0.1018017902970314, 0.7347836494445801]
joint_pos=[0.18000000715255737, -0.0, -0.0, 0.0, 0.0, 0.0] joint_vel=[-1.0800000429153442, -0.09000000357627869, -0.0, 0.0, 0.0, 0.0] imu_ang_vel=[-0.1672516167163849, 0.49323248863220215, 0.6381128430366516] imu_quat_wxyz=[0.6369885802268982, -0.20970222353935242, 0.1018017902970314, 0.7347836494445801]
joint_pos=[0.14399999380111694, -0.0, -0.0, 0.0, 0.0, 0.0] joint_vel=[-2.5199999809265137, 0.09000000357627869, -0.18000000715255737, 0.0, 0.0, 0.0] imu_ang_vel=[-0.1523374617099762, 0.5422361493110657, -0.350482702255249] imu_quat_wxyz=[0.6398738026618958, -0.19372053444385529, 0.09398653358221054, 0.7376994490623474]
joint_pos=[0.07199999690055847, -0.0, -0.0, 0.0, 0.0, 0.0] joint_vel=[-0.6299999952316284, 0.09000000357627869, -0.0, 0.0, 0.0, 0.0] imu_ang_vel=[-0.1523374617099762, 0.5422361493110657, -0.350482702255249] imu_quat_wxyz=[0.6398738026618958, -0.19372053444385529, 0.09398653358221054, 0.7376994490623474]
joint_pos=[0.035999998450279236, -0.0, -0.0, 0.0, 0.0, 0.0] joint_vel=[-0.09000000357627869, -0.0, -0.0, 0.0, 0.0, 0.0] imu_ang_vel=[-0.06604841351509094, 0.3803110122680664, -0.8841964602470398] imu_quat_wxyz=[0.6415266394615173, -0.17342351377010345, 0.05924031510949135, 0.7448882460594177]
joint_pos=[0.035999998450279236, -0.0, -0.0, 0.0, 0.0, 0.0] joint_vel=[-0.27000001072883606, -0.0, -0.18000000715255737, 0.0, 0.0, 0.0] imu_ang_vel=[-0.06604841351509094, 0.3803110122680664, -0.8841964602470398] imu_quat_wxyz=[0.6415266394615173, -0.17342351377010345, 0.05924031510949135, 0.7448882460594177]
joint_pos=[0.035999998450279236, -0.0, -0.0, 0.0, 0.0, 0.0] joint_vel=[0.0, -0.09000000357627869, -0.09000000357627869, 0.0, 0.0, 0.0] imu_ang_vel=[0.0, 0.43996763229370117, 0.10866028815507889] imu_quat_wxyz=[0.6170092821121216, -0.15609167516231537, 0.028885483741760254, 0.7707790732383728]
joint_pos=[0.035999998450279236, -0.0, -0.0, 0.0, 0.0, 0.0] joint_vel=[-0.809999942779541, 0.09000000357627869, -0.0, 0.0, 0.0, 0.0] imu_ang_vel=[0.0, 0.43996763229370117, 0.10866028815507889] imu_quat_wxyz=[0.6170092821121216, -0.15609167516231537, 0.028885483741760254, 0.7707790732383728]
joint_pos=[0.0, -0.0, -0.0, 0.0, 0.0, 0.0] joint_vel=[-0.27000001072883606, -0.0, -0.0, 0.0, 0.0, 0.0] imu_ang_vel=[0.06498311460018158, 0.33769911527633667, 0.20453700423240662] imu_quat_wxyz=[0.58161860704422, -0.15220847725868225, 0.03084917552769184, 0.7984989881515503]
joint_pos=[0.0, -0.0, -0.0, 0.0, 0.0, 0.0] joint_vel=[0.0, 0.18000000715255737, -0.09000000357627869, 0.0, 0.0, 0.0] imu_ang_vel=[0.06498311460018158, 0.33769911527633667, 0.20453700423240662] imu_quat_wxyz=[0.58161860704422, -0.15220847725868225, 0.03084917552769184, 0.7984989881515503]
joint_pos=[0.0, -0.0, -0.0, 0.0, 0.0, 0.0] joint_vel=[-1.709999918937683, 0.18000000715255737, -0.09000000357627869, 0.0, 0.0, 0.0] imu_ang_vel=[0.11079087853431702, 0.3185237944126129, 0.2077329009771347] imu_quat_wxyz=[0.58161860704422, -0.15220847725868225, 0.03084917552769184, 0.7984989881515503]
joint_pos=[0.0, -0.0, -0.0, 0.0, 0.0, 0.0] joint_vel=[3.870000123977661, -0.0, -0.0, 0.0, 0.0, 0.0] imu_ang_vel=[0.11079087853431702, 0.3185237944126129, 0.2077329009771347] imu_quat_wxyz=[0.6109185218811035, -0.07330319285392761, 0.0458318255841732, 0.786959171295166]
joint_pos=[0.0, -0.0, -0.0, 0.0, 0.0, 0.0] joint_vel=[1.440000057220459, -0.0, -0.18000000715255737, 0.0, 0.0, 0.0] imu_ang_vel=[0.08735434710979462, 0.3781804144382477, 0.199210524559021] imu_quat_wxyz=[0.6109185218811035, -0.07330319285392761, 0.0458318255841732, 0.786959171295166]
joint_pos=[0.0, -0.0, -0.0, 0.0, 0.0, 0.0] joint_vel=[-0.7200000286102295, -0.0, 0.09000000357627869, 0.0, 0.0, 0.0] imu_ang_vel=[0.08735434710979462, 0.3781804144382477, 0.199210524559021] imu_quat_wxyz=[0.6701479554176331, -0.048005834221839905, 0.059559281915426254, 0.738274872303009]
joint_pos=[0.0, -0.0, -0.0, 0.0, 0.0, 0.0] joint_vel=[0.8999999761581421, -0.09000000357627869, -0.09000000357627869, 0.0, 0.0, 0.0] imu_ang_vel=[0.06178722158074379, 0.3483521044254303, 0.16831691563129425] imu_quat_wxyz=[0.6701479554176331, -0.048005834221839905, 0.059559281915426254, 0.738274872303009]
joint_pos=[-0.035999998450279236, -0.0, -0.0, 0.0, 0.0, 0.0] joint_vel=[-0.27000001072883606, -0.0, -0.09000000357627869, 0.0, 0.0, 0.0] imu_ang_vel=[0.06178722158074379, 0.3483521044254303, 0.16831691563129425] imu_quat_wxyz=[0.6779590249061584, -0.07089244574308395, 0.07156146317720413, 0.728165328502655]
joint_pos=[-0.035999998450279236, -0.0, -0.0, 0.0, 0.0, 0.0] joint_vel=[-1.1700000762939453, -0.0, -0.09000000357627869, 0.0, 0.0, 0.0] imu_ang_vel=[0.08735434710979462, 0.29721784591674805, 0.11185617744922638] imu_quat_wxyz=[0.6779590249061584, -0.07089244574308395, 0.07156146317720413, 0.728165328502655]
joint_pos=[-0.035999998450279236, -0.0, -0.0, 0.0, 0.0, 0.0] joint_vel=[-1.440000057220459, -0.09000000357627869, -0.09000000357627869, 0.0, 0.0, 0.0] imu_ang_vel=[0.08735434710979462, 0.29721784591674805, 0.11185617744922638] imu_quat_wxyz=[0.6614657044410706, -0.06518470495939255, 0.046694111078977585, 0.7456767559051514]
joint_pos=[0.0, -0.0, -0.0, 0.0, 0.0, 0.0] joint_vel=[1.2599999904632568, -0.09000000357627869, 0.09000000357627869, 0.0, 0.0, 0.0] imu_ang_vel=[0.14488038420677185, 0.2375612109899521, 0.0] imu_quat_wxyz=[0.6614657044410706, -0.06518470495939255, 0.046694111078977585, 0.7456767559051514]
joint_pos=[-0.035999998450279236, -0.0, -0.0, 0.0, 0.0, 0.0] joint_vel=[-3.239999771118164, -0.0, -0.09000000357627869, 0.0, 0.0, 0.0] imu_ang_vel=[0.14488038420677185, 0.2375612109899521, 0.0] imu_quat_wxyz=[0.6233185529708862, -0.07232626527547836, 0.03897970914840698, 0.7776396870613098]
joint_pos=[-0.035999998450279236, -0.0, -0.0, 0.0, 0.0, 0.0] joint_vel=[-0.5400000214576721, -0.0, 0.09000000357627869, 0.0, 0.0, 0.0] imu_ang_vel=[0.18536166846752167, 0.19707992672920227, -0.022371236234903336] imu_quat_wxyz=[0.6233185529708862, -0.07232626527547836, 0.03897970914840698, 0.7776396870613098]
joint_pos=[-0.035999998450279236, -0.0, -0.0, 0.0, 0.0, 0.0] joint_vel=[0.0, -0.0, -0.0, 0.0, 0.0, 0.0] imu_ang_vel=[0.18536166846752167, 0.19707992672920227, -0.022371236234903336] imu_quat_wxyz=[0.6407102942466736, -0.04286647588014603, 0.04458794370293617, 0.7652872800827026]
joint_pos=[-0.035999998450279236, -0.0, -0.0, 0.0, 0.0, 0.0] joint_vel=[-0.09000000357627869, 0.18000000715255737, -0.0, 0.0, 0.0, 0.0] imu_ang_vel=[0.17470869421958923, 0.20666760206222534, 0.03835069015622139] imu_quat_wxyz=[0.6407102942466736, -0.04286647588014603, 0.04458794370293617, 0.7652872800827026]
joint_pos=[-0.035999998450279236, -0.0, -0.0, 0.0, 0.0, 0.0] joint_vel=[-0.27000001072883606, -0.0, -0.0, 0.0, 0.0, 0.0] imu_ang_vel=[0.17470869421958923, 0.20666760206222534, 0.03835069015622139] imu_quat_wxyz=[0.6879367232322693, -0.05144573748111725, 0.05620485171675682, 0.7217599749565125]
joint_pos=[-0.035999998450279236, -0.0, -0.0, 0.0, 0.0, 0.0] joint_vel=[0.0, -0.0, 0.09000000357627869, 0.0, 0.0, 0.0] imu_ang_vel=[0.10333380103111267, 0.17044751346111298, -0.0351547971367836] imu_quat_wxyz=[0.6879367232322693, -0.05144573748111725, 0.05620485171675682, 0.7217599749565125]
joint_pos=[-0.035999998450279236, -0.0, -0.0, 0.0, 0.0, 0.0] joint_vel=[0.27000001072883606, -0.0, 0.44999998807907104, 0.0, 0.0, 0.0] imu_ang_vel=[0.10333380103111267, 0.17044751346111298, -0.0351547971367836] imu_quat_wxyz=[0.6943894624710083, -0.07188200950622559, 0.06573271006345749, 0.7129764556884766]
joint_pos=[-0.035999998450279236, -0.0, -0.0, 0.0, 0.0, 0.0] joint_vel=[0.18000000715255737, -0.18000000715255737, -0.27000001072883606, 0.0, 0.0, 0.0] imu_ang_vel=[0.05965662747621536, 0.1491415649652481, -0.025567125529050827] imu_quat_wxyz=[0.6943894624710083, -0.07188200950622559, 0.06573271006345749, 0.7129764556884766]
joint_pos=[-0.035999998450279236, -0.0, -0.0, 0.0, 0.0, 0.0] joint_vel=[0.0, -0.0, -0.0, 0.0, 0.0, 0.0] imu_ang_vel=[0.05965662747621536, 0.1491415649652481, -0.025567125529050827] imu_quat_wxyz=[0.6726880669593811, -0.0639205276966095, 0.04116877540946007, 0.7360094785690308]
joint_pos=[-0.035999998450279236, -0.0, -0.0, 0.0, 0.0, 0.0] joint_vel=[0.18000000715255737, -0.0, 0.27000001072883606, 0.0, 0.0, 0.0] imu_ang_vel=[0.039415985345840454, 0.04793836176395416, -0.10972558706998825] imu_quat_wxyz=[0.6726880669593811, -0.0639205276966095, 0.04116877540946007, 0.7360094785690308]
joint_pos=[0.0, -0.0, -0.0, 0.0, 0.0, 0.0] joint_vel=[-0.36000001430511475, -0.0, -0.0, 0.0, 0.0, 0.0] imu_ang_vel=[0.039415985345840454, 0.04793836176395416, -0.10972558706998825] imu_quat_wxyz=[0.6548148989677429, -0.05811408907175064, 0.04556779935956001, 0.7521726489067078]
joint_pos=[-0.035999998450279236, -0.0, -0.0, 0.0, 0.0, 0.0] joint_vel=[8.550000190734863, 0.27000001072883606, -0.6299999952316284, 0.0, 0.0, 0.0] imu_ang_vel=[0.024501830339431763, -0.2982831299304962, -0.07563608139753342] imu_quat_wxyz=[0.6548148989677429, -0.05811408907175064, 0.04556779935956001, 0.7521726489067078]
joint_pos=[0.0, -0.0, -0.0, 0.0, 0.0, 0.0] joint_vel=[-1.619999885559082, -0.27000001072883606, -0.36000001430511475, 0.0, 0.0, 0.0] imu_ang_vel=[0.024501830339431763, -0.2982831299304962, -0.07563608139753342] imu_quat_wxyz=[0.683338463306427, -0.005506881978362799, 0.05101833492517471, 0.7282961010932922]
joint_pos=[0.0, -0.0, -0.0, 0.0, 0.0, 0.0] joint_vel=[1.440000057220459, -0.0, 0.18000000715255737, 0.0, 0.0, 0.0] imu_ang_vel=[0.0, -0.11931325495243073, -0.08415845781564713] imu_quat_wxyz=[0.683338463306427, -0.005506881978362799, 0.05101833492517471, 0.7282961010932922]
joint_pos=[0.0, -0.0, -0.0, 0.0, 0.0, 0.0] joint_vel=[1.619999885559082, 0.09000000357627869, -0.36000001430511475, 0.0, 0.0, 0.0] imu_ang_vel=[0.0, -0.11931325495243073, -0.08415845781564713] imu_quat_wxyz=[0.7464878559112549, 0.020333264023065567, 0.050111085176467896, 0.6631976962089539]
joint_pos=[0.0, -0.0, -0.0, 0.0, 0.0, 0.0] joint_vel=[0.7200000286102295, -0.0, -0.0, 0.0, 0.0, 0.0] imu_ang_vel=[-0.010652969591319561, -0.1257050335407257, -0.060721926391124725] imu_quat_wxyz=[0.7464878559112549, 0.020333264023065567, 0.050111085176467896, 0.6631976962089539]
joint_pos=[0.0, -0.0, -0.0, 0.0, 0.0, 0.0] joint_vel=[0.18000000715255737, -0.0, -0.0, 0.0, 0.0, 0.0] imu_ang_vel=[-0.010652969591319561, -0.1257050335407257, -0.060721926391124725] imu_quat_wxyz=[0.8076474666595459, 0.007805900182574987, 0.05389012396335602, 0.5871461033821106]
joint_pos=[-0.035999998450279236, -0.0, -0.0, 0.0, 0.0, 0.0] joint_vel=[-0.5400000214576721, 0.18000000715255737, -0.09000000357627869, 0.0, 0.0, 0.0] imu_ang_vel=[-0.03622009605169296, -0.1842963695526123, -0.0585913322865963] imu_quat_wxyz=[0.8076474666595459, 0.007805900182574987, 0.05389012396335602, 0.5871461033821106]
joint_pos=[-0.035999998450279236, -0.0, -0.0, 0.0, 0.0, 0.0] joint_vel=[-0.44999998807907104, -0.0, -0.18000000715255737, 0.0, 0.0, 0.0] imu_ang_vel=[-0.03622009605169296, -0.1842963695526123, -0.0585913322865963] imu_quat_wxyz=[0.8453822135925293, -0.00619919179007411, 0.06063402071595192, 0.5306730270385742]
joint_pos=[-0.035999998450279236, -0.0, -0.0, 0.0, 0.0, 0.0] joint_vel=[-0.27000001072883606, -0.09000000357627869, -0.0, 0.0, 0.0, 0.0] imu_ang_vel=[-0.03728539124131203, -0.3334379494190216, -0.0468730665743351] imu_quat_wxyz=[0.8453822135925293, -0.00619919179007411, 0.06063402071595192, 0.5306730270385742]
joint_pos=[0.0, -0.0, -0.0, 0.0, 0.0, 0.0] joint_vel=[1.9800000190734863, 0.18000000715255737, 0.18000000715255737, 0.0, 0.0, 0.0] imu_ang_vel=[-0.03728539124131203, -0.3334379494190216, -0.0468730665743351] imu_quat_wxyz=[0.8854315876960754, -0.021323708817362785, 0.06967010349035263, 0.4590230882167816]
joint_pos=[0.0, -0.0, -0.0, 0.0, 0.0, 0.0] joint_vel=[0.0, -0.09000000357627869, 0.18000000715255737, 0.0, 0.0, 0.0] imu_ang_vel=[-0.06498311460018158, -0.21199409663677216, 0.03195890784263611] imu_quat_wxyz=[0.8854315876960754, -0.021323708817362785, 0.06967010349035263, 0.4590230882167816]
joint_pos=[0.0, -0.0, -0.0, 0.0, 0.0, 0.0] joint_vel=[-0.09000000357627869, -0.0, -0.09000000357627869, 0.0, 0.0, 0.0] imu_ang_vel=[-0.06498311460018158, -0.21199409663677216, 0.03195890784263611] imu_quat_wxyz=[0.9153763651847839, -0.03096861205995083, 0.07549460232257843, 0.3942429721355438]
joint_pos=[0.0, -0.0, -0.0, 0.0, 0.0, 0.0] joint_vel=[-1.350000023841858, -0.18000000715255737, -0.0, 0.0, 0.0, 0.0] imu_ang_vel=[-0.0468730665743351, -0.17896988987922668, 0.07883197069168091] imu_quat_wxyz=[0.9153763651847839, -0.03096861205995083, 0.07549460232257843, 0.3942429721355438]
joint_pos=[0.0, -0.0, -0.0, 0.0, 0.0, 0.0] joint_vel=[0.0, -0.0, -0.0, 0.0, 0.0, 0.0] imu_ang_vel=[-0.0468730665743351, -0.17896988987922668, 0.07883197069168091] imu_quat_wxyz=[0.9373130202293396, -0.035009242594242096, 0.08230281621217728, 0.33681556582450867]
joint_pos=[0.0, -0.0, -0.0, 0.0, 0.0, 0.0] joint_vel=[1.350000023841858, 0.09000000357627869, 0.27000001072883606, 0.0, 0.0, 0.0] imu_ang_vel=[-0.0468730665743351, -0.17896988987922668, 0.07883197069168091] imu_quat_wxyz=[0.9373130202293396, -0.035009242594242096, 0.08230281621217728, 0.33681556582450867]
joint_pos=[0.035999998450279236, -0.0, -0.0, 0.0, 0.0, 0.0] joint_vel=[0.09000000357627869, -0.0, -0.0, 0.0, 0.0, 0.0] imu_ang_vel=[-0.0351547971367836, -0.18003518879413605, -0.030893610790371895] imu_quat_wxyz=[0.9550972580909729, -0.029921384528279305, 0.085520900785923, 0.2820993661880493]
joint_pos=[0.035999998450279236, -0.0, -0.0, 0.0, 0.0, 0.0] joint_vel=[0.0, -0.09000000357627869, -0.09000000357627869, 0.0, 0.0, 0.0] imu_ang_vel=[-0.0351547971367836, -0.18003518879413605, -0.030893610790371895] imu_quat_wxyz=[0.9550972580909729, -0.029921384528279305, 0.085520900785923, 0.2820993661880493]
joint_pos=[0.035999998450279236, -0.0, -0.0, 0.0, 0.0, 0.0] joint_vel=[-0.18000000715255737, 0.09000000357627869, -0.09000000357627869, 0.0, 0.0, 0.0] imu_ang_vel=[0.0, -0.2226470559835434, -0.02982831373810768] imu_quat_wxyz=[0.9683936238288879, -0.014673235826194286, 0.08388352394104004, 0.2344398945569992]
joint_pos=[0.035999998450279236, -0.0, -0.0, 0.0, 0.0, 0.0] joint_vel=[0.0, 0.09000000357627869, -0.0, 0.0, 0.0, 0.0] imu_ang_vel=[0.0, -0.2226470559835434, -0.02982831373810768] imu_quat_wxyz=[0.9683936238288879, -0.014673235826194286, 0.08388352394104004, 0.2344398945569992]
joint_pos=[0.035999998450279236, -0.0, -0.0, 0.0, 0.0, 0.0] joint_vel=[-0.18000000715255737, -0.18000000715255737, -0.09000000357627869, 0.0, 0.0, 0.0] imu_ang_vel=[0.0, -0.12357444316148758, -0.06498311460018158] imu_quat_wxyz=[0.9756185412406921, 0.007900253869593143, 0.08385172486305237, 0.20266930758953094]
joint_pos=[0.035999998450279236, -0.0, -0.0, 0.0, 0.0, 0.0] joint_vel=[-0.36000001430511475, 0.09000000357627869, 0.18000000715255737, 0.0, 0.0, 0.0] imu_ang_vel=[0.0, -0.12357444316148758, -0.06498311460018158] imu_quat_wxyz=[0.9756185412406921, 0.007900253869593143, 0.08385172486305237, 0.20266930758953094]
joint_pos=[0.035999998450279236, -0.0, -0.0, 0.0, 0.0, 0.0] joint_vel=[0.09000000357627869, 0.09000000357627869, -0.0, 0.0, 0.0, 0.0] imu_ang_vel=[0.017044750973582268, -0.03195890784263611, -0.11611736565828323] imu_quat_wxyz=[0.9768530130386353, 0.009322796948254108, 0.08791443705558777, 0.1947876662015915]
joint_pos=[0.035999998450279236, -0.0, -0.0, 0.0, 0.0, 0.0] joint_vel=[0.09000000357627869, -0.0, 0.27000001072883606, 0.0, 0.0, 0.0] imu_ang_vel=[0.017044750973582268, -0.03195890784263611, -0.11611736565828323] imu_quat_wxyz=[0.9768530130386353, 0.009322796948254108, 0.08791443705558777, 0.1947876662015915]
joint_pos=[0.035999998450279236, -0.0, -0.0, 0.0, 0.0, 0.0] joint_vel=[0.18000000715255737, -0.0, -0.0, 0.0, 0.0, 0.0] imu_ang_vel=[0.025567125529050827, 0.025567125529050827, -0.13422740995883942] imu_quat_wxyz=[0.9703966379165649, -0.001409892924129963, 0.09803998470306396, 0.22071798145771027]
joint_pos=[0.035999998450279236, -0.0, -0.0, 0.0, 0.0, 0.0] joint_vel=[0.0, -0.0, -0.27000001072883606, 0.0, 0.0, 0.0] imu_ang_vel=[0.025567125529050827, 0.025567125529050827, -0.13422740995883942] imu_quat_wxyz=[0.9703966379165649, -0.001409892924129963, 0.09803998470306396, 0.22071798145771027]
joint_pos=[0.0, -0.0, -0.0, 0.0, 0.0, 0.0] joint_vel=[-2.5199999809265137, 0.09000000357627869, -0.0, 0.0, 0.0, 0.0] imu_ang_vel=[0.4282493591308594, 0.5283873081207275, -1.006705641746521] imu_quat_wxyz=[0.9654556512832642, 0.01394236646592617, 0.036183420568704605, 0.25766587257385254]
joint_pos=[0.0, -0.0, -0.0, 0.0, 0.0, 0.0] joint_vel=[20.06999969482422, -0.18000000715255737, 0.27000001072883606, 0.0, 0.0, 0.0] imu_ang_vel=[0.4282493591308594, 0.5283873081207275, -1.006705641746521] imu_quat_wxyz=[0.9654556512832642, 0.01394236646592617, 0.036183420568704605, 0.25766587257385254]
joint_pos=[0.0, -0.0, -0.0, 0.0, 0.0, 0.0] joint_vel=[0.0, 0.09000000357627869, 0.27000001072883606, 0.0, 0.0, 0.0] imu_ang_vel=[0.06711370497941971, -0.925743043422699, 0.39415985345840454] imu_quat_wxyz=[0.9631510972976685, 0.033924445509910583, -0.018773604184389114, 0.2661518156528473]
joint_pos=[0.0, -0.0, -0.0, 0.0, 0.0, 0.0] joint_vel=[-1.2599999904632568, -0.0, -0.09000000357627869, 0.0, 0.0, 0.0] imu_ang_vel=[0.06711370497941971, -0.925743043422699, 0.39415985345840454] imu_quat_wxyz=[0.9631510972976685, 0.033924445509910583, -0.018773604184389114, 0.2661518156528473]
joint_pos=[0.0, -0.0, -0.0, 0.0, 0.0, 0.0] joint_vel=[0.09000000357627869, -0.0, 0.09000000357627869, 0.0, 0.0, 0.0] imu_ang_vel=[0.013848859816789627, 0.8394539952278137, 0.9779425859451294] imu_quat_wxyz=[0.9503727555274963, 0.04326535016298294, -0.01794065721333027, 0.30756765604019165]
joint_pos=[0.0, -0.0, -0.0, 0.0, 0.0, 0.0] joint_vel=[-0.8999999761581421, 0.09000000357627869, -0.0, 0.0, 0.0, 0.0] imu_ang_vel=[0.013848859816789627, 0.8394539952278137, 0.9779425859451294] imu_quat_wxyz=[0.9503727555274963, 0.04326535016298294, -0.01794065721333027, 0.30756765604019165]
joint_pos=[0.0, -0.0, -0.0, 0.0, 0.0, 0.0] joint_vel=[1.8899999856948853, 0.18000000715255737, 0.6299999952316284, 0.0, 0.0, 0.0] imu_ang_vel=[0.1406191885471344, -0.2897607684135437, -1.1004517078399658] imu_quat_wxyz=[0.946791410446167, 0.054317161440849304, -0.04185962677001953, 0.31445714831352234]
joint_pos=[0.0, -0.0, -0.0, 0.0, 0.0, 0.0] joint_vel=[0.9900000095367432, 0.27000001072883606, -0.0, 0.0, 0.0, 0.0] imu_ang_vel=[0.1406191885471344, -0.2897607684135437, -1.1004517078399658] imu_quat_wxyz=[0.946791410446167, 0.054317161440849304, -0.04185962677001953, 0.31445714831352234]
joint_pos=[-0.035999998450279236, -0.0, -0.0, 0.0, 0.0, 0.0] joint_vel=[-0.18000000715255737, -0.18000000715255737, 0.18000000715255737, 0.0, 0.0, 0.0] imu_ang_vel=[0.02982831373810768, 0.010652969591319561, -0.9172206521034241] imu_quat_wxyz=[0.9464263916015625, 0.06702958792448044, -0.056566864252090454, 0.3107798993587494]
joint_pos=[-0.035999998450279236, -0.0, -0.0, 0.0, 0.0, 0.0] joint_vel=[-0.18000000715255737, 0.09000000357627869, 0.09000000357627869, 0.0, 0.0, 0.0] imu_ang_vel=[0.02982831373810768, 0.010652969591319561, -0.9172206521034241] imu_quat_wxyz=[0.9464263916015625, 0.06702958792448044, -0.056566864252090454, 0.3107798993587494]
joint_pos=[-0.035999998450279236, -0.0, -0.0, 0.0, 0.0, 0.0] joint_vel=[0.0, -0.09000000357627869, -0.09000000357627869, 0.0, 0.0, 0.0] imu_ang_vel=[0.04154657945036888, 0.15659864246845245, -0.37391921877861023] imu_quat_wxyz=[0.9410545825958252, 0.07405952364206314, -0.06964989006519318, 0.3226146101951599]
joint_pos=[-0.035999998450279236, -0.0, -0.0, 0.0, 0.0, 0.0] joint_vel=[-0.09000000357627869, -0.09000000357627869, -0.0, 0.0, 0.0, 0.0] imu_ang_vel=[0.04154657945036888, 0.15659864246845245, -0.37391921877861023] imu_quat_wxyz=[0.9410545825958252, 0.07405952364206314, -0.06964989006519318, 0.3226146101951599]
joint_pos=[-0.035999998450279236, -0.0, -0.0, 0.0, 0.0, 0.0] joint_vel=[-0.18000000715255737, -0.27000001072883606, 0.09000000357627869, 0.0, 0.0, 0.0] imu_ang_vel=[0.0, 0.025567125529050827, -0.24075710773468018] imu_quat_wxyz=[0.9340561032295227, 0.07832502573728561, -0.08315484970808029, 0.33836305141448975]
joint_pos=[-0.035999998450279236, -0.0, -0.0, 0.0, 0.0, 0.0] joint_vel=[-0.09000000357627869, 0.18000000715255737, -0.0, 0.0, 0.0, 0.0] imu_ang_vel=[0.0, 0.025567125529050827, -0.24075710773468018] imu_quat_wxyz=[0.9340561032295227, 0.07832502573728561, -0.08315484970808029, 0.33836305141448975]
joint_pos=[-0.035999998450279236, -0.0, -0.0, 0.0, 0.0, 0.0] joint_vel=[0.0, 0.09000000357627869, 0.09000000357627869, 0.0, 0.0, 0.0] imu_ang_vel=[-0.010652969591319561, 0.0, -0.1139867752790451] imu_quat_wxyz=[0.9254332780838013, 0.0813937783241272, -0.09612847119569778, 0.3573620915412903]
joint_pos=[-0.035999998450279236, -0.0, -0.0, 0.0, 0.0, 0.0] joint_vel=[0.0, -0.0, -0.18000000715255737, 0.0, 0.0, 0.0] imu_ang_vel=[-0.010652969591319561, 0.0, -0.1139867752790451] imu_quat_wxyz=[0.9254332780838013, 0.0813937783241272, -0.09612847119569778, 0.3573620915412903]
joint_pos=[-0.035999998450279236, -0.0, -0.0, 0.0, 0.0, 0.0] joint_vel=[0.0, 0.09000000357627869, -0.0, 0.0, 0.0, 0.0] imu_ang_vel=[-0.010652969591319561, -0.049003660678863525, 0.0] imu_quat_wxyz=[0.9133571982383728, 0.0869801715016365, -0.11080463975667953, 0.3820148706436157]
joint_pos=[-0.035999998450279236, -0.0, -0.0, 0.0, 0.0, 0.0] joint_vel=[0.0, -0.0, 0.09000000357627869, 0.0, 0.0, 0.0] imu_ang_vel=[-0.010652969591319561, -0.049003660678863525, 0.0] imu_quat_wxyz=[0.9133571982383728, 0.0869801715016365, -0.11080463975667953, 0.3820148706436157]
motion_test: joint 6 -> 20.000 deg
joint_pos=[-0.035999998450279236, -0.0, -0.0, 0.0, 0.0, 0.0] joint_vel=[-0.09000000357627869, -0.0, 0.09000000357627869, 0.0, 0.0, 0.0] imu_ang_vel=[-0.07244019210338593, -0.021305939182639122, 0.030893610790371895] imu_quat_wxyz=[0.897500216960907, 0.09141811728477478, -0.12578290700912476, 0.41269195079803467]
joint_pos=[-0.035999998450279236, -0.0, -0.0, 0.0, 0.0, 0.0] joint_vel=[0.09000000357627869, -0.0, 0.18000000715255737, 0.0, 0.0, 0.0] imu_ang_vel=[-0.07244019210338593, -0.021305939182639122, 0.030893610790371895] imu_quat_wxyz=[0.897500216960907, 0.09141811728477478, -0.12578290700912476, 0.41269195079803467]
joint_pos=[-0.035999998450279236, -0.0, -0.0, 0.0, 0.0, 0.0] joint_vel=[0.0, 0.18000000715255737, 0.09000000357627869, 0.0, 0.0, 0.0] imu_ang_vel=[-0.0468730665743351, -0.01811004802584648, 0.019175345078110695] imu_quat_wxyz=[0.8630951046943665, 0.07615414261817932, -0.08808419108390808, 0.49143508076667786]
joint_pos=[-0.035999998450279236, -0.0, -0.0, 0.0, 0.0, 0.0] joint_vel=[0.0, -0.0, -0.0, 0.0, 0.0, 0.0] imu_ang_vel=[-0.0468730665743351, -0.01811004802584648, 0.019175345078110695] imu_quat_wxyz=[0.8630951046943665, 0.07615414261817932, -0.08808419108390808, 0.49143508076667786]
joint_pos=[-0.035999998450279236, -0.0, -0.0, 0.0, 0.0, 0.0] joint_vel=[0.0, 0.27000001072883606, 0.09000000357627869, 0.0, 0.0, 0.0] imu_ang_vel=[0.0, -0.06924430280923843, -0.03195890784263611] imu_quat_wxyz=[0.8604997396469116, 0.039094723761081696, -0.02080451510846615, 0.5075222849845886]
joint_pos=[-0.035999998450279236, -0.0, -0.0, 0.0, 0.0, 0.0] joint_vel=[0.44999998807907104, -0.0, -0.18000000715255737, 0.0, 0.0, 0.0] imu_ang_vel=[0.0, -0.06924430280923843, -0.03195890784263611] imu_quat_wxyz=[0.8604997396469116, 0.039094723761081696, -0.02080451510846615, 0.5075222849845886]
joint_pos=[-0.035999998450279236, -0.0, -0.0, 0.0, 0.0, 0.0] joint_vel=[0.0, -0.0, 0.09000000357627869, 0.0, 0.0, 0.0] imu_ang_vel=[-0.010652969591319561, -0.09481142461299896, 0.0] imu_quat_wxyz=[0.8620904088020325, 0.02694474346935749, -0.00048681878251954913, 0.5060372352600098]
joint_pos=[-0.035999998450279236, -0.0, -0.0, 0.0, 0.0, 0.0] joint_vel=[0.0, -0.0, -0.0, 0.0, 0.0, 0.0] imu_ang_vel=[-0.010652969591319561, -0.09481142461299896, 0.0] imu_quat_wxyz=[0.8620904088020325, 0.02694474346935749, -0.00048681878251954913, 0.5060372352600098]
joint_pos=[-0.035999998450279236, -0.0, -0.0, 0.0, 0.0, 0.0] joint_vel=[0.09000000357627869, -0.0, -0.36000001430511475, 0.0, 0.0, 0.0] imu_ang_vel=[-0.05539543926715851, -0.06285251677036285, 0.15979453921318054] imu_quat_wxyz=[0.8625593781471252, 0.025239920243620872, 0.018267137929797173, 0.5049956440925598]
joint_pos=[-0.035999998450279236, -0.0, -0.0, 0.0, 0.0, 0.0] joint_vel=[0.0, -0.27000001072883606, -0.09000000357627869, 0.0, 0.0, 0.0] imu_ang_vel=[-0.05539543926715851, -0.06285251677036285, 0.15979453921318054] imu_quat_wxyz=[0.8625593781471252, 0.025239920243620872, 0.018267137929797173, 0.5049956440925598]
joint_pos=[-0.035999998450279236, -0.0, -0.0, 0.0, 0.0, 0.0] joint_vel=[-0.27000001072883606, 0.27000001072883606, 0.09000000357627869, 0.0, 0.0, 0.0] imu_ang_vel=[-0.04048128426074982, -0.08309315890073776, 0.1693822145462036] imu_quat_wxyz=[0.8623563051223755, 0.024402087554335594, 0.031054764986038208, 0.5047589540481567]
joint_pos=[0.0, -0.0, -0.0, 0.0, 0.0, 0.0] joint_vel=[3.1500000953674316, 0.27000001072883606, -0.0, 0.0, 0.0, 0.0] imu_ang_vel=[-0.04048128426074982, -0.08309315890073776, 0.1693822145462036] imu_quat_wxyz=[0.8623563051223755, 0.024402087554335594, 0.031054764986038208, 0.5047589540481567]
joint_pos=[0.0, -0.0, -0.0, 0.0, 0.0, 0.0] joint_vel=[2.430000066757202, -0.44999998807907104, -0.0, 0.0, 0.0, 0.0] imu_ang_vel=[0.01491415686905384, -0.1438150852918625, 0.03195890784263611] imu_quat_wxyz=[0.8632712960243225, 0.026719756424427032, 0.03895912319421768, 0.5025246143341064]
joint_pos=[0.07199999690055847, -0.0, -0.0, 0.0, 0.0, 0.0] joint_vel=[2.700000047683716, 0.18000000715255737, -0.0, 0.0, 0.0, 0.0] imu_ang_vel=[0.01491415686905384, -0.1438150852918625, 0.03195890784263611] imu_quat_wxyz=[0.8632712960243225, 0.026719756424427032, 0.03895912319421768, 0.5025246143341064]
joint_pos=[0.07199999690055847, -0.0, -0.0, 0.0, 0.0, 0.0] joint_vel=[-0.6299999952316284, -0.09000000357627869, 0.18000000715255737, 0.0, 0.0, 0.0] imu_ang_vel=[-0.01811004802584648, -0.08735434710979462, 0.13635800778865814] imu_quat_wxyz=[0.8633465766906738, 0.025740275159478188, 0.04137834161520004, 0.5022527575492859]
joint_pos=[0.035999998450279236, -0.0, -0.0, 0.0, 0.0, 0.0] joint_vel=[-0.09000000357627869, -0.0, -0.0, 0.0, 0.0, 0.0] imu_ang_vel=[-0.01811004802584648, -0.08735434710979462, 0.13635800778865814] imu_quat_wxyz=[0.8633465766906738, 0.025740275159478188, 0.04137834161520004, 0.5022527575492859]
joint_pos=[0.035999998450279236, -0.0, -0.0, 0.0, 0.0, 0.0] joint_vel=[-0.09000000357627869, -0.09000000357627869, -0.0, 0.0, 0.0, 0.0] imu_ang_vel=[-0.010652969591319561, 0.01811004802584648, 0.019175345078110695] imu_quat_wxyz=[0.8446608781814575, -0.0010190792381763458, 0.07256478071212769, 0.5303595066070557]
joint_pos=[0.035999998450279236, -0.0, -0.0, 0.0, 0.0, 0.0] joint_vel=[-0.5400000214576721, -0.0, -0.0, 0.0, 0.0, 0.0] imu_ang_vel=[-0.010652969591319561, 0.01811004802584648, 0.019175345078110695] imu_quat_wxyz=[0.8446608781814575, -0.0010190792381763458, 0.07256478071212769, 0.5303595066070557]
joint_pos=[0.0, -0.0, -0.0, 0.0, 0.0, 0.0] joint_vel=[-1.1700000762939453, -0.36000001430511475, -0.0, 0.0, 0.0, 0.0] imu_ang_vel=[0.03622009605169296, 0.04048128426074982, -0.18216577172279358] imu_quat_wxyz=[0.8097353577613831, -0.00020144182781223208, 0.031971994787454605, 0.5859233736991882]
joint_pos=[0.0, -0.0, -0.0, 0.0, 0.0, 0.0] joint_vel=[0.27000001072883606, -0.18000000715255737, -0.0, 0.0, 0.0, 0.0] imu_ang_vel=[0.03622009605169296, 0.04048128426074982, -0.18216577172279358] imu_quat_wxyz=[0.8097353577613831, -0.00020144182781223208, 0.031971994787454605, 0.5859233736991882]
joint_pos=[-0.07199999690055847, -0.0, -0.0, 0.0, 0.0, 0.0] joint_vel=[-11.34000015258789, -0.09000000357627869, -0.18000000715255737, 0.0, 0.0, 0.0] imu_ang_vel=[0.7520996332168579, 0.43783703446388245, -1.7758499383926392] imu_quat_wxyz=[0.8073726892471313, -0.004783416632562876, 0.02375444956123829, 0.5895439386367798]
joint_pos=[-0.1080000028014183, -0.0, -0.0, 0.0, 0.0, 0.0] joint_vel=[5.940000057220459, -0.18000000715255737, -0.27000001072883606, 0.0, 0.0, 0.0] imu_ang_vel=[0.7520996332168579, 0.43783703446388245, -1.7758499383926392] imu_quat_wxyz=[0.8073726892471313, -0.004783416632562876, 0.02375444956123829, 0.5895439386367798]
joint_pos=[0.0, -0.0, -0.0, 0.0, 0.0, 0.0] joint_vel=[-1.350000023841858, -0.0, -0.27000001072883606, 0.0, 0.0, 0.0] imu_ang_vel=[-0.504950761795044, -1.4200408458709717, -0.21732057631015778] imu_quat_wxyz=[0.8246546983718872, -0.00698585482314229, 0.013815011829137802, 0.5654245615005493]
joint_pos=[0.0, -0.0, -0.0, 0.0, 0.0, 0.0] joint_vel=[-0.8999999761581421, -0.0, -0.27000001072883606, 0.0, 0.0, 0.0] imu_ang_vel=[-0.504950761795044, -1.4200408458709717, -0.21732057631015778] imu_quat_wxyz=[0.8246546983718872, -0.00698585482314229, 0.013815011829137802, 0.5654245615005493]
joint_pos=[0.0, -0.0, -0.0, 0.0, 0.0, 0.0] joint_vel=[-1.0800000429153442, -0.09000000357627869, -0.27000001072883606, 0.0, 0.0, 0.0] imu_ang_vel=[0.0, 0.6828553080558777, 1.3784942626953125] imu_quat_wxyz=[0.817806601524353, -0.03871607780456543, 0.038525499403476715, 0.5728954672813416]
joint_pos=[-0.035999998450279236, -0.0, -0.0, 0.0, 0.0, 0.0] joint_vel=[1.8899999856948853, 0.6299999952316284, -0.18000000715255737, 0.0, 0.0, 0.0] imu_ang_vel=[0.0, 0.6828553080558777, 1.3784942626953125] imu_quat_wxyz=[0.817806601524353, -0.03871607780456543, 0.038525499403476715, 0.5728954672813416]
joint_pos=[-0.035999998450279236, -0.0, -0.0, 0.0, 0.0, 0.0] joint_vel=[-0.09000000357627869, -0.0, -0.0, 0.0, 0.0, 0.0] imu_ang_vel=[-0.1874922662973404, -0.24075710773468018, -0.4911018908023834] imu_quat_wxyz=[0.8167024254798889, -0.053485069423913956, 0.041163522750139236, 0.5730985999107361]
joint_pos=[-0.035999998450279236, -0.0, -0.0, 0.0, 0.0, 0.0] joint_vel=[0.44999998807907104, -0.09000000357627869, -0.0, 0.0, 0.0, 0.0] imu_ang_vel=[-0.1874922662973404, -0.24075710773468018, -0.4911018908023834] imu_quat_wxyz=[0.8167024254798889, -0.053485069423913956, 0.041163522750139236, 0.5730985999107361]
joint_pos=[-0.035999998450279236, -0.0, -0.0, 0.0, 0.0, 0.0] joint_vel=[0.18000000715255737, 0.09000000357627869, 0.09000000357627869, 0.0, 0.0, 0.0] imu_ang_vel=[0.4420982301235199, 0.29082605242729187, -1.001379132270813] imu_quat_wxyz=[0.8241538405418396, -0.054114002734422684, 0.05028408020734787, 0.5615279078483582]
joint_pos=[-0.035999998450279236, -0.0, -0.0, 0.0, 0.0, 0.0] joint_vel=[-0.09000000357627869, -0.0, -0.0, 0.0, 0.0, 0.0] imu_ang_vel=[0.4420982301235199, 0.29082605242729187, -1.001379132270813] imu_quat_wxyz=[0.8241538405418396, -0.054114002734422684, 0.05028408020734787, 0.5615279078483582]
joint_pos=[-0.035999998450279236, -0.0, -0.0, 0.0, 0.0, 0.0] joint_vel=[1.8899999856948853, 0.09000000357627869, -0.0, 0.0, 0.0, 0.0] imu_ang_vel=[-0.11292147636413574, -0.2311694324016571, -0.16192513704299927] imu_quat_wxyz=[0.8268077373504639, -0.04700418561697006, 0.05029510334134102, 0.558256208896637]
joint_pos=[0.0, -0.0, -0.0, 0.0, 0.0, 0.0] joint_vel=[2.25, -0.27000001072883606, -0.0, 0.0, 0.0, 0.0] imu_ang_vel=[-0.11292147636413574, -0.2311694324016571, -0.16192513704299927] imu_quat_wxyz=[0.8268077373504639, -0.04700418561697006, 0.05029510334134102, 0.558256208896637]
joint_pos=[0.0, -0.0, -0.0, 0.0, 0.0, 0.0] joint_vel=[1.440000057220459, 0.18000000715255737, -0.0, 0.0, 0.0, 0.0] imu_ang_vel=[-0.02024064213037491, -0.08841964602470398, -0.05965662747621536] imu_quat_wxyz=[0.8249398469924927, -0.04033854231238365, 0.03798367455601692, 0.5624982714653015]
joint_pos=[0.0, -0.0, -0.0, 0.0, 0.0, 0.0] joint_vel=[-0.27000001072883606, -0.09000000357627869, -0.0, 0.0, 0.0, 0.0] imu_ang_vel=[-0.02024064213037491, -0.08841964602470398, -0.05965662747621536] imu_quat_wxyz=[0.8249398469924927, -0.04033854231238365, 0.03798367455601692, 0.5624982714653015]
joint_pos=[0.0, -0.0, -0.0, 0.0, 0.0, 0.0] joint_vel=[-0.9900000095367432, -0.0, -0.0, 0.0, 0.0, 0.0] imu_ang_vel=[0.057526033371686935, 0.04048128426074982, -0.06817900389432907] imu_quat_wxyz=[0.8230831027030945, -0.03415382280945778, 0.03369463235139847, 0.5658908486366272]
joint_pos=[0.0, -0.0, -0.0, 0.0, 0.0, 0.0] joint_vel=[0.5400000214576721, -0.0, -0.0, 0.0, 0.0, 0.0] imu_ang_vel=[0.057526033371686935, 0.04048128426074982, -0.06817900389432907] imu_quat_wxyz=[0.8230831027030945, -0.03415382280945778, 0.03369463235139847, 0.5658908486366272]
joint_pos=[0.0, -0.0, -0.0, 0.0, 0.0, 0.0] joint_vel=[0.0, -0.0, -0.0, 0.0, 0.0, 0.0] imu_ang_vel=[0.049003660678863525, 0.19707992672920227, -0.10226850211620331] imu_quat_wxyz=[0.8219870328903198, -0.031246984377503395, 0.03737710416316986, 0.5674185752868652]
joint_pos=[0.0, -0.0, -0.0, 0.0, 0.0, 0.0] joint_vel=[0.18000000715255737, -0.5400000214576721, -0.0, 0.0, 0.0, 0.0] imu_ang_vel=[0.049003660678863525, 0.19707992672920227, -0.10226850211620331] imu_quat_wxyz=[0.8219870328903198, -0.031246984377503395, 0.03737710416316986, 0.5674185752868652]
joint_pos=[0.0, -0.0, -0.0, 0.0, 0.0, 0.0] joint_vel=[0.8999999761581421, -0.0, -0.0, 0.0, 0.0, 0.0] imu_ang_vel=[0.0703095942735672, -0.02024064213037491, -0.13848860561847687] imu_quat_wxyz=[0.8222270607948303, -0.0354483388364315, 0.04876583069562912, 0.5659574270248413]
joint_pos=[0.0, -0.0, -0.0, 0.0, 0.0, 0.0] joint_vel=[6.03000020980835, 0.09000000357627869, 0.27000001072883606, 0.0, 0.0, 0.0] imu_ang_vel=[0.0703095942735672, -0.02024064213037491, -0.13848860561847687] imu_quat_wxyz=[0.8222270607948303, -0.0354483388364315, 0.04876583069562912, 0.5659574270248413]
joint_pos=[0.0, -0.0, -0.0, 0.0, 0.0, 0.0] joint_vel=[0.9900000095367432, 0.44999998807907104, -0.0, 0.0, 0.0, 0.0] imu_ang_vel=[0.09907261282205582, 0.030893610790371895, -0.28017309308052063] imu_quat_wxyz=[0.8334377408027649, -0.05953700840473175, 0.06043006852269173, 0.5460631847381592]
joint_pos=[0.0, -0.0, -0.0, 0.0, 0.0, 0.0] joint_vel=[-0.44999998807907104, -0.0, -0.09000000357627869, 0.0, 0.0, 0.0] imu_ang_vel=[0.09907261282205582, 0.030893610790371895, -0.28017309308052063] imu_quat_wxyz=[0.8334377408027649, -0.05953700840473175, 0.06043006852269173, 0.5460631847381592]
joint_pos=[0.0, -0.0, -0.0, 0.0, 0.0, 0.0] joint_vel=[0.5400000214576721, -0.0, -0.27000001072883606, 0.0, 0.0, 0.0] imu_ang_vel=[0.15659864246845245, 0.057526033371686935, -0.34409090876579285] imu_quat_wxyz=[0.8742825984954834, -0.07010328769683838, 0.07041573524475098, 0.47513893246650696]
joint_pos=[0.0, -0.0, -0.0, 0.0, 0.0, 0.0] joint_vel=[0.0, -0.0, -0.0, 0.0, 0.0, 0.0] imu_ang_vel=[0.15659864246845245, 0.057526033371686935, -0.34409090876579285] imu_quat_wxyz=[0.8742825984954834, -0.07010328769683838, 0.07041573524475098, 0.47513893246650696]
joint_pos=[-0.035999998450279236, -0.0, -0.0, 0.0, 0.0, 0.0] joint_vel=[-1.2599999904632568, -0.0, -0.27000001072883606, 0.0, 0.0, 0.0] imu_ang_vel=[0.192818745970726, 0.07350549101829529, -0.3547438681125641] imu_quat_wxyz=[0.9100453853607178, -0.028669537976384163, 0.08023856580257416, 0.4056565463542938]
joint_pos=[-0.035999998450279236, -0.0, -0.0, 0.0, 0.0, 0.0] joint_vel=[-0.8999999761581421, -0.0, -0.0, 0.0, 0.0, 0.0] imu_ang_vel=[0.192818745970726, 0.07350549101829529, -0.3547438681125641] imu_quat_wxyz=[0.9100453853607178, -0.028669537976384163, 0.08023856580257416, 0.4056565463542938]
joint_pos=[-0.035999998450279236, -0.0, -0.0, 0.0, 0.0, 0.0] joint_vel=[0.0, -0.0, 0.09000000357627869, 0.0, 0.0, 0.0] imu_ang_vel=[0.2109287977218628, 0.06711370497941971, -0.3131972849369049] imu_quat_wxyz=[0.9244888424873352, 0.009464317001402378, 0.0883776843547821, 0.37070223689079285]
joint_pos=[-0.035999998450279236, -0.0, -0.0, 0.0, 0.0, 0.0] joint_vel=[0.09000000357627869, -0.0, -0.0, 0.0, 0.0, 0.0] imu_ang_vel=[0.2109287977218628, 0.06711370497941971, -0.3131972849369049] imu_quat_wxyz=[0.9244888424873352, 0.009464317001402378, 0.0883776843547821, 0.37070223689079285]
joint_pos=[-0.035999998450279236, -0.0, -0.0, 0.0, 0.0, 0.0] joint_vel=[0.0, -0.36000001430511475, -0.0, 0.0, 0.0, 0.0] imu_ang_vel=[0.20986349880695343, 0.0585913322865963, -0.22903883457183838] imu_quat_wxyz=[0.9175235033035278, -0.009833049029111862, 0.11731956899166107, 0.379855215549469]
joint_pos=[-0.035999998450279236, -0.0, -0.0, 0.0, 0.0, 0.0] joint_vel=[0.44999998807907104, 0.09000000357627869, -0.18000000715255737, 0.0, 0.0, 0.0] imu_ang_vel=[0.20986349880695343, 0.0585913322865963, -0.22903883457183838] imu_quat_wxyz=[0.9175235033035278, -0.009833049029111862, 0.11731956899166107, 0.379855215549469]
joint_pos=[-0.035999998450279236, -0.0, -0.0, 0.0, 0.0, 0.0] joint_vel=[0.09000000357627869, 0.18000000715255737, 0.09000000357627869, 0.0, 0.0, 0.0] imu_ang_vel=[0.19388404488563538, 0.021305939182639122, -0.1725780963897705] imu_quat_wxyz=[0.8845574855804443, -0.014695643447339535, 0.09284306317567825, 0.4568614065647125]
joint_pos=[-0.035999998450279236, -0.0, -0.0, 0.0, 0.0, 0.0] joint_vel=[0.0, 0.09000000357627869, -0.09000000357627869, 0.0, 0.0, 0.0] imu_ang_vel=[0.19388404488563538, 0.021305939182639122, -0.1725780963897705] imu_quat_wxyz=[0.8845574855804443, -0.014695643447339535, 0.09284306317567825, 0.4568614065647125]
joint_pos=[0.0, -0.0, -0.0, 0.0, 0.0, 0.0] joint_vel=[1.0800000429153442, 0.18000000715255737, 0.09000000357627869, 0.0, 0.0, 0.0] imu_ang_vel=[0.19175344705581665, 0.0, -0.13103152811527252] imu_quat_wxyz=[0.8659347891807556, -0.00016727832553442568, 0.04097939655184746, 0.49847522377967834]
joint_pos=[0.0, -0.0, -0.0, 0.0, 0.0, 0.0] joint_vel=[-0.5400000214576721, -0.0, -0.27000001072883606, 0.0, 0.0, 0.0] imu_ang_vel=[0.19175344705581665, 0.0, -0.13103152811527252] imu_quat_wxyz=[0.8659347891807556, -0.00016727832553442568, 0.04097939655184746, 0.49847522377967834]
joint_pos=[-0.035999998450279236, -0.0, -0.0, 0.0, 0.0, 0.0] joint_vel=[-0.7200000286102295, -0.0, -0.0, 0.0, 0.0, 0.0] imu_ang_vel=[0.32704615592956543, 0.21199409663677216, -0.20666760206222534] imu_quat_wxyz=[0.8584854006767273, 0.010918274521827698, 0.028132010251283646, 0.5119494199752808]
joint_pos=[-0.035999998450279236, -0.0, -0.0, 0.0, 0.0, 0.0] joint_vel=[0.9900000095367432, -0.0, -0.27000001072883606, 0.0, 0.0, 0.0] imu_ang_vel=[0.32704615592956543, 0.21199409663677216, -0.20666760206222534] imu_quat_wxyz=[0.8584854006767273, 0.010918274521827698, 0.028132010251283646, 0.5119494199752808]
joint_pos=[0.0, -0.0, -0.0, 0.0, 0.0, 0.0] joint_vel=[-0.18000000715255737, -0.18000000715255737, 0.09000000357627869, 0.0, 0.0, 0.0] imu_ang_vel=[-0.057526033371686935, -0.3302420377731323, 0.15553335845470428] imu_quat_wxyz=[0.8560316562652588, 0.008491712622344494, 0.02938317321240902, 0.5160176157951355]
joint_pos=[0.0, -0.0, -0.0, 0.0, 0.0, 0.0] joint_vel=[0.27000001072883606, 0.27000001072883606, 0.09000000357627869, 0.0, 0.0, 0.0] imu_ang_vel=[-0.057526033371686935, -0.3302420377731323, 0.15553335845470428] imu_quat_wxyz=[0.8560316562652588, 0.008491712622344494, 0.02938317321240902, 0.5160176157951355]
joint_pos=[0.0, -0.0, -0.0, 0.0, 0.0, 0.0] joint_vel=[1.709999918937683, -0.0, -0.0, 0.0, 0.0, 0.0] imu_ang_vel=[0.3036096394062042, 0.40481284260749817, 0.04367717355489731] imu_quat_wxyz=[0.8585694432258606, -0.00932687520980835, 0.04838816821575165, 0.5103235244750977]
joint_pos=[0.0, -0.0, -0.0, 0.0, 0.0, 0.0] joint_vel=[0.44999998807907104, -0.0, -0.0, 0.0, 0.0, 0.0] imu_ang_vel=[0.3036096394062042, 0.40481284260749817, 0.04367717355489731] imu_quat_wxyz=[0.8585694432258606, -0.00932687520980835, 0.04838816821575165, 0.5103235244750977]
joint_pos=[0.0, -0.0, -0.0, 0.0, 0.0, 0.0] joint_vel=[-0.09000000357627869, -0.44999998807907104, -0.0, 0.0, 0.0, 0.0] imu_ang_vel=[0.1139867752790451, 0.09694202244281769, 0.17896988987922668] imu_quat_wxyz=[0.860836386680603, -0.027232561260461807, 0.06680621206760406, 0.5037420392036438]
joint_pos=[0.0, -0.0, -0.0, 0.0, 0.0, 0.0] joint_vel=[0.0, -0.0, -0.0, 0.0, 0.0, 0.0] imu_ang_vel=[0.1139867752790451, 0.09694202244281769, 0.17896988987922668] imu_quat_wxyz=[0.860836386680603, -0.027232561260461807, 0.06680621206760406, 0.5037420392036438]
joint_pos=[0.0, -0.0, -0.0, 0.0, 0.0, 0.0] joint_vel=[0.0, -0.18000000715255737, 0.09000000357627869, 0.0, 0.0, 0.0] imu_ang_vel=[0.07563608139753342, 0.11079087853431702, 0.25886714458465576] imu_quat_wxyz=[0.8621603846549988, -0.04154680669307709, 0.08157753199338913, 0.49829548597335815]
joint_pos=[0.0, -0.0, -0.0, 0.0, 0.0, 0.0] joint_vel=[-0.8999999761581421, -0.0, -0.09000000357627869, 0.0, 0.0, 0.0] imu_ang_vel=[0.07563608139753342, 0.11079087853431702, 0.25886714458465576] imu_quat_wxyz=[0.8621603846549988, -0.04154680669307709, 0.08157753199338913, 0.49829548597335815]
joint_pos=[0.0, -0.0, -0.0, 0.0, 0.0, 0.0] joint_vel=[0.36000001430511475, 0.18000000715255737, -0.0, 0.0, 0.0, 0.0] imu_ang_vel=[0.0, 0.15446805953979492, 0.3195890784263611] imu_quat_wxyz=[0.865058422088623, -0.060438986867666245, 0.09609850496053696, 0.4886573851108551]
joint_pos=[0.0, -0.0, -0.0, 0.0, 0.0, 0.0] joint_vel=[-0.7200000286102295, -0.0, 0.09000000357627869, 0.0, 0.0, 0.0] imu_ang_vel=[0.0, 0.15446805953979492, 0.3195890784263611] imu_quat_wxyz=[0.865058422088623, -0.060438986867666245, 0.09609850496053696, 0.4886573851108551]
joint_pos=[0.0, -0.0, -0.0, 0.0, 0.0, 0.0] joint_vel=[-0.27000001072883606, 0.18000000715255737, -0.09000000357627869, 0.0, 0.0, 0.0] imu_ang_vel=[-0.010652969591319561, 0.12357444316148758, 0.3419603109359741] imu_quat_wxyz=[0.8686587810516357, -0.07747919857501984, 0.1071566715836525, 0.47743716835975647]
joint_pos=[0.0, -0.0, -0.0, 0.0, 0.0, 0.0] joint_vel=[1.0800000429153442, -0.09000000357627869, 0.09000000357627869, 0.0, 0.0, 0.0] imu_ang_vel=[-0.010652969591319561, 0.12357444316148758, 0.3419603109359741] imu_quat_wxyz=[0.8686587810516357, -0.07747919857501984, 0.1071566715836525, 0.47743716835975647]
joint_pos=[0.0, -0.0, -0.0, 0.0, 0.0, 0.0] joint_vel=[0.809999942779541, -0.0, -0.09000000357627869, 0.0, 0.0, 0.0] imu_ang_vel=[-0.0468730665743351, 0.057526033371686935, 0.3515479862689972] imu_quat_wxyz=[0.8726763129234314, -0.09459488093852997, 0.11766533553600311, 0.4643736183643341]
joint_pos=[0.0, -0.0, -0.0, 0.0, 0.0, 0.0] joint_vel=[0.6299999952316284, 0.09000000357627869, -0.0, 0.0, 0.0, 0.0] imu_ang_vel=[-0.0468730665743351, 0.057526033371686935, 0.3515479862689972] imu_quat_wxyz=[0.8726763129234314, -0.09459488093852997, 0.11766533553600311, 0.4643736183643341]
joint_pos=[0.0, -0.0, -0.0, 0.0, 0.0, 0.0] joint_vel=[-0.18000000715255737, 0.18000000715255737, -0.18000000715255737, 0.0, 0.0, 0.0] imu_ang_vel=[-0.06391781568527222, 0.0, 0.35793977975845337] imu_quat_wxyz=[0.8755900859832764, -0.10577152669429779, 0.12467337399721146, 0.45454463362693787]
joint_pos=[0.0, -0.0, -0.0, 0.0, 0.0, 0.0] joint_vel=[-0.5400000214576721, 0.18000000715255737, -0.09000000357627869, 0.0, 0.0, 0.0] imu_ang_vel=[-0.06391781568527222, 0.0, 0.35793977975845337] imu_quat_wxyz=[0.8755900859832764, -0.10577152669429779, 0.12467337399721146, 0.45454463362693787]
joint_pos=[0.0, -0.0, -0.0, 0.0, 0.0, 0.0] joint_vel=[-0.36000001430511475, -0.0, 0.09000000357627869, 0.0, 0.0, 0.0] imu_ang_vel=[-0.08309315890073776, -0.03195890784263611, 0.385637491941452] imu_quat_wxyz=[0.8780346512794495, -0.11156906932592392, 0.12825876474380493, 0.4473893642425537]
joint_pos=[0.0, -0.0, -0.0, 0.0, 0.0, 0.0] joint_vel=[-0.09000000357627869, 0.09000000357627869, -0.09000000357627869, 0.0, 0.0, 0.0] imu_ang_vel=[-0.08309315890073776, -0.03195890784263611, 0.385637491941452] imu_quat_wxyz=[0.8780346512794495, -0.11156906932592392, 0.12825876474380493, 0.4473893642425537]
joint_pos=[0.0, -0.0, -0.0, 0.0, 0.0, 0.0] joint_vel=[-0.36000001430511475, -0.0, -0.0, 0.0, 0.0, 0.0] imu_ang_vel=[-0.09907261282205582, -0.03728539124131203, 0.3835068941116333] imu_quat_wxyz=[0.8804505467414856, -0.11379975825548172, 0.12933047115802765, 0.441735178232193]
motion_test: joint 6 returning to start
joint_pos=[0.0, -0.0, -0.0, 0.0, 0.0, 0.0] joint_vel=[-0.7200000286102295, -0.0, -0.0, 0.0, 0.0, 0.0] imu_ang_vel=[-0.09907261282205582, -0.03728539124131203, 0.3835068941116333] imu_quat_wxyz=[0.8804505467414856, -0.11379975825548172, 0.12933047115802765, 0.441735178232193]
joint_pos=[0.0, -0.0, -0.0, 0.0, 0.0, 0.0] joint_vel=[0.18000000715255737, 0.18000000715255737, 0.09000000357627869, 0.0, 0.0, 0.0] imu_ang_vel=[-0.11931325495243073, -0.022371236234903336, 0.37285393476486206] imu_quat_wxyz=[0.8828568458557129, -0.11434237658977509, 0.1290297657251358, 0.4368535280227661]
joint_pos=[0.0, -0.0, -0.0, 0.0, 0.0, 0.0] joint_vel=[-1.1700000762939453, -0.0, -0.18000000715255737, 0.0, 0.0, 0.0] imu_ang_vel=[-0.11931325495243073, -0.022371236234903336, 0.37285393476486206] imu_quat_wxyz=[0.8828568458557129, -0.11434237658977509, 0.1290297657251358, 0.4368535280227661]
joint_pos=[0.0, -0.0, -0.0, 0.0, 0.0, 0.0] joint_vel=[-0.18000000715255737, -0.0, -0.0, 0.0, 0.0, 0.0] imu_ang_vel=[-0.14274978637695312, 0.0, 0.363266259431839] imu_quat_wxyz=[0.8850979208946228, -0.11488375067710876, 0.12830115854740143, 0.43236809968948364]
joint_pos=[0.0, -0.0, -0.0, 0.0, 0.0, 0.0] joint_vel=[-0.44999998807907104, -0.0, 0.09000000357627869, 0.0, 0.0, 0.0] imu_ang_vel=[-0.14274978637695312, 0.0, 0.363266259431839] imu_quat_wxyz=[0.8850979208946228, -0.11488375067710876, 0.12830115854740143, 0.43236809968948364]
joint_pos=[0.0, -0.0, -0.0, 0.0, 0.0, 0.0] joint_vel=[0.0, -0.18000000715255737, -0.09000000357627869, 0.0, 0.0, 0.0] imu_ang_vel=[-0.15872924029827118, 0.0, 0.33556854724884033] imu_quat_wxyz=[0.8871141076087952, -0.11608624458312988, 0.12799251079559326, 0.42798399925231934]
joint_pos=[0.0, -0.0, -0.0, 0.0, 0.0, 0.0] joint_vel=[0.0, -0.27000001072883606, -0.18000000715255737, 0.0, 0.0, 0.0] imu_ang_vel=[-0.15872924029827118, 0.0, 0.33556854724884033] imu_quat_wxyz=[0.8871141076087952, -0.11608624458312988, 0.12799251079559326, 0.42798399925231934]
joint_pos=[0.0, -0.0, -0.0, 0.0, 0.0, 0.0] joint_vel=[-0.44999998807907104, -0.09000000357627869, -0.09000000357627869, 0.0, 0.0, 0.0] imu_ang_vel=[-0.164055734872818, -0.01811004802584648, 0.2844342887401581] imu_quat_wxyz=[0.88904869556427, -0.1174018457531929, 0.12895295023918152, 0.4232969880104065]
joint_pos=[0.0, -0.0, -0.0, 0.0, 0.0, 0.0] joint_vel=[0.0, -0.27000001072883606, -0.09000000357627869, 0.0, 0.0, 0.0] imu_ang_vel=[-0.164055734872818, -0.01811004802584648, 0.2844342887401581] imu_quat_wxyz=[0.88904869556427, -0.1174018457531929, 0.12895295023918152, 0.4232969880104065]
joint_pos=[0.0, -0.0, -0.0, 0.0, 0.0, 0.0] joint_vel=[0.09000000357627869, 0.27000001072883606, -0.0, 0.0, 0.0, 0.0] imu_ang_vel=[-0.15340276062488556, -0.06178722158074379, 0.18323107063770294] imu_quat_wxyz=[0.8917171955108643, -0.11850259453058243, 0.13097289204597473, 0.4167056977748871]
joint_pos=[0.0, -0.0, -0.0, 0.0, 0.0, 0.0] joint_vel=[-0.18000000715255737, 0.09000000357627869, -0.18000000715255737, 0.0, 0.0, 0.0] imu_ang_vel=[-0.15340276062488556, -0.06178722158074379, 0.18323107063770294] imu_quat_wxyz=[0.8917171955108643, -0.11850259453058243, 0.13097289204597473, 0.4167056977748871]
joint_pos=[0.0, -0.0, -0.0, 0.0, 0.0, 0.0] joint_vel=[0.0, -0.09000000357627869, -0.09000000357627869, 0.0, 0.0, 0.0] imu_ang_vel=[-0.14168448746204376, -0.12463974207639694, 0.054330144077539444] imu_quat_wxyz=[0.8964866399765015, -0.12028514593839645, 0.13208746910095215, 0.40545764565467834]
joint_pos=[0.0, -0.0, -0.0, 0.0, 0.0, 0.0] joint_vel=[0.0, -0.0, -0.09000000357627869, 0.0, 0.0, 0.0] imu_ang_vel=[-0.14168448746204376, -0.12463974207639694, 0.054330144077539444] imu_quat_wxyz=[0.8964866399765015, -0.12028514593839645, 0.13208746910095215, 0.40545764565467834]
joint_pos=[0.0, -0.0, -0.0, 0.0, 0.0, 0.0] joint_vel=[0.09000000357627869, -0.09000000357627869, -0.0, 0.0, 0.0, 0.0] imu_ang_vel=[-0.12250914424657822, -0.10120321065187454, -0.07989726960659027] imu_quat_wxyz=[0.904511034488678, -0.1238766610622406, 0.1308850198984146, 0.3865014910697937]
joint_pos=[0.0, -0.0, -0.0, 0.0, 0.0, 0.0] joint_vel=[1.53000009059906, -0.0, 0.09000000357627869, 0.0, 0.0, 0.0] imu_ang_vel=[-0.12250914424657822, -0.10120321065187454, -0.07989726960659027] imu_quat_wxyz=[0.904511034488678, -0.1238766610622406, 0.1308850198984146, 0.3865014910697937]
joint_pos=[0.0, -0.0, -0.0, 0.0, 0.0, 0.0] joint_vel=[0.0, -0.09000000357627869, -0.27000001072883606, 0.0, 0.0, 0.0] imu_ang_vel=[-0.09055023640394211, -0.1289009302854538, -0.15127216279506683] imu_quat_wxyz=[0.9148040413856506, -0.12686142325401306, 0.12841007113456726, 0.361317902803421]
joint_pos=[0.0, -0.0, -0.0, 0.0, 0.0, 0.0] joint_vel=[0.0, 0.18000000715255737, -0.09000000357627869, 0.0, 0.0, 0.0] imu_ang_vel=[-0.09055023640394211, -0.1289009302854538, -0.15127216279506683] imu_quat_wxyz=[0.9148040413856506, -0.12686142325401306, 0.12841007113456726, 0.361317902803421]
joint_pos=[0.0, -0.0, -0.0, 0.0, 0.0, 0.0] joint_vel=[-0.36000001430511475, -0.09000000357627869, -0.18000000715255737, 0.0, 0.0, 0.0] imu_ang_vel=[-0.05539543926715851, -0.09800732135772705, -0.20560230314731598] imu_quat_wxyz=[0.9258257746696472, -0.12610632181167603, 0.12415394932031631, 0.3339606523513794]
joint_pos=[0.0, -0.0, -0.0, 0.0, 0.0, 0.0] joint_vel=[0.18000000715255737, -0.09000000357627869, -0.18000000715255737, 0.0, 0.0, 0.0] imu_ang_vel=[-0.05539543926715851, -0.09800732135772705, -0.20560230314731598] imu_quat_wxyz=[0.9258257746696472, -0.12610632181167603, 0.12415394932031631, 0.3339606523513794]
joint_pos=[0.0, -0.0, -0.0, 0.0, 0.0, 0.0] joint_vel=[0.0, 0.09000000357627869, 0.09000000357627869, 0.0, 0.0, 0.0] imu_ang_vel=[-0.021305939182639122, -0.051134251058101654, -0.2961525619029999] imu_quat_wxyz=[0.9378625750541687, -0.12238723039627075, 0.12178933620452881, 0.30100253224372864]
joint_pos=[0.0, -0.0, -0.0, 0.0, 0.0, 0.0] joint_vel=[0.0, -0.0, -0.0, 0.0, 0.0, 0.0] imu_ang_vel=[-0.021305939182639122, -0.051134251058101654, -0.2961525619029999] imu_quat_wxyz=[0.9378625750541687, -0.12238723039627075, 0.12178933620452881, 0.30100253224372864]
joint_pos=[0.0, -0.0, -0.0, 0.0, 0.0, 0.0] joint_vel=[-0.18000000715255737, -0.27000001072883606, -0.09000000357627869, 0.0, 0.0, 0.0] imu_ang_vel=[0.0, -0.022371236234903336, -0.3685927391052246] imu_quat_wxyz=[0.9495888352394104, -0.11595921963453293, 0.12166105955839157, 0.2646373510360718]
joint_pos=[0.0, -0.0, -0.0, 0.0, 0.0, 0.0] joint_vel=[-0.18000000715255737, 0.09000000357627869, 0.09000000357627869, 0.0, 0.0, 0.0] imu_ang_vel=[0.0, -0.022371236234903336, -0.3685927391052246] imu_quat_wxyz=[0.9495888352394104, -0.11595921963453293, 0.12166105955839157, 0.2646373510360718]
joint_pos=[0.0, -0.0, -0.0, 0.0, 0.0, 0.0] joint_vel=[-0.18000000715255737, -0.18000000715255737, 0.18000000715255737, 0.0, 0.0, 0.0] imu_ang_vel=[0.03622009605169296, -0.021305939182639122, -0.4623388648033142] imu_quat_wxyz=[0.9595631957054138, -0.10856430977582932, 0.12159380316734314, 0.22949303686618805]
joint_pos=[0.0, -0.0, -0.0, 0.0, 0.0, 0.0] joint_vel=[0.27000001072883606, -0.0, -0.18000000715255737, 0.0, 0.0, 0.0] imu_ang_vel=[0.03622009605169296, -0.021305939182639122, -0.4623388648033142] imu_quat_wxyz=[0.9595631957054138, -0.10856430977582932, 0.12159380316734314, 0.22949303686618805]
joint_pos=[0.0, -0.0, -0.0, 0.0, 0.0, 0.0] joint_vel=[0.0, -0.0, -0.18000000715255737, 0.0, 0.0, 0.0] imu_ang_vel=[0.07670138031244278, -0.02024064213037491, -0.5390402674674988] imu_quat_wxyz=[0.9677590131759644, -0.10014890879392624, 0.12076454609632492, 0.19704943895339966]
joint_pos=[0.0, -0.0, -0.0, 0.0, 0.0, 0.0] joint_vel=[0.0, -0.09000000357627869, -0.0, 0.0, 0.0, 0.0] imu_ang_vel=[0.07670138031244278, -0.02024064213037491, -0.5390402674674988] imu_quat_wxyz=[0.9677590131759644, -0.10014890879392624, 0.12076454609632492, 0.19704943895339966]
joint_pos=[0.0, -0.0, -0.0, 0.0, 0.0, 0.0] joint_vel=[0.0, -0.0, -0.0, 0.0, 0.0, 0.0] imu_ang_vel=[0.08735434710979462, -0.030893610790371895, -0.5635420680046082] imu_quat_wxyz=[0.9743219017982483, -0.08948732912540436, 0.11987978219985962, 0.16827864944934845]
joint_pos=[0.0, -0.0, -0.0, 0.0, 0.0, 0.0] joint_vel=[0.0, -0.18000000715255737, -0.0, 0.0, 0.0, 0.0] imu_ang_vel=[0.08735434710979462, -0.030893610790371895, -0.5635420680046082] imu_quat_wxyz=[0.9743219017982483, -0.08948732912540436, 0.11987978219985962, 0.16827864944934845]
joint_pos=[0.0, -0.0, -0.0, 0.0, 0.0, 0.0] joint_vel=[-0.09000000357627869, -0.0, -0.0, 0.0, 0.0, 0.0] imu_ang_vel=[0.09055023640394211, -0.051134251058101654, -0.5411708354949951] imu_quat_wxyz=[0.9793906211853027, -0.07753966748714447, 0.11887604743242264, 0.14370113611221313]
joint_pos=[0.0, -0.0, -0.0, 0.0, 0.0, 0.0] joint_vel=[-0.809999942779541, 0.09000000357627869, -0.0, 0.0, 0.0, 0.0] imu_ang_vel=[0.09055023640394211, -0.051134251058101654, -0.5411708354949951] imu_quat_wxyz=[0.9793906211853027, -0.07753966748714447, 0.11887604743242264, 0.14370113611221313]
joint_pos=[0.0, -0.0, -0.0, 0.0, 0.0, 0.0] joint_vel=[-1.0800000429153442, -0.09000000357627869, -0.0, 0.0, 0.0, 0.0] imu_ang_vel=[0.09694202244281769, 0.0, -0.5166690349578857] imu_quat_wxyz=[0.9831523895263672, -0.06717382371425629, 0.1175735741853714, 0.12278257310390472]
joint_pos=[0.0, -0.0, -0.0, 0.0, 0.0, 0.0] joint_vel=[0.09000000357627869, -0.18000000715255737, -0.0, 0.0, 0.0, 0.0] imu_ang_vel=[0.09694202244281769, 0.0, -0.5166690349578857] imu_quat_wxyz=[0.9831523895263672, -0.06717382371425629, 0.1175735741853714, 0.12278257310390472]
joint_pos=[0.0, -0.0, -0.0, 0.0, 0.0, 0.0] joint_vel=[-0.5400000214576721, -0.09000000357627869, -0.0, 0.0, 0.0, 0.0] imu_ang_vel=[0.11931325495243073, 0.0, -0.5124078392982483] imu_quat_wxyz=[0.9845901727676392, -0.06260880827903748, 0.11745651066303253, 0.11342965811491013]
joint_pos=[0.0, -0.0, -0.0, 0.0, 0.0, 0.0] joint_vel=[-0.6299999952316284, -0.18000000715255737, -0.18000000715255737, 0.0, 0.0, 0.0] imu_ang_vel=[0.11931325495243073, 0.0, -0.5124078392982483] imu_quat_wxyz=[0.9845901727676392, -0.06260880827903748, 0.11745651066303253, 0.11342965811491013]
joint_pos=[0.0, -0.0, -0.0, 0.0, 0.0, 0.0] joint_vel=[1.2599999904632568, 0.09000000357627869, 0.27000001072883606, 0.0, 0.0, 0.0] imu_ang_vel=[0.1374233067035675, -0.02663242258131504, -0.521995484828949] imu_quat_wxyz=[0.9864692091941833, -0.05551079660654068, 0.11692984402179718, 0.10062041878700256]
joint_pos=[0.0, -0.0, -0.0, 0.0, 0.0, 0.0] joint_vel=[1.1700000762939453, -0.18000000715255737, -0.0, 0.0, 0.0, 0.0] imu_ang_vel=[0.1374233067035675, -0.02663242258131504, -0.521995484828949] imu_quat_wxyz=[0.9864692091941833, -0.05551079660654068, 0.11692984402179718, 0.10062041878700256]
joint_pos=[0.0, -0.0, -0.0, 0.0, 0.0, 0.0] joint_vel=[-0.36000001430511475, -0.09000000357627869, -0.36000001430511475, 0.0, 0.0, 0.0] imu_ang_vel=[0.15659864246845245, -0.03622009605169296, -0.5038854479789734] imu_quat_wxyz=[0.9885750412940979, -0.045477114617824554, 0.11542369425296783, 0.08560656011104584]
joint_pos=[0.0, -0.0, -0.0, 0.0, 0.0, 0.0] joint_vel=[0.809999942779541, 0.27000001072883606, -0.0, 0.0, 0.0, 0.0] imu_ang_vel=[0.15659864246845245, -0.03622009605169296, -0.5038854479789734] imu_quat_wxyz=[0.9885750412940979, -0.045477114617824554, 0.11542369425296783, 0.08560656011104584]
joint_pos=[0.0, -0.0, -0.0, 0.0, 0.0, 0.0] joint_vel=[-0.6299999952316284, 0.18000000715255737, -0.0, 0.0, 0.0, 0.0] imu_ang_vel=[0.1523374617099762, -0.025567125529050827, -0.4442288279533386] imu_quat_wxyz=[0.9901324510574341, -0.03603443130850792, 0.11381836235523224, 0.07337923347949982]
joint_pos=[0.0, -0.0, -0.0, 0.0, 0.0, 0.0] joint_vel=[-1.350000023841858, -0.27000001072883606, -0.0, 0.0, 0.0, 0.0] imu_ang_vel=[0.1523374617099762, -0.025567125529050827, -0.4442288279533386] imu_quat_wxyz=[0.9901324510574341, -0.03603443130850792, 0.11381836235523224, 0.07337923347949982]
joint_pos=[0.0, -0.0, -0.0, 0.0, 0.0, 0.0] joint_vel=[-0.5400000214576721, -0.0, -0.0, 0.0, 0.0, 0.0] imu_ang_vel=[0.1491415649652481, -0.013848859816789627, -0.3898986876010895] imu_quat_wxyz=[0.9912436008453369, -0.027326639741659164, 0.11235491186380386, 0.06376340985298157]
joint_pos=[0.0, -0.0, -0.0, 0.0, 0.0, 0.0] joint_vel=[0.09000000357627869, 0.36000001430511475, -0.09000000357627869, 0.0, 0.0, 0.0] imu_ang_vel=[0.1491415649652481, -0.013848859816789627, -0.3898986876010895] imu_quat_wxyz=[0.9912436008453369, -0.027326639741659164, 0.11235491186380386, 0.06376340985298157]
joint_pos=[0.0, -0.0, -0.0, 0.0, 0.0, 0.0] joint_vel=[-0.09000000357627869, -0.0, -0.18000000715255737, 0.0, 0.0, 0.0] imu_ang_vel=[0.15020686388015747, 0.0, -0.350482702255249] imu_quat_wxyz=[0.9920185208320618, -0.0199124775826931, 0.11124000698328018, 0.0559316910803318]
joint_pos=[0.0, -0.0, -0.0, 0.0, 0.0, 0.0] joint_vel=[0.8999999761581421, -0.0, -0.27000001072883606, 0.0, 0.0, 0.0] imu_ang_vel=[0.15020686388015747, 0.0, -0.350482702255249] imu_quat_wxyz=[0.9920185208320618, -0.0199124775826931, 0.11124000698328018, 0.0559316910803318]
joint_pos=[0.0, -0.0, -0.0, 0.0, 0.0, 0.0] joint_vel=[-1.53000009059906, 0.27000001072883606, 0.18000000715255737, 0.0, 0.0, 0.0] imu_ang_vel=[0.1459456831216812, 0.01491415686905384, -0.2833689749240875] imu_quat_wxyz=[0.9925206303596497, -0.013669571839272976, 0.11052372306585312, 0.05000331252813339]
joint_pos=[0.0, -0.0, -0.0, 0.0, 0.0, 0.0] joint_vel=[0.5400000214576721, -0.18000000715255737, 0.09000000357627869, 0.0, 0.0, 0.0] imu_ang_vel=[0.1459456831216812, 0.01491415686905384, -0.2833689749240875] imu_quat_wxyz=[0.9925206303596497, -0.013669571839272976, 0.11052372306585312, 0.05000331252813339]
joint_pos=[0.0, -0.0, -0.0, 0.0, 0.0, 0.0] joint_vel=[1.2599999904632568, -0.36000001430511475, -0.09000000357627869, 0.0, 0.0, 0.0] imu_ang_vel=[0.1374233067035675, 0.027697719633579254, -0.2311694324016571] imu_quat_wxyz=[0.9928277730941772, -0.008215485140681267, 0.11009703576564789, 0.04586958885192871]
joint_pos=[0.0, -0.0, -0.0, 0.0, 0.0, 0.0] joint_vel=[0.5400000214576721, 0.18000000715255737, -0.0, 0.0, 0.0, 0.0] imu_ang_vel=[0.1374233067035675, 0.027697719633579254, -0.2311694324016571] imu_quat_wxyz=[0.9928277730941772, -0.008215485140681267, 0.11009703576564789, 0.04586958885192871]
joint_pos=[0.0, -0.0, -0.0, 0.0, 0.0, 0.0] joint_vel=[0.809999942779541, -0.18000000715255737, -0.27000001072883606, 0.0, 0.0, 0.0] imu_ang_vel=[0.1257050335407257, 0.03835069015622139, -0.17044751346111298] imu_quat_wxyz=[0.992957592010498, -0.0033341581001877785, 0.11023927479982376, 0.04325954243540764]
joint_pos=[0.0, -0.0, -0.0, 0.0, 0.0, 0.0] joint_vel=[-1.1700000762939453, -0.0, -0.18000000715255737, 0.0, 0.0, 0.0] imu_ang_vel=[0.1257050335407257, 0.03835069015622139, -0.17044751346111298] imu_quat_wxyz=[0.992957592010498, -0.0033341581001877785, 0.11023927479982376, 0.04325954243540764]
joint_pos=[0.0, -0.0, -0.0, 0.0, 0.0, 0.0] joint_vel=[-0.36000001430511475, 0.27000001072883606, -0.27000001072883606, 0.0, 0.0, 0.0] imu_ang_vel=[0.11505206674337387, 0.04474247246980667, -0.11079087853431702] imu_quat_wxyz=[0.9929397106170654, 0.00042020680848509073, 0.11090274900197983, 0.04208310320973396]
joint_pos=[0.0, -0.0, -0.0, 0.0, 0.0, 0.0] joint_vel=[-0.809999942779541, -0.09000000357627869, 0.18000000715255737, 0.0, 0.0, 0.0] imu_ang_vel=[0.11505206674337387, 0.04474247246980667, -0.11079087853431702] imu_quat_wxyz=[0.9929397106170654, 0.00042020680848509073, 0.11090274900197983, 0.04208310320973396]
joint_pos=[0.0, -0.0, -0.0, 0.0, 0.0, 0.0] joint_vel=[-0.6299999952316284, -0.18000000715255737, -0.09000000357627869, 0.0, 0.0, 0.0] imu_ang_vel=[0.1054643988609314, 0.04367717355489731, -0.049003660678863525] imu_quat_wxyz=[0.9928305149078369, 0.0028568292036652565, 0.11180883646011353, 0.04216771945357323]
joint_pos=[0.0, -0.0, -0.0, 0.0, 0.0, 0.0] joint_vel=[0.5400000214576721, -0.0, -0.09000000357627869, 0.0, 0.0, 0.0] imu_ang_vel=[0.1054643988609314, 0.04367717355489731, -0.049003660678863525] imu_quat_wxyz=[0.9928305149078369, 0.0028568292036652565, 0.11180883646011353, 0.04216771945357323]
joint_pos=[0.0, -0.0, -0.0, 0.0, 0.0, 0.0] joint_vel=[-0.18000000715255737, 0.09000000357627869, -0.0, 0.0, 0.0, 0.0] imu_ang_vel=[0.08415845781564713, 0.034089501947164536, 0.011718266643583775] imu_quat_wxyz=[0.9926283955574036, 0.005784470122307539, 0.11305296421051025, 0.04329286515712738]
joint_pos=[0.0, -0.0, -0.0, 0.0, 0.0, 0.0] joint_vel=[0.9900000095367432, 0.27000001072883606, -0.0, 0.0, 0.0, 0.0] imu_ang_vel=[0.08415845781564713, 0.034089501947164536, 0.011718266643583775] imu_quat_wxyz=[0.9926283955574036, 0.005784470122307539, 0.11305296421051025, 0.04329286515712738]
joint_pos=[0.0, -0.0, -0.0, 0.0, 0.0, 0.0] joint_vel=[0.9900000095367432, -0.27000001072883606, -0.0, 0.0, 0.0, 0.0] imu_ang_vel=[0.06178722158074379, 0.025567125529050827, 0.0703095942735672] imu_quat_wxyz=[0.9924449920654297, 0.007840342819690704, 0.11381055414676666, 0.04514939337968826]
joint_pos=[0.0, -0.0, -0.0, 0.0, 0.0, 0.0] joint_vel=[-0.44999998807907104, -0.0, -0.0, 0.0, 0.0, 0.0] imu_ang_vel=[0.06178722158074379, 0.025567125529050827, 0.0703095942735672] imu_quat_wxyz=[0.9924449920654297, 0.007840342819690704, 0.11381055414676666, 0.04514939337968826]
joint_pos=[0.0, -0.0, -0.0, 0.0, 0.0, 0.0] joint_vel=[0.9900000095367432, 0.09000000357627869, -0.09000000357627869, 0.0, 0.0, 0.0] imu_ang_vel=[0.0351547971367836, 0.021305939182639122, 0.12783563137054443] imu_quat_wxyz=[0.9923000931739807, 0.009013180620968342, 0.11390126496553421, 0.04780905321240425]
joint_pos=[0.0, -0.0, -0.0, 0.0, 0.0, 0.0] joint_vel=[0.44999998807907104, -0.0, -0.18000000715255737, 0.0, 0.0, 0.0] imu_ang_vel=[0.0351547971367836, 0.021305939182639122, 0.12783563137054443] imu_quat_wxyz=[0.9923000931739807, 0.009013180620968342, 0.11390126496553421, 0.04780905321240425]
joint_pos=[0.0, -0.0, -0.0, 0.0, 0.0, 0.0] joint_vel=[-1.709999918937683, -0.0, 0.27000001072883606, 0.0, 0.0, 0.0] imu_ang_vel=[0.0, 0.022371236234903336, 0.18323107063770294] imu_quat_wxyz=[0.9921762347221375, 0.009349554777145386, 0.11351671814918518, 0.051116518676280975]
joint_pos=[0.0, -0.0, -0.0, 0.0, 0.0, 0.0] joint_vel=[1.1700000762939453, -0.0, -0.0, 0.0, 0.0, 0.0] imu_ang_vel=[0.0, 0.022371236234903336, 0.18323107063770294] imu_quat_wxyz=[0.9921762347221375, 0.009349554777145386, 0.11351671814918518, 0.051116518676280975]
joint_pos=[0.0, -0.0, -0.0, 0.0, 0.0, 0.0] joint_vel=[-0.44999998807907104, -0.18000000715255737, -0.18000000715255737, 0.0, 0.0, 0.0] imu_ang_vel=[-0.019175345078110695, 0.024501830339431763, 0.23330003023147583] imu_quat_wxyz=[0.992031455039978, 0.009187055751681328, 0.11302530765533447, 0.05490357056260109]
joint_pos=[0.0, -0.0, -0.0, 0.0, 0.0, 0.0] joint_vel=[-1.619999885559082, -0.0, -0.0, 0.0, 0.0, 0.0] imu_ang_vel=[-0.019175345078110695, 0.024501830339431763, 0.23330003023147583] imu_quat_wxyz=[0.992031455039978, 0.009187055751681328, 0.11302530765533447, 0.05490357056260109]
joint_pos=[0.0, -0.0, -0.0, 0.0, 0.0, 0.0] joint_vel=[0.0, -0.0, -0.27000001072883606, 0.0, 0.0, 0.0] imu_ang_vel=[-0.045807767659425735, 0.025567125529050827, 0.27910780906677246] imu_quat_wxyz=[0.9918139576911926, 0.008439486846327782, 0.1128496453166008, 0.059149421751499176]
joint_pos=[0.0, -0.0, -0.0, 0.0, 0.0, 0.0] joint_vel=[0.18000000715255737, -0.0, -0.0, 0.0, 0.0, 0.0] imu_ang_vel=[-0.045807767659425735, 0.025567125529050827, 0.27910780906677246] imu_quat_wxyz=[0.9918139576911926, 0.008439486846327782, 0.1128496453166008, 0.059149421751499176]
joint_pos=[0.0, -0.0, -0.0, 0.0, 0.0, 0.0] joint_vel=[0.0, -0.0, -0.0, 0.0, 0.0, 0.0] imu_ang_vel=[-0.06924430280923843, 0.022371236234903336, 0.322784960269928] imu_quat_wxyz=[0.9915270209312439, 0.006961198523640633, 0.11306563764810562, 0.06357474625110626]
joint_pos=[0.0, -0.0, -0.0, 0.0, 0.0, 0.0] joint_vel=[0.0, 0.27000001072883606, -0.0, 0.0, 0.0, 0.0] imu_ang_vel=[-0.06924430280923843, 0.022371236234903336, 0.322784960269928] imu_quat_wxyz=[0.9915270209312439, 0.006961198523640633, 0.11306563764810562, 0.06357474625110626]
joint_pos=[0.0, -0.0, -0.0, 0.0, 0.0, 0.0] joint_vel=[0.7200000286102295, -0.0, 0.09000000357627869, 0.0, 0.0, 0.0] imu_ang_vel=[-0.08735434710979462, 0.013848859816789627, 0.363266259431839] imu_quat_wxyz=[0.9912048578262329, 0.0047465902753174305, 0.11342137306928635, 0.06801378726959229]
joint_pos=[0.0, -0.0, -0.0, 0.0, 0.0, 0.0] joint_vel=[0.18000000715255737, 0.18000000715255737, 0.18000000715255737, 0.0, 0.0, 0.0] imu_ang_vel=[-0.08735434710979462, 0.013848859816789627, 0.363266259431839] imu_quat_wxyz=[0.9912048578262329, 0.0047465902753174305, 0.11342137306928635, 0.06801378726959229]
joint_pos=[0.0, -0.0, -0.0, 0.0, 0.0, 0.0] joint_vel=[0.9900000095367432, 0.09000000357627869, -0.0, 0.0, 0.0, 0.0] imu_ang_vel=[-0.10120321065187454, 0.0, 0.398421049118042] imu_quat_wxyz=[0.9908978939056396, 0.0022583617828786373, 0.11338096112012863, 0.07253243774175644]
joint_pos=[0.0, -0.0, -0.0, 0.0, 0.0, 0.0] joint_vel=[-0.09000000357627869, -0.0, -0.0, 0.0, 0.0, 0.0] imu_ang_vel=[-0.10120321065187454, 0.0, 0.398421049118042] imu_quat_wxyz=[0.9908978939056396, 0.0022583617828786373, 0.11338096112012863, 0.07253243774175644]
joint_pos=[0.0, -0.0, -0.0, 0.0, 0.0, 0.0] joint_vel=[1.709999918937683, 0.09000000357627869, -0.0, 0.0, 0.0, 0.0] imu_ang_vel=[-0.11611736565828323, 0.0, 0.42611876130104065] imu_quat_wxyz=[0.9905866980552673, 1.3668443898495752e-05, 0.11314132809638977, 0.07705219835042953]
joint_pos=[0.0, -0.0, -0.0, 0.0, 0.0, 0.0] joint_vel=[1.1700000762939453, -0.09000000357627869, 0.09000000357627869, 0.0, 0.0, 0.0] imu_ang_vel=[-0.11611736565828323, 0.0, 0.42611876130104065] imu_quat_wxyz=[0.9905866980552673, 1.3668443898495752e-05, 0.11314132809638977, 0.07705219835042953]
motion_test: complete; holding initial positions (press Ctrl+C to stop)
joint_pos=[0.0, -0.0, -0.0, 0.0, 0.0, 0.0] joint_vel=[-0.09000000357627869, -0.0, -0.0, 0.0, 0.0, 0.0] imu_ang_vel=[-0.13422740995883942, -0.010652969591319561, 0.4474247097969055] imu_quat_wxyz=[0.9902796745300293, -0.001986178569495678, 0.11274898052215576, 0.08142469078302383]
joint_pos=[0.0, -0.0, -0.0, 0.0, 0.0, 0.0] joint_vel=[0.18000000715255737, 0.18000000715255737, -0.0, 0.0, 0.0, 0.0] imu_ang_vel=[-0.13422740995883942, -0.010652969591319561, 0.4474247097969055] imu_quat_wxyz=[0.9902796745300293, -0.001986178569495678, 0.11274898052215576, 0.08142469078302383]
joint_pos=[0.0, -0.0, -0.0, 0.0, 0.0, 0.0] joint_vel=[0.7200000286102295, -0.18000000715255737, -0.36000001430511475, 0.0, 0.0, 0.0] imu_ang_vel=[-0.1491415649652481, -0.017044750973582268, 0.45807766914367676] imu_quat_wxyz=[0.9900100231170654, -0.004232852719724178, 0.11203324794769287, 0.08550246059894562]
joint_pos=[0.0, -0.0, -0.0, 0.0, 0.0, 0.0] joint_vel=[1.2599999904632568, -0.0, 0.18000000715255737, 0.0, 0.0, 0.0] imu_ang_vel=[-0.1491415649652481, -0.017044750973582268, 0.45807766914367676] imu_quat_wxyz=[0.9900100231170654, -0.004232852719724178, 0.11203324794769287, 0.08550246059894562]
joint_pos=[0.0, -0.0, -0.0, 0.0, 0.0, 0.0] joint_vel=[-0.18000000715255737, -0.09000000357627869, -0.09000000357627869, 0.0, 0.0, 0.0] imu_ang_vel=[-0.15872924029827118, -0.022371236234903336, 0.45807766914367676] imu_quat_wxyz=[0.9898295998573303, -0.006094528362154961, 0.11140131205320358, 0.08825990557670593]
joint_pos=[0.0, -0.0, -0.0, 0.0, 0.0, 0.0] joint_vel=[0.09000000357627869, -0.18000000715255737, -0.09000000357627869, 0.0, 0.0, 0.0] imu_ang_vel=[-0.15872924029827118, -0.022371236234903336, 0.45807766914367676] imu_quat_wxyz=[0.9898295998573303, -0.006094528362154961, 0.11140131205320358, 0.08825990557670593]
joint_pos=[0.0, -0.0, -0.0, 0.0, 0.0, 0.0] joint_vel=[0.09000000357627869, -0.0, 0.18000000715255737, 0.0, 0.0, 0.0] imu_ang_vel=[-0.16618631780147552, -0.021305939182639122, 0.4506205916404724] imu_quat_wxyz=[0.9896078109741211, -0.008505793288350105, 0.11061283946037292, 0.09148082137107849]
joint_pos=[0.0, -0.0, -0.0, 0.0, 0.0, 0.0] joint_vel=[0.0, 0.09000000357627869, 0.18000000715255737, 0.0, 0.0, 0.0] imu_ang_vel=[-0.16618631780147552, -0.021305939182639122, 0.4506205916404724] imu_quat_wxyz=[0.9896078109741211, -0.008505793288350105, 0.11061283946037292, 0.09148082137107849]
joint_pos=[0.0, -0.0, -0.0, 0.0, 0.0, 0.0] joint_vel=[-0.09000000357627869, 0.09000000357627869, 0.27000001072883606, 0.0, 0.0, 0.0] imu_ang_vel=[-0.18323107063770294, 0.0, 0.474057137966156] imu_quat_wxyz=[0.9893024563789368, -0.010659486055374146, 0.11065622419118881, 0.09445670247077942]
joint_pos=[0.0, -0.0, -0.0, 0.0, 0.0, 0.0] joint_vel=[0.0, -0.0, -0.0, 0.0, 0.0, 0.0] imu_ang_vel=[-0.18323107063770294, 0.0, 0.474057137966156] imu_quat_wxyz=[0.9893024563789368, -0.010659486055374146, 0.11065622419118881, 0.09445670247077942]
joint_pos=[0.0, -0.0, -0.0, 0.0, 0.0, 0.0] joint_vel=[0.09000000357627869, -0.0, -0.0, 0.0, 0.0, 0.0] imu_ang_vel=[-0.18855755031108856, -0.012783562764525414, 0.46446946263313293] imu_quat_wxyz=[0.9890270829200745, -0.013036210089921951, 0.11063336580991745, 0.09703397005796432]
joint_pos=[0.0, -0.0, -0.0, 0.0, 0.0, 0.0] joint_vel=[0.09000000357627869, -0.0, 0.09000000357627869, 0.0, 0.0, 0.0] imu_ang_vel=[-0.18855755031108856, -0.012783562764525414, 0.46446946263313293] imu_quat_wxyz=[0.9890270829200745, -0.013036210089921951, 0.11063336580991745, 0.09703397005796432]
joint_pos=[0.0, -0.0, -0.0, 0.0, 0.0, 0.0] joint_vel=[0.27000001072883606, -0.36000001430511475, 0.09000000357627869, 0.0, 0.0, 0.0] imu_ang_vel=[-0.1757739931344986, -0.017044750973582268, 0.3898986876010895] imu_quat_wxyz=[0.9889146089553833, -0.014960315078496933, 0.11060207337141037, 0.09793506562709808]
joint_pos=[0.0, -0.0, -0.0, 0.0, 0.0, 0.0] joint_vel=[0.0, -0.0, -0.0, 0.0, 0.0, 0.0] imu_ang_vel=[-0.1757739931344986, -0.017044750973582268, 0.3898986876010895] imu_quat_wxyz=[0.9889146089553833, -0.014960315078496933, 0.11060207337141037, 0.09793506562709808]
joint_pos=[0.0, -0.0, -0.0, 0.0, 0.0, 0.0] joint_vel=[-0.18000000715255737, -0.18000000715255737, -0.0, 0.0, 0.0, 0.0] imu_ang_vel=[-0.15766394138336182, -0.02024064213037491, 0.31426259875297546] imu_quat_wxyz=[0.988886296749115, -0.017258895561099052, 0.11088505387306213, 0.09752162545919418]
joint_pos=[0.0, -0.0, -0.0, 0.0, 0.0, 0.0] joint_vel=[0.09000000357627869, -0.18000000715255737, -0.0, 0.0, 0.0, 0.0] imu_ang_vel=[-0.15766394138336182, -0.02024064213037491, 0.31426259875297546] imu_quat_wxyz=[0.988886296749115, -0.017258895561099052, 0.11088505387306213, 0.09752162545919418]
joint_pos=[0.0, -0.0, -0.0, 0.0, 0.0, 0.0] joint_vel=[-0.18000000715255737, 0.09000000357627869, 0.09000000357627869, 0.0, 0.0, 0.0] imu_ang_vel=[-0.12357444316148758, -0.019175345078110695, 0.20666760206222534] imu_quat_wxyz=[0.9891060590744019, -0.01936165988445282, 0.1105591431260109, 0.09524166584014893]
joint_pos=[0.0, -0.0, -0.0, 0.0, 0.0, 0.0] joint_vel=[0.0, -0.18000000715255737, 0.09000000357627869, 0.0, 0.0, 0.0] imu_ang_vel=[-0.12357444316148758, -0.019175345078110695, 0.20666760206222534] imu_quat_wxyz=[0.9891060590744019, -0.01936165988445282, 0.1105591431260109, 0.09524166584014893]
joint_pos=[0.0, -0.0, -0.0, 0.0, 0.0, 0.0] joint_vel=[0.6299999952316284, -0.09000000357627869, -0.0, 0.0, 0.0, 0.0] imu_ang_vel=[-0.07776667922735214, -0.027697719633579254, 0.09481142461299896] imu_quat_wxyz=[0.9895976781845093, -0.020622804760932922, 0.10941891372203827, 0.09109669178724289]
joint_pos=[0.0, -0.0, -0.0, 0.0, 0.0, 0.0] joint_vel=[0.0, -0.09000000357627869, 0.09000000357627869, 0.0, 0.0, 0.0] imu_ang_vel=[-0.07776667922735214, -0.027697719633579254, 0.09481142461299896] imu_quat_wxyz=[0.9895976781845093, -0.020622804760932922, 0.10941891372203827, 0.09109669178724289]
joint_pos=[0.0, -0.0, -0.0, 0.0, 0.0, 0.0] joint_vel=[0.0, 0.09000000357627869, -0.0, 0.0, 0.0, 0.0] imu_ang_vel=[-0.045807767659425735, -0.013848859816789627, 0.04367717355489731] imu_quat_wxyz=[0.9902995824813843, -0.020266994833946228, 0.10712885856628418, 0.08613607287406921]
joint_pos=[0.0, -0.0, -0.0, 0.0, 0.0, 0.0] joint_vel=[0.0, -0.0, -0.09000000357627869, 0.0, 0.0, 0.0] imu_ang_vel=[-0.045807767659425735, -0.013848859816789627, 0.04367717355489731] imu_quat_wxyz=[0.9902995824813843, -0.020266994833946228, 0.10712885856628418, 0.08613607287406921]
joint_pos=[0.0, -0.0, -0.0, 0.0, 0.0, 0.0] joint_vel=[0.18000000715255737, -0.09000000357627869, 0.09000000357627869, 0.0, 0.0, 0.0] imu_ang_vel=[-0.011718266643583775, 0.025567125529050827, -0.04367717355489731] imu_quat_wxyz=[0.9910358786582947, -0.01910579390823841, 0.10513977706432343, 0.08017663657665253]
joint_pos=[0.0, -0.0, -0.0, 0.0, 0.0, 0.0] joint_vel=[0.0, -0.0, -0.09000000357627869, 0.0, 0.0, 0.0] imu_ang_vel=[-0.011718266643583775, 0.025567125529050827, -0.04367717355489731] imu_quat_wxyz=[0.9910358786582947, -0.01910579390823841, 0.10513977706432343, 0.08017663657665253]
joint_pos=[0.0, -0.0, -0.0, 0.0, 0.0, 0.0] joint_vel=[0.18000000715255737, 0.09000000357627869, 0.09000000357627869, 0.0, 0.0, 0.0] imu_ang_vel=[0.025567125529050827, 0.05219954997301102, -0.15340276062488556] imu_quat_wxyz=[0.9916672706604004, -0.017162693664431572, 0.10474468022584915, 0.07300648093223572]
joint_pos=[0.0, -0.0, -0.0, 0.0, 0.0, 0.0] joint_vel=[0.0, -0.0, 0.27000001072883606, 0.0, 0.0, 0.0] imu_ang_vel=[0.025567125529050827, 0.05219954997301102, -0.15340276062488556] imu_quat_wxyz=[0.9916672706604004, -0.017162693664431572, 0.10474468022584915, 0.07300648093223572]
joint_pos=[0.0, -0.0, -0.0, 0.0, 0.0, 0.0] joint_vel=[-0.27000001072883606, -0.18000000715255737, -0.09000000357627869, 0.0, 0.0, 0.0] imu_ang_vel=[0.05646073818206787, 0.06498311460018158, -0.22903883457183838] imu_quat_wxyz=[0.9920076131820679, -0.015530519187450409, 0.10576316714286804, 0.06703666597604752]
joint_pos=[0.0, -0.0, -0.0, 0.0, 0.0, 0.0] joint_vel=[0.0, -0.0, -0.09000000357627869, 0.0, 0.0, 0.0] imu_ang_vel=[0.05646073818206787, 0.06498311460018158, -0.22903883457183838] imu_quat_wxyz=[0.9920076131820679, -0.015530519187450409, 0.10576316714286804, 0.06703666597604752]
joint_pos=[0.0, -0.0, -0.0, 0.0, 0.0, 0.0] joint_vel=[0.0, 0.09000000357627869, -0.0, 0.0, 0.0, 0.0] imu_ang_vel=[0.08309315890073776, 0.0585913322865963, -0.28549957275390625] imu_quat_wxyz=[0.9923248887062073, -0.012990514747798443, 0.10798679292201996, 0.0588340125977993]
joint_pos=[0.0, -0.0, -0.0, 0.0, 0.0, 0.0] joint_vel=[0.0, -0.0, -0.0, 0.0, 0.0, 0.0] imu_ang_vel=[0.08309315890073776, 0.0585913322865963, -0.28549957275390625] imu_quat_wxyz=[0.9923248887062073, -0.012990514747798443, 0.10798679292201996, 0.0588340125977993]
joint_pos=[0.0, -0.0, -0.0, 0.0, 0.0, 0.0] joint_vel=[0.0, -0.0, -0.0, 0.0, 0.0, 0.0] imu_ang_vel=[0.09268083423376083, 0.03195890784263611, -0.30254432559013367] imu_quat_wxyz=[0.9925251007080078, -0.009290996007621288, 0.11029808968305588, 0.05139894783496857]
joint_pos=[0.0, -0.0, -0.0, 0.0, 0.0, 0.0] joint_vel=[0.0, 0.09000000357627869, -0.0, 0.0, 0.0, 0.0] imu_ang_vel=[0.09268083423376083, 0.03195890784263611, -0.30254432559013367] imu_quat_wxyz=[0.9925251007080078, -0.009290996007621288, 0.11029808968305588, 0.05139894783496857]
joint_pos=[0.0, -0.0, -0.0, 0.0, 0.0, 0.0] joint_vel=[-0.7200000286102295, -0.0, -0.18000000715255737, 0.0, 0.0, 0.0] imu_ang_vel=[0.09055023640394211, 0.03302420675754547, -0.2982831299304962] imu_quat_wxyz=[0.992697536945343, -0.00567850423976779, 0.11173629015684128, 0.04510284587740898]
joint_pos=[0.0, -0.0, -0.0, 0.0, 0.0, 0.0] joint_vel=[0.0, 0.09000000357627869, -0.09000000357627869, 0.0, 0.0, 0.0] imu_ang_vel=[0.09055023640394211, 0.03302420675754547, -0.2982831299304962] imu_quat_wxyz=[0.992697536945343, -0.00567850423976779, 0.11173629015684128, 0.04510284587740898]
joint_pos=[0.0, -0.0, -0.0, 0.0, 0.0, 0.0] joint_vel=[0.5400000214576721, -0.0, -0.0, 0.0, 0.0, 0.0] imu_ang_vel=[0.10972558706998825, 0.04154657945036888, -0.33556854724884033] imu_quat_wxyz=[0.9927784204483032, -0.0034258209634572268, 0.1133032962679863, 0.039263274520635605]
joint_pos=[0.0, -0.0, -0.0, 0.0, 0.0, 0.0] joint_vel=[1.53000009059906, 0.09000000357627869, -0.09000000357627869, 0.0, 0.0, 0.0] imu_ang_vel=[0.10972558706998825, 0.04154657945036888, -0.33556854724884033] imu_quat_wxyz=[0.9927784204483032, -0.0034258209634572268, 0.1133032962679863, 0.039263274520635605]
joint_pos=[0.0, -0.0, -0.0, 0.0, 0.0, 0.0] joint_vel=[-1.7999999523162842, 0.09000000357627869, -0.0, 0.0, 0.0, 0.0] imu_ang_vel=[0.13103152811527252, 0.0, -0.3568744659423828] imu_quat_wxyz=[0.9928642511367798, -0.0008812677697278559, 0.11433544754981995, 0.033869702368974686]
joint_pos=[0.0, -0.0, -0.0, 0.0, 0.0, 0.0] joint_vel=[-0.8999999761581421, -0.0, -0.0, 0.0, 0.0, 0.0] imu_ang_vel=[0.13103152811527252, 0.0, -0.3568744659423828] imu_quat_wxyz=[0.9928642511367798, -0.0008812677697278559, 0.11433544754981995, 0.033869702368974686]
joint_pos=[0.0, -0.0, -0.0, 0.0, 0.0, 0.0] joint_vel=[0.8999999761581421, -0.0, -0.0, 0.0, 0.0, 0.0] imu_ang_vel=[0.13848860561847687, -0.01811004802584648, -0.35580918192863464] imu_quat_wxyz=[0.9929850697517395, 0.0024629647377878428, 0.11454953253269196, 0.029206497594714165]
joint_pos=[0.0, -0.0, -0.0, 0.0, 0.0, 0.0] joint_vel=[1.2599999904632568, 0.27000001072883606, -0.18000000715255737, 0.0, 0.0, 0.0] imu_ang_vel=[0.13848860561847687, -0.01811004802584648, -0.35580918192863464] imu_quat_wxyz=[0.9929850697517395, 0.0024629647377878428, 0.11454953253269196, 0.029206497594714165]
joint_pos=[0.0, -0.0, -0.0, 0.0, 0.0, 0.0] joint_vel=[-1.2599999904632568, -0.0, -0.09000000357627869, 0.0, 0.0, 0.0] imu_ang_vel=[0.13529270887374878, -0.028763016685843468, -0.3345032334327698] imu_quat_wxyz=[0.993150532245636, 0.005743560381233692, 0.11390028893947601, 0.025410160422325134]
joint_pos=[0.0, -0.0, -0.0, 0.0, 0.0, 0.0] joint_vel=[0.36000001430511475, -0.0, -0.09000000357627869, 0.0, 0.0, 0.0] imu_ang_vel=[0.13529270887374878, -0.028763016685843468, -0.3345032334327698] imu_quat_wxyz=[0.993150532245636, 0.005743560381233692, 0.11390028893947601, 0.025410160422325134]
joint_pos=[0.0, -0.0, -0.0, 0.0, 0.0, 0.0] joint_vel=[0.09000000357627869, -0.27000001072883606, -0.09000000357627869, 0.0, 0.0, 0.0] imu_ang_vel=[0.12783563137054443, -0.027697719633579254, -0.2950872480869293] imu_quat_wxyz=[0.9933009743690491, 0.008791003376245499, 0.11292672157287598, 0.02287423610687256]
joint_pos=[0.0, -0.0, -0.0, 0.0, 0.0, 0.0] joint_vel=[-0.5400000214576721, -0.0, -0.0, 0.0, 0.0, 0.0] imu_ang_vel=[0.12783563137054443, -0.027697719633579254, -0.2950872480869293] imu_quat_wxyz=[0.9933009743690491, 0.008791003376245499, 0.11292672157287598, 0.02287423610687256]
joint_pos=[0.0, -0.0, -0.0, 0.0, 0.0, 0.0] joint_vel=[0.0, -0.09000000357627869, -0.0, 0.0, 0.0, 0.0] imu_ang_vel=[0.11611736565828323, -0.02024064213037491, -0.24714888632297516] imu_quat_wxyz=[0.9933974742889404, 0.011588330380618572, 0.1120733991265297, 0.0216017197817564]
joint_pos=[0.0, -0.0, -0.0, 0.0, 0.0, 0.0] joint_vel=[-1.2599999904632568, -0.18000000715255737, -0.0, 0.0, 0.0, 0.0] imu_ang_vel=[0.11611736565828323, -0.02024064213037491, -0.24714888632297516] imu_quat_wxyz=[0.9933974742889404, 0.011588330380618572, 0.1120733991265297, 0.0216017197817564]
joint_pos=[0.0, -0.0, -0.0, 0.0, 0.0, 0.0] joint_vel=[-0.18000000715255737, -0.09000000357627869, 0.09000000357627869, 0.0, 0.0, 0.0] imu_ang_vel=[0.10439909994602203, -0.015979453921318054, -0.20027582347393036] imu_quat_wxyz=[0.9934213161468506, 0.013624066486954689, 0.11169824004173279, 0.021255936473608017]
joint_pos=[0.0, -0.0, -0.0, 0.0, 0.0, 0.0] joint_vel=[-0.8999999761581421, -0.0, -0.0, 0.0, 0.0, 0.0] imu_ang_vel=[0.10439909994602203, -0.015979453921318054, -0.20027582347393036] imu_quat_wxyz=[0.9934213161468506, 0.013624066486954689, 0.11169824004173279, 0.021255936473608017]
joint_pos=[0.0, -0.0, -0.0, 0.0, 0.0, 0.0] joint_vel=[-0.09000000357627869, 0.09000000357627869, 0.18000000715255737, 0.0, 0.0, 0.0] imu_ang_vel=[0.09268083423376083, -0.021305939182639122, -0.15872924029827118] imu_quat_wxyz=[0.993398904800415, 0.014934570528566837, 0.11164336651563644, 0.02170969545841217]
joint_pos=[0.0, -0.0, -0.0, 0.0, 0.0, 0.0] joint_vel=[-0.36000001430511475, -0.18000000715255737, 0.09000000357627869, 0.0, 0.0, 0.0] imu_ang_vel=[0.09268083423376083, -0.021305939182639122, -0.15872924029827118] imu_quat_wxyz=[0.993398904800415, 0.014934570528566837, 0.11164336651563644, 0.02170969545841217]
joint_pos=[0.0, -0.0, -0.0, 0.0, 0.0, 0.0] joint_vel=[0.27000001072883606, 0.18000000715255737, -0.09000000357627869, 0.0, 0.0, 0.0] imu_ang_vel=[0.08096256852149963, -0.03195890784263611, -0.12144385278224945] imu_quat_wxyz=[0.9933527708053589, 0.01595478504896164, 0.11167903989553452, 0.022882480174303055]
joint_pos=[0.0, -0.0, -0.0, 0.0, 0.0, 0.0] joint_vel=[0.09000000357627869, -0.0, -0.18000000715255737, 0.0, 0.0, 0.0] imu_ang_vel=[0.08096256852149963, -0.03195890784263611, -0.12144385278224945] imu_quat_wxyz=[0.9933527708053589, 0.01595478504896164, 0.11167903989553452, 0.022882480174303055]
joint_pos=[0.0, -0.0, -0.0, 0.0, 0.0, 0.0] joint_vel=[-1.1700000762939453, -0.0, -0.0, 0.0, 0.0, 0.0] imu_ang_vel=[0.0703095942735672, -0.0468730665743351, -0.09055023640394211] imu_quat_wxyz=[0.9933274388313293, 0.016614895313978195, 0.11147458851337433, 0.02445175126194954]
joint_pos=[0.0, -0.0, -0.0, 0.0, 0.0, 0.0] joint_vel=[-1.2599999904632568, -0.0, 0.18000000715255737, 0.0, 0.0, 0.0] imu_ang_vel=[0.0703095942735672, -0.0468730665743351, -0.09055023640394211] imu_quat_wxyz=[0.9933274388313293, 0.016614895313978195, 0.11147458851337433, 0.02445175126194954]
joint_pos=[0.0, -0.0, -0.0, 0.0, 0.0, 0.0] joint_vel=[0.0, -0.09000000357627869, -0.0, 0.0, 0.0, 0.0] imu_ang_vel=[0.06285251677036285, -0.06391781568527222, -0.06711370497941971] imu_quat_wxyz=[0.9933499097824097, 0.01689581759274006, 0.11083377152681351, 0.026196515187621117]
joint_pos=[0.0, -0.0, -0.0, 0.0, 0.0, 0.0] joint_vel=[-0.27000001072883606, -0.09000000357627869, -0.09000000357627869, 0.0, 0.0, 0.0] imu_ang_vel=[0.06285251677036285, -0.06391781568527222, -0.06711370497941971] imu_quat_wxyz=[0.9933499097824097, 0.01689581759274006, 0.11083377152681351, 0.026196515187621117]
joint_pos=[0.0, -0.0, -0.0, 0.0, 0.0, 0.0] joint_vel=[0.7200000286102295, 0.09000000357627869, 0.27000001072883606, 0.0, 0.0, 0.0] imu_ang_vel=[0.05006895586848259, -0.07350549101829529, -0.03835069015622139] imu_quat_wxyz=[0.9934061765670776, 0.017135784029960632, 0.10981481522321701, 0.028125841170549393]
joint_pos=[0.0, -0.0, -0.0, 0.0, 0.0, 0.0] joint_vel=[-0.6299999952316284, -0.09000000357627869, -0.0, 0.0, 0.0, 0.0] imu_ang_vel=[0.05006895586848259, -0.07350549101829529, -0.03835069015622139] imu_quat_wxyz=[0.9934061765670776, 0.017135784029960632, 0.10981481522321701, 0.028125841170549393]
joint_pos=[0.0, -0.0, -0.0, 0.0, 0.0, 0.0] joint_vel=[-0.18000000715255737, 0.27000001072883606, -0.18000000715255737, 0.0, 0.0, 0.0] imu_ang_vel=[0.030893610790371895, -0.07137489318847656, 0.0] imu_quat_wxyz=[0.9934756755828857, 0.017021093517541885, 0.10857392847537994, 0.03046421706676483]
joint_pos=[0.0, -0.0, -0.0, 0.0, 0.0, 0.0] joint_vel=[0.36000001430511475, 0.27000001072883606, 0.18000000715255737, 0.0, 0.0, 0.0] imu_ang_vel=[0.030893610790371895, -0.07137489318847656, 0.0] imu_quat_wxyz=[0.9934756755828857, 0.017021093517541885, 0.10857392847537994, 0.03046421706676483]
joint_pos=[0.0, -0.0, -0.0, 0.0, 0.0, 0.0] joint_vel=[0.36000001430511475, -0.09000000357627869, -0.18000000715255737, 0.0, 0.0, 0.0] imu_ang_vel=[0.011718266643583775, -0.06604841351509094, 0.04154657945036888] imu_quat_wxyz=[0.9935269951820374, 0.0163740124553442, 0.10736958682537079, 0.03328191116452217]
joint_pos=[0.0, -0.0, -0.0, 0.0, 0.0, 0.0] joint_vel=[0.09000000357627869, -0.0, -0.0, 0.0, 0.0, 0.0] imu_ang_vel=[0.011718266643583775, -0.06604841351509094, 0.04154657945036888] imu_quat_wxyz=[0.9935269951820374, 0.0163740124553442, 0.10736958682537079, 0.03328191116452217]
joint_pos=[0.0, -0.0, -0.0, 0.0, 0.0, 0.0] joint_vel=[1.0800000429153442, -0.0, -0.0, 0.0, 0.0, 0.0] imu_ang_vel=[0.0, -0.060721926391124725, 0.07137489318847656] imu_quat_wxyz=[0.9935634732246399, 0.015459644608199596, 0.10614751279354095, 0.036404453217983246]
joint_pos=[0.0, -0.0, -0.0, 0.0, 0.0, 0.0] joint_vel=[1.0800000429153442, -0.0, -0.0, 0.0, 0.0, 0.0] imu_ang_vel=[0.0, -0.060721926391124725, 0.07137489318847656] imu_quat_wxyz=[0.9935634732246399, 0.015459644608199596, 0.10614751279354095, 0.036404453217983246]
joint_pos=[0.0, -0.0, -0.0, 0.0, 0.0, 0.0] joint_vel=[-0.18000000715255737, -0.09000000357627869, -0.27000001072883606, 0.0, 0.0, 0.0] imu_ang_vel=[-0.01811004802584648, -0.05219954997301102, 0.09694202244281769] imu_quat_wxyz=[0.9935592412948608, 0.01454885583370924, 0.10520847886800766, 0.039489660412073135]
joint_pos=[0.0, -0.0, -0.0, 0.0, 0.0, 0.0] joint_vel=[1.1700000762939453, -0.09000000357627869, -0.0, 0.0, 0.0, 0.0] imu_ang_vel=[-0.01811004802584648, -0.05219954997301102, 0.09694202244281769] imu_quat_wxyz=[0.9935592412948608, 0.01454885583370924, 0.10520847886800766, 0.039489660412073135]
joint_pos=[0.0, -0.0, -0.0, 0.0, 0.0, 0.0] joint_vel=[1.1700000762939453, 0.09000000357627869, 0.09000000357627869, 0.0, 0.0, 0.0] imu_ang_vel=[-0.034089501947164536, -0.04367717355489731, 0.1289009302854538] imu_quat_wxyz=[0.9935010671615601, 0.013285409659147263, 0.1047099158167839, 0.0426008403301239]
joint_pos=[0.0, -0.0, -0.0, 0.0, 0.0, 0.0] joint_vel=[0.0, -0.0, -0.0, 0.0, 0.0, 0.0] imu_ang_vel=[-0.034089501947164536, -0.04367717355489731, 0.1289009302854538] imu_quat_wxyz=[0.9935010671615601, 0.013285409659147263, 0.1047099158167839, 0.0426008403301239]
joint_pos=[0.0, -0.0, -0.0, 0.0, 0.0, 0.0] joint_vel=[-1.0800000429153442, -0.0, 0.18000000715255737, 0.0, 0.0, 0.0] imu_ang_vel=[-0.05006895586848259, -0.039415985345840454, 0.1523374617099762] imu_quat_wxyz=[0.9933972954750061, 0.011677729897201061, 0.10451915860176086, 0.045837219804525375]
joint_pos=[0.0, -0.0, -0.0, 0.0, 0.0, 0.0] joint_vel=[0.8999999761581421, -0.0, 0.18000000715255737, 0.0, 0.0, 0.0] imu_ang_vel=[-0.05006895586848259, -0.039415985345840454, 0.1523374617099762] imu_quat_wxyz=[0.9933972954750061, 0.011677729897201061, 0.10451915860176086, 0.045837219804525375]
joint_pos=[0.0, -0.0, -0.0, 0.0, 0.0, 0.0] joint_vel=[-0.27000001072883606, 0.27000001072883606, -0.09000000357627869, 0.0, 0.0, 0.0] imu_ang_vel=[-0.060721926391124725, -0.03835069015622139, 0.17044751346111298] imu_quat_wxyz=[0.993259847164154, 0.009817334823310375, 0.1045580506324768, 0.04905034229159355]
joint_pos=[0.0, -0.0, -0.0, 0.0, 0.0, 0.0] joint_vel=[0.5400000214576721, 0.18000000715255737, -0.0, 0.0, 0.0, 0.0] imu_ang_vel=[-0.060721926391124725, -0.03835069015622139, 0.17044751346111298] imu_quat_wxyz=[0.993259847164154, 0.009817334823310375, 0.1045580506324768, 0.04905034229159355]
joint_pos=[0.0, -0.0, -0.0, 0.0, 0.0, 0.0] joint_vel=[-1.0800000429153442, -0.0, -0.0, 0.0, 0.0, 0.0] imu_ang_vel=[-0.06817900389432907, -0.03622009605169296, 0.1842963695526123] imu_quat_wxyz=[0.9931284189224243, 0.008033609949052334, 0.10447577387094498, 0.052117202430963516]
joint_pos=[0.0, -0.0, -0.0, 0.0, 0.0, 0.0] joint_vel=[0.0, 0.5400000214576721, -0.0, 0.0, 0.0, 0.0] imu_ang_vel=[-0.06817900389432907, -0.03622009605169296, 0.1842963695526123] imu_quat_wxyz=[0.9931284189224243, 0.008033609949052334, 0.10447577387094498, 0.052117202430963516]
joint_pos=[0.0, -0.0, -0.0, 0.0, 0.0, 0.0] joint_vel=[-0.18000000715255737, -0.09000000357627869, 0.18000000715255737, 0.0, 0.0, 0.0] imu_ang_vel=[-0.07670138031244278, -0.027697719633579254, 0.1960146427154541] imu_quat_wxyz=[0.9930136799812317, 0.006517132744193077, 0.1041969358921051, 0.05499284714460373]
joint_pos=[0.0, -0.0, -0.0, 0.0, 0.0, 0.0] joint_vel=[0.0, 0.27000001072883606, -0.0, 0.0, 0.0, 0.0] imu_ang_vel=[-0.07670138031244278, -0.027697719633579254, 0.1960146427154541] imu_quat_wxyz=[0.9930136799812317, 0.006517132744193077, 0.1041969358921051, 0.05499284714460373]
joint_pos=[0.0, -0.0, -0.0, 0.0, 0.0, 0.0] joint_vel=[0.09000000357627869, 0.09000000357627869, -0.0, 0.0, 0.0, 0.0] imu_ang_vel=[-0.08415845781564713, -0.015979453921318054, 0.20134112238883972] imu_quat_wxyz=[0.9929205179214478, 0.004921178799122572, 0.1038278192281723, 0.057483263313770294]
joint_pos=[0.0, -0.0, -0.0, 0.0, 0.0, 0.0] joint_vel=[0.0, -0.18000000715255737, 0.18000000715255737, 0.0, 0.0, 0.0] imu_ang_vel=[-0.08415845781564713, -0.015979453921318054, 0.20134112238883972] imu_quat_wxyz=[0.9929205179214478, 0.004921178799122572, 0.1038278192281723, 0.057483263313770294]
joint_pos=[0.0, -0.0, -0.0, 0.0, 0.0, 0.0] joint_vel=[0.0, -0.0, 0.09000000357627869, 0.0, 0.0, 0.0] imu_ang_vel=[-0.08628904819488525, 0.0, 0.19814522564411163] imu_quat_wxyz=[0.9928297996520996, 0.0031833380926400423, 0.1035718321800232, 0.05959684029221535]
joint_pos=[0.0, -0.0, -0.0, 0.0, 0.0, 0.0] joint_vel=[0.0, 0.09000000357627869, 0.09000000357627869, 0.0, 0.0, 0.0] imu_ang_vel=[-0.08628904819488525, 0.0, 0.19814522564411163] imu_quat_wxyz=[0.9928297996520996, 0.0031833380926400423, 0.1035718321800232, 0.05959684029221535]
joint_pos=[0.0, -0.0, -0.0, 0.0, 0.0, 0.0] joint_vel=[0.0, -0.18000000715255737, -0.0, 0.0, 0.0, 0.0] imu_ang_vel=[-0.08415845781564713, 0.01491415686905384, 0.18536166846752167] imu_quat_wxyz=[0.9927427768707275, 0.0014936858788132668, 0.10350462794303894, 0.06120645999908447]
joint_pos=[0.0, -0.0, -0.0, 0.0, 0.0, 0.0] joint_vel=[0.18000000715255737, -0.0, -0.09000000357627869, 0.0, 0.0, 0.0] imu_ang_vel=[-0.08415845781564713, 0.01491415686905384, 0.18536166846752167] imu_quat_wxyz=[0.9927427768707275, 0.0014936858788132668, 0.10350462794303894, 0.06120645999908447]
joint_pos=[0.0, -0.0, -0.0, 0.0, 0.0, 0.0] joint_vel=[0.18000000715255737, 0.27000001072883606, 0.09000000357627869, 0.0, 0.0, 0.0] imu_ang_vel=[-0.08096256852149963, 0.03622009605169296, 0.17044751346111298] imu_quat_wxyz=[0.9926207661628723, 1.0688315342122223e-05, 0.10401307791471481, 0.06233246251940727]
joint_pos=[0.0, -0.0, -0.0, 0.0, 0.0, 0.0] joint_vel=[0.0, -0.27000001072883606, 0.18000000715255737, 0.0, 0.0, 0.0] imu_ang_vel=[-0.08096256852149963, 0.03622009605169296, 0.17044751346111298] imu_quat_wxyz=[0.9926207661628723, 1.0688315342122223e-05, 0.10401307791471481, 0.06233246251940727]
joint_pos=[0.0, -0.0, -0.0, 0.0, 0.0, 0.0] joint_vel=[-0.09000000357627869, -0.0, -0.09000000357627869, 0.0, 0.0, 0.0] imu_ang_vel=[-0.08096256852149963, 0.0468730665743351, 0.17896988987922668] imu_quat_wxyz=[0.9923872947692871, -0.0011192461242899299, 0.10551811754703522, 0.06349977850914001]
joint_pos=[0.0, -0.0, -0.0, 0.0, 0.0, 0.0] joint_vel=[0.09000000357627869, -0.0, -0.18000000715255737, 0.0, 0.0, 0.0] imu_ang_vel=[-0.08096256852149963, 0.0468730665743351, 0.17896988987922668] imu_quat_wxyz=[0.9923872947692871, -0.0011192461242899299, 0.10551811754703522, 0.06349977850914001]
joint_pos=[0.0, -0.0, -0.0, 0.0, 0.0, 0.0] joint_vel=[0.0, 0.09000000357627869, -0.09000000357627869, 0.0, 0.0, 0.0] imu_ang_vel=[-0.07350549101829529, 0.049003660678863525, 0.16512101888656616] imu_quat_wxyz=[0.9922380447387695, -0.001987862167879939, 0.10652440041303635, 0.06412512063980103]
joint_pos=[0.0, -0.0, -0.0, 0.0, 0.0, 0.0] joint_vel=[0.0, -0.09000000357627869, 0.18000000715255737, 0.0, 0.0, 0.0] imu_ang_vel=[-0.07350549101829529, 0.049003660678863525, 0.16512101888656616] imu_quat_wxyz=[0.9922380447387695, -0.001987862167879939, 0.10652440041303635, 0.06412512063980103]
joint_pos=[0.0, -0.0, -0.0, 0.0, 0.0, 0.0] joint_vel=[0.0, 0.09000000357627869, -0.0, 0.0, 0.0, 0.0] imu_ang_vel=[-0.054330144077539444, 0.054330144077539444, 0.10866028815507889] imu_quat_wxyz=[0.9921635985374451, -0.002885508118197322, 0.10736607015132904, 0.06384024024009705]
joint_pos=[0.0, -0.0, -0.0, 0.0, 0.0, 0.0] joint_vel=[0.0, 0.27000001072883606, 0.09000000357627869, 0.0, 0.0, 0.0] imu_ang_vel=[-0.054330144077539444, 0.054330144077539444, 0.10866028815507889] imu_quat_wxyz=[0.9921635985374451, -0.002885508118197322, 0.10736607015132904, 0.06384024024009705]
joint_pos=[0.0, -0.0, -0.0, 0.0, 0.0, 0.0] joint_vel=[0.09000000357627869, -0.5400000214576721, -0.0, 0.0, 0.0, 0.0] imu_ang_vel=[-0.04154657945036888, 0.0585913322865963, 0.08948494493961334] imu_quat_wxyz=[0.9920945167541504, -0.003542836755514145, 0.10849982500076294, 0.06295619904994965]
joint_pos=[0.0, -0.0, -0.0, 0.0, 0.0, 0.0] joint_vel=[0.0, -0.18000000715255737, -0.0, 0.0, 0.0, 0.0] imu_ang_vel=[-0.04154657945036888, 0.0585913322865963, 0.08948494493961334] imu_quat_wxyz=[0.9920945167541504, -0.003542836755514145, 0.10849982500076294, 0.06295619904994965]
joint_pos=[0.0, -0.0, -0.0, 0.0, 0.0, 0.0] joint_vel=[0.0, -0.0, -0.0, 0.0, 0.0, 0.0] imu_ang_vel=[-0.028763016685843468, 0.06498311460018158, 0.06817900389432907] imu_quat_wxyz=[0.9920885562896729, -0.00380607764236629, 0.1090046614408493, 0.06215926259756088]
joint_pos=[0.0, -0.0, -0.0, 0.0, 0.0, 0.0] joint_vel=[0.18000000715255737, -0.0, -0.27000001072883606, 0.0, 0.0, 0.0] imu_ang_vel=[-0.028763016685843468, 0.06498311460018158, 0.06817900389432907] imu_quat_wxyz=[0.9920885562896729, -0.00380607764236629, 0.1090046614408493, 0.06215926259756088]
joint_pos=[0.0, -0.0, -0.0, 0.0, 0.0, 0.0] joint_vel=[0.0, -0.18000000715255737, -0.0, 0.0, 0.0, 0.0] imu_ang_vel=[-0.013848859816789627, 0.07563608139753342, 0.027697719633579254] imu_quat_wxyz=[0.9921204447746277, -0.003797146026045084, 0.10964662581682205, 0.06049846112728119]
joint_pos=[0.0, -0.0, -0.0, 0.0, 0.0, 0.0] joint_vel=[0.0, -0.0, 0.09000000357627869, 0.0, 0.0, 0.0] imu_ang_vel=[-0.013848859816789627, 0.07563608139753342, 0.027697719633579254] imu_quat_wxyz=[0.9921204447746277, -0.003797146026045084, 0.10964662581682205, 0.06049846112728119]
joint_pos=[0.0, -0.0, -0.0, 0.0, 0.0, 0.0] joint_vel=[0.0, -0.09000000357627869, -0.0, 0.0, 0.0, 0.0] imu_ang_vel=[0.0, 0.08096256852149963, 0.012783562764525414] imu_quat_wxyz=[0.9921189546585083, -0.0031895178835839033, 0.11070385575294495, 0.058604463934898376]
joint_pos=[0.0, -0.0, -0.0, 0.0, 0.0, 0.0] joint_vel=[0.09000000357627869, -0.0, -0.09000000357627869, 0.0, 0.0, 0.0] imu_ang_vel=[0.0, 0.08096256852149963, 0.012783562764525414] imu_quat_wxyz=[0.9921189546585083, -0.0031895178835839033, 0.11070385575294495, 0.058604463934898376]
joint_pos=[0.0, -0.0, -0.0, 0.0, 0.0, 0.0] joint_vel=[-0.09000000357627869, -0.09000000357627869, -0.09000000357627869, 0.0, 0.0, 0.0] imu_ang_vel=[0.0, 0.08096256852149963, 0.0] imu_quat_wxyz=[0.9920905828475952, -0.002859999891370535, 0.11198168247938156, 0.05664105713367462]
joint_pos=[0.0, -0.0, -0.0, 0.0, 0.0, 0.0] joint_vel=[0.0, -0.0, -0.0, 0.0, 0.0, 0.0] imu_ang_vel=[0.0, 0.08096256852149963, 0.0] imu_quat_wxyz=[0.9920905828475952, -0.002859999891370535, 0.11198168247938156, 0.05664105713367462]
joint_pos=[0.0, -0.0, -0.0, 0.0, 0.0, 0.0] joint_vel=[0.18000000715255737, -0.0, -0.36000001430511475, 0.0, 0.0, 0.0] imu_ang_vel=[0.013848859816789627, 0.07457078248262405, -0.02024064213037491] imu_quat_wxyz=[0.9920387268066406, -0.002595841884613037, 0.11323079466819763, 0.05505513772368431]
joint_pos=[0.0, -0.0, -0.0, 0.0, 0.0, 0.0] joint_vel=[-0.09000000357627869, -0.0, -0.0, 0.0, 0.0, 0.0] imu_ang_vel=[0.013848859816789627, 0.07457078248262405, -0.02024064213037491] imu_quat_wxyz=[0.9920387268066406, -0.002595841884613037, 0.11323079466819763, 0.05505513772368431]
joint_pos=[0.0, -0.0, -0.0, 0.0, 0.0, 0.0] joint_vel=[-0.09000000357627869, -0.0, -0.09000000357627869, 0.0, 0.0, 0.0] imu_ang_vel=[0.022371236234903336, 0.05965662747621536, -0.02343653328716755] imu_quat_wxyz=[0.991967499256134, -0.00204792944714427, 0.1147761344909668, 0.053128134459257126]
joint_pos=[0.0, -0.0, -0.0, 0.0, 0.0, 0.0] joint_vel=[0.0, -0.18000000715255737, -0.0, 0.0, 0.0, 0.0] imu_ang_vel=[0.022371236234903336, 0.05965662747621536, -0.02343653328716755] imu_quat_wxyz=[0.991967499256134, -0.00204792944714427, 0.1147761344909668, 0.053128134459257126]
joint_pos=[0.0, -0.0, -0.0, 0.0, 0.0, 0.0] joint_vel=[0.0, -0.09000000357627869, -0.18000000715255737, 0.0, 0.0, 0.0] imu_ang_vel=[0.030893610790371895, 0.04154657945036888, -0.02663242258131504] imu_quat_wxyz=[0.9919185638427734, -0.0013035910669714212, 0.11599709093570709, 0.05138394236564636]
joint_pos=[0.0, -0.0, -0.0, 0.0, 0.0, 0.0] joint_vel=[0.09000000357627869, -0.0, 0.09000000357627869, 0.0, 0.0, 0.0] imu_ang_vel=[0.030893610790371895, 0.04154657945036888, -0.02663242258131504] imu_quat_wxyz=[0.9919185638427734, -0.0013035910669714212, 0.11599709093570709, 0.05138394236564636]
joint_pos=[0.0, -0.0, -0.0, 0.0, 0.0, 0.0] joint_vel=[0.0, 0.09000000357627869, -0.0, 0.0, 0.0, 0.0] imu_ang_vel=[0.03622009605169296, 0.022371236234903336, -0.02343653328716755] imu_quat_wxyz=[0.9919124841690063, -0.0003613148001022637, 0.11668845266103745, 0.04993266984820366]
joint_pos=[0.0, -0.0, -0.0, 0.0, 0.0, 0.0] joint_vel=[-0.27000001072883606, -0.09000000357627869, -0.0, 0.0, 0.0, 0.0] imu_ang_vel=[0.03622009605169296, 0.022371236234903336, -0.02343653328716755] imu_quat_wxyz=[0.9919124841690063, -0.0003613148001022637, 0.11668845266103745, 0.04993266984820366]
joint_pos=[0.0, -0.0, -0.0, 0.0, 0.0, 0.0] joint_vel=[0.09000000357627869, -0.0, -0.27000001072883606, 0.0, 0.0, 0.0] imu_ang_vel=[0.04048128426074982, 0.0, -0.02024064213037491] imu_quat_wxyz=[0.9919690489768982, 0.0006835820968262851, 0.11665830761194229, 0.04886331036686897]
joint_pos=[0.0, -0.0, -0.0, 0.0, 0.0, 0.0] joint_vel=[0.0, -0.0, 0.09000000357627869, 0.0, 0.0, 0.0] imu_ang_vel=[0.04048128426074982, 0.0, -0.02024064213037491] imu_quat_wxyz=[0.9919690489768982, 0.0006835820968262851, 0.11665830761194229, 0.04886331036686897]
joint_pos=[0.0, -0.0, -0.0, 0.0, 0.0, 0.0] joint_vel=[0.0, -0.09000000357627869, -0.27000001072883606, 0.0, 0.0, 0.0] imu_ang_vel=[0.04154657945036888, 0.0, -0.013848859816789627] imu_quat_wxyz=[0.9920691251754761, 0.0017437598435208201, 0.11615073680877686, 0.0480092391371727]
joint_pos=[0.0, -0.0, -0.0, 0.0, 0.0, 0.0] joint_vel=[-0.09000000357627869, -0.0, 0.18000000715255737, 0.0, 0.0, 0.0] imu_ang_vel=[0.04154657945036888, 0.0, -0.013848859816789627] imu_quat_wxyz=[0.9920691251754761, 0.0017437598435208201, 0.11615073680877686, 0.0480092391371727]
joint_pos=[0.0, -0.0, -0.0, 0.0, 0.0, 0.0] joint_vel=[0.0, -0.0, 0.09000000357627869, 0.0, 0.0, 0.0] imu_ang_vel=[0.039415985345840454, -0.017044750973582268, 0.0] imu_quat_wxyz=[0.9921968579292297, 0.002791588893160224, 0.11525508761405945, 0.04747544974088669]
joint_pos=[0.0, -0.0, -0.0, 0.0, 0.0, 0.0] joint_vel=[-0.18000000715255737, -0.09000000357627869, 0.09000000357627869, 0.0, 0.0, 0.0] imu_ang_vel=[0.039415985345840454, -0.017044750973582268, 0.0] imu_quat_wxyz=[0.9921968579292297, 0.002791588893160224, 0.11525508761405945, 0.04747544974088669]
joint_pos=[0.0, -0.0, -0.0, 0.0, 0.0, 0.0] joint_vel=[-0.18000000715255737, -0.27000001072883606, -0.0, 0.0, 0.0, 0.0] imu_ang_vel=[0.03728539124131203, -0.024501830339431763, 0.0] imu_quat_wxyz=[0.9923295378684998, 0.003622576128691435, 0.11422760039567947, 0.04712866619229317]
joint_pos=[0.0, -0.0, -0.0, 0.0, 0.0, 0.0] joint_vel=[0.0, -0.09000000357627869, -0.09000000357627869, 0.0, 0.0, 0.0] imu_ang_vel=[0.03728539124131203, -0.024501830339431763, 0.0] imu_quat_wxyz=[0.9923295378684998, 0.003622576128691435, 0.11422760039567947, 0.04712866619229317]
joint_pos=[0.0, -0.0, -0.0, 0.0, 0.0, 0.0] joint_vel=[0.0, 0.18000000715255737, -0.27000001072883606, 0.0, 0.0, 0.0] imu_ang_vel=[0.0351547971367836, -0.034089501947164536, 0.0] imu_quat_wxyz=[0.9924421310424805, 0.00423275213688612, 0.11335673183202744, 0.046806320548057556]
joint_pos=[0.0, -0.0, -0.0, 0.0, 0.0, 0.0] joint_vel=[-0.18000000715255737, -0.18000000715255737, -0.0, 0.0, 0.0, 0.0] imu_ang_vel=[0.0351547971367836, -0.034089501947164536, 0.0] imu_quat_wxyz=[0.9924421310424805, 0.00423275213688612, 0.11335673183202744, 0.046806320548057556]
joint_pos=[0.0, -0.0, -0.0, 0.0, 0.0, 0.0] joint_vel=[0.0, -0.0, 0.18000000715255737, 0.0, 0.0, 0.0] imu_ang_vel=[0.03302420675754547, -0.0468730665743351, 0.013848859816789627] imu_quat_wxyz=[0.9925106763839722, 0.004786184523254633, 0.1127374991774559, 0.0467950813472271]
joint_pos=[0.0, -0.0, -0.0, 0.0, 0.0, 0.0] joint_vel=[-0.09000000357627869, -0.0, 0.09000000357627869, 0.0, 0.0, 0.0] imu_ang_vel=[0.03302420675754547, -0.0468730665743351, 0.013848859816789627] imu_quat_wxyz=[0.9925106763839722, 0.004786184523254633, 0.1127374991774559, 0.0467950813472271]
joint_pos=[0.0, -0.0, -0.0, 0.0, 0.0, 0.0] joint_vel=[0.18000000715255737, 0.09000000357627869, -0.0, 0.0, 0.0, 0.0] imu_ang_vel=[0.030893610790371895, -0.06391781568527222, 0.01811004802584648] imu_quat_wxyz=[0.9925658702850342, 0.005215882323682308, 0.11214227229356766, 0.04700872302055359]
joint_pos=[0.0, -0.0, -0.0, 0.0, 0.0, 0.0] joint_vel=[0.0, -0.0, -0.44999998807907104, 0.0, 0.0, 0.0] imu_ang_vel=[0.030893610790371895, -0.06391781568527222, 0.01811004802584648] imu_quat_wxyz=[0.9925658702850342, 0.005215882323682308, 0.11214227229356766, 0.04700872302055359]
joint_pos=[0.0, -0.0, -0.0, 0.0, 0.0, 0.0] joint_vel=[-0.09000000357627869, 0.09000000357627869, -0.0, 0.0, 0.0, 0.0] imu_ang_vel=[0.028763016685843468, -0.07883197069168091, 0.02024064213037491] imu_quat_wxyz=[0.9926505088806152, 0.005476193968206644, 0.11132223159074783, 0.047140445560216904]
joint_pos=[0.0, -0.0, -0.0, 0.0, 0.0, 0.0] joint_vel=[0.0, 0.09000000357627869, -0.0, 0.0, 0.0, 0.0] imu_ang_vel=[0.028763016685843468, -0.07883197069168091, 0.02024064213037491] imu_quat_wxyz=[0.9926505088806152, 0.005476193968206644, 0.11132223159074783, 0.047140445560216904]
joint_pos=[0.0, -0.0, -0.0, 0.0, 0.0, 0.0] joint_vel=[0.0, -0.18000000715255737, -0.0, 0.0, 0.0, 0.0] imu_ang_vel=[0.025567125529050827, -0.09161553531885147, 0.02024064213037491] imu_quat_wxyz=[0.9927845597267151, 0.005751723423600197, 0.11009760200977325, 0.047160837799310684]
joint_pos=[0.0, -0.0, -0.0, 0.0, 0.0, 0.0] joint_vel=[0.0, -0.0, -0.0, 0.0, 0.0, 0.0] imu_ang_vel=[0.025567125529050827, -0.09161553531885147, 0.02024064213037491] imu_quat_wxyz=[0.9927845597267151, 0.005751723423600197, 0.11009760200977325, 0.047160837799310684]
joint_pos=[0.0, -0.0, -0.0, 0.0, 0.0, 0.0] joint_vel=[0.0, -0.0, -0.0, 0.0, 0.0, 0.0] imu_ang_vel=[0.022371236234903336, -0.09694202244281769, 0.015979453921318054] imu_quat_wxyz=[0.9929614663124084, 0.0060682217590510845, 0.10848350822925568, 0.04713849723339081]
joint_pos=[0.0, -0.0, -0.0, 0.0, 0.0, 0.0] joint_vel=[0.0, -0.0, -0.0, 0.0, 0.0, 0.0] imu_ang_vel=[0.022371236234903336, -0.09694202244281769, 0.015979453921318054] imu_quat_wxyz=[0.9929614663124084, 0.0060682217590510845, 0.10848350822925568, 0.04713849723339081]
joint_pos=[0.0, -0.0, -0.0, 0.0, 0.0, 0.0] joint_vel=[0.0, -0.0, 0.18000000715255737, 0.0, 0.0, 0.0] imu_ang_vel=[0.01811004802584648, -0.09481142461299896, 0.0] imu_quat_wxyz=[0.9931531548500061, 0.006273152306675911, 0.10675593465566635, 0.0470154844224453]
joint_pos=[0.0, -0.0, -0.0, 0.0, 0.0, 0.0] joint_vel=[0.0, -0.18000000715255737, -0.27000001072883606, 0.0, 0.0, 0.0] imu_ang_vel=[0.01811004802584648, -0.09481142461299896, 0.0] imu_quat_wxyz=[0.9931531548500061, 0.006273152306675911, 0.10675593465566635, 0.0470154844224453]
joint_pos=[0.0, -0.0, -0.0, 0.0, 0.0, 0.0] joint_vel=[0.0, -0.18000000715255737, -0.0, 0.0, 0.0, 0.0] imu_ang_vel=[0.01491415686905384, -0.08841964602470398, 0.0] imu_quat_wxyz=[0.9933366775512695, 0.006466391030699015, 0.10508867353200912, 0.046870000660419464]
joint_pos=[0.0, -0.0, -0.0, 0.0, 0.0, 0.0] joint_vel=[0.0, -0.0, 0.27000001072883606, 0.0, 0.0, 0.0] imu_ang_vel=[0.01491415686905384, -0.08841964602470398, 0.0] imu_quat_wxyz=[0.9933366775512695, 0.006466391030699015, 0.10508867353200912, 0.046870000660419464]
joint_pos=[0.0, -0.0, -0.0, 0.0, 0.0, 0.0] joint_vel=[0.0, -0.09000000357627869, -0.0, 0.0, 0.0, 0.0] imu_ang_vel=[0.012783562764525414, -0.08096256852149963, -0.01491415686905384] imu_quat_wxyz=[0.9934845566749573, 0.006565163843333721, 0.10374381393194199, 0.046717870980501175]
joint_pos=[0.0, -0.0, -0.0, 0.0, 0.0, 0.0] joint_vel=[-0.18000000715255737, -0.09000000357627869, -0.18000000715255737, 0.0, 0.0, 0.0] imu_ang_vel=[0.012783562764525414, -0.08096256852149963, -0.01491415686905384] imu_quat_wxyz=[0.9934845566749573, 0.006565163843333721, 0.10374381393194199, 0.046717870980501175]
joint_pos=[0.0, -0.0, -0.0, 0.0, 0.0, 0.0] joint_vel=[0.0, -0.18000000715255737, -0.18000000715255737, 0.0, 0.0, 0.0] imu_ang_vel=[0.011718266643583775, -0.07244019210338593, -0.03302420675754547] imu_quat_wxyz=[0.9936050176620483, 0.006573942024260759, 0.10281414538621902, 0.046207085251808167]
joint_pos=[0.0, -0.0, -0.0, 0.0, 0.0, 0.0] joint_vel=[-0.18000000715255737, -0.0, 0.09000000357627869, 0.0, 0.0, 0.0] imu_ang_vel=[0.011718266643583775, -0.07244019210338593, -0.03302420675754547] imu_quat_wxyz=[0.9936050176620483, 0.006573942024260759, 0.10281414538621902, 0.046207085251808167]
joint_pos=[0.0, -0.0, -0.0, 0.0, 0.0, 0.0] joint_vel=[0.0, -0.0, 0.27000001072883606, 0.0, 0.0, 0.0] imu_ang_vel=[0.011718266643583775, -0.06498311460018158, -0.051134251058101654] imu_quat_wxyz=[0.9936963319778442, 0.006584848277270794, 0.10229033976793289, 0.045396070927381516]
joint_pos=[0.0, -0.0, -0.0, 0.0, 0.0, 0.0] joint_vel=[0.0, -0.0, -0.09000000357627869, 0.0, 0.0, 0.0] imu_ang_vel=[0.011718266643583775, -0.06498311460018158, -0.051134251058101654] imu_quat_wxyz=[0.9936963319778442, 0.006584848277270794, 0.10229033976793289, 0.045396070927381516]
joint_pos=[0.0, -0.0, -0.0, 0.0, 0.0, 0.0] joint_vel=[0.0, 0.09000000357627869, -0.27000001072883606, 0.0, 0.0, 0.0] imu_ang_vel=[0.012783562764525414, -0.0585913322865963, -0.07457078248262405] imu_quat_wxyz=[0.9937745928764343, 0.006597437895834446, 0.10199324786663055, 0.044338032603263855]
joint_pos=[0.0, -0.0, -0.0, 0.0, 0.0, 0.0] joint_vel=[-0.27000001072883606, -0.0, -0.0, 0.0, 0.0, 0.0] imu_ang_vel=[0.012783562764525414, -0.0585913322865963, -0.07457078248262405] imu_quat_wxyz=[0.9937745928764343, 0.006597437895834446, 0.10199324786663055, 0.044338032603263855]
joint_pos=[0.0, -0.0, -0.0, 0.0, 0.0, 0.0] joint_vel=[0.0, 0.09000000357627869, -0.09000000357627869, 0.0, 0.0, 0.0] imu_ang_vel=[0.01491415686905384, -0.05006895586848259, -0.09481142461299896] imu_quat_wxyz=[0.9938499927520752, 0.006586070638149977, 0.1018001139163971, 0.04307704046368599]
joint_pos=[0.0, -0.0, -0.0, 0.0, 0.0, 0.0] joint_vel=[0.0, -0.18000000715255737, -0.0, 0.0, 0.0, 0.0] imu_ang_vel=[0.01491415686905384, -0.05006895586848259, -0.09481142461299896] imu_quat_wxyz=[0.9938499927520752, 0.006586070638149977, 0.1018001139163971, 0.04307704046368599]
joint_pos=[0.0, -0.0, -0.0, 0.0, 0.0, 0.0] joint_vel=[0.0, -0.09000000357627869, -0.0, 0.0, 0.0, 0.0] imu_ang_vel=[0.017044750973582268, -0.03835069015622139, -0.11185617744922638] imu_quat_wxyz=[0.9939404129981995, 0.00667747063562274, 0.10146401077508926, 0.04174790531396866]
joint_pos=[0.0, -0.0, -0.0, 0.0, 0.0, 0.0] joint_vel=[0.0, -0.0, -0.0, 0.0, 0.0, 0.0] imu_ang_vel=[0.017044750973582268, -0.03835069015622139, -0.11185617744922638] imu_quat_wxyz=[0.9939404129981995, 0.00667747063562274, 0.10146401077508926, 0.04174790531396866]
joint_pos=[0.0, -0.0, -0.0, 0.0, 0.0, 0.0] joint_vel=[0.0, -0.0, 0.36000001430511475, 0.0, 0.0, 0.0] imu_ang_vel=[0.019175345078110695, -0.022371236234903336, -0.12677033245563507] imu_quat_wxyz=[0.9940216541290283, 0.006933657918125391, 0.101203553378582, 0.04038088768720627]
joint_pos=[0.0, -0.0, -0.0, 0.0, 0.0, 0.0] joint_vel=[0.0, -0.0, -0.09000000357627869, 0.0, 0.0, 0.0] imu_ang_vel=[0.019175345078110695, -0.022371236234903336, -0.12677033245563507] imu_quat_wxyz=[0.9940216541290283, 0.006933657918125391, 0.101203553378582, 0.04038088768720627]
joint_pos=[0.0, -0.0, -0.0, 0.0, 0.0, 0.0] joint_vel=[0.0, -0.0, 0.09000000357627869, 0.0, 0.0, 0.0] imu_ang_vel=[0.017044750973582268, 0.0, -0.13529270887374878] imu_quat_wxyz=[0.9940618276596069, 0.007302185986191034, 0.10131668299436569, 0.03901894763112068]
joint_pos=[0.0, -0.0, -0.0, 0.0, 0.0, 0.0] joint_vel=[0.0, -0.09000000357627869, -0.27000001072883606, 0.0, 0.0, 0.0] imu_ang_vel=[0.017044750973582268, 0.0, -0.13529270887374878] imu_quat_wxyz=[0.9940618276596069, 0.007302185986191034, 0.10131668299436569, 0.03901894763112068]
joint_pos=[0.0, -0.0, -0.0, 0.0, 0.0, 0.0] joint_vel=[0.0, -0.0, -0.0, 0.0, 0.0, 0.0] imu_ang_vel=[0.015979453921318054, 0.013848859816789627, -0.14168448746204376] imu_quat_wxyz=[0.9940647482872009, 0.0077169910073280334, 0.10172874480485916, 0.03777328506112099]
joint_pos=[0.0, -0.0, -0.0, 0.0, 0.0, 0.0] joint_vel=[0.0, -0.0, -0.0, 0.0, 0.0, 0.0] imu_ang_vel=[0.015979453921318054, 0.013848859816789627, -0.14168448746204376] imu_quat_wxyz=[0.9940647482872009, 0.0077169910073280334, 0.10172874480485916, 0.03777328506112099]
joint_pos=[0.0, -0.0, -0.0, 0.0, 0.0, 0.0] joint_vel=[0.0, -0.0, -0.0, 0.0, 0.0, 0.0] imu_ang_vel=[0.013848859816789627, 0.02663242258131504, -0.14168448746204376] imu_quat_wxyz=[0.9940255880355835, 0.007918305695056915, 0.10241696238517761, 0.03689243644475937]
joint_pos=[0.0, -0.0, -0.0, 0.0, 0.0, 0.0] joint_vel=[0.18000000715255737, -0.09000000357627869, -0.0, 0.0, 0.0, 0.0] imu_ang_vel=[0.013848859816789627, 0.02663242258131504, -0.14168448746204376] imu_quat_wxyz=[0.9940255880355835, 0.007918305695056915, 0.10241696238517761, 0.03689243644475937]
joint_pos=[0.0, -0.0, -0.0, 0.0, 0.0, 0.0] joint_vel=[0.0, -0.09000000357627869, 0.09000000357627869, 0.0, 0.0, 0.0] imu_ang_vel=[0.010652969591319561, 0.0351547971367836, -0.1374233067035675] imu_quat_wxyz=[0.9939202666282654, 0.008088993839919567, 0.10378663241863251, 0.035850897431373596]
joint_pos=[0.0, -0.0, -0.0, 0.0, 0.0, 0.0] joint_vel=[0.0, -0.0, -0.0, 0.0, 0.0, 0.0] imu_ang_vel=[0.010652969591319561, 0.0351547971367836, -0.1374233067035675] imu_quat_wxyz=[0.9939202666282654, 0.008088993839919567, 0.10378663241863251, 0.035850897431373596]
joint_pos=[0.0, -0.0, -0.0, 0.0, 0.0, 0.0] joint_vel=[0.0, -0.0, -0.0, 0.0, 0.0, 0.0] imu_ang_vel=[0.0, 0.039415985345840454, -0.12783563137054443] imu_quat_wxyz=[0.9938234686851501, 0.008050093427300453, 0.1048836037516594, 0.03534792736172676]
joint_pos=[0.0, -0.0, -0.0, 0.0, 0.0, 0.0] joint_vel=[0.27000001072883606, -0.0, -0.0, 0.0, 0.0, 0.0] imu_ang_vel=[0.0, 0.039415985345840454, -0.12783563137054443] imu_quat_wxyz=[0.9938234686851501, 0.008050093427300453, 0.1048836037516594, 0.03534792736172676]
joint_pos=[0.0, -0.0, -0.0, 0.0, 0.0, 0.0] joint_vel=[0.0, -0.0, 0.27000001072883606, 0.0, 0.0, 0.0] imu_ang_vel=[0.0, 0.04367717355489731, -0.11292147636413574] imu_quat_wxyz=[0.9936814904212952, 0.008049248717725277, 0.10634910315275192, 0.03495750576257706]
joint_pos=[0.0, -0.0, -0.0, 0.0, 0.0, 0.0] joint_vel=[0.09000000357627869, 0.09000000357627869, 0.09000000357627869, 0.0, 0.0, 0.0] imu_ang_vel=[0.0, 0.04367717355489731, -0.11292147636413574] imu_quat_wxyz=[0.9936814904212952, 0.008049248717725277, 0.10634910315275192, 0.03495750576257706]
joint_pos=[0.0, -0.0, -0.0, 0.0, 0.0, 0.0] joint_vel=[0.0, -0.0, -0.0, 0.0, 0.0, 0.0] imu_ang_vel=[0.0, 0.04793836176395416, -0.0937461331486702] imu_quat_wxyz=[0.9935448169708252, 0.008105508051812649, 0.10764806717634201, 0.03485482558608055]
joint_pos=[0.0, -0.0, -0.0, 0.0, 0.0, 0.0] joint_vel=[0.0, 0.18000000715255737, -0.0, 0.0, 0.0, 0.0] imu_ang_vel=[0.0, 0.04793836176395416, -0.0937461331486702] imu_quat_wxyz=[0.9935448169708252, 0.008105508051812649, 0.10764806717634201, 0.03485482558608055]
joint_pos=[0.0, -0.0, -0.0, 0.0, 0.0, 0.0] joint_vel=[0.18000000715255737, -0.27000001072883606, -0.0, 0.0, 0.0, 0.0] imu_ang_vel=[0.0, 0.054330144077539444, -0.06817900389432907] imu_quat_wxyz=[0.9934144616127014, 0.008157831616699696, 0.10872122645378113, 0.035225074738264084]
joint_pos=[0.0, -0.0, -0.0, 0.0, 0.0, 0.0] joint_vel=[0.09000000357627869, 0.18000000715255737, -0.0, 0.0, 0.0, 0.0] imu_ang_vel=[0.0, 0.054330144077539444, -0.06817900389432907] imu_quat_wxyz=[0.9934144616127014, 0.008157831616699696, 0.10872122645378113, 0.035225074738264084]
joint_pos=[0.0, -0.0, -0.0, 0.0, 0.0, 0.0] joint_vel=[-0.09000000357627869, 0.09000000357627869, -0.09000000357627869, 0.0, 0.0, 0.0] imu_ang_vel=[0.0, 0.060721926391124725, -0.04474247246980667] imu_quat_wxyz=[0.9932827949523926, 0.008172801695764065, 0.1096656322479248, 0.035996969789266586]
joint_pos=[0.0, -0.0, -0.0, 0.0, 0.0, 0.0] joint_vel=[0.09000000357627869, -0.0, -0.0, 0.0, 0.0, 0.0] imu_ang_vel=[0.0, 0.060721926391124725, -0.04474247246980667] imu_quat_wxyz=[0.9932827949523926, 0.008172801695764065, 0.1096656322479248, 0.035996969789266586]
joint_pos=[0.0, -0.0, -0.0, 0.0, 0.0, 0.0] joint_vel=[0.0, -0.18000000715255737, -0.0, 0.0, 0.0, 0.0] imu_ang_vel=[-0.013848859816789627, 0.06391781568527222, -0.02024064213037491] imu_quat_wxyz=[0.9932827949523926, 0.008172801695764065, 0.1096656322479248, 0.035996969789266586]
joint_pos=[0.0, -0.0, -0.0, 0.0, 0.0, 0.0] joint_vel=[0.0, 0.18000000715255737, 0.09000000357627869, 0.0, 0.0, 0.0] imu_ang_vel=[-0.013848859816789627, 0.06391781568527222, -0.02024064213037491] imu_quat_wxyz=[0.9931390285491943, 0.008091585710644722, 0.11058882623910904, 0.03714149445295334]
joint_pos=[0.0, -0.0, -0.0, 0.0, 0.0, 0.0] joint_vel=[0.0, -0.0, -0.0, 0.0, 0.0, 0.0] imu_ang_vel=[-0.017044750973582268, 0.06498311460018158, 0.0] imu_quat_wxyz=[0.9931390285491943, 0.008091585710644722, 0.11058882623910904, 0.03714149445295334]
joint_pos=[0.0, -0.0, -0.0, 0.0, 0.0, 0.0] joint_vel=[0.0, -0.36000001430511475, 0.18000000715255737, 0.0, 0.0, 0.0] imu_ang_vel=[-0.017044750973582268, 0.06498311460018158, 0.0] imu_quat_wxyz=[0.993012547492981, 0.007925580255687237, 0.11133216321468353, 0.03832029923796654]
joint_pos=[0.0, -0.0, -0.0, 0.0, 0.0, 0.0] joint_vel=[0.0, -0.0, 0.18000000715255737, 0.0, 0.0, 0.0] imu_ang_vel=[-0.019175345078110695, 0.060721926391124725, 0.019175345078110695] imu_quat_wxyz=[0.993012547492981, 0.007925580255687237, 0.11133216321468353, 0.03832029923796654]
joint_pos=[0.0, -0.0, -0.0, 0.0, 0.0, 0.0] joint_vel=[0.0, 0.09000000357627869, 0.27000001072883606, 0.0, 0.0, 0.0] imu_ang_vel=[-0.019175345078110695, 0.060721926391124725, 0.019175345078110695] imu_quat_wxyz=[0.992838442325592, 0.007461219094693661, 0.11235476285219193, 0.03990727290511131]
