Log file: /home/cx/robot_deploy/log_sim2real/2026-09-10_16-42-46.txt
Loaded ONNX policy: /home/cx/mjlab-recovered/logs/rsl_rl/custom_biped_velocity_nolinvel/2026-09-09_16-17-42/2026-09-09_16-17-42.onnx
  input=obs[1,65] output=actions[1,6]
  velocity_command=[0.1, 0.0, 0.0]
  startup=move 4s + hold 1s
Connected to /dev/ttyACM0 at 921600 baud; loop rate 200 Hz.
Policy CSV: /home/cx/robot_deploy/log_sim2real/2026-09-10_16-42-46_policy.csv
joint_pos=[9.935999870300293, -20.052000045776367, 10.295999526977539, 9.972000122070312, -20.01599884033203, 10.368000030517578] joint_vel=[-0.09000000357627869, 0.6299999952316284, 0.0, -1.53000009059906, -0.0, 0.6299999952316284] imu_ang_vel=[0.0035109426826238632, 0.0020124618895351887, -0.004586850292980671] imu_quat_wxyz=[-0.47568216919898987, -0.05414925515651703, 0.0549740232527256, -0.8762262463569641] status=0x8103
ONNX startup: moving from measured joint positions to [10.0, -20.0, 10.0, 10.0, -20.0, 10.0] deg over 4 s.
joint_pos=[9.935999870300293, -20.052000045776367, 10.295999526977539, 9.972000122070312, -20.01599884033203, 10.368000030517578] joint_vel=[-0.0, 0.9900000095367432, 0.0, -0.09000000357627869, -0.18000000715255737, 0.09000000357627869] imu_ang_vel=[0.0003151502460241318, 0.0009471976663917303, -0.002456321846693754] imu_quat_wxyz=[-0.4756835401058197, -0.054152023047208786, 0.0549691766500473, -0.8762255311012268] status=0x8103
joint_pos=[9.935999870300293, -20.052000045776367, 10.295999526977539, 9.972000122070312, -20.01599884033203, 10.368000030517578] joint_vel=[-0.09000000357627869, 0.09000000357627869, 0.0, -0.9900000095367432, -0.0, 0.09000000357627869] imu_ang_vel=[0.0013804137706756592, 0.0014798296615481377, -0.002988954074680805] imu_quat_wxyz=[-0.4756867587566376, -0.05415189638733864, 0.054973989725112915, -0.8762235045433044] status=0x8103
joint_pos=[9.935999870300293, -20.052000045776367, 10.295999526977539, 9.972000122070312, -20.01599884033203, 10.368000030517578] joint_vel=[-0.809999942779541, -1.350000023841858, 0.0, 0.7200000286102295, -0.0, 1.350000023841858] imu_ang_vel=[0.002978309988975525, 0.0009471976663917303, -0.00405421806499362] imu_quat_wxyz=[-0.4756908416748047, -0.05414732173085213, 0.05496969446539879, -0.876221776008606] status=0x8103
joint_pos=[9.935999870300293, -20.052000045776367, 10.295999526977539, 9.972000122070312, -20.01599884033203, 10.368000030517578] joint_vel=[-0.09000000357627869, 0.7200000286102295, 0.27000001072883606, 0.7200000286102295, -0.0, -0.09000000357627869] imu_ang_vel=[0.0019130464643239975, 0.0009471976663917303, -0.0019236896187067032] imu_quat_wxyz=[-0.475693941116333, -0.0541495755314827, 0.05497149005532265, -0.8762199878692627] status=0x8103
joint_pos=[9.935999870300293, -20.052000045776367, 10.295999526977539, 9.972000122070312, -20.01599884033203, 10.368000030517578] joint_vel=[-0.5400000214576721, -0.27000001072883606, 0.6299999952316284, 0.44999998807907104, -0.0, 0.9900000095367432] imu_ang_vel=[-0.00021748244762420654, 0.004142990335822105, -0.003521586302667856] imu_quat_wxyz=[-0.47568559646606445, -0.054143551737070084, 0.05497170239686966, -0.8762246966362] status=0x8103
joint_pos=[9.935999870300293, -20.052000045776367, 10.331999778747559, 9.972000122070312, -20.01599884033203, 10.403999328613281] joint_vel=[0.18000000715255737, -0.7200000286102295, 1.709999918937683, 0.9900000095367432, -0.0, 1.350000023841858] imu_ang_vel=[-0.003413274884223938, 0.012132473289966583, -0.006184746976941824] imu_quat_wxyz=[-0.47569385170936584, -0.054130472242832184, 0.054970577359199524, -0.8762211799621582] status=0x8103
joint_pos=[9.935999870300293, -20.052000045776367, 10.403999328613281, 9.972000122070312, -20.01599884033203, 10.4399995803833] joint_vel=[-0.09000000357627869, -1.2599999904632568, 1.350000023841858, 0.5400000214576721, -0.0, 1.7999999523162842] imu_ang_vel=[0.016826748847961426, 0.01745879463851452, -0.008847907185554504] imu_quat_wxyz=[-0.47571632266044617, -0.05405442789196968, 0.054874029010534286, -0.8762197494506836] status=0x8103
joint_pos=[9.935999870300293, -20.052000045776367, 10.403999328613281, 9.972000122070312, -20.01599884033203, 10.47599983215332] joint_vel=[0.27000001072883606, -0.27000001072883606, 1.350000023841858, -0.809999942779541, -0.0, 2.5199999809265137] imu_ang_vel=[0.014696218073368073, 0.034503024071455, -0.0019236896187067032] imu_quat_wxyz=[-0.4757872223854065, -0.053924474865198135, 0.05465375632047653, -0.8762030005455017] status=0x8103
joint_pos=[9.935999870300293, -20.052000045776367, 10.4399995803833, 9.972000122070312, -20.01599884033203, 10.54800033569336] joint_vel=[0.18000000715255737, 0.09000000357627869, 1.619999885559082, 2.700000047683716, -0.09000000357627869, 1.619999885559082] imu_ang_vel=[-0.014598551206290722, 0.032905127853155136, -0.007250011432915926] imu_quat_wxyz=[-0.4758068025112152, -0.05361580848693848, 0.054442282766103745, -0.8762245178222656] status=0x8103
joint_pos=[9.935999870300293, -20.052000045776367, 10.47599983215332, 9.972000122070312, -20.01599884033203, 10.584000587463379] joint_vel=[-0.0, 1.440000057220459, 0.36000001430511475, 1.1700000762939453, -0.0, 0.6299999952316284] imu_ang_vel=[0.010435160249471664, -0.0027812274638563395, -0.02109844796359539] imu_quat_wxyz=[-0.4758692681789398, -0.05344212427735329, 0.054407596588134766, -0.8762034177780151] status=0x8103
joint_pos=[9.935999870300293, -20.052000045776367, 10.47599983215332, 9.972000122070312, -20.01599884033203, 10.584000587463379] joint_vel=[-0.36000001430511475, -0.6299999952316284, 0.0, 1.440000057220459, -0.0, 0.18000000715255737] imu_ang_vel=[0.01203305646777153, -0.0022485957015305758, -0.01364159770309925] imu_quat_wxyz=[-0.47603529691696167, -0.05351949483156204, 0.05435800924897194, -0.8761114478111267] status=0x8103
joint_pos=[9.935999870300293, -20.052000045776367, 10.47599983215332, 9.972000122070312, -20.01599884033203, 10.584000587463379] joint_vel=[-0.09000000357627869, -0.36000001430511475, 0.36000001430511475, 0.09000000357627869, 0.09000000357627869, -0.09000000357627869] imu_ang_vel=[-0.0023480113595724106, -0.00864018127322197, 0.012457380071282387] imu_quat_wxyz=[-0.4760168194770813, -0.053594186902046204, 0.054318007081747055, -0.8761194944381714] status=0x8103
joint_pos=[9.935999870300293, -20.052000045776367, 10.47599983215332, 9.972000122070312, -20.01599884033203, 10.584000587463379] joint_vel=[-0.18000000715255737, -1.1700000762939453, 0.0, -0.9900000095367432, -0.18000000715255737, -0.0] imu_ang_vel=[0.002445679157972336, -0.018227562308311462, 0.021512126550078392] imu_quat_wxyz=[-0.47584259510040283, -0.05367759242653847, 0.05443720147013664, -0.8762015700340271] status=0x8103
joint_pos=[9.899999618530273, -20.052000045776367, 10.47599983215332, 9.972000122070312, -20.01599884033203, 10.584000587463379] joint_vel=[-0.0, 0.0, 0.0, -0.18000000715255737, -0.09000000357627869, -0.0] imu_ang_vel=[0.005641471594572067, 0.01000194437801838, 0.015653172507882118] imu_quat_wxyz=[-0.47562798857688904, -0.05378462374210358, 0.05448410287499428, -0.8763085603713989] status=0x8103
joint_pos=[9.899999618530273, -20.052000045776367, 10.47599983215332, 9.972000122070312, -20.01599884033203, 10.584000587463379] joint_vel=[-0.0, -1.619999885559082, 0.0, -0.18000000715255737, -0.0, 0.27000001072883606] imu_ang_vel=[0.008837264031171799, -0.0006506990175694227, 0.0012721033999696374] imu_quat_wxyz=[-0.4754999279975891, -0.05374298617243767, 0.054411448538303375, -0.8763850927352905] status=0x8103
joint_pos=[9.899999618530273, -20.052000045776367, 10.47599983215332, 9.972000122070312, -20.01599884033203, 10.584000587463379] joint_vel=[0.27000001072883606, -0.18000000715255737, 0.0, 0.0, -0.0, -0.0] imu_ang_vel=[-0.003945907577872276, -0.0006506990175694227, -0.01044580340385437] imu_quat_wxyz=[-0.475482702255249, -0.05376400426030159, 0.05439544841647148, -0.8763941526412964] status=0x8103
joint_pos=[9.899999618530273, -20.052000045776367, 10.47599983215332, 9.972000122070312, -20.01599884033203, 10.584000587463379] joint_vel=[-0.0, 0.0, 0.27000001072883606, -0.9900000095367432, -0.0, -0.0] imu_ang_vel=[0.0003151502460241318, -0.0017159634735435247, -0.02163107879459858] imu_quat_wxyz=[-0.4755861163139343, -0.05372441187500954, 0.05439229682087898, -0.8763407468795776] status=0x8103
joint_pos=[9.899999618530273, -20.052000045776367, 10.47599983215332, 9.972000122070312, -20.01599884033203, 10.584000587463379] joint_vel=[-0.0, -0.44999998807907104, 0.0, 0.6299999952316284, -0.0, -0.18000000715255737] imu_ang_vel=[-0.0007501151412725449, 0.0014798296615481377, -0.023761607706546783] imu_quat_wxyz=[-0.4757613241672516, -0.053731922060251236, 0.054406579583883286, -0.8762443661689758] status=0x8103
joint_pos=[9.899999618530273, -20.052000045776367, 10.47599983215332, 9.972000122070312, -20.01599884033203, 10.584000587463379] joint_vel=[-0.0, 0.18000000715255737, 0.0, -1.8899999856948853, -0.0, -0.0] imu_ang_vel=[-0.0023480113595724106, 0.0025450941175222397, -0.013108965009450912] imu_quat_wxyz=[-0.475913405418396, -0.0537288673222065, 0.05441809073090553, -0.8761611580848694] status=0x8103
joint_pos=[9.899999618530273, -20.052000045776367, 10.47599983215332, 9.972000122070312, -20.01599884033203, 10.584000587463379] joint_vel=[0.27000001072883606, 0.0, 0.0, 1.2599999904632568, -0.0, -0.0] imu_ang_vel=[0.0019130464643239975, 0.0057408870197832584, -0.0019236896187067032] imu_quat_wxyz=[-0.47596994042396545, -0.05369608849287033, 0.0544421523809433, -0.8761309385299683] status=0x8103
joint_pos=[9.899999618530273, -20.052000045776367, 10.47599983215332, 9.972000122070312, -20.01599884033203, 10.584000587463379] joint_vel=[-0.36000001430511475, 0.7200000286102295, -0.44999998807907104, 0.7200000286102295, 0.09000000357627869, -0.18000000715255737] imu_ang_vel=[0.002445679157972336, 0.01159984152764082, 0.004467896185815334] imu_quat_wxyz=[-0.47593745589256287, -0.053652528673410416, 0.05441388487815857, -0.8761529922485352] status=0x8103
joint_pos=[9.899999618530273, -20.052000045776367, 10.47599983215332, 9.972000122070312, -20.01599884033203, 10.584000587463379] joint_vel=[-0.0, -0.18000000715255737, 0.0, -1.619999885559082, -0.0, 0.09000000357627869] imu_ang_vel=[0.002445679157972336, 0.005208254791796207, 0.00766368955373764] imu_quat_wxyz=[-0.4758560359477997, -0.05356156453490257, 0.054371558129787445, -0.8762055039405823] status=0x8103
joint_pos=[9.899999618530273, -20.052000045776367, 10.47599983215332, 9.972000122070312, -20.01599884033203, 10.584000587463379] joint_vel=[-0.36000001430511475, -0.18000000715255737, -0.18000000715255737, -1.619999885559082, -0.0, -0.0] imu_ang_vel=[0.0013804137706756592, 0.004142990335822105, 0.0018047355115413666] imu_quat_wxyz=[-0.4757597744464874, -0.053528640419244766, 0.054366856813430786, -0.8762601017951965] status=0x8103
joint_pos=[9.899999618530273, -20.052000045776367, 10.47599983215332, 9.972000122070312, -20.01599884033203, 10.584000587463379] joint_vel=[-0.0, -0.36000001430511475, 0.0, 1.8899999856948853, -0.0, -0.0] imu_ang_vel=[0.0019130464643239975, 0.0025450941175222397, -0.008315276354551315] imu_quat_wxyz=[-0.47573915123939514, -0.05350305885076523, 0.05434432625770569, -0.8762741684913635] status=0x8103
joint_pos=[9.899999618530273, -20.052000045776367, 10.47599983215332, 9.972000122070312, -20.01599884033203, 10.584000587463379] joint_vel=[-0.0, 0.6299999952316284, -0.09000000357627869, 1.53000009059906, -0.0, 0.36000001430511475] imu_ang_vel=[0.0003151502460241318, 0.003610358340665698, -0.010978436097502708] imu_quat_wxyz=[-0.475781112909317, -0.05350523442029953, 0.05435296148061752, -0.8762507438659668] status=0x8103
joint_pos=[9.899999618530273, -20.052000045776367, 10.47599983215332, 9.972000122070312, -20.01599884033203, 10.584000587463379] joint_vel=[-0.09000000357627869, -0.8999999761581421, 0.09000000357627869, 0.09000000357627869, -0.0, -0.18000000715255737] imu_ang_vel=[0.005108840763568878, 0.004142990335822105, -0.01044580340385437] imu_quat_wxyz=[-0.4758468568325043, -0.05360471084713936, 0.05442570522427559, -0.8762044906616211] status=0x8103
joint_pos=[9.899999618530273, -20.052000045776367, 10.47599983215332, 9.972000122070312, -20.01599884033203, 10.584000587463379] joint_vel=[-0.18000000715255737, -0.809999942779541, 0.0, -0.44999998807907104, -0.0, 0.09000000357627869] imu_ang_vel=[0.0035109426826238632, 0.004675622563809156, -0.00405421806499362] imu_quat_wxyz=[-0.47590047121047974, -0.0535924918949604, 0.05439022183418274, -0.8761782050132751] status=0x8103
joint_pos=[9.899999618530273, -20.052000045776367, 10.47599983215332, 9.972000122070312, -20.01599884033203, 10.584000587463379] joint_vel=[-0.36000001430511475, -0.7200000286102295, 0.09000000357627869, -1.0800000429153442, -0.0, 0.27000001072883606] imu_ang_vel=[0.0040435753762722015, 0.0014798296615481377, 0.0018047355115413666] imu_quat_wxyz=[-0.4758923351764679, -0.053585316985845566, 0.05436907336115837, -0.876184344291687] status=0x8103
joint_pos=[9.899999618530273, -20.052000045776367, 10.47599983215332, 9.972000122070312, -20.01599884033203, 10.584000587463379] joint_vel=[0.44999998807907104, -0.27000001072883606, 0.18000000715255737, -0.6299999952316284, -0.0, -0.09000000357627869] imu_ang_vel=[0.004576206207275391, -0.0017159634735435247, 0.005533160641789436] imu_quat_wxyz=[-0.4758225977420807, -0.05360252037644386, 0.054359592497348785, -0.8762218356132507] status=0x8103
joint_pos=[9.899999618530273, -20.052000045776367, 10.47599983215332, 9.972000122070312, -20.01599884033203, 10.584000587463379] joint_vel=[-0.44999998807907104, 0.6299999952316284, 0.0, 0.0, -0.0, 0.18000000715255737] imu_ang_vel=[0.0035109426826238632, -0.007042285054922104, 0.005533160641789436] imu_quat_wxyz=[-0.4757390320301056, -0.05366187170147896, 0.05437633395195007, -0.8762624859809875] status=0x8103
joint_pos=[9.899999618530273, -20.052000045776367, 10.47599983215332, 9.972000122070312, -20.01599884033203, 10.584000587463379] joint_vel=[0.09000000357627869, 1.0800000429153442, 0.0, 0.0, -0.0, -0.0] imu_ang_vel=[0.0019130464643239975, -0.007574916817247868, 0.0018047355115413666] imu_quat_wxyz=[-0.4756661355495453, -0.053681787103414536, 0.054378870874643326, -0.8763008117675781] status=0x8103
joint_pos=[9.899999618530273, -20.052000045776367, 10.47599983215332, 9.972000122070312, -20.01599884033203, 10.584000587463379] joint_vel=[-0.44999998807907104, 0.0, 0.0, -0.9900000095367432, -0.0, -0.09000000357627869] imu_ang_vel=[0.0013804137706756592, -0.0027812274638563395, -0.006184746976941824] imu_quat_wxyz=[-0.47563835978507996, -0.053756698966026306, 0.05443061515688896, -0.8763080835342407] status=0x8103
joint_pos=[9.899999618530273, -20.052000045776367, 10.47599983215332, 9.972000122070312, -20.01599884033203, 10.584000587463379] joint_vel=[-0.36000001430511475, 0.44999998807907104, 0.0, -0.09000000357627869, 0.09000000357627869, -0.0] imu_ang_vel=[0.0013804137706756592, 0.003610358340665698, -0.012043699622154236] imu_quat_wxyz=[-0.47568196058273315, -0.053772296756505966, 0.05444077402353287, -0.8762826919555664] status=0x8103
joint_pos=[9.899999618530273, -20.052000045776367, 10.47599983215332, 9.972000122070312, -20.01599884033203, 10.584000587463379] joint_vel=[0.09000000357627869, 0.18000000715255737, 0.0, 0.18000000715255737, -0.0, -0.09000000357627869] imu_ang_vel=[0.0003151502460241318, 0.0014798296615481377, -0.01364159770309925] imu_quat_wxyz=[-0.47576725482940674, -0.05376587435603142, 0.054432399570941925, -0.8762374520301819] status=0x8103
joint_pos=[9.899999618530273, -20.052000045776367, 10.47599983215332, 9.972000122070312, -20.01599884033203, 10.584000587463379] joint_vel=[-0.0, -0.36000001430511475, 0.0, 2.9700000286102295, -0.0, -0.0] imu_ang_vel=[0.0003151502460241318, 0.0025450941175222397, -0.009380539879202843] imu_quat_wxyz=[-0.4758475422859192, -0.05375552177429199, 0.05443226918578148, -0.876194417476654] status=0x8103
joint_pos=[9.899999618530273, -20.052000045776367, 10.47599983215332, 9.972000122070312, -20.01599884033203, 10.584000587463379] joint_vel=[-0.0, -0.5400000214576721, 0.09000000357627869, 2.1600000858306885, -0.0, -0.0] imu_ang_vel=[0.0013804137706756592, 0.0057408870197832584, -0.005119482520967722] imu_quat_wxyz=[-0.4758879542350769, -0.053713757544755936, 0.05442488566040993, -0.8761755228042603] status=0x8103
joint_pos=[9.935999870300293, -20.052000045776367, 10.47599983215332, 9.972000122070312, -20.01599884033203, 10.584000587463379] joint_vel=[0.18000000715255737, -0.6299999952316284, 0.0, 4.139999866485596, -0.0, 0.44999998807907104] imu_ang_vel=[0.002978309988975525, 0.006806151010096073, 0.0012721033999696374] imu_quat_wxyz=[-0.4758807122707367, -0.0536736324429512, 0.05440389737486839, -0.8761832118034363] status=0x8103
joint_pos=[9.935999870300293, -20.052000045776367, 10.47599983215332, 9.972000122070312, -20.01599884033203, 10.584000587463379] joint_vel=[0.36000001430511475, -0.36000001430511475, -0.36000001430511475, -0.09000000357627869, 0.27000001072883606, -0.0] imu_ang_vel=[0.004576206207275391, 0.0073387837037444115, 0.0034026321955025196] imu_quat_wxyz=[-0.4758383631706238, -0.053617291152477264, 0.05436865612864494, -0.8762118220329285] status=0x8103
joint_pos=[9.899999618530273, -20.052000045776367, 10.47599983215332, 9.972000122070312, -20.01599884033203, 10.584000587463379] joint_vel=[-0.09000000357627869, -0.18000000715255737, -0.09000000357627869, 1.53000009059906, -0.0, -0.18000000715255737] imu_ang_vel=[0.0019130464643239975, -0.00011806678958237171, 0.0007394712883979082] imu_quat_wxyz=[-0.4757874011993408, -0.053584370762109756, 0.05434709042310715, -0.8762428760528564] status=0x8103
joint_pos=[9.935999870300293, -20.052000045776367, 10.47599983215332, 9.972000122070312, -20.01599884033203, 10.584000587463379] joint_vel=[0.09000000357627869, -0.7200000286102295, 0.09000000357627869, 1.350000023841858, -0.0, -0.0] imu_ang_vel=[0.0019130464643239975, -0.0006506990175694227, -0.00405421806499362] imu_quat_wxyz=[-0.47576579451560974, -0.053587451577186584, 0.05436000972986221, -0.876253604888916] status=0x8103
joint_pos=[9.899999618530273, -20.052000045776367, 10.47599983215332, 9.972000122070312, -20.01599884033203, 10.584000587463379] joint_vel=[-0.09000000357627869, 0.809999942779541, 0.0, -1.0800000429153442, -0.0, -0.0] imu_ang_vel=[0.0003151502460241318, 0.0004145654384046793, -0.006184746976941824] imu_quat_wxyz=[-0.4757850170135498, -0.05363805592060089, 0.05437851697206497, -0.8762388825416565] status=0x8103
joint_pos=[9.935999870300293, -20.052000045776367, 10.47599983215332, 9.972000122070312, -20.01599884033203, 10.584000587463379] joint_vel=[-0.0, 0.9900000095367432, 0.0, -0.809999942779541, -0.0, -0.0] imu_ang_vel=[0.0019130464643239975, 0.0025450941175222397, -0.007250011432915926] imu_quat_wxyz=[-0.47582074999809265, -0.053629133850336075, 0.05437353253364563, -0.8762203454971313] status=0x8103
joint_pos=[9.899999618530273, -20.052000045776367, 10.47599983215332, 9.972000122070312, -20.01599884033203, 10.584000587463379] joint_vel=[0.18000000715255737, 0.27000001072883606, 0.18000000715255737, -1.2599999904632568, -0.18000000715255737, -0.0] imu_ang_vel=[0.002978309988975525, 0.003077726112678647, -0.00405421806499362] imu_quat_wxyz=[-0.4758486747741699, -0.05361943691968918, 0.05435615032911301, -0.8762068748474121] status=0x8103
joint_pos=[9.899999618530273, -20.052000045776367, 10.47599983215332, 9.972000122070312, -20.01599884033203, 10.584000587463379] joint_vel=[-0.5400000214576721, 0.09000000357627869, 0.0, -0.5400000214576721, -0.18000000715255737, -0.27000001072883606] imu_ang_vel=[0.002978309988975525, 0.0014798296615481377, 0.0002068390604108572] imu_quat_wxyz=[-0.47584766149520874, -0.05360917001962662, 0.054347869008779526, -0.8762086033821106] status=0x8103
joint_pos=[9.899999618530273, -20.052000045776367, 10.47599983215332, 9.972000122070312, -20.01599884033203, 10.584000587463379] joint_vel=[0.18000000715255737, -0.44999998807907104, 0.0, 2.9700000286102295, -0.0, -0.0] imu_ang_vel=[0.004576206207275391, -0.00011806678958237171, 0.0018047355115413666] imu_quat_wxyz=[-0.4758147895336151, -0.053614139556884766, 0.05434110015630722, -0.876226544380188] status=0x8103
joint_pos=[9.899999618530273, -20.052000045776367, 10.47599983215332, 9.972000122070312, -20.01599884033203, 10.584000587463379] joint_vel=[-0.0, 0.0, -0.09000000357627869, 0.09000000357627869, 0.27000001072883606, -0.27000001072883606] imu_ang_vel=[0.0013804137706756592, 0.0004145654384046793, 0.0012721033999696374] imu_quat_wxyz=[-0.47577449679374695, -0.05360323563218117, 0.05432578921318054, -0.8762500286102295] status=0x8103
joint_pos=[9.899999618530273, -20.052000045776367, 10.47599983215332, 9.972000122070312, -20.01599884033203, 10.584000587463379] joint_vel=[-0.0, -0.809999942779541, 0.27000001072883606, -0.6299999952316284, -0.0, -0.0] imu_ang_vel=[0.0019130464643239975, 0.0009471976663917303, -0.00032579293474555016] imu_quat_wxyz=[-0.47573748230934143, -0.053607404232025146, 0.05432579293847084, -0.8762698769569397] status=0x8103
joint_pos=[9.899999618530273, -20.052000045776367, 10.47599983215332, 9.972000122070312, -20.01599884033203, 10.584000587463379] joint_vel=[0.27000001072883606, -0.809999942779541, 0.09000000357627869, -0.9900000095367432, -0.0, -0.09000000357627869] imu_ang_vel=[0.0008477829396724701, 0.0009471976663917303, -0.005119482520967722] imu_quat_wxyz=[-0.4757292866706848, -0.05360439419746399, 0.054337162524461746, -0.8762737512588501] status=0x8103
joint_pos=[9.899999618530273, -20.052000045776367, 10.47599983215332, 9.972000122070312, -20.01599884033203, 10.584000587463379] joint_vel=[-0.27000001072883606, -0.6299999952316284, 0.0, 0.09000000357627869, -0.0, -0.09000000357627869] imu_ang_vel=[0.0013804137706756592, 0.0014798296615481377, -0.007782644126564264] imu_quat_wxyz=[-0.47575581073760986, -0.053604621440172195, 0.054346274584531784, -0.8762588500976562] status=0x8103
joint_pos=[9.899999618530273, -20.052000045776367, 10.47599983215332, 9.972000122070312, -20.01599884033203, 10.584000587463379] joint_vel=[0.5400000214576721, -0.09000000357627869, 0.09000000357627869, 0.18000000715255737, -0.09000000357627869, 0.09000000357627869] imu_ang_vel=[0.0008477829396724701, 0.0004145654384046793, -0.007782644126564264] imu_quat_wxyz=[-0.4757999777793884, -0.05361110717058182, 0.05435279756784439, -0.8762340545654297] status=0x8103
joint_pos=[9.899999618530273, -20.052000045776367, 10.47599983215332, 9.972000122070312, -20.01599884033203, 10.584000587463379] joint_vel=[-0.44999998807907104, 1.1700000762939453, 0.0, 0.8999999761581421, -0.0, 0.18000000715255737] imu_ang_vel=[0.0019130464643239975, 0.0014798296615481377, -0.005119482520967722] imu_quat_wxyz=[-0.47583162784576416, -0.05359845981001854, 0.05436180159449577, -0.8762171268463135] status=0x8103
joint_pos=[9.899999618530273, -20.052000045776367, 10.47599983215332, 9.972000122070312, -20.01599884033203, 10.584000587463379] joint_vel=[-0.0, 0.5400000214576721, 0.0, -0.18000000715255737, -0.0, -0.0] imu_ang_vel=[0.0035109426826238632, 0.003077726112678647, -0.0019236896187067032] imu_quat_wxyz=[-0.4758419394493103, -0.05359594151377678, 0.05436542630195618, -0.8762112855911255] status=0x8103
joint_pos=[9.899999618530273, -20.052000045776367, 10.47599983215332, 9.972000122070312, -20.01599884033203, 10.584000587463379] joint_vel=[-0.0, 0.0, 0.09000000357627869, 0.44999998807907104, -0.0, -0.0] imu_ang_vel=[0.0019130464643239975, 0.0014798296615481377, -0.0008584251627326012] imu_quat_wxyz=[-0.475826621055603, -0.05358811467885971, 0.05435298755764961, -0.8762210011482239] status=0x8103
joint_pos=[9.899999618530273, -20.052000045776367, 10.47599983215332, 9.972000122070312, -20.01599884033203, 10.584000587463379] joint_vel=[-0.0, -0.27000001072883606, 0.0, 1.619999885559082, -0.0, 0.27000001072883606] imu_ang_vel=[0.0022681355476379395, 0.0025450941175222397, -0.0015686016995459795] imu_quat_wxyz=[-0.4758029282093048, -0.05358414724469185, 0.05435556918382645, -0.8762338757514954] status=0x8103
joint_pos=[9.899999618530273, -20.052000045776367, 10.47599983215332, 9.972000122070312, -20.01599884033203, 10.584000587463379] joint_vel=[-0.09000000357627869, -0.36000001430511475, 0.0, 0.5400000214576721, -0.0, -0.18000000715255737] imu_ang_vel=[0.002978309988975525, -0.0006506990175694227, -0.003521586302667856] imu_quat_wxyz=[-0.47579237818717957, -0.05357823520898819, 0.0543547049164772, -0.8762399554252625] status=0x8103
joint_pos=[9.899999618530273, -20.052000045776367, 10.47599983215332, 9.972000122070312, -20.01599884033203, 10.584000587463379] joint_vel=[-0.09000000357627869, 0.0, -0.09000000357627869, -0.7200000286102295, -0.0, -0.0] imu_ang_vel=[0.0035109426826238632, 0.0020124618895351887, -0.00405421806499362] imu_quat_wxyz=[-0.4757882356643677, -0.05362792685627937, 0.054379235953092575, -0.876237690448761] status=0x8103
joint_pos=[9.899999618530273, -20.052000045776367, 10.47599983215332, 9.972000122070312, -20.01599884033203, 10.584000587463379] joint_vel=[-0.0, 0.5400000214576721, 0.0, -1.350000023841858, -0.0, 0.18000000715255737] imu_ang_vel=[0.002978309988975525, 0.003610358340665698, -0.005119482520967722] imu_quat_wxyz=[-0.4757981598377228, -0.05362280458211899, 0.054372694343328476, -0.8762331008911133] status=0x8103
joint_pos=[9.899999618530273, -20.052000045776367, 10.47599983215332, 9.972000122070312, -20.01599884033203, 10.584000587463379] joint_vel=[-0.0, -0.09000000357627869, 0.0, 1.53000009059906, 0.27000001072883606, -0.0] imu_ang_vel=[0.002978309988975525, 0.0009471976663917303, -0.00405421806499362] imu_quat_wxyz=[-0.475810706615448, -0.053614042699337006, 0.05436158552765846, -0.8762274384498596] status=0x8103
joint_pos=[9.899999618530273, -20.052000045776367, 10.47599983215332, 9.972000122070312, -20.01599884033203, 10.584000587463379] joint_vel=[-0.36000001430511475, -0.27000001072883606, 0.0, 0.0, -0.0, -0.0] imu_ang_vel=[0.0035109426826238632, 0.0025450941175222397, -0.002456321846693754] imu_quat_wxyz=[-0.47581154108047485, -0.05361606925725937, 0.054359231144189835, -0.8762270212173462] status=0x8103
joint_pos=[9.899999618530273, -20.052000045776367, 10.47599983215332, 9.972000122070312, -20.01599884033203, 10.584000587463379] joint_vel=[-0.0, 0.809999942779541, 0.09000000357627869, -1.1700000762939453, -0.27000001072883606, 0.09000000357627869] imu_ang_vel=[0.0019130464643239975, 0.0009471976663917303, -0.0008584251627326012] imu_quat_wxyz=[-0.47579753398895264, -0.05362176150083542, 0.054357632994651794, -0.8762344717979431] status=0x8103
joint_pos=[9.899999618530273, -20.052000045776367, 10.47599983215332, 9.972000122070312, -20.01599884033203, 10.584000587463379] joint_vel=[-0.0, -0.18000000715255737, 0.0, -1.350000023841858, -0.0, -0.0] imu_ang_vel=[0.002978309988975525, 0.0020124618895351887, 0.0002068390604108572] imu_quat_wxyz=[-0.4757753014564514, -0.05362274497747421, 0.054331183433532715, -0.8762480020523071] status=0x8103
joint_pos=[9.899999618530273, -20.052000045776367, 10.47599983215332, 9.972000122070312, -20.01599884033203, 10.584000587463379] joint_vel=[-0.0, 0.7200000286102295, 0.0, -1.619999885559082, -0.0, -0.36000001430511475] imu_ang_vel=[0.0019130464643239975, 0.0020124618895351887, -0.0019236896187067032] imu_quat_wxyz=[-0.47575676441192627, -0.05362333357334137, 0.05433264747262001, -0.8762579560279846] status=0x8103
joint_pos=[9.899999618530273, -20.052000045776367, 10.47599983215332, 9.972000122070312, -20.01599884033203, 10.584000587463379] joint_vel=[-0.0, 0.0, -0.27000001072883606, 2.3400001525878906, -0.0, -0.18000000715255737] imu_ang_vel=[0.0019130464643239975, -0.0006506990175694227, -0.004586850292980671] imu_quat_wxyz=[-0.47575414180755615, -0.053627531975507736, 0.05433451384305954, -0.8762590289115906] status=0x8103
joint_pos=[9.899999618530273, -20.052000045776367, 10.47599983215332, 9.972000122070312, -20.01599884033203, 10.584000587463379] joint_vel=[-0.0, -0.8999999761581421, 0.0, 0.6299999952316284, -0.0, 0.18000000715255737] imu_ang_vel=[0.0013804137706756592, 0.0025450941175222397, -0.006184746976941824] imu_quat_wxyz=[-0.4757668673992157, -0.05363727733492851, 0.05434221774339676, -0.8762511014938354] status=0x8103
joint_pos=[9.899999618530273, -20.052000045776367, 10.47599983215332, 9.972000122070312, -20.01599884033203, 10.584000587463379] joint_vel=[-0.0, -0.809999942779541, 0.0, 0.18000000715255737, -0.18000000715255737, -0.0] imu_ang_vel=[0.0008477829396724701, 0.0020124618895351887, -0.005119482520967722] imu_quat_wxyz=[-0.4757891893386841, -0.053634628653526306, 0.05435091257095337, -0.8762385845184326] status=0x8103
joint_pos=[9.935999870300293, -20.052000045776367, 10.47599983215332, 9.972000122070312, -20.01599884033203, 10.584000587463379] joint_vel=[0.5400000214576721, -0.09000000357627869, -0.27000001072883606, -1.7999999523162842, -0.09000000357627869, 0.27000001072883606] imu_ang_vel=[0.0019130464643239975, 0.0009471976663917303, -0.005119482520967722] imu_quat_wxyz=[-0.47579747438430786, -0.05362758785486221, 0.05435170605778694, -0.8762345314025879] status=0x8103
joint_pos=[9.899999618530273, -20.052000045776367, 10.47599983215332, 9.972000122070312, -20.01599884033203, 10.584000587463379] joint_vel=[-0.36000001430511475, -0.36000001430511475, 0.09000000357627869, -0.8999999761581421, -0.0, -0.0] imu_ang_vel=[0.0019130464643239975, 0.0020124618895351887, -0.002988954074680805] imu_quat_wxyz=[-0.4758129119873047, -0.053605590015649796, 0.054344676434993744, -0.8762279152870178] status=0x8103
joint_pos=[9.899999618530273, -20.052000045776367, 10.47599983215332, 9.972000122070312, -20.01599884033203, 10.584000587463379] joint_vel=[-0.0, 0.0, -0.09000000357627869, 0.0, 0.09000000357627869, -0.09000000357627869] imu_ang_vel=[0.002445679157972336, -0.00011806678958237171, -0.0013910573907196522] imu_quat_wxyz=[-0.47580409049987793, -0.053601719439029694, 0.054347533732652664, -0.8762326240539551] status=0x8103
joint_pos=[9.899999618530273, -20.052000045776367, 10.47599983215332, 9.972000122070312, -20.01599884033203, 10.584000587463379] joint_vel=[0.09000000357627869, -0.7200000286102295, 0.0, 0.809999942779541, -0.18000000715255737, -0.0] imu_ang_vel=[0.0040435753762722015, 0.0004145654384046793, -0.0019236896187067032] imu_quat_wxyz=[-0.47579193115234375, -0.0536041334271431, 0.05434752255678177, -0.8762391209602356] status=0x8103
joint_pos=[9.899999618530273, -20.052000045776367, 10.47599983215332, 9.972000122070312, -20.01599884033203, 10.584000587463379] joint_vel=[-0.0, 0.6299999952316284, 0.0, -0.5400000214576721, -0.0, -0.0] imu_ang_vel=[0.0040435753762722015, 0.0014798296615481377, -0.0019236896187067032] imu_quat_wxyz=[-0.47577887773513794, -0.05360536277294159, 0.054343946278095245, -0.8762463331222534] status=0x8103
joint_pos=[9.899999618530273, -20.052000045776367, 10.47599983215332, 9.972000122070312, -20.01599884033203, 10.584000587463379] joint_vel=[-0.0, 0.7200000286102295, 0.09000000357627869, 2.1600000858306885, -0.0, -0.0] imu_ang_vel=[0.002445679157972336, 0.003077726112678647, -0.003521586302667856] imu_quat_wxyz=[-0.47576457262039185, -0.05361923947930336, 0.05435391142964363, -0.8762526512145996] status=0x8103
joint_pos=[9.899999618530273, -20.052000045776367, 10.47599983215332, 9.972000122070312, -20.01599884033203, 10.584000587463379] joint_vel=[-0.0, 0.0, -0.18000000715255737, 0.6299999952316284, 0.18000000715255737, -0.18000000715255737] imu_ang_vel=[0.0019130464643239975, 0.0004145654384046793, -0.00565211521461606] imu_quat_wxyz=[-0.47577136754989624, -0.053616493940353394, 0.05434389039874077, -0.8762497901916504] status=0x8103
joint_pos=[9.899999618530273, -20.052000045776367, 10.47599983215332, 9.972000122070312, -20.01599884033203, 10.584000587463379] joint_vel=[-0.27000001072883606, 0.6299999952316284, 0.0, 0.0, -0.18000000715255737, -0.0] imu_ang_vel=[0.002978309988975525, 0.003077726112678647, -0.003521586302667856] imu_quat_wxyz=[-0.4757782518863678, -0.05362003669142723, 0.05434144288301468, -0.8762459754943848] status=0x8103
joint_pos=[9.899999618530273, -20.052000045776367, 10.47599983215332, 9.972000122070312, -20.01599884033203, 10.584000587463379] joint_vel=[-0.18000000715255737, -0.7200000286102295, 0.18000000715255737, 2.069999933242798, -0.0, -0.0] imu_ang_vel=[0.0019130464643239975, 0.003077726112678647, -0.002456321846693754] imu_quat_wxyz=[-0.47577932476997375, -0.05361642688512802, 0.054322630167007446, -0.8762467503547668] status=0x8103
joint_pos=[9.935999870300293, -20.052000045776367, 10.47599983215332, 9.972000122070312, -20.01599884033203, 10.584000587463379] joint_vel=[0.18000000715255737, 1.1700000762939453, 0.09000000357627869, -2.880000114440918, -0.0, -0.0] imu_ang_vel=[0.0019130464643239975, 0.0009471976663917303, -0.0019236896187067032] imu_quat_wxyz=[-0.4757726490497589, -0.0536065474152565, 0.05431675538420677, -0.8762514591217041] status=0x8103
joint_pos=[9.899999618530273, -20.052000045776367, 10.47599983215332, 9.972000122070312, -20.01599884033203, 10.584000587463379] joint_vel=[-0.09000000357627869, -0.44999998807907104, -0.18000000715255737, -1.1700000762939453, 0.18000000715255737, -0.09000000357627869] imu_ang_vel=[0.002978309988975525, 0.0004145654384046793, -0.002456321846693754] imu_quat_wxyz=[-0.47576504945755005, -0.053603045642375946, 0.05431551858782768, -0.8762558102607727] status=0x8103
joint_pos=[9.899999618530273, -20.052000045776367, 10.47599983215332, 9.972000122070312, -20.01599884033203, 10.584000587463379] joint_vel=[-0.09000000357627869, -0.27000001072883606, 0.09000000357627869, 0.7200000286102295, -0.0, -0.0] imu_ang_vel=[0.0019130464643239975, 0.0014798296615481377, -0.002988954074680805] imu_quat_wxyz=[-0.47575852274894714, -0.05361192300915718, 0.05431540682911873, -0.8762587904930115] status=0x8103
joint_pos=[9.899999618530273, -20.052000045776367, 10.47599983215332, 9.972000122070312, -20.01599884033203, 10.584000587463379] joint_vel=[-0.0, 0.27000001072883606, -0.09000000357627869, 0.18000000715255737, 0.09000000357627869, -0.0] imu_ang_vel=[0.0008477829396724701, 0.0020124618895351887, -0.0019236896187067032] imu_quat_wxyz=[-0.47575193643569946, -0.053613051772117615, 0.05431279167532921, -0.8762624263763428] status=0x8103
joint_pos=[9.899999618530273, -20.052000045776367, 10.47599983215332, 9.972000122070312, -20.01599884033203, 10.584000587463379] joint_vel=[0.36000001430511475, 0.0, 0.0, 0.27000001072883606, -0.0, 0.09000000357627869] imu_ang_vel=[0.0003151502460241318, 0.0014798296615481377, -0.003521586302667856] imu_quat_wxyz=[-0.4757539629936218, -0.05360714718699455, 0.054317131638526917, -0.8762614130973816] status=0x8103
joint_pos=[9.899999618530273, -20.052000045776367, 10.47599983215332, 9.972000122070312, -20.01599884033203, 10.584000587463379] joint_vel=[-0.44999998807907104, -0.7200000286102295, 0.0, -1.1700000762939453, 0.27000001072883606, -0.09000000357627869] imu_ang_vel=[-0.00021748244762420654, 0.0004145654384046793, -0.00405421806499362] imu_quat_wxyz=[-0.4757634699344635, -0.0536140538752079, 0.054327141493558884, -0.8762552738189697] status=0x8103
joint_pos=[9.899999618530273, -20.052000045776367, 10.47599983215332, 9.972000122070312, -20.01599884033203, 10.584000587463379] joint_vel=[-0.0, -0.18000000715255737, 0.09000000357627869, -1.0800000429153442, -0.0, -0.0] imu_ang_vel=[0.0008477829396724701, 0.0004145654384046793, -0.00405421806499362] imu_quat_wxyz=[-0.47577759623527527, -0.05362095311284065, 0.05433341860771179, -0.8762468099594116] status=0x8103
joint_pos=[9.899999618530273, -20.052000045776367, 10.47599983215332, 9.972000122070312, -20.01599884033203, 10.584000587463379] joint_vel=[-0.0, 0.0, 0.0, 0.27000001072883606, -0.0, -0.09000000357627869] imu_ang_vel=[0.0040435753762722015, 0.0014798296615481377, -0.002456321846693754] imu_quat_wxyz=[-0.47578245401382446, -0.05362493544816971, 0.054334428161382675, -0.8762438297271729] status=0x8103
joint_pos=[9.899999618530273, -20.052000045776367, 10.47599983215332, 9.972000122070312, -20.01599884033203, 10.584000587463379] joint_vel=[0.09000000357627869, 0.6299999952316284, -0.27000001072883606, 0.18000000715255737, -0.0, -0.09000000357627869] imu_ang_vel=[0.002445679157972336, 0.0009471976663917303, -0.002988954074680805] imu_quat_wxyz=[-0.47577759623527527, -0.053619835525751114, 0.05432670935988426, -0.876247227191925] status=0x8103
joint_pos=[9.899999618530273, -20.052000045776367, 10.47599983215332, 9.972000122070312, -20.01599884033203, 10.584000587463379] joint_vel=[-0.0, 1.0800000429153442, -0.18000000715255737, -3.3299999237060547, -0.0, -0.09000000357627869] imu_ang_vel=[0.0019130464643239975, 0.0004145654384046793, -0.0008584251627326012] imu_quat_wxyz=[-0.4757687449455261, -0.05361153557896614, 0.05432703346014023, -0.8762525916099548] status=0x8103
joint_pos=[9.935999870300293, -20.052000045776367, 10.47599983215332, 9.972000122070312, -20.01599884033203, 10.584000587463379] joint_vel=[0.27000001072883606, -2.5199999809265137, 0.09000000357627869, 2.3400001525878906, -0.0, -0.09000000357627869] imu_ang_vel=[0.0040435753762722015, 0.0020124618895351887, -0.002988954074680805] imu_quat_wxyz=[-0.47575825452804565, -0.053613658994436264, 0.05433076620101929, -0.8762579560279846] status=0x8103
joint_pos=[9.899999618530273, -20.052000045776367, 10.47599983215332, 9.972000122070312, -20.01599884033203, 10.584000587463379] joint_vel=[-0.0, -0.09000000357627869, -0.27000001072883606, 0.7200000286102295, -0.09000000357627869, 0.09000000357627869] imu_ang_vel=[0.0019130464643239975, 0.003610358340665698, -0.002456321846693754] imu_quat_wxyz=[-0.47575369477272034, -0.05362556874752045, 0.05433665215969086, -0.8762593269348145] status=0x8103
joint_pos=[9.935999870300293, -20.052000045776367, 10.47599983215332, 9.972000122070312, -20.01599884033203, 10.584000587463379] joint_vel=[0.27000001072883606, 0.36000001430511475, 0.0, -0.809999942779541, -0.0, -0.0] imu_ang_vel=[0.002978309988975525, 0.0020124618895351887, -0.0019236896187067032] imu_quat_wxyz=[-0.4757520854473114, -0.05362022668123245, 0.0543324314057827, -0.8762606978416443] status=0x8103
joint_pos=[9.899999618530273, -20.052000045776367, 10.47599983215332, 9.972000122070312, -20.01599884033203, 10.584000587463379] joint_vel=[-0.0, -1.709999918937683, -0.09000000357627869, 0.809999942779541, 0.18000000715255737, -0.09000000357627869] imu_ang_vel=[0.0013804137706756592, 0.0014798296615481377, -0.003521586302667856] imu_quat_wxyz=[-0.4757482707500458, -0.05361185222864151, 0.054325170814991, -0.8762638568878174] status=0x8103
joint_pos=[9.899999618530273, -20.052000045776367, 10.47599983215332, 9.972000122070312, -20.01599884033203, 10.584000587463379] joint_vel=[0.09000000357627869, 0.0, 0.0, -0.9900000095367432, -0.0, -0.0] imu_ang_vel=[0.002978309988975525, 0.0014798296615481377, -0.003521586302667856] imu_quat_wxyz=[-0.47574383020401, -0.05361761897802353, 0.05432674661278725, -0.8762657046318054] status=0x8103
joint_pos=[9.899999618530273, -20.052000045776367, 10.47599983215332, 9.972000122070312, -20.01599884033203, 10.584000587463379] joint_vel=[-0.09000000357627869, -0.6299999952316284, 0.0, -3.690000057220459, -0.0, -0.0] imu_ang_vel=[-0.00021748244762420654, 0.0009471976663917303, -0.002988954074680805] imu_quat_wxyz=[-0.47574228048324585, -0.05361621454358101, 0.05432453006505966, -0.8762668371200562] status=0x8103
joint_pos=[9.899999618530273, -20.052000045776367, 10.47599983215332, 9.935999870300293, -20.01599884033203, 10.584000587463379] joint_vel=[0.18000000715255737, 0.809999942779541, 0.0, -4.949999809265137, -0.0, 0.09000000357627869] imu_ang_vel=[0.002978309988975525, 0.0009471976663917303, -0.003521586302667856] imu_quat_wxyz=[-0.4757423996925354, -0.05360674485564232, 0.05433099716901779, -0.8762668371200562] status=0x8103
joint_pos=[9.899999618530273, -20.052000045776367, 10.47599983215332, 9.972000122070312, -20.01599884033203, 10.584000587463379] joint_vel=[-0.7200000286102295, 0.6299999952316284, 0.27000001072883606, -1.440000057220459, -0.0, -0.0] imu_ang_vel=[0.0019130464643239975, 0.0020124618895351887, -0.002988954074680805] imu_quat_wxyz=[-0.47574296593666077, -0.05361734703183174, 0.05432818830013275, -0.8762660622596741] status=0x8103
joint_pos=[9.899999618530273, -20.052000045776367, 10.47599983215332, 9.972000122070312, -20.01599884033203, 10.584000587463379] joint_vel=[-0.0, 0.36000001430511475, 0.0, -1.9800000190734863, -0.0, -0.0] imu_ang_vel=[0.0008477829396724701, 0.0020124618895351887, -0.00405421806499362] imu_quat_wxyz=[-0.4757424592971802, -0.05362044647336006, 0.05433030053973198, -0.8762661218643188] status=0x8103
joint_pos=[9.935999870300293, -20.052000045776367, 10.47599983215332, 9.972000122070312, -20.01599884033203, 10.584000587463379] joint_vel=[0.18000000715255737, 0.09000000357627869, -0.09000000357627869, 0.6299999952316284, -0.0, -0.0] imu_ang_vel=[0.0019130464643239975, 0.0020124618895351887, -0.003521586302667856] imu_quat_wxyz=[-0.4757517874240875, -0.0536215715110302, 0.05433543771505356, -0.8762606382369995] status=0x8103
joint_pos=[9.899999618530273, -20.052000045776367, 10.47599983215332, 9.972000122070312, -20.01599884033203, 10.584000587463379] joint_vel=[-0.0, 0.09000000357627869, 0.0, 1.2599999904632568, -0.09000000357627869, -0.0] imu_ang_vel=[0.0013804137706756592, 0.0009471976663917303, -0.002988954074680805] imu_quat_wxyz=[-0.4757554829120636, -0.05361845716834068, 0.05433608964085579, -0.8762587904930115] status=0x8103
joint_pos=[9.935999870300293, -20.052000045776367, 10.47599983215332, 9.972000122070312, -20.01599884033203, 10.584000587463379] joint_vel=[-0.18000000715255737, -0.09000000357627869, 0.0, 0.0, 0.09000000357627869, -0.0] imu_ang_vel=[-0.00021748244762420654, 0.0014798296615481377, -0.00405421806499362] imu_quat_wxyz=[-0.4757607579231262, -0.05363479256629944, 0.05434193089604378, -0.8762545585632324] status=0x8103
joint_pos=[9.899999618530273, -20.052000045776367, 10.47599983215332, 9.972000122070312, -20.01599884033203, 10.584000587463379] joint_vel=[0.18000000715255737, -0.18000000715255737, 0.09000000357627869, -4.409999847412109, 0.18000000715255737, -0.27000001072883606] imu_ang_vel=[0.002445679157972336, 0.0004145654384046793, -0.00405421806499362] imu_quat_wxyz=[-0.47576162219047546, -0.05363455042243004, 0.05434738099575043, -0.8762537240982056] status=0x8103
joint_pos=[9.899999618530273, -20.052000045776367, 10.47599983215332, 9.972000122070312, -20.01599884033203, 10.584000587463379] joint_vel=[-0.0, -1.2599999904632568, 0.0, -2.700000047683716, -0.09000000357627869, 0.09000000357627869] imu_ang_vel=[0.002445679157972336, 0.0020124618895351887, -0.003521586302667856] imu_quat_wxyz=[-0.4757613241672516, -0.053630392998456955, 0.05434730648994446, -0.8762542009353638] status=0x8103
joint_pos=[9.899999618530273, -20.052000045776367, 10.47599983215332, 9.972000122070312, -20.01599884033203, 10.584000587463379] joint_vel=[-0.6299999952316284, -0.5400000214576721, -0.09000000357627869, -2.9700000286102295, -0.0, -0.0] imu_ang_vel=[0.002978309988975525, 0.0009471976663917303, -0.0013910573907196522] imu_quat_wxyz=[-0.4757544696331024, -0.05364145711064339, 0.054352935403585434, -0.8762569427490234] status=0x8103
joint_pos=[9.899999618530273, -20.052000045776367, 10.47599983215332, 9.972000122070312, -20.01599884033203, 10.584000587463379] joint_vel=[-0.0, -0.6299999952316284, -0.09000000357627869, -1.8899999856948853, -0.0, -0.0] imu_ang_vel=[0.0013804137706756592, 0.0009471976663917303, -0.002456321846693754] imu_quat_wxyz=[-0.47577181458473206, -0.053642597049474716, 0.05435831844806671, -0.8762471079826355] status=0x8103
joint_pos=[9.899999618530273, -20.052000045776367, 10.47599983215332, 9.972000122070312, -20.01599884033203, 10.584000587463379] joint_vel=[0.36000001430511475, 0.7200000286102295, 0.0, -1.0800000429153442, -0.0, -0.0] imu_ang_vel=[0.0008477829396724701, 0.0014798296615481377, -0.002988954074680805] imu_quat_wxyz=[-0.4757799208164215, -0.053649354726076126, 0.054356664419174194, -0.8762423396110535] status=0x8103
joint_pos=[9.935999870300293, -20.052000045776367, 10.47599983215332, 9.972000122070312, -20.01599884033203, 10.584000587463379] joint_vel=[0.18000000715255737, 0.36000001430511475, -0.09000000357627869, 0.9900000095367432, -0.09000000357627869, -0.09000000357627869] imu_ang_vel=[0.002445679157972336, 0.0020124618895351887, -0.0019236896187067032] imu_quat_wxyz=[-0.475776344537735, -0.05364469811320305, 0.054359033703804016, -0.8762443661689758] status=0x8103
joint_pos=[9.935999870300293, -20.052000045776367, 10.47599983215332, 9.972000122070312, -20.01599884033203, 10.584000587463379] joint_vel=[-0.0, 0.0, -0.36000001430511475, 1.350000023841858, -0.0, -0.27000001072883606] imu_ang_vel=[-0.0012827469035983086, -0.0033138596918433905, -0.004586850292980671] imu_quat_wxyz=[-0.47578009963035583, -0.0536511056125164, 0.05435289070010185, -0.8762423396110535] status=0x8103
joint_pos=[9.899999618530273, -20.052000045776367, 10.47599983215332, 9.972000122070312, -20.01599884033203, 10.584000587463379] joint_vel=[0.09000000357627869, 0.0, 0.0, 0.36000001430511475, -0.0, -0.0] imu_ang_vel=[0.002445679157972336, -0.00011806678958237171, -0.0019236896187067032] imu_quat_wxyz=[-0.4757845401763916, -0.05363965034484863, 0.05435995012521744, -0.8762402534484863] status=0x8103
joint_pos=[9.899999618530273, -20.052000045776367, 10.47599983215332, 9.972000122070312, -20.01599884033203, 10.584000587463379] joint_vel=[-0.0, 0.809999942779541, 0.0, -2.700000047683716, -0.09000000357627869, -0.0] imu_ang_vel=[0.0019130464643239975, 0.0009471976663917303, -0.002456321846693754] imu_quat_wxyz=[-0.47581276297569275, -0.05363142862915993, 0.05435584485530853, -0.8762257099151611] status=0x8103
joint_pos=[9.935999870300293, -20.052000045776367, 10.47599983215332, 9.972000122070312, -20.01599884033203, 10.584000587463379] joint_vel=[0.09000000357627869, 0.44999998807907104, -0.27000001072883606, -0.9900000095367432, -0.0, 0.36000001430511475] imu_ang_vel=[-0.0007501151412725449, -0.0006506990175694227, -0.003521586302667856] imu_quat_wxyz=[-0.47580686211586, -0.05362807586789131, 0.05434601381421089, -0.8762297034263611] status=0x8103
joint_pos=[9.899999618530273, -20.052000045776367, 10.47599983215332, 9.972000122070312, -20.01599884033203, 10.584000587463379] joint_vel=[-0.0, -0.27000001072883606, 0.09000000357627869, 0.8999999761581421, -0.09000000357627869, -0.0] imu_ang_vel=[0.0008477829396724701, 0.0020124618895351887, -0.002456321846693754] imu_quat_wxyz=[-0.47580406069755554, -0.05361819639801979, 0.05434148758649826, -0.8762320280075073] status=0x8103
joint_pos=[9.899999618530273, -20.052000045776367, 10.47599983215332, 9.972000122070312, -20.01599884033203, 10.584000587463379] joint_vel=[-0.0, 0.0, 0.0, 3.239999771118164, -0.0, -0.27000001072883606] imu_ang_vel=[0.0019130464643239975, 0.0014798296615481377, -0.004586850292980671] imu_quat_wxyz=[-0.47580084204673767, -0.053630877286195755, 0.05435749515891075, -0.8762320280075073] status=0x8103
joint_pos=[9.899999618530273, -20.052000045776367, 10.47599983215332, 9.972000122070312, -20.01599884033203, 10.584000587463379] joint_vel=[-0.27000001072883606, -0.36000001430511475, 0.0, 0.6299999952316284, -0.27000001072883606, 0.18000000715255737] imu_ang_vel=[0.0008477829396724701, -0.0006506990175694227, -0.004586850292980671] imu_quat_wxyz=[-0.47581058740615845, -0.05363062024116516, 0.054356809705495834, -0.8762267827987671] status=0x8103
joint_pos=[9.935999870300293, -20.052000045776367, 10.47599983215332, 9.972000122070312, -20.01599884033203, 10.584000587463379] joint_vel=[0.5400000214576721, -0.09000000357627869, 0.0, -0.27000001072883606, -0.0, -0.0] imu_ang_vel=[0.0013804137706756592, 0.0020124618895351887, -0.002988954074680805] imu_quat_wxyz=[-0.47582313418388367, -0.05363760516047478, 0.05437465012073517, -0.8762184381484985] status=0x8103
joint_pos=[9.899999618530273, -20.052000045776367, 10.47599983215332, 9.972000122070312, -20.01599884033203, 10.584000587463379] joint_vel=[-0.0, -0.6299999952316284, -0.09000000357627869, 0.809999942779541, 0.27000001072883606, 0.09000000357627869] imu_ang_vel=[0.0035109426826238632, 0.0009471976663917303, -0.0013910573907196522] imu_quat_wxyz=[-0.4758158326148987, -0.05365842953324318, 0.05438389256596565, -0.8762205243110657] status=0x8103
joint_pos=[9.935999870300293, -20.052000045776367, 10.47599983215332, 9.972000122070312, -20.01599884033203, 10.584000587463379] joint_vel=[0.18000000715255737, -0.27000001072883606, 0.0, 0.0, -0.09000000357627869, 0.09000000357627869] imu_ang_vel=[0.002978309988975525, 0.0009471976663917303, -0.00032579293474555016] imu_quat_wxyz=[-0.4758022725582123, -0.05365486815571785, 0.054386310279369354, -0.8762280344963074] status=0x8103
joint_pos=[9.935999870300293, -20.052000045776367, 10.47599983215332, 9.972000122070312, -20.01599884033203, 10.584000587463379] joint_vel=[0.809999942779541, -0.27000001072883606, 0.0, 0.44999998807907104, -0.09000000357627869, -0.0] imu_ang_vel=[0.0035109426826238632, 0.0025450941175222397, -0.002456321846693754] imu_quat_wxyz=[-0.47578269243240356, -0.05365364998579025, 0.054383739829063416, -0.8762389421463013] status=0x8103
joint_pos=[9.935999870300293, -20.052000045776367, 10.47599983215332, 9.972000122070312, -20.01599884033203, 10.584000587463379] joint_vel=[-0.0, 0.36000001430511475, 0.27000001072883606, -0.27000001072883606, -0.0, -0.0] imu_ang_vel=[0.002978309988975525, 0.0009471976663917303, -0.002988954074680805] imu_quat_wxyz=[-0.47577565908432007, -0.05364920198917389, 0.05436914041638374, -0.8762438297271729] status=0x8103
joint_pos=[9.935999870300293, -20.052000045776367, 10.47599983215332, 9.972000122070312, -20.01599884033203, 10.584000587463379] joint_vel=[-0.09000000357627869, 0.18000000715255737, 0.18000000715255737, 0.809999942779541, -0.0, -0.18000000715255737] imu_ang_vel=[0.0008477829396724701, 0.0009471976663917303, -0.003521586302667856] imu_quat_wxyz=[-0.4757727086544037, -0.053657665848731995, 0.05436946451663971, -0.8762449622154236] status=0x8103
joint_pos=[9.935999870300293, -20.052000045776367, 10.47599983215332, 9.972000122070312, -20.01599884033203, 10.54800033569336] joint_vel=[-0.09000000357627869, 0.809999942779541, 0.09000000357627869, -1.0800000429153442, -0.0, -0.809999942779541] imu_ang_vel=[-0.00021748244762420654, -0.0017159634735435247, -0.004586850292980671] imu_quat_wxyz=[-0.47578054666519165, -0.05365581437945366, 0.05437660589814186, -0.8762403726577759] status=0x8103
joint_pos=[9.935999870300293, -20.052000045776367, 10.47599983215332, 9.972000122070312, -20.01599884033203, 10.54800033569336] joint_vel=[0.18000000715255737, 0.8999999761581421, -0.09000000357627869, 0.809999942779541, -0.0, -0.27000001072883606] imu_ang_vel=[0.0008477829396724701, -0.0022485957015305758, -0.005119482520967722] imu_quat_wxyz=[-0.47579434514045715, -0.05367804691195488, 0.05441324785351753, -0.8762292265892029] status=0x8103
joint_pos=[9.935999870300293, -20.052000045776367, 10.47599983215332, 9.972000122070312, -20.01599884033203, 10.54800033569336] joint_vel=[-0.18000000715255737, -0.27000001072883606, -0.18000000715255737, -0.7200000286102295, -0.0, -0.18000000715255737] imu_ang_vel=[0.0040435753762722015, 0.0020124618895351887, -0.002456321846693754] imu_quat_wxyz=[-0.475799560546875, -0.053699422627687454, 0.05442279577255249, -0.8762245178222656] status=0x8103
joint_pos=[9.935999870300293, -20.052000045776367, 10.4399995803833, 9.972000122070312, -20.01599884033203, 10.54800033569336] joint_vel=[-0.0, -0.44999998807907104, -0.36000001430511475, -2.9700000286102295, -0.0, -0.0] imu_ang_vel=[0.0019130464643239975, -0.00011806678958237171, -0.002988954074680805] imu_quat_wxyz=[-0.47578534483909607, -0.05370967462658882, 0.05440443754196167, -0.8762326836585999] status=0x8103
joint_pos=[9.935999870300293, -20.052000045776367, 10.4399995803833, 9.972000122070312, -20.01599884033203, 10.54800033569336] joint_vel=[-0.09000000357627869, -0.5400000214576721, 0.0, -1.2599999904632568, 0.27000001072883606, -0.09000000357627869] imu_ang_vel=[0.0008477829396724701, 0.0014798296615481377, -0.00032579293474555016] imu_quat_wxyz=[-0.47576814889907837, -0.05371861904859543, 0.054414354264736176, -0.8762409687042236] status=0x8103
joint_pos=[9.935999870300293, -20.052000045776367, 10.4399995803833, 9.972000122070312, -20.01599884033203, 10.54800033569336] joint_vel=[-0.0, -0.7200000286102295, -0.09000000357627869, 1.53000009059906, -0.09000000357627869, -0.18000000715255737] imu_ang_vel=[0.0013804137706756592, 0.0025450941175222397, -0.002456321846693754] imu_quat_wxyz=[-0.47575312852859497, -0.05371391028165817, 0.05441717803478241, -0.8762490749359131] status=0x8103
joint_pos=[9.935999870300293, -20.052000045776367, 10.4399995803833, 9.972000122070312, -20.01599884033203, 10.54800033569336] joint_vel=[0.09000000357627869, -1.0800000429153442, 0.0, 2.1600000858306885, -0.09000000357627869, 0.18000000715255737] imu_ang_vel=[-0.00021748244762420654, -0.0017159634735435247, -0.004586850292980671] imu_quat_wxyz=[-0.47573792934417725, -0.05370477959513664, 0.05441684648394585, -0.8762580752372742] status=0x8103
joint_pos=[9.935999870300293, -20.052000045776367, 10.4399995803833, 9.972000122070312, -20.01599884033203, 10.54800033569336] joint_vel=[-0.0, 0.0, 0.0, 0.0, -0.27000001072883606, -0.09000000357627869] imu_ang_vel=[0.0008477829396724701, 0.0020124618895351887, -0.004586850292980671] imu_quat_wxyz=[-0.4757523536682129, -0.05371443182229996, 0.05444232001900673, -0.8762479424476624] status=0x8103
joint_pos=[9.935999870300293, -20.052000045776367, 10.4399995803833, 9.972000122070312, -20.01599884033203, 10.54800033569336] joint_vel=[0.18000000715255737, -0.18000000715255737, 0.09000000357627869, 1.619999885559082, -0.0, -0.09000000357627869] imu_ang_vel=[0.0003151502460241318, 0.003077726112678647, -0.00565211521461606] imu_quat_wxyz=[-0.47577035427093506, -0.053704988211393356, 0.05443403124809265, -0.8762393593788147] status=0x8103
joint_pos=[9.935999870300293, -20.052000045776367, 10.4399995803833, 9.972000122070312, -20.01599884033203, 10.54800033569336] joint_vel=[-0.36000001430511475, -0.5400000214576721, 0.0, 0.44999998807907104, 0.27000001072883606, -0.09000000357627869] imu_ang_vel=[0.0008477829396724701, 0.0020124618895351887, -0.003521586302667856] imu_quat_wxyz=[-0.47578778862953186, -0.05369224771857262, 0.05443284288048744, -0.8762307167053223] status=0x8103
joint_pos=[9.935999870300293, -20.052000045776367, 10.4399995803833, 9.972000122070312, -20.01599884033203, 10.54800033569336] joint_vel=[0.6299999952316284, 0.9900000095367432, 0.0, -0.18000000715255737, -0.0, -0.0] imu_ang_vel=[0.0019130464643239975, 0.0014798296615481377, -0.0013910573907196522] imu_quat_wxyz=[-0.47578492760658264, -0.0537082701921463, 0.05446138605475426, -0.876229465007782] status=0x8103
joint_pos=[9.935999870300293, -20.052000045776367, 10.4399995803833, 9.972000122070312, -20.01599884033203, 10.54800033569336] joint_vel=[0.5400000214576721, 0.6299999952316284, 0.0, -1.7999999523162842, -0.0, -0.0] imu_ang_vel=[0.002978309988975525, 0.0025450941175222397, -0.00032579293474555016] imu_quat_wxyz=[-0.47577545046806335, -0.05370935797691345, 0.05445358529686928, -0.8762351274490356] status=0x8103
joint_pos=[9.935999870300293, -20.052000045776367, 10.4399995803833, 9.972000122070312, -20.01599884033203, 10.54800033569336] joint_vel=[-0.0, -0.36000001430511475, -0.27000001072883606, 1.619999885559082, -0.0, 0.18000000715255737] imu_ang_vel=[-0.00021748244762420654, 0.004142990335822105, 0.0007394712883979082] imu_quat_wxyz=[-0.4757477343082428, -0.05370885133743286, 0.054446376860141754, -0.876250684261322] status=0x8103
joint_pos=[9.935999870300293, -20.052000045776367, 10.4399995803833, 9.972000122070312, -20.01599884033203, 10.54800033569336] joint_vel=[-0.18000000715255737, -0.6299999952316284, 0.0, 2.5199999809265137, -0.0, -0.7200000286102295] imu_ang_vel=[0.0003151502460241318, -0.0011833312455564737, -0.0019236896187067032] imu_quat_wxyz=[-0.4757293462753296, -0.053699228912591934, 0.05445554479956627, -0.8762606978416443] status=0x8103
joint_pos=[9.935999870300293, -20.052000045776367, 10.4399995803833, 9.972000122070312, -20.01599884033203, 10.54800033569336] joint_vel=[-0.0, -0.8999999761581421, 0.0, 0.6299999952316284, -0.0, -0.809999942779541] imu_ang_vel=[0.002978309988975525, -0.00011806678958237171, -0.00405421806499362] imu_quat_wxyz=[-0.47572553157806396, -0.05370979383587837, 0.05447181314229965, -0.8762610554695129] status=0x8103
joint_pos=[9.935999870300293, -20.052000045776367, 10.4399995803833, 9.972000122070312, -20.01599884033203, 10.54800033569336] joint_vel=[-0.0, -0.09000000357627869, 0.0, 0.18000000715255737, -0.0, 0.09000000357627869] imu_ang_vel=[0.0008477829396724701, 0.003610358340665698, -0.002988954074680805] imu_quat_wxyz=[-0.4757291078567505, -0.053737055510282516, 0.05447961762547493, -0.8762570023536682] status=0x8103
joint_pos=[9.935999870300293, -20.052000045776367, 10.4399995803833, 9.972000122070312, -20.01599884033203, 10.51200008392334] joint_vel=[-0.18000000715255737, -0.809999942779541, 0.0, -0.09000000357627869, -0.0, -0.27000001072883606] imu_ang_vel=[0.0013804137706756592, 0.0009471976663917303, -0.005119482520967722] imu_quat_wxyz=[-0.4757371246814728, -0.05372154712677002, 0.05446666106581688, -0.8762543201446533] status=0x8103
joint_pos=[9.935999870300293, -20.052000045776367, 10.4399995803833, 9.972000122070312, -20.01599884033203, 10.51200008392334] joint_vel=[0.18000000715255737, -0.27000001072883606, 0.0, 1.9800000190734863, -0.0, -0.0] imu_ang_vel=[0.0035109426826238632, -0.00011806678958237171, -0.003521586302667856] imu_quat_wxyz=[-0.4757486879825592, -0.05372827127575874, 0.05446922406554222, -0.8762474656105042] status=0x8103
joint_pos=[9.935999870300293, -20.052000045776367, 10.4399995803833, 9.972000122070312, -20.01599884033203, 10.51200008392334] joint_vel=[-0.18000000715255737, 0.0, 0.18000000715255737, 1.709999918937683, -0.09000000357627869, 0.7200000286102295] imu_ang_vel=[0.0019130464643239975, 0.00041456520557403564, -0.0036991299130022526] imu_quat_wxyz=[-0.47575199604034424, -0.05372524634003639, 0.054466042667627335, -0.8762460947036743] status=0x8103
joint_pos=[9.935999870300293, -20.052000045776367, 10.4399995803833, 9.972000122070312, -20.01599884033203, 10.51200008392334] joint_vel=[-0.0, 0.18000000715255737, 0.0, -0.5400000214576721, -0.0, -0.36000001430511475] imu_ang_vel=[0.002445679157972336, -0.0022485957015305758, -0.002988954074680805] imu_quat_wxyz=[-0.47575291991233826, -0.05373549833893776, 0.054477740079164505, -0.8762441873550415] status=0x8103
joint_pos=[9.935999870300293, -20.052000045776367, 10.4399995803833, 9.972000122070312, -20.01599884033203, 10.51200008392334] joint_vel=[0.09000000357627869, -0.5400000214576721, -0.5400000214576721, 0.0, -0.0, 0.09000000357627869] imu_ang_vel=[0.005641471594572067, 0.0004145654384046793, -0.0019236896187067032] imu_quat_wxyz=[-0.4757433831691742, -0.05373586714267731, 0.05445832386612892, -0.8762506246566772] status=0x8103
joint_pos=[9.935999870300293, -20.052000045776367, 10.4399995803833, 9.972000122070312, -20.01599884033203, 10.51200008392334] joint_vel=[-0.0, -0.09000000357627869, 0.0, 0.0, -0.0, -0.09000000357627869] imu_ang_vel=[-0.0007501151412725449, 0.003610358340665698, -0.00032579293474555016] imu_quat_wxyz=[-0.4757228195667267, -0.05375106260180473, 0.05443061515688896, -0.8762625455856323] status=0x8103
joint_pos=[9.935999870300293, -20.052000045776367, 10.4399995803833, 9.972000122070312, -20.01599884033203, 10.51200008392334] joint_vel=[0.36000001430511475, 0.09000000357627869, -0.27000001072883606, -0.09000000357627869, -0.0, 0.18000000715255737] imu_ang_vel=[0.0013804137706756592, -0.0006506990175694227, -0.0013910573907196522] imu_quat_wxyz=[-0.47568872570991516, -0.05372936278581619, 0.0544479601085186, -0.8762813210487366] status=0x8103
joint_pos=[9.935999870300293, -20.052000045776367, 10.4399995803833, 9.972000122070312, -20.01599884033203, 10.51200008392334] joint_vel=[-0.6299999952316284, 0.0, -0.18000000715255737, -0.27000001072883606, -0.0, 0.27000001072883606] imu_ang_vel=[0.002978309988975525, -0.0033138596918433905, -0.006184746976941824] imu_quat_wxyz=[-0.47568124532699585, -0.05375064164400101, 0.05445888638496399, -0.8762834072113037] status=0x8103
joint_pos=[9.935999870300293, -20.052000045776367, 10.4399995803833, 9.972000122070312, -20.01599884033203, 10.51200008392334] joint_vel=[-0.5400000214576721, -0.7200000286102295, -0.09000000357627869, -0.8999999761581421, -0.0, -0.0] imu_ang_vel=[0.0013804137706756592, 0.0025450941175222397, -0.006717378739267588] imu_quat_wxyz=[-0.47568950057029724, -0.05376960337162018, 0.05446306988596916, -0.876277506351471] status=0x8103
joint_pos=[9.935999870300293, -20.052000045776367, 10.4399995803833, 9.972000122070312, -20.01599884033203, 10.51200008392334] joint_vel=[-0.27000001072883606, -0.09000000357627869, 0.0, 2.3400001525878906, -0.0, -0.8999999761581421] imu_ang_vel=[0.0003151502460241318, 0.0020124618895351887, -0.00565211521461606] imu_quat_wxyz=[-0.4757181406021118, -0.05379858613014221, 0.05451306328177452, -0.876257061958313] status=0x8103
joint_pos=[9.935999870300293, -20.052000045776367, 10.4399995803833, 9.972000122070312, -20.01599884033203, 10.51200008392334] joint_vel=[0.809999942779541, -0.44999998807907104, 0.0, 0.8999999761581421, -0.09000000357627869, 0.8999999761581421] imu_ang_vel=[0.0019130464643239975, -0.0006506990175694227, -0.00565211521461606] imu_quat_wxyz=[-0.47574442625045776, -0.05379151552915573, 0.054508309811353683, -0.8762434720993042] status=0x8103
joint_pos=[9.935999870300293, -20.052000045776367, 10.4399995803833, 9.972000122070312, -20.01599884033203, 10.51200008392334] joint_vel=[-0.0, -0.6299999952316284, 0.18000000715255737, 0.44999998807907104, -0.0, -0.09000000357627869] imu_ang_vel=[0.002445679157972336, 0.0014798296615481377, -0.002456321846693754] imu_quat_wxyz=[-0.4757518768310547, -0.053797364234924316, 0.05451248213648796, -0.8762387633323669] status=0x8103
joint_pos=[9.935999870300293, -20.052000045776367, 10.4399995803833, 9.972000122070312, -20.01599884033203, 10.51200008392334] joint_vel=[-0.0, -0.36000001430511475, 0.44999998807907104, -2.3400001525878906, -0.0, -1.0800000429153442] imu_ang_vel=[0.0013804137706756592, 0.0004145654384046793, -0.0008584251627326012] imu_quat_wxyz=[-0.47573813796043396, -0.05380018800497055, 0.054516639560461044, -0.8762458562850952] status=0x8103
joint_pos=[9.935999870300293, -20.052000045776367, 10.4399995803833, 9.972000122070312, -20.01599884033203, 10.51200008392334] joint_vel=[0.09000000357627869, 0.0, 0.0, 0.809999942779541, -0.18000000715255737, 0.09000000357627869] imu_ang_vel=[0.002445679157972336, 0.0009471976663917303, -0.00032579293474555016] imu_quat_wxyz=[-0.4757094979286194, -0.053815506398677826, 0.05453374981880188, -0.8762593865394592] status=0x8103
joint_pos=[9.935999870300293, -20.052000045776367, 10.4399995803833, 9.972000122070312, -20.01599884033203, 10.51200008392334] joint_vel=[0.5400000214576721, -0.18000000715255737, 0.0, 2.430000066757202, 0.09000000357627869, 0.27000001072883606] imu_ang_vel=[0.0040435753762722015, 0.0025450941175222397, -0.0019236896187067032] imu_quat_wxyz=[-0.4756855368614197, -0.053832557052373886, 0.05451713502407074, -0.876272439956665] status=0x8103
joint_pos=[9.935999870300293, -20.052000045776367, 10.4399995803833, 9.972000122070312, -20.01599884033203, 10.51200008392334] joint_vel=[-0.5400000214576721, 0.0, 0.0, -1.1700000762939453, -0.0, -0.0] imu_ang_vel=[0.0013804137706756592, 0.0004145654384046793, -0.002988954074680805] imu_quat_wxyz=[-0.47567006945610046, -0.05382409691810608, 0.054509058594703674, -0.8762817978858948] status=0x8103
joint_pos=[9.935999870300293, -20.052000045776367, 10.4399995803833, 9.972000122070312, -20.01599884033203, 10.51200008392334] joint_vel=[-0.5400000214576721, 0.0, 0.0, -2.880000114440918, -0.0, -0.0] imu_ang_vel=[0.002445679157972336, 0.0009471976663917303, -0.00565211521461606] imu_quat_wxyz=[-0.4756801426410675, -0.05382762849330902, 0.054511845111846924, -0.8762758374214172] status=0x8103
joint_pos=[9.935999870300293, -20.052000045776367, 10.4399995803833, 9.972000122070312, -20.01599884033203, 10.51200008392334] joint_vel=[0.18000000715255737, 1.350000023841858, 0.0, 0.9900000095367432, 0.09000000357627869, -0.09000000357627869] imu_ang_vel=[0.002978309988975525, 0.0025450941175222397, -0.006184746976941824] imu_quat_wxyz=[-0.47570082545280457, -0.05382693186402321, 0.054506249725818634, -0.8762651085853577] status=0x8103
joint_pos=[9.935999870300293, -20.052000045776367, 10.4399995803833, 9.972000122070312, -20.01599884033203, 10.51200008392334] joint_vel=[-0.0, -0.09000000357627869, 0.0, 1.619999885559082, -0.0, -0.0] imu_ang_vel=[0.0008477829396724701, 0.0025450941175222397, -0.005119482520967722] imu_quat_wxyz=[-0.4757137596607208, -0.05382416024804115, 0.054502956569194794, -0.8762584924697876] status=0x8103
joint_pos=[9.935999870300293, -20.052000045776367, 10.4399995803833, 9.972000122070312, -20.01599884033203, 10.51200008392334] joint_vel=[-0.18000000715255737, -0.27000001072883606, 0.0, -1.53000009059906, 0.09000000357627869, 0.6299999952316284] imu_ang_vel=[0.002445679157972336, 0.0004145654384046793, -0.002988954074680805] imu_quat_wxyz=[-0.4757339656352997, -0.05380496382713318, 0.05450054258108139, -0.8762487769126892] status=0x8103
joint_pos=[9.935999870300293, -20.052000045776367, 10.4399995803833, 9.972000122070312, -20.01599884033203, 10.51200008392334] joint_vel=[-1.2599999904632568, -1.2599999904632568, 0.0, 0.18000000715255737, -0.18000000715255737, -0.0] imu_ang_vel=[0.0013804137706756592, 0.0014798296615481377, -0.0019236896187067032] imu_quat_wxyz=[-0.4757222831249237, -0.05380621179938316, 0.05450918525457382, -0.8762544989585876] status=0x8103
joint_pos=[9.935999870300293, -20.052000045776367, 10.4399995803833, 9.972000122070312, -20.01599884033203, 10.51200008392334] joint_vel=[-1.350000023841858, -0.6299999952316284, 0.0, 2.9700000286102295, -0.18000000715255737, 0.6299999952316284] imu_ang_vel=[0.0019130464643239975, 0.0009471976663917303, -0.002456321846693754] imu_quat_wxyz=[-0.4757126271724701, -0.05379537120461464, 0.05450478196144104, -0.8762606382369995] status=0x8103
joint_pos=[9.935999870300293, -20.052000045776367, 10.4399995803833, 9.972000122070312, -20.01599884033203, 10.47599983215332] joint_vel=[-0.0, -0.44999998807907104, 0.0, -0.5400000214576721, -0.0, -0.18000000715255737] imu_ang_vel=[0.002445679157972336, -0.00011806678958237171, -0.002456321846693754] imu_quat_wxyz=[-0.47570136189460754, -0.05379094183444977, 0.05451137199997902, -0.8762666583061218] status=0x8103
joint_pos=[9.935999870300293, -20.052000045776367, 10.4399995803833, 9.972000122070312, -20.01599884033203, 10.47599983215332] joint_vel=[0.18000000715255737, -0.809999942779541, -0.18000000715255737, 0.18000000715255737, -0.09000000357627869, 0.09000000357627869] imu_ang_vel=[0.004576206207275391, 0.0014798296615481377, -0.005119482520967722] imu_quat_wxyz=[-0.4756992757320404, -0.05379650369286537, 0.05450969934463501, -0.8762676119804382] status=0x8103
joint_pos=[9.935999870300293, -20.052000045776367, 10.403999328613281, 9.972000122070312, -20.01599884033203, 10.47599983215332] joint_vel=[0.6299999952316284, -0.18000000715255737, -0.809999942779541, -1.2599999904632568, -0.09000000357627869, -0.7200000286102295] imu_ang_vel=[0.007239367812871933, -0.00011806678958237171, -0.003521586302667856] imu_quat_wxyz=[-0.4757077395915985, -0.053811196237802505, 0.05451289936900139, -0.8762618899345398] status=0x8103
joint_pos=[9.935999870300293, -20.052000045776367, 10.403999328613281, 9.972000122070312, -20.01599884033203, 10.47599983215332] joint_vel=[0.09000000357627869, 0.0, -0.18000000715255737, -0.809999942779541, -0.0, 0.18000000715255737] imu_ang_vel=[0.0035109426826238632, 0.0020124618895351887, -0.00032579293474555016] imu_quat_wxyz=[-0.47570347785949707, -0.05383652448654175, 0.05448887497186661, -0.8762641549110413] status=0x8103
joint_pos=[9.935999870300293, -20.052000045776367, 10.403999328613281, 9.972000122070312, -20.01599884033203, 10.47599983215332] joint_vel=[-0.09000000357627869, 0.5400000214576721, -0.09000000357627869, 1.709999918937683, -0.0, -0.18000000715255737] imu_ang_vel=[0.002978309988975525, 0.0014798296615481377, -0.00032579293474555016] imu_quat_wxyz=[-0.47566965222358704, -0.05382696911692619, 0.054482217878103256, -0.8762835264205933] status=0x8103
joint_pos=[9.935999870300293, -20.052000045776367, 10.403999328613281, 9.972000122070312, -20.01599884033203, 10.47599983215332] joint_vel=[-0.0, 0.0, -0.18000000715255737, 1.350000023841858, -0.18000000715255737, 0.809999942779541] imu_ang_vel=[0.002978309988975525, -0.0017159634735435247, -0.002988954074680805] imu_quat_wxyz=[-0.4756440818309784, -0.0538407564163208, 0.05448754131793976, -0.8762962818145752] status=0x8103
joint_pos=[9.935999870300293, -20.052000045776367, 10.403999328613281, 9.972000122070312, -20.01599884033203, 10.47599983215332] joint_vel=[-0.18000000715255737, -0.809999942779541, 0.0, 0.809999942779541, -0.09000000357627869, -0.9900000095367432] imu_ang_vel=[0.0013804137706756592, 0.0004145654384046793, -0.002988954074680805] imu_quat_wxyz=[-0.4756377041339874, -0.053856510668992996, 0.0544927716255188, -0.8762984275817871] status=0x8103
joint_pos=[9.935999870300293, -20.052000045776367, 10.403999328613281, 9.972000122070312, -20.01599884033203, 10.47599983215332] joint_vel=[-0.36000001430511475, 0.0, -0.18000000715255737, 0.8999999761581421, -0.0, -0.44999998807907104] imu_ang_vel=[-0.00021748244762420654, 0.0004145654384046793, -0.00565211521461606] imu_quat_wxyz=[-0.4756447970867157, -0.053880445659160614, 0.05452582612633705, -0.876291036605835] status=0x8103
joint_pos=[9.935999870300293, -20.052000045776367, 10.403999328613281, 9.972000122070312, -20.01599884033203, 10.47599983215332] joint_vel=[0.5400000214576721, 0.18000000715255737, 0.0, -0.27000001072883606, -0.09000000357627869, -0.0] imu_ang_vel=[0.0019130464643239975, -0.0027812274638563395, -0.007250011432915926] imu_quat_wxyz=[-0.47567105293273926, -0.0538976676762104, 0.054547298699617386, -0.8762744069099426] status=0x8103
joint_pos=[9.935999870300293, -20.052000045776367, 10.403999328613281, 9.972000122070312, -20.01599884033203, 10.47599983215332] joint_vel=[-0.18000000715255737, 0.0, 0.27000001072883606, 1.350000023841858, 0.18000000715255737, -0.0] imu_ang_vel=[-0.00021748244762420654, -0.0022485957015305758, -0.002988954074680805] imu_quat_wxyz=[-0.47569358348846436, -0.05391884595155716, 0.05457581952214241, -0.8762589693069458] status=0x8103
joint_pos=[9.935999870300293, -20.052000045776367, 10.403999328613281, 9.972000122070312, -20.01599884033203, 10.4399995803833] joint_vel=[-0.0, -1.619999885559082, 0.0, -1.619999885559082, 0.27000001072883606, -0.7200000286102295] imu_ang_vel=[-0.00021748244762420654, -0.0038464919198304415, -0.002988954074680805] imu_quat_wxyz=[-0.4756958484649658, -0.05394317954778671, 0.054631639271974564, -0.8762528896331787] status=0x8103
joint_pos=[9.935999870300293, -20.052000045776367, 10.403999328613281, 9.972000122070312, -20.01599884033203, 10.4399995803833] joint_vel=[-0.0, 0.0, 0.18000000715255737, 0.9900000095367432, -0.0, -0.44999998807907104] imu_ang_vel=[-0.0007501151412725449, 0.0009471976663917303, -0.0008584251627326012] imu_quat_wxyz=[-0.475691020488739, -0.05396268144249916, 0.054667357355356216, -0.8762520551681519] status=0x8103
joint_pos=[9.935999870300293, -20.052000045776367, 10.403999328613281, 9.972000122070312, -20.01599884033203, 10.4399995803833] joint_vel=[-0.0, 1.440000057220459, -0.18000000715255737, 0.09000000357627869, -0.09000000357627869, -0.0] imu_ang_vel=[-0.00021748244762420654, -0.00011806678958237171, -0.00032579293474555016] imu_quat_wxyz=[-0.47567158937454224, -0.05400054156780243, 0.05466773360967636, -0.8762602210044861] status=0x8103
joint_pos=[9.935999870300293, -20.052000045776367, 10.403999328613281, 9.972000122070312, -20.01599884033203, 10.4399995803833] joint_vel=[-0.0, 0.0, -0.09000000357627869, -2.7899999618530273, -0.18000000715255737, -0.0] imu_ang_vel=[0.0008477829396724701, 0.0014798296615481377, -0.002456321846693754] imu_quat_wxyz=[-0.47565045952796936, -0.054005518555641174, 0.05468708276748657, -0.8762702345848083] status=0x8103
joint_pos=[9.935999870300293, -20.052000045776367, 10.403999328613281, 9.972000122070312, -20.01599884033203, 10.4399995803833] joint_vel=[-0.27000001072883606, -0.8999999761581421, 0.0, -2.880000114440918, -0.0, -0.27000001072883606] imu_ang_vel=[-0.00021748244762420654, 0.004142990335822105, -0.00405421806499362] imu_quat_wxyz=[-0.47565343976020813, -0.053998492658138275, 0.054686062037944794, -0.8762690424919128] status=0x8103
joint_pos=[9.935999870300293, -20.052000045776367, 10.403999328613281, 9.972000122070312, -20.01599884033203, 10.4399995803833] joint_vel=[0.36000001430511475, 1.2599999904632568, 0.7200000286102295, -0.7200000286102295, -0.09000000357627869, -0.44999998807907104] imu_ang_vel=[0.0003151502460241318, 0.0014798296615481377, -0.00565211521461606] imu_quat_wxyz=[-0.47566959261894226, -0.053987424820661545, 0.054692722856998444, -0.87626051902771] status=0x8103
joint_pos=[9.935999870300293, -20.052000045776367, 10.368000030517578, 9.972000122070312, -20.01599884033203, 10.4399995803833] joint_vel=[-0.0, -0.36000001430511475, -0.6299999952316284, 0.09000000357627869, 0.09000000357627869, -0.18000000715255737] imu_ang_vel=[0.0003151502460241318, 0.003077726112678647, -0.006184746976941824] imu_quat_wxyz=[-0.47568055987358093, -0.053980737924575806, 0.05469835177063942, -0.876254677772522] status=0x8103
joint_pos=[9.935999870300293, -20.052000045776367, 10.368000030517578, 9.972000122070312, -20.01599884033203, 10.4399995803833] joint_vel=[-0.0, -1.0800000429153442, -0.09000000357627869, -1.350000023841858, -0.0, -0.0] imu_ang_vel=[0.0008477829396724701, 0.0014798296615481377, -0.002988954074680805] imu_quat_wxyz=[-0.4757126271724701, -0.0539674311876297, 0.054707977920770645, -0.8762375712394714] status=0x8103
joint_pos=[9.935999870300293, -20.052000045776367, 10.368000030517578, 9.972000122070312, -20.01599884033203, 10.4399995803833] joint_vel=[-0.0, 1.0800000429153442, 0.18000000715255737, 0.27000001072883606, 0.09000000357627869, 0.18000000715255737] imu_ang_vel=[0.0013804137706756592, 0.0020124618895351887, -0.002988954074680805] imu_quat_wxyz=[-0.4757111668586731, -0.05396203324198723, 0.05472242459654808, -0.8762378096580505] status=0x8103
joint_pos=[9.935999870300293, -20.052000045776367, 10.368000030517578, 9.972000122070312, -20.01599884033203, 10.4399995803833] joint_vel=[-0.5400000214576721, 0.6299999952316284, -0.809999942779541, 0.0, -0.18000000715255737, -0.0] imu_ang_vel=[0.002445679157972336, 0.0025450941175222397, -0.00032579293474555016] imu_quat_wxyz=[-0.47570058703422546, -0.053956612944602966, 0.05472678691148758, -0.8762434720993042] status=0x8103
joint_pos=[9.935999870300293, -20.052000045776367, 10.368000030517578, 9.972000122070312, -20.01599884033203, 10.4399995803833] joint_vel=[-0.44999998807907104, 1.0800000429153442, -0.5400000214576721, -1.1700000762939453, 0.27000001072883606, -0.27000001072883606] imu_ang_vel=[0.002978309988975525, 0.0004145654384046793, 0.0002068390604108572] imu_quat_wxyz=[-0.4756760001182556, -0.05394237861037254, 0.0547194667160511, -0.876258134841919] status=0x8103
joint_pos=[9.935999870300293, -20.052000045776367, 10.368000030517578, 9.972000122070312, -20.01599884033203, 10.4399995803833] joint_vel=[-0.0, 0.18000000715255737, -0.44999998807907104, -0.09000000357627869, -0.0, 0.09000000357627869] imu_ang_vel=[0.0008477829396724701, 0.0009471976663917303, -0.003521586302667856] imu_quat_wxyz=[-0.47565850615501404, -0.05394638702273369, 0.05471470579504967, -0.876267671585083] status=0x8103
joint_pos=[9.935999870300293, -20.052000045776367, 10.368000030517578, 9.972000122070312, -20.01599884033203, 10.4399995803833] joint_vel=[0.44999998807907104, -0.36000001430511475, -0.18000000715255737, 1.2599999904632568, -0.0, -0.09000000357627869] imu_ang_vel=[0.0019130464643239975, 0.003077726112678647, -0.006184746976941824] imu_quat_wxyz=[-0.47565922141075134, -0.053930822759866714, 0.05474238470196724, -0.8762666583061218] status=0x8103
joint_pos=[9.935999870300293, -20.052000045776367, 10.368000030517578, 9.972000122070312, -20.01599884033203, 10.4399995803833] joint_vel=[-0.27000001072883606, -0.44999998807907104, 0.7200000286102295, -0.36000001430511475, -0.0, -0.0] imu_ang_vel=[0.0019130464643239975, 0.0025450941175222397, -0.00565211521461606] imu_quat_wxyz=[-0.47567951679229736, -0.05392977222800255, 0.0547301210463047, -0.8762564659118652] status=0x8103
joint_pos=[9.935999870300293, -20.052000045776367, 10.368000030517578, 9.972000122070312, -20.01599884033203, 10.4399995803833] joint_vel=[-0.0, 1.2599999904632568, 0.0, 0.36000001430511475, -0.18000000715255737, -0.09000000357627869] imu_ang_vel=[0.0008477829396724701, 0.0014798296615481377, -0.003521586302667856] imu_quat_wxyz=[-0.4756975769996643, -0.05393592640757561, 0.05472568795084953, -0.8762465119361877] status=0x8103
joint_pos=[9.935999870300293, -20.052000045776367, 10.368000030517578, 9.972000122070312, -20.01599884033203, 10.4399995803833] joint_vel=[-0.0, -1.440000057220459, -0.5400000214576721, 0.18000000715255737, -0.0, -0.09000000357627869] imu_ang_vel=[0.002978309988975525, 0.0009471976663917303, -0.002988954074680805] imu_quat_wxyz=[-0.47570252418518066, -0.05394420027732849, 0.05472690984606743, -0.8762431740760803] status=0x8103
joint_pos=[9.935999870300293, -20.052000045776367, 10.368000030517578, 9.972000122070312, -20.01599884033203, 10.4399995803833] joint_vel=[0.09000000357627869, -1.440000057220459, -0.7200000286102295, -1.8899999856948853, -0.18000000715255737, -0.0] imu_ang_vel=[0.002445679157972336, 0.0009471976663917303, -0.002456321846693754] imu_quat_wxyz=[-0.47570157051086426, -0.05394868925213814, 0.054725322872400284, -0.8762435913085938] status=0x8103
joint_pos=[9.935999870300293, -20.052000045776367, 10.368000030517578, 9.972000122070312, -20.01599884033203, 10.4399995803833] joint_vel=[0.18000000715255737, -0.9900000095367432, 0.0, 0.9900000095367432, -0.0, -0.0] imu_ang_vel=[0.0035109426826238632, 0.0009471976663917303, -0.0008584251627326012] imu_quat_wxyz=[-0.4756832718849182, -0.05396575480699539, 0.05472403019666672, -0.8762525320053101] status=0x8103
joint_pos=[9.935999870300293, -20.052000045776367, 10.368000030517578, 9.972000122070312, -20.01599884033203, 10.4399995803833] joint_vel=[0.09000000357627869, 0.0, 0.18000000715255737, 0.5400000214576721, -0.09000000357627869, -0.27000001072883606] imu_ang_vel=[0.002978309988975525, 0.0009471976663917303, -0.0019236896187067032] imu_quat_wxyz=[-0.47566622495651245, -0.053971871733665466, 0.054716382175683975, -0.8762618899345398] status=0x8103
joint_pos=[9.935999870300293, -20.052000045776367, 10.368000030517578, 9.972000122070312, -20.01599884033203, 10.4399995803833] joint_vel=[0.18000000715255737, -0.7200000286102295, 0.0, -1.53000009059906, -0.0, -0.09000000357627869] imu_ang_vel=[0.002445679157972336, 0.0014798296615481377, -0.004586850292980671] imu_quat_wxyz=[-0.4756656885147095, -0.053977906703948975, 0.05471644178032875, -0.876261830329895] status=0x8103
joint_pos=[9.935999870300293, -20.052000045776367, 10.368000030517578, 9.972000122070312, -20.01599884033203, 10.4399995803833] joint_vel=[-0.27000001072883606, 0.36000001430511475, 0.36000001430511475, 0.09000000357627869, -0.0, -0.0] imu_ang_vel=[0.0019130464643239975, 0.0004145654384046793, -0.004586850292980671] imu_quat_wxyz=[-0.47567325830459595, -0.053982753306627274, 0.054719340056180954, -0.8762572407722473] status=0x8103
joint_pos=[9.935999870300293, -20.052000045776367, 10.368000030517578, 9.972000122070312, -20.01599884033203, 10.4399995803833] joint_vel=[-0.27000001072883606, 0.18000000715255737, -0.6299999952316284, 0.6299999952316284, -0.0, -0.09000000357627869] imu_ang_vel=[0.0019130464643239975, 0.0004145654384046793, -0.00565211521461606] imu_quat_wxyz=[-0.4756838083267212, -0.05399317294359207, 0.054718706756830215, -0.8762508630752563] status=0x8103
joint_pos=[9.935999870300293, -20.052000045776367, 10.331999778747559, 9.972000122070312, -20.01599884033203, 10.4399995803833] joint_vel=[0.09000000357627869, 0.36000001430511475, -0.8999999761581421, -1.2599999904632568, 0.18000000715255737, -0.09000000357627869] imu_ang_vel=[0.0013804137706756592, 0.0025450941175222397, -0.003521586302667856] imu_quat_wxyz=[-0.47569918632507324, -0.05401471257209778, 0.054695211350917816, -0.8762425780296326] status=0x8103
joint_pos=[9.935999870300293, -20.052000045776367, 10.331999778747559, 9.972000122070312, -20.01599884033203, 10.4399995803833] joint_vel=[0.09000000357627869, 0.0, 0.5400000214576721, -1.0800000429153442, 0.18000000715255737, -0.18000000715255737] imu_ang_vel=[-0.0023480113595724106, -0.0011833312455564737, -0.003521586302667856] imu_quat_wxyz=[-0.4757021963596344, -0.05400869622826576, 0.054712869226932526, -0.8762403130531311] status=0x8103
joint_pos=[9.935999870300293, -20.052000045776367, 10.331999778747559, 9.972000122070312, -20.01599884033203, 10.403999328613281] joint_vel=[-0.18000000715255737, 0.0, 0.0, 0.18000000715255737, -0.0, -0.09000000357627869] imu_ang_vel=[0.0008477829396724701, -0.0006506990175694227, -0.0008584251627326012] imu_quat_wxyz=[-0.4757016897201538, -0.05401720851659775, 0.054756395518779755, -0.8762373328208923] status=0x8103
joint_pos=[9.935999870300293, -20.052000045776367, 10.331999778747559, 9.972000122070312, -20.01599884033203, 10.403999328613281] joint_vel=[0.09000000357627869, -0.8999999761581421, 0.09000000357627869, 1.2599999904632568, -0.0, -0.0] imu_ang_vel=[0.0035109426826238632, 0.0025450941175222397, -0.0019236896187067032] imu_quat_wxyz=[-0.4756857752799988, -0.05401402339339256, 0.0547511912882328, -0.876246452331543] status=0x8103
joint_pos=[9.935999870300293, -20.052000045776367, 10.331999778747559, 9.972000122070312, -20.01599884033203, 10.403999328613281] joint_vel=[-0.27000001072883606, 0.0, -0.27000001072883606, 1.7999999523162842, -0.18000000715255737, 0.09000000357627869] imu_ang_vel=[-0.0007501151412725449, 0.0020124618895351887, -0.002988954074680805] imu_quat_wxyz=[-0.47568559646606445, -0.05400245636701584, 0.05474554002285004, -0.8762477040290833] status=0x8103
joint_pos=[9.935999870300293, -20.052000045776367, 10.331999778747559, 9.972000122070312, -20.01599884033203, 10.403999328613281] joint_vel=[-0.0, -1.440000057220459, -1.53000009059906, -1.350000023841858, -0.0, -0.0] imu_ang_vel=[0.002445679157972336, 0.0009471976663917303, -0.005119482520967722] imu_quat_wxyz=[-0.4756872057914734, -0.0540107823908329, 0.05477204918861389, -0.8762446045875549] status=0x8103
joint_pos=[9.935999870300293, -20.052000045776367, 10.331999778747559, 9.972000122070312, -20.01599884033203, 10.403999328613281] joint_vel=[-0.09000000357627869, 0.27000001072883606, 0.36000001430511475, -0.18000000715255737, -0.0, -0.0] imu_ang_vel=[0.002978309988975525, 0.0014798296615481377, -0.00565211521461606] imu_quat_wxyz=[-0.4757058322429657, -0.05399703234434128, 0.054764457046985626, -0.8762357831001282] status=0x8103
joint_pos=[9.935999870300293, -20.052000045776367, 10.331999778747559, 9.972000122070312, -20.01599884033203, 10.403999328613281] joint_vel=[-0.36000001430511475, 0.09000000357627869, 0.09000000357627869, -0.809999942779541, -0.0, -0.27000001072883606] imu_ang_vel=[0.0003151502460241318, -0.0006506990175694227, -0.00405421806499362] imu_quat_wxyz=[-0.4757220149040222, -0.053994711488485336, 0.05476372316479683, -0.8762272000312805] status=0x8103
joint_pos=[9.935999870300293, -20.052000045776367, 10.331999778747559, 9.972000122070312, -20.01599884033203, 10.403999328613281] joint_vel=[-0.09000000357627869, 0.27000001072883606, 1.1700000762939453, 2.880000114440918, -0.18000000715255737, -0.0] imu_ang_vel=[0.002445679157972336, 0.0020124618895351887, -0.003521586302667856] imu_quat_wxyz=[-0.4757251739501953, -0.053985465317964554, 0.05477660521864891, -0.8762252330780029] status=0x8103
joint_pos=[9.935999870300293, -20.052000045776367, 10.331999778747559, 9.972000122070312, -20.01599884033203, 10.403999328613281] joint_vel=[-0.27000001072883606, 0.0, 0.0, 2.1600000858306885, -0.09000000357627869, -0.09000000357627869] imu_ang_vel=[0.002978309988975525, 0.0014798296615481377, -0.003521586302667856] imu_quat_wxyz=[-0.4757186770439148, -0.05398418381810188, 0.05477117747068405, -0.8762291669845581] status=0x8103
joint_pos=[9.935999870300293, -20.052000045776367, 10.331999778747559, 9.972000122070312, -20.01599884033203, 10.403999328613281] joint_vel=[-0.6299999952316284, -0.09000000357627869, 0.0, 0.5400000214576721, -0.0, -0.0] imu_ang_vel=[0.0019130464643239975, 0.0004145654384046793, -0.0008584251627326012] imu_quat_wxyz=[-0.47570016980171204, -0.05396758392453194, 0.05481290817260742, -0.876237690448761] status=0x8103
joint_pos=[9.935999870300293, -20.052000045776367, 10.331999778747559, 9.972000122070312, -20.01599884033203, 10.403999328613281] joint_vel=[0.09000000357627869, -0.09000000357627869, 0.0, -1.350000023841858, -0.0, -0.0] imu_ang_vel=[0.0035109426826238632, 0.0014798296615481377, -0.002988954074680805] imu_quat_wxyz=[-0.47568202018737793, -0.05397043749690056, 0.054814472794532776, -0.8762471675872803] status=0x8103
joint_pos=[9.935999870300293, -20.052000045776367, 10.331999778747559, 9.972000122070312, -20.01599884033203, 10.403999328613281] joint_vel=[-0.36000001430511475, 0.0, -0.6299999952316284, -0.809999942779541, -0.09000000357627869, -0.0] imu_ang_vel=[0.0019130464643239975, 0.0014798296615481377, -0.004586850292980671] imu_quat_wxyz=[-0.47568437457084656, -0.053975582122802734, 0.05480317398905754, -0.8762463331222534] status=0x8103
joint_pos=[9.935999870300293, -20.052000045776367, 10.331999778747559, 9.972000122070312, -20.01599884033203, 10.403999328613281] joint_vel=[-0.09000000357627869, 0.0, -0.18000000715255737, 0.36000001430511475, -0.27000001072883606, -0.0] imu_ang_vel=[0.0003151502460241318, -0.00011806678958237171, -0.00405421806499362] imu_quat_wxyz=[-0.4756893515586853, -0.05397951975464821, 0.05479975789785385, -0.876243531703949] status=0x8103
joint_pos=[9.935999870300293, -20.052000045776367, 10.331999778747559, 9.972000122070312, -20.01599884033203, 10.403999328613281] joint_vel=[-0.09000000357627869, 0.27000001072883606, 0.18000000715255737, 0.809999942779541, -0.27000001072883606, -0.0] imu_ang_vel=[0.002978309988975525, 0.0020124618895351887, -0.004586850292980671] imu_quat_wxyz=[-0.4756981134414673, -0.053985755890607834, 0.05480455979704857, -0.8762381672859192] status=0x8103
ONNX startup: move command complete; waiting for measured joints to enter +/-2 deg.
ONNX startup: measured joints reached the default pose; holding before inference.
joint_pos=[9.935999870300293, -20.052000045776367, 10.331999778747559, 9.972000122070312, -20.01599884033203, 10.403999328613281] joint_vel=[-0.27000001072883606, 0.6299999952316284, 0.27000001072883606, 0.809999942779541, -0.0, -0.0] imu_ang_vel=[0.0035109426826238632, 0.0014798296615481377, -0.0019236896187067032] imu_quat_wxyz=[-0.47571316361427307, -0.054001081734895706, 0.05478721112012863, -0.8762301206588745] status=0x8103
joint_pos=[9.935999870300293, -20.052000045776367, 10.331999778747559, 9.972000122070312, -20.01599884033203, 10.403999328613281] joint_vel=[-0.0, 0.18000000715255737, -0.44999998807907104, 0.0, 0.27000001072883606, -0.0] imu_ang_vel=[0.002978309988975525, -0.00011806678958237171, -0.0019236896187067032] imu_quat_wxyz=[-0.47570833563804626, -0.05400747060775757, 0.05479090288281441, -0.8762321472167969] status=0x8103
joint_pos=[9.935999870300293, -20.052000045776367, 10.331999778747559, 9.972000122070312, -20.01599884033203, 10.403999328613281] joint_vel=[-0.27000001072883606, 0.0, 0.0, 0.7200000286102295, -0.0, -0.0] imu_ang_vel=[0.002445679157972336, 0.0004145654384046793, -0.002988954074680805] imu_quat_wxyz=[-0.47569552063941956, -0.05401291325688362, 0.05479130893945694, -0.8762388229370117] status=0x8103
joint_pos=[9.935999870300293, -20.052000045776367, 10.331999778747559, 9.972000122070312, -20.01599884033203, 10.403999328613281] joint_vel=[0.18000000715255737, -0.18000000715255737, 0.0, -0.809999942779541, 0.18000000715255737, -0.0] imu_ang_vel=[0.0035109426826238632, 0.0009471976663917303, -0.002988954074680805] imu_quat_wxyz=[-0.4756873846054077, -0.054015059024095535, 0.05478546768426895, -0.8762433528900146] status=0x8103
joint_pos=[9.935999870300293, -20.052000045776367, 10.331999778747559, 9.972000122070312, -20.01599884033203, 10.403999328613281] joint_vel=[-0.27000001072883606, 0.0, 0.0, -0.18000000715255737, -0.0, -0.0] imu_ang_vel=[0.0019130464643239975, 0.0014798296615481377, -0.002988954074680805] imu_quat_wxyz=[-0.4756849408149719, -0.054017841815948486, 0.05479126051068306, -0.876244306564331] status=0x8103
joint_pos=[9.935999870300293, -20.052000045776367, 10.331999778747559, 9.972000122070312, -20.01599884033203, 10.403999328613281] joint_vel=[-0.09000000357627869, 0.0, 0.0, 1.0800000429153442, 0.09000000357627869, -0.0] imu_ang_vel=[0.002445679157972336, 0.0020124618895351887, -0.00405421806499362] imu_quat_wxyz=[-0.47568655014038086, -0.054037004709243774, 0.05477238819003105, -0.8762432932853699] status=0x8103
joint_pos=[9.935999870300293, -20.052000045776367, 10.331999778747559, 9.972000122070312, -20.01599884033203, 10.403999328613281] joint_vel=[-0.18000000715255737, 0.5400000214576721, -0.27000001072883606, 0.0, -0.0, -0.0] imu_ang_vel=[0.0019130464643239975, 0.0020124618895351887, -0.004586850292980671] imu_quat_wxyz=[-0.4756941497325897, -0.05403367802500725, 0.05477476492524147, -0.8762392401695251] status=0x8103
joint_pos=[9.935999870300293, -20.052000045776367, 10.331999778747559, 9.972000122070312, -20.01599884033203, 10.403999328613281] joint_vel=[-0.0, 0.0, -0.18000000715255737, -1.619999885559082, -0.09000000357627869, -0.0] imu_ang_vel=[0.0003151502460241318, 0.004142990335822105, -0.00565211521461606] imu_quat_wxyz=[-0.47570228576660156, -0.05402710661292076, 0.05477748066186905, -0.8762351274490356] status=0x8103
joint_pos=[9.935999870300293, -20.052000045776367, 10.331999778747559, 9.972000122070312, -20.01599884033203, 10.403999328613281] joint_vel=[0.18000000715255737, 0.0, 0.0, 0.0, -0.0, -0.0] imu_ang_vel=[0.0013804137706756592, 0.0014798296615481377, -0.002988954074680805] imu_quat_wxyz=[-0.4757124185562134, -0.05402003228664398, 0.054777078330516815, -0.8762300610542297] status=0x8103
joint_pos=[9.935999870300293, -20.052000045776367, 10.331999778747559, 9.972000122070312, -20.01599884033203, 10.403999328613281] joint_vel=[-0.0, 0.0, -0.09000000357627869, -0.5400000214576721, -0.0, -0.0] imu_ang_vel=[0.002445679157972336, 0.0025450941175222397, -0.0019236896187067032] imu_quat_wxyz=[-0.4757089614868164, -0.054006971418857574, 0.0547785721719265, -0.8762326240539551] status=0x8103
joint_pos=[9.935999870300293, -20.052000045776367, 10.331999778747559, 9.972000122070312, -20.01599884033203, 10.403999328613281] joint_vel=[0.09000000357627869, 0.18000000715255737, 0.18000000715255737, -0.5400000214576721, -0.09000000357627869, -0.0] imu_ang_vel=[0.002445679157972336, 0.0014798296615481377, -0.0019236896187067032] imu_quat_wxyz=[-0.4757010340690613, -0.05400015786290169, 0.054785870015621185, -0.8762369155883789] status=0x8103
joint_pos=[9.935999870300293, -20.052000045776367, 10.331999778747559, 9.972000122070312, -20.01599884033203, 10.403999328613281] joint_vel=[-0.0, 0.0, -0.27000001072883606, 0.0, -0.0, -0.0] imu_ang_vel=[-0.0007501151412725449, 0.0014798296615481377, -0.003521586302667856] imu_quat_wxyz=[-0.47569143772125244, -0.05399264767765999, 0.05478151887655258, -0.8762428164482117] status=0x8103
joint_pos=[9.935999870300293, -20.052000045776367, 10.331999778747559, 9.972000122070312, -20.01599884033203, 10.403999328613281] joint_vel=[-0.0, 0.6299999952316284, 0.0, -1.709999918937683, -0.0, -0.0] imu_ang_vel=[0.002978309988975525, 0.0009471976663917303, -0.0019236896187067032] imu_quat_wxyz=[-0.475688099861145, -0.05398549139499664, 0.05478053539991379, -0.8762452006340027] status=0x8103
joint_pos=[9.935999870300293, -20.052000045776367, 10.331999778747559, 9.972000122070312, -20.01599884033203, 10.403999328613281] joint_vel=[0.09000000357627869, 0.36000001430511475, 0.09000000357627869, 0.5400000214576721, 0.18000000715255737, -0.0] imu_ang_vel=[0.002623222768306732, 0.0018349176971241832, -0.004764393903315067] imu_quat_wxyz=[-0.4756890535354614, -0.05398879200220108, 0.054778702557086945, -0.8762445449829102] status=0x8103
joint_pos=[9.935999870300293, -20.052000045776367, 10.331999778747559, 9.972000122070312, -20.01599884033203, 10.403999328613281] joint_vel=[-0.18000000715255737, 0.0, 0.0, 1.0800000429153442, -0.0, -0.0] imu_ang_vel=[0.0008477829396724701, 0.0009471976663917303, -0.00405421806499362] imu_quat_wxyz=[-0.4756983518600464, -0.0539860799908638, 0.05476704239845276, -0.8762403726577759] status=0x8103
joint_pos=[9.935999870300293, -20.052000045776367, 10.331999778747559, 9.972000122070312, -20.01599884033203, 10.403999328613281] joint_vel=[-0.0, 0.0, 0.9900000095367432, 0.27000001072883606, 0.09000000357627869, -0.0] imu_ang_vel=[0.0019130464643239975, -0.00011806678958237171, -0.003521586302667856] imu_quat_wxyz=[-0.4757004678249359, -0.05397280305624008, 0.05478707700967789, -0.8762388229370117] status=0x8103
joint_pos=[9.935999870300293, -20.052000045776367, 10.331999778747559, 9.972000122070312, -20.01599884033203, 10.403999328613281] joint_vel=[-0.0, 0.0, 0.0, -1.53000009059906, -0.0, -0.0] imu_ang_vel=[0.0019130464643239975, 0.0025450941175222397, -0.002456321846693754] imu_quat_wxyz=[-0.4757015109062195, -0.05397892743349075, 0.054787419736385345, -0.8762378096580505] status=0x8103
joint_pos=[9.935999870300293, -20.052000045776367, 10.331999778747559, 9.972000122070312, -20.01599884033203, 10.403999328613281] joint_vel=[-0.18000000715255737, 0.6299999952316284, -0.09000000357627869, -0.36000001430511475, -0.0, -0.0] imu_ang_vel=[0.0035109426826238632, 0.0004145654384046793, -0.003521586302667856] imu_quat_wxyz=[-0.47569942474365234, -0.053980786353349686, 0.05478106811642647, -0.8762392997741699] status=0x8103
joint_pos=[9.935999870300293, -20.052000045776367, 10.331999778747559, 9.972000122070312, -20.01599884033203, 10.403999328613281] joint_vel=[-0.0, 0.18000000715255737, 0.0, -0.18000000715255737, 0.09000000357627869, -0.0] imu_ang_vel=[0.004576206207275391, 0.0004145654384046793, -0.002988954074680805] imu_quat_wxyz=[-0.47569623589515686, -0.05398820340633392, 0.05478312075138092, -0.8762404322624207] status=0x8103
joint_pos=[9.935999870300293, -20.052000045776367, 10.331999778747559, 9.972000122070312, -20.01599884033203, 10.403999328613281] joint_vel=[-0.0, 0.18000000715255737, -0.09000000357627869, 0.8999999761581421, 0.09000000357627869, -0.0] imu_ang_vel=[0.0019130464643239975, 0.0009471976663917303, -0.002456321846693754] imu_quat_wxyz=[-0.47569361329078674, -0.05399687588214874, 0.054784998297691345, -0.8762412667274475] status=0x8103
joint_pos=[9.935999870300293, -20.052000045776367, 10.331999778747559, 9.972000122070312, -20.01599884033203, 10.403999328613281] joint_vel=[-0.18000000715255737, 0.0, 0.0, 0.27000001072883606, -0.0, -0.0] imu_ang_vel=[0.0008477829396724701, 0.0020124618895351887, -0.003521586302667856] imu_quat_wxyz=[-0.47568997740745544, -0.05401334911584854, 0.05479028448462486, -0.8762418627738953] status=0x8103
joint_pos=[9.935999870300293, -20.052000045776367, 10.331999778747559, 9.972000122070312, -20.01599884033203, 10.403999328613281] joint_vel=[-0.0, 0.44999998807907104, 0.0, 0.36000001430511475, 0.18000000715255737, -0.18000000715255737] imu_ang_vel=[0.0019130464643239975, 0.0020124618895351887, -0.005119482520967722] imu_quat_wxyz=[-0.4756917953491211, -0.05400853604078293, 0.0547931045293808, -0.8762409090995789] status=0x8103
joint_pos=[9.935999870300293, -20.052000045776367, 10.331999778747559, 9.972000122070312, -20.01599884033203, 10.403999328613281] joint_vel=[-0.0, 0.18000000715255737, 0.27000001072883606, -1.1700000762939453, -0.0, -0.0] imu_ang_vel=[0.0035109426826238632, 0.0014798296615481377, -0.002988954074680805] imu_quat_wxyz=[-0.4756966829299927, -0.05400672182440758, 0.0547911673784256, -0.8762385845184326] status=0x8103
joint_pos=[9.935999870300293, -20.052000045776367, 10.331999778747559, 9.972000122070312, -20.01599884033203, 10.403999328613281] joint_vel=[-0.0, 0.0, 0.0, -0.27000001072883606, -0.09000000357627869, -0.0] imu_ang_vel=[0.0019130464643239975, 0.0020124618895351887, -0.002988954074680805] imu_quat_wxyz=[-0.47569704055786133, -0.05400729551911354, 0.05478546768426895, -0.8762386441230774] status=0x8103
joint_pos=[9.935999870300293, -20.052000045776367, 10.331999778747559, 9.972000122070312, -20.01599884033203, 10.403999328613281] joint_vel=[0.5400000214576721, -0.809999942779541, 0.09000000357627869, 0.36000001430511475, -0.0, -0.0] imu_ang_vel=[0.002445679157972336, 0.0020124618895351887, -0.002988954074680805] imu_quat_wxyz=[-0.47569626569747925, -0.05400581285357475, 0.05477699264883995, -0.8762397170066833] status=0x8103
joint_pos=[9.935999870300293, -20.052000045776367, 10.331999778747559, 9.972000122070312, -20.01599884033203, 10.403999328613281] joint_vel=[0.27000001072883606, 0.0, -0.09000000357627869, 0.0, -0.0, 0.09000000357627869] imu_ang_vel=[0.0035109426826238632, 0.0020124618895351887, -0.002988954074680805] imu_quat_wxyz=[-0.4756953716278076, -0.054006632417440414, 0.05476118251681328, -0.876241147518158] status=0x8103
joint_pos=[9.935999870300293, -20.052000045776367, 10.331999778747559, 9.972000122070312, -20.01599884033203, 10.403999328613281] joint_vel=[-0.09000000357627869, 0.18000000715255737, 0.0, 0.5400000214576721, -0.0, -0.0] imu_ang_vel=[0.0003151502460241318, 0.0004145654384046793, -0.002456321846693754] imu_quat_wxyz=[-0.47569411993026733, -0.05400317534804344, 0.054763779044151306, -0.87624192237854] status=0x8103
joint_pos=[9.935999870300293, -20.052000045776367, 10.331999778747559, 9.972000122070312, -20.01599884033203, 10.403999328613281] joint_vel=[-0.0, 0.0, 1.440000057220459, -1.440000057220459, 0.18000000715255737, -0.0] imu_ang_vel=[0.0008477829396724701, 0.0020124618895351887, -0.003521586302667856] imu_quat_wxyz=[-0.47569265961647034, -0.054001662880182266, 0.05477017164230347, -0.8762422800064087] status=0x8103
joint_pos=[9.935999870300293, -20.052000045776367, 10.331999778747559, 9.972000122070312, -20.01599884033203, 10.403999328613281] joint_vel=[-0.09000000357627869, 0.0, -0.09000000357627869, -0.18000000715255737, -0.0, -0.09000000357627869] imu_ang_vel=[0.002445679157972336, 0.0014798296615481377, -0.002988954074680805] imu_quat_wxyz=[-0.47569534182548523, -0.05399185046553612, 0.054770175367593765, -0.8762414455413818] status=0x8103
joint_pos=[9.935999870300293, -20.052000045776367, 10.331999778747559, 9.972000122070312, -20.01599884033203, 10.403999328613281] joint_vel=[-0.0, 0.09000000357627869, -0.09000000357627869, -1.440000057220459, -0.0, -0.0] imu_ang_vel=[0.0008477829396724701, 0.0025450941175222397, -0.00405421806499362] imu_quat_wxyz=[-0.4756987988948822, -0.05398982763290405, 0.054767757654190063, -0.8762398958206177] status=0x8103
joint_pos=[9.935999870300293, -20.052000045776367, 10.331999778747559, 9.972000122070312, -20.01599884033203, 10.403999328613281] joint_vel=[0.27000001072883606, 0.27000001072883606, 0.27000001072883606, -0.6299999952316284, -0.0, -0.09000000357627869] imu_ang_vel=[0.0003151502460241318, 0.0020124618895351887, -0.003521586302667856] imu_quat_wxyz=[-0.47570186853408813, -0.0539751835167408, 0.05477902293205261, -0.8762384057044983] status=0x8103
joint_pos=[9.935999870300293, -20.052000045776367, 10.331999778747559, 9.972000122070312, -20.01599884033203, 10.403999328613281] joint_vel=[-0.18000000715255737, 0.44999998807907104, 0.0, -1.0800000429153442, -0.0, -0.18000000715255737] imu_ang_vel=[0.002445679157972336, 0.0009471976663917303, -0.002456321846693754] imu_quat_wxyz=[-0.4757060706615448, -0.053977519273757935, 0.05479612946510315, -0.8762348890304565] status=0x8103
joint_pos=[9.935999870300293, -20.052000045776367, 10.331999778747559, 9.972000122070312, -20.01599884033203, 10.403999328613281] joint_vel=[-0.0, 0.5400000214576721, 0.0, 1.7999999523162842, -0.0, 0.18000000715255737] imu_ang_vel=[-0.0007501151412725449, 0.0020124618895351887, -0.0019236896187067032] imu_quat_wxyz=[-0.4757446050643921, -0.053989097476005554, 0.0547904334962368, -0.8762136101722717] status=0x8103
joint_pos=[9.935999870300293, -20.052000045776367, 10.331999778747559, 9.972000122070312, -20.01599884033203, 10.403999328613281] joint_vel=[0.36000001430511475, 0.0, 0.0, 0.6299999952316284, -0.0, 0.09000000357627869] imu_ang_vel=[0.0019130464643239975, 0.0004145654384046793, -0.002988954074680805] imu_quat_wxyz=[-0.47574108839035034, -0.05398717150092125, 0.05479751527309418, -0.8762152194976807] status=0x8103
joint_pos=[9.935999870300293, -20.052000045776367, 10.331999778747559, 9.972000122070312, -20.01599884033203, 10.403999328613281] joint_vel=[-0.27000001072883606, 0.36000001430511475, 0.0, 1.0800000429153442, 0.18000000715255737, -0.0] imu_ang_vel=[0.0008477829396724701, 0.0009471976663917303, -0.002988954074680805] imu_quat_wxyz=[-0.4757452607154846, -0.05398492142558098, 0.05479833483695984, -0.876213014125824] status=0x8103
joint_pos=[9.935999870300293, -20.052000045776367, 10.331999778747559, 9.972000122070312, -20.01599884033203, 10.403999328613281] joint_vel=[-0.0, 0.0, 0.27000001072883606, -1.1700000762939453, -0.0, -0.0] imu_ang_vel=[0.002445679157972336, -0.00011806678958237171, -0.00405421806499362] imu_quat_wxyz=[-0.4757314622402191, -0.053974561393260956, 0.05480651184916496, -0.8762206435203552] status=0x8103
joint_pos=[9.935999870300293, -20.052000045776367, 10.331999778747559, 9.972000122070312, -20.01599884033203, 10.403999328613281] joint_vel=[-0.18000000715255737, 0.18000000715255737, 0.18000000715255737, 0.809999942779541, -0.0, -0.0] imu_ang_vel=[0.0019130464643239975, 0.0014798296615481377, -0.003521586302667856] imu_quat_wxyz=[-0.475744366645813, -0.053975753486156464, 0.054805658757686615, -0.8762137293815613] status=0x8103
joint_pos=[9.935999870300293, -20.052000045776367, 10.331999778747559, 9.972000122070312, -20.01599884033203, 10.403999328613281] joint_vel=[-0.0, 0.0, 0.18000000715255737, 1.1700000762939453, -0.0, 0.27000001072883606] imu_ang_vel=[0.0019130464643239975, 0.0025450941175222397, -0.003521586302667856] imu_quat_wxyz=[-0.4757733941078186, -0.053993623703718185, 0.05479620769619942, -0.876197338104248] status=0x8103
joint_pos=[9.935999870300293, -20.052000045776367, 10.331999778747559, 9.972000122070312, -20.01599884033203, 10.403999328613281] joint_vel=[-0.18000000715255737, 0.0, 0.18000000715255737, -0.5400000214576721, -0.0, 0.18000000715255737] imu_ang_vel=[0.002445679157972336, 0.0020124618895351887, -0.00405421806499362] imu_quat_wxyz=[-0.4757712781429291, -0.054000478237867355, 0.05478184297680855, -0.8761990070343018] status=0x8103
joint_pos=[9.935999870300293, -20.052000045776367, 10.331999778747559, 9.972000122070312, -20.01599884033203, 10.403999328613281] joint_vel=[-0.0, 0.18000000715255737, 0.0, -0.8999999761581421, -0.0, -0.0] imu_ang_vel=[0.002978309988975525, 0.0004145654384046793, -0.002988954074680805] imu_quat_wxyz=[-0.47577139735221863, -0.05399911478161812, 0.05478040874004364, -0.8761991262435913] status=0x8103
joint_pos=[9.935999870300293, -20.052000045776367, 10.331999778747559, 9.972000122070312, -20.01599884033203, 10.403999328613281] joint_vel=[-0.27000001072883606, 0.18000000715255737, -0.44999998807907104, -2.069999933242798, -0.0, 0.18000000715255737] imu_ang_vel=[0.002445679157972336, 0.0004145654384046793, -0.002988954074680805] imu_quat_wxyz=[-0.47578197717666626, -0.05400144308805466, 0.05477789044380188, -0.8761934041976929] status=0x8103
joint_pos=[9.935999870300293, -20.052000045776367, 10.331999778747559, 9.972000122070312, -20.01599884033203, 10.403999328613281] joint_vel=[-0.0, -0.44999998807907104, 0.18000000715255737, -1.1700000762939453, 0.09000000357627869, 0.18000000715255737] imu_ang_vel=[0.0019130464643239975, 0.0025450941175222397, -0.00405421806499362] imu_quat_wxyz=[-0.4757765531539917, -0.053981661796569824, 0.05477682501077652, -0.8761976361274719] status=0x8103
joint_pos=[9.935999870300293, -20.052000045776367, 10.331999778747559, 9.972000122070312, -20.01599884033203, 10.403999328613281] joint_vel=[0.09000000357627869, -1.2599999904632568, 1.2599999904632568, -1.440000057220459, -0.0, -0.0] imu_ang_vel=[0.0013804137706756592, 0.0009471976663917303, -0.002456321846693754] imu_quat_wxyz=[-0.4757858216762543, -0.05397516489028931, 0.05477586016058922, -0.8761929273605347] status=0x8103
joint_pos=[9.935999870300293, -20.052000045776367, 10.331999778747559, 9.972000122070312, -20.01599884033203, 10.403999328613281] joint_vel=[-0.09000000357627869, 0.18000000715255737, 1.2599999904632568, -1.619999885559082, -0.0, -0.18000000715255737] imu_ang_vel=[0.0013804137706756592, 0.003610358340665698, -0.002456321846693754] imu_quat_wxyz=[-0.47581011056900024, -0.053957775235176086, 0.05477536842226982, -0.87618088722229] status=0x8103
joint_pos=[9.935999870300293, -20.052000045776367, 10.331999778747559, 9.972000122070312, -20.01599884033203, 10.403999328613281] joint_vel=[-0.0, 0.0, 0.0, -1.709999918937683, -0.0, -0.27000001072883606] imu_ang_vel=[0.0019130464643239975, 0.0004145654384046793, -0.003521586302667856] imu_quat_wxyz=[-0.47582361102104187, -0.05397467315196991, 0.05477125942707062, -0.8761727213859558] status=0x8103
joint_pos=[9.935999870300293, -20.052000045776367, 10.331999778747559, 9.972000122070312, -20.01599884033203, 10.403999328613281] joint_vel=[-0.0, 0.18000000715255737, 0.09000000357627869, -1.53000009059906, -0.0, -0.27000001072883606] imu_ang_vel=[0.0013804137706756592, 0.0020124618895351887, -0.002988954074680805] imu_quat_wxyz=[-0.475823312997818, -0.05397798866033554, 0.05473966896533966, -0.8761746883392334] status=0x8103
joint_pos=[9.935999870300293, -20.052000045776367, 10.331999778747559, 9.972000122070312, -20.01599884033203, 10.403999328613281] joint_vel=[0.809999942779541, 0.0, -0.09000000357627869, 1.619999885559082, 0.18000000715255737, 0.09000000357627869] imu_ang_vel=[0.0019130464643239975, 0.0025450941175222397, -0.002456321846693754] imu_quat_wxyz=[-0.4758175313472748, -0.0539768785238266, 0.05474012345075607, -0.8761779069900513] status=0x8103
joint_pos=[9.935999870300293, -20.052000045776367, 10.331999778747559, 9.972000122070312, -20.01599884033203, 10.403999328613281] joint_vel=[-0.0, 0.0, 0.0, 0.8999999761581421, -0.27000001072883606, 0.18000000715255737] imu_ang_vel=[0.0003151502460241318, -0.00011806678958237171, -0.00405421806499362] imu_quat_wxyz=[-0.4758339524269104, -0.05399778112769127, 0.05475113168358803, -0.8761670589447021] status=0x8103
joint_pos=[9.935999870300293, -20.052000045776367, 10.331999778747559, 9.972000122070312, -20.01599884033203, 10.403999328613281] joint_vel=[-0.0, -0.09000000357627869, -0.09000000357627869, 0.5400000214576721, -0.0, 0.09000000357627869] imu_ang_vel=[0.0003151502460241318, 0.0014798296615481377, -0.002988954074680805] imu_quat_wxyz=[-0.4758068919181824, -0.054003696888685226, 0.05473736673593521, -0.8761821985244751] status=0x8103
joint_pos=[9.935999870300293, -20.052000045776367, 10.331999778747559, 9.972000122070312, -20.01599884033203, 10.403999328613281] joint_vel=[0.18000000715255737, 0.09000000357627869, 0.0, 0.7200000286102295, -0.0, -0.0] imu_ang_vel=[0.002978309988975525, 0.0014798296615481377, -0.002988954074680805] imu_quat_wxyz=[-0.475796103477478, -0.05400167778134346, 0.05474827438592911, -0.8761875033378601] status=0x8103
ONNX startup complete: history, last_action and gait phase reset; actor inference started.
joint_pos=[9.935999870300293, -20.052000045776367, 10.331999778747559, 9.972000122070312, -20.01599884033203, 10.403999328613281] joint_vel=[-0.0, 0.9900000095367432, 0.0, -1.0800000429153442, -0.09000000357627869, -0.0] imu_ang_vel=[0.0019130464643239975, 0.0009471976663917303, -0.003521586302667856] imu_quat_wxyz=[-0.47577622532844543, -0.05399145931005478, 0.05479096993803978, -0.8761963248252869] status=0x8103
joint_pos=[9.935999870300293, -20.052000045776367, 10.331999778747559, 9.972000122070312, -20.01599884033203, 10.403999328613281] joint_vel=[0.09000000357627869, 0.0, -0.18000000715255737, 0.6299999952316284, -0.0, -0.0] imu_ang_vel=[0.13187530636787415, -0.009705446660518646, -0.044534265995025635] imu_quat_wxyz=[-0.4757935702800751, -0.05399486795067787, 0.05477622523903847, -0.8761875629425049] status=0x8103
joint_pos=[6.228000164031982, -14.435999870300293, 14.039999961853027, 13.572000503540039, -25.595998764038086, 15.300000190734863] joint_vel=[-135.80999755859375, 444.8699951171875, 205.11000061035156, 180.36000061035156, -429.030029296875, 374.58001708984375] imu_ang_vel=[2.3598756790161133, -0.5306196808815002, -3.9716310501098633] imu_quat_wxyz=[-0.4857649803161621, -0.0513782799243927, 0.042386122047901154, -0.8715481162071228] status=0x8103
joint_pos=[5.2920002937316895, -4.932000160217285, 15.119999885559082, 15.552000045776367, -35.67599868774414, 20.34000015258789] joint_vel=[-57.869998931884766, 456.57000732421875, 20.520000457763672, 79.73999786376953, -508.67999267578125, 146.97000122070312] imu_ang_vel=[-0.08650389313697815, -0.37668898701667786, -0.9611942172050476] imu_quat_wxyz=[-0.5098314881324768, -0.06800577789545059, 0.027133535593748093, -0.8571528196334839] status=0x8103
joint_pos=[3.9600000381469727, 1.4759999513626099, 15.300000190734863, 16.992000579833984, -43.055999755859375, 22.14000129699707] joint_vel=[-67.68000030517578, 131.0399932861328, -0.44999998807907104, 68.1300048828125, -188.3699951171875, 31.68000030517578] imu_ang_vel=[-1.2098251581192017, -0.08800237625837326, -0.8328298330307007] imu_quat_wxyz=[-0.5200168490409851, -0.06721661239862442, 0.031030461192131042, -0.8509416580200195] status=0x8103
joint_pos=[2.7360000610351562, 1.440000057220459, 19.691999435424805, 17.423999786376953, -37.47599792480469, 24.65999984741211] joint_vel=[-44.63999938964844, -69.4800033569336, 315.7200012207031, -0.18000000715255737, 560.25, 98.37000274658203] imu_ang_vel=[0.031740449368953705, 0.4105413556098938, -0.7124549746513367] imu_quat_wxyz=[-0.5286710262298584, -0.06273885071277618, 0.03653479740023613, -0.8457162976264954] status=0x8103
joint_pos=[2.303999900817871, -1.5480000972747803, 20.15999984741211, 17.423999786376953, -27.93600082397461, 23.075998306274414] joint_vel=[-12.24000072479248, -126.2699966430664, -53.099998474121094, 2.1600000858306885, 290.42999267578125, -68.76000213623047] imu_ang_vel=[0.2746207118034363, 0.3604739308357239, -1.551883339881897] imu_quat_wxyz=[-0.5369497537612915, -0.06286086142063141, 0.03202619403600693, -0.8406592011451721] status=0x8103
joint_pos=[1.7999999523162842, -2.9160001277923584, 19.54800033569336, 17.604000091552734, -25.416000366210938, 22.14000129699707] joint_vel=[-37.79999923706055, -33.119998931884766, -27.35999870300293, 5.400000095367432, 39.51000213623047, -26.82000160217285] imu_ang_vel=[0.43494299054145813, 0.6337141990661621, -0.4264315366744995] imu_quat_wxyz=[-0.5480836033821106, -0.06031375005841255, 0.025594111531972885, -0.8338534832000732] status=0x8103
joint_pos=[1.5839999914169312, -8.604000091552734, 13.968000411987305, 17.5679988861084, -28.979999542236328, 15.947999954223633] joint_vel=[4.139999866485596, -437.1299743652344, -307.3500061035156, -4.409999847412109, -237.50999450683594, -461.5199890136719] imu_ang_vel=[1.2051291465759277, -0.8432747721672058, -0.8578635454177856] imu_quat_wxyz=[-0.5501986742019653, -0.05820581689476967, 0.0220671147108078, -0.8327103853225708] status=0x8103
joint_pos=[1.9800000190734863, -11.12399959564209, 8.96399974822998, 17.423999786376953, -26.20800018310547, 7.308000564575195] joint_vel=[29.34000015258789, -33.65999984741211, -321.2099914550781, -6.929999828338623, 339.6600036621094, -251.27999877929688] imu_ang_vel=[-0.3874410390853882, -1.2491405010223389, -0.9723795056343079] imu_quat_wxyz=[-0.560302197933197, -0.07086366415023804, 0.015437549911439419, -0.8251070380210876] status=0x8103
joint_pos=[2.052000045776367, -15.983999252319336, 2.052000045776367, 17.31599998474121, -17.74799919128418, 8.640000343322754] joint_vel=[4.860000133514404, -366.1199951171875, -249.48001098632812, -5.579999923706055, 425.3399963378906, 101.97000122070312] imu_ang_vel=[0.5217620730400085, -1.471780776977539, -0.5819600820541382] imu_quat_wxyz=[-0.5656937956809998, -0.0808052271604538, 0.022278496995568275, -0.8203442692756653] status=0x8103
joint_pos=[2.2679998874664307, -15.300000190734863, 5.400000095367432, 17.100000381469727, -17.496000289916992, 14.9399995803833] joint_vel=[-0.6299999952316284, 292.2300109863281, 370.3499755859375, -5.760000228881836, -246.24000549316406, 432.80999755859375] imu_ang_vel=[-0.6090160608291626, -1.0057276487350464, -1.0576006174087524] imu_quat_wxyz=[-0.5718393325805664, -0.09151098877191544, 0.029699930921196938, -0.8147044777870178] status=0x8103
joint_pos=[2.0160000324249268, -7.019999980926514, 13.428000450134277, 17.243999481201172, -26.711997985839844, 23.040000915527344] joint_vel=[-16.28999900817871, 434.1600036621094, 316.3500061035156, 33.38999938964844, -539.9100341796875, 269.2799987792969] imu_ang_vel=[0.6245600581169128, -0.9716391563415527, -1.738304615020752] imu_quat_wxyz=[-0.5815845727920532, -0.09817912429571152, 0.03436027839779854, -0.806808352470398] status=0x8103
joint_pos=[1.440000057220459, -2.628000020980835, 21.131999969482422, 17.74799919128418, -37.512001037597656, 25.740001678466797] joint_vel=[-35.099998474121094, 110.43000030517578, 447.0299987792969, 18.989999771118164, -445.1400146484375, 52.380001068115234] imu_ang_vel=[0.3103070855140686, -0.8683084845542908, -1.675986647605896] imu_quat_wxyz=[-0.5950639247894287, -0.11048731207847595, 0.03438078239560127, -0.7953046560287476] status=0x8103
joint_pos=[0.36000001430511475, -1.7280000448226929, 28.619998931884766, 18.288000106811523, -40.03199768066406, 25.919998168945312] joint_vel=[-77.22000122070312, 3.690000057220459, 182.97000122070312, 26.90999984741211, -31.94999885559082, -18.09000015258789] imu_ang_vel=[-0.10035232454538345, 2.5256235599517822, -0.4541284143924713] imu_quat_wxyz=[-0.6054463386535645, -0.11328975111246109, 0.03027915582060814, -0.7871996164321899] status=0x8103
joint_pos=[-0.2160000056028366, -2.0160000324249268, 25.595998764038086, 18.79199981689453, -34.560001373291016, 25.560001373291016] joint_vel=[-0.18000000715255737, -16.110000610351562, -199.6199951171875, 24.65999984741211, 451.260009765625, -52.55999755859375] imu_ang_vel=[-1.0100880861282349, -0.6909419894218445, -0.93935626745224] imu_quat_wxyz=[-0.6098237037658691, -0.10616801679134369, 0.02797449380159378, -0.7848954200744629] status=0x8103
joint_pos=[0.14399999380111694, -2.2679998874664307, 19.440000534057617, 19.007999420166016, -33.19200134277344, 22.968000411987305] joint_vel=[1.440000057220459, -2.069999933242798, -303.3900146484375, 1.440000057220459, -134.27999877929688, -67.13999938964844] imu_ang_vel=[0.03706676885485649, -0.37722164392471313, -0.15638703107833862] imu_quat_wxyz=[-0.6170545220375061, -0.10458765178918839, 0.04304080456495285, -0.7787507772445679] status=0x8103
joint_pos=[-0.2160000056028366, -9.86400032043457, 10.584000587463379, 19.007999420166016, -27.468000411987305, 15.65999984741211] joint_vel=[-30.330001831054688, -590.6700439453125, -469.260009765625, 2.9700000286102295, 525.4199829101562, -513.0] imu_ang_vel=[1.4496071338653564, -0.183876171708107, -1.2892956733703613] imu_quat_wxyz=[-0.6205878853797913, -0.09999307245016098, 0.037951018661260605, -0.7768086791038513] status=0x8103
joint_pos=[-0.3959999978542328, -14.760000228881836, 5.436000347137451, 18.61199951171875, -18.43199920654297, 4.5] joint_vel=[-1.9800000190734863, -46.08000183105469, -246.4199981689453, -60.84000015258789, 256.5899963378906, -533.25] imu_ang_vel=[0.02960991859436035, 1.3229402303695679, -0.16437649726867676] imu_quat_wxyz=[-0.6285816431045532, -0.10977151244878769, 0.02231167070567608, -0.7696347236633301] status=0x8103
joint_pos=[0.035999998450279236, -14.039999961853027, 1.5480000972747803, 18.288000106811523, -16.920000076293945, 0.7559999823570251] joint_vel=[47.970001220703125, 78.1199951171875, -140.49000549316406, -2.1600000858306885, -7.019999980926514, 3.1500000953674316] imu_ang_vel=[-0.7299235463142395, -0.4336806535720825, 0.02257738821208477] imu_quat_wxyz=[-0.6293840408325195, -0.10464495420455933, 0.020735593512654305, -0.769737184047699] status=0x8103
joint_pos=[0.4320000112056732, -8.675999641418457, 6.443999767303467, 18.288000106811523, -21.059999465942383, 6.300000190734863] joint_vel=[0.44999998807907104, 303.2099914550781, 467.1000061035156, 13.229999542236328, -236.16000366210938, 424.8900146484375] imu_ang_vel=[-1.145909309387207, 0.5745920538902283, -0.5063263177871704] imu_quat_wxyz=[-0.628520131111145, -0.09396064281463623, 0.03343774005770683, -0.7713726758956909] status=0x8103
joint_pos=[0.36000001430511475, -9.756000518798828, 16.488000869750977, 18.468000411987305, -26.279998779296875, 16.70400047302246] joint_vel=[-7.199999809265137, -220.58999633789062, 486.2699890136719, 15.75, -205.65000915527344, 553.1400146484375] imu_ang_vel=[0.9702383875846863, -0.11090555787086487, -1.8229931592941284] imu_quat_wxyz=[-0.6372390985488892, -0.0841909870505333, 0.033615827560424805, -0.7653158903121948] status=0x8103
joint_pos=[0.25200000405311584, -7.8480000495910645, 25.95599937438965, 18.972000122070312, -24.04800033569336, 25.236000061035156] joint_vel=[-12.0600004196167, 291.8699951171875, 438.3899841308594, 36.53999710083008, 269.9100036621094, 263.07000732421875] imu_ang_vel=[0.5723621249198914, -0.20145303010940552, -2.025925874710083] imu_quat_wxyz=[-0.6504574418067932, -0.09108495712280273, 0.026135016232728958, -0.7536085247993469] status=0x8103
joint_pos=[0.14399999380111694, -3.6720001697540283, 26.532001495361328, 19.29599952697754, -22.643999099731445, 23.040000915527344] joint_vel=[-3.419999837875366, 123.93000030517578, -170.82000732421875, 9.809999465942383, 7.740000247955322, -324.5400085449219] imu_ang_vel=[-0.4470958709716797, -0.9103864431381226, -1.9380415678024292] imu_quat_wxyz=[-0.6637822985649109, -0.10342997312545776, 0.018483860418200493, -0.740509033203125] status=0x8103
joint_pos=[0.07199999690055847, -2.5920000076293945, 21.96000099182129, 19.29599952697754, -17.856000900268555, 16.52400016784668] joint_vel=[-0.7200000286102295, 17.549999237060547, -188.91000366210938, 1.2599999904632568, 363.05999755859375, -247.13999938964844] imu_ang_vel=[-2.000783920288086, -0.7031925320625305, -0.8717120289802551] imu_quat_wxyz=[-0.6763289570808411, -0.10436580330133438, 0.03037901781499386, -0.728535532951355] status=0x8103
joint_pos=[-0.1080000028014183, -5.2920002937316895, 15.012001037597656, 19.152000427246094, -10.403999328613281, 10.368000030517578] joint_vel=[-16.020000457763672, -119.70000457763672, -420.3900146484375, -25.28999900817871, 259.739990234375, -260.82000732421875] imu_ang_vel=[-1.7243478298187256, 1.4955130815505981, 0.15253964066505432] imu_quat_wxyz=[-0.6814025044441223, -0.09710735082626343, 0.04841889441013336, -0.723820686340332] status=0x8103
joint_pos=[2.4839999675750732, -10.980000495910645, 15.335999488830566, 18.756000518798828, -4.176000118255615, 11.375999450683594] joint_vel=[123.75, -391.4100036621094, 220.3199920654297, 6.210000038146973, 381.0600280761719, 135.6300048828125] imu_ang_vel=[-0.2793167233467102, 0.9005629420280457, -0.4509326219558716] imu_quat_wxyz=[-0.6844733357429504, -0.08093403279781342, 0.04555031284689903, -0.7230982780456543] status=0x8103
joint_pos=[6.624000072479248, -18.648000717163086, 14.832000732421875, 16.884000778198242, -2.7360000610351562, 8.100000381469727] joint_vel=[226.25999450683594, -249.92999267578125, -84.05999755859375, -110.07000732421875, -7.740000247955322, -314.19000244140625] imu_ang_vel=[-0.9291279911994934, 0.10853889584541321, 2.300645351409912] imu_quat_wxyz=[-0.6780219078063965, -0.07139565050601959, 0.04810580983757973, -0.7299827337265015] status=0x8103
joint_pos=[9.288000106811523, -16.416000366210938, 12.780000686645508, 12.384000778198242, -8.675999641418457, 0.1080000028014183] joint_vel=[16.020000457763672, 300.510009765625, -83.69999694824219, -277.02001953125, -456.0299987792969, -342.3599853515625] imu_ang_vel=[-2.259110689163208, -3.12080979347229, 1.9453794956207275] imu_quat_wxyz=[-0.6615056991577148, -0.0675961822271347, 0.07165154069662094, -0.7434427738189697] status=0x8103
joint_pos=[8.711999893188477, -10.872000694274902, 11.844000816345215, 6.839999675750732, -19.2239990234375, -3.0960001945495605] joint_vel=[-22.14000129699707, 160.64999389648438, -28.89000129699707, -192.239990234375, -530.72998046875, -37.26000213623047] imu_ang_vel=[0.7310864925384521, -3.082460403442383, 2.3187546730041504] imu_quat_wxyz=[-0.6531469225883484, -0.0721326470375061, 0.08942189812660217, -0.7484649419784546] status=0x8103
joint_pos=[4.680000305175781, -13.319999694824219, 10.54800033569336, 7.308000564575195, -20.447999954223633, 1.9800000190734863] joint_vel=[-211.32000732421875, -188.72999572753906, -33.38999938964844, 47.43000030517578, 202.13999938964844, 406.8899841308594] imu_ang_vel=[-1.7120972871780396, -4.624963283538818, -2.124995470046997] imu_quat_wxyz=[-0.6310939788818359, -0.09845118224620819, 0.09228743612766266, -0.7638788223266602] status=0x8103
joint_pos=[8.208000183105469, -20.591999053955078, 13.176000595092773, 3.815999984741211, -12.02400016784668, 12.491999626159668] joint_vel=[85.58999633789062, -501.3000183105469, 132.38999938964844, -132.92999267578125, 501.9300231933594, 562.4100341796875] imu_ang_vel=[-1.8979859352111816, 3.272373914718628, 7.42882776260376] imu_quat_wxyz=[-0.632616400718689, -0.1151406541466713, 0.09750919789075851, -0.7596256136894226] status=0x8103
joint_pos=[12.420000076293945, -21.131999969482422, 19.2239990234375, 8.819999694824219, -2.4839999675750732, 23.219999313354492] joint_vel=[194.1300048828125, 243.54000854492188, 399.239990234375, 233.27999877929688, 315.0899963378906, 470.8799743652344] imu_ang_vel=[-7.031494617462158, 7.1595234870910645, 3.1129093170166016] imu_quat_wxyz=[-0.6164018511772156, -0.06331424415111542, 0.10366089642047882, -0.7780067920684814] status=0x8103
joint_pos=[17.5679988861084, -20.736000061035156, 23.760000228881836, 15.263999938964844, 0.3240000009536743, 29.23200225830078] joint_vel=[277.9200134277344, -42.84000015258789, 53.19000244140625, 231.75, 49.95000076293945, 144.27000427246094] imu_ang_vel=[1.2796975374221802, -0.49280279874801636, 0.8305804133415222] imu_quat_wxyz=[-0.6111258864402771, -0.0288681797683239, 0.10532926023006439, -0.7839626669883728] status=0x8103
joint_pos=[16.631999969482422, -22.14000129699707, 17.711999893188477, 11.699999809265137, -0.14399999380111694, 24.30000114440918] joint_vel=[-226.8000030517578, -26.459999084472656, -508.5899963378906, -358.55999755859375, -34.7400016784668, -469.3500061035156] imu_ang_vel=[-0.8774626851081848, -5.024970531463623, 0.39755043387413025] imu_quat_wxyz=[-0.6087661981582642, -0.045995939522981644, 0.11384350061416626, -0.783790647983551] status=0x8103
joint_pos=[15.87600040435791, -17.38800048828125, 6.76800012588501, 4.068000316619873, -4.5, 13.319999694824219] joint_vel=[-130.41000366210938, 389.2499694824219, -558.6300048828125, -375.3000183105469, -335.1600036621094, -561.780029296875] imu_ang_vel=[-3.510796308517456, 0.3167980909347534, 4.760873317718506] imu_quat_wxyz=[-0.6012166142463684, -0.06820464134216309, 0.13735318183898926, -0.7842326760292053] status=0x8103
joint_pos=[16.308000564575195, -15.58799934387207, 2.1600000858306885, 3.815999984741211, -4.860000133514404, 9.684000015258789] joint_vel=[38.52000045776367, -57.78000259399414, -73.07999420166016, -46.8900032043457, 206.27999877929688, 83.79000091552734] imu_ang_vel=[-0.8103510141372681, 2.854790449142456, 0.9621406197547913] imu_quat_wxyz=[-0.5863145589828491, -0.041420113295316696, 0.1453525274991989, -0.7958595752716064] status=0x8103
joint_pos=[17.171998977661133, -22.392000198364258, 7.308000564575195, 2.9519999027252197, -1.6920000314712524, 14.36400032043457] joint_vel=[45.179996490478516, -498.4200134277344, 420.47998046875, 38.790000915527344, 86.66999816894531, 219.69000244140625] imu_ang_vel=[1.039480447769165, 0.25448012351989746, 1.8665499687194824] imu_quat_wxyz=[-0.576910138130188, -0.03529641777276993, 0.14372166991233826, -0.8032888174057007] status=0x8103
joint_pos=[16.920000076293945, -27.215999603271484, 7.48799991607666, 1.5480000972747803, -0.7919999957084656, 10.872000694274902] joint_vel=[-29.610000610351562, -91.71000671386719, -257.489990234375, 1.8899999856948853, 28.71000099182129, -397.71002197265625] imu_ang_vel=[0.3092418313026428, -0.6296892762184143, 0.5749170184135437] imu_quat_wxyz=[-0.5671008825302124, -0.034671198576688766, 0.1364106386899948, -0.811533510684967] status=0x8103
joint_pos=[16.992000579833984, -27.4320011138916, -0.7200000286102295, 1.403999924659729, -0.5759999752044678, 1.0800000429153442] joint_vel=[12.329999923706055, 20.790000915527344, -448.8299865722656, -7.559999942779541, 6.03000020980835, -525.4199829101562] imu_ang_vel=[0.1201573833823204, 0.5484930872917175, 1.2593492269515991] imu_quat_wxyz=[-0.56316739320755, -0.03693991154432297, 0.1346604824066162, -0.8144596219062805] status=0x8103
joint_pos=[12.204000473022461, -20.520000457763672, -1.2239999771118164, 2.052000045776367, -7.344000339508057, -0.3240000009536743] joint_vel=[-287.0099792480469, 527.9400024414062, 206.010009765625, -37.88999938964844, -539.9100341796875, 223.11001586914062] imu_ang_vel=[1.4938156604766846, -2.98179292678833, -3.7676329612731934] imu_quat_wxyz=[-0.549895167350769, -0.03839524835348129, 0.13212302327156067, -0.8238231539726257] status=0x8103
joint_pos=[9.071999549865723, -10.656000137329102, -2.6640000343322754, 3.239999771118164, -17.531999588012695, 0.4320000112056732] joint_vel=[-200.42999267578125, 430.1099853515625, -209.33999633789062, 171.08999633789062, -441.80999755859375, -25.110000610351562] imu_ang_vel=[0.7161727547645569, -1.5878945589065552, -2.240044116973877] imu_quat_wxyz=[-0.562443196773529, -0.06818481534719467, 0.12984278798103333, -0.8137257099151611] status=0x8103
joint_pos=[5.507999897003174, -3.815999984741211, -1.6920000314712524, 6.73199987411499, -24.51599884033203, 4.0320000648498535] joint_vel=[-107.45999908447266, 288.3599853515625, 206.09999084472656, 166.67999267578125, -318.69000244140625, 275.94000244140625] imu_ang_vel=[2.053612232208252, -1.795266032218933, -2.420783758163452] imu_quat_wxyz=[-0.5763491988182068, -0.0838860422372818, 0.14288932085037231, -0.8002296686172485] status=0x8103
joint_pos=[6.948000431060791, -2.0160000324249268, 4.104000091552734, 9.972000122070312, -23.7239990234375, 10.584000587463379] joint_vel=[175.3199920654297, 34.560001373291016, 306.0, 142.65000915527344, 259.6499938964844, 344.25] imu_ang_vel=[0.4823472499847412, -0.6829525232315063, -1.1880955696105957] imu_quat_wxyz=[-0.5875915288925171, -0.10371865332126617, 0.14311808347702026, -0.7896175384521484] status=0x8103
joint_pos=[5.1479997634887695, -0.9359999895095825, 12.24000072479248, 13.7160005569458, -17.243999481201172, 16.920000076293945] joint_vel=[-224.45999145507812, 29.15999984741211, 500.3999938964844, 158.5800018310547, 250.65000915527344, 259.739990234375] imu_ang_vel=[-0.33737364411354065, -0.22701936960220337, -1.8512226343154907] imu_quat_wxyz=[-0.5927080512046814, -0.11320338398218155, 0.14324113726615906, -0.7844516038894653] status=0x8103
joint_pos=[4.464000225067139, -1.1160000562667847, 17.711999893188477, 15.731999397277832, -20.304000854492188, 20.483999252319336] joint_vel=[-4.230000019073486, -22.05000114440918, 197.37001037597656, 58.31999969482422, -350.9100036621094, 121.68000030517578] imu_ang_vel=[0.8988656401634216, -0.11250345408916473, -1.8080793619155884] imu_quat_wxyz=[-0.604117751121521, -0.12471404671669006, 0.13548201322555542, -0.7753275632858276] status=0x8103
joint_pos=[3.9240000247955322, -1.2960000038146973, 20.124000549316406, 17.171998977661133, -29.66400146484375, 22.104000091552734] joint_vel=[-48.2400016784668, -2.5199999809265137, 91.3499984741211, 78.93000030517578, -494.19000244140625, 61.019996643066406] imu_ang_vel=[1.2674469947814941, 0.4004213511943817, -0.7635876536369324] imu_quat_wxyz=[-0.6127097010612488, -0.13524644076824188, 0.1261700540781021, -0.7683596014976501] status=0x8103
joint_pos=[7.48799991607666, -1.2960000038146973, 16.559999465942383, 18.288000106811523, -31.031999588012695, 22.823999404907227] joint_vel=[259.9200134277344, 0.27000001072883606, -314.1000061035156, 54.18000030517578, 151.1999969482422, 37.97999954223633] imu_ang_vel=[1.367049217224121, 3.296342611312866, 0.9658690094947815] imu_quat_wxyz=[-0.6175424456596375, -0.1351945847272873, 0.10788193345069885, -0.7672843337059021] status=0x8103
joint_pos=[5.687999725341797, -5.615999698638916, 17.13599967956543, 19.332000732421875, -23.29199981689453, 23.148000717163086] joint_vel=[-184.8599853515625, -332.82000732421875, 201.60000610351562, 35.54999923706055, 507.4200134277344, 9.270000457763672] imu_ang_vel=[1.4836957454681396, -2.4289207458496094, -0.5894169211387634] imu_quat_wxyz=[-0.6154814958572388, -0.12241844087839127, 0.09427175670862198, -0.7728578448295593] status=0x8103
joint_pos=[9.071999549865723, -15.04800033569336, 14.184000015258789, 18.576000213623047, -11.44800090789795, 17.38800048828125] joint_vel=[314.19000244140625, -584.3699951171875, -303.8399963378906, -88.91999816894531, 568.8900146484375, -453.1499938964844] imu_ang_vel=[-1.2742736339569092, 3.5786373615264893, 1.5064905881881714] imu_quat_wxyz=[-0.6078894138336182, -0.13155998289585114, 0.07369036972522736, -0.7795718312263489] status=0x8103
joint_pos=[15.335999488830566, -26.20800018310547, 8.244000434875488, 18.288000106811523, -0.7200000286102295, 6.839999675750732] joint_vel=[225.08999633789062, -542.969970703125, -178.3800048828125, 4.5, 466.0199890136719, -532.8900146484375] imu_ang_vel=[-2.3991928100585938, 4.709415435791016, 1.6353875398635864] imu_quat_wxyz=[-0.5956436395645142, -0.09336619824171066, 0.06107029691338539, -0.7954633235931396] status=0x8103
joint_pos=[13.932000160217285, -25.847999572753906, 11.411999702453613, 18.79199981689453, -2.4119999408721924, 3.384000062942505] joint_vel=[-79.19999694824219, 342.0, 298.16998291015625, 28.350000381469727, -355.32000732421875, 116.63999938964844] imu_ang_vel=[2.316732406616211, -3.946922540664673, 0.023642653599381447] imu_quat_wxyz=[-0.5924908518791199, -0.07648812979459763, 0.0723687931895256, -0.7986658215522766] status=0x8103
joint_pos=[9.61199951171875, -22.643999099731445, 9.82800006866455, 17.784000396728516, -11.375999450683594, 1.2599999904632568] joint_vel=[-223.74000549316406, 87.02999877929688, -309.41998291015625, -68.48999786376953, -480.9599914550781, -260.9100036621094] imu_ang_vel=[1.123636245727539, -2.901898145675659, -1.3111335039138794] imu_quat_wxyz=[-0.591669499874115, -0.12218554317951202, 0.0670895203948021, -0.7940383553504944] status=0x8103
joint_pos=[5.940000057220459, -16.812000274658203, 1.7280000448226929, 12.491999626159668, -20.95199966430664, -5.544000148773193] joint_vel=[-80.37000274658203, 407.9700012207031, -433.0799865722656, -353.3399963378906, -452.8800048828125, -365.0400085449219] imu_ang_vel=[-2.765111207962036, -5.377039909362793, 1.374930500984192] imu_quat_wxyz=[-0.59264075756073, -0.1442963033914566, 0.08985181897878647, -0.7873260974884033] status=0x8103
joint_pos=[2.7720000743865967, -7.883999824523926, 1.7280000448226929, 16.200000762939453, -20.95199966430664, -5.544000148773193] joint_vel=[-170.5500030517578, 383.8499755859375, -433.0799865722656, 0.7200000286102295, -452.8800048828125, -365.0400085449219] imu_ang_vel=[-3.2407515048980713, 2.417499303817749, 2.141920804977417] imu_quat_wxyz=[-0.5760103464126587, -0.15986372530460358, 0.09289330989122391, -0.7962577939033508] status=0x8103
joint_pos=[1.0440000295639038, -1.0800000429153442, -2.6640000343322754, 16.200000762939453, 2.124000072479248, 4.427999973297119] joint_vel=[6.210000038146973, 185.6699981689453, 0.0, 0.0, -0.0, -0.0] imu_ang_vel=[1.8501465320587158, -1.161788821220398, 0.7767845988273621] imu_quat_wxyz=[-0.5721708536148071, -0.12078265100717545, 0.11873865872621536, -0.8024545907974243] status=0x8103
joint_pos=[6.839999675750732, -0.1080000028014183, 1.2599999904632568, 10.980000495910645, 0.1080000028014183, 4.427999973297119] joint_vel=[423.1800231933594, -2.3400001525878906, 214.739990234375, 52.470001220703125, -154.62001037597656, -0.0] imu_ang_vel=[5.74794864654541, 5.650576114654541, 1.478793740272522] imu_quat_wxyz=[-0.56709885597229, -0.12322337180376053, 0.09276020526885986, -0.8090801239013672] status=0x8303
joint_pos=[5.687999725341797, -4.751999855041504, 6.624000072479248, 10.187999725341797, 0.1080000028014183, -3.419999837875366] joint_vel=[-245.16000366210938, -334.71002197265625, 128.4300079345703, -3.3299999237060547, -154.62001037597656, 127.79999542236328] imu_ang_vel=[-0.2505545914173126, -2.718139886856079, 0.565862238407135] imu_quat_wxyz=[-0.5556091666221619, -0.09760388731956482, 0.10049968957901001, -0.8195558786392212] status=0x8303
joint_pos=[4.860000133514404, -8.279999732971191, 7.452000141143799, 9.468000411987305, 0.1080000028014183, -3.5280001163482666] joint_vel=[-63.18000030517578, -96.1199951171875, 6.929999828338623, -35.54999923706055, -154.62001037597656, -5.940000057220459] imu_ang_vel=[-0.6457676887512207, -1.1031992435455322, 0.49022844433784485] imu_quat_wxyz=[-0.5556156039237976, -0.10697009414434433, 0.1056174784898758, -0.8177370429039001] status=0x8303
joint_pos=[4.3919997215271, -14.112000465393066, 2.7720000743865967, 12.743999481201172, -24.91200065612793, 1.0440000295639038] joint_vel=[33.75, -421.6499938964844, -369.45001220703125, 175.41000366210938, 673.2899780273438, 367.8299865722656] imu_ang_vel=[-0.08650389313697815, 0.8547565937042236, -1.0352301597595215] imu_quat_wxyz=[-0.5575276017189026, -0.10841710865497589, 0.09351785480976105, -0.8177183270454407] status=0x8303
joint_pos=[6.875999927520752, -13.679999351501465, 4.427999973297119, 15.371999740600586, -22.31999969482422, 11.484000205993652] joint_vel=[78.93000030517578, 283.5899963378906, 352.0799865722656, 106.73999786376953, -186.12001037597656, 576.719970703125] imu_ang_vel=[2.0520143508911133, 0.19961898028850555, 0.015120545402169228] imu_quat_wxyz=[-0.5634576678276062, -0.1005614846944809, 0.08991526067256927, -0.815057098865509] status=0x8303
joint_pos=[5.579999923706055, -5.363999843597412, 13.032000541687012, 16.992000579833984, -30.347999572753906, 22.607999801635742] joint_vel=[-20.8799991607666, 429.3899841308594, 449.0999755859375, 65.15999603271484, -499.40997314453125, 538.3800048828125] imu_ang_vel=[1.2850239276885986, -0.5695018768310547, -0.6027327179908752] imu_quat_wxyz=[-0.563559889793396, -0.11038756370544434, 0.09161518514156342, -0.8135241270065308] status=0x8303
joint_pos=[4.680000305175781, -1.403999924659729, 13.500000953674316, 16.739999771118164, -33.156002044677734, 23.7239990234375] joint_vel=[-39.150001525878906, 77.48999786376953, -215.9099884033203, 7.019999980926514, -16.739999771118164, -257.489990234375] imu_ang_vel=[0.0365341380238533, -0.03314126282930374, -0.2751639783382416] imu_quat_wxyz=[-0.5669453144073486, -0.11563607305288315, 0.0904737114906311, -0.8105650544166565] status=0x8303
joint_pos=[3.5999999046325684, -1.2599999904632568, 15.408000946044922, 16.847999572753906, -29.016000747680664, 23.003999710083008] joint_vel=[-49.22999954223633, -17.639999389648438, 267.6600036621094, 5.309999942779541, 278.010009765625, 51.38999938964844] imu_ang_vel=[0.6479958891868591, 0.07871149480342865, -0.2788924276828766] imu_quat_wxyz=[-0.569494366645813, -0.11007308214902878, 0.08971824496984482, -0.8096362352371216] status=0x8303
joint_pos=[3.563999891281128, -1.7280000448226929, 19.583999633789062, 16.488000869750977, -21.168001174926758, 26.172000885009766] joint_vel=[-9.0, -19.350000381469727, 112.59000396728516, -21.239999771118164, 470.969970703125, 132.92999267578125] imu_ang_vel=[1.3792998790740967, 0.4105413556098938, -0.8642551302909851] imu_quat_wxyz=[-0.5731995105743408, -0.11585875600576401, 0.08018842339515686, -0.8072106838226318] status=0x8303
joint_pos=[3.0239999294281006, -2.0160000324249268, 15.767999649047852, 16.739999771118164, -21.168001174926758, 26.856000900268555] joint_vel=[-22.229999542236328, -4.680000305175781, -364.7699890136719, 19.079999923706055, -297.80999755859375, -8.550000190734863] imu_ang_vel=[0.8242971301078796, 0.1415620893239975, -0.9574658274650574] imu_quat_wxyz=[-0.5805194973945618, -0.11605676263570786, 0.07207422703504562, -0.8027037382125854] status=0x8303
joint_pos=[2.3400001525878906, -2.0160000324249268, 12.276000022888184, 17.38800048828125, -29.988000869750977, 21.131999969482422] joint_vel=[-46.17000198364258, 0.0, -128.8800048828125, 41.7599983215332, -491.5799865722656, -417.510009765625] imu_ang_vel=[0.057839423418045044, 0.12984417378902435, -0.343873530626297] imu_quat_wxyz=[-0.5867661237716675, -0.11432786285877228, 0.06999920308589935, -0.7985830903053284] status=0x8303
joint_pos=[1.8360000848770142, -6.76800012588501, 5.4720001220703125, 17.604000091552734, -29.808000564575195, 9.86400032043457] joint_vel=[-8.550000190734863, -364.5000305175781, -452.3399963378906, -3.5999999046325684, 304.6499938964844, -617.9400024414062] imu_ang_vel=[-0.6223318576812744, 0.9437061548233032, -0.27676188945770264] imu_quat_wxyz=[-0.5882114171981812, -0.11605848371982574, 0.06270156055688858, -0.797876238822937] status=0x8303
joint_pos=[1.944000005722046, -13.46399974822998, -0.25200000405311584, 17.280000686645508, -20.304000854492188, -1.2960000038146973] joint_vel=[29.15999984741211, -198.90000915527344, 12.24000072479248, -36.900001525878906, 517.3200073242188, -538.469970703125] imu_ang_vel=[1.3958113193511963, 0.022252481430768967, -0.8738425374031067] imu_quat_wxyz=[-0.5910512208938599, -0.10745219886302948, 0.06542108952999115, -0.7967638969421387] status=0x8303
joint_pos=[2.303999900817871, -13.067999839782715, -0.2160000056028366, 16.884000778198242, -19.152000427246094, -0.4320000112056732] joint_vel=[1.9800000190734863, 46.97999954223633, -37.349998474121094, 8.100000381469727, -228.77999877929688, 358.8299865722656] imu_ang_vel=[0.7827518582344055, -0.04379390552639961, -0.320970356464386] imu_quat_wxyz=[-0.5957046151161194, -0.1259109377861023, 0.046009842306375504, -0.7919378280639648] status=0x8303
joint_pos=[2.1600000858306885, -7.52400016784668, 2.124000072479248, 17.027999877929688, -28.079999923706055, 5.328000068664551] joint_vel=[-3.690000057220459, 389.52001953125, 116.54999542236328, 7.380000114440918, -548.4599609375, 188.5500030517578] imu_ang_vel=[-0.08277546614408493, 0.025980908423662186, -0.3678419888019562] imu_quat_wxyz=[-0.5979267954826355, -0.12425322830677032, 0.04639053717255592, -0.7905015349388123] status=0x8303
joint_pos=[1.871999979019165, -2.0880000591278076, 8.675999641418457, 17.38800048828125, -38.48400115966797, 12.780000686645508] joint_vel=[-15.300000190734863, 144.5399932861328, 462.5999755859375, 33.38999938964844, -439.9200134277344, 491.1299743652344] imu_ang_vel=[-3.832505941390991, 0.7263922691345215, -0.6288317441940308] imu_quat_wxyz=[-0.6011641621589661, -0.12295401096343994, 0.04525672644376755, -0.7883120179176331] status=0x8303
joint_pos=[1.871999979019165, -0.972000002861023, 16.45199966430664, 17.784000396728516, -38.447998046875, 21.996000289916992] joint_vel=[15.119999885559082, 8.819999694824219, 350.9100036621094, 28.619998931884766, 237.4199981689453, 423.3599853515625] imu_ang_vel=[1.9902288913726807, -1.9639328718185425, -1.0682533979415894] imu_quat_wxyz=[-0.6064698100090027, -0.12433235347270966, 0.05549106374382973, -0.7833623886108398] status=0x8303
joint_pos=[1.7640000581741333, -1.2599999904632568, 24.408000946044922, 18.0, -35.53200149536133, 26.099998474121094] joint_vel=[-23.579999923706055, -30.420000076293945, 417.2400207519531, -7.289999961853027, 96.38999938964844, 101.87999725341797] imu_ang_vel=[-2.020491361618042, -1.1932141780853271, -0.3752988278865814] imu_quat_wxyz=[-0.609453022480011, -0.14595939218997955, 0.0570296011865139, -0.7771812677383423] status=0x8303
joint_pos=[1.3320000171661377, -5.868000030517578, 22.716001510620117, 14.508000373840332, -27.288000106811523, 20.520000457763672] joint_vel=[-34.290000915527344, -344.8800048828125, -339.4800109863281, -175.3199920654297, 616.9500122070312, -491.22003173828125] imu_ang_vel=[-0.3112746477127075, -1.439290165901184, 0.7410982251167297] imu_quat_wxyz=[-0.6087231636047363, -0.1433025300502777, 0.07659855484962463, -0.7765650153160095] status=0x8303
joint_pos=[0.828000009059906, -5.076000213623047, 22.211999893188477, 16.055999755859375, -18.468000411987305, 18.540000915527344] joint_vel=[-16.829999923706055, 214.02000427246094, 170.27999877929688, -8.730000495910645, 216.08999633789062, 175.58999633789062] imu_ang_vel=[-2.5893425941467285, 3.9695894718170166, 0.22124917805194855] imu_quat_wxyz=[-0.6064155697822571, -0.14489266276359558, 0.06674332916736603, -0.7789811491966248] status=0x8303
joint_pos=[3.312000036239624, -6.696000099182129, 18.720001220703125, 16.59600067138672, -11.95199966430664, 17.064001083374023] joint_vel=[108.18000030517578, -166.41000366210938, -372.1500244140625, 35.0099983215332, 385.1099853515625, -197.27999877929688] imu_ang_vel=[0.07701417803764343, 1.5370583534240723, 0.503544270992279] imu_quat_wxyz=[-0.6066117286682129, -0.11757512390613556, 0.06374894082546234, -0.783667266368866] status=0x8303
joint_pos=[8.064000129699707, -10.51200008392334, 11.411999702453613, 17.423999786376953, -7.48799991607666, 17.171998977661133] joint_vel=[239.22000122070312, -136.52999877929688, -240.66000366210938, 35.279998779296875, 74.61000061035156, 29.249998092651367] imu_ang_vel=[-2.0183608531951904, 1.7112290859222412, -0.1526585966348648] imu_quat_wxyz=[-0.602979302406311, -0.10439268499612808, 0.05271074175834656, -0.789138674736023] status=0x8303
joint_pos=[8.17199993133545, -16.45199966430664, 3.815999984741211, 13.7160005569458, -10.692000389099121, 10.727999687194824] joint_vel=[-65.87999725341797, -393.92999267578125, -482.1299743652344, -225.0, -197.19000244140625, -492.3900146484375] imu_ang_vel=[-1.7834700345993042, -2.1695289611816406, 2.748589038848877] imu_quat_wxyz=[-0.6047590374946594, -0.09661809355020523, 0.07402104139328003, -0.7870528697967529] status=0x8303
joint_pos=[5.615999698638916, -23.652000427246094, -1.5480000972747803, 6.948000431060791, -13.176000595092773, 0.5400000214576721] joint_vel=[-70.0199966430664, -217.88999938964844, -169.74000549316406, -403.91998291015625, -83.43000030517578, -416.7900085449219] imu_ang_vel=[-2.090266227722168, -5.190618991851807, 1.7573603391647339] imu_quat_wxyz=[-0.5844912528991699, -0.12215210497379303, 0.09564918279647827, -0.7964296340942383] status=0x8303
joint_pos=[1.0440000295639038, -19.6560001373291, -3.2760000228881836, 0.4320000112056732, -18.0, -3.7080001831054688] joint_vel=[-308.3399963378906, 419.94000244140625, -51.480003356933594, -199.25999450683594, -290.1600036621094, -218.3400115966797] imu_ang_vel=[4.180412769317627, -2.12851619720459, 2.4929254055023193] imu_quat_wxyz=[-0.5606662034988403, -0.155402272939682, 0.13983221352100372, -0.8012181520462036] status=0x8303
joint_pos=[3.563999891281128, -16.812000274658203, 1.7999999523162842, 0.3959999978542328, -15.335999488830566, -0.0] joint_vel=[327.1499938964844, 19.170000076293945, 427.67999267578125, 60.21000289916992, 361.79998779296875, 428.2200012207031] imu_ang_vel=[-0.08224282413721085, 2.3365392684936523, 0.628180205821991] imu_quat_wxyz=[-0.5410881042480469, -0.17711897194385529, 0.11331233382225037, -0.8142560720443726] status=0x8303
joint_pos=[11.052000045776367, -16.739999771118164, 13.032000541687012, 7.199999809265137, -6.192000389099121, 11.592000007629395] joint_vel=[430.3800048828125, -11.699999809265137, 585.5399780273438, 502.739990234375, 463.22998046875, 603.5399780273438] imu_ang_vel=[-1.0873198509216309, 3.303266763687134, 1.2785240411758423] imu_quat_wxyz=[-0.5378693342208862, -0.14648602902889252, 0.09751758724451065, -0.8244565725326538] status=0x8303
joint_pos=[12.0600004196167, -11.880000114440918, 23.940000534057617, 12.636000633239746, 1.187999963760376, 22.8960018157959] joint_vel=[-66.41999816894531, 398.2500305175781, 513.8099975585938, 150.02999877929688, 211.13999938964844, 522.989990234375] imu_ang_vel=[-0.6372455954551697, -1.7807073593139648, -4.227827072143555] imu_quat_wxyz=[-0.5338982939720154, -0.12134142965078354, 0.10973087698221207, -0.829571008682251] status=0x8303
joint_pos=[8.96399974822998, -9.251999855041504, 23.976001739501953, 14.97599983215332, -5.003999710083008, 25.45199966430664] joint_vel=[-216.00001525878906, 34.82999801635742, -276.6600036621094, 129.60000610351562, -583.2899780273438, -17.280000686645508] imu_ang_vel=[-0.5829170942306519, 0.9745988249778748, -2.3066229820251465] imu_quat_wxyz=[-0.5471842885017395, -0.12578070163726807, 0.11161298304796219, -0.8199458718299866] status=0x8303
joint_pos=[6.479999542236328, -11.77199935913086, 12.67199993133545, 15.58799934387207, -11.627999305725098, 18.215999603271484] joint_vel=[-52.380001068115234, -112.40999603271484, -701.1900024414062, -3.509999990463257, -156.14999389648438, -544.4099731445312] imu_ang_vel=[0.34013447165489197, -0.04485916346311569, -1.0133922100067139] imu_quat_wxyz=[-0.5528067946434021, -0.13977086544036865, 0.10145141929388046, -0.815215528011322] status=0x8303
joint_pos=[6.839999675750732, -7.955999851226807, 10.47599983215332, 13.896000862121582, -8.279999732971191, 15.408000946044922] joint_vel=[-12.600000381469727, 346.8600158691406, 180.45001220703125, -37.97999954223633, 341.2799987792969, 162.0] imu_ang_vel=[-3.2556653022766113, 0.7194679975509644, 0.38902831077575684] imu_quat_wxyz=[-0.5530571937561035, -0.14149023592472076, 0.08794497698545456, -0.8163173198699951] status=0x8303
joint_pos=[11.34000015258789, -10.007999420166016, 17.496000289916992, 10.043999671936035, -3.419999837875366, 12.743999481201172] joint_vel=[269.7300109863281, -384.2099914550781, 420.02996826171875, -252.0900115966797, 157.5, -317.70001220703125] imu_ang_vel=[2.326852321624756, 1.4012372493743896, 5.13424825668335] imu_quat_wxyz=[-0.545983612537384, -0.12309816479682922, 0.10959814488887787, -0.8214238286018372] status=0x8303
joint_pos=[16.739999771118164, -21.09600067138672, 24.51599884033203, 4.176000118255615, -1.440000057220459, 5.111999988555908] joint_vel=[314.010009765625, -645.47998046875, 220.3199920654297, -336.510009765625, 66.41999816894531, -317.1600036621094] imu_ang_vel=[1.5225778818130493, 2.0920610427856445, 4.705479621887207] imu_quat_wxyz=[-0.5281174778938293, -0.1199527233839035, 0.10526677221059799, -0.8340396881103516] status=0x8303
joint_pos=[20.520000457763672, -23.579999923706055, 20.26799964904785, 0.7919999957084656, -4.751999855041504, -2.3400001525878906] joint_vel=[106.3800048828125, 128.61000061035156, -454.1400146484375, -91.44000244140625, -240.47999572753906, -405.7200012207031] imu_ang_vel=[-1.916628122329712, 3.028428316116333, -0.12176594138145447] imu_quat_wxyz=[-0.47789520025253296, -0.09526532888412476, 0.08796629309654236, -0.868793785572052] status=0x8303
joint_pos=[20.736000061035156, -16.3799991607666, 9.0, 1.2239999771118164, -7.883999824523926, -1.403999924659729] joint_vel=[-113.66999816894531, 448.20001220703125, -553.1400146484375, 120.42000579833984, -55.26000213623047, 284.30999755859375] imu_ang_vel=[0.4184314012527466, 1.8289408683776855, -1.3255146741867065] imu_quat_wxyz=[-0.4884960651397705, -0.08194564282894135, 0.0738070011138916, -0.8655686974525452] status=0x8303
joint_pos=[16.416000366210938, -10.872000694274902, 0.2879999876022339, 6.192000389099121, -6.4079999923706055, 5.832000255584717] joint_vel=[-274.67999267578125, 185.22000122070312, -411.84002685546875, 319.1400146484375, 71.45999908447266, 375.1200256347656] imu_ang_vel=[0.7928718328475952, 1.7634270191192627, -4.645943641662598] imu_quat_wxyz=[-0.5125269293785095, -0.07184135168790817, 0.060879603028297424, -0.8534920811653137] status=0x8303
joint_pos=[15.911999702453613, -13.392000198364258, 0.2879999876022339, 4.211999893188477, -9.899999618530273, 5.832000255584717] joint_vel=[167.0399932861328, -272.42999267578125, -411.84002685546875, -2.430000066757202, -285.8399963378906, 375.1200256347656] imu_ang_vel=[5.57218074798584, 0.2390337735414505, -3.601451873779297] imu_quat_wxyz=[-0.5349240899085999, -0.08049041777849197, 0.04126864671707153, -0.8400443196296692] status=0x8303
joint_pos=[18.0, -19.763999938964844, -2.6640000343322754, 4.211999893188477, -13.176000595092773, 4.427999973297119] joint_vel=[103.59000396728516, -313.2900085449219, 0.0, 0.0, -77.8499984741211, -0.0] imu_ang_vel=[-0.6148750185966492, 0.7492954134941101, 1.9363247156143188] imu_quat_wxyz=[-0.5253369808197021, -0.08514149487018585, 0.02136102132499218, -0.8463544249534607] status=0x8303
joint_pos=[16.488000869750977, -20.987998962402344, -2.6640000343322754, 4.211999893188477, -13.176000595092773, 4.427999973297119] joint_vel=[-244.6199951171875, 0.0, 0.0, 0.0, -77.8499984741211, -0.0] imu_ang_vel=[-2.011436700820923, -2.0646004676818848, -1.3020788431167603] imu_quat_wxyz=[-0.5123845338821411, -0.07811500877141953, 0.032052770256996155, -0.8545951843261719] status=0x8303
joint_pos=[11.375999450683594, -22.392000198364258, -2.375999927520752, 4.283999919891357, -13.176000595092773, 7.452000141143799] joint_vel=[-321.57000732421875, -52.02000045776367, -69.56999969482422, -229.5, -77.8499984741211, 250.11000061035156] imu_ang_vel=[-0.18344295024871826, -3.4478461742401123, -1.4501506090164185] imu_quat_wxyz=[-0.520550012588501, -0.09610262513160706, 0.055798307061195374, -0.846568763256073] status=0x8303
joint_pos=[10.116000175476074, -24.33599853515625, -2.375999927520752, -0.1080000028014183, -9.180000305175781, 8.244000434875488] joint_vel=[-39.33000183105469, -206.09999084472656, -69.56999969482422, -163.52999877929688, -99.9000015258789, 164.8800048828125] imu_ang_vel=[-0.5685359835624695, 2.3013856410980225, 5.193370819091797] imu_quat_wxyz=[-0.5333398580551147, -0.11447995901107788, 0.05837743356823921, -0.836083173751831] status=0x8303
joint_pos=[13.572000503540039, -30.347999572753906, -5.328000068664551, 0.6840000152587891, -5.111999988555908, 15.731999397277832] joint_vel=[294.57000732421875, -364.1400146484375, 651.510009765625, 35.63999938964844, 351.80999755859375, 477.3599853515625] imu_ang_vel=[-3.247143030166626, 2.5336129665374756, 3.040471315383911] imu_quat_wxyz=[-0.506138801574707, -0.09467373043298721, 0.05017002299427986, -0.8557705879211426] status=0x8303
joint_pos=[17.711999893188477, -35.06399917602539, 5.940000057220459, 1.1519999504089355, 1.4759999513626099, 24.588001251220703] joint_vel=[130.22999572753906, -87.20999908447266, 597.6900024414062, 7.110000133514404, 206.72999572753906, 313.91998291015625] imu_ang_vel=[-1.5666887760162354, -0.9817591309547424, 3.3419411182403564] imu_quat_wxyz=[-0.49367082118988037, -0.07769208401441574, 0.05090947449207306, -0.8646740913391113] status=0x8303
joint_pos=[16.59600067138672, -29.411998748779297, 7.452000141143799, 0.035999998450279236, 2.9160001277923584, 23.075998306274414] joint_vel=[-156.60000610351562, 493.91998291015625, -213.20999145507812, -195.20999145507812, 11.15999984741211, -296.19000244140625] imu_ang_vel=[-0.9024963974952698, -2.6174724102020264, -0.13188594579696655] imu_quat_wxyz=[-0.46998530626296997, -0.08445568382740021, 0.055430278182029724, -0.8768744468688965] status=0x8303
joint_pos=[10.763999938964844, -18.143999099731445, 3.5280001163482666, -2.555999994277954, -2.0880000591278076, 13.248000144958496] joint_vel=[-343.2599792480469, 578.1599731445312, -166.77000427246094, -147.60000610351562, -376.4700012207031, -547.2000122070312] imu_ang_vel=[0.039197295904159546, -2.1636698246002197, -2.4269979000091553] imu_quat_wxyz=[-0.4739932417869568, -0.10401564836502075, 0.06995092332363129, -0.8715606927871704] status=0x8303
joint_pos=[6.624000072479248, -6.803999900817871, 0.5759999752044678, -3.6720001697540283, -3.419999837875366, 7.8480000495910645] joint_vel=[-137.52000427246094, 549.27001953125, -174.77999877929688, -2.25, 40.31999969482422, -145.97999572753906] imu_ang_vel=[1.4533356428146362, -0.845937967300415, -1.099678635597229] imu_quat_wxyz=[-0.490349143743515, -0.11850834637880325, 0.07793448120355606, -0.8599068522453308] status=0x8303
joint_pos=[9.64799976348877, -3.419999837875366, 3.8520002365112305, 0.8640000224113464, -7.056000232696533, 11.916000366210938] joint_vel=[224.72999572753906, 20.520000457763672, 361.3499755859375, 373.22998046875, -246.78001403808594, 383.4900207519531] imu_ang_vel=[-0.7799909710884094, 5.000765323638916, -0.22030287981033325] imu_quat_wxyz=[-0.49924516677856445, -0.12475962936878204, 0.03981293365359306, -0.8565070033073425] status=0x8303
joint_pos=[14.32800006866455, -6.300000190734863, 13.607999801635742, 7.704000473022461, -6.335999965667725, 20.628000259399414] joint_vel=[143.82000732421875, -147.77999877929688, 504.989990234375, 255.239990234375, 95.66999816894531, 331.2900085449219] imu_ang_vel=[1.3761039972305298, 0.6832489967346191, 0.503544270992279] imu_quat_wxyz=[-0.5054877400398254, -0.08735331892967224, 0.027292102575302124, -0.8579666614532471] status=0x8303
joint_pos=[12.85200023651123, -3.74399995803833, 23.50800132751465, 14.039999961853027, -12.491999626159668, 25.055999755859375] joint_vel=[-68.30999755859375, 274.5899963378906, 450.6300048828125, 87.93000030517578, -563.760009765625, 117.36000061035156] imu_ang_vel=[0.8610487580299377, -1.6592671871185303, -1.8517552614212036] imu_quat_wxyz=[-0.5186339616775513, -0.09648734331130981, 0.018269792199134827, -0.8493381142616272] status=0x8303
joint_pos=[8.604000091552734, -6.443999767303467, 22.57200050354004, 16.631999969482422, -21.02400016784668, 20.591999053955078] joint_vel=[-231.2100067138672, -349.4700012207031, -316.44000244140625, 59.220001220703125, -222.8400115966797, -415.5299987792969] imu_ang_vel=[1.1550616025924683, -1.8867011070251465, -2.2224669456481934] imu_quat_wxyz=[-0.5386152863502502, -0.12033771723508835, 0.01936066895723343, -0.8336891531944275] status=0x8303
joint_pos=[4.9679999351501465, -16.70400047302246, 12.347999572753906, 17.5679988861084, -22.751998901367188, 10.007999420166016] joint_vel=[-136.52999877929688, -585.8099975585938, -647.6400146484375, 46.79999923706055, -8.369999885559082, -635.4000244140625] imu_ang_vel=[-0.9509658813476562, -0.2632383406162262, -1.4160621166229248] imu_quat_wxyz=[-0.5558302402496338, -0.13576781749725342, 0.024535242468118668, -0.8197669982910156] status=0x8303
joint_pos=[3.74399995803833, -18.720001220703125, 12.347999572753906, 18.576000213623047, -21.63599967956543, 10.007999420166016] joint_vel=[-85.58999633789062, 182.33999633789062, -647.6400146484375, 92.87999725341797, 62.81999969482422, -635.4000244140625] imu_ang_vel=[0.18194270133972168, -1.1804308891296387, 0.30913349986076355] imu_quat_wxyz=[-0.5649717450141907, -0.125853031873703, 0.027479184791445732, -0.8149926066398621] status=0x8303
joint_pos=[3.815999984741211, -9.720000267028809, 0.0, 20.15999984741211, -24.91200065612793, -0.0] joint_vel=[-8.010000228881836, 548.010009765625, 0.0, 30.059999465942383, -301.04998779296875, -0.0] imu_ang_vel=[-0.04921964183449745, 0.7455669641494751, 0.9110078811645508] imu_quat_wxyz=[-0.5614086389541626, -0.13744083046913147, 0.02258085273206234, -0.8157330751419067] status=0x8303
joint_pos=[6.01200008392334, -6.839999675750732, -2.2320001125335693, 20.483999252319336, -31.031999588012695, 6.803999900817871] joint_vel=[88.20000457763672, -1.9800000190734863, 166.67999267578125, 7.019999980926514, -193.77000427246094, 121.40999603271484] imu_ang_vel=[-1.498511791229248, 1.6632921695709229, 2.286796808242798] imu_quat_wxyz=[-0.5506480932235718, -0.11999962478876114, 0.020230242982506752, -0.8258192539215088] status=0x8303
joint_pos=[3.563999891281128, -2.880000114440918, -2.2320001125335693, 20.8439998626709, -37.11600112915039, 13.7160005569458] joint_vel=[-95.58000183105469, 283.77001953125, 166.67999267578125, 0.0, -380.8799743652344, 431.3700256347656] imu_ang_vel=[1.0309584140777588, -3.2214772701263428, -0.8946151733398438] imu_quat_wxyz=[-0.5401864051818848, -0.11437886208295822, 0.03912417218089104, -0.832817792892456] status=0x8303
joint_pos=[2.2679998874664307, -1.2239999771118164, -2.2320001125335693, 19.40399932861328, -38.880001068115234, 22.788000106811523] joint_vel=[-49.86000061035156, 6.210000038146973, 166.67999267578125, -45.36000061035156, 0.09000000357627869, 423.72003173828125] imu_ang_vel=[2.156409978866577, -1.9580738544464111, -0.13508173823356628] imu_quat_wxyz=[-0.5417185425758362, -0.1383143663406372, 0.04469902068376541, -0.827896237373352] status=0x8303
joint_pos=[1.2599999904632568, -6.01200008392334, 10.116000175476074, 19.152000427246094, -38.987998962402344, 25.740001678466797] joint_vel=[-83.33999633789062, -370.16998291015625, -472.5, 3.1500000953674316, 11.430000305175781, 58.04999923706055] imu_ang_vel=[-0.7789257168769836, 0.4861751198768616, 0.8545488715171814] imu_quat_wxyz=[-0.5409979820251465, -0.15494750440120697, 0.039725739508867264, -0.8256720304489136] status=0x8303
joint_pos=[0.07199999690055847, -5.687999725341797, 10.223999977111816, 19.440000534057617, -41.11199951171875, 26.711997985839844] joint_vel=[-39.959999084472656, 225.8100128173828, 269.010009765625, 12.24000072479248, -86.66999816894531, 4.409999847412109] imu_ang_vel=[-1.513425588607788, 1.0726031064987183, 0.7501529455184937] imu_quat_wxyz=[-0.53675776720047, -0.14493030309677124, 0.04407478868961334, -0.830026388168335] status=0x8303
joint_pos=[-0.36000001430511475, -2.303999900817871, 17.892000198364258, 19.619998931884766, -37.2239990234375, 26.387998580932617] joint_vel=[-8.819999694824219, 85.68000030517578, 388.3500061035156, 7.289999961853027, 338.30999755859375, -18.0] imu_ang_vel=[0.6639748215675354, -0.43155011534690857, 0.8401678204536438] imu_quat_wxyz=[-0.5321753025054932, -0.12516801059246063, 0.05461050942540169, -0.8355478644371033] status=0x8303
joint_pos=[-0.25200000405311584, -2.303999900817871, 17.100000381469727, 19.691999435424805, -29.196001052856445, 19.72800064086914] joint_vel=[18.26999855041504, -11.15999984741211, -285.0299987792969, 0.0, 447.2099914550781, -512.0999755859375] imu_ang_vel=[2.330580949783325, -0.2920004725456238, 0.2883608639240265] imu_quat_wxyz=[-0.5296585559844971, -0.12689313292503357, 0.05605754256248474, -0.8367899656295776] status=0x8303
joint_pos=[-0.3240000009536743, -6.624000072479248, 8.136000633239746, 19.583999633789062, -27.756000518798828, 8.423999786376953] joint_vel=[-2.880000114440918, -274.0500183105469, -483.2099914550781, -16.829999923706055, -88.29000091552734, -549.3599853515625] imu_ang_vel=[0.04505625367164612, 1.5157530307769775, 0.11525538563728333] imu_quat_wxyz=[-0.5263033509254456, -0.1308901458978653, 0.048744335770606995, -0.8387470245361328] status=0x8303
joint_pos=[-0.3240000009536743, -9.180000305175781, 4.139999866485596, 19.29599952697754, -28.836000442504883, -0.1080000028014183] joint_vel=[1.440000057220459, -45.09000015258789, 107.7300033569336, -19.079999923706055, -40.95000076293945, -252.80999755859375] imu_ang_vel=[3.458163022994995, 0.7652744054794312, -0.2884797751903534] imu_quat_wxyz=[-0.5279518365859985, -0.12509401142597198, 0.044067997485399246, -0.8388542532920837] status=0x8303
joint_pos=[-0.25200000405311584, -5.97599983215332, 1.0080000162124634, 18.86400032043457, -26.604000091552734, 3.1679999828338623] joint_vel=[3.690000057220459, 198.72000122070312, -243.17999267578125, -6.569999694824219, 101.06999969482422, 416.6100158691406] imu_ang_vel=[-2.213304281234741, 1.513089895248413, 0.6377676129341125] imu_quat_wxyz=[-0.5267069339752197, -0.1283903270959854, 0.02500188909471035, -0.8399230241775513] status=0x8303
joint_pos=[1.619999885559082, -8.315999984741211, 0.14399999380111694, 18.720001220703125, -30.816001892089844, 13.104000091552734] joint_vel=[65.15999603271484, -238.58999633789062, 9.989999771118164, 5.670000076293945, -386.72998046875, 503.1000061035156] imu_ang_vel=[-0.12911446392536163, -0.027814939618110657, 0.8998225927352905] imu_quat_wxyz=[-0.5235806107521057, -0.11296869069337845, 0.02802831120789051, -0.8439880013465881] status=0x8303
joint_pos=[0.7559999823570251, -6.228000164031982, 6.659999847412109, 19.04400062561035, -30.347999572753906, 22.0679988861084] joint_vel=[-9.180000305175781, 273.4200134277344, 501.0299987792969, 13.139999389648438, 255.59999084472656, 316.9800109863281] imu_ang_vel=[-0.43910637497901917, -0.6653756499290466, 0.689965546131134] imu_quat_wxyz=[-0.5171636939048767, -0.11506098508834839, 0.03264352306723595, -0.8474887013435364] status=0x8303
joint_pos=[0.6840000152587891, -7.056000232696533, 7.4160003662109375, 19.260000228881836, -22.211999893188477, 19.40399932861328] joint_vel=[-7.110000133514404, -162.5399932861328, -236.79000854492188, 0.6299999952316284, 472.04998779296875, -409.67999267578125] imu_ang_vel=[0.7486633658409119, -0.44167011976242065, 0.08915641158819199] imu_quat_wxyz=[-0.5121368765830994, -0.11856119334697723, 0.04278342425823212, -0.8496050834655762] status=0x8303
joint_pos=[-0.07199999690055847, -4.464000225067139, 10.295999526977539, 19.260000228881836, -22.968000411987305, 18.720001220703125] joint_vel=[-51.93000030517578, 227.33999633789062, 375.21002197265625, 3.9600000381469727, -323.72998046875, 205.2899932861328] imu_ang_vel=[1.5273715257644653, -1.1580603122711182, -0.008847907185554504] imu_quat_wxyz=[-0.5121785402297974, -0.11790058761835098, 0.043483421206474304, -0.8496363162994385] status=0x8303
joint_pos=[-0.36000001430511475, -2.2679998874664307, 18.288000106811523, 19.11600112915039, -32.400001525878906, 17.963998794555664] joint_vel=[-0.8999999761581421, 39.869998931884766, 429.92999267578125, -22.589998245239258, -495.2699890136719, -123.12000274658203] imu_ang_vel=[-0.04123016074299812, 0.5666025876998901, -0.11963540315628052] imu_quat_wxyz=[-0.5114582777023315, -0.1267876774072647, 0.03541726619005203, -0.8491648435592651] status=0x8303
joint_pos=[-0.3240000009536743, -2.303999900817871, 19.619998931884766, 18.395999908447266, -37.90800094604492, 20.700000762939453] joint_vel=[0.809999942779541, -6.479999542236328, -61.11000061035156, -34.92000198364258, -126.54000091552734, 218.87998962402344] imu_ang_vel=[-0.2383040487766266, 1.2819275856018066, 0.4561399817466736] imu_quat_wxyz=[-0.5109602808952332, -0.11838924884796143, 0.033309757709503174, -0.8507609367370605] status=0x8303
joint_pos=[2.880000114440918, -2.4119999408721924, 22.68000030517578, 17.856000900268555, -34.41600036621094, 23.29199981689453] joint_vel=[153.80999755859375, -1.7999999523162842, 255.0600128173828, -9.899999618530273, 309.33001708984375, 79.29000091552734] imu_ang_vel=[0.20750904083251953, 1.0965715646743774, 0.15040910243988037] imu_quat_wxyz=[-0.5078520178794861, -0.10110987722873688, 0.03130876645445824, -0.8549169301986694] status=0x8303
joint_pos=[1.1160000562667847, -7.740000247955322, 19.512001037597656, 17.892000198364258, -24.84000015258789, 16.884000778198242] joint_vel=[-113.04000091552734, -415.9800109863281, -416.1600036621094, 3.239999771118164, 620.6400146484375, -535.22998046875] imu_ang_vel=[-0.10195022821426392, 0.32052651047706604, -0.6442780494689941] imu_quat_wxyz=[-0.5085737109184265, -0.0950007438659668, 0.02441350929439068, -0.8554131388664246] status=0x8303
joint_pos=[0.828000009059906, -18.468000411987305, 8.100000381469727, 17.604000091552734, -13.751999855041504, 5.111999988555908] joint_vel=[-3.239999771118164, -575.4600219726562, -595.7999877929688, -4.409999847412109, 490.9499816894531, -545.2200317382812] imu_ang_vel=[-0.16426816582679749, 1.860898733139038, -1.6765192747116089] imu_quat_wxyz=[-0.5156092643737793, -0.08683034032583237, 0.02371199242770672, -0.8520829081535339] status=0x8303
joint_pos=[0.7559999823570251, -29.08799934387207, 2.880000114440918, 17.74799919128418, -9.86400032043457, 0.5400000214576721] joint_vel=[-13.049999237060547, -491.30999755859375, -11.520000457763672, 14.220000267028809, 39.51000213623047, -217.52999877929688] imu_ang_vel=[2.0317742824554443, -1.4004080295562744, -0.520707368850708] imu_quat_wxyz=[-0.525515615940094, -0.08709432184696198, 0.024082304909825325, -0.8459716439247131] status=0x8303
joint_pos=[0.5400000214576721, -28.11600112915039, 6.73199987411499, 18.32400131225586, -16.09200096130371, -4.3919997215271] joint_vel=[-11.25, 373.3199768066406, 314.19000244140625, 24.029998779296875, -512.2799682617188, -158.94000244140625] imu_ang_vel=[0.7246949076652527, -1.1016013622283936, -1.290360927581787] imu_quat_wxyz=[-0.5317071676254272, -0.10876993834972382, 0.011674347333610058, -0.8398334383964539] status=0x8303
joint_pos=[0.18000000715255737, -17.5679988861084, 13.968000411987305, 19.007999420166016, -25.631999969482422, -0.6840000152587891] joint_vel=[-32.130001068115234, 577.6199951171875, 307.6199951171875, 29.610000610351562, -330.0299987792969, 364.7699890136719] imu_ang_vel=[-0.2942304313182831, -0.6254281997680664, -0.02908792905509472] imu_quat_wxyz=[-0.5389633774757385, -0.1217547357082367, 0.007092302665114403, -0.8334530591964722] status=0x8303
joint_pos=[-0.18000000715255737, -5.97599983215332, 21.492000579833984, 19.440000534057617, -25.595998764038086, 10.116000175476074] joint_vel=[-17.100000381469727, 580.4099731445312, 442.6200256347656, 12.600000381469727, 87.4800033569336, 624.5999755859375] imu_ang_vel=[-1.041513442993164, -0.3463289737701416, 0.17384493350982666] imu_quat_wxyz=[-0.5381763577461243, -0.12318494915962219, 0.013258353807032108, -0.8336761593818665] status=0x8303
joint_pos=[-0.25200000405311584, 0.18000000715255737, 29.08799934387207, 19.619998931884766, -20.95199966430664, 21.600000381469727] joint_vel=[-5.490000247955322, 149.84999084472656, 238.67999267578125, 4.5, 228.77999877929688, 536.2200317382812] imu_ang_vel=[-1.091048240661621, -0.28294575214385986, -0.33109036087989807] imu_quat_wxyz=[-0.5399433970451355, -0.11927138268947601, 0.022929232567548752, -0.8328924179077148] status=0x8303
joint_pos=[-0.36000001430511475, 1.1160000562667847, 26.13599967956543, 19.691999435424805, -16.09200096130371, 28.871999740600586] joint_vel=[-4.409999847412109, -1.9800000190734863, -351.80999755859375, 1.619999885559082, 179.63999938964844, 174.69000244140625] imu_ang_vel=[1.665323257446289, -1.8057410717010498, 0.16905122995376587] imu_quat_wxyz=[-0.5419890284538269, -0.1254679411649704, 0.02579289861023426, -0.83056640625] status=0x8303
joint_pos=[-0.3959999978542328, -3.419999837875366, 18.07200050354004, 19.72800064086914, -18.540000915527344, 24.65999984741211] joint_vel=[2.25, -317.1600036621094, -301.67999267578125, -0.7200000286102295, -277.739990234375, -423.3599853515625] imu_ang_vel=[-1.8005142211914062, -0.7452704906463623, -0.5750358700752258] imu_quat_wxyz=[-0.5440313220024109, -0.1407073736190796, 0.022432109341025352, -0.8268786668777466] status=0x8303
joint_pos=[-0.25200000405311584, -7.271999835968018, 14.904000282287598, 19.871999740600586, -16.631999969482422, 13.032000541687012] joint_vel=[30.869998931884766, -113.22000122070312, -124.10999298095703, 8.369999885559082, 309.41998291015625, -635.8499755859375] imu_ang_vel=[-0.8732016086578369, -1.6321029663085938, 1.0755912065505981] imu_quat_wxyz=[-0.5455523133277893, -0.14092497527599335, 0.04181097820401192, -0.8250846862792969] status=0x8303
joint_pos=[4.5, -5.6519999504089355, 17.92799949645996, 19.908000946044922, -7.595999717712402, 9.432000160217285] joint_vel=[353.1600036621094, 74.33999633789062, 320.66998291015625, -13.769999504089355, 508.3199768066406, 119.8800048828125] imu_ang_vel=[-0.03643646836280823, 1.011883020401001, 1.4494990110397339] imu_quat_wxyz=[-0.5345861315727234, -0.14613208174705505, 0.054840393364429474, -0.8305755257606506] status=0x8303
joint_pos=[7.667999744415283, -5.2920002937316895, 23.940000534057617, 19.871999740600586, 0.6840000152587891, 12.923999786376953] joint_vel=[62.459999084472656, -8.369999885559082, 185.22000122070312, 4.320000171661377, 254.61000061035156, 130.6800079345703] imu_ang_vel=[-0.5717318058013916, 1.682999610900879, 1.6412465572357178] imu_quat_wxyz=[-0.5288388133049011, -0.13918739557266235, 0.053639695048332214, -0.835511326789856] status=0x8303
joint_pos=[13.139999389648438, -10.47599983215332, 25.416000366210938, 18.143999099731445, 2.700000047683716, 17.74799919128418] joint_vel=[371.25, -385.4700012207031, 21.239999771118164, -57.14999771118164, 18.09000015258789, 233.27999877929688] imu_ang_vel=[-0.2617398798465729, 2.3402676582336426, 3.130486249923706] imu_quat_wxyz=[-0.5103428959846497, -0.10878586769104004, 0.04762423411011696, -0.8517323136329651] status=0x8303
joint_pos=[11.95199966430664, -14.292000770568848, 20.124000549316406, 13.7160005569458, -2.555999994277954, 17.496000289916992] joint_vel=[-260.82000732421875, -76.2300033569336, -412.8299865722656, -330.1199951171875, -424.79998779296875, -59.30999755859375] imu_ang_vel=[-0.03537120670080185, -2.0209245681762695, 1.9576300382614136] imu_quat_wxyz=[-0.4933037757873535, -0.10653027892112732, 0.05385633930563927, -0.8616276383399963] status=0x8303
joint_pos=[12.959999084472656, -18.86400032043457, 8.819999694824219, 8.640000343322754, -6.192000389099121, 10.800000190734863] joint_vel=[135.17999267578125, -307.97998046875, -621.0900268554688, -148.13999938964844, -74.8800048828125, -500.5799865722656] imu_ang_vel=[-0.6830518841743469, 3.4151194095611572, 4.516395092010498] imu_quat_wxyz=[-0.4744013547897339, -0.1167389452457428, 0.04315856471657753, -0.871465802192688] status=0x8303
joint_pos=[10.043999671936035, -20.591999053955078, -2.5920000076293945, 3.06000018119812, -3.0960001945495605, 0.5759999752044678] joint_vel=[-295.6499938964844, -7.110000133514404, -548.4599609375, -330.8399963378906, 193.50001525878906, -500.0400085449219] imu_ang_vel=[-3.5917561054229736, -2.9194748401641846, 0.10140695422887802] imu_quat_wxyz=[-0.4524858891963959, -0.09815456718206406, 0.055746883153915405, -0.8845984935760498] status=0x8303
joint_pos=[12.347999572753906, -26.387998580932617, -1.7999999523162842, -1.5119999647140503, -0.035999998450279236, -7.740000247955322] joint_vel=[320.0400085449219, -464.1300048828125, 341.82000732421875, -164.33999633789062, 101.79000091552734, -247.77000427246094] imu_ang_vel=[2.007272958755493, 2.27848219871521, 2.608506679534912] imu_quat_wxyz=[-0.4458128809928894, -0.10896072536706924, 0.06300307810306549, -0.8862330913543701] status=0x8303
joint_pos=[10.4399995803833, -26.532001495361328, -1.4759999513626099, -2.628000020980835, -3.2760000228881836, -9.288000106811523] joint_vel=[-264.7799987792969, 260.010009765625, -197.8199920654297, -23.040000915527344, -303.3900146484375, 5.579999923706055] imu_ang_vel=[0.1473216414451599, -2.625462055206299, -0.7699792385101318] imu_quat_wxyz=[-0.4412844777107239, -0.09529998898506165, 0.07632100582122803, -0.8890226483345032] status=0x8303
joint_pos=[12.204000473022461, -28.331998825073242, 1.5839999914169312, -2.700000047683716, -2.2679998874664307, -8.496000289916992] joint_vel=[217.97999572753906, -319.32000732421875, 348.0299987792969, 0.0, 241.74000549316406, 52.380001068115234] imu_ang_vel=[-2.2905359268188477, 3.6627933979034424, 2.067884922027588] imu_quat_wxyz=[-0.44942396879196167, -0.1051374152302742, 0.06532241404056549, -0.8847017884254456] status=0x8303
joint_pos=[10.043999671936035, -26.352001190185547, 11.15999984741211, 0.3240000009536743, -4.644000053405762, -1.3320000171661377] joint_vel=[-159.1199951171875, 351.989990234375, 496.8899841308594, 23.1299991607666, -311.5799865722656, 501.6600036621094] imu_ang_vel=[1.471977710723877, -1.8962886333465576, -3.2749481201171875] imu_quat_wxyz=[-0.4481287896633148, -0.09341783076524734, 0.06837014853954315, -0.8864418864250183] status=0x8303
joint_pos=[13.139999389648438, -22.104000091552734, 21.492000579833984, 0.7559999823570251, -4.751999855041504, 10.47599983215332] joint_vel=[232.82998657226562, 123.39000701904297, 543.1499633789062, 35.63999938964844, 229.41000366210938, 697.5] imu_ang_vel=[3.1977059841156006, 3.352268934249878, -0.33268827199935913] imu_quat_wxyz=[-0.471157044172287, -0.11789821088314056, 0.043631549924612045, -0.8730449676513672] status=0x8303
joint_pos=[15.119999885559082, -20.8439998626709, 27.25200080871582, 2.9519999027252197, -1.3680000305175781, 22.42799949645996] joint_vel=[-34.64999771118164, 21.510000228881836, 141.9300079345703, 111.87000274658203, 102.41999816894531, 562.3200073242188] imu_ang_vel=[-0.2516198456287384, -0.8113168478012085, -0.19154074788093567] imu_quat_wxyz=[-0.468340665102005, -0.10708443820476532, 0.03181363642215729, -0.8764576315879822] status=0x8303
joint_pos=[9.61199951171875, -15.119999885559082, 27.86400032043457, 7.667999744415283, -0.4320000112056732, 29.555997848510742] joint_vel=[-309.5099792480469, 453.510009765625, -13.410000801086426, 260.9100036621094, 17.46000099182129, 183.42001342773438] imu_ang_vel=[2.4078123569488525, -1.3838963508605957, -6.088311195373535] imu_quat_wxyz=[-0.4943733215332031, -0.10447622090578079, 0.04446069523692131, -0.8618022799491882] status=0x8303
joint_pos=[5.507999897003174, -15.408000946044922, 22.68000030517578, 12.56399917602539, -0.3240000009536743, 24.695999145507812] joint_vel=[-195.38999938964844, -280.0799865722656, -394.6500244140625, 239.49000549316406, 0.36000001430511475, -487.260009765625] imu_ang_vel=[0.8461350202560425, -1.4387575387954712, -4.4685773849487305] imu_quat_wxyz=[-0.5357469916343689, -0.1304544061422348, 0.0316411629319191, -0.8336400985717773] status=0x8303
joint_pos=[6.588000297546387, -21.81599998474121, 15.58799934387207, 12.384000778198242, -0.2879999876022339, 13.968000411987305] joint_vel=[-56.70000076293945, -218.4300079345703, -226.0800018310547, 69.84000396728516, 7.46999979019165, -557.010009765625] imu_ang_vel=[-2.6777594089508057, 0.7327837944030762, 1.3158082962036133] imu_quat_wxyz=[-0.5572307705879211, -0.14731870591640472, 0.022279193624854088, -0.8168811202049255] status=0x8303
joint_pos=[2.6640000343322754, -18.25200080871582, 17.963998794555664, 13.319999694824219, -0.18000000715255737, 11.95199966430664] joint_vel=[-255.50999450683594, 404.4599914550781, 314.7300109863281, -3.870000123977661, -0.36000001430511475, 118.5300064086914] imu_ang_vel=[-1.2625558376312256, -3.5602314472198486, -0.9968805313110352] imu_quat_wxyz=[-0.5516215562820435, -0.1374841183423996, 0.0420098714530468, -0.8216124176979065] status=0x8303
joint_pos=[3.2760000228881836, -8.208000183105469, 23.579999923706055, 10.872000694274902, -0.18000000715255737, 10.260000228881836] joint_vel=[47.880001068115234, 517.0499877929688, 173.97000122070312, -98.82000732421875, 0.5400000214576721, -103.41000366210938] imu_ang_vel=[2.2932965755462646, 1.2787318229675293, -1.1801060438156128] imu_quat_wxyz=[-0.5522491931915283, -0.1532205194234848, 0.050116535276174545, -0.8179441690444946] status=0x8303
joint_pos=[6.300000190734863, 0.828000009059906, 18.32400131225586, 7.344000339508057, -5.97599983215332, 4.104000091552734] joint_vel=[242.27999877929688, 312.75, -499.5899963378906, -134.9099884033203, -459.1800231933594, -415.8899841308594] imu_ang_vel=[0.5808842182159424, 3.1045949459075928, 5.111877918243408] imu_quat_wxyz=[-0.5383977890014648, -0.14427660405635834, 0.03912845626473427, -0.8293257355690002] status=0x8303
joint_pos=[9.899999618530273, 2.5199999809265137, 15.696000099182129, 8.892000198364258, -10.763999938964844, 4.427999973297119] joint_vel=[145.35000610351562, -13.859999656677246, -4.769999980926514, 104.57999420166016, -89.3699951171875, 325.79998779296875] imu_ang_vel=[-5.051700592041016, 5.938197612762451, 3.047395706176758] imu_quat_wxyz=[-0.5103460550308228, -0.11338794976472855, 0.01809569261968136, -0.8522691130638123] status=0x8303
joint_pos=[12.636000633239746, 1.2599999904632568, 15.515999794006348, 9.576000213623047, -10.584000587463379, 14.36400032043457] joint_vel=[114.47999572753906, -71.63999938964844, -28.170000076293945, -55.16999816894531, 50.57999801635742, 535.1400146484375] imu_ang_vel=[-0.11100497096776962, 0.5990931391716003, -1.0666553974151611] imu_quat_wxyz=[-0.5033928155899048, -0.08105736970901489, 0.035597238689661026, -0.8595104813575745] status=0x8303
joint_pos=[9.61199951171875, -5.111999988555908, 9.324000358581543, 11.484000205993652, -5.507999897003174, 22.104000091552734] joint_vel=[-208.8900146484375, -472.95001220703125, -482.3100280761719, 154.44000244140625, 354.1499938964844, 237.14999389648438] imu_ang_vel=[0.864777147769928, -0.5529902577400208, -3.783612012863159] imu_quat_wxyz=[-0.5078197121620178, -0.07912235707044601, 0.03420456126332283, -0.8571399450302124] status=0x8303
joint_pos=[9.82800006866455, -13.428000450134277, -0.8640000224113464, 9.288000106811523, -4.932000160217285, 18.61199951171875] joint_vel=[-140.22000122070312, -264.41998291015625, -458.3699951171875, -56.25, -88.11000061035156, -425.4300231933594] imu_ang_vel=[1.382495641708374, -3.0457088947296143, -0.4461389482021332] imu_quat_wxyz=[-0.5417903661727905, -0.09200897067785263, 0.032715290784835815, -0.8348216414451599] status=0x8303
joint_pos=[3.815999984741211, -11.555999755859375, 0.972000002861023, 4.248000144958496, -10.152000427246094, 7.0920000076293945] joint_vel=[-349.83001708984375, 245.07000732421875, 359.9100036621094, -354.05999755859375, -365.489990234375, -625.1400146484375] imu_ang_vel=[0.08074261993169785, -4.702727794647217, -0.3193724453449249] imu_quat_wxyz=[-0.5406731367111206, -0.12646634876728058, 0.03959740325808525, -0.8307291269302368] status=0x8303
joint_pos=[-0.5759999752044678, -9.539999961853027, 11.44800090789795, 1.871999979019165, -8.675999641418457, 3.131999969482422] joint_vel=[-70.19999694824219, 62.90999984741211, 584.8200073242188, -128.33999633789062, 289.3500061035156, -25.28999900817871] imu_ang_vel=[-0.9861196279525757, -1.0605887174606323, -2.4147472381591797] imu_quat_wxyz=[-0.5470482707023621, -0.1492961049079895, 0.05130673572421074, -0.8220806121826172] status=0x8303
joint_pos=[3.7080001831054688, -11.15999984741211, 21.059999465942383, 3.635999917984009, -2.7360000610351562, 9.144000053405762] joint_vel=[275.4900207519531, -67.86000061035156, 264.7799987792969, 104.66999816894531, 186.75, 455.8500061035156] imu_ang_vel=[3.230196714401245, 3.4097931385040283, 1.076656460762024] imu_quat_wxyz=[-0.5626279711723328, -0.1397503912448883, 0.05728936567902565, -0.8127961754798889] status=0x8303
joint_pos=[10.692000389099121, -16.739999771118164, 23.976001739501953, 4.9679999351501465, 0.972000002861023, 19.47599983215332] joint_vel=[345.05999755859375, -403.739990234375, 92.5199966430664, 118.88999938964844, 122.48999786376953, 500.6700134277344] imu_ang_vel=[-1.4186170101165771, 3.109388589859009, 2.613300323486328] imu_quat_wxyz=[-0.5531896948814392, -0.12404880672693253, 0.036925964057445526, -0.8229395151138306] status=0x8303
joint_pos=[10.872000694274902, -16.45199966430664, 18.79199981689453, 10.043999671936035, -4.751999855041504, 24.444000244140625] joint_vel=[-90.80999755859375, 279.6300048828125, -461.5199890136719, 90.54000091552734, -518.1300048828125, 157.5900115966797] imu_ang_vel=[0.877027690410614, -0.042728640139102936, -4.396671772003174] imu_quat_wxyz=[-0.5509799718856812, -0.10030604153871536, 0.03849504888057709, -0.8275736570358276] status=0x8303
joint_pos=[10.872000694274902, -20.987998962402344, 18.79199981689453, 10.043999671936035, -0.0, 24.444000244140625] joint_vel=[-90.80999755859375, -3.239999771118164, -461.5199890136719, 90.54000091552734, -0.0, 157.5900115966797] imu_ang_vel=[0.21390065550804138, -0.33141523599624634, -2.5345895290374756] imu_quat_wxyz=[-0.576472282409668, -0.11136826872825623, 0.028269050642848015, -0.8089979290962219] status=0x8303
joint_pos=[10.872000694274902, -20.987998962402344, -2.6640000343322754, 4.211999893188477, 2.124000072479248, 24.444000244140625] joint_vel=[-90.80999755859375, 0.0, 0.0, 0.0, -0.0, 157.5900115966797] imu_ang_vel=[1.1710405349731445, -1.0584582090377808, -0.07169850170612335] imu_quat_wxyz=[-0.5931535363197327, -0.11057604104280472, 0.031042322516441345, -0.7968552112579346] status=0x8303
joint_pos=[10.872000694274902, -16.163999557495117, 0.5040000081062317, 3.2760000228881836, 1.403999924659729, 4.355999946594238] joint_vel=[-90.80999755859375, -1.1700000762939453, 215.10000610351562, -119.9699935913086, -231.92999267578125, -204.75001525878906] imu_ang_vel=[1.6493443250656128, -0.17162562906742096, 0.561068594455719] imu_quat_wxyz=[-0.5945266485214233, -0.12372291833162308, 0.02626655623316765, -0.7940660715103149] status=0x8203
joint_pos=[7.883999824523926, -11.12399959564209, 9.61199951171875, 3.2760000228881836, 1.403999924659729, 10.835999488830566] joint_vel=[270.45001220703125, 388.1700134277344, 568.7099609375, -119.9699935913086, -231.92999267578125, -190.88999938964844] imu_ang_vel=[-3.5379602909088135, 1.5226773023605347, 3.234349489212036] imu_quat_wxyz=[-0.5816567540168762, -0.11368003487586975, 0.023694006726145744, -0.8051030039787292] status=0x8303
joint_pos=[10.007999420166016, -4.860000133514404, 20.77199935913086, 10.763999938964844, 1.403999924659729, 4.104000091552734] joint_vel=[63.089996337890625, 175.58999633789062, 516.510009765625, -298.6199951171875, -231.92999267578125, -434.07000732421875] imu_ang_vel=[-3.9544787406921387, -1.5570018291473389, 3.135279893875122] imu_quat_wxyz=[-0.5574209094047546, -0.09809232503175735, 0.05277638882398605, -0.822723925113678] status=0x8303
joint_pos=[7.127999782562256, -1.7280000448226929, 28.187999725341797, 10.727999687194824, 1.403999924659729, 4.211999893188477] joint_vel=[-111.23999786376953, 86.49000549316406, 213.1199951171875, -5.309999942779541, -231.92999267578125, 276.57000732421875] imu_ang_vel=[1.4831631183624268, -3.84625506401062, -2.9415206909179688] imu_quat_wxyz=[-0.5519842505455017, -0.09965105354785919, 0.0753423199057579, -0.8244432210922241] status=0x8203
joint_pos=[4.464000225067139, -1.5480000972747803, 23.075998306274414, 10.763999938964844, -25.09200096130371, 5.832000255584717] joint_vel=[-148.22999572753906, -5.849999904632568, -490.2300109863281, 1.440000057220459, 302.94000244140625, 54.27000045776367] imu_ang_vel=[2.162801742553711, -1.9399645328521729, -2.503164291381836] imu_quat_wxyz=[-0.5694249868392944, -0.13846465945243835, 0.07915859669446945, -0.8064221739768982] status=0x8303
joint_pos=[5.21999979019165, -5.039999961853027, 10.4399995803833, 10.47599983215332, -15.156000137329102, 11.052000045776367] joint_vel=[106.91999816894531, -186.02999877929688, -644.8499755859375, 149.49000549316406, 592.6500244140625, 379.79998779296875] imu_ang_vel=[-3.3499412536621094, 1.484327793121338, 2.220217704772949] imu_quat_wxyz=[-0.5717428922653198, -0.14795035123825073, 0.06783021241426468, -0.8041268587112427] status=0x8303
joint_pos=[2.807999849319458, -3.635999917984009, 8.315999984741211, 15.767999649047852, -13.139999389648438, 20.411998748779297] joint_vel=[-119.61000061035156, 113.8499984741211, 224.45999145507812, 191.61000061035156, -220.4099884033203, 469.0799865722656] imu_ang_vel=[-1.516088604927063, -0.7484662532806396, -4.260850429534912] imu_quat_wxyz=[-0.5668739676475525, -0.12169065326452255, 0.0718347355723381, -0.8115941882133484] status=0x8303
joint_pos=[3.5999999046325684, -2.9519999027252197, 14.651999473571777, 18.288000106811523, -11.807999610900879, 21.275999069213867] joint_vel=[5.21999979019165, 4.769999980926514, 405.2699890136719, 67.58999633789062, 252.1800079345703, -219.14999389648438] imu_ang_vel=[1.6924874782562256, -0.8731021881103516, -2.7796003818511963] imu_quat_wxyz=[-0.5822598338127136, -0.13025818765163422, 0.06221684068441391, -0.80008465051651] status=0x8303
joint_pos=[3.74399995803833, -7.452000141143799, 13.896000862121582, 14.220000267028809, -7.559999942779541, 11.77199935913086] joint_vel=[-32.040000915527344, -346.22998046875, -315.6300048828125, -286.55999755859375, 105.66000366210938, -575.72998046875] imu_ang_vel=[2.7407076358795166, -3.627875804901123, -1.3457547426223755] imu_quat_wxyz=[-0.5900729894638062, -0.14961126446723938, 0.07844234257936478, -0.78947913646698] status=0x8303
joint_pos=[0.5040000081062317, -9.395999908447266, 14.579999923706055, 7.308000564575195, -2.375999927520752, 0.6840000152587891] joint_vel=[-141.66000366210938, -18.810001373291016, 274.5899963378906, -322.8299865722656, 354.1499938964844, -482.8499755859375] imu_ang_vel=[0.4919346570968628, -1.2555320262908936, 1.7296634912490845] imu_quat_wxyz=[-0.575951337814331, -0.17179888486862183, 0.09415242075920105, -0.7936627864837646] status=0x8303
joint_pos=[-0.972000002861023, -5.687999725341797, 13.572000503540039, 8.17199993133545, -3.3480000495910645, 0.6840000152587891] joint_vel=[-20.8799991607666, 210.69000244140625, -240.66000366210938, 173.0699920654297, -308.1600036621094, 317.8800048828125] imu_ang_vel=[-8.189970016479492, 3.7517430782318115, -1.6834434270858765] imu_quat_wxyz=[-0.5715150237083435, -0.1623537540435791, 0.07467939704656601, -0.8008962869644165] status=0x8303
joint_pos=[0.14399999380111694, -3.384000062942505, 7.164000034332275, 14.9399995803833, -12.347999572753906, 9.324000358581543] joint_vel=[66.23999786376953, 58.04999923706055, -264.5099792480469, 316.9800109863281, -512.9099731445312, 483.92999267578125] imu_ang_vel=[-0.5264580249786377, 3.628704786300659, -1.9614773988723755] imu_quat_wxyz=[-0.5954844951629639, -0.11948011815547943, 0.08457934856414795, -0.7899172306060791] status=0x8303
joint_pos=[3.06000018119812, -2.6640000343322754, 0.5040000081062317, 19.11600112915039, -24.263999938964844, 19.979999542236328] joint_vel=[104.76000213623047, 14.9399995803833, -383.4000244140625, 193.4099884033203, -640.7100219726562, 497.7900085449219] imu_ang_vel=[-0.2191292941570282, -1.1346244812011719, -0.9478784203529358] imu_quat_wxyz=[-0.6017969846725464, -0.1133350059390068, 0.07038719952106476, -0.7874270081520081] status=0x8303
joint_pos=[1.0800000429153442, -2.303999900817871, -4.535999774932861, 16.488000869750977, -25.992000579833984, 19.72800064086914] joint_vel=[-146.3400115966797, 11.070000648498535, -100.08000183105469, -300.510009765625, 227.25001525878906, -333.0] imu_ang_vel=[1.486358880996704, -2.3745920658111572, 1.9464447498321533] imu_quat_wxyz=[-0.6049470901489258, -0.14393773674964905, 0.07489320635795593, -0.7795588374137878] status=0x8303
joint_pos=[-0.972000002861023, -4.104000091552734, -0.7559999823570251, 15.444000244140625, -25.09200096130371, 9.144000053405762] joint_vel=[-38.970001220703125, -73.80000305175781, 253.52999877929688, -97.55999755859375, -15.84000015258789, -570.1500244140625] imu_ang_vel=[-1.4729454517364502, 2.348789930343628, 1.1964986324310303] imu_quat_wxyz=[-0.593424379825592, -0.15611417591571808, 0.07125399261713028, -0.786383330821991] status=0x8303
joint_pos=[-0.46799999475479126, -2.4839999675750732, 8.136000633239746, 17.171998977661133, -29.08799934387207, 6.263999938964844] joint_vel=[99.62999725341797, 75.33000183105469, 556.9200439453125, 17.010000228881836, -315.8999938964844, 152.19000244140625] imu_ang_vel=[-0.3485589027404785, 1.2265338897705078, 0.17597544193267822] imu_quat_wxyz=[-0.593848466873169, -0.1364610344171524, 0.07582280784845352, -0.7892864942550659] status=0x8303
joint_pos=[0.7559999823570251, -1.9800000190734863, 18.035999298095703, 17.604000091552734, -37.36800003051758, 13.788000106811523] joint_vel=[72.54000091552734, -1.53000009059906, 457.91998291015625, 19.619998931884766, -440.54998779296875, 488.15997314453125] imu_ang_vel=[-0.06253544241189957, -0.6738977432250977, -1.0826343297958374] imu_quat_wxyz=[-0.5951175093650818, -0.1323387175798416, 0.08304297924041748, -0.7883054614067078] status=0x8303
joint_pos=[1.3320000171661377, -2.19599986076355, 17.351999282836914, 17.74799919128418, -42.768001556396484, 19.187999725341797] joint_vel=[4.5, -14.130000114440918, -322.55999755859375, 10.260000228881836, -125.72999572753906, 171.72000122070312] imu_ang_vel=[0.4961957335472107, -0.5386091470718384, -0.343873530626297] imu_quat_wxyz=[-0.601831316947937, -0.14555230736732483, 0.08372257649898529, -0.7807714343070984] status=0x8303
joint_pos=[1.187999963760376, -7.199999809265137, 7.199999809265137, 18.0, -40.428001403808594, 17.280000686645508] joint_vel=[-20.8799991607666, -373.8599853515625, -565.8300170898438, 4.409999847412109, 160.47000122070312, -168.02999877929688] imu_ang_vel=[-0.1445607841014862, 0.4142697751522064, 0.25693556666374207] imu_quat_wxyz=[-0.6041190028190613, -0.14496642351150513, 0.08963695913553238, -0.7784537076950073] status=0x8303
joint_pos=[0.8640000224113464, -10.763999938964844, 0.035999998450279236, 18.215999603271484, -33.012001037597656, 10.656000137329102] joint_vel=[-13.589999198913574, -63.18000030517578, -162.0, 10.529999732971191, 500.30999755859375, -451.1700134277344] imu_ang_vel=[-0.9717385768890381, 1.3655507564544678, -0.199530228972435] imu_quat_wxyz=[-0.6040420532226562, -0.13565537333488464, 0.08852612227201462, -0.7803165912628174] status=0x8303
joint_pos=[0.6119999885559082, -12.600000381469727, 2.8439998626708984, 18.43199920654297, -24.48000144958496, 3.2760000228881836] joint_vel=[-5.130000114440918, -33.38999938964844, 171.27000427246094, 7.740000247955322, 255.69000244140625, -225.71998596191406] imu_ang_vel=[1.383028268814087, 1.5072309970855713, -0.037610046565532684] imu_quat_wxyz=[-0.6071239709854126, -0.12655968964099884, 0.07996921241283417, -0.7803769111633301] status=0x8303
joint_pos=[0.4320000112056732, -12.491999626159668, 4.464000225067139, 18.61199951171875, -22.031999588012695, 1.440000057220459] joint_vel=[-3.1500000953674316, 27.000001907348633, 36.36000061035156, 5.670000076293945, 54.630001068115234, -20.8799991607666] imu_ang_vel=[0.3017849624156952, 1.1375842094421387, 0.12058170139789581] imu_quat_wxyz=[-0.6070414185523987, -0.12251751124858856, 0.072270467877388, -0.7818357348442078] status=0x8303
joint_pos=[1.0080000162124634, -7.991999626159668, 9.935999870300293, 18.576000213623047, -26.5679988861084, 2.124000072479248] joint_vel=[42.84000015258789, 272.70001220703125, 384.2099914550781, 2.069999933242798, -377.6400146484375, -1.53000009059906] imu_ang_vel=[0.9105835556983948, -1.0552623271942139, -0.7726424336433411] imu_quat_wxyz=[-0.6108880639076233, -0.11039955168962479, 0.06405913829803467, -0.781360387802124] status=0x8303
joint_pos=[1.2599999904632568, -7.740000247955322, 19.04400062561035, 18.79199981689453, -26.891998291015625, 8.315999984741211] joint_vel=[-6.210000038146973, -17.81999969482422, 461.5199890136719, 9.539999961853027, 220.22999572753906, 460.6199951171875] imu_ang_vel=[-1.1927809715270996, -0.2946636378765106, -0.6304296255111694] imu_quat_wxyz=[-0.6135809421539307, -0.12373858690261841, 0.060878586024045944, -0.7774966955184937] status=0x8303
joint_pos=[1.0080000162124634, -7.271999835968018, 19.04400062561035, 19.007999420166016, -23.7239990234375, 18.468000411987305] joint_vel=[-8.819999694824219, 0.27000001072883606, -237.8699951171875, 9.630000114440918, 84.42000579833984, 510.5699768066406] imu_ang_vel=[-0.08810178935527802, -0.8523294925689697, -0.3422756493091583] imu_quat_wxyz=[-0.6199241876602173, -0.1254683881998062, 0.06964140385389328, -0.7714284062385559] status=0x8303
joint_pos=[0.6119999885559082, -3.6720001697540283, 20.26799964904785, 19.187999725341797, -22.211999893188477, 25.12799835205078] joint_vel=[-36.9900016784668, 218.7899932861328, 254.79000854492188, 4.320000171661377, 37.44000244140625, 184.32000732421875] imu_ang_vel=[-0.40768110752105713, 0.6385079622268677, -0.11857013404369354] imu_quat_wxyz=[-0.6220316886901855, -0.1267787367105484, 0.07787105441093445, -0.7687261700630188] status=0x8303
joint_pos=[0.1080000028014183, -3.563999891281128, 17.74799919128418, 19.187999725341797, -17.856000900268555, 21.600000381469727] joint_vel=[-8.460000038146973, -15.75, -336.7799987792969, -5.490000247955322, 321.2099914550781, -371.8800048828125] imu_ang_vel=[0.20644381642341614, 0.8233312964439392, -0.31298086047172546] imu_quat_wxyz=[-0.623083770275116, -0.1271837204694748, 0.07684677839279175, -0.767909824848175] status=0x8303
joint_pos=[2.375999927520752, -8.423999786376953, 15.983999252319336, 18.972000122070312, -9.61199951171875, 11.555999755859375] joint_vel=[87.75, -377.82000732421875, -11.789999961853027, 4.050000190734863, 435.9599914550781, -538.2899780273438] imu_ang_vel=[-3.6370298862457275, 2.77010178565979, 0.955748975276947] imu_quat_wxyz=[-0.6230175495147705, -0.1111997440457344, 0.05940200015902519, -0.7719812989234924] status=0x8303
joint_pos=[3.995999813079834, -18.576000213623047, 19.908000946044922, 15.552000045776367, -5.111999988555908, 4.9679999351501465] joint_vel=[56.070003509521484, -561.5999755859375, 285.47998046875, -169.55999755859375, 106.91999816894531, -210.50999450683594] imu_ang_vel=[-0.1163313016295433, -2.3085458278656006, -0.055186908692121506] imu_quat_wxyz=[-0.6167574524879456, -0.08720698207616806, 0.06962067633867264, -0.7792036533355713] status=0x8303
joint_pos=[6.984000205993652, -24.695999145507812, 18.648000717163086, 14.435999870300293, -2.2679998874664307, 1.1160000562667847] joint_vel=[196.74000549316406, -136.97999572753906, -243.8100128173828, 46.2599983215332, 79.19999694824219, -101.52000427246094] imu_ang_vel=[-2.5781571865081787, -1.4190502166748047, 1.4532274007797241] imu_quat_wxyz=[-0.6106685996055603, -0.09861364215612411, 0.05277596414089203, -0.7839476466178894] status=0x8303
joint_pos=[10.872000694274902, -20.304000854492188, 9.86400032043457, 12.743999481201172, -6.228000164031982, -2.628000020980835] joint_vel=[113.30999755859375, 400.59002685546875, -553.22998046875, -155.97000122070312, -343.16998291015625, -186.6599884033203] imu_ang_vel=[-0.23883670568466187, -2.7026937007904053, 2.2138261795043945] imu_quat_wxyz=[-0.5943980813026428, -0.07991772890090942, 0.08437420427799225, -0.795729398727417] status=0x8303
joint_pos=[12.204000473022461, -19.2239990234375, 9.144000053405762, 14.184000015258789, -6.300000190734863, 2.5199999809265137] joint_vel=[60.38999938964844, -135.36000061035156, 269.4599914550781, 78.1199951171875, 175.22999572753906, 458.7300109863281] imu_ang_vel=[-0.6942371726036072, 2.811114549636841, 1.890518307685852] imu_quat_wxyz=[-0.5768014192581177, -0.10084301233291626, 0.06899042427539825, -0.8076950311660767] status=0x8303
joint_pos=[13.896000862121582, -20.591999053955078, 17.676000595092773, 14.292000770568848, -4.427999973297119, 14.07599925994873] joint_vel=[78.02999877929688, -24.84000015258789, 494.6399841308594, -12.420000076293945, 28.170000076293945, 588.7799682617188] imu_ang_vel=[0.22189012169837952, -0.22009515762329102, 0.6255170106887817] imu_quat_wxyz=[-0.5737875699996948, -0.0869923010468483, 0.08802074939012527, -0.8096001744270325] status=0x8303
joint_pos=[14.471999168395996, -25.020000457763672, 19.6560001373291, 16.59600067138672, -2.3400001525878906, 23.796001434326172] joint_vel=[-19.170000076293945, -324.3600158691406, -48.150001525878906, 86.76000213623047, 69.56999969482422, 456.6600036621094] imu_ang_vel=[-4.546765327453613, -0.8464705348014832, 1.8947794437408447] imu_quat_wxyz=[-0.5639124512672424, -0.07850587368011475, 0.09983601421117783, -0.8160099983215332] status=0x8303
joint_pos=[10.331999778747559, -33.336002349853516, 21.275999069213867, 11.699999809265137, -6.047999858856201, 24.371999740600586] joint_vel=[-319.7699890136719, -459.989990234375, 66.77999877929688, -403.469970703125, -270.3599853515625, -291.1499938964844] imu_ang_vel=[-0.8130142092704773, -4.856125831604004, 1.6673455238342285] imu_quat_wxyz=[-0.5529762506484985, -0.07532861083745956, 0.13228978216648102, -0.8191717267036438] status=0x8303
joint_pos=[5.184000015258789, -33.37199783325195, 18.79199981689453, 3.815999984741211, -4.5, 13.572000503540039] joint_vel=[-113.22000122070312, 266.5799865722656, -95.1300048828125, -402.4800109863281, 219.69000244140625, -655.5599975585938] imu_ang_vel=[1.881571888923645, -1.3237090110778809, -0.9207141399383545] imu_quat_wxyz=[-0.5351871252059937, -0.11112278699874878, 0.16245903074741364, -0.8214825987815857] status=0x8303
joint_pos=[7.164000034332275, -22.788000106811523, 11.880000114440918, 0.1080000028014183, -1.871999979019165, 1.2960000038146973] joint_vel=[243.90000915527344, 630.5399780273438, -504.0, -87.93000030517578, 87.02999877929688, -591.1199951171875] imu_ang_vel=[-0.5861128568649292, 2.457446813583374, 1.4191389083862305] imu_quat_wxyz=[-0.5244565010070801, -0.1090853363275528, 0.14653010666370392, -0.8316096663475037] status=0x8303
joint_pos=[12.636000633239746, -20.01599884033203, 10.584000587463379, 3.9600000381469727, -1.0440000295639038, -0.3240000009536743] joint_vel=[178.64999389648438, -187.65000915527344, 207.27000427246094, 292.5, 35.279998779296875, 221.57998657226562] imu_ang_vel=[-0.7512288093566895, 2.502187967300415, 0.8801152110099792] imu_quat_wxyz=[-0.5150254368782043, -0.07204950600862503, 0.14436545968055725, -0.8418529033660889] status=0x8303
joint_pos=[12.959999084472656, -27.756000518798828, 18.0, 9.071999549865723, -0.972000002861023, 8.208000183105469] joint_vel=[32.57999801635742, -458.82000732421875, 367.1099853515625, 229.5, -3.7799999713897705, 486.8999938964844] imu_ang_vel=[2.10314679145813, 1.123203158378601, -1.0315016508102417] imu_quat_wxyz=[-0.519343376159668, -0.06333579123020172, 0.12466907501220703, -0.8430472612380981] status=0x8303
joint_pos=[14.112000465393066, -28.15199851989746, 15.731999397277832, 8.387999534606934, -7.4160003662109375, 10.152000427246094] joint_vel=[-43.470001220703125, 250.74000549316406, -400.4999694824219, -19.350000381469727, -502.6499938964844, -169.9199981689453] imu_ang_vel=[0.2181617021560669, -1.7865662574768066, 1.7626866102218628] imu_quat_wxyz=[-0.5192602276802063, -0.06353288143873215, 0.12497139722108841, -0.8430388569831848] status=0x8303
joint_pos=[9.539999961853027, -19.944000244140625, 8.17199993133545, 4.248000144958496, -18.215999603271484, 2.5920000076293945] joint_vel=[-314.1000061035156, 451.3499755859375, -232.5600128173828, -189.5399932861328, -527.1300048828125, -461.1600036621094] imu_ang_vel=[-0.27665358781814575, -2.837449550628662, 1.9922511577606201] imu_quat_wxyz=[-0.500745415687561, -0.07825801521539688, 0.14634235203266144, -0.8495373129844666] status=0x8303
joint_pos=[4.464000225067139, -10.51200008392334, 11.015999794006348, 4.607999801635742, -18.756000518798828, 1.1519999504089355] joint_vel=[-141.75, 443.6099853515625, 303.75, 82.16999816894531, 259.3800048828125, 116.0999984741211] imu_ang_vel=[2.595121383666992, -0.6220548748970032, -3.3138303756713867] imu_quat_wxyz=[-0.5039373636245728, -0.0956832617521286, 0.1426653265953064, -0.8464860320091248] status=0x8303
joint_pos=[9.0, -7.4160003662109375, 17.027999877929688, 8.496000289916992, -9.935999870300293, 8.567999839782715] joint_vel=[370.6199951171875, 11.609999656677246, 261.0, 230.30999755859375, 528.8399658203125, 489.9599914550781] imu_ang_vel=[1.9818843603134155, 4.471683979034424, -0.6833377480506897] imu_quat_wxyz=[-0.5249355435371399, -0.1086101159453392, 0.11147721856832504, -0.8367910385131836] status=0x8303
joint_pos=[15.65999984741211, -13.607999801635742, 20.916000366210938, 12.780000686645508, -3.9600000381469727, 19.512001037597656] joint_vel=[323.82000732421875, -468.53997802734375, 123.93000030517578, 161.73001098632812, 153.36000061035156, 548.1000366210938] imu_ang_vel=[-0.6292560696601868, 0.24915379285812378, -0.022696342319250107] imu_quat_wxyz=[-0.5269408226013184, -0.09111633896827698, 0.09487958252429962, -0.8396601676940918] status=0x8303
joint_pos=[14.904000282287598, -23.976001739501953, 22.104000091552734, 14.97599983215332, -3.1679999828338623, 27.17999839782715] joint_vel=[-108.7199935913086, -504.45001220703125, 22.229999542236328, 61.20000076293945, -20.06999969482422, 228.8699951171875] imu_ang_vel=[1.147072196006775, -0.6983988285064697, -1.4165947437286377] imu_quat_wxyz=[-0.5327728986740112, -0.06510374695062637, 0.10223627090454102, -0.8375334739685059] status=0x8303
joint_pos=[8.819999694824219, -28.331998825073242, 15.983999252319336, 17.5679988861084, -7.883999824523926, 23.29199981689453] joint_vel=[-373.8599853515625, -94.68000793457031, -497.9700012207031, 41.220001220703125, -337.1400146484375, -471.7799987792969] imu_ang_vel=[-0.23617351055145264, -4.460912704467773, -4.363648414611816] imu_quat_wxyz=[-0.5446041226387024, -0.0779847800731659, 0.08613807708024979, -0.8306052088737488] status=0x8303
joint_pos=[7.164000034332275, -22.536001205444336, 9.82800006866455, 14.399999618530273, -13.428000450134277, 10.763999938964844] joint_vel=[-106.4699935913086, 491.66998291015625, -147.69000244140625, -141.66000366210938, -141.75, -682.8300170898438] imu_ang_vel=[-0.28091463446617126, 0.4632719159126282, 0.390093594789505] imu_quat_wxyz=[-0.5644153952598572, -0.10701359808444977, 0.08180411159992218, -0.8144270777702332] status=0x8303
joint_pos=[8.928000450134277, -20.736000061035156, 13.751999855041504, 11.088000297546387, -10.54800033569336, 7.056000232696533] joint_vel=[186.3900146484375, -179.82000732421875, 368.9100036621094, -193.67999267578125, 240.57000732421875, 117.89999389648438] imu_ang_vel=[-7.922588348388672, 0.23530535399913788, 3.8277015686035156] imu_quat_wxyz=[-0.5486692786216736, -0.09457391500473022, 0.08909298479557037, -0.8258815407752991] status=0x8303
joint_pos=[10.619999885559082, -27.86400032043457, 19.836000442504883, 7.271999835968018, -4.5, 7.559999942779541] joint_vel=[-0.6299999952316284, -357.29998779296875, 198.72000122070312, -145.0800018310547, 271.44000244140625, 28.619998931884766] imu_ang_vel=[2.526057004928589, -1.6683220863342285, 2.386399030685425] imu_quat_wxyz=[-0.520439863204956, -0.0808810442686081, 0.1282530575990677, -0.8403283357620239] status=0x8303
joint_pos=[11.015999794006348, -26.711997985839844, 17.676000595092773, 5.111999988555908, -7.199999809265137, 10.007999420166016] joint_vel=[49.5, 271.1700134277344, -257.8500061035156, -70.91999816894531, -339.75, 98.7300033569336] imu_ang_vel=[-0.7496309876441956, -1.0419466495513916, 1.2918397188186646] imu_quat_wxyz=[-0.5020750761032104, -0.10306179523468018, 0.11693254113197327, -0.8506619930267334] status=0x8303
joint_pos=[10.907999992370605, -17.92799949645996, 8.496000289916992, 4.139999866485596, -7.019999980926514, 5.400000095367432] joint_vel=[30.150001525878906, 511.3800048828125, -544.4099731445312, -52.83000183105469, 232.47000122070312, -396.989990234375] imu_ang_vel=[0.2778165340423584, -0.11303609609603882, 2.0263397693634033] imu_quat_wxyz=[-0.48863673210144043, -0.11156556755304337, 0.1230769008398056, -0.85652756690979] status=0x8303
joint_pos=[6.9120001792907715, -7.8480000495910645, 7.199999809265137, 7.452000141143799, -10.331999778747559, 7.056000232696533] joint_vel=[-253.52999877929688, 476.5500183105469, 241.02000427246094, 228.3300018310547, -413.4599914550781, 388.7099914550781] imu_ang_vel=[-0.3224599361419678, -0.8326221704483032, -3.8107762336730957] imu_quat_wxyz=[-0.4826391637325287, -0.09684586524963379, 0.11848325282335281, -0.8623469471931458] status=0x8303
joint_pos=[3.8520002365112305, -6.156000137329102, 8.567999839782715, 12.600000381469727, -15.156000137329102, 16.236000061035156] joint_vel=[-202.77000427246094, -70.0199966430664, -17.639999389648438, 325.8900146484375, -91.16999816894531, 418.04998779296875] imu_ang_vel=[2.828059196472168, -1.22890043258667, -3.5870707035064697] imu_quat_wxyz=[-0.49770835041999817, -0.09629927575588226, 0.11026392132043839, -0.8549004197120667] status=0x8303
joint_pos=[4.607999801635742, -7.8480000495910645, 8.35200023651123, 15.87600040435791, -15.444000244140625, 20.663999557495117] joint_vel=[-3.3299999237060547, -93.7800064086914, 26.549999237060547, 130.5, 5.039999961853027, 135.36000061035156] imu_ang_vel=[-1.7280762195587158, -0.6467335224151611, -0.6235054135322571] imu_quat_wxyz=[-0.5068080425262451, -0.10750842094421387, 0.09782809764146805, -0.8497160077095032] status=0x8303
joint_pos=[3.2039999961853027, -5.003999710083008, 13.932000160217285, 13.500000953674316, -10.872000694274902, 16.847999572753906] joint_vel=[-74.33999633789062, 258.1199951171875, 392.66998291015625, -137.97000122070312, 353.8800048828125, -361.08001708984375] imu_ang_vel=[0.4775536060333252, -3.737065315246582, 0.24361974000930786] imu_quat_wxyz=[-0.5222336053848267, -0.10899200290441513, 0.12298454344272614, -0.8368200063705444] status=0x8303
joint_pos=[1.9079999923706055, -0.3959999978542328, 20.77199935913086, 15.191999435424805, -11.627999305725098, 17.13599967956543] joint_vel=[-59.30999755859375, 108.54000091552734, 238.23001098632812, 46.17000198364258, -264.33001708984375, 240.75] imu_ang_vel=[0.2511849105358124, 2.5490596294403076, -2.691183567047119] imu_quat_wxyz=[-0.5287941098213196, -0.13679639995098114, 0.085255928337574, -0.8333036303520203] status=0x8303
joint_pos=[1.4759999513626099, -0.3959999978542328, 18.972000122070312, 16.95599937438965, -21.70800018310547, 18.288000106811523] joint_vel=[-20.969999313354492, -29.15999984741211, -258.29998779296875, 129.69000244140625, -630.6300048828125, 9.09000015258789] imu_ang_vel=[0.35131973028182983, -0.20305092632770538, -1.576384425163269] imu_quat_wxyz=[-0.5506378412246704, -0.12070808559656143, 0.08731470257043839, -0.8213427066802979] status=0x8303
joint_pos=[3.2039999961853027, -0.8999999761581421, 20.01599884033203, 18.395999908447266, -33.84000015258789, 22.031999588012695] joint_vel=[38.70000076293945, -18.989999771118164, 219.3300018310547, 44.72999954223633, -595.9800415039062, 217.8000030517578] imu_ang_vel=[-2.2665674686431885, 1.757568120956421, 0.1392238438129425] imu_quat_wxyz=[-0.5536878705024719, -0.11913032084703445, 0.07841167598962784, -0.8204202055931091] status=0x8303
joint_pos=[1.403999924659729, -7.704000473022461, 15.911999702453613, 18.720001220703125, -34.30799865722656, 18.107999801635742] joint_vel=[-69.84000396728516, -511.55999755859375, -441.8999938964844, 5.309999942779541, 303.9300231933594, -407.6099853515625] imu_ang_vel=[1.3761039972305298, -0.025151781737804413, -0.7087265849113464] imu_quat_wxyz=[-0.5580260157585144, -0.10813506692647934, 0.07911431789398193, -0.8189351558685303] status=0x8303
joint_pos=[3.492000102996826, -9.360000610351562, 6.4079999923706055, 18.972000122070312, -33.65999984741211, 7.704000473022461] joint_vel=[74.79000091552734, 191.4300079345703, -472.7699890136719, 26.90999984741211, -148.0500030517578, -560.969970703125] imu_ang_vel=[-0.5845149159431458, 1.0912452936172485, 0.1115269660949707] imu_quat_wxyz=[-0.5576094388961792, -0.11567938327789307, 0.06615959107875824, -0.8193368911743164] status=0x8303
joint_pos=[1.3680000305175781, -11.699999809265137, 1.6920000314712524, 18.827999114990234, -29.84400177001953, -2.8439998626708984] joint_vel=[-90.9000015258789, -315.8999938964844, -56.070003509521484, -38.15999984741211, 395.0999755859375, -495.17999267578125] imu_ang_vel=[2.261338710784912, 0.17511792480945587, 0.11898381263017654] imu_quat_wxyz=[-0.5582164525985718, -0.10976370424032211, 0.061217162758111954, -0.8201212286949158] status=0x8303
joint_pos=[1.1519999504089355, -10.692000389099121, 0.6119999885559082, 18.143999099731445, -28.511999130249023, -4.3919997215271] joint_vel=[29.42999839782715, 244.1699981689453, -50.48999786376953, -33.47999954223633, -166.22999572753906, 208.0800018310547] imu_ang_vel=[-0.7432393431663513, 1.1524980068206787, 0.9339110255241394] imu_quat_wxyz=[-0.555255115032196, -0.12060113996267319, 0.0414571538567543, -0.8218445181846619] status=0x8303
joint_pos=[1.5839999914169312, -12.312000274658203, -1.8360000848770142, 17.74799919128418, -35.42399978637695, 4.895999908447266] joint_vel=[4.860000133514404, -254.33999633789062, -55.79999923706055, 0.44999998807907104, -411.3000183105469, 606.510009765625] imu_ang_vel=[-1.494250774383545, 1.1285295486450195, -0.2645113468170166] imu_quat_wxyz=[-0.5528280735015869, -0.10297297686338425, 0.052804216742515564, -0.8252208232879639] status=0x8303
joint_pos=[1.619999885559082, -18.107999801635742, -0.9359999895095825, 18.0, -42.768001556396484, 16.236000061035156] joint_vel=[-2.7899999618530273, -187.82998657226562, 41.939998626708984, 26.549999237060547, -227.33999633789062, 590.3099975585938] imu_ang_vel=[0.40564823150634766, -0.4576491117477417, -0.6634528040885925] imu_quat_wxyz=[-0.5552636981010437, -0.0952003002166748, 0.0594954714179039, -0.8240627646446228] status=0x8303
joint_pos=[1.619999885559082, -18.107999801635742, -0.9359999895095825, 18.0, -42.768001556396484, 16.236000061035156] joint_vel=[-2.7899999618530273, -187.82998657226562, 41.939998626708984, 26.549999237060547, -227.33999633789062, 590.3099975585938] imu_ang_vel=[0.11057000607252121, -0.9545949101448059, 0.02257739193737507] imu_quat_wxyz=[-0.5589323043823242, -0.10625633597373962, 0.05968237295746803, -0.820208728313446] status=0x8303
joint_pos=[1.619999885559082, -18.107999801635742, -0.9359999895095825, 18.0, -42.768001556396484, 16.236000061035156] joint_vel=[-2.7899999618530273, -187.82998657226562, 41.939998626708984, 26.549999237060547, -227.33999633789062, 590.3099975585938] imu_ang_vel=[0.2975239157676697, -1.8984191417694092, 0.6441591382026672] imu_quat_wxyz=[-0.5568820834159851, -0.11170640587806702, 0.07009685784578323, -0.8200551867485046] status=0x8303
joint_pos=[1.619999885559082, -18.107999801635742, -0.9359999895095825, 18.0, -42.768001556396484, 16.236000061035156] joint_vel=[-2.7899999618530273, -187.82998657226562, 41.939998626708984, 26.549999237060547, -227.33999633789062, 590.3099975585938] imu_ang_vel=[-3.137953758239746, 0.5564825534820557, 0.748555064201355] imu_quat_wxyz=[-0.5507447123527527, -0.11820315569639206, 0.07607656717300415, -0.8227518796920776] status=0x8203
joint_pos=[1.619999885559082, -18.107999801635742, -0.9359999895095825, 18.0, -42.768001556396484, 16.236000061035156] joint_vel=[-2.7899999618530273, -187.82998657226562, 41.939998626708984, 26.549999237060547, -227.33999633789062, 590.3099975585938] imu_ang_vel=[0.15477848052978516, -0.7777609825134277, 0.18716073036193848] imu_quat_wxyz=[-0.5470150113105774, -0.10767371952533722, 0.08872635662555695, -0.82541424036026] status=0x8203
joint_pos=[1.619999885559082, -18.107999801635742, -0.9359999895095825, 18.0, -42.768001556396484, 16.236000061035156] joint_vel=[-2.7899999618530273, -187.82998657226562, 41.939998626708984, 26.549999237060547, -227.33999633789062, 590.3099975585938] imu_ang_vel=[-0.5142075419425964, 0.06060200184583664, 0.3623967170715332] imu_quat_wxyz=[-0.5449444055557251, -0.11147309839725494, 0.08983799070119858, -0.826158881187439] status=0x8203
joint_pos=[1.619999885559082, -18.107999801635742, -0.9359999895095825, 18.0, -42.768001556396484, 16.236000061035156] joint_vel=[-2.7899999618530273, -187.82998657226562, 41.939998626708984, 26.549999237060547, -227.33999633789062, 590.3099975585938] imu_ang_vel=[-0.00980486162006855, 0.12345260381698608, -0.09619958698749542] imu_quat_wxyz=[-0.5438985228538513, -0.10735516995191574, 0.09349846094846725, -0.8269869685173035] status=0x8203
joint_pos=[1.619999885559082, -18.107999801635742, -0.9359999895095825, 18.0, -42.768001556396484, 16.236000061035156] joint_vel=[-2.7899999618530273, -187.82998657226562, 41.939998626708984, 26.549999237060547, -227.33999633789062, 590.3099975585938] imu_ang_vel=[-0.4881085455417633, -0.031010732054710388, -0.3167093098163605] imu_quat_wxyz=[-0.545977771282196, -0.10642009973526001, 0.09364791959524155, -0.8257198929786682] status=0x8203
joint_pos=[1.619999885559082, -18.107999801635742, -0.9359999895095825, 18.0, -42.768001556396484, 16.236000061035156] joint_vel=[-2.7899999618530273, -187.82998657226562, 41.939998626708984, 26.549999237060547, -227.33999633789062, 590.3099975585938] imu_ang_vel=[-0.5174033045768738, -0.05870760977268219, -0.38222306966781616] imu_quat_wxyz=[-0.5493142604827881, -0.1049649640917778, 0.09692686796188354, -0.8233112692832947] status=0x8203
joint_pos=[1.619999885559082, -18.107999801635742, -0.9359999895095825, 18.0, -42.768001556396484, 16.236000061035156] joint_vel=[-2.7899999618530273, -187.82998657226562, 41.939998626708984, 26.549999237060547, -227.33999633789062, 590.3099975585938] imu_ang_vel=[-0.4188663363456726, -0.08267605304718018, -0.1398754119873047] imu_quat_wxyz=[-0.5522459745407104, -0.10310209542512894, 0.1011774018406868, -0.8210709691047668] status=0x8203
joint_pos=[1.619999885559082, -18.107999801635742, -0.9359999895095825, 18.0, -42.768001556396484, 16.236000061035156] joint_vel=[-2.7899999618530273, -187.82998657226562, 41.939998626708984, 26.549999237060547, -227.33999633789062, 590.3099975585938] imu_ang_vel=[-0.44922637939453125, 0.15168209373950958, -0.2831534743309021] imu_quat_wxyz=[-0.5538991689682007, -0.10112185776233673, 0.10478563606739044, -0.8197500109672546] status=0x8203
joint_pos=[1.619999885559082, -18.107999801635742, -0.9359999895095825, 18.0, -42.768001556396484, 16.236000061035156] joint_vel=[-2.7899999618530273, -187.82998657226562, 41.939998626708984, 26.549999237060547, -227.33999633789062, 590.3099975585938] imu_ang_vel=[-0.17492082715034485, 0.10001678019762039, -0.298067182302475] imu_quat_wxyz=[-0.5553626418113708, -0.09948399662971497, 0.1059979647397995, -0.8188039660453796] status=0x8203
joint_pos=[1.619999885559082, -18.107999801635742, -0.9359999895095825, 18.0, -42.768001556396484, 16.236000061035156] joint_vel=[-2.7899999618530273, -187.82998657226562, 41.939998626708984, 26.549999237060547, -227.33999633789062, 590.3099975585938] imu_ang_vel=[-0.24895671010017395, 0.2534148693084717, -0.3428082764148712] imu_quat_wxyz=[-0.5597689747810364, -0.09575878083705902, 0.10723813623189926, -0.8160815238952637] status=0x8203
joint_pos=[1.619999885559082, -18.107999801635742, -0.9359999895095825, 18.0, -42.768001556396484, 16.236000061035156] joint_vel=[-2.7899999618530273, -187.82998657226562, 41.939998626708984, 26.549999237060547, -227.33999633789062, 590.3099975585938] imu_ang_vel=[-0.14669132232666016, 0.21400006115436554, -0.33748194575309753] imu_quat_wxyz=[-0.5629086494445801, -0.09294881671667099, 0.10731581598520279, -0.8142343759536743] status=0x8203
joint_pos=[1.619999885559082, -18.107999801635742, -0.9359999895095825, 18.0, -42.768001556396484, 16.236000061035156] joint_vel=[-2.7899999618530273, -187.82998657226562, 41.939998626708984, 26.549999237060547, -227.33999633789062, 590.3099975585938] imu_ang_vel=[-0.11047234386205673, 0.11652837693691254, -0.3534609377384186] imu_quat_wxyz=[-0.5661001801490784, -0.09115041792392731, 0.10704976320266724, -0.8122576475143433] status=0x8203
joint_pos=[1.619999885559082, -18.107999801635742, -0.9359999895095825, 18.0, -42.768001556396484, 16.236000061035156] joint_vel=[-2.7899999618530273, -187.82998657226562, 41.939998626708984, 26.549999237060547, -227.33999633789062, 590.3099975585938] imu_ang_vel=[-0.025783825665712357, 0.04994935542345047, -0.17449651658535004] imu_quat_wxyz=[-0.5685362219810486, -0.09018698334693909, 0.10710503160953522, -0.8106549382209778] status=0x8203
joint_pos=[1.619999885559082, -18.107999801635742, -0.9359999895095825, 18.0, -42.768001556396484, 16.236000061035156] joint_vel=[-2.7899999618530273, -187.82998657226562, 41.939998626708984, 26.549999237060547, -227.33999633789062, 590.3099975585938] imu_ang_vel=[-0.17811661958694458, 0.017991427332162857, -0.13774488866329193] imu_quat_wxyz=[-0.5699364542961121, -0.08963049948215485, 0.10759793967008591, -0.8096675872802734] status=0x8203
joint_pos=[1.619999885559082, -18.107999801635742, -0.9359999895095825, 18.0, -42.768001556396484, 16.236000061035156] joint_vel=[-2.7899999618530273, -187.82998657226562, 41.939998626708984, 26.549999237060547, -227.33999633789062, 590.3099975585938] imu_ang_vel=[-0.23670616745948792, 0.05261251702904701, -0.14520174264907837] imu_quat_wxyz=[-0.5711838006973267, -0.08835169672966003, 0.10892975330352783, -0.8087504506111145] status=0x8203
joint_pos=[1.619999885559082, -18.107999801635742, -0.9359999895095825, 18.0, -42.768001556396484, 16.236000061035156] joint_vel=[-2.7899999618530273, -187.82998657226562, 41.939998626708984, 26.549999237060547, -227.33999633789062, 590.3099975585938] imu_ang_vel=[-0.2090092897415161, 0.048351459205150604, -0.06370902061462402] imu_quat_wxyz=[-0.5724144577980042, -0.08667703717947006, 0.11051718145608902, -0.8078457117080688] status=0x8203
joint_pos=[1.619999885559082, -18.107999801635742, -0.9359999895095825, 18.0, -42.768001556396484, 16.236000061035156] joint_vel=[-2.7899999618530273, -187.82998657226562, 41.939998626708984, 26.549999237060547, -227.33999633789062, 590.3099975585938] imu_ang_vel=[-0.1765187382698059, 0.11066941916942596, -0.07276377081871033] imu_quat_wxyz=[-0.5730284452438354, -0.08513087779283524, 0.11173046380281448, -0.8074078559875488] status=0x8203
joint_pos=[1.619999885559082, -18.107999801635742, -0.9359999895095825, 18.0, -42.768001556396484, 16.236000061035156] joint_vel=[-2.7899999618530273, -187.82998657226562, 41.939998626708984, 26.549999237060547, -227.33999633789062, 590.3099975585938] imu_ang_vel=[-0.22658616304397583, 0.20760847628116608, -0.14946280419826508] imu_quat_wxyz=[-0.5742276310920715, -0.08288482576608658, 0.11242649704217911, -0.8066927194595337] status=0x8203
joint_pos=[1.619999885559082, -18.107999801635742, -0.9359999895095825, 18.0, -42.768001556396484, 16.236000061035156] joint_vel=[-2.7899999618530273, -187.82998657226562, 41.939998626708984, 26.549999237060547, -227.33999633789062, 590.3099975585938] imu_ang_vel=[-0.1775839924812317, 0.1884337216615677, -0.17076808214187622] imu_quat_wxyz=[-0.5758382081985474, -0.0802323967218399, 0.11291944980621338, -0.8057433366775513] status=0x8203
joint_pos=[1.619999885559082, -18.107999801635742, -0.9359999895095825, 18.0, -42.768001556396484, 16.236000061035156] joint_vel=[-2.7899999618530273, -187.82998657226562, 41.939998626708984, 26.549999237060547, -227.33999633789062, 590.3099975585938] imu_ang_vel=[-0.11526603251695633, 0.1554105281829834, -0.2277597188949585] imu_quat_wxyz=[-0.5766990780830383, -0.07906930893659592, 0.11302068829536438, -0.8052283525466919] status=0x8203
joint_pos=[1.619999885559082, -18.107999801635742, -0.9359999895095825, 18.0, -42.768001556396484, 16.236000061035156] joint_vel=[-2.7899999618530273, -187.82998657226562, 41.939998626708984, 26.549999237060547, -227.33999633789062, 590.3099975585938] imu_ang_vel=[-0.06253544986248016, 0.04622092843055725, -0.22083550691604614] imu_quat_wxyz=[-0.5796912312507629, -0.07678170502185822, 0.11293871700763702, -0.8033102750778198] status=0x8203
joint_pos=[1.619999885559082, -18.107999801635742, -0.9359999895095825, 18.0, -42.768001556396484, 16.236000061035156] joint_vel=[-2.7899999618530273, -187.82998657226562, 41.939998626708984, 26.549999237060547, -227.33999633789062, 590.3099975585938] imu_ang_vel=[-0.011935390532016754, -0.031010732054710388, -0.21604181826114655] imu_quat_wxyz=[-0.581470787525177, -0.0765838772058487, 0.1130240261554718, -0.802030086517334] status=0x8203
joint_pos=[1.619999885559082, -18.107999801635742, -0.9359999895095825, 18.0, -42.768001556396484, 16.236000061035156] joint_vel=[-2.7899999618530273, -187.82998657226562, 41.939998626708984, 26.549999237060547, -227.33999633789062, 590.3099975585938] imu_ang_vel=[-0.0007501151412725449, -0.08587184548377991, -0.21657446026802063] imu_quat_wxyz=[-0.5831806659698486, -0.0770917758345604, 0.11319686472415924, -0.8007144331932068] status=0x8203
joint_pos=[1.619999885559082, -18.107999801635742, -0.9359999895095825, 18.0, -42.768001556396484, 16.236000061035156] joint_vel=[-2.7899999618530273, -187.82998657226562, 41.939998626708984, 26.549999237060547, -227.33999633789062, 590.3099975585938] imu_ang_vel=[0.0226856991648674, -0.11197082698345184, -0.17715968191623688] imu_quat_wxyz=[-0.5847020149230957, -0.07813959568738937, 0.11355588585138321, -0.7994516491889954] status=0x8203
joint_pos=[1.619999885559082, -18.107999801635742, -0.9359999895095825, 18.0, -42.768001556396484, 16.236000061035156] joint_vel=[-2.7899999618530273, -187.82998657226562, 41.939998626708984, 26.549999237060547, -227.33999633789062, 590.3099975585938] imu_ang_vel=[0.014163587242364883, -0.13913506269454956, -0.0972648486495018] imu_quat_wxyz=[-0.5853231549263, -0.07667410373687744, 0.1150708943605423, -0.7989221811294556] status=0x8203
joint_pos=[1.619999885559082, -18.107999801635742, -0.9359999895095825, 18.0, -42.768001556396484, 16.236000061035156] joint_vel=[-2.7899999618530273, -187.82998657226562, 41.939998626708984, 26.549999237060547, -227.33999633789062, 590.3099975585938] imu_ang_vel=[0.005641471594572067, -0.14872244000434875, -0.051458485424518585] imu_quat_wxyz=[-0.5857386589050293, -0.078009694814682, 0.11579751968383789, -0.7983831167221069] status=0x8a03
joint_pos=[1.619999885559082, -18.107999801635742, -0.9359999895095825, 18.0, -42.768001556396484, 16.236000061035156] joint_vel=[-2.7899999618530273, -187.82998657226562, 41.939998626708984, 26.549999237060547, -227.33999633789062, 590.3099975585938] imu_ang_vel=[-0.014065918512642384, -0.12475399672985077, 0.008196322247385979] imu_quat_wxyz=[-0.5858196020126343, -0.07915694266557693, 0.11664526909589767, -0.7980873584747314] status=0x8a03
joint_pos=[1.619999885559082, -18.107999801635742, -0.9359999895095825, 18.0, -42.768001556396484, 16.236000061035156] joint_vel=[-2.7899999618530273, -187.82998657226562, 41.939998626708984, 26.549999237060547, -227.33999633789062, 590.3099975585938] imu_ang_vel=[0.01522885076701641, -0.09279606491327286, 0.09661325812339783] imu_quat_wxyz=[-0.5854975581169128, -0.0798582136631012, 0.11744429916143417, -0.7981367111206055] status=0x8a03
joint_pos=[1.619999885559082, -18.107999801635742, -0.9359999895095825, 18.0, -42.768001556396484, 16.236000061035156] joint_vel=[-2.7899999618530273, -187.82998657226562, 41.939998626708984, 26.549999237060547, -227.33999633789062, 590.3099975585938] imu_ang_vel=[0.12441844493150711, -0.1141013503074646, 0.24894605576992035] imu_quat_wxyz=[-0.584084153175354, -0.08080168068408966, 0.11768189817667007, -0.7990418672561646] status=0x8a03
joint_pos=[1.619999885559082, -18.107999801635742, -0.9359999895095825, 18.0, -42.768001556396484, 16.236000061035156] joint_vel=[-2.7899999618530273, -187.82998657226562, 41.939998626708984, 26.549999237060547, -227.33999633789062, 590.3099975585938] imu_ang_vel=[0.14519110321998596, -0.08480657637119293, 0.24788078665733337] imu_quat_wxyz=[-0.5829722881317139, -0.08144108206033707, 0.11759468913078308, -0.7998013496398926] status=0x8a03
joint_pos=[1.619999885559082, -18.107999801635742, -0.9359999895095825, 18.0, -42.768001556396484, 16.236000061035156] joint_vel=[-2.7899999618530273, -187.82998657226562, 41.939998626708984, 26.549999237060547, -227.33999633789062, 590.3099975585938] imu_ang_vel=[0.08180787414312363, -0.06882761418819427, 0.37944093346595764] imu_quat_wxyz=[-0.5792453289031982, -0.08310617506504059, 0.11611301451921463, -0.8025497794151306] status=0x8a03
joint_pos=[1.619999885559082, -18.107999801635742, -0.9359999895095825, 18.0, -42.768001556396484, 16.236000061035156] joint_vel=[-2.7899999618530273, -187.82998657226562, 41.939998626708984, 26.549999237060547, -227.33999633789062, 590.3099975585938] imu_ang_vel=[0.08500366657972336, -0.0864044800400734, 0.4034093916416168] imu_quat_wxyz=[-0.5760330557823181, -0.08365961164236069, 0.11630665510892868, -0.8047730922698975] status=0x8a03
joint_pos=[1.619999885559082, -18.107999801635742, -0.9359999895095825, 18.0, -42.768001556396484, 16.236000061035156] joint_vel=[-2.7899999618530273, -187.82998657226562, 41.939998626708984, 26.549999237060547, -227.33999633789062, 590.3099975585938] imu_ang_vel=[0.25757649540901184, -0.11090555787086487, 0.4795757830142975] imu_quat_wxyz=[-0.5722412467002869, -0.08477941900491714, 0.1159864142537117, -0.807403028011322] status=0x8a03
joint_pos=[1.619999885559082, -18.107999801635742, -0.9359999895095825, 18.0, -42.768001556396484, 16.236000061035156] joint_vel=[-2.7899999618530273, -187.82998657226562, 41.939998626708984, 26.549999237060547, -227.33999633789062, 590.3099975585938] imu_ang_vel=[0.1856711506843567, -0.06829498708248138, 0.5072726607322693] imu_quat_wxyz=[-0.5679643750190735, -0.08642598241567612, 0.11512764543294907, -0.8103657364845276] status=0x8a03
joint_pos=[1.619999885559082, -18.107999801635742, -0.9359999895095825, 18.0, -42.768001556396484, 16.236000061035156] joint_vel=[-2.7899999618530273, -187.82998657226562, 41.939998626708984, 26.549999237060547, -227.33999633789062, 590.3099975585938] imu_ang_vel=[0.1851385235786438, -0.03686968982219696, 0.6388328671455383] imu_quat_wxyz=[-0.5632411241531372, -0.08887403458356857, 0.11294998228549957, -0.8136972188949585] status=0x8a03
joint_pos=[1.619999885559082, -18.107999801635742, -0.9359999895095825, 18.0, -42.768001556396484, 16.236000061035156] joint_vel=[-2.7899999618530273, -187.82998657226562, 41.939998626708984, 26.549999237060547, -227.33999633789062, 590.3099975585938] imu_ang_vel=[0.18354061245918274, -0.031010732054710388, 0.5765148997306824] imu_quat_wxyz=[-0.5578071475028992, -0.08951587975025177, 0.11221323162317276, -0.8174633979797363] status=0x8a03
joint_pos=[1.619999885559082, -18.107999801635742, -0.9359999895095825, 18.0, -42.768001556396484, 16.236000061035156] joint_vel=[-2.7899999618530273, -187.82998657226562, 41.939998626708984, 26.549999237060547, -227.33999633789062, 590.3099975585938] imu_ang_vel=[0.1851385235786438, -0.03900021314620972, 0.475314736366272] imu_quat_wxyz=[-0.5531790256500244, -0.09017644077539444, 0.11141516268253326, -0.8206386566162109] status=0x8a03
joint_pos=[1.619999885559082, -18.107999801635742, -0.9359999895095825, 18.0, -42.768001556396484, 16.236000061035156] joint_vel=[-2.7899999618530273, -187.82998657226562, 41.939998626708984, 26.549999237060547, -227.33999633789062, 590.3099975585938] imu_ang_vel=[0.14146268367767334, -0.035804420709609985, 0.4774452745914459] imu_quat_wxyz=[-0.5490332841873169, -0.09096620976924896, 0.11076135188341141, -0.8234193921089172] status=0x8a03
joint_pos=[1.619999885559082, -18.107999801635742, -0.9359999895095825, 18.0, -42.768001556396484, 16.236000061035156] joint_vel=[-2.7899999618530273, -187.82998657226562, 41.939998626708984, 26.549999237060547, -227.33999633789062, 590.3099975585938] imu_ang_vel=[0.09885210543870926, -0.020890722051262856, 0.3954199254512787] imu_quat_wxyz=[-0.545116662979126, -0.09135117381811142, 0.11029252409934998, -0.8260378241539001] status=0x8a03
joint_pos=[1.619999885559082, -18.107999801635742, -0.9359999895095825, 18.0, -42.768001556396484, 16.236000061035156] joint_vel=[-2.7899999618530273, -187.82998657226562, 41.939998626708984, 26.549999237060547, -227.33999633789062, 590.3099975585938] imu_ang_vel=[0.064763642847538, -0.02994547039270401, 0.37997356057167053] imu_quat_wxyz=[-0.5417293310165405, -0.09319618344306946, 0.10879458487033844, -0.828255832195282] status=0x8a03
joint_pos=[1.619999885559082, -18.107999801635742, -0.9359999895095825, 18.0, -42.768001556396484, 16.236000061035156] joint_vel=[-2.7899999618530273, -187.82998657226562, 41.939998626708984, 26.549999237060547, -227.33999633789062, 590.3099975585938] imu_ang_vel=[0.03813203424215317, -0.04326127469539642, 0.326177716255188] imu_quat_wxyz=[-0.538579523563385, -0.0933041051030159, 0.10891865193843842, -0.8302789926528931] status=0x8a03
joint_pos=[1.619999885559082, -18.107999801635742, -0.9359999895095825, 18.0, -42.768001556396484, 16.236000061035156] joint_vel=[-2.7899999618530273, -187.82998657226562, 41.939998626708984, 26.549999237060547, -227.33999633789062, 590.3099975585938] imu_ang_vel=[0.009369896724820137, -0.01396650355309248, 0.24841342866420746] imu_quat_wxyz=[-0.5359789729118347, -0.09345763921737671, 0.10919313132762909, -0.8319069147109985] status=0x8a03
joint_pos=[1.619999885559082, -18.107999801635742, -0.9359999895095825, 18.0, -42.768001556396484, 16.236000061035156] joint_vel=[-2.7899999618530273, -187.82998657226562, 41.939998626708984, 26.549999237060547, -227.33999633789062, 590.3099975585938] imu_ang_vel=[-0.011935390532016754, 0.01000194437801838, 0.14508278667926788] imu_quat_wxyz=[-0.5341410636901855, -0.09328387677669525, 0.10941217094659805, -0.8330788612365723] status=0x8a03
joint_pos=[1.619999885559082, -18.107999801635742, -0.9359999895095825, 18.0, -42.768001556396484, 16.236000061035156] joint_vel=[-2.7899999618530273, -187.82998657226562, 41.939998626708984, 26.549999237060547, -227.33999633789062, 590.3099975585938] imu_ang_vel=[-0.022055402398109436, 0.03823144733905792, 0.0513395257294178] imu_quat_wxyz=[-0.5332018733024597, -0.09294123947620392, 0.10957205295562744, -0.8336976170539856] status=0x8a03
joint_pos=[1.619999885559082, -18.107999801635742, -0.9359999895095825, 18.0, -42.768001556396484, 16.236000061035156] joint_vel=[-2.7899999618530273, -187.82998657226562, 41.939998626708984, 26.549999237060547, -227.33999633789062, 590.3099975585938] imu_ang_vel=[-0.04921964183449745, 0.055275678634643555, 0.0023373677395284176] imu_quat_wxyz=[-0.5330196619033813, -0.0934314951300621, 0.10872393846511841, -0.8338703513145447] status=0x8a03
joint_pos=[1.619999885559082, -18.107999801635742, -0.9359999895095825, 18.0, -42.768001556396484, 16.236000061035156] joint_vel=[-2.7899999618530273, -187.82998657226562, 41.939998626708984, 26.549999237060547, -227.33999633789062, 590.3099975585938] imu_ang_vel=[-0.11313550174236298, 0.034503024071455, 0.025240551680326462] imu_quat_wxyz=[-0.5329664349555969, -0.09266860783100128, 0.10913930088281631, -0.8339352011680603] status=0x8a03
joint_pos=[1.619999885559082, -18.107999801635742, -0.9359999895095825, 18.0, -42.768001556396484, 16.236000061035156] joint_vel=[-2.7899999618530273, -187.82998657226562, 41.939998626708984, 26.549999237060547, -227.33999633789062, 590.3099975585938] imu_ang_vel=[-0.1168639287352562, 0.0531451478600502, -0.07276377081871033] imu_quat_wxyz=[-0.5331429839134216, -0.0916864350438118, 0.1099030077457428, -0.8338306546211243] status=0x8a03
joint_pos=[1.619999885559082, -18.107999801635742, -0.9359999895095825, 18.0, -42.768001556396484, 16.236000061035156] joint_vel=[-2.7899999618530273, -187.82998657226562, 41.939998626708984, 26.549999237060547, -227.33999633789062, 590.3099975585938] imu_ang_vel=[-0.11313550174236298, 0.05207988619804382, -0.14679963886737823] imu_quat_wxyz=[-0.5340873599052429, -0.09079814702272415, 0.11053845286369324, -0.8332393169403076] status=0x8a03
joint_pos=[1.619999885559082, -18.107999801635742, -0.9359999895095825, 18.0, -42.768001556396484, 16.236000061035156] joint_vel=[-2.7899999618530273, -187.82998657226562, 41.939998626708984, 26.549999237060547, -227.33999633789062, 590.3099975585938] imu_ang_vel=[-0.10354811698198318, 0.07338517159223557, -0.17875757813453674] imu_quat_wxyz=[-0.5355695486068726, -0.08987554162740707, 0.11101766675710678, -0.8323236703872681] status=0x8a03
joint_pos=[1.619999885559082, -18.107999801635742, -0.9359999895095825, 18.0, -42.768001556396484, 16.236000061035156] joint_vel=[-2.7899999618530273, -187.82998657226562, 41.939998626708984, 26.549999237060547, -227.33999633789062, 590.3099975585938] imu_ang_vel=[-0.07318808883428574, 0.04888409376144409, -0.17875757813453674] imu_quat_wxyz=[-0.5372276306152344, -0.08918731659650803, 0.11105944216251373, -0.831322968006134] status=0x8a03
joint_pos=[1.619999885559082, -18.107999801635742, -0.9359999895095825, 18.0, -42.768001556396484, 16.236000061035156] joint_vel=[-2.7899999618530273, -187.82998657226562, 41.939998626708984, 26.549999237060547, -227.33999633789062, 590.3099975585938] imu_ang_vel=[-0.03643646836280823, 0.02811143733561039, -0.18461653590202332] imu_quat_wxyz=[-0.5387912392616272, -0.08868696540594101, 0.11121208965778351, -0.8303436040878296] status=0x8a03
joint_pos=[1.619999885559082, -18.107999801635742, -0.9359999895095825, 18.0, -42.768001556396484, 16.236000061035156] joint_vel=[-2.7899999618530273, -187.82998657226562, 41.939998626708984, 26.549999237060547, -227.33999633789062, 590.3099975585938] imu_ang_vel=[0.01895727589726448, 0.007871415466070175, -0.22562921047210693] imu_quat_wxyz=[-0.5404154062271118, -0.08861294388771057, 0.11110170185565948, -0.8293101191520691] status=0x8a03
joint_pos=[1.619999885559082, -18.107999801635742, -0.9359999895095825, 18.0, -42.768001556396484, 16.236000061035156] joint_vel=[-2.7899999618530273, -187.82998657226562, 41.939998626708984, 26.549999237060547, -227.33999633789062, 590.3099975585938] imu_ang_vel=[0.02215307205915451, -0.0011833312455564737, -0.2884797751903534] imu_quat_wxyz=[-0.5413492321968079, -0.08876559138298035, 0.11089843511581421, -0.8287118673324585] status=0x8a03
joint_pos=[1.619999885559082, -18.107999801635742, -0.9359999895095825, 18.0, -42.768001556396484, 16.236000061035156] joint_vel=[-2.7899999618530273, -187.82998657226562, 41.939998626708984, 26.549999237060547, -227.33999633789062, 590.3099975585938] imu_ang_vel=[-0.018859608098864555, -0.011835974641144276, -0.33109036087989807] imu_quat_wxyz=[-0.5449215173721313, -0.08940431475639343, 0.11034870892763138, -0.826371967792511] status=0x8a03
joint_pos=[1.619999885559082, -18.107999801635742, -0.9359999895095825, 18.0, -42.768001556396484, 16.236000061035156] joint_vel=[-2.7899999618530273, -187.82998657226562, 41.939998626708984, 26.549999237060547, -227.33999633789062, 590.3099975585938] imu_ang_vel=[-0.022588033229112625, -0.00864018127322197, -0.264511376619339] imu_quat_wxyz=[-0.5477184653282166, -0.08897465467453003, 0.11043606698513031, -0.8245556354522705] status=0x8a03
joint_pos=[1.619999885559082, -18.107999801635742, -0.9359999895095825, 18.0, -42.768001556396484, 16.236000061035156] joint_vel=[-2.7899999618530273, -187.82998657226562, 41.939998626708984, 26.549999237060547, -227.33999633789062, 590.3099975585938] imu_ang_vel=[-0.06892703473567963, 0.030774597078561783, -0.26184818148612976] imu_quat_wxyz=[-0.5498385429382324, -0.08903171867132187, 0.110505610704422, -0.823127806186676] status=0x8a03
joint_pos=[1.619999885559082, -18.107999801635742, -0.9359999895095825, 18.0, -42.768001556396484, 16.236000061035156] joint_vel=[-2.7899999618530273, -187.82998657226562, 41.939998626708984, 26.549999237060547, -227.33999633789062, 590.3099975585938] imu_ang_vel=[-0.07531861960887909, 0.025448277592658997, -0.29487138986587524] imu_quat_wxyz=[-0.5521896481513977, -0.08865533024072647, 0.11074884980916977, -0.8215605020523071] status=0x8a03
joint_pos=[1.619999885559082, -18.107999801635742, -0.9359999895095825, 18.0, -42.768001556396484, 16.236000061035156] joint_vel=[-2.7899999618530273, -187.82998657226562, 41.939998626708984, 26.549999237060547, -227.33999633789062, 590.3099975585938] imu_ang_vel=[-0.013355742208659649, 0.03521319851279259, -0.2749864459037781] imu_quat_wxyz=[-0.5546203851699829, -0.0884246677160263, 0.1108347475528717, -0.8199347853660583] status=0x8a03
joint_pos=[1.619999885559082, -18.107999801635742, -0.9359999895095825, 18.0, -42.768001556396484, 16.236000061035156] joint_vel=[-2.7899999618530273, -187.82998657226562, 41.939998626708984, 26.549999237060547, -227.33999633789062, 590.3099975585938] imu_ang_vel=[-0.00820696447044611, 0.01745879463851452, -0.2650440037250519] imu_quat_wxyz=[-0.5568569302558899, -0.08843214064836502, 0.11049214750528336, -0.8184630274772644] status=0x8a03
joint_pos=[1.619999885559082, -18.107999801635742, -0.9359999895095825, 18.0, -42.768001556396484, 16.236000061035156] joint_vel=[-2.7899999618530273, -187.82998657226562, 41.939998626708984, 26.549999237060547, -227.33999633789062, 590.3099975585938] imu_ang_vel=[-0.0422954224050045, -0.005977020598948002, -0.1989975869655609] imu_quat_wxyz=[-0.5590644478797913, -0.08821425586938858, 0.11040747910737991, -0.8169916868209839] status=0x8a03
joint_pos=[1.619999885559082, -18.107999801635742, -0.9359999895095825, 18.0, -42.768001556396484, 16.236000061035156] joint_vel=[-2.7899999618530273, -187.82998657226562, 41.939998626708984, 26.549999237060547, -227.33999633789062, 590.3099975585938] imu_ang_vel=[-0.06360071152448654, -0.011835974641144276, -0.13082067668437958] imu_quat_wxyz=[-0.560554563999176, -0.08820386976003647, 0.11072076112031937, -0.8159286379814148] status=0x8a03
joint_pos=[1.619999885559082, -18.107999801635742, -0.9359999895095825, 18.0, -42.768001556396484, 16.236000061035156] joint_vel=[-2.7899999618530273, -187.82998657226562, 41.939998626708984, 26.549999237060547, -227.33999633789062, 590.3099975585938] imu_ang_vel=[-0.06839440017938614, -0.0038464919198304415, -0.05625217407941818] imu_quat_wxyz=[-0.5614330172538757, -0.08805174380540848, 0.1112123504281044, -0.8152740597724915] status=0x8a03
joint_pos=[1.619999885559082, -18.107999801635742, -0.9359999895095825, 18.0, -42.768001556396484, 16.236000061035156] joint_vel=[-2.7899999618530273, -187.82998657226562, 41.939998626708984, 26.549999237060547, -227.33999633789062, 590.3099975585938] imu_ang_vel=[-0.030044883489608765, 0.015860898420214653, -0.016837390139698982] imu_quat_wxyz=[-0.5618107318878174, -0.08774793893098831, 0.11167459934949875, -0.8149833679199219] status=0x8a03
joint_pos=[1.619999885559082, -18.107999801635742, -0.9359999895095825, 18.0, -42.768001556396484, 16.236000061035156] joint_vel=[-2.7899999618530273, -187.82998657226562, 41.939998626708984, 26.549999237060547, -227.33999633789062, 590.3099975585938] imu_ang_vel=[0.020022541284561157, 0.008404048159718513, 0.053470052778720856] imu_quat_wxyz=[-0.5617783665657043, -0.08750861138105392, 0.11175239831209183, -0.815020740032196] status=0x8a03
joint_pos=[1.619999885559082, -18.107999801635742, -0.9359999895095825, 18.0, -42.768001556396484, 16.236000061035156] joint_vel=[-2.7899999618530273, -187.82998657226562, 41.939998626708984, 26.549999237060547, -227.33999633789062, 590.3099975585938] imu_ang_vel=[0.034936241805553436, -0.009705445729196072, 0.10833117365837097] imu_quat_wxyz=[-0.5611392259597778, -0.08771511912345886, 0.11137422919273376, -0.8154903650283813] status=0x8a03
joint_pos=[1.619999885559082, -18.107999801635742, -0.9359999895095825, 18.0, -42.768001556396484, 16.236000061035156] joint_vel=[-2.7899999618530273, -187.82998657226562, 41.939998626708984, 26.549999237060547, -227.33999633789062, 590.3099975585938] imu_ang_vel=[0.03440360724925995, -0.011303341947495937, 0.12644065916538239] imu_quat_wxyz=[-0.5601664185523987, -0.0878501757979393, 0.11126565933227539, -0.8161592483520508] status=0x8a03
joint_pos=[1.619999885559082, -18.107999801635742, -0.9359999895095825, 18.0, -42.768001556396484, 16.236000061035156] joint_vel=[-2.7899999618530273, -187.82998657226562, 41.939998626708984, 26.549999237060547, -227.33999633789062, 590.3099975585938] imu_ang_vel=[0.04931730777025223, -0.012901238165795803, 0.1994112730026245] imu_quat_wxyz=[-0.5588837265968323, -0.08802764862775803, 0.11115556210279465, -0.8170340657234192] status=0x8a03
joint_pos=[1.619999885559082, -18.107999801635742, -0.9359999895095825, 18.0, -42.768001556396484, 16.236000061035156] joint_vel=[-2.7899999618530273, -187.82998657226562, 41.939998626708984, 26.549999237060547, -227.33999633789062, 590.3099975585938] imu_ang_vel=[0.04079519212245941, 0.0004145654384046793, 0.24788080155849457] imu_quat_wxyz=[-0.5570138096809387, -0.08812851458787918, 0.11102772504091263, -0.8183164596557617] status=0x8a03
joint_pos=[1.619999885559082, -18.107999801635742, -0.9359999895095825, 18.0, -42.768001556396484, 16.236000061035156] joint_vel=[-2.7899999618530273, -187.82998657226562, 41.939998626708984, 26.549999237060547, -227.33999633789062, 590.3099975585938] imu_ang_vel=[0.053578369319438934, -0.012901238165795803, 0.2835671603679657] imu_quat_wxyz=[-0.5548355579376221, -0.08810379356145859, 0.11093604564666748, -0.8198099732398987] status=0x8a03
joint_pos=[1.619999885559082, -18.107999801635742, -0.9359999895095825, 18.0, -42.768001556396484, 16.236000061035156] joint_vel=[-2.7899999618530273, -187.82998657226562, 41.939998626708984, 26.549999237060547, -227.33999633789062, 590.3099975585938] imu_ang_vel=[0.05144783854484558, -0.027282308787107468, 0.30860087275505066] imu_quat_wxyz=[-0.5521556735038757, -0.08955465257167816, 0.11000252515077591, -0.821586012840271] status=0x8a03
joint_pos=[1.619999885559082, -18.107999801635742, -0.9359999895095825, 18.0, -42.768001556396484, 16.236000061035156] joint_vel=[-2.7899999618530273, -187.82998657226562, 41.939998626708984, 26.549999237060547, -227.33999633789062, 590.3099975585938] imu_ang_vel=[0.03333834558725357, -0.03633705526590347, 0.31818825006484985] imu_quat_wxyz=[-0.5494808554649353, -0.08971892297267914, 0.11010231822729111, -0.8233460783958435] status=0x8a03
joint_pos=[1.619999885559082, -18.107999801635742, -0.9359999895095825, 18.0, -42.768001556396484, 16.236000061035156] joint_vel=[-2.7899999618530273, -187.82998657226562, 41.939998626708984, 26.549999237060547, -227.33999633789062, 590.3099975585938] imu_ang_vel=[0.04186046123504639, -0.0491202250123024, 0.3022092878818512] imu_quat_wxyz=[-0.546798586845398, -0.08993638306856155, 0.11036064475774765, -0.8250717520713806] status=0x8a03
joint_pos=[1.619999885559082, -18.107999801635742, -0.9359999895095825, 18.0, -42.768001556396484, 16.236000061035156] joint_vel=[-2.7899999618530273, -187.82998657226562, 41.939998626708984, 26.549999237060547, -227.33999633789062, 590.3099975585938] imu_ang_vel=[0.0599699541926384, -0.007042285054922104, 0.2649250328540802] imu_quat_wxyz=[-0.5442543625831604, -0.09023438394069672, 0.11049923300743103, -0.8267011642456055] status=0x8a03
joint_pos=[1.619999885559082, -18.107999801635742, -0.9359999895095825, 18.0, -42.768001556396484, 16.236000061035156] joint_vel=[-2.7899999618530273, -187.82998657226562, 41.939998626708984, 26.549999237060547, -227.33999633789062, 590.3099975585938] imu_ang_vel=[0.04931730777025223, 0.013730370439589024, 0.21485760807991028] imu_quat_wxyz=[-0.54212486743927, -0.09023098647594452, 0.11024001985788345, -0.8281341791152954] status=0x8a03
joint_pos=[1.619999885559082, -18.107999801635742, -0.9359999895095825, 18.0, -42.768001556396484, 16.236000061035156] joint_vel=[-2.7899999618530273, -187.82998657226562, 41.939998626708984, 26.549999237060547, -227.33999633789062, 590.3099975585938] imu_ang_vel=[0.04026256501674652, 0.01692616194486618, 0.14241962134838104] imu_quat_wxyz=[-0.5399308800697327, -0.09238740056753159, 0.10907802730798721, -0.8294825553894043] status=0x8a03
joint_pos=[1.619999885559082, -18.107999801635742, -0.9359999895095825, 18.0, -42.768001556396484, 16.236000061035156] joint_vel=[-2.7899999618530273, -187.82998657226562, 41.939998626708984, 26.549999237060547, -227.33999633789062, 590.3099975585938] imu_ang_vel=[0.031207814812660217, 0.006806151010096073, 0.08329746127128601] imu_quat_wxyz=[-0.5388491153717041, -0.09237612783908844, 0.10885076969861984, -0.8302167057991028] status=0x8a03
joint_pos=[1.619999885559082, -18.107999801635742, -0.9359999895095825, 18.0, -42.768001556396484, 16.236000061035156] joint_vel=[-2.7899999618530273, -187.82998657226562, 41.939998626708984, 26.549999237060547, -227.33999633789062, 590.3099975585938] imu_ang_vel=[-0.00447853934019804, 0.016393529251217842, 0.04441530629992485] imu_quat_wxyz=[-0.5382194519042969, -0.09231330454349518, 0.10869180411100388, -0.8306529521942139] status=0x8a03
joint_pos=[1.619999885559082, -18.107999801635742, -0.9359999895095825, 18.0, -42.768001556396484, 16.236000061035156] joint_vel=[-2.7899999618530273, -187.82998657226562, 41.939998626708984, 26.549999237060547, -227.33999633789062, 590.3099975585938] imu_ang_vel=[-0.023653298616409302, 0.03183986246585846, -0.020565815269947052] imu_quat_wxyz=[-0.5380452871322632, -0.0920448899269104, 0.10873933136463165, -0.83078932762146] status=0x8a03
joint_pos=[1.619999885559082, -18.107999801635742, -0.9359999895095825, 18.0, -42.768001556396484, 16.236000061035156] joint_vel=[-2.7899999618530273, -187.82998657226562, 41.939998626708984, 26.549999237060547, -227.33999633789062, 590.3099975585938] imu_ang_vel=[-0.019924871623516083, 0.040361978113651276, -0.0509258508682251] imu_quat_wxyz=[-0.5383506417274475, -0.09167040139436722, 0.10872241109609604, -0.8306350708007812] status=0x8a03
joint_pos=[1.619999885559082, -18.107999801635742, -0.9359999895095825, 18.0, -42.768001556396484, 16.236000061035156] joint_vel=[-2.7899999618530273, -187.82998657226562, 41.939998626708984, 26.549999237060547, -227.33999633789062, 590.3099975585938] imu_ang_vel=[-0.03803436458110809, 0.04355777055025101, -0.06743744760751724] imu_quat_wxyz=[-0.5388209223747253, -0.09192617237567902, 0.10825410485267639, -0.8303629755973816] status=0x8a03
joint_pos=[1.619999885559082, -18.107999801635742, -0.9359999895095825, 18.0, -42.768001556396484, 16.236000061035156] joint_vel=[-2.7899999618530273, -187.82998657226562, 41.939998626708984, 26.549999237060547, -227.33999633789062, 590.3099975585938] imu_ang_vel=[-0.03643646836280823, 0.0392967127263546, -0.08022062480449677] imu_quat_wxyz=[-0.5394797325134277, -0.09143773466348648, 0.10829510539770126, -0.8299837112426758] status=0x8a03
joint_pos=[1.619999885559082, -18.107999801635742, -0.9359999895095825, 18.0, -42.768001556396484, 16.236000061035156] joint_vel=[-2.7899999618530273, -187.82998657226562, 41.939998626708984, 26.549999237060547, -227.33999633789062, 590.3099975585938] imu_ang_vel=[-0.023120665922760963, 0.014795633964240551, -0.09087326377630234] imu_quat_wxyz=[-0.5401893854141235, -0.09109493345022202, 0.10831822454929352, -0.8295567631721497] status=0x8a03
joint_pos=[1.619999885559082, -18.107999801635742, -0.9359999895095825, 18.0, -42.768001556396484, 16.236000061035156] joint_vel=[-2.7899999618530273, -187.82998657226562, 41.939998626708984, 26.549999237060547, -227.33999633789062, 590.3099975585938] imu_ang_vel=[-0.014598551206290722, 0.008404048159718513, -0.10685223340988159] imu_quat_wxyz=[-0.541000485420227, -0.09100338816642761, 0.1083555817604065, -0.8290331363677979] status=0x8a03
joint_pos=[1.619999885559082, -18.107999801635742, -0.9359999895095825, 18.0, -42.768001556396484, 16.236000061035156] joint_vel=[-2.7899999618530273, -187.82998657226562, 41.939998626708984, 26.549999237060547, -227.33999633789062, 590.3099975585938] imu_ang_vel=[-0.018326975405216217, 0.01745879463851452, -0.10259117186069489] imu_quat_wxyz=[-0.5418803691864014, -0.0909372866153717, 0.10834532976150513, -0.8284669518470764] status=0x8a03
joint_pos=[1.619999885559082, -18.107999801635742, -0.9359999895095825, 18.0, -42.768001556396484, 16.236000061035156] joint_vel=[-2.7899999618530273, -187.82998657226562, 41.939998626708984, 26.549999237060547, -227.33999633789062, 590.3099975585938] imu_ang_vel=[-0.018859608098864555, 0.022252483293414116, -0.10578696429729462] imu_quat_wxyz=[-0.5428724884986877, -0.09109540283679962, 0.10794954001903534, -0.827851414680481] status=0x8a03
joint_pos=[1.619999885559082, -18.107999801635742, -0.9359999895095825, 18.0, -42.768001556396484, 16.236000061035156] joint_vel=[-2.7899999618530273, -187.82998657226562, 41.939998626708984, 26.549999237060547, -227.33999633789062, 590.3099975585938] imu_ang_vel=[-0.019924871623516083, 0.016393529251217842, -0.11910276859998703] imu_quat_wxyz=[-0.5437980890274048, -0.09092593938112259, 0.10792524367570877, -0.8272655606269836] status=0x8a03
joint_pos=[1.619999885559082, -18.107999801635742, -0.9359999895095825, 18.0, -42.768001556396484, 16.236000061035156] joint_vel=[-2.7899999618530273, -187.82998657226562, 41.939998626708984, 26.549999237060547, -227.33999633789062, 590.3099975585938] imu_ang_vel=[-0.013000654056668282, 0.0014798296615481377, -0.13827753067016602] imu_quat_wxyz=[-0.5448440909385681, -0.09084650129079819, 0.10790301859378815, -0.8265886902809143] status=0x8a03
joint_pos=[1.619999885559082, -18.107999801635742, -0.9359999895095825, 18.0, -42.768001556396484, 16.236000061035156] joint_vel=[-2.7899999618530273, -187.82998657226562, 41.939998626708984, 26.549999237060547, -227.33999633789062, 590.3099975585938] imu_ang_vel=[-0.008206965401768684, -0.01396650355309248, -0.14626699686050415] imu_quat_wxyz=[-0.545988142490387, -0.09096313267946243, 0.10790206491947174, -0.825820803642273] status=0x8a03
joint_pos=[1.619999885559082, -18.107999801635742, -0.9359999895095825, 18.0, -42.768001556396484, 16.236000061035156] joint_vel=[-2.7899999618530273, -187.82998657226562, 41.939998626708984, 26.549999237060547, -227.33999633789062, 590.3099975585938] imu_ang_vel=[-0.005011171102523804, -0.018227562308311462, -0.14999544620513916] imu_quat_wxyz=[-0.5471751689910889, -0.09122918546199799, 0.10792552679777145, -0.8250022530555725] status=0x8a03
joint_pos=[1.619999885559082, -18.107999801635742, -0.9359999895095825, 18.0, -42.768001556396484, 16.236000061035156] joint_vel=[-2.7899999618530273, -187.82998657226562, 41.939998626708984, 26.549999237060547, -227.33999633789062, 590.3099975585938] imu_ang_vel=[-0.010870125144720078, -0.009172813035547733, -0.13774490356445312] imu_quat_wxyz=[-0.5485995411872864, -0.09127319604158401, 0.10778336226940155, -0.8240695595741272] status=0x8a03
joint_pos=[1.619999885559082, -18.107999801635742, -0.9359999895095825, 18.0, -42.768001556396484, 16.236000061035156] joint_vel=[-2.7899999618530273, -187.82998657226562, 41.939998626708984, 26.549999237060547, -227.33999633789062, 590.3099975585938] imu_ang_vel=[-0.014065918512642384, -0.0017159634735435247, -0.11537434160709381] imu_quat_wxyz=[-0.5496543645858765, -0.09139357507228851, 0.10781466960906982, -0.823348879814148] status=0x8a03
joint_pos=[1.619999885559082, -18.107999801635742, -0.9359999895095825, 18.0, -42.768001556396484, 16.236000061035156] joint_vel=[-2.7899999618530273, -187.82998657226562, 41.939998626708984, 26.549999237060547, -227.33999633789062, 590.3099975585938] imu_ang_vel=[-0.015663815662264824, 0.0014798296615481377, -0.09300379455089569] imu_quat_wxyz=[-0.550540566444397, -0.09143411368131638, 0.10786700993776321, -0.8227452039718628] status=0x8a03
joint_pos=[1.619999885559082, -18.107999801635742, -0.9359999895095825, 18.0, -42.768001556396484, 16.236000061035156] joint_vel=[-2.7899999618530273, -187.82998657226562, 41.939998626708984, 26.549999237060547, -227.33999633789062, 590.3099975585938] imu_ang_vel=[-0.015131182968616486, -0.004379124380648136, -0.06424165517091751] imu_quat_wxyz=[-0.5512183904647827, -0.09143950045108795, 0.10793732106685638, -0.8222813606262207] status=0x8a03
joint_pos=[1.619999885559082, -18.107999801635742, -0.9359999895095825, 18.0, -42.768001556396484, 16.236000061035156] joint_vel=[-2.7899999618530273, -187.82998657226562, 41.939998626708984, 26.549999237060547, -227.33999633789062, 590.3099975585938] imu_ang_vel=[-0.01353328675031662, -0.009172813035547733, -0.047730058431625366] imu_quat_wxyz=[-0.5516785383224487, -0.09146252274513245, 0.10804875940084457, -0.8219555020332336] status=0x8a03
joint_pos=[1.619999885559082, -18.107999801635742, -0.9359999895095825, 18.0, -42.768001556396484, 16.236000061035156] joint_vel=[-2.7899999618530273, -187.82998657226562, 41.939998626708984, 26.549999237060547, -227.33999633789062, 590.3099975585938] imu_ang_vel=[0.002978309988975525, -0.018227562308311462, -0.03920794278383255] imu_quat_wxyz=[-0.5523363351821899, -0.09144986420869827, 0.10786959528923035, -0.8215386867523193] status=0x8a03
joint_pos=[1.619999885559082, -18.107999801635742, -0.9359999895095825, 18.0, -42.768001556396484, 16.236000061035156] joint_vel=[-2.7899999618530273, -187.82998657226562, 41.939998626708984, 26.549999237060547, -227.33999633789062, 590.3099975585938] imu_ang_vel=[0.014696218073368073, -0.02248861826956272, 0.003935264423489571] imu_quat_wxyz=[-0.5525007247924805, -0.09168366342782974, 0.10790567845106125, -0.8213972449302673] status=0x8a03
joint_pos=[1.619999885559082, -18.107999801635742, -0.9359999895095825, 18.0, -42.768001556396484, 16.236000061035156] joint_vel=[-2.7899999618530273, -187.82998657226562, 41.939998626708984, 26.549999237060547, -227.33999633789062, 590.3099975585938] imu_ang_vel=[0.005641471594572067, -0.014499134384095669, 0.035360559821128845] imu_quat_wxyz=[-0.5523141622543335, -0.09190629422664642, 0.10798557847738266, -0.8214872479438782] status=0x8a03
joint_pos=[1.619999885559082, -18.107999801635742, -0.9359999895095825, 18.0, -42.768001556396484, 16.236000061035156] joint_vel=[-2.7899999618530273, -187.82998657226562, 41.939998626708984, 26.549999237060547, -227.33999633789062, 590.3099975585938] imu_ang_vel=[0.012565689161419868, -0.009172813035547733, 0.06252480298280716] imu_quat_wxyz=[-0.5519116520881653, -0.09198170900344849, 0.10805974900722504, -0.8217396140098572] status=0x8a03
joint_pos=[1.619999885559082, -18.107999801635742, -0.9359999895095825, 18.0, -42.768001556396484, 16.236000061035156] joint_vel=[-2.7899999618530273, -187.82998657226562, 41.939998626708984, 26.549999237060547, -227.33999633789062, 590.3099975585938] imu_ang_vel=[0.01842464506626129, -0.005977020598948002, 0.0886237770318985] imu_quat_wxyz=[-0.551273763179779, -0.09206298738718033, 0.10806561261415482, -0.8221578001976013] status=0x8a03
joint_pos=[1.619999885559082, -18.107999801635742, -0.9359999895095825, 18.0, -42.768001556396484, 16.236000061035156] joint_vel=[-2.7899999618530273, -187.82998657226562, 41.939998626708984, 26.549999237060547, -227.33999633789062, 590.3099975585938] imu_ang_vel=[0.017359379678964615, 0.003077726112678647, 0.11046169698238373] imu_quat_wxyz=[-0.5506343841552734, -0.09285394847393036, 0.10711833089590073, -0.8226212859153748] status=0x8a03
joint_pos=[1.619999885559082, -18.107999801635742, -0.9359999895095825, 18.0, -42.768001556396484, 16.236000061035156] joint_vel=[-2.7899999618530273, -187.82998657226562, 41.939998626708984, 26.549999237060547, -227.33999633789062, 590.3099975585938] imu_ang_vel=[0.021620437502861023, -0.0011833312455564737, 0.12484276294708252] imu_quat_wxyz=[-0.5496478080749512, -0.0928322821855545, 0.10707992315292358, -0.8232881426811218] status=0x8a03
joint_pos=[1.619999885559082, -18.107999801635742, -0.9359999895095825, 18.0, -42.768001556396484, 16.236000061035156] joint_vel=[-2.7899999618530273, -187.82998657226562, 41.939998626708984, 26.549999237060547, -227.33999633789062, 590.3099975585938] imu_ang_vel=[0.025881491601467133, -0.010238077491521835, 0.1296364665031433] imu_quat_wxyz=[-0.5485515594482422, -0.09287448972463608, 0.10704505443572998, -0.8240187764167786] status=0x8a03
joint_pos=[1.619999885559082, -18.107999801635742, -0.9359999895095825, 18.0, -42.768001556396484, 16.236000061035156] joint_vel=[-2.7899999618530273, -187.82998657226562, 41.939998626708984, 26.549999237060547, -227.33999633789062, 590.3099975585938] imu_ang_vel=[0.025348860770463943, 0.0014798296615481377, 0.13283225893974304] imu_quat_wxyz=[-0.5474188327789307, -0.09294258803129196, 0.10700405389070511, -0.8247693777084351] status=0x8a03
joint_pos=[1.619999885559082, -18.107999801635742, -0.9359999895095825, 18.0, -42.768001556396484, 16.236000061035156] joint_vel=[-2.7899999618530273, -187.82998657226562, 41.939998626708984, 26.549999237060547, -227.33999633789062, 590.3099975585938] imu_ang_vel=[0.021087802946567535, 0.0014798296615481377, 0.13176697492599487] imu_quat_wxyz=[-0.546272337436676, -0.09291841089725494, 0.10694846510887146, -0.8255391716957092] status=0x8a03
joint_pos=[1.619999885559082, -18.107999801635742, -0.9359999895095825, 18.0, -42.768001556396484, 16.236000061035156] joint_vel=[-2.7899999618530273, -187.82998657226562, 41.939998626708984, 26.549999237060547, -227.33999633789062, 590.3099975585938] imu_ang_vel=[0.017892010509967804, 0.006806151010096073, 0.11419012397527695] imu_quat_wxyz=[-0.5447218418121338, -0.09503267705440521, 0.10551819950342178, -0.8265064358711243] status=0x8a03
joint_pos=[1.619999885559082, -18.107999801635742, -0.9359999895095825, 18.0, -42.768001556396484, 16.236000061035156] joint_vel=[-2.7899999618530273, -187.82998657226562, 41.939998626708984, 26.549999237060547, -227.33999633789062, 590.3099975585938] imu_ang_vel=[0.014696218073368073, 0.005208254791796207, 0.09501536190509796] imu_quat_wxyz=[-0.543786346912384, -0.09496934711933136, 0.10545019060373306, -0.8271381258964539] status=0x8a03
joint_pos=[1.619999885559082, -18.107999801635742, -0.9359999895095825, 18.0, -42.768001556396484, 16.236000061035156] joint_vel=[-2.7899999618530273, -187.82998657226562, 41.939998626708984, 26.549999237060547, -227.33999633789062, 590.3099975585938] imu_ang_vel=[0.008837264031171799, 0.005208254791796207, 0.06305743753910065] imu_quat_wxyz=[-0.5430477261543274, -0.09491331875324249, 0.10540425032377243, -0.8276355266571045] status=0x8a03
joint_pos=[1.619999885559082, -18.107999801635742, -0.9359999895095825, 18.0, -42.768001556396484, 16.236000061035156] joint_vel=[-2.7899999618530273, -187.82998657226562, 41.939998626708984, 26.549999237060547, -227.33999633789062, 590.3099975585938] imu_ang_vel=[0.006174104288220406, 0.003610358340665698, 0.0257731843739748] imu_quat_wxyz=[-0.5427795052528381, -0.0948919802904129, 0.10539176315069199, -0.8278155326843262] status=0x8a03
joint_pos=[1.619999885559082, -18.107999801635742, -0.9359999895095825, 18.0, -42.768001556396484, 16.236000061035156] joint_vel=[-2.7899999618530273, -187.82998657226562, 41.939998626708984, 26.549999237060547, -227.33999633789062, 590.3099975585938] imu_ang_vel=[-0.0012827469035983086, 0.005208254791796207, -0.009380539879202843] imu_quat_wxyz=[-0.5424438118934631, -0.0948568806052208, 0.10534924268722534, -0.8280450701713562] status=0x8a03
joint_pos=[1.619999885559082, -18.107999801635742, -0.9359999895095825, 18.0, -42.768001556396484, 16.236000061035156] joint_vel=[-2.7899999618530273, -187.82998657226562, 41.939998626708984, 26.549999237060547, -227.33999633789062, 590.3099975585938] imu_ang_vel=[-0.009272228926420212, 0.010534576140344143, -0.03814268112182617] imu_quat_wxyz=[-0.5421985983848572, -0.09555372595787048, 0.10508386790752411, -0.8281590938568115] status=0x8a03
joint_pos=[1.619999885559082, -18.107999801635742, -0.9359999895095825, 18.0, -42.768001556396484, 16.236000061035156] joint_vel=[-2.7899999618530273, -187.82998657226562, 41.939998626708984, 26.549999237060547, -227.33999633789062, 590.3099975585938] imu_ang_vel=[-0.014065918512642384, 0.014263002201914787, -0.055719539523124695] imu_quat_wxyz=[-0.5425593256950378, -0.09545417129993439, 0.10508763790130615, -0.8279338479042053] status=0x8a03
joint_pos=[1.619999885559082, -18.107999801635742, -0.9359999895095825, 18.0, -42.768001556396484, 16.236000061035156] joint_vel=[-2.7899999618530273, -187.82998657226562, 41.939998626708984, 26.549999237060547, -227.33999633789062, 590.3099975585938] imu_ang_vel=[-0.00980486162006855, 0.012665105052292347, -0.05625217407941818] imu_quat_wxyz=[-0.5430335998535156, -0.0953347384929657, 0.10508362203836441, -0.8276371359825134] status=0x8a03
joint_pos=[1.619999885559082, -18.107999801635742, -0.9359999895095825, 18.0, -42.768001556396484, 16.236000061035156] joint_vel=[-2.7899999618530273, -187.82998657226562, 41.939998626708984, 26.549999237060547, -227.33999633789062, 590.3099975585938] imu_ang_vel=[-0.005011171102523804, 0.008404048159718513, -0.051991116255521774] imu_quat_wxyz=[-0.5434903502464294, -0.09526649862527847, 0.10505500435829163, -0.8273488283157349] status=0x8a03
joint_pos=[1.619999885559082, -18.107999801635742, -0.9359999895095825, 18.0, -42.768001556396484, 16.236000061035156] joint_vel=[-2.7899999618530273, -187.82998657226562, 41.939998626708984, 26.549999237060547, -227.33999633789062, 590.3099975585938] imu_ang_vel=[-0.00447853934019804, 0.003610358340665698, -0.04027320444583893] imu_quat_wxyz=[-0.5438855290412903, -0.09524577111005783, 0.1050092950463295, -0.8270972967147827] status=0x8a03
joint_pos=[1.619999885559082, -18.107999801635742, -0.9359999895095825, 18.0, -42.768001556396484, 16.236000061035156] joint_vel=[-2.7899999618530273, -187.82998657226562, 41.939998626708984, 26.549999237060547, -227.33999633789062, 590.3099975585938] imu_ang_vel=[-0.003945907577872276, 0.0057408870197832584, -0.02802266553044319] imu_quat_wxyz=[-0.5441269278526306, -0.09564041346311569, 0.10473781079053879, -0.8269273638725281] status=0x8a03
joint_pos=[1.619999885559082, -18.107999801635742, -0.9359999895095825, 18.0, -42.768001556396484, 16.236000061035156] joint_vel=[-2.7899999618530273, -187.82998657226562, 41.939998626708984, 26.549999237060547, -227.33999633789062, 590.3099975585938] imu_ang_vel=[0.0008477829396724701, 0.01000194437801838, -0.01790265366435051] imu_quat_wxyz=[-0.5443116426467896, -0.095590740442276, 0.10470913350582123, -0.8268150687217712] status=0x8a03
joint_pos=[1.619999885559082, -18.107999801635742, -0.9359999895095825, 18.0, -42.768001556396484, 16.236000061035156] joint_vel=[-2.7899999618530273, -187.82998657226562, 41.939998626708984, 26.549999237060547, -227.33999633789062, 590.3099975585938] imu_ang_vel=[-0.00021748244762420654, 0.008404048159718513, -0.012576332315802574] imu_quat_wxyz=[-0.5444319844245911, -0.09554122388362885, 0.1046605259180069, -0.8267478346824646] status=0x8a03
joint_pos=[1.619999885559082, -18.107999801635742, -0.9359999895095825, 18.0, -42.768001556396484, 16.236000061035156] joint_vel=[-2.7899999618530273, -187.82998657226562, 41.939998626708984, 26.549999237060547, -227.33999633789062, 590.3099975585938] imu_ang_vel=[0.0008477829396724701, 0.0057408870197832584, -0.007782644126564264] imu_quat_wxyz=[-0.544510543346405, -0.09549563378095627, 0.10462073981761932, -0.8267063498497009] status=0x8a03
joint_pos=[1.619999885559082, -18.107999801635742, -0.9359999895095825, 18.0, -42.768001556396484, 16.236000061035156] joint_vel=[-2.7899999618530273, -187.82998657226562, 41.939998626708984, 26.549999237060547, -227.33999633789062, 590.3099975585938] imu_ang_vel=[0.0019130464643239975, 0.003610358340665698, -0.007250011432915926] imu_quat_wxyz=[-0.5445530414581299, -0.09547141939401627, 0.10459479689598083, -0.8266844153404236] status=0x8a03
joint_pos=[1.619999885559082, -18.107999801635742, -0.9359999895095825, 18.0, -42.768001556396484, 16.236000061035156] joint_vel=[-2.7899999618530273, -187.82998657226562, 41.939998626708984, 26.549999237060547, -227.33999633789062, 590.3099975585938] imu_ang_vel=[0.0013804137706756592, 0.0004145654384046793, -0.00565211521461606] imu_quat_wxyz=[-0.5445697903633118, -0.09546757489442825, 0.10457944124937057, -0.8266757726669312] status=0x8a03
joint_pos=[1.619999885559082, -18.107999801635742, -0.9359999895095825, 18.0, -42.768001556396484, 16.236000061035156] joint_vel=[-2.7899999618530273, -187.82998657226562, 41.939998626708984, 26.549999237060547, -227.33999633789062, 590.3099975585938] imu_ang_vel=[0.0019130464643239975, 0.004142990335822105, -0.00405421806499362] imu_quat_wxyz=[-0.5447015166282654, -0.09555134177207947, 0.10440190881490707, -0.8266018033027649] status=0x8a03
joint_pos=[1.619999885559082, -18.107999801635742, -0.9359999895095825, 18.0, -42.768001556396484, 16.236000061035156] joint_vel=[-2.7899999618530273, -187.82998657226562, 41.939998626708984, 26.549999237060547, -227.33999633789062, 590.3099975585938] imu_ang_vel=[0.002978309988975525, 0.0025450941175222397, -0.0013910573907196522] imu_quat_wxyz=[-0.5447002649307251, -0.0955403596162796, 0.10438229888677597, -0.8266064524650574] status=0x8a03
joint_pos=[1.619999885559082, -18.107999801635742, -0.9359999895095825, 18.0, -42.768001556396484, 16.236000061035156] joint_vel=[-2.7899999618530273, -187.82998657226562, 41.939998626708984, 26.549999237060547, -227.33999633789062, 590.3099975585938] imu_ang_vel=[0.004576206207275391, -0.0006506990175694227, 0.0007394712883979082] imu_quat_wxyz=[-0.5446773171424866, -0.09555227309465408, 0.10436944663524628, -0.8266216516494751] status=0x8a03
joint_pos=[1.619999885559082, -18.107999801635742, -0.9359999895095825, 18.0, -42.768001556396484, 16.236000061035156] joint_vel=[-2.7899999618530273, -187.82998657226562, 41.939998626708984, 26.549999237060547, -227.33999633789062, 590.3099975585938] imu_ang_vel=[0.0040435753762722015, -0.0017159634735435247, 0.005000528413802385] imu_quat_wxyz=[-0.5446316003799438, -0.09558919817209244, 0.10435633361339569, -0.8266491889953613] status=0x8a03
joint_pos=[1.619999885559082, -18.107999801635742, -0.9359999895095825, 18.0, -42.768001556396484, 16.236000061035156] joint_vel=[-2.7899999618530273, -187.82998657226562, 41.939998626708984, 26.549999237060547, -227.33999633789062, 590.3099975585938] imu_ang_vel=[0.005108838900923729, -0.0038464919198304415, 0.01139211468398571] imu_quat_wxyz=[-0.54474276304245, -0.09565737098455429, 0.10417419672012329, -0.8265910148620605] status=0x8a03
joint_pos=[1.619999885559082, -18.107999801635742, -0.9359999895095825, 18.0, -42.768001556396484, 16.236000061035156] joint_vel=[-2.7899999618530273, -187.82998657226562, 41.939998626708984, 26.549999237060547, -227.33999633789062, 590.3099975585938] imu_ang_vel=[0.005641471594572067, -0.0022485957015305758, 0.014587907120585442] imu_quat_wxyz=[-0.5446069240570068, -0.09569837898015976, 0.10417482256889343, -0.8266757130622864] status=0x8a03
joint_pos=[1.619999885559082, -18.107999801635742, -0.9359999895095825, 18.0, -42.768001556396484, 16.236000061035156] joint_vel=[-2.7899999618530273, -187.82998657226562, 41.939998626708984, 26.549999237060547, -227.33999633789062, 590.3099975585938] imu_ang_vel=[0.006174104288220406, -0.0027812274638563395, 0.017251068726181984] imu_quat_wxyz=[-0.5444402098655701, -0.09573470801115036, 0.10417478531599045, -0.8267813920974731] status=0x8a03
joint_pos=[1.619999885559082, -18.107999801635742, -0.9359999895095825, 18.0, -42.768001556396484, 16.236000061035156] joint_vel=[-2.7899999618530273, -187.82998657226562, 41.939998626708984, 26.549999237060547, -227.33999633789062, 590.3099975585938] imu_ang_vel=[0.008837264031171799, -0.0054443879052996635, 0.01831633411347866] imu_quat_wxyz=[-0.5442626476287842, -0.09579435735940933, 0.10417082160711288, -0.8268917798995972] status=0x8a03
joint_pos=[1.619999885559082, -18.107999801635742, -0.9359999895095825, 18.0, -42.768001556396484, 16.236000061035156] joint_vel=[-2.7899999618530273, -187.82998657226562, 41.939998626708984, 26.549999237060547, -227.33999633789062, 590.3099975585938] imu_ang_vel=[0.005641471594572067, -0.0054443879052996635, 0.016185803338885307] imu_quat_wxyz=[-0.544074535369873, -0.0958644226193428, 0.10416469722986221, -0.8270081877708435] status=0x8a03
joint_pos=[1.619999885559082, -18.107999801635742, -0.9359999895095825, 18.0, -42.768001556396484, 16.236000061035156] joint_vel=[-2.7899999618530273, -187.82998657226562, 41.939998626708984, 26.549999237060547, -227.33999633789062, 590.3099975585938] imu_ang_vel=[0.004576206207275391, -0.004379124380648136, 0.012457380071282387] imu_quat_wxyz=[-0.5440908670425415, -0.09606115520000458, 0.10391341894865036, -0.8270063400268555] status=0x8a03
joint_pos=[1.619999885559082, -18.107999801635742, -0.9359999895095825, 18.0, -42.768001556396484, 16.236000061035156] joint_vel=[-2.7899999618530273, -187.82998657226562, 41.939998626708984, 26.549999237060547, -227.33999633789062, 590.3099975585938] imu_ang_vel=[0.006174104288220406, -0.0049117561429739, 0.005533160641789436] imu_quat_wxyz=[-0.5440235137939453, -0.0960904210805893, 0.10392100363969803, -0.8270462155342102] status=0x8a03
joint_pos=[1.619999885559082, -18.107999801635742, -0.9359999895095825, 18.0, -42.768001556396484, 16.236000061035156] joint_vel=[-2.7899999618530273, -187.82998657226562, 41.939998626708984, 26.549999237060547, -227.33999633789062, 590.3099975585938] imu_ang_vel=[0.0040435753762722015, -0.0033138596918433905, 0.0002068390604108572] imu_quat_wxyz=[-0.5439020991325378, -0.09619898349046707, 0.10392455756664276, -0.8271130919456482] status=0x8a03
joint_pos=[1.619999885559082, -18.107999801635742, -0.9359999895095825, 18.0, -42.768001556396484, 16.236000061035156] joint_vel=[-2.7899999618530273, -187.82998657226562, 41.939998626708984, 26.549999237060547, -227.33999633789062, 590.3099975585938] imu_ang_vel=[0.002978309988975525, -0.0027812274638563395, -0.005119482520967722] imu_quat_wxyz=[-0.5438810586929321, -0.09627086669206619, 0.10392338037490845, -0.8271186351776123] status=0x8a03
joint_pos=[1.619999885559082, -18.107999801635742, -0.9359999895095825, 18.0, -42.768001556396484, 16.236000061035156] joint_vel=[-2.7899999618530273, -187.82998657226562, 41.939998626708984, 26.549999237060547, -227.33999633789062, 590.3099975585938] imu_ang_vel=[0.0013804137706756592, -0.0022485957015305758, -0.007782644126564264] imu_quat_wxyz=[-0.5439038276672363, -0.09631944447755814, 0.10392939299345016, -0.8270972967147827] status=0x8a03
joint_pos=[1.619999885559082, -18.107999801635742, -0.9359999895095825, 18.0, -42.768001556396484, 16.236000061035156] joint_vel=[-2.7899999618530273, -187.82998657226562, 41.939998626708984, 26.549999237060547, -227.33999633789062, 590.3099975585938] imu_ang_vel=[-0.0012827469035983086, -0.0006506990175694227, -0.012043699622154236] imu_quat_wxyz=[-0.5440278649330139, -0.09671420603990555, 0.10359372943639755, -0.82701176404953] status=0x8a03
joint_pos=[1.619999885559082, -18.107999801635742, -0.9359999895095825, 18.0, -42.768001556396484, 16.236000061035156] joint_vel=[-2.7899999618530273, -187.82998657226562, 41.939998626708984, 26.549999237060547, -227.33999633789062, 590.3099975585938] imu_ang_vel=[-0.0007501151412725449, 0.0014798296615481377, -0.012576332315802574] imu_quat_wxyz=[-0.5441043376922607, -0.09672954678535461, 0.10360106080770493, -0.8269586563110352] status=0x8a03
joint_pos=[1.619999885559082, -18.107999801635742, -0.9359999895095825, 18.0, -42.768001556396484, 16.236000061035156] joint_vel=[-2.7899999618530273, -187.82998657226562, 41.939998626708984, 26.549999237060547, -227.33999633789062, 590.3099975585938] imu_ang_vel=[-0.0023480113595724106, 0.004675622563809156, -0.013108965009450912] imu_quat_wxyz=[-0.5441901087760925, -0.09672576934099197, 0.1036047711968422, -0.8269022703170776] status=0x8a03
joint_pos=[1.619999885559082, -18.107999801635742, -0.9359999895095825, 18.0, -42.768001556396484, 16.236000061035156] joint_vel=[-2.7899999618530273, -187.82998657226562, 41.939998626708984, 26.549999237060547, -227.33999633789062, 590.3099975585938] imu_ang_vel=[-0.0012827469035983086, 0.004142990335822105, -0.012576332315802574] imu_quat_wxyz=[-0.5442709922790527, -0.09670943021774292, 0.10360109061002731, -0.8268514275550842] status=0x8a03
joint_pos=[1.619999885559082, -18.107999801635742, -0.9359999895095825, 18.0, -42.768001556396484, 16.236000061035156] joint_vel=[-2.7899999618530273, -187.82998657226562, 41.939998626708984, 26.549999237060547, -227.33999633789062, 590.3099975585938] imu_ang_vel=[0.0008477829396724701, 0.0057408870197832584, -0.011511068791151047] imu_quat_wxyz=[-0.544353187084198, -0.09669452905654907, 0.103587806224823, -0.8268006443977356] status=0x8a03
joint_pos=[1.619999885559082, -18.107999801635742, -0.9359999895095825, 18.0, -42.768001556396484, 16.236000061035156] joint_vel=[-2.7899999618530273, -187.82998657226562, 41.939998626708984, 26.549999237060547, -227.33999633789062, 590.3099975585938] imu_ang_vel=[-0.0005725705996155739, 0.004675622563809156, -0.01044580526649952] imu_quat_wxyz=[-0.5443680882453918, -0.09703443199396133, 0.1033087819814682, -0.8267859220504761] status=0x8a03
joint_pos=[1.619999885559082, -18.107999801635742, -0.9359999895095825, 18.0, -42.768001556396484, 16.236000061035156] joint_vel=[-2.7899999618530273, -187.82998657226562, 41.939998626708984, 26.549999237060547, -227.33999633789062, 590.3099975585938] imu_ang_vel=[0.0004926947876811028, 0.005030710715800524, -0.011155979707837105] imu_quat_wxyz=[-0.5444045662879944, -0.0970216765999794, 0.1033007875084877, -0.8267644643783569] status=0x8a03
joint_pos=[1.619999885559082, -18.107999801635742, -0.9359999895095825, 18.0, -42.768001556396484, 16.236000061035156] joint_vel=[-2.7899999618530273, -187.82998657226562, 41.939998626708984, 26.549999237060547, -227.33999633789062, 590.3099975585938] imu_ang_vel=[0.0008477829396724701, 0.0057408870197832584, -0.012576332315802574] imu_quat_wxyz=[-0.5445196628570557, -0.09699371457099915, 0.10327128320932388, -0.8266956806182861] status=0x8a03
joint_pos=[1.619999885559082, -18.107999801635742, -0.9359999895095825, 18.0, -42.768001556396484, 16.236000061035156] joint_vel=[-2.7899999618530273, -187.82998657226562, 41.939998626708984, 26.549999237060547, -227.33999633789062, 590.3099975585938] imu_ang_vel=[-0.0012827469035983086, 0.005208254791796207, -0.013108965009450912] imu_quat_wxyz=[-0.5446026921272278, -0.09697068482637405, 0.10324472934007645, -0.8266469836235046] status=0x8a03
joint_pos=[1.619999885559082, -18.107999801635742, -0.9359999895095825, 18.0, -42.768001556396484, 16.236000061035156] joint_vel=[-2.7899999618530273, -187.82998657226562, 41.939998626708984, 26.549999237060547, -227.33999633789062, 590.3099975585938] imu_ang_vel=[-0.0018153786659240723, 0.0062735192477703094, -0.01364159770309925] imu_quat_wxyz=[-0.5446890592575073, -0.09694575518369675, 0.10322123020887375, -0.8265958428382874] status=0x8a03
joint_pos=[1.619999885559082, -18.107999801635742, -0.9359999895095825, 18.0, -42.768001556396484, 16.236000061035156] joint_vel=[-2.7899999618530273, -187.82998657226562, 41.939998626708984, 26.549999237060547, -227.33999633789062, 590.3099975585938] imu_ang_vel=[-0.00021748244762420654, 0.003610358340665698, -0.013108965009450912] imu_quat_wxyz=[-0.5446798801422119, -0.09715873003005981, 0.10308732837438583, -0.8265936374664307] status=0x8a03
joint_pos=[1.619999885559082, -18.107999801635742, -0.9359999895095825, 18.0, -42.768001556396484, 16.236000061035156] joint_vel=[-2.7899999618530273, -187.82998657226562, 41.939998626708984, 26.549999237060547, -227.33999633789062, 590.3099975585938] imu_ang_vel=[0.0003151502460241318, 0.003610358340665698, -0.01044580340385437] imu_quat_wxyz=[-0.5447584986686707, -0.09714490175247192, 0.10306640714406967, -0.8265460729598999] status=0x8a03
joint_pos=[1.619999885559082, -18.107999801635742, -0.9359999895095825, 18.0, -42.768001556396484, 16.236000061035156] joint_vel=[-2.7899999618530273, -187.82998657226562, 41.939998626708984, 26.549999237060547, -227.33999633789062, 590.3099975585938] imu_ang_vel=[0.0013804137706756592, 0.004142990335822105, -0.007782644126564264] imu_quat_wxyz=[-0.5448140501976013, -0.09712521731853485, 0.10304480046033859, -0.826514482498169] status=0x8a03
joint_pos=[1.619999885559082, -18.107999801635742, -0.9359999895095825, 18.0, -42.768001556396484, 16.236000061035156] joint_vel=[-2.7899999618530273, -187.82998657226562, 41.939998626708984, 26.549999237060547, -227.33999633789062, 590.3099975585938] imu_ang_vel=[0.0013804137706756592, 0.003610358340665698, -0.0013910573907196522] imu_quat_wxyz=[-0.5448407530784607, -0.09711359441280365, 0.1030210629105568, -0.8265012502670288] status=0x8a03
joint_pos=[1.619999885559082, -18.107999801635742, -0.9359999895095825, 18.0, -42.768001556396484, 16.236000061035156] joint_vel=[-2.7899999618530273, -187.82998657226562, 41.939998626708984, 26.549999237060547, -227.33999633789062, 590.3099975585938] imu_ang_vel=[0.0019130464643239975, 0.0020124618895351887, 0.0012721033999696374] imu_quat_wxyz=[-0.5448268055915833, -0.09710992127656937, 0.10300338268280029, -0.8265129327774048] status=0x8a03
joint_pos=[1.619999885559082, -18.107999801635742, -0.9359999895095825, 18.0, -42.768001556396484, 16.236000061035156] joint_vel=[-2.7899999618530273, -187.82998657226562, 41.939998626708984, 26.549999237060547, -227.33999633789062, 590.3099975585938] imu_ang_vel=[0.0035109426826238632, 0.0014798296615481377, 0.006598425097763538] imu_quat_wxyz=[-0.544818639755249, -0.09722248464822769, 0.10287792980670929, -0.8265208005905151] status=0x8a03
joint_pos=[1.619999885559082, -18.107999801635742, -0.9359999895095825, 18.0, -42.768001556396484, 16.236000061035156] joint_vel=[-2.7899999618530273, -187.82998657226562, 41.939998626708984, 26.549999237060547, -227.33999633789062, 590.3099975585938] imu_ang_vel=[0.004576206207275391, -0.0017159634735435247, 0.008196322247385979] imu_quat_wxyz=[-0.5447324514389038, -0.09724383056163788, 0.10286106914281845, -0.8265772461891174] status=0x8a03
joint_pos=[1.619999885559082, -18.107999801635742, -0.9359999895095825, 18.0, -42.768001556396484, 16.236000061035156] joint_vel=[-2.7899999618530273, -187.82998657226562, 41.939998626708984, 26.549999237060547, -227.33999633789062, 590.3099975585938] imu_ang_vel=[0.004576206207275391, -0.0011833312455564737, 0.00766368955373764] imu_quat_wxyz=[-0.5446310043334961, -0.09726723283529282, 0.10284929722547531, -0.8266426920890808] status=0x8a03
joint_pos=[1.619999885559082, -18.107999801635742, -0.9359999895095825, 18.0, -42.768001556396484, 16.236000061035156] joint_vel=[-2.7899999618530273, -187.82998657226562, 41.939998626708984, 26.549999237060547, -227.33999633789062, 590.3099975585938] imu_ang_vel=[0.004576206207275391, -0.0017159634735435247, 0.008728953078389168] imu_quat_wxyz=[-0.5445343255996704, -0.09730029106140137, 0.10284243524074554, -0.8267033696174622] status=0x8a03
joint_pos=[1.619999885559082, -18.107999801635742, -0.9359999895095825, 18.0, -42.768001556396484, 16.236000061035156] joint_vel=[-2.7899999618530273, -187.82998657226562, 41.939998626708984, 26.549999237060547, -227.33999633789062, 590.3099975585938] imu_ang_vel=[0.004576206207275391, -0.0011833312455564737, 0.006598425097763538] imu_quat_wxyz=[-0.5444376468658447, -0.09733102470636368, 0.10283230990171432, -0.8267647624015808] status=0x8a03
joint_pos=[1.619999885559082, -18.107999801635742, -0.9359999895095825, 18.0, -42.768001556396484, 16.236000061035156] joint_vel=[-2.7899999618530273, -187.82998657226562, 41.939998626708984, 26.549999237060547, -227.33999633789062, 590.3099975585938] imu_ang_vel=[0.0035109426826238632, 0.0004145654384046793, 0.006598425097763538] imu_quat_wxyz=[-0.5444539189338684, -0.09747274965047836, 0.10265497118234634, -0.8267593383789062] status=0x8a03
joint_pos=[1.619999885559082, -18.107999801635742, -0.9359999895095825, 18.0, -42.768001556396484, 16.236000061035156] joint_vel=[-2.7899999618530273, -187.82998657226562, 41.939998626708984, 26.549999237060547, -227.33999633789062, 590.3099975585938] imu_ang_vel=[0.004576206207275391, -0.0017159634735435247, 0.0028699999675154686] imu_quat_wxyz=[-0.5443878769874573, -0.09750187397003174, 0.1026502400636673, -0.8267999887466431] status=0x8a03
joint_pos=[1.619999885559082, -18.107999801635742, -0.9359999895095825, 18.0, -42.768001556396484, 16.236000061035156] joint_vel=[-2.7899999618530273, -187.82998657226562, 41.939998626708984, 26.549999237060547, -227.33999633789062, 590.3099975585938] imu_ang_vel=[0.002978309988975525, -0.0011833312455564737, -0.0008584251627326012] imu_quat_wxyz=[-0.5443457365036011, -0.09753769636154175, 0.10263876616954803, -0.826824963092804] status=0x8a03
joint_pos=[1.619999885559082, -18.107999801635742, -0.9359999895095825, 18.0, -42.768001556396484, 16.236000061035156] joint_vel=[-2.7899999618530273, -187.82998657226562, 41.939998626708984, 26.549999237060547, -227.33999633789062, 590.3099975585938] imu_ang_vel=[0.0019130464643239975, -0.0011833312455564737, -0.0019236896187067032] imu_quat_wxyz=[-0.5443195700645447, -0.09756657481193542, 0.10262858867645264, -0.8268401026725769] status=0x8a03
joint_pos=[1.619999885559082, -18.107999801635742, -0.9359999895095825, 18.0, -42.768001556396484, 16.236000061035156] joint_vel=[-2.7899999618530273, -187.82998657226562, 41.939998626708984, 26.549999237060547, -227.33999633789062, 590.3099975585938] imu_ang_vel=[0.002978309988975525, -0.0017159634735435247, -0.0013910573907196522] imu_quat_wxyz=[-0.5443040132522583, -0.09759572893381119, 0.10262435674667358, -0.8268473744392395] status=0x8a03
joint_pos=[1.619999885559082, -18.107999801635742, -0.9359999895095825, 18.0, -42.768001556396484, 16.236000061035156] joint_vel=[-2.7899999618530273, -187.82998657226562, 41.939998626708984, 26.549999237060547, -227.33999633789062, 590.3099975585938] imu_ang_vel=[0.002445679157972336, -0.0006506990175694227, -0.00405421806499362] imu_quat_wxyz=[-0.5444198250770569, -0.09781051427125931, 0.10237997770309448, -0.8267760276794434] status=0x8a03
joint_pos=[1.619999885559082, -18.107999801635742, -0.9359999895095825, 18.0, -42.768001556396484, 16.236000061035156] joint_vel=[-2.7899999618530273, -187.82998657226562, 41.939998626708984, 26.549999237060547, -227.33999633789062, 590.3099975585938] imu_ang_vel=[0.002978309988975525, 0.0004145654384046793, -0.00405421806499362] imu_quat_wxyz=[-0.5444235801696777, -0.09784293174743652, 0.10236944258213043, -0.8267710208892822] status=0x8a03
joint_pos=[1.619999885559082, -18.107999801635742, -0.9359999895095825, 18.0, -42.768001556396484, 16.236000061035156] joint_vel=[-2.7899999618530273, -187.82998657226562, 41.939998626708984, 26.549999237060547, -227.33999633789062, 590.3099975585938] imu_ang_vel=[0.002445679157972336, 0.0004145654384046793, -0.006184746976941824] imu_quat_wxyz=[-0.5444359183311462, -0.09786691516637802, 0.10236260294914246, -0.8267608284950256] status=0x8a03
joint_pos=[1.619999885559082, -18.107999801635742, -0.9359999895095825, 18.0, -42.768001556396484, 16.236000061035156] joint_vel=[-2.7899999618530273, -187.82998657226562, 41.939998626708984, 26.549999237060547, -227.33999633789062, 590.3099975585938] imu_ang_vel=[0.0008477829396724701, 0.0009471976663917303, -0.008847907185554504] imu_quat_wxyz=[-0.5444610714912415, -0.09788872301578522, 0.1023535504937172, -0.8267428278923035] status=0x8a03
joint_pos=[1.619999885559082, -18.107999801635742, -0.9359999895095825, 18.0, -42.768001556396484, 16.236000061035156] joint_vel=[-2.7899999618530273, -187.82998657226562, 41.939998626708984, 26.549999237060547, -227.33999633789062, 590.3099975585938] imu_ang_vel=[-0.00021748244762420654, 0.0020124618895351887, -0.008315276354551315] imu_quat_wxyz=[-0.5445100665092468, -0.09791150689125061, 0.10234831273555756, -0.8267084956169128] status=0x8a03
