Log file: /home/cx/robot_deploy/log/2026-07-17_11-11-07.txt
Connected to /dev/ttyACM0 at 921600 baud; loop rate 200 Hz.
joint_pos=[0.0, -0.0, -0.0, 0.0, 0.0, 0.0] imu_ang_vel=[0.0, 0.0, 0.0] imu_quat_wxyz=[1.0, 0.0, 0.0, 0.0]
joint_pos=[0.0, -0.0, -0.0, 0.0, 0.0, 0.0] imu_ang_vel=[0.0, 0.0, 0.0] imu_quat_wxyz=[1.0, 0.0, 0.0, 0.0]
joint_pos=[0.0, -0.0, -0.0, 0.0, 0.0, 0.0] imu_ang_vel=[0.0, 0.0, 0.0] imu_quat_wxyz=[1.0, 0.0, 0.0, 0.0]
joint_pos=[0.0, -0.0, -0.0, 0.0, 0.0, 0.0] imu_ang_vel=[0.0, 0.0, 0.0] imu_quat_wxyz=[1.0, 0.0, 0.0, 0.0]
joint_pos=[0.0, -0.0, -0.0, 0.0, 0.0, 0.0] imu_ang_vel=[0.0, 0.0, 0.0] imu_quat_wxyz=[1.0, 0.0, 0.0, 0.0]
joint_pos=[0.0, -0.0, -0.0, 0.0, 0.0, 0.0] imu_ang_vel=[0.0, 0.0, 0.0] imu_quat_wxyz=[1.0, 0.0, 0.0, 0.0]
joint_pos=[0.0, -0.0, -0.0, 0.0, 0.0, 0.0] imu_ang_vel=[0.0, 0.0, 0.0] imu_quat_wxyz=[1.0, 0.0, 0.0, 0.0]
joint_pos=[0.0, -0.0, -0.0, 0.0, 0.0, 0.0] imu_ang_vel=[0.0, 0.0, 0.0] imu_quat_wxyz=[1.0, 0.0, 0.0, 0.0]
joint_pos=[0.0, -0.0, -0.0, 0.0, 0.0, 0.0] imu_ang_vel=[0.0, 0.0, 0.0] imu_quat_wxyz=[1.0, 0.0, 0.0, 0.0]
joint_pos=[0.0, -0.0, -0.0, 0.0, 0.0, 0.0] imu_ang_vel=[0.0, 0.0, 0.0] imu_quat_wxyz=[1.0, 0.0, 0.0, 0.0]
joint_pos=[0.0, -0.0, -0.0, 0.0, 0.0, 0.0] imu_ang_vel=[0.0, 0.0, 0.0] imu_quat_wxyz=[1.0, 0.0, 0.0, 0.0]
joint_pos=[0.0, -0.0, -0.0, 0.0, 0.0, 0.0] imu_ang_vel=[0.0, 0.0, 0.0] imu_quat_wxyz=[1.0, 0.0, 0.0, 0.0]
joint_pos=[0.0, -0.0, -0.0, 0.0, 0.0, 0.0] imu_ang_vel=[0.0, 0.0, 0.0] imu_quat_wxyz=[1.0, 0.0, 0.0, 0.0]
joint_pos=[0.0, -0.0, -0.0, 0.0, 0.0, 0.0] imu_ang_vel=[0.0, 0.0, 0.0] imu_quat_wxyz=[1.0, 0.0, 0.0, 0.0]
joint_pos=[0.0, -0.0, -0.0, 0.0, 0.0, 0.0] imu_ang_vel=[0.0, 0.0, 0.0] imu_quat_wxyz=[1.0, 0.0, 0.0, 0.0]
joint_pos=[0.0, -0.0, -0.0, 0.0, 0.0, 0.0] imu_ang_vel=[0.0, 0.0, 0.0] imu_quat_wxyz=[1.0, 0.0, 0.0, 0.0]
joint_pos=[0.0, -0.0, -0.0, 0.0, 0.0, 0.0] imu_ang_vel=[0.0, 0.0, 0.0] imu_quat_wxyz=[1.0, 0.0, 0.0, 0.0]
joint_pos=[0.0, -0.0, -0.0, 0.0, 0.0, 0.0] imu_ang_vel=[0.0, 0.0, 0.0] imu_quat_wxyz=[1.0, 0.0, 0.0, 0.0]
joint_pos=[0.0, -0.0, -0.0, 0.0, 0.0, 0.0] imu_ang_vel=[0.0, 0.0, 0.0] imu_quat_wxyz=[1.0, 0.0, 0.0, 0.0]
joint_pos=[0.0, -0.0, -0.0, 0.0, 0.0, 0.0] imu_ang_vel=[0.0, 0.0, 0.0] imu_quat_wxyz=[1.0, 0.0, 0.0, 0.0]
joint_pos=[0.0, -0.0, -0.0, 0.0, 0.0, 0.0] imu_ang_vel=[0.0, 0.0, 0.0] imu_quat_wxyz=[1.0, 0.0, 0.0, 0.0]
joint_pos=[0.0, -0.0, -0.0, 0.0, 0.0, 0.0] imu_ang_vel=[0.0, 0.0, 0.0] imu_quat_wxyz=[1.0, 0.0, 0.0, 0.0]
joint_pos=[0.0, -0.0, -0.0, 0.0, 0.0, 0.0] imu_ang_vel=[0.0, 0.0, 0.0] imu_quat_wxyz=[1.0, 0.0, 0.0, 0.0]
joint_pos=[0.0, -0.0, -0.0, 0.0, 0.0, 0.0] imu_ang_vel=[0.0, 0.0, 0.0] imu_quat_wxyz=[1.0, 0.0, 0.0, 0.0]
joint_pos=[0.0, -0.0, -0.0, 0.0, 0.0, 0.0] imu_ang_vel=[0.0, 0.0, 0.0] imu_quat_wxyz=[1.0, 0.0, 0.0, 0.0]
joint_pos=[0.0, -0.0, -0.0, 0.0, 0.0, 0.0] imu_ang_vel=[0.0, 0.0, 0.0] imu_quat_wxyz=[1.0, 0.0, 0.0, 0.0]
joint_pos=[0.0, -0.0, -0.0, 0.0, 0.0, 0.0] imu_ang_vel=[0.0, 0.0, 0.0] imu_quat_wxyz=[1.0, 0.0, 0.0, 0.0]
joint_pos=[0.0, -0.0, -0.0, 0.0, 0.0, 0.0] imu_ang_vel=[0.0, 0.0, 0.0] imu_quat_wxyz=[1.0, 0.0, 0.0, 0.0]
joint_pos=[0.0, -0.0, -0.0, 0.0, 0.0, 0.0] imu_ang_vel=[0.0, 0.0, 0.0] imu_quat_wxyz=[1.0, 0.0, 0.0, 0.0]
joint_pos=[0.0, -0.0, -0.0, 0.0, 0.0, 0.0] imu_ang_vel=[0.0, 0.0, 0.0] imu_quat_wxyz=[1.0, 0.0, 0.0, 0.0]
joint_pos=[0.0, -0.0, -0.0, 0.0, 0.0, 0.0] imu_ang_vel=[0.0, 0.0, -0.013848859816789627] imu_quat_wxyz=[0.8819542527198792, -0.03258528560400009, 0.11070793867111206, -0.45698875188827515]
joint_pos=[0.0, -0.0, -0.0, 0.0, 0.0, 0.0] imu_ang_vel=[0.0, 0.0, -0.013848859816789627] imu_quat_wxyz=[0.8819542527198792, -0.03258528560400009, 0.11070793867111206, -0.45698875188827515]
joint_pos=[0.0, -0.0, -0.0, 0.0, 0.0, 0.0] imu_ang_vel=[0.0, 0.0, 0.0] imu_quat_wxyz=[0.8816810250282288, -0.03310168534517288, 0.11077799648046494, -0.4574615955352783]
joint_pos=[0.0, -0.0, -0.0, 0.0, 0.0, 0.0] imu_ang_vel=[0.0, 0.0, 0.0] imu_quat_wxyz=[0.8816810250282288, -0.03310168534517288, 0.11077799648046494, -0.4574615955352783]
joint_pos=[0.0, -0.0, -0.0, 0.0, 0.0, 0.0] imu_ang_vel=[0.01491415686905384, 0.0, 0.0] imu_quat_wxyz=[0.8814773559570312, -0.03343740478157997, 0.11074458062648773, -0.45783743262290955]
joint_pos=[0.0, -0.0, -0.0, 0.0, 0.0, 0.0] imu_ang_vel=[0.01491415686905384, 0.0, 0.0] imu_quat_wxyz=[0.8814773559570312, -0.03343740478157997, 0.11074458062648773, -0.45783743262290955]
joint_pos=[0.0, -0.0, -0.0, 0.0, 0.0, 0.0] imu_ang_vel=[0.019175345078110695, 0.0, 0.0] imu_quat_wxyz=[0.8812851905822754, -0.03327907249331474, 0.11060047149658203, -0.4582536816596985]
joint_pos=[0.0, -0.0, -0.0, 0.0, 0.0, 0.0] imu_ang_vel=[0.019175345078110695, 0.0, 0.0] imu_quat_wxyz=[0.8812851905822754, -0.03327907249331474, 0.11060047149658203, -0.4582536816596985]
joint_pos=[0.0, -0.0, -0.0, 0.0, 0.0, 0.0] imu_ang_vel=[0.019175345078110695, 0.0, 0.0] imu_quat_wxyz=[0.8812702298164368, -0.03231272101402283, 0.11076828837394714, -0.4583110213279724]
joint_pos=[0.0, -0.0, -0.0, 0.0, 0.0, 0.0] imu_ang_vel=[0.019175345078110695, 0.0, 0.0] imu_quat_wxyz=[0.8812702298164368, -0.03231272101402283, 0.11076828837394714, -0.4583110213279724]
joint_pos=[0.0, -0.0, -0.0, 0.0, 0.0, 0.0] imu_ang_vel=[0.0, 0.0, 0.0] imu_quat_wxyz=[0.8813626170158386, -0.031041160225868225, 0.11104116588830948, -0.4581552743911743]
joint_pos=[0.0, -0.0, -0.0, 0.0, 0.0, 0.0] imu_ang_vel=[0.0, 0.0, 0.0] imu_quat_wxyz=[0.8813626170158386, -0.031041160225868225, 0.11104116588830948, -0.4581552743911743]
joint_pos=[0.0, -0.0, -0.0, 0.0, 0.0, 0.0] imu_ang_vel=[0.0, 0.0, 0.0] imu_quat_wxyz=[0.8813141584396362, -0.030355816707015038, 0.11124300211668015, -0.45824530720710754]
joint_pos=[0.0, -0.0, -0.0, 0.0, 0.0, 0.0] imu_ang_vel=[0.0, 0.0, 0.0] imu_quat_wxyz=[0.8813141584396362, -0.030355816707015038, 0.11124300211668015, -0.45824530720710754]
joint_pos=[0.0, -0.0, -0.0, 0.0, 0.0, 0.0] imu_ang_vel=[0.0, -0.010652969591319561, 0.0] imu_quat_wxyz=[0.8812471628189087, -0.030094094574451447, 0.11130692064762115, -0.45837581157684326]
joint_pos=[0.0, -0.0, -0.0, 0.0, 0.0, 0.0] imu_ang_vel=[0.0, -0.010652969591319561, 0.0] imu_quat_wxyz=[0.8812471628189087, -0.030094094574451447, 0.11130692064762115, -0.45837581157684326]
joint_pos=[0.0, -0.0, -0.0, 0.0, 0.0, 0.0] imu_ang_vel=[0.0, -0.010652969591319561, 0.0] imu_quat_wxyz=[0.8812928795814514, -0.030080435797572136, 0.11136377602815628, -0.4582749903202057]
joint_pos=[0.0, -0.0, -0.0, 0.0, 0.0, 0.0] imu_ang_vel=[0.0, -0.010652969591319561, 0.0] imu_quat_wxyz=[0.8812928795814514, -0.030080435797572136, 0.11136377602815628, -0.4582749903202057]
joint_pos=[0.0, -0.0, -0.0, 0.0, 0.0, 0.0] imu_ang_vel=[0.0, 0.0, 0.0] imu_quat_wxyz=[0.8812819123268127, -0.03040316328406334, 0.11157781630754471, -0.4582228660583496]
joint_pos=[0.0, -0.0, -0.0, 0.0, 0.0, 0.0] imu_ang_vel=[0.0, 0.0, 0.0] imu_quat_wxyz=[0.8812819123268127, -0.03040316328406334, 0.11157781630754471, -0.4582228660583496]
joint_pos=[0.0, -0.0, -0.0, 0.0, 0.0, 0.0] imu_ang_vel=[0.0, 0.0, 0.0] imu_quat_wxyz=[0.8812757134437561, -0.03072977066040039, 0.11179271340370178, -0.45816054940223694]
joint_pos=[0.0, -0.0, -0.0, 0.0, 0.0, 0.0] imu_ang_vel=[0.0, 0.0, 0.0] imu_quat_wxyz=[0.8812757134437561, -0.03072977066040039, 0.11179271340370178, -0.45816054940223694]
joint_pos=[0.0, -0.0, -0.0, 0.0, 0.0, 0.0] imu_ang_vel=[0.010652969591319561, 0.0, 0.0] imu_quat_wxyz=[0.8812635540962219, -0.0309112761169672, 0.1118926927447319, -0.4581473767757416]
joint_pos=[0.0, -0.0, -0.0, 0.0, 0.0, 0.0] imu_ang_vel=[0.010652969591319561, 0.0, 0.0] imu_quat_wxyz=[0.8812635540962219, -0.0309112761169672, 0.1118926927447319, -0.4581473767757416]
joint_pos=[0.0, -0.0, -0.0, 0.0, 0.0, 0.0] imu_ang_vel=[0.0, 0.0, 0.0] imu_quat_wxyz=[0.8811200857162476, -0.031027300283312798, 0.1117565706372261, -0.4584486186504364]
joint_pos=[0.0, -0.0, -0.0, 0.0, 0.0, 0.0] imu_ang_vel=[0.0, 0.0, 0.0] imu_quat_wxyz=[0.8811200857162476, -0.031027300283312798, 0.1117565706372261, -0.4584486186504364]
joint_pos=[0.0, -0.0, -0.0, 0.0, 0.0, 0.0] imu_ang_vel=[0.0, 0.0, 0.0] imu_quat_wxyz=[0.8810491561889648, -0.030722223222255707, 0.11176499724388123, -0.45860329270362854]
joint_pos=[0.0, -0.0, -0.0, 0.0, 0.0, 0.0] imu_ang_vel=[0.0, 0.0, 0.0] imu_quat_wxyz=[0.8810491561889648, -0.030722223222255707, 0.11176499724388123, -0.45860329270362854]
joint_pos=[0.0, -0.0, -0.0, 0.0, 0.0, 0.0] imu_ang_vel=[0.0, -0.010652969591319561, 0.0] imu_quat_wxyz=[0.8810044527053833, -0.03026888146996498, 0.11173045635223389, -0.4587278366088867]
joint_pos=[0.0, -0.0, -0.0, 0.0, 0.0, 0.0] imu_ang_vel=[0.0, -0.010652969591319561, 0.0] imu_quat_wxyz=[0.8810044527053833, -0.03026888146996498, 0.11173045635223389, -0.4587278366088867]
joint_pos=[0.0, -0.0, -0.0, 0.0, 0.0, 0.0] imu_ang_vel=[0.0, -0.013848859816789627, 0.0] imu_quat_wxyz=[0.8809627294540405, -0.030154701322317123, 0.11157558113336563, -0.45885324478149414]
joint_pos=[0.0, -0.0, -0.0, 0.0, 0.0, 0.0] imu_ang_vel=[0.0, -0.013848859816789627, 0.0] imu_quat_wxyz=[0.8809627294540405, -0.030154701322317123, 0.11157558113336563, -0.45885324478149414]
joint_pos=[0.0, -0.0, -0.0, 0.0, 0.0, 0.0] imu_ang_vel=[0.0, -0.01491415686905384, 0.0] imu_quat_wxyz=[0.8809168934822083, -0.03027321584522724, 0.11144710332155228, -0.45896467566490173]
joint_pos=[0.0, -0.0, -0.0, 0.0, 0.0, 0.0] imu_ang_vel=[0.0, -0.01491415686905384, 0.0] imu_quat_wxyz=[0.8809168934822083, -0.03027321584522724, 0.11144710332155228, -0.45896467566490173]
joint_pos=[0.0, -0.0, -0.0, 0.0, 0.0, 0.0] imu_ang_vel=[0.0, -0.015979453921318054, 0.0] imu_quat_wxyz=[0.8808050751686096, -0.030881527811288834, 0.11126404255628586, -0.4591830372810364]
joint_pos=[0.0, -0.0, -0.0, 0.0, 0.0, 0.0] imu_ang_vel=[0.0, -0.015979453921318054, 0.0] imu_quat_wxyz=[0.8808050751686096, -0.030881527811288834, 0.11126404255628586, -0.4591830372810364]
joint_pos=[0.0, -0.0, -0.0, 0.0, 0.0, 0.0] imu_ang_vel=[0.0, 0.0, 0.0] imu_quat_wxyz=[0.8805198669433594, -0.031909599900245667, 0.11093118041753769, -0.45973989367485046]
joint_pos=[0.0, -0.0, -0.0, 0.0, 0.0, 0.0] imu_ang_vel=[0.0, 0.0, 0.0] imu_quat_wxyz=[0.8805198669433594, -0.031909599900245667, 0.11093118041753769, -0.45973989367485046]
joint_pos=[0.0, -0.0, -0.0, 0.0, 0.0, 0.0] imu_ang_vel=[0.0, 0.0, 0.0] imu_quat_wxyz=[0.880206823348999, -0.0326756127178669, 0.11074507981538773, -0.46032994985580444]
joint_pos=[0.0, -0.0, -0.0, 0.0, 0.0, 0.0] imu_ang_vel=[0.0, 0.0, 0.0] imu_quat_wxyz=[0.880206823348999, -0.0326756127178669, 0.11074507981538773, -0.46032994985580444]
joint_pos=[0.0, -0.0, -0.0, 0.0, 0.0, 0.0] imu_ang_vel=[0.0, 0.0, 0.0] imu_quat_wxyz=[0.8798995614051819, -0.033073119819164276, 0.11070024967193604, -0.4608994722366333]
joint_pos=[0.0, -0.0, -0.0, 0.0, 0.0, 0.0] imu_ang_vel=[0.0, 0.0, 0.0] imu_quat_wxyz=[0.8798995614051819, -0.033073119819164276, 0.11070024967193604, -0.4608994722366333]
joint_pos=[0.0, -0.0, -0.0, 0.0, 0.0, 0.0] imu_ang_vel=[0.0, 0.0, 0.0] imu_quat_wxyz=[0.879736602306366, -0.03276219218969345, 0.11081857979297638, -0.4612042307853699]
joint_pos=[0.0, -0.0, -0.0, 0.0, 0.0, 0.0] imu_ang_vel=[0.0, 0.0, 0.0] imu_quat_wxyz=[0.879736602306366, -0.03276219218969345, 0.11081857979297638, -0.4612042307853699]
joint_pos=[0.0, -0.0, -0.0, 0.0, 0.0, 0.0] imu_ang_vel=[0.0, 0.0, 0.0] imu_quat_wxyz=[0.8798436522483826, -0.03170695900917053, 0.11125543713569641, -0.46096861362457275]
joint_pos=[0.0, -0.0, -0.0, 0.0, 0.0, 0.0] imu_ang_vel=[0.0, 0.0, 0.0] imu_quat_wxyz=[0.8798436522483826, -0.03170695900917053, 0.11125543713569641, -0.46096861362457275]
joint_pos=[0.0, -0.0, -0.0, 0.0, 0.0, 0.0] imu_ang_vel=[0.0, 0.0, 0.0] imu_quat_wxyz=[0.8800035715103149, -0.030674392357468605, 0.11169515550136566, -0.4606267213821411]
joint_pos=[0.0, -0.0, -0.0, 0.0, 0.0, 0.0] imu_ang_vel=[0.0, 0.0, 0.0] imu_quat_wxyz=[0.8800035715103149, -0.030674392357468605, 0.11169515550136566, -0.4606267213821411]
joint_pos=[0.0, -0.0, -0.0, 0.0, 0.0, 0.0] imu_ang_vel=[0.0, -0.011718266643583775, 0.0] imu_quat_wxyz=[0.8800274133682251, -0.03044837713241577, 0.11160361021757126, -0.4606180787086487]
joint_pos=[0.0, -0.0, -0.0, 0.0, 0.0, 0.0] imu_ang_vel=[0.0, -0.011718266643583775, 0.0] imu_quat_wxyz=[0.8800274133682251, -0.03044837713241577, 0.11160361021757126, -0.4606180787086487]
joint_pos=[0.0, -0.0, -0.0, 0.0, 0.0, 0.0] imu_ang_vel=[0.0, 0.0, 0.0] imu_quat_wxyz=[0.8799455761909485, -0.030738553032279015, 0.11162514239549637, -0.4607500433921814]
joint_pos=[0.0, -0.0, -0.0, 0.0, 0.0, 0.0] imu_ang_vel=[0.0, 0.0, 0.0] imu_quat_wxyz=[0.8799455761909485, -0.030738553032279015, 0.11162514239549637, -0.4607500433921814]
joint_pos=[0.0, -0.0, -0.0, 0.0, 0.0, 0.0] imu_ang_vel=[0.0, 0.0, 0.0] imu_quat_wxyz=[0.8799123167991638, -0.031021032482385635, 0.11184811592102051, -0.4607406556606293]
joint_pos=[0.0, -0.0, -0.0, 0.0, 0.0, 0.0] imu_ang_vel=[0.0, 0.0, 0.0] imu_quat_wxyz=[0.8799123167991638, -0.031021032482385635, 0.11184811592102051, -0.4607406556606293]
joint_pos=[0.0, -0.0, -0.0, 0.0, 0.0, 0.0] imu_ang_vel=[0.0, 0.0, 0.0] imu_quat_wxyz=[0.8799818754196167, -0.03112519159913063, 0.11213210225105286, -0.46053168177604675]
joint_pos=[0.0, -0.0, -0.0, 0.0, 0.0, 0.0] imu_ang_vel=[0.0, 0.0, 0.0] imu_quat_wxyz=[0.8799818754196167, -0.03112519159913063, 0.11213210225105286, -0.46053168177604675]
joint_pos=[0.0, -0.0, -0.0, 0.0, 0.0, 0.0] imu_ang_vel=[0.010652969591319561, 0.0, 0.0] imu_quat_wxyz=[0.8800845742225647, -0.030838115140795708, 0.11222320795059204, -0.4603326618671417]
joint_pos=[0.0, -0.0, -0.0, 0.0, 0.0, 0.0] imu_ang_vel=[0.010652969591319561, 0.0, 0.0] imu_quat_wxyz=[0.8800845742225647, -0.030838115140795708, 0.11222320795059204, -0.4603326618671417]
joint_pos=[0.0, -0.0, -0.0, 0.0, 0.0, 0.0] imu_ang_vel=[0.012783562764525414, 0.0, 0.0] imu_quat_wxyz=[0.8800889849662781, -0.030588436871767044, 0.11218615621328354, -0.4603497385978699]
joint_pos=[0.0, -0.0, -0.0, 0.0, 0.0, 0.0] imu_ang_vel=[0.012783562764525414, 0.0, 0.0] imu_quat_wxyz=[0.8800889849662781, -0.030588436871767044, 0.11218615621328354, -0.4603497385978699]
joint_pos=[0.0, -0.0, -0.0, 0.0, 0.0, 0.0] imu_ang_vel=[0.011718266643583775, 0.0, 0.0] imu_quat_wxyz=[0.8800185322761536, -0.030307328328490257, 0.11201774328947067, -0.46054401993751526]
joint_pos=[0.0, -0.0, -0.0, 0.0, 0.0, 0.0] imu_ang_vel=[0.011718266643583775, 0.0, 0.0] imu_quat_wxyz=[0.8800185322761536, -0.030307328328490257, 0.11201774328947067, -0.46054401993751526]
joint_pos=[0.0, -0.0, -0.0, 0.0, 0.0, 0.0] imu_ang_vel=[0.0, 0.0, 0.0] imu_quat_wxyz=[0.8799024224281311, -0.03016466461122036, 0.1119207888841629, -0.46079885959625244]
joint_pos=[0.0, -0.0, -0.0, 0.0, 0.0, 0.0] imu_ang_vel=[0.0, 0.0, 0.0] imu_quat_wxyz=[0.8799024224281311, -0.03016466461122036, 0.1119207888841629, -0.46079885959625244]
joint_pos=[0.0, -0.0, -0.0, 0.0, 0.0, 0.0] imu_ang_vel=[0.0, 0.0, 0.0] imu_quat_wxyz=[0.8798120617866516, -0.03009178303182125, 0.1119542196393013, -0.4609677791595459]
joint_pos=[0.0, -0.0, -0.0, 0.0, 0.0, 0.0] imu_ang_vel=[0.0, 0.0, 0.0] imu_quat_wxyz=[0.8798120617866516, -0.03009178303182125, 0.1119542196393013, -0.4609677791595459]
joint_pos=[0.0, -0.0, -0.0, 0.0, 0.0, 0.0] imu_ang_vel=[0.0, 0.0, -0.011718266643583775] imu_quat_wxyz=[0.8798103332519531, -0.029859323054552078, 0.11218370497226715, -0.46093064546585083]
joint_pos=[0.0, -0.0, -0.0, 0.0, 0.0, 0.0] imu_ang_vel=[0.0, 0.0, -0.011718266643583775] imu_quat_wxyz=[0.8798103332519531, -0.029859323054552078, 0.11218370497226715, -0.46093064546585083]
joint_pos=[0.0, -0.0, -0.0, 0.0, 0.0, 0.0] imu_ang_vel=[0.0, 0.0, 0.0] imu_quat_wxyz=[0.8798137307167053, -0.030018551275134087, 0.11233492940664291, -0.4608767628669739]
joint_pos=[0.0, -0.0, -0.0, 0.0, 0.0, 0.0] imu_ang_vel=[0.0, 0.0, 0.0] imu_quat_wxyz=[0.8798137307167053, -0.030018551275134087, 0.11233492940664291, -0.4608767628669739]
joint_pos=[0.0, -0.0, -0.0, 0.0, 0.0, 0.0] imu_ang_vel=[0.0, 0.0, 0.0] imu_quat_wxyz=[0.879715621471405, -0.03059985674917698, 0.11225920915603638, -0.4610443711280823]
joint_pos=[0.0, -0.0, -0.0, 0.0, 0.0, 0.0] imu_ang_vel=[0.0, 0.0, 0.0] imu_quat_wxyz=[0.879715621471405, -0.03059985674917698, 0.11225920915603638, -0.4610443711280823]
joint_pos=[0.0, -0.0, -0.0, 0.0, 0.0, 0.0] imu_ang_vel=[0.01491415686905384, 0.0, 0.0] imu_quat_wxyz=[0.879781186580658, -0.030476383864879608, 0.1123150959610939, -0.46091362833976746]
joint_pos=[0.0, -0.0, -0.0, 0.0, 0.0, 0.0] imu_ang_vel=[0.01491415686905384, 0.0, 0.0] imu_quat_wxyz=[0.879781186580658, -0.030476383864879608, 0.1123150959610939, -0.46091362833976746]
joint_pos=[0.0, -0.0, -0.0, 0.0, 0.0, 0.0] imu_ang_vel=[0.011718266643583775, 0.0, 0.0] imu_quat_wxyz=[0.8799191117286682, -0.0298622976988554, 0.11235451698303223, -0.46068087220191956]
joint_pos=[0.0, -0.0, -0.0, 0.0, 0.0, 0.0] imu_ang_vel=[0.011718266643583775, 0.0, 0.0] imu_quat_wxyz=[0.8799191117286682, -0.0298622976988554, 0.11235451698303223, -0.46068087220191956]
joint_pos=[0.0, -0.0, -0.0, 0.0, 0.0, 0.0] imu_ang_vel=[0.012783562764525414, 0.0, 0.0] imu_quat_wxyz=[0.8800487518310547, -0.02914726734161377, 0.11246127635240555, -0.46045297384262085]
joint_pos=[0.0, -0.0, -0.0, 0.0, 0.0, 0.0] imu_ang_vel=[0.012783562764525414, 0.0, 0.0] imu_quat_wxyz=[0.8800487518310547, -0.02914726734161377, 0.11246127635240555, -0.46045297384262085]
joint_pos=[0.0, -0.0, -0.0, 0.0, 0.0, 0.0] imu_ang_vel=[0.010652969591319561, 0.0, 0.0] imu_quat_wxyz=[0.8802173137664795, -0.028476454317569733, 0.11262065917253494, -0.460133820772171]
joint_pos=[0.0, -0.0, -0.0, 0.0, 0.0, 0.0] imu_ang_vel=[0.010652969591319561, 0.0, 0.0] imu_quat_wxyz=[0.8802173137664795, -0.028476454317569733, 0.11262065917253494, -0.460133820772171]
joint_pos=[0.0, -0.0, -0.0, 0.0, 0.0, 0.0] imu_ang_vel=[0.0, 0.0, 0.0] imu_quat_wxyz=[0.8803200721740723, -0.028123315423727036, 0.11276508867740631, -0.4599233865737915]
joint_pos=[0.0, -0.0, -0.0, 0.0, 0.0, 0.0] imu_ang_vel=[0.0, 0.0, 0.0] imu_quat_wxyz=[0.8803200721740723, -0.028123315423727036, 0.11276508867740631, -0.4599233865737915]
joint_pos=[0.0, -0.0, -0.0, 0.0, 0.0, 0.0] imu_ang_vel=[0.0, 0.0, 0.0] imu_quat_wxyz=[0.8803250193595886, -0.02818184904754162, 0.1127595379948616, -0.4599117040634155]
joint_pos=[0.0, -0.0, -0.0, 0.0, 0.0, 0.0] imu_ang_vel=[0.0, 0.0, 0.0] imu_quat_wxyz=[0.8803250193595886, -0.02818184904754162, 0.1127595379948616, -0.4599117040634155]
joint_pos=[0.0, -0.0, -0.0, 0.0, 0.0, 0.0] imu_ang_vel=[0.0, 0.0, 0.0] imu_quat_wxyz=[0.8803250193595886, -0.02818184904754162, 0.1127595379948616, -0.4599117040634155]
joint_pos=[0.0, -0.0, -0.0, 0.0, 0.0, 0.0] imu_ang_vel=[0.0, 0.0, 0.0] imu_quat_wxyz=[0.8803228139877319, -0.028514107689261436, 0.11273440718650818, -0.4599018394947052]
joint_pos=[0.0, -0.0, -0.0, 0.0, 0.0, 0.0] imu_ang_vel=[0.0, 0.0, 0.0] imu_quat_wxyz=[0.8802670240402222, -0.02909078821539879, 0.11266472190618515, -0.4599893093109131]
joint_pos=[0.0, -0.0, -0.0, 0.0, 0.0, 0.0] imu_ang_vel=[0.0, 0.0, 0.0] imu_quat_wxyz=[0.8802670240402222, -0.02909078821539879, 0.11266472190618515, -0.4599893093109131]
joint_pos=[0.0, -0.0, -0.0, 0.0, 0.0, 0.0] imu_ang_vel=[0.0, 0.0, 0.0] imu_quat_wxyz=[0.8802670240402222, -0.02909078821539879, 0.11266472190618515, -0.4599893093109131]
joint_pos=[0.0, -0.0, -0.0, 0.0, 0.0, 0.0] imu_ang_vel=[0.0, 0.0, 0.0] imu_quat_wxyz=[0.8802517652511597, -0.02943732775747776, 0.11263849586248398, -0.46000298857688904]
joint_pos=[0.0, -0.0, -0.0, 0.0, 0.0, 0.0] imu_ang_vel=[0.015979453921318054, 0.0, 0.0] imu_quat_wxyz=[0.8802517652511597, -0.02943732775747776, 0.11263849586248398, -0.46000298857688904]
joint_pos=[0.0, -0.0, -0.0, 0.0, 0.0, 0.0] imu_ang_vel=[0.015979453921318054, 0.0, 0.0] imu_quat_wxyz=[0.8803149461746216, -0.029360389336943626, 0.11268612742424011, -0.45987531542778015]
joint_pos=[0.0, -0.0, -0.0, 0.0, 0.0, 0.0] imu_ang_vel=[0.011718266643583775, 0.0, 0.0] imu_quat_wxyz=[0.8803149461746216, -0.029360389336943626, 0.11268612742424011, -0.45987531542778015]
joint_pos=[0.0, -0.0, -0.0, 0.0, 0.0, 0.0] imu_ang_vel=[0.011718266643583775, 0.0, 0.0] imu_quat_wxyz=[0.8803117871284485, -0.02930200845003128, 0.1125967800617218, -0.459907203912735]
joint_pos=[0.0, -0.0, -0.0, 0.0, 0.0, 0.0] imu_ang_vel=[0.0, 0.0, 0.0] imu_quat_wxyz=[0.8803117871284485, -0.02930200845003128, 0.1125967800617218, -0.459907203912735]
joint_pos=[0.0, -0.0, -0.0, 0.0, 0.0, 0.0] imu_ang_vel=[0.0, 0.0, 0.0] imu_quat_wxyz=[0.8802054524421692, -0.029342224821448326, 0.11231458187103271, -0.4601769745349884]
joint_pos=[0.0, -0.0, -0.0, 0.0, 0.0, 0.0] imu_ang_vel=[0.0, -0.013848859816789627, 0.0] imu_quat_wxyz=[0.8802054524421692, -0.029342224821448326, 0.11231458187103271, -0.4601769745349884]
joint_pos=[0.0, -0.0, -0.0, 0.0, 0.0, 0.0] imu_ang_vel=[0.0, -0.013848859816789627, 0.0] imu_quat_wxyz=[0.8800562620162964, -0.029405495151877403, 0.11204910278320312, -0.46052271127700806]
joint_pos=[0.0, -0.0, -0.0, 0.0, 0.0, 0.0] imu_ang_vel=[0.0, -0.010652969591319561, 0.0] imu_quat_wxyz=[0.8800562620162964, -0.029405495151877403, 0.11204910278320312, -0.46052271127700806]
joint_pos=[0.0, -0.0, -0.0, 0.0, 0.0, 0.0] imu_ang_vel=[0.0, -0.010652969591319561, 0.0] imu_quat_wxyz=[0.8799363970756531, -0.0297133456915617, 0.1118115708231926, -0.4607897102832794]
joint_pos=[0.0, -0.0, -0.0, 0.0, 0.0, 0.0] imu_ang_vel=[0.0, -0.010652969591319561, 0.0] imu_quat_wxyz=[0.8799363970756531, -0.0297133456915617, 0.1118115708231926, -0.4607897102832794]
joint_pos=[0.0, -0.0, -0.0, 0.0, 0.0, 0.0] imu_ang_vel=[0.0, -0.010652969591319561, 0.0] imu_quat_wxyz=[0.8798711895942688, -0.02992788888514042, 0.1118469312787056, -0.4608917534351349]
joint_pos=[0.0, -0.0, -0.0, 0.0, 0.0, 0.0] imu_ang_vel=[0.0, -0.013848859816789627, 0.0] imu_quat_wxyz=[0.8798711895942688, -0.02992788888514042, 0.1118469312787056, -0.4608917534351349]
joint_pos=[0.0, -0.0, -0.0, 0.0, 0.0, 0.0] imu_ang_vel=[0.0, -0.013848859816789627, 0.0] imu_quat_wxyz=[0.8798916339874268, -0.030219541862607002, 0.1117379441857338, -0.4608602821826935]
joint_pos=[0.0, -0.0, -0.0, 0.0, 0.0, 0.0] imu_ang_vel=[0.0, -0.010652969591319561, 0.0] imu_quat_wxyz=[0.8798916339874268, -0.030219541862607002, 0.1117379441857338, -0.4608602821826935]
joint_pos=[0.0, -0.0, -0.0, 0.0, 0.0, 0.0] imu_ang_vel=[0.0, -0.010652969591319561, 0.0] imu_quat_wxyz=[0.8798227310180664, -0.03057422861456871, 0.11177268624305725, -0.4609600603580475]
joint_pos=[0.0, -0.0, -0.0, 0.0, 0.0, 0.0] imu_ang_vel=[0.0, 0.0, 0.0] imu_quat_wxyz=[0.8798227310180664, -0.03057422861456871, 0.11177268624305725, -0.4609600603580475]
joint_pos=[0.0, -0.0, -0.0, 0.0, 0.0, 0.0] imu_ang_vel=[0.0, 0.0, 0.0] imu_quat_wxyz=[0.8797945976257324, -0.030751407146453857, 0.11188658326864243, -0.4609740674495697]
joint_pos=[0.0, -0.0, -0.0, 0.0, 0.0, 0.0] imu_ang_vel=[0.0, 0.0, 0.0] imu_quat_wxyz=[0.8797945976257324, -0.030751407146453857, 0.11188658326864243, -0.4609740674495697]
joint_pos=[0.0, -0.0, -0.0, 0.0, 0.0, 0.0] imu_ang_vel=[0.0, 0.0, 0.0] imu_quat_wxyz=[0.8798902034759521, -0.03037846088409424, 0.11215715855360031, -0.46075060963630676]
joint_pos=[0.0, -0.0, -0.0, 0.0, 0.0, 0.0] imu_ang_vel=[0.0, -0.010652969591319561, 0.0] imu_quat_wxyz=[0.8798902034759521, -0.03037846088409424, 0.11215715855360031, -0.46075060963630676]
joint_pos=[0.0, -0.0, -0.0, 0.0, 0.0, 0.0] imu_ang_vel=[0.0, -0.010652969591319561, 0.0] imu_quat_wxyz=[0.8800429701805115, -0.029800720512866974, 0.11230789124965668, -0.4604595899581909]
joint_pos=[0.0, -0.0, -0.0, 0.0, 0.0, 0.0] imu_ang_vel=[0.0, 0.0, 0.0] imu_quat_wxyz=[0.8800429701805115, -0.029800720512866974, 0.11230789124965668, -0.4604595899581909]
joint_pos=[0.0, -0.0, -0.0, 0.0, 0.0, 0.0] imu_ang_vel=[0.0, 0.0, 0.0] imu_quat_wxyz=[0.8803666234016418, -0.028803864493966103, 0.11281099915504456, -0.4597809910774231]
joint_pos=[0.0, -0.0, -0.0, 0.0, 0.0, 0.0] imu_ang_vel=[0.0, -0.012783562764525414, 0.0] imu_quat_wxyz=[0.8803666234016418, -0.028803864493966103, 0.11281099915504456, -0.4597809910774231]
joint_pos=[0.0, -0.0, -0.0, 0.0, 0.0, 0.0] imu_ang_vel=[0.0, -0.012783562764525414, 0.0] imu_quat_wxyz=[0.8806621432304382, -0.028217855840921402, 0.11301622539758682, -0.4592004716396332]
joint_pos=[0.0, -0.0, -0.0, 0.0, 0.0, 0.0] imu_ang_vel=[0.0, 0.0, 0.0] imu_quat_wxyz=[0.8806621432304382, -0.028217855840921402, 0.11301622539758682, -0.4592004716396332]
joint_pos=[0.0, -0.0, -0.0, 0.0, 0.0, 0.0] imu_ang_vel=[0.0, 0.0, 0.0] imu_quat_wxyz=[0.8805954456329346, -0.028783993795514107, 0.11277824640274048, -0.45935189723968506]
joint_pos=[0.0, -0.0, -0.0, 0.0, 0.0, 0.0] imu_ang_vel=[0.0, 0.0, 0.0] imu_quat_wxyz=[0.8805954456329346, -0.028783993795514107, 0.11277824640274048, -0.45935189723968506]
joint_pos=[0.0, -0.0, -0.0, 0.0, 0.0, 0.0] imu_ang_vel=[0.0, 0.0, 0.0] imu_quat_wxyz=[0.8804275393486023, -0.029621759429574013, 0.11250130832195282, -0.4596883952617645]
joint_pos=[0.0, -0.0, -0.0, 0.0, 0.0, 0.0] imu_ang_vel=[0.0, 0.0, 0.0] imu_quat_wxyz=[0.8804275393486023, -0.029621759429574013, 0.11250130832195282, -0.4596883952617645]
joint_pos=[0.0, -0.0, -0.0, 0.0, 0.0, 0.0] imu_ang_vel=[0.0, 0.0, 0.0] imu_quat_wxyz=[0.880399227142334, -0.03008868359029293, 0.11247727274894714, -0.45971816778182983]
joint_pos=[0.0, -0.0, -0.0, 0.0, 0.0, 0.0] imu_ang_vel=[0.0, 0.0, 0.0] imu_quat_wxyz=[0.880399227142334, -0.03008868359029293, 0.11247727274894714, -0.45971816778182983]
joint_pos=[0.0, -0.0, -0.0, 0.0, 0.0, 0.0] imu_ang_vel=[0.0, 0.0, 0.0] imu_quat_wxyz=[0.8804103136062622, -0.03034994564950466, 0.11252126842737198, -0.459668904542923]
joint_pos=[0.0, -0.0, -0.0, 0.0, 0.0, 0.0] imu_ang_vel=[0.0, 0.0, 0.0] imu_quat_wxyz=[0.8804103136062622, -0.03034994564950466, 0.11252126842737198, -0.459668904542923]
joint_pos=[0.0, -0.0, -0.0, 0.0, 0.0, 0.0] imu_ang_vel=[0.0, 0.0, 0.0] imu_quat_wxyz=[0.8804168701171875, -0.03045688383281231, 0.11256149411201477, -0.459639310836792]
joint_pos=[0.0, -0.0, -0.0, 0.0, 0.0, 0.0] imu_ang_vel=[0.0, 0.0, 0.0] imu_quat_wxyz=[0.8804168701171875, -0.03045688383281231, 0.11256149411201477, -0.459639310836792]
joint_pos=[0.0, -0.0, -0.0, 0.0, 0.0, 0.0] imu_ang_vel=[0.010652969591319561, 0.0, 0.0] imu_quat_wxyz=[0.8803650736808777, -0.030321825295686722, 0.1124601736664772, -0.4597721993923187]
joint_pos=[0.0, -0.0, -0.0, 0.0, 0.0, 0.0] imu_ang_vel=[0.010652969591319561, 0.0, 0.0] imu_quat_wxyz=[0.8803650736808777, -0.030321825295686722, 0.1124601736664772, -0.4597721993923187]
joint_pos=[0.0, -0.0, -0.0, 0.0, 0.0, 0.0] imu_ang_vel=[0.0, 0.0, 0.0] imu_quat_wxyz=[0.8802711963653564, -0.030270542949438095, 0.11234351247549057, -0.4599838852882385]
joint_pos=[0.0, -0.0, -0.0, 0.0, 0.0, 0.0] imu_ang_vel=[0.0, 0.0, 0.0] imu_quat_wxyz=[0.8802711963653564, -0.030270542949438095, 0.11234351247549057, -0.4599838852882385]
joint_pos=[0.0, -0.0, -0.0, 0.0, 0.0, 0.0] imu_ang_vel=[0.0, 0.0, 0.0] imu_quat_wxyz=[0.8802337646484375, -0.030135758221149445, 0.11231107264757156, -0.46007224917411804]
joint_pos=[0.0, -0.0, -0.0, 0.0, 0.0, 0.0] imu_ang_vel=[0.0, 0.0, 0.0] imu_quat_wxyz=[0.8802337646484375, -0.030135758221149445, 0.11231107264757156, -0.46007224917411804]
joint_pos=[0.0, -0.0, -0.0, 0.0, 0.0, 0.0] imu_ang_vel=[0.0, 0.0, 0.0] imu_quat_wxyz=[0.8801852464675903, -0.03014780953526497, 0.11226719617843628, -0.46017515659332275]
joint_pos=[0.0, -0.0, -0.0, 0.0, 0.0, 0.0] imu_ang_vel=[0.0, 0.0, 0.0] imu_quat_wxyz=[0.8801852464675903, -0.03014780953526497, 0.11226719617843628, -0.46017515659332275]
joint_pos=[0.0, -0.0, -0.0, 0.0, 0.0, 0.0] imu_ang_vel=[0.0, 0.0, 0.0] imu_quat_wxyz=[0.8801835179328918, -0.030223142355680466, 0.11235304921865463, -0.46015238761901855]
joint_pos=[0.0, -0.0, -0.0, 0.0, 0.0, 0.0] imu_ang_vel=[0.0, 0.0, 0.0] imu_quat_wxyz=[0.8801835179328918, -0.030223142355680466, 0.11235304921865463, -0.46015238761901855]
joint_pos=[0.0, -0.0, -0.0, 0.0, 0.0, 0.0] imu_ang_vel=[0.0, 0.0, 0.0] imu_quat_wxyz=[0.8802716732025146, -0.030191484838724136, 0.1125633716583252, -0.4599343538284302]
joint_pos=[0.0, -0.0, -0.0, 0.0, 0.0, 0.0] imu_ang_vel=[0.0, 0.0, 0.0] imu_quat_wxyz=[0.8802716732025146, -0.030191484838724136, 0.1125633716583252, -0.4599343538284302]
joint_pos=[0.0, -0.0, -0.0, 0.0, 0.0, 0.0] imu_ang_vel=[0.0, 0.0, 0.0] imu_quat_wxyz=[0.8802523612976074, -0.030463598668575287, 0.11254874616861343, -0.4599571228027344]
joint_pos=[0.0, -0.0, -0.0, 0.0, 0.0, 0.0] imu_ang_vel=[0.0, 0.0, 0.0] imu_quat_wxyz=[0.8802523612976074, -0.030463598668575287, 0.11254874616861343, -0.4599571228027344]
joint_pos=[0.0, -0.0, -0.0, 0.0, 0.0, 0.0] imu_ang_vel=[0.013848859816789627, 0.0, 0.0] imu_quat_wxyz=[0.8801336288452148, -0.030595535412430763, 0.11229302734136581, -0.4602377414703369]
joint_pos=[0.0, -0.0, -0.0, 0.0, 0.0, 0.0] imu_ang_vel=[0.013848859816789627, 0.0, 0.0] imu_quat_wxyz=[0.8801336288452148, -0.030595535412430763, 0.11229302734136581, -0.4602377414703369]
joint_pos=[0.0, -0.0, -0.0, 0.0, 0.0, 0.0] imu_ang_vel=[0.0, 0.0, 0.0] imu_quat_wxyz=[0.8800642490386963, -0.030480505898594856, 0.11217545717954636, -0.4604068696498871]
joint_pos=[0.0, -0.0, -0.0, 0.0, 0.0, 0.0] imu_ang_vel=[0.0, 0.0, 0.0] imu_quat_wxyz=[0.8800642490386963, -0.030480505898594856, 0.11217545717954636, -0.4604068696498871]
joint_pos=[0.0, -0.0, -0.0, 0.0, 0.0, 0.0] imu_ang_vel=[0.0, 0.0, 0.0] imu_quat_wxyz=[0.8799889087677002, -0.030277550220489502, 0.11208582669496536, -0.46058598160743713]
joint_pos=[0.0, -0.0, -0.0, 0.0, 0.0, 0.0] imu_ang_vel=[0.0, 0.0, 0.0] imu_quat_wxyz=[0.8799889087677002, -0.030277550220489502, 0.11208582669496536, -0.46058598160743713]
joint_pos=[0.0, -0.0, -0.0, 0.0, 0.0, 0.0] imu_ang_vel=[0.0, 0.0, 0.0] imu_quat_wxyz=[0.8799955248832703, -0.02994842454791069, 0.11219456046819687, -0.460568368434906]
joint_pos=[0.0, -0.0, -0.0, 0.0, 0.0, 0.0] imu_ang_vel=[0.0, 0.0, 0.0] imu_quat_wxyz=[0.8799955248832703, -0.02994842454791069, 0.11219456046819687, -0.460568368434906]
joint_pos=[0.0, -0.0, -0.0, 0.0, 0.0, 0.0] imu_ang_vel=[0.0, 0.0, 0.0] imu_quat_wxyz=[0.8799962401390076, -0.029802486300468445, 0.11225642263889313, -0.4605616331100464]
joint_pos=[0.0, -0.0, -0.0, 0.0, 0.0, 0.0] imu_ang_vel=[0.0, 0.0, 0.0] imu_quat_wxyz=[0.8799962401390076, -0.029802486300468445, 0.11225642263889313, -0.4605616331100464]
joint_pos=[0.0, -0.0, -0.0, 0.0, 0.0, 0.0] imu_ang_vel=[0.0, 0.0, 0.0] imu_quat_wxyz=[0.8798320293426514, -0.030136259272694588, 0.11212047189474106, -0.4608865976333618]
joint_pos=[0.0, -0.0, -0.0, 0.0, 0.0, 0.0] imu_ang_vel=[0.0, 0.0, 0.0] imu_quat_wxyz=[0.8798320293426514, -0.030136259272694588, 0.11212047189474106, -0.4608865976333618]
joint_pos=[0.0, -0.0, -0.0, 0.0, 0.0, 0.0] imu_ang_vel=[0.0, 0.0, 0.0] imu_quat_wxyz=[0.8797245025634766, -0.030423380434513092, 0.1120886281132698, -0.46108052134513855]
joint_pos=[0.0, -0.0, -0.0, 0.0, 0.0, 0.0] imu_ang_vel=[0.0, 0.0, 0.0] imu_quat_wxyz=[0.8797245025634766, -0.030423380434513092, 0.1120886281132698, -0.46108052134513855]
joint_pos=[0.0, -0.0, -0.0, 0.0, 0.0, 0.0] imu_ang_vel=[0.0, 0.0, 0.0] imu_quat_wxyz=[0.8797031044960022, -0.030545847490429878, 0.1122111901640892, -0.46108341217041016]
joint_pos=[0.0, -0.0, -0.0, 0.0, 0.0, 0.0] imu_ang_vel=[0.0, 0.0, 0.0] imu_quat_wxyz=[0.8797031044960022, -0.030545847490429878, 0.1122111901640892, -0.46108341217041016]
joint_pos=[0.0, -0.0, -0.0, 0.0, 0.0, 0.0] imu_ang_vel=[0.0, 0.0, 0.0] imu_quat_wxyz=[0.8797293305397034, -0.030461566522717476, 0.11235033720731735, -0.4610050618648529]
joint_pos=[0.0, -0.0, -0.0, 0.0, 0.0, 0.0] imu_ang_vel=[0.0, 0.0, 0.0] imu_quat_wxyz=[0.8797293305397034, -0.030461566522717476, 0.11235033720731735, -0.4610050618648529]
joint_pos=[0.0, -0.0, -0.0, 0.0, 0.0, 0.0] imu_ang_vel=[0.0, 0.0, 0.0] imu_quat_wxyz=[0.8798844814300537, -0.02988946996629238, 0.11257625371217728, -0.46069133281707764]
joint_pos=[0.0, -0.0, -0.0, 0.0, 0.0, 0.0] imu_ang_vel=[0.0, 0.0, 0.0] imu_quat_wxyz=[0.8798844814300537, -0.02988946996629238, 0.11257625371217728, -0.46069133281707764]
joint_pos=[0.0, -0.0, -0.0, 0.0, 0.0, 0.0] imu_ang_vel=[0.0, 0.0, 0.0] imu_quat_wxyz=[0.8800584673881531, -0.02929997816681862, 0.11278483271598816, -0.4603455662727356]
joint_pos=[0.0, -0.0, -0.0, 0.0, 0.0, 0.0] imu_ang_vel=[0.0, 0.0, 0.0] imu_quat_wxyz=[0.8800584673881531, -0.02929997816681862, 0.11278483271598816, -0.4603455662727356]
joint_pos=[0.0, -0.0, -0.0, 0.0, 0.0, 0.0] imu_ang_vel=[0.0, 0.0, 0.0] imu_quat_wxyz=[0.8799607753753662, -0.029372766613960266, 0.11267492175102234, -0.46055465936660767]
joint_pos=[0.0, -0.0, -0.0, 0.0, 0.0, 0.0] imu_ang_vel=[0.0, 0.0, 0.0] imu_quat_wxyz=[0.8799607753753662, -0.029372766613960266, 0.11267492175102234, -0.46055465936660767]
joint_pos=[0.0, -0.0, -0.0, 0.0, 0.0, 0.0] imu_ang_vel=[0.0, -0.010652969591319561, 0.0] imu_quat_wxyz=[0.879761278629303, -0.029770225286483765, 0.11243979632854462, -0.4609675109386444]
joint_pos=[0.0, -0.0, -0.0, 0.0, 0.0, 0.0] imu_ang_vel=[0.0, -0.010652969591319561, 0.0] imu_quat_wxyz=[0.879761278629303, -0.029770225286483765, 0.11243979632854462, -0.4609675109386444]
joint_pos=[0.0, -0.0, -0.0, 0.0, 0.0, 0.0] imu_ang_vel=[0.0, 0.0, 0.0] imu_quat_wxyz=[0.879544734954834, -0.03030204586684704, 0.11209418624639511, -0.4614301025867462]
joint_pos=[0.0, -0.0, -0.0, 0.0, 0.0, 0.0] imu_ang_vel=[0.0, 0.0, 0.0] imu_quat_wxyz=[0.879544734954834, -0.03030204586684704, 0.11209418624639511, -0.4614301025867462]
joint_pos=[0.0, -0.0, -0.0, 0.0, 0.0, 0.0] imu_ang_vel=[0.0, -0.011718266643583775, 0.0] imu_quat_wxyz=[0.8793633580207825, -0.030778205022215843, 0.11184395849704742, -0.4618048071861267]
joint_pos=[0.0, -0.0, -0.0, 0.0, 0.0, 0.0] imu_ang_vel=[0.0, -0.011718266643583775, 0.0] imu_quat_wxyz=[0.8793633580207825, -0.030778205022215843, 0.11184395849704742, -0.4618048071861267]
joint_pos=[0.0, -0.0, -0.0, 0.0, 0.0, 0.0] imu_ang_vel=[0.0, 0.0, 0.0] imu_quat_wxyz=[0.8794831037521362, -0.030536994338035583, 0.11215122789144516, -0.4615180194377899]
joint_pos=[0.0, -0.0, -0.0, 0.0, 0.0, 0.0] imu_ang_vel=[0.0, 0.0, 0.0] imu_quat_wxyz=[0.8794831037521362, -0.030536994338035583, 0.11215122789144516, -0.4615180194377899]
joint_pos=[0.0, -0.0, -0.0, 0.0, 0.0, 0.0] imu_ang_vel=[0.0, 0.0, 0.0] imu_quat_wxyz=[0.8796640038490295, -0.030156204476952553, 0.11246300488710403, -0.4611225426197052]
joint_pos=[0.0, -0.0, -0.0, 0.0, 0.0, 0.0] imu_ang_vel=[0.0, 0.0, 0.0] imu_quat_wxyz=[0.8796640038490295, -0.030156204476952553, 0.11246300488710403, -0.4611225426197052]
joint_pos=[0.0, -0.0, -0.0, 0.0, 0.0, 0.0] imu_ang_vel=[0.0, 0.0, 0.0] imu_quat_wxyz=[0.8795562982559204, -0.030422965064644814, 0.11243169009685516, -0.4613179862499237]
joint_pos=[0.0, -0.0, -0.0, 0.0, 0.0, 0.0] imu_ang_vel=[0.0, 0.0, 0.0] imu_quat_wxyz=[0.8795562982559204, -0.030422965064644814, 0.11243169009685516, -0.4613179862499237]
joint_pos=[0.0, -0.0, -0.0, 0.0, 0.0, 0.0] imu_ang_vel=[0.0, 0.0, 0.0] imu_quat_wxyz=[0.8795031905174255, -0.03036278486251831, 0.11240188777446747, -0.4614303410053253]
joint_pos=[0.0, -0.0, -0.0, 0.0, 0.0, 0.0] imu_ang_vel=[0.0, 0.0, 0.0] imu_quat_wxyz=[0.8795031905174255, -0.03036278486251831, 0.11240188777446747, -0.4614303410053253]
joint_pos=[0.0, -0.0, -0.0, 0.0, 0.0, 0.0] imu_ang_vel=[0.0, 0.0, 0.0] imu_quat_wxyz=[0.8795116543769836, -0.03012680634856224, 0.11243249475955963, -0.4614222049713135]
joint_pos=[0.0, -0.0, -0.0, 0.0, 0.0, 0.0] imu_ang_vel=[0.0, 0.0, 0.0] imu_quat_wxyz=[0.8795116543769836, -0.03012680634856224, 0.11243249475955963, -0.4614222049713135]
joint_pos=[0.0, -0.0, -0.0, 0.0, 0.0, 0.0] imu_ang_vel=[0.0, 0.0, 0.0] imu_quat_wxyz=[0.87955641746521, -0.029818709939718246, 0.1125396192073822, -0.46133095026016235]
joint_pos=[0.0, -0.0, -0.0, 0.0, 0.0, 0.0] imu_ang_vel=[0.0, 0.0, 0.0] imu_quat_wxyz=[0.87955641746521, -0.029818709939718246, 0.1125396192073822, -0.46133095026016235]
joint_pos=[0.0, -0.0, -0.0, 0.0, 0.0, 0.0] imu_ang_vel=[0.0, -0.011718266643583775, 0.0] imu_quat_wxyz=[0.8795642852783203, -0.029865385964512825, 0.1124596819281578, -0.46133238077163696]
joint_pos=[0.0, -0.0, -0.0, 0.0, 0.0, 0.0] imu_ang_vel=[0.0, -0.011718266643583775, 0.0] imu_quat_wxyz=[0.8795642852783203, -0.029865385964512825, 0.1124596819281578, -0.46133238077163696]
joint_pos=[0.0, -0.0, -0.0, 0.0, 0.0, 0.0] imu_ang_vel=[0.0, 0.0, 0.0] imu_quat_wxyz=[0.8794580101966858, -0.03022090159356594, 0.11233144253492355, -0.46154290437698364]
joint_pos=[0.0, -0.0, -0.0, 0.0, 0.0, 0.0] imu_ang_vel=[0.0, 0.0, 0.0] imu_quat_wxyz=[0.8794580101966858, -0.03022090159356594, 0.11233144253492355, -0.46154290437698364]
joint_pos=[0.0, -0.0, -0.0, 0.0, 0.0, 0.0] imu_ang_vel=[0.0, 0.0, 0.0] imu_quat_wxyz=[0.8793153166770935, -0.03065120428800583, 0.11216558516025543, -0.46182674169540405]
joint_pos=[0.0, -0.0, -0.0, 0.0, 0.0, 0.0] imu_ang_vel=[0.0, 0.0, 0.0] imu_quat_wxyz=[0.8793153166770935, -0.03065120428800583, 0.11216558516025543, -0.46182674169540405]
joint_pos=[0.0, -0.0, -0.0, 0.0, 0.0, 0.0] imu_ang_vel=[0.0, 0.0, 0.0] imu_quat_wxyz=[0.8792137503623962, -0.030971091240644455, 0.1121009886264801, -0.46201443672180176]
joint_pos=[0.0, -0.0, -0.0, 0.0, 0.0, 0.0] imu_ang_vel=[0.0, 0.0, 0.0] imu_quat_wxyz=[0.8792137503623962, -0.030971091240644455, 0.1121009886264801, -0.46201443672180176]
joint_pos=[0.0, -0.0, -0.0, 0.0, 0.0, 0.0] imu_ang_vel=[0.0, 0.0, 0.0] imu_quat_wxyz=[0.8791648745536804, -0.03102121688425541, 0.11208216100931168, -0.46210840344429016]
joint_pos=[0.0, -0.0, -0.0, 0.0, 0.0, 0.0] imu_ang_vel=[0.0, 0.0, 0.0] imu_quat_wxyz=[0.8791648745536804, -0.03102121688425541, 0.11208216100931168, -0.46210840344429016]
joint_pos=[0.0, -0.0, -0.0, 0.0, 0.0, 0.0] imu_ang_vel=[0.0, 0.0, 0.0] imu_quat_wxyz=[0.8791326284408569, -0.03089914657175541, 0.11218197643756866, -0.46215373277664185]
joint_pos=[0.0, -0.0, -0.0, 0.0, 0.0, 0.0] imu_ang_vel=[0.0, 0.0, 0.0] imu_quat_wxyz=[0.8791326284408569, -0.03089914657175541, 0.11218197643756866, -0.46215373277664185]
joint_pos=[0.0, -0.0, -0.0, 0.0, 0.0, 0.0] imu_ang_vel=[0.0, 0.0, 0.0] imu_quat_wxyz=[0.8791435956954956, -0.03062567673623562, 0.11230651289224625, -0.46212083101272583]
joint_pos=[0.0, -0.0, -0.0, 0.0, 0.0, 0.0] imu_ang_vel=[0.0, 0.0, 0.0] imu_quat_wxyz=[0.8791435956954956, -0.03062567673623562, 0.11230651289224625, -0.46212083101272583]
joint_pos=[0.0, -0.0, -0.0, 0.0, 0.0, 0.0] imu_ang_vel=[0.0, 0.0, 0.0] imu_quat_wxyz=[0.8790393471717834, -0.030605759471654892, 0.11226886510848999, -0.46232977509498596]
joint_pos=[0.0, -0.0, -0.0, 0.0, 0.0, 0.0] imu_ang_vel=[0.0, 0.0, 0.0] imu_quat_wxyz=[0.8790393471717834, -0.030605759471654892, 0.11226886510848999, -0.46232977509498596]
joint_pos=[0.0, -0.0, -0.0, 0.0, 0.0, 0.0] imu_ang_vel=[0.0, 0.0, 0.0] imu_quat_wxyz=[0.8788500428199768, -0.030847443267703056, 0.1121135726571083, -0.4627111554145813]
joint_pos=[0.0, -0.0, -0.0, 0.0, 0.0, 0.0] imu_ang_vel=[0.0, 0.0, 0.0] imu_quat_wxyz=[0.8788500428199768, -0.030847443267703056, 0.1121135726571083, -0.4627111554145813]
joint_pos=[0.0, -0.0, -0.0, 0.0, 0.0, 0.0] imu_ang_vel=[0.0, 0.0, 0.0] imu_quat_wxyz=[0.8787347078323364, -0.030962448567152023, 0.11206215620040894, -0.4629348814487457]
joint_pos=[0.0, -0.0, -0.0, 0.0, 0.0, 0.0] imu_ang_vel=[0.0, 0.0, 0.0] imu_quat_wxyz=[0.8787347078323364, -0.030962448567152023, 0.11206215620040894, -0.4629348814487457]
joint_pos=[0.0, -0.0, -0.0, 0.0, 0.0, 0.0] imu_ang_vel=[0.0, 0.0, 0.0] imu_quat_wxyz=[0.8785994648933411, -0.031245991587638855, 0.11198698729276657, -0.463190495967865]
joint_pos=[0.0, -0.0, -0.0, 0.0, 0.0, 0.0] imu_ang_vel=[0.0, 0.0, 0.0] imu_quat_wxyz=[0.8785994648933411, -0.031245991587638855, 0.11198698729276657, -0.463190495967865]
joint_pos=[0.0, -0.0, -0.0, 0.0, 0.0, 0.0] imu_ang_vel=[0.0, 0.0, 0.0] imu_quat_wxyz=[0.8785712122917175, -0.031232329085469246, 0.11208129674196243, -0.4632223844528198]
joint_pos=[0.0, -0.0, -0.0, 0.0, 0.0, 0.0] imu_ang_vel=[0.0, 0.0, 0.0] imu_quat_wxyz=[0.8785712122917175, -0.031232329085469246, 0.11208129674196243, -0.4632223844528198]
joint_pos=[0.0, -0.0, -0.0, 0.0, 0.0, 0.0] imu_ang_vel=[0.0, 0.0, 0.0] imu_quat_wxyz=[0.8785785436630249, -0.031083742156624794, 0.11216534674167633, -0.46319812536239624]
joint_pos=[0.0, -0.0, -0.0, 0.0, 0.0, 0.0] imu_ang_vel=[0.0, 0.0, 0.0] imu_quat_wxyz=[0.8785785436630249, -0.031083742156624794, 0.11216534674167633, -0.46319812536239624]
joint_pos=[0.0, -0.0, -0.0, 0.0, 0.0, 0.0] imu_ang_vel=[0.0, 0.0, 0.0] imu_quat_wxyz=[0.8784458637237549, -0.031022436916828156, 0.11207547783851624, -0.4634754955768585]
joint_pos=[0.0, -0.0, -0.0, 0.0, 0.0, 0.0] imu_ang_vel=[0.0, 0.0, 0.0] imu_quat_wxyz=[0.8784458637237549, -0.031022436916828156, 0.11207547783851624, -0.4634754955768585]
joint_pos=[0.0, -0.0, -0.0, 0.0, 0.0, 0.0] imu_ang_vel=[0.0, 0.0, 0.0] imu_quat_wxyz=[0.8783716559410095, -0.030878053978085518, 0.11206574738025665, -0.46362826228141785]
joint_pos=[0.0, -0.0, -0.0, 0.0, 0.0, 0.0] imu_ang_vel=[0.0, 0.0, 0.0] imu_quat_wxyz=[0.8783716559410095, -0.030878053978085518, 0.11206574738025665, -0.46362826228141785]
joint_pos=[0.0, -0.0, -0.0, 0.0, 0.0, 0.0] imu_ang_vel=[0.0, 0.0, 0.0] imu_quat_wxyz=[0.878336489200592, -0.030541982501745224, 0.11213125288486481, -0.4637010395526886]
joint_pos=[0.0, -0.0, -0.0, 0.0, 0.0, 0.0] imu_ang_vel=[0.0, 0.0, 0.0] imu_quat_wxyz=[0.878336489200592, -0.030541982501745224, 0.11213125288486481, -0.4637010395526886]
joint_pos=[0.0, -0.0, -0.0, 0.0, 0.0, 0.0] imu_ang_vel=[0.0, 0.0, 0.0] imu_quat_wxyz=[0.8782217502593994, -0.030567387118935585, 0.11213210225105286, -0.46391645073890686]
joint_pos=[0.0, -0.0, -0.0, 0.0, 0.0, 0.0] imu_ang_vel=[0.0, 0.0, 0.0] imu_quat_wxyz=[0.8782217502593994, -0.030567387118935585, 0.11213210225105286, -0.46391645073890686]
joint_pos=[0.0, -0.0, -0.0, 0.0, 0.0, 0.0] imu_ang_vel=[0.0, 0.0, 0.0] imu_quat_wxyz=[0.8781121373176575, -0.030608339235186577, 0.1121002584695816, -0.4641290307044983]
joint_pos=[0.0, -0.0, -0.0, 0.0, 0.0, 0.0] imu_ang_vel=[0.0, 0.0, 0.0] imu_quat_wxyz=[0.8781121373176575, -0.030608339235186577, 0.1121002584695816, -0.4641290307044983]
joint_pos=[0.0, -0.0, -0.0, 0.0, 0.0, 0.0] imu_ang_vel=[0.0, 0.0, 0.0] imu_quat_wxyz=[0.8779928684234619, -0.030776146799325943, 0.11203329265117645, -0.4643596112728119]
joint_pos=[0.0, -0.0, -0.0, 0.0, 0.0, 0.0] imu_ang_vel=[0.0, 0.0, 0.0] imu_quat_wxyz=[0.8779928684234619, -0.030776146799325943, 0.11203329265117645, -0.4643596112728119]
joint_pos=[0.0, -0.0, -0.0, 0.0, 0.0, 0.0] imu_ang_vel=[0.010652969591319561, 0.0, 0.0] imu_quat_wxyz=[0.8777707815170288, -0.031122006475925446, 0.11188370734453201, -0.46479251980781555]
joint_pos=[0.0, -0.0, -0.0, 0.0, 0.0, 0.0] imu_ang_vel=[0.010652969591319561, 0.0, 0.0] imu_quat_wxyz=[0.8777707815170288, -0.031122006475925446, 0.11188370734453201, -0.46479251980781555]
joint_pos=[0.0, -0.0, -0.0, 0.0, 0.0, 0.0] imu_ang_vel=[0.0, 0.0, 0.0] imu_quat_wxyz=[0.8776018023490906, -0.031359534710645676, 0.11176362633705139, -0.46512433886528015]
joint_pos=[0.0, -0.0, -0.0, 0.0, 0.0, 0.0] imu_ang_vel=[0.0, 0.0, 0.0] imu_quat_wxyz=[0.8776018023490906, -0.031359534710645676, 0.11176362633705139, -0.46512433886528015]
joint_pos=[0.0, -0.0, -0.0, 0.0, 0.0, 0.0] imu_ang_vel=[0.0, 0.0, 0.0] imu_quat_wxyz=[0.8775256872177124, -0.03119087778031826, 0.11185068637132645, -0.46525803208351135]
joint_pos=[0.0, -0.0, -0.0, 0.0, 0.0, 0.0] imu_ang_vel=[0.0, 0.0, 0.0] imu_quat_wxyz=[0.8775256872177124, -0.03119087778031826, 0.11185068637132645, -0.46525803208351135]
joint_pos=[0.0, -0.0, -0.0, 0.0, 0.0, 0.0] imu_ang_vel=[0.0, 0.0, 0.0] imu_quat_wxyz=[0.8775829672813416, -0.03053789958357811, 0.11202646791934967, -0.4651511013507843]
joint_pos=[0.0, -0.0, -0.0, 0.0, 0.0, 0.0] imu_ang_vel=[0.0, 0.0, 0.0] imu_quat_wxyz=[0.8775829672813416, -0.03053789958357811, 0.11202646791934967, -0.4651511013507843]
joint_pos=[0.0, -0.0, -0.0, 0.0, 0.0, 0.0] imu_ang_vel=[0.0, 0.0, 0.0] imu_quat_wxyz=[0.8777456879615784, -0.029833655804395676, 0.1123424619436264, -0.4648136794567108]
joint_pos=[0.0, -0.0, -0.0, 0.0, 0.0, 0.0] imu_ang_vel=[0.0, 0.0, 0.0] imu_quat_wxyz=[0.8777456879615784, -0.029833655804395676, 0.1123424619436264, -0.4648136794567108]
joint_pos=[0.0, -0.0, -0.0, 0.0, 0.0, 0.0] imu_ang_vel=[0.0, 0.0, 0.0] imu_quat_wxyz=[0.8778138160705566, -0.029471296817064285, 0.11249759048223495, -0.4646703898906708]
joint_pos=[0.0, -0.0, -0.0, 0.0, 0.0, 0.0] imu_ang_vel=[0.0, 0.0, 0.0] imu_quat_wxyz=[0.8778138160705566, -0.029471296817064285, 0.11249759048223495, -0.4646703898906708]
joint_pos=[0.0, -0.0, -0.0, 0.0, 0.0, 0.0] imu_ang_vel=[0.0, -0.010652969591319561, 0.0] imu_quat_wxyz=[0.877860963344574, -0.029393618926405907, 0.11246806383132935, -0.46459338068962097]
joint_pos=[0.0, -0.0, -0.0, 0.0, 0.0, 0.0] imu_ang_vel=[0.0, -0.010652969591319561, 0.0] imu_quat_wxyz=[0.877860963344574, -0.029393618926405907, 0.11246806383132935, -0.46459338068962097]
joint_pos=[0.0, -0.0, -0.0, 0.0, 0.0, 0.0] imu_ang_vel=[0.0, 0.0, 0.0] imu_quat_wxyz=[0.8779308199882507, -0.02922988496720791, 0.11265341937541962, -0.46442681550979614]
joint_pos=[0.0, -0.0, -0.0, 0.0, 0.0, 0.0] imu_ang_vel=[0.0, 0.0, 0.0] imu_quat_wxyz=[0.8779308199882507, -0.02922988496720791, 0.11265341937541962, -0.46442681550979614]
joint_pos=[0.0, -0.0, -0.0, 0.0, 0.0, 0.0] imu_ang_vel=[0.0, -0.010652969591319561, 0.0] imu_quat_wxyz=[0.8779580593109131, -0.029356205835938454, 0.11258983612060547, -0.46438267827033997]
joint_pos=[0.0, -0.0, -0.0, 0.0, 0.0, 0.0] imu_ang_vel=[0.0, -0.010652969591319561, 0.0] imu_quat_wxyz=[0.8779580593109131, -0.029356205835938454, 0.11258983612060547, -0.46438267827033997]
joint_pos=[0.0, -0.0, -0.0, 0.0, 0.0, 0.0] imu_ang_vel=[0.0, 0.0, 0.0] imu_quat_wxyz=[0.8779956102371216, -0.02937896177172661, 0.11270464211702347, -0.46428242325782776]
joint_pos=[0.0, -0.0, -0.0, 0.0, 0.0, 0.0] imu_ang_vel=[0.0, 0.0, 0.0] imu_quat_wxyz=[0.8779956102371216, -0.02937896177172661, 0.11270464211702347, -0.46428242325782776]
joint_pos=[0.0, -0.0, -0.0, 0.0, 0.0, 0.0] imu_ang_vel=[0.0, 0.0, 0.0] imu_quat_wxyz=[0.878054678440094, -0.029288198798894882, 0.11276746541261673, -0.464161217212677]
joint_pos=[0.0, -0.0, -0.0, 0.0, 0.0, 0.0] imu_ang_vel=[0.0, 0.0, 0.0] imu_quat_wxyz=[0.878054678440094, -0.029288198798894882, 0.11276746541261673, -0.464161217212677]
joint_pos=[0.0, -0.0, -0.0, 0.0, 0.0, 0.0] imu_ang_vel=[0.0, 0.0, 0.0] imu_quat_wxyz=[0.8780884146690369, -0.029218364506959915, 0.11279979348182678, -0.4640939235687256]
joint_pos=[0.0, -0.0, -0.0, 0.0, 0.0, 0.0] imu_ang_vel=[0.0, 0.0, 0.0] imu_quat_wxyz=[0.8780884146690369, -0.029218364506959915, 0.11279979348182678, -0.4640939235687256]
joint_pos=[0.0, -0.0, -0.0, 0.0, 0.0, 0.0] imu_ang_vel=[0.0, 0.0, 0.0] imu_quat_wxyz=[0.878070056438446, -0.029186582192778587, 0.1127641424536705, -0.4641391932964325]
joint_pos=[0.0, -0.0, -0.0, 0.0, 0.0, 0.0] imu_ang_vel=[0.0, 0.0, 0.0] imu_quat_wxyz=[0.878070056438446, -0.029186582192778587, 0.1127641424536705, -0.4641391932964325]
joint_pos=[0.0, -0.0, -0.0, 0.0, 0.0, 0.0] imu_ang_vel=[0.0, 0.0, 0.0] imu_quat_wxyz=[0.8780013918876648, -0.02941775508224964, 0.11251688003540039, -0.4643145203590393]
joint_pos=[0.0, -0.0, -0.0, 0.0, 0.0, 0.0] imu_ang_vel=[0.0, 0.0, 0.0] imu_quat_wxyz=[0.8780013918876648, -0.02941775508224964, 0.11251688003540039, -0.4643145203590393]
joint_pos=[0.0, -0.0, -0.0, 0.0, 0.0, 0.0] imu_ang_vel=[0.0, 0.0, 0.0] imu_quat_wxyz=[0.8778761029243469, -0.029637664556503296, 0.11237451434135437, -0.46457189321517944]
joint_pos=[0.0, -0.0, -0.0, 0.0, 0.0, 0.0] imu_ang_vel=[0.0, 0.0, 0.0] imu_quat_wxyz=[0.8778761029243469, -0.029637664556503296, 0.11237451434135437, -0.46457189321517944]
joint_pos=[0.0, -0.0, -0.0, 0.0, 0.0, 0.0] imu_ang_vel=[0.0, -0.010652969591319561, 0.0] imu_quat_wxyz=[0.8779659867286682, -0.029595738276839256, 0.11232422292232513, -0.4644167125225067]
joint_pos=[0.0, -0.0, -0.0, 0.0, 0.0, 0.0] imu_ang_vel=[0.0, -0.010652969591319561, 0.0] imu_quat_wxyz=[0.8779659867286682, -0.029595738276839256, 0.11232422292232513, -0.4644167125225067]
joint_pos=[0.0, -0.0, -0.0, 0.0, 0.0, 0.0] imu_ang_vel=[0.0, 0.0, 0.0] imu_quat_wxyz=[0.8780412077903748, -0.029528765007853508, 0.11253311485052109, -0.46422839164733887]
joint_pos=[0.0, -0.0, -0.0, 0.0, 0.0, 0.0] imu_ang_vel=[0.0, 0.0, 0.0] imu_quat_wxyz=[0.8780412077903748, -0.029528765007853508, 0.11253311485052109, -0.46422839164733887]
joint_pos=[0.0, -0.0, -0.0, 0.0, 0.0, 0.0] imu_ang_vel=[0.0, -0.010652969591319561, 0.0] imu_quat_wxyz=[0.8779962658882141, -0.029862964525818825, 0.11241398006677628, -0.46432071924209595]
joint_pos=[0.0, -0.0, -0.0, 0.0, 0.0, 0.0] imu_ang_vel=[0.0, -0.010652969591319561, 0.0] imu_quat_wxyz=[0.8779962658882141, -0.029862964525818825, 0.11241398006677628, -0.46432071924209595]
joint_pos=[0.0, -0.0, -0.0, 0.0, 0.0, 0.0] imu_ang_vel=[0.0, 0.0, 0.0] imu_quat_wxyz=[0.8779536485671997, -0.0299877617508173, 0.1124178096652031, -0.46439236402511597]
joint_pos=[0.0, -0.0, -0.0, 0.0, 0.0, 0.0] imu_ang_vel=[0.0, 0.0, 0.0] imu_quat_wxyz=[0.8779536485671997, -0.0299877617508173, 0.1124178096652031, -0.46439236402511597]
joint_pos=[0.0, -0.0, -0.0, 0.0, 0.0, 0.0] imu_ang_vel=[0.0, 0.0, 0.0] imu_quat_wxyz=[0.877864420413971, -0.030168067663908005, 0.11240372061729431, -0.4645529091358185]
joint_pos=[0.0, -0.0, -0.0, 0.0, 0.0, 0.0] imu_ang_vel=[0.0, 0.0, 0.0] imu_quat_wxyz=[0.877864420413971, -0.030168067663908005, 0.11240372061729431, -0.4645529091358185]
joint_pos=[0.0, -0.0, -0.0, 0.0, 0.0, 0.0] imu_ang_vel=[0.0, 0.0, 0.0] imu_quat_wxyz=[0.8778927326202393, -0.02995423413813114, 0.11249781399965286, -0.46449029445648193]
joint_pos=[0.0, -0.0, -0.0, 0.0, 0.0, 0.0] imu_ang_vel=[0.0, 0.0, 0.0] imu_quat_wxyz=[0.8778927326202393, -0.02995423413813114, 0.11249781399965286, -0.46449029445648193]
joint_pos=[0.0, -0.0, -0.0, 0.0, 0.0, 0.0] imu_ang_vel=[0.0, 0.0, 0.0] imu_quat_wxyz=[0.8781377673149109, -0.029276804998517036, 0.1128363087773323, -0.4639878571033478]
joint_pos=[0.0, -0.0, -0.0, 0.0, 0.0, 0.0] imu_ang_vel=[0.0, 0.0, 0.0] imu_quat_wxyz=[0.8781377673149109, -0.029276804998517036, 0.1128363087773323, -0.4639878571033478]
joint_pos=[0.0, -0.0, -0.0, 0.0, 0.0, 0.0] imu_ang_vel=[0.0, 0.0, 0.0] imu_quat_wxyz=[0.8783434629440308, -0.028860392048954964, 0.11304812878370285, -0.46357303857803345]
joint_pos=[0.0, -0.0, -0.0, 0.0, 0.0, 0.0] imu_ang_vel=[0.0, 0.0, 0.0] imu_quat_wxyz=[0.8783434629440308, -0.028860392048954964, 0.11304812878370285, -0.46357303857803345]
joint_pos=[0.0, -0.0, -0.0, 0.0, 0.0, 0.0] imu_ang_vel=[0.0, 0.0, 0.0] imu_quat_wxyz=[0.8783436417579651, -0.029000142589211464, 0.11296344548463821, -0.4635845124721527]
joint_pos=[0.0, -0.0, -0.0, 0.0, 0.0, 0.0] imu_ang_vel=[0.0, 0.0, 0.0] imu_quat_wxyz=[0.8783436417579651, -0.029000142589211464, 0.11296344548463821, -0.4635845124721527]
joint_pos=[0.0, -0.0, -0.0, 0.0, 0.0, 0.0] imu_ang_vel=[0.0, 0.0, 0.0] imu_quat_wxyz=[0.8783590793609619, -0.02925371564924717, 0.11294914782047272, -0.4635429382324219]
joint_pos=[0.0, -0.0, -0.0, 0.0, 0.0, 0.0] imu_ang_vel=[0.0, 0.0, 0.0] imu_quat_wxyz=[0.8783590793609619, -0.02925371564924717, 0.11294914782047272, -0.4635429382324219]
joint_pos=[0.0, -0.0, -0.0, 0.0, 0.0, 0.0] imu_ang_vel=[0.0, 0.0, 0.0] imu_quat_wxyz=[0.8782973885536194, -0.029607951641082764, 0.11279785633087158, -0.463673859834671]
joint_pos=[0.0, -0.0, -0.0, 0.0, 0.0, 0.0] imu_ang_vel=[0.0, 0.0, 0.0] imu_quat_wxyz=[0.8782973885536194, -0.029607951641082764, 0.11279785633087158, -0.463673859834671]
joint_pos=[0.0, -0.0, -0.0, 0.0, 0.0, 0.0] imu_ang_vel=[0.0, 0.0, 0.0] imu_quat_wxyz=[0.87818843126297, -0.029998432844877243, 0.11264955997467041, -0.46389129757881165]
joint_pos=[0.0, -0.0, -0.0, 0.0, 0.0, 0.0] imu_ang_vel=[0.0, 0.0, 0.0] imu_quat_wxyz=[0.87818843126297, -0.029998432844877243, 0.11264955997467041, -0.46389129757881165]
joint_pos=[0.0, -0.0, -0.0, 0.0, 0.0, 0.0] imu_ang_vel=[0.0, 0.0, 0.0] imu_quat_wxyz=[0.8782442808151245, -0.029841821640729904, 0.11259725689888, -0.46380847692489624]
joint_pos=[0.0, -0.0, -0.0, 0.0, 0.0, 0.0] imu_ang_vel=[0.0, 0.0, 0.0] imu_quat_wxyz=[0.8782442808151245, -0.029841821640729904, 0.11259725689888, -0.46380847692489624]
joint_pos=[0.0, -0.0, -0.0, 0.0, 0.0, 0.0] imu_ang_vel=[0.0, 0.0, 0.0] imu_quat_wxyz=[0.8783220648765564, -0.029615093022584915, 0.1126360297203064, -0.46366605162620544]
joint_pos=[0.0, -0.0, -0.0, 0.0, 0.0, 0.0] imu_ang_vel=[0.0, 0.0, 0.0] imu_quat_wxyz=[0.8783220648765564, -0.029615093022584915, 0.1126360297203064, -0.46366605162620544]
joint_pos=[0.0, -0.0, -0.0, 0.0, 0.0, 0.0] imu_ang_vel=[0.0, 0.0, 0.0] imu_quat_wxyz=[0.8783208727836609, -0.02958361990749836, 0.11264845728874207, -0.4636673331260681]
joint_pos=[0.0, -0.0, -0.0, 0.0, 0.0, 0.0] imu_ang_vel=[0.0, 0.0, 0.0] imu_quat_wxyz=[0.8783208727836609, -0.02958361990749836, 0.11264845728874207, -0.4636673331260681]
joint_pos=[0.0, -0.0, -0.0, 0.0, 0.0, 0.0] imu_ang_vel=[0.0, 0.0, 0.0] imu_quat_wxyz=[0.8783083558082581, -0.029551822692155838, 0.1125960573554039, -0.4637058675289154]
joint_pos=[0.0, -0.0, -0.0, 0.0, 0.0, 0.0] imu_ang_vel=[0.0, 0.0, 0.0] imu_quat_wxyz=[0.8783083558082581, -0.029551822692155838, 0.1125960573554039, -0.4637058675289154]
joint_pos=[0.0, -0.0, -0.0, 0.0, 0.0, 0.0] imu_ang_vel=[0.0, 0.0, 0.0] imu_quat_wxyz=[0.8782188296318054, -0.02973995916545391, 0.11241117119789124, -0.4639081656932831]
joint_pos=[0.0, -0.0, -0.0, 0.0, 0.0, 0.0] imu_ang_vel=[0.0, 0.0, 0.0] imu_quat_wxyz=[0.8782188296318054, -0.02973995916545391, 0.11241117119789124, -0.4639081656932831]
joint_pos=[0.0, -0.0, -0.0, 0.0, 0.0, 0.0] imu_ang_vel=[0.0, 0.0, 0.0] imu_quat_wxyz=[0.8780680894851685, -0.03006090596318245, 0.1122276559472084, -0.46421733498573303]
joint_pos=[0.0, -0.0, -0.0, 0.0, 0.0, 0.0] imu_ang_vel=[0.0, 0.0, 0.0] imu_quat_wxyz=[0.8780680894851685, -0.03006090596318245, 0.1122276559472084, -0.46421733498573303]
joint_pos=[0.0, -0.0, -0.0, 0.0, 0.0, 0.0] imu_ang_vel=[0.0, 0.0, 0.0] imu_quat_wxyz=[0.8779947757720947, -0.030192065984010696, 0.11221706867218018, -0.464350163936615]
joint_pos=[0.0, -0.0, -0.0, 0.0, 0.0, 0.0] imu_ang_vel=[0.0, 0.0, 0.0] imu_quat_wxyz=[0.8779947757720947, -0.030192065984010696, 0.11221706867218018, -0.464350163936615]
joint_pos=[0.0, -0.0, -0.0, 0.0, 0.0, 0.0] imu_ang_vel=[0.0, 0.0, 0.0] imu_quat_wxyz=[0.8779791593551636, -0.030193999409675598, 0.11223157495260239, -0.46437591314315796]
joint_pos=[0.0, -0.0, -0.0, 0.0, 0.0, 0.0] imu_ang_vel=[0.0, 0.0, 0.0] imu_quat_wxyz=[0.8779791593551636, -0.030193999409675598, 0.11223157495260239, -0.46437591314315796]
joint_pos=[0.0, -0.0, -0.0, 0.0, 0.0, 0.0] imu_ang_vel=[0.0, 0.0, 0.0] imu_quat_wxyz=[0.8780495524406433, -0.029931282624602318, 0.11244074255228043, -0.4642091393470764]
joint_pos=[0.0, -0.0, -0.0, 0.0, 0.0, 0.0] imu_ang_vel=[0.0, 0.0, 0.0] imu_quat_wxyz=[0.8780495524406433, -0.029931282624602318, 0.11244074255228043, -0.4642091393470764]
joint_pos=[0.0, -0.0, -0.0, 0.0, 0.0, 0.0] imu_ang_vel=[0.0, 0.0, 0.0] imu_quat_wxyz=[0.8781476020812988, -0.029617266729474068, 0.11260397732257843, -0.4640043079853058]
joint_pos=[0.0, -0.0, -0.0, 0.0, 0.0, 0.0] imu_ang_vel=[0.0, 0.0, 0.0] imu_quat_wxyz=[0.8781476020812988, -0.029617266729474068, 0.11260397732257843, -0.4640043079853058]
joint_pos=[0.0, -0.0, -0.0, 0.0, 0.0, 0.0] imu_ang_vel=[0.0, 0.0, 0.0] imu_quat_wxyz=[0.8781590461730957, -0.029492931440472603, 0.11263569444417953, -0.46398282051086426]
joint_pos=[0.0, -0.0, -0.0, 0.0, 0.0, 0.0] imu_ang_vel=[0.0, 0.0, 0.0] imu_quat_wxyz=[0.8781590461730957, -0.029492931440472603, 0.11263569444417953, -0.46398282051086426]
joint_pos=[0.0, -0.0, -0.0, 0.0, 0.0, 0.0] imu_ang_vel=[0.0, 0.0, 0.0] imu_quat_wxyz=[0.878302812576294, -0.029093390330672264, 0.11278017610311508, -0.4637007713317871]
joint_pos=[0.0, -0.0, -0.0, 0.0, 0.0, 0.0] imu_ang_vel=[0.0, 0.0, 0.0] imu_quat_wxyz=[0.878302812576294, -0.029093390330672264, 0.11278017610311508, -0.4637007713317871]
joint_pos=[0.0, -0.0, -0.0, 0.0, 0.0, 0.0] imu_ang_vel=[0.0, 0.0, 0.0] imu_quat_wxyz=[0.8783845901489258, -0.028943587094545364, 0.11280397325754166, -0.46354934573173523]
joint_pos=[0.0, -0.0, -0.0, 0.0, 0.0, 0.0] imu_ang_vel=[0.0, 0.0, 0.0] imu_quat_wxyz=[0.8783845901489258, -0.028943587094545364, 0.11280397325754166, -0.46354934573173523]
joint_pos=[0.0, -0.0, -0.0, 0.0, 0.0, 0.0] imu_ang_vel=[0.0, 0.0, 0.0] imu_quat_wxyz=[0.8782901167869568, -0.029252400621771812, 0.11262918263673782, -0.4637514352798462]
joint_pos=[0.0, -0.0, -0.0, 0.0, 0.0, 0.0] imu_ang_vel=[0.0, 0.0, 0.0] imu_quat_wxyz=[0.8782901167869568, -0.029252400621771812, 0.11262918263673782, -0.4637514352798462]
joint_pos=[0.0, -0.0, -0.0, 0.0, 0.0, 0.0] imu_ang_vel=[0.0, 0.0, 0.0] imu_quat_wxyz=[0.8782241940498352, -0.02952743135392666, 0.11256943643093109, -0.4638732373714447]
joint_pos=[0.0, -0.0, -0.0, 0.0, 0.0, 0.0] imu_ang_vel=[0.0, 0.0, 0.0] imu_quat_wxyz=[0.8782241940498352, -0.02952743135392666, 0.11256943643093109, -0.4638732373714447]
joint_pos=[0.0, -0.0, -0.0, 0.0, 0.0, 0.0] imu_ang_vel=[0.0, 0.0, 0.0] imu_quat_wxyz=[0.8781423568725586, -0.029899410903453827, 0.11236337572336197, -0.4640541970729828]
joint_pos=[0.0, -0.0, -0.0, 0.0, 0.0, 0.0] imu_ang_vel=[0.0, 0.0, 0.0] imu_quat_wxyz=[0.8781423568725586, -0.029899410903453827, 0.11236337572336197, -0.4640541970729828]
joint_pos=[0.0, -0.0, -0.0, 0.0, 0.0, 0.0] imu_ang_vel=[0.0, 0.0, 0.0] imu_quat_wxyz=[0.8781347870826721, -0.029916537925601006, 0.11240625381469727, -0.4640571177005768]
joint_pos=[0.0, -0.0, -0.0, 0.0, 0.0, 0.0] imu_ang_vel=[0.0, 0.0, 0.0] imu_quat_wxyz=[0.8781347870826721, -0.029916537925601006, 0.11240625381469727, -0.4640571177005768]
joint_pos=[0.0, -0.0, -0.0, 0.0, 0.0, 0.0] imu_ang_vel=[0.0, 0.0, 0.0] imu_quat_wxyz=[0.8784726858139038, -0.029298288747668266, 0.11255355179309845, -0.4634210169315338]
joint_pos=[0.0, -0.0, -0.0, 0.0, 0.0, 0.0] imu_ang_vel=[0.0, 0.0, 0.0] imu_quat_wxyz=[0.8784726858139038, -0.029298288747668266, 0.11255355179309845, -0.4634210169315338]
joint_pos=[0.0, -0.0, -0.0, 0.0, 0.0, 0.0] imu_ang_vel=[-0.01491415686905384, -0.024501830339431763, 0.017044750973582268] imu_quat_wxyz=[0.8787814974784851, -0.029414180666208267, 0.11249025911092758, -0.4628432095050812]
joint_pos=[0.0, -0.0, -0.0, 0.0, 0.0, 0.0] imu_ang_vel=[-0.01491415686905384, -0.024501830339431763, 0.017044750973582268] imu_quat_wxyz=[0.8787814974784851, -0.029414180666208267, 0.11249025911092758, -0.4628432095050812]
joint_pos=[0.0, -0.0, -0.0, 0.0, 0.0, 0.0] imu_ang_vel=[-0.024501830339431763, -0.03835069015622139, 0.06817900389432907] imu_quat_wxyz=[0.879366934299469, -0.030508529394865036, 0.1121024563908577, -0.46175333857536316]
joint_pos=[0.0, -0.0, -0.0, 0.0, 0.0, 0.0] imu_ang_vel=[-0.024501830339431763, -0.03835069015622139, 0.06817900389432907] imu_quat_wxyz=[0.879366934299469, -0.030508529394865036, 0.1121024563908577, -0.46175333857536316]
joint_pos=[0.0, -0.0, -0.0, 0.0, 0.0, 0.0] imu_ang_vel=[-0.028763016685843468, -0.04367717355489731, 0.09268083423376083] imu_quat_wxyz=[0.8803759217262268, -0.029657842591404915, 0.11193691194057465, -0.45992252230644226]
joint_pos=[0.0, -0.0, -0.0, 0.0, 0.0, 0.0] imu_ang_vel=[-0.028763016685843468, -0.04367717355489731, 0.09268083423376083] imu_quat_wxyz=[0.8803759217262268, -0.029657842591404915, 0.11193691194057465, -0.45992252230644226]
joint_pos=[0.0, -0.0, -0.0, 0.0, 0.0, 0.0] imu_ang_vel=[-0.07457078248262405, -0.07350549101829529, 0.07776667922735214] imu_quat_wxyz=[0.8814378380775452, -0.028822772204875946, 0.11162080615758896, -0.458014577627182]
joint_pos=[0.0, -0.0, -0.0, 0.0, 0.0, 0.0] imu_ang_vel=[-0.07457078248262405, -0.07350549101829529, 0.07776667922735214] imu_quat_wxyz=[0.8814378380775452, -0.028822772204875946, 0.11162080615758896, -0.458014577627182]
joint_pos=[0.0, -0.0, -0.0, 0.0, 0.0, 0.0] imu_ang_vel=[-0.06711370497941971, -0.05006895586848259, 0.039415985345840454] imu_quat_wxyz=[0.8820996284484863, -0.030879542231559753, 0.10955024510622025, -0.45710545778274536]
joint_pos=[0.0, -0.0, -0.0, 0.0, 0.0, 0.0] imu_ang_vel=[-0.06711370497941971, -0.05006895586848259, 0.039415985345840454] imu_quat_wxyz=[0.8820996284484863, -0.030879542231559753, 0.10955024510622025, -0.45710545778274536]
joint_pos=[0.0, -0.0, -0.0, 0.0, 0.0, 0.0] imu_ang_vel=[0.012783562764525414, 0.0, 0.017044750973582268] imu_quat_wxyz=[0.8822569847106934, -0.03356458246707916, 0.10863334685564041, -0.45683130621910095]
joint_pos=[0.0, -0.0, -0.0, 0.0, 0.0, 0.0] imu_ang_vel=[0.012783562764525414, 0.0, 0.017044750973582268] imu_quat_wxyz=[0.8822569847106934, -0.03356458246707916, 0.10863334685564041, -0.45683130621910095]
joint_pos=[0.0, -0.0, -0.0, 0.0, 0.0, 0.0] imu_ang_vel=[-0.06285251677036285, -0.07989726960659027, 0.011718266643583775] imu_quat_wxyz=[0.8822680115699768, -0.035884615033864975, 0.10861440002918243, -0.45663803815841675]
joint_pos=[0.0, -0.0, -0.0, 0.0, 0.0, 0.0] imu_ang_vel=[-0.06285251677036285, -0.07989726960659027, 0.011718266643583775] imu_quat_wxyz=[0.8822680115699768, -0.035884615033864975, 0.10861440002918243, -0.45663803815841675]
joint_pos=[0.0, -0.0, -0.0, 0.0, 0.0, 0.0] imu_ang_vel=[0.010652969591319561, -0.04367717355489731, -0.039415985345840454] imu_quat_wxyz=[0.8821106553077698, -0.03833813965320587, 0.10708040744066238, -0.45710453391075134]
joint_pos=[0.0, -0.0, -0.0, 0.0, 0.0, 0.0] imu_ang_vel=[0.010652969591319561, -0.04367717355489731, -0.039415985345840454] imu_quat_wxyz=[0.8821106553077698, -0.03833813965320587, 0.10708040744066238, -0.45710453391075134]
joint_pos=[0.0, -0.0, -0.0, 0.0, 0.0, 0.0] imu_ang_vel=[0.07776667922735214, 0.0, -0.15553335845470428] imu_quat_wxyz=[0.8810482025146484, -0.039079613983631134, 0.10595641285181046, -0.45934733748435974]
joint_pos=[0.0, -0.0, -0.0, 0.0, 0.0, 0.0] imu_ang_vel=[0.07776667922735214, 0.0, -0.15553335845470428] imu_quat_wxyz=[0.8810482025146484, -0.039079613983631134, 0.10595641285181046, -0.45934733748435974]
joint_pos=[0.0, -0.0, -0.0, 0.0, 0.0, 0.0] imu_ang_vel=[0.11931325495243073, 0.012783562764525414, -0.24501828849315643] imu_quat_wxyz=[0.879066526889801, -0.03804554045200348, 0.10495986044406891, -0.4634413719177246]
joint_pos=[0.0, -0.0, -0.0, 0.0, 0.0, 0.0] imu_ang_vel=[0.11931325495243073, 0.012783562764525414, -0.24501828849315643] imu_quat_wxyz=[0.879066526889801, -0.03804554045200348, 0.10495986044406891, -0.4634413719177246]
joint_pos=[0.0, -0.0, -0.0, 0.0, 0.0, 0.0] imu_ang_vel=[0.025567125529050827, -0.08096256852149963, -0.18536166846752167] imu_quat_wxyz=[0.8773683309555054, -0.03573688864707947, 0.10468634217977524, -0.4668923318386078]
joint_pos=[0.0, -0.0, -0.0, 0.0, 0.0, 0.0] imu_ang_vel=[0.025567125529050827, -0.08096256852149963, -0.18536166846752167] imu_quat_wxyz=[0.8773683309555054, -0.03573688864707947, 0.10468634217977524, -0.4668923318386078]
joint_pos=[0.0, -0.0, -0.0, 0.0, 0.0, 0.0] imu_ang_vel=[0.04367717355489731, -0.0468730665743351, -0.20453700423240662] imu_quat_wxyz=[0.8761395215988159, -0.03440702334046364, 0.10358169674873352, -0.46953845024108887]
joint_pos=[0.0, -0.0, -0.0, 0.0, 0.0, 0.0] imu_ang_vel=[0.04367717355489731, -0.0468730665743351, -0.20453700423240662] imu_quat_wxyz=[0.8761395215988159, -0.03440702334046364, 0.10358169674873352, -0.46953845024108887]
joint_pos=[0.0, -0.0, -0.0, 0.0, 0.0, 0.0] imu_ang_vel=[0.09161553531885147, 0.0, -0.22051647305488586] imu_quat_wxyz=[0.8750373721122742, -0.03351598605513573, 0.10333872586488724, -0.4717067778110504]
joint_pos=[0.0, -0.0, -0.0, 0.0, 0.0, 0.0] imu_ang_vel=[0.09161553531885147, 0.0, -0.22051647305488586] imu_quat_wxyz=[0.8750373721122742, -0.03351598605513573, 0.10333872586488724, -0.4717067778110504]
joint_pos=[0.0, -0.0, -0.0, 0.0, 0.0, 0.0] imu_ang_vel=[0.13209682703018188, 0.02343653328716755, -0.33769911527633667] imu_quat_wxyz=[0.8724953532218933, -0.03198810666799545, 0.10414757579565048, -0.47632119059562683]
joint_pos=[0.0, -0.0, -0.0, 0.0, 0.0, 0.0] imu_ang_vel=[0.13209682703018188, 0.02343653328716755, -0.33769911527633667] imu_quat_wxyz=[0.8724953532218933, -0.03198810666799545, 0.10414757579565048, -0.47632119059562683]
joint_pos=[0.0, -0.0, -0.0, 0.0, 0.0, 0.0] imu_ang_vel=[0.16831691563129425, 0.04154657945036888, -0.4538165032863617] imu_quat_wxyz=[0.8687999248504639, -0.02895604632794857, 0.10533847659826279, -0.4829617738723755]
joint_pos=[0.0, -0.0, -0.0, 0.0, 0.0, 0.0] imu_ang_vel=[0.16831691563129425, 0.04154657945036888, -0.4538165032863617] imu_quat_wxyz=[0.8687999248504639, -0.02895604632794857, 0.10533847659826279, -0.4829617738723755]
joint_pos=[0.0, -0.0, -0.0, 0.0, 0.0, 0.0] imu_ang_vel=[0.15340276062488556, 0.051134251058101654, -0.6114804148674011] imu_quat_wxyz=[0.863705039024353, -0.02568584494292736, 0.10614225268363953, -0.49202394485473633]
joint_pos=[0.0, -0.0, -0.0, 0.0, 0.0, 0.0] imu_ang_vel=[0.15340276062488556, 0.051134251058101654, -0.6114804148674011] imu_quat_wxyz=[0.863705039024353, -0.02568584494292736, 0.10614225268363953, -0.49202394485473633]
joint_pos=[0.0, -0.0, -0.0, 0.0, 0.0, 0.0] imu_ang_vel=[0.199210524559021, 0.12144385278224945, -0.7755361795425415] imu_quat_wxyz=[0.8569734692573547, -0.02462879940867424, 0.10750941187143326, -0.503419816493988]
joint_pos=[0.0, -0.0, -0.0, 0.0, 0.0, 0.0] imu_ang_vel=[0.199210524559021, 0.12144385278224945, -0.7755361795425415] imu_quat_wxyz=[0.8569734692573547, -0.02462879940867424, 0.10750941187143326, -0.503419816493988]
joint_pos=[0.0, -0.0, -0.0, 0.0, 0.0, 0.0] imu_ang_vel=[0.2375612109899521, 0.1757739931344986, -0.8277357220649719] imu_quat_wxyz=[0.8491957187652588, -0.02130981907248497, 0.11051049828529358, -0.5159456729888916]
joint_pos=[0.0, -0.0, -0.0, 0.0, 0.0, 0.0] imu_ang_vel=[0.2375612109899521, 0.1757739931344986, -0.8277357220649719] imu_quat_wxyz=[0.8491957187652588, -0.02130981907248497, 0.11051049828529358, -0.5159456729888916]
joint_pos=[0.0, -0.0, -0.0, 0.0, 0.0, 0.0] imu_ang_vel=[0.20560230314731598, 0.1693822145462036, -0.8618252277374268] imu_quat_wxyz=[0.8408287167549133, -0.018431317061185837, 0.11389409005641937, -0.5288624167442322]
joint_pos=[0.0, -0.0, -0.0, 0.0, 0.0, 0.0] imu_ang_vel=[0.20560230314731598, 0.1693822145462036, -0.8618252277374268] imu_quat_wxyz=[0.8408287167549133, -0.018431317061185837, 0.11389409005641937, -0.5288624167442322]
joint_pos=[0.0, -0.0, -0.0, 0.0, 0.0, 0.0] imu_ang_vel=[0.16618631780147552, 0.16618631780147552, -0.9055023789405823] imu_quat_wxyz=[0.8324140310287476, -0.015108464285731316, 0.11709928512573242, -0.541429877281189]
joint_pos=[0.0, -0.0, -0.0, 0.0, 0.0, 0.0] imu_ang_vel=[0.16618631780147552, 0.16618631780147552, -0.9055023789405823] imu_quat_wxyz=[0.8324140310287476, -0.015108464285731316, 0.11709928512573242, -0.541429877281189]
joint_pos=[0.0, -0.0, -0.0, 0.0, 0.0, 0.0] imu_ang_vel=[0.1906881481409073, 0.2279735505580902, -0.9150900840759277] imu_quat_wxyz=[0.8239171504974365, -0.011009177193045616, 0.1205139085650444, -0.5536386370658875]
joint_pos=[0.0, -0.0, -0.0, 0.0, 0.0, 0.0] imu_ang_vel=[0.1906881481409073, 0.2279735505580902, -0.9150900840759277] imu_quat_wxyz=[0.8239171504974365, -0.011009177193045616, 0.1205139085650444, -0.5536386370658875]
joint_pos=[0.0, -0.0, -0.0, 0.0, 0.0, 0.0] imu_ang_vel=[0.2950872480869293, 0.3366338312625885, -0.7883197069168091] imu_quat_wxyz=[0.8160024285316467, -0.0008846075506880879, 0.12500497698783875, -0.5643695592880249]
joint_pos=[0.0, -0.0, -0.0, 0.0, 0.0, 0.0] imu_ang_vel=[0.2950872480869293, 0.3366338312625885, -0.7883197069168091] imu_quat_wxyz=[0.8160024285316467, -0.0008846075506880879, 0.12500497698783875, -0.5643695592880249]
joint_pos=[0.0, -0.0, -0.0, 0.0, 0.0, 0.0] imu_ang_vel=[0.25673654675483704, 0.3046749234199524, -0.7520996332168579] imu_quat_wxyz=[0.8089596033096313, 0.008025120012462139, 0.13011692464351654, -0.5732271075248718]
joint_pos=[0.0, -0.0, -0.0, 0.0, 0.0, 0.0] imu_ang_vel=[0.25673654675483704, 0.3046749234199524, -0.7520996332168579] imu_quat_wxyz=[0.8089596033096313, 0.008025120012462139, 0.13011692464351654, -0.5732271075248718]
joint_pos=[0.0, -0.0, -0.0, 0.0, 0.0, 0.0] imu_ang_vel=[0.12250914424657822, 0.20986349880695343, -0.625329315662384] imu_quat_wxyz=[0.8028823733329773, 0.014986010268330574, 0.13256043195724487, -0.58101886510849]
joint_pos=[0.0, -0.0, -0.0, 0.0, 0.0, 0.0] imu_ang_vel=[0.12250914424657822, 0.20986349880695343, -0.625329315662384] imu_quat_wxyz=[0.8028823733329773, 0.014986010268330574, 0.13256043195724487, -0.58101886510849]
joint_pos=[0.0, -0.0, -0.0, 0.0, 0.0, 0.0] imu_ang_vel=[-0.07989726960659027, 0.07670138031244278, -0.5390402674674988] imu_quat_wxyz=[0.7972624897956848, 0.017453063279390335, 0.1320704221725464, -0.5887489914894104]
joint_pos=[0.0, -0.0, -0.0, 0.0, 0.0, 0.0] imu_ang_vel=[-0.07989726960659027, 0.07670138031244278, -0.5390402674674988] imu_quat_wxyz=[0.7972624897956848, 0.017453063279390335, 0.1320704221725464, -0.5887489914894104]
joint_pos=[0.0, -0.0, -0.0, 0.0, 0.0, 0.0] imu_ang_vel=[-0.13955390453338623, 0.06498311460018158, -0.48684069514274597] imu_quat_wxyz=[0.7915144562721252, 0.015487132593989372, 0.13026496767997742, -0.5969054102897644]
joint_pos=[0.0, -0.0, -0.0, 0.0, 0.0, 0.0] imu_ang_vel=[-0.13955390453338623, 0.06498311460018158, -0.48684069514274597] imu_quat_wxyz=[0.7915144562721252, 0.015487132593989372, 0.13026496767997742, -0.5969054102897644]
joint_pos=[0.0, -0.0, -0.0, 0.0, 0.0, 0.0] imu_ang_vel=[-0.11185617744922638, 0.13316211104393005, -0.4942977726459503] imu_quat_wxyz=[0.7841129302978516, 0.012232905253767967, 0.12750205397605896, -0.6072564721107483]
joint_pos=[0.0, -0.0, -0.0, 0.0, 0.0, 0.0] imu_ang_vel=[-0.11185617744922638, 0.13316211104393005, -0.4942977726459503] imu_quat_wxyz=[0.7841129302978516, 0.012232905253767967, 0.12750205397605896, -0.6072564721107483]
joint_pos=[0.0, -0.0, -0.0, 0.0, 0.0, 0.0] imu_ang_vel=[-0.13316211104393005, 0.13955390453338623, -0.49642837047576904] imu_quat_wxyz=[0.7761339545249939, 0.004923237953335047, 0.12737399339675903, -0.6175497174263]
joint_pos=[0.0, -0.0, -0.0, 0.0, 0.0, 0.0] imu_ang_vel=[-0.13316211104393005, 0.13955390453338623, -0.49642837047576904] imu_quat_wxyz=[0.7761339545249939, 0.004923237953335047, 0.12737399339675903, -0.6175497174263]
joint_pos=[0.0, -0.0, -0.0, 0.0, 0.0, 0.0] imu_ang_vel=[-0.1960146427154541, 0.07350549101829529, -0.46127358078956604] imu_quat_wxyz=[0.7688443660736084, -0.0014010402373969555, 0.1282062828540802, -0.6264498233795166]
joint_pos=[0.0, -0.0, -0.0, 0.0, 0.0, 0.0] imu_ang_vel=[-0.1960146427154541, 0.07350549101829529, -0.46127358078956604] imu_quat_wxyz=[0.7688443660736084, -0.0014010402373969555, 0.1282062828540802, -0.6264498233795166]
joint_pos=[0.0, -0.0, -0.0, 0.0, 0.0, 0.0] imu_ang_vel=[0.025567125529050827, 0.20027582347393036, -0.4591429829597473] imu_quat_wxyz=[0.762373149394989, -0.009637787938117981, 0.12856025993824005, -0.6341659426689148]
joint_pos=[0.0, -0.0, -0.0, 0.0, 0.0, 0.0] imu_ang_vel=[0.025567125529050827, 0.20027582347393036, -0.4591429829597473] imu_quat_wxyz=[0.762373149394989, -0.009637787938117981, 0.12856025993824005, -0.6341659426689148]
joint_pos=[0.0, -0.0, -0.0, 0.0, 0.0, 0.0] imu_ang_vel=[-0.03835069015622139, 0.017044750973582268, -0.35900506377220154] imu_quat_wxyz=[0.757830023765564, -0.010363591834902763, 0.13158124685287476, -0.6389620900154114]
joint_pos=[0.0, -0.0, -0.0, 0.0, 0.0, 0.0] imu_ang_vel=[-0.03835069015622139, 0.017044750973582268, -0.35900506377220154] imu_quat_wxyz=[0.757830023765564, -0.010363591834902763, 0.13158124685287476, -0.6389620900154114]
joint_pos=[0.0, -0.0, -0.0, 0.0, 0.0, 0.0] imu_ang_vel=[-0.06498311460018158, -0.082027867436409, -0.20134112238883972] imu_quat_wxyz=[0.7563144564628601, -0.008586443960666656, 0.1277494728565216, -0.6415565013885498]
joint_pos=[-0.035999998450279236, -0.0, -0.0, 0.0, 0.0, 0.0] imu_ang_vel=[-0.06498311460018158, -0.082027867436409, -0.20134112238883972] imu_quat_wxyz=[0.7563144564628601, -0.008586443960666656, 0.1277494728565216, -0.6415565013885498]
joint_pos=[0.0, -0.0, -0.0, 0.0, 0.0, 0.0] imu_ang_vel=[0.11824796348810196, -0.02024064213037491, -0.21518997848033905] imu_quat_wxyz=[0.7551715970039368, -0.0072293407283723354, 0.12321485579013824, -0.6438025236129761]
joint_pos=[-0.035999998450279236, -0.0, -0.0, 0.0, 0.0, 0.0] imu_ang_vel=[0.11824796348810196, -0.02024064213037491, -0.21518997848033905] imu_quat_wxyz=[0.7551715970039368, -0.0072293407283723354, 0.12321485579013824, -0.6438025236129761]
joint_pos=[-0.035999998450279236, -0.0, -0.0, 0.0, 0.0, 0.0] imu_ang_vel=[0.10439909994602203, -0.09694202244281769, -0.12463974207639694] imu_quat_wxyz=[0.7548629641532898, -0.006142210215330124, 0.11993245035409927, -0.6447948217391968]
joint_pos=[-0.035999998450279236, -0.0, -0.0, 0.0, 0.0, 0.0] imu_ang_vel=[0.10439909994602203, -0.09694202244281769, -0.12463974207639694] imu_quat_wxyz=[0.7548629641532898, -0.006142210215330124, 0.11993245035409927, -0.6447948217391968]
joint_pos=[-0.035999998450279236, -0.0, -0.0, 0.0, 0.0, 0.0] imu_ang_vel=[0.3387644290924072, 0.017044750973582268, 0.1725780963897705] imu_quat_wxyz=[0.7569409608840942, 0.000574147270526737, 0.11456742137670517, -0.6433616280555725]
joint_pos=[-0.035999998450279236, -0.0, -0.0, 0.0, 0.0, 0.0] imu_ang_vel=[0.3387644290924072, 0.017044750973582268, 0.1725780963897705] imu_quat_wxyz=[0.7569409608840942, 0.000574147270526737, 0.11456742137670517, -0.6433616280555725]
joint_pos=[-0.07199999690055847, -0.0, -0.0, 0.0, 0.0, 0.0] imu_ang_vel=[0.13422740995883942, -0.1693822145462036, 0.3068055212497711] imu_quat_wxyz=[0.7575963735580444, 0.0015054618706926703, 0.10773507505655289, -0.6437691450119019]
joint_pos=[-0.07199999690055847, -0.0, -0.0, 0.0, 0.0, 0.0] imu_ang_vel=[0.13422740995883942, -0.1693822145462036, 0.3068055212497711] imu_quat_wxyz=[0.7575963735580444, 0.0015054618706926703, 0.10773507505655289, -0.6437691450119019]
joint_pos=[-0.07199999690055847, -0.0, -0.0, 0.0, 0.0, 0.0] imu_ang_vel=[-0.2918913662433624, -0.37391921877861023, 1.1015170812606812] imu_quat_wxyz=[0.7619667053222656, 0.0044054812751710415, 0.1016656681895256, -0.6395712494850159]
joint_pos=[-0.035999998450279236, -0.0, -0.0, 0.0, 0.0, 0.0] imu_ang_vel=[-0.2918913662433624, -0.37391921877861023, 1.1015170812606812] imu_quat_wxyz=[0.7619667053222656, 0.0044054812751710415, 0.1016656681895256, -0.6395712494850159]
joint_pos=[-0.035999998450279236, -0.0, -0.0, 0.0, 0.0, 0.0] imu_ang_vel=[-0.12996622920036316, -0.14701098203659058, 1.1356065273284912] imu_quat_wxyz=[0.7736440896987915, 0.003314369823783636, 0.10105890780687332, -0.625500500202179]
joint_pos=[0.0, -0.0, -0.0, 0.0, 0.0, 0.0] imu_ang_vel=[-0.12996622920036316, -0.14701098203659058, 1.1356065273284912] imu_quat_wxyz=[0.7736440896987915, 0.003314369823783636, 0.10105890780687332, -0.625500500202179]
joint_pos=[0.0, -0.0, -0.0, 0.0, 0.0, 0.0] imu_ang_vel=[-0.5081466436386108, -0.46446946263313293, 0.5827174186706543] imu_quat_wxyz=[0.7786208987236023, 0.0013369396328926086, 0.10084519535303116, -0.619336724281311]
joint_pos=[0.0, -0.0, -0.0, 0.0, 0.0, 0.0] imu_ang_vel=[-0.5081466436386108, -0.46446946263313293, 0.5827174186706543] imu_quat_wxyz=[0.7786208987236023, 0.0013369396328926086, 0.10084519535303116, -0.619336724281311]
joint_pos=[0.0, -0.0, -0.0, 0.0, 0.0, 0.0] imu_ang_vel=[-0.32065439224243164, -0.322784960269928, 0.7851238250732422] imu_quat_wxyz=[0.78751140832901, -0.009534966200590134, 0.10092633217573166, -0.6079052686691284]
joint_pos=[0.0, -0.0, -0.0, 0.0, 0.0, 0.0] imu_ang_vel=[-0.32065439224243164, -0.322784960269928, 0.7851238250732422] imu_quat_wxyz=[0.78751140832901, -0.009534966200590134, 0.10092633217573166, -0.6079052686691284]
joint_pos=[0.0, -0.0, -0.0, 0.0, 0.0, 0.0] imu_ang_vel=[0.29082605242729187, 0.054330144077539444, -0.199210524559021] imu_quat_wxyz=[0.7869316935539246, -0.011898418888449669, 0.10154641419649124, -0.6085105538368225]
joint_pos=[0.0, -0.0, -0.0, 0.0, 0.0, 0.0] imu_ang_vel=[0.29082605242729187, 0.054330144077539444, -0.199210524559021] imu_quat_wxyz=[0.7869316935539246, -0.011898418888449669, 0.10154641419649124, -0.6085105538368225]
joint_pos=[0.0, -0.0, -0.0, 0.0, 0.0, 0.0] imu_ang_vel=[-0.2514100670814514, -0.4889712929725647, -0.2929566502571106] imu_quat_wxyz=[0.7731254696846008, -0.030322527512907982, 0.09339284151792526, -0.6266061067581177]
joint_pos=[0.0, -0.0, -0.0, 0.0, 0.0, 0.0] imu_ang_vel=[-0.2514100670814514, -0.4889712929725647, -0.2929566502571106] imu_quat_wxyz=[0.7731254696846008, -0.030322527512907982, 0.09339284151792526, -0.6266061067581177]
joint_pos=[0.0, -0.0, -0.0, 0.0, 0.0, 0.0] imu_ang_vel=[0.1054643988609314, -0.20560230314731598, 0.13316211104393005] imu_quat_wxyz=[0.7711260914802551, -0.03132488578557968, 0.09429476410150528, -0.6288812756538391]
joint_pos=[-0.035999998450279236, -0.0, -0.0, 0.0, 0.0, 0.0] imu_ang_vel=[0.1054643988609314, -0.20560230314731598, 0.13316211104393005] imu_quat_wxyz=[0.7711260914802551, -0.03132488578557968, 0.09429476410150528, -0.6288812756538391]
joint_pos=[0.0, -0.0, -0.0, 0.0, 0.0, 0.0] imu_ang_vel=[0.05539543926715851, -0.20027582347393036, 0.3334379494190216] imu_quat_wxyz=[0.7823283076286316, -0.024804970249533653, 0.09985767304897308, -0.6143088936805725]
joint_pos=[-0.035999998450279236, -0.0, -0.0, 0.0, 0.0, 0.0] imu_ang_vel=[0.05539543926715851, -0.20027582347393036, 0.3334379494190216] imu_quat_wxyz=[0.7823283076286316, -0.024804970249533653, 0.09985767304897308, -0.6143088936805725]
joint_pos=[-0.035999998450279236, -0.0, -0.0, 0.0, 0.0, 0.0] imu_ang_vel=[0.051134251058101654, -0.13422740995883942, 0.2396918088197708] imu_quat_wxyz=[0.78669673204422, -0.027770821005105972, 0.09880612045526505, -0.6087482571601868]
joint_pos=[-0.035999998450279236, -0.0, -0.0, 0.0, 0.0, 0.0] imu_ang_vel=[0.051134251058101654, -0.13422740995883942, 0.2396918088197708] imu_quat_wxyz=[0.78669673204422, -0.027770821005105972, 0.09880612045526505, -0.6087482571601868]
joint_pos=[-0.035999998450279236, -0.0, -0.0, 0.0, 0.0, 0.0] imu_ang_vel=[0.06391781568527222, -0.08309315890073776, 0.10652969032526016] imu_quat_wxyz=[0.7793924808502197, -0.03879562392830849, 0.08867111802101135, -0.6190150380134583]
joint_pos=[-0.035999998450279236, -0.0, -0.0, 0.0, 0.0, 0.0] imu_ang_vel=[0.06391781568527222, -0.08309315890073776, 0.10652969032526016] imu_quat_wxyz=[0.7793924808502197, -0.03879562392830849, 0.08867111802101135, -0.6190150380134583]
joint_pos=[-0.035999998450279236, -0.0, -0.0, 0.0, 0.0, 0.0] imu_ang_vel=[0.2279735505580902, 0.08415845781564713, 0.05539543926715851] imu_quat_wxyz=[0.7653774619102478, -0.04471965506672859, 0.0766337662935257, -0.637436032295227]
joint_pos=[-0.035999998450279236, -0.0, -0.0, 0.0, 0.0, 0.0] imu_ang_vel=[0.2279735505580902, 0.08415845781564713, 0.05539543926715851] imu_quat_wxyz=[0.7653774619102478, -0.04471965506672859, 0.0766337662935257, -0.637436032295227]
joint_pos=[-0.035999998450279236, -0.0, -0.0, 0.0, 0.0, 0.0] imu_ang_vel=[0.0585913322865963, -0.04474247246980667, 0.015979453921318054] imu_quat_wxyz=[0.7605589032173157, -0.04724147170782089, 0.07757814973592758, -0.6428842544555664]
joint_pos=[0.0, -0.0, -0.0, 0.0, 0.0, 0.0] imu_ang_vel=[0.0585913322865963, -0.04474247246980667, 0.015979453921318054] imu_quat_wxyz=[0.7605589032173157, -0.04724147170782089, 0.07757814973592758, -0.6428842544555664]
joint_pos=[0.0, -0.0, -0.0, 0.0, 0.0, 0.0] imu_ang_vel=[0.31213200092315674, 0.20986349880695343, 0.1054643988609314] imu_quat_wxyz=[0.7675049304962158, -0.02786501869559288, 0.09032699465751648, -0.6340351700782776]
joint_pos=[0.0, -0.0, -0.0, 0.0, 0.0, 0.0] imu_ang_vel=[0.31213200092315674, 0.20986349880695343, 0.1054643988609314] imu_quat_wxyz=[0.7675049304962158, -0.02786501869559288, 0.09032699465751648, -0.6340351700782776]
joint_pos=[0.0, -0.0, -0.0, 0.0, 0.0, 0.0] imu_ang_vel=[0.3781804144382477, 0.328111469745636, 0.10120321065187454] imu_quat_wxyz=[0.7790919542312622, -0.003557539312168956, 0.1008823812007904, -0.6187291145324707]
joint_pos=[0.0, -0.0, -0.0, 0.0, 0.0, 0.0] imu_ang_vel=[0.3781804144382477, 0.328111469745636, 0.10120321065187454] imu_quat_wxyz=[0.7790919542312622, -0.003557539312168956, 0.1008823812007904, -0.6187291145324707]
joint_pos=[0.0, -0.0, -0.0, 0.0, 0.0, 0.0] imu_ang_vel=[0.12144385278224945, 0.13529270887374878, 0.18855755031108856] imu_quat_wxyz=[0.7885230779647827, 0.018925415351986885, 0.11011608690023422, -0.6047707200050354]
joint_pos=[0.0, -0.0, -0.0, 0.0, 0.0, 0.0] imu_ang_vel=[0.12144385278224945, 0.13529270887374878, 0.18855755031108856] imu_quat_wxyz=[0.7885230779647827, 0.018925415351986885, 0.11011608690023422, -0.6047707200050354]
joint_pos=[0.0, -0.0, -0.0, 0.0, 0.0, 0.0] imu_ang_vel=[0.0, 0.04474247246980667, 0.26738953590393066] imu_quat_wxyz=[0.7959587574005127, 0.028028974309563637, 0.11366135627031326, -0.5939235091209412]
joint_pos=[0.0, -0.0, -0.0, 0.0, 0.0, 0.0] imu_ang_vel=[0.0, 0.04474247246980667, 0.26738953590393066] imu_quat_wxyz=[0.7959587574005127, 0.028028974309563637, 0.11366135627031326, -0.5939235091209412]
joint_pos=[0.0, -0.0, -0.0, 0.0, 0.0, 0.0] imu_ang_vel=[-0.1289009302854538, -0.07137489318847656, 0.2812383770942688] imu_quat_wxyz=[0.7991459965705872, 0.02096928469836712, 0.1098112091422081, -0.5906500816345215]
joint_pos=[0.0, -0.0, -0.0, 0.0, 0.0, 0.0] imu_ang_vel=[-0.1289009302854538, -0.07137489318847656, 0.2812383770942688] imu_quat_wxyz=[0.7991459965705872, 0.02096928469836712, 0.1098112091422081, -0.5906500816345215]
joint_pos=[0.0, -0.0, -0.0, 0.0, 0.0, 0.0] imu_ang_vel=[-0.02024064213037491, -0.013848859816789627, 0.2865648865699768] imu_quat_wxyz=[0.7967672348022461, 0.011703451164066792, 0.10120522975921631, -0.595636248588562]
joint_pos=[0.0, -0.0, -0.0, 0.0, 0.0, 0.0] imu_ang_vel=[-0.02024064213037491, -0.013848859816789627, 0.2865648865699768] imu_quat_wxyz=[0.7967672348022461, 0.011703451164066792, 0.10120522975921631, -0.595636248588562]
joint_pos=[0.0, -0.0, -0.0, 0.0, 0.0, 0.0] imu_ang_vel=[-0.13103152811527252, -0.15553335845470428, 0.3163931965827942] imu_quat_wxyz=[0.785264790058136, -0.005986697040498257, 0.0810302197933197, -0.6138057112693787]
joint_pos=[0.0, -0.0, -0.0, 0.0, 0.0, 0.0] imu_ang_vel=[-0.13103152811527252, -0.15553335845470428, 0.3163931965827942] imu_quat_wxyz=[0.785264790058136, -0.005986697040498257, 0.0810302197933197, -0.6138057112693787]
joint_pos=[0.0, -0.0, -0.0, 0.0, 0.0, 0.0] imu_ang_vel=[-0.1459456831216812, -0.19494934380054474, 0.3462215065956116] imu_quat_wxyz=[0.7818587422370911, -0.01453565713018179, 0.07432349771261215, -0.618838906288147]
joint_pos=[0.0, -0.0, -0.0, 0.0, 0.0, 0.0] imu_ang_vel=[-0.1459456831216812, -0.19494934380054474, 0.3462215065956116] imu_quat_wxyz=[0.7818587422370911, -0.01453565713018179, 0.07432349771261215, -0.618838906288147]
joint_pos=[0.0, -0.0, -0.0, 0.0, 0.0, 0.0] imu_ang_vel=[-0.14274978637695312, -0.18962284922599792, 0.3078708052635193] imu_quat_wxyz=[0.7886160612106323, -0.014472885988652706, 0.080499067902565, -0.6094220280647278]
joint_pos=[0.0, -0.0, -0.0, 0.0, 0.0, 0.0] imu_ang_vel=[-0.14274978637695312, -0.18962284922599792, 0.3078708052635193] imu_quat_wxyz=[0.7886160612106323, -0.014472885988652706, 0.080499067902565, -0.6094220280647278]
joint_pos=[0.0, -0.0, -0.0, 0.0, 0.0, 0.0] imu_ang_vel=[0.03728539124131203, 0.0, 0.2833689749240875] imu_quat_wxyz=[0.7927480936050415, -0.017562495544552803, 0.08392447978258133, -0.6034887433052063]
joint_pos=[0.0, -0.0, -0.0, 0.0, 0.0, 0.0] imu_ang_vel=[0.03728539124131203, 0.0, 0.2833689749240875] imu_quat_wxyz=[0.7927480936050415, -0.017562495544552803, 0.08392447978258133, -0.6034887433052063]
joint_pos=[0.0, -0.0, -0.0, 0.0, 0.0, 0.0] imu_ang_vel=[-0.045807767659425735, -0.021305939182639122, 0.12677033245563507] imu_quat_wxyz=[0.7853489518165588, -0.03201430290937424, 0.0730869397521019, -0.6138894557952881]
joint_pos=[-0.1080000028014183, -0.0, -0.0, 0.0, 0.0, 0.0] imu_ang_vel=[-0.045807767659425735, -0.021305939182639122, 0.12677033245563507] imu_quat_wxyz=[0.7853489518165588, -0.03201430290937424, 0.0730869397521019, -0.6138894557952881]
joint_pos=[-0.18000000715255737, -0.0, -0.0, 0.0, 0.0, 0.0] imu_ang_vel=[0.9885955452919006, 0.8682169914245605, -0.7616873383522034] imu_quat_wxyz=[0.7668168544769287, -0.03384244814515114, 0.0661449059844017, -0.6375510692596436]
joint_pos=[-0.1080000028014183, -0.0, -0.0, 0.0, 0.0, 0.0] imu_ang_vel=[0.9885955452919006, 0.8682169914245605, -0.7616873383522034] imu_quat_wxyz=[0.7668168544769287, -0.03384244814515114, 0.0661449059844017, -0.6375510692596436]
joint_pos=[-0.1080000028014183, -0.0, -0.0, 0.0, 0.0, 0.0] imu_ang_vel=[0.199210524559021, 0.3313073515892029, 0.02343653328716755] imu_quat_wxyz=[0.7652640342712402, -0.0038404385559260845, 0.07515979558229446, -0.6393020749092102]
joint_pos=[-0.18000000715255737, -0.0, -0.0, 0.0, 0.0, 0.0] imu_ang_vel=[0.199210524559021, 0.3313073515892029, 0.02343653328716755] imu_quat_wxyz=[0.7652640342712402, -0.0038404385559260845, 0.07515979558229446, -0.6393020749092102]
joint_pos=[-0.1080000028014183, -0.0, -0.0, 0.0, 0.0, 0.0] imu_ang_vel=[0.0, 0.2194511741399765, -0.08522375673055649] imu_quat_wxyz=[0.7671412825584412, 0.012135249562561512, 0.0830916091799736, -0.635958194732666]
joint_pos=[-0.1080000028014183, -0.0, -0.0, 0.0, 0.0, 0.0] imu_ang_vel=[0.0, 0.2194511741399765, -0.08522375673055649] imu_quat_wxyz=[0.7671412825584412, 0.012135249562561512, 0.0830916091799736, -0.635958194732666]
joint_pos=[-0.1080000028014183, -0.0, -0.0, 0.0, 0.0, 0.0] imu_ang_vel=[-0.350482702255249, -0.21838587522506714, -0.3078708052635193] imu_quat_wxyz=[0.7661964893341064, 0.019123656675219536, 0.0958828330039978, -0.635124921798706]
joint_pos=[-0.035999998450279236, -0.0, -0.0, 0.0, 0.0, 0.0] imu_ang_vel=[-0.350482702255249, -0.21838587522506714, -0.3078708052635193] imu_quat_wxyz=[0.7661964893341064, 0.019123656675219536, 0.0958828330039978, -0.635124921798706]
joint_pos=[-0.035999998450279236, -0.0, -0.0, 0.0, 0.0, 0.0] imu_ang_vel=[-0.6370475888252258, -0.42292287945747375, -0.3867027759552002] imu_quat_wxyz=[0.7648250460624695, 0.0091487355530262, 0.1031254231929779, -0.6358648538589478]
joint_pos=[0.035999998450279236, -0.0, -0.0, 0.0, 0.0, 0.0] imu_ang_vel=[-0.6370475888252258, -0.42292287945747375, -0.3867027759552002] imu_quat_wxyz=[0.7648250460624695, 0.0091487355530262, 0.1031254231929779, -0.6358648538589478]
joint_pos=[0.07199999690055847, -0.0, -0.0, 0.0, 0.0, 0.0] imu_ang_vel=[0.9790078997612, 0.6540923118591309, -1.0280115604400635] imu_quat_wxyz=[0.7488174438476562, 0.009675663895905018, 0.10428190231323242, -0.6544494032859802]
joint_pos=[0.035999998450279236, -0.0, -0.0, 0.0, 0.0, 0.0] imu_ang_vel=[0.9790078997612, 0.6540923118591309, -1.0280115604400635] imu_quat_wxyz=[0.7488174438476562, 0.009675663895905018, 0.10428190231323242, -0.6544494032859802]
joint_pos=[0.035999998450279236, -0.0, -0.0, 0.0, 0.0, 0.0] imu_ang_vel=[0.5433014631271362, 0.5795215368270874, -0.051134251058101654] imu_quat_wxyz=[0.7391084432601929, -0.00582253560423851, 0.09160175919532776, -0.6673034429550171]
joint_pos=[0.035999998450279236, -0.0, -0.0, 0.0, 0.0, 0.0] imu_ang_vel=[0.5433014631271362, 0.5795215368270874, -0.051134251058101654] imu_quat_wxyz=[0.7391084432601929, -0.00582253560423851, 0.09160175919532776, -0.6673034429550171]
joint_pos=[0.035999998450279236, -0.0, -0.0, 0.0, 0.0, 0.0] imu_ang_vel=[-0.3867027759552002, -0.2428877055644989, 0.02024064213037491] imu_quat_wxyz=[0.7245792150497437, -0.017822878435254097, 0.07719730585813522, -0.6846223473548889]
joint_pos=[0.035999998450279236, -0.0, -0.0, 0.0, 0.0, 0.0] imu_ang_vel=[-0.3867027759552002, -0.2428877055644989, 0.02024064213037491] imu_quat_wxyz=[0.7245792150497437, -0.017822878435254097, 0.07719730585813522, -0.6846223473548889]
joint_pos=[0.035999998450279236, -0.0, -0.0, 0.0, 0.0, 0.0] imu_ang_vel=[-0.6711370944976807, -0.5166690349578857, 0.0] imu_quat_wxyz=[0.7093505859375, -0.02802247181534767, 0.06670860946178436, -0.7011322975158691]
joint_pos=[0.035999998450279236, -0.0, -0.0, 0.0, 0.0, 0.0] imu_ang_vel=[-0.6711370944976807, -0.5166690349578857, 0.0] imu_quat_wxyz=[0.7093505859375, -0.02802247181534767, 0.06670860946178436, -0.7011322975158691]
joint_pos=[0.035999998450279236, -0.0, -0.0, 0.0, 0.0, 0.0] imu_ang_vel=[-0.1725780963897705, -0.10866028815507889, -0.06817900389432907] imu_quat_wxyz=[0.695518434047699, -0.032838787883520126, 0.06174049898982048, -0.7150970101356506]
joint_pos=[0.035999998450279236, -0.0, -0.0, 0.0, 0.0, 0.0] imu_ang_vel=[-0.1725780963897705, -0.10866028815507889, -0.06817900389432907] imu_quat_wxyz=[0.695518434047699, -0.032838787883520126, 0.06174049898982048, -0.7150970101356506]
joint_pos=[0.035999998450279236, -0.0, -0.0, 0.0, 0.0, 0.0] imu_ang_vel=[0.01491415686905384, 0.0, -0.07137489318847656] imu_quat_wxyz=[0.6832226514816284, -0.034592293202877045, 0.06099890172481537, -0.7268351912498474]
joint_pos=[0.035999998450279236, -0.0, -0.0, 0.0, 0.0, 0.0] imu_ang_vel=[0.01491415686905384, 0.0, -0.07137489318847656] imu_quat_wxyz=[0.6832226514816284, -0.034592293202877045, 0.06099890172481537, -0.7268351912498474]
joint_pos=[0.035999998450279236, -0.0, -0.0, 0.0, 0.0, 0.0] imu_ang_vel=[-0.01491415686905384, -0.013848859816789627, -0.11931325495243073] imu_quat_wxyz=[0.6760489344596863, -0.035039328038692474, 0.061253730207681656, -0.7334699034690857]
joint_pos=[0.035999998450279236, -0.0, -0.0, 0.0, 0.0, 0.0] imu_ang_vel=[-0.01491415686905384, -0.013848859816789627, -0.11931325495243073] imu_quat_wxyz=[0.6760489344596863, -0.035039328038692474, 0.061253730207681656, -0.7334699034690857]
joint_pos=[0.035999998450279236, -0.0, -0.0, 0.0, 0.0, 0.0] imu_ang_vel=[0.027697719633579254, 0.07137489318847656, -0.1693822145462036] imu_quat_wxyz=[0.6736456751823425, -0.02748674899339676, 0.07092195004224777, -0.7351298332214355]
joint_pos=[0.035999998450279236, -0.0, -0.0, 0.0, 0.0, 0.0] imu_ang_vel=[0.027697719633579254, 0.07137489318847656, -0.1693822145462036] imu_quat_wxyz=[0.6736456751823425, -0.02748674899339676, 0.07092195004224777, -0.7351298332214355]
joint_pos=[0.035999998450279236, -0.0, -0.0, 0.0, 0.0, 0.0] imu_ang_vel=[0.060721926391124725, 0.19175344705581665, -0.1139867752790451] imu_quat_wxyz=[0.680740237236023, -0.009105537086725235, 0.08813603222370148, -0.7271464467048645]
joint_pos=[0.0, -0.0, -0.0, 0.0, 0.0, 0.0] imu_ang_vel=[0.060721926391124725, 0.19175344705581665, -0.1139867752790451] imu_quat_wxyz=[0.680740237236023, -0.009105537086725235, 0.08813603222370148, -0.7271464467048645]
joint_pos=[0.0, -0.0, -0.0, 0.0, 0.0, 0.0] imu_ang_vel=[-0.027697719633579254, 0.11505206674337387, -0.31213200092315674] imu_quat_wxyz=[0.6872008442878723, 0.008567380718886852, 0.10812677443027496, -0.718324601650238]
joint_pos=[0.0, -0.0, -0.0, 0.0, 0.0, 0.0] imu_ang_vel=[-0.027697719633579254, 0.11505206674337387, -0.31213200092315674] imu_quat_wxyz=[0.6872008442878723, 0.008567380718886852, 0.10812677443027496, -0.718324601650238]
joint_pos=[0.0, -0.0, -0.0, 0.0, 0.0, 0.0] imu_ang_vel=[0.05646073818206787, 0.18323107063770294, -0.43464115262031555] imu_quat_wxyz=[0.6867044568061829, 0.013958524912595749, 0.11997431516647339, -0.7168320417404175]
joint_pos=[0.0, -0.0, -0.0, 0.0, 0.0, 0.0] imu_ang_vel=[0.05646073818206787, 0.18323107063770294, -0.43464115262031555] imu_quat_wxyz=[0.6867044568061829, 0.013958524912595749, 0.11997431516647339, -0.7168320417404175]
joint_pos=[0.0, -0.0, -0.0, 0.0, 0.0, 0.0] imu_ang_vel=[0.1406191885471344, 0.2833689749240875, -0.4570123851299286] imu_quat_wxyz=[0.6867044568061829, 0.013958524912595749, 0.11997431516647339, -0.7168320417404175]
joint_pos=[0.0, -0.0, -0.0, 0.0, 0.0, 0.0] imu_ang_vel=[0.1406191885471344, 0.2833689749240875, -0.4570123851299286] imu_quat_wxyz=[0.6737293004989624, 0.014432581141591072, 0.11428012698888779, -0.7299456000328064]
joint_pos=[0.0, -0.0, -0.0, 0.0, 0.0, 0.0] imu_ang_vel=[0.15766394138336182, 0.287630170583725, -0.4559471011161804] imu_quat_wxyz=[0.6737293004989624, 0.014432581141591072, 0.11428012698888779, -0.7299456000328064]
joint_pos=[0.0, -0.0, -0.0, 0.0, 0.0, 0.0] imu_ang_vel=[0.15766394138336182, 0.287630170583725, -0.4559471011161804] imu_quat_wxyz=[0.6662346124649048, 0.024007834494113922, 0.11831087619066238, -0.7359059453010559]
joint_pos=[0.0, -0.0, -0.0, 0.0, 0.0, 0.0] imu_ang_vel=[0.1757739931344986, 0.24714888632297516, -0.5028201341629028] imu_quat_wxyz=[0.6662346124649048, 0.024007834494113922, 0.11831087619066238, -0.7359059453010559]
joint_pos=[-0.035999998450279236, -0.0, -0.0, 0.0, 0.0, 0.0] imu_ang_vel=[0.1757739931344986, 0.24714888632297516, -0.5028201341629028] imu_quat_wxyz=[0.6677073240280151, 0.040288157761096954, 0.13245297968387604, -0.7314369678497314]
joint_pos=[0.0, -0.0, -0.0, 0.0, 0.0, 0.0] imu_ang_vel=[0.09481142461299896, 0.12357444316148758, -0.796842098236084] imu_quat_wxyz=[0.6677073240280151, 0.040288157761096954, 0.13245297968387604, -0.7314369678497314]
joint_pos=[0.0, -0.0, -0.0, 0.0, 0.0, 0.0] imu_ang_vel=[0.09481142461299896, 0.12357444316148758, -0.796842098236084] imu_quat_wxyz=[0.6712920665740967, 0.05170778930187225, 0.14555436372756958, -0.7249187231063843]
joint_pos=[-0.035999998450279236, -0.0, -0.0, 0.0, 0.0, 0.0] imu_ang_vel=[0.04474247246980667, 0.21732057631015778, -0.5145384073257446] imu_quat_wxyz=[0.6712920665740967, 0.05170778930187225, 0.14555436372756958, -0.7249187231063843]
joint_pos=[0.0, -0.0, -0.0, 0.0, 0.0, 0.0] imu_ang_vel=[0.04474247246980667, 0.21732057631015778, -0.5145384073257446] imu_quat_wxyz=[0.6722422242164612, 0.06716778874397278, 0.14992816746234894, -0.7218726873397827]
joint_pos=[0.0, -0.0, -0.0, 0.0, 0.0, 0.0] imu_ang_vel=[0.19175344705581665, 0.3600703775882721, -0.5401055216789246] imu_quat_wxyz=[0.6722422242164612, 0.06716778874397278, 0.14992816746234894, -0.7218726873397827]
joint_pos=[0.0, -0.0, -0.0, 0.0, 0.0, 0.0] imu_ang_vel=[0.19175344705581665, 0.3600703775882721, -0.5401055216789246] imu_quat_wxyz=[0.6618549823760986, 0.06564143300056458, 0.14454662799835205, -0.7326290607452393]
joint_pos=[0.0, -0.0, -0.0, 0.0, 0.0, 0.0] imu_ang_vel=[0.22903883457183838, 0.3568744659423828, -0.6540923118591309] imu_quat_wxyz=[0.6618549823760986, 0.06564143300056458, 0.14454662799835205, -0.7326290607452393]
joint_pos=[0.035999998450279236, -0.0, -0.0, 0.0, 0.0, 0.0] imu_ang_vel=[0.22903883457183838, 0.3568744659423828, -0.6540923118591309] imu_quat_wxyz=[0.6546478271484375, 0.06098521873354912, 0.1474619060754776, -0.7388992309570312]
joint_pos=[0.035999998450279236, -0.0, -0.0, 0.0, 0.0, 0.0] imu_ang_vel=[0.5422361493110657, 0.5699338316917419, -0.5166690349578857] imu_quat_wxyz=[0.6546478271484375, 0.06098521873354912, 0.1474619060754776, -0.7388992309570312]
joint_pos=[0.07199999690055847, -0.0, -0.0, 0.0, 0.0, 0.0] imu_ang_vel=[0.5422361493110657, 0.5699338316917419, -0.5166690349578857] imu_quat_wxyz=[0.6538242697715759, 0.07986410707235336, 0.1543351709842682, -0.7364211678504944]
joint_pos=[0.1080000028014183, -0.0, -0.0, 0.0, 0.0, 0.0] imu_ang_vel=[0.7158795595169067, 0.602958083152771, -0.6050886511802673] imu_quat_wxyz=[0.6538242697715759, 0.07986410707235336, 0.1543351709842682, -0.7364211678504944]
joint_pos=[0.1080000028014183, -0.0, -0.0, 0.0, 0.0, 0.0] imu_ang_vel=[0.7158795595169067, 0.602958083152771, -0.6050886511802673] imu_quat_wxyz=[0.6490024924278259, 0.09907448291778564, 0.15674245357513428, -0.7378426790237427]
joint_pos=[0.18000000715255737, -0.0, -0.0, 0.0, 0.0, 0.0] imu_ang_vel=[0.9236124157905579, 0.690312385559082, -0.7520996332168579] imu_quat_wxyz=[0.6490024924278259, 0.09907448291778564, 0.15674245357513428, -0.7378426790237427]
joint_pos=[0.25200000405311584, -0.0, -0.0, 0.0, 0.0, 0.0] imu_ang_vel=[0.9236124157905579, 0.690312385559082, -0.7520996332168579] imu_quat_wxyz=[0.6419546604156494, 0.11190591752529144, 0.15435659885406494, -0.7426608800888062]
joint_pos=[0.25200000405311584, -0.0, -0.0, 0.0, 0.0, 0.0] imu_ang_vel=[0.8564987182617188, 0.6658105850219727, -0.6114804148674011] imu_quat_wxyz=[0.6419546604156494, 0.11190591752529144, 0.15435659885406494, -0.7426608800888062]
joint_pos=[0.3240000009536743, -0.0, -0.0, 0.0, 0.0, 0.0] imu_ang_vel=[0.8564987182617188, 0.6658105850219727, -0.6114804148674011] imu_quat_wxyz=[0.6362094283103943, 0.13550454378128052, 0.1543276309967041, -0.7436792850494385]
joint_pos=[0.4320000112056732, -0.0, -0.0, 0.0, 0.0, 0.0] imu_ang_vel=[0.7425119876861572, 0.5965662598609924, -0.5326484441757202] imu_quat_wxyz=[0.6362094283103943, 0.13550454378128052, 0.1543276309967041, -0.7436792850494385]
joint_pos=[0.46799999475479126, -0.0, -0.0, 0.0, 0.0, 0.0] imu_ang_vel=[0.7425119876861572, 0.5965662598609924, -0.5326484441757202] imu_quat_wxyz=[0.6288394927978516, 0.1520807147026062, 0.1503567099571228, -0.7475460767745972]
joint_pos=[0.5400000214576721, -0.0, -0.0, 0.0, 0.0, 0.0] imu_ang_vel=[0.6445046663284302, 0.5422361493110657, -0.24501828849315643] imu_quat_wxyz=[0.6288394927978516, 0.1520807147026062, 0.1503567099571228, -0.7475460767745972]
joint_pos=[0.5759999752044678, -0.0, -0.0, 0.0, 0.0, 0.0] imu_ang_vel=[0.6445046663284302, 0.5422361493110657, -0.24501828849315643] imu_quat_wxyz=[0.6292634010314941, 0.16538046300411224, 0.14835241436958313, -0.7447605729103088]
joint_pos=[0.6840000152587891, -0.0, -0.0, 0.0, 0.0, 0.0] imu_ang_vel=[0.5539544224739075, 0.40907400846481323, -0.11185617744922638] imu_quat_wxyz=[0.6292634010314941, 0.16538046300411224, 0.14835241436958313, -0.7447605729103088]
joint_pos=[0.7559999823570251, -0.0, -0.0, 0.0, 0.0, 0.0] imu_ang_vel=[0.5539544224739075, 0.40907400846481323, -0.11185617744922638] imu_quat_wxyz=[0.6257495284080505, 0.17232534289360046, 0.14056995511054993, -0.7476506233215332]
joint_pos=[0.8640000224113464, -0.0, -0.0, 0.0, 0.0, 0.0] imu_ang_vel=[0.6050886511802673, 0.5209302306175232, -0.10866028815507889] imu_quat_wxyz=[0.6257495284080505, 0.17232534289360046, 0.14056995511054993, -0.7476506233215332]
joint_pos=[1.0080000162124634, -0.0, -0.0, 0.0, 0.0, 0.0] imu_ang_vel=[0.6050886511802673, 0.5209302306175232, -0.10866028815507889] imu_quat_wxyz=[0.6223248839378357, 0.1799442023038864, 0.13659493625164032, -0.7494489550590515]
joint_pos=[1.0440000295639038, -0.0, -0.0, 0.0, 0.0, 0.0] imu_ang_vel=[0.39948636293411255, 0.25886714458465576, 0.2609977424144745] imu_quat_wxyz=[0.6223248839378357, 0.1799442023038864, 0.13659493625164032, -0.7494489550590515]
joint_pos=[1.187999963760376, -0.0, -0.0, 0.0, 0.0, 0.0] imu_ang_vel=[0.39948636293411255, 0.25886714458465576, 0.2609977424144745] imu_quat_wxyz=[0.6256656050682068, 0.21057163178920746, 0.1415792852640152, -0.7376702427864075]
joint_pos=[1.3320000171661377, -0.0, -0.0, 0.0, 0.0, 0.0] imu_ang_vel=[0.5433014631271362, 0.3536785840988159, -0.08628904819488525] imu_quat_wxyz=[0.6256656050682068, 0.21057163178920746, 0.1415792852640152, -0.7376702427864075]
joint_pos=[1.403999924659729, -0.0, -0.0, 0.0, 0.0, 0.0] imu_ang_vel=[0.5433014631271362, 0.3536785840988159, -0.08628904819488525] imu_quat_wxyz=[0.6234602928161621, 0.24980828166007996, 0.10402858257293701, -0.7335332632064819]
joint_pos=[1.5480000972747803, -0.0, -0.0, 0.0, 0.0, 0.0] imu_ang_vel=[0.5433014631271362, 0.3536785840988159, -0.08628904819488525] imu_quat_wxyz=[0.6234602928161621, 0.24980828166007996, 0.10402858257293701, -0.7335332632064819]
joint_pos=[1.7280000448226929, -0.0, -0.0, 0.0, 0.0, 0.0] imu_ang_vel=[0.5614114999771118, 0.44103294610977173, 0.0] imu_quat_wxyz=[0.6148626804351807, 0.28739213943481445, 0.06455039232969284, -0.7315618991851807]
joint_pos=[1.8360000848770142, -0.0, -0.0, 0.0, 0.0, 0.0] imu_ang_vel=[0.5614114999771118, 0.44103294610977173, 0.0] imu_quat_wxyz=[0.6148626804351807, 0.28739213943481445, 0.06455039232969284, -0.7315618991851807]
joint_pos=[1.9079999923706055, -0.0, -0.0, 0.0, 0.0, 0.0] imu_ang_vel=[0.5113425254821777, 0.4484900236129761, 0.2162552773952484] imu_quat_wxyz=[0.6348910927772522, 0.35493168234825134, 0.04633282870054245, -0.6846824288368225]
joint_pos=[2.124000072479248, -0.0, -0.0, 0.0, 0.0, 0.0] imu_ang_vel=[0.5113425254821777, 0.4484900236129761, 0.2162552773952484] imu_quat_wxyz=[0.6348910927772522, 0.35493168234825134, 0.04633282870054245, -0.6846824288368225]
joint_pos=[2.2679998874664307, -0.0, -0.0, 0.0, 0.0, 0.0] imu_ang_vel=[0.4442288279533386, 0.36752745509147644, 0.17151281237602234] imu_quat_wxyz=[0.6569216847419739, 0.3836502730846405, 0.03823995217680931, -0.6479227542877197]
joint_pos=[2.3400001525878906, -0.0, -0.0, 0.0, 0.0, 0.0] imu_ang_vel=[0.4442288279533386, 0.36752745509147644, 0.17151281237602234] imu_quat_wxyz=[0.6569216847419739, 0.3836502730846405, 0.03823995217680931, -0.6479227542877197]
joint_pos=[2.5199999809265137, -0.0, -0.0, 0.0, 0.0, 0.0] imu_ang_vel=[-0.192818745970726, -0.31106671690940857, 1.6064677238464355] imu_quat_wxyz=[0.6914143562316895, 0.3813249468803406, 0.030198194086551666, -0.6128829717636108]
joint_pos=[2.6640000343322754, -0.0, -0.0, 0.0, 0.0, 0.0] imu_ang_vel=[-0.192818745970726, -0.31106671690940857, 1.6064677238464355] imu_quat_wxyz=[0.6914143562316895, 0.3813249468803406, 0.030198194086551666, -0.6128829717636108]
joint_pos=[2.7360000610351562, -0.0, -0.0, 0.0, 0.0, 0.0] imu_ang_vel=[-0.40481284260749817, -1.1984590291976929, 2.37880802154541] imu_quat_wxyz=[0.7371615171432495, 0.3639841377735138, 0.0044318316504359245, -0.5692880153656006]
joint_pos=[2.880000114440918, -0.0, -0.0, 0.0, 0.0, 0.0] imu_ang_vel=[-0.40481284260749817, -1.1984590291976929, 2.37880802154541] imu_quat_wxyz=[0.7371615171432495, 0.3639841377735138, 0.0044318316504359245, -0.5692880153656006]
joint_pos=[3.0239999294281006, -0.0, -0.0, 0.0, 0.0, 0.0] imu_ang_vel=[1.4232367277145386, -0.1960146427154541, 1.8142006397247314] imu_quat_wxyz=[0.7771940231323242, 0.37755677103996277, -0.040971539914608, -0.5017384886741638]
joint_pos=[3.0960001945495605, -0.0, -0.0, 0.0, 0.0, 0.0] imu_ang_vel=[1.4232367277145386, -0.1960146427154541, 1.8142006397247314] imu_quat_wxyz=[0.7771940231323242, 0.37755677103996277, -0.040971539914608, -0.5017384886741638]
joint_pos=[3.1679999828338623, -0.0, -0.0, 0.0, 0.0, 0.0] imu_ang_vel=[-0.20453700423240662, -1.5702476501464844, 4.012973785400391] imu_quat_wxyz=[0.8220965266227722, 0.4059025049209595, -0.0724785104393959, -0.39261594414711]
joint_pos=[3.312000036239624, -0.0, -0.0, 0.0, 0.0, 0.0] imu_ang_vel=[-0.20453700423240662, -1.5702476501464844, 4.012973785400391] imu_quat_wxyz=[0.8220965266227722, 0.4059025049209595, -0.0724785104393959, -0.39261594414711]
joint_pos=[3.419999837875366, -0.0, -0.0, 0.0, 0.0, 0.0] imu_ang_vel=[1.3763636350631714, -0.5060160160064697, -2.029390573501587] imu_quat_wxyz=[0.8303289413452148, 0.42795154452323914, -0.04355775937438011, -0.3542792797088623]
joint_pos=[3.4560000896453857, -0.0, -0.0, 0.0, 0.0, 0.0] imu_ang_vel=[1.3763636350631714, -0.5060160160064697, -2.029390573501587] imu_quat_wxyz=[0.8303289413452148, 0.42795154452323914, -0.04355775937438011, -0.3542792797088623]
joint_pos=[3.563999891281128, -0.0, -0.0, 0.0, 0.0, 0.0] imu_ang_vel=[-0.4325105547904968, -0.2428877055644989, 0.7329242825508118] imu_quat_wxyz=[0.8301985263824463, 0.45154881477355957, -0.022023916244506836, -0.3261733651161194]
joint_pos=[3.7080001831054688, -0.0, -0.0, 0.0, 0.0, 0.0] imu_ang_vel=[-0.4325105547904968, -0.2428877055644989, 0.7329242825508118] imu_quat_wxyz=[0.8301985263824463, 0.45154881477355957, -0.022023916244506836, -0.3261733651161194]
joint_pos=[3.74399995803833, -0.0, -0.0, 0.0, 0.0, 0.0] imu_ang_vel=[-0.6157416105270386, -0.3068055212497711, 1.192067265510559] imu_quat_wxyz=[0.8585179448127747, 0.44118982553482056, -0.017093028873205185, -0.2607802748680115]
joint_pos=[3.815999984741211, -0.0, -0.0, 0.0, 0.0, 0.0] imu_ang_vel=[-0.6157416105270386, -0.3068055212497711, 1.192067265510559] imu_quat_wxyz=[0.8585179448127747, 0.44118982553482056, -0.017093028873205185, -0.2607802748680115]
joint_pos=[3.9600000381469727, -0.0, -0.0, 0.0, 0.0, 0.0] imu_ang_vel=[-0.6530269980430603, -0.31745848059654236, 1.2314832210540771] imu_quat_wxyz=[0.8863515257835388, 0.4175041913986206, -0.0094080725684762, -0.1999567151069641]
joint_pos=[3.995999813079834, -0.0, -0.0, 0.0, 0.0, 0.0] imu_ang_vel=[-0.6530269980430603, -0.31745848059654236, 1.2314832210540771] imu_quat_wxyz=[0.8863515257835388, 0.4175041913986206, -0.0094080725684762, -0.1999567151069641]
joint_pos=[3.995999813079834, -0.0, -0.0, 0.0, 0.0, 0.0] imu_ang_vel=[-0.5433014631271362, -0.22051647305488586, 1.3284252882003784] imu_quat_wxyz=[0.9111631512641907, 0.38578805327415466, -0.00033747637644410133, -0.14473797380924225]
joint_pos=[4.139999866485596, -0.0, -0.0, 0.0, 0.0, 0.0] imu_ang_vel=[-0.5433014631271362, -0.22051647305488586, 1.3284252882003784] imu_quat_wxyz=[0.9111631512641907, 0.38578805327415466, -0.00033747637644410133, -0.14473797380924225]
joint_pos=[4.176000118255615, -0.0, -0.0, 0.0, 0.0, 0.0] imu_ang_vel=[-0.4357064366340637, -0.13422740995883942, 1.3316211700439453] imu_quat_wxyz=[0.9319705367088318, 0.35189905762672424, 0.005545301828533411, -0.08698967844247818]
joint_pos=[4.176000118255615, -0.0, -0.0, 0.0, 0.0, 0.0] imu_ang_vel=[-0.4357064366340637, -0.13422740995883942, 1.3316211700439453] imu_quat_wxyz=[0.9319705367088318, 0.35189905762672424, 0.005545301828533411, -0.08698967844247818]
joint_pos=[4.283999919891357, -0.0, -0.0, 0.0, 0.0, 0.0] imu_ang_vel=[-0.4186616837978363, -0.26525893807411194, 1.2016549110412598] imu_quat_wxyz=[0.9465900659561157, 0.32159706950187683, 0.010624105110764503, -0.020726215094327927]
joint_pos=[4.320000171661377, -0.0, -0.0, 0.0, 0.0, 0.0] imu_ang_vel=[-0.4186616837978363, -0.26525893807411194, 1.2016549110412598] imu_quat_wxyz=[0.9465900659561157, 0.32159706950187683, 0.010624105110764503, -0.020726215094327927]
joint_pos=[4.320000171661377, -0.0, -0.0, 0.0, 0.0, 0.0] imu_ang_vel=[-0.3547438681125641, -0.2396918088197708, 1.0045750141143799] imu_quat_wxyz=[0.9546352624893188, 0.2944519519805908, 0.013103123754262924, 0.04239919036626816]
joint_pos=[4.355999946594238, -0.0, -0.0, 0.0, 0.0, 0.0] imu_ang_vel=[-0.3547438681125641, -0.2396918088197708, 1.0045750141143799] imu_quat_wxyz=[0.9546352624893188, 0.2944519519805908, 0.013103123754262924, 0.04239919036626816]
joint_pos=[4.427999973297119, -0.0, -0.0, 0.0, 0.0, 0.0] imu_ang_vel=[-0.44635942578315735, -0.3046749234199524, 0.9268083572387695] imu_quat_wxyz=[0.9587453007698059, 0.26870355010032654, 0.01528468169271946, 0.0914994478225708]
joint_pos=[4.427999973297119, -0.0, -0.0, 0.0, 0.0, 0.0] imu_ang_vel=[-0.44635942578315735, -0.3046749234199524, 0.9268083572387695] imu_quat_wxyz=[0.9587453007698059, 0.26870355010032654, 0.01528468169271946, 0.0914994478225708]
joint_pos=[4.464000225067139, -0.0, -0.0, 0.0, 0.0, 0.0] imu_ang_vel=[-0.4772530198097229, -0.3813762962818146, 0.8479763865470886] imu_quat_wxyz=[0.9624658226966858, 0.2382076531648636, 0.01318868063390255, 0.12939360737800598]
joint_pos=[4.464000225067139, -0.0, -0.0, 0.0, 0.0, 0.0] imu_ang_vel=[-0.4772530198097229, -0.3813762962818146, 0.8479763865470886] imu_quat_wxyz=[0.9624658226966858, 0.2382076531648636, 0.01318868063390255, 0.12939360737800598]
joint_pos=[4.464000225067139, -0.0, -0.0, 0.0, 0.0, 0.0] imu_ang_vel=[-0.37072333693504333, -0.1374233067035675, 0.6157416105270386] imu_quat_wxyz=[0.9646355509757996, 0.20625625550746918, 0.007869289256632328, 0.1639348566532135]
joint_pos=[4.5, -0.0, -0.0, 0.0, 0.0, 0.0] imu_ang_vel=[-0.37072333693504333, -0.1374233067035675, 0.6157416105270386] imu_quat_wxyz=[0.9646355509757996, 0.20625625550746918, 0.007869289256632328, 0.1639348566532135]
joint_pos=[4.5, -0.0, -0.0, 0.0, 0.0, 0.0] imu_ang_vel=[-0.3195890784263611, -0.05539543926715851, 0.3898986876010895] imu_quat_wxyz=[0.9636308550834656, 0.17915195226669312, 0.004749046638607979, 0.19823578000068665]
joint_pos=[4.5, -0.0, -0.0, 0.0, 0.0, 0.0] imu_ang_vel=[-0.3195890784263611, -0.05539543926715851, 0.3898986876010895] imu_quat_wxyz=[0.9636308550834656, 0.17915195226669312, 0.004749046638607979, 0.19823578000068665]
joint_pos=[4.5, -0.0, -0.0, 0.0, 0.0, 0.0] imu_ang_vel=[-0.2599324584007263, 0.0, 0.24714888632297516] imu_quat_wxyz=[0.9602354168891907, 0.15735168755054474, 0.0073763239197432995, 0.23050789535045624]
joint_pos=[4.5, -0.0, -0.0, 0.0, 0.0, 0.0] imu_ang_vel=[-0.2599324584007263, 0.0, 0.24714888632297516] imu_quat_wxyz=[0.9602354168891907, 0.15735168755054474, 0.0073763239197432995, 0.23050789535045624]
joint_pos=[4.5, -0.0, -0.0, 0.0, 0.0, 0.0] imu_ang_vel=[-0.2514100670814514, 0.01811004802584648, 0.18855755031108856] imu_quat_wxyz=[0.9557843208312988, 0.1391480416059494, 0.012702551670372486, 0.25875207781791687]
joint_pos=[4.5, -0.0, -0.0, 0.0, 0.0, 0.0] imu_ang_vel=[-0.2514100670814514, 0.01811004802584648, 0.18855755031108856] imu_quat_wxyz=[0.9557843208312988, 0.1391480416059494, 0.012702551670372486, 0.25875207781791687]
joint_pos=[4.5, -0.0, -0.0, 0.0, 0.0, 0.0] imu_ang_vel=[-0.25034478306770325, 0.07563608139753342, 0.36752745509147644] imu_quat_wxyz=[0.9503806233406067, 0.12447454780340195, 0.022138074040412903, 0.2842403054237366]
joint_pos=[4.5, -0.0, -0.0, 0.0, 0.0, 0.0] imu_ang_vel=[-0.25034478306770325, 0.07563608139753342, 0.36752745509147644] imu_quat_wxyz=[0.9503806233406067, 0.12447454780340195, 0.022138074040412903, 0.2842403054237366]
joint_pos=[4.464000225067139, -0.0, -0.0, 0.0, 0.0, 0.0] imu_ang_vel=[-0.32385027408599854, 0.0, 0.6583535075187683] imu_quat_wxyz=[0.9433311820030212, 0.11291759461164474, 0.028959451243281364, 0.31070441007614136]
joint_pos=[4.464000225067139, -0.0, -0.0, 0.0, 0.0, 0.0] imu_ang_vel=[-0.32385027408599854, 0.0, 0.6583535075187683] imu_quat_wxyz=[0.9433311820030212, 0.11291759461164474, 0.028959451243281364, 0.31070441007614136]
joint_pos=[4.464000225067139, -0.0, -0.0, 0.0, 0.0, 0.0] imu_ang_vel=[-0.3653968572616577, -0.15766394138336182, 0.7861891388893127] imu_quat_wxyz=[0.93597012758255, 0.09571865200996399, 0.02125687338411808, 0.3381509482860565]
joint_pos=[4.427999973297119, -0.0, -0.0, 0.0, 0.0, 0.0] imu_ang_vel=[-0.3653968572616577, -0.15766394138336182, 0.7861891388893127] imu_quat_wxyz=[0.93597012758255, 0.09571865200996399, 0.02125687338411808, 0.3381509482860565]
joint_pos=[4.464000225067139, -0.0, -0.0, 0.0, 0.0, 0.0] imu_ang_vel=[-0.2993484437465668, -0.08415845781564713, 0.8650211095809937] imu_quat_wxyz=[0.9279384016990662, 0.07843761891126633, 0.011666428297758102, 0.36420005559921265]
joint_pos=[4.464000225067139, -0.0, -0.0, 0.0, 0.0, 0.0] imu_ang_vel=[-0.2993484437465668, -0.08415845781564713, 0.8650211095809937] imu_quat_wxyz=[0.9279384016990662, 0.07843761891126633, 0.011666428297758102, 0.36420005559921265]
joint_pos=[4.355999946594238, -0.0, -0.0, 0.0, 0.0, 0.0] imu_ang_vel=[-0.15127216279506683, 0.021305939182639122, 0.774470865726471] imu_quat_wxyz=[0.9197326898574829, 0.0637340247631073, 0.0015817104140296578, 0.38733330368995667]
joint_pos=[4.464000225067139, -0.0, -0.0, 0.0, 0.0, 0.0] imu_ang_vel=[-0.15127216279506683, 0.021305939182639122, 0.774470865726471] imu_quat_wxyz=[0.9197326898574829, 0.0637340247631073, 0.0015817104140296578, 0.38733330368995667]
joint_pos=[4.464000225067139, -0.0, -0.0, 0.0, 0.0, 0.0] imu_ang_vel=[-0.11185617744922638, -0.04474247246980667, 0.6423740386962891] imu_quat_wxyz=[0.9120514392852783, 0.05360391363501549, -0.0048323096707463264, 0.4065284729003906]
joint_pos=[4.355999946594238, -0.0, -0.0, 0.0, 0.0, 0.0] imu_ang_vel=[-0.11185617744922638, -0.04474247246980667, 0.6423740386962891] imu_quat_wxyz=[0.9120514392852783, 0.05360391363501549, -0.0048323096707463264, 0.4065284729003906]
joint_pos=[4.535999774932861, -0.0, -0.0, 0.0, 0.0, 0.0] imu_ang_vel=[0.5592808723449707, 2.5684309005737305, -0.8202786445617676] imu_quat_wxyz=[0.9091914892196655, 0.03881276026368141, 0.015323980711400509, 0.414281964302063]
joint_pos=[4.5, -0.0, -0.0, 0.0, 0.0, 0.0] imu_ang_vel=[0.5592808723449707, 2.5684309005737305, -0.8202786445617676] imu_quat_wxyz=[0.9091914892196655, 0.03881276026368141, 0.015323980711400509, 0.414281964302063]
joint_pos=[4.427999973297119, -0.0, -0.0, 0.0, 0.0, 0.0] imu_ang_vel=[0.3888333737850189, 1.8781185150146484, -1.3774288892745972] imu_quat_wxyz=[0.9177761673927307, 0.02666892483830452, 0.06701982766389847, 0.3904918432235718]
joint_pos=[4.572000026702881, -0.0, -0.0, 0.0, 0.0, 0.0] imu_ang_vel=[0.3888333737850189, 1.8781185150146484, -1.3774288892745972] imu_quat_wxyz=[0.9177761673927307, 0.02666892483830452, 0.06701982766389847, 0.3904918432235718]
joint_pos=[4.572000026702881, -0.0, -0.0, 0.0, 0.0, 0.0] imu_ang_vel=[-0.10333380103111267, -0.034089501947164536, 0.21199409663677216] imu_quat_wxyz=[0.9173637628555298, 0.025663383305072784, 0.07322593033313751, 0.3904140591621399]
joint_pos=[4.5, -0.0, -0.0, 0.0, 0.0, 0.0] imu_ang_vel=[-0.10333380103111267, -0.034089501947164536, 0.21199409663677216] imu_quat_wxyz=[0.9173637628555298, 0.025663383305072784, 0.07322593033313751, 0.3904140591621399]
joint_pos=[4.607999801635742, -0.0, -0.0, 0.0, 0.0, 0.0] imu_ang_vel=[0.0, -0.015979453921318054, 0.10759498924016953] imu_quat_wxyz=[0.9166821241378784, 0.020900731906294823, 0.07039664685726166, 0.39281219244003296]
joint_pos=[4.680000305175781, -0.0, -0.0, 0.0, 0.0, 0.0] imu_ang_vel=[0.0, -0.015979453921318054, 0.10759498924016953] imu_quat_wxyz=[0.9166821241378784, 0.020900731906294823, 0.07039664685726166, 0.39281219244003296]
joint_pos=[4.644000053405762, -0.0, -0.0, 0.0, 0.0, 0.0] imu_ang_vel=[0.12463974207639694, -0.015979453921318054, -0.025567125529050827] imu_quat_wxyz=[0.9177073836326599, 0.01856725849211216, 0.07198670506477356, 0.3902387320995331]
joint_pos=[4.680000305175781, -0.0, -0.0, 0.0, 0.0, 0.0] imu_ang_vel=[0.12463974207639694, -0.015979453921318054, -0.025567125529050827] imu_quat_wxyz=[0.9177073836326599, 0.01856725849211216, 0.07198670506477356, 0.3902387320995331]
joint_pos=[4.751999855041504, -0.0, -0.0, 0.0, 0.0, 0.0] imu_ang_vel=[0.23649592697620392, -0.011718266643583775, -0.1725780963897705] imu_quat_wxyz=[0.9203760027885437, 0.01890285313129425, 0.07522054016590118, 0.3832654654979706]
joint_pos=[4.751999855041504, -0.0, -0.0, 0.0, 0.0, 0.0] imu_ang_vel=[0.23649592697620392, -0.011718266643583775, -0.1725780963897705] imu_quat_wxyz=[0.9203760027885437, 0.01890285313129425, 0.07522054016590118, 0.3832654654979706]
joint_pos=[4.751999855041504, -0.0, -0.0, 0.0, 0.0, 0.0] imu_ang_vel=[0.2194511741399765, -0.0585913322865963, -0.21305938065052032] imu_quat_wxyz=[0.9237959384918213, 0.022396504878997803, 0.08083442598581314, 0.3735842704772949]
joint_pos=[4.823999881744385, -0.0, -0.0, 0.0, 0.0, 0.0] imu_ang_vel=[0.2194511741399765, -0.0585913322865963, -0.21305938065052032] imu_quat_wxyz=[0.9237959384918213, 0.022396504878997803, 0.08083442598581314, 0.3735842704772949]
joint_pos=[4.823999881744385, -0.0, -0.0, 0.0, 0.0, 0.0] imu_ang_vel=[0.10439909994602203, -0.1693822145462036, -0.2599324584007263] imu_quat_wxyz=[0.9284600615501404, 0.02378363162279129, 0.08271363377571106, 0.36132344603538513]
joint_pos=[4.823999881744385, -0.0, -0.0, 0.0, 0.0, 0.0] imu_ang_vel=[0.10439909994602203, -0.1693822145462036, -0.2599324584007263] imu_quat_wxyz=[0.9284600615501404, 0.02378363162279129, 0.08271363377571106, 0.36132344603538513]
joint_pos=[4.823999881744385, -0.0, -0.0, 0.0, 0.0, 0.0] imu_ang_vel=[-0.07350549101829529, -0.6466352343559265, -0.082027867436409] imu_quat_wxyz=[0.9343264102935791, 0.023280400782823563, 0.07863008975982666, 0.3468564450740814]
joint_pos=[4.860000133514404, -0.0, -0.0, 0.0, 0.0, 0.0] imu_ang_vel=[-0.07350549101829529, -0.6466352343559265, -0.082027867436409] imu_quat_wxyz=[0.9343264102935791, 0.023280400782823563, 0.07863008975982666, 0.3468564450740814]
joint_pos=[4.895999908447266, -0.0, -0.0, 0.0, 0.0, 0.0] imu_ang_vel=[0.11505206674337387, -0.07989726960659027, 0.15872924029827118] imu_quat_wxyz=[0.9360666871070862, 0.022876039147377014, 0.074910007417202, 0.3429931402206421]
joint_pos=[4.895999908447266, -0.0, -0.0, 0.0, 0.0, 0.0] imu_ang_vel=[0.11505206674337387, -0.07989726960659027, 0.15872924029827118] imu_quat_wxyz=[0.9360666871070862, 0.022876039147377014, 0.074910007417202, 0.3429931402206421]
joint_pos=[4.895999908447266, -0.0, -0.0, 0.0, 0.0, 0.0] imu_ang_vel=[0.15127216279506683, 0.10226850211620331, 0.0] imu_quat_wxyz=[0.9383167028427124, 0.02145497128367424, 0.07705787569284439, 0.3363979160785675]
joint_pos=[4.9679999351501465, -0.0, -0.0, 0.0, 0.0, 0.0] imu_ang_vel=[0.15127216279506683, 0.10226850211620331, 0.0] imu_quat_wxyz=[0.9383167028427124, 0.02145497128367424, 0.07705787569284439, 0.3363979160785675]
joint_pos=[4.9679999351501465, -0.0, -0.0, 0.0, 0.0, 0.0] imu_ang_vel=[0.2077329009771347, 0.24075710773468018, 0.17896988987922668] imu_quat_wxyz=[0.9386937618255615, 0.023202532902359962, 0.08357253670692444, 0.3336634933948517]
joint_pos=[5.003999710083008, -0.0, -0.0, 0.0, 0.0, 0.0] imu_ang_vel=[0.2077329009771347, 0.24075710773468018, 0.17896988987922668] imu_quat_wxyz=[0.9386937618255615, 0.023202532902359962, 0.08357253670692444, 0.3336634933948517]
joint_pos=[5.111999988555908, -0.0, -0.0, 0.0, 0.0, 0.0] imu_ang_vel=[0.14488038420677185, 0.057526033371686935, 0.04793836176395416] imu_quat_wxyz=[0.9393513202667236, 0.021421484649181366, 0.08588352054357529, 0.331337034702301]
joint_pos=[5.1479997634887695, -0.0, -0.0, 0.0, 0.0, 0.0] imu_ang_vel=[0.14488038420677185, 0.057526033371686935, 0.04793836176395416] imu_quat_wxyz=[0.9393513202667236, 0.021421484649181366, 0.08588352054357529, 0.331337034702301]
joint_pos=[5.1479997634887695, -0.0, -0.0, 0.0, 0.0, 0.0] imu_ang_vel=[0.25567126274108887, 0.27378129959106445, -0.07350549101829529] imu_quat_wxyz=[0.9417858123779297, 0.020894048735499382, 0.0829329714179039, 0.325153648853302]
joint_pos=[5.2920002937316895, -0.0, -0.0, 0.0, 0.0, 0.0] imu_ang_vel=[0.25567126274108887, 0.27378129959106445, -0.07350549101829529] imu_quat_wxyz=[0.9417858123779297, 0.020894048735499382, 0.0829329714179039, 0.325153648853302]
joint_pos=[5.400000095367432, -0.0, -0.0, 0.0, 0.0, 0.0] imu_ang_vel=[0.20453700423240662, 0.18962284922599792, 0.0] imu_quat_wxyz=[0.9422880411148071, 0.025961285457015038, 0.09406990557909012, 0.32026565074920654]
joint_pos=[5.400000095367432, -0.0, -0.0, 0.0, 0.0, 0.0] imu_ang_vel=[0.20453700423240662, 0.18962284922599792, 0.0] imu_quat_wxyz=[0.9422880411148071, 0.025961285457015038, 0.09406990557909012, 0.32026565074920654]
joint_pos=[5.579999923706055, -0.0, -0.0, 0.0, 0.0, 0.0] imu_ang_vel=[0.042611878365278244, 0.0, 0.0] imu_quat_wxyz=[0.9425386190414429, 0.02721838280558586, 0.10434050112962723, 0.31621673703193665]
joint_pos=[5.724000453948975, -0.0, -0.0, 0.0, 0.0, 0.0] imu_ang_vel=[0.042611878365278244, 0.0, 0.0] imu_quat_wxyz=[0.9425386190414429, 0.02721838280558586, 0.10434050112962723, 0.31621673703193665]
joint_pos=[5.760000228881836, -0.0, -0.0, 0.0, 0.0, 0.0] imu_ang_vel=[0.10759498924016953, 0.12677033245563507, 0.06817900389432907] imu_quat_wxyz=[0.9436737895011902, 0.02970542199909687, 0.11027680337429047, 0.31054210662841797]
joint_pos=[5.9039998054504395, -0.0, -0.0, 0.0, 0.0, 0.0] imu_ang_vel=[0.10759498924016953, 0.12677033245563507, 0.06817900389432907] imu_quat_wxyz=[0.9436737895011902, 0.02970542199909687, 0.11027680337429047, 0.31054210662841797]
joint_pos=[6.12000036239624, -0.0, -0.0, 0.0, 0.0, 0.0] imu_ang_vel=[0.06817900389432907, 0.019175345078110695, -0.10759498924016953] imu_quat_wxyz=[0.9457831382751465, 0.029256615787744522, 0.10841023176908493, 0.3047710955142975]
joint_pos=[6.156000137329102, -0.0, -0.0, 0.0, 0.0, 0.0] imu_ang_vel=[0.06817900389432907, 0.019175345078110695, -0.10759498924016953] imu_quat_wxyz=[0.9457831382751465, 0.029256615787744522, 0.10841023176908493, 0.3047710955142975]
joint_pos=[6.300000190734863, -0.0, -0.0, 0.0, 0.0, 0.0] imu_ang_vel=[0.20453700423240662, 0.18216577172279358, -0.10439909994602203] imu_quat_wxyz=[0.9490969181060791, 0.031422171741724014, 0.10816377401351929, 0.2941568195819855]
joint_pos=[6.624000072479248, -0.0, -0.0, 0.0, 0.0, 0.0] imu_ang_vel=[0.20453700423240662, 0.18216577172279358, -0.10439909994602203] imu_quat_wxyz=[0.9490969181060791, 0.031422171741724014, 0.10816377401351929, 0.2941568195819855]
joint_pos=[6.839999675750732, -0.0, -0.0, 0.0, 0.0, 0.0] imu_ang_vel=[0.16512101888656616, 0.16512101888656616, -0.4452941119670868] imu_quat_wxyz=[0.9548700451850891, 0.029888859018683434, 0.11006887257099152, 0.27425286173820496]
joint_pos=[6.984000205993652, -0.0, -0.0, 0.0, 0.0, 0.0] imu_ang_vel=[0.16512101888656616, 0.16512101888656616, -0.4452941119670868] imu_quat_wxyz=[0.9548700451850891, 0.029888859018683434, 0.11006887257099152, 0.27425286173820496]
joint_pos=[7.164000034332275, -0.0, -0.0, 0.0, 0.0, 0.0] imu_ang_vel=[0.10013791173696518, 0.1438150852918625, -0.32704615592956543] imu_quat_wxyz=[0.9603973627090454, 0.030107617378234863, 0.11599788814783096, 0.25154513120651245]
joint_pos=[7.308000564575195, -0.0, -0.0, 0.0, 0.0, 0.0] imu_ang_vel=[0.10013791173696518, 0.1438150852918625, -0.32704615592956543] imu_quat_wxyz=[0.9603973627090454, 0.030107617378234863, 0.11599788814783096, 0.25154513120651245]
joint_pos=[7.452000141143799, -0.0, -0.0, 0.0, 0.0, 0.0] imu_ang_vel=[-0.03302420675754547, -0.012783562764525414, -0.12250914424657822] imu_quat_wxyz=[0.9651031494140625, 0.028622983023524284, 0.1259564757347107, 0.22779695689678192]
joint_pos=[7.595999717712402, -0.0, -0.0, 0.0, 0.0, 0.0] imu_ang_vel=[-0.03302420675754547, -0.012783562764525414, -0.12250914424657822] imu_quat_wxyz=[0.9651031494140625, 0.028622983023524284, 0.1259564757347107, 0.22779695689678192]
joint_pos=[7.740000247955322, -0.0, -0.0, 0.0, 0.0, 0.0] imu_ang_vel=[-0.05539543926715851, -0.14168448746204376, -0.4889712929725647] imu_quat_wxyz=[0.970981240272522, 0.01976887322962284, 0.13141536712646484, 0.19883304834365845]
joint_pos=[7.8480000495910645, -0.0, -0.0, 0.0, 0.0, 0.0] imu_ang_vel=[-0.05539543926715851, -0.14168448746204376, -0.4889712929725647] imu_quat_wxyz=[0.970981240272522, 0.01976887322962284, 0.13141536712646484, 0.19883304834365845]
joint_pos=[7.991999626159668, -0.0, -0.0, 0.0, 0.0, 0.0] imu_ang_vel=[-0.20027582347393036, -0.36113566160202026, -0.37604981660842896] imu_quat_wxyz=[0.9766280651092529, 0.013005150482058525, 0.1311323642730713, 0.16980162262916565]
joint_pos=[8.027999877929688, -0.0, -0.0, 0.0, 0.0, 0.0] imu_ang_vel=[-0.20027582347393036, -0.36113566160202026, -0.37604981660842896] imu_quat_wxyz=[0.9766280651092529, 0.013005150482058525, 0.1311323642730713, 0.16980162262916565]
joint_pos=[8.100000381469727, -0.0, -0.0, 0.0, 0.0, 0.0] imu_ang_vel=[-0.20240642130374908, -0.4559471011161804, -0.7563608288764954] imu_quat_wxyz=[0.983360767364502, 0.002364934654906392, 0.11990105360746384, 0.13645431399345398]
joint_pos=[8.17199993133545, -0.0, -0.0, 0.0, 0.0, 0.0] imu_ang_vel=[-0.20240642130374908, -0.4559471011161804, -0.7563608288764954] imu_quat_wxyz=[0.983360767364502, 0.002364934654906392, 0.11990105360746384, 0.13645431399345398]
joint_pos=[8.244000434875488, -0.0, -0.0, 0.0, 0.0, 0.0] imu_ang_vel=[0.0, -0.28230369091033936, -0.9587672352790833] imu_quat_wxyz=[0.9891926050186157, -0.009050535969436169, 0.10745888203382492, 0.09934068471193314]
joint_pos=[8.279999732971191, -0.0, -0.0, 0.0, 0.0, 0.0] imu_ang_vel=[0.0, -0.28230369091033936, -0.9587672352790833] imu_quat_wxyz=[0.9891926050186157, -0.009050535969436169, 0.10745888203382492, 0.09934068471193314]
joint_pos=[8.315999984741211, -0.0, -0.0, 0.0, 0.0, 0.0] imu_ang_vel=[0.18216577172279358, -0.049003660678863525, -1.0695581436157227] imu_quat_wxyz=[0.993935227394104, -0.013699189759790897, 0.09250791370868683, 0.05785461515188217]
joint_pos=[8.387999534606934, -0.0, -0.0, 0.0, 0.0, 0.0] imu_ang_vel=[0.18216577172279358, -0.049003660678863525, -1.0695581436157227] imu_quat_wxyz=[0.993935227394104, -0.013699189759790897, 0.09250791370868683, 0.05785461515188217]
joint_pos=[8.423999786376953, -0.0, -0.0, 0.0, 0.0, 0.0] imu_ang_vel=[0.30041372776031494, 0.11611736565828323, -0.673267662525177] imu_quat_wxyz=[0.9961130023002625, -0.007240712642669678, 0.08341987431049347, 0.027342068031430244]
joint_pos=[8.460000038146973, -0.0, -0.0, 0.0, 0.0, 0.0] imu_ang_vel=[0.30041372776031494, 0.11611736565828323, -0.673267662525177] imu_quat_wxyz=[0.9961130023002625, -0.007240712642669678, 0.08341987431049347, 0.027342068031430244]
joint_pos=[8.567999839782715, -0.0, -0.0, 0.0, 0.0, 0.0] imu_ang_vel=[0.17364339530467987, 0.29402196407318115, -0.580586850643158] imu_quat_wxyz=[0.9967036247253418, 0.00253595900721848, 0.0810873880982399, -0.0004729742940980941]
joint_pos=[8.567999839782715, -0.0, -0.0, 0.0, 0.0, 0.0] imu_ang_vel=[0.17364339530467987, 0.29402196407318115, -0.580586850643158] imu_quat_wxyz=[0.9967036247253418, 0.00253595900721848, 0.0810873880982399, -0.0004729742940980941]
joint_pos=[8.567999839782715, -0.0, -0.0, 0.0, 0.0, 0.0] imu_ang_vel=[0.06178722158074379, 0.2812383770942688, 0.0] imu_quat_wxyz=[0.9960129857063293, 0.010636935010552406, 0.08723513036966324, -0.01532862801104784]
joint_pos=[8.640000343322754, -0.0, -0.0, 0.0, 0.0, 0.0] imu_ang_vel=[0.06178722158074379, 0.2812383770942688, 0.0] imu_quat_wxyz=[0.9960129857063293, 0.010636935010552406, 0.08723513036966324, -0.01532862801104784]
joint_pos=[8.711999893188477, -0.0, -0.0, 0.0, 0.0, 0.0] imu_ang_vel=[-0.027697719633579254, 0.06817900389432907, 0.49962425231933594] imu_quat_wxyz=[0.9951273798942566, 0.015069427900016308, 0.09500352293252945, -0.0216508861631155]
joint_pos=[8.711999893188477, -0.0, -0.0, 0.0, 0.0, 0.0] imu_ang_vel=[-0.027697719633579254, 0.06817900389432907, 0.49962425231933594] imu_quat_wxyz=[0.9951273798942566, 0.015069427900016308, 0.09500352293252945, -0.0216508861631155]
joint_pos=[8.7839994430542, -0.0, -0.0, 0.0, 0.0, 0.0] imu_ang_vel=[-0.13955390453338623, 0.049003660678863525, 0.164055734872818] imu_quat_wxyz=[0.9944521188735962, 0.01238772552460432, 0.1006036177277565, -0.0281118992716074]
joint_pos=[8.855999946594238, -0.0, -0.0, 0.0, 0.0, 0.0] imu_ang_vel=[-0.13955390453338623, 0.049003660678863525, 0.164055734872818] imu_quat_wxyz=[0.9944521188735962, 0.01238772552460432, 0.1006036177277565, -0.0281118992716074]
joint_pos=[8.892000198364258, -0.0, -0.0, 0.0, 0.0, 0.0] imu_ang_vel=[-0.10226850211620331, 0.010652969591319561, 0.20666760206222534] imu_quat_wxyz=[0.9942331314086914, 0.012558084912598133, 0.100396528840065, -0.035540975630283356]
joint_pos=[8.892000198364258, -0.0, -0.0, 0.0, 0.0, 0.0] imu_ang_vel=[-0.10226850211620331, 0.010652969591319561, 0.20666760206222534] imu_quat_wxyz=[0.9942331314086914, 0.012558084912598133, 0.100396528840065, -0.035540975630283356]
joint_pos=[9.0, -0.0, -0.0, 0.0, 0.0, 0.0] imu_ang_vel=[0.06498311460018158, 0.1459456831216812, 0.02982831373810768] imu_quat_wxyz=[0.994470477104187, 0.010910671204328537, 0.09373439848423004, -0.0460781492292881]
joint_pos=[9.107999801635742, -0.0, -0.0, 0.0, 0.0, 0.0] imu_ang_vel=[0.06498311460018158, 0.1459456831216812, 0.02982831373810768] imu_quat_wxyz=[0.994470477104187, 0.010910671204328537, 0.09373439848423004, -0.0460781492292881]
joint_pos=[9.107999801635742, -0.0, -0.0, 0.0, 0.0, 0.0] imu_ang_vel=[0.15553335845470428, 0.2599324584007263, -0.2109287977218628] imu_quat_wxyz=[0.9935231804847717, 0.01389611978083849, 0.09470900893211365, -0.061227742582559586]
joint_pos=[9.180000305175781, -0.0, -0.0, 0.0, 0.0, 0.0] imu_ang_vel=[0.15553335845470428, 0.2599324584007263, -0.2109287977218628] imu_quat_wxyz=[0.9935231804847717, 0.01389611978083849, 0.09470900893211365, -0.061227742582559586]
joint_pos=[9.324000358581543, -0.0, -0.0, 0.0, 0.0, 0.0] imu_ang_vel=[0.09907261282205582, 0.04793836176395416, -0.32385027408599854] imu_quat_wxyz=[0.9916664958000183, 0.017846250906586647, 0.09980389475822449, -0.07948753982782364]
joint_pos=[9.360000610351562, -0.0, -0.0, 0.0, 0.0, 0.0] imu_ang_vel=[0.09907261282205582, 0.04793836176395416, -0.32385027408599854] imu_quat_wxyz=[0.9916664958000183, 0.017846250906586647, 0.09980389475822449, -0.07948753982782364]
joint_pos=[9.395999908447266, -0.0, -0.0, 0.0, 0.0, 0.0] imu_ang_vel=[0.06178722158074379, 0.03195890784263611, -0.46766534447669983] imu_quat_wxyz=[0.989250898361206, 0.02133394218981266, 0.10610084235668182, -0.09833735227584839]
joint_pos=[9.576000213623047, -0.0, -0.0, 0.0, 0.0, 0.0] imu_ang_vel=[0.06178722158074379, 0.03195890784263611, -0.46766534447669983] imu_quat_wxyz=[0.989250898361206, 0.02133394218981266, 0.10610084235668182, -0.09833735227584839]
joint_pos=[9.576000213623047, -0.0, -0.0, 0.0, 0.0, 0.0] imu_ang_vel=[0.06178722158074379, -0.12463974207639694, -0.40800872445106506] imu_quat_wxyz=[0.9870237708091736, 0.022015534341335297, 0.1060163676738739, -0.11857494711875916]
joint_pos=[9.61199951171875, -0.0, -0.0, 0.0, 0.0, 0.0] imu_ang_vel=[0.06178722158074379, -0.12463974207639694, -0.40800872445106506] imu_quat_wxyz=[0.9870237708091736, 0.022015534341335297, 0.1060163676738739, -0.11857494711875916]
joint_pos=[9.756000518798828, -0.0, -0.0, 0.0, 0.0, 0.0] imu_ang_vel=[-0.04793836176395416, -0.2226470559835434, -0.5379749536514282] imu_quat_wxyz=[0.9848685264587402, 0.02208571508526802, 0.0998268648982048, -0.13993117213249207]
joint_pos=[9.82800006866455, -0.0, -0.0, 0.0, 0.0, 0.0] imu_ang_vel=[-0.04793836176395416, -0.2226470559835434, -0.5379749536514282] imu_quat_wxyz=[0.9848685264587402, 0.02208571508526802, 0.0998268648982048, -0.13993117213249207]
joint_pos=[9.82800006866455, -0.0, -0.0, 0.0, 0.0, 0.0] imu_ang_vel=[0.082027867436409, -0.03728539124131203, -0.363266259431839] imu_quat_wxyz=[0.9825791120529175, 0.02497982233762741, 0.09165974706411362, -0.15972675383090973]
joint_pos=[9.935999870300293, -0.0, -0.0, 0.0, 0.0, 0.0] imu_ang_vel=[0.082027867436409, -0.03728539124131203, -0.363266259431839] imu_quat_wxyz=[0.9825791120529175, 0.02497982233762741, 0.09165974706411362, -0.15972675383090973]
joint_pos=[10.043999671936035, -0.0, -0.0, 0.0, 0.0, 0.0] imu_ang_vel=[0.042611878365278244, -0.13635800778865814, -0.6231986880302429] imu_quat_wxyz=[0.9797778725624084, 0.02342701330780983, 0.08369085937738419, -0.18022821843624115]
joint_pos=[10.079999923706055, -0.0, -0.0, 0.0, 0.0, 0.0] imu_ang_vel=[0.042611878365278244, -0.13635800778865814, -0.6231986880302429] imu_quat_wxyz=[0.9797778725624084, 0.02342701330780983, 0.08369085937738419, -0.18022821843624115]
joint_pos=[10.152000427246094, -0.0, -0.0, 0.0, 0.0, 0.0] imu_ang_vel=[0.12144385278224945, 0.15979453921318054, -0.2599324584007263] imu_quat_wxyz=[0.9762877821922302, 0.02790907397866249, 0.08363059908151627, -0.1977097988128662]
joint_pos=[10.295999526977539, -0.0, -0.0, 0.0, 0.0, 0.0] imu_ang_vel=[0.12144385278224945, 0.15979453921318054, -0.2599324584007263] imu_quat_wxyz=[0.9762877821922302, 0.02790907397866249, 0.08363059908151627, -0.1977097988128662]
joint_pos=[10.331999778747559, -0.0, -0.0, 0.0, 0.0, 0.0] imu_ang_vel=[0.1842963695526123, 0.1374233067035675, -0.06391781568527222] imu_quat_wxyz=[0.9732241630554199, 0.03295965865254402, 0.08631864190101624, -0.21046976745128632]
joint_pos=[10.4399995803833, -0.0, -0.0, 0.0, 0.0, 0.0] imu_ang_vel=[0.1842963695526123, 0.1374233067035675, -0.06391781568527222] imu_quat_wxyz=[0.9732241630554199, 0.03295965865254402, 0.08631864190101624, -0.21046976745128632]
joint_pos=[10.54800033569336, -0.0, -0.0, 0.0, 0.0, 0.0] imu_ang_vel=[0.015979453921318054, 0.0, -0.07457078248262405] imu_quat_wxyz=[0.9703620672225952, 0.04070279002189636, 0.08900967240333557, -0.22094787657260895]
joint_pos=[10.584000587463379, -0.0, -0.0, 0.0, 0.0, 0.0] imu_ang_vel=[0.015979453921318054, 0.0, -0.07457078248262405] imu_quat_wxyz=[0.9703620672225952, 0.04070279002189636, 0.08900967240333557, -0.22094787657260895]
joint_pos=[10.692000389099121, -0.0, -0.0, 0.0, 0.0, 0.0] imu_ang_vel=[-0.049003660678863525, -0.02982831373810768, -0.028763016685843468] imu_quat_wxyz=[0.9675777554512024, 0.04621001332998276, 0.0907198041677475, -0.23114465177059174]
joint_pos=[10.835999488830566, -0.0, -0.0, 0.0, 0.0, 0.0] imu_ang_vel=[-0.049003660678863525, -0.02982831373810768, -0.028763016685843468] imu_quat_wxyz=[0.9675777554512024, 0.04621001332998276, 0.0907198041677475, -0.23114465177059174]
joint_pos=[10.835999488830566, -0.0, -0.0, 0.0, 0.0, 0.0] imu_ang_vel=[-0.03622009605169296, 0.07670138031244278, 0.04154657945036888] imu_quat_wxyz=[0.9648716449737549, 0.05043651908636093, 0.09240618348121643, -0.24070735275745392]
joint_pos=[10.907999992370605, -0.0, -0.0, 0.0, 0.0, 0.0] imu_ang_vel=[-0.03622009605169296, 0.07670138031244278, 0.04154657945036888] imu_quat_wxyz=[0.9648716449737549, 0.05043651908636093, 0.09240618348121643, -0.24070735275745392]
joint_pos=[11.052000045776367, -0.0, -0.0, 0.0, 0.0, 0.0] imu_ang_vel=[-0.11292147636413574, -0.07244019210338593, 0.13209682703018188] imu_quat_wxyz=[0.9625946879386902, 0.05168865621089935, 0.09314169734716415, -0.24912701547145844]
joint_pos=[11.088000297546387, -0.0, -0.0, 0.0, 0.0, 0.0] imu_ang_vel=[-0.11292147636413574, -0.07244019210338593, 0.13209682703018188] imu_quat_wxyz=[0.9625946879386902, 0.05168865621089935, 0.09314169734716415, -0.24912701547145844]
joint_pos=[11.12399959564209, -0.0, -0.0, 0.0, 0.0, 0.0] imu_ang_vel=[-0.02024064213037491, 0.0, 0.09055023640394211] imu_quat_wxyz=[0.9604016542434692, 0.05361779034137726, 0.09704718738794327, -0.25560808181762695]
joint_pos=[11.268000602722168, -0.0, -0.0, 0.0, 0.0, 0.0] imu_ang_vel=[-0.02024064213037491, 0.0, 0.09055023640394211] imu_quat_wxyz=[0.9604016542434692, 0.05361779034137726, 0.09704718738794327, -0.25560808181762695]
joint_pos=[11.303999900817871, -0.0, -0.0, 0.0, 0.0, 0.0] imu_ang_vel=[-0.10652969032526016, -0.18323107063770294, 0.06391781568527222] imu_quat_wxyz=[0.9584268927574158, 0.050427064299583435, 0.09666889160871506, -0.2636853754520416]
joint_pos=[11.303999900817871, -0.035999998450279236, -0.0, 0.0, 0.0, 0.0] imu_ang_vel=[-0.10652969032526016, -0.18323107063770294, 0.06391781568527222] imu_quat_wxyz=[0.9584268927574158, 0.050427064299583435, 0.09666889160871506, -0.2636853754520416]
joint_pos=[11.411999702453613, -0.035999998450279236, -0.0, 0.0, 0.0, 0.0] imu_ang_vel=[-0.23649592697620392, -0.5038854479789734, -0.18536166846752167] imu_quat_wxyz=[0.9570039510726929, 0.041011083871126175, 0.08933161944150925, -0.2729128301143646]
joint_pos=[11.411999702453613, -0.07199999690055847, -0.0, 0.0, 0.0, 0.0] imu_ang_vel=[-0.23649592697620392, -0.5038854479789734, -0.18536166846752167] imu_quat_wxyz=[0.9570039510726929, 0.041011083871126175, 0.08933161944150925, -0.2729128301143646]
joint_pos=[11.411999702453613, -0.18000000715255737, -0.0, 0.0, 0.0, 0.0] imu_ang_vel=[-0.18323107063770294, -0.45168590545654297, -0.16192513704299927] imu_quat_wxyz=[0.9553741216659546, 0.03164755925536156, 0.07703914493322372, -0.2834140658378601]
joint_pos=[11.44800090789795, -0.18000000715255737, -0.0, 0.0, 0.0, 0.0] imu_ang_vel=[-0.18323107063770294, -0.45168590545654297, -0.16192513704299927] imu_quat_wxyz=[0.9553741216659546, 0.03164755925536156, 0.07703914493322372, -0.2834140658378601]
joint_pos=[11.44800090789795, -0.18000000715255737, -0.0, 0.0, 0.0, 0.0] imu_ang_vel=[-0.12677033245563507, -0.3835068941116333, -0.40587812662124634] imu_quat_wxyz=[0.9528108239173889, 0.022194137796759605, 0.06346260011196136, -0.2960261404514313]
joint_pos=[11.44800090789795, -0.18000000715255737, -0.0, 0.0, 0.0, 0.0] imu_ang_vel=[-0.12677033245563507, -0.3835068941116333, -0.40587812662124634] imu_quat_wxyz=[0.9528108239173889, 0.022194137796759605, 0.06346260011196136, -0.2960261404514313]
joint_pos=[11.484000205993652, -0.18000000715255737, -0.0, 0.0, 0.0, 0.0] imu_ang_vel=[0.0, -0.2609977424144745, -0.15127216279506683] imu_quat_wxyz=[0.9506518244743347, 0.019932305440306664, 0.05235543102025986, -0.3051599860191345]
joint_pos=[11.484000205993652, -0.18000000715255737, -0.0, 0.0, 0.0, 0.0] imu_ang_vel=[0.0, -0.2609977424144745, -0.15127216279506683] imu_quat_wxyz=[0.9506518244743347, 0.019932305440306664, 0.05235543102025986, -0.3051599860191345]
joint_pos=[11.484000205993652, -0.18000000715255737, -0.0, 0.0, 0.0, 0.0] imu_ang_vel=[0.12677033245563507, 0.012783562764525414, 0.07883197069168091] imu_quat_wxyz=[0.9491351246833801, 0.024954792112112045, 0.047611694782972336, -0.3102464973926544]
joint_pos=[11.555999755859375, -0.18000000715255737, -0.0, 0.0, 0.0, 0.0] imu_ang_vel=[0.12677033245563507, 0.012783562764525414, 0.07883197069168091] imu_quat_wxyz=[0.9491351246833801, 0.024954792112112045, 0.047611694782972336, -0.3102464973926544]
joint_pos=[11.555999755859375, -0.18000000715255737, -0.0, 0.0, 0.0, 0.0] imu_ang_vel=[0.06924430280923843, 0.05326484516263008, 0.2812383770942688] imu_quat_wxyz=[0.9482275247573853, 0.03472691774368286, 0.047730010002851486, -0.3120584785938263]
joint_pos=[11.555999755859375, -0.18000000715255737, -0.0, 0.0, 0.0, 0.0] imu_ang_vel=[0.06924430280923843, 0.05326484516263008, 0.2812383770942688] imu_quat_wxyz=[0.9482275247573853, 0.03472691774368286, 0.047730010002851486, -0.3120584785938263]
joint_pos=[11.627999305725098, -0.18000000715255737, -0.0, 0.0, 0.0, 0.0] imu_ang_vel=[-0.015979453921318054, -0.03622009605169296, 0.3302420377731323] imu_quat_wxyz=[0.9483090043067932, 0.039823781698942184, 0.047647953033447266, -0.31121334433555603]
joint_pos=[11.699999809265137, -0.18000000715255737, -0.0, 0.0, 0.0, 0.0] imu_ang_vel=[-0.015979453921318054, -0.03622009605169296, 0.3302420377731323] imu_quat_wxyz=[0.9483090043067932, 0.039823781698942184, 0.047647953033447266, -0.31121334433555603]
joint_pos=[11.699999809265137, -0.18000000715255737, -0.0, 0.0, 0.0, 0.0] imu_ang_vel=[0.03835069015622139, 0.15127216279506683, 0.4005516469478607] imu_quat_wxyz=[0.9483166933059692, 0.04545903578400612, 0.05099143460392952, -0.3098849654197693]
joint_pos=[11.736000061035156, -0.18000000715255737, -0.0, 0.0, 0.0, 0.0] imu_ang_vel=[0.03835069015622139, 0.15127216279506683, 0.4005516469478607] imu_quat_wxyz=[0.9483166933059692, 0.04545903578400612, 0.05099143460392952, -0.3098849654197693]
joint_pos=[11.844000816345215, -0.18000000715255737, -0.0, 0.0, 0.0, 0.0] imu_ang_vel=[0.0, -0.08522375673055649, 0.35261330008506775] imu_quat_wxyz=[0.9485684037208557, 0.046741385012865067, 0.054316196590662, -0.3083552420139313]
joint_pos=[11.844000816345215, -0.18000000715255737, -0.0, 0.0, 0.0, 0.0] imu_ang_vel=[0.0, -0.08522375673055649, 0.35261330008506775] imu_quat_wxyz=[0.9485684037208557, 0.046741385012865067, 0.054316196590662, -0.3083552420139313]
joint_pos=[11.844000816345215, -0.18000000715255737, -0.0, 0.0, 0.0, 0.0] imu_ang_vel=[0.028763016685843468, -0.05965662747621536, -0.022371236234903336] imu_quat_wxyz=[0.9476845860481262, 0.046340107917785645, 0.055088289082050323, -0.3109850585460663]
joint_pos=[11.988000869750977, -0.18000000715255737, -0.0, 0.0, 0.0, 0.0] imu_ang_vel=[0.028763016685843468, -0.05965662747621536, -0.022371236234903336] imu_quat_wxyz=[0.9476845860481262, 0.046340107917785645, 0.055088289082050323, -0.3109850585460663]
joint_pos=[11.988000869750977, -0.18000000715255737, -0.0, 0.0, 0.0, 0.0] imu_ang_vel=[0.0351547971367836, 0.0, -0.11292147636413574] imu_quat_wxyz=[0.9463189244270325, 0.04662826657295227, 0.054290417581796646, -0.3152121901512146]
joint_pos=[11.988000869750977, -0.18000000715255737, -0.0, 0.0, 0.0, 0.0] imu_ang_vel=[0.0351547971367836, 0.0, -0.11292147636413574] imu_quat_wxyz=[0.9463189244270325, 0.04662826657295227, 0.054290417581796646, -0.3152121901512146]
joint_pos=[12.0600004196167, -0.18000000715255737, -0.0, 0.0, 0.0, 0.0] imu_ang_vel=[0.01811004802584648, -0.15872924029827118, -0.10226850211620331] imu_quat_wxyz=[0.9449517726898193, 0.04876057431101799, 0.05522536486387253, -0.31880834698677063]
joint_pos=[12.131999969482422, -0.14399999380111694, -0.0, 0.0, 0.0, 0.0] imu_ang_vel=[0.01811004802584648, -0.15872924029827118, -0.10226850211620331] imu_quat_wxyz=[0.9449517726898193, 0.04876057431101799, 0.05522536486387253, -0.31880834698677063]
joint_pos=[12.131999969482422, -0.18000000715255737, -0.0, 0.0, 0.0, 0.0] imu_ang_vel=[0.08735434710979462, -0.019175345078110695, -0.07670138031244278] imu_quat_wxyz=[0.9437851905822754, 0.05376714840531349, 0.05666763335466385, -0.32119688391685486]
joint_pos=[12.131999969482422, -0.18000000715255737, -0.0, 0.0, 0.0, 0.0] imu_ang_vel=[0.08735434710979462, -0.019175345078110695, -0.07670138031244278] imu_quat_wxyz=[0.9437851905822754, 0.05376714840531349, 0.05666763335466385, -0.32119688391685486]
joint_pos=[12.204000473022461, -0.14399999380111694, -0.0, 0.0, 0.0, 0.0] imu_ang_vel=[-0.02343653328716755, -0.1491415649652481, -0.3419603109359741] imu_quat_wxyz=[0.942694902420044, 0.05246124789118767, 0.055278677493333817, -0.32483595609664917]
joint_pos=[12.24000072479248, -0.18000000715255737, -0.0, 0.0, 0.0, 0.0] imu_ang_vel=[-0.02343653328716755, -0.1491415649652481, -0.3419603109359741] imu_quat_wxyz=[0.942694902420044, 0.05246124789118767, 0.055278677493333817, -0.32483595609664917]
joint_pos=[12.24000072479248, -0.18000000715255737, -0.0, 0.0, 0.0, 0.0] imu_ang_vel=[0.04367717355489731, -0.015979453921318054, -0.1289009302854538] imu_quat_wxyz=[0.9418091177940369, 0.0568411611020565, 0.055134475231170654, -0.3266877830028534]
joint_pos=[12.276000022888184, -0.18000000715255737, -0.0, 0.0, 0.0, 0.0] imu_ang_vel=[0.04367717355489731, -0.015979453921318054, -0.1289009302854538] imu_quat_wxyz=[0.9418091177940369, 0.0568411611020565, 0.055134475231170654, -0.3266877830028534]
joint_pos=[12.276000022888184, -0.18000000715255737, -0.0, 0.0, 0.0, 0.0] imu_ang_vel=[-0.06817900389432907, -0.13209682703018188, -0.08841964602470398] imu_quat_wxyz=[0.9412646293640137, 0.060898490250110626, 0.05656546354293823, -0.3272804617881775]
joint_pos=[12.276000022888184, -0.2160000056028366, -0.0, 0.0, 0.0, 0.0] imu_ang_vel=[-0.06817900389432907, -0.13209682703018188, -0.08841964602470398] imu_quat_wxyz=[0.9412646293640137, 0.060898490250110626, 0.05656546354293823, -0.3272804617881775]
joint_pos=[12.276000022888184, -0.25200000405311584, -0.0, 0.0, 0.0, 0.0] imu_ang_vel=[-0.04367717355489731, 0.0, -0.06711370497941971] imu_quat_wxyz=[0.9409149885177612, 0.06176896020770073, 0.05911163240671158, -0.32767271995544434]
joint_pos=[12.276000022888184, -0.2879999876022339, -0.0, 0.0, 0.0, 0.0] imu_ang_vel=[-0.04367717355489731, 0.0, -0.06711370497941971] imu_quat_wxyz=[0.9409149885177612, 0.06176896020770073, 0.05911163240671158, -0.32767271995544434]
joint_pos=[12.276000022888184, -0.3240000009536743, -0.0, 0.0, 0.0, 0.0] imu_ang_vel=[0.0, 0.025567125529050827, -0.12037855386734009] imu_quat_wxyz=[0.9404897093772888, 0.060080431401729584, 0.06019051373004913, -0.3290081322193146]
joint_pos=[12.276000022888184, -0.36000001430511475, -0.0, 0.0, 0.0, 0.0] imu_ang_vel=[0.0, 0.025567125529050827, -0.12037855386734009] imu_quat_wxyz=[0.9404897093772888, 0.060080431401729584, 0.06019051373004913, -0.3290081322193146]
joint_pos=[12.276000022888184, -0.4320000112056732, -0.0, 0.0, 0.0, 0.0] imu_ang_vel=[-0.024501830339431763, -0.04793836176395416, -0.21732057631015778] imu_quat_wxyz=[0.9396299123764038, 0.057844921946525574, 0.05859171971678734, -0.3321392834186554]
joint_pos=[12.276000022888184, -0.5040000081062317, -0.0, 0.0, 0.0, 0.0] imu_ang_vel=[-0.024501830339431763, -0.04793836176395416, -0.21732057631015778] imu_quat_wxyz=[0.9396299123764038, 0.057844921946525574, 0.05859171971678734, -0.3321392834186554]
joint_pos=[12.276000022888184, -0.5400000214576721, -0.0, 0.0, 0.0, 0.0] imu_ang_vel=[-0.08735434710979462, -0.05646073818206787, -0.2311694324016571] imu_quat_wxyz=[0.9380496740341187, 0.057599712163209915, 0.05925475433468819, -0.33650243282318115]
joint_pos=[12.24000072479248, -0.6119999885559082, -0.0, 0.0, 0.0, 0.0] imu_ang_vel=[-0.08735434710979462, -0.05646073818206787, -0.2311694324016571] imu_quat_wxyz=[0.9380496740341187, 0.057599712163209915, 0.05925475433468819, -0.33650243282318115]
joint_pos=[12.24000072479248, -0.6840000152587891, -0.0, 0.0, 0.0, 0.0] imu_ang_vel=[-0.09694202244281769, 0.0, -0.17470869421958923] imu_quat_wxyz=[0.936180055141449, 0.058744270354509354, 0.062379639595746994, -0.3409174084663391]
joint_pos=[12.24000072479248, -0.7559999823570251, -0.0, 0.0, 0.0, 0.0] imu_ang_vel=[-0.09694202244281769, 0.0, -0.17470869421958923] imu_quat_wxyz=[0.936180055141449, 0.058744270354509354, 0.062379639595746994, -0.3409174084663391]
joint_pos=[12.204000473022461, -0.7919999957084656, -0.0, 0.0, 0.0, 0.0] imu_ang_vel=[-0.11185617744922638, -0.11505206674337387, -0.12783563137054443] imu_quat_wxyz=[0.9348349571228027, 0.05710731819272041, 0.062325309962034225, -0.3448736369609833]
joint_pos=[12.204000473022461, -0.8999999761581421, -0.0, 0.0, 0.0, 0.0] imu_ang_vel=[-0.11185617744922638, -0.11505206674337387, -0.12783563137054443] imu_quat_wxyz=[0.9348349571228027, 0.05710731819272041, 0.062325309962034225, -0.3448736369609833]
joint_pos=[12.204000473022461, -0.9359999895095825, -0.0, 0.0, 0.0, 0.0] imu_ang_vel=[-0.09800732135772705, -0.07989726960659027, -0.09694202244281769] imu_quat_wxyz=[0.9336631894111633, 0.05417174473404884, 0.060072463005781174, -0.3488979637622833]
joint_pos=[12.167999267578125, -0.972000002861023, -0.0, 0.0, 0.0, 0.0] imu_ang_vel=[-0.09800732135772705, -0.07989726960659027, -0.09694202244281769] imu_quat_wxyz=[0.9336631894111633, 0.05417174473404884, 0.060072463005781174, -0.3488979637622833]
joint_pos=[12.167999267578125, -1.0440000295639038, -0.0, 0.0, 0.0, 0.0] imu_ang_vel=[-0.0703095942735672, -0.01811004802584648, -0.11185617744922638] imu_quat_wxyz=[0.932282567024231, 0.04943608120083809, 0.05678205564618111, -0.3538093864917755]
joint_pos=[12.167999267578125, -1.0800000429153442, -0.0, 0.0, 0.0, 0.0] imu_ang_vel=[-0.0703095942735672, -0.01811004802584648, -0.11185617744922638] imu_quat_wxyz=[0.932282567024231, 0.04943608120083809, 0.05678205564618111, -0.3538093864917755]
joint_pos=[12.0600004196167, -1.0800000429153442, -0.0, 0.0, 0.0, 0.0] imu_ang_vel=[0.0, 0.12463974207639694, -0.09481142461299896] imu_quat_wxyz=[0.9305934906005859, 0.04677044227719307, 0.05458709970116615, -0.35892677307128906]
joint_pos=[12.095999717712402, -1.1160000562667847, -0.0, 0.0, 0.0, 0.0] imu_ang_vel=[0.0, 0.12463974207639694, -0.09481142461299896] imu_quat_wxyz=[0.9305934906005859, 0.04677044227719307, 0.05458709970116615, -0.35892677307128906]
joint_pos=[12.095999717712402, -1.1519999504089355, -0.0, 0.0, 0.0, 0.0] imu_ang_vel=[-0.01491415686905384, 0.07670138031244278, -0.054330144077539444] imu_quat_wxyz=[0.9291786551475525, 0.045571859925985336, 0.0530129000544548, -0.36295998096466064]
joint_pos=[12.0600004196167, -1.1519999504089355, -0.0, 0.0, 0.0, 0.0] imu_ang_vel=[-0.01491415686905384, 0.07670138031244278, -0.054330144077539444] imu_quat_wxyz=[0.9291786551475525, 0.045571859925985336, 0.0530129000544548, -0.36295998096466064]
joint_pos=[12.0600004196167, -1.1519999504089355, -0.0, 0.0, 0.0, 0.0] imu_ang_vel=[-0.021305939182639122, 0.05965662747621536, 0.0] imu_quat_wxyz=[0.9281629920005798, 0.04648926109075546, 0.053895365446805954, -0.3653046488761902]
joint_pos=[12.0600004196167, -1.1519999504089355, -0.0, 0.0, 0.0, 0.0] imu_ang_vel=[-0.021305939182639122, 0.05965662747621536, 0.0] imu_quat_wxyz=[0.9281629920005798, 0.04648926109075546, 0.053895365446805954, -0.3653046488761902]
joint_pos=[12.0600004196167, -1.1519999504089355, -0.0, 0.0, 0.0, 0.0] imu_ang_vel=[0.0, 0.06285251677036285, -0.021305939182639122] imu_quat_wxyz=[0.9275141954421997, 0.046865757554769516, 0.05601596459746361, -0.36658307909965515]
joint_pos=[12.0600004196167, -1.1519999504089355, -0.0, 0.0, 0.0, 0.0] imu_ang_vel=[0.0, 0.06285251677036285, -0.021305939182639122] imu_quat_wxyz=[0.9275141954421997, 0.046865757554769516, 0.05601596459746361, -0.36658307909965515]
joint_pos=[12.0600004196167, -1.1519999504089355, -0.0, 0.0, 0.0, 0.0] imu_ang_vel=[-0.034089501947164536, 0.08309315890073776, -0.012783562764525414] imu_quat_wxyz=[0.9267569780349731, 0.049463048577308655, 0.059568390250205994, -0.3675955533981323]
joint_pos=[12.0600004196167, -1.1519999504089355, -0.0, 0.0, 0.0, 0.0] imu_ang_vel=[-0.034089501947164536, 0.08309315890073776, -0.012783562764525414] imu_quat_wxyz=[0.9267569780349731, 0.049463048577308655, 0.059568390250205994, -0.3675955533981323]
joint_pos=[12.0600004196167, -1.1519999504089355, -0.0, 0.0, 0.0, 0.0] imu_ang_vel=[-0.06498311460018158, 0.0, 0.0] imu_quat_wxyz=[0.9258613586425781, 0.05078621208667755, 0.06245614215731621, -0.3691893219947815]
joint_pos=[12.0600004196167, -1.1519999504089355, -0.0, 0.0, 0.0, 0.0] imu_ang_vel=[-0.06498311460018158, 0.0, 0.0] imu_quat_wxyz=[0.9258613586425781, 0.05078621208667755, 0.06245614215731621, -0.3691893219947815]
joint_pos=[12.0600004196167, -1.1519999504089355, -0.0, 0.0, 0.0, 0.0] imu_ang_vel=[-0.0937461331486702, 0.054330144077539444, -0.02982831373810768] imu_quat_wxyz=[0.9250656366348267, 0.05012505501508713, 0.06572894752025604, -0.37070298194885254]
joint_pos=[12.0600004196167, -1.1519999504089355, -0.0, 0.0, 0.0, 0.0] imu_ang_vel=[-0.0937461331486702, 0.054330144077539444, -0.02982831373810768] imu_quat_wxyz=[0.9250656366348267, 0.05012505501508713, 0.06572894752025604, -0.37070298194885254]
joint_pos=[12.0600004196167, -1.1519999504089355, -0.0, 0.0, 0.0, 0.0] imu_ang_vel=[-0.09800732135772705, -0.021305939182639122, -0.021305939182639122] imu_quat_wxyz=[0.9243758320808411, 0.0491669699549675, 0.06897085905075073, -0.3719610273838043]
joint_pos=[12.0600004196167, -1.1519999504089355, -0.0, 0.0, 0.0, 0.0] imu_ang_vel=[-0.09800732135772705, -0.021305939182639122, -0.021305939182639122] imu_quat_wxyz=[0.9243758320808411, 0.0491669699549675, 0.06897085905075073, -0.3719610273838043]
joint_pos=[12.0600004196167, -1.1519999504089355, -0.0, 0.0, 0.0, 0.0] imu_ang_vel=[-0.08096256852149963, -0.07563608139753342, -0.0468730665743351] imu_quat_wxyz=[0.9240533113479614, 0.04658343642950058, 0.06861864775419235, -0.37315818667411804]
joint_pos=[12.0600004196167, -1.1519999504089355, -0.0, 0.0, 0.0, 0.0] imu_ang_vel=[-0.08096256852149963, -0.07563608139753342, -0.0468730665743351] imu_quat_wxyz=[0.9240533113479614, 0.04658343642950058, 0.06861864775419235, -0.37315818667411804]
joint_pos=[12.0600004196167, -1.1160000562667847, -0.0, 0.0, 0.0, 0.0] imu_ang_vel=[-0.10120321065187454, -0.02024064213037491, -0.030893610790371895] imu_quat_wxyz=[0.9237320423126221, 0.04644884169101715, 0.06852316111326218, -0.3739868402481079]
joint_pos=[12.0600004196167, -1.1160000562667847, -0.0, 0.0, 0.0, 0.0] imu_ang_vel=[-0.10120321065187454, -0.02024064213037491, -0.030893610790371895] imu_quat_wxyz=[0.9237320423126221, 0.04644884169101715, 0.06852316111326218, -0.3739868402481079]
joint_pos=[12.0600004196167, -1.1160000562667847, -0.0, 0.0, 0.0, 0.0] imu_ang_vel=[-0.13529270887374878, -0.0351547971367836, 0.042611878365278244] imu_quat_wxyz=[0.9236047267913818, 0.046435579657554626, 0.07015872001647949, -0.37399956583976746]
joint_pos=[12.0600004196167, -1.1160000562667847, -0.0, 0.0, 0.0, 0.0] imu_ang_vel=[-0.13529270887374878, -0.0351547971367836, 0.042611878365278244] imu_quat_wxyz=[0.9236047267913818, 0.046435579657554626, 0.07015872001647949, -0.37399956583976746]
joint_pos=[12.0600004196167, -1.1160000562667847, -0.0, 0.0, 0.0, 0.0] imu_ang_vel=[-0.16299043595790863, -0.15127216279506683, 0.1054643988609314] imu_quat_wxyz=[0.9241358041763306, 0.042671412229537964, 0.0679045245051384, -0.37355202436447144]
joint_pos=[12.0600004196167, -1.1160000562667847, -0.0, 0.0, 0.0, 0.0] imu_ang_vel=[-0.16299043595790863, -0.15127216279506683, 0.1054643988609314] imu_quat_wxyz=[0.9241358041763306, 0.042671412229537964, 0.0679045245051384, -0.37355202436447144]
joint_pos=[12.0600004196167, -1.1160000562667847, -0.0, 0.0, 0.0, 0.0] imu_ang_vel=[-0.13529270887374878, -0.04474247246980667, 0.1842963695526123] imu_quat_wxyz=[0.9250721335411072, 0.03811925649642944, 0.06663812696933746, -0.3719514310359955]
joint_pos=[12.0600004196167, -1.1160000562667847, -0.0, 0.0, 0.0, 0.0] imu_ang_vel=[-0.13529270887374878, -0.04474247246980667, 0.1842963695526123] imu_quat_wxyz=[0.9250721335411072, 0.03811925649642944, 0.06663812696933746, -0.3719514310359955]
joint_pos=[12.0600004196167, -1.1160000562667847, -0.0, 0.0, 0.0, 0.0] imu_ang_vel=[-0.16618631780147552, -0.11505206674337387, 0.287630170583725] imu_quat_wxyz=[0.9269140362739563, 0.03572824224829674, 0.06506987661123276, -0.36785829067230225]
joint_pos=[12.204000473022461, -1.1160000562667847, -0.0, 0.0, 0.0, 0.0] imu_ang_vel=[-0.16618631780147552, -0.11505206674337387, 0.287630170583725] imu_quat_wxyz=[0.9269140362739563, 0.03572824224829674, 0.06506987661123276, -0.36785829067230225]
joint_pos=[12.24000072479248, -1.1160000562667847, -0.0, 0.0, 0.0, 0.0] imu_ang_vel=[0.8586293458938599, 1.731107473373413, 0.6690064668655396] imu_quat_wxyz=[0.9277153611183167, 0.0415533110499382, 0.06756184250116348, -0.3647642135620117]
joint_pos=[12.276000022888184, -1.1160000562667847, -0.0, 0.0, 0.0, 0.0] imu_ang_vel=[0.8586293458938599, 1.731107473373413, 0.6690064668655396] imu_quat_wxyz=[0.9277153611183167, 0.0415533110499382, 0.06756184250116348, -0.3647642135620117]
joint_pos=[12.312000274658203, -1.1160000562667847, -0.0, 0.0, 0.0, 0.0] imu_ang_vel=[0.03302420675754547, -0.01811004802584648, 0.345156192779541] imu_quat_wxyz=[0.9306280612945557, 0.05567231774330139, 0.07309433817863464, -0.3542444705963135]
joint_pos=[12.384000778198242, -1.1160000562667847, -0.0, 0.0, 0.0, 0.0] imu_ang_vel=[0.03302420675754547, -0.01811004802584648, 0.345156192779541] imu_quat_wxyz=[0.9306280612945557, 0.05567231774330139, 0.07309433817863464, -0.3542444705963135]
joint_pos=[12.456000328063965, -1.1160000562667847, -0.0, 0.0, 0.0, 0.0] imu_ang_vel=[-0.04048128426074982, 0.15020686388015747, 0.31745848059654236] imu_quat_wxyz=[0.9332579970359802, 0.06429897248744965, 0.0787506029009819, -0.3445192277431488]
joint_pos=[12.491999626159668, -1.1160000562667847, -0.0, 0.0, 0.0, 0.0] imu_ang_vel=[-0.04048128426074982, 0.15020686388015747, 0.31745848059654236] imu_quat_wxyz=[0.9332579970359802, 0.06429897248744965, 0.0787506029009819, -0.3445192277431488]
joint_pos=[12.56399917602539, -1.1160000562667847, -0.0, 0.0, 0.0, 0.0] imu_ang_vel=[-0.2141246795654297, -0.24075710773468018, 0.23330003023147583] imu_quat_wxyz=[0.936064600944519, 0.06663871556520462, 0.08454561978578568, -0.3349541425704956]
joint_pos=[12.56399917602539, -1.1160000562667847, -0.0, 0.0, 0.0, 0.0] imu_ang_vel=[-0.2141246795654297, -0.24075710773468018, 0.23330003023147583] imu_quat_wxyz=[0.936064600944519, 0.06663871556520462, 0.08454561978578568, -0.3349541425704956]
joint_pos=[12.600000381469727, -1.1160000562667847, -0.0, 0.0, 0.0, 0.0] imu_ang_vel=[-0.1608598381280899, -0.17151281237602234, 0.3068055212497711] imu_quat_wxyz=[0.9404689073562622, 0.06357281655073166, 0.08595746010541916, -0.3226267695426941]
joint_pos=[12.636000633239746, -1.1160000562667847, -0.0, 0.0, 0.0, 0.0] imu_ang_vel=[-0.1608598381280899, -0.17151281237602234, 0.3068055212497711] imu_quat_wxyz=[0.9404689073562622, 0.06357281655073166, 0.08595746010541916, -0.3226267695426941]
joint_pos=[12.67199993133545, -1.1160000562667847, -0.0, 0.0, 0.0, 0.0] imu_ang_vel=[-0.04793836176395416, 0.0, 0.19707992672920227] imu_quat_wxyz=[0.9444504976272583, 0.06363478302955627, 0.08616915345191956, -0.31070688366889954]
joint_pos=[12.743999481201172, -1.1160000562667847, -0.0, 0.0, 0.0, 0.0] imu_ang_vel=[-0.04793836176395416, 0.0, 0.19707992672920227] imu_quat_wxyz=[0.9444504976272583, 0.06363478302955627, 0.08616915345191956, -0.31070688366889954]
joint_pos=[12.780000686645508, -1.1160000562667847, -0.0, 0.0, 0.0, 0.0] imu_ang_vel=[-0.054330144077539444, -0.10972558706998825, 0.1257050335407257] imu_quat_wxyz=[0.9490869045257568, 0.06745138764381409, 0.08447340875864029, -0.29588624835014343]
joint_pos=[12.815999984741211, -1.1160000562667847, -0.0, 0.0, 0.0, 0.0] imu_ang_vel=[-0.054330144077539444, -0.10972558706998825, 0.1257050335407257] imu_quat_wxyz=[0.9490869045257568, 0.06745138764381409, 0.08447340875864029, -0.29588624835014343]
joint_pos=[12.85200023651123, -1.1160000562667847, -0.0, 0.0, 0.0, 0.0] imu_ang_vel=[-0.04048128426074982, -0.11611736565828323, -0.04474247246980667] imu_quat_wxyz=[0.9532715678215027, 0.0695112869143486, 0.08351649343967438, -0.28189775347709656]
joint_pos=[12.996000289916992, -1.1160000562667847, -0.0, 0.0, 0.0, 0.0] imu_ang_vel=[-0.04048128426074982, -0.11611736565828323, -0.04474247246980667] imu_quat_wxyz=[0.9532715678215027, 0.0695112869143486, 0.08351649343967438, -0.28189775347709656]
joint_pos=[12.996000289916992, -1.1160000562667847, -0.0, 0.0, 0.0, 0.0] imu_ang_vel=[0.0, 0.013848859816789627, -0.1459456831216812] imu_quat_wxyz=[0.9570268988609314, 0.07488661259412766, 0.08655989170074463, -0.26645591855049133]
joint_pos=[12.996000289916992, -1.1160000562667847, -0.0, 0.0, 0.0, 0.0] imu_ang_vel=[0.0, 0.013848859816789627, -0.1459456831216812] imu_quat_wxyz=[0.9570268988609314, 0.07488661259412766, 0.08655989170074463, -0.26645591855049133]
joint_pos=[13.139999389648438, -1.1160000562667847, -0.0, 0.0, 0.0, 0.0] imu_ang_vel=[-0.054330144077539444, -0.14701098203659058, -0.21518997848033905] imu_quat_wxyz=[0.9605401158332825, 0.08301937580108643, 0.08928603678941727, -0.24999681115150452]
joint_pos=[13.176000595092773, -1.1160000562667847, -0.0, 0.0, 0.0, 0.0] imu_ang_vel=[-0.054330144077539444, -0.14701098203659058, -0.21518997848033905] imu_quat_wxyz=[0.9605401158332825, 0.08301937580108643, 0.08928603678941727, -0.24999681115150452]
joint_pos=[13.176000595092773, -1.1160000562667847, -0.0, 0.0, 0.0, 0.0] imu_ang_vel=[0.0, -0.060721926391124725, -0.08948494493961334] imu_quat_wxyz=[0.9644966721534729, 0.09555365890264511, 0.09018904715776443, -0.22908829152584076]
joint_pos=[13.2839994430542, -1.1160000562667847, -0.0, 0.0, 0.0, 0.0] imu_ang_vel=[0.0, -0.060721926391124725, -0.08948494493961334] imu_quat_wxyz=[0.9644966721534729, 0.09555365890264511, 0.09018904715776443, -0.22908829152584076]
joint_pos=[13.2839994430542, -1.1160000562667847, -0.0, 0.0, 0.0, 0.0] imu_ang_vel=[-0.01811004802584648, -0.06817900389432907, -0.03728539124131203] imu_quat_wxyz=[0.9682754278182983, 0.10694674402475357, 0.0893375352025032, -0.2074216902256012]
joint_pos=[13.2839994430542, -1.1160000562667847, -0.0, 0.0, 0.0, 0.0] imu_ang_vel=[-0.01811004802584648, -0.06817900389432907, -0.03728539124131203] imu_quat_wxyz=[0.9682754278182983, 0.10694674402475357, 0.0893375352025032, -0.2074216902256012]
joint_pos=[13.355998992919922, -1.1160000562667847, -0.0, 0.0, 0.0, 0.0] imu_ang_vel=[-0.05646073818206787, -0.16299043595790863, 0.13103152811527252] imu_quat_wxyz=[0.9723179340362549, 0.11971060931682587, 0.09094738960266113, -0.1788732260465622]
joint_pos=[13.392000198364258, -1.1160000562667847, -0.0, 0.0, 0.0, 0.0] imu_ang_vel=[-0.05646073818206787, -0.16299043595790863, 0.13103152811527252] imu_quat_wxyz=[0.9723179340362549, 0.11971060931682587, 0.09094738960266113, -0.1788732260465622]
joint_pos=[13.355998992919922, -1.1160000562667847, -0.0, 0.0, 0.0, 0.0] imu_ang_vel=[-0.05539543926715851, -0.0585913322865963, 0.20240642130374908] imu_quat_wxyz=[0.9767265319824219, 0.1254281848669052, 0.08983207494020462, -0.14900708198547363]
joint_pos=[13.392000198364258, -1.1160000562667847, -0.0, 0.0, 0.0, 0.0] imu_ang_vel=[-0.05539543926715851, -0.0585913322865963, 0.20240642130374908] imu_quat_wxyz=[0.9767265319824219, 0.1254281848669052, 0.08983207494020462, -0.14900708198547363]
joint_pos=[13.392000198364258, -1.1160000562667847, -0.0, 0.0, 0.0, 0.0] imu_ang_vel=[-0.025567125529050827, 0.0, 0.4282493591308594] imu_quat_wxyz=[0.9809409976005554, 0.12902338802814484, 0.08874308317899704, -0.11503134667873383]
joint_pos=[13.355998992919922, -1.1160000562667847, -0.0, 0.0, 0.0, 0.0] imu_ang_vel=[-0.025567125529050827, 0.0, 0.4282493591308594] imu_quat_wxyz=[0.9809409976005554, 0.12902338802814484, 0.08874308317899704, -0.11503134667873383]
joint_pos=[13.392000198364258, -1.1160000562667847, -0.0, 0.0, 0.0, 0.0] imu_ang_vel=[0.05219954997301102, 0.13529270887374878, 0.5092119574546814] imu_quat_wxyz=[0.9845073819160461, 0.12863779067993164, 0.0871167704463005, -0.0812896266579628]
joint_pos=[13.392000198364258, -1.1160000562667847, -0.0, 0.0, 0.0, 0.0] imu_ang_vel=[0.05219954997301102, 0.13529270887374878, 0.5092119574546814] imu_quat_wxyz=[0.9845073819160461, 0.12863779067993164, 0.0871167704463005, -0.0812896266579628]
joint_pos=[13.355998992919922, -1.1160000562667847, -0.0, 0.0, 0.0, 0.0] imu_ang_vel=[0.06711370497941971, 0.15659864246845245, 0.5305178761482239] imu_quat_wxyz=[0.9867412447929382, 0.12801814079284668, 0.08752284944057465, -0.04788391292095184]
joint_pos=[13.392000198364258, -1.1160000562667847, -0.0, 0.0, 0.0, 0.0] imu_ang_vel=[0.06711370497941971, 0.15659864246845245, 0.5305178761482239] imu_quat_wxyz=[0.9867412447929382, 0.12801814079284668, 0.08752284944057465, -0.04788391292095184]
joint_pos=[13.392000198364258, -1.1160000562667847, -0.0, 0.0, 0.0, 0.0] imu_ang_vel=[-0.015979453921318054, -0.010652969591319561, 0.5518237948417664] imu_quat_wxyz=[0.9882631301879883, 0.1262774020433426, 0.08495119959115982, -0.01315800566226244]
joint_pos=[13.319999694824219, -1.1160000562667847, -0.0, 0.0, 0.0, 0.0] imu_ang_vel=[-0.015979453921318054, -0.010652969591319561, 0.5518237948417664] imu_quat_wxyz=[0.9882631301879883, 0.1262774020433426, 0.08495119959115982, -0.01315800566226244]
joint_pos=[13.355998992919922, -1.1160000562667847, -0.0, 0.0, 0.0, 0.0] imu_ang_vel=[0.04793836176395416, 0.3653968572616577, 0.060721926391124725] imu_quat_wxyz=[0.9884999990463257, 0.12145339697599411, 0.0880107432603836, 0.019260356202721596]
joint_pos=[13.355998992919922, -1.1160000562667847, -0.0, 0.0, 0.0, 0.0] imu_ang_vel=[0.04793836176395416, 0.3653968572616577, 0.060721926391124725] imu_quat_wxyz=[0.9884999990463257, 0.12145339697599411, 0.0880107432603836, 0.019260356202721596]
joint_pos=[13.319999694824219, -1.1160000562667847, -0.0, 0.0, 0.0, 0.0] imu_ang_vel=[0.015979453921318054, 0.17896988987922668, 0.7297284007072449] imu_quat_wxyz=[0.9853282570838928, 0.12380989640951157, 0.09779255837202072, 0.06508390605449677]
joint_pos=[13.319999694824219, -1.1160000562667847, -0.0, 0.0, 0.0, 0.0] imu_ang_vel=[0.015979453921318054, 0.17896988987922668, 0.7297284007072449] imu_quat_wxyz=[0.9853282570838928, 0.12380989640951157, 0.09779255837202072, 0.06508390605449677]
joint_pos=[13.2839994430542, -1.1160000562667847, -0.0, 0.0, 0.0, 0.0] imu_ang_vel=[-0.1289009302854538, 0.19388404488563538, -0.1139867752790451] imu_quat_wxyz=[0.9830465912818909, 0.11590682715177536, 0.0992349237203598, 0.1016731783747673]
joint_pos=[13.319999694824219, -1.1160000562667847, -0.0, 0.0, 0.0, 0.0] imu_ang_vel=[-0.1289009302854538, 0.19388404488563538, -0.1139867752790451] imu_quat_wxyz=[0.9830465912818909, 0.11590682715177536, 0.0992349237203598, 0.1016731783747673]
joint_pos=[13.2839994430542, -1.1160000562667847, -0.0, 0.0, 0.0, 0.0] imu_ang_vel=[-0.12250914424657822, -0.06604841351509094, 0.5614114999771118] imu_quat_wxyz=[0.9811911582946777, 0.10471492260694504, 0.09184310585260391, 0.13365423679351807]
joint_pos=[13.2839994430542, -1.1160000562667847, -0.0, 0.0, 0.0, 0.0] imu_ang_vel=[-0.12250914424657822, -0.06604841351509094, 0.5614114999771118] imu_quat_wxyz=[0.9811911582946777, 0.10471492260694504, 0.09184310585260391, 0.13365423679351807]
joint_pos=[13.2839994430542, -1.1160000562667847, -0.0, 0.0, 0.0, 0.0] imu_ang_vel=[-0.08522375673055649, -0.09161553531885147, 0.40587812662124634] imu_quat_wxyz=[0.976689338684082, 0.08931175619363785, 0.07702919095754623, 0.17935356497764587]
joint_pos=[13.2839994430542, -1.1160000562667847, -0.0, 0.0, 0.0, 0.0] imu_ang_vel=[-0.08522375673055649, -0.09161553531885147, 0.40587812662124634] imu_quat_wxyz=[0.976689338684082, 0.08931175619363785, 0.07702919095754623, 0.17935356497764587]
joint_pos=[13.319999694824219, -1.1160000562667847, -0.0, 0.0, 0.0, 0.0] imu_ang_vel=[0.10120321065187454, 0.19175344705581665, 0.1139867752790451] imu_quat_wxyz=[0.9709052443504333, 0.07959559559822083, 0.07193218916654587, 0.21408681571483612]
joint_pos=[13.319999694824219, -1.1160000562667847, -0.0, 0.0, 0.0, 0.0] imu_ang_vel=[0.10120321065187454, 0.19175344705581665, 0.1139867752790451] imu_quat_wxyz=[0.9709052443504333, 0.07959559559822083, 0.07193218916654587, 0.21408681571483612]
joint_pos=[13.355998992919922, -1.1160000562667847, -0.0, 0.0, 0.0, 0.0] imu_ang_vel=[0.11185617744922638, 0.1693822145462036, 0.08735434710979462] imu_quat_wxyz=[0.9637945294380188, 0.07520498335361481, 0.0785437822341919, 0.24346496164798737]
joint_pos=[13.428000450134277, -1.1160000562667847, -0.0, 0.0, 0.0, 0.0] imu_ang_vel=[0.11185617744922638, 0.1693822145462036, 0.08735434710979462] imu_quat_wxyz=[0.9637945294380188, 0.07520498335361481, 0.0785437822341919, 0.24346496164798737]
joint_pos=[13.428000450134277, -1.1160000562667847, -0.0, 0.0, 0.0, 0.0] imu_ang_vel=[0.09055023640394211, 0.19175344705581665, 0.0] imu_quat_wxyz=[0.9568557739257812, 0.06794850528240204, 0.08741337805986404, 0.26864299178123474]
joint_pos=[13.428000450134277, -1.1160000562667847, -0.0, 0.0, 0.0, 0.0] imu_ang_vel=[0.09055023640394211, 0.19175344705581665, 0.0] imu_quat_wxyz=[0.9568557739257812, 0.06794850528240204, 0.08741337805986404, 0.26864299178123474]
joint_pos=[13.572000503540039, -1.1160000562667847, -0.0, 0.0, 0.0, 0.0] imu_ang_vel=[0.08841964602470398, 0.1459456831216812, -0.12677033245563507] imu_quat_wxyz=[0.9508523941040039, 0.05668352171778679, 0.09590815007686615, 0.28890883922576904]
joint_pos=[13.572000503540039, -1.1160000562667847, -0.0, 0.0, 0.0, 0.0] imu_ang_vel=[0.08841964602470398, 0.1459456831216812, -0.12677033245563507] imu_quat_wxyz=[0.9508523941040039, 0.05668352171778679, 0.09590815007686615, 0.28890883922576904]
joint_pos=[13.572000503540039, -1.1160000562667847, -0.0, 0.0, 0.0, 0.0] imu_ang_vel=[0.10759498924016953, 0.05006895586848259, -0.18003518879413605] imu_quat_wxyz=[0.9453784823417664, 0.04733573645353317, 0.10356174409389496, 0.3054403066635132]
joint_pos=[13.607999801635742, -1.1160000562667847, -0.0, 0.0, 0.0, 0.0] imu_ang_vel=[0.10759498924016953, 0.05006895586848259, -0.18003518879413605] imu_quat_wxyz=[0.9453784823417664, 0.04733573645353317, 0.10356174409389496, 0.3054403066635132]
joint_pos=[13.679999351501465, -1.1160000562667847, -0.0, 0.0, 0.0, 0.0] imu_ang_vel=[0.0, -0.15553335845470428, -0.09268083423376083] imu_quat_wxyz=[0.9412037134170532, 0.043069444596767426, 0.1057049110531807, 0.31797343492507935]
joint_pos=[13.679999351501465, -1.1160000562667847, -0.0, 0.0, 0.0, 0.0] imu_ang_vel=[0.0, -0.15553335845470428, -0.09268083423376083] imu_quat_wxyz=[0.9412037134170532, 0.043069444596767426, 0.1057049110531807, 0.31797343492507935]
joint_pos=[13.679999351501465, -1.1519999504089355, -0.0, 0.0, 0.0, 0.0] imu_ang_vel=[-0.034089501947164536, -0.2663242220878601, -0.01811004802584648] imu_quat_wxyz=[0.9376838803291321, 0.038898542523384094, 0.09879118204116821, 0.3308716416358948]
joint_pos=[13.7160005569458, -1.1519999504089355, -0.0, 0.0, 0.0, 0.0] imu_ang_vel=[-0.034089501947164536, -0.2663242220878601, -0.01811004802584648] imu_quat_wxyz=[0.9376838803291321, 0.038898542523384094, 0.09879118204116821, 0.3308716416358948]
joint_pos=[13.7160005569458, -1.1519999504089355, -0.0, 0.0, 0.0, 0.0] imu_ang_vel=[0.06604841351509094, -0.034089501947164536, -0.44316351413726807] imu_quat_wxyz=[0.9356914758682251, 0.03202972561120987, 0.09208200126886368, 0.3390815854072571]
joint_pos=[13.7160005569458, -1.1519999504089355, -0.0, 0.0, 0.0, 0.0] imu_ang_vel=[0.06604841351509094, -0.034089501947164536, -0.44316351413726807] imu_quat_wxyz=[0.9356914758682251, 0.03202972561120987, 0.09208200126886368, 0.3390815854072571]
joint_pos=[13.7160005569458, -1.1519999504089355, -0.0, 0.0, 0.0, 0.0] imu_ang_vel=[0.051134251058101654, -0.09694202244281769, -0.21732057631015778] imu_quat_wxyz=[0.931604266166687, 0.03146812692284584, 0.09273358434438705, 0.3500339984893799]
joint_pos=[13.751999855041504, -1.187999963760376, -0.0, 0.0, 0.0, 0.0] imu_ang_vel=[0.051134251058101654, -0.09694202244281769, -0.21732057631015778] imu_quat_wxyz=[0.931604266166687, 0.03146812692284584, 0.09273358434438705, 0.3500339984893799]
joint_pos=[13.751999855041504, -1.187999963760376, -0.0, 0.0, 0.0, 0.0] imu_ang_vel=[0.0468730665743351, 0.039415985345840454, 0.1608598381280899] imu_quat_wxyz=[0.9293508529663086, 0.03294458985328674, 0.0943109393119812, 0.35542523860931396]
joint_pos=[13.751999855041504, -1.187999963760376, -0.0, 0.0, 0.0, 0.0] imu_ang_vel=[0.0468730665743351, 0.039415985345840454, 0.1608598381280899] imu_quat_wxyz=[0.9293508529663086, 0.03294458985328674, 0.0943109393119812, 0.35542523860931396]
joint_pos=[13.751999855041504, -1.2599999904632568, -0.0, 0.0, 0.0, 0.0] imu_ang_vel=[-0.01491415686905384, 0.07776667922735214, 0.25567126274108887] imu_quat_wxyz=[0.9238324165344238, 0.030887482687830925, 0.09583033621311188, 0.36931857466697693]
joint_pos=[13.788000106811523, -1.2960000038146973, -0.0, 0.0, 0.0, 0.0] imu_ang_vel=[-0.01491415686905384, 0.07776667922735214, 0.25567126274108887] imu_quat_wxyz=[0.9238324165344238, 0.030887482687830925, 0.09583033621311188, 0.36931857466697693]
joint_pos=[13.788000106811523, -1.3320000171661377, -0.0, 0.0, 0.0, 0.0] imu_ang_vel=[-0.025567125529050827, 0.20453700423240662, 0.09694202244281769] imu_quat_wxyz=[0.9191517233848572, 0.024564417079091072, 0.09847678989171982, 0.38060349225997925]
joint_pos=[13.788000106811523, -1.3680000305175781, -0.0, 0.0, 0.0, 0.0] imu_ang_vel=[-0.025567125529050827, 0.20453700423240662, 0.09694202244281769] imu_quat_wxyz=[0.9191517233848572, 0.024564417079091072, 0.09847678989171982, 0.38060349225997925]
joint_pos=[13.824000358581543, -1.5480000972747803, -0.0, 0.0, 0.0, 0.0] imu_ang_vel=[0.0, 0.02343653328716755, 0.025567125529050827] imu_quat_wxyz=[0.9159806966781616, 0.01483591366559267, 0.09956172108650208, 0.38838991522789]
joint_pos=[13.859999656677246, -1.619999885559082, -0.0, 0.0, 0.0, 0.0] imu_ang_vel=[0.0, 0.02343653328716755, 0.025567125529050827] imu_quat_wxyz=[0.9159806966781616, 0.01483591366559267, 0.09956172108650208, 0.38838991522789]
joint_pos=[13.859999656677246, -1.619999885559082, -0.0, 0.0, 0.0, 0.0] imu_ang_vel=[0.060721926391124725, -0.0468730665743351, 0.0] imu_quat_wxyz=[0.9136121869087219, 0.008932077325880527, 0.09977546334266663, 0.3940529525279999]
joint_pos=[13.859999656677246, -1.7999999523162842, -0.0, 0.0, 0.0, 0.0] imu_ang_vel=[0.060721926391124725, -0.0468730665743351, 0.0] imu_quat_wxyz=[0.9136121869087219, 0.008932077325880527, 0.09977546334266663, 0.3940529525279999]
joint_pos=[13.932000160217285, -1.9079999923706055, -0.0, 0.0, 0.0, 0.0] imu_ang_vel=[0.05539543926715851, -0.1693822145462036, 0.0] imu_quat_wxyz=[0.9113438129425049, 0.007397771812975407, 0.0989295169711113, 0.3995130956172943]
joint_pos=[13.968000411987305, -1.9079999923706055, -0.0, 0.0, 0.0, 0.0] imu_ang_vel=[0.05539543926715851, -0.1693822145462036, 0.0] imu_quat_wxyz=[0.9113438129425049, 0.007397771812975407, 0.0989295169711113, 0.3995130956172943]
joint_pos=[13.968000411987305, -2.0880000591278076, -0.0, 0.0, 0.0, 0.0] imu_ang_vel=[0.0937461331486702, -0.021305939182639122, -0.039415985345840454] imu_quat_wxyz=[0.9091092944145203, 0.007553106173872948, 0.10059600323438644, 0.4041578769683838]
joint_pos=[14.003999710083008, -2.19599986076355, -0.0, 0.0, 0.0, 0.0] imu_ang_vel=[0.0937461331486702, -0.021305939182639122, -0.039415985345840454] imu_quat_wxyz=[0.9091092944145203, 0.007553106173872948, 0.10059600323438644, 0.4041578769683838]
joint_pos=[14.003999710083008, -2.19599986076355, -0.0, 0.0, 0.0, 0.0] imu_ang_vel=[0.021305939182639122, -0.10013791173696518, -0.06498311460018158] imu_quat_wxyz=[0.9075084924697876, 0.006573460530489683, 0.10114102810621262, 0.4076218008995056]
joint_pos=[14.039999961853027, -2.3400001525878906, -0.0, 0.0, 0.0, 0.0] imu_ang_vel=[0.021305939182639122, -0.10013791173696518, -0.06498311460018158] imu_quat_wxyz=[0.9075084924697876, 0.006573460530489683, 0.10114102810621262, 0.4076218008995056]
joint_pos=[14.039999961853027, -2.555999994277954, -0.0, 0.0, 0.0, 0.0] imu_ang_vel=[0.0, -0.057526033371686935, -0.02982831373810768] imu_quat_wxyz=[0.9058733582496643, 0.005286417901515961, 0.10167939960956573, 0.41112861037254333]
joint_pos=[14.039999961853027, -2.628000020980835, -0.0, 0.0, 0.0, 0.0] imu_ang_vel=[0.0, -0.057526033371686935, -0.02982831373810768] imu_quat_wxyz=[0.9058733582496643, 0.005286417901515961, 0.10167939960956573, 0.41112861037254333]
joint_pos=[14.039999961853027, -2.7720000743865967, -0.0, 0.0, 0.0, 0.0] imu_ang_vel=[0.0, -0.07670138031244278, -0.03835069015622139] imu_quat_wxyz=[0.9048538208007812, 0.0029156492091715336, 0.09935486316680908, 0.41395601630210876]
joint_pos=[14.039999961853027, -3.06000018119812, -0.0, 0.0, 0.0, 0.0] imu_ang_vel=[0.0, -0.07670138031244278, -0.03835069015622139] imu_quat_wxyz=[0.9048538208007812, 0.0029156492091715336, 0.09935486316680908, 0.41395601630210876]
joint_pos=[14.039999961853027, -3.2039999961853027, -0.0, 0.0, 0.0, 0.0] imu_ang_vel=[0.0, -0.1054643988609314, -0.013848859816789627] imu_quat_wxyz=[0.9040666818618774, 0.0018280044896528125, 0.09757592529058456, 0.41609978675842285]
joint_pos=[14.039999961853027, -3.239999771118164, -0.0, 0.0, 0.0, 0.0] imu_ang_vel=[0.0, -0.1054643988609314, -0.013848859816789627] imu_quat_wxyz=[0.9040666818618774, 0.0018280044896528125, 0.09757592529058456, 0.41609978675842285]
joint_pos=[14.039999961853027, -3.563999891281128, -0.0, 0.0, 0.0, 0.0] imu_ang_vel=[0.0, -0.10120321065187454, -0.010652969591319561] imu_quat_wxyz=[0.9038012623786926, 0.0009169404511339962, 0.09439117461442947, 0.4174119830131531]
joint_pos=[14.039999961853027, -3.9600000381469727, -0.0, 0.0, 0.0, 0.0] imu_ang_vel=[0.0, -0.10120321065187454, -0.010652969591319561] imu_quat_wxyz=[0.9038012623786926, 0.0009169404511339962, 0.09439117461442947, 0.4174119830131531]
joint_pos=[14.039999961853027, -4.3919997215271, -0.0, 0.0, 0.0, 0.0] imu_ang_vel=[0.024501830339431763, -0.039415985345840454, -0.08735434710979462] imu_quat_wxyz=[0.9030333161354065, -0.0005302414647303522, 0.09246429055929184, 0.41950055956840515]
joint_pos=[14.039999961853027, -4.788000106811523, -0.0, 0.0, 0.0, 0.0] imu_ang_vel=[0.024501830339431763, -0.039415985345840454, -0.08735434710979462] imu_quat_wxyz=[0.9030333161354065, -0.0005302414647303522, 0.09246429055929184, 0.41950055956840515]
joint_pos=[14.039999961853027, -4.9679999351501465, -0.0, 0.0, 0.0, 0.0] imu_ang_vel=[0.025567125529050827, -0.012783562764525414, -0.08415845781564713] imu_quat_wxyz=[0.9019656777381897, -0.001235546893440187, 0.09213157743215561, 0.4218626618385315]
joint_pos=[14.039999961853027, -4.9679999351501465, -0.0, 0.0, 0.0, 0.0] imu_ang_vel=[0.025567125529050827, -0.012783562764525414, -0.08415845781564713] imu_quat_wxyz=[0.9019656777381897, -0.001235546893440187, 0.09213157743215561, 0.4218626618385315]
joint_pos=[14.039999961853027, -5.184000015258789, -0.0, 0.0, 0.0, 0.0] imu_ang_vel=[0.022371236234903336, 0.0, -0.054330144077539444] imu_quat_wxyz=[0.9010505080223083, -0.0007331511587835848, 0.0902608260512352, 0.42421746253967285]
joint_pos=[14.039999961853027, -5.363999843597412, -0.0, 0.0, 0.0, 0.0] imu_ang_vel=[0.022371236234903336, 0.0, -0.054330144077539444] imu_quat_wxyz=[0.9010505080223083, -0.0007331511587835848, 0.0902608260512352, 0.42421746253967285]
joint_pos=[14.039999961853027, -5.400000095367432, -0.0, 0.0, 0.0, 0.0] imu_ang_vel=[0.0, 0.05539543926715851, 0.06711370497941971] imu_quat_wxyz=[0.8991047143936157, 0.0002750246785581112, 0.09175437688827515, 0.4280090928077698]
joint_pos=[14.039999961853027, -5.507999897003174, -0.0, 0.0, 0.0, 0.0] imu_ang_vel=[0.0, 0.05539543926715851, 0.06711370497941971] imu_quat_wxyz=[0.8991047143936157, 0.0002750246785581112, 0.09175437688827515, 0.4280090928077698]
joint_pos=[14.039999961853027, -5.6519999504089355, -0.0, 0.0, 0.0, 0.0] imu_ang_vel=[0.011718266643583775, 0.10226850211620331, 0.10013791173696518] imu_quat_wxyz=[0.8971689939498901, -0.00027603848138824105, 0.090804323554039, 0.4322524964809418]
joint_pos=[14.039999961853027, -5.687999725341797, -0.0, 0.0, 0.0, 0.0] imu_ang_vel=[0.011718266643583775, 0.10226850211620331, 0.10013791173696518] imu_quat_wxyz=[0.8971689939498901, -0.00027603848138824105, 0.090804323554039, 0.4322524964809418]
joint_pos=[14.039999961853027, -5.760000228881836, -0.0, 0.0, 0.0, 0.0] imu_ang_vel=[-0.010652969591319561, 0.12463974207639694, 0.1257050335407257] imu_quat_wxyz=[0.8948341012001038, -0.0026209880597889423, 0.0935201644897461, 0.4364849030971527]
joint_pos=[14.039999961853027, -5.9039998054504395, -0.0, 0.0, 0.0, 0.0] imu_ang_vel=[-0.010652969591319561, 0.12463974207639694, 0.1257050335407257] imu_quat_wxyz=[0.8948341012001038, -0.0026209880597889423, 0.0935201644897461, 0.4364849030971527]
joint_pos=[14.07599925994873, -5.940000057220459, -0.0, 0.0, 0.0, 0.0] imu_ang_vel=[-0.011718266643583775, 0.11185617744922638, 0.12250914424657822] imu_quat_wxyz=[0.8926745653152466, -0.005894127301871777, 0.09713560342788696, 0.4400705099105835]
joint_pos=[14.07599925994873, -5.97599983215332, -0.0, 0.0, 0.0, 0.0] imu_ang_vel=[-0.011718266643583775, 0.11185617744922638, 0.12250914424657822] imu_quat_wxyz=[0.8926745653152466, -0.005894127301871777, 0.09713560342788696, 0.4400705099105835]
joint_pos=[14.07599925994873, -6.047999858856201, -0.0, 0.0, 0.0, 0.0] imu_ang_vel=[0.0, 0.045807767659425735, 0.060721926391124725] imu_quat_wxyz=[0.8914989233016968, -0.00877672340720892, 0.10025795549154282, 0.4417022168636322]
joint_pos=[14.112000465393066, -6.0839996337890625, -0.0, 0.0, 0.0, 0.0] imu_ang_vel=[0.0, 0.045807767659425735, 0.060721926391124725] imu_quat_wxyz=[0.8914989233016968, -0.00877672340720892, 0.10025795549154282, 0.4417022168636322]
joint_pos=[14.14799976348877, -6.0839996337890625, -0.0, 0.0, 0.0, 0.0] imu_ang_vel=[0.0, -0.01491415686905384, 0.0] imu_quat_wxyz=[0.8907384872436523, -0.011370646767318249, 0.1032964438199997, 0.442476361989975]
joint_pos=[14.14799976348877, -6.156000137329102, -0.0, 0.0, 0.0, 0.0] imu_ang_vel=[0.0, -0.01491415686905384, 0.0] imu_quat_wxyz=[0.8907384872436523, -0.011370646767318249, 0.1032964438199997, 0.442476361989975]
joint_pos=[14.184000015258789, -6.156000137329102, -0.0, 0.0, 0.0, 0.0] imu_ang_vel=[0.0, 0.022371236234903336, -0.045807767659425735] imu_quat_wxyz=[0.8903205990791321, -0.012290269136428833, 0.10463391244411469, 0.4429783821105957]
joint_pos=[14.220000267028809, -6.156000137329102, -0.0, 0.0, 0.0, 0.0] imu_ang_vel=[0.0, 0.022371236234903336, -0.045807767659425735] imu_quat_wxyz=[0.8903205990791321, -0.012290269136428833, 0.10463391244411469, 0.4429783821105957]
joint_pos=[14.184000015258789, -6.192000389099121, -0.0, 0.0, 0.0, 0.0] imu_ang_vel=[-0.03835069015622139, -0.0585913322865963, -0.03728539124131203] imu_quat_wxyz=[0.8894354104995728, -0.012830737046897411, 0.1055363118648529, 0.4445244073867798]
joint_pos=[14.255999565124512, -6.228000164031982, -0.0, 0.0, 0.0, 0.0] imu_ang_vel=[-0.03835069015622139, -0.0585913322865963, -0.03728539124131203] imu_quat_wxyz=[0.8894354104995728, -0.012830737046897411, 0.1055363118648529, 0.4445244073867798]
joint_pos=[14.255999565124512, -6.228000164031982, -0.0, 0.0, 0.0, 0.0] imu_ang_vel=[-0.017044750973582268, -0.09694202244281769, -0.07457078248262405] imu_quat_wxyz=[0.8892857432365417, -0.012952149845659733, 0.10159124433994293, 0.44573795795440674]
joint_pos=[14.220000267028809, -6.228000164031982, -0.0, 0.0, 0.0, 0.0] imu_ang_vel=[-0.017044750973582268, -0.09694202244281769, -0.07457078248262405] imu_quat_wxyz=[0.8892857432365417, -0.012952149845659733, 0.10159124433994293, 0.44573795795440674]
joint_pos=[14.292000770568848, -6.228000164031982, -0.0, 0.0, 0.0, 0.0] imu_ang_vel=[-0.010652969591319561, -0.042611878365278244, -0.0468730665743351] imu_quat_wxyz=[0.8894037008285522, -0.012464465573430061, 0.09759028255939484, 0.44640976190567017]
joint_pos=[14.292000770568848, -6.228000164031982, -0.0, 0.0, 0.0, 0.0] imu_ang_vel=[-0.010652969591319561, -0.042611878365278244, -0.0468730665743351] imu_quat_wxyz=[0.8894037008285522, -0.012464465573430061, 0.09759028255939484, 0.44640976190567017]
joint_pos=[14.292000770568848, -6.228000164031982, -0.0, 0.0, 0.0, 0.0] imu_ang_vel=[-0.024501830339431763, 0.04048128426074982, 0.05219954997301102] imu_quat_wxyz=[0.8882460594177246, -0.01155866589397192, 0.09840931743383408, 0.44855424761772156]
joint_pos=[14.32800006866455, -6.228000164031982, -0.0, 0.0, 0.0, 0.0] imu_ang_vel=[-0.024501830339431763, 0.04048128426074982, 0.05219954997301102] imu_quat_wxyz=[0.8882460594177246, -0.01155866589397192, 0.09840931743383408, 0.44855424761772156]
joint_pos=[14.399999618530273, -6.228000164031982, -0.0, 0.0, 0.0, 0.0] imu_ang_vel=[0.0, 0.0, 0.1257050335407257] imu_quat_wxyz=[0.8860883712768555, -0.012917001731693745, 0.10188392549753189, 0.45199573040008545]
joint_pos=[14.399999618530273, -6.228000164031982, -0.0, 0.0, 0.0, 0.0] imu_ang_vel=[0.0, 0.0, 0.1257050335407257] imu_quat_wxyz=[0.8860883712768555, -0.012917001731693745, 0.10188392549753189, 0.45199573040008545]
joint_pos=[14.399999618530273, -6.228000164031982, -0.0, 0.0, 0.0, 0.0] imu_ang_vel=[-0.051134251058101654, -0.07350549101829529, 0.0351547971367836] imu_quat_wxyz=[0.8860883712768555, -0.012917001731693745, 0.10188392549753189, 0.45199573040008545]
joint_pos=[14.435999870300293, -6.228000164031982, -0.0, 0.0, 0.0, 0.0] imu_ang_vel=[-0.051134251058101654, -0.07350549101829529, 0.0351547971367836] imu_quat_wxyz=[0.8845254778862, -0.014177730306982994, 0.1002807766199112, 0.4553651511669159]
joint_pos=[14.471999168395996, -6.228000164031982, -0.0, 0.0, 0.0, 0.0] imu_ang_vel=[-0.01491415686905384, -0.015979453921318054, 0.010652969591319561] imu_quat_wxyz=[0.8845254778862, -0.014177730306982994, 0.1002807766199112, 0.4553651511669159]
joint_pos=[14.471999168395996, -6.228000164031982, -0.0, 0.0, 0.0, 0.0] imu_ang_vel=[-0.01491415686905384, -0.015979453921318054, 0.010652969591319561] imu_quat_wxyz=[0.8844577670097351, -0.015110163949429989, 0.09709587693214417, 0.45615625381469727]
joint_pos=[14.543999671936035, -6.228000164031982, -0.0, 0.0, 0.0, 0.0] imu_ang_vel=[0.02343653328716755, 0.039415985345840454, -0.04474247246980667] imu_quat_wxyz=[0.8844577670097351, -0.015110163949429989, 0.09709587693214417, 0.45615625381469727]
joint_pos=[14.543999671936035, -6.228000164031982, -0.0, 0.0, 0.0, 0.0] imu_ang_vel=[0.02343653328716755, 0.039415985345840454, -0.04474247246980667] imu_quat_wxyz=[0.8844557404518127, -0.01621066965162754, 0.09474628418684006, 0.456616073846817]
joint_pos=[14.579999923706055, -6.228000164031982, -0.0, 0.0, 0.0, 0.0] imu_ang_vel=[0.07563608139753342, 0.13955390453338623, 0.0] imu_quat_wxyz=[0.8844557404518127, -0.01621066965162754, 0.09474628418684006, 0.456616073846817]
joint_pos=[14.688000679016113, -6.228000164031982, -0.0, 0.0, 0.0, 0.0] imu_ang_vel=[0.07563608139753342, 0.13955390453338623, 0.0] imu_quat_wxyz=[0.8841285109519958, -0.016503212973475456, 0.09907835721969604, 0.4563198387622833]
joint_pos=[14.688000679016113, -6.228000164031982, -0.0, 0.0, 0.0, 0.0] imu_ang_vel=[0.07563608139753342, 0.11824796348810196, 0.10013791173696518] imu_quat_wxyz=[0.8841285109519958, -0.016503212973475456, 0.09907835721969604, 0.4563198387622833]
joint_pos=[14.723999977111816, -6.228000164031982, -0.0, 0.0, 0.0, 0.0] imu_ang_vel=[0.07563608139753342, 0.11824796348810196, 0.10013791173696518] imu_quat_wxyz=[0.8828762173652649, -0.016439560800790787, 0.10544253140687943, 0.4573194682598114]
joint_pos=[14.868000030517578, -6.228000164031982, -0.0, 0.0, 0.0, 0.0] imu_ang_vel=[0.057526033371686935, 0.03195890784263611, -0.01491415686905384] imu_quat_wxyz=[0.8828762173652649, -0.016439560800790787, 0.10544253140687943, 0.4573194682598114]
joint_pos=[14.868000030517578, -6.228000164031982, -0.0, 0.0, 0.0, 0.0] imu_ang_vel=[0.057526033371686935, 0.03195890784263611, -0.01491415686905384] imu_quat_wxyz=[0.8839018940925598, -0.017720218747854233, 0.10633791238069534, 0.45507755875587463]
joint_pos=[14.904000282287598, -6.228000164031982, -0.0, 0.0, 0.0, 0.0] imu_ang_vel=[0.07137489318847656, 0.0, -0.03728539124131203] imu_quat_wxyz=[0.8839018940925598, -0.017720218747854233, 0.10633791238069534, 0.45507755875587463]
joint_pos=[15.012001037597656, -6.228000164031982, -0.0, 0.0, 0.0, 0.0] imu_ang_vel=[0.07137489318847656, 0.0, -0.03728539124131203] imu_quat_wxyz=[0.8854507803916931, -0.01893164962530136, 0.10745146125555038, 0.4517439305782318]
joint_pos=[15.084000587463379, -6.228000164031982, -0.0, 0.0, 0.0, 0.0] imu_ang_vel=[0.15979453921318054, 0.11185617744922638, 0.08948494493961334] imu_quat_wxyz=[0.8854507803916931, -0.01893164962530136, 0.10745146125555038, 0.4517439305782318]
joint_pos=[15.084000587463379, -6.228000164031982, -0.0, 0.0, 0.0, 0.0] imu_ang_vel=[0.15979453921318054, 0.11185617744922638, 0.08948494493961334] imu_quat_wxyz=[0.8865736722946167, -0.0185135155916214, 0.11026643216609955, 0.4488714635372162]
joint_pos=[15.156000137329102, -6.228000164031982, -0.0, 0.0, 0.0, 0.0] imu_ang_vel=[0.11931325495243073, -0.022371236234903336, 0.01491415686905384] imu_quat_wxyz=[0.8865736722946167, -0.0185135155916214, 0.11026643216609955, 0.4488714635372162]
joint_pos=[15.263999938964844, -6.228000164031982, -0.0, 0.0, 0.0, 0.0] imu_ang_vel=[0.11931325495243073, -0.022371236234903336, 0.01491415686905384] imu_quat_wxyz=[0.888070285320282, -0.016227560117840767, 0.11330296099185944, 0.4452305734157562]
joint_pos=[15.263999938964844, -6.228000164031982, -0.0, 0.0, 0.0, 0.0] imu_ang_vel=[0.19494934380054474, 0.0, 0.0] imu_quat_wxyz=[0.888070285320282, -0.016227560117840767, 0.11330296099185944, 0.4452305734157562]
joint_pos=[15.300000190734863, -6.228000164031982, -0.0, 0.0, 0.0, 0.0] imu_ang_vel=[0.19494934380054474, 0.0, 0.0] imu_quat_wxyz=[0.8885667324066162, -0.013213399797677994, 0.11841853708028793, 0.443002849817276]
joint_pos=[15.408000946044922, -6.228000164031982, -0.0, 0.0, 0.0, 0.0] imu_ang_vel=[0.18323107063770294, -0.0585913322865963, 0.3685927391052246] imu_quat_wxyz=[0.8885667324066162, -0.013213399797677994, 0.11841853708028793, 0.443002849817276]
joint_pos=[15.444000244140625, -6.228000164031982, -0.0, 0.0, 0.0, 0.0] imu_ang_vel=[0.18323107063770294, -0.0585913322865963, 0.3685927391052246] imu_quat_wxyz=[0.8882920145988464, -0.007862218655645847, 0.12193344533443451, 0.4427274167537689]
joint_pos=[15.444000244140625, -6.228000164031982, -0.0, 0.0, 0.0, 0.0] imu_ang_vel=[0.18962284922599792, -0.21518997848033905, 0.33237263560295105] imu_quat_wxyz=[0.8882920145988464, -0.007862218655645847, 0.12193344533443451, 0.4427274167537689]
joint_pos=[15.552000045776367, -6.228000164031982, -0.0, 0.0, 0.0, 0.0] imu_ang_vel=[0.18962284922599792, -0.21518997848033905, 0.33237263560295105] imu_quat_wxyz=[0.8878256678581238, -0.0039890422485768795, 0.12076559662818909, 0.4440329968929291]
joint_pos=[15.552000045776367, -6.228000164031982, -0.0, 0.0, 0.0, 0.0] imu_ang_vel=[0.3046749234199524, -0.13422740995883942, 0.30254432559013367] imu_quat_wxyz=[0.8878256678581238, -0.0039890422485768795, 0.12076559662818909, 0.4440329968929291]
joint_pos=[15.58799934387207, -6.228000164031982, -0.0, 0.0, 0.0, 0.0] imu_ang_vel=[0.3046749234199524, -0.13422740995883942, 0.30254432559013367] imu_quat_wxyz=[0.8889614343643188, 0.002129393396899104, 0.11796683818101883, 0.44252321124076843]
joint_pos=[15.696000099182129, -6.228000164031982, -0.0, 0.0, 0.0, 0.0] imu_ang_vel=[0.34728679060935974, -0.12144385278224945, 0.31106671690940857] imu_quat_wxyz=[0.8889614343643188, 0.002129393396899104, 0.11796683818101883, 0.44252321124076843]
joint_pos=[15.696000099182129, -6.228000164031982, -0.0, 0.0, 0.0, 0.0] imu_ang_vel=[0.34728679060935974, -0.12144385278224945, 0.31106671690940857] imu_quat_wxyz=[0.8898985385894775, 0.010362307541072369, 0.11659657955169678, 0.44088369607925415]
joint_pos=[15.731999397277832, -6.228000164031982, -0.0, 0.0, 0.0, 0.0] imu_ang_vel=[0.31426259875297546, -0.2109287977218628, 0.3195890784263611] imu_quat_wxyz=[0.8898985385894775, 0.010362307541072369, 0.11659657955169678, 0.44088369607925415]
joint_pos=[15.84000015258789, -6.228000164031982, -0.0, 0.0, 0.0, 0.0] imu_ang_vel=[0.31426259875297546, -0.2109287977218628, 0.3195890784263611] imu_quat_wxyz=[0.8901414275169373, 0.02227490209043026, 0.11651133000850677, 0.4399740993976593]
joint_pos=[15.87600040435791, -6.228000164031982, -0.0, 0.0, 0.0, 0.0] imu_ang_vel=[0.34728679060935974, -0.049003660678863525, 0.26738953590393066] imu_quat_wxyz=[0.8901414275169373, 0.02227490209043026, 0.11651133000850677, 0.4399740993976593]
joint_pos=[15.911999702453613, -6.228000164031982, -0.0, 0.0, 0.0, 0.0] imu_ang_vel=[0.34728679060935974, -0.049003660678863525, 0.26738953590393066] imu_quat_wxyz=[0.8908144235610962, 0.03366724029183388, 0.11615701019763947, 0.4379769265651703]
joint_pos=[16.020000457763672, -6.228000164031982, -0.0, 0.0, 0.0, 0.0] imu_ang_vel=[0.22051647305488586, -0.1874922662973404, 0.17470869421958923] imu_quat_wxyz=[0.8908144235610962, 0.03366724029183388, 0.11615701019763947, 0.4379769265651703]
joint_pos=[16.09200096130371, -6.228000164031982, -0.0, 0.0, 0.0, 0.0] imu_ang_vel=[0.22051647305488586, -0.1874922662973404, 0.17470869421958923] imu_quat_wxyz=[0.8925386667251587, 0.043996911495923996, 0.11289838701486588, 0.4343879520893097]
joint_pos=[16.128000259399414, -6.228000164031982, -0.0, 0.0, 0.0, 0.0] imu_ang_vel=[0.22051647305488586, -0.1874922662973404, 0.17470869421958923] imu_quat_wxyz=[0.8925386667251587, 0.043996911495923996, 0.11289838701486588, 0.4343879520893097]
joint_pos=[16.272001266479492, -6.228000164031982, -0.0, 0.0, 0.0, 0.0] imu_ang_vel=[0.17470869421958923, -0.12463974207639694, 0.1289009302854538] imu_quat_wxyz=[0.8948255777359009, 0.05116761475801468, 0.11228836327791214, 0.4290224313735962]
joint_pos=[16.308000564575195, -6.228000164031982, -0.0, 0.0, 0.0, 0.0] imu_ang_vel=[0.17470869421958923, -0.12463974207639694, 0.1289009302854538] imu_quat_wxyz=[0.8948255777359009, 0.05116761475801468, 0.11228836327791214, 0.4290224313735962]
joint_pos=[16.416000366210938, -6.228000164031982, -0.0, 0.0, 0.0, 0.0] imu_ang_vel=[0.13422740995883942, -0.02663242258131504, 0.08628904819488525] imu_quat_wxyz=[0.8977488875389099, 0.05605132505297661, 0.1124715656042099, 0.422203004360199]
joint_pos=[16.52400016784668, -6.228000164031982, -0.0, 0.0, 0.0, 0.0] imu_ang_vel=[0.13422740995883942, -0.02663242258131504, 0.08628904819488525] imu_quat_wxyz=[0.8977488875389099, 0.05605132505297661, 0.1124715656042099, 0.422203004360199]
joint_pos=[16.559999465942383, -6.228000164031982, -0.0, 0.0, 0.0, 0.0] imu_ang_vel=[0.10226850211620331, 0.05965662747621536, 0.07244019210338593] imu_quat_wxyz=[0.9017415046691895, 0.05671590566635132, 0.11514756828546524, 0.4127791225910187]
joint_pos=[16.668001174926758, -6.228000164031982, -0.0, 0.0, 0.0, 0.0] imu_ang_vel=[0.10226850211620331, 0.05965662747621536, 0.07244019210338593] imu_quat_wxyz=[0.9017415046691895, 0.05671590566635132, 0.11514756828546524, 0.4127791225910187]
joint_pos=[16.812000274658203, -6.228000164031982, -0.0, 0.0, 0.0, 0.0] imu_ang_vel=[0.042611878365278244, 0.045807767659425735, 0.02024064213037491] imu_quat_wxyz=[0.9070689082145691, 0.05314286798238754, 0.11734560877084732, 0.4007889926433563]
joint_pos=[16.847999572753906, -6.228000164031982, -0.0, 0.0, 0.0, 0.0] imu_ang_vel=[0.042611878365278244, 0.045807767659425735, 0.02024064213037491] imu_quat_wxyz=[0.9070689082145691, 0.05314286798238754, 0.11734560877084732, 0.4007889926433563]
joint_pos=[16.920000076293945, -6.228000164031982, -0.0, 0.0, 0.0, 0.0] imu_ang_vel=[0.0, 0.10013791173696518, -0.011718266643583775] imu_quat_wxyz=[0.912585437297821, 0.04730217903852463, 0.12250219285488129, 0.38722550868988037]
joint_pos=[17.064001083374023, -6.228000164031982, -0.0, 0.0, 0.0, 0.0] imu_ang_vel=[-0.054330144077539444, -0.0585913322865963, 0.09055023640394211] imu_quat_wxyz=[0.912585437297821, 0.04730217903852463, 0.12250219285488129, 0.38722550868988037]
joint_pos=[17.13599967956543, -6.228000164031982, -0.0, 0.0, 0.0, 0.0] imu_ang_vel=[-0.054330144077539444, -0.0585913322865963, 0.09055023640394211] imu_quat_wxyz=[0.917202353477478, 0.0433717779815197, 0.12446589022874832, 0.37598809599876404]
joint_pos=[17.13599967956543, -6.228000164031982, -0.0, 0.0, 0.0, 0.0] imu_ang_vel=[-0.054330144077539444, -0.0585913322865963, 0.09055023640394211] imu_quat_wxyz=[0.917202353477478, 0.0433717779815197, 0.12446589022874832, 0.37598809599876404]
joint_pos=[17.280000686645508, -6.228000164031982, -0.0, 0.0, 0.0, 0.0] imu_ang_vel=[0.06604841351509094, -0.3888333737850189, 0.47299185395240784] imu_quat_wxyz=[0.9205325245857239, 0.039601925760507584, 0.12106199562549591, 0.3693177103996277]
joint_pos=[17.38800048828125, -6.228000164031982, -0.0, 0.0, 0.0, 0.0] imu_ang_vel=[0.06604841351509094, -0.3888333737850189, 0.47299185395240784] imu_quat_wxyz=[0.9205325245857239, 0.039601925760507584, 0.12106199562549591, 0.3693177103996277]
joint_pos=[17.38800048828125, -6.228000164031982, -0.0, 0.0, 0.0, 0.0] imu_ang_vel=[-0.2343653291463852, -0.03835069015622139, 0.2929566502571106] imu_quat_wxyz=[0.9233514070510864, 0.029488231986761093, 0.11979208141565323, 0.3635963797569275]
joint_pos=[17.496000289916992, -6.228000164031982, -0.0, 0.0, 0.0, 0.0] imu_ang_vel=[-0.2343653291463852, -0.03835069015622139, 0.2929566502571106] imu_quat_wxyz=[0.9233514070510864, 0.029488231986761093, 0.11979208141565323, 0.3635963797569275]
joint_pos=[17.639999389648438, -6.228000164031982, -0.0, 0.0, 0.0, 0.0] imu_ang_vel=[0.07244019210338593, -0.252475380897522, -0.9353306889533997] imu_quat_wxyz=[0.9336119294166565, 0.019722117111086845, 0.1152113750576973, 0.33868277072906494]
joint_pos=[17.676000595092773, -6.228000164031982, -0.0, 0.0, 0.0, 0.0] imu_ang_vel=[0.07244019210338593, -0.252475380897522, -0.9353306889533997] imu_quat_wxyz=[0.9336119294166565, 0.019722117111086845, 0.1152113750576973, 0.33868277072906494]
joint_pos=[17.711999893188477, -6.228000164031982, -0.0, 0.0, 0.0, 0.0] imu_ang_vel=[0.0, -0.057526033371686935, 0.019175345078110695] imu_quat_wxyz=[0.9415985941886902, 0.02226610668003559, 0.11530163139104843, 0.3155973553657532]
joint_pos=[17.856000900268555, -6.228000164031982, -0.0, 0.0, 0.0, 0.0] imu_ang_vel=[0.0, -0.057526033371686935, 0.019175345078110695] imu_quat_wxyz=[0.9415985941886902, 0.02226610668003559, 0.11530163139104843, 0.3155973553657532]
joint_pos=[17.892000198364258, -6.263999938964844, -0.0, 0.0, 0.0, 0.0] imu_ang_vel=[0.01491415686905384, -0.11824796348810196, -0.20347172021865845] imu_quat_wxyz=[0.9475147724151611, 0.02060404047369957, 0.11025740206241608, 0.29939004778862]
joint_pos=[17.892000198364258, -6.263999938964844, -0.0, 0.0, 0.0, 0.0] imu_ang_vel=[0.01491415686905384, -0.11824796348810196, -0.20347172021865845] imu_quat_wxyz=[0.9475147724151611, 0.02060404047369957, 0.11025740206241608, 0.29939004778862]
joint_pos=[18.0, -6.263999938964844, -0.0, 0.0, 0.0, 0.0] imu_ang_vel=[-0.01811004802584648, -0.13529270887374878, -0.4122699201107025] imu_quat_wxyz=[0.953055202960968, 0.02166968584060669, 0.10900342464447021, 0.2816635072231293]
joint_pos=[18.107999801635742, -6.335999965667725, -0.0, 0.0, 0.0, 0.0] imu_ang_vel=[-0.01811004802584648, -0.13529270887374878, -0.4122699201107025] imu_quat_wxyz=[0.953055202960968, 0.02166968584060669, 0.10900342464447021, 0.2816635072231293]
joint_pos=[18.107999801635742, -6.335999965667725, -0.0, 0.0, 0.0, 0.0] imu_ang_vel=[-0.010652969591319561, -0.05965662747621536, -0.09907261282205582] imu_quat_wxyz=[0.958949625492096, 0.026850907132029533, 0.10417531430721283, 0.26237753033638]
joint_pos=[18.143999099731445, -6.371999740600586, -0.0, 0.0, 0.0, 0.0] imu_ang_vel=[-0.010652969591319561, -0.05965662747621536, -0.09907261282205582] imu_quat_wxyz=[0.958949625492096, 0.026850907132029533, 0.10417531430721283, 0.26237753033638]
joint_pos=[18.25200080871582, -6.479999542236328, -0.0, 0.0, 0.0, 0.0] imu_ang_vel=[-0.0468730665743351, 0.03195890784263611, -0.13529270887374878] imu_quat_wxyz=[0.963590681552887, 0.027250081300735474, 0.0977955013513565, 0.24735873937606812]
joint_pos=[18.25200080871582, -6.479999542236328, -0.0, 0.0, 0.0, 0.0] imu_ang_vel=[-0.0468730665743351, 0.03195890784263611, -0.13529270887374878] imu_quat_wxyz=[0.963590681552887, 0.027250081300735474, 0.0977955013513565, 0.24735873937606812]
joint_pos=[18.25200080871582, -6.552000045776367, -0.0, 0.0, 0.0, 0.0] imu_ang_vel=[-0.017044750973582268, 0.0, 0.10759498924016953] imu_quat_wxyz=[0.9669123888015747, 0.026742873713374138, 0.09605574607849121, 0.23481562733650208]
joint_pos=[18.32400131225586, -6.624000072479248, -0.0, 0.0, 0.0, 0.0] imu_ang_vel=[-0.017044750973582268, 0.0, 0.10759498924016953] imu_quat_wxyz=[0.9669123888015747, 0.026742873713374138, 0.09605574607849121, 0.23481562733650208]
joint_pos=[18.395999908447266, -6.624000072479248, -0.0, 0.0, 0.0, 0.0] imu_ang_vel=[-0.07244019210338593, -0.17151281237602234, -0.09161553531885147] imu_quat_wxyz=[0.9706419706344604, 0.025087961927056313, 0.09164584428071976, 0.22096575796604156]
joint_pos=[18.395999908447266, -6.696000099182129, -0.0, 0.0, 0.0, 0.0] imu_ang_vel=[-0.07244019210338593, -0.17151281237602234, -0.09161553531885147] imu_quat_wxyz=[0.9706419706344604, 0.025087961927056313, 0.09164584428071976, 0.22096575796604156]
joint_pos=[18.43199920654297, -6.803999900817871, -0.0, 0.0, 0.0, 0.0] imu_ang_vel=[-0.05646073818206787, 0.0, -0.39096397161483765] imu_quat_wxyz=[0.9742380380630493, 0.024604594334959984, 0.08918718993663788, 0.20567062497138977]
joint_pos=[18.468000411987305, -6.803999900817871, -0.0, 0.0, 0.0, 0.0] imu_ang_vel=[-0.05646073818206787, 0.0, -0.39096397161483765] imu_quat_wxyz=[0.9742380380630493, 0.024604594334959984, 0.08918718993663788, 0.20567062497138977]
joint_pos=[18.503999710083008, -6.839999675750732, -0.0, 0.0, 0.0, 0.0] imu_ang_vel=[-0.03195890784263611, 0.010652969591319561, -0.26206305623054504] imu_quat_wxyz=[0.9775679707527161, 0.02647819183766842, 0.08753115683794022, 0.18973127007484436]
joint_pos=[18.503999710083008, -6.875999927520752, -0.0, 0.0, 0.0, 0.0] imu_ang_vel=[-0.03195890784263611, 0.010652969591319561, -0.26206305623054504] imu_quat_wxyz=[0.9775679707527161, 0.02647819183766842, 0.08753115683794022, 0.18973127007484436]
joint_pos=[18.540000915527344, -6.875999927520752, -0.0, 0.0, 0.0, 0.0] imu_ang_vel=[-0.049003660678863525, 0.08735434710979462, -0.27910780906677246] imu_quat_wxyz=[0.9807313084602356, 0.028784336522221565, 0.08732939511537552, 0.17236879467964172]
joint_pos=[18.576000213623047, -6.875999927520752, -0.0, 0.0, 0.0, 0.0] imu_ang_vel=[-0.049003660678863525, 0.08735434710979462, -0.27910780906677246] imu_quat_wxyz=[0.9807313084602356, 0.028784336522221565, 0.08732939511537552, 0.17236879467964172]
joint_pos=[18.576000213623047, -6.875999927520752, -0.0, 0.0, 0.0, 0.0] imu_ang_vel=[-0.14168448746204376, -0.08522375673055649, 0.03728539124131203] imu_quat_wxyz=[0.9825661182403564, 0.030411159619688988, 0.08589132875204086, 0.16205425560474396]
joint_pos=[18.61199951171875, -6.839999675750732, -0.0, 0.0, 0.0, 0.0] imu_ang_vel=[-0.14168448746204376, -0.08522375673055649, 0.03728539124131203] imu_quat_wxyz=[0.9825661182403564, 0.030411159619688988, 0.08589132875204086, 0.16205425560474396]
joint_pos=[18.648000717163086, -6.839999675750732, -0.0, 0.0, 0.0, 0.0] imu_ang_vel=[-0.18536166846752167, -0.06178722158074379, 0.0] imu_quat_wxyz=[0.9847133159637451, 0.02824537269771099, 0.08171846717596054, 0.15120829641819]
joint_pos=[18.648000717163086, -6.839999675750732, -0.0, 0.0, 0.0, 0.0] imu_ang_vel=[-0.18536166846752167, -0.06178722158074379, 0.0] imu_quat_wxyz=[0.9847133159637451, 0.02824537269771099, 0.08171846717596054, 0.15120829641819]
joint_pos=[18.68400001525879, -6.839999675750732, -0.0, 0.0, 0.0, 0.0] imu_ang_vel=[-0.19814522564411163, -0.17044751346111298, 0.1608598381280899] imu_quat_wxyz=[0.9858620166778564, 0.026564061641693115, 0.07930344343185425, 0.14519397914409637]
joint_pos=[18.68400001525879, -6.839999675750732, -0.0, 0.0, 0.0, 0.0] imu_ang_vel=[-0.19814522564411163, -0.17044751346111298, 0.1608598381280899] imu_quat_wxyz=[0.9858620166778564, 0.026564061641693115, 0.07930344343185425, 0.14519397914409637]
joint_pos=[18.720001220703125, -6.839999675750732, -0.0, 0.0, 0.0, 0.0] imu_ang_vel=[-0.21199409663677216, -0.2226470559835434, -0.2982831299304962] imu_quat_wxyz=[0.9876888990402222, 0.020924169570207596, 0.07299518585205078, 0.1367640197277069]
joint_pos=[18.720001220703125, -6.839999675750732, -0.0, 0.0, 0.0, 0.0] imu_ang_vel=[-0.21199409663677216, -0.2226470559835434, -0.2982831299304962] imu_quat_wxyz=[0.9876888990402222, 0.020924169570207596, 0.07299518585205078, 0.1367640197277069]
joint_pos=[18.720001220703125, -6.839999675750732, -0.0, 0.0, 0.0, 0.0] imu_ang_vel=[-0.17151281237602234, -0.24821418523788452, 0.4772530198097229] imu_quat_wxyz=[0.9884315133094788, 0.024823028594255447, 0.06482905894517899, 0.13484852015972137]
joint_pos=[18.756000518798828, -6.839999675750732, -0.0, 0.0, 0.0, 0.0] imu_ang_vel=[-0.17151281237602234, -0.24821418523788452, 0.4772530198097229] imu_quat_wxyz=[0.9884315133094788, 0.024823028594255447, 0.06482905894517899, 0.13484852015972137]
joint_pos=[18.756000518798828, -6.839999675750732, -0.0, 0.0, 0.0, 0.0] imu_ang_vel=[-0.22903883457183838, -0.39948636293411255, 0.3898986876010895] imu_quat_wxyz=[0.9882879257202148, 0.028379973024129868, 0.05675682798027992, 0.1387813240289688]
joint_pos=[18.756000518798828, -6.839999675750732, -0.0, 0.0, 0.0, 0.0] imu_ang_vel=[-0.22903883457183838, -0.39948636293411255, 0.3898986876010895] imu_quat_wxyz=[0.9882879257202148, 0.028379973024129868, 0.05675682798027992, 0.1387813240289688]
joint_pos=[18.756000518798828, -6.839999675750732, -0.0, 0.0, 0.0, 0.0] imu_ang_vel=[-0.18536166846752167, -0.2865648865699768, 0.501754879951477] imu_quat_wxyz=[0.9873663783073425, 0.031284987926483154, 0.04803880676627159, 0.14771905541419983]
joint_pos=[18.79199981689453, -6.839999675750732, -0.0, 0.0, 0.0, 0.0] imu_ang_vel=[-0.18536166846752167, -0.2865648865699768, 0.501754879951477] imu_quat_wxyz=[0.9873663783073425, 0.031284987926483154, 0.04803880676627159, 0.14771905541419983]
joint_pos=[18.79199981689453, -6.803999900817871, -0.0, 0.0, 0.0, 0.0] imu_ang_vel=[-0.15979453921318054, -0.16512101888656616, 0.5070813298225403] imu_quat_wxyz=[0.9863629341125488, 0.03359394893050194, 0.040025919675827026, 0.15606850385665894]
joint_pos=[18.827999114990234, -6.803999900817871, -0.0, 0.0, 0.0, 0.0] imu_ang_vel=[-0.15979453921318054, -0.16512101888656616, 0.5070813298225403] imu_quat_wxyz=[0.9863629341125488, 0.03359394893050194, 0.040025919675827026, 0.15606850385665894]
joint_pos=[18.86400032043457, -6.803999900817871, -0.0, 0.0, 0.0, 0.0] imu_ang_vel=[-0.04474247246980667, 0.30254432559013367, 0.4037475287914276] imu_quat_wxyz=[0.9856250882148743, 0.033899109810590744, 0.034696996212005615, 0.16183336079120636]
joint_pos=[18.899999618530273, -6.73199987411499, -0.0, 0.0, 0.0, 0.0] imu_ang_vel=[-0.04474247246980667, 0.30254432559013367, 0.4037475287914276] imu_quat_wxyz=[0.9856250882148743, 0.033899109810590744, 0.034696996212005615, 0.16183336079120636]
joint_pos=[18.972000122070312, -6.73199987411499, -0.0, 0.0, 0.0, 0.0] imu_ang_vel=[-0.01491415686905384, 0.345156192779541, 0.5656726956367493] imu_quat_wxyz=[0.9845520853996277, 0.0337134413421154, 0.0433635413646698, 0.1662534773349762]
joint_pos=[19.007999420166016, -6.73199987411499, -0.0, 0.0, 0.0, 0.0] imu_ang_vel=[-0.01491415686905384, 0.345156192779541, 0.5656726956367493] imu_quat_wxyz=[0.9845520853996277, 0.0337134413421154, 0.0433635413646698, 0.1662534773349762]
joint_pos=[19.04400062561035, -6.659999847412109, -0.0, 0.0, 0.0, 0.0] imu_ang_vel=[-0.04793836176395416, 0.1139867752790451, 0.48790600895881653] imu_quat_wxyz=[0.9830026626586914, 0.028987973928451538, 0.04995668679475784, 0.17426908016204834]
joint_pos=[19.11600112915039, -6.624000072479248, -0.0, 0.0, 0.0, 0.0] imu_ang_vel=[-0.04793836176395416, 0.1139867752790451, 0.48790600895881653] imu_quat_wxyz=[0.9830026626586914, 0.028987973928451538, 0.04995668679475784, 0.17426908016204834]
joint_pos=[19.152000427246094, -6.624000072479248, -0.0, 0.0, 0.0, 0.0] imu_ang_vel=[-0.08096256852149963, 0.010652969591319561, 0.18962284922599792] imu_quat_wxyz=[0.9837213754653931, 0.022825835272669792, 0.0521714985370636, 0.17043840885162354]
joint_pos=[19.2239990234375, -6.552000045776367, -0.0, 0.0, 0.0, 0.0] imu_ang_vel=[-0.08096256852149963, 0.010652969591319561, 0.18962284922599792] imu_quat_wxyz=[0.9837213754653931, 0.022825835272669792, 0.0521714985370636, 0.17043840885162354]
joint_pos=[19.29599952697754, -6.516000270843506, -0.0, 0.0, 0.0, 0.0] imu_ang_vel=[-0.07989726960659027, 0.05219954997301102, -0.12144385278224945] imu_quat_wxyz=[0.9850916862487793, 0.015909137204289436, 0.05369606986641884, 0.16265881061553955]
joint_pos=[19.332000732421875, -6.516000270843506, -0.0, 0.0, 0.0, 0.0] imu_ang_vel=[-0.07989726960659027, 0.05219954997301102, -0.12144385278224945] imu_quat_wxyz=[0.9850916862487793, 0.015909137204289436, 0.05369606986641884, 0.16265881061553955]
joint_pos=[19.40399932861328, -6.443999767303467, -0.0, 0.0, 0.0, 0.0] imu_ang_vel=[-0.010652969591319561, -0.017044750973582268, -0.1523374617099762] imu_quat_wxyz=[0.9869363903999329, 0.012854152359068394, 0.055136241018772125, 0.15083491802215576]
joint_pos=[19.47599983215332, -6.443999767303467, -0.0, 0.0, 0.0, 0.0] imu_ang_vel=[-0.010652969591319561, -0.017044750973582268, -0.1523374617099762] imu_quat_wxyz=[0.9869363903999329, 0.012854152359068394, 0.055136241018772125, 0.15083491802215576]
joint_pos=[19.54800033569336, -6.4079999923706055, -0.0, 0.0, 0.0, 0.0] imu_ang_vel=[0.0, -0.0585913322865963, -0.580586850643158] imu_quat_wxyz=[0.9891496896743774, 0.009845289401710033, 0.05417180806398392, 0.13620319962501526]
joint_pos=[19.54800033569336, -6.371999740600586, -0.0, 0.0, 0.0, 0.0] imu_ang_vel=[0.0, -0.0585913322865963, -0.580586850643158] imu_quat_wxyz=[0.9891496896743774, 0.009845289401710033, 0.05417180806398392, 0.13620319962501526]
joint_pos=[19.619998931884766, -6.371999740600586, -0.0, 0.0, 0.0, 0.0] imu_ang_vel=[0.0, -0.08735434710979462, -0.5241261124610901] imu_quat_wxyz=[0.9914831519126892, 0.010460494086146355, 0.049577903002500534, 0.11997353285551071]
joint_pos=[19.72800064086914, -6.335999965667725, -0.0, 0.0, 0.0, 0.0] imu_ang_vel=[0.0, -0.08735434710979462, -0.5241261124610901] imu_quat_wxyz=[0.9914831519126892, 0.010460494086146355, 0.049577903002500534, 0.11997353285551071]
joint_pos=[19.72800064086914, -6.263999938964844, -0.0, 0.0, 0.0, 0.0] imu_ang_vel=[0.025567125529050827, 0.08309315890073776, -0.3920292854309082] imu_quat_wxyz=[0.9934425354003906, 0.011916609480977058, 0.0489620566368103, 0.10262888669967651]
joint_pos=[19.763999938964844, -6.263999938964844, -0.0, 0.0, 0.0, 0.0] imu_ang_vel=[0.025567125529050827, 0.08309315890073776, -0.3920292854309082] imu_quat_wxyz=[0.9934425354003906, 0.011916609480977058, 0.0489620566368103, 0.10262888669967651]
joint_pos=[19.871999740600586, -6.263999938964844, -0.0, 0.0, 0.0, 0.0] imu_ang_vel=[-0.019175345078110695, -0.04793836176395416, -0.47299185395240784] imu_quat_wxyz=[0.9953787922859192, 0.011483253911137581, 0.04656152054667473, 0.08319303393363953]
joint_pos=[19.944000244140625, -6.156000137329102, -0.0, 0.0, 0.0, 0.0] imu_ang_vel=[-0.019175345078110695, -0.04793836176395416, -0.47299185395240784] imu_quat_wxyz=[0.9953787922859192, 0.011483253911137581, 0.04656152054667473, 0.08319303393363953]
joint_pos=[19.944000244140625, -6.156000137329102, -0.0, 0.0, 0.0, 0.0] imu_ang_vel=[-0.05539543926715851, 0.10759498924016953, -0.580586850643158] imu_quat_wxyz=[0.9971935749053955, 0.007727785035967827, 0.043934568762779236, 0.06012485921382904]
joint_pos=[20.01599884033203, -6.156000137329102, -0.0, 0.0, 0.0, 0.0] imu_ang_vel=[-0.05539543926715851, 0.10759498924016953, -0.580586850643158] imu_quat_wxyz=[0.9971935749053955, 0.007727785035967827, 0.043934568762779236, 0.06012485921382904]
joint_pos=[20.124000549316406, -6.0839996337890625, -0.0, 0.0, 0.0, 0.0] imu_ang_vel=[-0.12144385278224945, -0.06391781568527222, -0.6434393525123596] imu_quat_wxyz=[0.9985827803611755, 0.0018372747581452131, 0.040148962289094925, 0.0348869152367115]
joint_pos=[20.15999984741211, -6.0839996337890625, -0.0, 0.0, 0.0, 0.0] imu_ang_vel=[-0.12144385278224945, -0.06391781568527222, -0.6434393525123596] imu_quat_wxyz=[0.9985827803611755, 0.0018372747581452131, 0.040148962289094925, 0.0348869152367115]
joint_pos=[20.15999984741211, -6.0839996337890625, -0.0, 0.0, 0.0, 0.0] imu_ang_vel=[-0.13529270887374878, 0.06391781568527222, -0.6285251975059509] imu_quat_wxyz=[0.9990227222442627, -0.0017429690342396498, 0.04078124091029167, 0.016954179853200912]
joint_pos=[20.26799964904785, -5.940000057220459, -0.0, 0.0, 0.0, 0.0] imu_ang_vel=[-0.13529270887374878, 0.06391781568527222, -0.6285251975059509] imu_quat_wxyz=[0.9990227222442627, -0.0017429690342396498, 0.04078124091029167, 0.016954179853200912]
joint_pos=[20.34000015258789, -5.97599983215332, -0.0, 0.0, 0.0, 0.0] imu_ang_vel=[-0.19707992672920227, -0.02024064213037491, -0.4911018908023834] imu_quat_wxyz=[0.9990072250366211, -0.00631727185100317, 0.043629102408885956, -0.006419143173843622]
joint_pos=[20.34000015258789, -5.97599983215332, -0.0, 0.0, 0.0, 0.0] imu_ang_vel=[-0.19707992672920227, -0.02024064213037491, -0.4911018908023834] imu_quat_wxyz=[0.9990072250366211, -0.00631727185100317, 0.043629102408885956, -0.006419143173843622]
joint_pos=[20.411998748779297, -5.9039998054504395, -0.0, 0.0, 0.0, 0.0] imu_ang_vel=[-0.26845481991767883, 0.04474247246980667, -0.15766394138336182] imu_quat_wxyz=[0.9983970522880554, -0.012434045784175396, 0.05057460069656372, -0.022157704457640648]
joint_pos=[20.483999252319336, -5.9039998054504395, -0.0, 0.0, 0.0, 0.0] imu_ang_vel=[-0.26845481991767883, 0.04474247246980667, -0.15766394138336182] imu_quat_wxyz=[0.9983970522880554, -0.012434045784175396, 0.05057460069656372, -0.022157704457640648]
joint_pos=[20.520000457763672, -5.9039998054504395, -0.0, 0.0, 0.0, 0.0] imu_ang_vel=[-0.13316211104393005, 0.10866028815507889, -0.4857754111289978] imu_quat_wxyz=[0.997418999671936, -0.020976370200514793, 0.056132979691028595, -0.039552122354507446]
joint_pos=[20.520000457763672, -5.832000255584717, -0.0, 0.0, 0.0, 0.0] imu_ang_vel=[-0.13316211104393005, 0.10866028815507889, -0.4857754111289978] imu_quat_wxyz=[0.997418999671936, -0.020976370200514793, 0.056132979691028595, -0.039552122354507446]
joint_pos=[20.555999755859375, -5.832000255584717, -0.0, 0.0, 0.0, 0.0] imu_ang_vel=[-0.017044750973582268, 0.0, -0.5827174186706543] imu_quat_wxyz=[0.9960735440254211, -0.021504255011677742, 0.06312967091798782, -0.05822141095995903]
joint_pos=[20.628000259399414, -5.832000255584717, -0.0, 0.0, 0.0, 0.0] imu_ang_vel=[-0.017044750973582268, 0.0, -0.5827174186706543] imu_quat_wxyz=[0.9960735440254211, -0.021504255011677742, 0.06312967091798782, -0.05822141095995903]
joint_pos=[20.628000259399414, -5.796000003814697, -0.0, 0.0, 0.0, 0.0] imu_ang_vel=[0.07457078248262405, -0.045807767659425735, -0.8650211095809937] imu_quat_wxyz=[0.9944554567337036, -0.018014589324593544, 0.06475703418254852, -0.08087122440338135]
joint_pos=[20.628000259399414, -5.796000003814697, -0.0, 0.0, 0.0, 0.0] imu_ang_vel=[0.07457078248262405, -0.045807767659425735, -0.8650211095809937] imu_quat_wxyz=[0.9944554567337036, -0.018014589324593544, 0.06475703418254852, -0.08087122440338135]
joint_pos=[20.700000762939453, -5.796000003814697, -0.0, 0.0, 0.0, 0.0] imu_ang_vel=[0.03835069015622139, 0.02343653328716755, -0.48790600895881653] imu_quat_wxyz=[0.9926605820655823, -0.007435485254973173, 0.06626352667808533, -0.10089017450809479]
joint_pos=[20.700000762939453, -5.760000228881836, -0.0, 0.0, 0.0, 0.0] imu_ang_vel=[0.03835069015622139, 0.02343653328716755, -0.48790600895881653] imu_quat_wxyz=[0.9926605820655823, -0.007435485254973173, 0.06626352667808533, -0.10089017450809479]
joint_pos=[20.700000762939453, -5.760000228881836, -0.0, 0.0, 0.0, 0.0] imu_ang_vel=[-0.025567125529050827, 0.02024064213037491, -0.2982831299304962] imu_quat_wxyz=[0.9917117953300476, -0.006254011299461126, 0.06434495747089386, -0.11103209108114243]
joint_pos=[20.736000061035156, -5.760000228881836, -0.0, 0.0, 0.0, 0.0] imu_ang_vel=[-0.025567125529050827, 0.02024064213037491, -0.2982831299304962] imu_quat_wxyz=[0.9917117953300476, -0.006254011299461126, 0.06434495747089386, -0.11103209108114243]
joint_pos=[20.807998657226562, -5.687999725341797, -0.0, 0.0, 0.0, 0.0] imu_ang_vel=[-0.049003660678863525, 0.13529270887374878, -0.5933703780174255] imu_quat_wxyz=[0.9898355007171631, -0.006241616792976856, 0.05650155246257782, -0.13036203384399414]
joint_pos=[20.77199935913086, -5.724000453948975, -0.0, 0.0, 0.0, 0.0] imu_ang_vel=[-0.049003660678863525, 0.13529270887374878, -0.5933703780174255] imu_quat_wxyz=[0.9898355007171631, -0.006241616792976856, 0.05650155246257782, -0.13036203384399414]
joint_pos=[20.77199935913086, -5.724000453948975, -0.0, 0.0, 0.0, 0.0] imu_ang_vel=[-0.04048128426074982, 0.18323107063770294, 0.36433154344558716] imu_quat_wxyz=[0.9893991947174072, -0.0028377086855471134, 0.05600311607122421, -0.13395830988883972]
joint_pos=[20.807998657226562, -5.6519999504089355, -0.0, 0.0, 0.0, 0.0] imu_ang_vel=[-0.04048128426074982, 0.18323107063770294, 0.36433154344558716] imu_quat_wxyz=[0.9893991947174072, -0.0028377086855471134, 0.05600311607122421, -0.13395830988883972]
joint_pos=[20.8439998626709, -5.687999725341797, -0.0, 0.0, 0.0, 0.0] imu_ang_vel=[-0.12783563137054443, 0.19494934380054474, -0.08948494493961334] imu_quat_wxyz=[0.9886850714683533, -0.008280239067971706, 0.059880055487155914, -0.13728675246238708]
joint_pos=[20.8439998626709, -5.6519999504089355, -0.0, 0.0, 0.0, 0.0] imu_ang_vel=[-0.12783563137054443, 0.19494934380054474, -0.08948494493961334] imu_quat_wxyz=[0.9886850714683533, -0.008280239067971706, 0.059880055487155914, -0.13728675246238708]
joint_pos=[20.8439998626709, -5.579999923706055, -0.0, 0.0, 0.0, 0.0] imu_ang_vel=[-0.08309315890073776, 0.08735434710979462, -0.5177342891693115] imu_quat_wxyz=[0.9868829846382141, -0.012170852161943913, 0.06048113480210304, -0.1491839587688446]
joint_pos=[20.8799991607666, -5.615999698638916, -0.0, 0.0, 0.0, 0.0] imu_ang_vel=[-0.08309315890073776, 0.08735434710979462, -0.5177342891693115] imu_quat_wxyz=[0.9868829846382141, -0.012170852161943913, 0.06048113480210304, -0.1491839587688446]
joint_pos=[20.95199966430664, -5.615999698638916, -0.0, 0.0, 0.0, 0.0] imu_ang_vel=[0.049003660678863525, -0.11931325495243073, -0.34089502692222595] imu_quat_wxyz=[0.9855104684829712, -0.007486632093787193, 0.056690532714128494, -0.1596851646900177]
joint_pos=[20.916000366210938, -5.544000148773193, -0.0, 0.0, 0.0, 0.0] imu_ang_vel=[0.049003660678863525, -0.11931325495243073, -0.34089502692222595] imu_quat_wxyz=[0.9855104684829712, -0.007486632093787193, 0.056690532714128494, -0.1596851646900177]
joint_pos=[20.95199966430664, -5.544000148773193, -0.0, 0.0, 0.0, 0.0] imu_ang_vel=[-0.025567125529050827, -0.07350549101829529, 0.12357444316148758] imu_quat_wxyz=[0.9853067398071289, -0.0013449502876028419, 0.05785973370075226, -0.16068965196609497]
joint_pos=[20.987998962402344, -5.544000148773193, -0.0, 0.0, 0.0, 0.0] imu_ang_vel=[-0.025567125529050827, -0.07350549101829529, 0.12357444316148758] imu_quat_wxyz=[0.9853067398071289, -0.0013449502876028419, 0.05785973370075226, -0.16068965196609497]
joint_pos=[20.987998962402344, -5.507999897003174, -0.0, 0.0, 0.0, 0.0] imu_ang_vel=[-0.02024064213037491, -0.06498311460018158, -0.14168448746204376] imu_quat_wxyz=[0.9846805334091187, 0.0034314205404371023, 0.05854026600718498, -0.16421177983283997]
joint_pos=[20.987998962402344, -5.507999897003174, -0.0, 0.0, 0.0, 0.0] imu_ang_vel=[-0.02024064213037491, -0.06498311460018158, -0.14168448746204376] imu_quat_wxyz=[0.9846805334091187, 0.0034314205404371023, 0.05854026600718498, -0.16421177983283997]
joint_pos=[21.02400016784668, -5.507999897003174, -0.0, 0.0, 0.0, 0.0] imu_ang_vel=[-0.0585913322865963, -0.2578018605709076, -0.2727160155773163] imu_quat_wxyz=[0.9841160774230957, 0.007657128386199474, 0.053804945200681686, -0.16900219023227692]
joint_pos=[21.02400016784668, -5.4720001220703125, 0.035999998450279236, 0.0, 0.0, 0.0] imu_ang_vel=[-0.0585913322865963, -0.2578018605709076, -0.2727160155773163] imu_quat_wxyz=[0.9841160774230957, 0.007657128386199474, 0.053804945200681686, -0.16900219023227692]
joint_pos=[21.02400016784668, -5.4720001220703125, 0.035999998450279236, 0.0, 0.0, 0.0] imu_ang_vel=[-0.08096256852149963, -0.11292147636413574, 0.12677033245563507] imu_quat_wxyz=[0.9840267896652222, 0.012791751883924007, 0.05005667358636856, -0.17035819590091705]
joint_pos=[21.02400016784668, -5.436000347137451, 0.035999998450279236, 0.0, 0.0, 0.0] imu_ang_vel=[-0.08096256852149963, -0.11292147636413574, 0.12677033245563507] imu_quat_wxyz=[0.9840267896652222, 0.012791751883924007, 0.05005667358636856, -0.17035819590091705]
joint_pos=[21.09600067138672, -5.436000347137451, 0.14399999380111694, 0.0, 0.0, 0.0] imu_ang_vel=[-0.2343653291463852, -0.29082605242729187, 0.5986968874931335] imu_quat_wxyz=[0.9863699078559875, 0.009979931637644768, 0.04598763585090637, -0.15767011046409607]
joint_pos=[21.131999969482422, -5.436000347137451, 0.14399999380111694, 0.0, 0.0, 0.0] imu_ang_vel=[-0.2343653291463852, -0.29082605242729187, 0.5986968874931335] imu_quat_wxyz=[0.9863699078559875, 0.009979931637644768, 0.04598763585090637, -0.15767011046409607]
joint_pos=[21.131999969482422, -5.400000095367432, 0.18000000715255737, 0.0, 0.0, 0.0] imu_ang_vel=[0.04367717355489731, 0.20027582347393036, -0.2759118974208832] imu_quat_wxyz=[0.9865620732307434, 0.005719493143260479, 0.04334248974919319, -0.15742914378643036]
joint_pos=[21.168001174926758, -5.400000095367432, 0.25200000405311584, 0.0, 0.0, 0.0] imu_ang_vel=[0.04367717355489731, 0.20027582347393036, -0.2759118974208832] imu_quat_wxyz=[0.9865620732307434, 0.005719493143260479, 0.04334248974919319, -0.15742914378643036]
joint_pos=[21.275999069213867, -5.400000095367432, 0.25200000405311584, 0.0, 0.0, 0.0] imu_ang_vel=[-0.14807628095149994, 0.03622009605169296, 0.6892471313476562] imu_quat_wxyz=[0.9868589639663696, 0.015054370276629925, 0.051284998655319214, -0.15248815715312958]
joint_pos=[21.275999069213867, -5.363999843597412, 0.25200000405311584, 0.0, 0.0, 0.0] imu_ang_vel=[-0.14807628095149994, 0.03622009605169296, 0.6892471313476562] imu_quat_wxyz=[0.9868589639663696, 0.015054370276629925, 0.051284998655319214, -0.15248815715312958]
joint_pos=[21.275999069213867, -5.363999843597412, 0.3240000009536743, 0.0, 0.0, 0.0] imu_ang_vel=[-0.2599324584007263, 0.0, 0.9385265707969666] imu_quat_wxyz=[0.9894078969955444, 0.013906736858189106, 0.05972113460302353, -0.13157466053962708]
joint_pos=[21.420000076293945, -5.363999843597412, 0.3240000009536743, 0.0, 0.0, 0.0] imu_ang_vel=[-0.2599324584007263, 0.0, 0.9385265707969666] imu_quat_wxyz=[0.9894078969955444, 0.013906736858189106, 0.05972113460302353, -0.13157466053962708]
joint_pos=[21.45599937438965, -5.328000068664551, 0.3240000009536743, 0.0, 0.0, 0.0] imu_ang_vel=[0.03195890784263611, -0.12144385278224945, -0.27058541774749756] imu_quat_wxyz=[0.9893859624862671, 0.005601196084171534, 0.05965884402394295, -0.13238131999969482]
joint_pos=[21.420000076293945, -5.328000068664551, 0.3959999978542328, 0.0, 0.0, 0.0] imu_ang_vel=[0.03195890784263611, -0.12144385278224945, -0.27058541774749756] imu_quat_wxyz=[0.9893859624862671, 0.005601196084171534, 0.05965884402394295, -0.13238131999969482]
joint_pos=[21.492000579833984, -5.328000068664551, 0.3959999978542328, 0.0, 0.0, 0.0] imu_ang_vel=[-0.03835069015622139, -0.18323107063770294, 0.0703095942735672] imu_quat_wxyz=[0.9888629913330078, 0.008309285156428814, 0.05931686609983444, -0.13624419271945953]
joint_pos=[21.492000579833984, -5.2920002937316895, 0.3959999978542328, 0.0, 0.0, 0.0] imu_ang_vel=[-0.03835069015622139, -0.18323107063770294, 0.0703095942735672] imu_quat_wxyz=[0.9888629913330078, 0.008309285156428814, 0.05931686609983444, -0.13624419271945953]
joint_pos=[21.45599937438965, -5.2920002937316895, 0.3959999978542328, 0.0, 0.0, 0.0] imu_ang_vel=[-0.49855896830558777, -0.10759498924016953, 1.3507964611053467] imu_quat_wxyz=[0.990402340888977, 0.014149743132293224, 0.06483843922615051, -0.12123879045248032]
joint_pos=[21.492000579833984, -5.2920002937316895, 0.4320000112056732, 0.0, 0.0, 0.0] imu_ang_vel=[-0.49855896830558777, -0.10759498924016953, 1.3507964611053467] imu_quat_wxyz=[0.990402340888977, 0.014149743132293224, 0.06483843922615051, -0.12123879045248032]
joint_pos=[21.492000579833984, -5.25600004196167, 0.46799999475479126, 0.0, 0.0, 0.0] imu_ang_vel=[-0.5145384073257446, -0.5006895661354065, 1.3422741889953613] imu_quat_wxyz=[0.9931203722953796, -0.0017926661530509591, 0.06592472642660141, -0.09676074981689453]
joint_pos=[21.45599937438965, -5.25600004196167, 0.5400000214576721, 0.0, 0.0, 0.0] imu_ang_vel=[-0.5145384073257446, -0.5006895661354065, 1.3422741889953613] imu_quat_wxyz=[0.9931203722953796, -0.0017926661530509591, 0.06592472642660141, -0.09676074981689453]
joint_pos=[21.492000579833984, -5.25600004196167, 0.5759999752044678, 0.0, 0.0, 0.0] imu_ang_vel=[0.05965662747621536, -0.2993484437465668, -0.3345032334327698] imu_quat_wxyz=[0.993776798248291, -0.02206566371023655, 0.054597415030002594, -0.09455064684152603]
joint_pos=[21.492000579833984, -5.21999979019165, 0.6119999885559082, 0.0, 0.0, 0.0] imu_ang_vel=[0.05965662747621536, -0.2993484437465668, -0.3345032334327698] imu_quat_wxyz=[0.993776798248291, -0.02206566371023655, 0.054597415030002594, -0.09455064684152603]
joint_pos=[21.45599937438965, -5.21999979019165, 0.6840000152587891, 0.0, 0.0, 0.0] imu_ang_vel=[0.4623388648033142, 0.0, -0.8170827627182007] imu_quat_wxyz=[0.992202877998352, -0.0239486712962389, 0.044302236288785934, -0.11400458961725235]
joint_pos=[21.492000579833984, -5.21999979019165, 0.6840000152587891, 0.0, 0.0, 0.0] imu_ang_vel=[0.4623388648033142, 0.0, -0.8170827627182007] imu_quat_wxyz=[0.992202877998352, -0.0239486712962389, 0.044302236288785934, -0.11400458961725235]
joint_pos=[21.492000579833984, -5.1479997634887695, 0.6840000152587891, 0.0, 0.0, 0.0] imu_ang_vel=[0.20666760206222534, -0.12144385278224945, -0.274846613407135] imu_quat_wxyz=[0.991291880607605, -0.014787626452744007, 0.039983298629522324, -0.12459155172109604]
joint_pos=[21.492000579833984, -5.1479997634887695, 0.7200000286102295, 0.0, 0.0, 0.0] imu_ang_vel=[0.20666760206222534, -0.12144385278224945, -0.274846613407135] imu_quat_wxyz=[0.991291880607605, -0.014787626452744007, 0.039983298629522324, -0.12459155172109604]
joint_pos=[21.527999877929688, -5.1479997634887695, 0.7559999823570251, 0.0, 0.0, 0.0] imu_ang_vel=[0.22584295272827148, -0.13103152811527252, -0.25673654675483704] imu_quat_wxyz=[0.9906465411186218, -0.006732800509780645, 0.036188650876283646, -0.13139355182647705]
joint_pos=[21.527999877929688, -5.039999961853027, 0.7559999823570251, 0.0, 0.0, 0.0] imu_ang_vel=[0.22584295272827148, -0.13103152811527252, -0.25673654675483704] imu_quat_wxyz=[0.9906465411186218, -0.006732800509780645, 0.036188650876283646, -0.13139355182647705]
joint_pos=[21.527999877929688, -5.039999961853027, 0.7919999957084656, 0.0, 0.0, 0.0] imu_ang_vel=[0.11824796348810196, -0.11292147636413574, 0.34728679060935974] imu_quat_wxyz=[0.9905318021774292, 0.0027609141543507576, 0.02955539897084236, -0.13403551280498505]
joint_pos=[21.564001083374023, -5.039999961853027, 0.828000009059906, 0.0, 0.0, 0.0] imu_ang_vel=[0.11824796348810196, -0.11292147636413574, 0.34728679060935974] imu_quat_wxyz=[0.9905318021774292, 0.0027609141543507576, 0.02955539897084236, -0.13403551280498505]
joint_pos=[21.564001083374023, -4.9679999351501465, 0.8640000224113464, 0.0, 0.0, 0.0] imu_ang_vel=[0.0, -0.06817900389432907, 1.1910020112991333] imu_quat_wxyz=[0.9924047589302063, 0.003939564805477858, 0.027299288660287857, -0.11988279968500137]
joint_pos=[21.564001083374023, -4.9679999351501465, 0.8640000224113464, 0.0, 0.0, 0.0] imu_ang_vel=[0.0, -0.06817900389432907, 1.1910020112991333] imu_quat_wxyz=[0.9924047589302063, 0.003939564805477858, 0.027299288660287857, -0.11988279968500137]
joint_pos=[21.564001083374023, -4.9679999351501465, 0.9359999895095825, 0.0, 0.0, 0.0] imu_ang_vel=[0.011718266643583775, 0.0, 0.7787320613861084] imu_quat_wxyz=[0.9940001964569092, -0.0035903477109968662, 0.02969963848590851, -0.10520737618207932]
joint_pos=[21.600000381469727, -4.932000160217285, 0.972000002861023, 0.0, 0.0, 0.0] imu_ang_vel=[0.011718266643583775, 0.0, 0.7787320613861084] imu_quat_wxyz=[0.9940001964569092, -0.0035903477109968662, 0.02969963848590851, -0.10520737618207932]
joint_pos=[21.671998977661133, -4.932000160217285, 0.972000002861023, 0.0, 0.0, 0.0] imu_ang_vel=[0.1842963695526123, 0.021305939182639122, 0.07883197069168091] imu_quat_wxyz=[0.9939097166061401, -0.007233059033751488, 0.031199829652905464, -0.10544083267450333]
joint_pos=[21.671998977661133, -4.932000160217285, 1.0080000162124634, 0.0, 0.0, 0.0] imu_ang_vel=[0.1842963695526123, 0.021305939182639122, 0.07883197069168091] imu_quat_wxyz=[0.9939097166061401, -0.007233059033751488, 0.031199829652905464, -0.10544083267450333]
joint_pos=[21.671998977661133, -4.932000160217285, 1.0440000295639038, 0.0, 0.0, 0.0] imu_ang_vel=[0.05539543926715851, 0.05006895586848259, 0.3185237944126129] imu_quat_wxyz=[0.9937281608581543, -0.004623187705874443, 0.034939657896757126, -0.10612350702285767]
joint_pos=[21.70800018310547, -4.932000160217285, 1.0800000429153442, 0.0, 0.0, 0.0] imu_ang_vel=[0.05539543926715851, 0.05006895586848259, 0.3185237944126129] imu_quat_wxyz=[0.9937281608581543, -0.004623187705874443, 0.034939657896757126, -0.10612350702285767]
joint_pos=[21.744001388549805, -4.932000160217285, 1.1160000562667847, 0.0, 0.0, 0.0] imu_ang_vel=[0.06178722158074379, -0.1054643988609314, 0.3462215065956116] imu_quat_wxyz=[0.9940314292907715, -0.0043280646204948425, 0.03411136195063591, -0.10353304445743561]
joint_pos=[21.744001388549805, -4.932000160217285, 1.1519999504089355, 0.0, 0.0, 0.0] imu_ang_vel=[0.06178722158074379, -0.1054643988609314, 0.3462215065956116] imu_quat_wxyz=[0.9940314292907715, -0.0043280646204948425, 0.03411136195063591, -0.10353304445743561]
joint_pos=[21.780000686645508, -4.932000160217285, 1.1519999504089355, 0.0, 0.0, 0.0] imu_ang_vel=[0.05326484516263008, -0.04154657945036888, 0.22690825164318085] imu_quat_wxyz=[0.9940308332443237, -0.005183002445846796, 0.034487754106521606, -0.10337437689304352]
joint_pos=[21.780000686645508, -4.932000160217285, 1.2239999771118164, 0.0, 0.0, 0.0] imu_ang_vel=[0.05326484516263008, -0.04154657945036888, 0.22690825164318085] imu_quat_wxyz=[0.9940308332443237, -0.005183002445846796, 0.034487754106521606, -0.10337437689304352]
joint_pos=[21.780000686645508, -4.932000160217285, 1.2599999904632568, 0.0, 0.0, 0.0] imu_ang_vel=[0.05006895586848259, -0.08522375673055649, 0.27058541774749756] imu_quat_wxyz=[0.9939551949501038, -0.0038112155161798, 0.03664519265294075, -0.10341929644346237]
joint_pos=[21.780000686645508, -4.932000160217285, 1.2599999904632568, 0.0, 0.0, 0.0] imu_ang_vel=[0.05006895586848259, -0.08522375673055649, 0.27058541774749756] imu_quat_wxyz=[0.9939551949501038, -0.0038112155161798, 0.03664519265294075, -0.10341929644346237]
joint_pos=[21.780000686645508, -4.932000160217285, 1.2960000038146973, 0.0, 0.0, 0.0] imu_ang_vel=[0.0, -0.20134112238883972, -0.03728539124131203] imu_quat_wxyz=[0.9937310814857483, -0.0028777688276022673, 0.03673725947737694, -0.10554881393909454]
joint_pos=[21.780000686645508, -4.932000160217285, 1.3680000305175781, 0.0, 0.0, 0.0] imu_ang_vel=[0.0, -0.20134112238883972, -0.03728539124131203] imu_quat_wxyz=[0.9937310814857483, -0.0028777688276022673, 0.03673725947737694, -0.10554881393909454]
joint_pos=[21.780000686645508, -4.932000160217285, 1.3680000305175781, 0.0, 0.0, 0.0] imu_ang_vel=[0.017044750973582268, 0.0, -0.30893611907958984] imu_quat_wxyz=[0.9928032755851746, -0.004220492672175169, 0.03347942978143692, -0.11490343511104584]
joint_pos=[21.780000686645508, -4.932000160217285, 1.3680000305175781, 0.0, 0.0, 0.0] imu_ang_vel=[0.017044750973582268, 0.0, -0.30893611907958984] imu_quat_wxyz=[0.9928032755851746, -0.004220492672175169, 0.03347942978143692, -0.11490343511104584]
joint_pos=[21.780000686645508, -4.932000160217285, 1.403999924659729, 0.0, 0.0, 0.0] imu_ang_vel=[0.05219954997301102, 0.13316211104393005, 0.04367717355489731] imu_quat_wxyz=[0.9924964308738708, -0.007688987068831921, 0.030156372115015984, -0.11824652552604675]
joint_pos=[21.780000686645508, -4.932000160217285, 1.3680000305175781, 0.0, 0.0, 0.0] imu_ang_vel=[0.05219954997301102, 0.13316211104393005, 0.04367717355489731] imu_quat_wxyz=[0.9924964308738708, -0.007688987068831921, 0.030156372115015984, -0.11824652552604675]
joint_pos=[21.780000686645508, -4.932000160217285, 1.3680000305175781, 0.0, 0.0, 0.0] imu_ang_vel=[0.049003660678863525, 0.09587672352790833, -0.21732057631015778] imu_quat_wxyz=[0.9920073747634888, -0.00907808169722557, 0.027284715324640274, -0.12285928428173065]
joint_pos=[21.780000686645508, -4.932000160217285, 1.403999924659729, 0.0, 0.0, 0.0] imu_ang_vel=[0.049003660678863525, 0.09587672352790833, -0.21732057631015778] imu_quat_wxyz=[0.9920073747634888, -0.00907808169722557, 0.027284715324640274, -0.12285928428173065]
joint_pos=[21.780000686645508, -4.932000160217285, 1.3680000305175781, 0.0, 0.0, 0.0] imu_ang_vel=[0.0, 0.021305939182639122, -0.26738953590393066] imu_quat_wxyz=[0.9909326434135437, -0.0053820526227355, 0.02488778717815876, -0.13192452490329742]
joint_pos=[21.780000686645508, -4.932000160217285, 1.3680000305175781, 0.0, 0.0, 0.0] imu_ang_vel=[0.0, 0.021305939182639122, -0.26738953590393066] imu_quat_wxyz=[0.9909326434135437, -0.0053820526227355, 0.02488778717815876, -0.13192452490329742]
joint_pos=[21.780000686645508, -4.932000160217285, 1.403999924659729, 0.0, 0.0, 0.0] imu_ang_vel=[-0.030893610790371895, 0.06285251677036285, -0.1693822145462036] imu_quat_wxyz=[0.9901571273803711, -0.0021622413769364357, 0.02440473437309265, -0.13779832422733307]
joint_pos=[21.780000686645508, -4.932000160217285, 1.3320000171661377, 0.0, 0.0, 0.0] imu_ang_vel=[-0.030893610790371895, 0.06285251677036285, -0.1693822145462036] imu_quat_wxyz=[0.9901571273803711, -0.0021622413769364357, 0.02440473437309265, -0.13779832422733307]
joint_pos=[21.780000686645508, -4.932000160217285, 1.3320000171661377, 0.0, 0.0, 0.0] imu_ang_vel=[0.04154657945036888, 0.192818745970726, 0.07883197069168091] imu_quat_wxyz=[0.9897681474685669, -0.00118186604231596, 0.02466224879026413, -0.14053209125995636]
joint_pos=[21.780000686645508, -4.932000160217285, 1.2960000038146973, 0.0, 0.0, 0.0] imu_ang_vel=[0.04154657945036888, 0.192818745970726, 0.07883197069168091] imu_quat_wxyz=[0.9897681474685669, -0.00118186604231596, 0.02466224879026413, -0.14053209125995636]
joint_pos=[21.780000686645508, -4.932000160217285, 1.187999963760376, 0.0, 0.0, 0.0] imu_ang_vel=[0.06711370497941971, 0.20560230314731598, -0.17151281237602234] imu_quat_wxyz=[0.9892618060112, -0.0003797041717916727, 0.029649028554558754, -0.14311447739601135]
joint_pos=[21.780000686645508, -4.932000160217285, 1.1519999504089355, 0.0, 0.0, 0.0] imu_ang_vel=[0.06711370497941971, 0.20560230314731598, -0.17151281237602234] imu_quat_wxyz=[0.9892618060112, -0.0003797041717916727, 0.029649028554558754, -0.14311447739601135]
joint_pos=[21.81599998474121, -4.932000160217285, 1.0440000295639038, 0.0, 0.0, 0.0] imu_ang_vel=[0.06924430280923843, 0.2546059787273407, -0.05326484516263008] imu_quat_wxyz=[0.9882525205612183, 0.007028786465525627, 0.037827201187610626, -0.14790773391723633]
joint_pos=[21.81599998474121, -4.932000160217285, 0.8999999761581421, 0.0, 0.0, 0.0] imu_ang_vel=[0.06924430280923843, 0.2546059787273407, -0.05326484516263008] imu_quat_wxyz=[0.9882525205612183, 0.007028786465525627, 0.037827201187610626, -0.14790773391723633]
joint_pos=[21.851999282836914, -4.932000160217285, 0.8640000224113464, 0.0, 0.0, 0.0] imu_ang_vel=[0.049003660678863525, 0.28549957275390625, 0.3515479862689972] imu_quat_wxyz=[0.9879838824272156, 0.016476266086101532, 0.048314936459064484, -0.1458835005760193]
joint_pos=[21.88800048828125, -4.932000160217285, 0.7559999823570251, 0.0, 0.0, 0.0] imu_ang_vel=[0.049003660678863525, 0.28549957275390625, 0.3515479862689972] imu_quat_wxyz=[0.9879838824272156, 0.016476266086101532, 0.048314936459064484, -0.1458835005760193]
joint_pos=[21.96000099182129, -4.932000160217285, 0.6119999885559082, 0.0, 0.0, 0.0] imu_ang_vel=[0.028763016685843468, 0.22584295272827148, 0.363266259431839] imu_quat_wxyz=[0.9880495667457581, 0.02103997766971588, 0.05797777697443962, -0.14125874638557434]
joint_pos=[21.96000099182129, -4.932000160217285, 0.46799999475479126, 0.0, 0.0, 0.0] imu_ang_vel=[0.028763016685843468, 0.22584295272827148, 0.363266259431839] imu_quat_wxyz=[0.9880495667457581, 0.02103997766971588, 0.05797777697443962, -0.14125874638557434]
joint_pos=[21.996000289916992, -4.932000160217285, 0.4320000112056732, 0.0, 0.0, 0.0] imu_ang_vel=[0.18855755031108856, 0.14168448746204376, -0.17151281237602234] imu_quat_wxyz=[0.9872199892997742, 0.024860352277755737, 0.06412705034017563, -0.14375759661197662]
joint_pos=[22.031999588012695, -4.932000160217285, 0.2879999876022339, 0.0, 0.0, 0.0] imu_ang_vel=[0.18855755031108856, 0.14168448746204376, -0.17151281237602234] imu_quat_wxyz=[0.9872199892997742, 0.024860352277755737, 0.06412705034017563, -0.14375759661197662]
joint_pos=[22.0679988861084, -4.932000160217285, 0.18000000715255737, 0.0, 0.0, 0.0] imu_ang_vel=[0.20134112238883972, 0.021305939182639122, -0.23010413348674774] imu_quat_wxyz=[0.985471248626709, 0.03244514763355255, 0.06346698105335236, -0.15416084229946136]
joint_pos=[22.0679988861084, -4.932000160217285, 0.18000000715255737, 0.0, 0.0, 0.0] imu_ang_vel=[0.20134112238883972, 0.021305939182639122, -0.23010413348674774] imu_quat_wxyz=[0.985471248626709, 0.03244514763355255, 0.06346698105335236, -0.15416084229946136]
joint_pos=[22.0679988861084, -4.932000160217285, 0.1080000028014183, 0.0, 0.0, 0.0] imu_ang_vel=[0.10652969032526016, -0.08096256852149963, 0.438902348279953] imu_quat_wxyz=[0.9856442213058472, 0.03803025186061859, 0.06036892533302307, -0.15301869809627533]
joint_pos=[22.0679988861084, -4.932000160217285, 0.035999998450279236, 0.0, 0.0, 0.0] imu_ang_vel=[0.10652969032526016, -0.08096256852149963, 0.438902348279953] imu_quat_wxyz=[0.9856442213058472, 0.03803025186061859, 0.06036892533302307, -0.15301869809627533]
joint_pos=[22.0679988861084, -4.932000160217285, 0.035999998450279236, 0.0, 0.0, 0.0] imu_ang_vel=[0.021305939182639122, 0.03302420675754547, 0.23223473131656647] imu_quat_wxyz=[0.986522912979126, 0.03507529944181442, 0.05383826792240143, -0.15047816932201385]
joint_pos=[22.031999588012695, -4.932000160217285, -0.0, 0.0, 0.0, 0.0] imu_ang_vel=[0.021305939182639122, 0.03302420675754547, 0.23223473131656647] imu_quat_wxyz=[0.986522912979126, 0.03507529944181442, 0.05383826792240143, -0.15047816932201385]
joint_pos=[22.031999588012695, -4.932000160217285, -0.0, 0.0, 0.0, 0.0] imu_ang_vel=[-0.10333380103111267, -0.3345032334327698, 0.22371235489845276] imu_quat_wxyz=[0.9877253174781799, 0.027028536424040794, 0.04057717323303223, -0.14839720726013184]
joint_pos=[21.996000289916992, -4.932000160217285, -0.0, 0.0, 0.0, 0.0] imu_ang_vel=[-0.10333380103111267, -0.3345032334327698, 0.22371235489845276] imu_quat_wxyz=[0.9877253174781799, 0.027028536424040794, 0.04057717323303223, -0.14839720726013184]
joint_pos=[21.923999786376953, -4.932000160217285, -0.0, 0.0, 0.0, 0.0] imu_ang_vel=[-0.12037855386734009, -0.40587812662124634, 0.11292147636413574] imu_quat_wxyz=[0.9885213971138, 0.017336323857307434, 0.02611035294830799, -0.14779441058635712]
joint_pos=[21.923999786376953, -4.932000160217285, -0.0, 0.0, 0.0, 0.0] imu_ang_vel=[-0.12037855386734009, -0.40587812662124634, 0.11292147636413574] imu_quat_wxyz=[0.9885213971138, 0.017336323857307434, 0.02611035294830799, -0.14779441058635712]
joint_pos=[21.923999786376953, -4.932000160217285, -0.0, 0.0, 0.0, 0.0] imu_ang_vel=[-0.09481142461299896, -0.37604981660842896, -0.027697719633579254] imu_quat_wxyz=[0.9884366989135742, 0.0070931981317698956, 0.009087027050554752, -0.1511954516172409]
joint_pos=[21.851999282836914, -4.932000160217285, -0.0, 0.0, 0.0, 0.0] imu_ang_vel=[-0.09481142461299896, -0.37604981660842896, -0.027697719633579254] imu_quat_wxyz=[0.9884366989135742, 0.0070931981317698956, 0.009087027050554752, -0.1511954516172409]
joint_pos=[21.851999282836914, -4.932000160217285, -0.0, 0.0, 0.0, 0.0] imu_ang_vel=[0.0, -0.05539543926715851, -0.1054643988609314] imu_quat_wxyz=[0.987403929233551, 0.0024727683048695326, 0.0025518827605992556, -0.15817973017692566]
joint_pos=[21.81599998474121, -4.932000160217285, -0.0, 0.0, 0.0, 0.0] imu_ang_vel=[0.0, -0.05539543926715851, -0.1054643988609314] imu_quat_wxyz=[0.987403929233551, 0.0024727683048695326, 0.0025518827605992556, -0.15817973017692566]
joint_pos=[21.780000686645508, -4.932000160217285, -0.0, 0.0, 0.0, 0.0] imu_ang_vel=[0.0, -0.07776667922735214, -0.060721926391124725] imu_quat_wxyz=[0.9860676527023315, 0.001795578864403069, 0.004938044119626284, -0.1662614345550537]
joint_pos=[21.780000686645508, -4.932000160217285, -0.0, 0.0, 0.0, 0.0] imu_ang_vel=[0.0, -0.07776667922735214, -0.060721926391124725] imu_quat_wxyz=[0.9860676527023315, 0.001795578864403069, 0.004938044119626284, -0.1662614345550537]
joint_pos=[21.744001388549805, -4.932000160217285, -0.0, 0.0, 0.0, 0.0] imu_ang_vel=[-0.04793836176395416, -0.1608598381280899, -0.013848859816789627] imu_quat_wxyz=[0.9852316975593567, -0.00012270121078472584, 0.00698046013712883, -0.17108377814292908]
joint_pos=[21.671998977661133, -4.932000160217285, -0.0, 0.0, 0.0, 0.0] imu_ang_vel=[-0.04793836176395416, -0.1608598381280899, -0.013848859816789627] imu_quat_wxyz=[0.9852316975593567, -0.00012270121078472584, 0.00698046013712883, -0.17108377814292908]
joint_pos=[21.63599967956543, -4.932000160217285, -0.0, 0.0, 0.0, 0.0] imu_ang_vel=[-0.08415845781564713, -0.3771151006221771, -0.45168590545654297] imu_quat_wxyz=[0.9836437702178955, -0.004838708788156509, 0.00650379853323102, -0.17994199693202972]
joint_pos=[21.63599967956543, -4.932000160217285, -0.0, 0.0, 0.0, 0.0] imu_ang_vel=[-0.08415845781564713, -0.3771151006221771, -0.45168590545654297] imu_quat_wxyz=[0.9836437702178955, -0.004838708788156509, 0.00650379853323102, -0.17994199693202972]
joint_pos=[21.600000381469727, -4.932000160217285, -0.0, 0.0, 0.0, 0.0] imu_ang_vel=[-0.10972558706998825, -0.3366338312625885, -0.08415845781564713] imu_quat_wxyz=[0.9819324016571045, -0.004311893600970507, -0.00343312113545835, -0.18915197253227234]
joint_pos=[21.492000579833984, -4.932000160217285, -0.0, 0.0, 0.0, 0.0] imu_ang_vel=[-0.10972558706998825, -0.3366338312625885, -0.08415845781564713] imu_quat_wxyz=[0.9819324016571045, -0.004311893600970507, -0.00343312113545835, -0.18915197253227234]
joint_pos=[21.492000579833984, -4.932000160217285, -0.0, 0.0, 0.0, 0.0] imu_ang_vel=[-0.019175345078110695, -0.45807766914367676, -0.02663242258131504] imu_quat_wxyz=[0.982174277305603, -0.0042342511005699635, -0.014294400811195374, -0.18737997114658356]
joint_pos=[21.492000579833984, -4.932000160217285, -0.0, 0.0, 0.0, 0.0] imu_ang_vel=[-0.019175345078110695, -0.45807766914367676, -0.02663242258131504] imu_quat_wxyz=[0.982174277305603, -0.0042342511005699635, -0.014294400811195374, -0.18737997114658356]
joint_pos=[21.384000778198242, -4.932000160217285, -0.0, 0.0, 0.0, 0.0] imu_ang_vel=[-0.05219954997301102, -0.011718266643583775, -0.42611876130104065] imu_quat_wxyz=[0.98077791929245, -0.003570790169760585, -0.012917539104819298, -0.19466632604599]
joint_pos=[21.34800148010254, -4.932000160217285, -0.0, 0.0, 0.0, 0.0] imu_ang_vel=[-0.05219954997301102, -0.011718266643583775, -0.42611876130104065] imu_quat_wxyz=[0.98077791929245, -0.003570790169760585, -0.012917539104819298, -0.19466632604599]
joint_pos=[21.34800148010254, -4.932000160217285, -0.0, 0.0, 0.0, 0.0] imu_ang_vel=[-0.05646073818206787, -0.13955390453338623, -0.3813762962818146] imu_quat_wxyz=[0.9794536232948303, -0.001896538189612329, -0.012792200781404972, -0.20125405490398407]
joint_pos=[21.312000274658203, -4.932000160217285, -0.0, 0.0, 0.0, 0.0] imu_ang_vel=[-0.05646073818206787, -0.13955390453338623, -0.3813762962818146] imu_quat_wxyz=[0.9794536232948303, -0.001896538189612329, -0.012792200781404972, -0.20125405490398407]
joint_pos=[21.203998565673828, -4.932000160217285, -0.0, 0.0, 0.0, 0.0] imu_ang_vel=[-0.09268083423376083, -0.06391781568527222, -0.7350549101829529] imu_quat_wxyz=[0.9780864715576172, -0.0017137958202511072, -0.010161721147596836, -0.2079438865184784]
joint_pos=[21.203998565673828, -4.932000160217285, -0.0, 0.0, 0.0, 0.0] imu_ang_vel=[-0.09268083423376083, -0.06391781568527222, -0.7350549101829529] imu_quat_wxyz=[0.9780864715576172, -0.0017137958202511072, -0.010161721147596836, -0.2079438865184784]
joint_pos=[21.203998565673828, -4.932000160217285, -0.0, 0.0, 0.0, 0.0] imu_ang_vel=[-0.09694202244281769, -0.18110047280788422, -0.3867027759552002] imu_quat_wxyz=[0.9764174818992615, 0.0018394476501271129, -0.012864935211837292, -0.21549902856349945]
joint_pos=[21.02400016784668, -4.932000160217285, -0.0, 0.0, 0.0, 0.0] imu_ang_vel=[-0.09694202244281769, -0.18110047280788422, -0.3867027759552002] imu_quat_wxyz=[0.9764174818992615, 0.0018394476501271129, -0.012864935211837292, -0.21549902856349945]
joint_pos=[20.987998962402344, -4.932000160217285, -0.0, 0.0, 0.0, 0.0] imu_ang_vel=[-0.18642696738243103, -0.27697721123695374, -0.29402196407318115] imu_quat_wxyz=[0.9758674502372742, 0.003878884483128786, -0.013822771608829498, -0.2178911417722702]
joint_pos=[20.987998962402344, -4.932000160217285, -0.0, 0.0, 0.0, 0.0] imu_ang_vel=[-0.18642696738243103, -0.27697721123695374, -0.29402196407318115] imu_quat_wxyz=[0.9758674502372742, 0.003878884483128786, -0.013822771608829498, -0.2178911417722702]
joint_pos=[20.8799991607666, -4.932000160217285, -0.0, 0.0, 0.0, 0.0] imu_ang_vel=[-0.192818745970726, 0.07670138031244278, -0.3664621412754059] imu_quat_wxyz=[0.9753339290618896, 0.0018321326933801174, -0.01505923829972744, -0.22021231055259705]
joint_pos=[20.77199935913086, -4.932000160217285, -0.0, 0.0, 0.0, 0.0] imu_ang_vel=[-0.192818745970726, 0.07670138031244278, -0.3664621412754059] imu_quat_wxyz=[0.9753339290618896, 0.0018321326933801174, -0.01505923829972744, -0.22021231055259705]
joint_pos=[20.77199935913086, -4.932000160217285, -0.0, 0.0, 0.0, 0.0] imu_ang_vel=[-0.060721926391124725, 0.20240642130374908, -0.09161553531885147] imu_quat_wxyz=[0.9756035208702087, 0.004910585004836321, -0.006737023126333952, -0.2193814516067505]
joint_pos=[20.700000762939453, -4.932000160217285, -0.0, 0.0, 0.0, 0.0] imu_ang_vel=[-0.060721926391124725, 0.20240642130374908, -0.09161553531885147] imu_quat_wxyz=[0.9756035208702087, 0.004910585004836321, -0.006737023126333952, -0.2193814516067505]
joint_pos=[20.591999053955078, -4.932000160217285, -0.0, 0.0, 0.0, 0.0] imu_ang_vel=[-0.1257050335407257, -0.12250914424657822, -0.438902348279953] imu_quat_wxyz=[0.9754233956336975, 0.0027034252416342497, -0.005315279588103294, -0.22025829553604126]
joint_pos=[20.555999755859375, -4.932000160217285, -0.0, 0.0, 0.0, 0.0] imu_ang_vel=[-0.1257050335407257, -0.12250914424657822, -0.438902348279953] imu_quat_wxyz=[0.9754233956336975, 0.0027034252416342497, -0.005315279588103294, -0.22025829553604126]
joint_pos=[20.483999252319336, -4.932000160217285, -0.0, 0.0, 0.0, 0.0] imu_ang_vel=[-0.17683929204940796, -0.27058541774749756, -0.5337137579917908] imu_quat_wxyz=[0.9748689532279968, 0.00020559107360895723, -0.008005350828170776, -0.2226351797580719]
joint_pos=[20.411998748779297, -4.932000160217285, -0.0, 0.0, 0.0, 0.0] imu_ang_vel=[-0.17683929204940796, -0.27058541774749756, -0.5337137579917908] imu_quat_wxyz=[0.9748689532279968, 0.00020559107360895723, -0.008005350828170776, -0.2226351797580719]
joint_pos=[20.34000015258789, -4.932000160217285, -0.0, 0.0, 0.0, 0.0] imu_ang_vel=[-0.19814522564411163, -0.17683929204940796, -0.6157416105270386] imu_quat_wxyz=[0.9741353392601013, -0.0016110074939206243, -0.010524901561439037, -0.22571446001529694]
joint_pos=[20.304000854492188, -4.932000160217285, -0.0, 0.0, 0.0, 0.0] imu_ang_vel=[-0.19814522564411163, -0.17683929204940796, -0.6157416105270386] imu_quat_wxyz=[0.9741353392601013, -0.0016110074939206243, -0.010524901561439037, -0.22571446001529694]
joint_pos=[20.15999984741211, -4.932000160217285, -0.0, 0.0, 0.0, 0.0] imu_ang_vel=[-0.18962284922599792, -0.07563608139753342, -0.5891091823577881] imu_quat_wxyz=[0.9732739925384521, -0.0018236541654914618, -0.010591483674943447, -0.22939501702785492]
joint_pos=[20.124000549316406, -4.932000160217285, -0.0, 0.0, 0.0, 0.0] imu_ang_vel=[-0.18962284922599792, -0.07563608139753342, -0.5891091823577881] imu_quat_wxyz=[0.9732739925384521, -0.0018236541654914618, -0.010591483674943447, -0.22939501702785492]
joint_pos=[20.052000045776367, -4.932000160217285, -0.0, 0.0, 0.0, 0.0] imu_ang_vel=[-0.2609977424144745, -0.20666760206222534, -0.527321994304657] imu_quat_wxyz=[0.9727528095245361, -0.003990449011325836, -0.012866777367889881, -0.2314528077840805]
joint_pos=[19.908000946044922, -4.932000160217285, -0.0, 0.0, 0.0, 0.0] imu_ang_vel=[-0.2609977424144745, -0.20666760206222534, -0.527321994304657] imu_quat_wxyz=[0.9727528095245361, -0.003990449011325836, -0.012866777367889881, -0.2314528077840805]
joint_pos=[19.871999740600586, -4.932000160217285, -0.0, 0.0, 0.0, 0.0] imu_ang_vel=[-0.31426259875297546, -0.2279735505580902, -0.3920292854309082] imu_quat_wxyz=[0.9730280637741089, -0.006684157997369766, -0.013507072813808918, -0.23019395768642426]
joint_pos=[19.799999237060547, -4.932000160217285, -0.0, 0.0, 0.0, 0.0] imu_ang_vel=[-0.31426259875297546, -0.2279735505580902, -0.3920292854309082] imu_quat_wxyz=[0.9730280637741089, -0.006684157997369766, -0.013507072813808918, -0.23019395768642426]
joint_pos=[19.691999435424805, -4.932000160217285, -0.0, 0.0, 0.0, 0.0] imu_ang_vel=[-0.3195890784263611, -0.1608598381280899, -0.29082605242729187] imu_quat_wxyz=[0.9740003943443298, -0.011268400587141514, -0.014845134690403938, -0.22577829658985138]
joint_pos=[19.619998931884766, -4.932000160217285, -0.0, 0.0, 0.0, 0.0] imu_ang_vel=[-0.3195890784263611, -0.1608598381280899, -0.29082605242729187] imu_quat_wxyz=[0.9740003943443298, -0.011268400587141514, -0.014845134690403938, -0.22577829658985138]
joint_pos=[19.583999633789062, -4.932000160217285, -0.0, 0.0, 0.0, 0.0] imu_ang_vel=[-0.3462215065956116, -0.1906881481409073, -0.3195890784263611] imu_quat_wxyz=[0.9752401113510132, -0.017903313040733337, -0.017260052263736725, -0.21974577009677887]
joint_pos=[19.47599983215332, -4.932000160217285, -0.0, 0.0, 0.0, 0.0] imu_ang_vel=[-0.3462215065956116, -0.1906881481409073, -0.3195890784263611] imu_quat_wxyz=[0.9752401113510132, -0.017903313040733337, -0.017260052263736725, -0.21974577009677887]
joint_pos=[19.40399932861328, -4.932000160217285, -0.0, 0.0, 0.0, 0.0] imu_ang_vel=[-0.3217196762561798, -0.15979453921318054, -0.45168590545654297] imu_quat_wxyz=[0.9768216013908386, -0.02144501358270645, -0.01686367765069008, -0.2123093605041504]
joint_pos=[19.332000732421875, -4.932000160217285, -0.0, 0.0, 0.0, 0.0] imu_ang_vel=[-0.3217196762561798, -0.15979453921318054, -0.45168590545654297] imu_quat_wxyz=[0.9768216013908386, -0.02144501358270645, -0.01686367765069008, -0.2123093605041504]
joint_pos=[19.29599952697754, -4.932000160217285, -0.0, 0.0, 0.0, 0.0] imu_ang_vel=[-0.30254432559013367, -0.08841964602470398, -0.5464973449707031] imu_quat_wxyz=[0.9784591794013977, -0.02237045019865036, -0.01984148658812046, -0.20426277816295624]
joint_pos=[19.187999725341797, -4.932000160217285, -0.0, 0.0, 0.0, 0.0] imu_ang_vel=[-0.30254432559013367, -0.08841964602470398, -0.5464973449707031] imu_quat_wxyz=[0.9784591794013977, -0.02237045019865036, -0.01984148658812046, -0.20426277816295624]
joint_pos=[19.11600112915039, -4.932000160217285, -0.0, 0.0, 0.0, 0.0] imu_ang_vel=[-0.3163931965827942, -0.02982831373810768, -0.57526034116745] imu_quat_wxyz=[0.9798839092254639, -0.017999911680817604, -0.023743517696857452, -0.1973317563533783]
joint_pos=[19.04400062561035, -4.932000160217285, -0.0, 0.0, 0.0, 0.0] imu_ang_vel=[-0.3163931965827942, -0.02982831373810768, -0.57526034116745] imu_quat_wxyz=[0.9798839092254639, -0.017999911680817604, -0.023743517696857452, -0.1973317563533783]
joint_pos=[18.972000122070312, -4.932000160217285, -0.0, 0.0, 0.0, 0.0] imu_ang_vel=[-0.2279735505580902, 0.0703095942735672, -0.7989727258682251] imu_quat_wxyz=[0.9822801351547241, -0.0188010111451149, -0.02009713090956211, -0.18538685142993927]
joint_pos=[18.899999618530273, -4.932000160217285, -0.0, 0.0, 0.0, 0.0] imu_ang_vel=[-0.2279735505580902, 0.0703095942735672, -0.7989727258682251] imu_quat_wxyz=[0.9822801351547241, -0.0188010111451149, -0.02009713090956211, -0.18538685142993927]
joint_pos=[18.827999114990234, -4.932000160217285, -0.0, 0.0, 0.0, 0.0] imu_ang_vel=[-0.1438150852918625, 0.1438150852918625, -1.1313453912734985] imu_quat_wxyz=[0.9840391278266907, -0.018622586503624916, -0.01226742286235094, -0.1765493005514145]
joint_pos=[18.756000518798828, -4.932000160217285, -0.0, 0.0, 0.0, 0.0] imu_ang_vel=[-0.1438150852918625, 0.1438150852918625, -1.1313453912734985] imu_quat_wxyz=[0.9840391278266907, -0.018622586503624916, -0.01226742286235094, -0.1765493005514145]
joint_pos=[18.720001220703125, -4.932000160217285, -0.0, 0.0, 0.0, 0.0] imu_ang_vel=[-0.14168448746204376, -0.12144385278224945, -1.1100393533706665] imu_quat_wxyz=[0.9851424694061279, -0.012705515138804913, -0.0067204879596829414, -0.17113609611988068]
joint_pos=[18.61199951171875, -4.932000160217285, -0.0, 0.0, 0.0, 0.0] imu_ang_vel=[-0.14168448746204376, -0.12144385278224945, -1.1100393533706665] imu_quat_wxyz=[0.9851424694061279, -0.012705515138804913, -0.0067204879596829414, -0.17113609611988068]
joint_pos=[18.576000213623047, -4.932000160217285, -0.0, 0.0, 0.0, 0.0] imu_ang_vel=[-0.02343653328716755, 0.5337137579917908, 1.4562609195709229] imu_quat_wxyz=[0.9912343621253967, 0.006349933333694935, 0.003337283618748188, -0.13192060589790344]
joint_pos=[18.468000411987305, -4.932000160217285, -0.0, 0.0, 0.0, 0.0] imu_ang_vel=[-0.02343653328716755, 0.5337137579917908, 1.4562609195709229] imu_quat_wxyz=[0.9912343621253967, 0.006349933333694935, 0.003337283618748188, -0.13192060589790344]
joint_pos=[18.395999908447266, -4.932000160217285, -0.0, 0.0, 0.0, 0.0] imu_ang_vel=[-1.2581156492233276, 0.9385265707969666, 2.331934928894043] imu_quat_wxyz=[0.997281551361084, 0.003538079559803009, 0.013510513119399548, -0.07234886288642883]
joint_pos=[18.360000610351562, -4.932000160217285, -0.0, 0.0, 0.0, 0.0] imu_ang_vel=[-1.2581156492233276, 0.9385265707969666, 2.331934928894043] imu_quat_wxyz=[0.997281551361084, 0.003538079559803009, 0.013510513119399548, -0.07234886288642883]
joint_pos=[18.288000106811523, -4.932000160217285, -0.0, 0.0, 0.0, 0.0] imu_ang_vel=[0.48790600895881653, 0.6530269980430603, 0.39948636293411255] imu_quat_wxyz=[0.9993869066238403, -0.019749658182263374, 0.009966902434825897, -0.02713741548359394]
joint_pos=[18.18000030517578, -4.932000160217285, -0.0, 0.0, 0.0, 0.0] imu_ang_vel=[0.48790600895881653, 0.6530269980430603, 0.39948636293411255] imu_quat_wxyz=[0.9993869066238403, -0.019749658182263374, 0.009966902434825897, -0.02713741548359394]
joint_pos=[18.143999099731445, -4.932000160217285, -0.0, 0.0, 0.0, 0.0] imu_ang_vel=[0.3068055212497711, 0.46446946263313293, -0.8351927995681763] imu_quat_wxyz=[0.9994956851005554, -0.023174865171313286, 0.01261095516383648, -0.017667490988969803]
joint_pos=[18.07200050354004, -4.932000160217285, -0.0, 0.0, 0.0, 0.0] imu_ang_vel=[0.3068055212497711, 0.46446946263313293, -0.8351927995681763] imu_quat_wxyz=[0.9994956851005554, -0.023174865171313286, 0.01261095516383648, -0.017667490988969803]
joint_pos=[18.0, -4.932000160217285, -0.0, 0.0, 0.0, 0.0] imu_ang_vel=[0.3653968572616577, 0.5070813298225403, -0.5837827324867249] imu_quat_wxyz=[0.9996640086174011, -0.01320713758468628, 0.021679284051060677, -0.005233861971646547]
joint_pos=[17.892000198364258, -4.932000160217285, -0.0, 0.0, 0.0, 0.0] imu_ang_vel=[0.3653968572616577, 0.5070813298225403, -0.5837827324867249] imu_quat_wxyz=[0.9996640086174011, -0.01320713758468628, 0.021679284051060677, -0.005233861971646547]
joint_pos=[17.892000198364258, -4.932000160217285, -0.0, 0.0, 0.0, 0.0] imu_ang_vel=[0.0, 0.03195890784263611, 0.015979453921318054] imu_quat_wxyz=[0.9994933605194092, -0.008186282590031624, 0.02548244222998619, 0.017223825678229332]
joint_pos=[17.81999969482422, -4.932000160217285, -0.0, 0.0, 0.0, 0.0] imu_ang_vel=[0.0, 0.03195890784263611, 0.015979453921318054] imu_quat_wxyz=[0.9994933605194092, -0.008186282590031624, 0.02548244222998619, 0.017223825678229332]
joint_pos=[17.711999893188477, -4.932000160217285, -0.0, 0.0, 0.0, 0.0] imu_ang_vel=[0.08948494493961334, 0.12783563137054443, 0.045807767659425735] imu_quat_wxyz=[0.9985901117324829, -0.005919004324823618, 0.026471445336937904, 0.045627132058143616]
joint_pos=[17.639999389648438, -4.932000160217285, -0.0, 0.0, 0.0, 0.0] imu_ang_vel=[0.08948494493961334, 0.12783563137054443, 0.045807767659425735] imu_quat_wxyz=[0.9985901117324829, -0.005919004324823618, 0.026471445336937904, 0.045627132058143616]
joint_pos=[17.639999389648438, -4.932000160217285, -0.0, 0.0, 0.0, 0.0] imu_ang_vel=[0.010652969591319561, 0.054330144077539444, 0.17470869421958923] imu_quat_wxyz=[0.9972698092460632, -0.008955282159149647, 0.022702332586050034, 0.06969453394412994]
joint_pos=[17.46000099182129, -4.932000160217285, -0.0, 0.0, 0.0, 0.0] imu_ang_vel=[0.010652969591319561, 0.054330144077539444, 0.17470869421958923] imu_quat_wxyz=[0.9972698092460632, -0.008955282159149647, 0.022702332586050034, 0.06969453394412994]
joint_pos=[17.423999786376953, -4.932000160217285, -0.0, 0.0, 0.0, 0.0] imu_ang_vel=[-0.20453700423240662, -0.22158175706863403, 0.38457220792770386] imu_quat_wxyz=[0.9956001043319702, -0.014394303783774376, 0.018065378069877625, 0.09081310778856277]
joint_pos=[17.423999786376953, -4.932000160217285, -0.0, 0.0, 0.0, 0.0] imu_ang_vel=[-0.20453700423240662, -0.22158175706863403, 0.38457220792770386] imu_quat_wxyz=[0.9956001043319702, -0.014394303783774376, 0.018065378069877625, 0.09081310778856277]
joint_pos=[17.31599998474121, -4.932000160217285, -0.0, 0.0, 0.0, 0.0] imu_ang_vel=[0.164055734872818, 0.13635800778865814, 0.49855896830558777] imu_quat_wxyz=[0.9938579201698303, -0.01868966594338417, 0.014773876406252384, 0.10806760936975479]
joint_pos=[17.20800018310547, -4.932000160217285, -0.0, 0.0, 0.0, 0.0] imu_ang_vel=[0.164055734872818, 0.13635800778865814, 0.49855896830558777] imu_quat_wxyz=[0.9938579201698303, -0.01868966594338417, 0.014773876406252384, 0.10806760936975479]
joint_pos=[17.20800018310547, -4.932000160217285, -0.0, 0.0, 0.0, 0.0] imu_ang_vel=[0.06178722158074379, 0.0, 0.4857754111289978] imu_quat_wxyz=[0.9915977120399475, -0.023543858900666237, 0.01235270220786333, 0.12659774720668793]
joint_pos=[17.13599967956543, -4.932000160217285, -0.0, 0.0, 0.0, 0.0] imu_ang_vel=[0.06178722158074379, 0.0, 0.4857754111289978] imu_quat_wxyz=[0.9915977120399475, -0.023543858900666237, 0.01235270220786333, 0.12659774720668793]
joint_pos=[17.027999877929688, -4.932000160217285, -0.0, 0.0, 0.0, 0.0] imu_ang_vel=[-0.17683929204940796, -0.2918913662433624, 0.5145384073257446] imu_quat_wxyz=[0.9877654910087585, -0.027144400402903557, 0.009960779920220375, 0.15324296057224274]
joint_pos=[17.027999877929688, -4.932000160217285, -0.0, 0.0, 0.0, 0.0] imu_ang_vel=[-0.17683929204940796, -0.2918913662433624, 0.5145384073257446] imu_quat_wxyz=[0.9877654910087585, -0.027144400402903557, 0.009960779920220375, 0.15324296057224274]
joint_pos=[16.920000076293945, -4.932000160217285, -0.0, 0.0, 0.0, 0.0] imu_ang_vel=[-0.060721926391124725, -0.1523374617099762, 0.46340417861938477] imu_quat_wxyz=[0.983587920665741, -0.03162936493754387, 0.00505782151594758, 0.17756302654743195]
joint_pos=[16.884000778198242, -4.932000160217285, -0.0, 0.0, 0.0, 0.0] imu_ang_vel=[-0.060721926391124725, -0.1523374617099762, 0.46340417861938477] imu_quat_wxyz=[0.983587920665741, -0.03162936493754387, 0.00505782151594758, 0.17756302654743195]
joint_pos=[16.884000778198242, -4.932000160217285, -0.0, 0.0, 0.0, 0.0] imu_ang_vel=[0.0, -0.030893610790371895, 0.33556854724884033] imu_quat_wxyz=[0.9804988503456116, -0.039652395993471146, -0.0015780205139890313, 0.19247660040855408]
joint_pos=[16.70400047302246, -4.932000160217285, -0.0, 0.0, 0.0, 0.0] imu_ang_vel=[0.0, -0.030893610790371895, 0.33556854724884033] imu_quat_wxyz=[0.9804988503456116, -0.039652395993471146, -0.0015780205139890313, 0.19247660040855408]
joint_pos=[16.668001174926758, -4.932000160217285, -0.0, 0.0, 0.0, 0.0] imu_ang_vel=[-0.07989726960659027, -0.12144385278224945, 0.21732057631015778] imu_quat_wxyz=[0.9785253405570984, -0.04683447256684303, -0.0011124369921162724, 0.20073217153549194]
joint_pos=[16.668001174926758, -4.932000160217285, -0.0, 0.0, 0.0, 0.0] imu_ang_vel=[-0.07989726960659027, -0.12144385278224945, 0.21732057631015778] imu_quat_wxyz=[0.9785253405570984, -0.04683447256684303, -0.0011124369921162724, 0.20073217153549194]
joint_pos=[16.559999465942383, -4.932000160217285, -0.0, 0.0, 0.0, 0.0] imu_ang_vel=[0.18110047280788422, 0.18216577172279358, 0.0] imu_quat_wxyz=[0.9773046374320984, -0.05139549449086189, 0.0029151521157473326, 0.20548877120018005]
joint_pos=[16.488000869750977, -4.932000160217285, -0.0, 0.0, 0.0, 0.0] imu_ang_vel=[0.18110047280788422, 0.18216577172279358, 0.0] imu_quat_wxyz=[0.9773046374320984, -0.05139549449086189, 0.0029151521157473326, 0.20548877120018005]
joint_pos=[16.488000869750977, -4.932000160217285, -0.0, 0.0, 0.0, 0.0] imu_ang_vel=[-0.06178722158074379, 0.0, -0.2428877055644989] imu_quat_wxyz=[0.9768354892730713, -0.05623944476246834, 0.004259074106812477, 0.20642517507076263]
joint_pos=[16.416000366210938, -4.932000160217285, -0.0, 0.0, 0.0, 0.0] imu_ang_vel=[-0.06178722158074379, 0.0, -0.2428877055644989] imu_quat_wxyz=[0.9768354892730713, -0.05623944476246834, 0.004259074106812477, 0.20642517507076263]
joint_pos=[16.308000564575195, -4.932000160217285, -0.0, 0.0, 0.0, 0.0] imu_ang_vel=[-0.06285251677036285, 0.022371236234903336, -0.3536785840988159] imu_quat_wxyz=[0.9767089486122131, -0.05990154668688774, 0.003572524059563875, 0.20600616931915283]
joint_pos=[16.308000564575195, -4.932000160217285, -0.0, 0.0, 0.0, 0.0] imu_ang_vel=[-0.06285251677036285, 0.022371236234903336, -0.3536785840988159] imu_quat_wxyz=[0.9767089486122131, -0.05990154668688774, 0.003572524059563875, 0.20600616931915283]
joint_pos=[16.200000762939453, -4.932000160217285, -0.0, 0.0, 0.0, 0.0] imu_ang_vel=[0.13635800778865814, 0.25886714458465576, -0.5092119574546814] imu_quat_wxyz=[0.9769466519355774, -0.06472024321556091, 0.00036573607940226793, 0.2034362256526947]
joint_pos=[16.128000259399414, -4.932000160217285, -0.0, 0.0, 0.0, 0.0] imu_ang_vel=[0.13635800778865814, 0.25886714458465576, -0.5092119574546814] imu_quat_wxyz=[0.9769466519355774, -0.06472024321556091, 0.00036573607940226793, 0.2034362256526947]
joint_pos=[16.055999755859375, -4.932000160217285, -0.0, 0.0, 0.0, 0.0] imu_ang_vel=[0.17470869421958923, 0.2950872480869293, -0.5986968874931335] imu_quat_wxyz=[0.9773774743080139, -0.06520877033472061, -7.225535955512896e-05, 0.20119884610176086]
joint_pos=[16.020000457763672, -4.932000160217285, -0.0, 0.0, 0.0, 0.0] imu_ang_vel=[0.17470869421958923, 0.2950872480869293, -0.5986968874931335] imu_quat_wxyz=[0.9773774743080139, -0.06520877033472061, -7.225535955512896e-05, 0.20119884610176086]
joint_pos=[15.911999702453613, -4.932000160217285, -0.0, 0.0, 0.0, 0.0] imu_ang_vel=[0.3653968572616577, 0.4623388648033142, -0.4911018908023834] imu_quat_wxyz=[0.9771862626075745, -0.05753999575972557, 0.00599858071655035, 0.2043529450893402]
joint_pos=[15.87600040435791, -4.932000160217285, -0.0, 0.0, 0.0, 0.0] imu_ang_vel=[0.3653968572616577, 0.4623388648033142, -0.4911018908023834] imu_quat_wxyz=[0.9771862626075745, -0.05753999575972557, 0.00599858071655035, 0.2043529450893402]
joint_pos=[15.84000015258789, -4.932000160217285, -0.0, 0.0, 0.0, 0.0] imu_ang_vel=[0.23649592697620392, 0.3217196762561798, -0.4101393222808838] imu_quat_wxyz=[0.9754972457885742, -0.05067584663629532, 0.010648160241544247, 0.21383078396320343]
joint_pos=[15.767999649047852, -4.932000160217285, -0.0, 0.0, 0.0, 0.0] imu_ang_vel=[0.23649592697620392, 0.3217196762561798, -0.4101393222808838] imu_quat_wxyz=[0.9754972457885742, -0.05067584663629532, 0.010648160241544247, 0.21383078396320343]
joint_pos=[15.696000099182129, -4.932000160217285, -0.0, 0.0, 0.0, 0.0] imu_ang_vel=[0.07350549101829529, 0.13209682703018188, -0.4325105547904968] imu_quat_wxyz=[0.9725375175476074, -0.04821066930890083, 0.01795579120516777, 0.22698943316936493]
joint_pos=[15.65999984741211, -4.932000160217285, -0.0, 0.0, 0.0, 0.0] imu_ang_vel=[0.07350549101829529, 0.13209682703018188, -0.4325105547904968] imu_quat_wxyz=[0.9725375175476074, -0.04821066930890083, 0.01795579120516777, 0.22698943316936493]
joint_pos=[15.624000549316406, -4.932000160217285, -0.0, 0.0, 0.0, 0.0] imu_ang_vel=[0.057526033371686935, 0.10013791173696518, -0.5156037211418152] imu_quat_wxyz=[0.9694905877113342, -0.05191100761294365, 0.02113625779747963, 0.23863448202610016]
joint_pos=[15.552000045776367, -4.932000160217285, -0.0, 0.0, 0.0, 0.0] imu_ang_vel=[0.057526033371686935, 0.10013791173696518, -0.5156037211418152] imu_quat_wxyz=[0.9694905877113342, -0.05191100761294365, 0.02113625779747963, 0.23863448202610016]
joint_pos=[15.480000495910645, -4.932000160217285, -0.0, 0.0, 0.0, 0.0] imu_ang_vel=[-0.2279735505580902, -0.18110047280788422, -0.5230607986450195] imu_quat_wxyz=[0.9668989777565002, -0.05757415294647217, 0.01938379369676113, 0.24782222509384155]
joint_pos=[15.444000244140625, -4.932000160217285, -0.0, 0.0, 0.0, 0.0] imu_ang_vel=[-0.2279735505580902, -0.18110047280788422, -0.5230607986450195] imu_quat_wxyz=[0.9668989777565002, -0.05757415294647217, 0.01938379369676113, 0.24782222509384155]
joint_pos=[15.408000946044922, -4.932000160217285, -0.0, 0.0, 0.0, 0.0] imu_ang_vel=[0.0, 0.054330144077539444, -0.4911018908023834] imu_quat_wxyz=[0.9650372862815857, -0.06365873664617538, 0.013788354583084583, 0.2538907825946808]
joint_pos=[15.335999488830566, -4.932000160217285, -0.0, 0.0, 0.0, 0.0] imu_ang_vel=[0.0, 0.054330144077539444, -0.4911018908023834] imu_quat_wxyz=[0.9650372862815857, -0.06365873664617538, 0.013788354583084583, 0.2538907825946808]
joint_pos=[15.300000190734863, -4.932000160217285, -0.0, 0.0, 0.0, 0.0] imu_ang_vel=[-0.02024064213037491, 0.06391781568527222, -0.5113425254821777] imu_quat_wxyz=[0.9639236927032471, -0.06661472469568253, 0.004340941086411476, 0.2576720118522644]
joint_pos=[15.263999938964844, -4.932000160217285, -0.0, 0.0, 0.0, 0.0] imu_ang_vel=[-0.02024064213037491, 0.06391781568527222, -0.5113425254821777] imu_quat_wxyz=[0.9639236927032471, -0.06661472469568253, 0.004340941086411476, 0.2576720118522644]
joint_pos=[15.191999435424805, -4.932000160217285, -0.0, 0.0, 0.0, 0.0] imu_ang_vel=[0.17470869421958923, 0.26525893807411194, -0.6349169611930847] imu_quat_wxyz=[0.9637722373008728, -0.06831194460391998, 0.0054653845727443695, 0.25777238607406616]
joint_pos=[15.191999435424805, -4.932000160217285, -0.0, 0.0, 0.0, 0.0] imu_ang_vel=[0.17470869421958923, 0.26525893807411194, -0.6349169611930847] imu_quat_wxyz=[0.9637722373008728, -0.06831194460391998, 0.0054653845727443695, 0.25777238607406616]
joint_pos=[15.191999435424805, -4.932000160217285, -0.0, 0.0, 0.0, 0.0] imu_ang_vel=[0.13422740995883942, 0.16831691563129425, -0.5582156181335449] imu_quat_wxyz=[0.9638395309448242, -0.06798368692398071, 0.012189557775855064, 0.25737708806991577]
joint_pos=[15.04800033569336, -4.932000160217285, -0.0, 0.0, 0.0, 0.0] imu_ang_vel=[0.13422740995883942, 0.16831691563129425, -0.5582156181335449] imu_quat_wxyz=[0.9638395309448242, -0.06798368692398071, 0.012189557775855064, 0.25737708806991577]
joint_pos=[15.04800033569336, -4.932000160217285, -0.0, 0.0, 0.0, 0.0] imu_ang_vel=[-0.05326484516263008, -0.06711370497941971, -0.45168590545654297] imu_quat_wxyz=[0.9638534784317017, -0.06725110858678818, 0.014957587234675884, 0.25737130641937256]
joint_pos=[15.04800033569336, -4.932000160217285, -0.0, 0.0, 0.0, 0.0] imu_ang_vel=[-0.05326484516263008, -0.06711370497941971, -0.45168590545654297] imu_quat_wxyz=[0.9638534784317017, -0.06725110858678818, 0.014957587234675884, 0.25737130641937256]
joint_pos=[14.904000282287598, -4.932000160217285, -0.0, 0.0, 0.0, 0.0] imu_ang_vel=[0.08735434710979462, 0.08309315890073776, -0.5837827324867249] imu_quat_wxyz=[0.9648805260658264, -0.06625691056251526, 0.019124124199151993, 0.25347569584846497]
joint_pos=[14.904000282287598, -4.932000160217285, -0.0, 0.0, 0.0, 0.0] imu_ang_vel=[0.08735434710979462, 0.08309315890073776, -0.5837827324867249] imu_quat_wxyz=[0.9648805260658264, -0.06625691056251526, 0.019124124199151993, 0.25347569584846497]
joint_pos=[14.904000282287598, -4.932000160217285, -0.0, 0.0, 0.0, 0.0] imu_ang_vel=[-0.022371236234903336, -0.05646073818206787, -0.44635942578315735] imu_quat_wxyz=[0.9644836187362671, -0.06378635764122009, 0.025251522660255432, 0.2550784945487976]
joint_pos=[14.760000228881836, -4.932000160217285, -0.0, 0.0, 0.0, 0.0] imu_ang_vel=[-0.022371236234903336, -0.05646073818206787, -0.44635942578315735] imu_quat_wxyz=[0.9644836187362671, -0.06378635764122009, 0.025251522660255432, 0.2550784945487976]
joint_pos=[14.760000228881836, -4.932000160217285, -0.0, 0.0, 0.0, 0.0] imu_ang_vel=[-0.24501828849315643, -0.3046749234199524, -0.16192513704299927] imu_quat_wxyz=[0.9630181193351746, -0.060163844376802444, 0.02817283757030964, 0.26111823320388794]
joint_pos=[14.760000228881836, -4.932000160217285, -0.0, 0.0, 0.0, 0.0] imu_ang_vel=[-0.24501828849315643, -0.3046749234199524, -0.16192513704299927] imu_quat_wxyz=[0.9630181193351746, -0.060163844376802444, 0.02817283757030964, 0.26111823320388794]
joint_pos=[14.61600112915039, -4.932000160217285, -0.0, 0.0, 0.0, 0.0] imu_ang_vel=[-0.2833689749240875, -0.3313073515892029, 0.09694202244281769] imu_quat_wxyz=[0.9627531170845032, -0.05921938642859459, 0.02360561117529869, 0.2627588212490082]
joint_pos=[14.61600112915039, -4.932000160217285, -0.0, 0.0, 0.0, 0.0] imu_ang_vel=[-0.2833689749240875, -0.3313073515892029, 0.09694202244281769] imu_quat_wxyz=[0.9627531170845032, -0.05921938642859459, 0.02360561117529869, 0.2627588212490082]
joint_pos=[14.61600112915039, -4.932000160217285, -0.0, 0.0, 0.0, 0.0] imu_ang_vel=[-0.42079228162765503, -0.4708612561225891, 0.08415845781564713] imu_quat_wxyz=[0.9630888104438782, -0.06565291434526443, 0.013705923222005367, 0.2606946527957916]
joint_pos=[14.471999168395996, -4.932000160217285, -0.0, 0.0, 0.0, 0.0] imu_ang_vel=[-0.42079228162765503, -0.4708612561225891, 0.08415845781564713] imu_quat_wxyz=[0.9630888104438782, -0.06565291434526443, 0.013705923222005367, 0.2606946527957916]
joint_pos=[14.471999168395996, -4.932000160217285, -0.0, 0.0, 0.0, 0.0] imu_ang_vel=[-0.8032338619232178, -0.8170827627182007, 0.1054643988609314] imu_quat_wxyz=[0.9619297981262207, -0.07404939085245132, -0.0016407837392762303, 0.2630684971809387]
joint_pos=[14.471999168395996, -4.932000160217285, -0.0, 0.0, 0.0, 0.0] imu_ang_vel=[-0.8032338619232178, -0.8170827627182007, 0.1054643988609314] imu_quat_wxyz=[0.9619297981262207, -0.07404939085245132, -0.0016407837392762303, 0.2630684971809387]
joint_pos=[14.32800006866455, -4.932000160217285, -0.0, 0.0, 0.0, 0.0] imu_ang_vel=[-0.054330144077539444, -0.012783562764525414, 0.04793836176395416] imu_quat_wxyz=[0.9623417258262634, -0.08190546184778214, -0.010395325720310211, 0.25900137424468994]
joint_pos=[14.32800006866455, -4.932000160217285, -0.0, 0.0, 0.0, 0.0] imu_ang_vel=[-0.054330144077539444, -0.012783562764525414, 0.04793836176395416] imu_quat_wxyz=[0.9623417258262634, -0.08190546184778214, -0.010395325720310211, 0.25900137424468994]
joint_pos=[14.32800006866455, -4.932000160217285, -0.0, 0.0, 0.0, 0.0] imu_ang_vel=[-0.24182240664958954, -0.21838587522506714, -0.05965662747621536] imu_quat_wxyz=[0.9617362022399902, -0.0906180888414383, -0.017102008685469627, 0.25799116492271423]
joint_pos=[14.184000015258789, -4.932000160217285, -0.0, 0.0, 0.0, 0.0] imu_ang_vel=[-0.24182240664958954, -0.21838587522506714, -0.05965662747621536] imu_quat_wxyz=[0.9617362022399902, -0.0906180888414383, -0.017102008685469627, 0.25799116492271423]
joint_pos=[14.14799976348877, -4.932000160217285, -0.0, 0.0, 0.0, 0.0] imu_ang_vel=[-0.3717886209487915, -0.3685927391052246, -0.14274978637695312] imu_quat_wxyz=[0.9633355736732483, -0.1006232351064682, -0.023253992199897766, 0.24762606620788574]
joint_pos=[14.14799976348877, -4.932000160217285, -0.0, 0.0, 0.0, 0.0] imu_ang_vel=[-0.3717886209487915, -0.3685927391052246, -0.14274978637695312] imu_quat_wxyz=[0.9633355736732483, -0.1006232351064682, -0.023253992199897766, 0.24762606620788574]
joint_pos=[14.039999961853027, -4.932000160217285, -0.0, 0.0, 0.0, 0.0] imu_ang_vel=[0.03622009605169296, 0.07776667922735214, -0.1874922662973404] imu_quat_wxyz=[0.9680794477462769, -0.10806167870759964, -0.020116500556468964, 0.2252558320760727]
joint_pos=[13.968000411987305, -4.932000160217285, -0.0, 0.0, 0.0, 0.0] imu_ang_vel=[0.03622009605169296, 0.07776667922735214, -0.1874922662973404] imu_quat_wxyz=[0.9680794477462769, -0.10806167870759964, -0.020116500556468964, 0.2252558320760727]
joint_pos=[13.932000160217285, -4.932000160217285, -0.0, 0.0, 0.0, 0.0] imu_ang_vel=[-0.09694202244281769, 0.0, -0.24182240664958954] imu_quat_wxyz=[0.9727351665496826, -0.1092664897441864, -0.016251854598522186, 0.20391881465911865]
joint_pos=[13.896000862121582, -4.932000160217285, -0.0, 0.0, 0.0, 0.0] imu_ang_vel=[-0.09694202244281769, 0.0, -0.24182240664958954] imu_quat_wxyz=[0.9727351665496826, -0.1092664897441864, -0.016251854598522186, 0.20391881465911865]
joint_pos=[13.859999656677246, -4.932000160217285, -0.0, 0.0, 0.0, 0.0] imu_ang_vel=[0.039415985345840454, 0.20347172021865845, -0.13316211104393005] imu_quat_wxyz=[0.9755896329879761, -0.1032017394900322, -0.010753819718956947, 0.19354192912578583]
joint_pos=[13.751999855041504, -4.932000160217285, -0.0, 0.0, 0.0, 0.0] imu_ang_vel=[0.039415985345840454, 0.20347172021865845, -0.13316211104393005] imu_quat_wxyz=[0.9755896329879761, -0.1032017394900322, -0.010753819718956947, 0.19354192912578583]
joint_pos=[13.751999855041504, -4.932000160217285, -0.0, 0.0, 0.0, 0.0] imu_ang_vel=[-0.09481142461299896, 0.06817900389432907, -0.04793836176395416] imu_quat_wxyz=[0.9785013198852539, -0.10964640974998474, -0.008473198860883713, 0.17447371780872345]
joint_pos=[13.751999855041504, -4.932000160217285, -0.0, 0.0, 0.0, 0.0] imu_ang_vel=[-0.09481142461299896, 0.06817900389432907, -0.04793836176395416] imu_quat_wxyz=[0.9785013198852539, -0.10964640974998474, -0.008473198860883713, 0.17447371780872345]
joint_pos=[13.53600025177002, -4.932000160217285, -0.0, 0.0, 0.0, 0.0] imu_ang_vel=[-0.06498311460018158, 0.04793836176395416, 0.2844342887401581] imu_quat_wxyz=[0.9799785614013672, -0.13123367726802826, -0.00788982305675745, 0.14952436089515686]
joint_pos=[13.500000953674316, -4.932000160217285, -0.0, 0.0, 0.0, 0.0] imu_ang_vel=[-0.06498311460018158, 0.04793836176395416, 0.2844342887401581] imu_quat_wxyz=[0.9799785614013672, -0.13123367726802826, -0.00788982305675745, 0.14952436089515686]
joint_pos=[13.500000953674316, -4.932000160217285, -0.0, 0.0, 0.0, 0.0] imu_ang_vel=[0.16512101888656616, 0.24395300447940826, 0.11079087853431702] imu_quat_wxyz=[0.9798200130462646, -0.16042442619800568, -0.01098309364169836, 0.11872706562280655]
joint_pos=[13.428000450134277, -4.932000160217285, -0.0, 0.0, 0.0, 0.0] imu_ang_vel=[0.16512101888656616, 0.24395300447940826, 0.11079087853431702] imu_quat_wxyz=[0.9798200130462646, -0.16042442619800568, -0.01098309364169836, 0.11872706562280655]
joint_pos=[13.355998992919922, -4.932000160217285, -0.0, 0.0, 0.0, 0.0] imu_ang_vel=[0.1491415649652481, 0.13635800778865814, 0.22158175706863403] imu_quat_wxyz=[0.9797044992446899, -0.18254123628139496, -0.012297880835831165, 0.08189302682876587]
joint_pos=[13.355998992919922, -4.932000160217285, -0.0, 0.0, 0.0, 0.0] imu_ang_vel=[0.1491415649652481, 0.13635800778865814, 0.22158175706863403] imu_quat_wxyz=[0.9797044992446899, -0.18254123628139496, -0.012297880835831165, 0.08189302682876587]
joint_pos=[13.319999694824219, -4.932000160217285, -0.0, 0.0, 0.0, 0.0] imu_ang_vel=[0.1491415649652481, 0.057526033371686935, 0.44103294610977173] imu_quat_wxyz=[0.9792323708534241, -0.19793912768363953, -0.013422765769064426, 0.04175925627350807]
joint_pos=[13.176000595092773, -4.932000160217285, -0.0, 0.0, 0.0, 0.0] imu_ang_vel=[0.1491415649652481, 0.057526033371686935, 0.44103294610977173] imu_quat_wxyz=[0.9792323708534241, -0.19793912768363953, -0.013422765769064426, 0.04175925627350807]
joint_pos=[13.176000595092773, -4.932000160217285, -0.0, 0.0, 0.0, 0.0] imu_ang_vel=[0.1139867752790451, 0.021305939182639122, 0.39948636293411255] imu_quat_wxyz=[0.9785912036895752, -0.20547108352184296, -0.010775790549814701, 0.004960428923368454]
joint_pos=[13.176000595092773, -4.932000160217285, -0.0, 0.0, 0.0, 0.0] imu_ang_vel=[0.1139867752790451, 0.021305939182639122, 0.39948636293411255] imu_quat_wxyz=[0.9785912036895752, -0.20547108352184296, -0.010775790549814701, 0.004960428923368454]
joint_pos=[13.032000541687012, -4.932000160217285, -0.0, 0.0, 0.0, 0.0] imu_ang_vel=[0.3771151006221771, 0.30574020743370056, 0.4708612561225891] imu_quat_wxyz=[0.9788289666175842, -0.20304067432880402, -0.0031716341618448496, -0.025655539706349373]
joint_pos=[13.032000541687012, -4.932000160217285, -0.0, 0.0, 0.0, 0.0] imu_ang_vel=[0.3771151006221771, 0.30574020743370056, 0.4708612561225891] imu_quat_wxyz=[0.9788289666175842, -0.20304067432880402, -0.0031716341618448496, -0.025655539706349373]
joint_pos=[13.032000541687012, -4.932000160217285, -0.0, 0.0, 0.0, 0.0] imu_ang_vel=[0.08096256852149963, -0.039415985345840454, 0.5709991455078125] imu_quat_wxyz=[0.9779205322265625, -0.20216278731822968, 0.0016279305564239621, -0.05290447548031807]
joint_pos=[12.887999534606934, -4.932000160217285, -0.0, 0.0, 0.0, 0.0] imu_ang_vel=[0.08096256852149963, -0.039415985345840454, 0.5709991455078125] imu_quat_wxyz=[0.9779205322265625, -0.20216278731822968, 0.0016279305564239621, -0.05290447548031807]
joint_pos=[12.887999534606934, -4.932000160217285, -0.0, 0.0, 0.0, 0.0] imu_ang_vel=[-0.017044750973582268, -0.17151281237602234, 0.6647452712059021] imu_quat_wxyz=[0.976373553276062, -0.20378732681274414, 0.001818438759073615, -0.07184753566980362]
joint_pos=[12.887999534606934, -4.932000160217285, -0.0, 0.0, 0.0, 0.0] imu_ang_vel=[-0.017044750973582268, -0.17151281237602234, 0.6647452712059021] imu_quat_wxyz=[0.976373553276062, -0.20378732681274414, 0.001818438759073615, -0.07184753566980362]
joint_pos=[12.743999481201172, -4.932000160217285, -0.0, 0.0, 0.0, 0.0] imu_ang_vel=[0.23010413348674774, 0.0585913322865963, 0.6924430131912231] imu_quat_wxyz=[0.976373553276062, -0.20378732681274414, 0.001818438759073615, -0.07184753566980362]
joint_pos=[12.743999481201172, -4.932000160217285, -0.0, 0.0, 0.0, 0.0] imu_ang_vel=[0.23010413348674774, 0.0585913322865963, 0.6924430131912231] imu_quat_wxyz=[0.9760918021202087, -0.20059256255626678, 0.005433575715869665, -0.08353311568498611]
joint_pos=[12.743999481201172, -4.932000160217285, -0.0, 0.0, 0.0, 0.0] imu_ang_vel=[0.22158175706863403, -0.02343653328716755, 0.6796594262123108] imu_quat_wxyz=[0.9760918021202087, -0.20059256255626678, 0.005433575715869665, -0.08353311568498611]
joint_pos=[12.600000381469727, -4.932000160217285, -0.0, 0.0, 0.0, 0.0] imu_ang_vel=[0.22158175706863403, -0.02343653328716755, 0.6796594262123108] imu_quat_wxyz=[0.9760650992393494, -0.1975734829902649, 0.008027071133255959, -0.09053841233253479]
joint_pos=[12.600000381469727, -4.932000160217285, -0.0, 0.0, 0.0, 0.0] imu_ang_vel=[0.17044751346111298, -0.10226850211620331, 0.602958083152771] imu_quat_wxyz=[0.9760650992393494, -0.1975734829902649, 0.008027071133255959, -0.09053841233253479]
joint_pos=[12.600000381469727, -4.932000160217285, -0.0, 0.0, 0.0, 0.0] imu_ang_vel=[0.17044751346111298, -0.10226850211620331, 0.602958083152771] imu_quat_wxyz=[0.9756622314453125, -0.19662432372570038, 0.007506122812628746, -0.09677577763795853]
joint_pos=[12.456000328063965, -4.932000160217285, -0.0, 0.0, 0.0, 0.0] imu_ang_vel=[0.37604981660842896, 0.1374233067035675, 0.5859133005142212] imu_quat_wxyz=[0.9756622314453125, -0.19662432372570038, 0.007506122812628746, -0.09677577763795853]
joint_pos=[12.456000328063965, -4.932000160217285, -0.0, 0.0, 0.0, 0.0] imu_ang_vel=[0.37604981660842896, 0.1374233067035675, 0.5859133005142212] imu_quat_wxyz=[0.9760057330131531, -0.19118565320968628, 0.009660408832132816, -0.10376624017953873]
joint_pos=[12.456000328063965, -4.932000160217285, -0.0, 0.0, 0.0, 0.0] imu_ang_vel=[0.2961525619029999, 0.08522375673055649, 0.5102772116661072] imu_quat_wxyz=[0.9760057330131531, -0.19118565320968628, 0.009660408832132816, -0.10376624017953873]
joint_pos=[12.347999572753906, -4.932000160217285, -0.0, 0.0, 0.0, 0.0] imu_ang_vel=[0.2961525619029999, 0.08522375673055649, 0.5102772116661072] imu_quat_wxyz=[0.9753872156143188, -0.19011422991752625, 0.007539568934589624, -0.11144264042377472]
joint_pos=[12.347999572753906, -4.932000160217285, -0.0, 0.0, 0.0, 0.0] imu_ang_vel=[-0.02343653328716755, -0.18003518879413605, 0.36220094561576843] imu_quat_wxyz=[0.9753872156143188, -0.19011422991752625, 0.007539568934589624, -0.11144264042377472]
joint_pos=[12.347999572753906, -4.932000160217285, -0.0, 0.0, 0.0, 0.0] imu_ang_vel=[-0.02343653328716755, -0.18003518879413605, 0.36220094561576843] imu_quat_wxyz=[0.9747710227966309, -0.18801404535770416, 0.007142673246562481, -0.12008828669786453]
joint_pos=[12.276000022888184, -4.932000160217285, -0.0, 0.0, 0.0, 0.0] imu_ang_vel=[0.06711370497941971, -0.015979453921318054, 0.29082605242729187] imu_quat_wxyz=[0.9747710227966309, -0.18801404535770416, 0.007142673246562481, -0.12008828669786453]
joint_pos=[12.204000473022461, -4.932000160217285, -0.0, 0.0, 0.0, 0.0] imu_ang_vel=[0.06711370497941971, -0.015979453921318054, 0.29082605242729187] imu_quat_wxyz=[0.9745340943336487, -0.18327155709266663, 0.009159926325082779, -0.1288827657699585]
joint_pos=[12.24000072479248, -4.932000160217285, -0.0, 0.0, 0.0, 0.0] imu_ang_vel=[0.05539543926715851, 0.015979453921318054, 0.17683929204940796] imu_quat_wxyz=[0.9745340943336487, -0.18327155709266663, 0.009159926325082779, -0.1288827657699585]
joint_pos=[12.204000473022461, -4.932000160217285, -0.0, 0.0, 0.0, 0.0] imu_ang_vel=[0.05539543926715851, 0.015979453921318054, 0.17683929204940796] imu_quat_wxyz=[0.9738319516181946, -0.18016794323921204, 0.011282769963145256, -0.13806992769241333]
joint_pos=[12.131999969482422, -4.932000160217285, -0.0, 0.0, 0.0, 0.0] imu_ang_vel=[0.11505206674337387, 0.12783563137054443, 0.0] imu_quat_wxyz=[0.9738319516181946, -0.18016794323921204, 0.011282769963145256, -0.13806992769241333]
joint_pos=[12.131999969482422, -4.932000160217285, -0.0, 0.0, 0.0, 0.0] imu_ang_vel=[0.11505206674337387, 0.12783563137054443, 0.0] imu_quat_wxyz=[0.9741670489311218, -0.17041641473770142, 0.015863703563809395, -0.1473265439271927]
joint_pos=[12.131999969482422, -4.932000160217285, -0.0, 0.0, 0.0, 0.0] imu_ang_vel=[0.05006895586848259, 0.10439909994602203, -0.16831691563129425] imu_quat_wxyz=[0.9741670489311218, -0.17041641473770142, 0.015863703563809395, -0.1473265439271927]
joint_pos=[12.0600004196167, -4.932000160217285, -0.0, 0.0, 0.0, 0.0] imu_ang_vel=[0.05006895586848259, 0.10439909994602203, -0.16831691563129425] imu_quat_wxyz=[0.9750974178314209, -0.15831290185451508, 0.018301522359251976, -0.15423054993152618]
joint_pos=[12.0600004196167, -4.932000160217285, -0.0, 0.0, 0.0, 0.0] imu_ang_vel=[-0.1257050335407257, -0.025567125529050827, -0.35900506377220154] imu_quat_wxyz=[0.9750974178314209, -0.15831290185451508, 0.018301522359251976, -0.15423054993152618]
joint_pos=[12.0600004196167, -4.932000160217285, -0.0, 0.0, 0.0, 0.0] imu_ang_vel=[-0.1257050335407257, -0.025567125529050827, -0.35900506377220154] imu_quat_wxyz=[0.976707935333252, -0.1428617238998413, 0.021757792681455612, -0.1586149036884308]
joint_pos=[12.02400016784668, -4.932000160217285, -0.0, 0.0, 0.0, 0.0] imu_ang_vel=[-0.05965662747621536, 0.11292147636413574, -0.6104151606559753] imu_quat_wxyz=[0.976707935333252, -0.1428617238998413, 0.021757792681455612, -0.1586149036884308]
joint_pos=[12.02400016784668, -4.932000160217285, -0.0, 0.0, 0.0, 0.0] imu_ang_vel=[-0.05965662747621536, 0.11292147636413574, -0.6104151606559753] imu_quat_wxyz=[0.9775101542472839, -0.1302865892648697, 0.022962599992752075, -0.16423137485980988]
joint_pos=[12.02400016784668, -4.932000160217285, -0.0, 0.0, 0.0, 0.0] imu_ang_vel=[-0.09481142461299896, 0.12357444316148758, -0.9577019214630127] imu_quat_wxyz=[0.9775101542472839, -0.1302865892648697, 0.022962599992752075, -0.16423137485980988]
joint_pos=[11.988000869750977, -4.932000160217285, -0.0, 0.0, 0.0, 0.0] imu_ang_vel=[-0.09481142461299896, 0.12357444316148758, -0.9577019214630127] imu_quat_wxyz=[0.9746888279914856, -0.12463616579771042, 0.028290921822190285, -0.18343126773834229]
joint_pos=[11.95199966430664, -4.932000160217285, -0.0, 0.0, 0.0, 0.0] imu_ang_vel=[-0.3046749234199524, -0.08628904819488525, -1.1739572286605835] imu_quat_wxyz=[0.9746888279914856, -0.12463616579771042, 0.028290921822190285, -0.18343126773834229]
joint_pos=[11.916000366210938, -4.932000160217285, -0.0, 0.0, 0.0, 0.0] imu_ang_vel=[-0.3046749234199524, -0.08628904819488525, -1.1739572286605835] imu_quat_wxyz=[0.9685311317443848, -0.13282035291194916, 0.027387196198105812, -0.2087009996175766]
joint_pos=[11.916000366210938, -4.932000160217285, -0.0, 0.0, 0.0, 0.0] imu_ang_vel=[-0.20134112238883972, 0.045807767659425735, -1.2740951776504517] imu_quat_wxyz=[0.9685311317443848, -0.13282035291194916, 0.027387196198105812, -0.2087009996175766]
joint_pos=[11.880000114440918, -4.932000160217285, -0.0, 0.0, 0.0, 0.0] imu_ang_vel=[-0.20134112238883972, 0.045807767659425735, -1.2740951776504517] imu_quat_wxyz=[0.9619333148002625, -0.13131850957870483, 0.0321313813328743, -0.23750187456607819]
joint_pos=[11.844000816345215, -4.932000160217285, -0.0, 0.0, 0.0, 0.0] imu_ang_vel=[-0.0937461331486702, 0.1289009302854538, -1.250658631324768] imu_quat_wxyz=[0.9619333148002625, -0.13131850957870483, 0.0321313813328743, -0.23750187456607819]
joint_pos=[11.807999610900879, -4.932000160217285, -0.0, 0.0, 0.0, 0.0] imu_ang_vel=[-0.0937461331486702, 0.1289009302854538, -1.250658631324768] imu_quat_wxyz=[0.9576582312583923, -0.12327155470848083, 0.03834882378578186, -0.25734031200408936]
joint_pos=[11.807999610900879, -4.932000160217285, -0.0, 0.0, 0.0, 0.0] imu_ang_vel=[-0.11185617744922638, 0.16512101888656616, -1.2368097305297852] imu_quat_wxyz=[0.9576582312583923, -0.12327155470848083, 0.03834882378578186, -0.25734031200408936]
joint_pos=[11.77199935913086, -4.932000160217285, -0.0, 0.0, 0.0, 0.0] imu_ang_vel=[-0.11185617744922638, 0.16512101888656616, -1.2368097305297852] imu_quat_wxyz=[0.94728022813797, -0.12248493731021881, 0.039835020899772644, -0.293378084897995]
joint_pos=[11.736000061035156, -4.932000160217285, -0.0, 0.0, 0.0, 0.0] imu_ang_vel=[-0.11185617744922638, 0.16512101888656616, -1.2368097305297852] imu_quat_wxyz=[0.94728022813797, -0.12248493731021881, 0.039835020899772644, -0.293378084897995]
joint_pos=[11.627999305725098, -4.932000160217285, -0.0, 0.0, 0.0, 0.0] imu_ang_vel=[-0.03195890784263611, 0.2897607684135437, -1.1622389554977417] imu_quat_wxyz=[0.9367837309837341, -0.11911288648843765, 0.04268477484583855, -0.32623034715652466]
joint_pos=[11.627999305725098, -4.932000160217285, -0.0, 0.0, 0.0, 0.0] imu_ang_vel=[-0.03195890784263611, 0.2897607684135437, -1.1622389554977417] imu_quat_wxyz=[0.9367837309837341, -0.11911288648843765, 0.04268477484583855, -0.32623034715652466]
joint_pos=[11.627999305725098, -4.932000160217285, -0.0, 0.0, 0.0, 0.0] imu_ang_vel=[-0.33237263560295105, -0.02982831373810768, -1.0194891691207886] imu_quat_wxyz=[0.9299521446228027, -0.113632433116436, 0.04124126210808754, -0.3472403883934021]
joint_pos=[11.484000205993652, -4.932000160217285, -0.0, 0.0, 0.0, 0.0] imu_ang_vel=[-0.33237263560295105, -0.02982831373810768, -1.0194891691207886] imu_quat_wxyz=[0.9299521446228027, -0.113632433116436, 0.04124126210808754, -0.3472403883934021]
joint_pos=[11.484000205993652, -4.932000160217285, -0.0, 0.0, 0.0, 0.0] imu_ang_vel=[-0.10972558706998825, 0.13316211104393005, -0.7062918543815613] imu_quat_wxyz=[0.9231619834899902, -0.10825643688440323, 0.04147038608789444, -0.3665142059326172]
joint_pos=[11.484000205993652, -4.932000160217285, -0.0, 0.0, 0.0, 0.0] imu_ang_vel=[-0.10972558706998825, 0.13316211104393005, -0.7062918543815613] imu_quat_wxyz=[0.9231619834899902, -0.10825643688440323, 0.04147038608789444, -0.3665142059326172]
joint_pos=[11.34000015258789, -4.932000160217285, -0.0, 0.0, 0.0, 0.0] imu_ang_vel=[0.19494934380054474, 0.21732057631015778, -0.9438530802726746] imu_quat_wxyz=[0.9134926199913025, -0.10429613292217255, 0.0405704639852047, -0.39116179943084717]
joint_pos=[11.34000015258789, -4.932000160217285, -0.0, 0.0, 0.0, 0.0] imu_ang_vel=[0.19494934380054474, 0.21732057631015778, -0.9438530802726746] imu_quat_wxyz=[0.9134926199913025, -0.10429613292217255, 0.0405704639852047, -0.39116179943084717]
joint_pos=[11.34000015258789, -4.932000160217285, -0.0, 0.0, 0.0, 0.0] imu_ang_vel=[0.20560230314731598, 0.09161553531885147, -0.7563608288764954] imu_quat_wxyz=[0.908532977104187, -0.0900147557258606, 0.041612520813941956, -0.40587374567985535]
joint_pos=[11.196000099182129, -4.932000160217285, -0.0, 0.0, 0.0, 0.0] imu_ang_vel=[0.20560230314731598, 0.09161553531885147, -0.7563608288764954] imu_quat_wxyz=[0.908532977104187, -0.0900147557258606, 0.041612520813941956, -0.40587374567985535]
joint_pos=[11.196000099182129, -4.932000160217285, -0.0, 0.0, 0.0, 0.0] imu_ang_vel=[-0.6125457286834717, -0.95344078540802, -0.47618773579597473] imu_quat_wxyz=[0.9046273827552795, -0.07908645272254944, 0.04374576359987259, -0.4165104329586029]
joint_pos=[11.196000099182129, -4.932000160217285, -0.0, 0.0, 0.0, 0.0] imu_ang_vel=[-0.6125457286834717, -0.95344078540802, -0.47618773579597473] imu_quat_wxyz=[0.9046273827552795, -0.07908645272254944, 0.04374576359987259, -0.4165104329586029]
joint_pos=[11.052000045776367, -4.932000160217285, -0.0, 0.0, 0.0, 0.0] imu_ang_vel=[0.07244019210338593, -0.04048128426074982, 0.12677033245563507] imu_quat_wxyz=[0.901428759098053, -0.08282194286584854, 0.039320725947618484, -0.4231080412864685]
joint_pos=[11.015999794006348, -4.932000160217285, -0.0, 0.0, 0.0, 0.0] imu_ang_vel=[0.07244019210338593, -0.04048128426074982, 0.12677033245563507] imu_quat_wxyz=[0.901428759098053, -0.08282194286584854, 0.039320725947618484, -0.4231080412864685]
joint_pos=[11.015999794006348, -4.932000160217285, -0.0, 0.0, 0.0, 0.0] imu_ang_vel=[-0.30574020743370056, -0.3163931965827942, 0.8383886814117432] imu_quat_wxyz=[0.9075967669487, -0.08202020078897476, 0.03944910690188408, -0.4098591208457947]
joint_pos=[10.980000495910645, -4.932000160217285, -0.0, 0.0, 0.0, 0.0] imu_ang_vel=[-0.30574020743370056, -0.3163931965827942, 0.8383886814117432] imu_quat_wxyz=[0.9075967669487, -0.08202020078897476, 0.03944910690188408, -0.4098591208457947]
joint_pos=[10.907999992370605, -4.932000160217285, -0.0, 0.0, 0.0, 0.0] imu_ang_vel=[-0.11611736565828323, -0.1289009302854538, 0.30893611907958984] imu_quat_wxyz=[0.9156997203826904, -0.07671759277582169, 0.04419573396444321, -0.3919885456562042]
joint_pos=[10.907999992370605, -4.932000160217285, -0.0, 0.0, 0.0, 0.0] imu_ang_vel=[-0.11611736565828323, -0.1289009302854538, 0.30893611907958984] imu_quat_wxyz=[0.9156997203826904, -0.07671759277582169, 0.04419573396444321, -0.3919885456562042]
joint_pos=[10.907999992370605, -4.932000160217285, -0.0, 0.0, 0.0, 0.0] imu_ang_vel=[0.0, -0.010652969591319561, 0.41972699761390686] imu_quat_wxyz=[0.9188124537467957, -0.07480889558792114, 0.045175354927778244, -0.384897917509079]
joint_pos=[10.763999938964844, -4.932000160217285, -0.0, 0.0, 0.0, 0.0] imu_ang_vel=[0.0, -0.010652969591319561, 0.41972699761390686] imu_quat_wxyz=[0.9188124537467957, -0.07480889558792114, 0.045175354927778244, -0.384897917509079]
joint_pos=[10.763999938964844, -4.932000160217285, -0.0, 0.0, 0.0, 0.0] imu_ang_vel=[0.013848859816789627, -0.21199409663677216, 0.6711370944976807] imu_quat_wxyz=[0.9211329221725464, -0.0762660950422287, 0.04342929646372795, -0.3792247474193573]
joint_pos=[10.763999938964844, -4.932000160217285, -0.0, 0.0, 0.0, 0.0] imu_ang_vel=[0.013848859816789627, -0.21199409663677216, 0.6711370944976807] imu_quat_wxyz=[0.9211329221725464, -0.0762660950422287, 0.04342929646372795, -0.3792247474193573]
joint_pos=[10.619999885559082, -4.932000160217285, -0.0, 0.0, 0.0, 0.0] imu_ang_vel=[0.02343653328716755, -0.23649592697620392, 0.6594188213348389] imu_quat_wxyz=[0.9228483438491821, -0.07806317508220673, 0.0385664664208889, -0.37519294023513794]
joint_pos=[10.619999885559082, -4.932000160217285, -0.0, 0.0, 0.0, 0.0] imu_ang_vel=[0.02343653328716755, -0.23649592697620392, 0.6594188213348389] imu_quat_wxyz=[0.9228483438491821, -0.07806317508220673, 0.0385664664208889, -0.37519294023513794]
joint_pos=[10.619999885559082, -4.932000160217285, -0.0, 0.0, 0.0, 0.0] imu_ang_vel=[0.12357444316148758, -0.25034478306770325, 0.6242640018463135] imu_quat_wxyz=[0.9246587157249451, -0.07815121859312057, 0.037247203290462494, -0.37082523107528687]
joint_pos=[10.47599983215332, -4.932000160217285, -0.0, 0.0, 0.0, 0.0] imu_ang_vel=[0.12357444316148758, -0.25034478306770325, 0.6242640018463135] imu_quat_wxyz=[0.9246587157249451, -0.07815121859312057, 0.037247203290462494, -0.37082523107528687]
joint_pos=[10.47599983215332, -4.932000160217285, -0.0, 0.0, 0.0, 0.0] imu_ang_vel=[0.1438150852918625, -0.14488038420677185, 0.5528891086578369] imu_quat_wxyz=[0.9270920753479004, -0.07525421679019928, 0.034033410251140594, -0.3656212389469147]
joint_pos=[10.47599983215332, -4.932000160217285, -0.0, 0.0, 0.0, 0.0] imu_ang_vel=[0.1438150852918625, -0.14488038420677185, 0.5528891086578369] imu_quat_wxyz=[0.9270920753479004, -0.07525421679019928, 0.034033410251140594, -0.3656212389469147]
joint_pos=[10.331999778747559, -4.932000160217285, -0.0, 0.0, 0.0, 0.0] imu_ang_vel=[0.13316211104393005, -0.049003660678863525, 0.49855896830558777] imu_quat_wxyz=[0.929716944694519, -0.07457325607538223, 0.03336726129055023, -0.3590984642505646]
joint_pos=[10.331999778747559, -4.932000160217285, -0.0, 0.0, 0.0, 0.0] imu_ang_vel=[0.13316211104393005, -0.049003660678863525, 0.49855896830558777] imu_quat_wxyz=[0.929716944694519, -0.07457325607538223, 0.03336726129055023, -0.3590984642505646]
joint_pos=[10.331999778747559, -4.932000160217285, -0.0, 0.0, 0.0, 0.0] imu_ang_vel=[0.17683929204940796, 0.017044750973582268, 0.3835068941116333] imu_quat_wxyz=[0.9324896335601807, -0.07483432441949844, 0.03361153602600098, -0.35175710916519165]
joint_pos=[10.187999725341797, -4.932000160217285, -0.0, 0.0, 0.0, 0.0] imu_ang_vel=[0.17683929204940796, 0.017044750973582268, 0.3835068941116333] imu_quat_wxyz=[0.9324896335601807, -0.07483432441949844, 0.03361153602600098, -0.35175710916519165]
joint_pos=[10.187999725341797, -4.932000160217285, -0.0, 0.0, 0.0, 0.0] imu_ang_vel=[0.10226850211620331, -0.07563608139753342, 0.4825794994831085] imu_quat_wxyz=[0.9364796280860901, -0.06591793894767761, 0.037597715854644775, -0.34241369366645813]
joint_pos=[10.187999725341797, -4.932000160217285, -0.0, 0.0, 0.0, 0.0] imu_ang_vel=[0.10226850211620331, -0.07563608139753342, 0.4825794994831085] imu_quat_wxyz=[0.9364796280860901, -0.06591793894767761, 0.037597715854644775, -0.34241369366645813]
joint_pos=[10.043999671936035, -4.932000160217285, -0.0, 0.0, 0.0, 0.0] imu_ang_vel=[0.2695201337337494, -0.04367717355489731, 0.5230607986450195] imu_quat_wxyz=[0.9406905770301819, -0.059428125619888306, 0.037000395357608795, -0.33196479082107544]
joint_pos=[10.043999671936035, -4.932000160217285, -0.0, 0.0, 0.0, 0.0] imu_ang_vel=[0.2695201337337494, -0.04367717355489731, 0.5230607986450195] imu_quat_wxyz=[0.9406905770301819, -0.059428125619888306, 0.037000395357608795, -0.33196479082107544]
joint_pos=[10.043999671936035, -4.932000160217285, -0.0, 0.0, 0.0, 0.0] imu_ang_vel=[0.23649592697620392, -0.07776667922735214, 0.5848480463027954] imu_quat_wxyz=[0.9451137185096741, -0.05585687980055809, 0.03323713317513466, -0.3202115297317505]
joint_pos=[9.899999618530273, -4.932000160217285, -0.0, 0.0, 0.0, 0.0] imu_ang_vel=[0.23649592697620392, -0.07776667922735214, 0.5848480463027954] imu_quat_wxyz=[0.9451137185096741, -0.05585687980055809, 0.03323713317513466, -0.3202115297317505]
joint_pos=[9.899999618530273, -4.932000160217285, -0.0, 0.0, 0.0, 0.0] imu_ang_vel=[0.4911018908023834, 0.1054643988609314, 0.5773909687995911] imu_quat_wxyz=[0.9484568238258362, -0.049348294734954834, 0.03547217696905136, -0.31102418899536133]
joint_pos=[9.899999618530273, -4.932000160217285, -0.0, 0.0, 0.0, 0.0] imu_ang_vel=[0.4911018908023834, 0.1054643988609314, 0.5773909687995911] imu_quat_wxyz=[0.9484568238258362, -0.049348294734954834, 0.03547217696905136, -0.31102418899536133]
joint_pos=[9.791999816894531, -4.932000160217285, -0.0, 0.0, 0.0, 0.0] imu_ang_vel=[0.6050886511802673, 0.25034478306770325, 0.49003657698631287] imu_quat_wxyz=[0.9514267444610596, -0.04147579148411751, 0.036860235035419464, -0.3028336763381958]
joint_pos=[9.791999816894531, -4.932000160217285, -0.0, 0.0, 0.0, 0.0] imu_ang_vel=[0.6050886511802673, 0.25034478306770325, 0.49003657698631287] imu_quat_wxyz=[0.9514267444610596, -0.04147579148411751, 0.036860235035419464, -0.3028336763381958]
joint_pos=[9.791999816894531, -4.932000160217285, -0.0, 0.0, 0.0, 0.0] imu_ang_vel=[0.1874922662973404, -0.03622009605169296, 0.6136110424995422] imu_quat_wxyz=[0.9547935724258423, -0.03353216126561165, 0.03866830840706825, -0.29283028841018677]
joint_pos=[9.720000267028809, -4.932000160217285, -0.0, 0.0, 0.0, 0.0] imu_ang_vel=[0.1874922662973404, -0.03622009605169296, 0.6136110424995422] imu_quat_wxyz=[0.9547935724258423, -0.03353216126561165, 0.03866830840706825, -0.29283028841018677]
joint_pos=[9.64799976348877, -4.932000160217285, -0.0, 0.0, 0.0, 0.0] imu_ang_vel=[0.22051647305488586, 0.0, 0.7393160462379456] imu_quat_wxyz=[0.9593402147293091, -0.02689959481358528, 0.04242505505681038, -0.27774617075920105]
joint_pos=[9.64799976348877, -4.932000160217285, -0.0, 0.0, 0.0, 0.0] imu_ang_vel=[0.22051647305488586, 0.0, 0.7393160462379456] imu_quat_wxyz=[0.9593402147293091, -0.02689959481358528, 0.04242505505681038, -0.27774617075920105]
joint_pos=[9.64799976348877, -4.932000160217285, -0.0, 0.0, 0.0, 0.0] imu_ang_vel=[0.16618631780147552, 0.034089501947164536, 0.7180101275444031] imu_quat_wxyz=[0.9636033773422241, -0.025762539356946945, 0.041906073689460754, -0.26277124881744385]
joint_pos=[9.539999961853027, -4.932000160217285, -0.0, 0.0, 0.0, 0.0] imu_ang_vel=[0.16618631780147552, 0.034089501947164536, 0.7180101275444031] imu_quat_wxyz=[0.9636033773422241, -0.025762539356946945, 0.041906073689460754, -0.26277124881744385]
joint_pos=[9.503999710083008, -4.932000160217285, -0.0, 0.0, 0.0, 0.0] imu_ang_vel=[-0.013848859816789627, -0.12677033245563507, 0.7702096700668335] imu_quat_wxyz=[0.9678175449371338, -0.024566147476434708, 0.04234018921852112, -0.24684618413448334]
joint_pos=[9.503999710083008, -4.932000160217285, -0.0, 0.0, 0.0, 0.0] imu_ang_vel=[-0.013848859816789627, -0.12677033245563507, 0.7702096700668335] imu_quat_wxyz=[0.9678175449371338, -0.024566147476434708, 0.04234018921852112, -0.24684618413448334]
joint_pos=[9.468000411987305, -4.932000160217285, -0.0, 0.0, 0.0, 0.0] imu_ang_vel=[0.0, -0.10652969032526016, 0.7361201643943787] imu_quat_wxyz=[0.9717311263084412, -0.027381589636206627, 0.04116425663232803, -0.2308555245399475]
joint_pos=[9.395999908447266, -4.932000160217285, -0.0, 0.0, 0.0, 0.0] imu_ang_vel=[0.0, -0.10652969032526016, 0.7361201643943787] imu_quat_wxyz=[0.9717311263084412, -0.027381589636206627, 0.04116425663232803, -0.2308555245399475]
joint_pos=[9.395999908447266, -4.932000160217285, -0.0, 0.0, 0.0, 0.0] imu_ang_vel=[0.060721926391124725, -0.03195890784263611, 0.7041612863540649] imu_quat_wxyz=[0.9752336144447327, -0.02901962399482727, 0.04108712822198868, -0.2153809368610382]
joint_pos=[9.360000610351562, -4.932000160217285, -0.0, 0.0, 0.0, 0.0] imu_ang_vel=[0.060721926391124725, -0.03195890784263611, 0.7041612863540649] imu_quat_wxyz=[0.9752336144447327, -0.02901962399482727, 0.04108712822198868, -0.2153809368610382]
joint_pos=[9.324000358581543, -4.932000160217285, -0.0, 0.0, 0.0, 0.0] imu_ang_vel=[0.010652969591319561, -0.01811004802584648, 0.6849859356880188] imu_quat_wxyz=[0.9784087538719177, -0.02982618845999241, 0.04166765883564949, -0.20022612810134888]
joint_pos=[9.288000106811523, -4.932000160217285, -0.0, 0.0, 0.0, 0.0] imu_ang_vel=[0.010652969591319561, -0.01811004802584648, 0.6849859356880188] imu_quat_wxyz=[0.9784087538719177, -0.02982618845999241, 0.04166765883564949, -0.20022612810134888]
joint_pos=[9.288000106811523, -4.932000160217285, -0.0, 0.0, 0.0, 0.0] imu_ang_vel=[-0.04367717355489731, 0.0, 0.6796594262123108] imu_quat_wxyz=[0.9812087416648865, -0.03221375122666359, 0.04195008799433708, -0.18555818498134613]
joint_pos=[9.215999603271484, -4.932000160217285, -0.0, 0.0, 0.0, 0.0] imu_ang_vel=[-0.04367717355489731, 0.0, 0.6796594262123108] imu_quat_wxyz=[0.9812087416648865, -0.03221375122666359, 0.04195008799433708, -0.18555818498134613]
joint_pos=[9.215999603271484, -4.932000160217285, -0.0, 0.0, 0.0, 0.0] imu_ang_vel=[-0.06391781568527222, 0.028763016685843468, 0.6871165037155151] imu_quat_wxyz=[0.9836863875389099, -0.03419357165694237, 0.04294915869832039, -0.17130999267101288]
joint_pos=[9.215999603271484, -4.932000160217285, -0.0, 0.0, 0.0, 0.0] imu_ang_vel=[-0.06391781568527222, 0.028763016685843468, 0.6871165037155151] imu_quat_wxyz=[0.9836863875389099, -0.03419357165694237, 0.04294915869832039, -0.17130999267101288]
joint_pos=[9.144000053405762, -4.932000160217285, -0.0, 0.0, 0.0, 0.0] imu_ang_vel=[-0.049003660678863525, 0.05965662747621536, 0.7201407551765442] imu_quat_wxyz=[0.985899031162262, -0.03339487686753273, 0.046243708580732346, -0.15731927752494812]
joint_pos=[9.071999549865723, -4.932000160217285, -0.0, 0.0, 0.0, 0.0] imu_ang_vel=[-0.049003660678863525, 0.05965662747621536, 0.7201407551765442] imu_quat_wxyz=[0.985899031162262, -0.03339487686753273, 0.046243708580732346, -0.15731927752494812]
joint_pos=[9.107999801635742, -4.932000160217285, -0.0, 0.0, 0.0, 0.0] imu_ang_vel=[-0.15979453921318054, -0.030893610790371895, 0.6849859356880188] imu_quat_wxyz=[0.9878543019294739, -0.036616336554288864, 0.04618671536445618, -0.1437702775001526]
joint_pos=[9.071999549865723, -4.932000160217285, -0.0, 0.0, 0.0, 0.0] imu_ang_vel=[-0.15979453921318054, -0.030893610790371895, 0.6849859356880188] imu_quat_wxyz=[0.9878543019294739, -0.036616336554288864, 0.04618671536445618, -0.1437702775001526]
joint_pos=[8.892000198364258, -4.932000160217285, -0.0, 0.0, 0.0, 0.0] imu_ang_vel=[-0.15659864246845245, 0.01811004802584648, 0.6860512495040894] imu_quat_wxyz=[0.9895368218421936, -0.03838938847184181, 0.04695747420191765, -0.13091249763965607]
joint_pos=[8.96399974822998, -4.932000160217285, -0.0, 0.0, 0.0, 0.0] imu_ang_vel=[-0.15659864246845245, 0.01811004802584648, 0.6860512495040894] imu_quat_wxyz=[0.9895368218421936, -0.03838938847184181, 0.04695747420191765, -0.13091249763965607]
joint_pos=[8.928000450134277, -4.932000160217285, -0.0, 0.0, 0.0, 0.0] imu_ang_vel=[-0.1491415649652481, 0.07776667922735214, 0.6274598836898804] imu_quat_wxyz=[0.9908552765846252, -0.044141799211502075, 0.04565451294183731, -0.11905045807361603]
joint_pos=[8.7839994430542, -4.932000160217285, -0.0, 0.0, 0.0, 0.0] imu_ang_vel=[-0.1491415649652481, 0.07776667922735214, 0.6274598836898804] imu_quat_wxyz=[0.9908552765846252, -0.044141799211502075, 0.04565451294183731, -0.11905045807361603]
joint_pos=[8.7839994430542, -4.932000160217285, -0.0, 0.0, 0.0, 0.0] imu_ang_vel=[-0.2993484437465668, -0.051134251058101654, 0.6391781568527222] imu_quat_wxyz=[0.9919397830963135, -0.04876665771007538, 0.0463925339281559, -0.10735392570495605]
joint_pos=[8.7839994430542, -4.932000160217285, -0.0, 0.0, 0.0, 0.0] imu_ang_vel=[-0.2993484437465668, -0.051134251058101654, 0.6391781568527222] imu_quat_wxyz=[0.9919397830963135, -0.04876665771007538, 0.0463925339281559, -0.10735392570495605]
joint_pos=[8.604000091552734, -4.932000160217285, -0.0, 0.0, 0.0, 0.0] imu_ang_vel=[-0.16192513704299927, 0.08841964602470398, 0.6210681200027466] imu_quat_wxyz=[0.9929172992706299, -0.050804782658815384, 0.04856540635228157, -0.0957883968949318]
joint_pos=[8.604000091552734, -4.932000160217285, -0.0, 0.0, 0.0, 0.0] imu_ang_vel=[-0.16192513704299927, 0.08841964602470398, 0.6210681200027466] imu_quat_wxyz=[0.9929172992706299, -0.050804782658815384, 0.04856540635228157, -0.0957883968949318]
joint_pos=[8.604000091552734, -4.932000160217285, -0.0, 0.0, 0.0, 0.0] imu_ang_vel=[-0.2578018605709076, -0.0351547971367836, 0.5635420680046082] imu_quat_wxyz=[0.9937525391578674, -0.05779474228620529, 0.045615244656801224, -0.08387431502342224]
joint_pos=[8.496000289916992, -4.932000160217285, -0.0, 0.0, 0.0, 0.0] imu_ang_vel=[-0.2578018605709076, -0.0351547971367836, 0.5635420680046082] imu_quat_wxyz=[0.9937525391578674, -0.05779474228620529, 0.045615244656801224, -0.08387431502342224]
joint_pos=[8.496000289916992, -4.932000160217285, -0.0, 0.0, 0.0, 0.0] imu_ang_vel=[-0.27910780906677246, -0.07137489318847656, 0.5592808723449707] imu_quat_wxyz=[0.994596540927887, -0.0601656436920166, 0.04485619440674782, -0.07173305749893188]
joint_pos=[8.496000289916992, -4.932000160217285, -0.0, 0.0, 0.0, 0.0] imu_ang_vel=[-0.27910780906677246, -0.07137489318847656, 0.5592808723449707] imu_quat_wxyz=[0.994596540927887, -0.0601656436920166, 0.04485619440674782, -0.07173305749893188]
joint_pos=[8.423999786376953, -4.932000160217285, -0.0, 0.0, 0.0, 0.0] imu_ang_vel=[-0.10652969032526016, 0.11185617744922638, 0.521995484828949] imu_quat_wxyz=[0.9953543543815613, -0.059571366757154465, 0.04573376104235649, -0.060244012624025345]
joint_pos=[8.387999534606934, -4.932000160217285, -0.0, 0.0, 0.0, 0.0] imu_ang_vel=[-0.10652969032526016, 0.11185617744922638, 0.521995484828949] imu_quat_wxyz=[0.9953543543815613, -0.059571366757154465, 0.04573376104235649, -0.060244012624025345]
joint_pos=[8.387999534606934, -4.932000160217285, -0.0, 0.0, 0.0, 0.0] imu_ang_vel=[-0.199210524559021, 0.0, 0.4452941119670868] imu_quat_wxyz=[0.9958397746086121, -0.0630856528878212, 0.042811136692762375, -0.04990516975522041]
joint_pos=[8.35200023651123, -4.932000160217285, -0.0, 0.0, 0.0, 0.0] imu_ang_vel=[-0.199210524559021, 0.0, 0.4452941119670868] imu_quat_wxyz=[0.9958397746086121, -0.0630856528878212, 0.042811136692762375, -0.04990516975522041]
joint_pos=[8.35200023651123, -4.932000160217285, -0.0, 0.0, 0.0, 0.0] imu_ang_vel=[-0.31106671690940857, -0.12783563137054443, 0.4016169309616089] imu_quat_wxyz=[0.995997965335846, -0.06505601108074188, 0.04108833149075508, -0.04546785354614258]
joint_pos=[8.315999984741211, -4.932000160217285, -0.0, 0.0, 0.0, 0.0] imu_ang_vel=[-0.31106671690940857, -0.12783563137054443, 0.4016169309616089] imu_quat_wxyz=[0.995997965335846, -0.06505601108074188, 0.04108833149075508, -0.04546785354614258]
joint_pos=[8.315999984741211, -4.932000160217285, -0.0, 0.0, 0.0, 0.0] imu_ang_vel=[-0.12037855386734009, 0.024501830339431763, 0.35793977975845337] imu_quat_wxyz=[0.9963566660881042, -0.06473065167665482, 0.04120232164859772, -0.0372263565659523]
joint_pos=[8.279999732971191, -4.932000160217285, -0.0, 0.0, 0.0, 0.0] imu_ang_vel=[-0.12037855386734009, 0.024501830339431763, 0.35793977975845337] imu_quat_wxyz=[0.9963566660881042, -0.06473065167665482, 0.04120232164859772, -0.0372263565659523]
joint_pos=[8.208000183105469, -4.932000160217285, -0.0, 0.0, 0.0, 0.0] imu_ang_vel=[-0.09268083423376083, 0.01811004802584648, 0.31745848059654236] imu_quat_wxyz=[0.9965924620628357, -0.06433697044849396, 0.041655153036117554, -0.030481163412332535]
joint_pos=[8.208000183105469, -4.932000160217285, -0.0, 0.0, 0.0, 0.0] imu_ang_vel=[-0.09268083423376083, 0.01811004802584648, 0.31745848059654236] imu_quat_wxyz=[0.9965924620628357, -0.06433697044849396, 0.041655153036117554, -0.030481163412332535]
joint_pos=[8.208000183105469, -4.932000160217285, -0.0, 0.0, 0.0, 0.0] imu_ang_vel=[0.07244019210338593, 0.20453700423240662, -0.36433154344558716] imu_quat_wxyz=[0.9965646862983704, -0.06438032537698746, 0.042004410177469254, -0.03081793338060379]
joint_pos=[8.136000633239746, -4.932000160217285, -0.0, 0.0, 0.0, 0.0] imu_ang_vel=[0.07244019210338593, 0.20453700423240662, -0.36433154344558716] imu_quat_wxyz=[0.9965646862983704, -0.06438032537698746, 0.042004410177469254, -0.03081793338060379]
joint_pos=[8.100000381469727, -4.932000160217285, -0.0, 0.0, 0.0, 0.0] imu_ang_vel=[-0.06498311460018158, -0.12463974207639694, -1.1228229999542236] imu_quat_wxyz=[0.9959308505058289, -0.06818719953298569, 0.03517863526940346, -0.047272950410842896]
joint_pos=[8.100000381469727, -4.932000160217285, -0.0, 0.0, 0.0, 0.0] imu_ang_vel=[-0.06498311460018158, -0.12463974207639694, -1.1228229999542236] imu_quat_wxyz=[0.9959308505058289, -0.06818719953298569, 0.03517863526940346, -0.047272950410842896]
joint_pos=[8.027999877929688, -4.932000160217285, -0.0, 0.0, 0.0, 0.0] imu_ang_vel=[0.11824796348810196, 0.022371236234903336, -0.9832690954208374] imu_quat_wxyz=[0.9949871301651001, -0.0658130869269371, 0.03253444284200668, -0.06790144741535187]
joint_pos=[8.027999877929688, -4.932000160217285, -0.0, 0.0, 0.0, 0.0] imu_ang_vel=[0.11824796348810196, 0.022371236234903336, -0.9832690954208374] imu_quat_wxyz=[0.9949871301651001, -0.0658130869269371, 0.03253444284200668, -0.06790144741535187]
joint_pos=[8.027999877929688, -4.932000160217285, -0.0, 0.0, 0.0, 0.0] imu_ang_vel=[0.164055734872818, 0.02663242258131504, -1.3145763874053955] imu_quat_wxyz=[0.9937214851379395, -0.06297368556261063, 0.02931216172873974, -0.0877077579498291]
joint_pos=[7.920000076293945, -4.932000160217285, -0.0, 0.0, 0.0, 0.0] imu_ang_vel=[0.164055734872818, 0.02663242258131504, -1.3145763874053955] imu_quat_wxyz=[0.9937214851379395, -0.06297368556261063, 0.02931216172873974, -0.0877077579498291]
joint_pos=[7.920000076293945, -4.932000160217285, -0.0, 0.0, 0.0, 0.0] imu_ang_vel=[0.09055023640394211, 0.0, -1.5713130235671997] imu_quat_wxyz=[0.9909355640411377, -0.05926477909088135, 0.026909239590168, -0.11751680076122284]
joint_pos=[7.920000076293945, -4.932000160217285, -0.0, 0.0, 0.0, 0.0] imu_ang_vel=[0.09055023640394211, 0.0, -1.5713130235671997] imu_quat_wxyz=[0.9909355640411377, -0.05926477909088135, 0.026909239590168, -0.11751680076122284]
joint_pos=[7.8480000495910645, -4.932000160217285, -0.0, 0.0, 0.0, 0.0] imu_ang_vel=[0.1139867752790451, 0.054330144077539444, -0.7307937145233154] imu_quat_wxyz=[0.9895908236503601, -0.05225326865911484, 0.03025556355714798, -0.13062980771064758]
joint_pos=[7.812000274658203, -4.932000160217285, -0.0, 0.0, 0.0, 0.0] imu_ang_vel=[0.1139867752790451, 0.054330144077539444, -0.7307937145233154] imu_quat_wxyz=[0.9895908236503601, -0.05225326865911484, 0.03025556355714798, -0.13062980771064758]
joint_pos=[7.812000274658203, -4.932000160217285, -0.0, 0.0, 0.0, 0.0] imu_ang_vel=[0.09481142461299896, -0.08415845781564713, -0.10866028815507889] imu_quat_wxyz=[0.9898298382759094, -0.046158354729413986, 0.03266878053545952, -0.1305333822965622]
joint_pos=[7.776000022888184, -4.932000160217285, -0.0, 0.0, 0.0, 0.0] imu_ang_vel=[0.09481142461299896, -0.08415845781564713, -0.10866028815507889] imu_quat_wxyz=[0.9898298382759094, -0.046158354729413986, 0.03266878053545952, -0.1305333822965622]
joint_pos=[7.776000022888184, -4.932000160217285, -0.0, 0.0, 0.0, 0.0] imu_ang_vel=[0.1874922662973404, 0.013848859816789627, -0.10652969032526016] imu_quat_wxyz=[0.9903253316879272, -0.04267343133687973, 0.033171940594911575, -0.12780529260635376]
joint_pos=[7.740000247955322, -4.932000160217285, -0.0, 0.0, 0.0, 0.0] imu_ang_vel=[0.1874922662973404, 0.013848859816789627, -0.10652969032526016] imu_quat_wxyz=[0.9903253316879272, -0.04267343133687973, 0.033171940594911575, -0.12780529260635376]
joint_pos=[7.740000247955322, -4.932000160217285, -0.0, 0.0, 0.0, 0.0] imu_ang_vel=[0.1906881481409073, -0.013848859816789627, -0.1374233067035675] imu_quat_wxyz=[0.990749180316925, -0.039606332778930664, 0.03286530449986458, -0.12556760013103485]
joint_pos=[7.704000473022461, -4.932000160217285, -0.0, 0.0, 0.0, 0.0] imu_ang_vel=[0.1906881481409073, -0.013848859816789627, -0.1374233067035675] imu_quat_wxyz=[0.990749180316925, -0.039606332778930664, 0.03286530449986458, -0.12556760013103485]
joint_pos=[7.667999744415283, -4.932000160217285, -0.0, 0.0, 0.0, 0.0] imu_ang_vel=[0.21305938065052032, 0.0, -0.14807628095149994] imu_quat_wxyz=[0.9911525249481201, -0.035341765731573105, 0.03359443321824074, -0.12344621121883392]
joint_pos=[7.667999744415283, -4.932000160217285, -0.0, 0.0, 0.0, 0.0] imu_ang_vel=[0.21305938065052032, 0.0, -0.14807628095149994] imu_quat_wxyz=[0.9911525249481201, -0.035341765731573105, 0.03359443321824074, -0.12344621121883392]
joint_pos=[7.631999969482422, -4.932000160217285, -0.0, 0.0, 0.0, 0.0] imu_ang_vel=[0.15659864246845245, -0.09800732135772705, -0.18962284922599792] imu_quat_wxyz=[0.9914954900741577, -0.031527090817689896, 0.03400518372654915, -0.12159853428602219]
joint_pos=[7.559999942779541, -4.932000160217285, -0.0, 0.0, 0.0, 0.0] imu_ang_vel=[0.15659864246845245, -0.09800732135772705, -0.18962284922599792] imu_quat_wxyz=[0.9914954900741577, -0.031527090817689896, 0.03400518372654915, -0.12159853428602219]
joint_pos=[7.52400016784668, -4.932000160217285, -0.0, 0.0, 0.0, 0.0] imu_ang_vel=[0.18962284922599792, -0.030893610790371895, -0.2109287977218628] imu_quat_wxyz=[0.9918279647827148, -0.029409324750304222, 0.033109236508607864, -0.11965019255876541]
joint_pos=[7.52400016784668, -4.932000160217285, -0.0, 0.0, 0.0, 0.0] imu_ang_vel=[0.18962284922599792, -0.030893610790371895, -0.2109287977218628] imu_quat_wxyz=[0.9918279647827148, -0.029409324750304222, 0.033109236508607864, -0.11965019255876541]
joint_pos=[7.48799991607666, -4.932000160217285, -0.0, 0.0, 0.0, 0.0] imu_ang_vel=[0.1960146427154541, 0.0, -0.23543062806129456] imu_quat_wxyz=[0.9920728802680969, -0.026328470557928085, 0.03404306620359421, -0.11806420981884003]
joint_pos=[7.48799991607666, -4.932000160217285, -0.0, 0.0, 0.0, 0.0] imu_ang_vel=[0.1960146427154541, 0.0, -0.23543062806129456] imu_quat_wxyz=[0.9920728802680969, -0.026328470557928085, 0.03404306620359421, -0.11806420981884003]
joint_pos=[7.452000141143799, -4.932000160217285, -0.0, 0.0, 0.0, 0.0] imu_ang_vel=[0.18216577172279358, -0.010652969591319561, -0.25354066491127014] imu_quat_wxyz=[0.9922870397567749, -0.024200212210416794, 0.03436224162578583, -0.11661891639232635]
joint_pos=[7.452000141143799, -4.932000160217285, -0.0, 0.0, 0.0, 0.0] imu_ang_vel=[0.18216577172279358, -0.010652969591319561, -0.25354066491127014] imu_quat_wxyz=[0.9922870397567749, -0.024200212210416794, 0.03436224162578583, -0.11661891639232635]
joint_pos=[7.452000141143799, -4.932000160217285, -0.0, 0.0, 0.0, 0.0] imu_ang_vel=[0.22051647305488586, 0.07350549101829529, -0.2609977424144745] imu_quat_wxyz=[0.9924204349517822, -0.02175150439143181, 0.03568606078624725, -0.11556348949670792]
joint_pos=[7.344000339508057, -4.932000160217285, -0.0, 0.0, 0.0, 0.0] imu_ang_vel=[0.22051647305488586, 0.07350549101829529, -0.2609977424144745] imu_quat_wxyz=[0.9924204349517822, -0.02175150439143181, 0.03568606078624725, -0.11556348949670792]
joint_pos=[7.344000339508057, -4.932000160217285, -0.0, 0.0, 0.0, 0.0] imu_ang_vel=[0.027697719633579254, -0.17896988987922668, -0.28017309308052063] imu_quat_wxyz=[0.9925903081893921, -0.02100824937224388, 0.03557826578617096, -0.1142684742808342]
joint_pos=[7.380000114440918, -4.932000160217285, -0.0, 0.0, 0.0, 0.0] imu_ang_vel=[0.027697719633579254, -0.17896988987922668, -0.28017309308052063] imu_quat_wxyz=[0.9925903081893921, -0.02100824937224388, 0.03557826578617096, -0.1142684742808342]
joint_pos=[7.271999835968018, -4.932000160217285, -0.0, 0.0, 0.0, 0.0] imu_ang_vel=[0.2311694324016571, 0.18323107063770294, -0.2631283402442932] imu_quat_wxyz=[0.992678165435791, -0.018363451585173607, 0.0384197011590004, -0.11303438991308212]
joint_pos=[7.271999835968018, -4.932000160217285, -0.0, 0.0, 0.0, 0.0] imu_ang_vel=[0.2311694324016571, 0.18323107063770294, -0.2631283402442932] imu_quat_wxyz=[0.992678165435791, -0.018363451585173607, 0.0384197011590004, -0.11303438991308212]
joint_pos=[7.271999835968018, -4.932000160217285, -0.0, 0.0, 0.0, 0.0] imu_ang_vel=[0.03835069015622139, -0.05539543926715851, -0.32598087191581726] imu_quat_wxyz=[0.992797315120697, -0.018773574382066727, 0.03831752762198448, -0.1119496300816536]
joint_pos=[7.164000034332275, -4.932000160217285, -0.0, 0.0, 0.0, 0.0] imu_ang_vel=[0.03835069015622139, -0.05539543926715851, -0.32598087191581726] imu_quat_wxyz=[0.992797315120697, -0.018773574382066727, 0.03831752762198448, -0.1119496300816536]
joint_pos=[7.164000034332275, -4.932000160217285, -0.0, 0.0, 0.0, 0.0] imu_ang_vel=[-0.07137489318847656, -0.1693822145462036, -0.33237263560295105] imu_quat_wxyz=[0.9929150938987732, -0.017808279022574425, 0.04026857763528824, -0.11036685109138489]
joint_pos=[7.164000034332275, -4.932000160217285, -0.0, 0.0, 0.0, 0.0] imu_ang_vel=[-0.07137489318847656, -0.1693822145462036, -0.33237263560295105] imu_quat_wxyz=[0.9929150938987732, -0.017808279022574425, 0.04026857763528824, -0.11036685109138489]
joint_pos=[7.056000232696533, -4.932000160217285, -0.0, 0.0, 0.0, 0.0] imu_ang_vel=[0.18003518879413605, 0.2812383770942688, -0.3078708052635193] imu_quat_wxyz=[0.992986261844635, -0.016790146008133888, 0.042610473930835724, -0.10899819433689117]
joint_pos=[7.056000232696533, -4.932000160217285, -0.0, 0.0, 0.0, 0.0] imu_ang_vel=[0.18003518879413605, 0.2812383770942688, -0.3078708052635193] imu_quat_wxyz=[0.992986261844635, -0.016790146008133888, 0.042610473930835724, -0.10899819433689117]
joint_pos=[7.056000232696533, -4.932000160217285, -0.0, 0.0, 0.0, 0.0] imu_ang_vel=[0.12357444316148758, 0.25354066491127014, -0.350482702255249] imu_quat_wxyz=[0.9931071400642395, -0.018539996817708015, 0.04259096458554268, -0.10761263221502304]
joint_pos=[6.984000205993652, -4.932000160217285, -0.0, 0.0, 0.0, 0.0] imu_ang_vel=[0.12357444316148758, 0.25354066491127014, -0.350482702255249] imu_quat_wxyz=[0.9931071400642395, -0.018539996817708015, 0.04259096458554268, -0.10761263221502304]
joint_pos=[6.948000431060791, -4.932000160217285, -0.0, 0.0, 0.0, 0.0] imu_ang_vel=[-0.060721926391124725, 0.019175345078110695, -0.350482702255249] imu_quat_wxyz=[0.9932252168655396, -0.018332473933696747, 0.0455770380795002, -0.10531029850244522]
joint_pos=[6.948000431060791, -4.932000160217285, -0.0, 0.0, 0.0, 0.0] imu_ang_vel=[-0.060721926391124725, 0.019175345078110695, -0.350482702255249] imu_quat_wxyz=[0.9932252168655396, -0.018332473933696747, 0.0455770380795002, -0.10531029850244522]
joint_pos=[6.9120001792907715, -4.932000160217285, -0.0, 0.0, 0.0, 0.0] imu_ang_vel=[-0.03622009605169296, 0.09694202244281769, -0.36752745509147644] imu_quat_wxyz=[0.9933815002441406, -0.019497713074088097, 0.0472983755171299, -0.10283898562192917]
joint_pos=[6.9120001792907715, -4.932000160217285, -0.0, 0.0, 0.0, 0.0] imu_ang_vel=[-0.03622009605169296, 0.09694202244281769, -0.36752745509147644] imu_quat_wxyz=[0.9933815002441406, -0.019497713074088097, 0.0472983755171299, -0.10283898562192917]
joint_pos=[6.9120001792907715, -4.932000160217285, -0.0, 0.0, 0.0, 0.0] imu_ang_vel=[0.0, 0.1757739931344986, -0.385637491941452] imu_quat_wxyz=[0.993503749370575, -0.020350256934762, 0.049149416387081146, -0.10059972107410431]
joint_pos=[6.875999927520752, -4.932000160217285, -0.0, 0.0, 0.0, 0.0] imu_ang_vel=[0.0, 0.1757739931344986, -0.385637491941452] imu_quat_wxyz=[0.993503749370575, -0.020350256934762, 0.049149416387081146, -0.10059972107410431]
joint_pos=[6.875999927520752, -4.932000160217285, -0.0, 0.0, 0.0, 0.0] imu_ang_vel=[-0.0351547971367836, 0.1672516167163849, -0.38244161009788513] imu_quat_wxyz=[0.9935354590415955, -0.020790327340364456, 0.05172131955623627, -0.09889398515224457]
joint_pos=[6.839999675750732, -4.932000160217285, -0.0, 0.0, 0.0, 0.0] imu_ang_vel=[-0.0351547971367836, 0.1672516167163849, -0.38244161009788513] imu_quat_wxyz=[0.9935354590415955, -0.020790327340364456, 0.05172131955623627, -0.09889398515224457]
joint_pos=[6.76800012588501, -4.932000160217285, -0.0, 0.0, 0.0, 0.0] imu_ang_vel=[-0.03195890784263611, 0.19388404488563538, -0.36433154344558716] imu_quat_wxyz=[0.9935604333877563, -0.02105899527668953, 0.05462666228413582, -0.09700571000576019]
joint_pos=[6.76800012588501, -4.932000160217285, -0.0, 0.0, 0.0, 0.0] imu_ang_vel=[-0.03195890784263611, 0.19388404488563538, -0.36433154344558716] imu_quat_wxyz=[0.9935604333877563, -0.02105899527668953, 0.05462666228413582, -0.09700571000576019]
joint_pos=[6.76800012588501, -4.932000160217285, -0.0, 0.0, 0.0, 0.0] imu_ang_vel=[-0.06178722158074379, 0.15872924029827118, -0.3888333737850189] imu_quat_wxyz=[0.9936845898628235, -0.02317158319056034, 0.05524880066514015, -0.09487568587064743]
joint_pos=[6.696000099182129, -4.932000160217285, -0.0, 0.0, 0.0, 0.0] imu_ang_vel=[-0.06178722158074379, 0.15872924029827118, -0.3888333737850189] imu_quat_wxyz=[0.9936845898628235, -0.02317158319056034, 0.05524880066514015, -0.09487568587064743]
joint_pos=[6.696000099182129, -4.932000160217285, -0.0, 0.0, 0.0, 0.0] imu_ang_vel=[-0.16512101888656616, 0.0, -0.39309456944465637] imu_quat_wxyz=[0.9938138723373413, -0.024763500317931175, 0.056175779551267624, -0.09254717081785202]
joint_pos=[6.696000099182129, -4.932000160217285, -0.0, 0.0, 0.0, 0.0] imu_ang_vel=[-0.16512101888656616, 0.0, -0.39309456944465637] imu_quat_wxyz=[0.9938138723373413, -0.024763500317931175, 0.056175779551267624, -0.09254717081785202]
joint_pos=[6.624000072479248, -4.932000160217285, -0.0, 0.0, 0.0, 0.0] imu_ang_vel=[-0.10439909994602203, 0.08309315890073776, -0.3888333737850189] imu_quat_wxyz=[0.9938669800758362, -0.026362106204032898, 0.056959930807352066, -0.09104432165622711]
joint_pos=[6.624000072479248, -4.932000160217285, -0.0, 0.0, 0.0, 0.0] imu_ang_vel=[-0.10439909994602203, 0.08309315890073776, -0.3888333737850189] imu_quat_wxyz=[0.9938669800758362, -0.026362106204032898, 0.056959930807352066, -0.09104432165622711]
joint_pos=[6.624000072479248, -4.932000160217285, -0.0, 0.0, 0.0, 0.0] imu_ang_vel=[-0.06817900389432907, 0.12463974207639694, -0.3973557651042938] imu_quat_wxyz=[0.9939422011375427, -0.029122503474354744, 0.05575842037796974, -0.09012157469987869]
joint_pos=[6.552000045776367, -4.932000160217285, -0.0, 0.0, 0.0, 0.0] imu_ang_vel=[-0.06817900389432907, 0.12463974207639694, -0.3973557651042938] imu_quat_wxyz=[0.9939422011375427, -0.029122503474354744, 0.05575842037796974, -0.09012157469987869]
joint_pos=[6.516000270843506, -4.932000160217285, -0.0, 0.0, 0.0, 0.0] imu_ang_vel=[-0.1693822145462036, -0.05539543926715851, -0.37604981660842896] imu_quat_wxyz=[0.9940493106842041, -0.030771154910326004, 0.055095475167036057, -0.0887894406914711]
joint_pos=[6.516000270843506, -4.932000160217285, -0.0, 0.0, 0.0, 0.0] imu_ang_vel=[-0.1693822145462036, -0.05539543926715851, -0.37604981660842896] imu_quat_wxyz=[0.9940493106842041, -0.030771154910326004, 0.055095475167036057, -0.0887894406914711]
joint_pos=[6.479999542236328, -4.932000160217285, -0.0, 0.0, 0.0, 0.0] imu_ang_vel=[-0.11931325495243073, 0.0, -0.3696580231189728] imu_quat_wxyz=[0.9941352009773254, -0.03311609476804733, 0.05379579961299896, -0.08777507394552231]
joint_pos=[6.443999767303467, -4.932000160217285, -0.0, 0.0, 0.0, 0.0] imu_ang_vel=[-0.11931325495243073, 0.0, -0.3696580231189728] imu_quat_wxyz=[0.9941352009773254, -0.03311609476804733, 0.05379579961299896, -0.08777507394552231]
joint_pos=[6.443999767303467, -4.932000160217285, -0.0, 0.0, 0.0, 0.0] imu_ang_vel=[-0.07670138031244278, 0.01491415686905384, -0.36752745509147644] imu_quat_wxyz=[0.994245171546936, -0.03521963581442833, 0.05217697471380234, -0.08668031543493271]
joint_pos=[6.4079999923706055, -4.932000160217285, -0.0, 0.0, 0.0, 0.0] imu_ang_vel=[-0.07670138031244278, 0.01491415686905384, -0.36752745509147644] imu_quat_wxyz=[0.994245171546936, -0.03521963581442833, 0.05217697471380234, -0.08668031543493271]
joint_pos=[6.371999740600586, -4.932000160217285, -0.0, 0.0, 0.0, 0.0] imu_ang_vel=[-0.11824796348810196, -0.09907261282205582, -0.3515479862689972] imu_quat_wxyz=[0.9944046139717102, -0.03632904961705208, 0.0506693460047245, -0.08527781069278717]
joint_pos=[6.371999740600586, -4.932000160217285, -0.0, 0.0, 0.0, 0.0] imu_ang_vel=[-0.11824796348810196, -0.09907261282205582, -0.3515479862689972] imu_quat_wxyz=[0.9944046139717102, -0.03632904961705208, 0.0506693460047245, -0.08527781069278717]
joint_pos=[6.371999740600586, -4.932000160217285, -0.0, 0.0, 0.0, 0.0] imu_ang_vel=[-0.07989726960659027, -0.07244019210338593, -0.3419603109359741] imu_quat_wxyz=[0.9945333003997803, -0.03713783621788025, 0.049326092004776, -0.08420887589454651]
joint_pos=[6.335999965667725, -4.932000160217285, -0.0, 0.0, 0.0, 0.0] imu_ang_vel=[-0.07989726960659027, -0.07244019210338593, -0.3419603109359741] imu_quat_wxyz=[0.9945333003997803, -0.03713783621788025, 0.049326092004776, -0.08420887589454651]
joint_pos=[6.300000190734863, -4.932000160217285, -0.0, 0.0, 0.0, 0.0] imu_ang_vel=[-0.019175345078110695, -0.04367717355489731, -0.3163931965827942] imu_quat_wxyz=[0.9946361780166626, -0.03689500689506531, 0.04898081719875336, -0.08329662680625916]
joint_pos=[6.300000190734863, -4.932000160217285, -0.0, 0.0, 0.0, 0.0] imu_ang_vel=[-0.019175345078110695, -0.04367717355489731, -0.3163931965827942] imu_quat_wxyz=[0.9946361780166626, -0.03689500689506531, 0.04898081719875336, -0.08329662680625916]
joint_pos=[6.300000190734863, -4.932000160217285, -0.0, 0.0, 0.0, 0.0] imu_ang_vel=[0.04474247246980667, 0.0, -0.2918913662433624] imu_quat_wxyz=[0.9947819709777832, -0.036371346563100815, 0.04804655537009239, -0.08232437074184418]
joint_pos=[6.228000164031982, -4.932000160217285, -0.0, 0.0, 0.0, 0.0] imu_ang_vel=[0.04474247246980667, 0.0, -0.2918913662433624] imu_quat_wxyz=[0.9947819709777832, -0.036371346563100815, 0.04804655537009239, -0.08232437074184418]
joint_pos=[6.228000164031982, -4.932000160217285, -0.0, 0.0, 0.0, 0.0] imu_ang_vel=[0.0, -0.11611736565828323, -0.2727160155773163] imu_quat_wxyz=[0.9950271844863892, -0.035157471895217896, 0.0473235622048378, -0.08028202503919601]
joint_pos=[6.228000164031982, -4.932000160217285, -0.0, 0.0, 0.0, 0.0] imu_ang_vel=[0.0, -0.11611736565828323, -0.2727160155773163] imu_quat_wxyz=[0.9950271844863892, -0.035157471895217896, 0.0473235622048378, -0.08028202503919601]
joint_pos=[6.156000137329102, -4.932000160217285, -0.0, 0.0, 0.0, 0.0] imu_ang_vel=[0.15553335845470428, 0.0937461331486702, -0.2194511741399765] imu_quat_wxyz=[0.9952692985534668, -0.033003926277160645, 0.04838424548506737, -0.07751548290252686]
joint_pos=[6.156000137329102, -4.932000160217285, -0.0, 0.0, 0.0, 0.0] imu_ang_vel=[0.15553335845470428, 0.0937461331486702, -0.2194511741399765] imu_quat_wxyz=[0.9952692985534668, -0.033003926277160645, 0.04838424548506737, -0.07751548290252686]
joint_pos=[6.156000137329102, -4.932000160217285, -0.0, 0.0, 0.0, 0.0] imu_ang_vel=[0.1374233067035675, 0.03195890784263611, -0.2109287977218628] imu_quat_wxyz=[0.9955584406852722, -0.032074328511953354, 0.04755744710564613, -0.07465106248855591]
joint_pos=[6.047999858856201, -4.932000160217285, -0.0, 0.0, 0.0, 0.0] imu_ang_vel=[0.1374233067035675, 0.03195890784263611, -0.2109287977218628] imu_quat_wxyz=[0.9955584406852722, -0.032074328511953354, 0.04755744710564613, -0.07465106248855591]
joint_pos=[6.047999858856201, -4.932000160217285, -0.0, 0.0, 0.0, 0.0] imu_ang_vel=[0.09907261282205582, -0.07989726960659027, -0.17151281237602234] imu_quat_wxyz=[0.9958721995353699, -0.02981512062251568, 0.04776446521282196, -0.0711900070309639]
joint_pos=[6.047999858856201, -4.932000160217285, -0.0, 0.0, 0.0, 0.0] imu_ang_vel=[0.09907261282205582, -0.07989726960659027, -0.17151281237602234] imu_quat_wxyz=[0.9958721995353699, -0.02981512062251568, 0.04776446521282196, -0.0711900070309639]
joint_pos=[5.97599983215332, -4.932000160217285, -0.0, 0.0, 0.0, 0.0] imu_ang_vel=[0.20134112238883972, 0.06391781568527222, -0.11824796348810196] imu_quat_wxyz=[0.996220052242279, -0.027033302932977676, 0.04830792918801308, -0.06694129854440689]
joint_pos=[5.97599983215332, -4.932000160217285, -0.0, 0.0, 0.0, 0.0] imu_ang_vel=[0.20134112238883972, 0.06391781568527222, -0.11824796348810196] imu_quat_wxyz=[0.996220052242279, -0.027033302932977676, 0.04830792918801308, -0.06694129854440689]
joint_pos=[5.940000057220459, -4.932000160217285, -0.0, 0.0, 0.0, 0.0] imu_ang_vel=[0.12144385278224945, -0.05965662747621536, -0.12037855386734009] imu_quat_wxyz=[0.9966579675674438, -0.02667924575507641, 0.04628235101699829, -0.061798758804798126]
joint_pos=[5.9039998054504395, -4.932000160217285, -0.0, 0.0, 0.0, 0.0] imu_ang_vel=[0.12144385278224945, -0.05965662747621536, -0.12037855386734009] imu_quat_wxyz=[0.9966579675674438, -0.02667924575507641, 0.04628235101699829, -0.061798758804798126]
joint_pos=[5.9039998054504395, -4.932000160217285, -0.0, 0.0, 0.0, 0.0] imu_ang_vel=[0.07563608139753342, -0.14274978637695312, -0.1054643988609314] imu_quat_wxyz=[0.9970725178718567, -0.025913741439580917, 0.04523367062211037, -0.05593494698405266]
joint_pos=[5.9039998054504395, -4.932000160217285, -0.0, 0.0, 0.0, 0.0] imu_ang_vel=[0.07563608139753342, -0.14274978637695312, -0.1054643988609314] imu_quat_wxyz=[0.9970725178718567, -0.025913741439580917, 0.04523367062211037, -0.05593494698405266]
joint_pos=[5.868000030517578, -4.932000160217285, -0.0, 0.0, 0.0, 0.0] imu_ang_vel=[0.18855755031108856, 0.0, -0.05326484516263008] imu_quat_wxyz=[0.9973778128623962, -0.02495797537267208, 0.044780708849430084, -0.051080331206321716]
joint_pos=[5.832000255584717, -4.932000160217285, -0.0, 0.0, 0.0, 0.0] imu_ang_vel=[0.18855755031108856, 0.0, -0.05326484516263008] imu_quat_wxyz=[0.9973778128623962, -0.02495797537267208, 0.044780708849430084, -0.051080331206321716]
joint_pos=[5.832000255584717, -4.932000160217285, -0.0, 0.0, 0.0, 0.0] imu_ang_vel=[0.18962284922599792, 0.019175345078110695, -0.022371236234903336] imu_quat_wxyz=[0.9977598786354065, -0.023727983236312866, 0.04404378682374954, -0.044410381466150284]
joint_pos=[5.796000003814697, -4.932000160217285, -0.0, 0.0, 0.0, 0.0] imu_ang_vel=[0.18962284922599792, 0.019175345078110695, -0.022371236234903336] imu_quat_wxyz=[0.9977598786354065, -0.023727983236312866, 0.04404378682374954, -0.044410381466150284]
joint_pos=[5.760000228881836, -4.932000160217285, -0.0, 0.0, 0.0, 0.0] imu_ang_vel=[0.15127216279506683, -0.012783562764525414, 0.0] imu_quat_wxyz=[0.9980292320251465, -0.022224202752113342, 0.04470121115446091, -0.03801893815398216]
joint_pos=[5.760000228881836, -4.932000160217285, -0.0, 0.0, 0.0, 0.0] imu_ang_vel=[0.15127216279506683, -0.012783562764525414, 0.0] imu_quat_wxyz=[0.9980292320251465, -0.022224202752113342, 0.04470121115446091, -0.03801893815398216]
joint_pos=[5.760000228881836, -4.932000160217285, -0.0, 0.0, 0.0, 0.0] imu_ang_vel=[0.15340276062488556, 0.013848859816789627, 0.015979453921318054] imu_quat_wxyz=[0.9982328414916992, -0.021275365725159645, 0.04558749496936798, -0.0316278338432312]
joint_pos=[5.724000453948975, -4.932000160217285, -0.0, 0.0, 0.0, 0.0] imu_ang_vel=[0.15340276062488556, 0.013848859816789627, 0.015979453921318054] imu_quat_wxyz=[0.9982328414916992, -0.021275365725159645, 0.04558749496936798, -0.0316278338432312]
joint_pos=[5.687999725341797, -4.932000160217285, -0.0, 0.0, 0.0, 0.0] imu_ang_vel=[0.13209682703018188, 0.0, 0.039415985345840454] imu_quat_wxyz=[0.9983699917793274, -0.01996023580431938, 0.04754241183400154, -0.02446570061147213]
joint_pos=[5.687999725341797, -4.932000160217285, -0.0, 0.0, 0.0, 0.0] imu_ang_vel=[0.13209682703018188, 0.0, 0.039415985345840454] imu_quat_wxyz=[0.9983699917793274, -0.01996023580431938, 0.04754241183400154, -0.02446570061147213]
joint_pos=[5.6519999504089355, -4.932000160217285, -0.0, 0.0, 0.0, 0.0] imu_ang_vel=[0.1523374617099762, 0.05539543926715851, 0.07563608139753342] imu_quat_wxyz=[0.9984637498855591, -0.019045906141400337, 0.04908309504389763, -0.01726754568517208]
joint_pos=[5.6519999504089355, -4.932000160217285, -0.0, 0.0, 0.0, 0.0] imu_ang_vel=[0.1523374617099762, 0.05539543926715851, 0.07563608139753342] imu_quat_wxyz=[0.9984637498855591, -0.019045906141400337, 0.04908309504389763, -0.01726754568517208]
joint_pos=[5.615999698638916, -4.932000160217285, -0.0, 0.0, 0.0, 0.0] imu_ang_vel=[0.12357444316148758, 0.0585913322865963, 0.08309315890073776] imu_quat_wxyz=[0.9985365271568298, -0.01902146078646183, 0.0495670922100544, -0.010300972498953342]
joint_pos=[5.615999698638916, -4.932000160217285, -0.0, 0.0, 0.0, 0.0] imu_ang_vel=[0.12357444316148758, 0.0585913322865963, 0.08309315890073776] imu_quat_wxyz=[0.9985365271568298, -0.01902146078646183, 0.0495670922100544, -0.010300972498953342]
joint_pos=[5.579999923706055, -4.932000160217285, -0.0, 0.0, 0.0, 0.0] imu_ang_vel=[0.07563608139753342, 0.04154657945036888, 0.09161553531885147] imu_quat_wxyz=[0.998528778553009, -0.01943957805633545, 0.05047731474041939, -0.003770817071199417]
joint_pos=[5.579999923706055, -4.932000160217285, -0.0, 0.0, 0.0, 0.0] imu_ang_vel=[0.07563608139753342, 0.04154657945036888, 0.09161553531885147] imu_quat_wxyz=[0.998528778553009, -0.01943957805633545, 0.05047731474041939, -0.003770817071199417]
joint_pos=[5.544000148773193, -4.932000160217285, -0.0, 0.0, 0.0, 0.0] imu_ang_vel=[0.0585913322865963, 0.06391781568527222, 0.11611736565828323] imu_quat_wxyz=[0.998430609703064, -0.020062875002622604, 0.05220997333526611, 0.002812949474900961]
joint_pos=[5.507999897003174, -4.932000160217285, -0.0, 0.0, 0.0, 0.0] imu_ang_vel=[0.0585913322865963, 0.06391781568527222, 0.11611736565828323] imu_quat_wxyz=[0.998430609703064, -0.020062875002622604, 0.05220997333526611, 0.002812949474900961]
joint_pos=[5.507999897003174, -4.932000160217285, -0.0, 0.0, 0.0, 0.0] imu_ang_vel=[0.0, 0.0, 0.08841964602470398] imu_quat_wxyz=[0.9983159303665161, -0.02178308740258217, 0.05298700928688049, 0.009113247506320477]
joint_pos=[5.507999897003174, -4.932000160217285, -0.0, 0.0, 0.0, 0.0] imu_ang_vel=[0.0, 0.0, 0.08841964602470398] imu_quat_wxyz=[0.9983159303665161, -0.02178308740258217, 0.05298700928688049, 0.009113247506320477]
joint_pos=[5.4720001220703125, -4.932000160217285, -0.0, 0.0, 0.0, 0.0] imu_ang_vel=[0.03302420675754547, 0.09907261282205582, 0.06604841351509094] imu_quat_wxyz=[0.9981932640075684, -0.023782046511769295, 0.053451262414455414, 0.01369277760386467]
joint_pos=[5.4720001220703125, -4.932000160217285, -0.0, 0.0, 0.0, 0.0] imu_ang_vel=[0.03302420675754547, 0.09907261282205582, 0.06604841351509094] imu_quat_wxyz=[0.9981932640075684, -0.023782046511769295, 0.053451262414455414, 0.01369277760386467]
joint_pos=[5.4720001220703125, -4.932000160217285, -0.0, 0.0, 0.0, 0.0] imu_ang_vel=[0.0, 0.09907261282205582, 0.14488038420677185] imu_quat_wxyz=[0.9980115294456482, -0.0255880206823349, 0.05418379232287407, 0.019552599638700485]
joint_pos=[5.436000347137451, -4.932000160217285, -0.0, 0.0, 0.0, 0.0] imu_ang_vel=[0.0, 0.09907261282205582, 0.14488038420677185] imu_quat_wxyz=[0.9980115294456482, -0.0255880206823349, 0.05418379232287407, 0.019552599638700485]
joint_pos=[5.436000347137451, -4.932000160217285, -0.0, 0.0, 0.0, 0.0] imu_ang_vel=[-0.042611878365278244, 0.0703095942735672, 0.15340276062488556] imu_quat_wxyz=[0.9978336691856384, -0.02683924324810505, 0.05496066436171532, 0.02422391250729561]
joint_pos=[5.436000347137451, -4.932000160217285, -0.0, 0.0, 0.0, 0.0] imu_ang_vel=[-0.042611878365278244, 0.0703095942735672, 0.15340276062488556] imu_quat_wxyz=[0.9978336691856384, -0.02683924324810505, 0.05496066436171532, 0.02422391250729561]
joint_pos=[5.363999843597412, -4.932000160217285, -0.0, 0.0, 0.0, 0.0] imu_ang_vel=[-0.05646073818206787, 0.09161553531885147, 0.0937461331486702] imu_quat_wxyz=[0.9975448250770569, -0.028997916728258133, 0.056305959820747375, 0.02988404966890812]
joint_pos=[5.363999843597412, -4.932000160217285, -0.0, 0.0, 0.0, 0.0] imu_ang_vel=[-0.05646073818206787, 0.09161553531885147, 0.0937461331486702] imu_quat_wxyz=[0.9975448250770569, -0.028997916728258133, 0.056305959820747375, 0.02988404966890812]
joint_pos=[5.363999843597412, -4.932000160217285, -0.0, 0.0, 0.0, 0.0] imu_ang_vel=[-0.06817900389432907, 0.10013791173696518, 0.17896988987922668] imu_quat_wxyz=[0.9972441792488098, -0.0318409763276577, 0.0564398430287838, 0.03612056374549866]
joint_pos=[5.328000068664551, -4.932000160217285, -0.0, 0.0, 0.0, 0.0] imu_ang_vel=[-0.06817900389432907, 0.10013791173696518, 0.17896988987922668] imu_quat_wxyz=[0.9972441792488098, -0.0318409763276577, 0.0564398430287838, 0.03612056374549866]
joint_pos=[5.328000068664551, -4.932000160217285, -0.0, 0.0, 0.0, 0.0] imu_ang_vel=[-0.2226470559835434, -0.11824796348810196, 0.1693822145462036] imu_quat_wxyz=[0.9969609975814819, -0.03532988578081131, 0.05517290160059929, 0.04214934632182121]
joint_pos=[5.328000068664551, -4.932000160217285, -0.0, 0.0, 0.0, 0.0] imu_ang_vel=[-0.2226470559835434, -0.11824796348810196, 0.1693822145462036] imu_quat_wxyz=[0.9969609975814819, -0.03532988578081131, 0.05517290160059929, 0.04214934632182121]
joint_pos=[5.2920002937316895, -4.932000160217285, -0.0, 0.0, 0.0, 0.0] imu_ang_vel=[-0.12144385278224945, 0.054330144077539444, 0.1960146427154541] imu_quat_wxyz=[0.9965914487838745, -0.03727549687027931, 0.056032780557870865, 0.047710295766592026]
joint_pos=[5.2920002937316895, -4.932000160217285, -0.0, 0.0, 0.0, 0.0] imu_ang_vel=[-0.12144385278224945, 0.054330144077539444, 0.1960146427154541] imu_quat_wxyz=[0.9965914487838745, -0.03727549687027931, 0.056032780557870865, 0.047710295766592026]
joint_pos=[5.2920002937316895, -4.932000160217285, -0.0, 0.0, 0.0, 0.0] imu_ang_vel=[-0.12037855386734009, 0.06604841351509094, 0.19814522564411163] imu_quat_wxyz=[0.9962424635887146, -0.04004901275038719, 0.05522853881120682, 0.053355682641267776]
joint_pos=[5.21999979019165, -4.932000160217285, -0.0, 0.0, 0.0, 0.0] imu_ang_vel=[-0.12037855386734009, 0.06604841351509094, 0.19814522564411163] imu_quat_wxyz=[0.9962424635887146, -0.04004901275038719, 0.05522853881120682, 0.053355682641267776]
joint_pos=[5.21999979019165, -4.932000160217285, -0.0, 0.0, 0.0, 0.0] imu_ang_vel=[-0.199210524559021, -0.05646073818206787, 0.1960146427154541] imu_quat_wxyz=[0.9958664774894714, -0.042881693691015244, 0.05407271161675453, 0.05905186012387276]
joint_pos=[5.21999979019165, -4.932000160217285, -0.0, 0.0, 0.0, 0.0] imu_ang_vel=[-0.199210524559021, -0.05646073818206787, 0.1960146427154541] imu_quat_wxyz=[0.9958664774894714, -0.042881693691015244, 0.05407271161675453, 0.05905186012387276]
joint_pos=[5.184000015258789, -4.932000160217285, -0.0, 0.0, 0.0, 0.0] imu_ang_vel=[-0.13316211104393005, 0.03195890784263611, 0.22158175706863403] imu_quat_wxyz=[0.9954447150230408, -0.04483175277709961, 0.05432230979204178, 0.06425701081752777]
joint_pos=[5.184000015258789, -4.932000160217285, -0.0, 0.0, 0.0, 0.0] imu_ang_vel=[-0.13316211104393005, 0.03195890784263611, 0.22158175706863403] imu_quat_wxyz=[0.9954447150230408, -0.04483175277709961, 0.05432230979204178, 0.06425701081752777]
joint_pos=[5.184000015258789, -4.932000160217285, -0.0, 0.0, 0.0, 0.0] imu_ang_vel=[-0.11185617744922638, 0.05326484516263008, 0.21838587522506714] imu_quat_wxyz=[0.9950852990150452, -0.04702504351735115, 0.05286074057221413, 0.06927920132875443]
joint_pos=[5.1479997634887695, -4.932000160217285, -0.0, 0.0, 0.0, 0.0] imu_ang_vel=[-0.11185617744922638, 0.05326484516263008, 0.21838587522506714] imu_quat_wxyz=[0.9950852990150452, -0.04702504351735115, 0.05286074057221413, 0.06927920132875443]
joint_pos=[5.1479997634887695, -4.932000160217285, -0.0, 0.0, 0.0, 0.0] imu_ang_vel=[-0.20134112238883972, -0.10439909994602203, 0.21838587522506714] imu_quat_wxyz=[0.9947138428688049, -0.04901207983493805, 0.05116637051105499, 0.07432448118925095]
joint_pos=[5.1479997634887695, -4.932000160217285, -0.0, 0.0, 0.0, 0.0] imu_ang_vel=[-0.20134112238883972, -0.10439909994602203, 0.21838587522506714] imu_quat_wxyz=[0.9947138428688049, -0.04901207983493805, 0.05116637051105499, 0.07432448118925095]
joint_pos=[5.039999961853027, -4.932000160217285, -0.0, 0.0, 0.0, 0.0] imu_ang_vel=[-0.11079087853431702, 0.0, 0.25354066491127014] imu_quat_wxyz=[0.9942595362663269, -0.04977213218808174, 0.051527392119169235, 0.07947087287902832]
joint_pos=[5.039999961853027, -4.932000160217285, -0.0, 0.0, 0.0, 0.0] imu_ang_vel=[-0.11079087853431702, 0.0, 0.25354066491127014] imu_quat_wxyz=[0.9942595362663269, -0.04977213218808174, 0.051527392119169235, 0.07947087287902832]
joint_pos=[5.039999961853027, -4.932000160217285, -0.0, 0.0, 0.0, 0.0] imu_ang_vel=[-0.07563608139753342, 0.03195890784263611, 0.2311694324016571] imu_quat_wxyz=[0.9938446879386902, -0.05143198370933533, 0.04919146001338959, 0.08489762991666794]
joint_pos=[5.003999710083008, -4.932000160217285, -0.0, 0.0, 0.0, 0.0] imu_ang_vel=[-0.07563608139753342, 0.03195890784263611, 0.2311694324016571] imu_quat_wxyz=[0.9938446879386902, -0.05143198370933533, 0.04919146001338959, 0.08489762991666794]
joint_pos=[5.003999710083008, -4.932000160217285, -0.0, 0.0, 0.0, 0.0] imu_ang_vel=[-0.15872924029827118, -0.14488038420677185, 0.2141246795654297] imu_quat_wxyz=[0.9934337139129639, -0.0529957041144371, 0.04648149386048317, 0.0901133343577385]
joint_pos=[5.003999710083008, -4.932000160217285, -0.0, 0.0, 0.0, 0.0] imu_ang_vel=[-0.15872924029827118, -0.14488038420677185, 0.2141246795654297] imu_quat_wxyz=[0.9934337139129639, -0.0529957041144371, 0.04648149386048317, 0.0901133343577385]
joint_pos=[4.895999908447266, -4.932000160217285, -0.0, 0.0, 0.0, 0.0] imu_ang_vel=[-0.09800732135772705, -0.08628904819488525, 0.2375612109899521] imu_quat_wxyz=[0.9930185079574585, -0.05311175808310509, 0.04574502259492874, 0.09487168490886688]
joint_pos=[4.932000160217285, -4.932000160217285, -0.0, 0.0, 0.0, 0.0] imu_ang_vel=[-0.09800732135772705, -0.08628904819488525, 0.2375612109899521] imu_quat_wxyz=[0.9930185079574585, -0.05311175808310509, 0.04574502259492874, 0.09487168490886688]
joint_pos=[4.932000160217285, -4.932000160217285, -0.0, 0.0, 0.0, 0.0] imu_ang_vel=[-0.05326484516263008, -0.051134251058101654, 0.22690825164318085] imu_quat_wxyz=[0.9926519989967346, -0.05347054824233055, 0.04367370530962944, 0.09937487542629242]
joint_pos=[4.860000133514404, -4.932000160217285, -0.0, 0.0, 0.0, 0.0] imu_ang_vel=[-0.05326484516263008, -0.051134251058101654, 0.22690825164318085] imu_quat_wxyz=[0.9926519989967346, -0.05347054824233055, 0.04367370530962944, 0.09937487542629242]
joint_pos=[4.860000133514404, -4.932000160217285, -0.0, 0.0, 0.0, 0.0] imu_ang_vel=[-0.10120321065187454, -0.17151281237602234, 0.20666760206222534] imu_quat_wxyz=[0.9922826886177063, -0.05405528470873833, 0.04066336899995804, 0.10392091423273087]
joint_pos=[4.895999908447266, -4.932000160217285, -0.0, 0.0, 0.0, 0.0] imu_ang_vel=[-0.10120321065187454, -0.17151281237602234, 0.20666760206222534] imu_quat_wxyz=[0.9922826886177063, -0.05405528470873833, 0.04066336899995804, 0.10392091423273087]
joint_pos=[4.788000106811523, -4.932000160217285, -0.0, 0.0, 0.0, 0.0] imu_ang_vel=[0.027697719633579254, -0.01811004802584648, 0.2428877055644989] imu_quat_wxyz=[0.9918402433395386, -0.05293450504541397, 0.040859565138816833, 0.10854168236255646]
joint_pos=[4.788000106811523, -4.932000160217285, -0.0, 0.0, 0.0, 0.0] imu_ang_vel=[0.027697719633579254, -0.01811004802584648, 0.2428877055644989] imu_quat_wxyz=[0.9918402433395386, -0.05293450504541397, 0.040859565138816833, 0.10854168236255646]
joint_pos=[4.823999881744385, -4.932000160217285, -0.0, 0.0, 0.0, 0.0] imu_ang_vel=[0.030893610790371895, -0.04474247246980667, 0.20986349880695343] imu_quat_wxyz=[0.9914756417274475, -0.052615053951740265, 0.0383252389729023, 0.1128661185503006]
joint_pos=[4.751999855041504, -4.932000160217285, -0.0, 0.0, 0.0, 0.0] imu_ang_vel=[0.030893610790371895, -0.04474247246980667, 0.20986349880695343] imu_quat_wxyz=[0.9914756417274475, -0.052615053951740265, 0.0383252389729023, 0.1128661185503006]
joint_pos=[4.751999855041504, -4.932000160217285, -0.0, 0.0, 0.0, 0.0] imu_ang_vel=[-0.03622009605169296, -0.18323107063770294, 0.1906881481409073] imu_quat_wxyz=[0.9910908937454224, -0.05236344039440155, 0.03576650843024254, 0.11712206155061722]
joint_pos=[4.751999855041504, -4.932000160217285, -0.0, 0.0, 0.0, 0.0] imu_ang_vel=[-0.03622009605169296, -0.18323107063770294, 0.1906881481409073] imu_quat_wxyz=[0.9910908937454224, -0.05236344039440155, 0.03576650843024254, 0.11712206155061722]
joint_pos=[4.716000080108643, -4.932000160217285, -0.0, 0.0, 0.0, 0.0] imu_ang_vel=[0.045807767659425735, -0.0937461331486702, 0.21305938065052032] imu_quat_wxyz=[0.9906322956085205, -0.05104222148656845, 0.03532407432794571, 0.12163256108760834]
joint_pos=[4.716000080108643, -4.932000160217285, -0.0, 0.0, 0.0, 0.0] imu_ang_vel=[0.045807767659425735, -0.0937461331486702, 0.21305938065052032] imu_quat_wxyz=[0.9906322956085205, -0.05104222148656845, 0.03532407432794571, 0.12163256108760834]
joint_pos=[4.716000080108643, -4.932000160217285, -0.0, 0.0, 0.0, 0.0] imu_ang_vel=[0.05326484516263008, -0.10013791173696518, 0.192818745970726] imu_quat_wxyz=[0.9901813268661499, -0.050006479024887085, 0.03376666456460953, 0.12609517574310303]
joint_pos=[4.680000305175781, -4.932000160217285, -0.0, 0.0, 0.0, 0.0] imu_ang_vel=[0.05326484516263008, -0.10013791173696518, 0.192818745970726] imu_quat_wxyz=[0.9901813268661499, -0.050006479024887085, 0.03376666456460953, 0.12609517574310303]
joint_pos=[4.680000305175781, -4.932000160217285, -0.0, 0.0, 0.0, 0.0] imu_ang_vel=[0.025567125529050827, -0.164055734872818, 0.17896988987922668] imu_quat_wxyz=[0.9897042512893677, -0.049144446849823, 0.03223496302962303, 0.1305035650730133]
joint_pos=[4.680000305175781, -4.932000160217285, -0.0, 0.0, 0.0, 0.0] imu_ang_vel=[0.025567125529050827, -0.164055734872818, 0.17896988987922668] imu_quat_wxyz=[0.9897042512893677, -0.049144446849823, 0.03223496302962303, 0.1305035650730133]
joint_pos=[4.644000053405762, -4.932000160217285, -0.0, 0.0, 0.0, 0.0] imu_ang_vel=[0.07457078248262405, -0.10439909994602203, 0.17683929204940796] imu_quat_wxyz=[0.9892263412475586, -0.04813570901751518, 0.031489718705415726, 0.13461986184120178]
joint_pos=[4.644000053405762, -4.932000160217285, -0.0, 0.0, 0.0, 0.0] imu_ang_vel=[0.07457078248262405, -0.10439909994602203, 0.17683929204940796] imu_quat_wxyz=[0.9892263412475586, -0.04813570901751518, 0.031489718705415726, 0.13461986184120178]
joint_pos=[4.644000053405762, -4.932000160217285, -0.0, 0.0, 0.0, 0.0] imu_ang_vel=[0.06498311460018158, -0.1257050335407257, 0.15766394138336182] imu_quat_wxyz=[0.9887937903404236, -0.04682615026831627, 0.030828820541501045, 0.13836044073104858]
joint_pos=[4.607999801635742, -4.932000160217285, -0.0, 0.0, 0.0, 0.0] imu_ang_vel=[0.06498311460018158, -0.1257050335407257, 0.15766394138336182] imu_quat_wxyz=[0.9887937903404236, -0.04682615026831627, 0.030828820541501045, 0.13836044073104858]
joint_pos=[4.607999801635742, -4.932000160217285, -0.0, 0.0, 0.0, 0.0] imu_ang_vel=[0.06391781568527222, -0.12250914424657822, 0.15127216279506683] imu_quat_wxyz=[0.9883623123168945, -0.045730527490377426, 0.030224934220314026, 0.14189796149730682]
joint_pos=[4.607999801635742, -4.932000160217285, -0.0, 0.0, 0.0, 0.0] imu_ang_vel=[0.06391781568527222, -0.12250914424657822, 0.15127216279506683] imu_quat_wxyz=[0.9883623123168945, -0.045730527490377426, 0.030224934220314026, 0.14189796149730682]
joint_pos=[4.572000026702881, -4.932000160217285, -0.0, 0.0, 0.0, 0.0] imu_ang_vel=[0.14701098203659058, 0.011718266643583775, 0.17364339530467987] imu_quat_wxyz=[0.9878688454627991, -0.04410245642066002, 0.03171536698937416, 0.14547914266586304]
joint_pos=[4.572000026702881, -4.932000160217285, -0.0, 0.0, 0.0, 0.0] imu_ang_vel=[0.14701098203659058, 0.011718266643583775, 0.17364339530467987] imu_quat_wxyz=[0.9878688454627991, -0.04410245642066002, 0.03171536698937416, 0.14547914266586304]
joint_pos=[4.572000026702881, -4.932000160217285, -0.0, 0.0, 0.0, 0.0] imu_ang_vel=[0.09481142461299896, -0.045807767659425735, 0.1459456831216812] imu_quat_wxyz=[0.987306535243988, -0.04340142011642456, 0.03140275925397873, 0.1495189070701599]
joint_pos=[4.535999774932861, -4.932000160217285, -0.0, 0.0, 0.0, 0.0] imu_ang_vel=[0.09481142461299896, -0.045807767659425735, 0.1459456831216812] imu_quat_wxyz=[0.987306535243988, -0.04340142011642456, 0.03140275925397873, 0.1495189070701599]
joint_pos=[4.5, -4.932000160217285, -0.0, 0.0, 0.0, 0.0] imu_ang_vel=[0.09055023640394211, -0.045807767659425735, 0.12463974207639694] imu_quat_wxyz=[0.986809253692627, -0.042980875819921494, 0.03163148835301399, 0.15283842384815216]
joint_pos=[4.5, -4.932000160217285, -0.0, 0.0, 0.0, 0.0] imu_ang_vel=[0.09055023640394211, -0.045807767659425735, 0.12463974207639694] imu_quat_wxyz=[0.986809253692627, -0.042980875819921494, 0.03163148835301399, 0.15283842384815216]
joint_pos=[4.464000225067139, -4.932000160217285, -0.0, 0.0, 0.0, 0.0] imu_ang_vel=[0.10333380103111267, 0.0, 0.12250914424657822] imu_quat_wxyz=[0.9861392974853516, -0.04204742610454559, 0.0327078141272068, 0.1571350395679474]
joint_pos=[4.464000225067139, -4.932000160217285, -0.0, 0.0, 0.0, 0.0] imu_ang_vel=[0.10333380103111267, 0.0, 0.12250914424657822] imu_quat_wxyz=[0.9861392974853516, -0.04204742610454559, 0.0327078141272068, 0.1571350395679474]
joint_pos=[4.464000225067139, -4.932000160217285, -0.0, 0.0, 0.0, 0.0] imu_ang_vel=[0.08415845781564713, 0.0, 0.10866028815507889] imu_quat_wxyz=[0.9855307340621948, -0.041568197309970856, 0.03325667232275009, 0.16091974079608917]
joint_pos=[4.427999973297119, -4.932000160217285, -0.0, 0.0, 0.0, 0.0] imu_ang_vel=[0.08415845781564713, 0.0, 0.10866028815507889] imu_quat_wxyz=[0.9855307340621948, -0.041568197309970856, 0.03325667232275009, 0.16091974079608917]
joint_pos=[4.427999973297119, -4.932000160217285, -0.0, 0.0, 0.0, 0.0] imu_ang_vel=[0.02982831373810768, -0.03835069015622139, 0.08948494493961334] imu_quat_wxyz=[0.9849276542663574, -0.04159246012568474, 0.033320292830467224, 0.16455192863941193]
joint_pos=[4.427999973297119, -4.932000160217285, -0.0, 0.0, 0.0, 0.0] imu_ang_vel=[0.02982831373810768, -0.03835069015622139, 0.08948494493961334] imu_quat_wxyz=[0.9849276542663574, -0.04159246012568474, 0.033320292830467224, 0.16455192863941193]
joint_pos=[4.355999946594238, -4.932000160217285, -0.0, 0.0, 0.0, 0.0] imu_ang_vel=[0.09587672352790833, 0.09587672352790833, 0.10439909994602203] imu_quat_wxyz=[0.98417067527771, -0.0413316935300827, 0.035277098417282104, 0.16868700087070465]
joint_pos=[4.355999946594238, -4.932000160217285, -0.0, 0.0, 0.0, 0.0] imu_ang_vel=[0.09587672352790833, 0.09587672352790833, 0.10439909994602203] imu_quat_wxyz=[0.98417067527771, -0.0413316935300827, 0.035277098417282104, 0.16868700087070465]
joint_pos=[4.355999946594238, -4.932000160217285, -0.0, 0.0, 0.0, 0.0] imu_ang_vel=[0.08522375673055649, 0.11931325495243073, 0.06924430280923843] imu_quat_wxyz=[0.983407735824585, -0.04190174117684364, 0.0357072614133358, 0.17285363376140594]
joint_pos=[4.320000171661377, -4.932000160217285, -0.0, 0.0, 0.0, 0.0] imu_ang_vel=[0.08522375673055649, 0.11931325495243073, 0.06924430280923843] imu_quat_wxyz=[0.983407735824585, -0.04190174117684364, 0.0357072614133358, 0.17285363376140594]
joint_pos=[4.320000171661377, -4.932000160217285, -0.0, 0.0, 0.0, 0.0] imu_ang_vel=[0.017044750973582268, 0.04793836176395416, 0.024501830339431763] imu_quat_wxyz=[0.9826503992080688, -0.042798981070518494, 0.036002203822135925, 0.17683379352092743]
joint_pos=[4.320000171661377, -4.932000160217285, -0.0, 0.0, 0.0, 0.0] imu_ang_vel=[0.017044750973582268, 0.04793836176395416, 0.024501830339431763] imu_quat_wxyz=[0.9826503992080688, -0.042798981070518494, 0.036002203822135925, 0.17683379352092743]
